carrier_id,dimensions,factor_label,factor_index,original_dimension,scalar_rep,factor_state,residual_dimension,massless_generator_count,transition_vector_count,interference_projection,delta_pair_count,delta_witness_count
carrier_08130,2|3,factor0,0,2,singlet,untouched,2,3,0,"[""nontrivial_confining_charge"", ""trivial""]",0,0
carrier_08130,2|3,factor1,1,3,antifund,active_broken_to_residual,2,3,4,"[""trivial"", ""nontrivial_confining_charge""]",12,4
carrier_08147,2|3,factor0,0,2,singlet,untouched,2,3,0,"[""nontrivial_confining_charge"", ""trivial""]",0,0
carrier_08147,2|3,factor1,1,3,antifund,active_broken_to_residual,2,3,4,"[""trivial"", ""nontrivial_confining_charge""]",12,4
carrier_08157,2|3,factor0,0,2,singlet,untouched,2,3,0,"[""nontrivial_confining_charge"", ""trivial""]",0,0
carrier_08157,2|3,factor1,1,3,antifund,active_broken_to_residual,2,3,4,"[""trivial"", ""nontrivial_confining_charge""]",12,4
carrier_08158,2|3,factor0,0,2,singlet,untouched,2,3,0,"[""nontrivial_confining_charge"", ""trivial""]",0,0
carrier_08158,2|3,factor1,1,3,antifund,active_broken_to_residual,2,3,4,"[""trivial"", ""nontrivial_confining_charge""]",12,4
carrier_08159,2|3,factor0,0,2,singlet,untouched,2,3,0,"[""nontrivial_confining_charge"", ""trivial""]",0,0
carrier_08159,2|3,factor1,1,3,antifund,active_broken_to_residual,2,3,4,"[""trivial"", ""nontrivial_confining_charge""]",12,4
carrier_08160,2|3,factor0,0,2,singlet,untouched,2,3,0,"[""nontrivial_confining_charge"", ""trivial""]",0,0
carrier_08160,2|3,factor1,1,3,antifund,active_broken_to_residual,2,3,4,"[""trivial"", ""nontrivial_confining_charge""]",12,4
carrier_08161,2|3,factor0,0,2,singlet,untouched,2,3,0,"[""nontrivial_confining_charge"", ""trivial""]",0,0
carrier_08161,2|3,factor1,1,3,antifund,active_broken_to_residual,2,3,4,"[""trivial"", ""nontrivial_confining_charge""]",12,4
carrier_08162,2|3,factor0,0,2,singlet,untouched,2,3,0,"[""nontrivial_confining_charge"", ""trivial""]",0,0
carrier_08162,2|3,factor1,1,3,antifund,active_broken_to_residual,2,3,4,"[""trivial"", ""nontrivial_confining_charge""]",12,4
carrier_08163,2|3,factor0,0,2,singlet,untouched,2,3,0,"[""nontrivial_confining_charge"", ""trivial""]",0,0
carrier_08163,2|3,factor1,1,3,antifund,active_broken_to_residual,2,3,4,"[""trivial"", ""nontrivial_confining_charge""]",12,4
carrier_08164,2|3,factor0,0,2,singlet,untouched,2,3,0,"[""nontrivial_confining_charge"", ""trivial""]",0,0
carrier_08164,2|3,factor1,1,3,antifund,active_broken_to_residual,2,3,4,"[""trivial"", ""nontrivial_confining_charge""]",12,4
carrier_08165,2|3,factor0,0,2,singlet,untouched,2,3,0,"[""nontrivial_confining_charge"", ""trivial""]",0,0
carrier_08165,2|3,factor1,1,3,antifund,active_broken_to_residual,2,3,4,"[""trivial"", ""nontrivial_confining_charge""]",12,4
carrier_08166,2|3,factor0,0,2,singlet,untouched,2,3,0,"[""nontrivial_confining_charge"", ""trivial""]",0,0
carrier_08166,2|3,factor1,1,3,antifund,active_broken_to_residual,2,3,4,"[""trivial"", ""nontrivial_confining_charge""]",12,4
carrier_08167,2|3,factor0,0,2,singlet,untouched,2,3,0,"[""nontrivial_confining_charge"", ""trivial""]",0,0
carrier_08167,2|3,factor1,1,3,antifund,active_broken_to_residual,2,3,4,"[""trivial"", ""nontrivial_confining_charge""]",12,4
carrier_08168,2|3,factor0,0,2,singlet,untouched,2,3,0,"[""nontrivial_confining_charge"", ""trivial""]",0,0
carrier_08168,2|3,factor1,1,3,antifund,active_broken_to_residual,2,3,4,"[""trivial"", ""nontrivial_confining_charge""]",12,4
carrier_08169,2|3,factor0,0,2,singlet,untouched,2,3,0,"[""nontrivial_confining_charge"", ""trivial""]",0,0
carrier_08169,2|3,factor1,1,3,antifund,active_broken_to_residual,2,3,4,"[""trivial"", ""nontrivial_confining_charge""]",12,4
carrier_08170,2|3,factor0,0,2,singlet,untouched,2,3,0,"[""nontrivial_confining_charge"", ""trivial""]",0,0
carrier_08170,2|3,factor1,1,3,antifund,active_broken_to_residual,2,3,4,"[""trivial"", ""nontrivial_confining_charge""]",12,4
carrier_08171,2|3,factor0,0,2,singlet,untouched,2,3,0,"[""nontrivial_confining_charge"", ""trivial""]",0,0
carrier_08171,2|3,factor1,1,3,antifund,active_broken_to_residual,2,3,4,"[""trivial"", ""nontrivial_confining_charge""]",12,4
carrier_08172,2|3,factor0,0,2,singlet,untouched,2,3,0,"[""nontrivial_confining_charge"", ""trivial""]",0,0
carrier_08172,2|3,factor1,1,3,antifund,active_broken_to_residual,2,3,4,"[""trivial"", ""nontrivial_confining_charge""]",12,4
carrier_08173,2|3,factor0,0,2,singlet,untouched,2,3,0,"[""nontrivial_confining_charge"", ""trivial""]",0,0
carrier_08173,2|3,factor1,1,3,antifund,active_broken_to_residual,2,3,4,"[""trivial"", ""nontrivial_confining_charge""]",12,4
carrier_08174,2|3,factor0,0,2,singlet,untouched,2,3,0,"[""nontrivial_confining_charge"", ""trivial""]",0,0
carrier_08174,2|3,factor1,1,3,antifund,active_broken_to_residual,2,3,4,"[""trivial"", ""nontrivial_confining_charge""]",12,4
carrier_08175,2|3,factor0,0,2,singlet,untouched,2,3,0,"[""nontrivial_confining_charge"", ""trivial""]",0,0
carrier_08175,2|3,factor1,1,3,antifund,active_broken_to_residual,2,3,4,"[""trivial"", ""nontrivial_confining_charge""]",12,4
carrier_08176,2|3,factor0,0,2,singlet,untouched,2,3,0,"[""nontrivial_confining_charge"", ""trivial""]",0,0
carrier_08176,2|3,factor1,1,3,antifund,active_broken_to_residual,2,3,4,"[""trivial"", ""nontrivial_confining_charge""]",12,4
carrier_08177,2|3,factor0,0,2,singlet,untouched,2,3,0,"[""nontrivial_confining_charge"", ""trivial""]",0,0
carrier_08177,2|3,factor1,1,3,antifund,active_broken_to_residual,2,3,4,"[""trivial"", ""nontrivial_confining_charge""]",12,4
carrier_08183,2|3,factor0,0,2,singlet,untouched,2,3,0,"[""nontrivial_confining_charge"", ""trivial""]",0,0
carrier_08183,2|3,factor1,1,3,singlet,untouched,3,8,0,"[""trivial"", ""nontrivial_confining_charge""]",0,0
carrier_08184,2|3,factor0,0,2,singlet,untouched,2,3,0,"[""nontrivial_confining_charge"", ""trivial""]",0,0
carrier_08184,2|3,factor1,1,3,singlet,untouched,3,8,0,"[""trivial"", ""nontrivial_confining_charge""]",0,0
carrier_08185,2|3,factor0,0,2,singlet,untouched,2,3,0,"[""nontrivial_confining_charge"", ""trivial""]",0,0
carrier_08185,2|3,factor1,1,3,singlet,untouched,3,8,0,"[""trivial"", ""nontrivial_confining_charge""]",0,0
carrier_08186,2|3,factor0,0,2,singlet,untouched,2,3,0,"[""nontrivial_confining_charge"", ""trivial""]",0,0
carrier_08186,2|3,factor1,1,3,antifund,active_broken_to_residual,2,3,4,"[""trivial"", ""nontrivial_confining_charge""]",12,4
carrier_08187,2|3,factor0,0,2,singlet,untouched,2,3,0,"[""nontrivial_confining_charge"", ""trivial""]",0,0
carrier_08187,2|3,factor1,1,3,antifund,active_broken_to_residual,2,3,4,"[""trivial"", ""nontrivial_confining_charge""]",12,4
carrier_08188,2|3,factor0,0,2,singlet,untouched,2,3,0,"[""nontrivial_confining_charge"", ""trivial""]",0,0
carrier_08188,2|3,factor1,1,3,antifund,active_broken_to_residual,2,3,4,"[""trivial"", ""nontrivial_confining_charge""]",12,4
carrier_08189,2|3,factor0,0,2,singlet,untouched,2,3,0,"[""nontrivial_confining_charge"", ""trivial""]",0,0
carrier_08189,2|3,factor1,1,3,antifund,active_broken_to_residual,2,3,4,"[""trivial"", ""nontrivial_confining_charge""]",12,4
carrier_08190,2|3,factor0,0,2,singlet,untouched,2,3,0,"[""nontrivial_confining_charge"", ""trivial""]",0,0
carrier_08190,2|3,factor1,1,3,antifund,active_broken_to_residual,2,3,4,"[""trivial"", ""nontrivial_confining_charge""]",12,4
carrier_08191,2|3,factor0,0,2,singlet,untouched,2,3,0,"[""nontrivial_confining_charge"", ""trivial""]",0,0
carrier_08191,2|3,factor1,1,3,singlet,untouched,3,8,0,"[""trivial"", ""nontrivial_confining_charge""]",0,0
carrier_08192,2|3,factor0,0,2,singlet,untouched,2,3,0,"[""nontrivial_confining_charge"", ""trivial""]",0,0
carrier_08192,2|3,factor1,1,3,singlet,untouched,3,8,0,"[""trivial"", ""nontrivial_confining_charge""]",0,0
carrier_08193,2|3,factor0,0,2,singlet,untouched,2,3,0,"[""nontrivial_confining_charge"", ""trivial""]",0,0
carrier_08193,2|3,factor1,1,3,singlet,untouched,3,8,0,"[""trivial"", ""nontrivial_confining_charge""]",0,0
carrier_08194,2|3,factor0,0,2,singlet,untouched,2,3,0,"[""nontrivial_confining_charge"", ""trivial""]",0,0
carrier_08194,2|3,factor1,1,3,singlet,untouched,3,8,0,"[""trivial"", ""nontrivial_confining_charge""]",0,0
carrier_08195,2|3,factor0,0,2,singlet,untouched,2,3,0,"[""nontrivial_confining_charge"", ""trivial""]",0,0
carrier_08195,2|3,factor1,1,3,antifund,active_broken_to_residual,2,3,4,"[""trivial"", ""nontrivial_confining_charge""]",12,4
carrier_08196,2|3,factor0,0,2,singlet,untouched,2,3,0,"[""nontrivial_confining_charge"", ""trivial""]",0,0
carrier_08196,2|3,factor1,1,3,antifund,active_broken_to_residual,2,3,4,"[""trivial"", ""nontrivial_confining_charge""]",12,4
carrier_08197,2|3,factor0,0,2,singlet,untouched,2,3,0,"[""nontrivial_confining_charge"", ""trivial""]",0,0
carrier_08197,2|3,factor1,1,3,antifund,active_broken_to_residual,2,3,4,"[""trivial"", ""nontrivial_confining_charge""]",12,4
carrier_08198,2|3,factor0,0,2,singlet,untouched,2,3,0,"[""nontrivial_confining_charge"", ""trivial""]",0,0
carrier_08198,2|3,factor1,1,3,antifund,active_broken_to_residual,2,3,4,"[""trivial"", ""nontrivial_confining_charge""]",12,4
carrier_08199,2|3,factor0,0,2,singlet,untouched,2,3,0,"[""nontrivial_confining_charge"", ""trivial""]",0,0
carrier_08199,2|3,factor1,1,3,singlet,untouched,3,8,0,"[""trivial"", ""nontrivial_confining_charge""]",0,0
carrier_08200,2|3,factor0,0,2,singlet,untouched,2,3,0,"[""nontrivial_confining_charge"", ""trivial""]",0,0
carrier_08200,2|3,factor1,1,3,singlet,untouched,3,8,0,"[""trivial"", ""nontrivial_confining_charge""]",0,0
carrier_08201,2|3,factor0,0,2,singlet,untouched,2,3,0,"[""nontrivial_confining_charge"", ""trivial""]",0,0
carrier_08201,2|3,factor1,1,3,singlet,untouched,3,8,0,"[""trivial"", ""nontrivial_confining_charge""]",0,0
carrier_08202,2|3,factor0,0,2,singlet,untouched,2,3,0,"[""nontrivial_confining_charge"", ""trivial""]",0,0
carrier_08202,2|3,factor1,1,3,singlet,untouched,3,8,0,"[""trivial"", ""nontrivial_confining_charge""]",0,0
carrier_08203,2|3,factor0,0,2,singlet,untouched,2,3,0,"[""nontrivial_confining_charge"", ""trivial""]",0,0
carrier_08203,2|3,factor1,1,3,antifund,active_broken_to_residual,2,3,4,"[""trivial"", ""nontrivial_confining_charge""]",12,4
carrier_08204,2|3,factor0,0,2,singlet,untouched,2,3,0,"[""nontrivial_confining_charge"", ""trivial""]",0,0
carrier_08204,2|3,factor1,1,3,antifund,active_broken_to_residual,2,3,4,"[""trivial"", ""nontrivial_confining_charge""]",12,4
carrier_08205,2|3,factor0,0,2,singlet,untouched,2,3,0,"[""nontrivial_confining_charge"", ""trivial""]",0,0
carrier_08205,2|3,factor1,1,3,antifund,active_broken_to_residual,2,3,4,"[""trivial"", ""nontrivial_confining_charge""]",12,4
carrier_08206,2|3,factor0,0,2,singlet,untouched,2,3,0,"[""nontrivial_confining_charge"", ""trivial""]",0,0
carrier_08206,2|3,factor1,1,3,antifund,active_broken_to_residual,2,3,4,"[""trivial"", ""nontrivial_confining_charge""]",12,4
carrier_08207,2|3,factor0,0,2,singlet,untouched,2,3,0,"[""nontrivial_confining_charge"", ""trivial""]",0,0
carrier_08207,2|3,factor1,1,3,singlet,untouched,3,8,0,"[""trivial"", ""nontrivial_confining_charge""]",0,0
carrier_08208,2|3,factor0,0,2,singlet,untouched,2,3,0,"[""nontrivial_confining_charge"", ""trivial""]",0,0
carrier_08208,2|3,factor1,1,3,singlet,untouched,3,8,0,"[""trivial"", ""nontrivial_confining_charge""]",0,0
carrier_08209,2|3,factor0,0,2,singlet,untouched,2,3,0,"[""nontrivial_confining_charge"", ""trivial""]",0,0
carrier_08209,2|3,factor1,1,3,singlet,untouched,3,8,0,"[""trivial"", ""nontrivial_confining_charge""]",0,0
carrier_08210,2|3,factor0,0,2,singlet,untouched,2,3,0,"[""nontrivial_confining_charge"", ""trivial""]",0,0
carrier_08210,2|3,factor1,1,3,singlet,untouched,3,8,0,"[""trivial"", ""nontrivial_confining_charge""]",0,0
carrier_08211,2|3,factor0,0,2,singlet,untouched,2,3,0,"[""nontrivial_confining_charge"", ""trivial""]",0,0
carrier_08211,2|3,factor1,1,3,antifund,active_broken_to_residual,2,3,4,"[""trivial"", ""nontrivial_confining_charge""]",12,4
carrier_08212,2|3,factor0,0,2,singlet,untouched,2,3,0,"[""nontrivial_confining_charge"", ""trivial""]",0,0
carrier_08212,2|3,factor1,1,3,antifund,active_broken_to_residual,2,3,4,"[""trivial"", ""nontrivial_confining_charge""]",12,4
carrier_08213,2|3,factor0,0,2,singlet,untouched,2,3,0,"[""nontrivial_confining_charge"", ""trivial""]",0,0
carrier_08213,2|3,factor1,1,3,antifund,active_broken_to_residual,2,3,4,"[""trivial"", ""nontrivial_confining_charge""]",12,4
carrier_08214,2|3,factor0,0,2,singlet,untouched,2,3,0,"[""nontrivial_confining_charge"", ""trivial""]",0,0
carrier_08214,2|3,factor1,1,3,antifund,active_broken_to_residual,2,3,4,"[""trivial"", ""nontrivial_confining_charge""]",12,4
carrier_08215,2|3,factor0,0,2,singlet,untouched,2,3,0,"[""nontrivial_confining_charge"", ""trivial""]",0,0
carrier_08215,2|3,factor1,1,3,antifund,active_broken_to_residual,2,3,4,"[""trivial"", ""nontrivial_confining_charge""]",12,4
carrier_08216,2|3,factor0,0,2,singlet,untouched,2,3,0,"[""nontrivial_confining_charge"", ""trivial""]",0,0
carrier_08216,2|3,factor1,1,3,singlet,untouched,3,8,0,"[""trivial"", ""nontrivial_confining_charge""]",0,0
carrier_08217,2|3,factor0,0,2,singlet,untouched,2,3,0,"[""nontrivial_confining_charge"", ""trivial""]",0,0
carrier_08217,2|3,factor1,1,3,singlet,untouched,3,8,0,"[""trivial"", ""nontrivial_confining_charge""]",0,0
carrier_08218,2|3,factor0,0,2,singlet,untouched,2,3,0,"[""nontrivial_confining_charge"", ""trivial""]",0,0
carrier_08218,2|3,factor1,1,3,singlet,untouched,3,8,0,"[""trivial"", ""nontrivial_confining_charge""]",0,0
carrier_08219,2|3,factor0,0,2,singlet,untouched,2,3,0,"[""nontrivial_confining_charge"", ""trivial""]",0,0
carrier_08219,2|3,factor1,1,3,antifund,active_broken_to_residual,2,3,4,"[""trivial"", ""nontrivial_confining_charge""]",12,4
carrier_08220,2|3,factor0,0,2,singlet,untouched,2,3,0,"[""nontrivial_confining_charge"", ""trivial""]",0,0
carrier_08220,2|3,factor1,1,3,antifund,active_broken_to_residual,2,3,4,"[""trivial"", ""nontrivial_confining_charge""]",12,4
carrier_08221,2|3,factor0,0,2,singlet,untouched,2,3,0,"[""nontrivial_confining_charge"", ""trivial""]",0,0
carrier_08221,2|3,factor1,1,3,antifund,active_broken_to_residual,2,3,4,"[""trivial"", ""nontrivial_confining_charge""]",12,4
carrier_08222,2|3,factor0,0,2,singlet,untouched,2,3,0,"[""nontrivial_confining_charge"", ""trivial""]",0,0
carrier_08222,2|3,factor1,1,3,antifund,active_broken_to_residual,2,3,4,"[""trivial"", ""nontrivial_confining_charge""]",12,4
carrier_08223,2|3,factor0,0,2,singlet,untouched,2,3,0,"[""nontrivial_confining_charge"", ""trivial""]",0,0
carrier_08223,2|3,factor1,1,3,singlet,untouched,3,8,0,"[""trivial"", ""nontrivial_confining_charge""]",0,0
carrier_08224,2|3,factor0,0,2,singlet,untouched,2,3,0,"[""nontrivial_confining_charge"", ""trivial""]",0,0
carrier_08224,2|3,factor1,1,3,singlet,untouched,3,8,0,"[""trivial"", ""nontrivial_confining_charge""]",0,0
carrier_08225,2|3,factor0,0,2,singlet,untouched,2,3,0,"[""nontrivial_confining_charge"", ""trivial""]",0,0
carrier_08225,2|3,factor1,1,3,singlet,untouched,3,8,0,"[""trivial"", ""nontrivial_confining_charge""]",0,0
carrier_08226,2|3,factor0,0,2,singlet,untouched,2,3,0,"[""nontrivial_confining_charge"", ""trivial""]",0,0
carrier_08226,2|3,factor1,1,3,singlet,untouched,3,8,0,"[""trivial"", ""nontrivial_confining_charge""]",0,0
carrier_08227,2|3,factor0,0,2,singlet,untouched,2,3,0,"[""nontrivial_confining_charge"", ""trivial""]",0,0
carrier_08227,2|3,factor1,1,3,singlet,untouched,3,8,0,"[""trivial"", ""nontrivial_confining_charge""]",0,0
carrier_08228,2|3,factor0,0,2,singlet,untouched,2,3,0,"[""nontrivial_confining_charge"", ""trivial""]",0,0
carrier_08228,2|3,factor1,1,3,antifund,active_broken_to_residual,2,3,4,"[""trivial"", ""nontrivial_confining_charge""]",12,4
carrier_08229,2|3,factor0,0,2,singlet,untouched,2,3,0,"[""nontrivial_confining_charge"", ""trivial""]",0,0
carrier_08229,2|3,factor1,1,3,antifund,active_broken_to_residual,2,3,4,"[""trivial"", ""nontrivial_confining_charge""]",12,4
carrier_08230,2|3,factor0,0,2,singlet,untouched,2,3,0,"[""nontrivial_confining_charge"", ""trivial""]",0,0
carrier_08230,2|3,factor1,1,3,antifund,active_broken_to_residual,2,3,4,"[""trivial"", ""nontrivial_confining_charge""]",12,4
carrier_08231,2|3,factor0,0,2,singlet,untouched,2,3,0,"[""nontrivial_confining_charge"", ""trivial""]",0,0
carrier_08231,2|3,factor1,1,3,antifund,active_broken_to_residual,2,3,4,"[""trivial"", ""nontrivial_confining_charge""]",12,4
carrier_08232,2|3,factor0,0,2,singlet,untouched,2,3,0,"[""nontrivial_confining_charge"", ""trivial""]",0,0
carrier_08232,2|3,factor1,1,3,antifund,active_broken_to_residual,2,3,4,"[""trivial"", ""nontrivial_confining_charge""]",12,4
carrier_08233,2|3,factor0,0,2,singlet,untouched,2,3,0,"[""nontrivial_confining_charge"", ""trivial""]",0,0
carrier_08233,2|3,factor1,1,3,antifund,active_broken_to_residual,2,3,4,"[""trivial"", ""nontrivial_confining_charge""]",12,4
carrier_08234,2|3,factor0,0,2,singlet,untouched,2,3,0,"[""nontrivial_confining_charge"", ""trivial""]",0,0
carrier_08234,2|3,factor1,1,3,antifund,active_broken_to_residual,2,3,4,"[""trivial"", ""nontrivial_confining_charge""]",12,4
carrier_08235,2|3,factor0,0,2,singlet,untouched,2,3,0,"[""nontrivial_confining_charge"", ""trivial""]",0,0
carrier_08235,2|3,factor1,1,3,antifund,active_broken_to_residual,2,3,4,"[""trivial"", ""nontrivial_confining_charge""]",12,4
carrier_08236,2|3,factor0,0,2,singlet,untouched,2,3,0,"[""nontrivial_confining_charge"", ""trivial""]",0,0
carrier_08236,2|3,factor1,1,3,antifund,active_broken_to_residual,2,3,4,"[""trivial"", ""nontrivial_confining_charge""]",12,4
carrier_08237,2|3,factor0,0,2,singlet,untouched,2,3,0,"[""nontrivial_confining_charge"", ""trivial""]",0,0
carrier_08237,2|3,factor1,1,3,antifund,active_broken_to_residual,2,3,4,"[""trivial"", ""nontrivial_confining_charge""]",12,4
carrier_08238,2|3,factor0,0,2,singlet,untouched,2,3,0,"[""nontrivial_confining_charge"", ""trivial""]",0,0
carrier_08238,2|3,factor1,1,3,antifund,active_broken_to_residual,2,3,4,"[""trivial"", ""nontrivial_confining_charge""]",12,4
carrier_08239,2|3,factor0,0,2,singlet,untouched,2,3,0,"[""nontrivial_confining_charge"", ""trivial""]",0,0
carrier_08239,2|3,factor1,1,3,antifund,active_broken_to_residual,2,3,4,"[""trivial"", ""nontrivial_confining_charge""]",12,4
carrier_08240,2|3,factor0,0,2,singlet,untouched,2,3,0,"[""nontrivial_confining_charge"", ""trivial""]",0,0
carrier_08240,2|3,factor1,1,3,antifund,active_broken_to_residual,2,3,4,"[""trivial"", ""nontrivial_confining_charge""]",12,4
carrier_08241,2|3,factor0,0,2,singlet,untouched,2,3,0,"[""nontrivial_confining_charge"", ""trivial""]",0,0
carrier_08241,2|3,factor1,1,3,antifund,active_broken_to_residual,2,3,4,"[""trivial"", ""nontrivial_confining_charge""]",12,4
carrier_08242,2|3,factor0,0,2,singlet,untouched,2,3,0,"[""nontrivial_confining_charge"", ""trivial""]",0,0
carrier_08242,2|3,factor1,1,3,antifund,active_broken_to_residual,2,3,4,"[""trivial"", ""nontrivial_confining_charge""]",12,4
carrier_08243,2|3,factor0,0,2,singlet,untouched,2,3,0,"[""nontrivial_confining_charge"", ""trivial""]",0,0
carrier_08243,2|3,factor1,1,3,antifund,active_broken_to_residual,2,3,4,"[""trivial"", ""nontrivial_confining_charge""]",12,4
carrier_08244,2|3,factor0,0,2,singlet,untouched,2,3,0,"[""nontrivial_confining_charge"", ""trivial""]",0,0
carrier_08244,2|3,factor1,1,3,antifund,active_broken_to_residual,2,3,4,"[""trivial"", ""nontrivial_confining_charge""]",12,4
carrier_08245,2|3,factor0,0,2,singlet,untouched,2,3,0,"[""nontrivial_confining_charge"", ""trivial""]",0,0
carrier_08245,2|3,factor1,1,3,antifund,active_broken_to_residual,2,3,4,"[""trivial"", ""nontrivial_confining_charge""]",12,4
carrier_08246,2|3,factor0,0,2,singlet,untouched,2,3,0,"[""nontrivial_confining_charge"", ""trivial""]",0,0
carrier_08246,2|3,factor1,1,3,antifund,active_broken_to_residual,2,3,4,"[""trivial"", ""nontrivial_confining_charge""]",12,4
carrier_08247,2|3,factor0,0,2,singlet,untouched,2,3,0,"[""nontrivial_confining_charge"", ""trivial""]",0,0
carrier_08247,2|3,factor1,1,3,antifund,active_broken_to_residual,2,3,4,"[""trivial"", ""nontrivial_confining_charge""]",12,4
carrier_08248,2|3,factor0,0,2,singlet,untouched,2,3,0,"[""nontrivial_confining_charge"", ""trivial""]",0,0
carrier_08248,2|3,factor1,1,3,singlet,untouched,3,8,0,"[""trivial"", ""nontrivial_confining_charge""]",0,0
carrier_08249,2|3,factor0,0,2,singlet,untouched,2,3,0,"[""nontrivial_confining_charge"", ""trivial""]",0,0
carrier_08249,2|3,factor1,1,3,singlet,untouched,3,8,0,"[""trivial"", ""nontrivial_confining_charge""]",0,0
carrier_08250,2|3,factor0,0,2,singlet,untouched,2,3,0,"[""nontrivial_confining_charge"", ""trivial""]",0,0
carrier_08250,2|3,factor1,1,3,singlet,untouched,3,8,0,"[""trivial"", ""nontrivial_confining_charge""]",0,0
carrier_08251,2|3,factor0,0,2,singlet,untouched,2,3,0,"[""nontrivial_confining_charge"", ""trivial""]",0,0
carrier_08251,2|3,factor1,1,3,antifund,active_broken_to_residual,2,3,4,"[""trivial"", ""nontrivial_confining_charge""]",12,4
carrier_08252,2|3,factor0,0,2,singlet,untouched,2,3,0,"[""nontrivial_confining_charge"", ""trivial""]",0,0
carrier_08252,2|3,factor1,1,3,singlet,untouched,3,8,0,"[""trivial"", ""nontrivial_confining_charge""]",0,0
carrier_08253,2|3,factor0,0,2,singlet,untouched,2,3,0,"[""nontrivial_confining_charge"", ""trivial""]",0,0
carrier_08253,2|3,factor1,1,3,singlet,untouched,3,8,0,"[""trivial"", ""nontrivial_confining_charge""]",0,0
carrier_08254,2|3,factor0,0,2,singlet,untouched,2,3,0,"[""nontrivial_confining_charge"", ""trivial""]",0,0
carrier_08254,2|3,factor1,1,3,singlet,untouched,3,8,0,"[""trivial"", ""nontrivial_confining_charge""]",0,0
carrier_08255,2|3,factor0,0,2,singlet,untouched,2,3,0,"[""nontrivial_confining_charge"", ""trivial""]",0,0
carrier_08255,2|3,factor1,1,3,singlet,untouched,3,8,0,"[""trivial"", ""nontrivial_confining_charge""]",0,0
carrier_08256,2|3,factor0,0,2,singlet,untouched,2,3,0,"[""nontrivial_confining_charge"", ""trivial""]",0,0
carrier_08256,2|3,factor1,1,3,singlet,untouched,3,8,0,"[""trivial"", ""nontrivial_confining_charge""]",0,0
carrier_08257,2|3,factor0,0,2,singlet,untouched,2,3,0,"[""nontrivial_confining_charge"", ""trivial""]",0,0
carrier_08257,2|3,factor1,1,3,singlet,untouched,3,8,0,"[""trivial"", ""nontrivial_confining_charge""]",0,0
carrier_08258,2|3,factor0,0,2,singlet,untouched,2,3,0,"[""nontrivial_confining_charge"", ""trivial""]",0,0
carrier_08258,2|3,factor1,1,3,singlet,untouched,3,8,0,"[""trivial"", ""nontrivial_confining_charge""]",0,0
carrier_08259,2|3,factor0,0,2,singlet,untouched,2,3,0,"[""nontrivial_confining_charge"", ""trivial""]",0,0
carrier_08259,2|3,factor1,1,3,singlet,untouched,3,8,0,"[""trivial"", ""nontrivial_confining_charge""]",0,0
carrier_08260,2|3,factor0,0,2,singlet,untouched,2,3,0,"[""nontrivial_confining_charge"", ""trivial""]",0,0
carrier_08260,2|3,factor1,1,3,singlet,untouched,3,8,0,"[""trivial"", ""nontrivial_confining_charge""]",0,0
carrier_08261,2|3,factor0,0,2,singlet,untouched,2,3,0,"[""nontrivial_confining_charge"", ""trivial""]",0,0
carrier_08261,2|3,factor1,1,3,singlet,untouched,3,8,0,"[""trivial"", ""nontrivial_confining_charge""]",0,0
carrier_08262,2|3,factor0,0,2,singlet,untouched,2,3,0,"[""nontrivial_confining_charge"", ""trivial""]",0,0
carrier_08262,2|3,factor1,1,3,singlet,untouched,3,8,0,"[""trivial"", ""nontrivial_confining_charge""]",0,0
carrier_08263,2|3,factor0,0,2,singlet,untouched,2,3,0,"[""nontrivial_confining_charge"", ""trivial""]",0,0
carrier_08263,2|3,factor1,1,3,singlet,untouched,3,8,0,"[""trivial"", ""nontrivial_confining_charge""]",0,0
carrier_08264,2|3,factor0,0,2,singlet,untouched,2,3,0,"[""nontrivial_confining_charge"", ""trivial""]",0,0
carrier_08264,2|3,factor1,1,3,antifund,active_broken_to_residual,2,3,4,"[""trivial"", ""nontrivial_confining_charge""]",12,4
carrier_08265,2|3,factor0,0,2,singlet,untouched,2,3,0,"[""nontrivial_confining_charge"", ""trivial""]",0,0
carrier_08265,2|3,factor1,1,3,singlet,untouched,3,8,0,"[""trivial"", ""nontrivial_confining_charge""]",0,0
carrier_08266,2|3,factor0,0,2,singlet,untouched,2,3,0,"[""nontrivial_confining_charge"", ""trivial""]",0,0
carrier_08266,2|3,factor1,1,3,singlet,untouched,3,8,0,"[""trivial"", ""nontrivial_confining_charge""]",0,0
carrier_08267,2|3,factor0,0,2,singlet,untouched,2,3,0,"[""nontrivial_confining_charge"", ""trivial""]",0,0
carrier_08267,2|3,factor1,1,3,singlet,untouched,3,8,0,"[""trivial"", ""nontrivial_confining_charge""]",0,0
carrier_09141,2|3,factor0,0,2,singlet,untouched,2,3,0,"[""nontrivial_confining_charge"", ""trivial""]",0,0
carrier_09141,2|3,factor1,1,3,antifund,active_broken_to_residual,2,3,4,"[""trivial"", ""nontrivial_confining_charge""]",12,4
carrier_09158,2|3,factor0,0,2,singlet,untouched,2,3,0,"[""nontrivial_confining_charge"", ""trivial""]",0,0
carrier_09158,2|3,factor1,1,3,antifund,active_broken_to_residual,2,3,4,"[""trivial"", ""nontrivial_confining_charge""]",12,4
carrier_09168,2|3,factor0,0,2,singlet,untouched,2,3,0,"[""nontrivial_confining_charge"", ""trivial""]",0,0
carrier_09168,2|3,factor1,1,3,antifund,active_broken_to_residual,2,3,4,"[""trivial"", ""nontrivial_confining_charge""]",12,4
carrier_09169,2|3,factor0,0,2,singlet,untouched,2,3,0,"[""nontrivial_confining_charge"", ""trivial""]",0,0
carrier_09169,2|3,factor1,1,3,antifund,active_broken_to_residual,2,3,4,"[""trivial"", ""nontrivial_confining_charge""]",12,4
carrier_09170,2|3,factor0,0,2,singlet,untouched,2,3,0,"[""nontrivial_confining_charge"", ""trivial""]",0,0
carrier_09170,2|3,factor1,1,3,antifund,active_broken_to_residual,2,3,4,"[""trivial"", ""nontrivial_confining_charge""]",12,4
carrier_09171,2|3,factor0,0,2,singlet,untouched,2,3,0,"[""nontrivial_confining_charge"", ""trivial""]",0,0
carrier_09171,2|3,factor1,1,3,antifund,active_broken_to_residual,2,3,4,"[""trivial"", ""nontrivial_confining_charge""]",12,4
carrier_09172,2|3,factor0,0,2,singlet,untouched,2,3,0,"[""nontrivial_confining_charge"", ""trivial""]",0,0
carrier_09172,2|3,factor1,1,3,antifund,active_broken_to_residual,2,3,4,"[""trivial"", ""nontrivial_confining_charge""]",12,4
carrier_09173,2|3,factor0,0,2,singlet,untouched,2,3,0,"[""nontrivial_confining_charge"", ""trivial""]",0,0
carrier_09173,2|3,factor1,1,3,antifund,active_broken_to_residual,2,3,4,"[""trivial"", ""nontrivial_confining_charge""]",12,4
carrier_09174,2|3,factor0,0,2,singlet,untouched,2,3,0,"[""nontrivial_confining_charge"", ""trivial""]",0,0
carrier_09174,2|3,factor1,1,3,antifund,active_broken_to_residual,2,3,4,"[""trivial"", ""nontrivial_confining_charge""]",12,4
carrier_09175,2|3,factor0,0,2,singlet,untouched,2,3,0,"[""nontrivial_confining_charge"", ""trivial""]",0,0
carrier_09175,2|3,factor1,1,3,antifund,active_broken_to_residual,2,3,4,"[""trivial"", ""nontrivial_confining_charge""]",12,4
carrier_09176,2|3,factor0,0,2,singlet,untouched,2,3,0,"[""nontrivial_confining_charge"", ""trivial""]",0,0
carrier_09176,2|3,factor1,1,3,antifund,active_broken_to_residual,2,3,4,"[""trivial"", ""nontrivial_confining_charge""]",12,4
carrier_09177,2|3,factor0,0,2,singlet,untouched,2,3,0,"[""nontrivial_confining_charge"", ""trivial""]",0,0
carrier_09177,2|3,factor1,1,3,antifund,active_broken_to_residual,2,3,4,"[""trivial"", ""nontrivial_confining_charge""]",12,4
carrier_09178,2|3,factor0,0,2,singlet,untouched,2,3,0,"[""nontrivial_confining_charge"", ""trivial""]",0,0
carrier_09178,2|3,factor1,1,3,antifund,active_broken_to_residual,2,3,4,"[""trivial"", ""nontrivial_confining_charge""]",12,4
carrier_09179,2|3,factor0,0,2,singlet,untouched,2,3,0,"[""nontrivial_confining_charge"", ""trivial""]",0,0
carrier_09179,2|3,factor1,1,3,antifund,active_broken_to_residual,2,3,4,"[""trivial"", ""nontrivial_confining_charge""]",12,4
carrier_09180,2|3,factor0,0,2,singlet,untouched,2,3,0,"[""nontrivial_confining_charge"", ""trivial""]",0,0
carrier_09180,2|3,factor1,1,3,antifund,active_broken_to_residual,2,3,4,"[""trivial"", ""nontrivial_confining_charge""]",12,4
carrier_09181,2|3,factor0,0,2,singlet,untouched,2,3,0,"[""nontrivial_confining_charge"", ""trivial""]",0,0
carrier_09181,2|3,factor1,1,3,antifund,active_broken_to_residual,2,3,4,"[""trivial"", ""nontrivial_confining_charge""]",12,4
carrier_09182,2|3,factor0,0,2,singlet,untouched,2,3,0,"[""nontrivial_confining_charge"", ""trivial""]",0,0
carrier_09182,2|3,factor1,1,3,antifund,active_broken_to_residual,2,3,4,"[""trivial"", ""nontrivial_confining_charge""]",12,4
carrier_09184,2|3,factor0,0,2,singlet,untouched,2,3,0,"[""nontrivial_confining_charge"", ""trivial""]",0,0
carrier_09184,2|3,factor1,1,3,antifund,active_broken_to_residual,2,3,4,"[""trivial"", ""nontrivial_confining_charge""]",12,4
carrier_09185,2|3,factor0,0,2,singlet,untouched,2,3,0,"[""nontrivial_confining_charge"", ""trivial""]",0,0
carrier_09185,2|3,factor1,1,3,antifund,active_broken_to_residual,2,3,4,"[""trivial"", ""nontrivial_confining_charge""]",12,4
carrier_09186,2|3,factor0,0,2,singlet,untouched,2,3,0,"[""nontrivial_confining_charge"", ""trivial""]",0,0
carrier_09186,2|3,factor1,1,3,antifund,active_broken_to_residual,2,3,4,"[""trivial"", ""nontrivial_confining_charge""]",12,4
carrier_09187,2|3,factor0,0,2,singlet,untouched,2,3,0,"[""nontrivial_confining_charge"", ""trivial""]",0,0
carrier_09187,2|3,factor1,1,3,antifund,active_broken_to_residual,2,3,4,"[""trivial"", ""nontrivial_confining_charge""]",12,4
carrier_09188,2|3,factor0,0,2,singlet,untouched,2,3,0,"[""nontrivial_confining_charge"", ""trivial""]",0,0
carrier_09188,2|3,factor1,1,3,antifund,active_broken_to_residual,2,3,4,"[""trivial"", ""nontrivial_confining_charge""]",12,4
carrier_09194,2|3,factor0,0,2,singlet,untouched,2,3,0,"[""nontrivial_confining_charge"", ""trivial""]",0,0
carrier_09194,2|3,factor1,1,3,singlet,untouched,3,8,0,"[""trivial"", ""nontrivial_confining_charge""]",0,0
carrier_09195,2|3,factor0,0,2,singlet,untouched,2,3,0,"[""nontrivial_confining_charge"", ""trivial""]",0,0
carrier_09195,2|3,factor1,1,3,singlet,untouched,3,8,0,"[""trivial"", ""nontrivial_confining_charge""]",0,0
carrier_09196,2|3,factor0,0,2,singlet,untouched,2,3,0,"[""nontrivial_confining_charge"", ""trivial""]",0,0
carrier_09196,2|3,factor1,1,3,singlet,untouched,3,8,0,"[""trivial"", ""nontrivial_confining_charge""]",0,0
carrier_09197,2|3,factor0,0,2,singlet,untouched,2,3,0,"[""nontrivial_confining_charge"", ""trivial""]",0,0
carrier_09197,2|3,factor1,1,3,antifund,active_broken_to_residual,2,3,4,"[""trivial"", ""nontrivial_confining_charge""]",12,4
carrier_09198,2|3,factor0,0,2,singlet,untouched,2,3,0,"[""nontrivial_confining_charge"", ""trivial""]",0,0
carrier_09198,2|3,factor1,1,3,antifund,active_broken_to_residual,2,3,4,"[""trivial"", ""nontrivial_confining_charge""]",12,4
carrier_09199,2|3,factor0,0,2,singlet,untouched,2,3,0,"[""nontrivial_confining_charge"", ""trivial""]",0,0
carrier_09199,2|3,factor1,1,3,antifund,active_broken_to_residual,2,3,4,"[""trivial"", ""nontrivial_confining_charge""]",12,4
carrier_09200,2|3,factor0,0,2,singlet,untouched,2,3,0,"[""nontrivial_confining_charge"", ""trivial""]",0,0
carrier_09200,2|3,factor1,1,3,antifund,active_broken_to_residual,2,3,4,"[""trivial"", ""nontrivial_confining_charge""]",12,4
carrier_09201,2|3,factor0,0,2,singlet,untouched,2,3,0,"[""nontrivial_confining_charge"", ""trivial""]",0,0
carrier_09201,2|3,factor1,1,3,antifund,active_broken_to_residual,2,3,4,"[""trivial"", ""nontrivial_confining_charge""]",12,4
carrier_09202,2|3,factor0,0,2,singlet,untouched,2,3,0,"[""nontrivial_confining_charge"", ""trivial""]",0,0
carrier_09202,2|3,factor1,1,3,singlet,untouched,3,8,0,"[""trivial"", ""nontrivial_confining_charge""]",0,0
carrier_09203,2|3,factor0,0,2,singlet,untouched,2,3,0,"[""nontrivial_confining_charge"", ""trivial""]",0,0
carrier_09203,2|3,factor1,1,3,singlet,untouched,3,8,0,"[""trivial"", ""nontrivial_confining_charge""]",0,0
carrier_09204,2|3,factor0,0,2,singlet,untouched,2,3,0,"[""nontrivial_confining_charge"", ""trivial""]",0,0
carrier_09204,2|3,factor1,1,3,singlet,untouched,3,8,0,"[""trivial"", ""nontrivial_confining_charge""]",0,0
carrier_09205,2|3,factor0,0,2,singlet,untouched,2,3,0,"[""nontrivial_confining_charge"", ""trivial""]",0,0
carrier_09205,2|3,factor1,1,3,singlet,untouched,3,8,0,"[""trivial"", ""nontrivial_confining_charge""]",0,0
carrier_09206,2|3,factor0,0,2,singlet,untouched,2,3,0,"[""nontrivial_confining_charge"", ""trivial""]",0,0
carrier_09206,2|3,factor1,1,3,antifund,active_broken_to_residual,2,3,4,"[""trivial"", ""nontrivial_confining_charge""]",12,4
carrier_09207,2|3,factor0,0,2,singlet,untouched,2,3,0,"[""nontrivial_confining_charge"", ""trivial""]",0,0
carrier_09207,2|3,factor1,1,3,antifund,active_broken_to_residual,2,3,4,"[""trivial"", ""nontrivial_confining_charge""]",12,4
carrier_09208,2|3,factor0,0,2,singlet,untouched,2,3,0,"[""nontrivial_confining_charge"", ""trivial""]",0,0
carrier_09208,2|3,factor1,1,3,antifund,active_broken_to_residual,2,3,4,"[""trivial"", ""nontrivial_confining_charge""]",12,4
carrier_09209,2|3,factor0,0,2,singlet,untouched,2,3,0,"[""nontrivial_confining_charge"", ""trivial""]",0,0
carrier_09209,2|3,factor1,1,3,antifund,active_broken_to_residual,2,3,4,"[""trivial"", ""nontrivial_confining_charge""]",12,4
carrier_09210,2|3,factor0,0,2,singlet,untouched,2,3,0,"[""nontrivial_confining_charge"", ""trivial""]",0,0
carrier_09210,2|3,factor1,1,3,singlet,untouched,3,8,0,"[""trivial"", ""nontrivial_confining_charge""]",0,0
carrier_09211,2|3,factor0,0,2,singlet,untouched,2,3,0,"[""nontrivial_confining_charge"", ""trivial""]",0,0
carrier_09211,2|3,factor1,1,3,singlet,untouched,3,8,0,"[""trivial"", ""nontrivial_confining_charge""]",0,0
carrier_09212,2|3,factor0,0,2,singlet,untouched,2,3,0,"[""nontrivial_confining_charge"", ""trivial""]",0,0
carrier_09212,2|3,factor1,1,3,singlet,untouched,3,8,0,"[""trivial"", ""nontrivial_confining_charge""]",0,0
carrier_09213,2|3,factor0,0,2,singlet,untouched,2,3,0,"[""nontrivial_confining_charge"", ""trivial""]",0,0
carrier_09213,2|3,factor1,1,3,singlet,untouched,3,8,0,"[""trivial"", ""nontrivial_confining_charge""]",0,0
carrier_09214,2|3,factor0,0,2,singlet,untouched,2,3,0,"[""nontrivial_confining_charge"", ""trivial""]",0,0
carrier_09214,2|3,factor1,1,3,antifund,active_broken_to_residual,2,3,4,"[""trivial"", ""nontrivial_confining_charge""]",12,4
carrier_09215,2|3,factor0,0,2,singlet,untouched,2,3,0,"[""nontrivial_confining_charge"", ""trivial""]",0,0
carrier_09215,2|3,factor1,1,3,antifund,active_broken_to_residual,2,3,4,"[""trivial"", ""nontrivial_confining_charge""]",12,4
carrier_09216,2|3,factor0,0,2,singlet,untouched,2,3,0,"[""nontrivial_confining_charge"", ""trivial""]",0,0
carrier_09216,2|3,factor1,1,3,antifund,active_broken_to_residual,2,3,4,"[""trivial"", ""nontrivial_confining_charge""]",12,4
carrier_09217,2|3,factor0,0,2,singlet,untouched,2,3,0,"[""nontrivial_confining_charge"", ""trivial""]",0,0
carrier_09217,2|3,factor1,1,3,antifund,active_broken_to_residual,2,3,4,"[""trivial"", ""nontrivial_confining_charge""]",12,4
carrier_09218,2|3,factor0,0,2,singlet,untouched,2,3,0,"[""nontrivial_confining_charge"", ""trivial""]",0,0
carrier_09218,2|3,factor1,1,3,singlet,untouched,3,8,0,"[""trivial"", ""nontrivial_confining_charge""]",0,0
carrier_09219,2|3,factor0,0,2,singlet,untouched,2,3,0,"[""nontrivial_confining_charge"", ""trivial""]",0,0
carrier_09219,2|3,factor1,1,3,singlet,untouched,3,8,0,"[""trivial"", ""nontrivial_confining_charge""]",0,0
carrier_09220,2|3,factor0,0,2,singlet,untouched,2,3,0,"[""nontrivial_confining_charge"", ""trivial""]",0,0
carrier_09220,2|3,factor1,1,3,singlet,untouched,3,8,0,"[""trivial"", ""nontrivial_confining_charge""]",0,0
carrier_09221,2|3,factor0,0,2,singlet,untouched,2,3,0,"[""nontrivial_confining_charge"", ""trivial""]",0,0
carrier_09221,2|3,factor1,1,3,singlet,untouched,3,8,0,"[""trivial"", ""nontrivial_confining_charge""]",0,0
carrier_09222,2|3,factor0,0,2,singlet,untouched,2,3,0,"[""nontrivial_confining_charge"", ""trivial""]",0,0
carrier_09222,2|3,factor1,1,3,antifund,active_broken_to_residual,2,3,4,"[""trivial"", ""nontrivial_confining_charge""]",12,4
carrier_09223,2|3,factor0,0,2,singlet,untouched,2,3,0,"[""nontrivial_confining_charge"", ""trivial""]",0,0
carrier_09223,2|3,factor1,1,3,antifund,active_broken_to_residual,2,3,4,"[""trivial"", ""nontrivial_confining_charge""]",12,4
carrier_09224,2|3,factor0,0,2,singlet,untouched,2,3,0,"[""nontrivial_confining_charge"", ""trivial""]",0,0
carrier_09224,2|3,factor1,1,3,antifund,active_broken_to_residual,2,3,4,"[""trivial"", ""nontrivial_confining_charge""]",12,4
carrier_09225,2|3,factor0,0,2,singlet,untouched,2,3,0,"[""nontrivial_confining_charge"", ""trivial""]",0,0
carrier_09225,2|3,factor1,1,3,antifund,active_broken_to_residual,2,3,4,"[""trivial"", ""nontrivial_confining_charge""]",12,4
carrier_09226,2|3,factor0,0,2,singlet,untouched,2,3,0,"[""nontrivial_confining_charge"", ""trivial""]",0,0
carrier_09226,2|3,factor1,1,3,antifund,active_broken_to_residual,2,3,4,"[""trivial"", ""nontrivial_confining_charge""]",12,4
carrier_09227,2|3,factor0,0,2,singlet,untouched,2,3,0,"[""nontrivial_confining_charge"", ""trivial""]",0,0
carrier_09227,2|3,factor1,1,3,singlet,untouched,3,8,0,"[""trivial"", ""nontrivial_confining_charge""]",0,0
carrier_09228,2|3,factor0,0,2,singlet,untouched,2,3,0,"[""nontrivial_confining_charge"", ""trivial""]",0,0
carrier_09228,2|3,factor1,1,3,singlet,untouched,3,8,0,"[""trivial"", ""nontrivial_confining_charge""]",0,0
carrier_09229,2|3,factor0,0,2,singlet,untouched,2,3,0,"[""nontrivial_confining_charge"", ""trivial""]",0,0
carrier_09229,2|3,factor1,1,3,singlet,untouched,3,8,0,"[""trivial"", ""nontrivial_confining_charge""]",0,0
carrier_09230,2|3,factor0,0,2,singlet,untouched,2,3,0,"[""nontrivial_confining_charge"", ""trivial""]",0,0
carrier_09230,2|3,factor1,1,3,antifund,active_broken_to_residual,2,3,4,"[""trivial"", ""nontrivial_confining_charge""]",12,4
carrier_09231,2|3,factor0,0,2,singlet,untouched,2,3,0,"[""nontrivial_confining_charge"", ""trivial""]",0,0
carrier_09231,2|3,factor1,1,3,antifund,active_broken_to_residual,2,3,4,"[""trivial"", ""nontrivial_confining_charge""]",12,4
carrier_09232,2|3,factor0,0,2,singlet,untouched,2,3,0,"[""nontrivial_confining_charge"", ""trivial""]",0,0
carrier_09232,2|3,factor1,1,3,antifund,active_broken_to_residual,2,3,4,"[""trivial"", ""nontrivial_confining_charge""]",12,4
carrier_09233,2|3,factor0,0,2,singlet,untouched,2,3,0,"[""nontrivial_confining_charge"", ""trivial""]",0,0
carrier_09233,2|3,factor1,1,3,antifund,active_broken_to_residual,2,3,4,"[""trivial"", ""nontrivial_confining_charge""]",12,4
carrier_09234,2|3,factor0,0,2,singlet,untouched,2,3,0,"[""nontrivial_confining_charge"", ""trivial""]",0,0
carrier_09234,2|3,factor1,1,3,singlet,untouched,3,8,0,"[""trivial"", ""nontrivial_confining_charge""]",0,0
carrier_09235,2|3,factor0,0,2,singlet,untouched,2,3,0,"[""nontrivial_confining_charge"", ""trivial""]",0,0
carrier_09235,2|3,factor1,1,3,singlet,untouched,3,8,0,"[""trivial"", ""nontrivial_confining_charge""]",0,0
carrier_09236,2|3,factor0,0,2,singlet,untouched,2,3,0,"[""nontrivial_confining_charge"", ""trivial""]",0,0
carrier_09236,2|3,factor1,1,3,singlet,untouched,3,8,0,"[""trivial"", ""nontrivial_confining_charge""]",0,0
carrier_09237,2|3,factor0,0,2,singlet,untouched,2,3,0,"[""nontrivial_confining_charge"", ""trivial""]",0,0
carrier_09237,2|3,factor1,1,3,singlet,untouched,3,8,0,"[""trivial"", ""nontrivial_confining_charge""]",0,0
carrier_09238,2|3,factor0,0,2,singlet,untouched,2,3,0,"[""nontrivial_confining_charge"", ""trivial""]",0,0
carrier_09238,2|3,factor1,1,3,singlet,untouched,3,8,0,"[""trivial"", ""nontrivial_confining_charge""]",0,0
carrier_09239,2|3,factor0,0,2,singlet,untouched,2,3,0,"[""nontrivial_confining_charge"", ""trivial""]",0,0
carrier_09239,2|3,factor1,1,3,antifund,active_broken_to_residual,2,3,4,"[""trivial"", ""nontrivial_confining_charge""]",12,4
carrier_09240,2|3,factor0,0,2,singlet,untouched,2,3,0,"[""nontrivial_confining_charge"", ""trivial""]",0,0
carrier_09240,2|3,factor1,1,3,antifund,active_broken_to_residual,2,3,4,"[""trivial"", ""nontrivial_confining_charge""]",12,4
carrier_09241,2|3,factor0,0,2,singlet,untouched,2,3,0,"[""nontrivial_confining_charge"", ""trivial""]",0,0
carrier_09241,2|3,factor1,1,3,antifund,active_broken_to_residual,2,3,4,"[""trivial"", ""nontrivial_confining_charge""]",12,4
carrier_09242,2|3,factor0,0,2,singlet,untouched,2,3,0,"[""nontrivial_confining_charge"", ""trivial""]",0,0
carrier_09242,2|3,factor1,1,3,antifund,active_broken_to_residual,2,3,4,"[""trivial"", ""nontrivial_confining_charge""]",12,4
carrier_09243,2|3,factor0,0,2,singlet,untouched,2,3,0,"[""nontrivial_confining_charge"", ""trivial""]",0,0
carrier_09243,2|3,factor1,1,3,antifund,active_broken_to_residual,2,3,4,"[""trivial"", ""nontrivial_confining_charge""]",12,4
carrier_09244,2|3,factor0,0,2,singlet,untouched,2,3,0,"[""nontrivial_confining_charge"", ""trivial""]",0,0
carrier_09244,2|3,factor1,1,3,antifund,active_broken_to_residual,2,3,4,"[""trivial"", ""nontrivial_confining_charge""]",12,4
carrier_09245,2|3,factor0,0,2,singlet,untouched,2,3,0,"[""nontrivial_confining_charge"", ""trivial""]",0,0
carrier_09245,2|3,factor1,1,3,antifund,active_broken_to_residual,2,3,4,"[""trivial"", ""nontrivial_confining_charge""]",12,4
carrier_09246,2|3,factor0,0,2,singlet,untouched,2,3,0,"[""nontrivial_confining_charge"", ""trivial""]",0,0
carrier_09246,2|3,factor1,1,3,antifund,active_broken_to_residual,2,3,4,"[""trivial"", ""nontrivial_confining_charge""]",12,4
carrier_09247,2|3,factor0,0,2,singlet,untouched,2,3,0,"[""nontrivial_confining_charge"", ""trivial""]",0,0
carrier_09247,2|3,factor1,1,3,antifund,active_broken_to_residual,2,3,4,"[""trivial"", ""nontrivial_confining_charge""]",12,4
carrier_09248,2|3,factor0,0,2,singlet,untouched,2,3,0,"[""nontrivial_confining_charge"", ""trivial""]",0,0
carrier_09248,2|3,factor1,1,3,antifund,active_broken_to_residual,2,3,4,"[""trivial"", ""nontrivial_confining_charge""]",12,4
carrier_09249,2|3,factor0,0,2,singlet,untouched,2,3,0,"[""nontrivial_confining_charge"", ""trivial""]",0,0
carrier_09249,2|3,factor1,1,3,antifund,active_broken_to_residual,2,3,4,"[""trivial"", ""nontrivial_confining_charge""]",12,4
carrier_09250,2|3,factor0,0,2,singlet,untouched,2,3,0,"[""nontrivial_confining_charge"", ""trivial""]",0,0
carrier_09250,2|3,factor1,1,3,antifund,active_broken_to_residual,2,3,4,"[""trivial"", ""nontrivial_confining_charge""]",12,4
carrier_09251,2|3,factor0,0,2,singlet,untouched,2,3,0,"[""nontrivial_confining_charge"", ""trivial""]",0,0
carrier_09251,2|3,factor1,1,3,antifund,active_broken_to_residual,2,3,4,"[""trivial"", ""nontrivial_confining_charge""]",12,4
carrier_09252,2|3,factor0,0,2,singlet,untouched,2,3,0,"[""nontrivial_confining_charge"", ""trivial""]",0,0
carrier_09252,2|3,factor1,1,3,antifund,active_broken_to_residual,2,3,4,"[""trivial"", ""nontrivial_confining_charge""]",12,4
carrier_09253,2|3,factor0,0,2,singlet,untouched,2,3,0,"[""nontrivial_confining_charge"", ""trivial""]",0,0
carrier_09253,2|3,factor1,1,3,antifund,active_broken_to_residual,2,3,4,"[""trivial"", ""nontrivial_confining_charge""]",12,4
carrier_09254,2|3,factor0,0,2,singlet,untouched,2,3,0,"[""nontrivial_confining_charge"", ""trivial""]",0,0
carrier_09254,2|3,factor1,1,3,antifund,active_broken_to_residual,2,3,4,"[""trivial"", ""nontrivial_confining_charge""]",12,4
carrier_09255,2|3,factor0,0,2,singlet,untouched,2,3,0,"[""nontrivial_confining_charge"", ""trivial""]",0,0
carrier_09255,2|3,factor1,1,3,antifund,active_broken_to_residual,2,3,4,"[""trivial"", ""nontrivial_confining_charge""]",12,4
carrier_09256,2|3,factor0,0,2,singlet,untouched,2,3,0,"[""nontrivial_confining_charge"", ""trivial""]",0,0
carrier_09256,2|3,factor1,1,3,antifund,active_broken_to_residual,2,3,4,"[""trivial"", ""nontrivial_confining_charge""]",12,4
carrier_09257,2|3,factor0,0,2,singlet,untouched,2,3,0,"[""nontrivial_confining_charge"", ""trivial""]",0,0
carrier_09257,2|3,factor1,1,3,antifund,active_broken_to_residual,2,3,4,"[""trivial"", ""nontrivial_confining_charge""]",12,4
carrier_09258,2|3,factor0,0,2,singlet,untouched,2,3,0,"[""nontrivial_confining_charge"", ""trivial""]",0,0
carrier_09258,2|3,factor1,1,3,antifund,active_broken_to_residual,2,3,4,"[""trivial"", ""nontrivial_confining_charge""]",12,4
carrier_09259,2|3,factor0,0,2,singlet,untouched,2,3,0,"[""nontrivial_confining_charge"", ""trivial""]",0,0
carrier_09259,2|3,factor1,1,3,singlet,untouched,3,8,0,"[""trivial"", ""nontrivial_confining_charge""]",0,0
carrier_09260,2|3,factor0,0,2,singlet,untouched,2,3,0,"[""nontrivial_confining_charge"", ""trivial""]",0,0
carrier_09260,2|3,factor1,1,3,singlet,untouched,3,8,0,"[""trivial"", ""nontrivial_confining_charge""]",0,0
carrier_09261,2|3,factor0,0,2,singlet,untouched,2,3,0,"[""nontrivial_confining_charge"", ""trivial""]",0,0
carrier_09261,2|3,factor1,1,3,singlet,untouched,3,8,0,"[""trivial"", ""nontrivial_confining_charge""]",0,0
carrier_09262,2|3,factor0,0,2,singlet,untouched,2,3,0,"[""nontrivial_confining_charge"", ""trivial""]",0,0
carrier_09262,2|3,factor1,1,3,antifund,active_broken_to_residual,2,3,4,"[""trivial"", ""nontrivial_confining_charge""]",12,4
carrier_09263,2|3,factor0,0,2,singlet,untouched,2,3,0,"[""nontrivial_confining_charge"", ""trivial""]",0,0
carrier_09263,2|3,factor1,1,3,singlet,untouched,3,8,0,"[""trivial"", ""nontrivial_confining_charge""]",0,0
carrier_09264,2|3,factor0,0,2,singlet,untouched,2,3,0,"[""nontrivial_confining_charge"", ""trivial""]",0,0
carrier_09264,2|3,factor1,1,3,singlet,untouched,3,8,0,"[""trivial"", ""nontrivial_confining_charge""]",0,0
carrier_09265,2|3,factor0,0,2,singlet,untouched,2,3,0,"[""nontrivial_confining_charge"", ""trivial""]",0,0
carrier_09265,2|3,factor1,1,3,singlet,untouched,3,8,0,"[""trivial"", ""nontrivial_confining_charge""]",0,0
carrier_09266,2|3,factor0,0,2,singlet,untouched,2,3,0,"[""nontrivial_confining_charge"", ""trivial""]",0,0
carrier_09266,2|3,factor1,1,3,singlet,untouched,3,8,0,"[""trivial"", ""nontrivial_confining_charge""]",0,0
carrier_09267,2|3,factor0,0,2,singlet,untouched,2,3,0,"[""nontrivial_confining_charge"", ""trivial""]",0,0
carrier_09267,2|3,factor1,1,3,singlet,untouched,3,8,0,"[""trivial"", ""nontrivial_confining_charge""]",0,0
carrier_09268,2|3,factor0,0,2,singlet,untouched,2,3,0,"[""nontrivial_confining_charge"", ""trivial""]",0,0
carrier_09268,2|3,factor1,1,3,singlet,untouched,3,8,0,"[""trivial"", ""nontrivial_confining_charge""]",0,0
carrier_09269,2|3,factor0,0,2,singlet,untouched,2,3,0,"[""nontrivial_confining_charge"", ""trivial""]",0,0
carrier_09269,2|3,factor1,1,3,singlet,untouched,3,8,0,"[""trivial"", ""nontrivial_confining_charge""]",0,0
carrier_09270,2|3,factor0,0,2,singlet,untouched,2,3,0,"[""nontrivial_confining_charge"", ""trivial""]",0,0
carrier_09270,2|3,factor1,1,3,singlet,untouched,3,8,0,"[""trivial"", ""nontrivial_confining_charge""]",0,0
carrier_09271,2|3,factor0,0,2,singlet,untouched,2,3,0,"[""nontrivial_confining_charge"", ""trivial""]",0,0
carrier_09271,2|3,factor1,1,3,singlet,untouched,3,8,0,"[""trivial"", ""nontrivial_confining_charge""]",0,0
carrier_09272,2|3,factor0,0,2,singlet,untouched,2,3,0,"[""nontrivial_confining_charge"", ""trivial""]",0,0
carrier_09272,2|3,factor1,1,3,singlet,untouched,3,8,0,"[""trivial"", ""nontrivial_confining_charge""]",0,0
carrier_09273,2|3,factor0,0,2,singlet,untouched,2,3,0,"[""nontrivial_confining_charge"", ""trivial""]",0,0
carrier_09273,2|3,factor1,1,3,singlet,untouched,3,8,0,"[""trivial"", ""nontrivial_confining_charge""]",0,0
carrier_09274,2|3,factor0,0,2,singlet,untouched,2,3,0,"[""nontrivial_confining_charge"", ""trivial""]",0,0
carrier_09274,2|3,factor1,1,3,singlet,untouched,3,8,0,"[""trivial"", ""nontrivial_confining_charge""]",0,0
carrier_09275,2|3,factor0,0,2,singlet,untouched,2,3,0,"[""nontrivial_confining_charge"", ""trivial""]",0,0
carrier_09275,2|3,factor1,1,3,antifund,active_broken_to_residual,2,3,4,"[""trivial"", ""nontrivial_confining_charge""]",12,4
carrier_09276,2|3,factor0,0,2,singlet,untouched,2,3,0,"[""nontrivial_confining_charge"", ""trivial""]",0,0
carrier_09276,2|3,factor1,1,3,singlet,untouched,3,8,0,"[""trivial"", ""nontrivial_confining_charge""]",0,0
carrier_09277,2|3,factor0,0,2,singlet,untouched,2,3,0,"[""nontrivial_confining_charge"", ""trivial""]",0,0
carrier_09277,2|3,factor1,1,3,singlet,untouched,3,8,0,"[""trivial"", ""nontrivial_confining_charge""]",0,0
carrier_09278,2|3,factor0,0,2,singlet,untouched,2,3,0,"[""nontrivial_confining_charge"", ""trivial""]",0,0
carrier_09278,2|3,factor1,1,3,singlet,untouched,3,8,0,"[""trivial"", ""nontrivial_confining_charge""]",0,0
carrier_09532,2|3,factor0,0,2,singlet,untouched,2,3,0,"[""nontrivial_confining_charge"", ""trivial""]",0,0
carrier_09532,2|3,factor1,1,3,antifund,active_broken_to_residual,2,3,4,"[""trivial"", ""nontrivial_confining_charge""]",12,4
carrier_09549,2|3,factor0,0,2,singlet,untouched,2,3,0,"[""nontrivial_confining_charge"", ""trivial""]",0,0
carrier_09549,2|3,factor1,1,3,antifund,active_broken_to_residual,2,3,4,"[""trivial"", ""nontrivial_confining_charge""]",12,4
carrier_09560,2|3,factor0,0,2,singlet,untouched,2,3,0,"[""nontrivial_confining_charge"", ""trivial""]",0,0
carrier_09560,2|3,factor1,1,3,antifund,active_broken_to_residual,2,3,4,"[""trivial"", ""nontrivial_confining_charge""]",12,4
carrier_09561,2|3,factor0,0,2,singlet,untouched,2,3,0,"[""nontrivial_confining_charge"", ""trivial""]",0,0
carrier_09561,2|3,factor1,1,3,antifund,active_broken_to_residual,2,3,4,"[""trivial"", ""nontrivial_confining_charge""]",12,4
carrier_09562,2|3,factor0,0,2,singlet,untouched,2,3,0,"[""nontrivial_confining_charge"", ""trivial""]",0,0
carrier_09562,2|3,factor1,1,3,antifund,active_broken_to_residual,2,3,4,"[""trivial"", ""nontrivial_confining_charge""]",12,4
carrier_09563,2|3,factor0,0,2,singlet,untouched,2,3,0,"[""nontrivial_confining_charge"", ""trivial""]",0,0
carrier_09563,2|3,factor1,1,3,antifund,active_broken_to_residual,2,3,4,"[""trivial"", ""nontrivial_confining_charge""]",12,4
carrier_09564,2|3,factor0,0,2,singlet,untouched,2,3,0,"[""nontrivial_confining_charge"", ""trivial""]",0,0
carrier_09564,2|3,factor1,1,3,antifund,active_broken_to_residual,2,3,4,"[""trivial"", ""nontrivial_confining_charge""]",12,4
carrier_09570,2|3,factor0,0,2,singlet,untouched,2,3,0,"[""nontrivial_confining_charge"", ""trivial""]",0,0
carrier_09570,2|3,factor1,1,3,antifund,active_broken_to_residual,2,3,4,"[""trivial"", ""nontrivial_confining_charge""]",12,4
carrier_09571,2|3,factor0,0,2,singlet,untouched,2,3,0,"[""nontrivial_confining_charge"", ""trivial""]",0,0
carrier_09571,2|3,factor1,1,3,antifund,active_broken_to_residual,2,3,4,"[""trivial"", ""nontrivial_confining_charge""]",12,4
carrier_09572,2|3,factor0,0,2,singlet,untouched,2,3,0,"[""nontrivial_confining_charge"", ""trivial""]",0,0
carrier_09572,2|3,factor1,1,3,antifund,active_broken_to_residual,2,3,4,"[""trivial"", ""nontrivial_confining_charge""]",12,4
carrier_09573,2|3,factor0,0,2,singlet,untouched,2,3,0,"[""nontrivial_confining_charge"", ""trivial""]",0,0
carrier_09573,2|3,factor1,1,3,antifund,active_broken_to_residual,2,3,4,"[""trivial"", ""nontrivial_confining_charge""]",12,4
carrier_09574,2|3,factor0,0,2,singlet,untouched,2,3,0,"[""nontrivial_confining_charge"", ""trivial""]",0,0
carrier_09574,2|3,factor1,1,3,antifund,active_broken_to_residual,2,3,4,"[""trivial"", ""nontrivial_confining_charge""]",12,4
carrier_09575,2|3,factor0,0,2,singlet,untouched,2,3,0,"[""nontrivial_confining_charge"", ""trivial""]",0,0
carrier_09575,2|3,factor1,1,3,antifund,active_broken_to_residual,2,3,4,"[""trivial"", ""nontrivial_confining_charge""]",12,4
carrier_09576,2|3,factor0,0,2,singlet,untouched,2,3,0,"[""nontrivial_confining_charge"", ""trivial""]",0,0
carrier_09576,2|3,factor1,1,3,antifund,active_broken_to_residual,2,3,4,"[""trivial"", ""nontrivial_confining_charge""]",12,4
carrier_09577,2|3,factor0,0,2,singlet,untouched,2,3,0,"[""nontrivial_confining_charge"", ""trivial""]",0,0
carrier_09577,2|3,factor1,1,3,antifund,active_broken_to_residual,2,3,4,"[""trivial"", ""nontrivial_confining_charge""]",12,4
carrier_09578,2|3,factor0,0,2,singlet,untouched,2,3,0,"[""nontrivial_confining_charge"", ""trivial""]",0,0
carrier_09578,2|3,factor1,1,3,antifund,active_broken_to_residual,2,3,4,"[""trivial"", ""nontrivial_confining_charge""]",12,4
carrier_09579,2|3,factor0,0,2,singlet,untouched,2,3,0,"[""nontrivial_confining_charge"", ""trivial""]",0,0
carrier_09579,2|3,factor1,1,3,antifund,active_broken_to_residual,2,3,4,"[""trivial"", ""nontrivial_confining_charge""]",12,4
carrier_09580,2|3,factor0,0,2,singlet,untouched,2,3,0,"[""nontrivial_confining_charge"", ""trivial""]",0,0
carrier_09580,2|3,factor1,1,3,antifund,active_broken_to_residual,2,3,4,"[""trivial"", ""nontrivial_confining_charge""]",12,4
carrier_09581,2|3,factor0,0,2,singlet,untouched,2,3,0,"[""nontrivial_confining_charge"", ""trivial""]",0,0
carrier_09581,2|3,factor1,1,3,antifund,active_broken_to_residual,2,3,4,"[""trivial"", ""nontrivial_confining_charge""]",12,4
carrier_09582,2|3,factor0,0,2,singlet,untouched,2,3,0,"[""nontrivial_confining_charge"", ""trivial""]",0,0
carrier_09582,2|3,factor1,1,3,antifund,active_broken_to_residual,2,3,4,"[""trivial"", ""nontrivial_confining_charge""]",12,4
carrier_09583,2|3,factor0,0,2,singlet,untouched,2,3,0,"[""nontrivial_confining_charge"", ""trivial""]",0,0
carrier_09583,2|3,factor1,1,3,antifund,active_broken_to_residual,2,3,4,"[""trivial"", ""nontrivial_confining_charge""]",12,4
carrier_09584,2|3,factor0,0,2,singlet,untouched,2,3,0,"[""nontrivial_confining_charge"", ""trivial""]",0,0
carrier_09584,2|3,factor1,1,3,antifund,active_broken_to_residual,2,3,4,"[""trivial"", ""nontrivial_confining_charge""]",12,4
carrier_09585,2|3,factor0,0,2,singlet,untouched,2,3,0,"[""nontrivial_confining_charge"", ""trivial""]",0,0
carrier_09585,2|3,factor1,1,3,antifund,active_broken_to_residual,2,3,4,"[""trivial"", ""nontrivial_confining_charge""]",12,4
carrier_09595,2|3,factor0,0,2,singlet,untouched,2,3,0,"[""nontrivial_confining_charge"", ""trivial""]",0,0
carrier_09595,2|3,factor1,1,3,singlet,untouched,3,8,0,"[""trivial"", ""nontrivial_confining_charge""]",0,0
carrier_09596,2|3,factor0,0,2,singlet,untouched,2,3,0,"[""nontrivial_confining_charge"", ""trivial""]",0,0
carrier_09596,2|3,factor1,1,3,singlet,untouched,3,8,0,"[""trivial"", ""nontrivial_confining_charge""]",0,0
carrier_09597,2|3,factor0,0,2,singlet,untouched,2,3,0,"[""nontrivial_confining_charge"", ""trivial""]",0,0
carrier_09597,2|3,factor1,1,3,singlet,untouched,3,8,0,"[""trivial"", ""nontrivial_confining_charge""]",0,0
carrier_09598,2|3,factor0,0,2,singlet,untouched,2,3,0,"[""nontrivial_confining_charge"", ""trivial""]",0,0
carrier_09598,2|3,factor1,1,3,antifund,active_broken_to_residual,2,3,4,"[""trivial"", ""nontrivial_confining_charge""]",12,4
carrier_09599,2|3,factor0,0,2,singlet,untouched,2,3,0,"[""nontrivial_confining_charge"", ""trivial""]",0,0
carrier_09599,2|3,factor1,1,3,antifund,active_broken_to_residual,2,3,4,"[""trivial"", ""nontrivial_confining_charge""]",12,4
carrier_09600,2|3,factor0,0,2,singlet,untouched,2,3,0,"[""nontrivial_confining_charge"", ""trivial""]",0,0
carrier_09600,2|3,factor1,1,3,antifund,active_broken_to_residual,2,3,4,"[""trivial"", ""nontrivial_confining_charge""]",12,4
carrier_09601,2|3,factor0,0,2,singlet,untouched,2,3,0,"[""nontrivial_confining_charge"", ""trivial""]",0,0
carrier_09601,2|3,factor1,1,3,antifund,active_broken_to_residual,2,3,4,"[""trivial"", ""nontrivial_confining_charge""]",12,4
carrier_09602,2|3,factor0,0,2,singlet,untouched,2,3,0,"[""nontrivial_confining_charge"", ""trivial""]",0,0
carrier_09602,2|3,factor1,1,3,antifund,active_broken_to_residual,2,3,4,"[""trivial"", ""nontrivial_confining_charge""]",12,4
carrier_09603,2|3,factor0,0,2,singlet,untouched,2,3,0,"[""nontrivial_confining_charge"", ""trivial""]",0,0
carrier_09603,2|3,factor1,1,3,singlet,untouched,3,8,0,"[""trivial"", ""nontrivial_confining_charge""]",0,0
carrier_09604,2|3,factor0,0,2,singlet,untouched,2,3,0,"[""nontrivial_confining_charge"", ""trivial""]",0,0
carrier_09604,2|3,factor1,1,3,singlet,untouched,3,8,0,"[""trivial"", ""nontrivial_confining_charge""]",0,0
carrier_09605,2|3,factor0,0,2,singlet,untouched,2,3,0,"[""nontrivial_confining_charge"", ""trivial""]",0,0
carrier_09605,2|3,factor1,1,3,singlet,untouched,3,8,0,"[""trivial"", ""nontrivial_confining_charge""]",0,0
carrier_09606,2|3,factor0,0,2,singlet,untouched,2,3,0,"[""nontrivial_confining_charge"", ""trivial""]",0,0
carrier_09606,2|3,factor1,1,3,singlet,untouched,3,8,0,"[""trivial"", ""nontrivial_confining_charge""]",0,0
carrier_09607,2|3,factor0,0,2,singlet,untouched,2,3,0,"[""nontrivial_confining_charge"", ""trivial""]",0,0
carrier_09607,2|3,factor1,1,3,antifund,active_broken_to_residual,2,3,4,"[""trivial"", ""nontrivial_confining_charge""]",12,4
carrier_09608,2|3,factor0,0,2,singlet,untouched,2,3,0,"[""nontrivial_confining_charge"", ""trivial""]",0,0
carrier_09608,2|3,factor1,1,3,antifund,active_broken_to_residual,2,3,4,"[""trivial"", ""nontrivial_confining_charge""]",12,4
carrier_09609,2|3,factor0,0,2,singlet,untouched,2,3,0,"[""nontrivial_confining_charge"", ""trivial""]",0,0
carrier_09609,2|3,factor1,1,3,antifund,active_broken_to_residual,2,3,4,"[""trivial"", ""nontrivial_confining_charge""]",12,4
carrier_09610,2|3,factor0,0,2,singlet,untouched,2,3,0,"[""nontrivial_confining_charge"", ""trivial""]",0,0
carrier_09610,2|3,factor1,1,3,antifund,active_broken_to_residual,2,3,4,"[""trivial"", ""nontrivial_confining_charge""]",12,4
carrier_09611,2|3,factor0,0,2,singlet,untouched,2,3,0,"[""nontrivial_confining_charge"", ""trivial""]",0,0
carrier_09611,2|3,factor1,1,3,singlet,untouched,3,8,0,"[""trivial"", ""nontrivial_confining_charge""]",0,0
carrier_09612,2|3,factor0,0,2,singlet,untouched,2,3,0,"[""nontrivial_confining_charge"", ""trivial""]",0,0
carrier_09612,2|3,factor1,1,3,singlet,untouched,3,8,0,"[""trivial"", ""nontrivial_confining_charge""]",0,0
carrier_09613,2|3,factor0,0,2,singlet,untouched,2,3,0,"[""nontrivial_confining_charge"", ""trivial""]",0,0
carrier_09613,2|3,factor1,1,3,singlet,untouched,3,8,0,"[""trivial"", ""nontrivial_confining_charge""]",0,0
carrier_09614,2|3,factor0,0,2,singlet,untouched,2,3,0,"[""nontrivial_confining_charge"", ""trivial""]",0,0
carrier_09614,2|3,factor1,1,3,singlet,untouched,3,8,0,"[""trivial"", ""nontrivial_confining_charge""]",0,0
carrier_09615,2|3,factor0,0,2,singlet,untouched,2,3,0,"[""nontrivial_confining_charge"", ""trivial""]",0,0
carrier_09615,2|3,factor1,1,3,antifund,active_broken_to_residual,2,3,4,"[""trivial"", ""nontrivial_confining_charge""]",12,4
carrier_09616,2|3,factor0,0,2,singlet,untouched,2,3,0,"[""nontrivial_confining_charge"", ""trivial""]",0,0
carrier_09616,2|3,factor1,1,3,antifund,active_broken_to_residual,2,3,4,"[""trivial"", ""nontrivial_confining_charge""]",12,4
carrier_09617,2|3,factor0,0,2,singlet,untouched,2,3,0,"[""nontrivial_confining_charge"", ""trivial""]",0,0
carrier_09617,2|3,factor1,1,3,antifund,active_broken_to_residual,2,3,4,"[""trivial"", ""nontrivial_confining_charge""]",12,4
carrier_09618,2|3,factor0,0,2,singlet,untouched,2,3,0,"[""nontrivial_confining_charge"", ""trivial""]",0,0
carrier_09618,2|3,factor1,1,3,antifund,active_broken_to_residual,2,3,4,"[""trivial"", ""nontrivial_confining_charge""]",12,4
carrier_09619,2|3,factor0,0,2,singlet,untouched,2,3,0,"[""nontrivial_confining_charge"", ""trivial""]",0,0
carrier_09619,2|3,factor1,1,3,singlet,untouched,3,8,0,"[""trivial"", ""nontrivial_confining_charge""]",0,0
carrier_09620,2|3,factor0,0,2,singlet,untouched,2,3,0,"[""nontrivial_confining_charge"", ""trivial""]",0,0
carrier_09620,2|3,factor1,1,3,singlet,untouched,3,8,0,"[""trivial"", ""nontrivial_confining_charge""]",0,0
carrier_09621,2|3,factor0,0,2,singlet,untouched,2,3,0,"[""nontrivial_confining_charge"", ""trivial""]",0,0
carrier_09621,2|3,factor1,1,3,singlet,untouched,3,8,0,"[""trivial"", ""nontrivial_confining_charge""]",0,0
carrier_09622,2|3,factor0,0,2,singlet,untouched,2,3,0,"[""nontrivial_confining_charge"", ""trivial""]",0,0
carrier_09622,2|3,factor1,1,3,singlet,untouched,3,8,0,"[""trivial"", ""nontrivial_confining_charge""]",0,0
carrier_09623,2|3,factor0,0,2,singlet,untouched,2,3,0,"[""nontrivial_confining_charge"", ""trivial""]",0,0
carrier_09623,2|3,factor1,1,3,antifund,active_broken_to_residual,2,3,4,"[""trivial"", ""nontrivial_confining_charge""]",12,4
carrier_09624,2|3,factor0,0,2,singlet,untouched,2,3,0,"[""nontrivial_confining_charge"", ""trivial""]",0,0
carrier_09624,2|3,factor1,1,3,antifund,active_broken_to_residual,2,3,4,"[""trivial"", ""nontrivial_confining_charge""]",12,4
carrier_09625,2|3,factor0,0,2,singlet,untouched,2,3,0,"[""nontrivial_confining_charge"", ""trivial""]",0,0
carrier_09625,2|3,factor1,1,3,antifund,active_broken_to_residual,2,3,4,"[""trivial"", ""nontrivial_confining_charge""]",12,4
carrier_09626,2|3,factor0,0,2,singlet,untouched,2,3,0,"[""nontrivial_confining_charge"", ""trivial""]",0,0
carrier_09626,2|3,factor1,1,3,antifund,active_broken_to_residual,2,3,4,"[""trivial"", ""nontrivial_confining_charge""]",12,4
carrier_09627,2|3,factor0,0,2,singlet,untouched,2,3,0,"[""nontrivial_confining_charge"", ""trivial""]",0,0
carrier_09627,2|3,factor1,1,3,antifund,active_broken_to_residual,2,3,4,"[""trivial"", ""nontrivial_confining_charge""]",12,4
carrier_09628,2|3,factor0,0,2,singlet,untouched,2,3,0,"[""nontrivial_confining_charge"", ""trivial""]",0,0
carrier_09628,2|3,factor1,1,3,singlet,untouched,3,8,0,"[""trivial"", ""nontrivial_confining_charge""]",0,0
carrier_09629,2|3,factor0,0,2,singlet,untouched,2,3,0,"[""nontrivial_confining_charge"", ""trivial""]",0,0
carrier_09629,2|3,factor1,1,3,singlet,untouched,3,8,0,"[""trivial"", ""nontrivial_confining_charge""]",0,0
carrier_09630,2|3,factor0,0,2,singlet,untouched,2,3,0,"[""nontrivial_confining_charge"", ""trivial""]",0,0
carrier_09630,2|3,factor1,1,3,singlet,untouched,3,8,0,"[""trivial"", ""nontrivial_confining_charge""]",0,0
carrier_09631,2|3,factor0,0,2,singlet,untouched,2,3,0,"[""nontrivial_confining_charge"", ""trivial""]",0,0
carrier_09631,2|3,factor1,1,3,antifund,active_broken_to_residual,2,3,4,"[""trivial"", ""nontrivial_confining_charge""]",12,4
carrier_09632,2|3,factor0,0,2,singlet,untouched,2,3,0,"[""nontrivial_confining_charge"", ""trivial""]",0,0
carrier_09632,2|3,factor1,1,3,antifund,active_broken_to_residual,2,3,4,"[""trivial"", ""nontrivial_confining_charge""]",12,4
carrier_09633,2|3,factor0,0,2,singlet,untouched,2,3,0,"[""nontrivial_confining_charge"", ""trivial""]",0,0
carrier_09633,2|3,factor1,1,3,antifund,active_broken_to_residual,2,3,4,"[""trivial"", ""nontrivial_confining_charge""]",12,4
carrier_09634,2|3,factor0,0,2,singlet,untouched,2,3,0,"[""nontrivial_confining_charge"", ""trivial""]",0,0
carrier_09634,2|3,factor1,1,3,antifund,active_broken_to_residual,2,3,4,"[""trivial"", ""nontrivial_confining_charge""]",12,4
carrier_09635,2|3,factor0,0,2,singlet,untouched,2,3,0,"[""nontrivial_confining_charge"", ""trivial""]",0,0
carrier_09635,2|3,factor1,1,3,singlet,untouched,3,8,0,"[""trivial"", ""nontrivial_confining_charge""]",0,0
carrier_09636,2|3,factor0,0,2,singlet,untouched,2,3,0,"[""nontrivial_confining_charge"", ""trivial""]",0,0
carrier_09636,2|3,factor1,1,3,singlet,untouched,3,8,0,"[""trivial"", ""nontrivial_confining_charge""]",0,0
carrier_09637,2|3,factor0,0,2,singlet,untouched,2,3,0,"[""nontrivial_confining_charge"", ""trivial""]",0,0
carrier_09637,2|3,factor1,1,3,singlet,untouched,3,8,0,"[""trivial"", ""nontrivial_confining_charge""]",0,0
carrier_09638,2|3,factor0,0,2,singlet,untouched,2,3,0,"[""nontrivial_confining_charge"", ""trivial""]",0,0
carrier_09638,2|3,factor1,1,3,singlet,untouched,3,8,0,"[""trivial"", ""nontrivial_confining_charge""]",0,0
carrier_09639,2|3,factor0,0,2,singlet,untouched,2,3,0,"[""nontrivial_confining_charge"", ""trivial""]",0,0
carrier_09639,2|3,factor1,1,3,singlet,untouched,3,8,0,"[""trivial"", ""nontrivial_confining_charge""]",0,0
carrier_09640,2|3,factor0,0,2,singlet,untouched,2,3,0,"[""nontrivial_confining_charge"", ""trivial""]",0,0
carrier_09640,2|3,factor1,1,3,antifund,active_broken_to_residual,2,3,4,"[""trivial"", ""nontrivial_confining_charge""]",12,4
carrier_09641,2|3,factor0,0,2,singlet,untouched,2,3,0,"[""nontrivial_confining_charge"", ""trivial""]",0,0
carrier_09641,2|3,factor1,1,3,antifund,active_broken_to_residual,2,3,4,"[""trivial"", ""nontrivial_confining_charge""]",12,4
carrier_09642,2|3,factor0,0,2,singlet,untouched,2,3,0,"[""nontrivial_confining_charge"", ""trivial""]",0,0
carrier_09642,2|3,factor1,1,3,antifund,active_broken_to_residual,2,3,4,"[""trivial"", ""nontrivial_confining_charge""]",12,4
carrier_09643,2|3,factor0,0,2,singlet,untouched,2,3,0,"[""nontrivial_confining_charge"", ""trivial""]",0,0
carrier_09643,2|3,factor1,1,3,antifund,active_broken_to_residual,2,3,4,"[""trivial"", ""nontrivial_confining_charge""]",12,4
carrier_09644,2|3,factor0,0,2,singlet,untouched,2,3,0,"[""nontrivial_confining_charge"", ""trivial""]",0,0
carrier_09644,2|3,factor1,1,3,antifund,active_broken_to_residual,2,3,4,"[""trivial"", ""nontrivial_confining_charge""]",12,4
carrier_09645,2|3,factor0,0,2,singlet,untouched,2,3,0,"[""nontrivial_confining_charge"", ""trivial""]",0,0
carrier_09645,2|3,factor1,1,3,antifund,active_broken_to_residual,2,3,4,"[""trivial"", ""nontrivial_confining_charge""]",12,4
carrier_09646,2|3,factor0,0,2,singlet,untouched,2,3,0,"[""nontrivial_confining_charge"", ""trivial""]",0,0
carrier_09646,2|3,factor1,1,3,antifund,active_broken_to_residual,2,3,4,"[""trivial"", ""nontrivial_confining_charge""]",12,4
carrier_09647,2|3,factor0,0,2,singlet,untouched,2,3,0,"[""nontrivial_confining_charge"", ""trivial""]",0,0
carrier_09647,2|3,factor1,1,3,antifund,active_broken_to_residual,2,3,4,"[""trivial"", ""nontrivial_confining_charge""]",12,4
carrier_09648,2|3,factor0,0,2,singlet,untouched,2,3,0,"[""nontrivial_confining_charge"", ""trivial""]",0,0
carrier_09648,2|3,factor1,1,3,antifund,active_broken_to_residual,2,3,4,"[""trivial"", ""nontrivial_confining_charge""]",12,4
carrier_09649,2|3,factor0,0,2,singlet,untouched,2,3,0,"[""nontrivial_confining_charge"", ""trivial""]",0,0
carrier_09649,2|3,factor1,1,3,antifund,active_broken_to_residual,2,3,4,"[""trivial"", ""nontrivial_confining_charge""]",12,4
carrier_09650,2|3,factor0,0,2,singlet,untouched,2,3,0,"[""nontrivial_confining_charge"", ""trivial""]",0,0
carrier_09650,2|3,factor1,1,3,antifund,active_broken_to_residual,2,3,4,"[""trivial"", ""nontrivial_confining_charge""]",12,4
carrier_09651,2|3,factor0,0,2,singlet,untouched,2,3,0,"[""nontrivial_confining_charge"", ""trivial""]",0,0
carrier_09651,2|3,factor1,1,3,antifund,active_broken_to_residual,2,3,4,"[""trivial"", ""nontrivial_confining_charge""]",12,4
carrier_09652,2|3,factor0,0,2,singlet,untouched,2,3,0,"[""nontrivial_confining_charge"", ""trivial""]",0,0
carrier_09652,2|3,factor1,1,3,antifund,active_broken_to_residual,2,3,4,"[""trivial"", ""nontrivial_confining_charge""]",12,4
carrier_09653,2|3,factor0,0,2,singlet,untouched,2,3,0,"[""nontrivial_confining_charge"", ""trivial""]",0,0
carrier_09653,2|3,factor1,1,3,antifund,active_broken_to_residual,2,3,4,"[""trivial"", ""nontrivial_confining_charge""]",12,4
carrier_09654,2|3,factor0,0,2,singlet,untouched,2,3,0,"[""nontrivial_confining_charge"", ""trivial""]",0,0
carrier_09654,2|3,factor1,1,3,antifund,active_broken_to_residual,2,3,4,"[""trivial"", ""nontrivial_confining_charge""]",12,4
carrier_09655,2|3,factor0,0,2,singlet,untouched,2,3,0,"[""nontrivial_confining_charge"", ""trivial""]",0,0
carrier_09655,2|3,factor1,1,3,antifund,active_broken_to_residual,2,3,4,"[""trivial"", ""nontrivial_confining_charge""]",12,4
carrier_09656,2|3,factor0,0,2,singlet,untouched,2,3,0,"[""nontrivial_confining_charge"", ""trivial""]",0,0
carrier_09656,2|3,factor1,1,3,antifund,active_broken_to_residual,2,3,4,"[""trivial"", ""nontrivial_confining_charge""]",12,4
carrier_09657,2|3,factor0,0,2,singlet,untouched,2,3,0,"[""nontrivial_confining_charge"", ""trivial""]",0,0
carrier_09657,2|3,factor1,1,3,antifund,active_broken_to_residual,2,3,4,"[""trivial"", ""nontrivial_confining_charge""]",12,4
carrier_09658,2|3,factor0,0,2,singlet,untouched,2,3,0,"[""nontrivial_confining_charge"", ""trivial""]",0,0
carrier_09658,2|3,factor1,1,3,antifund,active_broken_to_residual,2,3,4,"[""trivial"", ""nontrivial_confining_charge""]",12,4
carrier_09659,2|3,factor0,0,2,singlet,untouched,2,3,0,"[""nontrivial_confining_charge"", ""trivial""]",0,0
carrier_09659,2|3,factor1,1,3,antifund,active_broken_to_residual,2,3,4,"[""trivial"", ""nontrivial_confining_charge""]",12,4
carrier_09660,2|3,factor0,0,2,singlet,untouched,2,3,0,"[""nontrivial_confining_charge"", ""trivial""]",0,0
carrier_09660,2|3,factor1,1,3,singlet,untouched,3,8,0,"[""trivial"", ""nontrivial_confining_charge""]",0,0
carrier_09661,2|3,factor0,0,2,singlet,untouched,2,3,0,"[""nontrivial_confining_charge"", ""trivial""]",0,0
carrier_09661,2|3,factor1,1,3,singlet,untouched,3,8,0,"[""trivial"", ""nontrivial_confining_charge""]",0,0
carrier_09662,2|3,factor0,0,2,singlet,untouched,2,3,0,"[""nontrivial_confining_charge"", ""trivial""]",0,0
carrier_09662,2|3,factor1,1,3,singlet,untouched,3,8,0,"[""trivial"", ""nontrivial_confining_charge""]",0,0
carrier_09663,2|3,factor0,0,2,singlet,untouched,2,3,0,"[""nontrivial_confining_charge"", ""trivial""]",0,0
carrier_09663,2|3,factor1,1,3,antifund,active_broken_to_residual,2,3,4,"[""trivial"", ""nontrivial_confining_charge""]",12,4
carrier_09664,2|3,factor0,0,2,singlet,untouched,2,3,0,"[""nontrivial_confining_charge"", ""trivial""]",0,0
carrier_09664,2|3,factor1,1,3,singlet,untouched,3,8,0,"[""trivial"", ""nontrivial_confining_charge""]",0,0
carrier_09665,2|3,factor0,0,2,singlet,untouched,2,3,0,"[""nontrivial_confining_charge"", ""trivial""]",0,0
carrier_09665,2|3,factor1,1,3,singlet,untouched,3,8,0,"[""trivial"", ""nontrivial_confining_charge""]",0,0
carrier_09666,2|3,factor0,0,2,singlet,untouched,2,3,0,"[""nontrivial_confining_charge"", ""trivial""]",0,0
carrier_09666,2|3,factor1,1,3,singlet,untouched,3,8,0,"[""trivial"", ""nontrivial_confining_charge""]",0,0
carrier_09667,2|3,factor0,0,2,singlet,untouched,2,3,0,"[""nontrivial_confining_charge"", ""trivial""]",0,0
carrier_09667,2|3,factor1,1,3,singlet,untouched,3,8,0,"[""trivial"", ""nontrivial_confining_charge""]",0,0
carrier_09668,2|3,factor0,0,2,singlet,untouched,2,3,0,"[""nontrivial_confining_charge"", ""trivial""]",0,0
carrier_09668,2|3,factor1,1,3,singlet,untouched,3,8,0,"[""trivial"", ""nontrivial_confining_charge""]",0,0
carrier_09669,2|3,factor0,0,2,singlet,untouched,2,3,0,"[""nontrivial_confining_charge"", ""trivial""]",0,0
carrier_09669,2|3,factor1,1,3,singlet,untouched,3,8,0,"[""trivial"", ""nontrivial_confining_charge""]",0,0
carrier_09670,2|3,factor0,0,2,singlet,untouched,2,3,0,"[""nontrivial_confining_charge"", ""trivial""]",0,0
carrier_09670,2|3,factor1,1,3,singlet,untouched,3,8,0,"[""trivial"", ""nontrivial_confining_charge""]",0,0
carrier_09671,2|3,factor0,0,2,singlet,untouched,2,3,0,"[""nontrivial_confining_charge"", ""trivial""]",0,0
carrier_09671,2|3,factor1,1,3,singlet,untouched,3,8,0,"[""trivial"", ""nontrivial_confining_charge""]",0,0
carrier_09672,2|3,factor0,0,2,singlet,untouched,2,3,0,"[""nontrivial_confining_charge"", ""trivial""]",0,0
carrier_09672,2|3,factor1,1,3,singlet,untouched,3,8,0,"[""trivial"", ""nontrivial_confining_charge""]",0,0
carrier_09673,2|3,factor0,0,2,singlet,untouched,2,3,0,"[""nontrivial_confining_charge"", ""trivial""]",0,0
carrier_09673,2|3,factor1,1,3,singlet,untouched,3,8,0,"[""trivial"", ""nontrivial_confining_charge""]",0,0
carrier_09674,2|3,factor0,0,2,singlet,untouched,2,3,0,"[""nontrivial_confining_charge"", ""trivial""]",0,0
carrier_09674,2|3,factor1,1,3,singlet,untouched,3,8,0,"[""trivial"", ""nontrivial_confining_charge""]",0,0
carrier_09675,2|3,factor0,0,2,singlet,untouched,2,3,0,"[""nontrivial_confining_charge"", ""trivial""]",0,0
carrier_09675,2|3,factor1,1,3,singlet,untouched,3,8,0,"[""trivial"", ""nontrivial_confining_charge""]",0,0
carrier_09676,2|3,factor0,0,2,singlet,untouched,2,3,0,"[""nontrivial_confining_charge"", ""trivial""]",0,0
carrier_09676,2|3,factor1,1,3,antifund,active_broken_to_residual,2,3,4,"[""trivial"", ""nontrivial_confining_charge""]",12,4
carrier_09677,2|3,factor0,0,2,singlet,untouched,2,3,0,"[""nontrivial_confining_charge"", ""trivial""]",0,0
carrier_09677,2|3,factor1,1,3,singlet,untouched,3,8,0,"[""trivial"", ""nontrivial_confining_charge""]",0,0
carrier_09678,2|3,factor0,0,2,singlet,untouched,2,3,0,"[""nontrivial_confining_charge"", ""trivial""]",0,0
carrier_09678,2|3,factor1,1,3,singlet,untouched,3,8,0,"[""trivial"", ""nontrivial_confining_charge""]",0,0
carrier_09679,2|3,factor0,0,2,singlet,untouched,2,3,0,"[""nontrivial_confining_charge"", ""trivial""]",0,0
carrier_09679,2|3,factor1,1,3,singlet,untouched,3,8,0,"[""trivial"", ""nontrivial_confining_charge""]",0,0
carrier_10140,2|4,factor0,0,2,singlet,untouched,2,3,0,"[""nontrivial_confining_charge"", ""trivial""]",0,0
carrier_10140,2|4,factor1,1,4,antifund,active_broken_to_residual,3,8,6,"[""trivial"", ""nontrivial_confining_charge""]",48,6
carrier_10141,2|4,factor0,0,2,singlet,untouched,2,3,0,"[""nontrivial_confining_charge"", ""trivial""]",0,0
carrier_10141,2|4,factor1,1,4,antifund,active_broken_to_residual,3,8,6,"[""trivial"", ""nontrivial_confining_charge""]",48,6
carrier_10142,2|4,factor0,0,2,singlet,untouched,2,3,0,"[""nontrivial_confining_charge"", ""trivial""]",0,0
carrier_10142,2|4,factor1,1,4,antifund,active_broken_to_residual,3,8,6,"[""trivial"", ""nontrivial_confining_charge""]",48,6
carrier_10143,2|4,factor0,0,2,singlet,untouched,2,3,0,"[""nontrivial_confining_charge"", ""trivial""]",0,0
carrier_10143,2|4,factor1,1,4,antifund,active_broken_to_residual,3,8,6,"[""trivial"", ""nontrivial_confining_charge""]",48,6
carrier_10144,2|4,factor0,0,2,singlet,untouched,2,3,0,"[""nontrivial_confining_charge"", ""trivial""]",0,0
carrier_10144,2|4,factor1,1,4,singlet,untouched,4,15,0,"[""trivial"", ""nontrivial_confining_charge""]",0,0
carrier_10145,2|4,factor0,0,2,singlet,untouched,2,3,0,"[""nontrivial_confining_charge"", ""trivial""]",0,0
carrier_10145,2|4,factor1,1,4,singlet,untouched,4,15,0,"[""trivial"", ""nontrivial_confining_charge""]",0,0
carrier_10146,2|4,factor0,0,2,singlet,untouched,2,3,0,"[""nontrivial_confining_charge"", ""trivial""]",0,0
carrier_10146,2|4,factor1,1,4,singlet,untouched,4,15,0,"[""trivial"", ""nontrivial_confining_charge""]",0,0
carrier_10147,2|4,factor0,0,2,singlet,untouched,2,3,0,"[""nontrivial_confining_charge"", ""trivial""]",0,0
carrier_10147,2|4,factor1,1,4,antisym2,active_broken_to_residual,3,8,6,"[""trivial"", ""nontrivial_confining_charge""]",48,6
carrier_10148,2|4,factor0,0,2,singlet,untouched,2,3,0,"[""nontrivial_confining_charge"", ""trivial""]",0,0
carrier_10148,2|4,factor1,1,4,singlet,untouched,4,15,0,"[""trivial"", ""nontrivial_confining_charge""]",0,0
carrier_10149,2|4,factor0,0,2,singlet,untouched,2,3,0,"[""nontrivial_confining_charge"", ""trivial""]",0,0
carrier_10149,2|4,factor1,1,4,singlet,untouched,4,15,0,"[""trivial"", ""nontrivial_confining_charge""]",0,0
carrier_10150,2|4,factor0,0,2,singlet,untouched,2,3,0,"[""nontrivial_confining_charge"", ""trivial""]",0,0
carrier_10150,2|4,factor1,1,4,singlet,untouched,4,15,0,"[""trivial"", ""nontrivial_confining_charge""]",0,0
carrier_10151,2|4,factor0,0,2,singlet,untouched,2,3,0,"[""nontrivial_confining_charge"", ""trivial""]",0,0
carrier_10151,2|4,factor1,1,4,singlet,untouched,4,15,0,"[""trivial"", ""nontrivial_confining_charge""]",0,0
carrier_10152,2|4,factor0,0,2,singlet,untouched,2,3,0,"[""nontrivial_confining_charge"", ""trivial""]",0,0
carrier_10152,2|4,factor1,1,4,singlet,untouched,4,15,0,"[""trivial"", ""nontrivial_confining_charge""]",0,0
carrier_10153,2|4,factor0,0,2,singlet,untouched,2,3,0,"[""nontrivial_confining_charge"", ""trivial""]",0,0
carrier_10153,2|4,factor1,1,4,singlet,untouched,4,15,0,"[""trivial"", ""nontrivial_confining_charge""]",0,0
carrier_10154,2|4,factor0,0,2,singlet,untouched,2,3,0,"[""nontrivial_confining_charge"", ""trivial""]",0,0
carrier_10154,2|4,factor1,1,4,singlet,untouched,4,15,0,"[""trivial"", ""nontrivial_confining_charge""]",0,0
carrier_10155,2|4,factor0,0,2,singlet,untouched,2,3,0,"[""nontrivial_confining_charge"", ""trivial""]",0,0
carrier_10155,2|4,factor1,1,4,singlet,untouched,4,15,0,"[""trivial"", ""nontrivial_confining_charge""]",0,0
carrier_10156,2|4,factor0,0,2,singlet,untouched,2,3,0,"[""nontrivial_confining_charge"", ""trivial""]",0,0
carrier_10156,2|4,factor1,1,4,singlet,untouched,4,15,0,"[""trivial"", ""nontrivial_confining_charge""]",0,0
carrier_10157,2|4,factor0,0,2,singlet,untouched,2,3,0,"[""nontrivial_confining_charge"", ""trivial""]",0,0
carrier_10157,2|4,factor1,1,4,singlet,untouched,4,15,0,"[""trivial"", ""nontrivial_confining_charge""]",0,0
carrier_10158,2|4,factor0,0,2,singlet,untouched,2,3,0,"[""nontrivial_confining_charge"", ""trivial""]",0,0
carrier_10158,2|4,factor1,1,4,singlet,untouched,4,15,0,"[""trivial"", ""nontrivial_confining_charge""]",0,0
carrier_10159,2|4,factor0,0,2,singlet,untouched,2,3,0,"[""nontrivial_confining_charge"", ""trivial""]",0,0
carrier_10159,2|4,factor1,1,4,singlet,untouched,4,15,0,"[""trivial"", ""nontrivial_confining_charge""]",0,0
carrier_10160,2|4,factor0,0,2,singlet,untouched,2,3,0,"[""nontrivial_confining_charge"", ""trivial""]",0,0
carrier_10160,2|4,factor1,1,4,antisym2,active_broken_to_residual,3,8,6,"[""trivial"", ""nontrivial_confining_charge""]",48,6
carrier_10161,2|4,factor0,0,2,singlet,untouched,2,3,0,"[""nontrivial_confining_charge"", ""trivial""]",0,0
carrier_10161,2|4,factor1,1,4,singlet,untouched,4,15,0,"[""trivial"", ""nontrivial_confining_charge""]",0,0
carrier_10162,2|4,factor0,0,2,singlet,untouched,2,3,0,"[""nontrivial_confining_charge"", ""trivial""]",0,0
carrier_10162,2|4,factor1,1,4,singlet,untouched,4,15,0,"[""trivial"", ""nontrivial_confining_charge""]",0,0
carrier_10163,2|4,factor0,0,2,singlet,untouched,2,3,0,"[""nontrivial_confining_charge"", ""trivial""]",0,0
carrier_10163,2|4,factor1,1,4,singlet,untouched,4,15,0,"[""trivial"", ""nontrivial_confining_charge""]",0,0
carrier_10268,2|4,factor0,0,2,singlet,untouched,2,3,0,"[""nontrivial_confining_charge"", ""trivial""]",0,0
carrier_10268,2|4,factor1,1,4,antisym2,active_broken_to_residual,3,8,6,"[""trivial"", ""nontrivial_confining_charge""]",48,6
carrier_10270,2|4,factor0,0,2,singlet,untouched,2,3,0,"[""nontrivial_confining_charge"", ""trivial""]",0,0
carrier_10270,2|4,factor1,1,4,antisym2,active_broken_to_residual,3,8,6,"[""trivial"", ""nontrivial_confining_charge""]",48,6
carrier_10272,2|4,factor0,0,2,singlet,untouched,2,3,0,"[""nontrivial_confining_charge"", ""trivial""]",0,0
carrier_10272,2|4,factor1,1,4,antisym2,active_broken_to_residual,3,8,6,"[""trivial"", ""nontrivial_confining_charge""]",48,6
carrier_10274,2|4,factor0,0,2,singlet,untouched,2,3,0,"[""nontrivial_confining_charge"", ""trivial""]",0,0
carrier_10274,2|4,factor1,1,4,antisym2,active_broken_to_residual,3,8,6,"[""trivial"", ""nontrivial_confining_charge""]",48,6
carrier_10276,2|4,factor0,0,2,singlet,untouched,2,3,0,"[""nontrivial_confining_charge"", ""trivial""]",0,0
carrier_10276,2|4,factor1,1,4,antisym2,active_broken_to_residual,3,8,6,"[""trivial"", ""nontrivial_confining_charge""]",48,6
carrier_10278,2|4,factor0,0,2,singlet,untouched,2,3,0,"[""nontrivial_confining_charge"", ""trivial""]",0,0
carrier_10278,2|4,factor1,1,4,antifund,active_broken_to_residual,3,8,6,"[""trivial"", ""nontrivial_confining_charge""]",48,6
carrier_10280,2|4,factor0,0,2,singlet,untouched,2,3,0,"[""nontrivial_confining_charge"", ""trivial""]",0,0
carrier_10280,2|4,factor1,1,4,antifund,active_broken_to_residual,3,8,6,"[""trivial"", ""nontrivial_confining_charge""]",48,6
carrier_10282,2|4,factor0,0,2,singlet,untouched,2,3,0,"[""nontrivial_confining_charge"", ""trivial""]",0,0
carrier_10282,2|4,factor1,1,4,antifund,active_broken_to_residual,3,8,6,"[""trivial"", ""nontrivial_confining_charge""]",48,6
carrier_10284,2|4,factor0,0,2,singlet,untouched,2,3,0,"[""nontrivial_confining_charge"", ""trivial""]",0,0
carrier_10284,2|4,factor1,1,4,antifund,active_broken_to_residual,3,8,6,"[""trivial"", ""nontrivial_confining_charge""]",48,6
carrier_10286,2|4,factor0,0,2,singlet,untouched,2,3,0,"[""nontrivial_confining_charge"", ""trivial""]",0,0
carrier_10286,2|4,factor1,1,4,antifund,active_broken_to_residual,3,8,6,"[""trivial"", ""nontrivial_confining_charge""]",48,6
carrier_10288,2|4,factor0,0,2,singlet,untouched,2,3,0,"[""nontrivial_confining_charge"", ""trivial""]",0,0
carrier_10288,2|4,factor1,1,4,antifund,active_broken_to_residual,3,8,6,"[""trivial"", ""nontrivial_confining_charge""]",48,6
carrier_10290,2|4,factor0,0,2,singlet,untouched,2,3,0,"[""nontrivial_confining_charge"", ""trivial""]",0,0
carrier_10290,2|4,factor1,1,4,antifund,active_broken_to_residual,3,8,6,"[""trivial"", ""nontrivial_confining_charge""]",48,6
carrier_10292,2|4,factor0,0,2,singlet,untouched,2,3,0,"[""nontrivial_confining_charge"", ""trivial""]",0,0
carrier_10292,2|4,factor1,1,4,antifund,active_broken_to_residual,3,8,6,"[""trivial"", ""nontrivial_confining_charge""]",48,6
carrier_10294,2|4,factor0,0,2,singlet,untouched,2,3,0,"[""nontrivial_confining_charge"", ""trivial""]",0,0
carrier_10294,2|4,factor1,1,4,antifund,active_broken_to_residual,3,8,6,"[""trivial"", ""nontrivial_confining_charge""]",48,6
carrier_10296,2|4,factor0,0,2,singlet,untouched,2,3,0,"[""nontrivial_confining_charge"", ""trivial""]",0,0
carrier_10296,2|4,factor1,1,4,antifund,active_broken_to_residual,3,8,6,"[""trivial"", ""nontrivial_confining_charge""]",48,6
carrier_10298,2|4,factor0,0,2,singlet,untouched,2,3,0,"[""nontrivial_confining_charge"", ""trivial""]",0,0
carrier_10298,2|4,factor1,1,4,antifund,active_broken_to_residual,3,8,6,"[""trivial"", ""nontrivial_confining_charge""]",48,6
carrier_10300,2|4,factor0,0,2,singlet,untouched,2,3,0,"[""nontrivial_confining_charge"", ""trivial""]",0,0
carrier_10300,2|4,factor1,1,4,singlet,untouched,4,15,0,"[""trivial"", ""nontrivial_confining_charge""]",0,0
carrier_10302,2|4,factor0,0,2,singlet,untouched,2,3,0,"[""nontrivial_confining_charge"", ""trivial""]",0,0
carrier_10302,2|4,factor1,1,4,singlet,untouched,4,15,0,"[""trivial"", ""nontrivial_confining_charge""]",0,0
carrier_10304,2|4,factor0,0,2,singlet,untouched,2,3,0,"[""nontrivial_confining_charge"", ""trivial""]",0,0
carrier_10304,2|4,factor1,1,4,singlet,untouched,4,15,0,"[""trivial"", ""nontrivial_confining_charge""]",0,0
carrier_10306,2|4,factor0,0,2,singlet,untouched,2,3,0,"[""nontrivial_confining_charge"", ""trivial""]",0,0
carrier_10306,2|4,factor1,1,4,singlet,untouched,4,15,0,"[""trivial"", ""nontrivial_confining_charge""]",0,0
carrier_10308,2|4,factor0,0,2,singlet,untouched,2,3,0,"[""nontrivial_confining_charge"", ""trivial""]",0,0
carrier_10308,2|4,factor1,1,4,singlet,untouched,4,15,0,"[""trivial"", ""nontrivial_confining_charge""]",0,0
carrier_10413,2|4,factor0,0,2,singlet,untouched,2,3,0,"[""nontrivial_confining_charge"", ""trivial""]",0,0
carrier_10413,2|4,factor1,1,4,antisym2,active_broken_to_residual,3,8,6,"[""trivial"", ""nontrivial_confining_charge""]",48,6
carrier_10415,2|4,factor0,0,2,singlet,untouched,2,3,0,"[""nontrivial_confining_charge"", ""trivial""]",0,0
carrier_10415,2|4,factor1,1,4,antisym2,active_broken_to_residual,3,8,6,"[""trivial"", ""nontrivial_confining_charge""]",48,6
carrier_10417,2|4,factor0,0,2,singlet,untouched,2,3,0,"[""nontrivial_confining_charge"", ""trivial""]",0,0
carrier_10417,2|4,factor1,1,4,antisym2,active_broken_to_residual,3,8,6,"[""trivial"", ""nontrivial_confining_charge""]",48,6
carrier_10419,2|4,factor0,0,2,singlet,untouched,2,3,0,"[""nontrivial_confining_charge"", ""trivial""]",0,0
carrier_10419,2|4,factor1,1,4,antisym2,active_broken_to_residual,3,8,6,"[""trivial"", ""nontrivial_confining_charge""]",48,6
carrier_10421,2|4,factor0,0,2,singlet,untouched,2,3,0,"[""nontrivial_confining_charge"", ""trivial""]",0,0
carrier_10421,2|4,factor1,1,4,antisym2,active_broken_to_residual,3,8,6,"[""trivial"", ""nontrivial_confining_charge""]",48,6
carrier_10423,2|4,factor0,0,2,singlet,untouched,2,3,0,"[""nontrivial_confining_charge"", ""trivial""]",0,0
carrier_10423,2|4,factor1,1,4,antifund,active_broken_to_residual,3,8,6,"[""trivial"", ""nontrivial_confining_charge""]",48,6
carrier_10425,2|4,factor0,0,2,singlet,untouched,2,3,0,"[""nontrivial_confining_charge"", ""trivial""]",0,0
carrier_10425,2|4,factor1,1,4,antifund,active_broken_to_residual,3,8,6,"[""trivial"", ""nontrivial_confining_charge""]",48,6
carrier_10427,2|4,factor0,0,2,singlet,untouched,2,3,0,"[""nontrivial_confining_charge"", ""trivial""]",0,0
carrier_10427,2|4,factor1,1,4,antifund,active_broken_to_residual,3,8,6,"[""trivial"", ""nontrivial_confining_charge""]",48,6
carrier_10429,2|4,factor0,0,2,singlet,untouched,2,3,0,"[""nontrivial_confining_charge"", ""trivial""]",0,0
carrier_10429,2|4,factor1,1,4,antifund,active_broken_to_residual,3,8,6,"[""trivial"", ""nontrivial_confining_charge""]",48,6
carrier_10431,2|4,factor0,0,2,singlet,untouched,2,3,0,"[""nontrivial_confining_charge"", ""trivial""]",0,0
carrier_10431,2|4,factor1,1,4,antifund,active_broken_to_residual,3,8,6,"[""trivial"", ""nontrivial_confining_charge""]",48,6
carrier_10433,2|4,factor0,0,2,singlet,untouched,2,3,0,"[""nontrivial_confining_charge"", ""trivial""]",0,0
carrier_10433,2|4,factor1,1,4,antifund,active_broken_to_residual,3,8,6,"[""trivial"", ""nontrivial_confining_charge""]",48,6
carrier_10435,2|4,factor0,0,2,singlet,untouched,2,3,0,"[""nontrivial_confining_charge"", ""trivial""]",0,0
carrier_10435,2|4,factor1,1,4,antifund,active_broken_to_residual,3,8,6,"[""trivial"", ""nontrivial_confining_charge""]",48,6
carrier_10437,2|4,factor0,0,2,singlet,untouched,2,3,0,"[""nontrivial_confining_charge"", ""trivial""]",0,0
carrier_10437,2|4,factor1,1,4,antifund,active_broken_to_residual,3,8,6,"[""trivial"", ""nontrivial_confining_charge""]",48,6
carrier_10439,2|4,factor0,0,2,singlet,untouched,2,3,0,"[""nontrivial_confining_charge"", ""trivial""]",0,0
carrier_10439,2|4,factor1,1,4,antifund,active_broken_to_residual,3,8,6,"[""trivial"", ""nontrivial_confining_charge""]",48,6
carrier_10441,2|4,factor0,0,2,singlet,untouched,2,3,0,"[""nontrivial_confining_charge"", ""trivial""]",0,0
carrier_10441,2|4,factor1,1,4,antifund,active_broken_to_residual,3,8,6,"[""trivial"", ""nontrivial_confining_charge""]",48,6
carrier_10443,2|4,factor0,0,2,singlet,untouched,2,3,0,"[""nontrivial_confining_charge"", ""trivial""]",0,0
carrier_10443,2|4,factor1,1,4,antifund,active_broken_to_residual,3,8,6,"[""trivial"", ""nontrivial_confining_charge""]",48,6
carrier_10445,2|4,factor0,0,2,singlet,untouched,2,3,0,"[""nontrivial_confining_charge"", ""trivial""]",0,0
carrier_10445,2|4,factor1,1,4,singlet,untouched,4,15,0,"[""trivial"", ""nontrivial_confining_charge""]",0,0
carrier_10447,2|4,factor0,0,2,singlet,untouched,2,3,0,"[""nontrivial_confining_charge"", ""trivial""]",0,0
carrier_10447,2|4,factor1,1,4,singlet,untouched,4,15,0,"[""trivial"", ""nontrivial_confining_charge""]",0,0
carrier_10449,2|4,factor0,0,2,singlet,untouched,2,3,0,"[""nontrivial_confining_charge"", ""trivial""]",0,0
carrier_10449,2|4,factor1,1,4,singlet,untouched,4,15,0,"[""trivial"", ""nontrivial_confining_charge""]",0,0
carrier_10451,2|4,factor0,0,2,singlet,untouched,2,3,0,"[""nontrivial_confining_charge"", ""trivial""]",0,0
carrier_10451,2|4,factor1,1,4,singlet,untouched,4,15,0,"[""trivial"", ""nontrivial_confining_charge""]",0,0
carrier_10453,2|4,factor0,0,2,singlet,untouched,2,3,0,"[""nontrivial_confining_charge"", ""trivial""]",0,0
carrier_10453,2|4,factor1,1,4,singlet,untouched,4,15,0,"[""trivial"", ""nontrivial_confining_charge""]",0,0
carrier_10549,2|4,factor0,0,2,singlet,untouched,2,3,0,"[""nontrivial_confining_charge"", ""trivial""]",0,0
carrier_10549,2|4,factor1,1,4,antisym2,active_broken_to_residual,3,8,6,"[""trivial"", ""nontrivial_confining_charge""]",48,6
carrier_10551,2|4,factor0,0,2,singlet,untouched,2,3,0,"[""nontrivial_confining_charge"", ""trivial""]",0,0
carrier_10551,2|4,factor1,1,4,antisym2,active_broken_to_residual,3,8,6,"[""trivial"", ""nontrivial_confining_charge""]",48,6
carrier_10553,2|4,factor0,0,2,singlet,untouched,2,3,0,"[""nontrivial_confining_charge"", ""trivial""]",0,0
carrier_10553,2|4,factor1,1,4,antisym2,active_broken_to_residual,3,8,6,"[""trivial"", ""nontrivial_confining_charge""]",48,6
carrier_10555,2|4,factor0,0,2,singlet,untouched,2,3,0,"[""nontrivial_confining_charge"", ""trivial""]",0,0
carrier_10555,2|4,factor1,1,4,antisym2,active_broken_to_residual,3,8,6,"[""trivial"", ""nontrivial_confining_charge""]",48,6
carrier_10557,2|4,factor0,0,2,singlet,untouched,2,3,0,"[""nontrivial_confining_charge"", ""trivial""]",0,0
carrier_10557,2|4,factor1,1,4,antisym2,active_broken_to_residual,3,8,6,"[""trivial"", ""nontrivial_confining_charge""]",48,6
carrier_10559,2|4,factor0,0,2,singlet,untouched,2,3,0,"[""nontrivial_confining_charge"", ""trivial""]",0,0
carrier_10559,2|4,factor1,1,4,antifund,active_broken_to_residual,3,8,6,"[""trivial"", ""nontrivial_confining_charge""]",48,6
carrier_10561,2|4,factor0,0,2,singlet,untouched,2,3,0,"[""nontrivial_confining_charge"", ""trivial""]",0,0
carrier_10561,2|4,factor1,1,4,antifund,active_broken_to_residual,3,8,6,"[""trivial"", ""nontrivial_confining_charge""]",48,6
carrier_10563,2|4,factor0,0,2,singlet,untouched,2,3,0,"[""nontrivial_confining_charge"", ""trivial""]",0,0
carrier_10563,2|4,factor1,1,4,antifund,active_broken_to_residual,3,8,6,"[""trivial"", ""nontrivial_confining_charge""]",48,6
carrier_10565,2|4,factor0,0,2,singlet,untouched,2,3,0,"[""nontrivial_confining_charge"", ""trivial""]",0,0
carrier_10565,2|4,factor1,1,4,antifund,active_broken_to_residual,3,8,6,"[""trivial"", ""nontrivial_confining_charge""]",48,6
carrier_10567,2|4,factor0,0,2,singlet,untouched,2,3,0,"[""nontrivial_confining_charge"", ""trivial""]",0,0
carrier_10567,2|4,factor1,1,4,antifund,active_broken_to_residual,3,8,6,"[""trivial"", ""nontrivial_confining_charge""]",48,6
carrier_10569,2|4,factor0,0,2,singlet,untouched,2,3,0,"[""nontrivial_confining_charge"", ""trivial""]",0,0
carrier_10569,2|4,factor1,1,4,antifund,active_broken_to_residual,3,8,6,"[""trivial"", ""nontrivial_confining_charge""]",48,6
carrier_10571,2|4,factor0,0,2,singlet,untouched,2,3,0,"[""nontrivial_confining_charge"", ""trivial""]",0,0
carrier_10571,2|4,factor1,1,4,antifund,active_broken_to_residual,3,8,6,"[""trivial"", ""nontrivial_confining_charge""]",48,6
carrier_10573,2|4,factor0,0,2,singlet,untouched,2,3,0,"[""nontrivial_confining_charge"", ""trivial""]",0,0
carrier_10573,2|4,factor1,1,4,antifund,active_broken_to_residual,3,8,6,"[""trivial"", ""nontrivial_confining_charge""]",48,6
carrier_10575,2|4,factor0,0,2,singlet,untouched,2,3,0,"[""nontrivial_confining_charge"", ""trivial""]",0,0
carrier_10575,2|4,factor1,1,4,antifund,active_broken_to_residual,3,8,6,"[""trivial"", ""nontrivial_confining_charge""]",48,6
carrier_10577,2|4,factor0,0,2,singlet,untouched,2,3,0,"[""nontrivial_confining_charge"", ""trivial""]",0,0
carrier_10577,2|4,factor1,1,4,antifund,active_broken_to_residual,3,8,6,"[""trivial"", ""nontrivial_confining_charge""]",48,6
carrier_10579,2|4,factor0,0,2,singlet,untouched,2,3,0,"[""nontrivial_confining_charge"", ""trivial""]",0,0
carrier_10579,2|4,factor1,1,4,antifund,active_broken_to_residual,3,8,6,"[""trivial"", ""nontrivial_confining_charge""]",48,6
carrier_10581,2|4,factor0,0,2,singlet,untouched,2,3,0,"[""nontrivial_confining_charge"", ""trivial""]",0,0
carrier_10581,2|4,factor1,1,4,singlet,untouched,4,15,0,"[""trivial"", ""nontrivial_confining_charge""]",0,0
carrier_10583,2|4,factor0,0,2,singlet,untouched,2,3,0,"[""nontrivial_confining_charge"", ""trivial""]",0,0
carrier_10583,2|4,factor1,1,4,singlet,untouched,4,15,0,"[""trivial"", ""nontrivial_confining_charge""]",0,0
carrier_10585,2|4,factor0,0,2,singlet,untouched,2,3,0,"[""nontrivial_confining_charge"", ""trivial""]",0,0
carrier_10585,2|4,factor1,1,4,singlet,untouched,4,15,0,"[""trivial"", ""nontrivial_confining_charge""]",0,0
carrier_10587,2|4,factor0,0,2,singlet,untouched,2,3,0,"[""nontrivial_confining_charge"", ""trivial""]",0,0
carrier_10587,2|4,factor1,1,4,singlet,untouched,4,15,0,"[""trivial"", ""nontrivial_confining_charge""]",0,0
carrier_10589,2|4,factor0,0,2,singlet,untouched,2,3,0,"[""nontrivial_confining_charge"", ""trivial""]",0,0
carrier_10589,2|4,factor1,1,4,singlet,untouched,4,15,0,"[""trivial"", ""nontrivial_confining_charge""]",0,0
carrier_10676,2|4,factor0,0,2,singlet,untouched,2,3,0,"[""nontrivial_confining_charge"", ""trivial""]",0,0
carrier_10676,2|4,factor1,1,4,antisym2,active_broken_to_residual,3,8,6,"[""trivial"", ""nontrivial_confining_charge""]",48,6
carrier_10678,2|4,factor0,0,2,singlet,untouched,2,3,0,"[""nontrivial_confining_charge"", ""trivial""]",0,0
carrier_10678,2|4,factor1,1,4,antisym2,active_broken_to_residual,3,8,6,"[""trivial"", ""nontrivial_confining_charge""]",48,6
carrier_10680,2|4,factor0,0,2,singlet,untouched,2,3,0,"[""nontrivial_confining_charge"", ""trivial""]",0,0
carrier_10680,2|4,factor1,1,4,antisym2,active_broken_to_residual,3,8,6,"[""trivial"", ""nontrivial_confining_charge""]",48,6
carrier_10682,2|4,factor0,0,2,singlet,untouched,2,3,0,"[""nontrivial_confining_charge"", ""trivial""]",0,0
carrier_10682,2|4,factor1,1,4,antisym2,active_broken_to_residual,3,8,6,"[""trivial"", ""nontrivial_confining_charge""]",48,6
carrier_10684,2|4,factor0,0,2,singlet,untouched,2,3,0,"[""nontrivial_confining_charge"", ""trivial""]",0,0
carrier_10684,2|4,factor1,1,4,antisym2,active_broken_to_residual,3,8,6,"[""trivial"", ""nontrivial_confining_charge""]",48,6
carrier_10686,2|4,factor0,0,2,singlet,untouched,2,3,0,"[""nontrivial_confining_charge"", ""trivial""]",0,0
carrier_10686,2|4,factor1,1,4,antifund,active_broken_to_residual,3,8,6,"[""trivial"", ""nontrivial_confining_charge""]",48,6
carrier_10688,2|4,factor0,0,2,singlet,untouched,2,3,0,"[""nontrivial_confining_charge"", ""trivial""]",0,0
carrier_10688,2|4,factor1,1,4,antifund,active_broken_to_residual,3,8,6,"[""trivial"", ""nontrivial_confining_charge""]",48,6
carrier_10690,2|4,factor0,0,2,singlet,untouched,2,3,0,"[""nontrivial_confining_charge"", ""trivial""]",0,0
carrier_10690,2|4,factor1,1,4,antifund,active_broken_to_residual,3,8,6,"[""trivial"", ""nontrivial_confining_charge""]",48,6
carrier_10692,2|4,factor0,0,2,singlet,untouched,2,3,0,"[""nontrivial_confining_charge"", ""trivial""]",0,0
carrier_10692,2|4,factor1,1,4,antifund,active_broken_to_residual,3,8,6,"[""trivial"", ""nontrivial_confining_charge""]",48,6
carrier_10694,2|4,factor0,0,2,singlet,untouched,2,3,0,"[""nontrivial_confining_charge"", ""trivial""]",0,0
carrier_10694,2|4,factor1,1,4,antifund,active_broken_to_residual,3,8,6,"[""trivial"", ""nontrivial_confining_charge""]",48,6
carrier_10696,2|4,factor0,0,2,singlet,untouched,2,3,0,"[""nontrivial_confining_charge"", ""trivial""]",0,0
carrier_10696,2|4,factor1,1,4,antifund,active_broken_to_residual,3,8,6,"[""trivial"", ""nontrivial_confining_charge""]",48,6
carrier_10698,2|4,factor0,0,2,singlet,untouched,2,3,0,"[""nontrivial_confining_charge"", ""trivial""]",0,0
carrier_10698,2|4,factor1,1,4,antifund,active_broken_to_residual,3,8,6,"[""trivial"", ""nontrivial_confining_charge""]",48,6
carrier_10700,2|4,factor0,0,2,singlet,untouched,2,3,0,"[""nontrivial_confining_charge"", ""trivial""]",0,0
carrier_10700,2|4,factor1,1,4,antifund,active_broken_to_residual,3,8,6,"[""trivial"", ""nontrivial_confining_charge""]",48,6
carrier_10702,2|4,factor0,0,2,singlet,untouched,2,3,0,"[""nontrivial_confining_charge"", ""trivial""]",0,0
carrier_10702,2|4,factor1,1,4,antifund,active_broken_to_residual,3,8,6,"[""trivial"", ""nontrivial_confining_charge""]",48,6
carrier_10704,2|4,factor0,0,2,singlet,untouched,2,3,0,"[""nontrivial_confining_charge"", ""trivial""]",0,0
carrier_10704,2|4,factor1,1,4,antifund,active_broken_to_residual,3,8,6,"[""trivial"", ""nontrivial_confining_charge""]",48,6
carrier_10706,2|4,factor0,0,2,singlet,untouched,2,3,0,"[""nontrivial_confining_charge"", ""trivial""]",0,0
carrier_10706,2|4,factor1,1,4,antifund,active_broken_to_residual,3,8,6,"[""trivial"", ""nontrivial_confining_charge""]",48,6
carrier_10708,2|4,factor0,0,2,singlet,untouched,2,3,0,"[""nontrivial_confining_charge"", ""trivial""]",0,0
carrier_10708,2|4,factor1,1,4,singlet,untouched,4,15,0,"[""trivial"", ""nontrivial_confining_charge""]",0,0
carrier_10710,2|4,factor0,0,2,singlet,untouched,2,3,0,"[""nontrivial_confining_charge"", ""trivial""]",0,0
carrier_10710,2|4,factor1,1,4,singlet,untouched,4,15,0,"[""trivial"", ""nontrivial_confining_charge""]",0,0
carrier_10712,2|4,factor0,0,2,singlet,untouched,2,3,0,"[""nontrivial_confining_charge"", ""trivial""]",0,0
carrier_10712,2|4,factor1,1,4,singlet,untouched,4,15,0,"[""trivial"", ""nontrivial_confining_charge""]",0,0
carrier_10714,2|4,factor0,0,2,singlet,untouched,2,3,0,"[""nontrivial_confining_charge"", ""trivial""]",0,0
carrier_10714,2|4,factor1,1,4,singlet,untouched,4,15,0,"[""trivial"", ""nontrivial_confining_charge""]",0,0
carrier_10716,2|4,factor0,0,2,singlet,untouched,2,3,0,"[""nontrivial_confining_charge"", ""trivial""]",0,0
carrier_10716,2|4,factor1,1,4,singlet,untouched,4,15,0,"[""trivial"", ""nontrivial_confining_charge""]",0,0
carrier_10794,2|4,factor0,0,2,singlet,untouched,2,3,0,"[""nontrivial_confining_charge"", ""trivial""]",0,0
carrier_10794,2|4,factor1,1,4,antisym2,active_broken_to_residual,3,8,6,"[""trivial"", ""nontrivial_confining_charge""]",48,6
carrier_10796,2|4,factor0,0,2,singlet,untouched,2,3,0,"[""nontrivial_confining_charge"", ""trivial""]",0,0
carrier_10796,2|4,factor1,1,4,antisym2,active_broken_to_residual,3,8,6,"[""trivial"", ""nontrivial_confining_charge""]",48,6
carrier_10798,2|4,factor0,0,2,singlet,untouched,2,3,0,"[""nontrivial_confining_charge"", ""trivial""]",0,0
carrier_10798,2|4,factor1,1,4,antisym2,active_broken_to_residual,3,8,6,"[""trivial"", ""nontrivial_confining_charge""]",48,6
carrier_10800,2|4,factor0,0,2,singlet,untouched,2,3,0,"[""nontrivial_confining_charge"", ""trivial""]",0,0
carrier_10800,2|4,factor1,1,4,antisym2,active_broken_to_residual,3,8,6,"[""trivial"", ""nontrivial_confining_charge""]",48,6
carrier_10802,2|4,factor0,0,2,singlet,untouched,2,3,0,"[""nontrivial_confining_charge"", ""trivial""]",0,0
carrier_10802,2|4,factor1,1,4,antisym2,active_broken_to_residual,3,8,6,"[""trivial"", ""nontrivial_confining_charge""]",48,6
carrier_10804,2|4,factor0,0,2,singlet,untouched,2,3,0,"[""nontrivial_confining_charge"", ""trivial""]",0,0
carrier_10804,2|4,factor1,1,4,antifund,active_broken_to_residual,3,8,6,"[""trivial"", ""nontrivial_confining_charge""]",48,6
carrier_10806,2|4,factor0,0,2,singlet,untouched,2,3,0,"[""nontrivial_confining_charge"", ""trivial""]",0,0
carrier_10806,2|4,factor1,1,4,antifund,active_broken_to_residual,3,8,6,"[""trivial"", ""nontrivial_confining_charge""]",48,6
carrier_10808,2|4,factor0,0,2,singlet,untouched,2,3,0,"[""nontrivial_confining_charge"", ""trivial""]",0,0
carrier_10808,2|4,factor1,1,4,antifund,active_broken_to_residual,3,8,6,"[""trivial"", ""nontrivial_confining_charge""]",48,6
carrier_10810,2|4,factor0,0,2,singlet,untouched,2,3,0,"[""nontrivial_confining_charge"", ""trivial""]",0,0
carrier_10810,2|4,factor1,1,4,antifund,active_broken_to_residual,3,8,6,"[""trivial"", ""nontrivial_confining_charge""]",48,6
carrier_10812,2|4,factor0,0,2,singlet,untouched,2,3,0,"[""nontrivial_confining_charge"", ""trivial""]",0,0
carrier_10812,2|4,factor1,1,4,antifund,active_broken_to_residual,3,8,6,"[""trivial"", ""nontrivial_confining_charge""]",48,6
carrier_10814,2|4,factor0,0,2,singlet,untouched,2,3,0,"[""nontrivial_confining_charge"", ""trivial""]",0,0
carrier_10814,2|4,factor1,1,4,antifund,active_broken_to_residual,3,8,6,"[""trivial"", ""nontrivial_confining_charge""]",48,6
carrier_10816,2|4,factor0,0,2,singlet,untouched,2,3,0,"[""nontrivial_confining_charge"", ""trivial""]",0,0
carrier_10816,2|4,factor1,1,4,antifund,active_broken_to_residual,3,8,6,"[""trivial"", ""nontrivial_confining_charge""]",48,6
carrier_10818,2|4,factor0,0,2,singlet,untouched,2,3,0,"[""nontrivial_confining_charge"", ""trivial""]",0,0
carrier_10818,2|4,factor1,1,4,antifund,active_broken_to_residual,3,8,6,"[""trivial"", ""nontrivial_confining_charge""]",48,6
carrier_10820,2|4,factor0,0,2,singlet,untouched,2,3,0,"[""nontrivial_confining_charge"", ""trivial""]",0,0
carrier_10820,2|4,factor1,1,4,antifund,active_broken_to_residual,3,8,6,"[""trivial"", ""nontrivial_confining_charge""]",48,6
carrier_10822,2|4,factor0,0,2,singlet,untouched,2,3,0,"[""nontrivial_confining_charge"", ""trivial""]",0,0
carrier_10822,2|4,factor1,1,4,antifund,active_broken_to_residual,3,8,6,"[""trivial"", ""nontrivial_confining_charge""]",48,6
carrier_10824,2|4,factor0,0,2,singlet,untouched,2,3,0,"[""nontrivial_confining_charge"", ""trivial""]",0,0
carrier_10824,2|4,factor1,1,4,antifund,active_broken_to_residual,3,8,6,"[""trivial"", ""nontrivial_confining_charge""]",48,6
carrier_10826,2|4,factor0,0,2,singlet,untouched,2,3,0,"[""nontrivial_confining_charge"", ""trivial""]",0,0
carrier_10826,2|4,factor1,1,4,singlet,untouched,4,15,0,"[""trivial"", ""nontrivial_confining_charge""]",0,0
carrier_10828,2|4,factor0,0,2,singlet,untouched,2,3,0,"[""nontrivial_confining_charge"", ""trivial""]",0,0
carrier_10828,2|4,factor1,1,4,singlet,untouched,4,15,0,"[""trivial"", ""nontrivial_confining_charge""]",0,0
carrier_10830,2|4,factor0,0,2,singlet,untouched,2,3,0,"[""nontrivial_confining_charge"", ""trivial""]",0,0
carrier_10830,2|4,factor1,1,4,singlet,untouched,4,15,0,"[""trivial"", ""nontrivial_confining_charge""]",0,0
carrier_10832,2|4,factor0,0,2,singlet,untouched,2,3,0,"[""nontrivial_confining_charge"", ""trivial""]",0,0
carrier_10832,2|4,factor1,1,4,singlet,untouched,4,15,0,"[""trivial"", ""nontrivial_confining_charge""]",0,0
carrier_10834,2|4,factor0,0,2,singlet,untouched,2,3,0,"[""nontrivial_confining_charge"", ""trivial""]",0,0
carrier_10834,2|4,factor1,1,4,singlet,untouched,4,15,0,"[""trivial"", ""nontrivial_confining_charge""]",0,0
carrier_11014,2|4,factor0,0,2,singlet,untouched,2,3,0,"[""nontrivial_confining_charge"", ""trivial""]",0,0
carrier_11014,2|4,factor1,1,4,antifund,active_broken_to_residual,3,8,6,"[""trivial"", ""nontrivial_confining_charge""]",48,6
carrier_11015,2|4,factor0,0,2,singlet,untouched,2,3,0,"[""nontrivial_confining_charge"", ""trivial""]",0,0
carrier_11015,2|4,factor1,1,4,antifund,active_broken_to_residual,3,8,6,"[""trivial"", ""nontrivial_confining_charge""]",48,6
carrier_11016,2|4,factor0,0,2,singlet,untouched,2,3,0,"[""nontrivial_confining_charge"", ""trivial""]",0,0
carrier_11016,2|4,factor1,1,4,antifund,active_broken_to_residual,3,8,6,"[""trivial"", ""nontrivial_confining_charge""]",48,6
carrier_11017,2|4,factor0,0,2,singlet,untouched,2,3,0,"[""nontrivial_confining_charge"", ""trivial""]",0,0
carrier_11017,2|4,factor1,1,4,antifund,active_broken_to_residual,3,8,6,"[""trivial"", ""nontrivial_confining_charge""]",48,6
carrier_11018,2|4,factor0,0,2,singlet,untouched,2,3,0,"[""nontrivial_confining_charge"", ""trivial""]",0,0
carrier_11018,2|4,factor1,1,4,singlet,untouched,4,15,0,"[""trivial"", ""nontrivial_confining_charge""]",0,0
carrier_11019,2|4,factor0,0,2,singlet,untouched,2,3,0,"[""nontrivial_confining_charge"", ""trivial""]",0,0
carrier_11019,2|4,factor1,1,4,singlet,untouched,4,15,0,"[""trivial"", ""nontrivial_confining_charge""]",0,0
carrier_11020,2|4,factor0,0,2,singlet,untouched,2,3,0,"[""nontrivial_confining_charge"", ""trivial""]",0,0
carrier_11020,2|4,factor1,1,4,singlet,untouched,4,15,0,"[""trivial"", ""nontrivial_confining_charge""]",0,0
carrier_11021,2|4,factor0,0,2,singlet,untouched,2,3,0,"[""nontrivial_confining_charge"", ""trivial""]",0,0
carrier_11021,2|4,factor1,1,4,antisym2,active_broken_to_residual,3,8,6,"[""trivial"", ""nontrivial_confining_charge""]",48,6
carrier_11022,2|4,factor0,0,2,singlet,untouched,2,3,0,"[""nontrivial_confining_charge"", ""trivial""]",0,0
carrier_11022,2|4,factor1,1,4,singlet,untouched,4,15,0,"[""trivial"", ""nontrivial_confining_charge""]",0,0
carrier_11023,2|4,factor0,0,2,singlet,untouched,2,3,0,"[""nontrivial_confining_charge"", ""trivial""]",0,0
carrier_11023,2|4,factor1,1,4,singlet,untouched,4,15,0,"[""trivial"", ""nontrivial_confining_charge""]",0,0
carrier_11024,2|4,factor0,0,2,singlet,untouched,2,3,0,"[""nontrivial_confining_charge"", ""trivial""]",0,0
carrier_11024,2|4,factor1,1,4,singlet,untouched,4,15,0,"[""trivial"", ""nontrivial_confining_charge""]",0,0
carrier_11025,2|4,factor0,0,2,singlet,untouched,2,3,0,"[""nontrivial_confining_charge"", ""trivial""]",0,0
carrier_11025,2|4,factor1,1,4,singlet,untouched,4,15,0,"[""trivial"", ""nontrivial_confining_charge""]",0,0
carrier_11026,2|4,factor0,0,2,singlet,untouched,2,3,0,"[""nontrivial_confining_charge"", ""trivial""]",0,0
carrier_11026,2|4,factor1,1,4,singlet,untouched,4,15,0,"[""trivial"", ""nontrivial_confining_charge""]",0,0
carrier_11027,2|4,factor0,0,2,singlet,untouched,2,3,0,"[""nontrivial_confining_charge"", ""trivial""]",0,0
carrier_11027,2|4,factor1,1,4,singlet,untouched,4,15,0,"[""trivial"", ""nontrivial_confining_charge""]",0,0
carrier_11028,2|4,factor0,0,2,singlet,untouched,2,3,0,"[""nontrivial_confining_charge"", ""trivial""]",0,0
carrier_11028,2|4,factor1,1,4,singlet,untouched,4,15,0,"[""trivial"", ""nontrivial_confining_charge""]",0,0
carrier_11029,2|4,factor0,0,2,singlet,untouched,2,3,0,"[""nontrivial_confining_charge"", ""trivial""]",0,0
carrier_11029,2|4,factor1,1,4,singlet,untouched,4,15,0,"[""trivial"", ""nontrivial_confining_charge""]",0,0
carrier_11030,2|4,factor0,0,2,singlet,untouched,2,3,0,"[""nontrivial_confining_charge"", ""trivial""]",0,0
carrier_11030,2|4,factor1,1,4,singlet,untouched,4,15,0,"[""trivial"", ""nontrivial_confining_charge""]",0,0
carrier_11031,2|4,factor0,0,2,singlet,untouched,2,3,0,"[""nontrivial_confining_charge"", ""trivial""]",0,0
carrier_11031,2|4,factor1,1,4,singlet,untouched,4,15,0,"[""trivial"", ""nontrivial_confining_charge""]",0,0
carrier_11032,2|4,factor0,0,2,singlet,untouched,2,3,0,"[""nontrivial_confining_charge"", ""trivial""]",0,0
carrier_11032,2|4,factor1,1,4,singlet,untouched,4,15,0,"[""trivial"", ""nontrivial_confining_charge""]",0,0
carrier_11033,2|4,factor0,0,2,singlet,untouched,2,3,0,"[""nontrivial_confining_charge"", ""trivial""]",0,0
carrier_11033,2|4,factor1,1,4,singlet,untouched,4,15,0,"[""trivial"", ""nontrivial_confining_charge""]",0,0
carrier_11034,2|4,factor0,0,2,singlet,untouched,2,3,0,"[""nontrivial_confining_charge"", ""trivial""]",0,0
carrier_11034,2|4,factor1,1,4,antisym2,active_broken_to_residual,3,8,6,"[""trivial"", ""nontrivial_confining_charge""]",48,6
carrier_11035,2|4,factor0,0,2,singlet,untouched,2,3,0,"[""nontrivial_confining_charge"", ""trivial""]",0,0
carrier_11035,2|4,factor1,1,4,singlet,untouched,4,15,0,"[""trivial"", ""nontrivial_confining_charge""]",0,0
carrier_11036,2|4,factor0,0,2,singlet,untouched,2,3,0,"[""nontrivial_confining_charge"", ""trivial""]",0,0
carrier_11036,2|4,factor1,1,4,singlet,untouched,4,15,0,"[""trivial"", ""nontrivial_confining_charge""]",0,0
carrier_11037,2|4,factor0,0,2,singlet,untouched,2,3,0,"[""nontrivial_confining_charge"", ""trivial""]",0,0
carrier_11037,2|4,factor1,1,4,singlet,untouched,4,15,0,"[""trivial"", ""nontrivial_confining_charge""]",0,0
carrier_11058,2|4,factor0,0,2,singlet,untouched,2,3,0,"[""nontrivial_confining_charge"", ""trivial""]",0,0
carrier_11058,2|4,factor1,1,4,antisym2,active_broken_to_residual,3,8,6,"[""trivial"", ""nontrivial_confining_charge""]",48,6
carrier_11060,2|4,factor0,0,2,singlet,untouched,2,3,0,"[""nontrivial_confining_charge"", ""trivial""]",0,0
carrier_11060,2|4,factor1,1,4,antisym2,active_broken_to_residual,3,8,6,"[""trivial"", ""nontrivial_confining_charge""]",48,6
carrier_11062,2|4,factor0,0,2,singlet,untouched,2,3,0,"[""nontrivial_confining_charge"", ""trivial""]",0,0
carrier_11062,2|4,factor1,1,4,antisym2,active_broken_to_residual,3,8,6,"[""trivial"", ""nontrivial_confining_charge""]",48,6
carrier_11064,2|4,factor0,0,2,singlet,untouched,2,3,0,"[""nontrivial_confining_charge"", ""trivial""]",0,0
carrier_11064,2|4,factor1,1,4,antisym2,active_broken_to_residual,3,8,6,"[""trivial"", ""nontrivial_confining_charge""]",48,6
carrier_11066,2|4,factor0,0,2,singlet,untouched,2,3,0,"[""nontrivial_confining_charge"", ""trivial""]",0,0
carrier_11066,2|4,factor1,1,4,antisym2,active_broken_to_residual,3,8,6,"[""trivial"", ""nontrivial_confining_charge""]",48,6
carrier_11068,2|4,factor0,0,2,singlet,untouched,2,3,0,"[""nontrivial_confining_charge"", ""trivial""]",0,0
carrier_11068,2|4,factor1,1,4,antifund,active_broken_to_residual,3,8,6,"[""trivial"", ""nontrivial_confining_charge""]",48,6
carrier_11070,2|4,factor0,0,2,singlet,untouched,2,3,0,"[""nontrivial_confining_charge"", ""trivial""]",0,0
carrier_11070,2|4,factor1,1,4,antifund,active_broken_to_residual,3,8,6,"[""trivial"", ""nontrivial_confining_charge""]",48,6
carrier_11072,2|4,factor0,0,2,singlet,untouched,2,3,0,"[""nontrivial_confining_charge"", ""trivial""]",0,0
carrier_11072,2|4,factor1,1,4,antifund,active_broken_to_residual,3,8,6,"[""trivial"", ""nontrivial_confining_charge""]",48,6
carrier_11074,2|4,factor0,0,2,singlet,untouched,2,3,0,"[""nontrivial_confining_charge"", ""trivial""]",0,0
carrier_11074,2|4,factor1,1,4,antifund,active_broken_to_residual,3,8,6,"[""trivial"", ""nontrivial_confining_charge""]",48,6
carrier_11076,2|4,factor0,0,2,singlet,untouched,2,3,0,"[""nontrivial_confining_charge"", ""trivial""]",0,0
carrier_11076,2|4,factor1,1,4,antifund,active_broken_to_residual,3,8,6,"[""trivial"", ""nontrivial_confining_charge""]",48,6
carrier_11078,2|4,factor0,0,2,singlet,untouched,2,3,0,"[""nontrivial_confining_charge"", ""trivial""]",0,0
carrier_11078,2|4,factor1,1,4,antifund,active_broken_to_residual,3,8,6,"[""trivial"", ""nontrivial_confining_charge""]",48,6
carrier_11080,2|4,factor0,0,2,singlet,untouched,2,3,0,"[""nontrivial_confining_charge"", ""trivial""]",0,0
carrier_11080,2|4,factor1,1,4,antifund,active_broken_to_residual,3,8,6,"[""trivial"", ""nontrivial_confining_charge""]",48,6
carrier_11082,2|4,factor0,0,2,singlet,untouched,2,3,0,"[""nontrivial_confining_charge"", ""trivial""]",0,0
carrier_11082,2|4,factor1,1,4,antifund,active_broken_to_residual,3,8,6,"[""trivial"", ""nontrivial_confining_charge""]",48,6
carrier_11084,2|4,factor0,0,2,singlet,untouched,2,3,0,"[""nontrivial_confining_charge"", ""trivial""]",0,0
carrier_11084,2|4,factor1,1,4,antifund,active_broken_to_residual,3,8,6,"[""trivial"", ""nontrivial_confining_charge""]",48,6
carrier_11086,2|4,factor0,0,2,singlet,untouched,2,3,0,"[""nontrivial_confining_charge"", ""trivial""]",0,0
carrier_11086,2|4,factor1,1,4,antifund,active_broken_to_residual,3,8,6,"[""trivial"", ""nontrivial_confining_charge""]",48,6
carrier_11088,2|4,factor0,0,2,singlet,untouched,2,3,0,"[""nontrivial_confining_charge"", ""trivial""]",0,0
carrier_11088,2|4,factor1,1,4,antifund,active_broken_to_residual,3,8,6,"[""trivial"", ""nontrivial_confining_charge""]",48,6
carrier_11090,2|4,factor0,0,2,singlet,untouched,2,3,0,"[""nontrivial_confining_charge"", ""trivial""]",0,0
carrier_11090,2|4,factor1,1,4,singlet,untouched,4,15,0,"[""trivial"", ""nontrivial_confining_charge""]",0,0
carrier_11092,2|4,factor0,0,2,singlet,untouched,2,3,0,"[""nontrivial_confining_charge"", ""trivial""]",0,0
carrier_11092,2|4,factor1,1,4,singlet,untouched,4,15,0,"[""trivial"", ""nontrivial_confining_charge""]",0,0
carrier_11094,2|4,factor0,0,2,singlet,untouched,2,3,0,"[""nontrivial_confining_charge"", ""trivial""]",0,0
carrier_11094,2|4,factor1,1,4,singlet,untouched,4,15,0,"[""trivial"", ""nontrivial_confining_charge""]",0,0
carrier_11096,2|4,factor0,0,2,singlet,untouched,2,3,0,"[""nontrivial_confining_charge"", ""trivial""]",0,0
carrier_11096,2|4,factor1,1,4,singlet,untouched,4,15,0,"[""trivial"", ""nontrivial_confining_charge""]",0,0
carrier_11098,2|4,factor0,0,2,singlet,untouched,2,3,0,"[""nontrivial_confining_charge"", ""trivial""]",0,0
carrier_11098,2|4,factor1,1,4,singlet,untouched,4,15,0,"[""trivial"", ""nontrivial_confining_charge""]",0,0
carrier_11126,2|4,factor0,0,2,singlet,untouched,2,3,0,"[""nontrivial_confining_charge"", ""trivial""]",0,0
carrier_11126,2|4,factor1,1,4,antisym2,active_broken_to_residual,3,8,6,"[""trivial"", ""nontrivial_confining_charge""]",48,6
carrier_11128,2|4,factor0,0,2,singlet,untouched,2,3,0,"[""nontrivial_confining_charge"", ""trivial""]",0,0
carrier_11128,2|4,factor1,1,4,antisym2,active_broken_to_residual,3,8,6,"[""trivial"", ""nontrivial_confining_charge""]",48,6
carrier_11130,2|4,factor0,0,2,singlet,untouched,2,3,0,"[""nontrivial_confining_charge"", ""trivial""]",0,0
carrier_11130,2|4,factor1,1,4,antisym2,active_broken_to_residual,3,8,6,"[""trivial"", ""nontrivial_confining_charge""]",48,6
carrier_11132,2|4,factor0,0,2,singlet,untouched,2,3,0,"[""nontrivial_confining_charge"", ""trivial""]",0,0
carrier_11132,2|4,factor1,1,4,antisym2,active_broken_to_residual,3,8,6,"[""trivial"", ""nontrivial_confining_charge""]",48,6
carrier_11134,2|4,factor0,0,2,singlet,untouched,2,3,0,"[""nontrivial_confining_charge"", ""trivial""]",0,0
carrier_11134,2|4,factor1,1,4,antisym2,active_broken_to_residual,3,8,6,"[""trivial"", ""nontrivial_confining_charge""]",48,6
carrier_11136,2|4,factor0,0,2,singlet,untouched,2,3,0,"[""nontrivial_confining_charge"", ""trivial""]",0,0
carrier_11136,2|4,factor1,1,4,antifund,active_broken_to_residual,3,8,6,"[""trivial"", ""nontrivial_confining_charge""]",48,6
carrier_11138,2|4,factor0,0,2,singlet,untouched,2,3,0,"[""nontrivial_confining_charge"", ""trivial""]",0,0
carrier_11138,2|4,factor1,1,4,antifund,active_broken_to_residual,3,8,6,"[""trivial"", ""nontrivial_confining_charge""]",48,6
carrier_11140,2|4,factor0,0,2,singlet,untouched,2,3,0,"[""nontrivial_confining_charge"", ""trivial""]",0,0
carrier_11140,2|4,factor1,1,4,antifund,active_broken_to_residual,3,8,6,"[""trivial"", ""nontrivial_confining_charge""]",48,6
carrier_11142,2|4,factor0,0,2,singlet,untouched,2,3,0,"[""nontrivial_confining_charge"", ""trivial""]",0,0
carrier_11142,2|4,factor1,1,4,antifund,active_broken_to_residual,3,8,6,"[""trivial"", ""nontrivial_confining_charge""]",48,6
carrier_11144,2|4,factor0,0,2,singlet,untouched,2,3,0,"[""nontrivial_confining_charge"", ""trivial""]",0,0
carrier_11144,2|4,factor1,1,4,antifund,active_broken_to_residual,3,8,6,"[""trivial"", ""nontrivial_confining_charge""]",48,6
carrier_11146,2|4,factor0,0,2,singlet,untouched,2,3,0,"[""nontrivial_confining_charge"", ""trivial""]",0,0
carrier_11146,2|4,factor1,1,4,antifund,active_broken_to_residual,3,8,6,"[""trivial"", ""nontrivial_confining_charge""]",48,6
carrier_11148,2|4,factor0,0,2,singlet,untouched,2,3,0,"[""nontrivial_confining_charge"", ""trivial""]",0,0
carrier_11148,2|4,factor1,1,4,antifund,active_broken_to_residual,3,8,6,"[""trivial"", ""nontrivial_confining_charge""]",48,6
carrier_11150,2|4,factor0,0,2,singlet,untouched,2,3,0,"[""nontrivial_confining_charge"", ""trivial""]",0,0
carrier_11150,2|4,factor1,1,4,antifund,active_broken_to_residual,3,8,6,"[""trivial"", ""nontrivial_confining_charge""]",48,6
carrier_11152,2|4,factor0,0,2,singlet,untouched,2,3,0,"[""nontrivial_confining_charge"", ""trivial""]",0,0
carrier_11152,2|4,factor1,1,4,antifund,active_broken_to_residual,3,8,6,"[""trivial"", ""nontrivial_confining_charge""]",48,6
carrier_11154,2|4,factor0,0,2,singlet,untouched,2,3,0,"[""nontrivial_confining_charge"", ""trivial""]",0,0
carrier_11154,2|4,factor1,1,4,antifund,active_broken_to_residual,3,8,6,"[""trivial"", ""nontrivial_confining_charge""]",48,6
carrier_11156,2|4,factor0,0,2,singlet,untouched,2,3,0,"[""nontrivial_confining_charge"", ""trivial""]",0,0
carrier_11156,2|4,factor1,1,4,antifund,active_broken_to_residual,3,8,6,"[""trivial"", ""nontrivial_confining_charge""]",48,6
carrier_11158,2|4,factor0,0,2,singlet,untouched,2,3,0,"[""nontrivial_confining_charge"", ""trivial""]",0,0
carrier_11158,2|4,factor1,1,4,singlet,untouched,4,15,0,"[""trivial"", ""nontrivial_confining_charge""]",0,0
carrier_11160,2|4,factor0,0,2,singlet,untouched,2,3,0,"[""nontrivial_confining_charge"", ""trivial""]",0,0
carrier_11160,2|4,factor1,1,4,singlet,untouched,4,15,0,"[""trivial"", ""nontrivial_confining_charge""]",0,0
carrier_11162,2|4,factor0,0,2,singlet,untouched,2,3,0,"[""nontrivial_confining_charge"", ""trivial""]",0,0
carrier_11162,2|4,factor1,1,4,singlet,untouched,4,15,0,"[""trivial"", ""nontrivial_confining_charge""]",0,0
carrier_11164,2|4,factor0,0,2,singlet,untouched,2,3,0,"[""nontrivial_confining_charge"", ""trivial""]",0,0
carrier_11164,2|4,factor1,1,4,singlet,untouched,4,15,0,"[""trivial"", ""nontrivial_confining_charge""]",0,0
carrier_11166,2|4,factor0,0,2,singlet,untouched,2,3,0,"[""nontrivial_confining_charge"", ""trivial""]",0,0
carrier_11166,2|4,factor1,1,4,singlet,untouched,4,15,0,"[""trivial"", ""nontrivial_confining_charge""]",0,0
carrier_11192,2|4,factor0,0,2,singlet,untouched,2,3,0,"[""nontrivial_confining_charge"", ""trivial""]",0,0
carrier_11192,2|4,factor1,1,4,antisym2,active_broken_to_residual,3,8,6,"[""trivial"", ""nontrivial_confining_charge""]",48,6
carrier_11194,2|4,factor0,0,2,singlet,untouched,2,3,0,"[""nontrivial_confining_charge"", ""trivial""]",0,0
carrier_11194,2|4,factor1,1,4,antisym2,active_broken_to_residual,3,8,6,"[""trivial"", ""nontrivial_confining_charge""]",48,6
carrier_11196,2|4,factor0,0,2,singlet,untouched,2,3,0,"[""nontrivial_confining_charge"", ""trivial""]",0,0
carrier_11196,2|4,factor1,1,4,antisym2,active_broken_to_residual,3,8,6,"[""trivial"", ""nontrivial_confining_charge""]",48,6
carrier_11198,2|4,factor0,0,2,singlet,untouched,2,3,0,"[""nontrivial_confining_charge"", ""trivial""]",0,0
carrier_11198,2|4,factor1,1,4,antisym2,active_broken_to_residual,3,8,6,"[""trivial"", ""nontrivial_confining_charge""]",48,6
carrier_11200,2|4,factor0,0,2,singlet,untouched,2,3,0,"[""nontrivial_confining_charge"", ""trivial""]",0,0
carrier_11200,2|4,factor1,1,4,antisym2,active_broken_to_residual,3,8,6,"[""trivial"", ""nontrivial_confining_charge""]",48,6
carrier_11202,2|4,factor0,0,2,singlet,untouched,2,3,0,"[""nontrivial_confining_charge"", ""trivial""]",0,0
carrier_11202,2|4,factor1,1,4,antifund,active_broken_to_residual,3,8,6,"[""trivial"", ""nontrivial_confining_charge""]",48,6
carrier_11204,2|4,factor0,0,2,singlet,untouched,2,3,0,"[""nontrivial_confining_charge"", ""trivial""]",0,0
carrier_11204,2|4,factor1,1,4,antifund,active_broken_to_residual,3,8,6,"[""trivial"", ""nontrivial_confining_charge""]",48,6
carrier_11206,2|4,factor0,0,2,singlet,untouched,2,3,0,"[""nontrivial_confining_charge"", ""trivial""]",0,0
carrier_11206,2|4,factor1,1,4,antifund,active_broken_to_residual,3,8,6,"[""trivial"", ""nontrivial_confining_charge""]",48,6
carrier_11208,2|4,factor0,0,2,singlet,untouched,2,3,0,"[""nontrivial_confining_charge"", ""trivial""]",0,0
carrier_11208,2|4,factor1,1,4,antifund,active_broken_to_residual,3,8,6,"[""trivial"", ""nontrivial_confining_charge""]",48,6
carrier_11210,2|4,factor0,0,2,singlet,untouched,2,3,0,"[""nontrivial_confining_charge"", ""trivial""]",0,0
carrier_11210,2|4,factor1,1,4,antifund,active_broken_to_residual,3,8,6,"[""trivial"", ""nontrivial_confining_charge""]",48,6
carrier_11212,2|4,factor0,0,2,singlet,untouched,2,3,0,"[""nontrivial_confining_charge"", ""trivial""]",0,0
carrier_11212,2|4,factor1,1,4,antifund,active_broken_to_residual,3,8,6,"[""trivial"", ""nontrivial_confining_charge""]",48,6
carrier_11214,2|4,factor0,0,2,singlet,untouched,2,3,0,"[""nontrivial_confining_charge"", ""trivial""]",0,0
carrier_11214,2|4,factor1,1,4,antifund,active_broken_to_residual,3,8,6,"[""trivial"", ""nontrivial_confining_charge""]",48,6
carrier_11216,2|4,factor0,0,2,singlet,untouched,2,3,0,"[""nontrivial_confining_charge"", ""trivial""]",0,0
carrier_11216,2|4,factor1,1,4,antifund,active_broken_to_residual,3,8,6,"[""trivial"", ""nontrivial_confining_charge""]",48,6
carrier_11218,2|4,factor0,0,2,singlet,untouched,2,3,0,"[""nontrivial_confining_charge"", ""trivial""]",0,0
carrier_11218,2|4,factor1,1,4,antifund,active_broken_to_residual,3,8,6,"[""trivial"", ""nontrivial_confining_charge""]",48,6
carrier_11220,2|4,factor0,0,2,singlet,untouched,2,3,0,"[""nontrivial_confining_charge"", ""trivial""]",0,0
carrier_11220,2|4,factor1,1,4,antifund,active_broken_to_residual,3,8,6,"[""trivial"", ""nontrivial_confining_charge""]",48,6
carrier_11222,2|4,factor0,0,2,singlet,untouched,2,3,0,"[""nontrivial_confining_charge"", ""trivial""]",0,0
carrier_11222,2|4,factor1,1,4,antifund,active_broken_to_residual,3,8,6,"[""trivial"", ""nontrivial_confining_charge""]",48,6
carrier_11224,2|4,factor0,0,2,singlet,untouched,2,3,0,"[""nontrivial_confining_charge"", ""trivial""]",0,0
carrier_11224,2|4,factor1,1,4,singlet,untouched,4,15,0,"[""trivial"", ""nontrivial_confining_charge""]",0,0
carrier_11226,2|4,factor0,0,2,singlet,untouched,2,3,0,"[""nontrivial_confining_charge"", ""trivial""]",0,0
carrier_11226,2|4,factor1,1,4,singlet,untouched,4,15,0,"[""trivial"", ""nontrivial_confining_charge""]",0,0
carrier_11228,2|4,factor0,0,2,singlet,untouched,2,3,0,"[""nontrivial_confining_charge"", ""trivial""]",0,0
carrier_11228,2|4,factor1,1,4,singlet,untouched,4,15,0,"[""trivial"", ""nontrivial_confining_charge""]",0,0
carrier_11230,2|4,factor0,0,2,singlet,untouched,2,3,0,"[""nontrivial_confining_charge"", ""trivial""]",0,0
carrier_11230,2|4,factor1,1,4,singlet,untouched,4,15,0,"[""trivial"", ""nontrivial_confining_charge""]",0,0
carrier_11232,2|4,factor0,0,2,singlet,untouched,2,3,0,"[""nontrivial_confining_charge"", ""trivial""]",0,0
carrier_11232,2|4,factor1,1,4,singlet,untouched,4,15,0,"[""trivial"", ""nontrivial_confining_charge""]",0,0
carrier_11256,2|4,factor0,0,2,singlet,untouched,2,3,0,"[""nontrivial_confining_charge"", ""trivial""]",0,0
carrier_11256,2|4,factor1,1,4,antisym2,active_broken_to_residual,3,8,6,"[""trivial"", ""nontrivial_confining_charge""]",48,6
carrier_11258,2|4,factor0,0,2,singlet,untouched,2,3,0,"[""nontrivial_confining_charge"", ""trivial""]",0,0
carrier_11258,2|4,factor1,1,4,antisym2,active_broken_to_residual,3,8,6,"[""trivial"", ""nontrivial_confining_charge""]",48,6
carrier_11260,2|4,factor0,0,2,singlet,untouched,2,3,0,"[""nontrivial_confining_charge"", ""trivial""]",0,0
carrier_11260,2|4,factor1,1,4,antisym2,active_broken_to_residual,3,8,6,"[""trivial"", ""nontrivial_confining_charge""]",48,6
carrier_11262,2|4,factor0,0,2,singlet,untouched,2,3,0,"[""nontrivial_confining_charge"", ""trivial""]",0,0
carrier_11262,2|4,factor1,1,4,antisym2,active_broken_to_residual,3,8,6,"[""trivial"", ""nontrivial_confining_charge""]",48,6
carrier_11264,2|4,factor0,0,2,singlet,untouched,2,3,0,"[""nontrivial_confining_charge"", ""trivial""]",0,0
carrier_11264,2|4,factor1,1,4,antisym2,active_broken_to_residual,3,8,6,"[""trivial"", ""nontrivial_confining_charge""]",48,6
carrier_11266,2|4,factor0,0,2,singlet,untouched,2,3,0,"[""nontrivial_confining_charge"", ""trivial""]",0,0
carrier_11266,2|4,factor1,1,4,antifund,active_broken_to_residual,3,8,6,"[""trivial"", ""nontrivial_confining_charge""]",48,6
carrier_11268,2|4,factor0,0,2,singlet,untouched,2,3,0,"[""nontrivial_confining_charge"", ""trivial""]",0,0
carrier_11268,2|4,factor1,1,4,antifund,active_broken_to_residual,3,8,6,"[""trivial"", ""nontrivial_confining_charge""]",48,6
carrier_11270,2|4,factor0,0,2,singlet,untouched,2,3,0,"[""nontrivial_confining_charge"", ""trivial""]",0,0
carrier_11270,2|4,factor1,1,4,antifund,active_broken_to_residual,3,8,6,"[""trivial"", ""nontrivial_confining_charge""]",48,6
carrier_11272,2|4,factor0,0,2,singlet,untouched,2,3,0,"[""nontrivial_confining_charge"", ""trivial""]",0,0
carrier_11272,2|4,factor1,1,4,antifund,active_broken_to_residual,3,8,6,"[""trivial"", ""nontrivial_confining_charge""]",48,6
carrier_11274,2|4,factor0,0,2,singlet,untouched,2,3,0,"[""nontrivial_confining_charge"", ""trivial""]",0,0
carrier_11274,2|4,factor1,1,4,antifund,active_broken_to_residual,3,8,6,"[""trivial"", ""nontrivial_confining_charge""]",48,6
carrier_11276,2|4,factor0,0,2,singlet,untouched,2,3,0,"[""nontrivial_confining_charge"", ""trivial""]",0,0
carrier_11276,2|4,factor1,1,4,antifund,active_broken_to_residual,3,8,6,"[""trivial"", ""nontrivial_confining_charge""]",48,6
carrier_11278,2|4,factor0,0,2,singlet,untouched,2,3,0,"[""nontrivial_confining_charge"", ""trivial""]",0,0
carrier_11278,2|4,factor1,1,4,antifund,active_broken_to_residual,3,8,6,"[""trivial"", ""nontrivial_confining_charge""]",48,6
carrier_11280,2|4,factor0,0,2,singlet,untouched,2,3,0,"[""nontrivial_confining_charge"", ""trivial""]",0,0
carrier_11280,2|4,factor1,1,4,antifund,active_broken_to_residual,3,8,6,"[""trivial"", ""nontrivial_confining_charge""]",48,6
carrier_11282,2|4,factor0,0,2,singlet,untouched,2,3,0,"[""nontrivial_confining_charge"", ""trivial""]",0,0
carrier_11282,2|4,factor1,1,4,antifund,active_broken_to_residual,3,8,6,"[""trivial"", ""nontrivial_confining_charge""]",48,6
carrier_11284,2|4,factor0,0,2,singlet,untouched,2,3,0,"[""nontrivial_confining_charge"", ""trivial""]",0,0
carrier_11284,2|4,factor1,1,4,antifund,active_broken_to_residual,3,8,6,"[""trivial"", ""nontrivial_confining_charge""]",48,6
carrier_11286,2|4,factor0,0,2,singlet,untouched,2,3,0,"[""nontrivial_confining_charge"", ""trivial""]",0,0
carrier_11286,2|4,factor1,1,4,antifund,active_broken_to_residual,3,8,6,"[""trivial"", ""nontrivial_confining_charge""]",48,6
carrier_11288,2|4,factor0,0,2,singlet,untouched,2,3,0,"[""nontrivial_confining_charge"", ""trivial""]",0,0
carrier_11288,2|4,factor1,1,4,singlet,untouched,4,15,0,"[""trivial"", ""nontrivial_confining_charge""]",0,0
carrier_11290,2|4,factor0,0,2,singlet,untouched,2,3,0,"[""nontrivial_confining_charge"", ""trivial""]",0,0
carrier_11290,2|4,factor1,1,4,singlet,untouched,4,15,0,"[""trivial"", ""nontrivial_confining_charge""]",0,0
carrier_11292,2|4,factor0,0,2,singlet,untouched,2,3,0,"[""nontrivial_confining_charge"", ""trivial""]",0,0
carrier_11292,2|4,factor1,1,4,singlet,untouched,4,15,0,"[""trivial"", ""nontrivial_confining_charge""]",0,0
carrier_11294,2|4,factor0,0,2,singlet,untouched,2,3,0,"[""nontrivial_confining_charge"", ""trivial""]",0,0
carrier_11294,2|4,factor1,1,4,singlet,untouched,4,15,0,"[""trivial"", ""nontrivial_confining_charge""]",0,0
carrier_11296,2|4,factor0,0,2,singlet,untouched,2,3,0,"[""nontrivial_confining_charge"", ""trivial""]",0,0
carrier_11296,2|4,factor1,1,4,singlet,untouched,4,15,0,"[""trivial"", ""nontrivial_confining_charge""]",0,0
carrier_11318,2|4,factor0,0,2,singlet,untouched,2,3,0,"[""nontrivial_confining_charge"", ""trivial""]",0,0
carrier_11318,2|4,factor1,1,4,antisym2,active_broken_to_residual,3,8,6,"[""trivial"", ""nontrivial_confining_charge""]",48,6
carrier_11320,2|4,factor0,0,2,singlet,untouched,2,3,0,"[""nontrivial_confining_charge"", ""trivial""]",0,0
carrier_11320,2|4,factor1,1,4,antisym2,active_broken_to_residual,3,8,6,"[""trivial"", ""nontrivial_confining_charge""]",48,6
carrier_11322,2|4,factor0,0,2,singlet,untouched,2,3,0,"[""nontrivial_confining_charge"", ""trivial""]",0,0
carrier_11322,2|4,factor1,1,4,antisym2,active_broken_to_residual,3,8,6,"[""trivial"", ""nontrivial_confining_charge""]",48,6
carrier_11324,2|4,factor0,0,2,singlet,untouched,2,3,0,"[""nontrivial_confining_charge"", ""trivial""]",0,0
carrier_11324,2|4,factor1,1,4,antisym2,active_broken_to_residual,3,8,6,"[""trivial"", ""nontrivial_confining_charge""]",48,6
carrier_11326,2|4,factor0,0,2,singlet,untouched,2,3,0,"[""nontrivial_confining_charge"", ""trivial""]",0,0
carrier_11326,2|4,factor1,1,4,antisym2,active_broken_to_residual,3,8,6,"[""trivial"", ""nontrivial_confining_charge""]",48,6
carrier_11328,2|4,factor0,0,2,singlet,untouched,2,3,0,"[""nontrivial_confining_charge"", ""trivial""]",0,0
carrier_11328,2|4,factor1,1,4,antifund,active_broken_to_residual,3,8,6,"[""trivial"", ""nontrivial_confining_charge""]",48,6
carrier_11330,2|4,factor0,0,2,singlet,untouched,2,3,0,"[""nontrivial_confining_charge"", ""trivial""]",0,0
carrier_11330,2|4,factor1,1,4,antifund,active_broken_to_residual,3,8,6,"[""trivial"", ""nontrivial_confining_charge""]",48,6
carrier_11332,2|4,factor0,0,2,singlet,untouched,2,3,0,"[""nontrivial_confining_charge"", ""trivial""]",0,0
carrier_11332,2|4,factor1,1,4,antifund,active_broken_to_residual,3,8,6,"[""trivial"", ""nontrivial_confining_charge""]",48,6
carrier_11334,2|4,factor0,0,2,singlet,untouched,2,3,0,"[""nontrivial_confining_charge"", ""trivial""]",0,0
carrier_11334,2|4,factor1,1,4,antifund,active_broken_to_residual,3,8,6,"[""trivial"", ""nontrivial_confining_charge""]",48,6
carrier_11336,2|4,factor0,0,2,singlet,untouched,2,3,0,"[""nontrivial_confining_charge"", ""trivial""]",0,0
carrier_11336,2|4,factor1,1,4,antifund,active_broken_to_residual,3,8,6,"[""trivial"", ""nontrivial_confining_charge""]",48,6
carrier_11338,2|4,factor0,0,2,singlet,untouched,2,3,0,"[""nontrivial_confining_charge"", ""trivial""]",0,0
carrier_11338,2|4,factor1,1,4,antifund,active_broken_to_residual,3,8,6,"[""trivial"", ""nontrivial_confining_charge""]",48,6
carrier_11340,2|4,factor0,0,2,singlet,untouched,2,3,0,"[""nontrivial_confining_charge"", ""trivial""]",0,0
carrier_11340,2|4,factor1,1,4,antifund,active_broken_to_residual,3,8,6,"[""trivial"", ""nontrivial_confining_charge""]",48,6
carrier_11342,2|4,factor0,0,2,singlet,untouched,2,3,0,"[""nontrivial_confining_charge"", ""trivial""]",0,0
carrier_11342,2|4,factor1,1,4,antifund,active_broken_to_residual,3,8,6,"[""trivial"", ""nontrivial_confining_charge""]",48,6
carrier_11344,2|4,factor0,0,2,singlet,untouched,2,3,0,"[""nontrivial_confining_charge"", ""trivial""]",0,0
carrier_11344,2|4,factor1,1,4,antifund,active_broken_to_residual,3,8,6,"[""trivial"", ""nontrivial_confining_charge""]",48,6
carrier_11346,2|4,factor0,0,2,singlet,untouched,2,3,0,"[""nontrivial_confining_charge"", ""trivial""]",0,0
carrier_11346,2|4,factor1,1,4,antifund,active_broken_to_residual,3,8,6,"[""trivial"", ""nontrivial_confining_charge""]",48,6
carrier_11348,2|4,factor0,0,2,singlet,untouched,2,3,0,"[""nontrivial_confining_charge"", ""trivial""]",0,0
carrier_11348,2|4,factor1,1,4,antifund,active_broken_to_residual,3,8,6,"[""trivial"", ""nontrivial_confining_charge""]",48,6
carrier_11350,2|4,factor0,0,2,singlet,untouched,2,3,0,"[""nontrivial_confining_charge"", ""trivial""]",0,0
carrier_11350,2|4,factor1,1,4,singlet,untouched,4,15,0,"[""trivial"", ""nontrivial_confining_charge""]",0,0
carrier_11352,2|4,factor0,0,2,singlet,untouched,2,3,0,"[""nontrivial_confining_charge"", ""trivial""]",0,0
carrier_11352,2|4,factor1,1,4,singlet,untouched,4,15,0,"[""trivial"", ""nontrivial_confining_charge""]",0,0
carrier_11354,2|4,factor0,0,2,singlet,untouched,2,3,0,"[""nontrivial_confining_charge"", ""trivial""]",0,0
carrier_11354,2|4,factor1,1,4,singlet,untouched,4,15,0,"[""trivial"", ""nontrivial_confining_charge""]",0,0
carrier_11356,2|4,factor0,0,2,singlet,untouched,2,3,0,"[""nontrivial_confining_charge"", ""trivial""]",0,0
carrier_11356,2|4,factor1,1,4,singlet,untouched,4,15,0,"[""trivial"", ""nontrivial_confining_charge""]",0,0
carrier_11358,2|4,factor0,0,2,singlet,untouched,2,3,0,"[""nontrivial_confining_charge"", ""trivial""]",0,0
carrier_11358,2|4,factor1,1,4,singlet,untouched,4,15,0,"[""trivial"", ""nontrivial_confining_charge""]",0,0
carrier_11368,2|4,factor0,0,2,singlet,untouched,2,3,0,"[""nontrivial_confining_charge"", ""trivial""]",0,0
carrier_11368,2|4,factor1,1,4,antifund,active_broken_to_residual,3,8,6,"[""trivial"", ""nontrivial_confining_charge""]",48,6
carrier_11369,2|4,factor0,0,2,singlet,untouched,2,3,0,"[""nontrivial_confining_charge"", ""trivial""]",0,0
carrier_11369,2|4,factor1,1,4,antifund,active_broken_to_residual,3,8,6,"[""trivial"", ""nontrivial_confining_charge""]",48,6
carrier_11370,2|4,factor0,0,2,singlet,untouched,2,3,0,"[""nontrivial_confining_charge"", ""trivial""]",0,0
carrier_11370,2|4,factor1,1,4,antifund,active_broken_to_residual,3,8,6,"[""trivial"", ""nontrivial_confining_charge""]",48,6
carrier_11371,2|4,factor0,0,2,singlet,untouched,2,3,0,"[""nontrivial_confining_charge"", ""trivial""]",0,0
carrier_11371,2|4,factor1,1,4,antifund,active_broken_to_residual,3,8,6,"[""trivial"", ""nontrivial_confining_charge""]",48,6
carrier_11372,2|4,factor0,0,2,singlet,untouched,2,3,0,"[""nontrivial_confining_charge"", ""trivial""]",0,0
carrier_11372,2|4,factor1,1,4,antifund,active_broken_to_residual,3,8,6,"[""trivial"", ""nontrivial_confining_charge""]",48,6
carrier_11373,2|4,factor0,0,2,singlet,untouched,2,3,0,"[""nontrivial_confining_charge"", ""trivial""]",0,0
carrier_11373,2|4,factor1,1,4,antifund,active_broken_to_residual,3,8,6,"[""trivial"", ""nontrivial_confining_charge""]",48,6
carrier_11374,2|4,factor0,0,2,singlet,untouched,2,3,0,"[""nontrivial_confining_charge"", ""trivial""]",0,0
carrier_11374,2|4,factor1,1,4,antifund,active_broken_to_residual,3,8,6,"[""trivial"", ""nontrivial_confining_charge""]",48,6
carrier_11375,2|4,factor0,0,2,singlet,untouched,2,3,0,"[""nontrivial_confining_charge"", ""trivial""]",0,0
carrier_11375,2|4,factor1,1,4,antifund,active_broken_to_residual,3,8,6,"[""trivial"", ""nontrivial_confining_charge""]",48,6
carrier_11376,2|4,factor0,0,2,singlet,untouched,2,3,0,"[""nontrivial_confining_charge"", ""trivial""]",0,0
carrier_11376,2|4,factor1,1,4,antifund,active_broken_to_residual,3,8,6,"[""trivial"", ""nontrivial_confining_charge""]",48,6
carrier_11377,2|4,factor0,0,2,singlet,untouched,2,3,0,"[""nontrivial_confining_charge"", ""trivial""]",0,0
carrier_11377,2|4,factor1,1,4,antifund,active_broken_to_residual,3,8,6,"[""trivial"", ""nontrivial_confining_charge""]",48,6
carrier_11378,2|4,factor0,0,2,singlet,untouched,2,3,0,"[""nontrivial_confining_charge"", ""trivial""]",0,0
carrier_11378,2|4,factor1,1,4,antifund,active_broken_to_residual,3,8,6,"[""trivial"", ""nontrivial_confining_charge""]",48,6
carrier_11379,2|4,factor0,0,2,singlet,untouched,2,3,0,"[""nontrivial_confining_charge"", ""trivial""]",0,0
carrier_11379,2|4,factor1,1,4,antifund,active_broken_to_residual,3,8,6,"[""trivial"", ""nontrivial_confining_charge""]",48,6
carrier_11380,2|4,factor0,0,2,singlet,untouched,2,3,0,"[""nontrivial_confining_charge"", ""trivial""]",0,0
carrier_11380,2|4,factor1,1,4,antifund,active_broken_to_residual,3,8,6,"[""trivial"", ""nontrivial_confining_charge""]",48,6
carrier_11381,2|4,factor0,0,2,singlet,untouched,2,3,0,"[""nontrivial_confining_charge"", ""trivial""]",0,0
carrier_11381,2|4,factor1,1,4,antifund,active_broken_to_residual,3,8,6,"[""trivial"", ""nontrivial_confining_charge""]",48,6
carrier_11382,2|4,factor0,0,2,singlet,untouched,2,3,0,"[""nontrivial_confining_charge"", ""trivial""]",0,0
carrier_11382,2|4,factor1,1,4,antifund,active_broken_to_residual,3,8,6,"[""trivial"", ""nontrivial_confining_charge""]",48,6
carrier_11383,2|4,factor0,0,2,singlet,untouched,2,3,0,"[""nontrivial_confining_charge"", ""trivial""]",0,0
carrier_11383,2|4,factor1,1,4,antifund,active_broken_to_residual,3,8,6,"[""trivial"", ""nontrivial_confining_charge""]",48,6
carrier_11384,2|4,factor0,0,2,singlet,untouched,2,3,0,"[""nontrivial_confining_charge"", ""trivial""]",0,0
carrier_11384,2|4,factor1,1,4,antifund,active_broken_to_residual,3,8,6,"[""trivial"", ""nontrivial_confining_charge""]",48,6
carrier_11385,2|4,factor0,0,2,singlet,untouched,2,3,0,"[""nontrivial_confining_charge"", ""trivial""]",0,0
carrier_11385,2|4,factor1,1,4,antifund,active_broken_to_residual,3,8,6,"[""trivial"", ""nontrivial_confining_charge""]",48,6
carrier_11386,2|4,factor0,0,2,singlet,untouched,2,3,0,"[""nontrivial_confining_charge"", ""trivial""]",0,0
carrier_11386,2|4,factor1,1,4,antifund,active_broken_to_residual,3,8,6,"[""trivial"", ""nontrivial_confining_charge""]",48,6
carrier_11387,2|4,factor0,0,2,singlet,untouched,2,3,0,"[""nontrivial_confining_charge"", ""trivial""]",0,0
carrier_11387,2|4,factor1,1,4,antifund,active_broken_to_residual,3,8,6,"[""trivial"", ""nontrivial_confining_charge""]",48,6
carrier_11388,2|4,factor0,0,2,singlet,untouched,2,3,0,"[""nontrivial_confining_charge"", ""trivial""]",0,0
carrier_11388,2|4,factor1,1,4,antifund,active_broken_to_residual,3,8,6,"[""trivial"", ""nontrivial_confining_charge""]",48,6
carrier_11389,2|4,factor0,0,2,singlet,untouched,2,3,0,"[""nontrivial_confining_charge"", ""trivial""]",0,0
carrier_11389,2|4,factor1,1,4,antifund,active_broken_to_residual,3,8,6,"[""trivial"", ""nontrivial_confining_charge""]",48,6
carrier_11390,2|4,factor0,0,2,singlet,untouched,2,3,0,"[""nontrivial_confining_charge"", ""trivial""]",0,0
carrier_11390,2|4,factor1,1,4,antifund,active_broken_to_residual,3,8,6,"[""trivial"", ""nontrivial_confining_charge""]",48,6
carrier_11391,2|4,factor0,0,2,singlet,untouched,2,3,0,"[""nontrivial_confining_charge"", ""trivial""]",0,0
carrier_11391,2|4,factor1,1,4,antifund,active_broken_to_residual,3,8,6,"[""trivial"", ""nontrivial_confining_charge""]",48,6
carrier_11392,2|4,factor0,0,2,singlet,untouched,2,3,0,"[""nontrivial_confining_charge"", ""trivial""]",0,0
carrier_11392,2|4,factor1,1,4,antifund,active_broken_to_residual,3,8,6,"[""trivial"", ""nontrivial_confining_charge""]",48,6
carrier_11393,2|4,factor0,0,2,singlet,untouched,2,3,0,"[""nontrivial_confining_charge"", ""trivial""]",0,0
carrier_11393,2|4,factor1,1,4,antifund,active_broken_to_residual,3,8,6,"[""trivial"", ""nontrivial_confining_charge""]",48,6
carrier_11394,2|4,factor0,0,2,singlet,untouched,2,3,0,"[""nontrivial_confining_charge"", ""trivial""]",0,0
carrier_11394,2|4,factor1,1,4,singlet,untouched,4,15,0,"[""trivial"", ""nontrivial_confining_charge""]",0,0
carrier_11395,2|4,factor0,0,2,singlet,untouched,2,3,0,"[""nontrivial_confining_charge"", ""trivial""]",0,0
carrier_11395,2|4,factor1,1,4,singlet,untouched,4,15,0,"[""trivial"", ""nontrivial_confining_charge""]",0,0
carrier_11396,2|4,factor0,0,2,singlet,untouched,2,3,0,"[""nontrivial_confining_charge"", ""trivial""]",0,0
carrier_11396,2|4,factor1,1,4,singlet,untouched,4,15,0,"[""trivial"", ""nontrivial_confining_charge""]",0,0
carrier_11397,2|4,factor0,0,2,singlet,untouched,2,3,0,"[""nontrivial_confining_charge"", ""trivial""]",0,0
carrier_11397,2|4,factor1,1,4,antisym2,active_broken_to_residual,3,8,6,"[""trivial"", ""nontrivial_confining_charge""]",48,6
carrier_11398,2|4,factor0,0,2,singlet,untouched,2,3,0,"[""nontrivial_confining_charge"", ""trivial""]",0,0
carrier_11398,2|4,factor1,1,4,singlet,untouched,4,15,0,"[""trivial"", ""nontrivial_confining_charge""]",0,0
carrier_11399,2|4,factor0,0,2,singlet,untouched,2,3,0,"[""nontrivial_confining_charge"", ""trivial""]",0,0
carrier_11399,2|4,factor1,1,4,singlet,untouched,4,15,0,"[""trivial"", ""nontrivial_confining_charge""]",0,0
carrier_11400,2|4,factor0,0,2,singlet,untouched,2,3,0,"[""nontrivial_confining_charge"", ""trivial""]",0,0
carrier_11400,2|4,factor1,1,4,singlet,untouched,4,15,0,"[""trivial"", ""nontrivial_confining_charge""]",0,0
carrier_11401,2|4,factor0,0,2,singlet,untouched,2,3,0,"[""nontrivial_confining_charge"", ""trivial""]",0,0
carrier_11401,2|4,factor1,1,4,antisym2,active_broken_to_residual,3,8,6,"[""trivial"", ""nontrivial_confining_charge""]",48,6
carrier_11402,2|4,factor0,0,2,singlet,untouched,2,3,0,"[""nontrivial_confining_charge"", ""trivial""]",0,0
carrier_11402,2|4,factor1,1,4,singlet,untouched,4,15,0,"[""trivial"", ""nontrivial_confining_charge""]",0,0
carrier_11403,2|4,factor0,0,2,singlet,untouched,2,3,0,"[""nontrivial_confining_charge"", ""trivial""]",0,0
carrier_11403,2|4,factor1,1,4,singlet,untouched,4,15,0,"[""trivial"", ""nontrivial_confining_charge""]",0,0
carrier_11404,2|4,factor0,0,2,singlet,untouched,2,3,0,"[""nontrivial_confining_charge"", ""trivial""]",0,0
carrier_11404,2|4,factor1,1,4,singlet,untouched,4,15,0,"[""trivial"", ""nontrivial_confining_charge""]",0,0
carrier_11405,2|4,factor0,0,2,singlet,untouched,2,3,0,"[""nontrivial_confining_charge"", ""trivial""]",0,0
carrier_11405,2|4,factor1,1,4,singlet,untouched,4,15,0,"[""trivial"", ""nontrivial_confining_charge""]",0,0
carrier_11406,2|4,factor0,0,2,singlet,untouched,2,3,0,"[""nontrivial_confining_charge"", ""trivial""]",0,0
carrier_11406,2|4,factor1,1,4,singlet,untouched,4,15,0,"[""trivial"", ""nontrivial_confining_charge""]",0,0
carrier_11407,2|4,factor0,0,2,singlet,untouched,2,3,0,"[""nontrivial_confining_charge"", ""trivial""]",0,0
carrier_11407,2|4,factor1,1,4,singlet,untouched,4,15,0,"[""trivial"", ""nontrivial_confining_charge""]",0,0
carrier_11408,2|4,factor0,0,2,singlet,untouched,2,3,0,"[""nontrivial_confining_charge"", ""trivial""]",0,0
carrier_11408,2|4,factor1,1,4,singlet,untouched,4,15,0,"[""trivial"", ""nontrivial_confining_charge""]",0,0
carrier_11409,2|4,factor0,0,2,singlet,untouched,2,3,0,"[""nontrivial_confining_charge"", ""trivial""]",0,0
carrier_11409,2|4,factor1,1,4,singlet,untouched,4,15,0,"[""trivial"", ""nontrivial_confining_charge""]",0,0
carrier_11410,2|4,factor0,0,2,singlet,untouched,2,3,0,"[""nontrivial_confining_charge"", ""trivial""]",0,0
carrier_11410,2|4,factor1,1,4,singlet,untouched,4,15,0,"[""trivial"", ""nontrivial_confining_charge""]",0,0
carrier_11411,2|4,factor0,0,2,singlet,untouched,2,3,0,"[""nontrivial_confining_charge"", ""trivial""]",0,0
carrier_11411,2|4,factor1,1,4,singlet,untouched,4,15,0,"[""trivial"", ""nontrivial_confining_charge""]",0,0
carrier_11412,2|4,factor0,0,2,singlet,untouched,2,3,0,"[""nontrivial_confining_charge"", ""trivial""]",0,0
carrier_11412,2|4,factor1,1,4,singlet,untouched,4,15,0,"[""trivial"", ""nontrivial_confining_charge""]",0,0
carrier_11413,2|4,factor0,0,2,singlet,untouched,2,3,0,"[""nontrivial_confining_charge"", ""trivial""]",0,0
carrier_11413,2|4,factor1,1,4,singlet,untouched,4,15,0,"[""trivial"", ""nontrivial_confining_charge""]",0,0
carrier_11414,2|4,factor0,0,2,singlet,untouched,2,3,0,"[""nontrivial_confining_charge"", ""trivial""]",0,0
carrier_11414,2|4,factor1,1,4,singlet,untouched,4,15,0,"[""trivial"", ""nontrivial_confining_charge""]",0,0
carrier_11415,2|4,factor0,0,2,singlet,untouched,2,3,0,"[""nontrivial_confining_charge"", ""trivial""]",0,0
carrier_11415,2|4,factor1,1,4,singlet,untouched,4,15,0,"[""trivial"", ""nontrivial_confining_charge""]",0,0
carrier_11416,2|4,factor0,0,2,singlet,untouched,2,3,0,"[""nontrivial_confining_charge"", ""trivial""]",0,0
carrier_11416,2|4,factor1,1,4,singlet,untouched,4,15,0,"[""trivial"", ""nontrivial_confining_charge""]",0,0
carrier_11417,2|4,factor0,0,2,singlet,untouched,2,3,0,"[""nontrivial_confining_charge"", ""trivial""]",0,0
carrier_11417,2|4,factor1,1,4,singlet,untouched,4,15,0,"[""trivial"", ""nontrivial_confining_charge""]",0,0
carrier_11418,2|4,factor0,0,2,singlet,untouched,2,3,0,"[""nontrivial_confining_charge"", ""trivial""]",0,0
carrier_11418,2|4,factor1,1,4,singlet,untouched,4,15,0,"[""trivial"", ""nontrivial_confining_charge""]",0,0
carrier_11419,2|4,factor0,0,2,singlet,untouched,2,3,0,"[""nontrivial_confining_charge"", ""trivial""]",0,0
carrier_11419,2|4,factor1,1,4,singlet,untouched,4,15,0,"[""trivial"", ""nontrivial_confining_charge""]",0,0
carrier_11420,2|4,factor0,0,2,singlet,untouched,2,3,0,"[""nontrivial_confining_charge"", ""trivial""]",0,0
carrier_11420,2|4,factor1,1,4,singlet,untouched,4,15,0,"[""trivial"", ""nontrivial_confining_charge""]",0,0
carrier_11421,2|4,factor0,0,2,singlet,untouched,2,3,0,"[""nontrivial_confining_charge"", ""trivial""]",0,0
carrier_11421,2|4,factor1,1,4,singlet,untouched,4,15,0,"[""trivial"", ""nontrivial_confining_charge""]",0,0
carrier_11422,2|4,factor0,0,2,singlet,untouched,2,3,0,"[""nontrivial_confining_charge"", ""trivial""]",0,0
carrier_11422,2|4,factor1,1,4,singlet,untouched,4,15,0,"[""trivial"", ""nontrivial_confining_charge""]",0,0
carrier_11423,2|4,factor0,0,2,singlet,untouched,2,3,0,"[""nontrivial_confining_charge"", ""trivial""]",0,0
carrier_11423,2|4,factor1,1,4,singlet,untouched,4,15,0,"[""trivial"", ""nontrivial_confining_charge""]",0,0
carrier_11424,2|4,factor0,0,2,singlet,untouched,2,3,0,"[""nontrivial_confining_charge"", ""trivial""]",0,0
carrier_11424,2|4,factor1,1,4,singlet,untouched,4,15,0,"[""trivial"", ""nontrivial_confining_charge""]",0,0
carrier_11425,2|4,factor0,0,2,singlet,untouched,2,3,0,"[""nontrivial_confining_charge"", ""trivial""]",0,0
carrier_11425,2|4,factor1,1,4,singlet,untouched,4,15,0,"[""trivial"", ""nontrivial_confining_charge""]",0,0
carrier_11426,2|4,factor0,0,2,singlet,untouched,2,3,0,"[""nontrivial_confining_charge"", ""trivial""]",0,0
carrier_11426,2|4,factor1,1,4,antisym2,active_broken_to_residual,3,8,6,"[""trivial"", ""nontrivial_confining_charge""]",48,6
carrier_11427,2|4,factor0,0,2,singlet,untouched,2,3,0,"[""nontrivial_confining_charge"", ""trivial""]",0,0
carrier_11427,2|4,factor1,1,4,singlet,untouched,4,15,0,"[""trivial"", ""nontrivial_confining_charge""]",0,0
carrier_11428,2|4,factor0,0,2,singlet,untouched,2,3,0,"[""nontrivial_confining_charge"", ""trivial""]",0,0
carrier_11428,2|4,factor1,1,4,singlet,untouched,4,15,0,"[""trivial"", ""nontrivial_confining_charge""]",0,0
carrier_11429,2|4,factor0,0,2,singlet,untouched,2,3,0,"[""nontrivial_confining_charge"", ""trivial""]",0,0
carrier_11429,2|4,factor1,1,4,singlet,untouched,4,15,0,"[""trivial"", ""nontrivial_confining_charge""]",0,0
carrier_11430,2|4,factor0,0,2,singlet,untouched,2,3,0,"[""nontrivial_confining_charge"", ""trivial""]",0,0
carrier_11430,2|4,factor1,1,4,antisym2,active_broken_to_residual,3,8,6,"[""trivial"", ""nontrivial_confining_charge""]",48,6
carrier_11431,2|4,factor0,0,2,singlet,untouched,2,3,0,"[""nontrivial_confining_charge"", ""trivial""]",0,0
carrier_11431,2|4,factor1,1,4,singlet,untouched,4,15,0,"[""trivial"", ""nontrivial_confining_charge""]",0,0
carrier_11432,2|4,factor0,0,2,singlet,untouched,2,3,0,"[""nontrivial_confining_charge"", ""trivial""]",0,0
carrier_11432,2|4,factor1,1,4,singlet,untouched,4,15,0,"[""trivial"", ""nontrivial_confining_charge""]",0,0
carrier_11433,2|4,factor0,0,2,singlet,untouched,2,3,0,"[""nontrivial_confining_charge"", ""trivial""]",0,0
carrier_11433,2|4,factor1,1,4,singlet,untouched,4,15,0,"[""trivial"", ""nontrivial_confining_charge""]",0,0
carrier_11434,3|3,factor0,0,3,singlet,untouched,3,8,0,"[""nontrivial_confining_charge"", ""trivial""]",0,0
carrier_11434,3|3,factor1,1,3,singlet,untouched,3,8,0,"[""trivial"", ""nontrivial_confining_charge""]",0,0
carrier_11435,3|3,factor0,0,3,singlet,untouched,3,8,0,"[""nontrivial_confining_charge"", ""trivial""]",0,0
carrier_11435,3|3,factor1,1,3,singlet,untouched,3,8,0,"[""trivial"", ""nontrivial_confining_charge""]",0,0
carrier_11436,3|3,factor0,0,3,singlet,untouched,3,8,0,"[""nontrivial_confining_charge"", ""trivial""]",0,0
carrier_11436,3|3,factor1,1,3,singlet,untouched,3,8,0,"[""trivial"", ""nontrivial_confining_charge""]",0,0
carrier_11437,3|3,factor0,0,3,antifund,active_broken_to_residual,2,3,4,"[""nontrivial_confining_charge"", ""trivial""]",12,4
carrier_11437,3|3,factor1,1,3,singlet,untouched,3,8,0,"[""trivial"", ""nontrivial_confining_charge""]",0,0
carrier_11438,3|3,factor0,0,3,antifund,active_broken_to_residual,2,3,4,"[""nontrivial_confining_charge"", ""trivial""]",12,4
carrier_11438,3|3,factor1,1,3,singlet,untouched,3,8,0,"[""trivial"", ""nontrivial_confining_charge""]",0,0
carrier_11439,3|3,factor0,0,3,antifund,active_broken_to_residual,2,3,4,"[""nontrivial_confining_charge"", ""trivial""]",12,4
carrier_11439,3|3,factor1,1,3,singlet,untouched,3,8,0,"[""trivial"", ""nontrivial_confining_charge""]",0,0
carrier_11440,3|3,factor0,0,3,antifund,active_broken_to_residual,2,3,4,"[""nontrivial_confining_charge"", ""trivial""]",12,4
carrier_11440,3|3,factor1,1,3,singlet,untouched,3,8,0,"[""trivial"", ""nontrivial_confining_charge""]",0,0
carrier_11441,3|3,factor0,0,3,antifund,active_broken_to_residual,2,3,4,"[""nontrivial_confining_charge"", ""trivial""]",12,4
carrier_11441,3|3,factor1,1,3,singlet,untouched,3,8,0,"[""trivial"", ""nontrivial_confining_charge""]",0,0
carrier_11442,3|3,factor0,0,3,singlet,untouched,3,8,0,"[""nontrivial_confining_charge"", ""trivial""]",0,0
carrier_11442,3|3,factor1,1,3,singlet,untouched,3,8,0,"[""trivial"", ""nontrivial_confining_charge""]",0,0
carrier_11443,3|3,factor0,0,3,singlet,untouched,3,8,0,"[""nontrivial_confining_charge"", ""trivial""]",0,0
carrier_11443,3|3,factor1,1,3,singlet,untouched,3,8,0,"[""trivial"", ""nontrivial_confining_charge""]",0,0
carrier_11444,3|3,factor0,0,3,singlet,untouched,3,8,0,"[""nontrivial_confining_charge"", ""trivial""]",0,0
carrier_11444,3|3,factor1,1,3,singlet,untouched,3,8,0,"[""trivial"", ""nontrivial_confining_charge""]",0,0
carrier_11445,3|3,factor0,0,3,singlet,untouched,3,8,0,"[""nontrivial_confining_charge"", ""trivial""]",0,0
carrier_11445,3|3,factor1,1,3,singlet,untouched,3,8,0,"[""trivial"", ""nontrivial_confining_charge""]",0,0
carrier_11446,3|3,factor0,0,3,antifund,active_broken_to_residual,2,3,4,"[""nontrivial_confining_charge"", ""trivial""]",12,4
carrier_11446,3|3,factor1,1,3,singlet,untouched,3,8,0,"[""trivial"", ""nontrivial_confining_charge""]",0,0
carrier_11447,3|3,factor0,0,3,antifund,active_broken_to_residual,2,3,4,"[""nontrivial_confining_charge"", ""trivial""]",12,4
carrier_11447,3|3,factor1,1,3,singlet,untouched,3,8,0,"[""trivial"", ""nontrivial_confining_charge""]",0,0
carrier_11448,3|3,factor0,0,3,antifund,active_broken_to_residual,2,3,4,"[""nontrivial_confining_charge"", ""trivial""]",12,4
carrier_11448,3|3,factor1,1,3,singlet,untouched,3,8,0,"[""trivial"", ""nontrivial_confining_charge""]",0,0
carrier_11449,3|3,factor0,0,3,antifund,active_broken_to_residual,2,3,4,"[""nontrivial_confining_charge"", ""trivial""]",12,4
carrier_11449,3|3,factor1,1,3,singlet,untouched,3,8,0,"[""trivial"", ""nontrivial_confining_charge""]",0,0
carrier_11450,3|3,factor0,0,3,singlet,untouched,3,8,0,"[""nontrivial_confining_charge"", ""trivial""]",0,0
carrier_11450,3|3,factor1,1,3,singlet,untouched,3,8,0,"[""trivial"", ""nontrivial_confining_charge""]",0,0
carrier_11451,3|3,factor0,0,3,singlet,untouched,3,8,0,"[""nontrivial_confining_charge"", ""trivial""]",0,0
carrier_11451,3|3,factor1,1,3,singlet,untouched,3,8,0,"[""trivial"", ""nontrivial_confining_charge""]",0,0
carrier_11452,3|3,factor0,0,3,singlet,untouched,3,8,0,"[""nontrivial_confining_charge"", ""trivial""]",0,0
carrier_11452,3|3,factor1,1,3,singlet,untouched,3,8,0,"[""trivial"", ""nontrivial_confining_charge""]",0,0
carrier_11453,3|3,factor0,0,3,singlet,untouched,3,8,0,"[""nontrivial_confining_charge"", ""trivial""]",0,0
carrier_11453,3|3,factor1,1,3,singlet,untouched,3,8,0,"[""trivial"", ""nontrivial_confining_charge""]",0,0
carrier_11454,3|3,factor0,0,3,antifund,active_broken_to_residual,2,3,4,"[""nontrivial_confining_charge"", ""trivial""]",12,4
carrier_11454,3|3,factor1,1,3,singlet,untouched,3,8,0,"[""trivial"", ""nontrivial_confining_charge""]",0,0
carrier_11455,3|3,factor0,0,3,antifund,active_broken_to_residual,2,3,4,"[""nontrivial_confining_charge"", ""trivial""]",12,4
carrier_11455,3|3,factor1,1,3,singlet,untouched,3,8,0,"[""trivial"", ""nontrivial_confining_charge""]",0,0
carrier_11456,3|3,factor0,0,3,antifund,active_broken_to_residual,2,3,4,"[""nontrivial_confining_charge"", ""trivial""]",12,4
carrier_11456,3|3,factor1,1,3,singlet,untouched,3,8,0,"[""trivial"", ""nontrivial_confining_charge""]",0,0
carrier_11457,3|3,factor0,0,3,antifund,active_broken_to_residual,2,3,4,"[""nontrivial_confining_charge"", ""trivial""]",12,4
carrier_11457,3|3,factor1,1,3,singlet,untouched,3,8,0,"[""trivial"", ""nontrivial_confining_charge""]",0,0
carrier_11458,3|3,factor0,0,3,singlet,untouched,3,8,0,"[""nontrivial_confining_charge"", ""trivial""]",0,0
carrier_11458,3|3,factor1,1,3,singlet,untouched,3,8,0,"[""trivial"", ""nontrivial_confining_charge""]",0,0
carrier_11459,3|3,factor0,0,3,singlet,untouched,3,8,0,"[""nontrivial_confining_charge"", ""trivial""]",0,0
carrier_11459,3|3,factor1,1,3,singlet,untouched,3,8,0,"[""trivial"", ""nontrivial_confining_charge""]",0,0
carrier_11460,3|3,factor0,0,3,singlet,untouched,3,8,0,"[""nontrivial_confining_charge"", ""trivial""]",0,0
carrier_11460,3|3,factor1,1,3,singlet,untouched,3,8,0,"[""trivial"", ""nontrivial_confining_charge""]",0,0
carrier_11461,3|3,factor0,0,3,singlet,untouched,3,8,0,"[""nontrivial_confining_charge"", ""trivial""]",0,0
carrier_11461,3|3,factor1,1,3,singlet,untouched,3,8,0,"[""trivial"", ""nontrivial_confining_charge""]",0,0
carrier_11462,3|3,factor0,0,3,antifund,active_broken_to_residual,2,3,4,"[""nontrivial_confining_charge"", ""trivial""]",12,4
carrier_11462,3|3,factor1,1,3,singlet,untouched,3,8,0,"[""trivial"", ""nontrivial_confining_charge""]",0,0
carrier_11463,3|3,factor0,0,3,antifund,active_broken_to_residual,2,3,4,"[""nontrivial_confining_charge"", ""trivial""]",12,4
carrier_11463,3|3,factor1,1,3,singlet,untouched,3,8,0,"[""trivial"", ""nontrivial_confining_charge""]",0,0
carrier_11464,3|3,factor0,0,3,antifund,active_broken_to_residual,2,3,4,"[""nontrivial_confining_charge"", ""trivial""]",12,4
carrier_11464,3|3,factor1,1,3,singlet,untouched,3,8,0,"[""trivial"", ""nontrivial_confining_charge""]",0,0
carrier_11465,3|3,factor0,0,3,antifund,active_broken_to_residual,2,3,4,"[""nontrivial_confining_charge"", ""trivial""]",12,4
carrier_11465,3|3,factor1,1,3,singlet,untouched,3,8,0,"[""trivial"", ""nontrivial_confining_charge""]",0,0
carrier_11466,3|3,factor0,0,3,antifund,active_broken_to_residual,2,3,4,"[""nontrivial_confining_charge"", ""trivial""]",12,4
carrier_11466,3|3,factor1,1,3,singlet,untouched,3,8,0,"[""trivial"", ""nontrivial_confining_charge""]",0,0
carrier_11467,3|3,factor0,0,3,singlet,untouched,3,8,0,"[""nontrivial_confining_charge"", ""trivial""]",0,0
carrier_11467,3|3,factor1,1,3,singlet,untouched,3,8,0,"[""trivial"", ""nontrivial_confining_charge""]",0,0
carrier_11468,3|3,factor0,0,3,singlet,untouched,3,8,0,"[""nontrivial_confining_charge"", ""trivial""]",0,0
carrier_11468,3|3,factor1,1,3,singlet,untouched,3,8,0,"[""trivial"", ""nontrivial_confining_charge""]",0,0
carrier_11469,3|3,factor0,0,3,singlet,untouched,3,8,0,"[""nontrivial_confining_charge"", ""trivial""]",0,0
carrier_11469,3|3,factor1,1,3,singlet,untouched,3,8,0,"[""trivial"", ""nontrivial_confining_charge""]",0,0
carrier_11470,3|3,factor0,0,3,antifund,active_broken_to_residual,2,3,4,"[""nontrivial_confining_charge"", ""trivial""]",12,4
carrier_11470,3|3,factor1,1,3,singlet,untouched,3,8,0,"[""trivial"", ""nontrivial_confining_charge""]",0,0
carrier_11471,3|3,factor0,0,3,antifund,active_broken_to_residual,2,3,4,"[""nontrivial_confining_charge"", ""trivial""]",12,4
carrier_11471,3|3,factor1,1,3,singlet,untouched,3,8,0,"[""trivial"", ""nontrivial_confining_charge""]",0,0
carrier_11472,3|3,factor0,0,3,antifund,active_broken_to_residual,2,3,4,"[""nontrivial_confining_charge"", ""trivial""]",12,4
carrier_11472,3|3,factor1,1,3,singlet,untouched,3,8,0,"[""trivial"", ""nontrivial_confining_charge""]",0,0
carrier_11473,3|3,factor0,0,3,antifund,active_broken_to_residual,2,3,4,"[""nontrivial_confining_charge"", ""trivial""]",12,4
carrier_11473,3|3,factor1,1,3,singlet,untouched,3,8,0,"[""trivial"", ""nontrivial_confining_charge""]",0,0
carrier_11474,3|3,factor0,0,3,singlet,untouched,3,8,0,"[""nontrivial_confining_charge"", ""trivial""]",0,0
carrier_11474,3|3,factor1,1,3,singlet,untouched,3,8,0,"[""trivial"", ""nontrivial_confining_charge""]",0,0
carrier_11475,3|3,factor0,0,3,singlet,untouched,3,8,0,"[""nontrivial_confining_charge"", ""trivial""]",0,0
carrier_11475,3|3,factor1,1,3,singlet,untouched,3,8,0,"[""trivial"", ""nontrivial_confining_charge""]",0,0
carrier_11476,3|3,factor0,0,3,singlet,untouched,3,8,0,"[""nontrivial_confining_charge"", ""trivial""]",0,0
carrier_11476,3|3,factor1,1,3,singlet,untouched,3,8,0,"[""trivial"", ""nontrivial_confining_charge""]",0,0
carrier_11477,3|3,factor0,0,3,singlet,untouched,3,8,0,"[""nontrivial_confining_charge"", ""trivial""]",0,0
carrier_11477,3|3,factor1,1,3,singlet,untouched,3,8,0,"[""trivial"", ""nontrivial_confining_charge""]",0,0
carrier_11478,3|3,factor0,0,3,singlet,untouched,3,8,0,"[""nontrivial_confining_charge"", ""trivial""]",0,0
carrier_11478,3|3,factor1,1,3,singlet,untouched,3,8,0,"[""trivial"", ""nontrivial_confining_charge""]",0,0
carrier_11479,3|3,factor0,0,3,antifund,active_broken_to_residual,2,3,4,"[""nontrivial_confining_charge"", ""trivial""]",12,4
carrier_11479,3|3,factor1,1,3,singlet,untouched,3,8,0,"[""trivial"", ""nontrivial_confining_charge""]",0,0
carrier_11480,3|3,factor0,0,3,antifund,active_broken_to_residual,2,3,4,"[""nontrivial_confining_charge"", ""trivial""]",12,4
carrier_11480,3|3,factor1,1,3,singlet,untouched,3,8,0,"[""trivial"", ""nontrivial_confining_charge""]",0,0
carrier_11481,3|3,factor0,0,3,antifund,active_broken_to_residual,2,3,4,"[""nontrivial_confining_charge"", ""trivial""]",12,4
carrier_11481,3|3,factor1,1,3,singlet,untouched,3,8,0,"[""trivial"", ""nontrivial_confining_charge""]",0,0
carrier_11482,3|3,factor0,0,3,antifund,active_broken_to_residual,2,3,4,"[""nontrivial_confining_charge"", ""trivial""]",12,4
carrier_11482,3|3,factor1,1,3,singlet,untouched,3,8,0,"[""trivial"", ""nontrivial_confining_charge""]",0,0
carrier_11483,3|3,factor0,0,3,antifund,active_broken_to_residual,2,3,4,"[""nontrivial_confining_charge"", ""trivial""]",12,4
carrier_11483,3|3,factor1,1,3,singlet,untouched,3,8,0,"[""trivial"", ""nontrivial_confining_charge""]",0,0
carrier_11484,3|3,factor0,0,3,antifund,active_broken_to_residual,2,3,4,"[""nontrivial_confining_charge"", ""trivial""]",12,4
carrier_11484,3|3,factor1,1,3,singlet,untouched,3,8,0,"[""trivial"", ""nontrivial_confining_charge""]",0,0
carrier_11485,3|3,factor0,0,3,antifund,active_broken_to_residual,2,3,4,"[""nontrivial_confining_charge"", ""trivial""]",12,4
carrier_11485,3|3,factor1,1,3,singlet,untouched,3,8,0,"[""trivial"", ""nontrivial_confining_charge""]",0,0
carrier_11486,3|3,factor0,0,3,antifund,active_broken_to_residual,2,3,4,"[""nontrivial_confining_charge"", ""trivial""]",12,4
carrier_11486,3|3,factor1,1,3,singlet,untouched,3,8,0,"[""trivial"", ""nontrivial_confining_charge""]",0,0
carrier_11487,3|3,factor0,0,3,antifund,active_broken_to_residual,2,3,4,"[""nontrivial_confining_charge"", ""trivial""]",12,4
carrier_11487,3|3,factor1,1,3,singlet,untouched,3,8,0,"[""trivial"", ""nontrivial_confining_charge""]",0,0
carrier_11488,3|3,factor0,0,3,antifund,active_broken_to_residual,2,3,4,"[""nontrivial_confining_charge"", ""trivial""]",12,4
carrier_11488,3|3,factor1,1,3,singlet,untouched,3,8,0,"[""trivial"", ""nontrivial_confining_charge""]",0,0
carrier_11489,3|3,factor0,0,3,antifund,active_broken_to_residual,2,3,4,"[""nontrivial_confining_charge"", ""trivial""]",12,4
carrier_11489,3|3,factor1,1,3,singlet,untouched,3,8,0,"[""trivial"", ""nontrivial_confining_charge""]",0,0
carrier_11490,3|3,factor0,0,3,antifund,active_broken_to_residual,2,3,4,"[""nontrivial_confining_charge"", ""trivial""]",12,4
carrier_11490,3|3,factor1,1,3,singlet,untouched,3,8,0,"[""trivial"", ""nontrivial_confining_charge""]",0,0
carrier_11491,3|3,factor0,0,3,antifund,active_broken_to_residual,2,3,4,"[""nontrivial_confining_charge"", ""trivial""]",12,4
carrier_11491,3|3,factor1,1,3,singlet,untouched,3,8,0,"[""trivial"", ""nontrivial_confining_charge""]",0,0
carrier_11492,3|3,factor0,0,3,antifund,active_broken_to_residual,2,3,4,"[""nontrivial_confining_charge"", ""trivial""]",12,4
carrier_11492,3|3,factor1,1,3,singlet,untouched,3,8,0,"[""trivial"", ""nontrivial_confining_charge""]",0,0
carrier_11493,3|3,factor0,0,3,antifund,active_broken_to_residual,2,3,4,"[""nontrivial_confining_charge"", ""trivial""]",12,4
carrier_11493,3|3,factor1,1,3,singlet,untouched,3,8,0,"[""trivial"", ""nontrivial_confining_charge""]",0,0
carrier_11494,3|3,factor0,0,3,antifund,active_broken_to_residual,2,3,4,"[""nontrivial_confining_charge"", ""trivial""]",12,4
carrier_11494,3|3,factor1,1,3,singlet,untouched,3,8,0,"[""trivial"", ""nontrivial_confining_charge""]",0,0
carrier_11495,3|3,factor0,0,3,antifund,active_broken_to_residual,2,3,4,"[""nontrivial_confining_charge"", ""trivial""]",12,4
carrier_11495,3|3,factor1,1,3,singlet,untouched,3,8,0,"[""trivial"", ""nontrivial_confining_charge""]",0,0
carrier_11496,3|3,factor0,0,3,antifund,active_broken_to_residual,2,3,4,"[""nontrivial_confining_charge"", ""trivial""]",12,4
carrier_11496,3|3,factor1,1,3,singlet,untouched,3,8,0,"[""trivial"", ""nontrivial_confining_charge""]",0,0
carrier_11497,3|3,factor0,0,3,antifund,active_broken_to_residual,2,3,4,"[""nontrivial_confining_charge"", ""trivial""]",12,4
carrier_11497,3|3,factor1,1,3,singlet,untouched,3,8,0,"[""trivial"", ""nontrivial_confining_charge""]",0,0
carrier_11498,3|3,factor0,0,3,antifund,active_broken_to_residual,2,3,4,"[""nontrivial_confining_charge"", ""trivial""]",12,4
carrier_11498,3|3,factor1,1,3,singlet,untouched,3,8,0,"[""trivial"", ""nontrivial_confining_charge""]",0,0
carrier_11499,3|3,factor0,0,3,singlet,untouched,3,8,0,"[""nontrivial_confining_charge"", ""trivial""]",0,0
carrier_11499,3|3,factor1,1,3,singlet,untouched,3,8,0,"[""trivial"", ""nontrivial_confining_charge""]",0,0
carrier_11500,3|3,factor0,0,3,singlet,untouched,3,8,0,"[""nontrivial_confining_charge"", ""trivial""]",0,0
carrier_11500,3|3,factor1,1,3,singlet,untouched,3,8,0,"[""trivial"", ""nontrivial_confining_charge""]",0,0
carrier_11501,3|3,factor0,0,3,singlet,untouched,3,8,0,"[""nontrivial_confining_charge"", ""trivial""]",0,0
carrier_11501,3|3,factor1,1,3,singlet,untouched,3,8,0,"[""trivial"", ""nontrivial_confining_charge""]",0,0
carrier_11502,3|3,factor0,0,3,antifund,active_broken_to_residual,2,3,4,"[""nontrivial_confining_charge"", ""trivial""]",12,4
carrier_11502,3|3,factor1,1,3,singlet,untouched,3,8,0,"[""trivial"", ""nontrivial_confining_charge""]",0,0
carrier_11503,3|3,factor0,0,3,singlet,untouched,3,8,0,"[""nontrivial_confining_charge"", ""trivial""]",0,0
carrier_11503,3|3,factor1,1,3,singlet,untouched,3,8,0,"[""trivial"", ""nontrivial_confining_charge""]",0,0
carrier_11504,3|3,factor0,0,3,singlet,untouched,3,8,0,"[""nontrivial_confining_charge"", ""trivial""]",0,0
carrier_11504,3|3,factor1,1,3,singlet,untouched,3,8,0,"[""trivial"", ""nontrivial_confining_charge""]",0,0
carrier_11505,3|3,factor0,0,3,singlet,untouched,3,8,0,"[""nontrivial_confining_charge"", ""trivial""]",0,0
carrier_11505,3|3,factor1,1,3,singlet,untouched,3,8,0,"[""trivial"", ""nontrivial_confining_charge""]",0,0
carrier_11506,3|3,factor0,0,3,singlet,untouched,3,8,0,"[""nontrivial_confining_charge"", ""trivial""]",0,0
carrier_11506,3|3,factor1,1,3,singlet,untouched,3,8,0,"[""trivial"", ""nontrivial_confining_charge""]",0,0
carrier_11507,3|3,factor0,0,3,singlet,untouched,3,8,0,"[""nontrivial_confining_charge"", ""trivial""]",0,0
carrier_11507,3|3,factor1,1,3,singlet,untouched,3,8,0,"[""trivial"", ""nontrivial_confining_charge""]",0,0
carrier_11508,3|3,factor0,0,3,singlet,untouched,3,8,0,"[""nontrivial_confining_charge"", ""trivial""]",0,0
carrier_11508,3|3,factor1,1,3,singlet,untouched,3,8,0,"[""trivial"", ""nontrivial_confining_charge""]",0,0
carrier_11509,3|3,factor0,0,3,singlet,untouched,3,8,0,"[""nontrivial_confining_charge"", ""trivial""]",0,0
carrier_11509,3|3,factor1,1,3,singlet,untouched,3,8,0,"[""trivial"", ""nontrivial_confining_charge""]",0,0
carrier_11510,3|3,factor0,0,3,singlet,untouched,3,8,0,"[""nontrivial_confining_charge"", ""trivial""]",0,0
carrier_11510,3|3,factor1,1,3,singlet,untouched,3,8,0,"[""trivial"", ""nontrivial_confining_charge""]",0,0
carrier_11511,3|3,factor0,0,3,singlet,untouched,3,8,0,"[""nontrivial_confining_charge"", ""trivial""]",0,0
carrier_11511,3|3,factor1,1,3,singlet,untouched,3,8,0,"[""trivial"", ""nontrivial_confining_charge""]",0,0
carrier_11512,3|3,factor0,0,3,singlet,untouched,3,8,0,"[""nontrivial_confining_charge"", ""trivial""]",0,0
carrier_11512,3|3,factor1,1,3,singlet,untouched,3,8,0,"[""trivial"", ""nontrivial_confining_charge""]",0,0
carrier_11513,3|3,factor0,0,3,singlet,untouched,3,8,0,"[""nontrivial_confining_charge"", ""trivial""]",0,0
carrier_11513,3|3,factor1,1,3,singlet,untouched,3,8,0,"[""trivial"", ""nontrivial_confining_charge""]",0,0
carrier_11514,3|3,factor0,0,3,singlet,untouched,3,8,0,"[""nontrivial_confining_charge"", ""trivial""]",0,0
carrier_11514,3|3,factor1,1,3,singlet,untouched,3,8,0,"[""trivial"", ""nontrivial_confining_charge""]",0,0
carrier_11515,3|3,factor0,0,3,antifund,active_broken_to_residual,2,3,4,"[""nontrivial_confining_charge"", ""trivial""]",12,4
carrier_11515,3|3,factor1,1,3,singlet,untouched,3,8,0,"[""trivial"", ""nontrivial_confining_charge""]",0,0
carrier_11516,3|3,factor0,0,3,singlet,untouched,3,8,0,"[""nontrivial_confining_charge"", ""trivial""]",0,0
carrier_11516,3|3,factor1,1,3,singlet,untouched,3,8,0,"[""trivial"", ""nontrivial_confining_charge""]",0,0
carrier_11517,3|3,factor0,0,3,singlet,untouched,3,8,0,"[""nontrivial_confining_charge"", ""trivial""]",0,0
carrier_11517,3|3,factor1,1,3,singlet,untouched,3,8,0,"[""trivial"", ""nontrivial_confining_charge""]",0,0
carrier_11518,3|3,factor0,0,3,singlet,untouched,3,8,0,"[""nontrivial_confining_charge"", ""trivial""]",0,0
carrier_11518,3|3,factor1,1,3,singlet,untouched,3,8,0,"[""trivial"", ""nontrivial_confining_charge""]",0,0
carrier_11519,3|3,factor0,0,3,singlet,untouched,3,8,0,"[""nontrivial_confining_charge"", ""trivial""]",0,0
carrier_11519,3|3,factor1,1,3,singlet,untouched,3,8,0,"[""trivial"", ""nontrivial_confining_charge""]",0,0
carrier_11520,3|3,factor0,0,3,singlet,untouched,3,8,0,"[""nontrivial_confining_charge"", ""trivial""]",0,0
carrier_11520,3|3,factor1,1,3,singlet,untouched,3,8,0,"[""trivial"", ""nontrivial_confining_charge""]",0,0
carrier_11521,3|3,factor0,0,3,singlet,untouched,3,8,0,"[""nontrivial_confining_charge"", ""trivial""]",0,0
carrier_11521,3|3,factor1,1,3,singlet,untouched,3,8,0,"[""trivial"", ""nontrivial_confining_charge""]",0,0
carrier_11522,3|3,factor0,0,3,singlet,untouched,3,8,0,"[""nontrivial_confining_charge"", ""trivial""]",0,0
carrier_11522,3|3,factor1,1,3,antifund,active_broken_to_residual,2,3,4,"[""trivial"", ""nontrivial_confining_charge""]",12,4
carrier_11523,3|3,factor0,0,3,singlet,untouched,3,8,0,"[""nontrivial_confining_charge"", ""trivial""]",0,0
carrier_11523,3|3,factor1,1,3,antifund,active_broken_to_residual,2,3,4,"[""trivial"", ""nontrivial_confining_charge""]",12,4
carrier_11524,3|3,factor0,0,3,singlet,untouched,3,8,0,"[""nontrivial_confining_charge"", ""trivial""]",0,0
carrier_11524,3|3,factor1,1,3,antifund,active_broken_to_residual,2,3,4,"[""trivial"", ""nontrivial_confining_charge""]",12,4
carrier_11525,3|3,factor0,0,3,singlet,untouched,3,8,0,"[""nontrivial_confining_charge"", ""trivial""]",0,0
carrier_11525,3|3,factor1,1,3,antifund,active_broken_to_residual,2,3,4,"[""trivial"", ""nontrivial_confining_charge""]",12,4
carrier_11526,3|3,factor0,0,3,singlet,untouched,3,8,0,"[""nontrivial_confining_charge"", ""trivial""]",0,0
carrier_11526,3|3,factor1,1,3,antifund,active_broken_to_residual,2,3,4,"[""trivial"", ""nontrivial_confining_charge""]",12,4
carrier_11527,3|3,factor0,0,3,singlet,untouched,3,8,0,"[""nontrivial_confining_charge"", ""trivial""]",0,0
carrier_11527,3|3,factor1,1,3,singlet,untouched,3,8,0,"[""trivial"", ""nontrivial_confining_charge""]",0,0
carrier_11528,3|3,factor0,0,3,singlet,untouched,3,8,0,"[""nontrivial_confining_charge"", ""trivial""]",0,0
carrier_11528,3|3,factor1,1,3,singlet,untouched,3,8,0,"[""trivial"", ""nontrivial_confining_charge""]",0,0
carrier_11529,3|3,factor0,0,3,singlet,untouched,3,8,0,"[""nontrivial_confining_charge"", ""trivial""]",0,0
carrier_11529,3|3,factor1,1,3,singlet,untouched,3,8,0,"[""trivial"", ""nontrivial_confining_charge""]",0,0
carrier_11530,3|3,factor0,0,3,singlet,untouched,3,8,0,"[""nontrivial_confining_charge"", ""trivial""]",0,0
carrier_11530,3|3,factor1,1,3,singlet,untouched,3,8,0,"[""trivial"", ""nontrivial_confining_charge""]",0,0
carrier_11531,3|3,factor0,0,3,singlet,untouched,3,8,0,"[""nontrivial_confining_charge"", ""trivial""]",0,0
carrier_11531,3|3,factor1,1,3,antifund,active_broken_to_residual,2,3,4,"[""trivial"", ""nontrivial_confining_charge""]",12,4
carrier_11532,3|3,factor0,0,3,singlet,untouched,3,8,0,"[""nontrivial_confining_charge"", ""trivial""]",0,0
carrier_11532,3|3,factor1,1,3,antifund,active_broken_to_residual,2,3,4,"[""trivial"", ""nontrivial_confining_charge""]",12,4
carrier_11533,3|3,factor0,0,3,singlet,untouched,3,8,0,"[""nontrivial_confining_charge"", ""trivial""]",0,0
carrier_11533,3|3,factor1,1,3,antifund,active_broken_to_residual,2,3,4,"[""trivial"", ""nontrivial_confining_charge""]",12,4
carrier_11534,3|3,factor0,0,3,singlet,untouched,3,8,0,"[""nontrivial_confining_charge"", ""trivial""]",0,0
carrier_11534,3|3,factor1,1,3,antifund,active_broken_to_residual,2,3,4,"[""trivial"", ""nontrivial_confining_charge""]",12,4
carrier_11535,3|3,factor0,0,3,singlet,untouched,3,8,0,"[""nontrivial_confining_charge"", ""trivial""]",0,0
carrier_11535,3|3,factor1,1,3,singlet,untouched,3,8,0,"[""trivial"", ""nontrivial_confining_charge""]",0,0
carrier_11536,3|3,factor0,0,3,singlet,untouched,3,8,0,"[""nontrivial_confining_charge"", ""trivial""]",0,0
carrier_11536,3|3,factor1,1,3,singlet,untouched,3,8,0,"[""trivial"", ""nontrivial_confining_charge""]",0,0
carrier_11537,3|3,factor0,0,3,singlet,untouched,3,8,0,"[""nontrivial_confining_charge"", ""trivial""]",0,0
carrier_11537,3|3,factor1,1,3,singlet,untouched,3,8,0,"[""trivial"", ""nontrivial_confining_charge""]",0,0
carrier_11538,3|3,factor0,0,3,singlet,untouched,3,8,0,"[""nontrivial_confining_charge"", ""trivial""]",0,0
carrier_11538,3|3,factor1,1,3,singlet,untouched,3,8,0,"[""trivial"", ""nontrivial_confining_charge""]",0,0
carrier_11539,3|3,factor0,0,3,singlet,untouched,3,8,0,"[""nontrivial_confining_charge"", ""trivial""]",0,0
carrier_11539,3|3,factor1,1,3,antifund,active_broken_to_residual,2,3,4,"[""trivial"", ""nontrivial_confining_charge""]",12,4
carrier_11540,3|3,factor0,0,3,singlet,untouched,3,8,0,"[""nontrivial_confining_charge"", ""trivial""]",0,0
carrier_11540,3|3,factor1,1,3,antifund,active_broken_to_residual,2,3,4,"[""trivial"", ""nontrivial_confining_charge""]",12,4
carrier_11541,3|3,factor0,0,3,singlet,untouched,3,8,0,"[""nontrivial_confining_charge"", ""trivial""]",0,0
carrier_11541,3|3,factor1,1,3,antifund,active_broken_to_residual,2,3,4,"[""trivial"", ""nontrivial_confining_charge""]",12,4
carrier_11542,3|3,factor0,0,3,singlet,untouched,3,8,0,"[""nontrivial_confining_charge"", ""trivial""]",0,0
carrier_11542,3|3,factor1,1,3,antifund,active_broken_to_residual,2,3,4,"[""trivial"", ""nontrivial_confining_charge""]",12,4
carrier_11543,3|3,factor0,0,3,singlet,untouched,3,8,0,"[""nontrivial_confining_charge"", ""trivial""]",0,0
carrier_11543,3|3,factor1,1,3,singlet,untouched,3,8,0,"[""trivial"", ""nontrivial_confining_charge""]",0,0
carrier_11544,3|3,factor0,0,3,singlet,untouched,3,8,0,"[""nontrivial_confining_charge"", ""trivial""]",0,0
carrier_11544,3|3,factor1,1,3,singlet,untouched,3,8,0,"[""trivial"", ""nontrivial_confining_charge""]",0,0
carrier_11545,3|3,factor0,0,3,singlet,untouched,3,8,0,"[""nontrivial_confining_charge"", ""trivial""]",0,0
carrier_11545,3|3,factor1,1,3,singlet,untouched,3,8,0,"[""trivial"", ""nontrivial_confining_charge""]",0,0
carrier_11546,3|3,factor0,0,3,singlet,untouched,3,8,0,"[""nontrivial_confining_charge"", ""trivial""]",0,0
carrier_11546,3|3,factor1,1,3,singlet,untouched,3,8,0,"[""trivial"", ""nontrivial_confining_charge""]",0,0
carrier_11547,3|3,factor0,0,3,singlet,untouched,3,8,0,"[""nontrivial_confining_charge"", ""trivial""]",0,0
carrier_11547,3|3,factor1,1,3,antifund,active_broken_to_residual,2,3,4,"[""trivial"", ""nontrivial_confining_charge""]",12,4
carrier_11548,3|3,factor0,0,3,singlet,untouched,3,8,0,"[""nontrivial_confining_charge"", ""trivial""]",0,0
carrier_11548,3|3,factor1,1,3,antifund,active_broken_to_residual,2,3,4,"[""trivial"", ""nontrivial_confining_charge""]",12,4
carrier_11549,3|3,factor0,0,3,singlet,untouched,3,8,0,"[""nontrivial_confining_charge"", ""trivial""]",0,0
carrier_11549,3|3,factor1,1,3,antifund,active_broken_to_residual,2,3,4,"[""trivial"", ""nontrivial_confining_charge""]",12,4
carrier_11550,3|3,factor0,0,3,singlet,untouched,3,8,0,"[""nontrivial_confining_charge"", ""trivial""]",0,0
carrier_11550,3|3,factor1,1,3,antifund,active_broken_to_residual,2,3,4,"[""trivial"", ""nontrivial_confining_charge""]",12,4
carrier_11551,3|3,factor0,0,3,singlet,untouched,3,8,0,"[""nontrivial_confining_charge"", ""trivial""]",0,0
carrier_11551,3|3,factor1,1,3,antifund,active_broken_to_residual,2,3,4,"[""trivial"", ""nontrivial_confining_charge""]",12,4
carrier_11552,3|3,factor0,0,3,singlet,untouched,3,8,0,"[""nontrivial_confining_charge"", ""trivial""]",0,0
carrier_11552,3|3,factor1,1,3,singlet,untouched,3,8,0,"[""trivial"", ""nontrivial_confining_charge""]",0,0
carrier_11553,3|3,factor0,0,3,singlet,untouched,3,8,0,"[""nontrivial_confining_charge"", ""trivial""]",0,0
carrier_11553,3|3,factor1,1,3,singlet,untouched,3,8,0,"[""trivial"", ""nontrivial_confining_charge""]",0,0
carrier_11554,3|3,factor0,0,3,singlet,untouched,3,8,0,"[""nontrivial_confining_charge"", ""trivial""]",0,0
carrier_11554,3|3,factor1,1,3,singlet,untouched,3,8,0,"[""trivial"", ""nontrivial_confining_charge""]",0,0
carrier_11555,3|3,factor0,0,3,singlet,untouched,3,8,0,"[""nontrivial_confining_charge"", ""trivial""]",0,0
carrier_11555,3|3,factor1,1,3,antifund,active_broken_to_residual,2,3,4,"[""trivial"", ""nontrivial_confining_charge""]",12,4
carrier_11556,3|3,factor0,0,3,singlet,untouched,3,8,0,"[""nontrivial_confining_charge"", ""trivial""]",0,0
carrier_11556,3|3,factor1,1,3,antifund,active_broken_to_residual,2,3,4,"[""trivial"", ""nontrivial_confining_charge""]",12,4
carrier_11557,3|3,factor0,0,3,singlet,untouched,3,8,0,"[""nontrivial_confining_charge"", ""trivial""]",0,0
carrier_11557,3|3,factor1,1,3,antifund,active_broken_to_residual,2,3,4,"[""trivial"", ""nontrivial_confining_charge""]",12,4
carrier_11558,3|3,factor0,0,3,singlet,untouched,3,8,0,"[""nontrivial_confining_charge"", ""trivial""]",0,0
carrier_11558,3|3,factor1,1,3,antifund,active_broken_to_residual,2,3,4,"[""trivial"", ""nontrivial_confining_charge""]",12,4
carrier_11559,3|3,factor0,0,3,singlet,untouched,3,8,0,"[""nontrivial_confining_charge"", ""trivial""]",0,0
carrier_11559,3|3,factor1,1,3,singlet,untouched,3,8,0,"[""trivial"", ""nontrivial_confining_charge""]",0,0
carrier_11560,3|3,factor0,0,3,singlet,untouched,3,8,0,"[""nontrivial_confining_charge"", ""trivial""]",0,0
carrier_11560,3|3,factor1,1,3,singlet,untouched,3,8,0,"[""trivial"", ""nontrivial_confining_charge""]",0,0
carrier_11561,3|3,factor0,0,3,singlet,untouched,3,8,0,"[""nontrivial_confining_charge"", ""trivial""]",0,0
carrier_11561,3|3,factor1,1,3,singlet,untouched,3,8,0,"[""trivial"", ""nontrivial_confining_charge""]",0,0
carrier_11562,3|3,factor0,0,3,singlet,untouched,3,8,0,"[""nontrivial_confining_charge"", ""trivial""]",0,0
carrier_11562,3|3,factor1,1,3,singlet,untouched,3,8,0,"[""trivial"", ""nontrivial_confining_charge""]",0,0
carrier_11563,3|3,factor0,0,3,singlet,untouched,3,8,0,"[""nontrivial_confining_charge"", ""trivial""]",0,0
carrier_11563,3|3,factor1,1,3,singlet,untouched,3,8,0,"[""trivial"", ""nontrivial_confining_charge""]",0,0
carrier_11564,3|3,factor0,0,3,singlet,untouched,3,8,0,"[""nontrivial_confining_charge"", ""trivial""]",0,0
carrier_11564,3|3,factor1,1,3,antifund,active_broken_to_residual,2,3,4,"[""trivial"", ""nontrivial_confining_charge""]",12,4
carrier_11565,3|3,factor0,0,3,singlet,untouched,3,8,0,"[""nontrivial_confining_charge"", ""trivial""]",0,0
carrier_11565,3|3,factor1,1,3,antifund,active_broken_to_residual,2,3,4,"[""trivial"", ""nontrivial_confining_charge""]",12,4
carrier_11566,3|3,factor0,0,3,singlet,untouched,3,8,0,"[""nontrivial_confining_charge"", ""trivial""]",0,0
carrier_11566,3|3,factor1,1,3,antifund,active_broken_to_residual,2,3,4,"[""trivial"", ""nontrivial_confining_charge""]",12,4
carrier_11567,3|3,factor0,0,3,singlet,untouched,3,8,0,"[""nontrivial_confining_charge"", ""trivial""]",0,0
carrier_11567,3|3,factor1,1,3,antifund,active_broken_to_residual,2,3,4,"[""trivial"", ""nontrivial_confining_charge""]",12,4
carrier_11568,3|3,factor0,0,3,singlet,untouched,3,8,0,"[""nontrivial_confining_charge"", ""trivial""]",0,0
carrier_11568,3|3,factor1,1,3,antifund,active_broken_to_residual,2,3,4,"[""trivial"", ""nontrivial_confining_charge""]",12,4
carrier_11569,3|3,factor0,0,3,singlet,untouched,3,8,0,"[""nontrivial_confining_charge"", ""trivial""]",0,0
carrier_11569,3|3,factor1,1,3,antifund,active_broken_to_residual,2,3,4,"[""trivial"", ""nontrivial_confining_charge""]",12,4
carrier_11570,3|3,factor0,0,3,singlet,untouched,3,8,0,"[""nontrivial_confining_charge"", ""trivial""]",0,0
carrier_11570,3|3,factor1,1,3,antifund,active_broken_to_residual,2,3,4,"[""trivial"", ""nontrivial_confining_charge""]",12,4
carrier_11571,3|3,factor0,0,3,singlet,untouched,3,8,0,"[""nontrivial_confining_charge"", ""trivial""]",0,0
carrier_11571,3|3,factor1,1,3,antifund,active_broken_to_residual,2,3,4,"[""trivial"", ""nontrivial_confining_charge""]",12,4
carrier_11572,3|3,factor0,0,3,singlet,untouched,3,8,0,"[""nontrivial_confining_charge"", ""trivial""]",0,0
carrier_11572,3|3,factor1,1,3,antifund,active_broken_to_residual,2,3,4,"[""trivial"", ""nontrivial_confining_charge""]",12,4
carrier_11573,3|3,factor0,0,3,singlet,untouched,3,8,0,"[""nontrivial_confining_charge"", ""trivial""]",0,0
carrier_11573,3|3,factor1,1,3,antifund,active_broken_to_residual,2,3,4,"[""trivial"", ""nontrivial_confining_charge""]",12,4
carrier_11574,3|3,factor0,0,3,singlet,untouched,3,8,0,"[""nontrivial_confining_charge"", ""trivial""]",0,0
carrier_11574,3|3,factor1,1,3,antifund,active_broken_to_residual,2,3,4,"[""trivial"", ""nontrivial_confining_charge""]",12,4
carrier_11575,3|3,factor0,0,3,singlet,untouched,3,8,0,"[""nontrivial_confining_charge"", ""trivial""]",0,0
carrier_11575,3|3,factor1,1,3,antifund,active_broken_to_residual,2,3,4,"[""trivial"", ""nontrivial_confining_charge""]",12,4
carrier_11576,3|3,factor0,0,3,singlet,untouched,3,8,0,"[""nontrivial_confining_charge"", ""trivial""]",0,0
carrier_11576,3|3,factor1,1,3,antifund,active_broken_to_residual,2,3,4,"[""trivial"", ""nontrivial_confining_charge""]",12,4
carrier_11577,3|3,factor0,0,3,singlet,untouched,3,8,0,"[""nontrivial_confining_charge"", ""trivial""]",0,0
carrier_11577,3|3,factor1,1,3,antifund,active_broken_to_residual,2,3,4,"[""trivial"", ""nontrivial_confining_charge""]",12,4
carrier_11578,3|3,factor0,0,3,singlet,untouched,3,8,0,"[""nontrivial_confining_charge"", ""trivial""]",0,0
carrier_11578,3|3,factor1,1,3,antifund,active_broken_to_residual,2,3,4,"[""trivial"", ""nontrivial_confining_charge""]",12,4
carrier_11579,3|3,factor0,0,3,singlet,untouched,3,8,0,"[""nontrivial_confining_charge"", ""trivial""]",0,0
carrier_11579,3|3,factor1,1,3,antifund,active_broken_to_residual,2,3,4,"[""trivial"", ""nontrivial_confining_charge""]",12,4
carrier_11580,3|3,factor0,0,3,singlet,untouched,3,8,0,"[""nontrivial_confining_charge"", ""trivial""]",0,0
carrier_11580,3|3,factor1,1,3,antifund,active_broken_to_residual,2,3,4,"[""trivial"", ""nontrivial_confining_charge""]",12,4
carrier_11581,3|3,factor0,0,3,singlet,untouched,3,8,0,"[""nontrivial_confining_charge"", ""trivial""]",0,0
carrier_11581,3|3,factor1,1,3,antifund,active_broken_to_residual,2,3,4,"[""trivial"", ""nontrivial_confining_charge""]",12,4
carrier_11582,3|3,factor0,0,3,singlet,untouched,3,8,0,"[""nontrivial_confining_charge"", ""trivial""]",0,0
carrier_11582,3|3,factor1,1,3,antifund,active_broken_to_residual,2,3,4,"[""trivial"", ""nontrivial_confining_charge""]",12,4
carrier_11583,3|3,factor0,0,3,singlet,untouched,3,8,0,"[""nontrivial_confining_charge"", ""trivial""]",0,0
carrier_11583,3|3,factor1,1,3,antifund,active_broken_to_residual,2,3,4,"[""trivial"", ""nontrivial_confining_charge""]",12,4
carrier_11584,3|3,factor0,0,3,singlet,untouched,3,8,0,"[""nontrivial_confining_charge"", ""trivial""]",0,0
carrier_11584,3|3,factor1,1,3,singlet,untouched,3,8,0,"[""trivial"", ""nontrivial_confining_charge""]",0,0
carrier_11585,3|3,factor0,0,3,singlet,untouched,3,8,0,"[""nontrivial_confining_charge"", ""trivial""]",0,0
carrier_11585,3|3,factor1,1,3,singlet,untouched,3,8,0,"[""trivial"", ""nontrivial_confining_charge""]",0,0
carrier_11586,3|3,factor0,0,3,singlet,untouched,3,8,0,"[""nontrivial_confining_charge"", ""trivial""]",0,0
carrier_11586,3|3,factor1,1,3,singlet,untouched,3,8,0,"[""trivial"", ""nontrivial_confining_charge""]",0,0
carrier_11587,3|3,factor0,0,3,singlet,untouched,3,8,0,"[""nontrivial_confining_charge"", ""trivial""]",0,0
carrier_11587,3|3,factor1,1,3,antifund,active_broken_to_residual,2,3,4,"[""trivial"", ""nontrivial_confining_charge""]",12,4
carrier_11588,3|3,factor0,0,3,singlet,untouched,3,8,0,"[""nontrivial_confining_charge"", ""trivial""]",0,0
carrier_11588,3|3,factor1,1,3,singlet,untouched,3,8,0,"[""trivial"", ""nontrivial_confining_charge""]",0,0
carrier_11589,3|3,factor0,0,3,singlet,untouched,3,8,0,"[""nontrivial_confining_charge"", ""trivial""]",0,0
carrier_11589,3|3,factor1,1,3,singlet,untouched,3,8,0,"[""trivial"", ""nontrivial_confining_charge""]",0,0
carrier_11590,3|3,factor0,0,3,singlet,untouched,3,8,0,"[""nontrivial_confining_charge"", ""trivial""]",0,0
carrier_11590,3|3,factor1,1,3,singlet,untouched,3,8,0,"[""trivial"", ""nontrivial_confining_charge""]",0,0
carrier_11591,3|3,factor0,0,3,singlet,untouched,3,8,0,"[""nontrivial_confining_charge"", ""trivial""]",0,0
carrier_11591,3|3,factor1,1,3,singlet,untouched,3,8,0,"[""trivial"", ""nontrivial_confining_charge""]",0,0
carrier_11592,3|3,factor0,0,3,singlet,untouched,3,8,0,"[""nontrivial_confining_charge"", ""trivial""]",0,0
carrier_11592,3|3,factor1,1,3,singlet,untouched,3,8,0,"[""trivial"", ""nontrivial_confining_charge""]",0,0
carrier_11593,3|3,factor0,0,3,singlet,untouched,3,8,0,"[""nontrivial_confining_charge"", ""trivial""]",0,0
carrier_11593,3|3,factor1,1,3,singlet,untouched,3,8,0,"[""trivial"", ""nontrivial_confining_charge""]",0,0
carrier_11594,3|3,factor0,0,3,singlet,untouched,3,8,0,"[""nontrivial_confining_charge"", ""trivial""]",0,0
carrier_11594,3|3,factor1,1,3,singlet,untouched,3,8,0,"[""trivial"", ""nontrivial_confining_charge""]",0,0
carrier_11595,3|3,factor0,0,3,singlet,untouched,3,8,0,"[""nontrivial_confining_charge"", ""trivial""]",0,0
carrier_11595,3|3,factor1,1,3,singlet,untouched,3,8,0,"[""trivial"", ""nontrivial_confining_charge""]",0,0
carrier_11596,3|3,factor0,0,3,singlet,untouched,3,8,0,"[""nontrivial_confining_charge"", ""trivial""]",0,0
carrier_11596,3|3,factor1,1,3,singlet,untouched,3,8,0,"[""trivial"", ""nontrivial_confining_charge""]",0,0
carrier_11597,3|3,factor0,0,3,singlet,untouched,3,8,0,"[""nontrivial_confining_charge"", ""trivial""]",0,0
carrier_11597,3|3,factor1,1,3,singlet,untouched,3,8,0,"[""trivial"", ""nontrivial_confining_charge""]",0,0
carrier_11598,3|3,factor0,0,3,singlet,untouched,3,8,0,"[""nontrivial_confining_charge"", ""trivial""]",0,0
carrier_11598,3|3,factor1,1,3,singlet,untouched,3,8,0,"[""trivial"", ""nontrivial_confining_charge""]",0,0
carrier_11599,3|3,factor0,0,3,singlet,untouched,3,8,0,"[""nontrivial_confining_charge"", ""trivial""]",0,0
carrier_11599,3|3,factor1,1,3,singlet,untouched,3,8,0,"[""trivial"", ""nontrivial_confining_charge""]",0,0
carrier_11600,3|3,factor0,0,3,singlet,untouched,3,8,0,"[""nontrivial_confining_charge"", ""trivial""]",0,0
carrier_11600,3|3,factor1,1,3,antifund,active_broken_to_residual,2,3,4,"[""trivial"", ""nontrivial_confining_charge""]",12,4
carrier_11601,3|3,factor0,0,3,singlet,untouched,3,8,0,"[""nontrivial_confining_charge"", ""trivial""]",0,0
carrier_11601,3|3,factor1,1,3,singlet,untouched,3,8,0,"[""trivial"", ""nontrivial_confining_charge""]",0,0
carrier_11602,3|3,factor0,0,3,singlet,untouched,3,8,0,"[""nontrivial_confining_charge"", ""trivial""]",0,0
carrier_11602,3|3,factor1,1,3,singlet,untouched,3,8,0,"[""trivial"", ""nontrivial_confining_charge""]",0,0
carrier_11603,3|3,factor0,0,3,singlet,untouched,3,8,0,"[""nontrivial_confining_charge"", ""trivial""]",0,0
carrier_11603,3|3,factor1,1,3,singlet,untouched,3,8,0,"[""trivial"", ""nontrivial_confining_charge""]",0,0
carrier_11604,3|4,factor0,0,3,singlet,untouched,3,8,0,"[""nontrivial_confining_charge"", ""trivial""]",0,0
carrier_11604,3|4,factor1,1,4,singlet,untouched,4,15,0,"[""trivial"", ""nontrivial_confining_charge""]",0,0
carrier_11605,3|4,factor0,0,3,singlet,untouched,3,8,0,"[""nontrivial_confining_charge"", ""trivial""]",0,0
carrier_11605,3|4,factor1,1,4,singlet,untouched,4,15,0,"[""trivial"", ""nontrivial_confining_charge""]",0,0
carrier_11606,3|4,factor0,0,3,singlet,untouched,3,8,0,"[""nontrivial_confining_charge"", ""trivial""]",0,0
carrier_11606,3|4,factor1,1,4,singlet,untouched,4,15,0,"[""trivial"", ""nontrivial_confining_charge""]",0,0
carrier_11607,3|4,factor0,0,3,antifund,active_broken_to_residual,2,3,4,"[""nontrivial_confining_charge"", ""trivial""]",12,4
carrier_11607,3|4,factor1,1,4,singlet,untouched,4,15,0,"[""trivial"", ""nontrivial_confining_charge""]",0,0
carrier_11608,3|4,factor0,0,3,antifund,active_broken_to_residual,2,3,4,"[""nontrivial_confining_charge"", ""trivial""]",12,4
carrier_11608,3|4,factor1,1,4,singlet,untouched,4,15,0,"[""trivial"", ""nontrivial_confining_charge""]",0,0
carrier_11609,3|4,factor0,0,3,antifund,active_broken_to_residual,2,3,4,"[""nontrivial_confining_charge"", ""trivial""]",12,4
carrier_11609,3|4,factor1,1,4,singlet,untouched,4,15,0,"[""trivial"", ""nontrivial_confining_charge""]",0,0
carrier_11610,3|4,factor0,0,3,antifund,active_broken_to_residual,2,3,4,"[""nontrivial_confining_charge"", ""trivial""]",12,4
carrier_11610,3|4,factor1,1,4,singlet,untouched,4,15,0,"[""trivial"", ""nontrivial_confining_charge""]",0,0
carrier_11611,3|4,factor0,0,3,antifund,active_broken_to_residual,2,3,4,"[""nontrivial_confining_charge"", ""trivial""]",12,4
carrier_11611,3|4,factor1,1,4,singlet,untouched,4,15,0,"[""trivial"", ""nontrivial_confining_charge""]",0,0
carrier_11612,3|4,factor0,0,3,singlet,untouched,3,8,0,"[""nontrivial_confining_charge"", ""trivial""]",0,0
carrier_11612,3|4,factor1,1,4,singlet,untouched,4,15,0,"[""trivial"", ""nontrivial_confining_charge""]",0,0
carrier_11613,3|4,factor0,0,3,singlet,untouched,3,8,0,"[""nontrivial_confining_charge"", ""trivial""]",0,0
carrier_11613,3|4,factor1,1,4,singlet,untouched,4,15,0,"[""trivial"", ""nontrivial_confining_charge""]",0,0
carrier_11614,3|4,factor0,0,3,singlet,untouched,3,8,0,"[""nontrivial_confining_charge"", ""trivial""]",0,0
carrier_11614,3|4,factor1,1,4,singlet,untouched,4,15,0,"[""trivial"", ""nontrivial_confining_charge""]",0,0
carrier_11615,3|4,factor0,0,3,singlet,untouched,3,8,0,"[""nontrivial_confining_charge"", ""trivial""]",0,0
carrier_11615,3|4,factor1,1,4,singlet,untouched,4,15,0,"[""trivial"", ""nontrivial_confining_charge""]",0,0
carrier_11616,3|4,factor0,0,3,antifund,active_broken_to_residual,2,3,4,"[""nontrivial_confining_charge"", ""trivial""]",12,4
carrier_11616,3|4,factor1,1,4,singlet,untouched,4,15,0,"[""trivial"", ""nontrivial_confining_charge""]",0,0
carrier_11617,3|4,factor0,0,3,antifund,active_broken_to_residual,2,3,4,"[""nontrivial_confining_charge"", ""trivial""]",12,4
carrier_11617,3|4,factor1,1,4,singlet,untouched,4,15,0,"[""trivial"", ""nontrivial_confining_charge""]",0,0
carrier_11618,3|4,factor0,0,3,antifund,active_broken_to_residual,2,3,4,"[""nontrivial_confining_charge"", ""trivial""]",12,4
carrier_11618,3|4,factor1,1,4,singlet,untouched,4,15,0,"[""trivial"", ""nontrivial_confining_charge""]",0,0
carrier_11619,3|4,factor0,0,3,antifund,active_broken_to_residual,2,3,4,"[""nontrivial_confining_charge"", ""trivial""]",12,4
carrier_11619,3|4,factor1,1,4,singlet,untouched,4,15,0,"[""trivial"", ""nontrivial_confining_charge""]",0,0
carrier_11620,3|4,factor0,0,3,singlet,untouched,3,8,0,"[""nontrivial_confining_charge"", ""trivial""]",0,0
carrier_11620,3|4,factor1,1,4,singlet,untouched,4,15,0,"[""trivial"", ""nontrivial_confining_charge""]",0,0
carrier_11621,3|4,factor0,0,3,singlet,untouched,3,8,0,"[""nontrivial_confining_charge"", ""trivial""]",0,0
carrier_11621,3|4,factor1,1,4,singlet,untouched,4,15,0,"[""trivial"", ""nontrivial_confining_charge""]",0,0
carrier_11622,3|4,factor0,0,3,singlet,untouched,3,8,0,"[""nontrivial_confining_charge"", ""trivial""]",0,0
carrier_11622,3|4,factor1,1,4,singlet,untouched,4,15,0,"[""trivial"", ""nontrivial_confining_charge""]",0,0
carrier_11623,3|4,factor0,0,3,singlet,untouched,3,8,0,"[""nontrivial_confining_charge"", ""trivial""]",0,0
carrier_11623,3|4,factor1,1,4,singlet,untouched,4,15,0,"[""trivial"", ""nontrivial_confining_charge""]",0,0
carrier_11624,3|4,factor0,0,3,antifund,active_broken_to_residual,2,3,4,"[""nontrivial_confining_charge"", ""trivial""]",12,4
carrier_11624,3|4,factor1,1,4,singlet,untouched,4,15,0,"[""trivial"", ""nontrivial_confining_charge""]",0,0
carrier_11625,3|4,factor0,0,3,antifund,active_broken_to_residual,2,3,4,"[""nontrivial_confining_charge"", ""trivial""]",12,4
carrier_11625,3|4,factor1,1,4,singlet,untouched,4,15,0,"[""trivial"", ""nontrivial_confining_charge""]",0,0
carrier_11626,3|4,factor0,0,3,antifund,active_broken_to_residual,2,3,4,"[""nontrivial_confining_charge"", ""trivial""]",12,4
carrier_11626,3|4,factor1,1,4,singlet,untouched,4,15,0,"[""trivial"", ""nontrivial_confining_charge""]",0,0
carrier_11627,3|4,factor0,0,3,antifund,active_broken_to_residual,2,3,4,"[""nontrivial_confining_charge"", ""trivial""]",12,4
carrier_11627,3|4,factor1,1,4,singlet,untouched,4,15,0,"[""trivial"", ""nontrivial_confining_charge""]",0,0
carrier_11628,3|4,factor0,0,3,singlet,untouched,3,8,0,"[""nontrivial_confining_charge"", ""trivial""]",0,0
carrier_11628,3|4,factor1,1,4,singlet,untouched,4,15,0,"[""trivial"", ""nontrivial_confining_charge""]",0,0
carrier_11629,3|4,factor0,0,3,singlet,untouched,3,8,0,"[""nontrivial_confining_charge"", ""trivial""]",0,0
carrier_11629,3|4,factor1,1,4,singlet,untouched,4,15,0,"[""trivial"", ""nontrivial_confining_charge""]",0,0
carrier_11630,3|4,factor0,0,3,singlet,untouched,3,8,0,"[""nontrivial_confining_charge"", ""trivial""]",0,0
carrier_11630,3|4,factor1,1,4,singlet,untouched,4,15,0,"[""trivial"", ""nontrivial_confining_charge""]",0,0
carrier_11631,3|4,factor0,0,3,singlet,untouched,3,8,0,"[""nontrivial_confining_charge"", ""trivial""]",0,0
carrier_11631,3|4,factor1,1,4,singlet,untouched,4,15,0,"[""trivial"", ""nontrivial_confining_charge""]",0,0
carrier_11632,3|4,factor0,0,3,antifund,active_broken_to_residual,2,3,4,"[""nontrivial_confining_charge"", ""trivial""]",12,4
carrier_11632,3|4,factor1,1,4,singlet,untouched,4,15,0,"[""trivial"", ""nontrivial_confining_charge""]",0,0
carrier_11633,3|4,factor0,0,3,antifund,active_broken_to_residual,2,3,4,"[""nontrivial_confining_charge"", ""trivial""]",12,4
carrier_11633,3|4,factor1,1,4,singlet,untouched,4,15,0,"[""trivial"", ""nontrivial_confining_charge""]",0,0
carrier_11634,3|4,factor0,0,3,antifund,active_broken_to_residual,2,3,4,"[""nontrivial_confining_charge"", ""trivial""]",12,4
carrier_11634,3|4,factor1,1,4,singlet,untouched,4,15,0,"[""trivial"", ""nontrivial_confining_charge""]",0,0
carrier_11635,3|4,factor0,0,3,antifund,active_broken_to_residual,2,3,4,"[""nontrivial_confining_charge"", ""trivial""]",12,4
carrier_11635,3|4,factor1,1,4,singlet,untouched,4,15,0,"[""trivial"", ""nontrivial_confining_charge""]",0,0
carrier_11636,3|4,factor0,0,3,antifund,active_broken_to_residual,2,3,4,"[""nontrivial_confining_charge"", ""trivial""]",12,4
carrier_11636,3|4,factor1,1,4,singlet,untouched,4,15,0,"[""trivial"", ""nontrivial_confining_charge""]",0,0
carrier_11637,3|4,factor0,0,3,singlet,untouched,3,8,0,"[""nontrivial_confining_charge"", ""trivial""]",0,0
carrier_11637,3|4,factor1,1,4,singlet,untouched,4,15,0,"[""trivial"", ""nontrivial_confining_charge""]",0,0
carrier_11638,3|4,factor0,0,3,singlet,untouched,3,8,0,"[""nontrivial_confining_charge"", ""trivial""]",0,0
carrier_11638,3|4,factor1,1,4,singlet,untouched,4,15,0,"[""trivial"", ""nontrivial_confining_charge""]",0,0
carrier_11639,3|4,factor0,0,3,singlet,untouched,3,8,0,"[""nontrivial_confining_charge"", ""trivial""]",0,0
carrier_11639,3|4,factor1,1,4,singlet,untouched,4,15,0,"[""trivial"", ""nontrivial_confining_charge""]",0,0
carrier_11640,3|4,factor0,0,3,antifund,active_broken_to_residual,2,3,4,"[""nontrivial_confining_charge"", ""trivial""]",12,4
carrier_11640,3|4,factor1,1,4,singlet,untouched,4,15,0,"[""trivial"", ""nontrivial_confining_charge""]",0,0
carrier_11641,3|4,factor0,0,3,antifund,active_broken_to_residual,2,3,4,"[""nontrivial_confining_charge"", ""trivial""]",12,4
carrier_11641,3|4,factor1,1,4,singlet,untouched,4,15,0,"[""trivial"", ""nontrivial_confining_charge""]",0,0
carrier_11642,3|4,factor0,0,3,antifund,active_broken_to_residual,2,3,4,"[""nontrivial_confining_charge"", ""trivial""]",12,4
carrier_11642,3|4,factor1,1,4,singlet,untouched,4,15,0,"[""trivial"", ""nontrivial_confining_charge""]",0,0
carrier_11643,3|4,factor0,0,3,antifund,active_broken_to_residual,2,3,4,"[""nontrivial_confining_charge"", ""trivial""]",12,4
carrier_11643,3|4,factor1,1,4,singlet,untouched,4,15,0,"[""trivial"", ""nontrivial_confining_charge""]",0,0
carrier_11644,3|4,factor0,0,3,singlet,untouched,3,8,0,"[""nontrivial_confining_charge"", ""trivial""]",0,0
carrier_11644,3|4,factor1,1,4,singlet,untouched,4,15,0,"[""trivial"", ""nontrivial_confining_charge""]",0,0
carrier_11645,3|4,factor0,0,3,singlet,untouched,3,8,0,"[""nontrivial_confining_charge"", ""trivial""]",0,0
carrier_11645,3|4,factor1,1,4,singlet,untouched,4,15,0,"[""trivial"", ""nontrivial_confining_charge""]",0,0
carrier_11646,3|4,factor0,0,3,singlet,untouched,3,8,0,"[""nontrivial_confining_charge"", ""trivial""]",0,0
carrier_11646,3|4,factor1,1,4,singlet,untouched,4,15,0,"[""trivial"", ""nontrivial_confining_charge""]",0,0
carrier_11647,3|4,factor0,0,3,singlet,untouched,3,8,0,"[""nontrivial_confining_charge"", ""trivial""]",0,0
carrier_11647,3|4,factor1,1,4,singlet,untouched,4,15,0,"[""trivial"", ""nontrivial_confining_charge""]",0,0
carrier_11648,3|4,factor0,0,3,singlet,untouched,3,8,0,"[""nontrivial_confining_charge"", ""trivial""]",0,0
carrier_11648,3|4,factor1,1,4,singlet,untouched,4,15,0,"[""trivial"", ""nontrivial_confining_charge""]",0,0
carrier_11649,3|4,factor0,0,3,antifund,active_broken_to_residual,2,3,4,"[""nontrivial_confining_charge"", ""trivial""]",12,4
carrier_11649,3|4,factor1,1,4,singlet,untouched,4,15,0,"[""trivial"", ""nontrivial_confining_charge""]",0,0
carrier_11650,3|4,factor0,0,3,antifund,active_broken_to_residual,2,3,4,"[""nontrivial_confining_charge"", ""trivial""]",12,4
carrier_11650,3|4,factor1,1,4,singlet,untouched,4,15,0,"[""trivial"", ""nontrivial_confining_charge""]",0,0
carrier_11651,3|4,factor0,0,3,antifund,active_broken_to_residual,2,3,4,"[""nontrivial_confining_charge"", ""trivial""]",12,4
carrier_11651,3|4,factor1,1,4,singlet,untouched,4,15,0,"[""trivial"", ""nontrivial_confining_charge""]",0,0
carrier_11652,3|4,factor0,0,3,antifund,active_broken_to_residual,2,3,4,"[""nontrivial_confining_charge"", ""trivial""]",12,4
carrier_11652,3|4,factor1,1,4,singlet,untouched,4,15,0,"[""trivial"", ""nontrivial_confining_charge""]",0,0
carrier_11653,3|4,factor0,0,3,antifund,active_broken_to_residual,2,3,4,"[""nontrivial_confining_charge"", ""trivial""]",12,4
carrier_11653,3|4,factor1,1,4,singlet,untouched,4,15,0,"[""trivial"", ""nontrivial_confining_charge""]",0,0
carrier_11654,3|4,factor0,0,3,antifund,active_broken_to_residual,2,3,4,"[""nontrivial_confining_charge"", ""trivial""]",12,4
carrier_11654,3|4,factor1,1,4,singlet,untouched,4,15,0,"[""trivial"", ""nontrivial_confining_charge""]",0,0
carrier_11655,3|4,factor0,0,3,antifund,active_broken_to_residual,2,3,4,"[""nontrivial_confining_charge"", ""trivial""]",12,4
carrier_11655,3|4,factor1,1,4,singlet,untouched,4,15,0,"[""trivial"", ""nontrivial_confining_charge""]",0,0
carrier_11656,3|4,factor0,0,3,antifund,active_broken_to_residual,2,3,4,"[""nontrivial_confining_charge"", ""trivial""]",12,4
carrier_11656,3|4,factor1,1,4,singlet,untouched,4,15,0,"[""trivial"", ""nontrivial_confining_charge""]",0,0
carrier_11657,3|4,factor0,0,3,antifund,active_broken_to_residual,2,3,4,"[""nontrivial_confining_charge"", ""trivial""]",12,4
carrier_11657,3|4,factor1,1,4,singlet,untouched,4,15,0,"[""trivial"", ""nontrivial_confining_charge""]",0,0
carrier_11658,3|4,factor0,0,3,antifund,active_broken_to_residual,2,3,4,"[""nontrivial_confining_charge"", ""trivial""]",12,4
carrier_11658,3|4,factor1,1,4,singlet,untouched,4,15,0,"[""trivial"", ""nontrivial_confining_charge""]",0,0
carrier_11659,3|4,factor0,0,3,antifund,active_broken_to_residual,2,3,4,"[""nontrivial_confining_charge"", ""trivial""]",12,4
carrier_11659,3|4,factor1,1,4,singlet,untouched,4,15,0,"[""trivial"", ""nontrivial_confining_charge""]",0,0
carrier_11660,3|4,factor0,0,3,antifund,active_broken_to_residual,2,3,4,"[""nontrivial_confining_charge"", ""trivial""]",12,4
carrier_11660,3|4,factor1,1,4,singlet,untouched,4,15,0,"[""trivial"", ""nontrivial_confining_charge""]",0,0
carrier_11661,3|4,factor0,0,3,antifund,active_broken_to_residual,2,3,4,"[""nontrivial_confining_charge"", ""trivial""]",12,4
carrier_11661,3|4,factor1,1,4,singlet,untouched,4,15,0,"[""trivial"", ""nontrivial_confining_charge""]",0,0
carrier_11662,3|4,factor0,0,3,antifund,active_broken_to_residual,2,3,4,"[""nontrivial_confining_charge"", ""trivial""]",12,4
carrier_11662,3|4,factor1,1,4,singlet,untouched,4,15,0,"[""trivial"", ""nontrivial_confining_charge""]",0,0
carrier_11663,3|4,factor0,0,3,antifund,active_broken_to_residual,2,3,4,"[""nontrivial_confining_charge"", ""trivial""]",12,4
carrier_11663,3|4,factor1,1,4,singlet,untouched,4,15,0,"[""trivial"", ""nontrivial_confining_charge""]",0,0
carrier_11664,3|4,factor0,0,3,antifund,active_broken_to_residual,2,3,4,"[""nontrivial_confining_charge"", ""trivial""]",12,4
carrier_11664,3|4,factor1,1,4,singlet,untouched,4,15,0,"[""trivial"", ""nontrivial_confining_charge""]",0,0
carrier_11665,3|4,factor0,0,3,antifund,active_broken_to_residual,2,3,4,"[""nontrivial_confining_charge"", ""trivial""]",12,4
carrier_11665,3|4,factor1,1,4,singlet,untouched,4,15,0,"[""trivial"", ""nontrivial_confining_charge""]",0,0
carrier_11666,3|4,factor0,0,3,antifund,active_broken_to_residual,2,3,4,"[""nontrivial_confining_charge"", ""trivial""]",12,4
carrier_11666,3|4,factor1,1,4,singlet,untouched,4,15,0,"[""trivial"", ""nontrivial_confining_charge""]",0,0
carrier_11667,3|4,factor0,0,3,antifund,active_broken_to_residual,2,3,4,"[""nontrivial_confining_charge"", ""trivial""]",12,4
carrier_11667,3|4,factor1,1,4,singlet,untouched,4,15,0,"[""trivial"", ""nontrivial_confining_charge""]",0,0
carrier_11668,3|4,factor0,0,3,antifund,active_broken_to_residual,2,3,4,"[""nontrivial_confining_charge"", ""trivial""]",12,4
carrier_11668,3|4,factor1,1,4,singlet,untouched,4,15,0,"[""trivial"", ""nontrivial_confining_charge""]",0,0
carrier_11669,3|4,factor0,0,3,singlet,untouched,3,8,0,"[""nontrivial_confining_charge"", ""trivial""]",0,0
carrier_11669,3|4,factor1,1,4,singlet,untouched,4,15,0,"[""trivial"", ""nontrivial_confining_charge""]",0,0
carrier_11670,3|4,factor0,0,3,singlet,untouched,3,8,0,"[""nontrivial_confining_charge"", ""trivial""]",0,0
carrier_11670,3|4,factor1,1,4,singlet,untouched,4,15,0,"[""trivial"", ""nontrivial_confining_charge""]",0,0
carrier_11671,3|4,factor0,0,3,singlet,untouched,3,8,0,"[""nontrivial_confining_charge"", ""trivial""]",0,0
carrier_11671,3|4,factor1,1,4,singlet,untouched,4,15,0,"[""trivial"", ""nontrivial_confining_charge""]",0,0
carrier_11672,3|4,factor0,0,3,antifund,active_broken_to_residual,2,3,4,"[""nontrivial_confining_charge"", ""trivial""]",12,4
carrier_11672,3|4,factor1,1,4,singlet,untouched,4,15,0,"[""trivial"", ""nontrivial_confining_charge""]",0,0
carrier_11673,3|4,factor0,0,3,singlet,untouched,3,8,0,"[""nontrivial_confining_charge"", ""trivial""]",0,0
carrier_11673,3|4,factor1,1,4,singlet,untouched,4,15,0,"[""trivial"", ""nontrivial_confining_charge""]",0,0
carrier_11674,3|4,factor0,0,3,singlet,untouched,3,8,0,"[""nontrivial_confining_charge"", ""trivial""]",0,0
carrier_11674,3|4,factor1,1,4,singlet,untouched,4,15,0,"[""trivial"", ""nontrivial_confining_charge""]",0,0
carrier_11675,3|4,factor0,0,3,singlet,untouched,3,8,0,"[""nontrivial_confining_charge"", ""trivial""]",0,0
carrier_11675,3|4,factor1,1,4,singlet,untouched,4,15,0,"[""trivial"", ""nontrivial_confining_charge""]",0,0
carrier_11676,3|4,factor0,0,3,singlet,untouched,3,8,0,"[""nontrivial_confining_charge"", ""trivial""]",0,0
carrier_11676,3|4,factor1,1,4,singlet,untouched,4,15,0,"[""trivial"", ""nontrivial_confining_charge""]",0,0
carrier_11677,3|4,factor0,0,3,singlet,untouched,3,8,0,"[""nontrivial_confining_charge"", ""trivial""]",0,0
carrier_11677,3|4,factor1,1,4,singlet,untouched,4,15,0,"[""trivial"", ""nontrivial_confining_charge""]",0,0
carrier_11678,3|4,factor0,0,3,singlet,untouched,3,8,0,"[""nontrivial_confining_charge"", ""trivial""]",0,0
carrier_11678,3|4,factor1,1,4,singlet,untouched,4,15,0,"[""trivial"", ""nontrivial_confining_charge""]",0,0
carrier_11679,3|4,factor0,0,3,singlet,untouched,3,8,0,"[""nontrivial_confining_charge"", ""trivial""]",0,0
carrier_11679,3|4,factor1,1,4,singlet,untouched,4,15,0,"[""trivial"", ""nontrivial_confining_charge""]",0,0
carrier_11680,3|4,factor0,0,3,singlet,untouched,3,8,0,"[""nontrivial_confining_charge"", ""trivial""]",0,0
carrier_11680,3|4,factor1,1,4,singlet,untouched,4,15,0,"[""trivial"", ""nontrivial_confining_charge""]",0,0
carrier_11681,3|4,factor0,0,3,singlet,untouched,3,8,0,"[""nontrivial_confining_charge"", ""trivial""]",0,0
carrier_11681,3|4,factor1,1,4,singlet,untouched,4,15,0,"[""trivial"", ""nontrivial_confining_charge""]",0,0
carrier_11682,3|4,factor0,0,3,singlet,untouched,3,8,0,"[""nontrivial_confining_charge"", ""trivial""]",0,0
carrier_11682,3|4,factor1,1,4,singlet,untouched,4,15,0,"[""trivial"", ""nontrivial_confining_charge""]",0,0
carrier_11683,3|4,factor0,0,3,singlet,untouched,3,8,0,"[""nontrivial_confining_charge"", ""trivial""]",0,0
carrier_11683,3|4,factor1,1,4,singlet,untouched,4,15,0,"[""trivial"", ""nontrivial_confining_charge""]",0,0
carrier_11684,3|4,factor0,0,3,singlet,untouched,3,8,0,"[""nontrivial_confining_charge"", ""trivial""]",0,0
carrier_11684,3|4,factor1,1,4,singlet,untouched,4,15,0,"[""trivial"", ""nontrivial_confining_charge""]",0,0
carrier_11685,3|4,factor0,0,3,antifund,active_broken_to_residual,2,3,4,"[""nontrivial_confining_charge"", ""trivial""]",12,4
carrier_11685,3|4,factor1,1,4,singlet,untouched,4,15,0,"[""trivial"", ""nontrivial_confining_charge""]",0,0
carrier_11686,3|4,factor0,0,3,singlet,untouched,3,8,0,"[""nontrivial_confining_charge"", ""trivial""]",0,0
carrier_11686,3|4,factor1,1,4,singlet,untouched,4,15,0,"[""trivial"", ""nontrivial_confining_charge""]",0,0
carrier_11687,3|4,factor0,0,3,singlet,untouched,3,8,0,"[""nontrivial_confining_charge"", ""trivial""]",0,0
carrier_11687,3|4,factor1,1,4,singlet,untouched,4,15,0,"[""trivial"", ""nontrivial_confining_charge""]",0,0
carrier_11688,3|4,factor0,0,3,singlet,untouched,3,8,0,"[""nontrivial_confining_charge"", ""trivial""]",0,0
carrier_11688,3|4,factor1,1,4,singlet,untouched,4,15,0,"[""trivial"", ""nontrivial_confining_charge""]",0,0
carrier_11689,3|4,factor0,0,3,singlet,untouched,3,8,0,"[""nontrivial_confining_charge"", ""trivial""]",0,0
carrier_11689,3|4,factor1,1,4,singlet,untouched,4,15,0,"[""trivial"", ""nontrivial_confining_charge""]",0,0
carrier_11690,3|4,factor0,0,3,singlet,untouched,3,8,0,"[""nontrivial_confining_charge"", ""trivial""]",0,0
carrier_11690,3|4,factor1,1,4,singlet,untouched,4,15,0,"[""trivial"", ""nontrivial_confining_charge""]",0,0
carrier_11691,3|4,factor0,0,3,singlet,untouched,3,8,0,"[""nontrivial_confining_charge"", ""trivial""]",0,0
carrier_11691,3|4,factor1,1,4,singlet,untouched,4,15,0,"[""trivial"", ""nontrivial_confining_charge""]",0,0
carrier_11692,3|4,factor0,0,3,singlet,untouched,3,8,0,"[""nontrivial_confining_charge"", ""trivial""]",0,0
carrier_11692,3|4,factor1,1,4,antisym2,active_broken_to_residual,3,8,6,"[""trivial"", ""nontrivial_confining_charge""]",48,6
carrier_11693,3|4,factor0,0,3,singlet,untouched,3,8,0,"[""nontrivial_confining_charge"", ""trivial""]",0,0
carrier_11693,3|4,factor1,1,4,singlet,untouched,4,15,0,"[""trivial"", ""nontrivial_confining_charge""]",0,0
carrier_11694,3|4,factor0,0,3,singlet,untouched,3,8,0,"[""nontrivial_confining_charge"", ""trivial""]",0,0
carrier_11694,3|4,factor1,1,4,singlet,untouched,4,15,0,"[""trivial"", ""nontrivial_confining_charge""]",0,0
carrier_11695,3|4,factor0,0,3,singlet,untouched,3,8,0,"[""nontrivial_confining_charge"", ""trivial""]",0,0
carrier_11695,3|4,factor1,1,4,singlet,untouched,4,15,0,"[""trivial"", ""nontrivial_confining_charge""]",0,0
carrier_11696,3|4,factor0,0,3,singlet,untouched,3,8,0,"[""nontrivial_confining_charge"", ""trivial""]",0,0
carrier_11696,3|4,factor1,1,4,singlet,untouched,4,15,0,"[""trivial"", ""nontrivial_confining_charge""]",0,0
carrier_11697,3|4,factor0,0,3,singlet,untouched,3,8,0,"[""nontrivial_confining_charge"", ""trivial""]",0,0
carrier_11697,3|4,factor1,1,4,singlet,untouched,4,15,0,"[""trivial"", ""nontrivial_confining_charge""]",0,0
carrier_11698,3|4,factor0,0,3,singlet,untouched,3,8,0,"[""nontrivial_confining_charge"", ""trivial""]",0,0
carrier_11698,3|4,factor1,1,4,singlet,untouched,4,15,0,"[""trivial"", ""nontrivial_confining_charge""]",0,0
carrier_11699,3|4,factor0,0,3,singlet,untouched,3,8,0,"[""nontrivial_confining_charge"", ""trivial""]",0,0
carrier_11699,3|4,factor1,1,4,singlet,untouched,4,15,0,"[""trivial"", ""nontrivial_confining_charge""]",0,0
carrier_11700,3|4,factor0,0,3,singlet,untouched,3,8,0,"[""nontrivial_confining_charge"", ""trivial""]",0,0
carrier_11700,3|4,factor1,1,4,singlet,untouched,4,15,0,"[""trivial"", ""nontrivial_confining_charge""]",0,0
carrier_11701,3|4,factor0,0,3,singlet,untouched,3,8,0,"[""nontrivial_confining_charge"", ""trivial""]",0,0
carrier_11701,3|4,factor1,1,4,antifund,active_broken_to_residual,3,8,6,"[""trivial"", ""nontrivial_confining_charge""]",48,6
carrier_11702,3|4,factor0,0,3,singlet,untouched,3,8,0,"[""nontrivial_confining_charge"", ""trivial""]",0,0
carrier_11702,3|4,factor1,1,4,singlet,untouched,4,15,0,"[""trivial"", ""nontrivial_confining_charge""]",0,0
carrier_11703,3|4,factor0,0,3,singlet,untouched,3,8,0,"[""nontrivial_confining_charge"", ""trivial""]",0,0
carrier_11703,3|4,factor1,1,4,singlet,untouched,4,15,0,"[""trivial"", ""nontrivial_confining_charge""]",0,0
carrier_11704,3|4,factor0,0,3,singlet,untouched,3,8,0,"[""nontrivial_confining_charge"", ""trivial""]",0,0
carrier_11704,3|4,factor1,1,4,singlet,untouched,4,15,0,"[""trivial"", ""nontrivial_confining_charge""]",0,0
carrier_11705,3|4,factor0,0,3,singlet,untouched,3,8,0,"[""nontrivial_confining_charge"", ""trivial""]",0,0
carrier_11705,3|4,factor1,1,4,singlet,untouched,4,15,0,"[""trivial"", ""nontrivial_confining_charge""]",0,0
carrier_11706,3|4,factor0,0,3,singlet,untouched,3,8,0,"[""nontrivial_confining_charge"", ""trivial""]",0,0
carrier_11706,3|4,factor1,1,4,antisym2,active_broken_to_residual,3,8,6,"[""trivial"", ""nontrivial_confining_charge""]",48,6
carrier_11707,3|4,factor0,0,3,singlet,untouched,3,8,0,"[""nontrivial_confining_charge"", ""trivial""]",0,0
carrier_11707,3|4,factor1,1,4,singlet,untouched,4,15,0,"[""trivial"", ""nontrivial_confining_charge""]",0,0
carrier_11708,3|4,factor0,0,3,singlet,untouched,3,8,0,"[""nontrivial_confining_charge"", ""trivial""]",0,0
carrier_11708,3|4,factor1,1,4,singlet,untouched,4,15,0,"[""trivial"", ""nontrivial_confining_charge""]",0,0
carrier_11709,3|4,factor0,0,3,singlet,untouched,3,8,0,"[""nontrivial_confining_charge"", ""trivial""]",0,0
carrier_11709,3|4,factor1,1,4,singlet,untouched,4,15,0,"[""trivial"", ""nontrivial_confining_charge""]",0,0
carrier_11710,3|4,factor0,0,3,singlet,untouched,3,8,0,"[""nontrivial_confining_charge"", ""trivial""]",0,0
carrier_11710,3|4,factor1,1,4,antifund,active_broken_to_residual,3,8,6,"[""trivial"", ""nontrivial_confining_charge""]",48,6
carrier_11711,3|4,factor0,0,3,singlet,untouched,3,8,0,"[""nontrivial_confining_charge"", ""trivial""]",0,0
carrier_11711,3|4,factor1,1,4,antifund,active_broken_to_residual,3,8,6,"[""trivial"", ""nontrivial_confining_charge""]",48,6
carrier_11712,3|4,factor0,0,3,singlet,untouched,3,8,0,"[""nontrivial_confining_charge"", ""trivial""]",0,0
carrier_11712,3|4,factor1,1,4,antifund,active_broken_to_residual,3,8,6,"[""trivial"", ""nontrivial_confining_charge""]",48,6
carrier_11713,3|4,factor0,0,3,singlet,untouched,3,8,0,"[""nontrivial_confining_charge"", ""trivial""]",0,0
carrier_11713,3|4,factor1,1,4,singlet,untouched,4,15,0,"[""trivial"", ""nontrivial_confining_charge""]",0,0
carrier_11714,3|4,factor0,0,3,singlet,untouched,3,8,0,"[""nontrivial_confining_charge"", ""trivial""]",0,0
carrier_11714,3|4,factor1,1,4,singlet,untouched,4,15,0,"[""trivial"", ""nontrivial_confining_charge""]",0,0
carrier_11715,3|4,factor0,0,3,singlet,untouched,3,8,0,"[""nontrivial_confining_charge"", ""trivial""]",0,0
carrier_11715,3|4,factor1,1,4,singlet,untouched,4,15,0,"[""trivial"", ""nontrivial_confining_charge""]",0,0
carrier_11716,3|4,factor0,0,3,antifund,active_broken_to_residual,2,3,4,"[""nontrivial_confining_charge"", ""trivial""]",12,4
carrier_11716,3|4,factor1,1,4,singlet,untouched,4,15,0,"[""trivial"", ""nontrivial_confining_charge""]",0,0
carrier_11717,3|4,factor0,0,3,antifund,active_broken_to_residual,2,3,4,"[""nontrivial_confining_charge"", ""trivial""]",12,4
carrier_11717,3|4,factor1,1,4,singlet,untouched,4,15,0,"[""trivial"", ""nontrivial_confining_charge""]",0,0
carrier_11718,3|4,factor0,0,3,antifund,active_broken_to_residual,2,3,4,"[""nontrivial_confining_charge"", ""trivial""]",12,4
carrier_11718,3|4,factor1,1,4,singlet,untouched,4,15,0,"[""trivial"", ""nontrivial_confining_charge""]",0,0
carrier_11719,3|4,factor0,0,3,antifund,active_broken_to_residual,2,3,4,"[""nontrivial_confining_charge"", ""trivial""]",12,4
carrier_11719,3|4,factor1,1,4,singlet,untouched,4,15,0,"[""trivial"", ""nontrivial_confining_charge""]",0,0
carrier_11720,3|4,factor0,0,3,antifund,active_broken_to_residual,2,3,4,"[""nontrivial_confining_charge"", ""trivial""]",12,4
carrier_11720,3|4,factor1,1,4,singlet,untouched,4,15,0,"[""trivial"", ""nontrivial_confining_charge""]",0,0
carrier_11721,3|4,factor0,0,3,singlet,untouched,3,8,0,"[""nontrivial_confining_charge"", ""trivial""]",0,0
carrier_11721,3|4,factor1,1,4,singlet,untouched,4,15,0,"[""trivial"", ""nontrivial_confining_charge""]",0,0
carrier_11722,3|4,factor0,0,3,singlet,untouched,3,8,0,"[""nontrivial_confining_charge"", ""trivial""]",0,0
carrier_11722,3|4,factor1,1,4,singlet,untouched,4,15,0,"[""trivial"", ""nontrivial_confining_charge""]",0,0
carrier_11723,3|4,factor0,0,3,singlet,untouched,3,8,0,"[""nontrivial_confining_charge"", ""trivial""]",0,0
carrier_11723,3|4,factor1,1,4,singlet,untouched,4,15,0,"[""trivial"", ""nontrivial_confining_charge""]",0,0
carrier_11724,3|4,factor0,0,3,singlet,untouched,3,8,0,"[""nontrivial_confining_charge"", ""trivial""]",0,0
carrier_11724,3|4,factor1,1,4,singlet,untouched,4,15,0,"[""trivial"", ""nontrivial_confining_charge""]",0,0
carrier_11725,3|4,factor0,0,3,antifund,active_broken_to_residual,2,3,4,"[""nontrivial_confining_charge"", ""trivial""]",12,4
carrier_11725,3|4,factor1,1,4,singlet,untouched,4,15,0,"[""trivial"", ""nontrivial_confining_charge""]",0,0
carrier_11726,3|4,factor0,0,3,antifund,active_broken_to_residual,2,3,4,"[""nontrivial_confining_charge"", ""trivial""]",12,4
carrier_11726,3|4,factor1,1,4,singlet,untouched,4,15,0,"[""trivial"", ""nontrivial_confining_charge""]",0,0
carrier_11727,3|4,factor0,0,3,antifund,active_broken_to_residual,2,3,4,"[""nontrivial_confining_charge"", ""trivial""]",12,4
carrier_11727,3|4,factor1,1,4,singlet,untouched,4,15,0,"[""trivial"", ""nontrivial_confining_charge""]",0,0
carrier_11728,3|4,factor0,0,3,antifund,active_broken_to_residual,2,3,4,"[""nontrivial_confining_charge"", ""trivial""]",12,4
carrier_11728,3|4,factor1,1,4,singlet,untouched,4,15,0,"[""trivial"", ""nontrivial_confining_charge""]",0,0
carrier_11729,3|4,factor0,0,3,singlet,untouched,3,8,0,"[""nontrivial_confining_charge"", ""trivial""]",0,0
carrier_11729,3|4,factor1,1,4,singlet,untouched,4,15,0,"[""trivial"", ""nontrivial_confining_charge""]",0,0
carrier_11730,3|4,factor0,0,3,singlet,untouched,3,8,0,"[""nontrivial_confining_charge"", ""trivial""]",0,0
carrier_11730,3|4,factor1,1,4,singlet,untouched,4,15,0,"[""trivial"", ""nontrivial_confining_charge""]",0,0
carrier_11731,3|4,factor0,0,3,singlet,untouched,3,8,0,"[""nontrivial_confining_charge"", ""trivial""]",0,0
carrier_11731,3|4,factor1,1,4,singlet,untouched,4,15,0,"[""trivial"", ""nontrivial_confining_charge""]",0,0
carrier_11732,3|4,factor0,0,3,singlet,untouched,3,8,0,"[""nontrivial_confining_charge"", ""trivial""]",0,0
carrier_11732,3|4,factor1,1,4,singlet,untouched,4,15,0,"[""trivial"", ""nontrivial_confining_charge""]",0,0
carrier_11733,3|4,factor0,0,3,antifund,active_broken_to_residual,2,3,4,"[""nontrivial_confining_charge"", ""trivial""]",12,4
carrier_11733,3|4,factor1,1,4,singlet,untouched,4,15,0,"[""trivial"", ""nontrivial_confining_charge""]",0,0
carrier_11734,3|4,factor0,0,3,antifund,active_broken_to_residual,2,3,4,"[""nontrivial_confining_charge"", ""trivial""]",12,4
carrier_11734,3|4,factor1,1,4,singlet,untouched,4,15,0,"[""trivial"", ""nontrivial_confining_charge""]",0,0
carrier_11735,3|4,factor0,0,3,antifund,active_broken_to_residual,2,3,4,"[""nontrivial_confining_charge"", ""trivial""]",12,4
carrier_11735,3|4,factor1,1,4,singlet,untouched,4,15,0,"[""trivial"", ""nontrivial_confining_charge""]",0,0
carrier_11736,3|4,factor0,0,3,antifund,active_broken_to_residual,2,3,4,"[""nontrivial_confining_charge"", ""trivial""]",12,4
carrier_11736,3|4,factor1,1,4,singlet,untouched,4,15,0,"[""trivial"", ""nontrivial_confining_charge""]",0,0
carrier_11737,3|4,factor0,0,3,singlet,untouched,3,8,0,"[""nontrivial_confining_charge"", ""trivial""]",0,0
carrier_11737,3|4,factor1,1,4,singlet,untouched,4,15,0,"[""trivial"", ""nontrivial_confining_charge""]",0,0
carrier_11738,3|4,factor0,0,3,singlet,untouched,3,8,0,"[""nontrivial_confining_charge"", ""trivial""]",0,0
carrier_11738,3|4,factor1,1,4,singlet,untouched,4,15,0,"[""trivial"", ""nontrivial_confining_charge""]",0,0
carrier_11739,3|4,factor0,0,3,singlet,untouched,3,8,0,"[""nontrivial_confining_charge"", ""trivial""]",0,0
carrier_11739,3|4,factor1,1,4,singlet,untouched,4,15,0,"[""trivial"", ""nontrivial_confining_charge""]",0,0
carrier_11740,3|4,factor0,0,3,singlet,untouched,3,8,0,"[""nontrivial_confining_charge"", ""trivial""]",0,0
carrier_11740,3|4,factor1,1,4,singlet,untouched,4,15,0,"[""trivial"", ""nontrivial_confining_charge""]",0,0
carrier_11741,3|4,factor0,0,3,antifund,active_broken_to_residual,2,3,4,"[""nontrivial_confining_charge"", ""trivial""]",12,4
carrier_11741,3|4,factor1,1,4,singlet,untouched,4,15,0,"[""trivial"", ""nontrivial_confining_charge""]",0,0
carrier_11742,3|4,factor0,0,3,antifund,active_broken_to_residual,2,3,4,"[""nontrivial_confining_charge"", ""trivial""]",12,4
carrier_11742,3|4,factor1,1,4,singlet,untouched,4,15,0,"[""trivial"", ""nontrivial_confining_charge""]",0,0
carrier_11743,3|4,factor0,0,3,antifund,active_broken_to_residual,2,3,4,"[""nontrivial_confining_charge"", ""trivial""]",12,4
carrier_11743,3|4,factor1,1,4,singlet,untouched,4,15,0,"[""trivial"", ""nontrivial_confining_charge""]",0,0
carrier_11744,3|4,factor0,0,3,antifund,active_broken_to_residual,2,3,4,"[""nontrivial_confining_charge"", ""trivial""]",12,4
carrier_11744,3|4,factor1,1,4,singlet,untouched,4,15,0,"[""trivial"", ""nontrivial_confining_charge""]",0,0
carrier_11745,3|4,factor0,0,3,antifund,active_broken_to_residual,2,3,4,"[""nontrivial_confining_charge"", ""trivial""]",12,4
carrier_11745,3|4,factor1,1,4,singlet,untouched,4,15,0,"[""trivial"", ""nontrivial_confining_charge""]",0,0
carrier_11746,3|4,factor0,0,3,singlet,untouched,3,8,0,"[""nontrivial_confining_charge"", ""trivial""]",0,0
carrier_11746,3|4,factor1,1,4,singlet,untouched,4,15,0,"[""trivial"", ""nontrivial_confining_charge""]",0,0
carrier_11747,3|4,factor0,0,3,singlet,untouched,3,8,0,"[""nontrivial_confining_charge"", ""trivial""]",0,0
carrier_11747,3|4,factor1,1,4,singlet,untouched,4,15,0,"[""trivial"", ""nontrivial_confining_charge""]",0,0
carrier_11748,3|4,factor0,0,3,singlet,untouched,3,8,0,"[""nontrivial_confining_charge"", ""trivial""]",0,0
carrier_11748,3|4,factor1,1,4,singlet,untouched,4,15,0,"[""trivial"", ""nontrivial_confining_charge""]",0,0
carrier_11749,3|4,factor0,0,3,antifund,active_broken_to_residual,2,3,4,"[""nontrivial_confining_charge"", ""trivial""]",12,4
carrier_11749,3|4,factor1,1,4,singlet,untouched,4,15,0,"[""trivial"", ""nontrivial_confining_charge""]",0,0
carrier_11750,3|4,factor0,0,3,antifund,active_broken_to_residual,2,3,4,"[""nontrivial_confining_charge"", ""trivial""]",12,4
carrier_11750,3|4,factor1,1,4,singlet,untouched,4,15,0,"[""trivial"", ""nontrivial_confining_charge""]",0,0
carrier_11751,3|4,factor0,0,3,antifund,active_broken_to_residual,2,3,4,"[""nontrivial_confining_charge"", ""trivial""]",12,4
carrier_11751,3|4,factor1,1,4,singlet,untouched,4,15,0,"[""trivial"", ""nontrivial_confining_charge""]",0,0
carrier_11752,3|4,factor0,0,3,antifund,active_broken_to_residual,2,3,4,"[""nontrivial_confining_charge"", ""trivial""]",12,4
carrier_11752,3|4,factor1,1,4,singlet,untouched,4,15,0,"[""trivial"", ""nontrivial_confining_charge""]",0,0
carrier_11753,3|4,factor0,0,3,singlet,untouched,3,8,0,"[""nontrivial_confining_charge"", ""trivial""]",0,0
carrier_11753,3|4,factor1,1,4,singlet,untouched,4,15,0,"[""trivial"", ""nontrivial_confining_charge""]",0,0
carrier_11754,3|4,factor0,0,3,singlet,untouched,3,8,0,"[""nontrivial_confining_charge"", ""trivial""]",0,0
carrier_11754,3|4,factor1,1,4,singlet,untouched,4,15,0,"[""trivial"", ""nontrivial_confining_charge""]",0,0
carrier_11755,3|4,factor0,0,3,singlet,untouched,3,8,0,"[""nontrivial_confining_charge"", ""trivial""]",0,0
carrier_11755,3|4,factor1,1,4,singlet,untouched,4,15,0,"[""trivial"", ""nontrivial_confining_charge""]",0,0
carrier_11756,3|4,factor0,0,3,singlet,untouched,3,8,0,"[""nontrivial_confining_charge"", ""trivial""]",0,0
carrier_11756,3|4,factor1,1,4,singlet,untouched,4,15,0,"[""trivial"", ""nontrivial_confining_charge""]",0,0
carrier_11757,3|4,factor0,0,3,singlet,untouched,3,8,0,"[""nontrivial_confining_charge"", ""trivial""]",0,0
carrier_11757,3|4,factor1,1,4,singlet,untouched,4,15,0,"[""trivial"", ""nontrivial_confining_charge""]",0,0
carrier_11758,3|4,factor0,0,3,antifund,active_broken_to_residual,2,3,4,"[""nontrivial_confining_charge"", ""trivial""]",12,4
carrier_11758,3|4,factor1,1,4,singlet,untouched,4,15,0,"[""trivial"", ""nontrivial_confining_charge""]",0,0
carrier_11759,3|4,factor0,0,3,antifund,active_broken_to_residual,2,3,4,"[""nontrivial_confining_charge"", ""trivial""]",12,4
carrier_11759,3|4,factor1,1,4,singlet,untouched,4,15,0,"[""trivial"", ""nontrivial_confining_charge""]",0,0
carrier_11760,3|4,factor0,0,3,antifund,active_broken_to_residual,2,3,4,"[""nontrivial_confining_charge"", ""trivial""]",12,4
carrier_11760,3|4,factor1,1,4,singlet,untouched,4,15,0,"[""trivial"", ""nontrivial_confining_charge""]",0,0
carrier_11761,3|4,factor0,0,3,antifund,active_broken_to_residual,2,3,4,"[""nontrivial_confining_charge"", ""trivial""]",12,4
carrier_11761,3|4,factor1,1,4,singlet,untouched,4,15,0,"[""trivial"", ""nontrivial_confining_charge""]",0,0
carrier_11762,3|4,factor0,0,3,antifund,active_broken_to_residual,2,3,4,"[""nontrivial_confining_charge"", ""trivial""]",12,4
carrier_11762,3|4,factor1,1,4,singlet,untouched,4,15,0,"[""trivial"", ""nontrivial_confining_charge""]",0,0
carrier_11763,3|4,factor0,0,3,antifund,active_broken_to_residual,2,3,4,"[""nontrivial_confining_charge"", ""trivial""]",12,4
carrier_11763,3|4,factor1,1,4,singlet,untouched,4,15,0,"[""trivial"", ""nontrivial_confining_charge""]",0,0
carrier_11764,3|4,factor0,0,3,antifund,active_broken_to_residual,2,3,4,"[""nontrivial_confining_charge"", ""trivial""]",12,4
carrier_11764,3|4,factor1,1,4,singlet,untouched,4,15,0,"[""trivial"", ""nontrivial_confining_charge""]",0,0
carrier_11765,3|4,factor0,0,3,antifund,active_broken_to_residual,2,3,4,"[""nontrivial_confining_charge"", ""trivial""]",12,4
carrier_11765,3|4,factor1,1,4,singlet,untouched,4,15,0,"[""trivial"", ""nontrivial_confining_charge""]",0,0
carrier_11766,3|4,factor0,0,3,antifund,active_broken_to_residual,2,3,4,"[""nontrivial_confining_charge"", ""trivial""]",12,4
carrier_11766,3|4,factor1,1,4,singlet,untouched,4,15,0,"[""trivial"", ""nontrivial_confining_charge""]",0,0
carrier_11767,3|4,factor0,0,3,antifund,active_broken_to_residual,2,3,4,"[""nontrivial_confining_charge"", ""trivial""]",12,4
carrier_11767,3|4,factor1,1,4,singlet,untouched,4,15,0,"[""trivial"", ""nontrivial_confining_charge""]",0,0
carrier_11768,3|4,factor0,0,3,antifund,active_broken_to_residual,2,3,4,"[""nontrivial_confining_charge"", ""trivial""]",12,4
carrier_11768,3|4,factor1,1,4,singlet,untouched,4,15,0,"[""trivial"", ""nontrivial_confining_charge""]",0,0
carrier_11769,3|4,factor0,0,3,antifund,active_broken_to_residual,2,3,4,"[""nontrivial_confining_charge"", ""trivial""]",12,4
carrier_11769,3|4,factor1,1,4,singlet,untouched,4,15,0,"[""trivial"", ""nontrivial_confining_charge""]",0,0
carrier_11770,3|4,factor0,0,3,antifund,active_broken_to_residual,2,3,4,"[""nontrivial_confining_charge"", ""trivial""]",12,4
carrier_11770,3|4,factor1,1,4,singlet,untouched,4,15,0,"[""trivial"", ""nontrivial_confining_charge""]",0,0
carrier_11771,3|4,factor0,0,3,antifund,active_broken_to_residual,2,3,4,"[""nontrivial_confining_charge"", ""trivial""]",12,4
carrier_11771,3|4,factor1,1,4,singlet,untouched,4,15,0,"[""trivial"", ""nontrivial_confining_charge""]",0,0
carrier_11772,3|4,factor0,0,3,antifund,active_broken_to_residual,2,3,4,"[""nontrivial_confining_charge"", ""trivial""]",12,4
carrier_11772,3|4,factor1,1,4,singlet,untouched,4,15,0,"[""trivial"", ""nontrivial_confining_charge""]",0,0
carrier_11773,3|4,factor0,0,3,antifund,active_broken_to_residual,2,3,4,"[""nontrivial_confining_charge"", ""trivial""]",12,4
carrier_11773,3|4,factor1,1,4,singlet,untouched,4,15,0,"[""trivial"", ""nontrivial_confining_charge""]",0,0
carrier_11774,3|4,factor0,0,3,antifund,active_broken_to_residual,2,3,4,"[""nontrivial_confining_charge"", ""trivial""]",12,4
carrier_11774,3|4,factor1,1,4,singlet,untouched,4,15,0,"[""trivial"", ""nontrivial_confining_charge""]",0,0
carrier_11775,3|4,factor0,0,3,antifund,active_broken_to_residual,2,3,4,"[""nontrivial_confining_charge"", ""trivial""]",12,4
carrier_11775,3|4,factor1,1,4,singlet,untouched,4,15,0,"[""trivial"", ""nontrivial_confining_charge""]",0,0
carrier_11776,3|4,factor0,0,3,antifund,active_broken_to_residual,2,3,4,"[""nontrivial_confining_charge"", ""trivial""]",12,4
carrier_11776,3|4,factor1,1,4,singlet,untouched,4,15,0,"[""trivial"", ""nontrivial_confining_charge""]",0,0
carrier_11777,3|4,factor0,0,3,antifund,active_broken_to_residual,2,3,4,"[""nontrivial_confining_charge"", ""trivial""]",12,4
carrier_11777,3|4,factor1,1,4,singlet,untouched,4,15,0,"[""trivial"", ""nontrivial_confining_charge""]",0,0
carrier_11778,3|4,factor0,0,3,singlet,untouched,3,8,0,"[""nontrivial_confining_charge"", ""trivial""]",0,0
carrier_11778,3|4,factor1,1,4,singlet,untouched,4,15,0,"[""trivial"", ""nontrivial_confining_charge""]",0,0
carrier_11779,3|4,factor0,0,3,singlet,untouched,3,8,0,"[""nontrivial_confining_charge"", ""trivial""]",0,0
carrier_11779,3|4,factor1,1,4,singlet,untouched,4,15,0,"[""trivial"", ""nontrivial_confining_charge""]",0,0
carrier_11780,3|4,factor0,0,3,singlet,untouched,3,8,0,"[""nontrivial_confining_charge"", ""trivial""]",0,0
carrier_11780,3|4,factor1,1,4,singlet,untouched,4,15,0,"[""trivial"", ""nontrivial_confining_charge""]",0,0
carrier_11781,3|4,factor0,0,3,antifund,active_broken_to_residual,2,3,4,"[""nontrivial_confining_charge"", ""trivial""]",12,4
carrier_11781,3|4,factor1,1,4,singlet,untouched,4,15,0,"[""trivial"", ""nontrivial_confining_charge""]",0,0
carrier_11782,3|4,factor0,0,3,singlet,untouched,3,8,0,"[""nontrivial_confining_charge"", ""trivial""]",0,0
carrier_11782,3|4,factor1,1,4,singlet,untouched,4,15,0,"[""trivial"", ""nontrivial_confining_charge""]",0,0
carrier_11783,3|4,factor0,0,3,singlet,untouched,3,8,0,"[""nontrivial_confining_charge"", ""trivial""]",0,0
carrier_11783,3|4,factor1,1,4,singlet,untouched,4,15,0,"[""trivial"", ""nontrivial_confining_charge""]",0,0
carrier_11784,3|4,factor0,0,3,singlet,untouched,3,8,0,"[""nontrivial_confining_charge"", ""trivial""]",0,0
carrier_11784,3|4,factor1,1,4,singlet,untouched,4,15,0,"[""trivial"", ""nontrivial_confining_charge""]",0,0
carrier_11785,3|4,factor0,0,3,singlet,untouched,3,8,0,"[""nontrivial_confining_charge"", ""trivial""]",0,0
carrier_11785,3|4,factor1,1,4,singlet,untouched,4,15,0,"[""trivial"", ""nontrivial_confining_charge""]",0,0
carrier_11786,3|4,factor0,0,3,singlet,untouched,3,8,0,"[""nontrivial_confining_charge"", ""trivial""]",0,0
carrier_11786,3|4,factor1,1,4,singlet,untouched,4,15,0,"[""trivial"", ""nontrivial_confining_charge""]",0,0
carrier_11787,3|4,factor0,0,3,singlet,untouched,3,8,0,"[""nontrivial_confining_charge"", ""trivial""]",0,0
carrier_11787,3|4,factor1,1,4,singlet,untouched,4,15,0,"[""trivial"", ""nontrivial_confining_charge""]",0,0
carrier_11788,3|4,factor0,0,3,singlet,untouched,3,8,0,"[""nontrivial_confining_charge"", ""trivial""]",0,0
carrier_11788,3|4,factor1,1,4,singlet,untouched,4,15,0,"[""trivial"", ""nontrivial_confining_charge""]",0,0
carrier_11789,3|4,factor0,0,3,singlet,untouched,3,8,0,"[""nontrivial_confining_charge"", ""trivial""]",0,0
carrier_11789,3|4,factor1,1,4,singlet,untouched,4,15,0,"[""trivial"", ""nontrivial_confining_charge""]",0,0
carrier_11790,3|4,factor0,0,3,singlet,untouched,3,8,0,"[""nontrivial_confining_charge"", ""trivial""]",0,0
carrier_11790,3|4,factor1,1,4,singlet,untouched,4,15,0,"[""trivial"", ""nontrivial_confining_charge""]",0,0
carrier_11791,3|4,factor0,0,3,singlet,untouched,3,8,0,"[""nontrivial_confining_charge"", ""trivial""]",0,0
carrier_11791,3|4,factor1,1,4,singlet,untouched,4,15,0,"[""trivial"", ""nontrivial_confining_charge""]",0,0
carrier_11792,3|4,factor0,0,3,singlet,untouched,3,8,0,"[""nontrivial_confining_charge"", ""trivial""]",0,0
carrier_11792,3|4,factor1,1,4,singlet,untouched,4,15,0,"[""trivial"", ""nontrivial_confining_charge""]",0,0
carrier_11793,3|4,factor0,0,3,singlet,untouched,3,8,0,"[""nontrivial_confining_charge"", ""trivial""]",0,0
carrier_11793,3|4,factor1,1,4,singlet,untouched,4,15,0,"[""trivial"", ""nontrivial_confining_charge""]",0,0
carrier_11794,3|4,factor0,0,3,antifund,active_broken_to_residual,2,3,4,"[""nontrivial_confining_charge"", ""trivial""]",12,4
carrier_11794,3|4,factor1,1,4,singlet,untouched,4,15,0,"[""trivial"", ""nontrivial_confining_charge""]",0,0
carrier_11795,3|4,factor0,0,3,singlet,untouched,3,8,0,"[""nontrivial_confining_charge"", ""trivial""]",0,0
carrier_11795,3|4,factor1,1,4,singlet,untouched,4,15,0,"[""trivial"", ""nontrivial_confining_charge""]",0,0
carrier_11796,3|4,factor0,0,3,singlet,untouched,3,8,0,"[""nontrivial_confining_charge"", ""trivial""]",0,0
carrier_11796,3|4,factor1,1,4,singlet,untouched,4,15,0,"[""trivial"", ""nontrivial_confining_charge""]",0,0
carrier_11797,3|4,factor0,0,3,singlet,untouched,3,8,0,"[""nontrivial_confining_charge"", ""trivial""]",0,0
carrier_11797,3|4,factor1,1,4,singlet,untouched,4,15,0,"[""trivial"", ""nontrivial_confining_charge""]",0,0
carrier_11798,3|4,factor0,0,3,singlet,untouched,3,8,0,"[""nontrivial_confining_charge"", ""trivial""]",0,0
carrier_11798,3|4,factor1,1,4,singlet,untouched,4,15,0,"[""trivial"", ""nontrivial_confining_charge""]",0,0
carrier_11799,3|4,factor0,0,3,singlet,untouched,3,8,0,"[""nontrivial_confining_charge"", ""trivial""]",0,0
carrier_11799,3|4,factor1,1,4,singlet,untouched,4,15,0,"[""trivial"", ""nontrivial_confining_charge""]",0,0
carrier_11800,3|4,factor0,0,3,singlet,untouched,3,8,0,"[""nontrivial_confining_charge"", ""trivial""]",0,0
carrier_11800,3|4,factor1,1,4,singlet,untouched,4,15,0,"[""trivial"", ""nontrivial_confining_charge""]",0,0
carrier_11801,3|4,factor0,0,3,singlet,untouched,3,8,0,"[""nontrivial_confining_charge"", ""trivial""]",0,0
carrier_11801,3|4,factor1,1,4,antisym2,active_broken_to_residual,3,8,6,"[""trivial"", ""nontrivial_confining_charge""]",48,6
carrier_11802,3|4,factor0,0,3,singlet,untouched,3,8,0,"[""nontrivial_confining_charge"", ""trivial""]",0,0
carrier_11802,3|4,factor1,1,4,singlet,untouched,4,15,0,"[""trivial"", ""nontrivial_confining_charge""]",0,0
carrier_11803,3|4,factor0,0,3,singlet,untouched,3,8,0,"[""nontrivial_confining_charge"", ""trivial""]",0,0
carrier_11803,3|4,factor1,1,4,singlet,untouched,4,15,0,"[""trivial"", ""nontrivial_confining_charge""]",0,0
carrier_11804,3|4,factor0,0,3,singlet,untouched,3,8,0,"[""nontrivial_confining_charge"", ""trivial""]",0,0
carrier_11804,3|4,factor1,1,4,singlet,untouched,4,15,0,"[""trivial"", ""nontrivial_confining_charge""]",0,0
carrier_11805,3|4,factor0,0,3,singlet,untouched,3,8,0,"[""nontrivial_confining_charge"", ""trivial""]",0,0
carrier_11805,3|4,factor1,1,4,singlet,untouched,4,15,0,"[""trivial"", ""nontrivial_confining_charge""]",0,0
carrier_11806,3|4,factor0,0,3,singlet,untouched,3,8,0,"[""nontrivial_confining_charge"", ""trivial""]",0,0
carrier_11806,3|4,factor1,1,4,antifund,active_broken_to_residual,3,8,6,"[""trivial"", ""nontrivial_confining_charge""]",48,6
carrier_11807,3|4,factor0,0,3,singlet,untouched,3,8,0,"[""nontrivial_confining_charge"", ""trivial""]",0,0
carrier_11807,3|4,factor1,1,4,singlet,untouched,4,15,0,"[""trivial"", ""nontrivial_confining_charge""]",0,0
carrier_11808,3|4,factor0,0,3,singlet,untouched,3,8,0,"[""nontrivial_confining_charge"", ""trivial""]",0,0
carrier_11808,3|4,factor1,1,4,singlet,untouched,4,15,0,"[""trivial"", ""nontrivial_confining_charge""]",0,0
carrier_11809,3|4,factor0,0,3,singlet,untouched,3,8,0,"[""nontrivial_confining_charge"", ""trivial""]",0,0
carrier_11809,3|4,factor1,1,4,singlet,untouched,4,15,0,"[""trivial"", ""nontrivial_confining_charge""]",0,0
carrier_11810,3|4,factor0,0,3,singlet,untouched,3,8,0,"[""nontrivial_confining_charge"", ""trivial""]",0,0
carrier_11810,3|4,factor1,1,4,singlet,untouched,4,15,0,"[""trivial"", ""nontrivial_confining_charge""]",0,0
carrier_11811,3|4,factor0,0,3,singlet,untouched,3,8,0,"[""nontrivial_confining_charge"", ""trivial""]",0,0
carrier_11811,3|4,factor1,1,4,antifund,active_broken_to_residual,3,8,6,"[""trivial"", ""nontrivial_confining_charge""]",48,6
carrier_11812,3|4,factor0,0,3,singlet,untouched,3,8,0,"[""nontrivial_confining_charge"", ""trivial""]",0,0
carrier_11812,3|4,factor1,1,4,singlet,untouched,4,15,0,"[""trivial"", ""nontrivial_confining_charge""]",0,0
carrier_11813,3|4,factor0,0,3,singlet,untouched,3,8,0,"[""nontrivial_confining_charge"", ""trivial""]",0,0
carrier_11813,3|4,factor1,1,4,singlet,untouched,4,15,0,"[""trivial"", ""nontrivial_confining_charge""]",0,0
carrier_11814,3|4,factor0,0,3,singlet,untouched,3,8,0,"[""nontrivial_confining_charge"", ""trivial""]",0,0
carrier_11814,3|4,factor1,1,4,singlet,untouched,4,15,0,"[""trivial"", ""nontrivial_confining_charge""]",0,0
carrier_11815,3|4,factor0,0,3,singlet,untouched,3,8,0,"[""nontrivial_confining_charge"", ""trivial""]",0,0
carrier_11815,3|4,factor1,1,4,singlet,untouched,4,15,0,"[""trivial"", ""nontrivial_confining_charge""]",0,0
carrier_11816,3|4,factor0,0,3,singlet,untouched,3,8,0,"[""nontrivial_confining_charge"", ""trivial""]",0,0
carrier_11816,3|4,factor1,1,4,antifund,active_broken_to_residual,3,8,6,"[""trivial"", ""nontrivial_confining_charge""]",48,6
carrier_11817,3|4,factor0,0,3,singlet,untouched,3,8,0,"[""nontrivial_confining_charge"", ""trivial""]",0,0
carrier_11817,3|4,factor1,1,4,antisym2,active_broken_to_residual,3,8,6,"[""trivial"", ""nontrivial_confining_charge""]",48,6
carrier_11818,3|4,factor0,0,3,singlet,untouched,3,8,0,"[""nontrivial_confining_charge"", ""trivial""]",0,0
carrier_11818,3|4,factor1,1,4,singlet,untouched,4,15,0,"[""trivial"", ""nontrivial_confining_charge""]",0,0
carrier_11819,3|4,factor0,0,3,singlet,untouched,3,8,0,"[""nontrivial_confining_charge"", ""trivial""]",0,0
carrier_11819,3|4,factor1,1,4,singlet,untouched,4,15,0,"[""trivial"", ""nontrivial_confining_charge""]",0,0
carrier_11820,3|4,factor0,0,3,singlet,untouched,3,8,0,"[""nontrivial_confining_charge"", ""trivial""]",0,0
carrier_11820,3|4,factor1,1,4,singlet,untouched,4,15,0,"[""trivial"", ""nontrivial_confining_charge""]",0,0
carrier_11821,3|4,factor0,0,3,singlet,untouched,3,8,0,"[""nontrivial_confining_charge"", ""trivial""]",0,0
carrier_11821,3|4,factor1,1,4,antifund,active_broken_to_residual,3,8,6,"[""trivial"", ""nontrivial_confining_charge""]",48,6
carrier_11822,3|4,factor0,0,3,singlet,untouched,3,8,0,"[""nontrivial_confining_charge"", ""trivial""]",0,0
carrier_11822,3|4,factor1,1,4,antifund,active_broken_to_residual,3,8,6,"[""trivial"", ""nontrivial_confining_charge""]",48,6
carrier_11823,3|4,factor0,0,3,singlet,untouched,3,8,0,"[""nontrivial_confining_charge"", ""trivial""]",0,0
carrier_11823,3|4,factor1,1,4,antifund,active_broken_to_residual,3,8,6,"[""trivial"", ""nontrivial_confining_charge""]",48,6
carrier_11824,3|4,factor0,0,3,singlet,untouched,3,8,0,"[""nontrivial_confining_charge"", ""trivial""]",0,0
carrier_11824,3|4,factor1,1,4,antifund,active_broken_to_residual,3,8,6,"[""trivial"", ""nontrivial_confining_charge""]",48,6
carrier_11825,3|4,factor0,0,3,singlet,untouched,3,8,0,"[""nontrivial_confining_charge"", ""trivial""]",0,0
carrier_11825,3|4,factor1,1,4,antifund,active_broken_to_residual,3,8,6,"[""trivial"", ""nontrivial_confining_charge""]",48,6
carrier_11826,3|4,factor0,0,3,singlet,untouched,3,8,0,"[""nontrivial_confining_charge"", ""trivial""]",0,0
carrier_11826,3|4,factor1,1,4,antifund,active_broken_to_residual,3,8,6,"[""trivial"", ""nontrivial_confining_charge""]",48,6
carrier_11827,3|4,factor0,0,3,singlet,untouched,3,8,0,"[""nontrivial_confining_charge"", ""trivial""]",0,0
carrier_11827,3|4,factor1,1,4,antifund,active_broken_to_residual,3,8,6,"[""trivial"", ""nontrivial_confining_charge""]",48,6
carrier_11828,3|4,factor0,0,3,singlet,untouched,3,8,0,"[""nontrivial_confining_charge"", ""trivial""]",0,0
carrier_11828,3|4,factor1,1,4,antifund,active_broken_to_residual,3,8,6,"[""trivial"", ""nontrivial_confining_charge""]",48,6
carrier_11829,3|4,factor0,0,3,singlet,untouched,3,8,0,"[""nontrivial_confining_charge"", ""trivial""]",0,0
carrier_11829,3|4,factor1,1,4,antifund,active_broken_to_residual,3,8,6,"[""trivial"", ""nontrivial_confining_charge""]",48,6
carrier_11830,4|4,factor0,0,4,singlet,untouched,4,15,0,"[""nontrivial_confining_charge"", ""trivial""]",0,0
carrier_11830,4|4,factor1,1,4,singlet,untouched,4,15,0,"[""trivial"", ""nontrivial_confining_charge""]",0,0
carrier_11831,4|4,factor0,0,4,singlet,untouched,4,15,0,"[""nontrivial_confining_charge"", ""trivial""]",0,0
carrier_11831,4|4,factor1,1,4,singlet,untouched,4,15,0,"[""trivial"", ""nontrivial_confining_charge""]",0,0
carrier_11832,4|4,factor0,0,4,singlet,untouched,4,15,0,"[""nontrivial_confining_charge"", ""trivial""]",0,0
carrier_11832,4|4,factor1,1,4,singlet,untouched,4,15,0,"[""trivial"", ""nontrivial_confining_charge""]",0,0
carrier_11833,4|4,factor0,0,4,antisym2,active_broken_to_residual,3,8,6,"[""nontrivial_confining_charge"", ""trivial""]",48,6
carrier_11833,4|4,factor1,1,4,singlet,untouched,4,15,0,"[""trivial"", ""nontrivial_confining_charge""]",0,0
carrier_11834,4|4,factor0,0,4,singlet,untouched,4,15,0,"[""nontrivial_confining_charge"", ""trivial""]",0,0
carrier_11834,4|4,factor1,1,4,singlet,untouched,4,15,0,"[""trivial"", ""nontrivial_confining_charge""]",0,0
carrier_11835,4|4,factor0,0,4,singlet,untouched,4,15,0,"[""nontrivial_confining_charge"", ""trivial""]",0,0
carrier_11835,4|4,factor1,1,4,singlet,untouched,4,15,0,"[""trivial"", ""nontrivial_confining_charge""]",0,0
carrier_11836,4|4,factor0,0,4,singlet,untouched,4,15,0,"[""nontrivial_confining_charge"", ""trivial""]",0,0
carrier_11836,4|4,factor1,1,4,singlet,untouched,4,15,0,"[""trivial"", ""nontrivial_confining_charge""]",0,0
carrier_11837,4|4,factor0,0,4,singlet,untouched,4,15,0,"[""nontrivial_confining_charge"", ""trivial""]",0,0
carrier_11837,4|4,factor1,1,4,singlet,untouched,4,15,0,"[""trivial"", ""nontrivial_confining_charge""]",0,0
carrier_11838,4|4,factor0,0,4,singlet,untouched,4,15,0,"[""nontrivial_confining_charge"", ""trivial""]",0,0
carrier_11838,4|4,factor1,1,4,singlet,untouched,4,15,0,"[""trivial"", ""nontrivial_confining_charge""]",0,0
carrier_11839,4|4,factor0,0,4,singlet,untouched,4,15,0,"[""nontrivial_confining_charge"", ""trivial""]",0,0
carrier_11839,4|4,factor1,1,4,singlet,untouched,4,15,0,"[""trivial"", ""nontrivial_confining_charge""]",0,0
carrier_11840,4|4,factor0,0,4,singlet,untouched,4,15,0,"[""nontrivial_confining_charge"", ""trivial""]",0,0
carrier_11840,4|4,factor1,1,4,singlet,untouched,4,15,0,"[""trivial"", ""nontrivial_confining_charge""]",0,0
carrier_11841,4|4,factor0,0,4,singlet,untouched,4,15,0,"[""nontrivial_confining_charge"", ""trivial""]",0,0
carrier_11841,4|4,factor1,1,4,singlet,untouched,4,15,0,"[""trivial"", ""nontrivial_confining_charge""]",0,0
carrier_11842,4|4,factor0,0,4,antifund,active_broken_to_residual,3,8,6,"[""nontrivial_confining_charge"", ""trivial""]",48,6
carrier_11842,4|4,factor1,1,4,singlet,untouched,4,15,0,"[""trivial"", ""nontrivial_confining_charge""]",0,0
carrier_11843,4|4,factor0,0,4,singlet,untouched,4,15,0,"[""nontrivial_confining_charge"", ""trivial""]",0,0
carrier_11843,4|4,factor1,1,4,singlet,untouched,4,15,0,"[""trivial"", ""nontrivial_confining_charge""]",0,0
carrier_11844,4|4,factor0,0,4,singlet,untouched,4,15,0,"[""nontrivial_confining_charge"", ""trivial""]",0,0
carrier_11844,4|4,factor1,1,4,singlet,untouched,4,15,0,"[""trivial"", ""nontrivial_confining_charge""]",0,0
carrier_11845,4|4,factor0,0,4,singlet,untouched,4,15,0,"[""nontrivial_confining_charge"", ""trivial""]",0,0
carrier_11845,4|4,factor1,1,4,singlet,untouched,4,15,0,"[""trivial"", ""nontrivial_confining_charge""]",0,0
carrier_11846,4|4,factor0,0,4,singlet,untouched,4,15,0,"[""nontrivial_confining_charge"", ""trivial""]",0,0
carrier_11846,4|4,factor1,1,4,singlet,untouched,4,15,0,"[""trivial"", ""nontrivial_confining_charge""]",0,0
carrier_11847,4|4,factor0,0,4,antisym2,active_broken_to_residual,3,8,6,"[""nontrivial_confining_charge"", ""trivial""]",48,6
carrier_11847,4|4,factor1,1,4,singlet,untouched,4,15,0,"[""trivial"", ""nontrivial_confining_charge""]",0,0
carrier_11848,4|4,factor0,0,4,singlet,untouched,4,15,0,"[""nontrivial_confining_charge"", ""trivial""]",0,0
carrier_11848,4|4,factor1,1,4,singlet,untouched,4,15,0,"[""trivial"", ""nontrivial_confining_charge""]",0,0
carrier_11849,4|4,factor0,0,4,singlet,untouched,4,15,0,"[""nontrivial_confining_charge"", ""trivial""]",0,0
carrier_11849,4|4,factor1,1,4,singlet,untouched,4,15,0,"[""trivial"", ""nontrivial_confining_charge""]",0,0
carrier_11850,4|4,factor0,0,4,singlet,untouched,4,15,0,"[""nontrivial_confining_charge"", ""trivial""]",0,0
carrier_11850,4|4,factor1,1,4,singlet,untouched,4,15,0,"[""trivial"", ""nontrivial_confining_charge""]",0,0
carrier_11851,4|4,factor0,0,4,antifund,active_broken_to_residual,3,8,6,"[""nontrivial_confining_charge"", ""trivial""]",48,6
carrier_11851,4|4,factor1,1,4,singlet,untouched,4,15,0,"[""trivial"", ""nontrivial_confining_charge""]",0,0
carrier_11852,4|4,factor0,0,4,antifund,active_broken_to_residual,3,8,6,"[""nontrivial_confining_charge"", ""trivial""]",48,6
carrier_11852,4|4,factor1,1,4,singlet,untouched,4,15,0,"[""trivial"", ""nontrivial_confining_charge""]",0,0
carrier_11853,4|4,factor0,0,4,antifund,active_broken_to_residual,3,8,6,"[""nontrivial_confining_charge"", ""trivial""]",48,6
carrier_11853,4|4,factor1,1,4,singlet,untouched,4,15,0,"[""trivial"", ""nontrivial_confining_charge""]",0,0
carrier_11854,4|4,factor0,0,4,singlet,untouched,4,15,0,"[""nontrivial_confining_charge"", ""trivial""]",0,0
carrier_11854,4|4,factor1,1,4,singlet,untouched,4,15,0,"[""trivial"", ""nontrivial_confining_charge""]",0,0
carrier_11855,4|4,factor0,0,4,singlet,untouched,4,15,0,"[""nontrivial_confining_charge"", ""trivial""]",0,0
carrier_11855,4|4,factor1,1,4,singlet,untouched,4,15,0,"[""trivial"", ""nontrivial_confining_charge""]",0,0
carrier_11856,4|4,factor0,0,4,singlet,untouched,4,15,0,"[""nontrivial_confining_charge"", ""trivial""]",0,0
carrier_11856,4|4,factor1,1,4,singlet,untouched,4,15,0,"[""trivial"", ""nontrivial_confining_charge""]",0,0
carrier_11857,4|4,factor0,0,4,singlet,untouched,4,15,0,"[""nontrivial_confining_charge"", ""trivial""]",0,0
carrier_11857,4|4,factor1,1,4,antisym2,active_broken_to_residual,3,8,6,"[""trivial"", ""nontrivial_confining_charge""]",48,6
carrier_11858,4|4,factor0,0,4,singlet,untouched,4,15,0,"[""nontrivial_confining_charge"", ""trivial""]",0,0
carrier_11858,4|4,factor1,1,4,singlet,untouched,4,15,0,"[""trivial"", ""nontrivial_confining_charge""]",0,0
carrier_11859,4|4,factor0,0,4,singlet,untouched,4,15,0,"[""nontrivial_confining_charge"", ""trivial""]",0,0
carrier_11859,4|4,factor1,1,4,singlet,untouched,4,15,0,"[""trivial"", ""nontrivial_confining_charge""]",0,0
carrier_11860,4|4,factor0,0,4,singlet,untouched,4,15,0,"[""nontrivial_confining_charge"", ""trivial""]",0,0
carrier_11860,4|4,factor1,1,4,singlet,untouched,4,15,0,"[""trivial"", ""nontrivial_confining_charge""]",0,0
carrier_11861,4|4,factor0,0,4,singlet,untouched,4,15,0,"[""nontrivial_confining_charge"", ""trivial""]",0,0
carrier_11861,4|4,factor1,1,4,singlet,untouched,4,15,0,"[""trivial"", ""nontrivial_confining_charge""]",0,0
carrier_11862,4|4,factor0,0,4,singlet,untouched,4,15,0,"[""nontrivial_confining_charge"", ""trivial""]",0,0
carrier_11862,4|4,factor1,1,4,singlet,untouched,4,15,0,"[""trivial"", ""nontrivial_confining_charge""]",0,0
carrier_11863,4|4,factor0,0,4,singlet,untouched,4,15,0,"[""nontrivial_confining_charge"", ""trivial""]",0,0
carrier_11863,4|4,factor1,1,4,singlet,untouched,4,15,0,"[""trivial"", ""nontrivial_confining_charge""]",0,0
carrier_11864,4|4,factor0,0,4,singlet,untouched,4,15,0,"[""nontrivial_confining_charge"", ""trivial""]",0,0
carrier_11864,4|4,factor1,1,4,singlet,untouched,4,15,0,"[""trivial"", ""nontrivial_confining_charge""]",0,0
carrier_11865,4|4,factor0,0,4,singlet,untouched,4,15,0,"[""nontrivial_confining_charge"", ""trivial""]",0,0
carrier_11865,4|4,factor1,1,4,singlet,untouched,4,15,0,"[""trivial"", ""nontrivial_confining_charge""]",0,0
carrier_11866,4|4,factor0,0,4,singlet,untouched,4,15,0,"[""nontrivial_confining_charge"", ""trivial""]",0,0
carrier_11866,4|4,factor1,1,4,antifund,active_broken_to_residual,3,8,6,"[""trivial"", ""nontrivial_confining_charge""]",48,6
carrier_11867,4|4,factor0,0,4,singlet,untouched,4,15,0,"[""nontrivial_confining_charge"", ""trivial""]",0,0
carrier_11867,4|4,factor1,1,4,singlet,untouched,4,15,0,"[""trivial"", ""nontrivial_confining_charge""]",0,0
carrier_11868,4|4,factor0,0,4,singlet,untouched,4,15,0,"[""nontrivial_confining_charge"", ""trivial""]",0,0
carrier_11868,4|4,factor1,1,4,singlet,untouched,4,15,0,"[""trivial"", ""nontrivial_confining_charge""]",0,0
carrier_11869,4|4,factor0,0,4,singlet,untouched,4,15,0,"[""nontrivial_confining_charge"", ""trivial""]",0,0
carrier_11869,4|4,factor1,1,4,singlet,untouched,4,15,0,"[""trivial"", ""nontrivial_confining_charge""]",0,0
carrier_11870,4|4,factor0,0,4,singlet,untouched,4,15,0,"[""nontrivial_confining_charge"", ""trivial""]",0,0
carrier_11870,4|4,factor1,1,4,singlet,untouched,4,15,0,"[""trivial"", ""nontrivial_confining_charge""]",0,0
carrier_11871,4|4,factor0,0,4,singlet,untouched,4,15,0,"[""nontrivial_confining_charge"", ""trivial""]",0,0
carrier_11871,4|4,factor1,1,4,antisym2,active_broken_to_residual,3,8,6,"[""trivial"", ""nontrivial_confining_charge""]",48,6
carrier_11872,4|4,factor0,0,4,singlet,untouched,4,15,0,"[""nontrivial_confining_charge"", ""trivial""]",0,0
carrier_11872,4|4,factor1,1,4,singlet,untouched,4,15,0,"[""trivial"", ""nontrivial_confining_charge""]",0,0
carrier_11873,4|4,factor0,0,4,singlet,untouched,4,15,0,"[""nontrivial_confining_charge"", ""trivial""]",0,0
carrier_11873,4|4,factor1,1,4,singlet,untouched,4,15,0,"[""trivial"", ""nontrivial_confining_charge""]",0,0
carrier_11874,4|4,factor0,0,4,singlet,untouched,4,15,0,"[""nontrivial_confining_charge"", ""trivial""]",0,0
carrier_11874,4|4,factor1,1,4,singlet,untouched,4,15,0,"[""trivial"", ""nontrivial_confining_charge""]",0,0
carrier_11875,4|4,factor0,0,4,singlet,untouched,4,15,0,"[""nontrivial_confining_charge"", ""trivial""]",0,0
carrier_11875,4|4,factor1,1,4,antifund,active_broken_to_residual,3,8,6,"[""trivial"", ""nontrivial_confining_charge""]",48,6
carrier_11876,4|4,factor0,0,4,singlet,untouched,4,15,0,"[""nontrivial_confining_charge"", ""trivial""]",0,0
carrier_11876,4|4,factor1,1,4,antifund,active_broken_to_residual,3,8,6,"[""trivial"", ""nontrivial_confining_charge""]",48,6
carrier_11877,4|4,factor0,0,4,singlet,untouched,4,15,0,"[""nontrivial_confining_charge"", ""trivial""]",0,0
carrier_11877,4|4,factor1,1,4,antifund,active_broken_to_residual,3,8,6,"[""trivial"", ""nontrivial_confining_charge""]",48,6
carrier_11878,4|4,factor0,0,4,singlet,untouched,4,15,0,"[""nontrivial_confining_charge"", ""trivial""]",0,0
carrier_11878,4|4,factor1,1,4,singlet,untouched,4,15,0,"[""trivial"", ""nontrivial_confining_charge""]",0,0
carrier_11879,4|4,factor0,0,4,singlet,untouched,4,15,0,"[""nontrivial_confining_charge"", ""trivial""]",0,0
carrier_11879,4|4,factor1,1,4,singlet,untouched,4,15,0,"[""trivial"", ""nontrivial_confining_charge""]",0,0
carrier_11880,4|4,factor0,0,4,singlet,untouched,4,15,0,"[""nontrivial_confining_charge"", ""trivial""]",0,0
carrier_11880,4|4,factor1,1,4,singlet,untouched,4,15,0,"[""trivial"", ""nontrivial_confining_charge""]",0,0
carrier_11881,4|4,factor0,0,4,antisym2,active_broken_to_residual,3,8,6,"[""nontrivial_confining_charge"", ""trivial""]",48,6
carrier_11881,4|4,factor1,1,4,singlet,untouched,4,15,0,"[""trivial"", ""nontrivial_confining_charge""]",0,0
carrier_11882,4|4,factor0,0,4,singlet,untouched,4,15,0,"[""nontrivial_confining_charge"", ""trivial""]",0,0
carrier_11882,4|4,factor1,1,4,singlet,untouched,4,15,0,"[""trivial"", ""nontrivial_confining_charge""]",0,0
carrier_11883,4|4,factor0,0,4,singlet,untouched,4,15,0,"[""nontrivial_confining_charge"", ""trivial""]",0,0
carrier_11883,4|4,factor1,1,4,singlet,untouched,4,15,0,"[""trivial"", ""nontrivial_confining_charge""]",0,0
carrier_11884,4|4,factor0,0,4,singlet,untouched,4,15,0,"[""nontrivial_confining_charge"", ""trivial""]",0,0
carrier_11884,4|4,factor1,1,4,singlet,untouched,4,15,0,"[""trivial"", ""nontrivial_confining_charge""]",0,0
carrier_11885,4|4,factor0,0,4,antisym2,active_broken_to_residual,3,8,6,"[""nontrivial_confining_charge"", ""trivial""]",48,6
carrier_11885,4|4,factor1,1,4,singlet,untouched,4,15,0,"[""trivial"", ""nontrivial_confining_charge""]",0,0
carrier_11886,4|4,factor0,0,4,singlet,untouched,4,15,0,"[""nontrivial_confining_charge"", ""trivial""]",0,0
carrier_11886,4|4,factor1,1,4,singlet,untouched,4,15,0,"[""trivial"", ""nontrivial_confining_charge""]",0,0
carrier_11887,4|4,factor0,0,4,singlet,untouched,4,15,0,"[""nontrivial_confining_charge"", ""trivial""]",0,0
carrier_11887,4|4,factor1,1,4,singlet,untouched,4,15,0,"[""trivial"", ""nontrivial_confining_charge""]",0,0
carrier_11888,4|4,factor0,0,4,singlet,untouched,4,15,0,"[""nontrivial_confining_charge"", ""trivial""]",0,0
carrier_11888,4|4,factor1,1,4,singlet,untouched,4,15,0,"[""trivial"", ""nontrivial_confining_charge""]",0,0
carrier_11889,4|4,factor0,0,4,singlet,untouched,4,15,0,"[""nontrivial_confining_charge"", ""trivial""]",0,0
carrier_11889,4|4,factor1,1,4,singlet,untouched,4,15,0,"[""trivial"", ""nontrivial_confining_charge""]",0,0
carrier_11890,4|4,factor0,0,4,singlet,untouched,4,15,0,"[""nontrivial_confining_charge"", ""trivial""]",0,0
carrier_11890,4|4,factor1,1,4,singlet,untouched,4,15,0,"[""trivial"", ""nontrivial_confining_charge""]",0,0
carrier_11891,4|4,factor0,0,4,singlet,untouched,4,15,0,"[""nontrivial_confining_charge"", ""trivial""]",0,0
carrier_11891,4|4,factor1,1,4,singlet,untouched,4,15,0,"[""trivial"", ""nontrivial_confining_charge""]",0,0
carrier_11892,4|4,factor0,0,4,singlet,untouched,4,15,0,"[""nontrivial_confining_charge"", ""trivial""]",0,0
carrier_11892,4|4,factor1,1,4,singlet,untouched,4,15,0,"[""trivial"", ""nontrivial_confining_charge""]",0,0
carrier_11893,4|4,factor0,0,4,singlet,untouched,4,15,0,"[""nontrivial_confining_charge"", ""trivial""]",0,0
carrier_11893,4|4,factor1,1,4,singlet,untouched,4,15,0,"[""trivial"", ""nontrivial_confining_charge""]",0,0
carrier_11894,4|4,factor0,0,4,antifund,active_broken_to_residual,3,8,6,"[""nontrivial_confining_charge"", ""trivial""]",48,6
carrier_11894,4|4,factor1,1,4,singlet,untouched,4,15,0,"[""trivial"", ""nontrivial_confining_charge""]",0,0
carrier_11895,4|4,factor0,0,4,singlet,untouched,4,15,0,"[""nontrivial_confining_charge"", ""trivial""]",0,0
carrier_11895,4|4,factor1,1,4,singlet,untouched,4,15,0,"[""trivial"", ""nontrivial_confining_charge""]",0,0
carrier_11896,4|4,factor0,0,4,singlet,untouched,4,15,0,"[""nontrivial_confining_charge"", ""trivial""]",0,0
carrier_11896,4|4,factor1,1,4,singlet,untouched,4,15,0,"[""trivial"", ""nontrivial_confining_charge""]",0,0
carrier_11897,4|4,factor0,0,4,singlet,untouched,4,15,0,"[""nontrivial_confining_charge"", ""trivial""]",0,0
carrier_11897,4|4,factor1,1,4,singlet,untouched,4,15,0,"[""trivial"", ""nontrivial_confining_charge""]",0,0
carrier_11898,4|4,factor0,0,4,singlet,untouched,4,15,0,"[""nontrivial_confining_charge"", ""trivial""]",0,0
carrier_11898,4|4,factor1,1,4,singlet,untouched,4,15,0,"[""trivial"", ""nontrivial_confining_charge""]",0,0
carrier_11899,4|4,factor0,0,4,singlet,untouched,4,15,0,"[""nontrivial_confining_charge"", ""trivial""]",0,0
carrier_11899,4|4,factor1,1,4,singlet,untouched,4,15,0,"[""trivial"", ""nontrivial_confining_charge""]",0,0
carrier_11900,4|4,factor0,0,4,singlet,untouched,4,15,0,"[""nontrivial_confining_charge"", ""trivial""]",0,0
carrier_11900,4|4,factor1,1,4,singlet,untouched,4,15,0,"[""trivial"", ""nontrivial_confining_charge""]",0,0
carrier_11901,4|4,factor0,0,4,singlet,untouched,4,15,0,"[""nontrivial_confining_charge"", ""trivial""]",0,0
carrier_11901,4|4,factor1,1,4,singlet,untouched,4,15,0,"[""trivial"", ""nontrivial_confining_charge""]",0,0
carrier_11902,4|4,factor0,0,4,singlet,untouched,4,15,0,"[""nontrivial_confining_charge"", ""trivial""]",0,0
carrier_11902,4|4,factor1,1,4,singlet,untouched,4,15,0,"[""trivial"", ""nontrivial_confining_charge""]",0,0
carrier_11903,4|4,factor0,0,4,antifund,active_broken_to_residual,3,8,6,"[""nontrivial_confining_charge"", ""trivial""]",48,6
carrier_11903,4|4,factor1,1,4,singlet,untouched,4,15,0,"[""trivial"", ""nontrivial_confining_charge""]",0,0
carrier_11904,4|4,factor0,0,4,antifund,active_broken_to_residual,3,8,6,"[""nontrivial_confining_charge"", ""trivial""]",48,6
carrier_11904,4|4,factor1,1,4,singlet,untouched,4,15,0,"[""trivial"", ""nontrivial_confining_charge""]",0,0
carrier_11905,4|4,factor0,0,4,singlet,untouched,4,15,0,"[""nontrivial_confining_charge"", ""trivial""]",0,0
carrier_11905,4|4,factor1,1,4,singlet,untouched,4,15,0,"[""trivial"", ""nontrivial_confining_charge""]",0,0
carrier_11906,4|4,factor0,0,4,singlet,untouched,4,15,0,"[""nontrivial_confining_charge"", ""trivial""]",0,0
carrier_11906,4|4,factor1,1,4,singlet,untouched,4,15,0,"[""trivial"", ""nontrivial_confining_charge""]",0,0
carrier_11907,4|4,factor0,0,4,singlet,untouched,4,15,0,"[""nontrivial_confining_charge"", ""trivial""]",0,0
carrier_11907,4|4,factor1,1,4,singlet,untouched,4,15,0,"[""trivial"", ""nontrivial_confining_charge""]",0,0
carrier_11908,4|4,factor0,0,4,singlet,untouched,4,15,0,"[""nontrivial_confining_charge"", ""trivial""]",0,0
carrier_11908,4|4,factor1,1,4,singlet,untouched,4,15,0,"[""trivial"", ""nontrivial_confining_charge""]",0,0
carrier_11909,4|4,factor0,0,4,singlet,untouched,4,15,0,"[""nontrivial_confining_charge"", ""trivial""]",0,0
carrier_11909,4|4,factor1,1,4,singlet,untouched,4,15,0,"[""trivial"", ""nontrivial_confining_charge""]",0,0
carrier_11910,4|4,factor0,0,4,singlet,untouched,4,15,0,"[""nontrivial_confining_charge"", ""trivial""]",0,0
carrier_11910,4|4,factor1,1,4,singlet,untouched,4,15,0,"[""trivial"", ""nontrivial_confining_charge""]",0,0
carrier_11911,4|4,factor0,0,4,singlet,untouched,4,15,0,"[""nontrivial_confining_charge"", ""trivial""]",0,0
carrier_11911,4|4,factor1,1,4,singlet,untouched,4,15,0,"[""trivial"", ""nontrivial_confining_charge""]",0,0
carrier_11912,4|4,factor0,0,4,singlet,untouched,4,15,0,"[""nontrivial_confining_charge"", ""trivial""]",0,0
carrier_11912,4|4,factor1,1,4,singlet,untouched,4,15,0,"[""trivial"", ""nontrivial_confining_charge""]",0,0
carrier_11913,4|4,factor0,0,4,antifund,active_broken_to_residual,3,8,6,"[""nontrivial_confining_charge"", ""trivial""]",48,6
carrier_11913,4|4,factor1,1,4,singlet,untouched,4,15,0,"[""trivial"", ""nontrivial_confining_charge""]",0,0
carrier_11914,4|4,factor0,0,4,antisym2,active_broken_to_residual,3,8,6,"[""nontrivial_confining_charge"", ""trivial""]",48,6
carrier_11914,4|4,factor1,1,4,singlet,untouched,4,15,0,"[""trivial"", ""nontrivial_confining_charge""]",0,0
carrier_11915,4|4,factor0,0,4,singlet,untouched,4,15,0,"[""nontrivial_confining_charge"", ""trivial""]",0,0
carrier_11915,4|4,factor1,1,4,singlet,untouched,4,15,0,"[""trivial"", ""nontrivial_confining_charge""]",0,0
carrier_11916,4|4,factor0,0,4,singlet,untouched,4,15,0,"[""nontrivial_confining_charge"", ""trivial""]",0,0
carrier_11916,4|4,factor1,1,4,singlet,untouched,4,15,0,"[""trivial"", ""nontrivial_confining_charge""]",0,0
carrier_11917,4|4,factor0,0,4,singlet,untouched,4,15,0,"[""nontrivial_confining_charge"", ""trivial""]",0,0
carrier_11917,4|4,factor1,1,4,singlet,untouched,4,15,0,"[""trivial"", ""nontrivial_confining_charge""]",0,0
carrier_11918,4|4,factor0,0,4,antisym2,active_broken_to_residual,3,8,6,"[""nontrivial_confining_charge"", ""trivial""]",48,6
carrier_11918,4|4,factor1,1,4,singlet,untouched,4,15,0,"[""trivial"", ""nontrivial_confining_charge""]",0,0
carrier_11919,4|4,factor0,0,4,singlet,untouched,4,15,0,"[""nontrivial_confining_charge"", ""trivial""]",0,0
carrier_11919,4|4,factor1,1,4,singlet,untouched,4,15,0,"[""trivial"", ""nontrivial_confining_charge""]",0,0
carrier_11920,4|4,factor0,0,4,singlet,untouched,4,15,0,"[""nontrivial_confining_charge"", ""trivial""]",0,0
carrier_11920,4|4,factor1,1,4,singlet,untouched,4,15,0,"[""trivial"", ""nontrivial_confining_charge""]",0,0
carrier_11921,4|4,factor0,0,4,singlet,untouched,4,15,0,"[""nontrivial_confining_charge"", ""trivial""]",0,0
carrier_11921,4|4,factor1,1,4,singlet,untouched,4,15,0,"[""trivial"", ""nontrivial_confining_charge""]",0,0
carrier_11922,4|4,factor0,0,4,antifund,active_broken_to_residual,3,8,6,"[""nontrivial_confining_charge"", ""trivial""]",48,6
carrier_11922,4|4,factor1,1,4,singlet,untouched,4,15,0,"[""trivial"", ""nontrivial_confining_charge""]",0,0
carrier_11923,4|4,factor0,0,4,antifund,active_broken_to_residual,3,8,6,"[""nontrivial_confining_charge"", ""trivial""]",48,6
carrier_11923,4|4,factor1,1,4,singlet,untouched,4,15,0,"[""trivial"", ""nontrivial_confining_charge""]",0,0
carrier_11924,4|4,factor0,0,4,antifund,active_broken_to_residual,3,8,6,"[""nontrivial_confining_charge"", ""trivial""]",48,6
carrier_11924,4|4,factor1,1,4,singlet,untouched,4,15,0,"[""trivial"", ""nontrivial_confining_charge""]",0,0
carrier_11925,4|4,factor0,0,4,antifund,active_broken_to_residual,3,8,6,"[""nontrivial_confining_charge"", ""trivial""]",48,6
carrier_11925,4|4,factor1,1,4,singlet,untouched,4,15,0,"[""trivial"", ""nontrivial_confining_charge""]",0,0
carrier_11926,4|4,factor0,0,4,antifund,active_broken_to_residual,3,8,6,"[""nontrivial_confining_charge"", ""trivial""]",48,6
carrier_11926,4|4,factor1,1,4,singlet,untouched,4,15,0,"[""trivial"", ""nontrivial_confining_charge""]",0,0
carrier_11927,4|4,factor0,0,4,antifund,active_broken_to_residual,3,8,6,"[""nontrivial_confining_charge"", ""trivial""]",48,6
carrier_11927,4|4,factor1,1,4,singlet,untouched,4,15,0,"[""trivial"", ""nontrivial_confining_charge""]",0,0
carrier_11928,4|4,factor0,0,4,antifund,active_broken_to_residual,3,8,6,"[""nontrivial_confining_charge"", ""trivial""]",48,6
carrier_11928,4|4,factor1,1,4,singlet,untouched,4,15,0,"[""trivial"", ""nontrivial_confining_charge""]",0,0
carrier_11929,4|4,factor0,0,4,antifund,active_broken_to_residual,3,8,6,"[""nontrivial_confining_charge"", ""trivial""]",48,6
carrier_11929,4|4,factor1,1,4,singlet,untouched,4,15,0,"[""trivial"", ""nontrivial_confining_charge""]",0,0
carrier_11930,4|4,factor0,0,4,antifund,active_broken_to_residual,3,8,6,"[""nontrivial_confining_charge"", ""trivial""]",48,6
carrier_11930,4|4,factor1,1,4,singlet,untouched,4,15,0,"[""trivial"", ""nontrivial_confining_charge""]",0,0
carrier_11931,4|4,factor0,0,4,antifund,active_broken_to_residual,3,8,6,"[""nontrivial_confining_charge"", ""trivial""]",48,6
carrier_11931,4|4,factor1,1,4,singlet,untouched,4,15,0,"[""trivial"", ""nontrivial_confining_charge""]",0,0
carrier_11932,4|4,factor0,0,4,antifund,active_broken_to_residual,3,8,6,"[""nontrivial_confining_charge"", ""trivial""]",48,6
carrier_11932,4|4,factor1,1,4,singlet,untouched,4,15,0,"[""trivial"", ""nontrivial_confining_charge""]",0,0
carrier_11933,4|4,factor0,0,4,antifund,active_broken_to_residual,3,8,6,"[""nontrivial_confining_charge"", ""trivial""]",48,6
carrier_11933,4|4,factor1,1,4,singlet,untouched,4,15,0,"[""trivial"", ""nontrivial_confining_charge""]",0,0
carrier_11934,4|4,factor0,0,4,singlet,untouched,4,15,0,"[""nontrivial_confining_charge"", ""trivial""]",0,0
carrier_11934,4|4,factor1,1,4,singlet,untouched,4,15,0,"[""trivial"", ""nontrivial_confining_charge""]",0,0
carrier_11935,4|4,factor0,0,4,singlet,untouched,4,15,0,"[""nontrivial_confining_charge"", ""trivial""]",0,0
carrier_11935,4|4,factor1,1,4,singlet,untouched,4,15,0,"[""trivial"", ""nontrivial_confining_charge""]",0,0
carrier_11936,4|4,factor0,0,4,singlet,untouched,4,15,0,"[""nontrivial_confining_charge"", ""trivial""]",0,0
carrier_11936,4|4,factor1,1,4,singlet,untouched,4,15,0,"[""trivial"", ""nontrivial_confining_charge""]",0,0
carrier_11937,4|4,factor0,0,4,singlet,untouched,4,15,0,"[""nontrivial_confining_charge"", ""trivial""]",0,0
carrier_11937,4|4,factor1,1,4,antisym2,active_broken_to_residual,3,8,6,"[""trivial"", ""nontrivial_confining_charge""]",48,6
carrier_11938,4|4,factor0,0,4,singlet,untouched,4,15,0,"[""nontrivial_confining_charge"", ""trivial""]",0,0
carrier_11938,4|4,factor1,1,4,singlet,untouched,4,15,0,"[""trivial"", ""nontrivial_confining_charge""]",0,0
carrier_11939,4|4,factor0,0,4,singlet,untouched,4,15,0,"[""nontrivial_confining_charge"", ""trivial""]",0,0
carrier_11939,4|4,factor1,1,4,singlet,untouched,4,15,0,"[""trivial"", ""nontrivial_confining_charge""]",0,0
carrier_11940,4|4,factor0,0,4,singlet,untouched,4,15,0,"[""nontrivial_confining_charge"", ""trivial""]",0,0
carrier_11940,4|4,factor1,1,4,singlet,untouched,4,15,0,"[""trivial"", ""nontrivial_confining_charge""]",0,0
carrier_11941,4|4,factor0,0,4,singlet,untouched,4,15,0,"[""nontrivial_confining_charge"", ""trivial""]",0,0
carrier_11941,4|4,factor1,1,4,singlet,untouched,4,15,0,"[""trivial"", ""nontrivial_confining_charge""]",0,0
carrier_11942,4|4,factor0,0,4,singlet,untouched,4,15,0,"[""nontrivial_confining_charge"", ""trivial""]",0,0
carrier_11942,4|4,factor1,1,4,singlet,untouched,4,15,0,"[""trivial"", ""nontrivial_confining_charge""]",0,0
carrier_11943,4|4,factor0,0,4,singlet,untouched,4,15,0,"[""nontrivial_confining_charge"", ""trivial""]",0,0
carrier_11943,4|4,factor1,1,4,singlet,untouched,4,15,0,"[""trivial"", ""nontrivial_confining_charge""]",0,0
carrier_11944,4|4,factor0,0,4,singlet,untouched,4,15,0,"[""nontrivial_confining_charge"", ""trivial""]",0,0
carrier_11944,4|4,factor1,1,4,singlet,untouched,4,15,0,"[""trivial"", ""nontrivial_confining_charge""]",0,0
carrier_11945,4|4,factor0,0,4,singlet,untouched,4,15,0,"[""nontrivial_confining_charge"", ""trivial""]",0,0
carrier_11945,4|4,factor1,1,4,singlet,untouched,4,15,0,"[""trivial"", ""nontrivial_confining_charge""]",0,0
carrier_11946,4|4,factor0,0,4,singlet,untouched,4,15,0,"[""nontrivial_confining_charge"", ""trivial""]",0,0
carrier_11946,4|4,factor1,1,4,antifund,active_broken_to_residual,3,8,6,"[""trivial"", ""nontrivial_confining_charge""]",48,6
carrier_11947,4|4,factor0,0,4,singlet,untouched,4,15,0,"[""nontrivial_confining_charge"", ""trivial""]",0,0
carrier_11947,4|4,factor1,1,4,singlet,untouched,4,15,0,"[""trivial"", ""nontrivial_confining_charge""]",0,0
carrier_11948,4|4,factor0,0,4,singlet,untouched,4,15,0,"[""nontrivial_confining_charge"", ""trivial""]",0,0
carrier_11948,4|4,factor1,1,4,singlet,untouched,4,15,0,"[""trivial"", ""nontrivial_confining_charge""]",0,0
carrier_11949,4|4,factor0,0,4,singlet,untouched,4,15,0,"[""nontrivial_confining_charge"", ""trivial""]",0,0
carrier_11949,4|4,factor1,1,4,singlet,untouched,4,15,0,"[""trivial"", ""nontrivial_confining_charge""]",0,0
carrier_11950,4|4,factor0,0,4,singlet,untouched,4,15,0,"[""nontrivial_confining_charge"", ""trivial""]",0,0
carrier_11950,4|4,factor1,1,4,singlet,untouched,4,15,0,"[""trivial"", ""nontrivial_confining_charge""]",0,0
carrier_11951,4|4,factor0,0,4,singlet,untouched,4,15,0,"[""nontrivial_confining_charge"", ""trivial""]",0,0
carrier_11951,4|4,factor1,1,4,antisym2,active_broken_to_residual,3,8,6,"[""trivial"", ""nontrivial_confining_charge""]",48,6
carrier_11952,4|4,factor0,0,4,singlet,untouched,4,15,0,"[""nontrivial_confining_charge"", ""trivial""]",0,0
carrier_11952,4|4,factor1,1,4,singlet,untouched,4,15,0,"[""trivial"", ""nontrivial_confining_charge""]",0,0
carrier_11953,4|4,factor0,0,4,singlet,untouched,4,15,0,"[""nontrivial_confining_charge"", ""trivial""]",0,0
carrier_11953,4|4,factor1,1,4,singlet,untouched,4,15,0,"[""trivial"", ""nontrivial_confining_charge""]",0,0
carrier_11954,4|4,factor0,0,4,singlet,untouched,4,15,0,"[""nontrivial_confining_charge"", ""trivial""]",0,0
carrier_11954,4|4,factor1,1,4,singlet,untouched,4,15,0,"[""trivial"", ""nontrivial_confining_charge""]",0,0
carrier_11955,4|4,factor0,0,4,singlet,untouched,4,15,0,"[""nontrivial_confining_charge"", ""trivial""]",0,0
carrier_11955,4|4,factor1,1,4,antifund,active_broken_to_residual,3,8,6,"[""trivial"", ""nontrivial_confining_charge""]",48,6
carrier_11956,4|4,factor0,0,4,singlet,untouched,4,15,0,"[""nontrivial_confining_charge"", ""trivial""]",0,0
carrier_11956,4|4,factor1,1,4,antifund,active_broken_to_residual,3,8,6,"[""trivial"", ""nontrivial_confining_charge""]",48,6
carrier_11957,4|4,factor0,0,4,singlet,untouched,4,15,0,"[""nontrivial_confining_charge"", ""trivial""]",0,0
carrier_11957,4|4,factor1,1,4,antifund,active_broken_to_residual,3,8,6,"[""trivial"", ""nontrivial_confining_charge""]",48,6
carrier_11958,4|4,factor0,0,4,singlet,untouched,4,15,0,"[""nontrivial_confining_charge"", ""trivial""]",0,0
carrier_11958,4|4,factor1,1,4,singlet,untouched,4,15,0,"[""trivial"", ""nontrivial_confining_charge""]",0,0
carrier_11959,4|4,factor0,0,4,singlet,untouched,4,15,0,"[""nontrivial_confining_charge"", ""trivial""]",0,0
carrier_11959,4|4,factor1,1,4,singlet,untouched,4,15,0,"[""trivial"", ""nontrivial_confining_charge""]",0,0
carrier_11960,4|4,factor0,0,4,singlet,untouched,4,15,0,"[""nontrivial_confining_charge"", ""trivial""]",0,0
carrier_11960,4|4,factor1,1,4,singlet,untouched,4,15,0,"[""trivial"", ""nontrivial_confining_charge""]",0,0
carrier_11961,4|4,factor0,0,4,singlet,untouched,4,15,0,"[""nontrivial_confining_charge"", ""trivial""]",0,0
carrier_11961,4|4,factor1,1,4,antisym2,active_broken_to_residual,3,8,6,"[""trivial"", ""nontrivial_confining_charge""]",48,6
carrier_11962,4|4,factor0,0,4,singlet,untouched,4,15,0,"[""nontrivial_confining_charge"", ""trivial""]",0,0
carrier_11962,4|4,factor1,1,4,singlet,untouched,4,15,0,"[""trivial"", ""nontrivial_confining_charge""]",0,0
carrier_11963,4|4,factor0,0,4,singlet,untouched,4,15,0,"[""nontrivial_confining_charge"", ""trivial""]",0,0
carrier_11963,4|4,factor1,1,4,singlet,untouched,4,15,0,"[""trivial"", ""nontrivial_confining_charge""]",0,0
carrier_11964,4|4,factor0,0,4,singlet,untouched,4,15,0,"[""nontrivial_confining_charge"", ""trivial""]",0,0
carrier_11964,4|4,factor1,1,4,singlet,untouched,4,15,0,"[""trivial"", ""nontrivial_confining_charge""]",0,0
carrier_11965,4|4,factor0,0,4,singlet,untouched,4,15,0,"[""nontrivial_confining_charge"", ""trivial""]",0,0
carrier_11965,4|4,factor1,1,4,singlet,untouched,4,15,0,"[""trivial"", ""nontrivial_confining_charge""]",0,0
carrier_11966,4|4,factor0,0,4,singlet,untouched,4,15,0,"[""nontrivial_confining_charge"", ""trivial""]",0,0
carrier_11966,4|4,factor1,1,4,antifund,active_broken_to_residual,3,8,6,"[""trivial"", ""nontrivial_confining_charge""]",48,6
carrier_11967,4|4,factor0,0,4,singlet,untouched,4,15,0,"[""nontrivial_confining_charge"", ""trivial""]",0,0
carrier_11967,4|4,factor1,1,4,singlet,untouched,4,15,0,"[""trivial"", ""nontrivial_confining_charge""]",0,0
carrier_11968,4|4,factor0,0,4,singlet,untouched,4,15,0,"[""nontrivial_confining_charge"", ""trivial""]",0,0
carrier_11968,4|4,factor1,1,4,singlet,untouched,4,15,0,"[""trivial"", ""nontrivial_confining_charge""]",0,0
carrier_11969,4|4,factor0,0,4,singlet,untouched,4,15,0,"[""nontrivial_confining_charge"", ""trivial""]",0,0
carrier_11969,4|4,factor1,1,4,singlet,untouched,4,15,0,"[""trivial"", ""nontrivial_confining_charge""]",0,0
carrier_11970,4|4,factor0,0,4,singlet,untouched,4,15,0,"[""nontrivial_confining_charge"", ""trivial""]",0,0
carrier_11970,4|4,factor1,1,4,singlet,untouched,4,15,0,"[""trivial"", ""nontrivial_confining_charge""]",0,0
carrier_11971,4|4,factor0,0,4,singlet,untouched,4,15,0,"[""nontrivial_confining_charge"", ""trivial""]",0,0
carrier_11971,4|4,factor1,1,4,antifund,active_broken_to_residual,3,8,6,"[""trivial"", ""nontrivial_confining_charge""]",48,6
carrier_11972,4|4,factor0,0,4,singlet,untouched,4,15,0,"[""nontrivial_confining_charge"", ""trivial""]",0,0
carrier_11972,4|4,factor1,1,4,singlet,untouched,4,15,0,"[""trivial"", ""nontrivial_confining_charge""]",0,0
carrier_11973,4|4,factor0,0,4,singlet,untouched,4,15,0,"[""nontrivial_confining_charge"", ""trivial""]",0,0
carrier_11973,4|4,factor1,1,4,singlet,untouched,4,15,0,"[""trivial"", ""nontrivial_confining_charge""]",0,0
carrier_11974,4|4,factor0,0,4,singlet,untouched,4,15,0,"[""nontrivial_confining_charge"", ""trivial""]",0,0
carrier_11974,4|4,factor1,1,4,singlet,untouched,4,15,0,"[""trivial"", ""nontrivial_confining_charge""]",0,0
carrier_11975,4|4,factor0,0,4,singlet,untouched,4,15,0,"[""nontrivial_confining_charge"", ""trivial""]",0,0
carrier_11975,4|4,factor1,1,4,singlet,untouched,4,15,0,"[""trivial"", ""nontrivial_confining_charge""]",0,0
carrier_11976,4|4,factor0,0,4,singlet,untouched,4,15,0,"[""nontrivial_confining_charge"", ""trivial""]",0,0
carrier_11976,4|4,factor1,1,4,antifund,active_broken_to_residual,3,8,6,"[""trivial"", ""nontrivial_confining_charge""]",48,6
carrier_11977,4|4,factor0,0,4,singlet,untouched,4,15,0,"[""nontrivial_confining_charge"", ""trivial""]",0,0
carrier_11977,4|4,factor1,1,4,antisym2,active_broken_to_residual,3,8,6,"[""trivial"", ""nontrivial_confining_charge""]",48,6
carrier_11978,4|4,factor0,0,4,singlet,untouched,4,15,0,"[""nontrivial_confining_charge"", ""trivial""]",0,0
carrier_11978,4|4,factor1,1,4,singlet,untouched,4,15,0,"[""trivial"", ""nontrivial_confining_charge""]",0,0
carrier_11979,4|4,factor0,0,4,singlet,untouched,4,15,0,"[""nontrivial_confining_charge"", ""trivial""]",0,0
carrier_11979,4|4,factor1,1,4,singlet,untouched,4,15,0,"[""trivial"", ""nontrivial_confining_charge""]",0,0
carrier_11980,4|4,factor0,0,4,singlet,untouched,4,15,0,"[""nontrivial_confining_charge"", ""trivial""]",0,0
carrier_11980,4|4,factor1,1,4,singlet,untouched,4,15,0,"[""trivial"", ""nontrivial_confining_charge""]",0,0
carrier_11981,4|4,factor0,0,4,singlet,untouched,4,15,0,"[""nontrivial_confining_charge"", ""trivial""]",0,0
carrier_11981,4|4,factor1,1,4,antifund,active_broken_to_residual,3,8,6,"[""trivial"", ""nontrivial_confining_charge""]",48,6
carrier_11982,4|4,factor0,0,4,singlet,untouched,4,15,0,"[""nontrivial_confining_charge"", ""trivial""]",0,0
carrier_11982,4|4,factor1,1,4,antifund,active_broken_to_residual,3,8,6,"[""trivial"", ""nontrivial_confining_charge""]",48,6
carrier_11983,4|4,factor0,0,4,singlet,untouched,4,15,0,"[""nontrivial_confining_charge"", ""trivial""]",0,0
carrier_11983,4|4,factor1,1,4,antifund,active_broken_to_residual,3,8,6,"[""trivial"", ""nontrivial_confining_charge""]",48,6
carrier_11984,4|4,factor0,0,4,singlet,untouched,4,15,0,"[""nontrivial_confining_charge"", ""trivial""]",0,0
carrier_11984,4|4,factor1,1,4,antifund,active_broken_to_residual,3,8,6,"[""trivial"", ""nontrivial_confining_charge""]",48,6
carrier_11985,4|4,factor0,0,4,singlet,untouched,4,15,0,"[""nontrivial_confining_charge"", ""trivial""]",0,0
carrier_11985,4|4,factor1,1,4,antifund,active_broken_to_residual,3,8,6,"[""trivial"", ""nontrivial_confining_charge""]",48,6
carrier_11986,4|4,factor0,0,4,singlet,untouched,4,15,0,"[""nontrivial_confining_charge"", ""trivial""]",0,0
carrier_11986,4|4,factor1,1,4,antifund,active_broken_to_residual,3,8,6,"[""trivial"", ""nontrivial_confining_charge""]",48,6
carrier_11987,4|4,factor0,0,4,singlet,untouched,4,15,0,"[""nontrivial_confining_charge"", ""trivial""]",0,0
carrier_11987,4|4,factor1,1,4,antifund,active_broken_to_residual,3,8,6,"[""trivial"", ""nontrivial_confining_charge""]",48,6
carrier_11988,4|4,factor0,0,4,singlet,untouched,4,15,0,"[""nontrivial_confining_charge"", ""trivial""]",0,0
carrier_11988,4|4,factor1,1,4,antifund,active_broken_to_residual,3,8,6,"[""trivial"", ""nontrivial_confining_charge""]",48,6
carrier_11989,4|4,factor0,0,4,singlet,untouched,4,15,0,"[""nontrivial_confining_charge"", ""trivial""]",0,0
carrier_11989,4|4,factor1,1,4,antifund,active_broken_to_residual,3,8,6,"[""trivial"", ""nontrivial_confining_charge""]",48,6
