carrier_id,dimensions,support_key,support_score,field_count,component_dim_sum,base_higher_layer_passes,witness_scalar_key,witness_scalar_reps,witness_scalar_charge,covered_count,fermion_count,breaks_to_unbroken_u1,confining_subgroups,transition_leak_count,shadow_notes,substrate_passes,capacity_passes,distinguishability_passes,neutral_record_token_count,alias_ambiguity_count,alias_ambiguity_witnesses,delta_evaluated,delta_pair_count,delta_witness_count,delta_empty,CS_member,RS_member,divergence_witness,adversarial_capacity_non_CS,adversarial_substrate_non_CS,is_reference_content
carrier_00770,3,antifund:0 + antisym2:0 + fund:-6 + fund:6,4|12|2|1,4,12,False,singlet:-6,singlet,-6,4,4,False,[3],0,factor0:untouched3,False,True,False,4,1,dual_line:antifund|antisym2,False,,,False,False,False,False,True,False,False
carrier_00771,3,antifund:0 + antisym2:0 + fund:-4 + fund:4,4|12|2|1,4,12,False,singlet:-4,singlet,-4,4,4,False,[3],0,factor0:untouched3,False,True,False,4,1,dual_line:antifund|antisym2,False,,,False,False,False,False,True,False,False
carrier_00772,3,antifund:0 + antisym2:0 + fund:-3 + fund:3,4|12|2|1,4,12,False,singlet:-3,singlet,-3,4,4,False,[3],0,factor0:untouched3,False,True,False,4,1,dual_line:antifund|antisym2,False,,,False,False,False,False,True,False,False
carrier_00773,3,antifund:0 + antisym2:0 + fund:-2 + fund:2,4|12|2|1,4,12,False,singlet:-2,singlet,-2,4,4,False,[3],0,factor0:untouched3,False,True,False,4,1,dual_line:antifund|antisym2,False,,,False,False,False,False,True,False,False
carrier_00774,3,antifund:0 + antisym2:0 + fund:-1 + fund:1,4|12|2|1,4,12,False,singlet:-1,singlet,-1,4,4,False,[3],0,factor0:untouched3,False,True,False,4,1,dual_line:antifund|antisym2,False,,,False,False,False,False,True,False,False
carrier_00827,4,antifund:-3 + antisym2:2 + fund:-1 + singlet:4,4|15|3|1,4,15,True,antifund:1,antifund,1,4,4,True,[3],6,factor0:residual3:transition_leaks6,True,False,True,0,0,,True,48,6,False,False,False,False,False,True,False
carrier_00836,4,antifund:-1 + antisym2:2 + fund:-3 + singlet:4,4|15|3|1,4,15,True,antifund:-1,antifund,-1,4,4,True,[3],6,factor0:residual3:transition_leaks6,True,False,True,0,0,,True,48,6,False,False,False,False,False,True,False
carrier_00837,4,antifund:1 + antisym2:-2 + fund:3 + singlet:-4,4|15|3|1,4,15,True,antifund:1,antifund,1,4,4,True,[3],6,factor0:residual3:transition_leaks6,True,False,True,0,0,,True,48,6,False,False,False,False,False,True,False
carrier_00838,4,antifund:3 + antisym2:-2 + fund:1 + singlet:-4,4|15|3|1,4,15,True,antifund:-1,antifund,-1,4,4,True,[3],6,factor0:residual3:transition_leaks6,True,False,True,0,0,,True,48,6,False,False,False,False,False,True,False
carrier_00847,4,antifund:-4 + antisym2:2 + fund:0 + singlet:-2 + singlet:6,5|16|3|1,5,16,True,antifund:2,antifund,2,5,5,True,[3],6,factor0:residual3:transition_leaks6,True,False,True,1,0,,True,48,6,False,False,False,False,False,True,False
carrier_00857,4,antifund:-2 + antisym2:1 + fund:0 + singlet:-1 + singlet:3,5|16|3|1,5,16,True,antifund:1,antifund,1,5,5,True,[3],6,factor0:residual3:transition_leaks6,True,False,True,1,0,,True,48,6,False,False,False,False,False,True,False
carrier_00863,4,antifund:0 + antisym2:-2 + fund:4 + singlet:-6 + singlet:2,5|16|3|1,5,16,True,antifund:2,antifund,2,5,5,True,[3],6,factor0:residual3:transition_leaks6,True,False,True,1,0,,True,48,6,False,False,False,False,False,True,False
carrier_00864,4,antifund:0 + antisym2:-1 + fund:2 + singlet:-3 + singlet:1,5|16|3|1,5,16,True,antifund:1,antifund,1,5,5,True,[3],6,factor0:residual3:transition_leaks6,True,False,True,1,0,,True,48,6,False,False,False,False,False,True,False
carrier_00865,4,antifund:0 + antisym2:1 + fund:-2 + singlet:-1 + singlet:3,5|16|3|1,5,16,True,antifund:-1,antifund,-1,5,5,True,[3],6,factor0:residual3:transition_leaks6,True,False,True,1,0,,True,48,6,False,False,False,False,False,True,False
carrier_00866,4,antifund:0 + antisym2:2 + fund:-4 + singlet:-2 + singlet:6,5|16|3|1,5,16,True,antifund:-2,antifund,-2,5,5,True,[3],6,factor0:residual3:transition_leaks6,True,False,True,1,0,,True,48,6,False,False,False,False,False,True,False
carrier_00868,4,antifund:2 + antisym2:-1 + fund:0 + singlet:-3 + singlet:1,5|16|3|1,5,16,True,antifund:-1,antifund,-1,5,5,True,[3],6,factor0:residual3:transition_leaks6,True,False,True,1,0,,True,48,6,False,False,False,False,False,True,False
carrier_00870,4,antifund:4 + antisym2:-2 + fund:0 + singlet:-6 + singlet:2,5|16|3|1,5,16,True,antifund:-2,antifund,-2,5,5,True,[3],6,factor0:residual3:transition_leaks6,True,False,True,1,0,,True,48,6,False,False,False,False,False,True,False
carrier_07580,2|3,adjointxsinglet:-6 + rank_one_fundxantifund:-3 + rank_one_fundxfund:3 + sym2xsinglet:6,4|18|3|2,4,18,False,rank_one_fundxantifund:3,rank_one_fundxantifund,3,2,4,True,[2],4,factor0:no_nonabelian_residual;factor1:residual2:transition_leaks4,False,True,True,3,0,,False,,,False,False,False,False,True,False,False
carrier_07582,2|3,adjointxsinglet:-6 + rank_one_fundxantifund:-1 + rank_one_fundxfund:1 + sym2xsinglet:6,4|18|3|2,4,18,False,adjointxsinglet:0,adjointxsinglet,0,2,4,False,[3],0,factor0:no_nonabelian_residual;factor1:untouched3,False,True,True,3,0,,False,,,False,False,False,False,True,False,False
carrier_07584,2|3,adjointxsinglet:-6 + rank_one_fundxantifund:1 + rank_one_fundxfund:-1 + sym2xsinglet:6,4|18|3|2,4,18,False,adjointxsinglet:0,adjointxsinglet,0,2,4,False,[3],0,factor0:no_nonabelian_residual;factor1:untouched3,False,True,True,3,0,,False,,,False,False,False,False,True,False,False
carrier_07586,2|3,adjointxsinglet:-6 + rank_one_fundxantifund:3 + rank_one_fundxfund:-3 + sym2xsinglet:6,4|18|3|2,4,18,False,rank_one_fundxantifund:-3,rank_one_fundxantifund,-3,2,4,True,[2],4,factor0:no_nonabelian_residual;factor1:residual2:transition_leaks4,False,True,True,3,0,,False,,,False,False,False,False,True,False,False
carrier_07605,2|3,adjointxsinglet:-6 + singletxantifund:0 + singletxfund:0 + sym2xsinglet:6,4|12|3|2,4,12,False,sym2xsinglet:0,sym2xsinglet,0,2,4,False,[3],0,factor0:no_nonabelian_residual;factor1:untouched3,False,True,True,3,0,,False,,,False,False,False,False,True,False,False
carrier_07616,2|3,adjointxsinglet:-6 + singletxantisym2:0 + singletxfund:0 + sym2xsinglet:6,4|12|3|2,4,12,False,sym2xsinglet:0,sym2xsinglet,0,2,4,False,[3],0,factor0:no_nonabelian_residual;factor1:untouched3,False,True,True,3,0,,False,,,False,False,False,False,True,False,False
carrier_07646,2|3,adjointxsinglet:-4 + rank_one_fundxantifund:-3 + rank_one_fundxfund:3 + sym2xsinglet:4,4|18|3|2,4,18,False,rank_one_fundxantifund:1,rank_one_fundxantifund,1,2,4,True,[2],4,factor0:no_nonabelian_residual;factor1:residual2:transition_leaks4,False,True,True,3,0,,False,,,False,False,False,False,True,False,False
carrier_07648,2|3,adjointxsinglet:-4 + rank_one_fundxantifund:-1 + rank_one_fundxfund:1 + sym2xsinglet:4,4|18|3|2,4,18,False,rank_one_fundxantifund:3,rank_one_fundxantifund,3,2,4,True,[2],4,factor0:no_nonabelian_residual;factor1:residual2:transition_leaks4,False,True,True,3,0,,False,,,False,False,False,False,True,False,False
carrier_07650,2|3,adjointxsinglet:-4 + rank_one_fundxantifund:1 + rank_one_fundxfund:-1 + sym2xsinglet:4,4|18|3|2,4,18,False,rank_one_fundxantifund:-3,rank_one_fundxantifund,-3,2,4,True,[2],4,factor0:no_nonabelian_residual;factor1:residual2:transition_leaks4,False,True,True,3,0,,False,,,False,False,False,False,True,False,False
carrier_07652,2|3,adjointxsinglet:-4 + rank_one_fundxantifund:3 + rank_one_fundxfund:-3 + sym2xsinglet:4,4|18|3|2,4,18,False,rank_one_fundxantifund:-1,rank_one_fundxantifund,-1,2,4,True,[2],4,factor0:no_nonabelian_residual;factor1:residual2:transition_leaks4,False,True,True,3,0,,False,,,False,False,False,False,True,False,False
carrier_07671,2|3,adjointxsinglet:-4 + singletxantifund:0 + singletxfund:0 + sym2xsinglet:4,4|12|3|2,4,12,False,sym2xsinglet:0,sym2xsinglet,0,2,4,False,[3],0,factor0:no_nonabelian_residual;factor1:untouched3,False,True,True,3,0,,False,,,False,False,False,False,True,False,False
carrier_07682,2|3,adjointxsinglet:-4 + singletxantisym2:0 + singletxfund:0 + sym2xsinglet:4,4|12|3|2,4,12,False,sym2xsinglet:0,sym2xsinglet,0,2,4,False,[3],0,factor0:no_nonabelian_residual;factor1:untouched3,False,True,True,3,0,,False,,,False,False,False,False,True,False,False
carrier_07709,2|3,adjointxsinglet:-3 + rank_one_fundxantifund:-3 + rank_one_fundxfund:3 + sym2xsinglet:3,4|18|3|2,4,18,False,rank_one_fundxantifund:-6,rank_one_fundxantifund,-6,2,4,True,[2],4,factor0:no_nonabelian_residual;factor1:residual2:transition_leaks4,False,True,True,3,0,,False,,,False,False,False,False,True,False,False
carrier_07711,2|3,adjointxsinglet:-3 + rank_one_fundxantifund:-1 + rank_one_fundxfund:1 + sym2xsinglet:3,4|18|3|2,4,18,False,rank_one_fundxantifund:2,rank_one_fundxantifund,2,2,4,True,[2],4,factor0:no_nonabelian_residual;factor1:residual2:transition_leaks4,False,True,True,3,0,,False,,,False,False,False,False,True,False,False
carrier_07713,2|3,adjointxsinglet:-3 + rank_one_fundxantifund:1 + rank_one_fundxfund:-1 + sym2xsinglet:3,4|18|3|2,4,18,False,rank_one_fundxantifund:-2,rank_one_fundxantifund,-2,2,4,True,[2],4,factor0:no_nonabelian_residual;factor1:residual2:transition_leaks4,False,True,True,3,0,,False,,,False,False,False,False,True,False,False
carrier_07715,2|3,adjointxsinglet:-3 + rank_one_fundxantifund:3 + rank_one_fundxfund:-3 + sym2xsinglet:3,4|18|3|2,4,18,False,rank_one_fundxantifund:6,rank_one_fundxantifund,6,2,4,True,[2],4,factor0:no_nonabelian_residual;factor1:residual2:transition_leaks4,False,True,True,3,0,,False,,,False,False,False,False,True,False,False
carrier_07734,2|3,adjointxsinglet:-3 + singletxantifund:0 + singletxfund:0 + sym2xsinglet:3,4|12|3|2,4,12,False,sym2xsinglet:0,sym2xsinglet,0,2,4,False,[3],0,factor0:no_nonabelian_residual;factor1:untouched3,False,True,True,3,0,,False,,,False,False,False,False,True,False,False
carrier_07745,2|3,adjointxsinglet:-3 + singletxantisym2:0 + singletxfund:0 + sym2xsinglet:3,4|12|3|2,4,12,False,sym2xsinglet:0,sym2xsinglet,0,2,4,False,[3],0,factor0:no_nonabelian_residual;factor1:untouched3,False,True,True,3,0,,False,,,False,False,False,False,True,False,False
carrier_07769,2|3,adjointxsinglet:-2 + rank_one_fundxantifund:-3 + rank_one_fundxfund:3 + sym2xsinglet:2,4|18|3|2,4,18,False,rank_one_fundxantifund:-1,rank_one_fundxantifund,-1,2,4,True,[2],4,factor0:no_nonabelian_residual;factor1:residual2:transition_leaks4,False,True,True,3,0,,False,,,False,False,False,False,True,False,False
carrier_07771,2|3,adjointxsinglet:-2 + rank_one_fundxantifund:-1 + rank_one_fundxfund:1 + sym2xsinglet:2,4|18|3|2,4,18,False,rank_one_fundxantifund:1,rank_one_fundxantifund,1,2,4,True,[2],4,factor0:no_nonabelian_residual;factor1:residual2:transition_leaks4,False,True,True,3,0,,False,,,False,False,False,False,True,False,False
carrier_07773,2|3,adjointxsinglet:-2 + rank_one_fundxantifund:1 + rank_one_fundxfund:-1 + sym2xsinglet:2,4|18|3|2,4,18,False,rank_one_fundxantifund:-1,rank_one_fundxantifund,-1,2,4,True,[2],4,factor0:no_nonabelian_residual;factor1:residual2:transition_leaks4,False,True,True,3,0,,False,,,False,False,False,False,True,False,False
carrier_07775,2|3,adjointxsinglet:-2 + rank_one_fundxantifund:3 + rank_one_fundxfund:-3 + sym2xsinglet:2,4|18|3|2,4,18,False,rank_one_fundxantifund:1,rank_one_fundxantifund,1,2,4,True,[2],4,factor0:no_nonabelian_residual;factor1:residual2:transition_leaks4,False,True,True,3,0,,False,,,False,False,False,False,True,False,False
carrier_07794,2|3,adjointxsinglet:-2 + singletxantifund:0 + singletxfund:0 + sym2xsinglet:2,4|12|3|2,4,12,False,sym2xsinglet:0,sym2xsinglet,0,2,4,False,[3],0,factor0:no_nonabelian_residual;factor1:untouched3,False,True,True,3,0,,False,,,False,False,False,False,True,False,False
carrier_07805,2|3,adjointxsinglet:-2 + singletxantisym2:0 + singletxfund:0 + sym2xsinglet:2,4|12|3|2,4,12,False,sym2xsinglet:0,sym2xsinglet,0,2,4,False,[3],0,factor0:no_nonabelian_residual;factor1:untouched3,False,True,True,3,0,,False,,,False,False,False,False,True,False,False
carrier_07826,2|3,adjointxsinglet:-1 + rank_one_fundxantifund:-3 + rank_one_fundxfund:3 + sym2xsinglet:1,4|18|3|2,4,18,False,rank_one_fundxantifund:-2,rank_one_fundxantifund,-2,2,4,True,[2],4,factor0:no_nonabelian_residual;factor1:residual2:transition_leaks4,False,True,True,3,0,,False,,,False,False,False,False,True,False,False
carrier_07828,2|3,adjointxsinglet:-1 + rank_one_fundxantifund:-1 + rank_one_fundxfund:1 + sym2xsinglet:1,4|18|3|2,4,18,False,rank_one_fundxantifund:-2,rank_one_fundxantifund,-2,2,4,True,[2],4,factor0:no_nonabelian_residual;factor1:residual2:transition_leaks4,False,True,True,3,0,,False,,,False,False,False,False,True,False,False
carrier_07830,2|3,adjointxsinglet:-1 + rank_one_fundxantifund:1 + rank_one_fundxfund:-1 + sym2xsinglet:1,4|18|3|2,4,18,False,rank_one_fundxantifund:2,rank_one_fundxantifund,2,2,4,True,[2],4,factor0:no_nonabelian_residual;factor1:residual2:transition_leaks4,False,True,True,3,0,,False,,,False,False,False,False,True,False,False
carrier_07832,2|3,adjointxsinglet:-1 + rank_one_fundxantifund:3 + rank_one_fundxfund:-3 + sym2xsinglet:1,4|18|3|2,4,18,False,rank_one_fundxantifund:2,rank_one_fundxantifund,2,2,4,True,[2],4,factor0:no_nonabelian_residual;factor1:residual2:transition_leaks4,False,True,True,3,0,,False,,,False,False,False,False,True,False,False
carrier_07851,2|3,adjointxsinglet:-1 + singletxantifund:0 + singletxfund:0 + sym2xsinglet:1,4|12|3|2,4,12,False,sym2xsinglet:0,sym2xsinglet,0,2,4,False,[3],0,factor0:no_nonabelian_residual;factor1:untouched3,False,True,True,3,0,,False,,,False,False,False,False,True,False,False
carrier_07862,2|3,adjointxsinglet:-1 + singletxantisym2:0 + singletxfund:0 + sym2xsinglet:1,4|12|3|2,4,12,False,sym2xsinglet:0,sym2xsinglet,0,2,4,False,[3],0,factor0:no_nonabelian_residual;factor1:untouched3,False,True,True,3,0,,False,,,False,False,False,False,True,False,False
carrier_07883,2|3,adjointxsinglet:1 + rank_one_fundxantifund:-3 + rank_one_fundxfund:3 + sym2xsinglet:-1,4|18|3|2,4,18,False,rank_one_fundxantifund:-2,rank_one_fundxantifund,-2,2,4,True,[2],4,factor0:no_nonabelian_residual;factor1:residual2:transition_leaks4,False,True,True,3,0,,False,,,False,False,False,False,True,False,False
carrier_07885,2|3,adjointxsinglet:1 + rank_one_fundxantifund:-1 + rank_one_fundxfund:1 + sym2xsinglet:-1,4|18|3|2,4,18,False,rank_one_fundxantifund:-2,rank_one_fundxantifund,-2,2,4,True,[2],4,factor0:no_nonabelian_residual;factor1:residual2:transition_leaks4,False,True,True,3,0,,False,,,False,False,False,False,True,False,False
carrier_07887,2|3,adjointxsinglet:1 + rank_one_fundxantifund:1 + rank_one_fundxfund:-1 + sym2xsinglet:-1,4|18|3|2,4,18,False,rank_one_fundxantifund:2,rank_one_fundxantifund,2,2,4,True,[2],4,factor0:no_nonabelian_residual;factor1:residual2:transition_leaks4,False,True,True,3,0,,False,,,False,False,False,False,True,False,False
carrier_07889,2|3,adjointxsinglet:1 + rank_one_fundxantifund:3 + rank_one_fundxfund:-3 + sym2xsinglet:-1,4|18|3|2,4,18,False,rank_one_fundxantifund:2,rank_one_fundxantifund,2,2,4,True,[2],4,factor0:no_nonabelian_residual;factor1:residual2:transition_leaks4,False,True,True,3,0,,False,,,False,False,False,False,True,False,False
carrier_07908,2|3,adjointxsinglet:1 + singletxantifund:0 + singletxfund:0 + sym2xsinglet:-1,4|12|3|2,4,12,False,sym2xsinglet:0,sym2xsinglet,0,2,4,False,[3],0,factor0:no_nonabelian_residual;factor1:untouched3,False,True,True,3,0,,False,,,False,False,False,False,True,False,False
carrier_07919,2|3,adjointxsinglet:1 + singletxantisym2:0 + singletxfund:0 + sym2xsinglet:-1,4|12|3|2,4,12,False,sym2xsinglet:0,sym2xsinglet,0,2,4,False,[3],0,factor0:no_nonabelian_residual;factor1:untouched3,False,True,True,3,0,,False,,,False,False,False,False,True,False,False
carrier_07934,2|3,adjointxsinglet:2 + rank_one_fundxantifund:-3 + rank_one_fundxfund:3 + sym2xsinglet:-2,4|18|3|2,4,18,False,rank_one_fundxantifund:-1,rank_one_fundxantifund,-1,2,4,True,[2],4,factor0:no_nonabelian_residual;factor1:residual2:transition_leaks4,False,True,True,3,0,,False,,,False,False,False,False,True,False,False
carrier_07936,2|3,adjointxsinglet:2 + rank_one_fundxantifund:-1 + rank_one_fundxfund:1 + sym2xsinglet:-2,4|18|3|2,4,18,False,rank_one_fundxantifund:1,rank_one_fundxantifund,1,2,4,True,[2],4,factor0:no_nonabelian_residual;factor1:residual2:transition_leaks4,False,True,True,3,0,,False,,,False,False,False,False,True,False,False
carrier_07938,2|3,adjointxsinglet:2 + rank_one_fundxantifund:1 + rank_one_fundxfund:-1 + sym2xsinglet:-2,4|18|3|2,4,18,False,rank_one_fundxantifund:-1,rank_one_fundxantifund,-1,2,4,True,[2],4,factor0:no_nonabelian_residual;factor1:residual2:transition_leaks4,False,True,True,3,0,,False,,,False,False,False,False,True,False,False
carrier_07940,2|3,adjointxsinglet:2 + rank_one_fundxantifund:3 + rank_one_fundxfund:-3 + sym2xsinglet:-2,4|18|3|2,4,18,False,rank_one_fundxantifund:1,rank_one_fundxantifund,1,2,4,True,[2],4,factor0:no_nonabelian_residual;factor1:residual2:transition_leaks4,False,True,True,3,0,,False,,,False,False,False,False,True,False,False
carrier_07959,2|3,adjointxsinglet:2 + singletxantifund:0 + singletxfund:0 + sym2xsinglet:-2,4|12|3|2,4,12,False,sym2xsinglet:0,sym2xsinglet,0,2,4,False,[3],0,factor0:no_nonabelian_residual;factor1:untouched3,False,True,True,3,0,,False,,,False,False,False,False,True,False,False
carrier_07970,2|3,adjointxsinglet:2 + singletxantisym2:0 + singletxfund:0 + sym2xsinglet:-2,4|12|3|2,4,12,False,sym2xsinglet:0,sym2xsinglet,0,2,4,False,[3],0,factor0:no_nonabelian_residual;factor1:untouched3,False,True,True,3,0,,False,,,False,False,False,False,True,False,False
carrier_07984,2|3,adjointxsinglet:3 + rank_one_fundxantifund:-3 + rank_one_fundxfund:3 + sym2xsinglet:-3,4|18|3|2,4,18,False,rank_one_fundxantifund:-6,rank_one_fundxantifund,-6,2,4,True,[2],4,factor0:no_nonabelian_residual;factor1:residual2:transition_leaks4,False,True,True,3,0,,False,,,False,False,False,False,True,False,False
carrier_07986,2|3,adjointxsinglet:3 + rank_one_fundxantifund:-1 + rank_one_fundxfund:1 + sym2xsinglet:-3,4|18|3|2,4,18,False,rank_one_fundxantifund:2,rank_one_fundxantifund,2,2,4,True,[2],4,factor0:no_nonabelian_residual;factor1:residual2:transition_leaks4,False,True,True,3,0,,False,,,False,False,False,False,True,False,False
carrier_07988,2|3,adjointxsinglet:3 + rank_one_fundxantifund:1 + rank_one_fundxfund:-1 + sym2xsinglet:-3,4|18|3|2,4,18,False,rank_one_fundxantifund:-2,rank_one_fundxantifund,-2,2,4,True,[2],4,factor0:no_nonabelian_residual;factor1:residual2:transition_leaks4,False,True,True,3,0,,False,,,False,False,False,False,True,False,False
carrier_07990,2|3,adjointxsinglet:3 + rank_one_fundxantifund:3 + rank_one_fundxfund:-3 + sym2xsinglet:-3,4|18|3|2,4,18,False,rank_one_fundxantifund:6,rank_one_fundxantifund,6,2,4,True,[2],4,factor0:no_nonabelian_residual;factor1:residual2:transition_leaks4,False,True,True,3,0,,False,,,False,False,False,False,True,False,False
carrier_08009,2|3,adjointxsinglet:3 + singletxantifund:0 + singletxfund:0 + sym2xsinglet:-3,4|12|3|2,4,12,False,sym2xsinglet:0,sym2xsinglet,0,2,4,False,[3],0,factor0:no_nonabelian_residual;factor1:untouched3,False,True,True,3,0,,False,,,False,False,False,False,True,False,False
carrier_08020,2|3,adjointxsinglet:3 + singletxantisym2:0 + singletxfund:0 + sym2xsinglet:-3,4|12|3|2,4,12,False,sym2xsinglet:0,sym2xsinglet,0,2,4,False,[3],0,factor0:no_nonabelian_residual;factor1:untouched3,False,True,True,3,0,,False,,,False,False,False,False,True,False,False
carrier_08033,2|3,adjointxsinglet:4 + rank_one_fundxantifund:-3 + rank_one_fundxfund:3 + sym2xsinglet:-4,4|18|3|2,4,18,False,rank_one_fundxantifund:1,rank_one_fundxantifund,1,2,4,True,[2],4,factor0:no_nonabelian_residual;factor1:residual2:transition_leaks4,False,True,True,3,0,,False,,,False,False,False,False,True,False,False
carrier_08035,2|3,adjointxsinglet:4 + rank_one_fundxantifund:-1 + rank_one_fundxfund:1 + sym2xsinglet:-4,4|18|3|2,4,18,False,rank_one_fundxantifund:3,rank_one_fundxantifund,3,2,4,True,[2],4,factor0:no_nonabelian_residual;factor1:residual2:transition_leaks4,False,True,True,3,0,,False,,,False,False,False,False,True,False,False
carrier_08037,2|3,adjointxsinglet:4 + rank_one_fundxantifund:1 + rank_one_fundxfund:-1 + sym2xsinglet:-4,4|18|3|2,4,18,False,rank_one_fundxantifund:-3,rank_one_fundxantifund,-3,2,4,True,[2],4,factor0:no_nonabelian_residual;factor1:residual2:transition_leaks4,False,True,True,3,0,,False,,,False,False,False,False,True,False,False
carrier_08039,2|3,adjointxsinglet:4 + rank_one_fundxantifund:3 + rank_one_fundxfund:-3 + sym2xsinglet:-4,4|18|3|2,4,18,False,rank_one_fundxantifund:-1,rank_one_fundxantifund,-1,2,4,True,[2],4,factor0:no_nonabelian_residual;factor1:residual2:transition_leaks4,False,True,True,3,0,,False,,,False,False,False,False,True,False,False
carrier_08058,2|3,adjointxsinglet:4 + singletxantifund:0 + singletxfund:0 + sym2xsinglet:-4,4|12|3|2,4,12,False,sym2xsinglet:0,sym2xsinglet,0,2,4,False,[3],0,factor0:no_nonabelian_residual;factor1:untouched3,False,True,True,3,0,,False,,,False,False,False,False,True,False,False
carrier_08069,2|3,adjointxsinglet:4 + singletxantisym2:0 + singletxfund:0 + sym2xsinglet:-4,4|12|3|2,4,12,False,sym2xsinglet:0,sym2xsinglet,0,2,4,False,[3],0,factor0:no_nonabelian_residual;factor1:untouched3,False,True,True,3,0,,False,,,False,False,False,False,True,False,False
carrier_08081,2|3,adjointxsinglet:6 + rank_one_fundxantifund:-3 + rank_one_fundxfund:3 + sym2xsinglet:-6,4|18|3|2,4,18,False,rank_one_fundxantifund:3,rank_one_fundxantifund,3,2,4,True,[2],4,factor0:no_nonabelian_residual;factor1:residual2:transition_leaks4,False,True,True,3,0,,False,,,False,False,False,False,True,False,False
carrier_08083,2|3,adjointxsinglet:6 + rank_one_fundxantifund:-1 + rank_one_fundxfund:1 + sym2xsinglet:-6,4|18|3|2,4,18,False,adjointxsinglet:0,adjointxsinglet,0,2,4,False,[3],0,factor0:no_nonabelian_residual;factor1:untouched3,False,True,True,3,0,,False,,,False,False,False,False,True,False,False
carrier_08085,2|3,adjointxsinglet:6 + rank_one_fundxantifund:1 + rank_one_fundxfund:-1 + sym2xsinglet:-6,4|18|3|2,4,18,False,adjointxsinglet:0,adjointxsinglet,0,2,4,False,[3],0,factor0:no_nonabelian_residual;factor1:untouched3,False,True,True,3,0,,False,,,False,False,False,False,True,False,False
carrier_08087,2|3,adjointxsinglet:6 + rank_one_fundxantifund:3 + rank_one_fundxfund:-3 + sym2xsinglet:-6,4|18|3|2,4,18,False,rank_one_fundxantifund:-3,rank_one_fundxantifund,-3,2,4,True,[2],4,factor0:no_nonabelian_residual;factor1:residual2:transition_leaks4,False,True,True,3,0,,False,,,False,False,False,False,True,False,False
carrier_08106,2|3,adjointxsinglet:6 + singletxantifund:0 + singletxfund:0 + sym2xsinglet:-6,4|12|3|2,4,12,False,sym2xsinglet:0,sym2xsinglet,0,2,4,False,[3],0,factor0:no_nonabelian_residual;factor1:untouched3,False,True,True,3,0,,False,,,False,False,False,False,True,False,False
carrier_08117,2|3,adjointxsinglet:6 + singletxantisym2:0 + singletxfund:0 + sym2xsinglet:-6,4|12|3|2,4,12,False,sym2xsinglet:0,sym2xsinglet,0,2,4,False,[3],0,factor0:no_nonabelian_residual;factor1:untouched3,False,True,True,3,0,,False,,,False,False,False,False,True,False,False
carrier_08130,2|3,rank_one_fundxantifund:-6 + rank_one_fundxantifund:6 + rank_one_fundxfund:-1 + rank_one_fundxfund:1,4|24|3|2,4,24,False,singletxantifund:0,singletxantifund,0,4,4,False,"[2, 2]",4,factor0:untouched2;factor1:residual2:transition_leaks4,False,True,True,2,0,,False,,,False,False,False,False,True,False,False
carrier_08147,2|3,rank_one_fundxantifund:-1 + rank_one_fundxantifund:1 + rank_one_fundxfund:-6 + rank_one_fundxfund:6,4|24|3|2,4,24,False,singletxantifund:0,singletxantifund,0,4,4,False,"[2, 2]",4,factor0:untouched2;factor1:residual2:transition_leaks4,False,True,True,2,0,,False,,,False,False,False,False,True,False,False
carrier_08159,2|3,rank_one_fundxantifund:0 + rank_one_fundxsinglet:0 + singletxfund:-3 + singletxfund:3,4|14|3|2,4,14,False,singletxantifund:0,singletxantifund,0,4,4,False,"[2, 2]",4,factor0:untouched2;factor1:residual2:transition_leaks4,False,True,True,2,0,,False,,,False,False,False,False,True,False,False
carrier_08166,2|3,rank_one_fundxfund:0 + rank_one_fundxsinglet:0 + singletxantifund:-3 + singletxantifund:3,4|14|3|2,4,14,False,singletxantifund:0,singletxantifund,0,4,4,False,"[2, 2]",4,factor0:untouched2;factor1:residual2:transition_leaks4,False,True,True,2,0,,False,,,False,False,False,False,True,False,False
carrier_08167,2|3,rank_one_fundxfund:0 + rank_one_fundxsinglet:0 + singletxantifund:-3 + singletxantisym2:3,4|14|3|2,4,14,False,singletxantifund:0,singletxantifund,0,4,4,False,"[2, 2]",4,factor0:untouched2;factor1:residual2:transition_leaks4,False,True,False,2,1,dual_line:antifund|antisym2,False,,,False,False,False,False,True,False,False
carrier_08172,2|3,rank_one_fundxfund:0 + rank_one_fundxsinglet:0 + singletxantifund:0 + singletxantisym2:0,4|14|3|2,4,14,False,singletxantifund:0,singletxantifund,0,4,4,False,"[2, 2]",4,factor0:untouched2;factor1:residual2:transition_leaks4,False,True,False,4,1,dual_line:antifund|antisym2,False,,,False,False,False,False,True,False,False
carrier_08175,2|3,rank_one_fundxfund:0 + rank_one_fundxsinglet:0 + singletxantifund:3 + singletxantisym2:-3,4|14|3|2,4,14,False,singletxantifund:0,singletxantifund,0,4,4,False,"[2, 2]",4,factor0:untouched2;factor1:residual2:transition_leaks4,False,True,False,2,1,dual_line:antifund|antisym2,False,,,False,False,False,False,True,False,False
carrier_08180,2|3,rank_one_fundxfund:0 + rank_one_fundxsinglet:0 + singletxantisym2:-3 + singletxantisym2:3,4|14|3|2,4,14,False,rank_one_fundxsinglet:-3,rank_one_fundxsinglet,-3,2,4,True,[3],0,factor0:no_nonabelian_residual;factor1:untouched3,False,True,True,2,0,,False,,,False,False,False,False,True,False,False
carrier_08223,2|3,singletxantifund:0 + singletxantisym2:0 + singletxfund:-6 + singletxfund:6,4|12|3|2,4,12,False,singletxsinglet:-6,singletxsinglet,-6,4,4,False,"[2, 3]",0,factor0:untouched2;factor1:untouched3,False,True,False,4,1,dual_line:antifund|antisym2,False,,,False,False,False,False,True,False,False
carrier_08224,2|3,singletxantifund:0 + singletxantisym2:0 + singletxfund:-4 + singletxfund:4,4|12|3|2,4,12,False,singletxsinglet:-4,singletxsinglet,-4,4,4,False,"[2, 3]",0,factor0:untouched2;factor1:untouched3,False,True,False,4,1,dual_line:antifund|antisym2,False,,,False,False,False,False,True,False,False
carrier_08225,2|3,singletxantifund:0 + singletxantisym2:0 + singletxfund:-3 + singletxfund:3,4|12|3|2,4,12,False,singletxsinglet:-3,singletxsinglet,-3,4,4,False,"[2, 3]",0,factor0:untouched2;factor1:untouched3,False,True,False,4,1,dual_line:antifund|antisym2,False,,,False,False,False,False,True,False,False
carrier_08226,2|3,singletxantifund:0 + singletxantisym2:0 + singletxfund:-2 + singletxfund:2,4|12|3|2,4,12,False,singletxsinglet:-2,singletxsinglet,-2,4,4,False,"[2, 3]",0,factor0:untouched2;factor1:untouched3,False,True,False,4,1,dual_line:antifund|antisym2,False,,,False,False,False,False,True,False,False
carrier_08227,2|3,singletxantifund:0 + singletxantisym2:0 + singletxfund:-1 + singletxfund:1,4|12|3|2,4,12,False,singletxsinglet:-1,singletxsinglet,-1,4,4,False,"[2, 3]",0,factor0:untouched2;factor1:untouched3,False,True,False,4,1,dual_line:antifund|antisym2,False,,,False,False,False,False,True,False,False
carrier_08302,2|3,adjointxsinglet:-6 + adjointxsinglet:0 + rank_one_fundxantifund:-3 + rank_one_fundxfund:3 + sym2xsinglet:6,5|21|3|2,5,21,False,rank_one_fundxantifund:-3,rank_one_fundxantifund,-3,3,5,True,[2],4,factor0:no_nonabelian_residual;factor1:residual2:transition_leaks4,False,True,True,3,0,,False,,,False,False,False,False,True,False,False
carrier_08304,2|3,adjointxsinglet:-6 + adjointxsinglet:0 + rank_one_fundxantifund:-1 + rank_one_fundxfund:1 + sym2xsinglet:6,5|21|3|2,5,21,False,rank_one_fundxantifund:-1,rank_one_fundxantifund,-1,3,5,True,[2],4,factor0:no_nonabelian_residual;factor1:residual2:transition_leaks4,False,True,True,3,0,,False,,,False,False,False,False,True,False,False
carrier_08306,2|3,adjointxsinglet:-6 + adjointxsinglet:0 + rank_one_fundxantifund:1 + rank_one_fundxfund:-1 + sym2xsinglet:6,5|21|3|2,5,21,False,rank_one_fundxantifund:1,rank_one_fundxantifund,1,3,5,True,[2],4,factor0:no_nonabelian_residual;factor1:residual2:transition_leaks4,False,True,True,3,0,,False,,,False,False,False,False,True,False,False
carrier_08308,2|3,adjointxsinglet:-6 + adjointxsinglet:0 + rank_one_fundxantifund:3 + rank_one_fundxfund:-3 + sym2xsinglet:6,5|21|3|2,5,21,False,rank_one_fundxantifund:3,rank_one_fundxantifund,3,3,5,True,[2],4,factor0:no_nonabelian_residual;factor1:residual2:transition_leaks4,False,True,True,3,0,,False,,,False,False,False,False,True,False,False
carrier_08327,2|3,adjointxsinglet:-6 + adjointxsinglet:0 + singletxantifund:0 + singletxfund:0 + sym2xsinglet:6,5|15|3|2,5,15,False,adjointxsinglet:-6,adjointxsinglet,-6,2,5,True,[3],0,factor0:no_nonabelian_residual;factor1:untouched3,False,True,True,3,0,,False,,,False,False,False,False,True,False,False
carrier_08338,2|3,adjointxsinglet:-6 + adjointxsinglet:0 + singletxantisym2:0 + singletxfund:0 + sym2xsinglet:6,5|15|3|2,5,15,False,adjointxsinglet:-6,adjointxsinglet,-6,2,5,True,[3],0,factor0:no_nonabelian_residual;factor1:untouched3,False,True,True,3,0,,False,,,False,False,False,False,True,False,False
carrier_08358,2|3,adjointxsinglet:-6 + rank_one_fundxantifund:-3 + rank_one_fundxfund:3 + sym2xsinglet:0 + sym2xsinglet:6,5|21|3|2,5,21,False,adjointxsinglet:-6,adjointxsinglet,-6,2,5,True,[3],0,factor0:no_nonabelian_residual;factor1:untouched3,False,True,True,3,0,,False,,,False,False,False,False,True,False,False
carrier_08360,2|3,adjointxsinglet:-6 + rank_one_fundxantifund:-1 + rank_one_fundxfund:1 + sym2xsinglet:0 + sym2xsinglet:6,5|21|3|2,5,21,False,adjointxsinglet:-6,adjointxsinglet,-6,2,5,True,[3],0,factor0:no_nonabelian_residual;factor1:untouched3,False,True,True,3,0,,False,,,False,False,False,False,True,False,False
carrier_08362,2|3,adjointxsinglet:-6 + rank_one_fundxantifund:1 + rank_one_fundxfund:-1 + sym2xsinglet:0 + sym2xsinglet:6,5|21|3|2,5,21,False,adjointxsinglet:-6,adjointxsinglet,-6,2,5,True,[3],0,factor0:no_nonabelian_residual;factor1:untouched3,False,True,True,3,0,,False,,,False,False,False,False,True,False,False
carrier_08364,2|3,adjointxsinglet:-6 + rank_one_fundxantifund:3 + rank_one_fundxfund:-3 + sym2xsinglet:0 + sym2xsinglet:6,5|21|3|2,5,21,False,adjointxsinglet:-6,adjointxsinglet,-6,2,5,True,[3],0,factor0:no_nonabelian_residual;factor1:untouched3,False,True,True,3,0,,False,,,False,False,False,False,True,False,False
carrier_08383,2|3,adjointxsinglet:-6 + singletxantifund:0 + singletxfund:0 + sym2xsinglet:0 + sym2xsinglet:6,5|15|3|2,5,15,False,adjointxsinglet:-6,adjointxsinglet,-6,2,5,True,[3],0,factor0:no_nonabelian_residual;factor1:untouched3,False,True,True,3,0,,False,,,False,False,False,False,True,False,False
carrier_08394,2|3,adjointxsinglet:-6 + singletxantisym2:0 + singletxfund:0 + sym2xsinglet:0 + sym2xsinglet:6,5|15|3|2,5,15,False,adjointxsinglet:-6,adjointxsinglet,-6,2,5,True,[3],0,factor0:no_nonabelian_residual;factor1:untouched3,False,True,True,3,0,,False,,,False,False,False,False,True,False,False
carrier_08432,2|3,adjointxsinglet:-4 + adjointxsinglet:0 + rank_one_fundxantifund:-3 + rank_one_fundxfund:3 + sym2xsinglet:4,5|21|3|2,5,21,False,rank_one_fundxantifund:-3,rank_one_fundxantifund,-3,3,5,True,[2],4,factor0:no_nonabelian_residual;factor1:residual2:transition_leaks4,False,True,True,3,0,,False,,,False,False,False,False,True,False,False
carrier_08434,2|3,adjointxsinglet:-4 + adjointxsinglet:0 + rank_one_fundxantifund:-1 + rank_one_fundxfund:1 + sym2xsinglet:4,5|21|3|2,5,21,False,rank_one_fundxantifund:-1,rank_one_fundxantifund,-1,3,5,True,[2],4,factor0:no_nonabelian_residual;factor1:residual2:transition_leaks4,False,True,True,3,0,,False,,,False,False,False,False,True,False,False
carrier_08436,2|3,adjointxsinglet:-4 + adjointxsinglet:0 + rank_one_fundxantifund:1 + rank_one_fundxfund:-1 + sym2xsinglet:4,5|21|3|2,5,21,False,rank_one_fundxantifund:1,rank_one_fundxantifund,1,3,5,True,[2],4,factor0:no_nonabelian_residual;factor1:residual2:transition_leaks4,False,True,True,3,0,,False,,,False,False,False,False,True,False,False
carrier_08438,2|3,adjointxsinglet:-4 + adjointxsinglet:0 + rank_one_fundxantifund:3 + rank_one_fundxfund:-3 + sym2xsinglet:4,5|21|3|2,5,21,False,rank_one_fundxantifund:3,rank_one_fundxantifund,3,3,5,True,[2],4,factor0:no_nonabelian_residual;factor1:residual2:transition_leaks4,False,True,True,3,0,,False,,,False,False,False,False,True,False,False
carrier_08457,2|3,adjointxsinglet:-4 + adjointxsinglet:0 + singletxantifund:0 + singletxfund:0 + sym2xsinglet:4,5|15|3|2,5,15,False,adjointxsinglet:-4,adjointxsinglet,-4,2,5,True,[3],0,factor0:no_nonabelian_residual;factor1:untouched3,False,True,True,3,0,,False,,,False,False,False,False,True,False,False
carrier_08468,2|3,adjointxsinglet:-4 + adjointxsinglet:0 + singletxantisym2:0 + singletxfund:0 + sym2xsinglet:4,5|15|3|2,5,15,False,adjointxsinglet:-4,adjointxsinglet,-4,2,5,True,[3],0,factor0:no_nonabelian_residual;factor1:untouched3,False,True,True,3,0,,False,,,False,False,False,False,True,False,False
carrier_08488,2|3,adjointxsinglet:-4 + rank_one_fundxantifund:-3 + rank_one_fundxfund:3 + sym2xsinglet:0 + sym2xsinglet:4,5|21|3|2,5,21,False,adjointxsinglet:-4,adjointxsinglet,-4,2,5,True,[3],0,factor0:no_nonabelian_residual;factor1:untouched3,False,True,True,3,0,,False,,,False,False,False,False,True,False,False
carrier_08490,2|3,adjointxsinglet:-4 + rank_one_fundxantifund:-1 + rank_one_fundxfund:1 + sym2xsinglet:0 + sym2xsinglet:4,5|21|3|2,5,21,False,adjointxsinglet:-4,adjointxsinglet,-4,2,5,True,[3],0,factor0:no_nonabelian_residual;factor1:untouched3,False,True,True,3,0,,False,,,False,False,False,False,True,False,False
carrier_08492,2|3,adjointxsinglet:-4 + rank_one_fundxantifund:1 + rank_one_fundxfund:-1 + sym2xsinglet:0 + sym2xsinglet:4,5|21|3|2,5,21,False,adjointxsinglet:-4,adjointxsinglet,-4,2,5,True,[3],0,factor0:no_nonabelian_residual;factor1:untouched3,False,True,True,3,0,,False,,,False,False,False,False,True,False,False
carrier_08494,2|3,adjointxsinglet:-4 + rank_one_fundxantifund:3 + rank_one_fundxfund:-3 + sym2xsinglet:0 + sym2xsinglet:4,5|21|3|2,5,21,False,adjointxsinglet:-4,adjointxsinglet,-4,2,5,True,[3],0,factor0:no_nonabelian_residual;factor1:untouched3,False,True,True,3,0,,False,,,False,False,False,False,True,False,False
carrier_08513,2|3,adjointxsinglet:-4 + singletxantifund:0 + singletxfund:0 + sym2xsinglet:0 + sym2xsinglet:4,5|15|3|2,5,15,False,adjointxsinglet:-4,adjointxsinglet,-4,2,5,True,[3],0,factor0:no_nonabelian_residual;factor1:untouched3,False,True,True,3,0,,False,,,False,False,False,False,True,False,False
carrier_08524,2|3,adjointxsinglet:-4 + singletxantisym2:0 + singletxfund:0 + sym2xsinglet:0 + sym2xsinglet:4,5|15|3|2,5,15,False,adjointxsinglet:-4,adjointxsinglet,-4,2,5,True,[3],0,factor0:no_nonabelian_residual;factor1:untouched3,False,True,True,3,0,,False,,,False,False,False,False,True,False,False
carrier_08556,2|3,adjointxsinglet:-3 + adjointxsinglet:0 + rank_one_fundxantifund:-3 + rank_one_fundxfund:3 + sym2xsinglet:3,5|21|3|2,5,21,False,rank_one_fundxantifund:-3,rank_one_fundxantifund,-3,3,5,True,[2],4,factor0:no_nonabelian_residual;factor1:residual2:transition_leaks4,False,True,True,3,0,,False,,,False,False,False,False,True,False,False
carrier_08558,2|3,adjointxsinglet:-3 + adjointxsinglet:0 + rank_one_fundxantifund:-1 + rank_one_fundxfund:1 + sym2xsinglet:3,5|21|3|2,5,21,False,rank_one_fundxantifund:-1,rank_one_fundxantifund,-1,3,5,True,[2],4,factor0:no_nonabelian_residual;factor1:residual2:transition_leaks4,False,True,True,3,0,,False,,,False,False,False,False,True,False,False
carrier_08560,2|3,adjointxsinglet:-3 + adjointxsinglet:0 + rank_one_fundxantifund:1 + rank_one_fundxfund:-1 + sym2xsinglet:3,5|21|3|2,5,21,False,rank_one_fundxantifund:1,rank_one_fundxantifund,1,3,5,True,[2],4,factor0:no_nonabelian_residual;factor1:residual2:transition_leaks4,False,True,True,3,0,,False,,,False,False,False,False,True,False,False
carrier_08562,2|3,adjointxsinglet:-3 + adjointxsinglet:0 + rank_one_fundxantifund:3 + rank_one_fundxfund:-3 + sym2xsinglet:3,5|21|3|2,5,21,False,rank_one_fundxantifund:3,rank_one_fundxantifund,3,3,5,True,[2],4,factor0:no_nonabelian_residual;factor1:residual2:transition_leaks4,False,True,True,3,0,,False,,,False,False,False,False,True,False,False
carrier_08581,2|3,adjointxsinglet:-3 + adjointxsinglet:0 + singletxantifund:0 + singletxfund:0 + sym2xsinglet:3,5|15|3|2,5,15,False,adjointxsinglet:-3,adjointxsinglet,-3,2,5,True,[3],0,factor0:no_nonabelian_residual;factor1:untouched3,False,True,True,3,0,,False,,,False,False,False,False,True,False,False
carrier_08592,2|3,adjointxsinglet:-3 + adjointxsinglet:0 + singletxantisym2:0 + singletxfund:0 + sym2xsinglet:3,5|15|3|2,5,15,False,adjointxsinglet:-3,adjointxsinglet,-3,2,5,True,[3],0,factor0:no_nonabelian_residual;factor1:untouched3,False,True,True,3,0,,False,,,False,False,False,False,True,False,False
carrier_08612,2|3,adjointxsinglet:-3 + rank_one_fundxantifund:-3 + rank_one_fundxfund:3 + sym2xsinglet:0 + sym2xsinglet:3,5|21|3|2,5,21,False,adjointxsinglet:-3,adjointxsinglet,-3,2,5,True,[3],0,factor0:no_nonabelian_residual;factor1:untouched3,False,True,True,3,0,,False,,,False,False,False,False,True,False,False
carrier_08614,2|3,adjointxsinglet:-3 + rank_one_fundxantifund:-1 + rank_one_fundxfund:1 + sym2xsinglet:0 + sym2xsinglet:3,5|21|3|2,5,21,False,adjointxsinglet:-3,adjointxsinglet,-3,2,5,True,[3],0,factor0:no_nonabelian_residual;factor1:untouched3,False,True,True,3,0,,False,,,False,False,False,False,True,False,False
carrier_08616,2|3,adjointxsinglet:-3 + rank_one_fundxantifund:1 + rank_one_fundxfund:-1 + sym2xsinglet:0 + sym2xsinglet:3,5|21|3|2,5,21,False,adjointxsinglet:-3,adjointxsinglet,-3,2,5,True,[3],0,factor0:no_nonabelian_residual;factor1:untouched3,False,True,True,3,0,,False,,,False,False,False,False,True,False,False
carrier_08618,2|3,adjointxsinglet:-3 + rank_one_fundxantifund:3 + rank_one_fundxfund:-3 + sym2xsinglet:0 + sym2xsinglet:3,5|21|3|2,5,21,False,adjointxsinglet:-3,adjointxsinglet,-3,2,5,True,[3],0,factor0:no_nonabelian_residual;factor1:untouched3,False,True,True,3,0,,False,,,False,False,False,False,True,False,False
carrier_08637,2|3,adjointxsinglet:-3 + singletxantifund:0 + singletxfund:0 + sym2xsinglet:0 + sym2xsinglet:3,5|15|3|2,5,15,False,adjointxsinglet:-3,adjointxsinglet,-3,2,5,True,[3],0,factor0:no_nonabelian_residual;factor1:untouched3,False,True,True,3,0,,False,,,False,False,False,False,True,False,False
carrier_08648,2|3,adjointxsinglet:-3 + singletxantisym2:0 + singletxfund:0 + sym2xsinglet:0 + sym2xsinglet:3,5|15|3|2,5,15,False,adjointxsinglet:-3,adjointxsinglet,-3,2,5,True,[3],0,factor0:no_nonabelian_residual;factor1:untouched3,False,True,True,3,0,,False,,,False,False,False,False,True,False,False
carrier_08674,2|3,adjointxsinglet:-2 + adjointxsinglet:0 + rank_one_fundxantifund:-3 + rank_one_fundxfund:3 + sym2xsinglet:2,5|21|3|2,5,21,False,rank_one_fundxantifund:-3,rank_one_fundxantifund,-3,3,5,True,[2],4,factor0:no_nonabelian_residual;factor1:residual2:transition_leaks4,False,True,True,3,0,,False,,,False,False,False,False,True,False,False
carrier_08676,2|3,adjointxsinglet:-2 + adjointxsinglet:0 + rank_one_fundxantifund:-1 + rank_one_fundxfund:1 + sym2xsinglet:2,5|21|3|2,5,21,False,rank_one_fundxantifund:-1,rank_one_fundxantifund,-1,3,5,True,[2],4,factor0:no_nonabelian_residual;factor1:residual2:transition_leaks4,False,True,True,3,0,,False,,,False,False,False,False,True,False,False
carrier_08678,2|3,adjointxsinglet:-2 + adjointxsinglet:0 + rank_one_fundxantifund:1 + rank_one_fundxfund:-1 + sym2xsinglet:2,5|21|3|2,5,21,False,rank_one_fundxantifund:1,rank_one_fundxantifund,1,3,5,True,[2],4,factor0:no_nonabelian_residual;factor1:residual2:transition_leaks4,False,True,True,3,0,,False,,,False,False,False,False,True,False,False
carrier_08680,2|3,adjointxsinglet:-2 + adjointxsinglet:0 + rank_one_fundxantifund:3 + rank_one_fundxfund:-3 + sym2xsinglet:2,5|21|3|2,5,21,False,rank_one_fundxantifund:3,rank_one_fundxantifund,3,3,5,True,[2],4,factor0:no_nonabelian_residual;factor1:residual2:transition_leaks4,False,True,True,3,0,,False,,,False,False,False,False,True,False,False
carrier_08699,2|3,adjointxsinglet:-2 + adjointxsinglet:0 + singletxantifund:0 + singletxfund:0 + sym2xsinglet:2,5|15|3|2,5,15,False,adjointxsinglet:-2,adjointxsinglet,-2,2,5,True,[3],0,factor0:no_nonabelian_residual;factor1:untouched3,False,True,True,3,0,,False,,,False,False,False,False,True,False,False
carrier_08710,2|3,adjointxsinglet:-2 + adjointxsinglet:0 + singletxantisym2:0 + singletxfund:0 + sym2xsinglet:2,5|15|3|2,5,15,False,adjointxsinglet:-2,adjointxsinglet,-2,2,5,True,[3],0,factor0:no_nonabelian_residual;factor1:untouched3,False,True,True,3,0,,False,,,False,False,False,False,True,False,False
carrier_08730,2|3,adjointxsinglet:-2 + rank_one_fundxantifund:-3 + rank_one_fundxfund:3 + sym2xsinglet:0 + sym2xsinglet:2,5|21|3|2,5,21,False,adjointxsinglet:-2,adjointxsinglet,-2,2,5,True,[3],0,factor0:no_nonabelian_residual;factor1:untouched3,False,True,True,3,0,,False,,,False,False,False,False,True,False,False
carrier_08732,2|3,adjointxsinglet:-2 + rank_one_fundxantifund:-1 + rank_one_fundxfund:1 + sym2xsinglet:0 + sym2xsinglet:2,5|21|3|2,5,21,False,adjointxsinglet:-2,adjointxsinglet,-2,2,5,True,[3],0,factor0:no_nonabelian_residual;factor1:untouched3,False,True,True,3,0,,False,,,False,False,False,False,True,False,False
carrier_08734,2|3,adjointxsinglet:-2 + rank_one_fundxantifund:1 + rank_one_fundxfund:-1 + sym2xsinglet:0 + sym2xsinglet:2,5|21|3|2,5,21,False,adjointxsinglet:-2,adjointxsinglet,-2,2,5,True,[3],0,factor0:no_nonabelian_residual;factor1:untouched3,False,True,True,3,0,,False,,,False,False,False,False,True,False,False
carrier_08736,2|3,adjointxsinglet:-2 + rank_one_fundxantifund:3 + rank_one_fundxfund:-3 + sym2xsinglet:0 + sym2xsinglet:2,5|21|3|2,5,21,False,adjointxsinglet:-2,adjointxsinglet,-2,2,5,True,[3],0,factor0:no_nonabelian_residual;factor1:untouched3,False,True,True,3,0,,False,,,False,False,False,False,True,False,False
carrier_08755,2|3,adjointxsinglet:-2 + singletxantifund:0 + singletxfund:0 + sym2xsinglet:0 + sym2xsinglet:2,5|15|3|2,5,15,False,adjointxsinglet:-2,adjointxsinglet,-2,2,5,True,[3],0,factor0:no_nonabelian_residual;factor1:untouched3,False,True,True,3,0,,False,,,False,False,False,False,True,False,False
carrier_08766,2|3,adjointxsinglet:-2 + singletxantisym2:0 + singletxfund:0 + sym2xsinglet:0 + sym2xsinglet:2,5|15|3|2,5,15,False,adjointxsinglet:-2,adjointxsinglet,-2,2,5,True,[3],0,factor0:no_nonabelian_residual;factor1:untouched3,False,True,True,3,0,,False,,,False,False,False,False,True,False,False
carrier_08786,2|3,adjointxsinglet:-1 + adjointxsinglet:0 + rank_one_fundxantifund:-3 + rank_one_fundxfund:3 + sym2xsinglet:1,5|21|3|2,5,21,False,rank_one_fundxantifund:-3,rank_one_fundxantifund,-3,3,5,True,[2],4,factor0:no_nonabelian_residual;factor1:residual2:transition_leaks4,False,True,True,3,0,,False,,,False,False,False,False,True,False,False
carrier_08788,2|3,adjointxsinglet:-1 + adjointxsinglet:0 + rank_one_fundxantifund:-1 + rank_one_fundxfund:1 + sym2xsinglet:1,5|21|3|2,5,21,False,rank_one_fundxantifund:-1,rank_one_fundxantifund,-1,3,5,True,[2],4,factor0:no_nonabelian_residual;factor1:residual2:transition_leaks4,False,True,True,3,0,,False,,,False,False,False,False,True,False,False
carrier_08790,2|3,adjointxsinglet:-1 + adjointxsinglet:0 + rank_one_fundxantifund:1 + rank_one_fundxfund:-1 + sym2xsinglet:1,5|21|3|2,5,21,False,rank_one_fundxantifund:1,rank_one_fundxantifund,1,3,5,True,[2],4,factor0:no_nonabelian_residual;factor1:residual2:transition_leaks4,False,True,True,3,0,,False,,,False,False,False,False,True,False,False
carrier_08792,2|3,adjointxsinglet:-1 + adjointxsinglet:0 + rank_one_fundxantifund:3 + rank_one_fundxfund:-3 + sym2xsinglet:1,5|21|3|2,5,21,False,rank_one_fundxantifund:3,rank_one_fundxantifund,3,3,5,True,[2],4,factor0:no_nonabelian_residual;factor1:residual2:transition_leaks4,False,True,True,3,0,,False,,,False,False,False,False,True,False,False
carrier_08811,2|3,adjointxsinglet:-1 + adjointxsinglet:0 + singletxantifund:0 + singletxfund:0 + sym2xsinglet:1,5|15|3|2,5,15,False,adjointxsinglet:-1,adjointxsinglet,-1,2,5,True,[3],0,factor0:no_nonabelian_residual;factor1:untouched3,False,True,True,3,0,,False,,,False,False,False,False,True,False,False
carrier_08822,2|3,adjointxsinglet:-1 + adjointxsinglet:0 + singletxantisym2:0 + singletxfund:0 + sym2xsinglet:1,5|15|3|2,5,15,False,adjointxsinglet:-1,adjointxsinglet,-1,2,5,True,[3],0,factor0:no_nonabelian_residual;factor1:untouched3,False,True,True,3,0,,False,,,False,False,False,False,True,False,False
carrier_08842,2|3,adjointxsinglet:-1 + rank_one_fundxantifund:-3 + rank_one_fundxfund:3 + sym2xsinglet:0 + sym2xsinglet:1,5|21|3|2,5,21,False,adjointxsinglet:-1,adjointxsinglet,-1,2,5,True,[3],0,factor0:no_nonabelian_residual;factor1:untouched3,False,True,True,3,0,,False,,,False,False,False,False,True,False,False
carrier_08844,2|3,adjointxsinglet:-1 + rank_one_fundxantifund:-1 + rank_one_fundxfund:1 + sym2xsinglet:0 + sym2xsinglet:1,5|21|3|2,5,21,False,adjointxsinglet:-1,adjointxsinglet,-1,2,5,True,[3],0,factor0:no_nonabelian_residual;factor1:untouched3,False,True,True,3,0,,False,,,False,False,False,False,True,False,False
carrier_08846,2|3,adjointxsinglet:-1 + rank_one_fundxantifund:1 + rank_one_fundxfund:-1 + sym2xsinglet:0 + sym2xsinglet:1,5|21|3|2,5,21,False,adjointxsinglet:-1,adjointxsinglet,-1,2,5,True,[3],0,factor0:no_nonabelian_residual;factor1:untouched3,False,True,True,3,0,,False,,,False,False,False,False,True,False,False
carrier_08848,2|3,adjointxsinglet:-1 + rank_one_fundxantifund:3 + rank_one_fundxfund:-3 + sym2xsinglet:0 + sym2xsinglet:1,5|21|3|2,5,21,False,adjointxsinglet:-1,adjointxsinglet,-1,2,5,True,[3],0,factor0:no_nonabelian_residual;factor1:untouched3,False,True,True,3,0,,False,,,False,False,False,False,True,False,False
carrier_08867,2|3,adjointxsinglet:-1 + singletxantifund:0 + singletxfund:0 + sym2xsinglet:0 + sym2xsinglet:1,5|15|3|2,5,15,False,adjointxsinglet:-1,adjointxsinglet,-1,2,5,True,[3],0,factor0:no_nonabelian_residual;factor1:untouched3,False,True,True,3,0,,False,,,False,False,False,False,True,False,False
carrier_08878,2|3,adjointxsinglet:-1 + singletxantisym2:0 + singletxfund:0 + sym2xsinglet:0 + sym2xsinglet:1,5|15|3|2,5,15,False,adjointxsinglet:-1,adjointxsinglet,-1,2,5,True,[3],0,factor0:no_nonabelian_residual;factor1:untouched3,False,True,True,3,0,,False,,,False,False,False,False,True,False,False
carrier_08894,2|3,adjointxsinglet:0 + adjointxsinglet:1 + rank_one_fundxantifund:-3 + rank_one_fundxfund:3 + sym2xsinglet:-1,5|21|3|2,5,21,False,rank_one_fundxantifund:-3,rank_one_fundxantifund,-3,3,5,True,[2],4,factor0:no_nonabelian_residual;factor1:residual2:transition_leaks4,False,True,True,3,0,,False,,,False,False,False,False,True,False,False
carrier_08896,2|3,adjointxsinglet:0 + adjointxsinglet:1 + rank_one_fundxantifund:-1 + rank_one_fundxfund:1 + sym2xsinglet:-1,5|21|3|2,5,21,False,rank_one_fundxantifund:-1,rank_one_fundxantifund,-1,3,5,True,[2],4,factor0:no_nonabelian_residual;factor1:residual2:transition_leaks4,False,True,True,3,0,,False,,,False,False,False,False,True,False,False
carrier_08898,2|3,adjointxsinglet:0 + adjointxsinglet:1 + rank_one_fundxantifund:1 + rank_one_fundxfund:-1 + sym2xsinglet:-1,5|21|3|2,5,21,False,rank_one_fundxantifund:1,rank_one_fundxantifund,1,3,5,True,[2],4,factor0:no_nonabelian_residual;factor1:residual2:transition_leaks4,False,True,True,3,0,,False,,,False,False,False,False,True,False,False
carrier_08900,2|3,adjointxsinglet:0 + adjointxsinglet:1 + rank_one_fundxantifund:3 + rank_one_fundxfund:-3 + sym2xsinglet:-1,5|21|3|2,5,21,False,rank_one_fundxantifund:3,rank_one_fundxantifund,3,3,5,True,[2],4,factor0:no_nonabelian_residual;factor1:residual2:transition_leaks4,False,True,True,3,0,,False,,,False,False,False,False,True,False,False
carrier_08919,2|3,adjointxsinglet:0 + adjointxsinglet:1 + singletxantifund:0 + singletxfund:0 + sym2xsinglet:-1,5|15|3|2,5,15,False,adjointxsinglet:-1,adjointxsinglet,-1,2,5,True,[3],0,factor0:no_nonabelian_residual;factor1:untouched3,False,True,True,3,0,,False,,,False,False,False,False,True,False,False
carrier_08930,2|3,adjointxsinglet:0 + adjointxsinglet:1 + singletxantisym2:0 + singletxfund:0 + sym2xsinglet:-1,5|15|3|2,5,15,False,adjointxsinglet:-1,adjointxsinglet,-1,2,5,True,[3],0,factor0:no_nonabelian_residual;factor1:untouched3,False,True,True,3,0,,False,,,False,False,False,False,True,False,False
carrier_08945,2|3,adjointxsinglet:0 + adjointxsinglet:2 + rank_one_fundxantifund:-3 + rank_one_fundxfund:3 + sym2xsinglet:-2,5|21|3|2,5,21,False,rank_one_fundxantifund:-3,rank_one_fundxantifund,-3,3,5,True,[2],4,factor0:no_nonabelian_residual;factor1:residual2:transition_leaks4,False,True,True,3,0,,False,,,False,False,False,False,True,False,False
carrier_08947,2|3,adjointxsinglet:0 + adjointxsinglet:2 + rank_one_fundxantifund:-1 + rank_one_fundxfund:1 + sym2xsinglet:-2,5|21|3|2,5,21,False,rank_one_fundxantifund:-1,rank_one_fundxantifund,-1,3,5,True,[2],4,factor0:no_nonabelian_residual;factor1:residual2:transition_leaks4,False,True,True,3,0,,False,,,False,False,False,False,True,False,False
carrier_08949,2|3,adjointxsinglet:0 + adjointxsinglet:2 + rank_one_fundxantifund:1 + rank_one_fundxfund:-1 + sym2xsinglet:-2,5|21|3|2,5,21,False,rank_one_fundxantifund:1,rank_one_fundxantifund,1,3,5,True,[2],4,factor0:no_nonabelian_residual;factor1:residual2:transition_leaks4,False,True,True,3,0,,False,,,False,False,False,False,True,False,False
carrier_08951,2|3,adjointxsinglet:0 + adjointxsinglet:2 + rank_one_fundxantifund:3 + rank_one_fundxfund:-3 + sym2xsinglet:-2,5|21|3|2,5,21,False,rank_one_fundxantifund:3,rank_one_fundxantifund,3,3,5,True,[2],4,factor0:no_nonabelian_residual;factor1:residual2:transition_leaks4,False,True,True,3,0,,False,,,False,False,False,False,True,False,False
carrier_08970,2|3,adjointxsinglet:0 + adjointxsinglet:2 + singletxantifund:0 + singletxfund:0 + sym2xsinglet:-2,5|15|3|2,5,15,False,adjointxsinglet:-2,adjointxsinglet,-2,2,5,True,[3],0,factor0:no_nonabelian_residual;factor1:untouched3,False,True,True,3,0,,False,,,False,False,False,False,True,False,False
carrier_08981,2|3,adjointxsinglet:0 + adjointxsinglet:2 + singletxantisym2:0 + singletxfund:0 + sym2xsinglet:-2,5|15|3|2,5,15,False,adjointxsinglet:-2,adjointxsinglet,-2,2,5,True,[3],0,factor0:no_nonabelian_residual;factor1:untouched3,False,True,True,3,0,,False,,,False,False,False,False,True,False,False
carrier_08995,2|3,adjointxsinglet:0 + adjointxsinglet:3 + rank_one_fundxantifund:-3 + rank_one_fundxfund:3 + sym2xsinglet:-3,5|21|3|2,5,21,False,rank_one_fundxantifund:-3,rank_one_fundxantifund,-3,3,5,True,[2],4,factor0:no_nonabelian_residual;factor1:residual2:transition_leaks4,False,True,True,3,0,,False,,,False,False,False,False,True,False,False
carrier_08997,2|3,adjointxsinglet:0 + adjointxsinglet:3 + rank_one_fundxantifund:-1 + rank_one_fundxfund:1 + sym2xsinglet:-3,5|21|3|2,5,21,False,rank_one_fundxantifund:-1,rank_one_fundxantifund,-1,3,5,True,[2],4,factor0:no_nonabelian_residual;factor1:residual2:transition_leaks4,False,True,True,3,0,,False,,,False,False,False,False,True,False,False
carrier_08999,2|3,adjointxsinglet:0 + adjointxsinglet:3 + rank_one_fundxantifund:1 + rank_one_fundxfund:-1 + sym2xsinglet:-3,5|21|3|2,5,21,False,rank_one_fundxantifund:1,rank_one_fundxantifund,1,3,5,True,[2],4,factor0:no_nonabelian_residual;factor1:residual2:transition_leaks4,False,True,True,3,0,,False,,,False,False,False,False,True,False,False
carrier_09001,2|3,adjointxsinglet:0 + adjointxsinglet:3 + rank_one_fundxantifund:3 + rank_one_fundxfund:-3 + sym2xsinglet:-3,5|21|3|2,5,21,False,rank_one_fundxantifund:3,rank_one_fundxantifund,3,3,5,True,[2],4,factor0:no_nonabelian_residual;factor1:residual2:transition_leaks4,False,True,True,3,0,,False,,,False,False,False,False,True,False,False
carrier_09020,2|3,adjointxsinglet:0 + adjointxsinglet:3 + singletxantifund:0 + singletxfund:0 + sym2xsinglet:-3,5|15|3|2,5,15,False,adjointxsinglet:-3,adjointxsinglet,-3,2,5,True,[3],0,factor0:no_nonabelian_residual;factor1:untouched3,False,True,True,3,0,,False,,,False,False,False,False,True,False,False
carrier_09031,2|3,adjointxsinglet:0 + adjointxsinglet:3 + singletxantisym2:0 + singletxfund:0 + sym2xsinglet:-3,5|15|3|2,5,15,False,adjointxsinglet:-3,adjointxsinglet,-3,2,5,True,[3],0,factor0:no_nonabelian_residual;factor1:untouched3,False,True,True,3,0,,False,,,False,False,False,False,True,False,False
carrier_09044,2|3,adjointxsinglet:0 + adjointxsinglet:4 + rank_one_fundxantifund:-3 + rank_one_fundxfund:3 + sym2xsinglet:-4,5|21|3|2,5,21,False,rank_one_fundxantifund:-3,rank_one_fundxantifund,-3,3,5,True,[2],4,factor0:no_nonabelian_residual;factor1:residual2:transition_leaks4,False,True,True,3,0,,False,,,False,False,False,False,True,False,False
carrier_09046,2|3,adjointxsinglet:0 + adjointxsinglet:4 + rank_one_fundxantifund:-1 + rank_one_fundxfund:1 + sym2xsinglet:-4,5|21|3|2,5,21,False,rank_one_fundxantifund:-1,rank_one_fundxantifund,-1,3,5,True,[2],4,factor0:no_nonabelian_residual;factor1:residual2:transition_leaks4,False,True,True,3,0,,False,,,False,False,False,False,True,False,False
carrier_09048,2|3,adjointxsinglet:0 + adjointxsinglet:4 + rank_one_fundxantifund:1 + rank_one_fundxfund:-1 + sym2xsinglet:-4,5|21|3|2,5,21,False,rank_one_fundxantifund:1,rank_one_fundxantifund,1,3,5,True,[2],4,factor0:no_nonabelian_residual;factor1:residual2:transition_leaks4,False,True,True,3,0,,False,,,False,False,False,False,True,False,False
carrier_09050,2|3,adjointxsinglet:0 + adjointxsinglet:4 + rank_one_fundxantifund:3 + rank_one_fundxfund:-3 + sym2xsinglet:-4,5|21|3|2,5,21,False,rank_one_fundxantifund:3,rank_one_fundxantifund,3,3,5,True,[2],4,factor0:no_nonabelian_residual;factor1:residual2:transition_leaks4,False,True,True,3,0,,False,,,False,False,False,False,True,False,False
carrier_09069,2|3,adjointxsinglet:0 + adjointxsinglet:4 + singletxantifund:0 + singletxfund:0 + sym2xsinglet:-4,5|15|3|2,5,15,False,adjointxsinglet:-4,adjointxsinglet,-4,2,5,True,[3],0,factor0:no_nonabelian_residual;factor1:untouched3,False,True,True,3,0,,False,,,False,False,False,False,True,False,False
carrier_09080,2|3,adjointxsinglet:0 + adjointxsinglet:4 + singletxantisym2:0 + singletxfund:0 + sym2xsinglet:-4,5|15|3|2,5,15,False,adjointxsinglet:-4,adjointxsinglet,-4,2,5,True,[3],0,factor0:no_nonabelian_residual;factor1:untouched3,False,True,True,3,0,,False,,,False,False,False,False,True,False,False
carrier_09092,2|3,adjointxsinglet:0 + adjointxsinglet:6 + rank_one_fundxantifund:-3 + rank_one_fundxfund:3 + sym2xsinglet:-6,5|21|3|2,5,21,False,rank_one_fundxantifund:-3,rank_one_fundxantifund,-3,3,5,True,[2],4,factor0:no_nonabelian_residual;factor1:residual2:transition_leaks4,False,True,True,3,0,,False,,,False,False,False,False,True,False,False
carrier_09094,2|3,adjointxsinglet:0 + adjointxsinglet:6 + rank_one_fundxantifund:-1 + rank_one_fundxfund:1 + sym2xsinglet:-6,5|21|3|2,5,21,False,rank_one_fundxantifund:-1,rank_one_fundxantifund,-1,3,5,True,[2],4,factor0:no_nonabelian_residual;factor1:residual2:transition_leaks4,False,True,True,3,0,,False,,,False,False,False,False,True,False,False
carrier_09096,2|3,adjointxsinglet:0 + adjointxsinglet:6 + rank_one_fundxantifund:1 + rank_one_fundxfund:-1 + sym2xsinglet:-6,5|21|3|2,5,21,False,rank_one_fundxantifund:1,rank_one_fundxantifund,1,3,5,True,[2],4,factor0:no_nonabelian_residual;factor1:residual2:transition_leaks4,False,True,True,3,0,,False,,,False,False,False,False,True,False,False
carrier_09098,2|3,adjointxsinglet:0 + adjointxsinglet:6 + rank_one_fundxantifund:3 + rank_one_fundxfund:-3 + sym2xsinglet:-6,5|21|3|2,5,21,False,rank_one_fundxantifund:3,rank_one_fundxantifund,3,3,5,True,[2],4,factor0:no_nonabelian_residual;factor1:residual2:transition_leaks4,False,True,True,3,0,,False,,,False,False,False,False,True,False,False
carrier_09117,2|3,adjointxsinglet:0 + adjointxsinglet:6 + singletxantifund:0 + singletxfund:0 + sym2xsinglet:-6,5|15|3|2,5,15,False,adjointxsinglet:-6,adjointxsinglet,-6,2,5,True,[3],0,factor0:no_nonabelian_residual;factor1:untouched3,False,True,True,3,0,,False,,,False,False,False,False,True,False,False
carrier_09128,2|3,adjointxsinglet:0 + adjointxsinglet:6 + singletxantisym2:0 + singletxfund:0 + sym2xsinglet:-6,5|15|3|2,5,15,False,adjointxsinglet:-6,adjointxsinglet,-6,2,5,True,[3],0,factor0:no_nonabelian_residual;factor1:untouched3,False,True,True,3,0,,False,,,False,False,False,False,True,False,False
carrier_09139,2|3,adjointxsinglet:0 + rank_one_fundxantifund:-6 + rank_one_fundxantifund:6 + rank_one_fundxfund:-3 + rank_one_fundxfund:3,5|27|3|2,5,27,False,adjointxsinglet:-3,adjointxsinglet,-3,4,5,True,[3],0,factor0:no_nonabelian_residual;factor1:untouched3,False,True,True,4,0,,False,,,False,False,False,False,True,False,False
carrier_09141,2|3,adjointxsinglet:0 + rank_one_fundxantifund:-6 + rank_one_fundxantifund:6 + rank_one_fundxfund:-1 + rank_one_fundxfund:1,5|27|3|2,5,27,False,singletxantifund:0,singletxantifund,0,4,5,False,"[2, 2]",4,factor0:untouched2;factor1:residual2:transition_leaks4,False,True,True,2,0,,False,,,False,False,False,False,True,False,False
carrier_09142,2|3,adjointxsinglet:0 + rank_one_fundxantifund:-6 + rank_one_fundxantifund:6 + rank_one_fundxfund:0 + rank_one_fundxfund:0,5|27|3|2,5,27,False,adjointxsinglet:-6,adjointxsinglet,-6,4,5,True,[3],0,factor0:no_nonabelian_residual;factor1:untouched3,False,True,True,2,0,,False,,,False,False,False,False,True,False,False
carrier_09144,2|3,adjointxsinglet:0 + rank_one_fundxantifund:-4 + rank_one_fundxantifund:4 + rank_one_fundxfund:-3 + rank_one_fundxfund:3,5|27|3|2,5,27,False,adjointxsinglet:-1,adjointxsinglet,-1,4,5,True,[3],0,factor0:no_nonabelian_residual;factor1:untouched3,False,True,True,4,0,,False,,,False,False,False,False,True,False,False
carrier_09145,2|3,adjointxsinglet:0 + rank_one_fundxantifund:-4 + rank_one_fundxantifund:4 + rank_one_fundxfund:-2 + rank_one_fundxfund:2,5|27|3|2,5,27,False,adjointxsinglet:-2,adjointxsinglet,-2,4,5,True,[3],0,factor0:no_nonabelian_residual;factor1:untouched3,False,True,True,2,0,,False,,,False,False,False,False,True,False,False
carrier_09146,2|3,adjointxsinglet:0 + rank_one_fundxantifund:-4 + rank_one_fundxantifund:4 + rank_one_fundxfund:-1 + rank_one_fundxfund:1,5|27|3|2,5,27,False,adjointxsinglet:-3,adjointxsinglet,-3,4,5,True,[3],0,factor0:no_nonabelian_residual;factor1:untouched3,False,True,True,2,0,,False,,,False,False,False,False,True,False,False
carrier_09148,2|3,adjointxsinglet:0 + rank_one_fundxantifund:-3 + rank_one_fundxantifund:3 + rank_one_fundxfund:-6 + rank_one_fundxfund:6,5|27|3|2,5,27,False,adjointxsinglet:-3,adjointxsinglet,-3,4,5,True,[3],0,factor0:no_nonabelian_residual;factor1:untouched3,False,True,True,4,0,,False,,,False,False,False,False,True,False,False
carrier_09149,2|3,adjointxsinglet:0 + rank_one_fundxantifund:-3 + rank_one_fundxantifund:3 + rank_one_fundxfund:-4 + rank_one_fundxfund:4,5|27|3|2,5,27,False,adjointxsinglet:-1,adjointxsinglet,-1,4,5,True,[3],0,factor0:no_nonabelian_residual;factor1:untouched3,False,True,True,4,0,,False,,,False,False,False,False,True,False,False
carrier_09150,2|3,adjointxsinglet:0 + rank_one_fundxantifund:-3 + rank_one_fundxantifund:3 + rank_one_fundxfund:-2 + rank_one_fundxfund:2,5|27|3|2,5,27,False,adjointxsinglet:-1,adjointxsinglet,-1,4,5,True,[3],0,factor0:no_nonabelian_residual;factor1:untouched3,False,True,True,4,0,,False,,,False,False,False,False,True,False,False
carrier_09151,2|3,adjointxsinglet:0 + rank_one_fundxantifund:-3 + rank_one_fundxantifund:3 + rank_one_fundxfund:-1 + rank_one_fundxfund:1,5|27|3|2,5,27,False,adjointxsinglet:-2,adjointxsinglet,-2,4,5,True,[3],0,factor0:no_nonabelian_residual;factor1:untouched3,False,True,True,6,0,,False,,,False,False,False,False,True,False,False
carrier_09152,2|3,adjointxsinglet:0 + rank_one_fundxantifund:-3 + rank_one_fundxantifund:3 + rank_one_fundxfund:0 + rank_one_fundxfund:0,5|27|3|2,5,27,False,adjointxsinglet:-3,adjointxsinglet,-3,4,5,True,[3],0,factor0:no_nonabelian_residual;factor1:untouched3,False,True,True,4,0,,False,,,False,False,False,False,True,False,False
carrier_09154,2|3,adjointxsinglet:0 + rank_one_fundxantifund:-2 + rank_one_fundxantifund:2 + rank_one_fundxfund:-4 + rank_one_fundxfund:4,5|27|3|2,5,27,False,adjointxsinglet:-2,adjointxsinglet,-2,4,5,True,[3],0,factor0:no_nonabelian_residual;factor1:untouched3,False,True,True,2,0,,False,,,False,False,False,False,True,False,False
carrier_09155,2|3,adjointxsinglet:0 + rank_one_fundxantifund:-2 + rank_one_fundxantifund:2 + rank_one_fundxfund:-3 + rank_one_fundxfund:3,5|27|3|2,5,27,False,adjointxsinglet:-1,adjointxsinglet,-1,4,5,True,[3],0,factor0:no_nonabelian_residual;factor1:untouched3,False,True,True,4,0,,False,,,False,False,False,False,True,False,False
carrier_09156,2|3,adjointxsinglet:0 + rank_one_fundxantifund:-2 + rank_one_fundxantifund:2 + rank_one_fundxfund:-1 + rank_one_fundxfund:1,5|27|3|2,5,27,False,adjointxsinglet:-1,adjointxsinglet,-1,4,5,True,[3],0,factor0:no_nonabelian_residual;factor1:untouched3,False,True,True,2,0,,False,,,False,False,False,False,True,False,False
carrier_09158,2|3,adjointxsinglet:0 + rank_one_fundxantifund:-1 + rank_one_fundxantifund:1 + rank_one_fundxfund:-6 + rank_one_fundxfund:6,5|27|3|2,5,27,False,singletxantifund:0,singletxantifund,0,4,5,False,"[2, 2]",4,factor0:untouched2;factor1:residual2:transition_leaks4,False,True,True,2,0,,False,,,False,False,False,False,True,False,False
carrier_09159,2|3,adjointxsinglet:0 + rank_one_fundxantifund:-1 + rank_one_fundxantifund:1 + rank_one_fundxfund:-4 + rank_one_fundxfund:4,5|27|3|2,5,27,False,adjointxsinglet:-3,adjointxsinglet,-3,4,5,True,[3],0,factor0:no_nonabelian_residual;factor1:untouched3,False,True,True,2,0,,False,,,False,False,False,False,True,False,False
carrier_09160,2|3,adjointxsinglet:0 + rank_one_fundxantifund:-1 + rank_one_fundxantifund:1 + rank_one_fundxfund:-3 + rank_one_fundxfund:3,5|27|3|2,5,27,False,adjointxsinglet:-2,adjointxsinglet,-2,4,5,True,[3],0,factor0:no_nonabelian_residual;factor1:untouched3,False,True,True,6,0,,False,,,False,False,False,False,True,False,False
carrier_09161,2|3,adjointxsinglet:0 + rank_one_fundxantifund:-1 + rank_one_fundxantifund:1 + rank_one_fundxfund:-2 + rank_one_fundxfund:2,5|27|3|2,5,27,False,adjointxsinglet:-1,adjointxsinglet,-1,4,5,True,[3],0,factor0:no_nonabelian_residual;factor1:untouched3,False,True,True,2,0,,False,,,False,False,False,False,True,False,False
carrier_09162,2|3,adjointxsinglet:0 + rank_one_fundxantifund:-1 + rank_one_fundxantifund:1 + rank_one_fundxfund:0 + rank_one_fundxfund:0,5|27|3|2,5,27,False,adjointxsinglet:-1,adjointxsinglet,-1,4,5,True,[3],0,factor0:no_nonabelian_residual;factor1:untouched3,False,True,True,2,0,,False,,,False,False,False,False,True,False,False
carrier_09163,2|3,adjointxsinglet:0 + rank_one_fundxantifund:0 + rank_one_fundxantifund:0 + rank_one_fundxfund:-6 + rank_one_fundxfund:6,5|27|3|2,5,27,False,adjointxsinglet:-6,adjointxsinglet,-6,4,5,True,[3],0,factor0:no_nonabelian_residual;factor1:untouched3,False,True,True,2,0,,False,,,False,False,False,False,True,False,False
carrier_09165,2|3,adjointxsinglet:0 + rank_one_fundxantifund:0 + rank_one_fundxantifund:0 + rank_one_fundxfund:-3 + rank_one_fundxfund:3,5|27|3|2,5,27,False,adjointxsinglet:-3,adjointxsinglet,-3,4,5,True,[3],0,factor0:no_nonabelian_residual;factor1:untouched3,False,True,True,4,0,,False,,,False,False,False,False,True,False,False
carrier_09167,2|3,adjointxsinglet:0 + rank_one_fundxantifund:0 + rank_one_fundxantifund:0 + rank_one_fundxfund:-1 + rank_one_fundxfund:1,5|27|3|2,5,27,False,adjointxsinglet:-1,adjointxsinglet,-1,4,5,True,[3],0,factor0:no_nonabelian_residual;factor1:untouched3,False,True,True,2,0,,False,,,False,False,False,False,True,False,False
carrier_09170,2|3,adjointxsinglet:0 + rank_one_fundxantifund:0 + rank_one_fundxsinglet:0 + singletxfund:-3 + singletxfund:3,5|17|3|2,5,17,False,singletxantifund:0,singletxantifund,0,4,5,False,"[2, 2]",4,factor0:untouched2;factor1:residual2:transition_leaks4,False,True,True,2,0,,False,,,False,False,False,False,True,False,False
carrier_09177,2|3,adjointxsinglet:0 + rank_one_fundxfund:0 + rank_one_fundxsinglet:0 + singletxantifund:-3 + singletxantifund:3,5|17|3|2,5,17,False,singletxantifund:0,singletxantifund,0,4,5,False,"[2, 2]",4,factor0:untouched2;factor1:residual2:transition_leaks4,False,True,True,2,0,,False,,,False,False,False,False,True,False,False
carrier_09178,2|3,adjointxsinglet:0 + rank_one_fundxfund:0 + rank_one_fundxsinglet:0 + singletxantifund:-3 + singletxantisym2:3,5|17|3|2,5,17,False,singletxantifund:0,singletxantifund,0,4,5,False,"[2, 2]",4,factor0:untouched2;factor1:residual2:transition_leaks4,False,True,False,2,1,dual_line:antifund|antisym2,False,,,False,False,False,False,True,False,False
carrier_09183,2|3,adjointxsinglet:0 + rank_one_fundxfund:0 + rank_one_fundxsinglet:0 + singletxantifund:0 + singletxantisym2:0,5|17|3|2,5,17,False,rank_one_fundxsinglet:0,rank_one_fundxsinglet,0,5,5,False,[3],0,factor0:no_nonabelian_residual;factor1:untouched3,False,True,False,4,1,dual_line:antifund|antisym2,False,,,False,False,False,False,True,False,False
carrier_09186,2|3,adjointxsinglet:0 + rank_one_fundxfund:0 + rank_one_fundxsinglet:0 + singletxantifund:3 + singletxantisym2:-3,5|17|3|2,5,17,False,singletxantifund:0,singletxantifund,0,4,5,False,"[2, 2]",4,factor0:untouched2;factor1:residual2:transition_leaks4,False,True,False,2,1,dual_line:antifund|antisym2,False,,,False,False,False,False,True,False,False
carrier_09191,2|3,adjointxsinglet:0 + rank_one_fundxfund:0 + rank_one_fundxsinglet:0 + singletxantisym2:-3 + singletxantisym2:3,5|17|3|2,5,17,False,rank_one_fundxsinglet:-3,rank_one_fundxsinglet,-3,2,5,True,[3],0,factor0:no_nonabelian_residual;factor1:untouched3,False,True,True,2,0,,False,,,False,False,False,False,True,False,False
carrier_09234,2|3,adjointxsinglet:0 + singletxantifund:0 + singletxantisym2:0 + singletxfund:-6 + singletxfund:6,5|15|3|2,5,15,False,singletxsinglet:-6,singletxsinglet,-6,4,5,False,"[2, 3]",0,factor0:untouched2;factor1:untouched3,False,True,False,4,1,dual_line:antifund|antisym2,False,,,False,False,False,False,True,False,False
carrier_09235,2|3,adjointxsinglet:0 + singletxantifund:0 + singletxantisym2:0 + singletxfund:-4 + singletxfund:4,5|15|3|2,5,15,False,singletxsinglet:-4,singletxsinglet,-4,4,5,False,"[2, 3]",0,factor0:untouched2;factor1:untouched3,False,True,False,4,1,dual_line:antifund|antisym2,False,,,False,False,False,False,True,False,False
carrier_09236,2|3,adjointxsinglet:0 + singletxantifund:0 + singletxantisym2:0 + singletxfund:-3 + singletxfund:3,5|15|3|2,5,15,False,singletxsinglet:-3,singletxsinglet,-3,4,5,False,"[2, 3]",0,factor0:untouched2;factor1:untouched3,False,True,False,4,1,dual_line:antifund|antisym2,False,,,False,False,False,False,True,False,False
carrier_09237,2|3,adjointxsinglet:0 + singletxantifund:0 + singletxantisym2:0 + singletxfund:-2 + singletxfund:2,5|15|3|2,5,15,False,singletxsinglet:-2,singletxsinglet,-2,4,5,False,"[2, 3]",0,factor0:untouched2;factor1:untouched3,False,True,False,4,1,dual_line:antifund|antisym2,False,,,False,False,False,False,True,False,False
carrier_09238,2|3,adjointxsinglet:0 + singletxantifund:0 + singletxantisym2:0 + singletxfund:-1 + singletxfund:1,5|15|3|2,5,15,False,singletxsinglet:-1,singletxsinglet,-1,4,5,False,"[2, 3]",0,factor0:untouched2;factor1:untouched3,False,True,False,4,1,dual_line:antifund|antisym2,False,,,False,False,False,False,True,False,False
carrier_09285,2|3,adjointxsinglet:1 + rank_one_fundxantifund:-3 + rank_one_fundxfund:3 + sym2xsinglet:-1 + sym2xsinglet:0,5|21|3|2,5,21,False,adjointxsinglet:-1,adjointxsinglet,-1,2,5,True,[3],0,factor0:no_nonabelian_residual;factor1:untouched3,False,True,True,3,0,,False,,,False,False,False,False,True,False,False
carrier_09287,2|3,adjointxsinglet:1 + rank_one_fundxantifund:-1 + rank_one_fundxfund:1 + sym2xsinglet:-1 + sym2xsinglet:0,5|21|3|2,5,21,False,adjointxsinglet:-1,adjointxsinglet,-1,2,5,True,[3],0,factor0:no_nonabelian_residual;factor1:untouched3,False,True,True,3,0,,False,,,False,False,False,False,True,False,False
carrier_09289,2|3,adjointxsinglet:1 + rank_one_fundxantifund:1 + rank_one_fundxfund:-1 + sym2xsinglet:-1 + sym2xsinglet:0,5|21|3|2,5,21,False,adjointxsinglet:-1,adjointxsinglet,-1,2,5,True,[3],0,factor0:no_nonabelian_residual;factor1:untouched3,False,True,True,3,0,,False,,,False,False,False,False,True,False,False
carrier_09291,2|3,adjointxsinglet:1 + rank_one_fundxantifund:3 + rank_one_fundxfund:-3 + sym2xsinglet:-1 + sym2xsinglet:0,5|21|3|2,5,21,False,adjointxsinglet:-1,adjointxsinglet,-1,2,5,True,[3],0,factor0:no_nonabelian_residual;factor1:untouched3,False,True,True,3,0,,False,,,False,False,False,False,True,False,False
carrier_09310,2|3,adjointxsinglet:1 + singletxantifund:0 + singletxfund:0 + sym2xsinglet:-1 + sym2xsinglet:0,5|15|3|2,5,15,False,adjointxsinglet:-1,adjointxsinglet,-1,2,5,True,[3],0,factor0:no_nonabelian_residual;factor1:untouched3,False,True,True,3,0,,False,,,False,False,False,False,True,False,False
carrier_09321,2|3,adjointxsinglet:1 + singletxantisym2:0 + singletxfund:0 + sym2xsinglet:-1 + sym2xsinglet:0,5|15|3|2,5,15,False,adjointxsinglet:-1,adjointxsinglet,-1,2,5,True,[3],0,factor0:no_nonabelian_residual;factor1:untouched3,False,True,True,3,0,,False,,,False,False,False,False,True,False,False
carrier_09336,2|3,adjointxsinglet:2 + rank_one_fundxantifund:-3 + rank_one_fundxfund:3 + sym2xsinglet:-2 + sym2xsinglet:0,5|21|3|2,5,21,False,adjointxsinglet:-2,adjointxsinglet,-2,2,5,True,[3],0,factor0:no_nonabelian_residual;factor1:untouched3,False,True,True,3,0,,False,,,False,False,False,False,True,False,False
carrier_09338,2|3,adjointxsinglet:2 + rank_one_fundxantifund:-1 + rank_one_fundxfund:1 + sym2xsinglet:-2 + sym2xsinglet:0,5|21|3|2,5,21,False,adjointxsinglet:-2,adjointxsinglet,-2,2,5,True,[3],0,factor0:no_nonabelian_residual;factor1:untouched3,False,True,True,3,0,,False,,,False,False,False,False,True,False,False
carrier_09340,2|3,adjointxsinglet:2 + rank_one_fundxantifund:1 + rank_one_fundxfund:-1 + sym2xsinglet:-2 + sym2xsinglet:0,5|21|3|2,5,21,False,adjointxsinglet:-2,adjointxsinglet,-2,2,5,True,[3],0,factor0:no_nonabelian_residual;factor1:untouched3,False,True,True,3,0,,False,,,False,False,False,False,True,False,False
carrier_09342,2|3,adjointxsinglet:2 + rank_one_fundxantifund:3 + rank_one_fundxfund:-3 + sym2xsinglet:-2 + sym2xsinglet:0,5|21|3|2,5,21,False,adjointxsinglet:-2,adjointxsinglet,-2,2,5,True,[3],0,factor0:no_nonabelian_residual;factor1:untouched3,False,True,True,3,0,,False,,,False,False,False,False,True,False,False
carrier_09361,2|3,adjointxsinglet:2 + singletxantifund:0 + singletxfund:0 + sym2xsinglet:-2 + sym2xsinglet:0,5|15|3|2,5,15,False,adjointxsinglet:-2,adjointxsinglet,-2,2,5,True,[3],0,factor0:no_nonabelian_residual;factor1:untouched3,False,True,True,3,0,,False,,,False,False,False,False,True,False,False
carrier_09372,2|3,adjointxsinglet:2 + singletxantisym2:0 + singletxfund:0 + sym2xsinglet:-2 + sym2xsinglet:0,5|15|3|2,5,15,False,adjointxsinglet:-2,adjointxsinglet,-2,2,5,True,[3],0,factor0:no_nonabelian_residual;factor1:untouched3,False,True,True,3,0,,False,,,False,False,False,False,True,False,False
carrier_09386,2|3,adjointxsinglet:3 + rank_one_fundxantifund:-3 + rank_one_fundxfund:3 + sym2xsinglet:-3 + sym2xsinglet:0,5|21|3|2,5,21,False,adjointxsinglet:-3,adjointxsinglet,-3,2,5,True,[3],0,factor0:no_nonabelian_residual;factor1:untouched3,False,True,True,3,0,,False,,,False,False,False,False,True,False,False
carrier_09388,2|3,adjointxsinglet:3 + rank_one_fundxantifund:-1 + rank_one_fundxfund:1 + sym2xsinglet:-3 + sym2xsinglet:0,5|21|3|2,5,21,False,adjointxsinglet:-3,adjointxsinglet,-3,2,5,True,[3],0,factor0:no_nonabelian_residual;factor1:untouched3,False,True,True,3,0,,False,,,False,False,False,False,True,False,False
carrier_09390,2|3,adjointxsinglet:3 + rank_one_fundxantifund:1 + rank_one_fundxfund:-1 + sym2xsinglet:-3 + sym2xsinglet:0,5|21|3|2,5,21,False,adjointxsinglet:-3,adjointxsinglet,-3,2,5,True,[3],0,factor0:no_nonabelian_residual;factor1:untouched3,False,True,True,3,0,,False,,,False,False,False,False,True,False,False
carrier_09392,2|3,adjointxsinglet:3 + rank_one_fundxantifund:3 + rank_one_fundxfund:-3 + sym2xsinglet:-3 + sym2xsinglet:0,5|21|3|2,5,21,False,adjointxsinglet:-3,adjointxsinglet,-3,2,5,True,[3],0,factor0:no_nonabelian_residual;factor1:untouched3,False,True,True,3,0,,False,,,False,False,False,False,True,False,False
carrier_09411,2|3,adjointxsinglet:3 + singletxantifund:0 + singletxfund:0 + sym2xsinglet:-3 + sym2xsinglet:0,5|15|3|2,5,15,False,adjointxsinglet:-3,adjointxsinglet,-3,2,5,True,[3],0,factor0:no_nonabelian_residual;factor1:untouched3,False,True,True,3,0,,False,,,False,False,False,False,True,False,False
carrier_09422,2|3,adjointxsinglet:3 + singletxantisym2:0 + singletxfund:0 + sym2xsinglet:-3 + sym2xsinglet:0,5|15|3|2,5,15,False,adjointxsinglet:-3,adjointxsinglet,-3,2,5,True,[3],0,factor0:no_nonabelian_residual;factor1:untouched3,False,True,True,3,0,,False,,,False,False,False,False,True,False,False
carrier_09435,2|3,adjointxsinglet:4 + rank_one_fundxantifund:-3 + rank_one_fundxfund:3 + sym2xsinglet:-4 + sym2xsinglet:0,5|21|3|2,5,21,False,adjointxsinglet:-4,adjointxsinglet,-4,2,5,True,[3],0,factor0:no_nonabelian_residual;factor1:untouched3,False,True,True,3,0,,False,,,False,False,False,False,True,False,False
carrier_09437,2|3,adjointxsinglet:4 + rank_one_fundxantifund:-1 + rank_one_fundxfund:1 + sym2xsinglet:-4 + sym2xsinglet:0,5|21|3|2,5,21,False,adjointxsinglet:-4,adjointxsinglet,-4,2,5,True,[3],0,factor0:no_nonabelian_residual;factor1:untouched3,False,True,True,3,0,,False,,,False,False,False,False,True,False,False
carrier_09439,2|3,adjointxsinglet:4 + rank_one_fundxantifund:1 + rank_one_fundxfund:-1 + sym2xsinglet:-4 + sym2xsinglet:0,5|21|3|2,5,21,False,adjointxsinglet:-4,adjointxsinglet,-4,2,5,True,[3],0,factor0:no_nonabelian_residual;factor1:untouched3,False,True,True,3,0,,False,,,False,False,False,False,True,False,False
carrier_09441,2|3,adjointxsinglet:4 + rank_one_fundxantifund:3 + rank_one_fundxfund:-3 + sym2xsinglet:-4 + sym2xsinglet:0,5|21|3|2,5,21,False,adjointxsinglet:-4,adjointxsinglet,-4,2,5,True,[3],0,factor0:no_nonabelian_residual;factor1:untouched3,False,True,True,3,0,,False,,,False,False,False,False,True,False,False
carrier_09460,2|3,adjointxsinglet:4 + singletxantifund:0 + singletxfund:0 + sym2xsinglet:-4 + sym2xsinglet:0,5|15|3|2,5,15,False,adjointxsinglet:-4,adjointxsinglet,-4,2,5,True,[3],0,factor0:no_nonabelian_residual;factor1:untouched3,False,True,True,3,0,,False,,,False,False,False,False,True,False,False
carrier_09471,2|3,adjointxsinglet:4 + singletxantisym2:0 + singletxfund:0 + sym2xsinglet:-4 + sym2xsinglet:0,5|15|3|2,5,15,False,adjointxsinglet:-4,adjointxsinglet,-4,2,5,True,[3],0,factor0:no_nonabelian_residual;factor1:untouched3,False,True,True,3,0,,False,,,False,False,False,False,True,False,False
carrier_09483,2|3,adjointxsinglet:6 + rank_one_fundxantifund:-3 + rank_one_fundxfund:3 + sym2xsinglet:-6 + sym2xsinglet:0,5|21|3|2,5,21,False,adjointxsinglet:-6,adjointxsinglet,-6,2,5,True,[3],0,factor0:no_nonabelian_residual;factor1:untouched3,False,True,True,3,0,,False,,,False,False,False,False,True,False,False
carrier_09485,2|3,adjointxsinglet:6 + rank_one_fundxantifund:-1 + rank_one_fundxfund:1 + sym2xsinglet:-6 + sym2xsinglet:0,5|21|3|2,5,21,False,adjointxsinglet:-6,adjointxsinglet,-6,2,5,True,[3],0,factor0:no_nonabelian_residual;factor1:untouched3,False,True,True,3,0,,False,,,False,False,False,False,True,False,False
carrier_09487,2|3,adjointxsinglet:6 + rank_one_fundxantifund:1 + rank_one_fundxfund:-1 + sym2xsinglet:-6 + sym2xsinglet:0,5|21|3|2,5,21,False,adjointxsinglet:-6,adjointxsinglet,-6,2,5,True,[3],0,factor0:no_nonabelian_residual;factor1:untouched3,False,True,True,3,0,,False,,,False,False,False,False,True,False,False
carrier_09489,2|3,adjointxsinglet:6 + rank_one_fundxantifund:3 + rank_one_fundxfund:-3 + sym2xsinglet:-6 + sym2xsinglet:0,5|21|3|2,5,21,False,adjointxsinglet:-6,adjointxsinglet,-6,2,5,True,[3],0,factor0:no_nonabelian_residual;factor1:untouched3,False,True,True,3,0,,False,,,False,False,False,False,True,False,False
carrier_09508,2|3,adjointxsinglet:6 + singletxantifund:0 + singletxfund:0 + sym2xsinglet:-6 + sym2xsinglet:0,5|15|3|2,5,15,False,adjointxsinglet:-6,adjointxsinglet,-6,2,5,True,[3],0,factor0:no_nonabelian_residual;factor1:untouched3,False,True,True,3,0,,False,,,False,False,False,False,True,False,False
carrier_09519,2|3,adjointxsinglet:6 + singletxantisym2:0 + singletxfund:0 + sym2xsinglet:-6 + sym2xsinglet:0,5|15|3|2,5,15,False,adjointxsinglet:-6,adjointxsinglet,-6,2,5,True,[3],0,factor0:no_nonabelian_residual;factor1:untouched3,False,True,True,3,0,,False,,,False,False,False,False,True,False,False
carrier_09530,2|3,rank_one_fundxantifund:-6 + rank_one_fundxantifund:6 + rank_one_fundxfund:-3 + rank_one_fundxfund:3 + sym2xsinglet:0,5|27|3|2,5,27,False,adjointxsinglet:-3,adjointxsinglet,-3,4,5,True,[3],0,factor0:no_nonabelian_residual;factor1:untouched3,False,True,True,4,0,,False,,,False,False,False,False,True,False,False
carrier_09532,2|3,rank_one_fundxantifund:-6 + rank_one_fundxantifund:6 + rank_one_fundxfund:-1 + rank_one_fundxfund:1 + sym2xsinglet:0,5|27|3|2,5,27,False,singletxantifund:0,singletxantifund,0,4,5,False,"[2, 2]",4,factor0:untouched2;factor1:residual2:transition_leaks4,False,True,True,2,0,,False,,,False,False,False,False,True,False,False
carrier_09533,2|3,rank_one_fundxantifund:-6 + rank_one_fundxantifund:6 + rank_one_fundxfund:0 + rank_one_fundxfund:0 + sym2xsinglet:0,5|27|3|2,5,27,False,adjointxsinglet:-6,adjointxsinglet,-6,4,5,True,[3],0,factor0:no_nonabelian_residual;factor1:untouched3,False,True,True,2,0,,False,,,False,False,False,False,True,False,False
carrier_09535,2|3,rank_one_fundxantifund:-4 + rank_one_fundxantifund:4 + rank_one_fundxfund:-3 + rank_one_fundxfund:3 + sym2xsinglet:0,5|27|3|2,5,27,False,adjointxsinglet:-1,adjointxsinglet,-1,4,5,True,[3],0,factor0:no_nonabelian_residual;factor1:untouched3,False,True,True,4,0,,False,,,False,False,False,False,True,False,False
carrier_09536,2|3,rank_one_fundxantifund:-4 + rank_one_fundxantifund:4 + rank_one_fundxfund:-2 + rank_one_fundxfund:2 + sym2xsinglet:0,5|27|3|2,5,27,False,adjointxsinglet:-2,adjointxsinglet,-2,4,5,True,[3],0,factor0:no_nonabelian_residual;factor1:untouched3,False,True,True,2,0,,False,,,False,False,False,False,True,False,False
carrier_09537,2|3,rank_one_fundxantifund:-4 + rank_one_fundxantifund:4 + rank_one_fundxfund:-1 + rank_one_fundxfund:1 + sym2xsinglet:0,5|27|3|2,5,27,False,adjointxsinglet:-3,adjointxsinglet,-3,4,5,True,[3],0,factor0:no_nonabelian_residual;factor1:untouched3,False,True,True,2,0,,False,,,False,False,False,False,True,False,False
carrier_09539,2|3,rank_one_fundxantifund:-3 + rank_one_fundxantifund:3 + rank_one_fundxfund:-6 + rank_one_fundxfund:6 + sym2xsinglet:0,5|27|3|2,5,27,False,adjointxsinglet:-3,adjointxsinglet,-3,4,5,True,[3],0,factor0:no_nonabelian_residual;factor1:untouched3,False,True,True,4,0,,False,,,False,False,False,False,True,False,False
carrier_09540,2|3,rank_one_fundxantifund:-3 + rank_one_fundxantifund:3 + rank_one_fundxfund:-4 + rank_one_fundxfund:4 + sym2xsinglet:0,5|27|3|2,5,27,False,adjointxsinglet:-1,adjointxsinglet,-1,4,5,True,[3],0,factor0:no_nonabelian_residual;factor1:untouched3,False,True,True,4,0,,False,,,False,False,False,False,True,False,False
carrier_09541,2|3,rank_one_fundxantifund:-3 + rank_one_fundxantifund:3 + rank_one_fundxfund:-2 + rank_one_fundxfund:2 + sym2xsinglet:0,5|27|3|2,5,27,False,adjointxsinglet:-1,adjointxsinglet,-1,4,5,True,[3],0,factor0:no_nonabelian_residual;factor1:untouched3,False,True,True,4,0,,False,,,False,False,False,False,True,False,False
carrier_09542,2|3,rank_one_fundxantifund:-3 + rank_one_fundxantifund:3 + rank_one_fundxfund:-1 + rank_one_fundxfund:1 + sym2xsinglet:0,5|27|3|2,5,27,False,adjointxsinglet:-2,adjointxsinglet,-2,4,5,True,[3],0,factor0:no_nonabelian_residual;factor1:untouched3,False,True,True,6,0,,False,,,False,False,False,False,True,False,False
carrier_09543,2|3,rank_one_fundxantifund:-3 + rank_one_fundxantifund:3 + rank_one_fundxfund:0 + rank_one_fundxfund:0 + sym2xsinglet:0,5|27|3|2,5,27,False,adjointxsinglet:-3,adjointxsinglet,-3,4,5,True,[3],0,factor0:no_nonabelian_residual;factor1:untouched3,False,True,True,4,0,,False,,,False,False,False,False,True,False,False
carrier_09545,2|3,rank_one_fundxantifund:-2 + rank_one_fundxantifund:2 + rank_one_fundxfund:-4 + rank_one_fundxfund:4 + sym2xsinglet:0,5|27|3|2,5,27,False,adjointxsinglet:-2,adjointxsinglet,-2,4,5,True,[3],0,factor0:no_nonabelian_residual;factor1:untouched3,False,True,True,2,0,,False,,,False,False,False,False,True,False,False
carrier_09546,2|3,rank_one_fundxantifund:-2 + rank_one_fundxantifund:2 + rank_one_fundxfund:-3 + rank_one_fundxfund:3 + sym2xsinglet:0,5|27|3|2,5,27,False,adjointxsinglet:-1,adjointxsinglet,-1,4,5,True,[3],0,factor0:no_nonabelian_residual;factor1:untouched3,False,True,True,4,0,,False,,,False,False,False,False,True,False,False
carrier_09547,2|3,rank_one_fundxantifund:-2 + rank_one_fundxantifund:2 + rank_one_fundxfund:-1 + rank_one_fundxfund:1 + sym2xsinglet:0,5|27|3|2,5,27,False,adjointxsinglet:-1,adjointxsinglet,-1,4,5,True,[3],0,factor0:no_nonabelian_residual;factor1:untouched3,False,True,True,2,0,,False,,,False,False,False,False,True,False,False
carrier_09549,2|3,rank_one_fundxantifund:-1 + rank_one_fundxantifund:1 + rank_one_fundxfund:-6 + rank_one_fundxfund:6 + sym2xsinglet:0,5|27|3|2,5,27,False,singletxantifund:0,singletxantifund,0,4,5,False,"[2, 2]",4,factor0:untouched2;factor1:residual2:transition_leaks4,False,True,True,2,0,,False,,,False,False,False,False,True,False,False
carrier_09550,2|3,rank_one_fundxantifund:-1 + rank_one_fundxantifund:1 + rank_one_fundxfund:-4 + rank_one_fundxfund:4 + sym2xsinglet:0,5|27|3|2,5,27,False,adjointxsinglet:-3,adjointxsinglet,-3,4,5,True,[3],0,factor0:no_nonabelian_residual;factor1:untouched3,False,True,True,2,0,,False,,,False,False,False,False,True,False,False
carrier_09551,2|3,rank_one_fundxantifund:-1 + rank_one_fundxantifund:1 + rank_one_fundxfund:-3 + rank_one_fundxfund:3 + sym2xsinglet:0,5|27|3|2,5,27,False,adjointxsinglet:-2,adjointxsinglet,-2,4,5,True,[3],0,factor0:no_nonabelian_residual;factor1:untouched3,False,True,True,6,0,,False,,,False,False,False,False,True,False,False
carrier_09552,2|3,rank_one_fundxantifund:-1 + rank_one_fundxantifund:1 + rank_one_fundxfund:-2 + rank_one_fundxfund:2 + sym2xsinglet:0,5|27|3|2,5,27,False,adjointxsinglet:-1,adjointxsinglet,-1,4,5,True,[3],0,factor0:no_nonabelian_residual;factor1:untouched3,False,True,True,2,0,,False,,,False,False,False,False,True,False,False
carrier_09553,2|3,rank_one_fundxantifund:-1 + rank_one_fundxantifund:1 + rank_one_fundxfund:0 + rank_one_fundxfund:0 + sym2xsinglet:0,5|27|3|2,5,27,False,adjointxsinglet:-1,adjointxsinglet,-1,4,5,True,[3],0,factor0:no_nonabelian_residual;factor1:untouched3,False,True,True,2,0,,False,,,False,False,False,False,True,False,False
carrier_09555,2|3,rank_one_fundxantifund:0 + rank_one_fundxantifund:0 + rank_one_fundxfund:-6 + rank_one_fundxfund:6 + sym2xsinglet:0,5|27|3|2,5,27,False,adjointxsinglet:-6,adjointxsinglet,-6,4,5,True,[3],0,factor0:no_nonabelian_residual;factor1:untouched3,False,True,True,2,0,,False,,,False,False,False,False,True,False,False
carrier_09557,2|3,rank_one_fundxantifund:0 + rank_one_fundxantifund:0 + rank_one_fundxfund:-3 + rank_one_fundxfund:3 + sym2xsinglet:0,5|27|3|2,5,27,False,adjointxsinglet:-3,adjointxsinglet,-3,4,5,True,[3],0,factor0:no_nonabelian_residual;factor1:untouched3,False,True,True,4,0,,False,,,False,False,False,False,True,False,False
carrier_09559,2|3,rank_one_fundxantifund:0 + rank_one_fundxantifund:0 + rank_one_fundxfund:-1 + rank_one_fundxfund:1 + sym2xsinglet:0,5|27|3|2,5,27,False,adjointxsinglet:-1,adjointxsinglet,-1,4,5,True,[3],0,factor0:no_nonabelian_residual;factor1:untouched3,False,True,True,2,0,,False,,,False,False,False,False,True,False,False
carrier_09562,2|3,rank_one_fundxantifund:0 + rank_one_fundxsinglet:0 + singletxfund:-3 + singletxfund:3 + sym2xsinglet:0,5|17|3|2,5,17,False,singletxantifund:0,singletxantifund,0,4,5,False,"[2, 2]",4,factor0:untouched2;factor1:residual2:transition_leaks4,False,True,True,2,0,,False,,,False,False,False,False,True,False,False
carrier_09569,2|3,rank_one_fundxfund:-1 + rank_one_fundxsinglet:3 + singletxantisym2:-2 + singletxantisym2:4 + singletxsinglet:-6,5|15|3|2,5,15,False,rank_one_fundxsinglet:-3,rank_one_fundxsinglet,-3,4,5,True,[3],0,factor0:no_nonabelian_residual;factor1:untouched3,False,True,True,4,0,,False,,,False,False,False,False,True,False,False
carrier_09574,2|3,rank_one_fundxfund:0 + rank_one_fundxsinglet:0 + singletxantifund:-3 + singletxantifund:3 + sym2xsinglet:0,5|17|3|2,5,17,False,singletxantifund:0,singletxantifund,0,4,5,False,"[2, 2]",4,factor0:untouched2;factor1:residual2:transition_leaks4,False,True,True,2,0,,False,,,False,False,False,False,True,False,False
carrier_09575,2|3,rank_one_fundxfund:0 + rank_one_fundxsinglet:0 + singletxantifund:-3 + singletxantisym2:3 + sym2xsinglet:0,5|17|3|2,5,17,False,singletxantifund:0,singletxantifund,0,4,5,False,"[2, 2]",4,factor0:untouched2;factor1:residual2:transition_leaks4,False,True,False,2,1,dual_line:antifund|antisym2,False,,,False,False,False,False,True,False,False
carrier_09580,2|3,rank_one_fundxfund:0 + rank_one_fundxsinglet:0 + singletxantifund:0 + singletxantisym2:0 + sym2xsinglet:0,5|17|3|2,5,17,False,singletxantifund:0,singletxantifund,0,4,5,False,"[2, 2]",4,factor0:untouched2;factor1:residual2:transition_leaks4,False,True,False,4,1,dual_line:antifund|antisym2,False,,,False,False,False,False,True,False,False
carrier_09583,2|3,rank_one_fundxfund:0 + rank_one_fundxsinglet:0 + singletxantifund:3 + singletxantisym2:-3 + sym2xsinglet:0,5|17|3|2,5,17,False,singletxantifund:0,singletxantifund,0,4,5,False,"[2, 2]",4,factor0:untouched2;factor1:residual2:transition_leaks4,False,True,False,2,1,dual_line:antifund|antisym2,False,,,False,False,False,False,True,False,False
carrier_09588,2|3,rank_one_fundxfund:0 + rank_one_fundxsinglet:0 + singletxantisym2:-3 + singletxantisym2:3 + sym2xsinglet:0,5|17|3|2,5,17,False,rank_one_fundxsinglet:-3,rank_one_fundxsinglet,-3,2,5,True,[3],0,factor0:no_nonabelian_residual;factor1:untouched3,False,True,True,2,0,,False,,,False,False,False,False,True,False,False
carrier_09594,2|3,rank_one_fundxfund:1 + rank_one_fundxsinglet:-3 + singletxantisym2:-4 + singletxantisym2:2 + singletxsinglet:6,5|15|3|2,5,15,False,rank_one_fundxsinglet:-3,rank_one_fundxsinglet,-3,4,5,True,[3],0,factor0:no_nonabelian_residual;factor1:untouched3,False,True,True,4,0,,False,,,False,False,False,False,True,False,False
carrier_09635,2|3,singletxantifund:0 + singletxantisym2:0 + singletxfund:-6 + singletxfund:6 + sym2xsinglet:0,5|15|3|2,5,15,False,singletxsinglet:-6,singletxsinglet,-6,4,5,False,"[2, 3]",0,factor0:untouched2;factor1:untouched3,False,True,False,4,1,dual_line:antifund|antisym2,False,,,False,False,False,False,True,False,False
carrier_09636,2|3,singletxantifund:0 + singletxantisym2:0 + singletxfund:-4 + singletxfund:4 + sym2xsinglet:0,5|15|3|2,5,15,False,singletxsinglet:-4,singletxsinglet,-4,4,5,False,"[2, 3]",0,factor0:untouched2;factor1:untouched3,False,True,False,4,1,dual_line:antifund|antisym2,False,,,False,False,False,False,True,False,False
carrier_09637,2|3,singletxantifund:0 + singletxantisym2:0 + singletxfund:-3 + singletxfund:3 + sym2xsinglet:0,5|15|3|2,5,15,False,singletxsinglet:-3,singletxsinglet,-3,4,5,False,"[2, 3]",0,factor0:untouched2;factor1:untouched3,False,True,False,4,1,dual_line:antifund|antisym2,False,,,False,False,False,False,True,False,False
carrier_09638,2|3,singletxantifund:0 + singletxantisym2:0 + singletxfund:-2 + singletxfund:2 + sym2xsinglet:0,5|15|3|2,5,15,False,singletxsinglet:-2,singletxsinglet,-2,4,5,False,"[2, 3]",0,factor0:untouched2;factor1:untouched3,False,True,False,4,1,dual_line:antifund|antisym2,False,,,False,False,False,False,True,False,False
carrier_09639,2|3,singletxantifund:0 + singletxantisym2:0 + singletxfund:-1 + singletxfund:1 + sym2xsinglet:0,5|15|3|2,5,15,False,singletxsinglet:-1,singletxsinglet,-1,4,5,False,"[2, 3]",0,factor0:untouched2;factor1:untouched3,False,True,False,4,1,dual_line:antifund|antisym2,False,,,False,False,False,False,True,False,False
carrier_09758,2|4,adjointxsinglet:-6 + singletxantifund:0 + singletxfund:0 + sym2xsinglet:6,4|14|4|2,4,14,False,sym2xsinglet:0,sym2xsinglet,0,2,4,False,[4],0,factor0:no_nonabelian_residual;factor1:untouched4,False,True,True,3,0,,False,,,False,False,False,False,True,False,False
carrier_09809,2|4,adjointxsinglet:-4 + singletxantifund:0 + singletxfund:0 + sym2xsinglet:4,4|14|4|2,4,14,False,sym2xsinglet:0,sym2xsinglet,0,2,4,False,[4],0,factor0:no_nonabelian_residual;factor1:untouched4,False,True,True,3,0,,False,,,False,False,False,False,True,False,False
carrier_09857,2|4,adjointxsinglet:-3 + singletxantifund:0 + singletxfund:0 + sym2xsinglet:3,4|14|4|2,4,14,False,sym2xsinglet:0,sym2xsinglet,0,2,4,False,[4],0,factor0:no_nonabelian_residual;factor1:untouched4,False,True,True,3,0,,False,,,False,False,False,False,True,False,False
carrier_09902,2|4,adjointxsinglet:-2 + singletxantifund:0 + singletxfund:0 + sym2xsinglet:2,4|14|4|2,4,14,False,sym2xsinglet:0,sym2xsinglet,0,2,4,False,[4],0,factor0:no_nonabelian_residual;factor1:untouched4,False,True,True,3,0,,False,,,False,False,False,False,True,False,False
carrier_09944,2|4,adjointxsinglet:-1 + singletxantifund:0 + singletxfund:0 + sym2xsinglet:1,4|14|4|2,4,14,False,sym2xsinglet:0,sym2xsinglet,0,2,4,False,[4],0,factor0:no_nonabelian_residual;factor1:untouched4,False,True,True,3,0,,False,,,False,False,False,False,True,False,False
carrier_09990,2|4,adjointxsinglet:1 + singletxantifund:0 + singletxfund:0 + sym2xsinglet:-1,4|14|4|2,4,14,False,sym2xsinglet:0,sym2xsinglet,0,2,4,False,[4],0,factor0:no_nonabelian_residual;factor1:untouched4,False,True,True,3,0,,False,,,False,False,False,False,True,False,False
carrier_10025,2|4,adjointxsinglet:2 + singletxantifund:0 + singletxfund:0 + sym2xsinglet:-2,4|14|4|2,4,14,False,sym2xsinglet:0,sym2xsinglet,0,2,4,False,[4],0,factor0:no_nonabelian_residual;factor1:untouched4,False,True,True,3,0,,False,,,False,False,False,False,True,False,False
carrier_10059,2|4,adjointxsinglet:3 + singletxantifund:0 + singletxfund:0 + sym2xsinglet:-3,4|14|4|2,4,14,False,sym2xsinglet:0,sym2xsinglet,0,2,4,False,[4],0,factor0:no_nonabelian_residual;factor1:untouched4,False,True,True,3,0,,False,,,False,False,False,False,True,False,False
carrier_10092,2|4,adjointxsinglet:4 + singletxantifund:0 + singletxfund:0 + sym2xsinglet:-4,4|14|4|2,4,14,False,sym2xsinglet:0,sym2xsinglet,0,2,4,False,[4],0,factor0:no_nonabelian_residual;factor1:untouched4,False,True,True,3,0,,False,,,False,False,False,False,True,False,False
carrier_10124,2|4,adjointxsinglet:6 + singletxantifund:0 + singletxfund:0 + sym2xsinglet:-6,4|14|4|2,4,14,False,sym2xsinglet:0,sym2xsinglet,0,2,4,False,[4],0,factor0:no_nonabelian_residual;factor1:untouched4,False,True,True,3,0,,False,,,False,False,False,False,True,False,False
carrier_10140,2|4,singletxantifund:1 + singletxantisym2:-2 + singletxfund:3 + singletxsinglet:-4,4|15|4|2,4,15,True,singletxantifund:1,singletxantifund,1,4,4,True,"[2, 3]",6,factor0:untouched2;factor1:residual3:transition_leaks6,True,False,True,0,0,,True,48,6,False,False,False,False,False,True,False
carrier_10141,2|4,singletxantifund:3 + singletxantisym2:-2 + singletxfund:1 + singletxsinglet:-4,4|15|4|2,4,15,True,singletxantifund:-1,singletxantifund,-1,4,4,True,"[2, 3]",6,factor0:untouched2;factor1:residual3:transition_leaks6,True,False,True,0,0,,True,48,6,False,False,False,False,False,True,False
carrier_10142,2|4,singletxantifund:-3 + singletxantisym2:2 + singletxfund:-1 + singletxsinglet:4,4|15|4|2,4,15,True,singletxantifund:1,singletxantifund,1,4,4,True,"[2, 3]",6,factor0:untouched2;factor1:residual3:transition_leaks6,True,False,True,0,0,,True,48,6,False,False,False,False,False,True,False
carrier_10143,2|4,singletxantifund:-1 + singletxantisym2:2 + singletxfund:-3 + singletxsinglet:4,4|15|4|2,4,15,True,singletxantifund:-1,singletxantifund,-1,4,4,True,"[2, 3]",6,factor0:untouched2;factor1:residual3:transition_leaks6,True,False,True,0,0,,True,48,6,False,False,False,False,False,True,False
carrier_10224,2|4,adjointxsinglet:-6 + adjointxsinglet:0 + singletxantifund:0 + singletxfund:0 + sym2xsinglet:6,5|17|4|2,5,17,False,adjointxsinglet:-6,adjointxsinglet,-6,2,5,True,[4],0,factor0:no_nonabelian_residual;factor1:untouched4,False,True,True,3,0,,False,,,False,False,False,False,True,False,False
carrier_10288,2|4,adjointxsinglet:-6 + singletxantifund:0 + singletxantisym2:0 + singletxfund:0 + sym2xsinglet:6,5|20|4|2,5,20,False,singletxantifund:0,singletxantifund,0,3,5,False,"[2, 3]",6,factor0:untouched2;factor1:residual3:transition_leaks6,False,True,True,3,0,,False,,,False,False,False,False,True,False,False
carrier_10289,2|4,adjointxsinglet:-6 + singletxantifund:0 + singletxfund:0 + sym2xsinglet:0 + sym2xsinglet:6,5|17|4|2,5,17,False,adjointxsinglet:-6,adjointxsinglet,-6,2,5,True,[4],0,factor0:no_nonabelian_residual;factor1:untouched4,False,True,True,3,0,,False,,,False,False,False,False,True,False,False
carrier_10369,2|4,adjointxsinglet:-4 + adjointxsinglet:0 + singletxantifund:0 + singletxfund:0 + sym2xsinglet:4,5|17|4|2,5,17,False,adjointxsinglet:-4,adjointxsinglet,-4,2,5,True,[4],0,factor0:no_nonabelian_residual;factor1:untouched4,False,True,True,3,0,,False,,,False,False,False,False,True,False,False
carrier_10433,2|4,adjointxsinglet:-4 + singletxantifund:0 + singletxantisym2:0 + singletxfund:0 + sym2xsinglet:4,5|20|4|2,5,20,False,singletxantifund:0,singletxantifund,0,3,5,False,"[2, 3]",6,factor0:untouched2;factor1:residual3:transition_leaks6,False,True,True,3,0,,False,,,False,False,False,False,True,False,False
carrier_10434,2|4,adjointxsinglet:-4 + singletxantifund:0 + singletxfund:0 + sym2xsinglet:0 + sym2xsinglet:4,5|17|4|2,5,17,False,adjointxsinglet:-4,adjointxsinglet,-4,2,5,True,[4],0,factor0:no_nonabelian_residual;factor1:untouched4,False,True,True,3,0,,False,,,False,False,False,False,True,False,False
carrier_10505,2|4,adjointxsinglet:-3 + adjointxsinglet:0 + singletxantifund:0 + singletxfund:0 + sym2xsinglet:3,5|17|4|2,5,17,False,adjointxsinglet:-3,adjointxsinglet,-3,2,5,True,[4],0,factor0:no_nonabelian_residual;factor1:untouched4,False,True,True,3,0,,False,,,False,False,False,False,True,False,False
carrier_10569,2|4,adjointxsinglet:-3 + singletxantifund:0 + singletxantisym2:0 + singletxfund:0 + sym2xsinglet:3,5|20|4|2,5,20,False,singletxantifund:0,singletxantifund,0,3,5,False,"[2, 3]",6,factor0:untouched2;factor1:residual3:transition_leaks6,False,True,True,3,0,,False,,,False,False,False,False,True,False,False
carrier_10570,2|4,adjointxsinglet:-3 + singletxantifund:0 + singletxfund:0 + sym2xsinglet:0 + sym2xsinglet:3,5|17|4|2,5,17,False,adjointxsinglet:-3,adjointxsinglet,-3,2,5,True,[4],0,factor0:no_nonabelian_residual;factor1:untouched4,False,True,True,3,0,,False,,,False,False,False,False,True,False,False
carrier_10632,2|4,adjointxsinglet:-2 + adjointxsinglet:0 + singletxantifund:0 + singletxfund:0 + sym2xsinglet:2,5|17|4|2,5,17,False,adjointxsinglet:-2,adjointxsinglet,-2,2,5,True,[4],0,factor0:no_nonabelian_residual;factor1:untouched4,False,True,True,3,0,,False,,,False,False,False,False,True,False,False
carrier_10696,2|4,adjointxsinglet:-2 + singletxantifund:0 + singletxantisym2:0 + singletxfund:0 + sym2xsinglet:2,5|20|4|2,5,20,False,singletxantifund:0,singletxantifund,0,3,5,False,"[2, 3]",6,factor0:untouched2;factor1:residual3:transition_leaks6,False,True,True,3,0,,False,,,False,False,False,False,True,False,False
carrier_10697,2|4,adjointxsinglet:-2 + singletxantifund:0 + singletxfund:0 + sym2xsinglet:0 + sym2xsinglet:2,5|17|4|2,5,17,False,adjointxsinglet:-2,adjointxsinglet,-2,2,5,True,[4],0,factor0:no_nonabelian_residual;factor1:untouched4,False,True,True,3,0,,False,,,False,False,False,False,True,False,False
carrier_10750,2|4,adjointxsinglet:-1 + adjointxsinglet:0 + singletxantifund:0 + singletxfund:0 + sym2xsinglet:1,5|17|4|2,5,17,False,adjointxsinglet:-1,adjointxsinglet,-1,2,5,True,[4],0,factor0:no_nonabelian_residual;factor1:untouched4,False,True,True,3,0,,False,,,False,False,False,False,True,False,False
carrier_10814,2|4,adjointxsinglet:-1 + singletxantifund:0 + singletxantisym2:0 + singletxfund:0 + sym2xsinglet:1,5|20|4|2,5,20,False,singletxantifund:0,singletxantifund,0,3,5,False,"[2, 3]",6,factor0:untouched2;factor1:residual3:transition_leaks6,False,True,True,3,0,,False,,,False,False,False,False,True,False,False
carrier_10815,2|4,adjointxsinglet:-1 + singletxantifund:0 + singletxfund:0 + sym2xsinglet:0 + sym2xsinglet:1,5|17|4|2,5,17,False,adjointxsinglet:-1,adjointxsinglet,-1,2,5,True,[4],0,factor0:no_nonabelian_residual;factor1:untouched4,False,True,True,3,0,,False,,,False,False,False,False,True,False,False
carrier_10864,2|4,adjointxsinglet:0 + adjointxsinglet:1 + singletxantifund:0 + singletxfund:0 + sym2xsinglet:-1,5|17|4|2,5,17,False,adjointxsinglet:-1,adjointxsinglet,-1,2,5,True,[4],0,factor0:no_nonabelian_residual;factor1:untouched4,False,True,True,3,0,,False,,,False,False,False,False,True,False,False
carrier_10899,2|4,adjointxsinglet:0 + adjointxsinglet:2 + singletxantifund:0 + singletxfund:0 + sym2xsinglet:-2,5|17|4|2,5,17,False,adjointxsinglet:-2,adjointxsinglet,-2,2,5,True,[4],0,factor0:no_nonabelian_residual;factor1:untouched4,False,True,True,3,0,,False,,,False,False,False,False,True,False,False
carrier_10933,2|4,adjointxsinglet:0 + adjointxsinglet:3 + singletxantifund:0 + singletxfund:0 + sym2xsinglet:-3,5|17|4|2,5,17,False,adjointxsinglet:-3,adjointxsinglet,-3,2,5,True,[4],0,factor0:no_nonabelian_residual;factor1:untouched4,False,True,True,3,0,,False,,,False,False,False,False,True,False,False
carrier_10966,2|4,adjointxsinglet:0 + adjointxsinglet:4 + singletxantifund:0 + singletxfund:0 + sym2xsinglet:-4,5|17|4|2,5,17,False,adjointxsinglet:-4,adjointxsinglet,-4,2,5,True,[4],0,factor0:no_nonabelian_residual;factor1:untouched4,False,True,True,3,0,,False,,,False,False,False,False,True,False,False
carrier_10998,2|4,adjointxsinglet:0 + adjointxsinglet:6 + singletxantifund:0 + singletxfund:0 + sym2xsinglet:-6,5|17|4|2,5,17,False,adjointxsinglet:-6,adjointxsinglet,-6,2,5,True,[4],0,factor0:no_nonabelian_residual;factor1:untouched4,False,True,True,3,0,,False,,,False,False,False,False,True,False,False
carrier_11078,2|4,adjointxsinglet:1 + singletxantifund:0 + singletxantisym2:0 + singletxfund:0 + sym2xsinglet:-1,5|20|4|2,5,20,False,singletxantifund:0,singletxantifund,0,3,5,False,"[2, 3]",6,factor0:untouched2;factor1:residual3:transition_leaks6,False,True,True,3,0,,False,,,False,False,False,False,True,False,False
carrier_11079,2|4,adjointxsinglet:1 + singletxantifund:0 + singletxfund:0 + sym2xsinglet:-1 + sym2xsinglet:0,5|17|4|2,5,17,False,adjointxsinglet:-1,adjointxsinglet,-1,2,5,True,[4],0,factor0:no_nonabelian_residual;factor1:untouched4,False,True,True,3,0,,False,,,False,False,False,False,True,False,False
carrier_11146,2|4,adjointxsinglet:2 + singletxantifund:0 + singletxantisym2:0 + singletxfund:0 + sym2xsinglet:-2,5|20|4|2,5,20,False,singletxantifund:0,singletxantifund,0,3,5,False,"[2, 3]",6,factor0:untouched2;factor1:residual3:transition_leaks6,False,True,True,3,0,,False,,,False,False,False,False,True,False,False
carrier_11147,2|4,adjointxsinglet:2 + singletxantifund:0 + singletxfund:0 + sym2xsinglet:-2 + sym2xsinglet:0,5|17|4|2,5,17,False,adjointxsinglet:-2,adjointxsinglet,-2,2,5,True,[4],0,factor0:no_nonabelian_residual;factor1:untouched4,False,True,True,3,0,,False,,,False,False,False,False,True,False,False
carrier_11212,2|4,adjointxsinglet:3 + singletxantifund:0 + singletxantisym2:0 + singletxfund:0 + sym2xsinglet:-3,5|20|4|2,5,20,False,singletxantifund:0,singletxantifund,0,3,5,False,"[2, 3]",6,factor0:untouched2;factor1:residual3:transition_leaks6,False,True,True,3,0,,False,,,False,False,False,False,True,False,False
carrier_11213,2|4,adjointxsinglet:3 + singletxantifund:0 + singletxfund:0 + sym2xsinglet:-3 + sym2xsinglet:0,5|17|4|2,5,17,False,adjointxsinglet:-3,adjointxsinglet,-3,2,5,True,[4],0,factor0:no_nonabelian_residual;factor1:untouched4,False,True,True,3,0,,False,,,False,False,False,False,True,False,False
carrier_11276,2|4,adjointxsinglet:4 + singletxantifund:0 + singletxantisym2:0 + singletxfund:0 + sym2xsinglet:-4,5|20|4|2,5,20,False,singletxantifund:0,singletxantifund,0,3,5,False,"[2, 3]",6,factor0:untouched2;factor1:residual3:transition_leaks6,False,True,True,3,0,,False,,,False,False,False,False,True,False,False
carrier_11277,2|4,adjointxsinglet:4 + singletxantifund:0 + singletxfund:0 + sym2xsinglet:-4 + sym2xsinglet:0,5|17|4|2,5,17,False,adjointxsinglet:-4,adjointxsinglet,-4,2,5,True,[4],0,factor0:no_nonabelian_residual;factor1:untouched4,False,True,True,3,0,,False,,,False,False,False,False,True,False,False
carrier_11338,2|4,adjointxsinglet:6 + singletxantifund:0 + singletxantisym2:0 + singletxfund:0 + sym2xsinglet:-6,5|20|4|2,5,20,False,singletxantifund:0,singletxantifund,0,3,5,False,"[2, 3]",6,factor0:untouched2;factor1:residual3:transition_leaks6,False,True,True,3,0,,False,,,False,False,False,False,True,False,False
carrier_11339,2|4,adjointxsinglet:6 + singletxantifund:0 + singletxfund:0 + sym2xsinglet:-6 + sym2xsinglet:0,5|17|4|2,5,17,False,adjointxsinglet:-6,adjointxsinglet,-6,2,5,True,[4],0,factor0:no_nonabelian_residual;factor1:untouched4,False,True,True,3,0,,False,,,False,False,False,False,True,False,False
carrier_11368,2|4,singletxantifund:0 + singletxantisym2:-2 + singletxfund:4 + singletxsinglet:-6 + singletxsinglet:2,5|16|4|2,5,16,True,singletxantifund:2,singletxantifund,2,5,5,True,"[2, 3]",6,factor0:untouched2;factor1:residual3:transition_leaks6,True,False,True,1,0,,True,48,6,False,False,False,False,False,True,False
carrier_11369,2|4,singletxantifund:4 + singletxantisym2:-2 + singletxfund:0 + singletxsinglet:-6 + singletxsinglet:2,5|16|4|2,5,16,True,singletxantifund:-2,singletxantifund,-2,5,5,True,"[2, 3]",6,factor0:untouched2;factor1:residual3:transition_leaks6,True,False,True,1,0,,True,48,6,False,False,False,False,False,True,False
carrier_11376,2|4,singletxantifund:0 + singletxantisym2:-1 + singletxfund:2 + singletxsinglet:-3 + singletxsinglet:1,5|16|4|2,5,16,True,singletxantifund:1,singletxantifund,1,5,5,True,"[2, 3]",6,factor0:untouched2;factor1:residual3:transition_leaks6,True,False,True,1,0,,True,48,6,False,False,False,False,False,True,False
carrier_11377,2|4,singletxantifund:2 + singletxantisym2:-1 + singletxfund:0 + singletxsinglet:-3 + singletxsinglet:1,5|16|4|2,5,16,True,singletxantifund:-1,singletxantifund,-1,5,5,True,"[2, 3]",6,factor0:untouched2;factor1:residual3:transition_leaks6,True,False,True,1,0,,True,48,6,False,False,False,False,False,True,False
carrier_11379,2|4,singletxantifund:-4 + singletxantisym2:2 + singletxfund:0 + singletxsinglet:-2 + singletxsinglet:6,5|16|4|2,5,16,True,singletxantifund:2,singletxantifund,2,5,5,True,"[2, 3]",6,factor0:untouched2;factor1:residual3:transition_leaks6,True,False,True,1,0,,True,48,6,False,False,False,False,False,True,False
carrier_11380,2|4,singletxantifund:0 + singletxantisym2:2 + singletxfund:-4 + singletxsinglet:-2 + singletxsinglet:6,5|16|4|2,5,16,True,singletxantifund:-2,singletxantifund,-2,5,5,True,"[2, 3]",6,factor0:untouched2;factor1:residual3:transition_leaks6,True,False,True,1,0,,True,48,6,False,False,False,False,False,True,False
carrier_11382,2|4,singletxantifund:-2 + singletxantisym2:1 + singletxfund:0 + singletxsinglet:-1 + singletxsinglet:3,5|16|4|2,5,16,True,singletxantifund:1,singletxantifund,1,5,5,True,"[2, 3]",6,factor0:untouched2;factor1:residual3:transition_leaks6,True,False,True,1,0,,True,48,6,False,False,False,False,False,True,False
carrier_11383,2|4,singletxantifund:0 + singletxantisym2:1 + singletxfund:-2 + singletxsinglet:-1 + singletxsinglet:3,5|16|4|2,5,16,True,singletxantifund:-1,singletxantifund,-1,5,5,True,"[2, 3]",6,factor0:untouched2;factor1:residual3:transition_leaks6,True,False,True,1,0,,True,48,6,False,False,False,False,False,True,False
carrier_11559,3|3,singletxantifund:0 + singletxantisym2:0 + singletxfund:-6 + singletxfund:6,4|12|4|2,4,12,False,singletxsinglet:-6,singletxsinglet,-6,4,4,False,"[3, 3]",0,factor0:untouched3;factor1:untouched3,False,True,False,4,1,dual_line:antifund|antisym2,False,,,False,False,False,False,True,False,False
carrier_11560,3|3,singletxantifund:0 + singletxantisym2:0 + singletxfund:-4 + singletxfund:4,4|12|4|2,4,12,False,singletxsinglet:-4,singletxsinglet,-4,4,4,False,"[3, 3]",0,factor0:untouched3;factor1:untouched3,False,True,False,4,1,dual_line:antifund|antisym2,False,,,False,False,False,False,True,False,False
carrier_11561,3|3,singletxantifund:0 + singletxantisym2:0 + singletxfund:-3 + singletxfund:3,4|12|4|2,4,12,False,singletxsinglet:-3,singletxsinglet,-3,4,4,False,"[3, 3]",0,factor0:untouched3;factor1:untouched3,False,True,False,4,1,dual_line:antifund|antisym2,False,,,False,False,False,False,True,False,False
carrier_11562,3|3,singletxantifund:0 + singletxantisym2:0 + singletxfund:-2 + singletxfund:2,4|12|4|2,4,12,False,singletxsinglet:-2,singletxsinglet,-2,4,4,False,"[3, 3]",0,factor0:untouched3;factor1:untouched3,False,True,False,4,1,dual_line:antifund|antisym2,False,,,False,False,False,False,True,False,False
carrier_11563,3|3,singletxantifund:0 + singletxantisym2:0 + singletxfund:-1 + singletxfund:1,4|12|4|2,4,12,False,singletxsinglet:-1,singletxsinglet,-1,4,4,False,"[3, 3]",0,factor0:untouched3;factor1:untouched3,False,True,False,4,1,dual_line:antifund|antisym2,False,,,False,False,False,False,True,False,False
carrier_11701,3|4,singletxantifund:-3 + singletxantisym2:2 + singletxfund:-1 + singletxsinglet:4,4|15|5|2,4,15,True,singletxantifund:1,singletxantifund,1,4,4,True,"[3, 3]",6,factor0:untouched3;factor1:residual3:transition_leaks6,True,False,True,0,0,,True,48,6,False,False,False,False,False,True,False
carrier_11710,3|4,singletxantifund:-1 + singletxantisym2:2 + singletxfund:-3 + singletxsinglet:4,4|15|5|2,4,15,True,singletxantifund:-1,singletxantifund,-1,4,4,True,"[3, 3]",6,factor0:untouched3;factor1:residual3:transition_leaks6,True,False,True,0,0,,True,48,6,False,False,False,False,False,True,False
carrier_11711,3|4,singletxantifund:1 + singletxantisym2:-2 + singletxfund:3 + singletxsinglet:-4,4|15|5|2,4,15,True,singletxantifund:1,singletxantifund,1,4,4,True,"[3, 3]",6,factor0:untouched3;factor1:residual3:transition_leaks6,True,False,True,0,0,,True,48,6,False,False,False,False,False,True,False
carrier_11712,3|4,singletxantifund:3 + singletxantisym2:-2 + singletxfund:1 + singletxsinglet:-4,4|15|5|2,4,15,True,singletxantifund:-1,singletxantifund,-1,4,4,True,"[3, 3]",6,factor0:untouched3;factor1:residual3:transition_leaks6,True,False,True,0,0,,True,48,6,False,False,False,False,False,True,False
carrier_11806,3|4,singletxantifund:-4 + singletxantisym2:2 + singletxfund:0 + singletxsinglet:-2 + singletxsinglet:6,5|16|5|2,5,16,True,singletxantifund:2,singletxantifund,2,5,5,True,"[3, 3]",6,factor0:untouched3;factor1:residual3:transition_leaks6,True,False,True,1,0,,True,48,6,False,False,False,False,False,True,False
carrier_11816,3|4,singletxantifund:-2 + singletxantisym2:1 + singletxfund:0 + singletxsinglet:-1 + singletxsinglet:3,5|16|5|2,5,16,True,singletxantifund:1,singletxantifund,1,5,5,True,"[3, 3]",6,factor0:untouched3;factor1:residual3:transition_leaks6,True,False,True,1,0,,True,48,6,False,False,False,False,False,True,False
carrier_11822,3|4,singletxantifund:0 + singletxantisym2:-2 + singletxfund:4 + singletxsinglet:-6 + singletxsinglet:2,5|16|5|2,5,16,True,singletxantifund:2,singletxantifund,2,5,5,True,"[3, 3]",6,factor0:untouched3;factor1:residual3:transition_leaks6,True,False,True,1,0,,True,48,6,False,False,False,False,False,True,False
carrier_11823,3|4,singletxantifund:0 + singletxantisym2:-1 + singletxfund:2 + singletxsinglet:-3 + singletxsinglet:1,5|16|5|2,5,16,True,singletxantifund:1,singletxantifund,1,5,5,True,"[3, 3]",6,factor0:untouched3;factor1:residual3:transition_leaks6,True,False,True,1,0,,True,48,6,False,False,False,False,False,True,False
carrier_11824,3|4,singletxantifund:0 + singletxantisym2:1 + singletxfund:-2 + singletxsinglet:-1 + singletxsinglet:3,5|16|5|2,5,16,True,singletxantifund:-1,singletxantifund,-1,5,5,True,"[3, 3]",6,factor0:untouched3;factor1:residual3:transition_leaks6,True,False,True,1,0,,True,48,6,False,False,False,False,False,True,False
carrier_11825,3|4,singletxantifund:0 + singletxantisym2:2 + singletxfund:-4 + singletxsinglet:-2 + singletxsinglet:6,5|16|5|2,5,16,True,singletxantifund:-2,singletxantifund,-2,5,5,True,"[3, 3]",6,factor0:untouched3;factor1:residual3:transition_leaks6,True,False,True,1,0,,True,48,6,False,False,False,False,False,True,False
carrier_11827,3|4,singletxantifund:2 + singletxantisym2:-1 + singletxfund:0 + singletxsinglet:-3 + singletxsinglet:1,5|16|5|2,5,16,True,singletxantifund:-1,singletxantifund,-1,5,5,True,"[3, 3]",6,factor0:untouched3;factor1:residual3:transition_leaks6,True,False,True,1,0,,True,48,6,False,False,False,False,False,True,False
carrier_11829,3|4,singletxantifund:4 + singletxantisym2:-2 + singletxfund:0 + singletxsinglet:-6 + singletxsinglet:2,5|16|5|2,5,16,True,singletxantifund:-2,singletxantifund,-2,5,5,True,"[3, 3]",6,factor0:untouched3;factor1:residual3:transition_leaks6,True,False,True,1,0,,True,48,6,False,False,False,False,False,True,False
carrier_11842,4|4,antifundxsinglet:-3 + antisym2xsinglet:2 + fundxsinglet:-1 + singletxsinglet:4,4|15|6|2,4,15,True,antifundxsinglet:1,antifundxsinglet,1,4,4,True,"[3, 4]",6,factor0:residual3:transition_leaks6;factor1:untouched4,True,False,True,0,0,,True,90,6,False,False,False,False,False,True,False
carrier_11851,4|4,antifundxsinglet:-1 + antisym2xsinglet:2 + fundxsinglet:-3 + singletxsinglet:4,4|15|6|2,4,15,True,antifundxsinglet:-1,antifundxsinglet,-1,4,4,True,"[3, 4]",6,factor0:residual3:transition_leaks6;factor1:untouched4,True,False,True,0,0,,True,90,6,False,False,False,False,False,True,False
carrier_11852,4|4,antifundxsinglet:1 + antisym2xsinglet:-2 + fundxsinglet:3 + singletxsinglet:-4,4|15|6|2,4,15,True,antifundxsinglet:1,antifundxsinglet,1,4,4,True,"[3, 4]",6,factor0:residual3:transition_leaks6;factor1:untouched4,True,False,True,0,0,,True,90,6,False,False,False,False,False,True,False
carrier_11853,4|4,antifundxsinglet:3 + antisym2xsinglet:-2 + fundxsinglet:1 + singletxsinglet:-4,4|15|6|2,4,15,True,antifundxsinglet:-1,antifundxsinglet,-1,4,4,True,"[3, 4]",6,factor0:residual3:transition_leaks6;factor1:untouched4,True,False,True,0,0,,True,90,6,False,False,False,False,False,True,False
carrier_11866,4|4,singletxantifund:-3 + singletxantisym2:2 + singletxfund:-1 + singletxsinglet:4,4|15|6|2,4,15,True,singletxantifund:1,singletxantifund,1,4,4,True,"[4, 3]",6,factor0:untouched4;factor1:residual3:transition_leaks6,True,False,True,0,0,,True,90,6,False,False,False,False,False,True,False
carrier_11875,4|4,singletxantifund:-1 + singletxantisym2:2 + singletxfund:-3 + singletxsinglet:4,4|15|6|2,4,15,True,singletxantifund:-1,singletxantifund,-1,4,4,True,"[4, 3]",6,factor0:untouched4;factor1:residual3:transition_leaks6,True,False,True,0,0,,True,90,6,False,False,False,False,False,True,False
carrier_11876,4|4,singletxantifund:1 + singletxantisym2:-2 + singletxfund:3 + singletxsinglet:-4,4|15|6|2,4,15,True,singletxantifund:1,singletxantifund,1,4,4,True,"[4, 3]",6,factor0:untouched4;factor1:residual3:transition_leaks6,True,False,True,0,0,,True,90,6,False,False,False,False,False,True,False
carrier_11877,4|4,singletxantifund:3 + singletxantisym2:-2 + singletxfund:1 + singletxsinglet:-4,4|15|6|2,4,15,True,singletxantifund:-1,singletxantifund,-1,4,4,True,"[4, 3]",6,factor0:untouched4;factor1:residual3:transition_leaks6,True,False,True,0,0,,True,90,6,False,False,False,False,False,True,False
carrier_11894,4|4,antifundxsinglet:-4 + antisym2xsinglet:2 + fundxsinglet:0 + singletxsinglet:-2 + singletxsinglet:6,5|16|6|2,5,16,True,antifundxsinglet:2,antifundxsinglet,2,5,5,True,"[3, 4]",6,factor0:residual3:transition_leaks6;factor1:untouched4,True,False,True,0,0,,True,90,6,False,False,False,False,False,True,False
carrier_11913,4|4,antifundxsinglet:-2 + antisym2xsinglet:1 + fundxsinglet:0 + singletxsinglet:-1 + singletxsinglet:3,5|16|6|2,5,16,True,antifundxsinglet:1,antifundxsinglet,1,5,5,True,"[3, 4]",6,factor0:residual3:transition_leaks6;factor1:untouched4,True,False,True,0,0,,True,90,6,False,False,False,False,False,True,False
carrier_11924,4|4,antifundxsinglet:0 + antisym2xsinglet:-2 + fundxsinglet:4 + singletxsinglet:-6 + singletxsinglet:2,5|16|6|2,5,16,True,antifundxsinglet:2,antifundxsinglet,2,5,5,True,"[3, 4]",6,factor0:residual3:transition_leaks6;factor1:untouched4,True,False,True,0,0,,True,90,6,False,False,False,False,False,True,False
carrier_11925,4|4,antifundxsinglet:0 + antisym2xsinglet:-1 + fundxsinglet:2 + singletxsinglet:-3 + singletxsinglet:1,5|16|6|2,5,16,True,antifundxsinglet:1,antifundxsinglet,1,5,5,True,"[3, 4]",6,factor0:residual3:transition_leaks6;factor1:untouched4,True,False,True,0,0,,True,90,6,False,False,False,False,False,True,False
carrier_11926,4|4,antifundxsinglet:0 + antisym2xsinglet:1 + fundxsinglet:-2 + singletxsinglet:-1 + singletxsinglet:3,5|16|6|2,5,16,True,antifundxsinglet:-1,antifundxsinglet,-1,5,5,True,"[3, 4]",6,factor0:residual3:transition_leaks6;factor1:untouched4,True,False,True,0,0,,True,90,6,False,False,False,False,False,True,False
carrier_11927,4|4,antifundxsinglet:0 + antisym2xsinglet:2 + fundxsinglet:-4 + singletxsinglet:-2 + singletxsinglet:6,5|16|6|2,5,16,True,antifundxsinglet:-2,antifundxsinglet,-2,5,5,True,"[3, 4]",6,factor0:residual3:transition_leaks6;factor1:untouched4,True,False,True,0,0,,True,90,6,False,False,False,False,False,True,False
carrier_11930,4|4,antifundxsinglet:2 + antisym2xsinglet:-1 + fundxsinglet:0 + singletxsinglet:-3 + singletxsinglet:1,5|16|6|2,5,16,True,antifundxsinglet:-1,antifundxsinglet,-1,5,5,True,"[3, 4]",6,factor0:residual3:transition_leaks6;factor1:untouched4,True,False,True,0,0,,True,90,6,False,False,False,False,False,True,False
carrier_11933,4|4,antifundxsinglet:4 + antisym2xsinglet:-2 + fundxsinglet:0 + singletxsinglet:-6 + singletxsinglet:2,5|16|6|2,5,16,True,antifundxsinglet:-2,antifundxsinglet,-2,5,5,True,"[3, 4]",6,factor0:residual3:transition_leaks6;factor1:untouched4,True,False,True,0,0,,True,90,6,False,False,False,False,False,True,False
carrier_11966,4|4,singletxantifund:-4 + singletxantisym2:2 + singletxfund:0 + singletxsinglet:-2 + singletxsinglet:6,5|16|6|2,5,16,True,singletxantifund:2,singletxantifund,2,5,5,True,"[4, 3]",6,factor0:untouched4;factor1:residual3:transition_leaks6,True,False,True,1,0,,True,90,6,False,False,False,False,False,True,False
carrier_11976,4|4,singletxantifund:-2 + singletxantisym2:1 + singletxfund:0 + singletxsinglet:-1 + singletxsinglet:3,5|16|6|2,5,16,True,singletxantifund:1,singletxantifund,1,5,5,True,"[4, 3]",6,factor0:untouched4;factor1:residual3:transition_leaks6,True,False,True,1,0,,True,90,6,False,False,False,False,False,True,False
carrier_11982,4|4,singletxantifund:0 + singletxantisym2:-2 + singletxfund:4 + singletxsinglet:-6 + singletxsinglet:2,5|16|6|2,5,16,True,singletxantifund:2,singletxantifund,2,5,5,True,"[4, 3]",6,factor0:untouched4;factor1:residual3:transition_leaks6,True,False,True,1,0,,True,90,6,False,False,False,False,False,True,False
carrier_11983,4|4,singletxantifund:0 + singletxantisym2:-1 + singletxfund:2 + singletxsinglet:-3 + singletxsinglet:1,5|16|6|2,5,16,True,singletxantifund:1,singletxantifund,1,5,5,True,"[4, 3]",6,factor0:untouched4;factor1:residual3:transition_leaks6,True,False,True,1,0,,True,90,6,False,False,False,False,False,True,False
carrier_11984,4|4,singletxantifund:0 + singletxantisym2:1 + singletxfund:-2 + singletxsinglet:-1 + singletxsinglet:3,5|16|6|2,5,16,True,singletxantifund:-1,singletxantifund,-1,5,5,True,"[4, 3]",6,factor0:untouched4;factor1:residual3:transition_leaks6,True,False,True,1,0,,True,90,6,False,False,False,False,False,True,False
carrier_11985,4|4,singletxantifund:0 + singletxantisym2:2 + singletxfund:-4 + singletxsinglet:-2 + singletxsinglet:6,5|16|6|2,5,16,True,singletxantifund:-2,singletxantifund,-2,5,5,True,"[4, 3]",6,factor0:untouched4;factor1:residual3:transition_leaks6,True,False,True,1,0,,True,90,6,False,False,False,False,False,True,False
carrier_11987,4|4,singletxantifund:2 + singletxantisym2:-1 + singletxfund:0 + singletxsinglet:-3 + singletxsinglet:1,5|16|6|2,5,16,True,singletxantifund:-1,singletxantifund,-1,5,5,True,"[4, 3]",6,factor0:untouched4;factor1:residual3:transition_leaks6,True,False,True,1,0,,True,90,6,False,False,False,False,False,True,False
carrier_11989,4|4,singletxantifund:4 + singletxantisym2:-2 + singletxfund:0 + singletxsinglet:-6 + singletxsinglet:2,5|16|6|2,5,16,True,singletxantifund:-2,singletxantifund,-2,5,5,True,"[4, 3]",6,factor0:untouched4;factor1:residual3:transition_leaks6,True,False,True,1,0,,True,90,6,False,False,False,False,False,True,False
