carrier,seed,stage,region,minimum_value_exact,unique_minimizer,active_assignment_count,active_incidence_count,margin_exact,active_cut_incidence
wheel_W4__b8__leaf_offset0,47,raw,B0,7009386627097/6871947673600,True,1,1,20066087252087/6871947673600,10000000000000
wheel_W4__b8__leaf_offset0,47,raw,B1,3573412790297/3435973836800,True,1,1,10514080020983/3435973836800,01000000000000
wheel_W4__b8__leaf_offset0,47,raw,B0|B1,14156212207691/6871947673600,True,1,1,20066087252087/6871947673600,11000000000000
wheel_W4__b8__leaf_offset0,47,raw,B2,1666447310873/1717986918400,True,1,1,5394478991351/1717986918400,00100000000000
wheel_W4__b8__leaf_offset0,47,raw,B0|B2,13675175870589/6871947673600,True,1,1,20066087252087/6871947673600,10100000000000
wheel_W4__b8__leaf_offset0,47,raw,B1|B2,6906307412043/3435973836800,True,1,1,10514080020983/3435973836800,01100000000000
wheel_W4__b8__leaf_offset0,47,raw,B0|B1|B2,20822001451183/6871947673600,True,1,1,16767552329609/6871947673600,11100000000000
wheel_W4__b8__leaf_offset0,47,raw,B3,970662608921/858993459200,True,1,1,2697239503863/858993459200,00010000000000
wheel_W4__b8__leaf_offset0,47,raw,B0|B3,2954937499693/1374389534720,True,1,1,20066087252087/6871947673600,10010000000000
wheel_W4__b8__leaf_offset0,47,raw,B1|B3,7456063225981/3435973836800,True,1,1,10514080020983/3435973836800,01010000000000
wheel_W4__b8__leaf_offset0,47,raw,B0|B1|B3,21921513079059/6871947673600,True,1,1,14568529073857/6871947673600,11010000000000
wheel_W4__b8__leaf_offset0,47,raw,B2|B3,721554505743/343597383680,True,1,1,5394478991351/1717986918400,00110000000000
wheel_W4__b8__leaf_offset0,47,raw,B0|B2|B3,21440476741957/6871947673600,True,1,1,15530601748061/6871947673600,10110000000000
wheel_W4__b8__leaf_offset0,47,raw,B1|B2|B3,10788957847727/3435973836800,True,1,1,15255723841067/6871947673600,01110000000000
wheel_W4__b8__leaf_offset0,47,raw,B0|B1|B2|B3,28587302322551/6871947673600,True,1,1,1236950586873/6871947673600,11110000000000
wheel_W4__b8__leaf_offset0,47,raw,B4,463856467993/429496729600,True,1,1,3848290706101/1374389534720,00001000000000
wheel_W4__b8__leaf_offset0,47,raw,B0|B4,2886218022997/1374389534720,True,1,1,5222680276311/6871947673600,10001000000000
wheel_W4__b8__leaf_offset0,47,raw,B1|B4,7284264534241/3435973836800,True,1,1,3848290706101/1374389534720,01001000000000
wheel_W4__b8__leaf_offset0,47,raw,B0|B1|B4,21577915695579/6871947673600,True,1,1,5222680276311/6871947673600,11001000000000
wheel_W4__b8__leaf_offset0,47,raw,B2|B4,704374636569/343597383680,True,1,1,3848290706101/1374389534720,00101000000000
wheel_W4__b8__leaf_offset0,47,raw,B0|B2|B4,21096879358477/6871947673600,True,1,1,5222680276311/6871947673600,10101000000000
wheel_W4__b8__leaf_offset0,47,raw,B1|B2|B4,10617159155987/3435973836800,True,1,1,15942918608027/6871947673600,01101000000000
wheel_W4__b8__leaf_offset0,47,raw,B0|B1|B2|B4,28243704939071/6871947673600,True,1,1,1924145353833/6871947673600,11101000000000
wheel_W4__b8__leaf_offset0,47,raw,B3|B4,1898375544907/858993459200,True,1,1,3848290706101/1374389534720,00011000000000
wheel_W4__b8__leaf_offset0,47,raw,B0|B3|B4,22196390986353/6871947673600,True,1,1,5222680276311/6871947673600,10011000000000
wheel_W4__b8__leaf_offset0,47,raw,B1|B3|B4,446676598797/137438953472,True,1,1,549755814091/274877906944,01011000000000
wheel_W4__b8__leaf_offset0,47,raw,B0|B1|B3|B4,7267084666257/1717986918400,True,1,1,274877901919/6871947673600,00100111000000
wheel_W4__b8__leaf_offset0,47,raw,B2|B3|B4,5463198400687/1717986918400,True,1,1,14705968026479/6871947673600,00111000000000
wheel_W4__b8__leaf_offset0,47,raw,B0|B2|B3|B4,5772436045969/1374389534720,True,1,1,137438954457/1374389534720,10111000000000
wheel_W4__b8__leaf_offset0,47,raw,B1|B2|B3|B4,14499809591671/3435973836800,True,1,1,412316865291/6871947673600,01111000000000
wheel_W4__b8__leaf_offset0,47,raw,B0|B1|B2|B3|B4,700079669423/214748364800,True,1,1,13606456388903/6871947673600,00000111000000
wheel_W4__b8__leaf_offset0,47,raw,B5,229780750361/214748364800,True,1,1,412316863601/137438953472,00000100000000
wheel_W4__b8__leaf_offset0,47,raw,B0|B5,14362370638649/6871947673600,True,1,1,20066087252087/6871947673600,10000100000000
wheel_W4__b8__leaf_offset0,47,raw,B1|B5,7249904796073/3435973836800,True,1,1,3161096009431/3435973836800,01000100000000
wheel_W4__b8__leaf_offset0,47,raw,B0|B1|B5,21509196219243/6871947673600,True,1,1,3161096009431/3435973836800,11000100000000
wheel_W4__b8__leaf_offset0,47,raw,B2|B5,3504693313761/1717986918400,True,1,1,412316863601/137438953472,00100100000000
wheel_W4__b8__leaf_offset0,47,raw,B0|B2|B5,21028159882141/6871947673600,True,1,1,16355235467693/6871947673600,10100100000000
wheel_W4__b8__leaf_offset0,47,raw,B1|B2|B5,10582799417819/3435973836800,True,1,1,3161096009431/3435973836800,01100100000000
wheel_W4__b8__leaf_offset0,47,raw,B0|B1|B2|B5,5634997092547/1374389534720,True,1,1,412316861301/1374389534720,11100100000000
wheel_W4__b8__leaf_offset0,47,raw,B3|B5,377957122073/171798691840,True,1,1,412316863601/137438953472,00010100000000
wheel_W4__b8__leaf_offset0,47,raw,B0|B3|B5,22127671510017/6871947673600,True,1,1,14156212211941/6871947673600,10010100000000
wheel_W4__b8__leaf_offset0,47,raw,B1|B3|B5,11132555231757/3435973836800,True,1,1,3161096009431/3435973836800,01010100000000
wheel_W4__b8__leaf_offset0,47,raw,B0|B1|B3|B5,7284264535341/1717986918400,True,1,1,137438949247/6871947673600,00101011000000
wheel_W4__b8__leaf_offset0,47,raw,B2|B3|B5,5446018531603/1717986918400,True,1,1,14843406979151/6871947673600,00110100000000
wheel_W4__b8__leaf_offset0,47,raw,B0|B2|B3|B5,28793460753509/6871947673600,True,1,1,824633724957/6871947673600,10110100000000
wheel_W4__b8__leaf_offset0,47,raw,B1|B2|B3|B5,14465449853503/3435973836800,True,1,1,549755817963/6871947673600,01110100000000
wheel_W4__b8__leaf_offset0,47,raw,B0|B1|B2|B3|B5,1404454306117/429496729600,True,1,1,13469017436231/6871947673600,00001011000000
wheel_W4__b8__leaf_offset0,47,raw,B4|B5,184683593743/85899345920,True,1,1,3848290706101/1374389534720,00001100000000
wheel_W4__b8__leaf_offset0,47,raw,B0|B4|B5,21784074126537/6871947673600,True,1,1,5222680276311/6871947673600,10001100000000
wheel_W4__b8__leaf_offset0,47,raw,B1|B4|B5,10960756540017/3435973836800,True,1,1,3161096009431/3435973836800,01001100000000
wheel_W4__b8__leaf_offset0,47,raw,B0|B1|B4|B5,54895051127/13421772800,True,1,1,824633530107/6871947673600,00000000011110
wheel_W4__b8__leaf_offset0,47,raw,B2|B4|B5,5360119185733/1717986918400,True,1,1,15530601746111/6871947673600,00101100000000
wheel_W4__b8__leaf_offset0,47,raw,B0|B2|B4|B5,28449863370029/6871947673600,True,1,1,1511828491917/6871947673600,10101100000000
wheel_W4__b8__leaf_offset0,47,raw,B1|B2|B4|B5,14293651161763/3435973836800,True,1,1,1236950584923/6871947673600,01101100000000
wheel_W4__b8__leaf_offset0,47,raw,B0|B1|B2|B4|B5,2851858285169/858993459200,True,1,1,738734416087/858993459200,00010011000000
wheel_W4__b8__leaf_offset0,47,raw,B3|B4|B5,2817498546351/858993459200,True,1,1,13331578490359/6871947673600,00011100000000
wheel_W4__b8__leaf_offset0,47,raw,B0|B3|B4|B5,2886218023407/687194767360,True,1,1,137438952767/1374389534720,01100011000000
wheel_W4__b8__leaf_offset0,47,raw,B1|B3|B4|B5,28724741280573/6871947673600,True,1,1,962072670829/6871947673600,10100011000000
wheel_W4__b8__leaf_offset0,47,raw,B0|B1|B3|B4|B5,5428838663369/1717986918400,True,1,1,1786706461911/1717986918400,00100011000000
wheel_W4__b8__leaf_offset0,47,raw,B2|B3|B4|B5,292057776143/68719476736,True,1,1,135/274877906944,00111100000000
wheel_W4__b8__leaf_offset0,47,raw,B0|B2|B3|B4|B5,11098195495289/3435973836800,True,1,1,14018773250819/6871947673600,01000011000000
wheel_W4__b8__leaf_offset0,47,raw,B1|B2|B3|B4|B5,22058952037081/6871947673600,True,1,1,14293651157813/6871947673600,10000011000000
wheel_W4__b8__leaf_offset0,47,raw,B0|B1|B2|B3|B4|B5,235149459531/107374182400,True,1,1,5119601083657/1717986918400,00000011000000
wheel_W4__b8__leaf_offset0,47,raw,B6,22548578309/21474836480,True,1,1,5119601083657/1717986918400,00000010000000
wheel_W4__b8__leaf_offset0,47,raw,B0|B6,14224931685977/6871947673600,True,1,1,20066087252087/6871947673600,10000010000000
wheel_W4__b8__leaf_offset0,47,raw,B1|B6,7181185319737/3435973836800,True,1,1,5119601083657/1717986918400,01000010000000
wheel_W4__b8__leaf_offset0,47,raw,B0|B1|B6,21371757266571/6871947673600,True,1,1,15668040698833/6871947673600,11000010000000
wheel_W4__b8__leaf_offset0,47,raw,B2|B6,3470333575593/1717986918400,True,1,1,1786706461911/1717986918400,00100010000000
wheel_W4__b8__leaf_offset0,47,raw,B0|B2|B6,20890720929469/6871947673600,True,1,1,1786706461911/1717986918400,10100010000000
wheel_W4__b8__leaf_offset0,47,raw,B1|B2|B6,10514079941483/3435973836800,True,1,1,1786706461911/1717986918400,01100010000000
wheel_W4__b8__leaf_offset0,47,raw,B0|B1|B2|B6,28037546510063/6871947673600,True,1,1,2336462211849/6871947673600,11100010000000
wheel_W4__b8__leaf_offset0,47,raw,B3|B6,1872605741281/858993459200,True,1,1,5119601083657/1717986918400,00010010000000
wheel_W4__b8__leaf_offset0,47,raw,B0|B3|B6,4398046511469/1374389534720,True,1,1,2886218023457/1374389534720,10010010000000
wheel_W4__b8__leaf_offset0,47,raw,B1|B3|B6,11063835755421/3435973836800,True,1,1,14156212210291/6871947673600,01010010000000
wheel_W4__b8__leaf_offset0,47,raw,B0|B1|B3|B6,29137058137939/6871947673600,True,1,1,137438956097/6871947673600,11010010000000
wheel_W4__b8__leaf_offset0,47,raw,B2|B3|B6,1082331758687/343597383680,True,1,1,1786706461911/1717986918400,00110010000000
wheel_W4__b8__leaf_offset0,47,raw,B0|B2|B3|B6,28656021800837/6871947673600,True,1,1,1099511630301/6871947673600,10110010000000
wheel_W4__b8__leaf_offset0,47,raw,B1|B2|B3|B6,14396730377167/3435973836800,True,1,1,824633723307/6871947673600,01110010000000
wheel_W4__b8__leaf_offset0,47,raw,B0|B1|B2|B3|B6,1413044240659/429496729600,True,1,1,13194139530887/6871947673600,00001101000000
wheel_W4__b8__leaf_offset0,47,raw,B4|B6,914828034173/429496729600,True,1,1,3848290706101/1374389534720,00001010000000
wheel_W4__b8__leaf_offset0,47,raw,B0|B4|B6,4329327034773/1374389534720,True,1,1,5222680276311/6871947673600,10001010000000
wheel_W4__b8__leaf_offset0,47,raw,B1|B4|B6,10892037063681/3435973836800,True,1,1,14843406977251/6871947673600,01001010000000
wheel_W4__b8__leaf_offset0,47,raw,B0|B1|B4|B6,28793460754459/6871947673600,True,1,1,824633723057/6871947673600,11001010000000
wheel_W4__b8__leaf_offset0,47,raw,B2|B4|B6,1065151889513/343597383680,True,1,1,1786706461911/1717986918400,00101010000000
wheel_W4__b8__leaf_offset0,47,raw,B0|B2|B4|B6,109521667173/26843545600,True,1,1,274877621069/6871947673600,00000000101101
wheel_W4__b8__leaf_offset0,47,raw,B1|B2|B4|B6,14224931685427/3435973836800,True,1,1,1511828490267/6871947673600,01101010000000
wheel_W4__b8__leaf_offset0,47,raw,B0|B1|B2|B4|B6,2869038154253/858993459200,True,1,1,738734416087/858993459200,00010101000000
wheel_W4__b8__leaf_offset0,47,raw,B3|B4|B6,2800318677267/858993459200,True,1,1,13606456395703/6871947673600,00011010000000
wheel_W4__b8__leaf_offset0,47,raw,B0|B3|B4|B6,14499809593371/3435973836800,True,1,1,412316858491/6871947673600,01100101000000
wheel_W4__b8__leaf_offset0,47,raw,B1|B3|B4|B6,5772436046649/1374389534720,True,1,1,137438953097/1374389534720,10100101000000
wheel_W4__b8__leaf_offset0,47,raw,B0|B1|B3|B4|B6,5463198401537/1717986918400,True,1,1,14705968019679/6871947673600,00100101000000
wheel_W4__b8__leaf_offset0,47,raw,B2|B3|B4|B6,7267084665407/1717986918400,True,1,1,274877908719/6871947673600,00111010000000
wheel_W4__b8__leaf_offset0,47,raw,B0|B2|B3|B4|B6,446676598865/137438953472,True,1,1,3161096009431/3435973836800,01000101000000
wheel_W4__b8__leaf_offset0,47,raw,B1|B2|B3|B4|B6,22196390989753/6871947673600,True,1,1,14018773252469/6871947673600,10000101000000
wheel_W4__b8__leaf_offset0,47,raw,B0|B1|B2|B3|B4|B6,474593886333/214748364800,True,1,1,412316863601/137438953472,00000101000000
wheel_W4__b8__leaf_offset0,47,raw,B5|B6,455266533451/214748364800,True,1,1,5119601083657/1717986918400,00000110000000
wheel_W4__b8__leaf_offset0,47,raw,B0|B5|B6,21577915697529/6871947673600,True,1,1,15255723836917/6871947673600,10000110000000
wheel_W4__b8__leaf_offset0,47,raw,B1|B5|B6,10857677325513/3435973836800,True,1,1,3161096009431/3435973836800,01000110000000
wheel_W4__b8__leaf_offset0,47,raw,B0|B1|B5|B6,28724741278123/6871947673600,True,1,1,962072675729/6871947673600,11000110000000
wheel_W4__b8__leaf_offset0,47,raw,B2|B5|B6,5308579578481/1717986918400,True,1,1,1786706461911/1717986918400,00100110000000
wheel_W4__b8__leaf_offset0,47,raw,B0|B2|B5|B6,28243704941021/6871947673600,True,1,1,1924145349933/6871947673600,10100110000000
wheel_W4__b8__leaf_offset0,47,raw,B1|B2|B5|B6,104958264571/26843545600,True,1,1,755914082171/3435973836800,00000000110011
wheel_W4__b8__leaf_offset0,47,raw,B0|B1|B2|B5|B6,575525617759/171798691840,True,1,1,738734416087/858993459200,00011001000000
wheel_W4__b8__leaf_offset0,47,raw,B3|B5|B6,111669149709/34359738368,True,1,1,549755813935/274877906944,00010110000000
wheel_W4__b8__leaf_offset0,47,raw,B0|B3|B5|B6,14534169331539/3435973836800,True,1,1,274877905819/6871947673600,01101001000000
wheel_W4__b8__leaf_offset0,47,raw,B1|B3|B5|B6,28930899709581/6871947673600,True,1,1,549755812813/6871947673600,10101001000000
wheel_W4__b8__leaf_offset0,47,raw,B0|B1|B3|B5|B6,5480378270621/1717986918400,True,1,1,14568529067007/6871947673600,00101001000000
wheel_W4__b8__leaf_offset0,47,raw,B2|B3|B5|B6,7249904796323/1717986918400,True,1,1,412316861391/6871947673600,00110110000000
wheel_W4__b8__leaf_offset0,47,raw,B0|B2|B3|B5|B6,11201274709793/3435973836800,True,1,1,13606456392803/6871947673600,01001001000000
wheel_W4__b8__leaf_offset0,47,raw,B1|B2|B3|B5|B6,22265110466089/6871947673600,True,1,1,5222680276311/6871947673600,10001001000000
wheel_W4__b8__leaf_offset0,47,raw,B0|B1|B2|B3|B5|B6,953482739937/429496729600,True,1,1,3848290706101/1374389534720,00001001000000
wheel_W4__b8__leaf_offset0,47,raw,B4|B5|B6,274877906979/85899345920,True,1,1,2886218023067/1374389534720,00001110000000
wheel_W4__b8__leaf_offset0,47,raw,B0|B4|B5|B6,28999619185417/6871947673600,True,1,1,412316861141/6871947673600,10001110000000
wheel_W4__b8__leaf_offset0,47,raw,B1|B4|B5|B6,14568529069457/3435973836800,True,1,1,137438954147/6871947673600,01001110000000
wheel_W4__b8__leaf_offset0,47,raw,B0|B1|B4|B5|B6,5566277616491/1717986918400,True,1,1,738734416087/858993459200,00110001000000
wheel_W4__b8__leaf_offset0,47,raw,B2|B4|B5|B6,7164005450453/1717986918400,True,1,1,1099511628351/6871947673600,00101110000000
wheel_W4__b8__leaf_offset0,47,raw,B0|B2|B4|B5|B6,11373073401533/3435973836800,True,1,1,738734416087/858993459200,01010001000000
wheel_W4__b8__leaf_offset0,47,raw,B1|B2|B4|B5|B6,22608707849569/6871947673600,True,1,1,738734416087/858993459200,10010001000000
wheel_W4__b8__leaf_offset0,47,raw,B0|B1|B2|B4|B5|B6,1949915152809/858993459200,True,1,1,738734416087/858993459200,00010001000000
wheel_W4__b8__leaf_offset0,47,raw,B3|B4|B5|B6,28656021802287/6871947673600,True,1,1,1099511627401/6871947673600,11100001000000
wheel_W4__b8__leaf_offset0,47,raw,B0|B3|B4|B5|B6,2164663517519/687194767360,True,1,1,3023656976319/1374389534720,01100001000000
wheel_W4__b8__leaf_offset0,47,raw,B1|B3|B4|B5|B6,21509196221693/6871947673600,True,1,1,15393162788589/6871947673600,10100001000000
wheel_W4__b8__leaf_offset0,47,raw,B0|B1|B3|B4|B5|B6,3624952398649/1717986918400,True,1,1,2680059633929/858993459200,00100001000000
wheel_W4__b8__leaf_offset0,47,raw,B2|B3|B4|B5|B6,4398046511759/1374389534720,True,1,1,2886218022877/1374389534720,11000001000000
wheel_W4__b8__leaf_offset0,47,raw,B0|B2|B3|B4|B5|B6,7490422965849/3435973836800,True,1,1,10514080020983/3435973836800,01000001000000
wheel_W4__b8__leaf_offset0,47,raw,B1|B2|B3|B4|B5|B6,14843406978201/6871947673600,True,1,1,20066087252087/6871947673600,10000001000000
wheel_W4__b8__leaf_offset0,47,raw,B0|B1|B2|B3|B4|B5|B6,61203283993/53687091200,True,1,1,2680059633929/858993459200,00000001000000
wheel_W4__b8__leaf_offset0,47,raw,B7,61203283993/53687091200,True,1,1,2680059633929/858993459200,00000001000000
wheel_W4__b8__leaf_offset0,47,raw,B0|B7,14843406978201/6871947673600,True,1,1,20066087252087/6871947673600,10000001000000
wheel_W4__b8__leaf_offset0,47,raw,B1|B7,7490422965849/3435973836800,True,1,1,10514080020983/3435973836800,01000001000000
wheel_W4__b8__leaf_offset0,47,raw,B0|B1|B7,4398046511759/1374389534720,True,1,1,2886218022877/1374389534720,11000001000000
wheel_W4__b8__leaf_offset0,47,raw,B2|B7,3624952398649/1717986918400,True,1,1,2680059633929/858993459200,00100001000000
wheel_W4__b8__leaf_offset0,47,raw,B0|B2|B7,21509196221693/6871947673600,True,1,1,15393162788589/6871947673600,10100001000000
wheel_W4__b8__leaf_offset0,47,raw,B1|B2|B7,2164663517519/687194767360,True,1,1,3023656976319/1374389534720,01100001000000
wheel_W4__b8__leaf_offset0,47,raw,B0|B1|B2|B7,28656021802287/6871947673600,True,1,1,1099511627401/6871947673600,11100001000000
wheel_W4__b8__leaf_offset0,47,raw,B3|B7,1949915152809/858993459200,True,1,1,738734416087/858993459200,00010001000000
wheel_W4__b8__leaf_offset0,47,raw,B0|B3|B7,22608707849569/6871947673600,True,1,1,738734416087/858993459200,10010001000000
wheel_W4__b8__leaf_offset0,47,raw,B1|B3|B7,11373073401533/3435973836800,True,1,1,738734416087/858993459200,01010001000000
wheel_W4__b8__leaf_offset0,47,raw,B0|B1|B3|B7,7164005450453/1717986918400,True,1,1,1099511628351/6871947673600,00101110000000
wheel_W4__b8__leaf_offset0,47,raw,B2|B3|B7,5566277616491/1717986918400,True,1,1,738734416087/858993459200,00110001000000
wheel_W4__b8__leaf_offset0,47,raw,B0|B2|B3|B7,14568529069457/3435973836800,True,1,1,137438954147/6871947673600,01001110000000
wheel_W4__b8__leaf_offset0,47,raw,B1|B2|B3|B7,28999619185417/6871947673600,True,1,1,412316861141/6871947673600,10001110000000
wheel_W4__b8__leaf_offset0,47,raw,B0|B1|B2|B3|B7,274877906979/85899345920,True,1,1,2886218023067/1374389534720,00001110000000
wheel_W4__b8__leaf_offset0,47,raw,B4|B7,953482739937/429496729600,True,1,1,3848290706101/1374389534720,00001001000000
wheel_W4__b8__leaf_offset0,47,raw,B0|B4|B7,22265110466089/6871947673600,True,1,1,5222680276311/6871947673600,10001001000000
wheel_W4__b8__leaf_offset0,47,raw,B1|B4|B7,11201274709793/3435973836800,True,1,1,13606456392803/6871947673600,01001001000000
wheel_W4__b8__leaf_offset0,47,raw,B0|B1|B4|B7,7249904796323/1717986918400,True,1,1,412316861391/6871947673600,00110110000000
wheel_W4__b8__leaf_offset0,47,raw,B2|B4|B7,5480378270621/1717986918400,True,1,1,14568529067007/6871947673600,00101001000000
wheel_W4__b8__leaf_offset0,47,raw,B0|B2|B4|B7,28930899709581/6871947673600,True,1,1,549755812813/6871947673600,10101001000000
wheel_W4__b8__leaf_offset0,47,raw,B1|B2|B4|B7,14534169331539/3435973836800,True,1,1,274877905819/6871947673600,01101001000000
wheel_W4__b8__leaf_offset0,47,raw,B0|B1|B2|B4|B7,111669149709/34359738368,True,1,1,549755813935/274877906944,00010110000000
wheel_W4__b8__leaf_offset0,47,raw,B3|B4|B7,575525617759/171798691840,True,1,1,738734416087/858993459200,00011001000000
wheel_W4__b8__leaf_offset0,47,raw,B0|B3|B4|B7,104958264571/26843545600,True,1,1,755914082171/3435973836800,00000000110011
wheel_W4__b8__leaf_offset0,47,raw,B1|B3|B4|B7,28243704941021/6871947673600,True,1,1,1924145349933/6871947673600,10100110000000
wheel_W4__b8__leaf_offset0,47,raw,B0|B1|B3|B4|B7,5308579578481/1717986918400,True,1,1,1786706461911/1717986918400,00100110000000
wheel_W4__b8__leaf_offset0,47,raw,B2|B3|B4|B7,28724741278123/6871947673600,True,1,1,962072675729/6871947673600,11000110000000
wheel_W4__b8__leaf_offset0,47,raw,B0|B2|B3|B4|B7,10857677325513/3435973836800,True,1,1,3161096009431/3435973836800,01000110000000
wheel_W4__b8__leaf_offset0,47,raw,B1|B2|B3|B4|B7,21577915697529/6871947673600,True,1,1,15255723836917/6871947673600,10000110000000
wheel_W4__b8__leaf_offset0,47,raw,B0|B1|B2|B3|B4|B7,455266533451/214748364800,True,1,1,5119601083657/1717986918400,00000110000000
wheel_W4__b8__leaf_offset0,47,raw,B5|B7,474593886333/214748364800,True,1,1,412316863601/137438953472,00000101000000
wheel_W4__b8__leaf_offset0,47,raw,B0|B5|B7,22196390989753/6871947673600,True,1,1,14018773252469/6871947673600,10000101000000
wheel_W4__b8__leaf_offset0,47,raw,B1|B5|B7,446676598865/137438953472,True,1,1,3161096009431/3435973836800,01000101000000
wheel_W4__b8__leaf_offset0,47,raw,B0|B1|B5|B7,7267084665407/1717986918400,True,1,1,274877908719/6871947673600,00111010000000
wheel_W4__b8__leaf_offset0,47,raw,B2|B5|B7,5463198401537/1717986918400,True,1,1,14705968019679/6871947673600,00100101000000
wheel_W4__b8__leaf_offset0,47,raw,B0|B2|B5|B7,5772436046649/1374389534720,True,1,1,137438953097/1374389534720,10100101000000
wheel_W4__b8__leaf_offset0,47,raw,B1|B2|B5|B7,14499809593371/3435973836800,True,1,1,412316858491/6871947673600,01100101000000
wheel_W4__b8__leaf_offset0,47,raw,B0|B1|B2|B5|B7,2800318677267/858993459200,True,1,1,13606456395703/6871947673600,00011010000000
wheel_W4__b8__leaf_offset0,47,raw,B3|B5|B7,2869038154253/858993459200,True,1,1,738734416087/858993459200,00010101000000
wheel_W4__b8__leaf_offset0,47,raw,B0|B3|B5|B7,14224931685427/3435973836800,True,1,1,1511828490267/6871947673600,01101010000000
wheel_W4__b8__leaf_offset0,47,raw,B1|B3|B5|B7,109521667173/26843545600,True,1,1,274877621069/6871947673600,00000000101101
wheel_W4__b8__leaf_offset0,47,raw,B0|B1|B3|B5|B7,1065151889513/343597383680,True,1,1,1786706461911/1717986918400,00101010000000
wheel_W4__b8__leaf_offset0,47,raw,B2|B3|B5|B7,28793460754459/6871947673600,True,1,1,824633723057/6871947673600,11001010000000
wheel_W4__b8__leaf_offset0,47,raw,B0|B2|B3|B5|B7,10892037063681/3435973836800,True,1,1,14843406977251/6871947673600,01001010000000
wheel_W4__b8__leaf_offset0,47,raw,B1|B2|B3|B5|B7,4329327034773/1374389534720,True,1,1,5222680276311/6871947673600,10001010000000
wheel_W4__b8__leaf_offset0,47,raw,B0|B1|B2|B3|B5|B7,914828034173/429496729600,True,1,1,3848290706101/1374389534720,00001010000000
wheel_W4__b8__leaf_offset0,47,raw,B4|B5|B7,1413044240659/429496729600,True,1,1,13194139530887/6871947673600,00001101000000
wheel_W4__b8__leaf_offset0,47,raw,B0|B4|B5|B7,14396730377167/3435973836800,True,1,1,824633723307/6871947673600,01110010000000
wheel_W4__b8__leaf_offset0,47,raw,B1|B4|B5|B7,28656021800837/6871947673600,True,1,1,1099511630301/6871947673600,10110010000000
wheel_W4__b8__leaf_offset0,47,raw,B0|B1|B4|B5|B7,1082331758687/343597383680,True,1,1,1786706461911/1717986918400,00110010000000
wheel_W4__b8__leaf_offset0,47,raw,B2|B4|B5|B7,29137058137939/6871947673600,True,1,1,137438956097/6871947673600,11010010000000
wheel_W4__b8__leaf_offset0,47,raw,B0|B2|B4|B5|B7,11063835755421/3435973836800,True,1,1,14156212210291/6871947673600,01010010000000
wheel_W4__b8__leaf_offset0,47,raw,B1|B2|B4|B5|B7,4398046511469/1374389534720,True,1,1,2886218023457/1374389534720,10010010000000
wheel_W4__b8__leaf_offset0,47,raw,B0|B1|B2|B4|B5|B7,1872605741281/858993459200,True,1,1,5119601083657/1717986918400,00010010000000
wheel_W4__b8__leaf_offset0,47,raw,B3|B4|B5|B7,28037546510063/6871947673600,True,1,1,2336462211849/6871947673600,11100010000000
wheel_W4__b8__leaf_offset0,47,raw,B0|B3|B4|B5|B7,10514079941483/3435973836800,True,1,1,1786706461911/1717986918400,01100010000000
wheel_W4__b8__leaf_offset0,47,raw,B1|B3|B4|B5|B7,20890720929469/6871947673600,True,1,1,1786706461911/1717986918400,10100010000000
wheel_W4__b8__leaf_offset0,47,raw,B0|B1|B3|B4|B5|B7,3470333575593/1717986918400,True,1,1,1786706461911/1717986918400,00100010000000
wheel_W4__b8__leaf_offset0,47,raw,B2|B3|B4|B5|B7,21371757266571/6871947673600,True,1,1,15668040698833/6871947673600,11000010000000
wheel_W4__b8__leaf_offset0,47,raw,B0|B2|B3|B4|B5|B7,7181185319737/3435973836800,True,1,1,5119601083657/1717986918400,01000010000000
wheel_W4__b8__leaf_offset0,47,raw,B1|B2|B3|B4|B5|B7,14224931685977/6871947673600,True,1,1,20066087252087/6871947673600,10000010000000
wheel_W4__b8__leaf_offset0,47,raw,B0|B1|B2|B3|B4|B5|B7,22548578309/21474836480,True,1,1,5119601083657/1717986918400,00000010000000
wheel_W4__b8__leaf_offset0,47,raw,B6|B7,235149459531/107374182400,True,1,1,5119601083657/1717986918400,00000011000000
wheel_W4__b8__leaf_offset0,47,raw,B0|B6|B7,22058952037081/6871947673600,True,1,1,14293651157813/6871947673600,10000011000000
wheel_W4__b8__leaf_offset0,47,raw,B1|B6|B7,11098195495289/3435973836800,True,1,1,14018773250819/6871947673600,01000011000000
wheel_W4__b8__leaf_offset0,47,raw,B0|B1|B6|B7,292057776143/68719476736,True,1,1,135/274877906944,00111100000000
wheel_W4__b8__leaf_offset0,47,raw,B2|B6|B7,5428838663369/1717986918400,True,1,1,1786706461911/1717986918400,00100011000000
wheel_W4__b8__leaf_offset0,47,raw,B0|B2|B6|B7,28724741280573/6871947673600,True,1,1,962072670829/6871947673600,10100011000000
wheel_W4__b8__leaf_offset0,47,raw,B1|B2|B6|B7,2886218023407/687194767360,True,1,1,137438952767/1374389534720,01100011000000
wheel_W4__b8__leaf_offset0,47,raw,B0|B1|B2|B6|B7,2817498546351/858993459200,True,1,1,13331578490359/6871947673600,00011100000000
wheel_W4__b8__leaf_offset0,47,raw,B3|B6|B7,2851858285169/858993459200,True,1,1,738734416087/858993459200,00010011000000
wheel_W4__b8__leaf_offset0,47,raw,B0|B3|B6|B7,14293651161763/3435973836800,True,1,1,1236950584923/6871947673600,01101100000000
wheel_W4__b8__leaf_offset0,47,raw,B1|B3|B6|B7,28449863370029/6871947673600,True,1,1,1511828491917/6871947673600,10101100000000
wheel_W4__b8__leaf_offset0,47,raw,B0|B1|B3|B6|B7,5360119185733/1717986918400,True,1,1,15530601746111/6871947673600,00101100000000
wheel_W4__b8__leaf_offset0,47,raw,B2|B3|B6|B7,54895051127/13421772800,True,1,1,824633530107/6871947673600,00000000011110
wheel_W4__b8__leaf_offset0,47,raw,B0|B2|B3|B6|B7,10960756540017/3435973836800,True,1,1,3161096009431/3435973836800,01001100000000
wheel_W4__b8__leaf_offset0,47,raw,B1|B2|B3|B6|B7,21784074126537/6871947673600,True,1,1,5222680276311/6871947673600,10001100000000
wheel_W4__b8__leaf_offset0,47,raw,B0|B1|B2|B3|B6|B7,184683593743/85899345920,True,1,1,3848290706101/1374389534720,00001100000000
wheel_W4__b8__leaf_offset0,47,raw,B4|B6|B7,1404454306117/429496729600,True,1,1,13469017436231/6871947673600,00001011000000
wheel_W4__b8__leaf_offset0,47,raw,B0|B4|B6|B7,14465449853503/3435973836800,True,1,1,549755817963/6871947673600,01110100000000
wheel_W4__b8__leaf_offset0,47,raw,B1|B4|B6|B7,28793460753509/6871947673600,True,1,1,824633724957/6871947673600,10110100000000
wheel_W4__b8__leaf_offset0,47,raw,B0|B1|B4|B6|B7,5446018531603/1717986918400,True,1,1,14843406979151/6871947673600,00110100000000
wheel_W4__b8__leaf_offset0,47,raw,B2|B4|B6|B7,7284264535341/1717986918400,True,1,1,137438949247/6871947673600,00101011000000
wheel_W4__b8__leaf_offset0,47,raw,B0|B2|B4|B6|B7,11132555231757/3435973836800,True,1,1,3161096009431/3435973836800,01010100000000
wheel_W4__b8__leaf_offset0,47,raw,B1|B2|B4|B6|B7,22127671510017/6871947673600,True,1,1,14156212211941/6871947673600,10010100000000
wheel_W4__b8__leaf_offset0,47,raw,B0|B1|B2|B4|B6|B7,377957122073/171798691840,True,1,1,412316863601/137438953472,00010100000000
wheel_W4__b8__leaf_offset0,47,raw,B3|B4|B6|B7,5634997092547/1374389534720,True,1,1,412316861301/1374389534720,11100100000000
wheel_W4__b8__leaf_offset0,47,raw,B0|B3|B4|B6|B7,10582799417819/3435973836800,True,1,1,3161096009431/3435973836800,01100100000000
wheel_W4__b8__leaf_offset0,47,raw,B1|B3|B4|B6|B7,21028159882141/6871947673600,True,1,1,16355235467693/6871947673600,10100100000000
wheel_W4__b8__leaf_offset0,47,raw,B0|B1|B3|B4|B6|B7,3504693313761/1717986918400,True,1,1,412316863601/137438953472,00100100000000
wheel_W4__b8__leaf_offset0,47,raw,B2|B3|B4|B6|B7,21509196219243/6871947673600,True,1,1,3161096009431/3435973836800,11000100000000
wheel_W4__b8__leaf_offset0,47,raw,B0|B2|B3|B4|B6|B7,7249904796073/3435973836800,True,1,1,3161096009431/3435973836800,01000100000000
wheel_W4__b8__leaf_offset0,47,raw,B1|B2|B3|B4|B6|B7,14362370638649/6871947673600,True,1,1,20066087252087/6871947673600,10000100000000
wheel_W4__b8__leaf_offset0,47,raw,B0|B1|B2|B3|B4|B6|B7,229780750361/214748364800,True,1,1,412316863601/137438953472,00000100000000
wheel_W4__b8__leaf_offset0,47,raw,B5|B6|B7,700079669423/214748364800,True,1,1,13606456388903/6871947673600,00000111000000
wheel_W4__b8__leaf_offset0,47,raw,B0|B5|B6|B7,14499809591671/3435973836800,True,1,1,412316865291/6871947673600,01111000000000
wheel_W4__b8__leaf_offset0,47,raw,B1|B5|B6|B7,5772436045969/1374389534720,True,1,1,137438954457/1374389534720,10111000000000
wheel_W4__b8__leaf_offset0,47,raw,B0|B1|B5|B6|B7,5463198400687/1717986918400,True,1,1,14705968026479/6871947673600,00111000000000
wheel_W4__b8__leaf_offset0,47,raw,B2|B5|B6|B7,7267084666257/1717986918400,True,1,1,274877901919/6871947673600,00100111000000
wheel_W4__b8__leaf_offset0,47,raw,B0|B2|B5|B6|B7,446676598797/137438953472,True,1,1,549755814091/274877906944,01011000000000
wheel_W4__b8__leaf_offset0,47,raw,B1|B2|B5|B6|B7,22196390986353/6871947673600,True,1,1,5222680276311/6871947673600,10011000000000
wheel_W4__b8__leaf_offset0,47,raw,B0|B1|B2|B5|B6|B7,1898375544907/858993459200,True,1,1,3848290706101/1374389534720,00011000000000
wheel_W4__b8__leaf_offset0,47,raw,B3|B5|B6|B7,28243704939071/6871947673600,True,1,1,1924145353833/6871947673600,11101000000000
wheel_W4__b8__leaf_offset0,47,raw,B0|B3|B5|B6|B7,10617159155987/3435973836800,True,1,1,15942918608027/6871947673600,01101000000000
wheel_W4__b8__leaf_offset0,47,raw,B1|B3|B5|B6|B7,21096879358477/6871947673600,True,1,1,5222680276311/6871947673600,10101000000000
wheel_W4__b8__leaf_offset0,47,raw,B0|B1|B3|B5|B6|B7,704374636569/343597383680,True,1,1,3848290706101/1374389534720,00101000000000
wheel_W4__b8__leaf_offset0,47,raw,B2|B3|B5|B6|B7,21577915695579/6871947673600,True,1,1,5222680276311/6871947673600,11001000000000
wheel_W4__b8__leaf_offset0,47,raw,B0|B2|B3|B5|B6|B7,7284264534241/3435973836800,True,1,1,3848290706101/1374389534720,01001000000000
wheel_W4__b8__leaf_offset0,47,raw,B1|B2|B3|B5|B6|B7,2886218022997/1374389534720,True,1,1,5222680276311/6871947673600,10001000000000
wheel_W4__b8__leaf_offset0,47,raw,B0|B1|B2|B3|B5|B6|B7,463856467993/429496729600,True,1,1,3848290706101/1374389534720,00001000000000
wheel_W4__b8__leaf_offset0,47,raw,B4|B5|B6|B7,28587302322551/6871947673600,True,1,1,1236950586873/6871947673600,11110000000000
wheel_W4__b8__leaf_offset0,47,raw,B0|B4|B5|B6|B7,10788957847727/3435973836800,True,1,1,15255723841067/6871947673600,01110000000000
wheel_W4__b8__leaf_offset0,47,raw,B1|B4|B5|B6|B7,21440476741957/6871947673600,True,1,1,15530601748061/6871947673600,10110000000000
wheel_W4__b8__leaf_offset0,47,raw,B0|B1|B4|B5|B6|B7,721554505743/343597383680,True,1,1,5394478991351/1717986918400,00110000000000
wheel_W4__b8__leaf_offset0,47,raw,B2|B4|B5|B6|B7,21921513079059/6871947673600,True,1,1,14568529073857/6871947673600,11010000000000
wheel_W4__b8__leaf_offset0,47,raw,B0|B2|B4|B5|B6|B7,7456063225981/3435973836800,True,1,1,10514080020983/3435973836800,01010000000000
wheel_W4__b8__leaf_offset0,47,raw,B1|B2|B4|B5|B6|B7,2954937499693/1374389534720,True,1,1,20066087252087/6871947673600,10010000000000
wheel_W4__b8__leaf_offset0,47,raw,B0|B1|B2|B4|B5|B6|B7,970662608921/858993459200,True,1,1,2697239503863/858993459200,00010000000000
wheel_W4__b8__leaf_offset0,47,raw,B3|B4|B5|B6|B7,20822001451183/6871947673600,True,1,1,16767552329609/6871947673600,11100000000000
wheel_W4__b8__leaf_offset0,47,raw,B0|B3|B4|B5|B6|B7,6906307412043/3435973836800,True,1,1,10514080020983/3435973836800,01100000000000
wheel_W4__b8__leaf_offset0,47,raw,B1|B3|B4|B5|B6|B7,13675175870589/6871947673600,True,1,1,20066087252087/6871947673600,10100000000000
wheel_W4__b8__leaf_offset0,47,raw,B0|B1|B3|B4|B5|B6|B7,1666447310873/1717986918400,True,1,1,5394478991351/1717986918400,00100000000000
wheel_W4__b8__leaf_offset0,47,raw,B2|B3|B4|B5|B6|B7,14156212207691/6871947673600,True,1,1,20066087252087/6871947673600,11000000000000
wheel_W4__b8__leaf_offset0,47,raw,B0|B2|B3|B4|B5|B6|B7,3573412790297/3435973836800,True,1,1,10514080020983/3435973836800,01000000000000
wheel_W4__b8__leaf_offset0,47,raw,B1|B2|B3|B4|B5|B6|B7,7009386627097/6871947673600,True,1,1,20066087252087/6871947673600,10000000000000
wheel_W4__b8__leaf_offset0,47,five_move_reduced,B0,7009386627097/6871947673600,True,1,1,20066087252087/6871947673600,10000000000000
wheel_W4__b8__leaf_offset0,47,five_move_reduced,B1,3573412790297/3435973836800,True,1,1,10514080020983/3435973836800,01000000000000
wheel_W4__b8__leaf_offset0,47,five_move_reduced,B0|B1,14156212207691/6871947673600,True,1,1,20066087252087/6871947673600,11000000000000
wheel_W4__b8__leaf_offset0,47,five_move_reduced,B2,1666447310873/1717986918400,True,1,1,5394478991351/1717986918400,00100000000000
wheel_W4__b8__leaf_offset0,47,five_move_reduced,B0|B2,13675175870589/6871947673600,True,1,1,20066087252087/6871947673600,10100000000000
wheel_W4__b8__leaf_offset0,47,five_move_reduced,B1|B2,6906307412043/3435973836800,True,1,1,10514080020983/3435973836800,01100000000000
wheel_W4__b8__leaf_offset0,47,five_move_reduced,B0|B1|B2,20822001451183/6871947673600,True,1,1,16767552329609/6871947673600,11100000000000
wheel_W4__b8__leaf_offset0,47,five_move_reduced,B3,970662608921/858993459200,True,1,1,2697239503863/858993459200,00010000000000
wheel_W4__b8__leaf_offset0,47,five_move_reduced,B0|B3,2954937499693/1374389534720,True,1,1,20066087252087/6871947673600,10010000000000
wheel_W4__b8__leaf_offset0,47,five_move_reduced,B1|B3,7456063225981/3435973836800,True,1,1,10514080020983/3435973836800,01010000000000
wheel_W4__b8__leaf_offset0,47,five_move_reduced,B0|B1|B3,21921513079059/6871947673600,True,1,1,14568529073857/6871947673600,11010000000000
wheel_W4__b8__leaf_offset0,47,five_move_reduced,B2|B3,721554505743/343597383680,True,1,1,5394478991351/1717986918400,00110000000000
wheel_W4__b8__leaf_offset0,47,five_move_reduced,B0|B2|B3,21440476741957/6871947673600,True,1,1,15530601748061/6871947673600,10110000000000
wheel_W4__b8__leaf_offset0,47,five_move_reduced,B1|B2|B3,10788957847727/3435973836800,True,1,1,15255723841067/6871947673600,01110000000000
wheel_W4__b8__leaf_offset0,47,five_move_reduced,B0|B1|B2|B3,28587302322551/6871947673600,True,1,1,1236950586873/6871947673600,11110000000000
wheel_W4__b8__leaf_offset0,47,five_move_reduced,B4,463856467993/429496729600,True,1,1,3848290706101/1374389534720,00001000000000
wheel_W4__b8__leaf_offset0,47,five_move_reduced,B0|B4,2886218022997/1374389534720,True,1,1,5222680276311/6871947673600,10001000000000
wheel_W4__b8__leaf_offset0,47,five_move_reduced,B1|B4,7284264534241/3435973836800,True,1,1,3848290706101/1374389534720,01001000000000
wheel_W4__b8__leaf_offset0,47,five_move_reduced,B0|B1|B4,21577915695579/6871947673600,True,1,1,5222680276311/6871947673600,11001000000000
wheel_W4__b8__leaf_offset0,47,five_move_reduced,B2|B4,704374636569/343597383680,True,1,1,3848290706101/1374389534720,00101000000000
wheel_W4__b8__leaf_offset0,47,five_move_reduced,B0|B2|B4,21096879358477/6871947673600,True,1,1,5222680276311/6871947673600,10101000000000
wheel_W4__b8__leaf_offset0,47,five_move_reduced,B1|B2|B4,10617159155987/3435973836800,True,1,1,15942918608027/6871947673600,01101000000000
wheel_W4__b8__leaf_offset0,47,five_move_reduced,B0|B1|B2|B4,28243704939071/6871947673600,True,1,1,1924145353833/6871947673600,11101000000000
wheel_W4__b8__leaf_offset0,47,five_move_reduced,B3|B4,1898375544907/858993459200,True,1,1,3848290706101/1374389534720,00011000000000
wheel_W4__b8__leaf_offset0,47,five_move_reduced,B0|B3|B4,22196390986353/6871947673600,True,1,1,5222680276311/6871947673600,10011000000000
wheel_W4__b8__leaf_offset0,47,five_move_reduced,B1|B3|B4,446676598797/137438953472,True,1,1,549755814091/274877906944,01011000000000
wheel_W4__b8__leaf_offset0,47,five_move_reduced,B0|B1|B3|B4,7267084666257/1717986918400,True,1,1,274877901919/6871947673600,00100111000000
wheel_W4__b8__leaf_offset0,47,five_move_reduced,B2|B3|B4,5463198400687/1717986918400,True,1,1,14705968026479/6871947673600,00111000000000
wheel_W4__b8__leaf_offset0,47,five_move_reduced,B0|B2|B3|B4,5772436045969/1374389534720,True,1,1,137438954457/1374389534720,10111000000000
wheel_W4__b8__leaf_offset0,47,five_move_reduced,B1|B2|B3|B4,14499809591671/3435973836800,True,1,1,412316865291/6871947673600,01111000000000
wheel_W4__b8__leaf_offset0,47,five_move_reduced,B0|B1|B2|B3|B4,700079669423/214748364800,True,1,1,13606456388903/6871947673600,00000111000000
wheel_W4__b8__leaf_offset0,47,five_move_reduced,B5,229780750361/214748364800,True,1,1,412316863601/137438953472,00000100000000
wheel_W4__b8__leaf_offset0,47,five_move_reduced,B0|B5,14362370638649/6871947673600,True,1,1,20066087252087/6871947673600,10000100000000
wheel_W4__b8__leaf_offset0,47,five_move_reduced,B1|B5,7249904796073/3435973836800,True,1,1,3161096009431/3435973836800,01000100000000
wheel_W4__b8__leaf_offset0,47,five_move_reduced,B0|B1|B5,21509196219243/6871947673600,True,1,1,3161096009431/3435973836800,11000100000000
wheel_W4__b8__leaf_offset0,47,five_move_reduced,B2|B5,3504693313761/1717986918400,True,1,1,412316863601/137438953472,00100100000000
wheel_W4__b8__leaf_offset0,47,five_move_reduced,B0|B2|B5,21028159882141/6871947673600,True,1,1,16355235467693/6871947673600,10100100000000
wheel_W4__b8__leaf_offset0,47,five_move_reduced,B1|B2|B5,10582799417819/3435973836800,True,1,1,3161096009431/3435973836800,01100100000000
wheel_W4__b8__leaf_offset0,47,five_move_reduced,B0|B1|B2|B5,5634997092547/1374389534720,True,1,1,412316861301/1374389534720,11100100000000
wheel_W4__b8__leaf_offset0,47,five_move_reduced,B3|B5,377957122073/171798691840,True,1,1,412316863601/137438953472,00010100000000
wheel_W4__b8__leaf_offset0,47,five_move_reduced,B0|B3|B5,22127671510017/6871947673600,True,1,1,14156212211941/6871947673600,10010100000000
wheel_W4__b8__leaf_offset0,47,five_move_reduced,B1|B3|B5,11132555231757/3435973836800,True,1,1,3161096009431/3435973836800,01010100000000
wheel_W4__b8__leaf_offset0,47,five_move_reduced,B0|B1|B3|B5,7284264535341/1717986918400,True,1,1,137438949247/6871947673600,00101011000000
wheel_W4__b8__leaf_offset0,47,five_move_reduced,B2|B3|B5,5446018531603/1717986918400,True,1,1,14843406979151/6871947673600,00110100000000
wheel_W4__b8__leaf_offset0,47,five_move_reduced,B0|B2|B3|B5,28793460753509/6871947673600,True,1,1,824633724957/6871947673600,10110100000000
wheel_W4__b8__leaf_offset0,47,five_move_reduced,B1|B2|B3|B5,14465449853503/3435973836800,True,1,1,549755817963/6871947673600,01110100000000
wheel_W4__b8__leaf_offset0,47,five_move_reduced,B0|B1|B2|B3|B5,1404454306117/429496729600,True,1,1,13469017436231/6871947673600,00001011000000
wheel_W4__b8__leaf_offset0,47,five_move_reduced,B4|B5,184683593743/85899345920,True,1,1,3848290706101/1374389534720,00001100000000
wheel_W4__b8__leaf_offset0,47,five_move_reduced,B0|B4|B5,21784074126537/6871947673600,True,1,1,5222680276311/6871947673600,10001100000000
wheel_W4__b8__leaf_offset0,47,five_move_reduced,B1|B4|B5,10960756540017/3435973836800,True,1,1,3161096009431/3435973836800,01001100000000
wheel_W4__b8__leaf_offset0,47,five_move_reduced,B0|B1|B4|B5,54895051127/13421772800,True,1,1,824633530107/6871947673600,00000000011110
wheel_W4__b8__leaf_offset0,47,five_move_reduced,B2|B4|B5,5360119185733/1717986918400,True,1,1,15530601746111/6871947673600,00101100000000
wheel_W4__b8__leaf_offset0,47,five_move_reduced,B0|B2|B4|B5,28449863370029/6871947673600,True,1,1,1511828491917/6871947673600,10101100000000
wheel_W4__b8__leaf_offset0,47,five_move_reduced,B1|B2|B4|B5,14293651161763/3435973836800,True,1,1,1236950584923/6871947673600,01101100000000
wheel_W4__b8__leaf_offset0,47,five_move_reduced,B0|B1|B2|B4|B5,2851858285169/858993459200,True,1,1,738734416087/858993459200,00010011000000
wheel_W4__b8__leaf_offset0,47,five_move_reduced,B3|B4|B5,2817498546351/858993459200,True,1,1,13331578490359/6871947673600,00011100000000
wheel_W4__b8__leaf_offset0,47,five_move_reduced,B0|B3|B4|B5,2886218023407/687194767360,True,1,1,137438952767/1374389534720,01100011000000
wheel_W4__b8__leaf_offset0,47,five_move_reduced,B1|B3|B4|B5,28724741280573/6871947673600,True,1,1,962072670829/6871947673600,10100011000000
wheel_W4__b8__leaf_offset0,47,five_move_reduced,B0|B1|B3|B4|B5,5428838663369/1717986918400,True,1,1,1786706461911/1717986918400,00100011000000
wheel_W4__b8__leaf_offset0,47,five_move_reduced,B2|B3|B4|B5,292057776143/68719476736,True,1,1,135/274877906944,00111100000000
wheel_W4__b8__leaf_offset0,47,five_move_reduced,B0|B2|B3|B4|B5,11098195495289/3435973836800,True,1,1,14018773250819/6871947673600,01000011000000
wheel_W4__b8__leaf_offset0,47,five_move_reduced,B1|B2|B3|B4|B5,22058952037081/6871947673600,True,1,1,14293651157813/6871947673600,10000011000000
wheel_W4__b8__leaf_offset0,47,five_move_reduced,B0|B1|B2|B3|B4|B5,235149459531/107374182400,True,1,1,5119601083657/1717986918400,00000011000000
wheel_W4__b8__leaf_offset0,47,five_move_reduced,B6,22548578309/21474836480,True,1,1,5119601083657/1717986918400,00000010000000
wheel_W4__b8__leaf_offset0,47,five_move_reduced,B0|B6,14224931685977/6871947673600,True,1,1,20066087252087/6871947673600,10000010000000
wheel_W4__b8__leaf_offset0,47,five_move_reduced,B1|B6,7181185319737/3435973836800,True,1,1,5119601083657/1717986918400,01000010000000
wheel_W4__b8__leaf_offset0,47,five_move_reduced,B0|B1|B6,21371757266571/6871947673600,True,1,1,15668040698833/6871947673600,11000010000000
wheel_W4__b8__leaf_offset0,47,five_move_reduced,B2|B6,3470333575593/1717986918400,True,1,1,1786706461911/1717986918400,00100010000000
wheel_W4__b8__leaf_offset0,47,five_move_reduced,B0|B2|B6,20890720929469/6871947673600,True,1,1,1786706461911/1717986918400,10100010000000
wheel_W4__b8__leaf_offset0,47,five_move_reduced,B1|B2|B6,10514079941483/3435973836800,True,1,1,1786706461911/1717986918400,01100010000000
wheel_W4__b8__leaf_offset0,47,five_move_reduced,B0|B1|B2|B6,28037546510063/6871947673600,True,1,1,2336462211849/6871947673600,11100010000000
wheel_W4__b8__leaf_offset0,47,five_move_reduced,B3|B6,1872605741281/858993459200,True,1,1,5119601083657/1717986918400,00010010000000
wheel_W4__b8__leaf_offset0,47,five_move_reduced,B0|B3|B6,4398046511469/1374389534720,True,1,1,2886218023457/1374389534720,10010010000000
wheel_W4__b8__leaf_offset0,47,five_move_reduced,B1|B3|B6,11063835755421/3435973836800,True,1,1,14156212210291/6871947673600,01010010000000
wheel_W4__b8__leaf_offset0,47,five_move_reduced,B0|B1|B3|B6,29137058137939/6871947673600,True,1,1,137438956097/6871947673600,11010010000000
wheel_W4__b8__leaf_offset0,47,five_move_reduced,B2|B3|B6,1082331758687/343597383680,True,1,1,1786706461911/1717986918400,00110010000000
wheel_W4__b8__leaf_offset0,47,five_move_reduced,B0|B2|B3|B6,28656021800837/6871947673600,True,1,1,1099511630301/6871947673600,10110010000000
wheel_W4__b8__leaf_offset0,47,five_move_reduced,B1|B2|B3|B6,14396730377167/3435973836800,True,1,1,824633723307/6871947673600,01110010000000
wheel_W4__b8__leaf_offset0,47,five_move_reduced,B0|B1|B2|B3|B6,1413044240659/429496729600,True,1,1,13194139530887/6871947673600,00001101000000
wheel_W4__b8__leaf_offset0,47,five_move_reduced,B4|B6,914828034173/429496729600,True,1,1,3848290706101/1374389534720,00001010000000
wheel_W4__b8__leaf_offset0,47,five_move_reduced,B0|B4|B6,4329327034773/1374389534720,True,1,1,5222680276311/6871947673600,10001010000000
wheel_W4__b8__leaf_offset0,47,five_move_reduced,B1|B4|B6,10892037063681/3435973836800,True,1,1,14843406977251/6871947673600,01001010000000
wheel_W4__b8__leaf_offset0,47,five_move_reduced,B0|B1|B4|B6,28793460754459/6871947673600,True,1,1,824633723057/6871947673600,11001010000000
wheel_W4__b8__leaf_offset0,47,five_move_reduced,B2|B4|B6,1065151889513/343597383680,True,1,1,1786706461911/1717986918400,00101010000000
wheel_W4__b8__leaf_offset0,47,five_move_reduced,B0|B2|B4|B6,109521667173/26843545600,True,1,1,274877621069/6871947673600,00000000101101
wheel_W4__b8__leaf_offset0,47,five_move_reduced,B1|B2|B4|B6,14224931685427/3435973836800,True,1,1,1511828490267/6871947673600,01101010000000
wheel_W4__b8__leaf_offset0,47,five_move_reduced,B0|B1|B2|B4|B6,2869038154253/858993459200,True,1,1,738734416087/858993459200,00010101000000
wheel_W4__b8__leaf_offset0,47,five_move_reduced,B3|B4|B6,2800318677267/858993459200,True,1,1,13606456395703/6871947673600,00011010000000
wheel_W4__b8__leaf_offset0,47,five_move_reduced,B0|B3|B4|B6,14499809593371/3435973836800,True,1,1,412316858491/6871947673600,01100101000000
wheel_W4__b8__leaf_offset0,47,five_move_reduced,B1|B3|B4|B6,5772436046649/1374389534720,True,1,1,137438953097/1374389534720,10100101000000
wheel_W4__b8__leaf_offset0,47,five_move_reduced,B0|B1|B3|B4|B6,5463198401537/1717986918400,True,1,1,14705968019679/6871947673600,00100101000000
wheel_W4__b8__leaf_offset0,47,five_move_reduced,B2|B3|B4|B6,7267084665407/1717986918400,True,1,1,274877908719/6871947673600,00111010000000
wheel_W4__b8__leaf_offset0,47,five_move_reduced,B0|B2|B3|B4|B6,446676598865/137438953472,True,1,1,3161096009431/3435973836800,01000101000000
wheel_W4__b8__leaf_offset0,47,five_move_reduced,B1|B2|B3|B4|B6,22196390989753/6871947673600,True,1,1,14018773252469/6871947673600,10000101000000
wheel_W4__b8__leaf_offset0,47,five_move_reduced,B0|B1|B2|B3|B4|B6,474593886333/214748364800,True,1,1,412316863601/137438953472,00000101000000
wheel_W4__b8__leaf_offset0,47,five_move_reduced,B5|B6,455266533451/214748364800,True,1,1,5119601083657/1717986918400,00000110000000
wheel_W4__b8__leaf_offset0,47,five_move_reduced,B0|B5|B6,21577915697529/6871947673600,True,1,1,15255723836917/6871947673600,10000110000000
wheel_W4__b8__leaf_offset0,47,five_move_reduced,B1|B5|B6,10857677325513/3435973836800,True,1,1,3161096009431/3435973836800,01000110000000
wheel_W4__b8__leaf_offset0,47,five_move_reduced,B0|B1|B5|B6,28724741278123/6871947673600,True,1,1,962072675729/6871947673600,11000110000000
wheel_W4__b8__leaf_offset0,47,five_move_reduced,B2|B5|B6,5308579578481/1717986918400,True,1,1,1786706461911/1717986918400,00100110000000
wheel_W4__b8__leaf_offset0,47,five_move_reduced,B0|B2|B5|B6,28243704941021/6871947673600,True,1,1,1924145349933/6871947673600,10100110000000
wheel_W4__b8__leaf_offset0,47,five_move_reduced,B1|B2|B5|B6,104958264571/26843545600,True,1,1,755914082171/3435973836800,00000000110011
wheel_W4__b8__leaf_offset0,47,five_move_reduced,B0|B1|B2|B5|B6,575525617759/171798691840,True,1,1,738734416087/858993459200,00011001000000
wheel_W4__b8__leaf_offset0,47,five_move_reduced,B3|B5|B6,111669149709/34359738368,True,1,1,549755813935/274877906944,00010110000000
wheel_W4__b8__leaf_offset0,47,five_move_reduced,B0|B3|B5|B6,14534169331539/3435973836800,True,1,1,274877905819/6871947673600,01101001000000
wheel_W4__b8__leaf_offset0,47,five_move_reduced,B1|B3|B5|B6,28930899709581/6871947673600,True,1,1,549755812813/6871947673600,10101001000000
wheel_W4__b8__leaf_offset0,47,five_move_reduced,B0|B1|B3|B5|B6,5480378270621/1717986918400,True,1,1,14568529067007/6871947673600,00101001000000
wheel_W4__b8__leaf_offset0,47,five_move_reduced,B2|B3|B5|B6,7249904796323/1717986918400,True,1,1,412316861391/6871947673600,00110110000000
wheel_W4__b8__leaf_offset0,47,five_move_reduced,B0|B2|B3|B5|B6,11201274709793/3435973836800,True,1,1,13606456392803/6871947673600,01001001000000
wheel_W4__b8__leaf_offset0,47,five_move_reduced,B1|B2|B3|B5|B6,22265110466089/6871947673600,True,1,1,5222680276311/6871947673600,10001001000000
wheel_W4__b8__leaf_offset0,47,five_move_reduced,B0|B1|B2|B3|B5|B6,953482739937/429496729600,True,1,1,3848290706101/1374389534720,00001001000000
wheel_W4__b8__leaf_offset0,47,five_move_reduced,B4|B5|B6,274877906979/85899345920,True,1,1,2886218023067/1374389534720,00001110000000
wheel_W4__b8__leaf_offset0,47,five_move_reduced,B0|B4|B5|B6,28999619185417/6871947673600,True,1,1,412316861141/6871947673600,10001110000000
wheel_W4__b8__leaf_offset0,47,five_move_reduced,B1|B4|B5|B6,14568529069457/3435973836800,True,1,1,137438954147/6871947673600,01001110000000
wheel_W4__b8__leaf_offset0,47,five_move_reduced,B0|B1|B4|B5|B6,5566277616491/1717986918400,True,1,1,738734416087/858993459200,00110001000000
wheel_W4__b8__leaf_offset0,47,five_move_reduced,B2|B4|B5|B6,7164005450453/1717986918400,True,1,1,1099511628351/6871947673600,00101110000000
wheel_W4__b8__leaf_offset0,47,five_move_reduced,B0|B2|B4|B5|B6,11373073401533/3435973836800,True,1,1,738734416087/858993459200,01010001000000
wheel_W4__b8__leaf_offset0,47,five_move_reduced,B1|B2|B4|B5|B6,22608707849569/6871947673600,True,1,1,738734416087/858993459200,10010001000000
wheel_W4__b8__leaf_offset0,47,five_move_reduced,B0|B1|B2|B4|B5|B6,1949915152809/858993459200,True,1,1,738734416087/858993459200,00010001000000
wheel_W4__b8__leaf_offset0,47,five_move_reduced,B3|B4|B5|B6,28656021802287/6871947673600,True,1,1,1099511627401/6871947673600,11100001000000
wheel_W4__b8__leaf_offset0,47,five_move_reduced,B0|B3|B4|B5|B6,2164663517519/687194767360,True,1,1,3023656976319/1374389534720,01100001000000
wheel_W4__b8__leaf_offset0,47,five_move_reduced,B1|B3|B4|B5|B6,21509196221693/6871947673600,True,1,1,15393162788589/6871947673600,10100001000000
wheel_W4__b8__leaf_offset0,47,five_move_reduced,B0|B1|B3|B4|B5|B6,3624952398649/1717986918400,True,1,1,2680059633929/858993459200,00100001000000
wheel_W4__b8__leaf_offset0,47,five_move_reduced,B2|B3|B4|B5|B6,4398046511759/1374389534720,True,1,1,2886218022877/1374389534720,11000001000000
wheel_W4__b8__leaf_offset0,47,five_move_reduced,B0|B2|B3|B4|B5|B6,7490422965849/3435973836800,True,1,1,10514080020983/3435973836800,01000001000000
wheel_W4__b8__leaf_offset0,47,five_move_reduced,B1|B2|B3|B4|B5|B6,14843406978201/6871947673600,True,1,1,20066087252087/6871947673600,10000001000000
wheel_W4__b8__leaf_offset0,47,five_move_reduced,B0|B1|B2|B3|B4|B5|B6,61203283993/53687091200,True,1,1,2680059633929/858993459200,00000001000000
wheel_W4__b8__leaf_offset0,47,five_move_reduced,B7,61203283993/53687091200,True,1,1,2680059633929/858993459200,00000001000000
wheel_W4__b8__leaf_offset0,47,five_move_reduced,B0|B7,14843406978201/6871947673600,True,1,1,20066087252087/6871947673600,10000001000000
wheel_W4__b8__leaf_offset0,47,five_move_reduced,B1|B7,7490422965849/3435973836800,True,1,1,10514080020983/3435973836800,01000001000000
wheel_W4__b8__leaf_offset0,47,five_move_reduced,B0|B1|B7,4398046511759/1374389534720,True,1,1,2886218022877/1374389534720,11000001000000
wheel_W4__b8__leaf_offset0,47,five_move_reduced,B2|B7,3624952398649/1717986918400,True,1,1,2680059633929/858993459200,00100001000000
wheel_W4__b8__leaf_offset0,47,five_move_reduced,B0|B2|B7,21509196221693/6871947673600,True,1,1,15393162788589/6871947673600,10100001000000
wheel_W4__b8__leaf_offset0,47,five_move_reduced,B1|B2|B7,2164663517519/687194767360,True,1,1,3023656976319/1374389534720,01100001000000
wheel_W4__b8__leaf_offset0,47,five_move_reduced,B0|B1|B2|B7,28656021802287/6871947673600,True,1,1,1099511627401/6871947673600,11100001000000
wheel_W4__b8__leaf_offset0,47,five_move_reduced,B3|B7,1949915152809/858993459200,True,1,1,738734416087/858993459200,00010001000000
wheel_W4__b8__leaf_offset0,47,five_move_reduced,B0|B3|B7,22608707849569/6871947673600,True,1,1,738734416087/858993459200,10010001000000
wheel_W4__b8__leaf_offset0,47,five_move_reduced,B1|B3|B7,11373073401533/3435973836800,True,1,1,738734416087/858993459200,01010001000000
wheel_W4__b8__leaf_offset0,47,five_move_reduced,B0|B1|B3|B7,7164005450453/1717986918400,True,1,1,1099511628351/6871947673600,00101110000000
wheel_W4__b8__leaf_offset0,47,five_move_reduced,B2|B3|B7,5566277616491/1717986918400,True,1,1,738734416087/858993459200,00110001000000
wheel_W4__b8__leaf_offset0,47,five_move_reduced,B0|B2|B3|B7,14568529069457/3435973836800,True,1,1,137438954147/6871947673600,01001110000000
wheel_W4__b8__leaf_offset0,47,five_move_reduced,B1|B2|B3|B7,28999619185417/6871947673600,True,1,1,412316861141/6871947673600,10001110000000
wheel_W4__b8__leaf_offset0,47,five_move_reduced,B0|B1|B2|B3|B7,274877906979/85899345920,True,1,1,2886218023067/1374389534720,00001110000000
wheel_W4__b8__leaf_offset0,47,five_move_reduced,B4|B7,953482739937/429496729600,True,1,1,3848290706101/1374389534720,00001001000000
wheel_W4__b8__leaf_offset0,47,five_move_reduced,B0|B4|B7,22265110466089/6871947673600,True,1,1,5222680276311/6871947673600,10001001000000
wheel_W4__b8__leaf_offset0,47,five_move_reduced,B1|B4|B7,11201274709793/3435973836800,True,1,1,13606456392803/6871947673600,01001001000000
wheel_W4__b8__leaf_offset0,47,five_move_reduced,B0|B1|B4|B7,7249904796323/1717986918400,True,1,1,412316861391/6871947673600,00110110000000
wheel_W4__b8__leaf_offset0,47,five_move_reduced,B2|B4|B7,5480378270621/1717986918400,True,1,1,14568529067007/6871947673600,00101001000000
wheel_W4__b8__leaf_offset0,47,five_move_reduced,B0|B2|B4|B7,28930899709581/6871947673600,True,1,1,549755812813/6871947673600,10101001000000
wheel_W4__b8__leaf_offset0,47,five_move_reduced,B1|B2|B4|B7,14534169331539/3435973836800,True,1,1,274877905819/6871947673600,01101001000000
wheel_W4__b8__leaf_offset0,47,five_move_reduced,B0|B1|B2|B4|B7,111669149709/34359738368,True,1,1,549755813935/274877906944,00010110000000
wheel_W4__b8__leaf_offset0,47,five_move_reduced,B3|B4|B7,575525617759/171798691840,True,1,1,738734416087/858993459200,00011001000000
wheel_W4__b8__leaf_offset0,47,five_move_reduced,B0|B3|B4|B7,104958264571/26843545600,True,1,1,755914082171/3435973836800,00000000110011
wheel_W4__b8__leaf_offset0,47,five_move_reduced,B1|B3|B4|B7,28243704941021/6871947673600,True,1,1,1924145349933/6871947673600,10100110000000
wheel_W4__b8__leaf_offset0,47,five_move_reduced,B0|B1|B3|B4|B7,5308579578481/1717986918400,True,1,1,1786706461911/1717986918400,00100110000000
wheel_W4__b8__leaf_offset0,47,five_move_reduced,B2|B3|B4|B7,28724741278123/6871947673600,True,1,1,962072675729/6871947673600,11000110000000
wheel_W4__b8__leaf_offset0,47,five_move_reduced,B0|B2|B3|B4|B7,10857677325513/3435973836800,True,1,1,3161096009431/3435973836800,01000110000000
wheel_W4__b8__leaf_offset0,47,five_move_reduced,B1|B2|B3|B4|B7,21577915697529/6871947673600,True,1,1,15255723836917/6871947673600,10000110000000
wheel_W4__b8__leaf_offset0,47,five_move_reduced,B0|B1|B2|B3|B4|B7,455266533451/214748364800,True,1,1,5119601083657/1717986918400,00000110000000
wheel_W4__b8__leaf_offset0,47,five_move_reduced,B5|B7,474593886333/214748364800,True,1,1,412316863601/137438953472,00000101000000
wheel_W4__b8__leaf_offset0,47,five_move_reduced,B0|B5|B7,22196390989753/6871947673600,True,1,1,14018773252469/6871947673600,10000101000000
wheel_W4__b8__leaf_offset0,47,five_move_reduced,B1|B5|B7,446676598865/137438953472,True,1,1,3161096009431/3435973836800,01000101000000
wheel_W4__b8__leaf_offset0,47,five_move_reduced,B0|B1|B5|B7,7267084665407/1717986918400,True,1,1,274877908719/6871947673600,00111010000000
wheel_W4__b8__leaf_offset0,47,five_move_reduced,B2|B5|B7,5463198401537/1717986918400,True,1,1,14705968019679/6871947673600,00100101000000
wheel_W4__b8__leaf_offset0,47,five_move_reduced,B0|B2|B5|B7,5772436046649/1374389534720,True,1,1,137438953097/1374389534720,10100101000000
wheel_W4__b8__leaf_offset0,47,five_move_reduced,B1|B2|B5|B7,14499809593371/3435973836800,True,1,1,412316858491/6871947673600,01100101000000
wheel_W4__b8__leaf_offset0,47,five_move_reduced,B0|B1|B2|B5|B7,2800318677267/858993459200,True,1,1,13606456395703/6871947673600,00011010000000
wheel_W4__b8__leaf_offset0,47,five_move_reduced,B3|B5|B7,2869038154253/858993459200,True,1,1,738734416087/858993459200,00010101000000
wheel_W4__b8__leaf_offset0,47,five_move_reduced,B0|B3|B5|B7,14224931685427/3435973836800,True,1,1,1511828490267/6871947673600,01101010000000
wheel_W4__b8__leaf_offset0,47,five_move_reduced,B1|B3|B5|B7,109521667173/26843545600,True,1,1,274877621069/6871947673600,00000000101101
wheel_W4__b8__leaf_offset0,47,five_move_reduced,B0|B1|B3|B5|B7,1065151889513/343597383680,True,1,1,1786706461911/1717986918400,00101010000000
wheel_W4__b8__leaf_offset0,47,five_move_reduced,B2|B3|B5|B7,28793460754459/6871947673600,True,1,1,824633723057/6871947673600,11001010000000
wheel_W4__b8__leaf_offset0,47,five_move_reduced,B0|B2|B3|B5|B7,10892037063681/3435973836800,True,1,1,14843406977251/6871947673600,01001010000000
wheel_W4__b8__leaf_offset0,47,five_move_reduced,B1|B2|B3|B5|B7,4329327034773/1374389534720,True,1,1,5222680276311/6871947673600,10001010000000
wheel_W4__b8__leaf_offset0,47,five_move_reduced,B0|B1|B2|B3|B5|B7,914828034173/429496729600,True,1,1,3848290706101/1374389534720,00001010000000
wheel_W4__b8__leaf_offset0,47,five_move_reduced,B4|B5|B7,1413044240659/429496729600,True,1,1,13194139530887/6871947673600,00001101000000
wheel_W4__b8__leaf_offset0,47,five_move_reduced,B0|B4|B5|B7,14396730377167/3435973836800,True,1,1,824633723307/6871947673600,01110010000000
wheel_W4__b8__leaf_offset0,47,five_move_reduced,B1|B4|B5|B7,28656021800837/6871947673600,True,1,1,1099511630301/6871947673600,10110010000000
wheel_W4__b8__leaf_offset0,47,five_move_reduced,B0|B1|B4|B5|B7,1082331758687/343597383680,True,1,1,1786706461911/1717986918400,00110010000000
wheel_W4__b8__leaf_offset0,47,five_move_reduced,B2|B4|B5|B7,29137058137939/6871947673600,True,1,1,137438956097/6871947673600,11010010000000
wheel_W4__b8__leaf_offset0,47,five_move_reduced,B0|B2|B4|B5|B7,11063835755421/3435973836800,True,1,1,14156212210291/6871947673600,01010010000000
wheel_W4__b8__leaf_offset0,47,five_move_reduced,B1|B2|B4|B5|B7,4398046511469/1374389534720,True,1,1,2886218023457/1374389534720,10010010000000
wheel_W4__b8__leaf_offset0,47,five_move_reduced,B0|B1|B2|B4|B5|B7,1872605741281/858993459200,True,1,1,5119601083657/1717986918400,00010010000000
wheel_W4__b8__leaf_offset0,47,five_move_reduced,B3|B4|B5|B7,28037546510063/6871947673600,True,1,1,2336462211849/6871947673600,11100010000000
wheel_W4__b8__leaf_offset0,47,five_move_reduced,B0|B3|B4|B5|B7,10514079941483/3435973836800,True,1,1,1786706461911/1717986918400,01100010000000
wheel_W4__b8__leaf_offset0,47,five_move_reduced,B1|B3|B4|B5|B7,20890720929469/6871947673600,True,1,1,1786706461911/1717986918400,10100010000000
wheel_W4__b8__leaf_offset0,47,five_move_reduced,B0|B1|B3|B4|B5|B7,3470333575593/1717986918400,True,1,1,1786706461911/1717986918400,00100010000000
wheel_W4__b8__leaf_offset0,47,five_move_reduced,B2|B3|B4|B5|B7,21371757266571/6871947673600,True,1,1,15668040698833/6871947673600,11000010000000
wheel_W4__b8__leaf_offset0,47,five_move_reduced,B0|B2|B3|B4|B5|B7,7181185319737/3435973836800,True,1,1,5119601083657/1717986918400,01000010000000
wheel_W4__b8__leaf_offset0,47,five_move_reduced,B1|B2|B3|B4|B5|B7,14224931685977/6871947673600,True,1,1,20066087252087/6871947673600,10000010000000
wheel_W4__b8__leaf_offset0,47,five_move_reduced,B0|B1|B2|B3|B4|B5|B7,22548578309/21474836480,True,1,1,5119601083657/1717986918400,00000010000000
wheel_W4__b8__leaf_offset0,47,five_move_reduced,B6|B7,235149459531/107374182400,True,1,1,5119601083657/1717986918400,00000011000000
wheel_W4__b8__leaf_offset0,47,five_move_reduced,B0|B6|B7,22058952037081/6871947673600,True,1,1,14293651157813/6871947673600,10000011000000
wheel_W4__b8__leaf_offset0,47,five_move_reduced,B1|B6|B7,11098195495289/3435973836800,True,1,1,14018773250819/6871947673600,01000011000000
wheel_W4__b8__leaf_offset0,47,five_move_reduced,B0|B1|B6|B7,292057776143/68719476736,True,1,1,135/274877906944,00111100000000
wheel_W4__b8__leaf_offset0,47,five_move_reduced,B2|B6|B7,5428838663369/1717986918400,True,1,1,1786706461911/1717986918400,00100011000000
wheel_W4__b8__leaf_offset0,47,five_move_reduced,B0|B2|B6|B7,28724741280573/6871947673600,True,1,1,962072670829/6871947673600,10100011000000
wheel_W4__b8__leaf_offset0,47,five_move_reduced,B1|B2|B6|B7,2886218023407/687194767360,True,1,1,137438952767/1374389534720,01100011000000
wheel_W4__b8__leaf_offset0,47,five_move_reduced,B0|B1|B2|B6|B7,2817498546351/858993459200,True,1,1,13331578490359/6871947673600,00011100000000
wheel_W4__b8__leaf_offset0,47,five_move_reduced,B3|B6|B7,2851858285169/858993459200,True,1,1,738734416087/858993459200,00010011000000
wheel_W4__b8__leaf_offset0,47,five_move_reduced,B0|B3|B6|B7,14293651161763/3435973836800,True,1,1,1236950584923/6871947673600,01101100000000
wheel_W4__b8__leaf_offset0,47,five_move_reduced,B1|B3|B6|B7,28449863370029/6871947673600,True,1,1,1511828491917/6871947673600,10101100000000
wheel_W4__b8__leaf_offset0,47,five_move_reduced,B0|B1|B3|B6|B7,5360119185733/1717986918400,True,1,1,15530601746111/6871947673600,00101100000000
wheel_W4__b8__leaf_offset0,47,five_move_reduced,B2|B3|B6|B7,54895051127/13421772800,True,1,1,824633530107/6871947673600,00000000011110
wheel_W4__b8__leaf_offset0,47,five_move_reduced,B0|B2|B3|B6|B7,10960756540017/3435973836800,True,1,1,3161096009431/3435973836800,01001100000000
wheel_W4__b8__leaf_offset0,47,five_move_reduced,B1|B2|B3|B6|B7,21784074126537/6871947673600,True,1,1,5222680276311/6871947673600,10001100000000
wheel_W4__b8__leaf_offset0,47,five_move_reduced,B0|B1|B2|B3|B6|B7,184683593743/85899345920,True,1,1,3848290706101/1374389534720,00001100000000
wheel_W4__b8__leaf_offset0,47,five_move_reduced,B4|B6|B7,1404454306117/429496729600,True,1,1,13469017436231/6871947673600,00001011000000
wheel_W4__b8__leaf_offset0,47,five_move_reduced,B0|B4|B6|B7,14465449853503/3435973836800,True,1,1,549755817963/6871947673600,01110100000000
wheel_W4__b8__leaf_offset0,47,five_move_reduced,B1|B4|B6|B7,28793460753509/6871947673600,True,1,1,824633724957/6871947673600,10110100000000
wheel_W4__b8__leaf_offset0,47,five_move_reduced,B0|B1|B4|B6|B7,5446018531603/1717986918400,True,1,1,14843406979151/6871947673600,00110100000000
wheel_W4__b8__leaf_offset0,47,five_move_reduced,B2|B4|B6|B7,7284264535341/1717986918400,True,1,1,137438949247/6871947673600,00101011000000
wheel_W4__b8__leaf_offset0,47,five_move_reduced,B0|B2|B4|B6|B7,11132555231757/3435973836800,True,1,1,3161096009431/3435973836800,01010100000000
wheel_W4__b8__leaf_offset0,47,five_move_reduced,B1|B2|B4|B6|B7,22127671510017/6871947673600,True,1,1,14156212211941/6871947673600,10010100000000
wheel_W4__b8__leaf_offset0,47,five_move_reduced,B0|B1|B2|B4|B6|B7,377957122073/171798691840,True,1,1,412316863601/137438953472,00010100000000
wheel_W4__b8__leaf_offset0,47,five_move_reduced,B3|B4|B6|B7,5634997092547/1374389534720,True,1,1,412316861301/1374389534720,11100100000000
wheel_W4__b8__leaf_offset0,47,five_move_reduced,B0|B3|B4|B6|B7,10582799417819/3435973836800,True,1,1,3161096009431/3435973836800,01100100000000
wheel_W4__b8__leaf_offset0,47,five_move_reduced,B1|B3|B4|B6|B7,21028159882141/6871947673600,True,1,1,16355235467693/6871947673600,10100100000000
wheel_W4__b8__leaf_offset0,47,five_move_reduced,B0|B1|B3|B4|B6|B7,3504693313761/1717986918400,True,1,1,412316863601/137438953472,00100100000000
wheel_W4__b8__leaf_offset0,47,five_move_reduced,B2|B3|B4|B6|B7,21509196219243/6871947673600,True,1,1,3161096009431/3435973836800,11000100000000
wheel_W4__b8__leaf_offset0,47,five_move_reduced,B0|B2|B3|B4|B6|B7,7249904796073/3435973836800,True,1,1,3161096009431/3435973836800,01000100000000
wheel_W4__b8__leaf_offset0,47,five_move_reduced,B1|B2|B3|B4|B6|B7,14362370638649/6871947673600,True,1,1,20066087252087/6871947673600,10000100000000
wheel_W4__b8__leaf_offset0,47,five_move_reduced,B0|B1|B2|B3|B4|B6|B7,229780750361/214748364800,True,1,1,412316863601/137438953472,00000100000000
wheel_W4__b8__leaf_offset0,47,five_move_reduced,B5|B6|B7,700079669423/214748364800,True,1,1,13606456388903/6871947673600,00000111000000
wheel_W4__b8__leaf_offset0,47,five_move_reduced,B0|B5|B6|B7,14499809591671/3435973836800,True,1,1,412316865291/6871947673600,01111000000000
wheel_W4__b8__leaf_offset0,47,five_move_reduced,B1|B5|B6|B7,5772436045969/1374389534720,True,1,1,137438954457/1374389534720,10111000000000
wheel_W4__b8__leaf_offset0,47,five_move_reduced,B0|B1|B5|B6|B7,5463198400687/1717986918400,True,1,1,14705968026479/6871947673600,00111000000000
wheel_W4__b8__leaf_offset0,47,five_move_reduced,B2|B5|B6|B7,7267084666257/1717986918400,True,1,1,274877901919/6871947673600,00100111000000
wheel_W4__b8__leaf_offset0,47,five_move_reduced,B0|B2|B5|B6|B7,446676598797/137438953472,True,1,1,549755814091/274877906944,01011000000000
wheel_W4__b8__leaf_offset0,47,five_move_reduced,B1|B2|B5|B6|B7,22196390986353/6871947673600,True,1,1,5222680276311/6871947673600,10011000000000
wheel_W4__b8__leaf_offset0,47,five_move_reduced,B0|B1|B2|B5|B6|B7,1898375544907/858993459200,True,1,1,3848290706101/1374389534720,00011000000000
wheel_W4__b8__leaf_offset0,47,five_move_reduced,B3|B5|B6|B7,28243704939071/6871947673600,True,1,1,1924145353833/6871947673600,11101000000000
wheel_W4__b8__leaf_offset0,47,five_move_reduced,B0|B3|B5|B6|B7,10617159155987/3435973836800,True,1,1,15942918608027/6871947673600,01101000000000
wheel_W4__b8__leaf_offset0,47,five_move_reduced,B1|B3|B5|B6|B7,21096879358477/6871947673600,True,1,1,5222680276311/6871947673600,10101000000000
wheel_W4__b8__leaf_offset0,47,five_move_reduced,B0|B1|B3|B5|B6|B7,704374636569/343597383680,True,1,1,3848290706101/1374389534720,00101000000000
wheel_W4__b8__leaf_offset0,47,five_move_reduced,B2|B3|B5|B6|B7,21577915695579/6871947673600,True,1,1,5222680276311/6871947673600,11001000000000
wheel_W4__b8__leaf_offset0,47,five_move_reduced,B0|B2|B3|B5|B6|B7,7284264534241/3435973836800,True,1,1,3848290706101/1374389534720,01001000000000
wheel_W4__b8__leaf_offset0,47,five_move_reduced,B1|B2|B3|B5|B6|B7,2886218022997/1374389534720,True,1,1,5222680276311/6871947673600,10001000000000
wheel_W4__b8__leaf_offset0,47,five_move_reduced,B0|B1|B2|B3|B5|B6|B7,463856467993/429496729600,True,1,1,3848290706101/1374389534720,00001000000000
wheel_W4__b8__leaf_offset0,47,five_move_reduced,B4|B5|B6|B7,28587302322551/6871947673600,True,1,1,1236950586873/6871947673600,11110000000000
wheel_W4__b8__leaf_offset0,47,five_move_reduced,B0|B4|B5|B6|B7,10788957847727/3435973836800,True,1,1,15255723841067/6871947673600,01110000000000
wheel_W4__b8__leaf_offset0,47,five_move_reduced,B1|B4|B5|B6|B7,21440476741957/6871947673600,True,1,1,15530601748061/6871947673600,10110000000000
wheel_W4__b8__leaf_offset0,47,five_move_reduced,B0|B1|B4|B5|B6|B7,721554505743/343597383680,True,1,1,5394478991351/1717986918400,00110000000000
wheel_W4__b8__leaf_offset0,47,five_move_reduced,B2|B4|B5|B6|B7,21921513079059/6871947673600,True,1,1,14568529073857/6871947673600,11010000000000
wheel_W4__b8__leaf_offset0,47,five_move_reduced,B0|B2|B4|B5|B6|B7,7456063225981/3435973836800,True,1,1,10514080020983/3435973836800,01010000000000
wheel_W4__b8__leaf_offset0,47,five_move_reduced,B1|B2|B4|B5|B6|B7,2954937499693/1374389534720,True,1,1,20066087252087/6871947673600,10010000000000
wheel_W4__b8__leaf_offset0,47,five_move_reduced,B0|B1|B2|B4|B5|B6|B7,970662608921/858993459200,True,1,1,2697239503863/858993459200,00010000000000
wheel_W4__b8__leaf_offset0,47,five_move_reduced,B3|B4|B5|B6|B7,20822001451183/6871947673600,True,1,1,16767552329609/6871947673600,11100000000000
wheel_W4__b8__leaf_offset0,47,five_move_reduced,B0|B3|B4|B5|B6|B7,6906307412043/3435973836800,True,1,1,10514080020983/3435973836800,01100000000000
wheel_W4__b8__leaf_offset0,47,five_move_reduced,B1|B3|B4|B5|B6|B7,13675175870589/6871947673600,True,1,1,20066087252087/6871947673600,10100000000000
wheel_W4__b8__leaf_offset0,47,five_move_reduced,B0|B1|B3|B4|B5|B6|B7,1666447310873/1717986918400,True,1,1,5394478991351/1717986918400,00100000000000
wheel_W4__b8__leaf_offset0,47,five_move_reduced,B2|B3|B4|B5|B6|B7,14156212207691/6871947673600,True,1,1,20066087252087/6871947673600,11000000000000
wheel_W4__b8__leaf_offset0,47,five_move_reduced,B0|B2|B3|B4|B5|B6|B7,3573412790297/3435973836800,True,1,1,10514080020983/3435973836800,01000000000000
wheel_W4__b8__leaf_offset0,47,five_move_reduced,B1|B2|B3|B4|B5|B6|B7,7009386627097/6871947673600,True,1,1,20066087252087/6871947673600,10000000000000
wheel_W4__b8__leaf_offset1,17,raw,B0,7009386627097/6871947673600,True,1,1,21577915855479/6871947673600,10000000000000
wheel_W4__b8__leaf_offset1,17,raw,B1,3573412790297/3435973836800,True,1,1,1992864852299/687194767360,01000000000000
wheel_W4__b8__leaf_offset1,17,raw,B0|B1,14156212207691/6871947673600,True,1,1,1992864852299/687194767360,11000000000000
wheel_W4__b8__leaf_offset1,17,raw,B2,68719476737/68719476736,True,1,1,4964982277751/1717986918400,00100000000000
wheel_W4__b8__leaf_offset1,17,raw,B0|B2,13881334300797/6871947673600,True,1,1,4964982277751/1717986918400,10100000000000
wheel_W4__b8__leaf_offset1,17,raw,B1|B2,7009386627147/3435973836800,True,1,1,4964982277751/1717986918400,01100000000000
wheel_W4__b8__leaf_offset1,17,raw,B0|B1|B2,21028159881391/6871947673600,True,1,1,13606456399753/6871947673600,11100000000000
wheel_W4__b8__leaf_offset1,17,raw,B3,764504178713/858993459200,True,1,1,2654289794903/858993459200,00010000000000
wheel_W4__b8__leaf_offset1,17,raw,B0|B3,13125420056801/6871947673600,True,1,1,2654289794903/858993459200,10010000000000
wheel_W4__b8__leaf_offset1,17,raw,B1|B3,6631429505149/3435973836800,True,1,1,1992864852299/687194767360,01010000000000
wheel_W4__b8__leaf_offset1,17,raw,B0|B1|B3,4054449127479/1374389534720,True,1,1,3023656977549/1374389534720,11010000000000
wheel_W4__b8__leaf_offset1,17,raw,B2|B3,3246995275851/1717986918400,True,1,1,4964982277751/1717986918400,00110000000000
wheel_W4__b8__leaf_offset1,17,raw,B0|B2|B3,19997367730501/6871947673600,True,1,1,15668040701533/6871947673600,10110000000000
wheel_W4__b8__leaf_offset1,17,raw,B1|B2|B3,10067403341999/3435973836800,True,1,1,15393162794539/6871947673600,01110000000000
wheel_W4__b8__leaf_offset1,17,raw,B0|B1|B2|B3,5428838662219/1374389534720,True,1,1,274877908069/1374389534720,11110000000000
wheel_W4__b8__leaf_offset1,17,raw,B4,489626271769/429496729600,True,1,1,3985729682613/1374389534720,00001000000000
wheel_W4__b8__leaf_offset1,17,raw,B0|B4,14843406975401/6871947673600,True,1,1,5909875158871/6871947673600,10001000000000
wheel_W4__b8__leaf_offset1,17,raw,B1|B4,7490422964449/3435973836800,True,1,1,3985729682613/1374389534720,01001000000000
wheel_W4__b8__leaf_offset1,17,raw,B0|B1|B4,4398046511199/1374389534720,True,1,1,5909875158871/6871947673600,11001000000000
wheel_W4__b8__leaf_offset1,17,raw,B2|B4,3676492005501/1717986918400,True,1,1,4964982277751/1717986918400,00101000000000
wheel_W4__b8__leaf_offset1,17,raw,B0|B2|B4,21715354649101/6871947673600,True,1,1,5909875158871/6871947673600,10101000000000
wheel_W4__b8__leaf_offset1,17,raw,B1|B2|B4,10926396801299/3435973836800,True,1,1,11957188957339/6871947673600,01101000000000
wheel_W4__b8__leaf_offset1,17,raw,B0|B1|B2|B4,670014898321/171798691840,True,1,1,412316859371/1374389534720,00010111000000
wheel_W4__b8__leaf_offset1,17,raw,B3|B4,1743756722251/858993459200,True,1,1,3985729682613/1374389534720,00011000000000
wheel_W4__b8__leaf_offset1,17,raw,B0|B3|B4,4191888081021/1374389534720,True,1,1,5909875158871/6871947673600,10011000000000
wheel_W4__b8__leaf_offset1,17,raw,B1|B3|B4,10548439679301/3435973836800,True,1,1,13469017445331/6871947673600,01011000000000
wheel_W4__b8__leaf_offset1,17,raw,B0|B1|B3|B4,6889127544209/1717986918400,True,1,1,549755808863/6871947673600,00100111000000
wheel_W4__b8__leaf_offset1,17,raw,B2|B3|B4,5205500362927/1717986918400,True,1,1,14018773259119/6871947673600,00111000000000
wheel_W4__b8__leaf_offset1,17,raw,B0|B2|B3|B4,5566277615761/1374389534720,True,1,1,197/274877906944,10111000000000
wheel_W4__b8__leaf_offset1,17,raw,B1|B2|B3|B4,27693949130233/6871947673600,True,1,1,274877902069/6871947673600,10000111000000
wheel_W4__b8__leaf_offset1,17,raw,B0|B1|B2|B3|B4,646392578223/214748364800,True,1,1,14293651156263/6871947673600,00000111000000
wheel_W4__b8__leaf_offset1,17,raw,B5,216895848473/214748364800,True,1,1,10170482690953/3435973836800,00000100000000
wheel_W4__b8__leaf_offset1,17,raw,B0|B5,13950053778233/6871947673600,True,1,1,10170482690953/3435973836800,10000100000000
wheel_W4__b8__leaf_offset1,17,raw,B1|B5,1408749273173/687194767360,True,1,1,3023657110359/3435973836800,01000100000000
wheel_W4__b8__leaf_offset1,17,raw,B0|B1|B5,21096879358827/6871947673600,True,1,1,3023657110359/3435973836800,11000100000000
wheel_W4__b8__leaf_offset1,17,raw,B2|B5,3453153706209/1717986918400,True,1,1,4964982277751/1717986918400,00100100000000
wheel_W4__b8__leaf_offset1,17,raw,B0|B2|B5,20822001451933/6871947673600,True,1,1,14018773258669/6871947673600,10100100000000
wheel_W4__b8__leaf_offset1,17,raw,B1|B2|B5,2095944040543/687194767360,True,1,1,3023657110359/3435973836800,01100100000000
wheel_W4__b8__leaf_offset1,17,raw,B0|B1|B2|B5,3461743641251/858993459200,True,1,1,274877902519/6871947673600,00011011000000
wheel_W4__b8__leaf_offset1,17,raw,B3|B5,326417514521/171798691840,True,1,1,10170482690953/3435973836800,00010100000000
wheel_W4__b8__leaf_offset1,17,raw,B0|B3|B5,20066087207937/6871947673600,True,1,1,15530601746661/6871947673600,10010100000000
wheel_W4__b8__leaf_offset1,17,raw,B1|B3|B5,10101763080717/3435973836800,True,1,1,3023657110359/3435973836800,01010100000000
wheel_W4__b8__leaf_offset1,17,raw,B0|B1|B3|B5,27212912788531/6871947673600,True,1,1,1236950585473/6871947673600,11010100000000
wheel_W4__b8__leaf_offset1,17,raw,B2|B3|B5,996432412727/343597383680,True,1,1,3161095930691/1374389534720,00110100000000
wheel_W4__b8__leaf_offset1,17,raw,B0|B2|B3|B5,26938034881637/6871947673600,True,1,1,1786706399261/6871947673600,10110100000000
wheel_W4__b8__leaf_offset1,17,raw,B1|B2|B3|B5,13537736917567/3435973836800,True,1,1,1511828492267/6871947673600,01110100000000
wheel_W4__b8__leaf_offset1,17,raw,B0|B1|B2|B3|B5,1348619731269/429496729600,True,1,1,12506944761927/6871947673600,00001011000000
wheel_W4__b8__leaf_offset1,17,raw,B4|B5,184683593743/85899345920,True,1,1,3985729682613/1374389534720,00001100000000
wheel_W4__b8__leaf_offset1,17,raw,B0|B4|B5,21784074126537/6871947673600,True,1,1,5909875158871/6871947673600,10001100000000
wheel_W4__b8__leaf_offset1,17,raw,B1|B4|B5,10960756540017/3435973836800,True,1,1,3023657110359/3435973836800,01001100000000
wheel_W4__b8__leaf_offset1,17,raw,B0|B1|B4|B5,103884522747/26843545600,True,1,1,34359658043/1717986918400,00000000110011
wheel_W4__b8__leaf_offset1,17,raw,B2|B4|B5,1082331758657/343597383680,True,1,1,2473901163251/1374389534720,00101100000000
wheel_W4__b8__leaf_offset1,17,raw,B0|B2|B4|B5,13503377181149/3435973836800,True,1,1,1649267437939/6871947673600,01010011000000
wheel_W4__b8__leaf_offset1,17,raw,B1|B2|B4|B5,26869315408801/6871947673600,True,1,1,1924145344933/6871947673600,10010011000000
wheel_W4__b8__leaf_offset1,17,raw,B0|B1|B2|B4|B5,2482491097713/858993459200,True,1,1,919123006519/858993459200,00010011000000
wheel_W4__b8__leaf_offset1,17,raw,B3|B4|B5,2611340116143/858993459200,True,1,1,13881334304247/6871947673600,00011100000000
wheel_W4__b8__leaf_offset1,17,raw,B0|B3|B4|B5,13881334303147/3435973836800,True,1,1,137438949947/6871947673600,01100011000000
wheel_W4__b8__leaf_offset1,17,raw,B1|B3|B4|B5,27625229652797/6871947673600,True,1,1,412316856941/6871947673600,10100011000000
wheel_W4__b8__leaf_offset1,17,raw,B0|B1|B3|B4|B5,206158430257/68719476736,True,1,1,1563368178519/1717986918400,00100011000000
wheel_W4__b8__leaf_offset1,17,raw,B2|B3|B4|B5,6940667150711/1717986918400,True,1,1,137438956847/6871947673600,00111100000000
wheel_W4__b8__leaf_offset1,17,raw,B0|B2|B3|B4|B5,10445360466297/3435973836800,True,1,1,13881334297347/6871947673600,01000011000000
wheel_W4__b8__leaf_offset1,17,raw,B1|B2|B3|B4|B5,20753281979097/6871947673600,True,1,1,14156212204341/6871947673600,10000011000000
wheel_W4__b8__leaf_offset1,17,raw,B0|B1|B2|B3|B4|B5,8589934595/4294967296,True,1,1,489626272789/171798691840,00000011000000
wheel_W4__b8__leaf_offset1,17,raw,B6,106300440601/107374182400,True,1,1,4999342015369/1717986918400,00000010000000
wheel_W4__b8__leaf_offset1,17,raw,B0|B6,13812614825561/6871947673600,True,1,1,4999342015369/1717986918400,10000010000000
wheel_W4__b8__leaf_offset1,17,raw,B1|B6,6975026889529/3435973836800,True,1,1,1992864852299/687194767360,01000010000000
wheel_W4__b8__leaf_offset1,17,raw,B0|B1|B6,4191888081231/1374389534720,True,1,1,549755814009/274877906944,11000010000000
wheel_W4__b8__leaf_offset1,17,raw,B2|B6,3418793968041/1717986918400,True,1,1,1563368178519/1717986918400,00100010000000
wheel_W4__b8__leaf_offset1,17,raw,B0|B2|B6,20684562499261/6871947673600,True,1,1,1563368178519/1717986918400,10100010000000
wheel_W4__b8__leaf_offset1,17,raw,B1|B2|B6,10411000726379/3435973836800,True,1,1,1563368178519/1717986918400,01100010000000
wheel_W4__b8__leaf_offset1,17,raw,B0|B1|B2|B6,5566277615971/1374389534720,True,1,1,113/274877906944,11100010000000
wheel_W4__b8__leaf_offset1,17,raw,B3|B6,1614907703521/858993459200,True,1,1,4999342015369/1717986918400,00010010000000
wheel_W4__b8__leaf_offset1,17,raw,B0|B3|B6,3985729651053/1374389534720,True,1,1,3161095930401/1374389534720,10010010000000
wheel_W4__b8__leaf_offset1,17,raw,B1|B3|B6,10033043604381/3435973836800,True,1,1,15530601745011/6871947673600,01010010000000
wheel_W4__b8__leaf_offset1,17,raw,B0|B1|B3|B6,27075473835859/6871947673600,True,1,1,1511828490817/6871947673600,11010010000000
wheel_W4__b8__leaf_offset1,17,raw,B2|B3|B6,4947802325467/1717986918400,True,1,1,1563368178519/1717986918400,00110010000000
wheel_W4__b8__leaf_offset1,17,raw,B0|B2|B3|B6,5360119185793/1374389534720,True,1,1,412316860921/1374389534720,10110010000000
wheel_W4__b8__leaf_offset1,17,raw,B1|B2|B3|B6,13469017441231/3435973836800,True,1,1,1786706397611/6871947673600,01110010000000
wheel_W4__b8__leaf_offset1,17,raw,B0|B1|B2|B3|B6,1357209665811/429496729600,True,1,1,12232066856583/6871947673600,00001101000000
wheel_W4__b8__leaf_offset1,17,raw,B4|B6,914828034173/429496729600,True,1,1,3985729682613/1374389534720,00001010000000
wheel_W4__b8__leaf_offset1,17,raw,B0|B4|B6,4329327034773/1374389534720,True,1,1,5909875158871/6871947673600,10001010000000
wheel_W4__b8__leaf_offset1,17,raw,B1|B4|B6,10892037063681/3435973836800,True,1,1,12094627907811/6871947673600,01001010000000
wheel_W4__b8__leaf_offset1,17,raw,B0|B1|B4|B6,6717328852019/1717986918400,True,1,1,1924145346383/6871947673600,00110101000000
wheel_W4__b8__leaf_offset1,17,raw,B2|B4|B6,5377299055117/1717986918400,True,1,1,1563368178519/1717986918400,00101010000000
wheel_W4__b8__leaf_offset1,17,raw,B0|B2|B4|B6,2714419331497/687194767360,True,1,1,34359766743/687194767360,01010101000000
wheel_W4__b8__leaf_offset1,17,raw,B1|B2|B4|B6,27006754361473/6871947673600,True,1,1,1649267439589/6871947673600,10010101000000
wheel_W4__b8__leaf_offset1,17,raw,B0|B1|B2|B4|B6,2499670966797/858993459200,True,1,1,919123006519/858993459200,00010101000000
wheel_W4__b8__leaf_offset1,17,raw,B3|B4|B6,2594160247059/858993459200,True,1,1,14156212209591/6871947673600,00011010000000
wheel_W4__b8__leaf_offset1,17,raw,B0|B3|B4|B6,27762668603569/6871947673600,True,1,1,137438955397/6871947673600,10011010000000
wheel_W4__b8__leaf_offset1,17,raw,B1|B3|B4|B6,27762668605469/6871947673600,True,1,1,137438951597/6871947673600,10100101000000
wheel_W4__b8__leaf_offset1,17,raw,B0|B1|B3|B4|B6,5188320494593/1717986918400,True,1,1,14156212205791/6871947673600,00100101000000
wheel_W4__b8__leaf_offset1,17,raw,B2|B3|B4|B6,6906307412543/1717986918400,True,1,1,412316862191/6871947673600,00111010000000
wheel_W4__b8__leaf_offset1,17,raw,B0|B2|B3|B4|B6,10514079942633/3435973836800,True,1,1,3023657110359/3435973836800,01000101000000
wheel_W4__b8__leaf_offset1,17,raw,B1|B2|B3|B4|B6,20890720931769/6871947673600,True,1,1,13881334298997/6871947673600,10000101000000
wheel_W4__b8__leaf_offset1,17,raw,B0|B1|B2|B3|B4|B6,433791697021/214748364800,True,1,1,489626272789/171798691840,00000101000000
wheel_W4__b8__leaf_offset1,17,raw,B5|B6,17179869187/8589934592,True,1,1,4999342015369/1717986918400,00000110000000
wheel_W4__b8__leaf_offset1,17,raw,B0|B5|B6,20753281976697/6871947673600,True,1,1,14156212209141/6871947673600,10000110000000
wheel_W4__b8__leaf_offset1,17,raw,B1|B5|B6,10445360465097/3435973836800,True,1,1,3023657110359/3435973836800,01000110000000
wheel_W4__b8__leaf_offset1,17,raw,B0|B1|B5|B6,6940667151311/1717986918400,True,1,1,137438952047/6871947673600,00111001000000
wheel_W4__b8__leaf_offset1,17,raw,B2|B5|B6,206158430233/68719476736,True,1,1,1563368178519/1717986918400,00100110000000
wheel_W4__b8__leaf_offset1,17,raw,B0|B2|B5|B6,27625229650397/6871947673600,True,1,1,412316861741/6871947673600,10100110000000
wheel_W4__b8__leaf_offset1,17,raw,B1|B2|B5|B6,10603200587/2684354560,True,1,1,309237550587/3435973836800,00000000011110
wheel_W4__b8__leaf_offset1,17,raw,B0|B1|B2|B5|B6,2611340116443/858993459200,True,1,1,919123006519/858993459200,00011001000000
wheel_W4__b8__leaf_offset1,17,raw,B3|B5|B6,2482491097413/858993459200,True,1,1,15942918603927/6871947673600,00010110000000
wheel_W4__b8__leaf_offset1,17,raw,B0|B3|B5|B6,26869315406401/6871947673600,True,1,1,1924145349733/6871947673600,10010110000000
wheel_W4__b8__leaf_offset1,17,raw,B1|B3|B5|B6,13503377179949/3435973836800,True,1,1,1649267442739/6871947673600,01010110000000
wheel_W4__b8__leaf_offset1,17,raw,B0|B1|B3|B5|B6,1082331758777/343597383680,True,1,1,2473901162291/1374389534720,00101001000000
wheel_W4__b8__leaf_offset1,17,raw,B2|B3|B5|B6,6682969113251/1717986918400,True,1,1,2199023256527/6871947673600,00110110000000
wheel_W4__b8__leaf_offset1,17,raw,B0|B2|B3|B5|B6,10960756541217/3435973836800,True,1,1,11819749997667/6871947673600,01001001000000
wheel_W4__b8__leaf_offset1,17,raw,B1|B2|B3|B5|B6,21784074128937/6871947673600,True,1,1,5909875158871/6871947673600,10001001000000
wheel_W4__b8__leaf_offset1,17,raw,B0|B1|B2|B3|B5|B6,184683593773/85899345920,True,1,1,489626272789/171798691840,00001001000000
wheel_W4__b8__leaf_offset1,17,raw,B4|B5|B6,1348619731119/429496729600,True,1,1,12506944766727/6871947673600,00001110000000
wheel_W4__b8__leaf_offset1,17,raw,B0|B4|B5|B6,13537736918767/3435973836800,True,1,1,1511828487467/6871947673600,01110001000000
wheel_W4__b8__leaf_offset1,17,raw,B1|B4|B5|B6,26938034884037/6871947673600,True,1,1,1786706394461/6871947673600,10110001000000
wheel_W4__b8__leaf_offset1,17,raw,B0|B1|B4|B5|B6,996432412847/343597383680,True,1,1,919123006519/858993459200,00110001000000
wheel_W4__b8__leaf_offset1,17,raw,B2|B4|B5|B6,27212912790931/6871947673600,True,1,1,1236950580673/6871947673600,11010001000000
wheel_W4__b8__leaf_offset1,17,raw,B0|B2|B4|B5|B6,10101763081917/3435973836800,True,1,1,919123006519/858993459200,01010001000000
wheel_W4__b8__leaf_offset1,17,raw,B1|B2|B4|B5|B6,20066087210337/6871947673600,True,1,1,919123006519/858993459200,10010001000000
wheel_W4__b8__leaf_offset1,17,raw,B0|B1|B2|B4|B5|B6,326417514581/171798691840,True,1,1,919123006519/858993459200,00010001000000
wheel_W4__b8__leaf_offset1,17,raw,B3|B4|B5|B6,3461743640951/858993459200,True,1,1,274877907319/6871947673600,00011110000000
wheel_W4__b8__leaf_offset1,17,raw,B0|B3|B4|B5|B6,2095944040783/687194767360,True,1,1,549755813875/274877906944,01100001000000
wheel_W4__b8__leaf_offset1,17,raw,B1|B3|B4|B5|B6,20822001454333/6871947673600,True,1,1,14018773253869/6871947673600,10100001000000
wheel_W4__b8__leaf_offset1,17,raw,B0|B1|B3|B4|B5|B6,3453153706809/1717986918400,True,1,1,489626272789/171798691840,00100001000000
wheel_W4__b8__leaf_offset1,17,raw,B2|B3|B4|B5|B6,21096879361227/6871947673600,True,1,1,13469017440081/6871947673600,11000001000000
wheel_W4__b8__leaf_offset1,17,raw,B0|B2|B3|B4|B5|B6,1408749273413/687194767360,True,1,1,489626272789/171798691840,01000001000000
wheel_W4__b8__leaf_offset1,17,raw,B1|B2|B3|B4|B5|B6,13950053780633/6871947673600,True,1,1,489626272789/171798691840,10000001000000
wheel_W4__b8__leaf_offset1,17,raw,B0|B1|B2|B3|B4|B5|B6,54223962137/53687091200,True,1,1,489626272789/171798691840,00000001000000
wheel_W4__b8__leaf_offset1,17,raw,B7,54223962137/53687091200,True,1,1,489626272789/171798691840,00000001000000
wheel_W4__b8__leaf_offset1,17,raw,B0|B7,13950053780633/6871947673600,True,1,1,489626272789/171798691840,10000001000000
wheel_W4__b8__leaf_offset1,17,raw,B1|B7,1408749273413/687194767360,True,1,1,489626272789/171798691840,01000001000000
wheel_W4__b8__leaf_offset1,17,raw,B0|B1|B7,21096879361227/6871947673600,True,1,1,13469017440081/6871947673600,11000001000000
wheel_W4__b8__leaf_offset1,17,raw,B2|B7,3453153706809/1717986918400,True,1,1,489626272789/171798691840,00100001000000
wheel_W4__b8__leaf_offset1,17,raw,B0|B2|B7,20822001454333/6871947673600,True,1,1,14018773253869/6871947673600,10100001000000
wheel_W4__b8__leaf_offset1,17,raw,B1|B2|B7,2095944040783/687194767360,True,1,1,549755813875/274877906944,01100001000000
wheel_W4__b8__leaf_offset1,17,raw,B0|B1|B2|B7,3461743640951/858993459200,True,1,1,274877907319/6871947673600,00011110000000
wheel_W4__b8__leaf_offset1,17,raw,B3|B7,326417514581/171798691840,True,1,1,919123006519/858993459200,00010001000000
wheel_W4__b8__leaf_offset1,17,raw,B0|B3|B7,20066087210337/6871947673600,True,1,1,919123006519/858993459200,10010001000000
wheel_W4__b8__leaf_offset1,17,raw,B1|B3|B7,10101763081917/3435973836800,True,1,1,919123006519/858993459200,01010001000000
wheel_W4__b8__leaf_offset1,17,raw,B0|B1|B3|B7,27212912790931/6871947673600,True,1,1,1236950580673/6871947673600,11010001000000
wheel_W4__b8__leaf_offset1,17,raw,B2|B3|B7,996432412847/343597383680,True,1,1,919123006519/858993459200,00110001000000
wheel_W4__b8__leaf_offset1,17,raw,B0|B2|B3|B7,26938034884037/6871947673600,True,1,1,1786706394461/6871947673600,10110001000000
wheel_W4__b8__leaf_offset1,17,raw,B1|B2|B3|B7,13537736918767/3435973836800,True,1,1,1511828487467/6871947673600,01110001000000
wheel_W4__b8__leaf_offset1,17,raw,B0|B1|B2|B3|B7,1348619731119/429496729600,True,1,1,12506944766727/6871947673600,00001110000000
wheel_W4__b8__leaf_offset1,17,raw,B4|B7,184683593773/85899345920,True,1,1,489626272789/171798691840,00001001000000
wheel_W4__b8__leaf_offset1,17,raw,B0|B4|B7,21784074128937/6871947673600,True,1,1,5909875158871/6871947673600,10001001000000
wheel_W4__b8__leaf_offset1,17,raw,B1|B4|B7,10960756541217/3435973836800,True,1,1,11819749997667/6871947673600,01001001000000
wheel_W4__b8__leaf_offset1,17,raw,B0|B1|B4|B7,6682969113251/1717986918400,True,1,1,2199023256527/6871947673600,00110110000000
wheel_W4__b8__leaf_offset1,17,raw,B2|B4|B7,1082331758777/343597383680,True,1,1,2473901162291/1374389534720,00101001000000
wheel_W4__b8__leaf_offset1,17,raw,B0|B2|B4|B7,13503377179949/3435973836800,True,1,1,1649267442739/6871947673600,01010110000000
wheel_W4__b8__leaf_offset1,17,raw,B1|B2|B4|B7,26869315406401/6871947673600,True,1,1,1924145349733/6871947673600,10010110000000
wheel_W4__b8__leaf_offset1,17,raw,B0|B1|B2|B4|B7,2482491097413/858993459200,True,1,1,15942918603927/6871947673600,00010110000000
wheel_W4__b8__leaf_offset1,17,raw,B3|B4|B7,2611340116443/858993459200,True,1,1,919123006519/858993459200,00011001000000
wheel_W4__b8__leaf_offset1,17,raw,B0|B3|B4|B7,10603200587/2684354560,True,1,1,309237550587/3435973836800,00000000011110
wheel_W4__b8__leaf_offset1,17,raw,B1|B3|B4|B7,27625229650397/6871947673600,True,1,1,412316861741/6871947673600,10100110000000
wheel_W4__b8__leaf_offset1,17,raw,B0|B1|B3|B4|B7,206158430233/68719476736,True,1,1,1563368178519/1717986918400,00100110000000
wheel_W4__b8__leaf_offset1,17,raw,B2|B3|B4|B7,6940667151311/1717986918400,True,1,1,137438952047/6871947673600,00111001000000
wheel_W4__b8__leaf_offset1,17,raw,B0|B2|B3|B4|B7,10445360465097/3435973836800,True,1,1,3023657110359/3435973836800,01000110000000
wheel_W4__b8__leaf_offset1,17,raw,B1|B2|B3|B4|B7,20753281976697/6871947673600,True,1,1,14156212209141/6871947673600,10000110000000
wheel_W4__b8__leaf_offset1,17,raw,B0|B1|B2|B3|B4|B7,17179869187/8589934592,True,1,1,4999342015369/1717986918400,00000110000000
wheel_W4__b8__leaf_offset1,17,raw,B5|B7,433791697021/214748364800,True,1,1,489626272789/171798691840,00000101000000
wheel_W4__b8__leaf_offset1,17,raw,B0|B5|B7,20890720931769/6871947673600,True,1,1,13881334298997/6871947673600,10000101000000
wheel_W4__b8__leaf_offset1,17,raw,B1|B5|B7,10514079942633/3435973836800,True,1,1,3023657110359/3435973836800,01000101000000
wheel_W4__b8__leaf_offset1,17,raw,B0|B1|B5|B7,6906307412543/1717986918400,True,1,1,412316862191/6871947673600,00111010000000
wheel_W4__b8__leaf_offset1,17,raw,B2|B5|B7,5188320494593/1717986918400,True,1,1,14156212205791/6871947673600,00100101000000
wheel_W4__b8__leaf_offset1,17,raw,B0|B2|B5|B7,27762668605469/6871947673600,True,1,1,137438951597/6871947673600,10100101000000
wheel_W4__b8__leaf_offset1,17,raw,B1|B2|B5|B7,27762668603569/6871947673600,True,1,1,137438955397/6871947673600,10011010000000
wheel_W4__b8__leaf_offset1,17,raw,B0|B1|B2|B5|B7,2594160247059/858993459200,True,1,1,14156212209591/6871947673600,00011010000000
wheel_W4__b8__leaf_offset1,17,raw,B3|B5|B7,2499670966797/858993459200,True,1,1,919123006519/858993459200,00010101000000
wheel_W4__b8__leaf_offset1,17,raw,B0|B3|B5|B7,27006754361473/6871947673600,True,1,1,1649267439589/6871947673600,10010101000000
wheel_W4__b8__leaf_offset1,17,raw,B1|B3|B5|B7,2714419331497/687194767360,True,1,1,34359766743/687194767360,01010101000000
wheel_W4__b8__leaf_offset1,17,raw,B0|B1|B3|B5|B7,5377299055117/1717986918400,True,1,1,1563368178519/1717986918400,00101010000000
wheel_W4__b8__leaf_offset1,17,raw,B2|B3|B5|B7,6717328852019/1717986918400,True,1,1,1924145346383/6871947673600,00110101000000
wheel_W4__b8__leaf_offset1,17,raw,B0|B2|B3|B5|B7,10892037063681/3435973836800,True,1,1,12094627907811/6871947673600,01001010000000
wheel_W4__b8__leaf_offset1,17,raw,B1|B2|B3|B5|B7,4329327034773/1374389534720,True,1,1,5909875158871/6871947673600,10001010000000
wheel_W4__b8__leaf_offset1,17,raw,B0|B1|B2|B3|B5|B7,914828034173/429496729600,True,1,1,3985729682613/1374389534720,00001010000000
wheel_W4__b8__leaf_offset1,17,raw,B4|B5|B7,1357209665811/429496729600,True,1,1,12232066856583/6871947673600,00001101000000
wheel_W4__b8__leaf_offset1,17,raw,B0|B4|B5|B7,13469017441231/3435973836800,True,1,1,1786706397611/6871947673600,01110010000000
wheel_W4__b8__leaf_offset1,17,raw,B1|B4|B5|B7,5360119185793/1374389534720,True,1,1,412316860921/1374389534720,10110010000000
wheel_W4__b8__leaf_offset1,17,raw,B0|B1|B4|B5|B7,4947802325467/1717986918400,True,1,1,1563368178519/1717986918400,00110010000000
wheel_W4__b8__leaf_offset1,17,raw,B2|B4|B5|B7,27075473835859/6871947673600,True,1,1,1511828490817/6871947673600,11010010000000
wheel_W4__b8__leaf_offset1,17,raw,B0|B2|B4|B5|B7,10033043604381/3435973836800,True,1,1,15530601745011/6871947673600,01010010000000
wheel_W4__b8__leaf_offset1,17,raw,B1|B2|B4|B5|B7,3985729651053/1374389534720,True,1,1,3161095930401/1374389534720,10010010000000
wheel_W4__b8__leaf_offset1,17,raw,B0|B1|B2|B4|B5|B7,1614907703521/858993459200,True,1,1,4999342015369/1717986918400,00010010000000
wheel_W4__b8__leaf_offset1,17,raw,B3|B4|B5|B7,5566277615971/1374389534720,True,1,1,113/274877906944,11100010000000
wheel_W4__b8__leaf_offset1,17,raw,B0|B3|B4|B5|B7,10411000726379/3435973836800,True,1,1,1563368178519/1717986918400,01100010000000
wheel_W4__b8__leaf_offset1,17,raw,B1|B3|B4|B5|B7,20684562499261/6871947673600,True,1,1,1563368178519/1717986918400,10100010000000
wheel_W4__b8__leaf_offset1,17,raw,B0|B1|B3|B4|B5|B7,3418793968041/1717986918400,True,1,1,1563368178519/1717986918400,00100010000000
wheel_W4__b8__leaf_offset1,17,raw,B2|B3|B4|B5|B7,4191888081231/1374389534720,True,1,1,549755814009/274877906944,11000010000000
wheel_W4__b8__leaf_offset1,17,raw,B0|B2|B3|B4|B5|B7,6975026889529/3435973836800,True,1,1,1992864852299/687194767360,01000010000000
wheel_W4__b8__leaf_offset1,17,raw,B1|B2|B3|B4|B5|B7,13812614825561/6871947673600,True,1,1,4999342015369/1717986918400,10000010000000
wheel_W4__b8__leaf_offset1,17,raw,B0|B1|B2|B3|B4|B5|B7,106300440601/107374182400,True,1,1,4999342015369/1717986918400,00000010000000
wheel_W4__b8__leaf_offset1,17,raw,B6|B7,8589934595/4294967296,True,1,1,489626272789/171798691840,00000011000000
wheel_W4__b8__leaf_offset1,17,raw,B0|B6|B7,20753281979097/6871947673600,True,1,1,14156212204341/6871947673600,10000011000000
wheel_W4__b8__leaf_offset1,17,raw,B1|B6|B7,10445360466297/3435973836800,True,1,1,13881334297347/6871947673600,01000011000000
wheel_W4__b8__leaf_offset1,17,raw,B0|B1|B6|B7,6940667150711/1717986918400,True,1,1,137438956847/6871947673600,00111100000000
wheel_W4__b8__leaf_offset1,17,raw,B2|B6|B7,206158430257/68719476736,True,1,1,1563368178519/1717986918400,00100011000000
wheel_W4__b8__leaf_offset1,17,raw,B0|B2|B6|B7,27625229652797/6871947673600,True,1,1,412316856941/6871947673600,10100011000000
wheel_W4__b8__leaf_offset1,17,raw,B1|B2|B6|B7,13881334303147/3435973836800,True,1,1,137438949947/6871947673600,01100011000000
wheel_W4__b8__leaf_offset1,17,raw,B0|B1|B2|B6|B7,2611340116143/858993459200,True,1,1,13881334304247/6871947673600,00011100000000
wheel_W4__b8__leaf_offset1,17,raw,B3|B6|B7,2482491097713/858993459200,True,1,1,919123006519/858993459200,00010011000000
wheel_W4__b8__leaf_offset1,17,raw,B0|B3|B6|B7,26869315408801/6871947673600,True,1,1,1924145344933/6871947673600,10010011000000
wheel_W4__b8__leaf_offset1,17,raw,B1|B3|B6|B7,13503377181149/3435973836800,True,1,1,1649267437939/6871947673600,01010011000000
wheel_W4__b8__leaf_offset1,17,raw,B0|B1|B3|B6|B7,1082331758657/343597383680,True,1,1,2473901163251/1374389534720,00101100000000
wheel_W4__b8__leaf_offset1,17,raw,B2|B3|B6|B7,103884522747/26843545600,True,1,1,34359658043/1717986918400,00000000110011
wheel_W4__b8__leaf_offset1,17,raw,B0|B2|B3|B6|B7,10960756540017/3435973836800,True,1,1,3023657110359/3435973836800,01001100000000
wheel_W4__b8__leaf_offset1,17,raw,B1|B2|B3|B6|B7,21784074126537/6871947673600,True,1,1,5909875158871/6871947673600,10001100000000
wheel_W4__b8__leaf_offset1,17,raw,B0|B1|B2|B3|B6|B7,184683593743/85899345920,True,1,1,3985729682613/1374389534720,00001100000000
wheel_W4__b8__leaf_offset1,17,raw,B4|B6|B7,1348619731269/429496729600,True,1,1,12506944761927/6871947673600,00001011000000
wheel_W4__b8__leaf_offset1,17,raw,B0|B4|B6|B7,13537736917567/3435973836800,True,1,1,1511828492267/6871947673600,01110100000000
wheel_W4__b8__leaf_offset1,17,raw,B1|B4|B6|B7,26938034881637/6871947673600,True,1,1,1786706399261/6871947673600,10110100000000
wheel_W4__b8__leaf_offset1,17,raw,B0|B1|B4|B6|B7,996432412727/343597383680,True,1,1,3161095930691/1374389534720,00110100000000
wheel_W4__b8__leaf_offset1,17,raw,B2|B4|B6|B7,27212912788531/6871947673600,True,1,1,1236950585473/6871947673600,11010100000000
wheel_W4__b8__leaf_offset1,17,raw,B0|B2|B4|B6|B7,10101763080717/3435973836800,True,1,1,3023657110359/3435973836800,01010100000000
wheel_W4__b8__leaf_offset1,17,raw,B1|B2|B4|B6|B7,20066087207937/6871947673600,True,1,1,15530601746661/6871947673600,10010100000000
wheel_W4__b8__leaf_offset1,17,raw,B0|B1|B2|B4|B6|B7,326417514521/171798691840,True,1,1,10170482690953/3435973836800,00010100000000
wheel_W4__b8__leaf_offset1,17,raw,B3|B4|B6|B7,3461743641251/858993459200,True,1,1,274877902519/6871947673600,00011011000000
wheel_W4__b8__leaf_offset1,17,raw,B0|B3|B4|B6|B7,2095944040543/687194767360,True,1,1,3023657110359/3435973836800,01100100000000
wheel_W4__b8__leaf_offset1,17,raw,B1|B3|B4|B6|B7,20822001451933/6871947673600,True,1,1,14018773258669/6871947673600,10100100000000
wheel_W4__b8__leaf_offset1,17,raw,B0|B1|B3|B4|B6|B7,3453153706209/1717986918400,True,1,1,4964982277751/1717986918400,00100100000000
wheel_W4__b8__leaf_offset1,17,raw,B2|B3|B4|B6|B7,21096879358827/6871947673600,True,1,1,3023657110359/3435973836800,11000100000000
wheel_W4__b8__leaf_offset1,17,raw,B0|B2|B3|B4|B6|B7,1408749273173/687194767360,True,1,1,3023657110359/3435973836800,01000100000000
wheel_W4__b8__leaf_offset1,17,raw,B1|B2|B3|B4|B6|B7,13950053778233/6871947673600,True,1,1,10170482690953/3435973836800,10000100000000
wheel_W4__b8__leaf_offset1,17,raw,B0|B1|B2|B3|B4|B6|B7,216895848473/214748364800,True,1,1,10170482690953/3435973836800,00000100000000
wheel_W4__b8__leaf_offset1,17,raw,B5|B6|B7,646392578223/214748364800,True,1,1,14293651156263/6871947673600,00000111000000
wheel_W4__b8__leaf_offset1,17,raw,B0|B5|B6|B7,27693949130233/6871947673600,True,1,1,274877902069/6871947673600,10000111000000
wheel_W4__b8__leaf_offset1,17,raw,B1|B5|B6|B7,5566277615761/1374389534720,True,1,1,197/274877906944,10111000000000
wheel_W4__b8__leaf_offset1,17,raw,B0|B1|B5|B6|B7,5205500362927/1717986918400,True,1,1,14018773259119/6871947673600,00111000000000
wheel_W4__b8__leaf_offset1,17,raw,B2|B5|B6|B7,6889127544209/1717986918400,True,1,1,549755808863/6871947673600,00100111000000
wheel_W4__b8__leaf_offset1,17,raw,B0|B2|B5|B6|B7,10548439679301/3435973836800,True,1,1,13469017445331/6871947673600,01011000000000
wheel_W4__b8__leaf_offset1,17,raw,B1|B2|B5|B6|B7,4191888081021/1374389534720,True,1,1,5909875158871/6871947673600,10011000000000
wheel_W4__b8__leaf_offset1,17,raw,B0|B1|B2|B5|B6|B7,1743756722251/858993459200,True,1,1,3985729682613/1374389534720,00011000000000
wheel_W4__b8__leaf_offset1,17,raw,B3|B5|B6|B7,670014898321/171798691840,True,1,1,412316859371/1374389534720,00010111000000
wheel_W4__b8__leaf_offset1,17,raw,B0|B3|B5|B6|B7,10926396801299/3435973836800,True,1,1,11957188957339/6871947673600,01101000000000
wheel_W4__b8__leaf_offset1,17,raw,B1|B3|B5|B6|B7,21715354649101/6871947673600,True,1,1,5909875158871/6871947673600,10101000000000
wheel_W4__b8__leaf_offset1,17,raw,B0|B1|B3|B5|B6|B7,3676492005501/1717986918400,True,1,1,4964982277751/1717986918400,00101000000000
wheel_W4__b8__leaf_offset1,17,raw,B2|B3|B5|B6|B7,4398046511199/1374389534720,True,1,1,5909875158871/6871947673600,11001000000000
wheel_W4__b8__leaf_offset1,17,raw,B0|B2|B3|B5|B6|B7,7490422964449/3435973836800,True,1,1,3985729682613/1374389534720,01001000000000
wheel_W4__b8__leaf_offset1,17,raw,B1|B2|B3|B5|B6|B7,14843406975401/6871947673600,True,1,1,5909875158871/6871947673600,10001000000000
wheel_W4__b8__leaf_offset1,17,raw,B0|B1|B2|B3|B5|B6|B7,489626271769/429496729600,True,1,1,3985729682613/1374389534720,00001000000000
wheel_W4__b8__leaf_offset1,17,raw,B4|B5|B6|B7,5428838662219/1374389534720,True,1,1,274877908069/1374389534720,11110000000000
wheel_W4__b8__leaf_offset1,17,raw,B0|B4|B5|B6|B7,10067403341999/3435973836800,True,1,1,15393162794539/6871947673600,01110000000000
wheel_W4__b8__leaf_offset1,17,raw,B1|B4|B5|B6|B7,19997367730501/6871947673600,True,1,1,15668040701533/6871947673600,10110000000000
wheel_W4__b8__leaf_offset1,17,raw,B0|B1|B4|B5|B6|B7,3246995275851/1717986918400,True,1,1,4964982277751/1717986918400,00110000000000
wheel_W4__b8__leaf_offset1,17,raw,B2|B4|B5|B6|B7,4054449127479/1374389534720,True,1,1,3023656977549/1374389534720,11010000000000
wheel_W4__b8__leaf_offset1,17,raw,B0|B2|B4|B5|B6|B7,6631429505149/3435973836800,True,1,1,1992864852299/687194767360,01010000000000
wheel_W4__b8__leaf_offset1,17,raw,B1|B2|B4|B5|B6|B7,13125420056801/6871947673600,True,1,1,2654289794903/858993459200,10010000000000
wheel_W4__b8__leaf_offset1,17,raw,B0|B1|B2|B4|B5|B6|B7,764504178713/858993459200,True,1,1,2654289794903/858993459200,00010000000000
wheel_W4__b8__leaf_offset1,17,raw,B3|B4|B5|B6|B7,21028159881391/6871947673600,True,1,1,13606456399753/6871947673600,11100000000000
wheel_W4__b8__leaf_offset1,17,raw,B0|B3|B4|B5|B6|B7,7009386627147/3435973836800,True,1,1,4964982277751/1717986918400,01100000000000
wheel_W4__b8__leaf_offset1,17,raw,B1|B3|B4|B5|B6|B7,13881334300797/6871947673600,True,1,1,4964982277751/1717986918400,10100000000000
wheel_W4__b8__leaf_offset1,17,raw,B0|B1|B3|B4|B5|B6|B7,68719476737/68719476736,True,1,1,4964982277751/1717986918400,00100000000000
wheel_W4__b8__leaf_offset1,17,raw,B2|B3|B4|B5|B6|B7,14156212207691/6871947673600,True,1,1,1992864852299/687194767360,11000000000000
wheel_W4__b8__leaf_offset1,17,raw,B0|B2|B3|B4|B5|B6|B7,3573412790297/3435973836800,True,1,1,1992864852299/687194767360,01000000000000
wheel_W4__b8__leaf_offset1,17,raw,B1|B2|B3|B4|B5|B6|B7,7009386627097/6871947673600,True,1,1,21577915855479/6871947673600,10000000000000
wheel_W4__b8__leaf_offset1,17,five_move_reduced,B0,7009386627097/6871947673600,True,1,1,8400956114601/1717986918400,000010000000
wheel_W4__b8__leaf_offset1,17,five_move_reduced,B1,3573412790297/3435973836800,True,1,1,1992864852299/687194767360,000000010000
wheel_W4__b8__leaf_offset1,17,five_move_reduced,B0|B1,14156212207691/6871947673600,True,1,1,1992864852299/687194767360,000010010000
wheel_W4__b8__leaf_offset1,17,five_move_reduced,B2,68719476737/68719476736,True,1,1,4964982277751/1717986918400,000000001000
wheel_W4__b8__leaf_offset1,17,five_move_reduced,B0|B2,13881334300797/6871947673600,True,1,1,4964982277751/1717986918400,000010001000
wheel_W4__b8__leaf_offset1,17,five_move_reduced,B1|B2,7009386627147/3435973836800,True,1,1,4964982277751/1717986918400,000000011000
wheel_W4__b8__leaf_offset1,17,five_move_reduced,B0|B1|B2,21028159881391/6871947673600,True,1,1,13606456399753/6871947673600,000010011000
wheel_W4__b8__leaf_offset1,17,five_move_reduced,B3,764504178713/858993459200,True,1,1,8400956114601/1717986918400,010000000000
wheel_W4__b8__leaf_offset1,17,five_move_reduced,B0|B3,13125420056801/6871947673600,True,1,1,28793460947759/6871947673600,010010000000
wheel_W4__b8__leaf_offset1,17,five_move_reduced,B1|B3,6631429505149/3435973836800,True,1,1,1992864852299/687194767360,010000010000
wheel_W4__b8__leaf_offset1,17,five_move_reduced,B0|B1|B3,4054449127479/1374389534720,True,1,1,3023656977549/1374389534720,010010010000
wheel_W4__b8__leaf_offset1,17,five_move_reduced,B2|B3,3246995275851/1717986918400,True,1,1,4964982277751/1717986918400,010000001000
wheel_W4__b8__leaf_offset1,17,five_move_reduced,B0|B2|B3,19997367730501/6871947673600,True,1,1,15668040701533/6871947673600,010010001000
wheel_W4__b8__leaf_offset1,17,five_move_reduced,B1|B2|B3,10067403341999/3435973836800,True,1,1,15393162794539/6871947673600,010000011000
wheel_W4__b8__leaf_offset1,17,five_move_reduced,B0|B1|B2|B3,5428838662219/1374389534720,True,1,1,274877908069/1374389534720,010010011000
wheel_W4__b8__leaf_offset1,17,five_move_reduced,B4,489626271769/429496729600,True,1,1,6597069803701/1374389534720,000001000000
wheel_W4__b8__leaf_offset1,17,five_move_reduced,B0|B4,14843406975401/6871947673600,True,1,1,18966575764311/6871947673600,000011000000
wheel_W4__b8__leaf_offset1,17,five_move_reduced,B1|B4,7490422964449/3435973836800,True,1,1,1992864852299/687194767360,000001010000
wheel_W4__b8__leaf_offset1,17,five_move_reduced,B0|B1|B4,4398046511199/1374389534720,True,1,1,11544872418373/6871947673600,000011010000
wheel_W4__b8__leaf_offset1,17,five_move_reduced,B2|B4,3676492005501/1717986918400,True,1,1,4964982277751/1717986918400,000001001000
wheel_W4__b8__leaf_offset1,17,five_move_reduced,B0|B2|B4,21715354649101/6871947673600,True,1,1,12232066864333/6871947673600,000011001000
wheel_W4__b8__leaf_offset1,17,five_move_reduced,B1|B2|B4,10926396801299/3435973836800,True,1,1,11957188957339/6871947673600,000001011000
wheel_W4__b8__leaf_offset1,17,five_move_reduced,B0|B1|B2|B4,670014898321/171798691840,True,1,1,412316859371/1374389534720,011000000110
wheel_W4__b8__leaf_offset1,17,five_move_reduced,B3|B4,1743756722251/858993459200,True,1,1,5428838701069/1374389534720,010001000000
wheel_W4__b8__leaf_offset1,17,five_move_reduced,B0|B3|B4,4191888081021/1374389534720,True,1,1,13125420251151/6871947673600,010011000000
wheel_W4__b8__leaf_offset1,17,five_move_reduced,B1|B3|B4,10548439679301/3435973836800,True,1,1,13469017445331/6871947673600,010001010000
wheel_W4__b8__leaf_offset1,17,five_move_reduced,B0|B1|B3|B4,6889127544209/1717986918400,True,1,1,549755808863/6871947673600,001000001110
wheel_W4__b8__leaf_offset1,17,five_move_reduced,B2|B3|B4,5205500362927/1717986918400,True,1,1,14018773259119/6871947673600,010001001000
wheel_W4__b8__leaf_offset1,17,five_move_reduced,B0|B2|B3|B4,5566277615761/1374389534720,True,1,1,197/274877906944,010011001000
wheel_W4__b8__leaf_offset1,17,five_move_reduced,B1|B2|B3|B4,27693949130233/6871947673600,True,1,1,274877902069/6871947673600,001010000110
wheel_W4__b8__leaf_offset1,17,five_move_reduced,B0|B1|B2|B3|B4,646392578223/214748364800,True,1,1,14293651156263/6871947673600,001000000110
wheel_W4__b8__leaf_offset1,17,five_move_reduced,B5,216895848473/214748364800,True,1,1,10170482690953/3435973836800,000000000100
wheel_W4__b8__leaf_offset1,17,five_move_reduced,B0|B5,13950053778233/6871947673600,True,1,1,10170482690953/3435973836800,000010000100
wheel_W4__b8__leaf_offset1,17,five_move_reduced,B1|B5,1408749273173/687194767360,True,1,1,3023657110359/3435973836800,000000010100
wheel_W4__b8__leaf_offset1,17,five_move_reduced,B0|B1|B5,21096879358827/6871947673600,True,1,1,3023657110359/3435973836800,000010010100
wheel_W4__b8__leaf_offset1,17,five_move_reduced,B2|B5,3453153706209/1717986918400,True,1,1,4964982277751/1717986918400,000000001100
wheel_W4__b8__leaf_offset1,17,five_move_reduced,B0|B2|B5,20822001451933/6871947673600,True,1,1,14018773258669/6871947673600,000010001100
wheel_W4__b8__leaf_offset1,17,five_move_reduced,B1|B2|B5,2095944040543/687194767360,True,1,1,3023657110359/3435973836800,000000011100
wheel_W4__b8__leaf_offset1,17,five_move_reduced,B0|B1|B2|B5,3461743641251/858993459200,True,1,1,274877902519/6871947673600,011001000010
wheel_W4__b8__leaf_offset1,17,five_move_reduced,B3|B5,326417514521/171798691840,True,1,1,10170482690953/3435973836800,010000000100
wheel_W4__b8__leaf_offset1,17,five_move_reduced,B0|B3|B5,20066087207937/6871947673600,True,1,1,15530601746661/6871947673600,010010000100
wheel_W4__b8__leaf_offset1,17,five_move_reduced,B1|B3|B5,10101763080717/3435973836800,True,1,1,3023657110359/3435973836800,010000010100
wheel_W4__b8__leaf_offset1,17,five_move_reduced,B0|B1|B3|B5,27212912788531/6871947673600,True,1,1,1236950585473/6871947673600,010010010100
wheel_W4__b8__leaf_offset1,17,five_move_reduced,B2|B3|B5,996432412727/343597383680,True,1,1,3161095930691/1374389534720,010000001100
wheel_W4__b8__leaf_offset1,17,five_move_reduced,B0|B2|B3|B5,26938034881637/6871947673600,True,1,1,1786706399261/6871947673600,010010001100
wheel_W4__b8__leaf_offset1,17,five_move_reduced,B1|B2|B3|B5,13537736917567/3435973836800,True,1,1,1511828492267/6871947673600,010000011100
wheel_W4__b8__leaf_offset1,17,five_move_reduced,B0|B1|B2|B3|B5,1348619731269/429496729600,True,1,1,12506944761927/6871947673600,001001000010
wheel_W4__b8__leaf_offset1,17,five_move_reduced,B4|B5,184683593743/85899345920,True,1,1,10170482690953/3435973836800,000001000100
wheel_W4__b8__leaf_offset1,17,five_move_reduced,B0|B4|B5,21784074126537/6871947673600,True,1,1,11957189277289/6871947673600,000011000100
wheel_W4__b8__leaf_offset1,17,five_move_reduced,B1|B4|B5,10960756540017/3435973836800,True,1,1,3023657110359/3435973836800,000001010100
wheel_W4__b8__leaf_offset1,17,five_move_reduced,B0|B1|B4|B5,103884522747/26843545600,True,1,1,34359658043/1717986918400,100000000001
wheel_W4__b8__leaf_offset1,17,five_move_reduced,B2|B4|B5,1082331758657/343597383680,True,1,1,2473901163251/1374389534720,000001001100
wheel_W4__b8__leaf_offset1,17,five_move_reduced,B0|B2|B4|B5,13503377181149/3435973836800,True,1,1,1649267437939/6871947673600,011000010010
wheel_W4__b8__leaf_offset1,17,five_move_reduced,B1|B2|B4|B5,26869315408801/6871947673600,True,1,1,1924145344933/6871947673600,011010000010
wheel_W4__b8__leaf_offset1,17,five_move_reduced,B0|B1|B2|B4|B5,2482491097713/858993459200,True,1,1,3401614178807/1717986918400,011000000010
wheel_W4__b8__leaf_offset1,17,five_move_reduced,B3|B4|B5,2611340116143/858993459200,True,1,1,13881334304247/6871947673600,010001000100
wheel_W4__b8__leaf_offset1,17,five_move_reduced,B0|B3|B4|B5,13881334303147/3435973836800,True,1,1,137438949947/6871947673600,001000011010
wheel_W4__b8__leaf_offset1,17,five_move_reduced,B1|B3|B4|B5,27625229652797/6871947673600,True,1,1,412316856941/6871947673600,001010001010
wheel_W4__b8__leaf_offset1,17,five_move_reduced,B0|B1|B3|B4|B5,206158430257/68719476736,True,1,1,1563368178519/1717986918400,001000001010
wheel_W4__b8__leaf_offset1,17,five_move_reduced,B2|B3|B4|B5,6940667150711/1717986918400,True,1,1,137438956847/6871947673600,010001001100
wheel_W4__b8__leaf_offset1,17,five_move_reduced,B0|B2|B3|B4|B5,10445360466297/3435973836800,True,1,1,13881334297347/6871947673600,001000010010
wheel_W4__b8__leaf_offset1,17,five_move_reduced,B1|B2|B3|B4|B5,20753281979097/6871947673600,True,1,1,14156212204341/6871947673600,001010000010
wheel_W4__b8__leaf_offset1,17,five_move_reduced,B0|B1|B2|B3|B4|B5,8589934595/4294967296,True,1,1,4999342015369/1717986918400,001000000010
wheel_W4__b8__leaf_offset1,17,five_move_reduced,B6,106300440601/107374182400,True,1,1,4999342015369/1717986918400,000000000010
wheel_W4__b8__leaf_offset1,17,five_move_reduced,B0|B6,13812614825561/6871947673600,True,1,1,4999342015369/1717986918400,000010000010
wheel_W4__b8__leaf_offset1,17,five_move_reduced,B1|B6,6975026889529/3435973836800,True,1,1,1992864852299/687194767360,000000010010
wheel_W4__b8__leaf_offset1,17,five_move_reduced,B0|B1|B6,4191888081231/1374389534720,True,1,1,549755814009/274877906944,000010010010
wheel_W4__b8__leaf_offset1,17,five_move_reduced,B2|B6,3418793968041/1717986918400,True,1,1,1563368178519/1717986918400,000000001010
wheel_W4__b8__leaf_offset1,17,five_move_reduced,B0|B2|B6,20684562499261/6871947673600,True,1,1,1563368178519/1717986918400,000010001010
wheel_W4__b8__leaf_offset1,17,five_move_reduced,B1|B2|B6,10411000726379/3435973836800,True,1,1,1563368178519/1717986918400,000000011010
wheel_W4__b8__leaf_offset1,17,five_move_reduced,B0|B1|B2|B6,5566277615971/1374389534720,True,1,1,113/274877906944,000010011010
wheel_W4__b8__leaf_offset1,17,five_move_reduced,B3|B6,1614907703521/858993459200,True,1,1,4999342015369/1717986918400,010000000010
wheel_W4__b8__leaf_offset1,17,five_move_reduced,B0|B3|B6,3985729651053/1374389534720,True,1,1,3161095930401/1374389534720,010010000010
wheel_W4__b8__leaf_offset1,17,five_move_reduced,B1|B3|B6,10033043604381/3435973836800,True,1,1,15530601745011/6871947673600,010000010010
wheel_W4__b8__leaf_offset1,17,five_move_reduced,B0|B1|B3|B6,27075473835859/6871947673600,True,1,1,1511828490817/6871947673600,010010010010
wheel_W4__b8__leaf_offset1,17,five_move_reduced,B2|B3|B6,4947802325467/1717986918400,True,1,1,1563368178519/1717986918400,010000001010
wheel_W4__b8__leaf_offset1,17,five_move_reduced,B0|B2|B3|B6,5360119185793/1374389534720,True,1,1,412316860921/1374389534720,010010001010
wheel_W4__b8__leaf_offset1,17,five_move_reduced,B1|B2|B3|B6,13469017441231/3435973836800,True,1,1,1786706397611/6871947673600,010000011010
wheel_W4__b8__leaf_offset1,17,five_move_reduced,B0|B1|B2|B3|B6,1357209665811/429496729600,True,1,1,12232066856583/6871947673600,001001000100
wheel_W4__b8__leaf_offset1,17,five_move_reduced,B4|B6,914828034173/429496729600,True,1,1,4999342015369/1717986918400,000001000010
wheel_W4__b8__leaf_offset1,17,five_move_reduced,B0|B4|B6,4329327034773/1374389534720,True,1,1,2473901162961/1374389534720,000011000010
wheel_W4__b8__leaf_offset1,17,five_move_reduced,B1|B4|B6,10892037063681/3435973836800,True,1,1,12094627907811/6871947673600,000001010010
wheel_W4__b8__leaf_offset1,17,five_move_reduced,B0|B1|B4|B6,6717328852019/1717986918400,True,1,1,1924145346383/6871947673600,011000001100
wheel_W4__b8__leaf_offset1,17,five_move_reduced,B2|B4|B6,5377299055117/1717986918400,True,1,1,1563368178519/1717986918400,000001001010
wheel_W4__b8__leaf_offset1,17,five_move_reduced,B0|B2|B4|B6,2714419331497/687194767360,True,1,1,274877906519/1374389534720,011000010100
wheel_W4__b8__leaf_offset1,17,five_move_reduced,B1|B2|B4|B6,27006754361473/6871947673600,True,1,1,1649267439589/6871947673600,011010000100
wheel_W4__b8__leaf_offset1,17,five_move_reduced,B0|B1|B2|B4|B6,2499670966797/858993459200,True,1,1,15668040693783/6871947673600,011000000100
wheel_W4__b8__leaf_offset1,17,five_move_reduced,B3|B4|B6,2594160247059/858993459200,True,1,1,14156212209591/6871947673600,010001000010
wheel_W4__b8__leaf_offset1,17,five_move_reduced,B0|B3|B4|B6,27762668603569/6871947673600,True,1,1,137438955397/6871947673600,010011000010
wheel_W4__b8__leaf_offset1,17,five_move_reduced,B1|B3|B4|B6,27762668605469/6871947673600,True,1,1,137438951597/6871947673600,001010001100
wheel_W4__b8__leaf_offset1,17,five_move_reduced,B0|B1|B3|B4|B6,5188320494593/1717986918400,True,1,1,14156212205791/6871947673600,001000001100
wheel_W4__b8__leaf_offset1,17,five_move_reduced,B2|B3|B4|B6,6906307412543/1717986918400,True,1,1,412316862191/6871947673600,010001001010
wheel_W4__b8__leaf_offset1,17,five_move_reduced,B0|B2|B3|B4|B6,10514079942633/3435973836800,True,1,1,3023657110359/3435973836800,001000010100
wheel_W4__b8__leaf_offset1,17,five_move_reduced,B1|B2|B3|B4|B6,20890720931769/6871947673600,True,1,1,13881334298997/6871947673600,001010000100
wheel_W4__b8__leaf_offset1,17,five_move_reduced,B0|B1|B2|B3|B4|B6,433791697021/214748364800,True,1,1,10170482690953/3435973836800,001000000100
wheel_W4__b8__leaf_offset1,17,five_move_reduced,B5|B6,17179869187/8589934592,True,1,1,4999342015369/1717986918400,000000000110
wheel_W4__b8__leaf_offset1,17,five_move_reduced,B0|B5|B6,20753281976697/6871947673600,True,1,1,14156212209141/6871947673600,000010000110
wheel_W4__b8__leaf_offset1,17,five_move_reduced,B1|B5|B6,10445360465097/3435973836800,True,1,1,3023657110359/3435973836800,000000010110
wheel_W4__b8__leaf_offset1,17,five_move_reduced,B0|B1|B5|B6,6940667151311/1717986918400,True,1,1,137438952047/6871947673600,011001001000
wheel_W4__b8__leaf_offset1,17,five_move_reduced,B2|B5|B6,206158430233/68719476736,True,1,1,1563368178519/1717986918400,000000001110
wheel_W4__b8__leaf_offset1,17,five_move_reduced,B0|B2|B5|B6,27625229650397/6871947673600,True,1,1,412316861741/6871947673600,000010001110
wheel_W4__b8__leaf_offset1,17,five_move_reduced,B1|B2|B5|B6,10603200587/2684354560,True,1,1,309237550587/3435973836800,000100100000
wheel_W4__b8__leaf_offset1,17,five_move_reduced,B0|B1|B2|B5|B6,2611340116443/858993459200,True,1,1,13262859198273/6871947673600,011001000000
wheel_W4__b8__leaf_offset1,17,five_move_reduced,B3|B5|B6,2482491097413/858993459200,True,1,1,15942918603927/6871947673600,010000000110
wheel_W4__b8__leaf_offset1,17,five_move_reduced,B0|B3|B5|B6,26869315406401/6871947673600,True,1,1,1924145349733/6871947673600,010010000110
wheel_W4__b8__leaf_offset1,17,five_move_reduced,B1|B3|B5|B6,13503377179949/3435973836800,True,1,1,1649267442739/6871947673600,010000010110
wheel_W4__b8__leaf_offset1,17,five_move_reduced,B0|B1|B3|B5|B6,1082331758777/343597383680,True,1,1,2473901162291/1374389534720,001001001000
wheel_W4__b8__leaf_offset1,17,five_move_reduced,B2|B3|B5|B6,6682969113251/1717986918400,True,1,1,2199023256527/6871947673600,010000001110
wheel_W4__b8__leaf_offset1,17,five_move_reduced,B0|B2|B3|B5|B6,10960756541217/3435973836800,True,1,1,11819749997667/6871947673600,001001010000
wheel_W4__b8__leaf_offset1,17,five_move_reduced,B1|B2|B3|B5|B6,21784074128937/6871947673600,True,1,1,11476152803487/6871947673600,001011000000
wheel_W4__b8__leaf_offset1,17,five_move_reduced,B0|B1|B2|B3|B5|B6,184683593773/85899345920,True,1,1,25494926057681/6871947673600,001001000000
wheel_W4__b8__leaf_offset1,17,five_move_reduced,B4|B5|B6,1348619731119/429496729600,True,1,1,12506944766727/6871947673600,000001000110
wheel_W4__b8__leaf_offset1,17,five_move_reduced,B0|B4|B5|B6,13537736918767/3435973836800,True,1,1,1511828487467/6871947673600,011000011000
wheel_W4__b8__leaf_offset1,17,five_move_reduced,B1|B4|B5|B6,26938034884037/6871947673600,True,1,1,1786706394461/6871947673600,011010001000
wheel_W4__b8__leaf_offset1,17,five_move_reduced,B0|B1|B4|B5|B6,996432412847/343597383680,True,1,1,3367254441189/1717986918400,011000001000
wheel_W4__b8__leaf_offset1,17,five_move_reduced,B2|B4|B5|B6,27212912790931/6871947673600,True,1,1,1236950580673/6871947673600,011010010000
wheel_W4__b8__leaf_offset1,17,five_move_reduced,B0|B2|B4|B5|B6,10101763081917/3435973836800,True,1,1,15255723834867/6871947673600,011000010000
wheel_W4__b8__leaf_offset1,17,five_move_reduced,B1|B2|B4|B5|B6,20066087210337/6871947673600,True,1,1,14912126640687/6871947673600,011010000000
wheel_W4__b8__leaf_offset1,17,five_move_reduced,B0|B1|B2|B4|B5|B6,326417514581/171798691840,True,1,1,2568390473783/858993459200,011000000000
wheel_W4__b8__leaf_offset1,17,five_move_reduced,B3|B4|B5|B6,3461743640951/858993459200,True,1,1,274877907319/6871947673600,010001000110
wheel_W4__b8__leaf_offset1,17,five_move_reduced,B0|B3|B4|B5|B6,2095944040783/687194767360,True,1,1,549755813875/274877906944,001000011000
wheel_W4__b8__leaf_offset1,17,five_move_reduced,B1|B3|B4|B5|B6,20822001454333/6871947673600,True,1,1,14018773253869/6871947673600,001010001000
wheel_W4__b8__leaf_offset1,17,five_move_reduced,B0|B1|B3|B4|B5|B6,3453153706809/1717986918400,True,1,1,4964982277751/1717986918400,001000001000
wheel_W4__b8__leaf_offset1,17,five_move_reduced,B2|B3|B4|B5|B6,21096879361227/6871947673600,True,1,1,13469017440081/6871947673600,001010010000
wheel_W4__b8__leaf_offset1,17,five_move_reduced,B0|B2|B3|B4|B5|B6,1408749273413/687194767360,True,1,1,1992864852299/687194767360,001000010000
wheel_W4__b8__leaf_offset1,17,five_move_reduced,B1|B2|B3|B4|B5|B6,13950053780633/6871947673600,True,1,1,5428838700019/1374389534720,001010000000
wheel_W4__b8__leaf_offset1,17,five_move_reduced,B0|B1|B2|B3|B4|B5|B6,54223962137/53687091200,True,1,1,4097398831209/858993459200,001000000000
wheel_W4__b8__leaf_offset1,17,five_move_reduced,B7,54223962137/53687091200,True,1,1,4097398831209/858993459200,001000000000
wheel_W4__b8__leaf_offset1,17,five_move_reduced,B0|B7,13950053780633/6871947673600,True,1,1,5428838700019/1374389534720,001010000000
wheel_W4__b8__leaf_offset1,17,five_move_reduced,B1|B7,1408749273413/687194767360,True,1,1,1992864852299/687194767360,001000010000
wheel_W4__b8__leaf_offset1,17,five_move_reduced,B0|B1|B7,21096879361227/6871947673600,True,1,1,13469017440081/6871947673600,001010010000
wheel_W4__b8__leaf_offset1,17,five_move_reduced,B2|B7,3453153706809/1717986918400,True,1,1,4964982277751/1717986918400,001000001000
wheel_W4__b8__leaf_offset1,17,five_move_reduced,B0|B2|B7,20822001454333/6871947673600,True,1,1,14018773253869/6871947673600,001010001000
wheel_W4__b8__leaf_offset1,17,five_move_reduced,B1|B2|B7,2095944040783/687194767360,True,1,1,549755813875/274877906944,001000011000
wheel_W4__b8__leaf_offset1,17,five_move_reduced,B0|B1|B2|B7,3461743640951/858993459200,True,1,1,274877907319/6871947673600,010001000110
wheel_W4__b8__leaf_offset1,17,five_move_reduced,B3|B7,326417514581/171798691840,True,1,1,2568390473783/858993459200,011000000000
wheel_W4__b8__leaf_offset1,17,five_move_reduced,B0|B3|B7,20066087210337/6871947673600,True,1,1,14912126640687/6871947673600,011010000000
wheel_W4__b8__leaf_offset1,17,five_move_reduced,B1|B3|B7,10101763081917/3435973836800,True,1,1,15255723834867/6871947673600,011000010000
wheel_W4__b8__leaf_offset1,17,five_move_reduced,B0|B1|B3|B7,27212912790931/6871947673600,True,1,1,1236950580673/6871947673600,011010010000
wheel_W4__b8__leaf_offset1,17,five_move_reduced,B2|B3|B7,996432412847/343597383680,True,1,1,3367254441189/1717986918400,011000001000
wheel_W4__b8__leaf_offset1,17,five_move_reduced,B0|B2|B3|B7,26938034884037/6871947673600,True,1,1,1786706394461/6871947673600,011010001000
wheel_W4__b8__leaf_offset1,17,five_move_reduced,B1|B2|B3|B7,13537736918767/3435973836800,True,1,1,1511828487467/6871947673600,011000011000
wheel_W4__b8__leaf_offset1,17,five_move_reduced,B0|B1|B2|B3|B7,1348619731119/429496729600,True,1,1,12506944766727/6871947673600,000001000110
wheel_W4__b8__leaf_offset1,17,five_move_reduced,B4|B7,184683593773/85899345920,True,1,1,25494926057681/6871947673600,001001000000
wheel_W4__b8__leaf_offset1,17,five_move_reduced,B0|B4|B7,21784074128937/6871947673600,True,1,1,11476152803487/6871947673600,001011000000
wheel_W4__b8__leaf_offset1,17,five_move_reduced,B1|B4|B7,10960756541217/3435973836800,True,1,1,11819749997667/6871947673600,001001010000
wheel_W4__b8__leaf_offset1,17,five_move_reduced,B0|B1|B4|B7,6682969113251/1717986918400,True,1,1,2199023256527/6871947673600,010000001110
wheel_W4__b8__leaf_offset1,17,five_move_reduced,B2|B4|B7,1082331758777/343597383680,True,1,1,2473901162291/1374389534720,001001001000
wheel_W4__b8__leaf_offset1,17,five_move_reduced,B0|B2|B4|B7,13503377179949/3435973836800,True,1,1,1649267442739/6871947673600,010000010110
wheel_W4__b8__leaf_offset1,17,five_move_reduced,B1|B2|B4|B7,26869315406401/6871947673600,True,1,1,1924145349733/6871947673600,010010000110
wheel_W4__b8__leaf_offset1,17,five_move_reduced,B0|B1|B2|B4|B7,2482491097413/858993459200,True,1,1,15942918603927/6871947673600,010000000110
wheel_W4__b8__leaf_offset1,17,five_move_reduced,B3|B4|B7,2611340116443/858993459200,True,1,1,13262859198273/6871947673600,011001000000
wheel_W4__b8__leaf_offset1,17,five_move_reduced,B0|B3|B4|B7,10603200587/2684354560,True,1,1,309237550587/3435973836800,000100100000
wheel_W4__b8__leaf_offset1,17,five_move_reduced,B1|B3|B4|B7,27625229650397/6871947673600,True,1,1,412316861741/6871947673600,000010001110
wheel_W4__b8__leaf_offset1,17,five_move_reduced,B0|B1|B3|B4|B7,206158430233/68719476736,True,1,1,1563368178519/1717986918400,000000001110
wheel_W4__b8__leaf_offset1,17,five_move_reduced,B2|B3|B4|B7,6940667151311/1717986918400,True,1,1,137438952047/6871947673600,011001001000
wheel_W4__b8__leaf_offset1,17,five_move_reduced,B0|B2|B3|B4|B7,10445360465097/3435973836800,True,1,1,3023657110359/3435973836800,000000010110
wheel_W4__b8__leaf_offset1,17,five_move_reduced,B1|B2|B3|B4|B7,20753281976697/6871947673600,True,1,1,14156212209141/6871947673600,000010000110
wheel_W4__b8__leaf_offset1,17,five_move_reduced,B0|B1|B2|B3|B4|B7,17179869187/8589934592,True,1,1,4999342015369/1717986918400,000000000110
wheel_W4__b8__leaf_offset1,17,five_move_reduced,B5|B7,433791697021/214748364800,True,1,1,10170482690953/3435973836800,001000000100
wheel_W4__b8__leaf_offset1,17,five_move_reduced,B0|B5|B7,20890720931769/6871947673600,True,1,1,13881334298997/6871947673600,001010000100
wheel_W4__b8__leaf_offset1,17,five_move_reduced,B1|B5|B7,10514079942633/3435973836800,True,1,1,3023657110359/3435973836800,001000010100
wheel_W4__b8__leaf_offset1,17,five_move_reduced,B0|B1|B5|B7,6906307412543/1717986918400,True,1,1,412316862191/6871947673600,010001001010
wheel_W4__b8__leaf_offset1,17,five_move_reduced,B2|B5|B7,5188320494593/1717986918400,True,1,1,14156212205791/6871947673600,001000001100
wheel_W4__b8__leaf_offset1,17,five_move_reduced,B0|B2|B5|B7,27762668605469/6871947673600,True,1,1,137438951597/6871947673600,001010001100
wheel_W4__b8__leaf_offset1,17,five_move_reduced,B1|B2|B5|B7,27762668603569/6871947673600,True,1,1,137438955397/6871947673600,010011000010
wheel_W4__b8__leaf_offset1,17,five_move_reduced,B0|B1|B2|B5|B7,2594160247059/858993459200,True,1,1,14156212209591/6871947673600,010001000010
wheel_W4__b8__leaf_offset1,17,five_move_reduced,B3|B5|B7,2499670966797/858993459200,True,1,1,15668040693783/6871947673600,011000000100
wheel_W4__b8__leaf_offset1,17,five_move_reduced,B0|B3|B5|B7,27006754361473/6871947673600,True,1,1,1649267439589/6871947673600,011010000100
wheel_W4__b8__leaf_offset1,17,five_move_reduced,B1|B3|B5|B7,2714419331497/687194767360,True,1,1,274877906519/1374389534720,011000010100
wheel_W4__b8__leaf_offset1,17,five_move_reduced,B0|B1|B3|B5|B7,5377299055117/1717986918400,True,1,1,1563368178519/1717986918400,000001001010
wheel_W4__b8__leaf_offset1,17,five_move_reduced,B2|B3|B5|B7,6717328852019/1717986918400,True,1,1,1924145346383/6871947673600,011000001100
wheel_W4__b8__leaf_offset1,17,five_move_reduced,B0|B2|B3|B5|B7,10892037063681/3435973836800,True,1,1,12094627907811/6871947673600,000001010010
wheel_W4__b8__leaf_offset1,17,five_move_reduced,B1|B2|B3|B5|B7,4329327034773/1374389534720,True,1,1,2473901162961/1374389534720,000011000010
wheel_W4__b8__leaf_offset1,17,five_move_reduced,B0|B1|B2|B3|B5|B7,914828034173/429496729600,True,1,1,4999342015369/1717986918400,000001000010
wheel_W4__b8__leaf_offset1,17,five_move_reduced,B4|B5|B7,1357209665811/429496729600,True,1,1,12232066856583/6871947673600,001001000100
wheel_W4__b8__leaf_offset1,17,five_move_reduced,B0|B4|B5|B7,13469017441231/3435973836800,True,1,1,1786706397611/6871947673600,010000011010
wheel_W4__b8__leaf_offset1,17,five_move_reduced,B1|B4|B5|B7,5360119185793/1374389534720,True,1,1,412316860921/1374389534720,010010001010
wheel_W4__b8__leaf_offset1,17,five_move_reduced,B0|B1|B4|B5|B7,4947802325467/1717986918400,True,1,1,1563368178519/1717986918400,010000001010
wheel_W4__b8__leaf_offset1,17,five_move_reduced,B2|B4|B5|B7,27075473835859/6871947673600,True,1,1,1511828490817/6871947673600,010010010010
wheel_W4__b8__leaf_offset1,17,five_move_reduced,B0|B2|B4|B5|B7,10033043604381/3435973836800,True,1,1,15530601745011/6871947673600,010000010010
wheel_W4__b8__leaf_offset1,17,five_move_reduced,B1|B2|B4|B5|B7,3985729651053/1374389534720,True,1,1,3161095930401/1374389534720,010010000010
wheel_W4__b8__leaf_offset1,17,five_move_reduced,B0|B1|B2|B4|B5|B7,1614907703521/858993459200,True,1,1,4999342015369/1717986918400,010000000010
wheel_W4__b8__leaf_offset1,17,five_move_reduced,B3|B4|B5|B7,5566277615971/1374389534720,True,1,1,113/274877906944,000010011010
wheel_W4__b8__leaf_offset1,17,five_move_reduced,B0|B3|B4|B5|B7,10411000726379/3435973836800,True,1,1,1563368178519/1717986918400,000000011010
wheel_W4__b8__leaf_offset1,17,five_move_reduced,B1|B3|B4|B5|B7,20684562499261/6871947673600,True,1,1,1563368178519/1717986918400,000010001010
wheel_W4__b8__leaf_offset1,17,five_move_reduced,B0|B1|B3|B4|B5|B7,3418793968041/1717986918400,True,1,1,1563368178519/1717986918400,000000001010
wheel_W4__b8__leaf_offset1,17,five_move_reduced,B2|B3|B4|B5|B7,4191888081231/1374389534720,True,1,1,549755814009/274877906944,000010010010
wheel_W4__b8__leaf_offset1,17,five_move_reduced,B0|B2|B3|B4|B5|B7,6975026889529/3435973836800,True,1,1,1992864852299/687194767360,000000010010
wheel_W4__b8__leaf_offset1,17,five_move_reduced,B1|B2|B3|B4|B5|B7,13812614825561/6871947673600,True,1,1,4999342015369/1717986918400,000010000010
wheel_W4__b8__leaf_offset1,17,five_move_reduced,B0|B1|B2|B3|B4|B5|B7,106300440601/107374182400,True,1,1,4999342015369/1717986918400,000000000010
wheel_W4__b8__leaf_offset1,17,five_move_reduced,B6|B7,8589934595/4294967296,True,1,1,4999342015369/1717986918400,001000000010
wheel_W4__b8__leaf_offset1,17,five_move_reduced,B0|B6|B7,20753281979097/6871947673600,True,1,1,14156212204341/6871947673600,001010000010
wheel_W4__b8__leaf_offset1,17,five_move_reduced,B1|B6|B7,10445360466297/3435973836800,True,1,1,13881334297347/6871947673600,001000010010
wheel_W4__b8__leaf_offset1,17,five_move_reduced,B0|B1|B6|B7,6940667150711/1717986918400,True,1,1,137438956847/6871947673600,010001001100
wheel_W4__b8__leaf_offset1,17,five_move_reduced,B2|B6|B7,206158430257/68719476736,True,1,1,1563368178519/1717986918400,001000001010
wheel_W4__b8__leaf_offset1,17,five_move_reduced,B0|B2|B6|B7,27625229652797/6871947673600,True,1,1,412316856941/6871947673600,001010001010
wheel_W4__b8__leaf_offset1,17,five_move_reduced,B1|B2|B6|B7,13881334303147/3435973836800,True,1,1,137438949947/6871947673600,001000011010
wheel_W4__b8__leaf_offset1,17,five_move_reduced,B0|B1|B2|B6|B7,2611340116143/858993459200,True,1,1,13881334304247/6871947673600,010001000100
wheel_W4__b8__leaf_offset1,17,five_move_reduced,B3|B6|B7,2482491097713/858993459200,True,1,1,3401614178807/1717986918400,011000000010
wheel_W4__b8__leaf_offset1,17,five_move_reduced,B0|B3|B6|B7,26869315408801/6871947673600,True,1,1,1924145344933/6871947673600,011010000010
wheel_W4__b8__leaf_offset1,17,five_move_reduced,B1|B3|B6|B7,13503377181149/3435973836800,True,1,1,1649267437939/6871947673600,011000010010
wheel_W4__b8__leaf_offset1,17,five_move_reduced,B0|B1|B3|B6|B7,1082331758657/343597383680,True,1,1,2473901163251/1374389534720,000001001100
wheel_W4__b8__leaf_offset1,17,five_move_reduced,B2|B3|B6|B7,103884522747/26843545600,True,1,1,34359658043/1717986918400,100000000001
wheel_W4__b8__leaf_offset1,17,five_move_reduced,B0|B2|B3|B6|B7,10960756540017/3435973836800,True,1,1,3023657110359/3435973836800,000001010100
wheel_W4__b8__leaf_offset1,17,five_move_reduced,B1|B2|B3|B6|B7,21784074126537/6871947673600,True,1,1,11957189277289/6871947673600,000011000100
wheel_W4__b8__leaf_offset1,17,five_move_reduced,B0|B1|B2|B3|B6|B7,184683593743/85899345920,True,1,1,10170482690953/3435973836800,000001000100
wheel_W4__b8__leaf_offset1,17,five_move_reduced,B4|B6|B7,1348619731269/429496729600,True,1,1,12506944761927/6871947673600,001001000010
wheel_W4__b8__leaf_offset1,17,five_move_reduced,B0|B4|B6|B7,13537736917567/3435973836800,True,1,1,1511828492267/6871947673600,010000011100
wheel_W4__b8__leaf_offset1,17,five_move_reduced,B1|B4|B6|B7,26938034881637/6871947673600,True,1,1,1786706399261/6871947673600,010010001100
wheel_W4__b8__leaf_offset1,17,five_move_reduced,B0|B1|B4|B6|B7,996432412727/343597383680,True,1,1,3161095930691/1374389534720,010000001100
wheel_W4__b8__leaf_offset1,17,five_move_reduced,B2|B4|B6|B7,27212912788531/6871947673600,True,1,1,1236950585473/6871947673600,010010010100
wheel_W4__b8__leaf_offset1,17,five_move_reduced,B0|B2|B4|B6|B7,10101763080717/3435973836800,True,1,1,3023657110359/3435973836800,010000010100
wheel_W4__b8__leaf_offset1,17,five_move_reduced,B1|B2|B4|B6|B7,20066087207937/6871947673600,True,1,1,15530601746661/6871947673600,010010000100
wheel_W4__b8__leaf_offset1,17,five_move_reduced,B0|B1|B2|B4|B6|B7,326417514521/171798691840,True,1,1,10170482690953/3435973836800,010000000100
wheel_W4__b8__leaf_offset1,17,five_move_reduced,B3|B4|B6|B7,3461743641251/858993459200,True,1,1,274877902519/6871947673600,011001000010
wheel_W4__b8__leaf_offset1,17,five_move_reduced,B0|B3|B4|B6|B7,2095944040543/687194767360,True,1,1,3023657110359/3435973836800,000000011100
wheel_W4__b8__leaf_offset1,17,five_move_reduced,B1|B3|B4|B6|B7,20822001451933/6871947673600,True,1,1,14018773258669/6871947673600,000010001100
wheel_W4__b8__leaf_offset1,17,five_move_reduced,B0|B1|B3|B4|B6|B7,3453153706209/1717986918400,True,1,1,4964982277751/1717986918400,000000001100
wheel_W4__b8__leaf_offset1,17,five_move_reduced,B2|B3|B4|B6|B7,21096879358827/6871947673600,True,1,1,3023657110359/3435973836800,000010010100
wheel_W4__b8__leaf_offset1,17,five_move_reduced,B0|B2|B3|B4|B6|B7,1408749273173/687194767360,True,1,1,3023657110359/3435973836800,000000010100
wheel_W4__b8__leaf_offset1,17,five_move_reduced,B1|B2|B3|B4|B6|B7,13950053778233/6871947673600,True,1,1,10170482690953/3435973836800,000010000100
wheel_W4__b8__leaf_offset1,17,five_move_reduced,B0|B1|B2|B3|B4|B6|B7,216895848473/214748364800,True,1,1,10170482690953/3435973836800,000000000100
wheel_W4__b8__leaf_offset1,17,five_move_reduced,B5|B6|B7,646392578223/214748364800,True,1,1,14293651156263/6871947673600,001000000110
wheel_W4__b8__leaf_offset1,17,five_move_reduced,B0|B5|B6|B7,27693949130233/6871947673600,True,1,1,274877902069/6871947673600,001010000110
wheel_W4__b8__leaf_offset1,17,five_move_reduced,B1|B5|B6|B7,5566277615761/1374389534720,True,1,1,197/274877906944,010011001000
wheel_W4__b8__leaf_offset1,17,five_move_reduced,B0|B1|B5|B6|B7,5205500362927/1717986918400,True,1,1,14018773259119/6871947673600,010001001000
wheel_W4__b8__leaf_offset1,17,five_move_reduced,B2|B5|B6|B7,6889127544209/1717986918400,True,1,1,549755808863/6871947673600,001000001110
wheel_W4__b8__leaf_offset1,17,five_move_reduced,B0|B2|B5|B6|B7,10548439679301/3435973836800,True,1,1,13469017445331/6871947673600,010001010000
wheel_W4__b8__leaf_offset1,17,five_move_reduced,B1|B2|B5|B6|B7,4191888081021/1374389534720,True,1,1,13125420251151/6871947673600,010011000000
wheel_W4__b8__leaf_offset1,17,five_move_reduced,B0|B1|B2|B5|B6|B7,1743756722251/858993459200,True,1,1,5428838701069/1374389534720,010001000000
wheel_W4__b8__leaf_offset1,17,five_move_reduced,B3|B5|B6|B7,670014898321/171798691840,True,1,1,412316859371/1374389534720,011000000110
wheel_W4__b8__leaf_offset1,17,five_move_reduced,B0|B3|B5|B6|B7,10926396801299/3435973836800,True,1,1,11957188957339/6871947673600,000001011000
wheel_W4__b8__leaf_offset1,17,five_move_reduced,B1|B3|B5|B6|B7,21715354649101/6871947673600,True,1,1,12232066864333/6871947673600,000011001000
wheel_W4__b8__leaf_offset1,17,five_move_reduced,B0|B1|B3|B5|B6|B7,3676492005501/1717986918400,True,1,1,4964982277751/1717986918400,000001001000
wheel_W4__b8__leaf_offset1,17,five_move_reduced,B2|B3|B5|B6|B7,4398046511199/1374389534720,True,1,1,11544872418373/6871947673600,000011010000
wheel_W4__b8__leaf_offset1,17,five_move_reduced,B0|B2|B3|B5|B6|B7,7490422964449/3435973836800,True,1,1,1992864852299/687194767360,000001010000
wheel_W4__b8__leaf_offset1,17,five_move_reduced,B1|B2|B3|B5|B6|B7,14843406975401/6871947673600,True,1,1,18966575764311/6871947673600,000011000000
wheel_W4__b8__leaf_offset1,17,five_move_reduced,B0|B1|B2|B3|B5|B6|B7,489626271769/429496729600,True,1,1,6597069803701/1374389534720,000001000000
wheel_W4__b8__leaf_offset1,17,five_move_reduced,B4|B5|B6|B7,5428838662219/1374389534720,True,1,1,274877908069/1374389534720,010010011000
wheel_W4__b8__leaf_offset1,17,five_move_reduced,B0|B4|B5|B6|B7,10067403341999/3435973836800,True,1,1,15393162794539/6871947673600,010000011000
wheel_W4__b8__leaf_offset1,17,five_move_reduced,B1|B4|B5|B6|B7,19997367730501/6871947673600,True,1,1,15668040701533/6871947673600,010010001000
wheel_W4__b8__leaf_offset1,17,five_move_reduced,B0|B1|B4|B5|B6|B7,3246995275851/1717986918400,True,1,1,4964982277751/1717986918400,010000001000
wheel_W4__b8__leaf_offset1,17,five_move_reduced,B2|B4|B5|B6|B7,4054449127479/1374389534720,True,1,1,3023656977549/1374389534720,010010010000
wheel_W4__b8__leaf_offset1,17,five_move_reduced,B0|B2|B4|B5|B6|B7,6631429505149/3435973836800,True,1,1,1992864852299/687194767360,010000010000
wheel_W4__b8__leaf_offset1,17,five_move_reduced,B1|B2|B4|B5|B6|B7,13125420056801/6871947673600,True,1,1,28793460947759/6871947673600,010010000000
wheel_W4__b8__leaf_offset1,17,five_move_reduced,B0|B1|B2|B4|B5|B6|B7,764504178713/858993459200,True,1,1,8400956114601/1717986918400,010000000000
wheel_W4__b8__leaf_offset1,17,five_move_reduced,B3|B4|B5|B6|B7,21028159881391/6871947673600,True,1,1,13606456399753/6871947673600,000010011000
wheel_W4__b8__leaf_offset1,17,five_move_reduced,B0|B3|B4|B5|B6|B7,7009386627147/3435973836800,True,1,1,4964982277751/1717986918400,000000011000
wheel_W4__b8__leaf_offset1,17,five_move_reduced,B1|B3|B4|B5|B6|B7,13881334300797/6871947673600,True,1,1,4964982277751/1717986918400,000010001000
wheel_W4__b8__leaf_offset1,17,five_move_reduced,B0|B1|B3|B4|B5|B6|B7,68719476737/68719476736,True,1,1,4964982277751/1717986918400,000000001000
wheel_W4__b8__leaf_offset1,17,five_move_reduced,B2|B3|B4|B5|B6|B7,14156212207691/6871947673600,True,1,1,1992864852299/687194767360,000010010000
wheel_W4__b8__leaf_offset1,17,five_move_reduced,B0|B2|B3|B4|B5|B6|B7,3573412790297/3435973836800,True,1,1,1992864852299/687194767360,000000010000
wheel_W4__b8__leaf_offset1,17,five_move_reduced,B1|B2|B3|B4|B5|B6|B7,7009386627097/6871947673600,True,1,1,8400956114601/1717986918400,000010000000
wheel_W4__b8__leaf_offset1,31,raw,B0,7146825580569/6871947673600,True,1,1,21440476902007/6871947673600,10000000000000
wheel_W4__b8__leaf_offset1,31,raw,B1,3401614098457/3435973836800,True,1,1,11132555366007/3435973836800,01000000000000
wheel_W4__b8__leaf_offset1,31,raw,B0|B1,13950053777483/6871947673600,True,1,1,21440476902007/6871947673600,11000000000000
wheel_W4__b8__leaf_offset1,31,raw,B2,326417514501/343597383680,True,1,1,4758823847543/1717986918400,00100000000000
wheel_W4__b8__leaf_offset1,31,raw,B0|B2,13675175870589/6871947673600,True,1,1,4758823847543/1717986918400,10100000000000
wheel_W4__b8__leaf_offset1,31,raw,B1|B2,6665789243467/3435973836800,True,1,1,4758823847543/1717986918400,01100000000000
wheel_W4__b8__leaf_offset1,31,raw,B0|B1|B2,20478404067503/6871947673600,True,1,1,15187004364681/6871947673600,11100000000000
wheel_W4__b8__leaf_offset1,31,raw,B3,163208757253/171798691840,True,1,1,532575945899/171798691840,00010000000000
wheel_W4__b8__leaf_offset1,31,raw,B0|B3,13675175870689/6871947673600,True,1,1,532575945899/171798691840,10010000000000
wheel_W4__b8__leaf_offset1,31,raw,B1|B3,6665789243517/3435973836800,True,1,1,532575945899/171798691840,01010000000000
wheel_W4__b8__leaf_offset1,31,raw,B0|B1|B3,20478404067603/6871947673600,True,1,1,15187004364481/6871947673600,11010000000000
wheel_W4__b8__leaf_offset1,31,raw,B2|B3,652835029007/343597383680,True,1,1,4758823847543/1717986918400,00110000000000
wheel_W4__b8__leaf_offset1,31,raw,B0|B2|B3,20203526160709/6871947673600,True,1,1,15736760178269/6871947673600,10110000000000
wheel_W4__b8__leaf_offset1,31,raw,B1|B2|B3,9929964388527/3435973836800,True,1,1,16423954945579/6871947673600,01110000000000
wheel_W4__b8__leaf_offset1,31,raw,B0|B1|B2|B3,27006754357623/6871947673600,True,1,1,2130303784441/6871947673600,11110000000000
wheel_W4__b8__leaf_offset1,31,raw,B4,94489280517/85899345920,True,1,1,824633727217/274877906944,00001000000000
wheel_W4__b8__leaf_offset1,31,raw,B0|B4,14705968021929/6871947673600,True,1,1,6322192019287/6871947673600,10001000000000
wheel_W4__b8__leaf_offset1,31,raw,B1|B4,7181185319137/3435973836800,True,1,1,824633727217/274877906944,01001000000000
wheel_W4__b8__leaf_offset1,31,raw,B0|B1|B4,21509196218843/6871947673600,True,1,1,6322192019287/6871947673600,11001000000000
wheel_W4__b8__leaf_offset1,31,raw,B2|B4,704374636569/343597383680,True,1,1,4758823847543/1717986918400,00101000000000
wheel_W4__b8__leaf_offset1,31,raw,B0|B2|B4,21234318311949/6871947673600,True,1,1,6322192019287/6871947673600,10101000000000
wheel_W4__b8__leaf_offset1,31,raw,B1|B2|B4,10445360464147/3435973836800,True,1,1,14362370643099/6871947673600,01101000000000
wheel_W4__b8__leaf_offset1,31,raw,B0|B1|B2|B4,28037546508863/6871947673600,True,1,1,68719481961/6871947673600,11101000000000
wheel_W4__b8__leaf_offset1,31,raw,B3|B4,352187318287/171798691840,True,1,1,824633727217/274877906944,00011000000000
wheel_W4__b8__leaf_offset1,31,raw,B0|B3|B4,21234318312049/6871947673600,True,1,1,6322192019287/6871947673600,10011000000000
wheel_W4__b8__leaf_offset1,31,raw,B1|B3|B4,10445360464197/3435973836800,True,1,1,14362370642899/6871947673600,01011000000000
wheel_W4__b8__leaf_offset1,31,raw,B0|B1|B3|B4,28037546508963/6871947673600,True,1,1,68719481761/6871947673600,11011000000000
wheel_W4__b8__leaf_offset1,31,raw,B2|B3|B4,206158430215/68719476736,True,1,1,14912126456687/6871947673600,00111000000000
wheel_W4__b8__leaf_offset1,31,raw,B0|B2|B3|B4,27762668602069/6871947673600,True,1,1,618475295549/6871947673600,10111000000000
wheel_W4__b8__leaf_offset1,31,raw,B1|B2|B3|B4,13709535609207/3435973836800,True,1,1,1305670062859/6871947673600,01111000000000
wheel_W4__b8__leaf_offset1,31,raw,B0|B1|B2|B3|B4,674309865647/214748364800,True,1,1,12987981098279/6871947673600,00000111000000
wheel_W4__b8__leaf_offset1,31,raw,B5,231928234009/214748364800,True,1,1,10514080074633/3435973836800,00000100000000
wheel_W4__b8__leaf_offset1,31,raw,B0|B5,14568529068857/6871947673600,True,1,1,10514080074633/3435973836800,10000100000000
wheel_W4__b8__leaf_offset1,31,raw,B1|B5,7112465842601/3435973836800,True,1,1,3710851877719/3435973836800,01000100000000
wheel_W4__b8__leaf_offset1,31,raw,B0|B1|B5,21371757265771/6871947673600,True,1,1,3710851877719/3435973836800,11000100000000
wheel_W4__b8__leaf_offset1,31,raw,B2|B5,3487513444577/1717986918400,True,1,1,4758823847543/1717986918400,00100100000000
wheel_W4__b8__leaf_offset1,31,raw,B0|B2|B5,21096879358877/6871947673600,True,1,1,13950053781933/6871947673600,10100100000000
wheel_W4__b8__leaf_offset1,31,raw,B1|B2|B5,10376640987611/3435973836800,True,1,1,3710851877719/3435973836800,01100100000000
wheel_W4__b8__leaf_offset1,31,raw,B0|B1|B2|B5,27900107555791/6871947673600,True,1,1,68719477621/1374389534720,11100100000000
wheel_W4__b8__leaf_offset1,31,raw,B3|B5,1743756722301/858993459200,True,1,1,10514080074633/3435973836800,00010100000000
wheel_W4__b8__leaf_offset1,31,raw,B0|B3|B5,21096879358977/6871947673600,True,1,1,13950053781733/6871947673600,10010100000000
wheel_W4__b8__leaf_offset1,31,raw,B1|B3|B5,10376640987661/3435973836800,True,1,1,3710851877719/3435973836800,01010100000000
wheel_W4__b8__leaf_offset1,31,raw,B0|B1|B3|B5,27900107555891/6871947673600,True,1,1,68719477581/1374389534720,11010100000000
wheel_W4__b8__leaf_offset1,31,raw,B2|B3|B5,5119601017107/1717986918400,True,1,1,15187004362831/6871947673600,00110100000000
wheel_W4__b8__leaf_offset1,31,raw,B0|B2|B3|B5,27625229648997/6871947673600,True,1,1,893353201693/6871947673600,10110100000000
wheel_W4__b8__leaf_offset1,31,raw,B1|B2|B3|B5,13640816132671/3435973836800,True,1,1,1580547969003/6871947673600,01110100000000
wheel_W4__b8__leaf_offset1,31,raw,B0|B1|B2|B3|B5,1357209665861/429496729600,True,1,1,2542620638427/1374389534720,00001011000000
wheel_W4__b8__leaf_offset1,31,raw,B4|B5,936302870603/429496729600,True,1,1,824633727217/274877906944,00001100000000
wheel_W4__b8__leaf_offset1,31,raw,B0|B4|B5,22127671510217/6871947673600,True,1,1,6322192019287/6871947673600,10001100000000
wheel_W4__b8__leaf_offset1,31,raw,B1|B4|B5,10892037063281/3435973836800,True,1,1,3710851877719/3435973836800,01001100000000
wheel_W4__b8__leaf_offset1,31,raw,B0|B1|B4|B5,105495135483/26843545600,True,1,1,51539527227/1717986918400,00000000110011
wheel_W4__b8__leaf_offset1,31,raw,B2|B4|B5,5377299054917/1717986918400,True,1,1,13125420060351/6871947673600,00101100000000
wheel_W4__b8__leaf_offset1,31,raw,B0|B2|B4|B5,549755813989/137438953472,True,1,1,1168231100787/6871947673600,01010011000000
wheel_W4__b8__leaf_offset1,31,raw,B1|B2|B4|B5,5566277616621/1374389534720,True,1,1,481036333477/6871947673600,10010011000000
wheel_W4__b8__leaf_offset1,31,raw,B0|B1|B2|B4|B5,2585570312817/858993459200,True,1,1,34359738575/34359738368,00010011000000
wheel_W4__b8__leaf_offset1,31,raw,B3|B4|B5,2688649527471/858993459200,True,1,1,13125420060151/6871947673600,00011100000000
wheel_W4__b8__leaf_offset1,31,raw,B0|B3|B4|B5,549755813987/137438953472,True,1,1,1168231100987/6871947673600,01100011000000
wheel_W4__b8__leaf_offset1,31,raw,B1|B3|B4|B5,5566277616601/1374389534720,True,1,1,481036333677/6871947673600,10100011000000
wheel_W4__b8__leaf_offset1,31,raw,B0|B1|B3|B4|B5,5171140625609/1717986918400,True,1,1,51539610863/68719476736,00100011000000
wheel_W4__b8__leaf_offset1,31,raw,B2|B3|B4|B5,7009386627447/1717986918400,True,1,1,68719480111/6871947673600,00111100000000
wheel_W4__b8__leaf_offset1,31,raw,B0|B2|B3|B4|B5,2095944040933/687194767360,True,1,1,14224931681027/6871947673600,01000011000000
wheel_W4__b8__leaf_offset1,31,raw,B1|B2|B3|B4|B5,4260607558597/1374389534720,True,1,1,13537736913717/6871947673600,10000011000000
wheel_W4__b8__leaf_offset1,31,raw,B0|B1|B2|B3|B4|B5,221190815819/107374182400,True,1,1,910533083317/343597383680,00000011000000
wheel_W4__b8__leaf_offset1,31,raw,B6,108447924249/107374182400,True,1,1,910533083317/343597383680,00000010000000
wheel_W4__b8__leaf_offset1,31,raw,B0|B6,2817498546501/1374389534720,True,1,1,910533083317/343597383680,10000010000000
wheel_W4__b8__leaf_offset1,31,raw,B1|B6,274877906977/137438953472,True,1,1,910533083317/343597383680,01000010000000
wheel_W4__b8__leaf_offset1,31,raw,B0|B1|B6,20890720929419/6871947673600,True,1,1,14362370640849/6871947673600,11000010000000
wheel_W4__b8__leaf_offset1,31,raw,B2|B6,3367254360489/1717986918400,True,1,1,51539610863/68719476736,00100010000000
wheel_W4__b8__leaf_offset1,31,raw,B0|B2|B6,824633720901/274877906944,True,1,1,51539610863/68719476736,10100010000000
wheel_W4__b8__leaf_offset1,31,raw,B1|B2|B6,2027224563887/687194767360,True,1,1,51539610863/68719476736,01100010000000
wheel_W4__b8__leaf_offset1,31,raw,B0|B1|B2|B6,27419071219439/6871947673600,True,1,1,1305670060809/6871947673600,11100010000000
wheel_W4__b8__leaf_offset1,31,raw,B3|B6,1683627180257/858993459200,True,1,1,910533083317/343597383680,00010010000000
wheel_W4__b8__leaf_offset1,31,raw,B0|B3|B6,824633720905/274877906944,True,1,1,14912126454437/6871947673600,10010010000000
wheel_W4__b8__leaf_offset1,31,raw,B1|B3|B6,2027224563897/687194767360,True,1,1,15599321221747/6871947673600,01010010000000
wheel_W4__b8__leaf_offset1,31,raw,B0|B1|B3|B6,27419071219539/6871947673600,True,1,1,1305670060609/6871947673600,11010010000000
wheel_W4__b8__leaf_offset1,31,raw,B2|B3|B6,4999341933019/1717986918400,True,1,1,51539610863/68719476736,00110010000000
wheel_W4__b8__leaf_offset1,31,raw,B0|B2|B3|B6,5428838662529/1374389534720,True,1,1,1855425874397/6871947673600,10110010000000
wheel_W4__b8__leaf_offset1,31,raw,B1|B2|B3|B6,2680059592899/687194767360,True,1,1,2542620641707/6871947673600,01110010000000
wheel_W4__b8__leaf_offset1,31,raw,B0|B1|B2|B3|B6,1387274436883/429496729600,True,1,1,11751030519431/6871947673600,00001101000000
wheel_W4__b8__leaf_offset1,31,raw,B4|B6,906238099581/429496729600,True,1,1,910533083317/343597383680,00001010000000
wheel_W4__b8__leaf_offset1,31,raw,B0|B4|B6,4329327034773/1374389534720,True,1,1,6322192019287/6871947673600,10001010000000
wheel_W4__b8__leaf_offset1,31,raw,B1|B4|B6,2130303779021/687194767360,True,1,1,13537736919267/6871947673600,01001010000000
wheel_W4__b8__leaf_offset1,31,raw,B0|B1|B4|B6,6923487282227/1717986918400,True,1,1,755914241871/6871947673600,00110101000000
wheel_W4__b8__leaf_offset1,31,raw,B2|B4|B6,5257039970829/1717986918400,True,1,1,51539610863/68719476736,00101010000000
wheel_W4__b8__leaf_offset1,31,raw,B0|B2|B4|B6,20669530337/5368709120,True,1,1,755914102221/3435973836800,00000000101101
wheel_W4__b8__leaf_offset1,31,raw,B1|B2|B4|B6,2783138808023/687194767360,True,1,1,481036339227/6871947673600,01101010000000
wheel_W4__b8__leaf_offset1,31,raw,B0|B1|B2|B4|B6,2645699854861/858993459200,True,1,1,34359738575/34359738368,00010101000000
wheel_W4__b8__leaf_offset1,31,raw,B3|B4|B6,2628519985427/858993459200,True,1,1,2817498546571/1374389534720,00011010000000
wheel_W4__b8__leaf_offset1,31,raw,B0|B3|B4|B6,13984413517851/3435973836800,True,1,1,206158428283/6871947673600,01100101000000
wheel_W4__b8__leaf_offset1,31,raw,B1|B3|B4|B6,2783138808033/687194767360,True,1,1,481036339027/6871947673600,01011010000000
wheel_W4__b8__leaf_offset1,31,raw,B0|B1|B3|B4|B6,5291399709697/1717986918400,True,1,1,13812614822111/6871947673600,00100101000000
wheel_W4__b8__leaf_offset1,31,raw,B2|B3|B4|B6,6889127543359/1717986918400,True,1,1,206158430563/1374389534720,00111010000000
wheel_W4__b8__leaf_offset1,31,raw,B0|B2|B3|B4|B6,10720238372841/3435973836800,True,1,1,3710851877719/3435973836800,01000101000000
wheel_W4__b8__leaf_offset1,31,raw,B1|B2|B3|B4|B6,21784074129337/6871947673600,True,1,1,12575664241013/6871947673600,10000101000000
wheel_W4__b8__leaf_offset1,31,raw,B0|B1|B2|B3|B4|B6,457414017149/214748364800,True,1,1,498216207381/171798691840,00000101000000
wheel_W4__b8__leaf_offset1,31,raw,B5|B6,448824082507/214748364800,True,1,1,910533083317/343597383680,00000110000000
wheel_W4__b8__leaf_offset1,31,raw,B0|B5|B6,21509196220793/6871947673600,True,1,1,13125420058101/6871947673600,10000110000000
wheel_W4__b8__leaf_offset1,31,raw,B1|B5|B6,10582799418569/3435973836800,True,1,1,3710851877719/3435973836800,01000110000000
wheel_W4__b8__leaf_offset1,31,raw,B0|B1|B5|B6,1391569404099/343597383680,True,1,1,481036335727/6871947673600,00111001000000
wheel_W4__b8__leaf_offset1,31,raw,B2|B5|B6,5222680232561/1717986918400,True,1,1,51539610863/68719476736,00100110000000
wheel_W4__b8__leaf_offset1,31,raw,B0|B2|B5|B6,28037546510813/6871947673600,True,1,1,68719478061/6871947673600,10100110000000
wheel_W4__b8__leaf_offset1,31,raw,B1|B2|B5|B6,13846974563579/3435973836800,True,1,1,755914245371/6871947673600,01100110000000
wheel_W4__b8__leaf_offset1,31,raw,B0|B1|B2|B5|B6,532575944799/171798691840,True,1,1,34359738575/34359738368,00011001000000
wheel_W4__b8__leaf_offset1,31,raw,B3|B5|B6,2611340116293/858993459200,True,1,1,14362370638999/6871947673600,00010110000000
wheel_W4__b8__leaf_offset1,31,raw,B0|B3|B5|B6,28037546510913/6871947673600,True,1,1,68719477861/6871947673600,10010110000000
wheel_W4__b8__leaf_offset1,31,raw,B1|B3|B5|B6,13846974563629/3435973836800,True,1,1,755914245171/6871947673600,01010110000000
wheel_W4__b8__leaf_offset1,31,raw,B0|B1|B3|B5|B6,1065151889593/343597383680,True,1,1,13537736915967/6871947673600,00101001000000
wheel_W4__b8__leaf_offset1,31,raw,B2|B3|B5|B6,6854767805091/1717986918400,True,1,1,1305670058959/6871947673600,00110110000000
wheel_W4__b8__leaf_offset1,31,raw,B0|B2|B3|B5|B6,10788957849377/3435973836800,True,1,1,12987981102179/6871947673600,01001001000000
wheel_W4__b8__leaf_offset1,31,raw,B1|B2|B3|B5|B6,21921513082409/6871947673600,True,1,1,6322192019287/6871947673600,10001001000000
wheel_W4__b8__leaf_offset1,31,raw,B0|B1|B2|B3|B5|B6,184683593773/85899345920,True,1,1,498216207381/171798691840,00001001000000
wheel_W4__b8__leaf_offset1,31,raw,B4|B5|B6,1370094567599/429496729600,True,1,1,12300786336519/6871947673600,00001110000000
wheel_W4__b8__leaf_offset1,31,raw,B0|B4|B5|B6,13537736918767/3435973836800,True,1,1,1992864824619/6871947673600,01110001000000
wheel_W4__b8__leaf_offset1,31,raw,B1|B4|B5|B6,27419071221189/6871947673600,True,1,1,1305670057309/6871947673600,10110001000000
wheel_W4__b8__leaf_offset1,31,raw,B0|B1|B4|B5|B6,1013612282031/343597383680,True,1,1,34359738575/34359738368,00110001000000
wheel_W4__b8__leaf_offset1,31,raw,B2|B4|B5|B6,27693949128083/6871947673600,True,1,1,755914243521/6871947673600,11010001000000
wheel_W4__b8__leaf_offset1,31,raw,B0|B2|B4|B5|B6,10273561773757/3435973836800,True,1,1,34359738575/34359738368,01010001000000
wheel_W4__b8__leaf_offset1,31,raw,B1|B2|B4|B5|B6,20890720931169/6871947673600,True,1,1,34359738575/34359738368,10010001000000
wheel_W4__b8__leaf_offset1,31,raw,B0|B1|B2|B4|B5|B6,68719476753/34359738368,True,1,1,34359738575/34359738368,00010001000000
wheel_W4__b8__leaf_offset1,31,raw,B3|B4|B5|B6,27693949127983/6871947673600,True,1,1,755914243721/6871947673600,11100001000000
wheel_W4__b8__leaf_offset1,31,raw,B0|B3|B4|B5|B6,10273561773707/3435973836800,True,1,1,15049565404859/6871947673600,01100001000000
wheel_W4__b8__leaf_offset1,31,raw,B1|B3|B4|B5|B6,20890720931069/6871947673600,True,1,1,14362370637549/6871947673600,10100001000000
wheel_W4__b8__leaf_offset1,31,raw,B0|B1|B3|B4|B5|B6,137438953505/68719476736,True,1,1,4758823847543/1717986918400,00100001000000
wheel_W4__b8__leaf_offset1,31,raw,B2|B3|B4|B5|B6,21165598837963/6871947673600,True,1,1,13812614823761/6871947673600,11000001000000
wheel_W4__b8__leaf_offset1,31,raw,B0|B2|B3|B4|B5|B6,7009386628697/3435973836800,True,1,1,498216207381/171798691840,01000001000000
wheel_W4__b8__leaf_offset1,31,raw,B1|B2|B3|B4|B5|B6,14362370641049/6871947673600,True,1,1,498216207381/171798691840,10000001000000
wheel_W4__b8__leaf_offset1,31,raw,B0|B1|B2|B3|B4|B5|B6,11274289157/10737418240,True,1,1,498216207381/171798691840,00000001000000
wheel_W4__b8__leaf_offset1,31,raw,B7,11274289157/10737418240,True,1,1,498216207381/171798691840,00000001000000
wheel_W4__b8__leaf_offset1,31,raw,B0|B7,14362370641049/6871947673600,True,1,1,498216207381/171798691840,10000001000000
wheel_W4__b8__leaf_offset1,31,raw,B1|B7,7009386628697/3435973836800,True,1,1,498216207381/171798691840,01000001000000
wheel_W4__b8__leaf_offset1,31,raw,B0|B1|B7,21165598837963/6871947673600,True,1,1,13812614823761/6871947673600,11000001000000
wheel_W4__b8__leaf_offset1,31,raw,B2|B7,137438953505/68719476736,True,1,1,4758823847543/1717986918400,00100001000000
wheel_W4__b8__leaf_offset1,31,raw,B0|B2|B7,20890720931069/6871947673600,True,1,1,14362370637549/6871947673600,10100001000000
wheel_W4__b8__leaf_offset1,31,raw,B1|B2|B7,10273561773707/3435973836800,True,1,1,15049565404859/6871947673600,01100001000000
wheel_W4__b8__leaf_offset1,31,raw,B0|B1|B2|B7,27693949127983/6871947673600,True,1,1,755914243721/6871947673600,11100001000000
wheel_W4__b8__leaf_offset1,31,raw,B3|B7,68719476753/34359738368,True,1,1,34359738575/34359738368,00010001000000
wheel_W4__b8__leaf_offset1,31,raw,B0|B3|B7,20890720931169/6871947673600,True,1,1,34359738575/34359738368,10010001000000
wheel_W4__b8__leaf_offset1,31,raw,B1|B3|B7,10273561773757/3435973836800,True,1,1,34359738575/34359738368,01010001000000
wheel_W4__b8__leaf_offset1,31,raw,B0|B1|B3|B7,27693949128083/6871947673600,True,1,1,755914243521/6871947673600,11010001000000
wheel_W4__b8__leaf_offset1,31,raw,B2|B3|B7,1013612282031/343597383680,True,1,1,34359738575/34359738368,00110001000000
wheel_W4__b8__leaf_offset1,31,raw,B0|B2|B3|B7,27419071221189/6871947673600,True,1,1,1305670057309/6871947673600,10110001000000
wheel_W4__b8__leaf_offset1,31,raw,B1|B2|B3|B7,13537736918767/3435973836800,True,1,1,1992864824619/6871947673600,01110001000000
wheel_W4__b8__leaf_offset1,31,raw,B0|B1|B2|B3|B7,1370094567599/429496729600,True,1,1,12300786336519/6871947673600,00001110000000
wheel_W4__b8__leaf_offset1,31,raw,B4|B7,184683593773/85899345920,True,1,1,498216207381/171798691840,00001001000000
wheel_W4__b8__leaf_offset1,31,raw,B0|B4|B7,21921513082409/6871947673600,True,1,1,6322192019287/6871947673600,10001001000000
wheel_W4__b8__leaf_offset1,31,raw,B1|B4|B7,10788957849377/3435973836800,True,1,1,12987981102179/6871947673600,01001001000000
wheel_W4__b8__leaf_offset1,31,raw,B0|B1|B4|B7,6854767805091/1717986918400,True,1,1,1305670058959/6871947673600,00110110000000
wheel_W4__b8__leaf_offset1,31,raw,B2|B4|B7,1065151889593/343597383680,True,1,1,13537736915967/6871947673600,00101001000000
wheel_W4__b8__leaf_offset1,31,raw,B0|B2|B4|B7,13846974563629/3435973836800,True,1,1,755914245171/6871947673600,01010110000000
wheel_W4__b8__leaf_offset1,31,raw,B1|B2|B4|B7,28037546510913/6871947673600,True,1,1,68719477861/6871947673600,10010110000000
wheel_W4__b8__leaf_offset1,31,raw,B0|B1|B2|B4|B7,2611340116293/858993459200,True,1,1,14362370638999/6871947673600,00010110000000
wheel_W4__b8__leaf_offset1,31,raw,B3|B4|B7,532575944799/171798691840,True,1,1,34359738575/34359738368,00011001000000
wheel_W4__b8__leaf_offset1,31,raw,B0|B3|B4|B7,13846974563579/3435973836800,True,1,1,755914245371/6871947673600,01100110000000
wheel_W4__b8__leaf_offset1,31,raw,B1|B3|B4|B7,28037546510813/6871947673600,True,1,1,68719478061/6871947673600,10100110000000
wheel_W4__b8__leaf_offset1,31,raw,B0|B1|B3|B4|B7,5222680232561/1717986918400,True,1,1,51539610863/68719476736,00100110000000
wheel_W4__b8__leaf_offset1,31,raw,B2|B3|B4|B7,1391569404099/343597383680,True,1,1,481036335727/6871947673600,00111001000000
wheel_W4__b8__leaf_offset1,31,raw,B0|B2|B3|B4|B7,10582799418569/3435973836800,True,1,1,3710851877719/3435973836800,01000110000000
wheel_W4__b8__leaf_offset1,31,raw,B1|B2|B3|B4|B7,21509196220793/6871947673600,True,1,1,13125420058101/6871947673600,10000110000000
wheel_W4__b8__leaf_offset1,31,raw,B0|B1|B2|B3|B4|B7,448824082507/214748364800,True,1,1,910533083317/343597383680,00000110000000
wheel_W4__b8__leaf_offset1,31,raw,B5|B7,457414017149/214748364800,True,1,1,498216207381/171798691840,00000101000000
wheel_W4__b8__leaf_offset1,31,raw,B0|B5|B7,21784074129337/6871947673600,True,1,1,12575664241013/6871947673600,10000101000000
wheel_W4__b8__leaf_offset1,31,raw,B1|B5|B7,10720238372841/3435973836800,True,1,1,3710851877719/3435973836800,01000101000000
wheel_W4__b8__leaf_offset1,31,raw,B0|B1|B5|B7,6889127543359/1717986918400,True,1,1,206158430563/1374389534720,00111010000000
wheel_W4__b8__leaf_offset1,31,raw,B2|B5|B7,5291399709697/1717986918400,True,1,1,13812614822111/6871947673600,00100101000000
wheel_W4__b8__leaf_offset1,31,raw,B0|B2|B5|B7,2783138808033/687194767360,True,1,1,481036339027/6871947673600,01011010000000
wheel_W4__b8__leaf_offset1,31,raw,B1|B2|B5|B7,13984413517851/3435973836800,True,1,1,206158428283/6871947673600,01100101000000
wheel_W4__b8__leaf_offset1,31,raw,B0|B1|B2|B5|B7,2628519985427/858993459200,True,1,1,2817498546571/1374389534720,00011010000000
wheel_W4__b8__leaf_offset1,31,raw,B3|B5|B7,2645699854861/858993459200,True,1,1,34359738575/34359738368,00010101000000
wheel_W4__b8__leaf_offset1,31,raw,B0|B3|B5|B7,2783138808023/687194767360,True,1,1,481036339227/6871947673600,01101010000000
wheel_W4__b8__leaf_offset1,31,raw,B1|B3|B5|B7,20669530337/5368709120,True,1,1,755914102221/3435973836800,00000000101101
wheel_W4__b8__leaf_offset1,31,raw,B0|B1|B3|B5|B7,5257039970829/1717986918400,True,1,1,51539610863/68719476736,00101010000000
wheel_W4__b8__leaf_offset1,31,raw,B2|B3|B5|B7,6923487282227/1717986918400,True,1,1,755914241871/6871947673600,00110101000000
wheel_W4__b8__leaf_offset1,31,raw,B0|B2|B3|B5|B7,2130303779021/687194767360,True,1,1,13537736919267/6871947673600,01001010000000
wheel_W4__b8__leaf_offset1,31,raw,B1|B2|B3|B5|B7,4329327034773/1374389534720,True,1,1,6322192019287/6871947673600,10001010000000
wheel_W4__b8__leaf_offset1,31,raw,B0|B1|B2|B3|B5|B7,906238099581/429496729600,True,1,1,910533083317/343597383680,00001010000000
wheel_W4__b8__leaf_offset1,31,raw,B4|B5|B7,1387274436883/429496729600,True,1,1,11751030519431/6871947673600,00001101000000
wheel_W4__b8__leaf_offset1,31,raw,B0|B4|B5|B7,2680059592899/687194767360,True,1,1,2542620641707/6871947673600,01110010000000
wheel_W4__b8__leaf_offset1,31,raw,B1|B4|B5|B7,5428838662529/1374389534720,True,1,1,1855425874397/6871947673600,10110010000000
wheel_W4__b8__leaf_offset1,31,raw,B0|B1|B4|B5|B7,4999341933019/1717986918400,True,1,1,51539610863/68719476736,00110010000000
wheel_W4__b8__leaf_offset1,31,raw,B2|B4|B5|B7,27419071219539/6871947673600,True,1,1,1305670060609/6871947673600,11010010000000
wheel_W4__b8__leaf_offset1,31,raw,B0|B2|B4|B5|B7,2027224563897/687194767360,True,1,1,15599321221747/6871947673600,01010010000000
wheel_W4__b8__leaf_offset1,31,raw,B1|B2|B4|B5|B7,824633720905/274877906944,True,1,1,14912126454437/6871947673600,10010010000000
wheel_W4__b8__leaf_offset1,31,raw,B0|B1|B2|B4|B5|B7,1683627180257/858993459200,True,1,1,910533083317/343597383680,00010010000000
wheel_W4__b8__leaf_offset1,31,raw,B3|B4|B5|B7,27419071219439/6871947673600,True,1,1,1305670060809/6871947673600,11100010000000
wheel_W4__b8__leaf_offset1,31,raw,B0|B3|B4|B5|B7,2027224563887/687194767360,True,1,1,51539610863/68719476736,01100010000000
wheel_W4__b8__leaf_offset1,31,raw,B1|B3|B4|B5|B7,824633720901/274877906944,True,1,1,51539610863/68719476736,10100010000000
wheel_W4__b8__leaf_offset1,31,raw,B0|B1|B3|B4|B5|B7,3367254360489/1717986918400,True,1,1,51539610863/68719476736,00100010000000
wheel_W4__b8__leaf_offset1,31,raw,B2|B3|B4|B5|B7,20890720929419/6871947673600,True,1,1,14362370640849/6871947673600,11000010000000
wheel_W4__b8__leaf_offset1,31,raw,B0|B2|B3|B4|B5|B7,274877906977/137438953472,True,1,1,910533083317/343597383680,01000010000000
wheel_W4__b8__leaf_offset1,31,raw,B1|B2|B3|B4|B5|B7,2817498546501/1374389534720,True,1,1,910533083317/343597383680,10000010000000
wheel_W4__b8__leaf_offset1,31,raw,B0|B1|B2|B3|B4|B5|B7,108447924249/107374182400,True,1,1,910533083317/343597383680,00000010000000
wheel_W4__b8__leaf_offset1,31,raw,B6|B7,221190815819/107374182400,True,1,1,910533083317/343597383680,00000011000000
wheel_W4__b8__leaf_offset1,31,raw,B0|B6|B7,4260607558597/1374389534720,True,1,1,13537736913717/6871947673600,10000011000000
wheel_W4__b8__leaf_offset1,31,raw,B1|B6|B7,2095944040933/687194767360,True,1,1,14224931681027/6871947673600,01000011000000
wheel_W4__b8__leaf_offset1,31,raw,B0|B1|B6|B7,7009386627447/1717986918400,True,1,1,68719480111/6871947673600,00111100000000
wheel_W4__b8__leaf_offset1,31,raw,B2|B6|B7,5171140625609/1717986918400,True,1,1,51539610863/68719476736,00100011000000
wheel_W4__b8__leaf_offset1,31,raw,B0|B2|B6|B7,5566277616601/1374389534720,True,1,1,481036333677/6871947673600,10100011000000
wheel_W4__b8__leaf_offset1,31,raw,B1|B2|B6|B7,549755813987/137438953472,True,1,1,1168231100987/6871947673600,01100011000000
wheel_W4__b8__leaf_offset1,31,raw,B0|B1|B2|B6|B7,2688649527471/858993459200,True,1,1,13125420060151/6871947673600,00011100000000
wheel_W4__b8__leaf_offset1,31,raw,B3|B6|B7,2585570312817/858993459200,True,1,1,34359738575/34359738368,00010011000000
wheel_W4__b8__leaf_offset1,31,raw,B0|B3|B6|B7,5566277616621/1374389534720,True,1,1,481036333477/6871947673600,10010011000000
wheel_W4__b8__leaf_offset1,31,raw,B1|B3|B6|B7,549755813989/137438953472,True,1,1,1168231100787/6871947673600,01010011000000
wheel_W4__b8__leaf_offset1,31,raw,B0|B1|B3|B6|B7,5377299054917/1717986918400,True,1,1,13125420060351/6871947673600,00101100000000
wheel_W4__b8__leaf_offset1,31,raw,B2|B3|B6|B7,105495135483/26843545600,True,1,1,51539527227/1717986918400,00000000110011
wheel_W4__b8__leaf_offset1,31,raw,B0|B2|B3|B6|B7,10892037063281/3435973836800,True,1,1,3710851877719/3435973836800,01001100000000
wheel_W4__b8__leaf_offset1,31,raw,B1|B2|B3|B6|B7,22127671510217/6871947673600,True,1,1,6322192019287/6871947673600,10001100000000
wheel_W4__b8__leaf_offset1,31,raw,B0|B1|B2|B3|B6|B7,936302870603/429496729600,True,1,1,824633727217/274877906944,00001100000000
wheel_W4__b8__leaf_offset1,31,raw,B4|B6|B7,1357209665861/429496729600,True,1,1,2542620638427/1374389534720,00001011000000
wheel_W4__b8__leaf_offset1,31,raw,B0|B4|B6|B7,13640816132671/3435973836800,True,1,1,1580547969003/6871947673600,01110100000000
wheel_W4__b8__leaf_offset1,31,raw,B1|B4|B6|B7,27625229648997/6871947673600,True,1,1,893353201693/6871947673600,10110100000000
wheel_W4__b8__leaf_offset1,31,raw,B0|B1|B4|B6|B7,5119601017107/1717986918400,True,1,1,15187004362831/6871947673600,00110100000000
wheel_W4__b8__leaf_offset1,31,raw,B2|B4|B6|B7,27900107555891/6871947673600,True,1,1,68719477581/1374389534720,11010100000000
wheel_W4__b8__leaf_offset1,31,raw,B0|B2|B4|B6|B7,10376640987661/3435973836800,True,1,1,3710851877719/3435973836800,01010100000000
wheel_W4__b8__leaf_offset1,31,raw,B1|B2|B4|B6|B7,21096879358977/6871947673600,True,1,1,13950053781733/6871947673600,10010100000000
wheel_W4__b8__leaf_offset1,31,raw,B0|B1|B2|B4|B6|B7,1743756722301/858993459200,True,1,1,10514080074633/3435973836800,00010100000000
wheel_W4__b8__leaf_offset1,31,raw,B3|B4|B6|B7,27900107555791/6871947673600,True,1,1,68719477621/1374389534720,11100100000000
wheel_W4__b8__leaf_offset1,31,raw,B0|B3|B4|B6|B7,10376640987611/3435973836800,True,1,1,3710851877719/3435973836800,01100100000000
wheel_W4__b8__leaf_offset1,31,raw,B1|B3|B4|B6|B7,21096879358877/6871947673600,True,1,1,13950053781933/6871947673600,10100100000000
wheel_W4__b8__leaf_offset1,31,raw,B0|B1|B3|B4|B6|B7,3487513444577/1717986918400,True,1,1,4758823847543/1717986918400,00100100000000
wheel_W4__b8__leaf_offset1,31,raw,B2|B3|B4|B6|B7,21371757265771/6871947673600,True,1,1,3710851877719/3435973836800,11000100000000
wheel_W4__b8__leaf_offset1,31,raw,B0|B2|B3|B4|B6|B7,7112465842601/3435973836800,True,1,1,3710851877719/3435973836800,01000100000000
wheel_W4__b8__leaf_offset1,31,raw,B1|B2|B3|B4|B6|B7,14568529068857/6871947673600,True,1,1,10514080074633/3435973836800,10000100000000
wheel_W4__b8__leaf_offset1,31,raw,B0|B1|B2|B3|B4|B6|B7,231928234009/214748364800,True,1,1,10514080074633/3435973836800,00000100000000
wheel_W4__b8__leaf_offset1,31,raw,B5|B6|B7,674309865647/214748364800,True,1,1,12987981098279/6871947673600,00000111000000
wheel_W4__b8__leaf_offset1,31,raw,B0|B5|B6|B7,13709535609207/3435973836800,True,1,1,1305670062859/6871947673600,01111000000000
wheel_W4__b8__leaf_offset1,31,raw,B1|B5|B6|B7,27762668602069/6871947673600,True,1,1,618475295549/6871947673600,10111000000000
wheel_W4__b8__leaf_offset1,31,raw,B0|B1|B5|B6|B7,206158430215/68719476736,True,1,1,14912126456687/6871947673600,00111000000000
wheel_W4__b8__leaf_offset1,31,raw,B2|B5|B6|B7,28037546508963/6871947673600,True,1,1,68719481761/6871947673600,11011000000000
wheel_W4__b8__leaf_offset1,31,raw,B0|B2|B5|B6|B7,10445360464197/3435973836800,True,1,1,14362370642899/6871947673600,01011000000000
wheel_W4__b8__leaf_offset1,31,raw,B1|B2|B5|B6|B7,21234318312049/6871947673600,True,1,1,6322192019287/6871947673600,10011000000000
wheel_W4__b8__leaf_offset1,31,raw,B0|B1|B2|B5|B6|B7,352187318287/171798691840,True,1,1,824633727217/274877906944,00011000000000
wheel_W4__b8__leaf_offset1,31,raw,B3|B5|B6|B7,28037546508863/6871947673600,True,1,1,68719481961/6871947673600,11101000000000
wheel_W4__b8__leaf_offset1,31,raw,B0|B3|B5|B6|B7,10445360464147/3435973836800,True,1,1,14362370643099/6871947673600,01101000000000
wheel_W4__b8__leaf_offset1,31,raw,B1|B3|B5|B6|B7,21234318311949/6871947673600,True,1,1,6322192019287/6871947673600,10101000000000
wheel_W4__b8__leaf_offset1,31,raw,B0|B1|B3|B5|B6|B7,704374636569/343597383680,True,1,1,4758823847543/1717986918400,00101000000000
wheel_W4__b8__leaf_offset1,31,raw,B2|B3|B5|B6|B7,21509196218843/6871947673600,True,1,1,6322192019287/6871947673600,11001000000000
wheel_W4__b8__leaf_offset1,31,raw,B0|B2|B3|B5|B6|B7,7181185319137/3435973836800,True,1,1,824633727217/274877906944,01001000000000
wheel_W4__b8__leaf_offset1,31,raw,B1|B2|B3|B5|B6|B7,14705968021929/6871947673600,True,1,1,6322192019287/6871947673600,10001000000000
wheel_W4__b8__leaf_offset1,31,raw,B0|B1|B2|B3|B5|B6|B7,94489280517/85899345920,True,1,1,824633727217/274877906944,00001000000000
wheel_W4__b8__leaf_offset1,31,raw,B4|B5|B6|B7,27006754357623/6871947673600,True,1,1,2130303784441/6871947673600,11110000000000
wheel_W4__b8__leaf_offset1,31,raw,B0|B4|B5|B6|B7,9929964388527/3435973836800,True,1,1,16423954945579/6871947673600,01110000000000
wheel_W4__b8__leaf_offset1,31,raw,B1|B4|B5|B6|B7,20203526160709/6871947673600,True,1,1,15736760178269/6871947673600,10110000000000
wheel_W4__b8__leaf_offset1,31,raw,B0|B1|B4|B5|B6|B7,652835029007/343597383680,True,1,1,4758823847543/1717986918400,00110000000000
wheel_W4__b8__leaf_offset1,31,raw,B2|B4|B5|B6|B7,20478404067603/6871947673600,True,1,1,15187004364481/6871947673600,11010000000000
wheel_W4__b8__leaf_offset1,31,raw,B0|B2|B4|B5|B6|B7,6665789243517/3435973836800,True,1,1,532575945899/171798691840,01010000000000
wheel_W4__b8__leaf_offset1,31,raw,B1|B2|B4|B5|B6|B7,13675175870689/6871947673600,True,1,1,532575945899/171798691840,10010000000000
wheel_W4__b8__leaf_offset1,31,raw,B0|B1|B2|B4|B5|B6|B7,163208757253/171798691840,True,1,1,532575945899/171798691840,00010000000000
wheel_W4__b8__leaf_offset1,31,raw,B3|B4|B5|B6|B7,20478404067503/6871947673600,True,1,1,15187004364681/6871947673600,11100000000000
wheel_W4__b8__leaf_offset1,31,raw,B0|B3|B4|B5|B6|B7,6665789243467/3435973836800,True,1,1,4758823847543/1717986918400,01100000000000
wheel_W4__b8__leaf_offset1,31,raw,B1|B3|B4|B5|B6|B7,13675175870589/6871947673600,True,1,1,4758823847543/1717986918400,10100000000000
wheel_W4__b8__leaf_offset1,31,raw,B0|B1|B3|B4|B5|B6|B7,326417514501/343597383680,True,1,1,4758823847543/1717986918400,00100000000000
wheel_W4__b8__leaf_offset1,31,raw,B2|B3|B4|B5|B6|B7,13950053777483/6871947673600,True,1,1,21440476902007/6871947673600,11000000000000
wheel_W4__b8__leaf_offset1,31,raw,B0|B2|B3|B4|B5|B6|B7,3401614098457/3435973836800,True,1,1,11132555366007/3435973836800,01000000000000
wheel_W4__b8__leaf_offset1,31,raw,B1|B2|B3|B4|B5|B6|B7,7146825580569/6871947673600,True,1,1,21440476902007/6871947673600,10000000000000
wheel_W4__b8__leaf_offset1,31,five_move_reduced,B0,7146825580569/6871947673600,True,1,1,21440476902007/6871947673600,000000010000
wheel_W4__b8__leaf_offset1,31,five_move_reduced,B1,3401614098457/3435973836800,True,1,1,8022998992553/1717986918400,000010000000
wheel_W4__b8__leaf_offset1,31,five_move_reduced,B0|B1,13950053777483/6871947673600,True,1,1,21440476902007/6871947673600,000010010000
wheel_W4__b8__leaf_offset1,31,five_move_reduced,B2,326417514501/343597383680,True,1,1,4758823847543/1717986918400,000000001000
wheel_W4__b8__leaf_offset1,31,five_move_reduced,B0|B2,13675175870589/6871947673600,True,1,1,4758823847543/1717986918400,000000011000
wheel_W4__b8__leaf_offset1,31,five_move_reduced,B1|B2,6665789243467/3435973836800,True,1,1,4758823847543/1717986918400,000010001000
wheel_W4__b8__leaf_offset1,31,five_move_reduced,B0|B1|B2,20478404067503/6871947673600,True,1,1,15187004364681/6871947673600,000010011000
wheel_W4__b8__leaf_offset1,31,five_move_reduced,B3,163208757253/171798691840,True,1,1,8022998992553/1717986918400,010000000000
wheel_W4__b8__leaf_offset1,31,five_move_reduced,B0|B3,13675175870689/6871947673600,True,1,1,21440476902007/6871947673600,010000010000
wheel_W4__b8__leaf_offset1,31,five_move_reduced,B1|B3,6665789243517/3435973836800,True,1,1,13881334446547/3435973836800,010010000000
wheel_W4__b8__leaf_offset1,31,five_move_reduced,B0|B1|B3,20478404067603/6871947673600,True,1,1,15187004364481/6871947673600,010010010000
wheel_W4__b8__leaf_offset1,31,five_move_reduced,B2|B3,652835029007/343597383680,True,1,1,4758823847543/1717986918400,010000001000
wheel_W4__b8__leaf_offset1,31,five_move_reduced,B0|B2|B3,20203526160709/6871947673600,True,1,1,15736760178269/6871947673600,010000011000
wheel_W4__b8__leaf_offset1,31,five_move_reduced,B1|B2|B3,9929964388527/3435973836800,True,1,1,16423954945579/6871947673600,010010001000
wheel_W4__b8__leaf_offset1,31,five_move_reduced,B0|B1|B2|B3,27006754357623/6871947673600,True,1,1,2130303784441/6871947673600,010010011000
wheel_W4__b8__leaf_offset1,31,five_move_reduced,B4,94489280517/85899345920,True,1,1,824633727217/274877906944,000000000100
wheel_W4__b8__leaf_offset1,31,five_move_reduced,B0|B4,14705968021929/6871947673600,True,1,1,6322192019287/6871947673600,000000010100
wheel_W4__b8__leaf_offset1,31,five_move_reduced,B1|B4,7181185319137/3435973836800,True,1,1,824633727217/274877906944,000010000100
wheel_W4__b8__leaf_offset1,31,five_move_reduced,B0|B1|B4,21509196218843/6871947673600,True,1,1,6322192019287/6871947673600,000010010100
wheel_W4__b8__leaf_offset1,31,five_move_reduced,B2|B4,704374636569/343597383680,True,1,1,4758823847543/1717986918400,000000001100
wheel_W4__b8__leaf_offset1,31,five_move_reduced,B0|B2|B4,21234318311949/6871947673600,True,1,1,6322192019287/6871947673600,000000011100
wheel_W4__b8__leaf_offset1,31,five_move_reduced,B1|B2|B4,10445360464147/3435973836800,True,1,1,14362370643099/6871947673600,000010001100
wheel_W4__b8__leaf_offset1,31,five_move_reduced,B0|B1|B2|B4,28037546508863/6871947673600,True,1,1,68719481961/6871947673600,000010011100
wheel_W4__b8__leaf_offset1,31,five_move_reduced,B3|B4,352187318287/171798691840,True,1,1,824633727217/274877906944,010000000100
wheel_W4__b8__leaf_offset1,31,five_move_reduced,B0|B3|B4,21234318312049/6871947673600,True,1,1,6322192019287/6871947673600,010000010100
wheel_W4__b8__leaf_offset1,31,five_move_reduced,B1|B3|B4,10445360464197/3435973836800,True,1,1,14362370642899/6871947673600,010010000100
wheel_W4__b8__leaf_offset1,31,five_move_reduced,B0|B1|B3|B4,28037546508963/6871947673600,True,1,1,68719481761/6871947673600,010010010100
wheel_W4__b8__leaf_offset1,31,five_move_reduced,B2|B3|B4,206158430215/68719476736,True,1,1,14912126456687/6871947673600,010000001100
wheel_W4__b8__leaf_offset1,31,five_move_reduced,B0|B2|B3|B4,27762668602069/6871947673600,True,1,1,618475295549/6871947673600,010000011100
wheel_W4__b8__leaf_offset1,31,five_move_reduced,B1|B2|B3|B4,13709535609207/3435973836800,True,1,1,1305670062859/6871947673600,010010001100
wheel_W4__b8__leaf_offset1,31,five_move_reduced,B0|B1|B2|B3|B4,674309865647/214748364800,True,1,1,12987981098279/6871947673600,001001000010
wheel_W4__b8__leaf_offset1,31,five_move_reduced,B5,231928234009/214748364800,True,1,1,8022998992553/1717986918400,000001000000
wheel_W4__b8__leaf_offset1,31,five_move_reduced,B0|B5,14568529068857/6871947673600,True,1,1,21440476902007/6871947673600,000001010000
wheel_W4__b8__leaf_offset1,31,five_move_reduced,B1|B5,7112465842601/3435973836800,True,1,1,412316866031/137438953472,000011000000
wheel_W4__b8__leaf_offset1,31,five_move_reduced,B0|B1|B5,21371757265771/6871947673600,True,1,1,13194139859237/6871947673600,000011010000
wheel_W4__b8__leaf_offset1,31,five_move_reduced,B2|B5,3487513444577/1717986918400,True,1,1,4758823847543/1717986918400,000001001000
wheel_W4__b8__leaf_offset1,31,five_move_reduced,B0|B2|B5,21096879358877/6871947673600,True,1,1,13950053781933/6871947673600,000001011000
wheel_W4__b8__leaf_offset1,31,five_move_reduced,B1|B2|B5,10376640987611/3435973836800,True,1,1,14637248549243/6871947673600,000011001000
wheel_W4__b8__leaf_offset1,31,five_move_reduced,B0|B1|B2|B5,27900107555791/6871947673600,True,1,1,68719477621/1374389534720,000011011000
wheel_W4__b8__leaf_offset1,31,five_move_reduced,B3|B5,1743756722301/858993459200,True,1,1,13262859155173/3435973836800,010001000000
wheel_W4__b8__leaf_offset1,31,five_move_reduced,B0|B3|B5,21096879358977/6871947673600,True,1,1,13950053781733/6871947673600,010001010000
wheel_W4__b8__leaf_offset1,31,five_move_reduced,B1|B3|B5,10376640987661/3435973836800,True,1,1,6459630958259/3435973836800,010011000000
wheel_W4__b8__leaf_offset1,31,five_move_reduced,B0|B1|B3|B5,27900107555891/6871947673600,True,1,1,68719477581/1374389534720,010011010000
wheel_W4__b8__leaf_offset1,31,five_move_reduced,B2|B3|B5,5119601017107/1717986918400,True,1,1,15187004362831/6871947673600,010001001000
wheel_W4__b8__leaf_offset1,31,five_move_reduced,B0|B2|B3|B5,27625229648997/6871947673600,True,1,1,893353201693/6871947673600,010001011000
wheel_W4__b8__leaf_offset1,31,five_move_reduced,B1|B2|B3|B5,13640816132671/3435973836800,True,1,1,1580547969003/6871947673600,010011001000
wheel_W4__b8__leaf_offset1,31,five_move_reduced,B0|B1|B2|B3|B5,1357209665861/429496729600,True,1,1,2542620638427/1374389534720,001000000110
wheel_W4__b8__leaf_offset1,31,five_move_reduced,B4|B5,936302870603/429496729600,True,1,1,824633727217/274877906944,000001000100
wheel_W4__b8__leaf_offset1,31,five_move_reduced,B0|B4|B5,22127671510217/6871947673600,True,1,1,6322192019287/6871947673600,000001010100
wheel_W4__b8__leaf_offset1,31,five_move_reduced,B1|B4|B5,10892037063281/3435973836800,True,1,1,2473901227531/1374389534720,000011000100
wheel_W4__b8__leaf_offset1,31,five_move_reduced,B0|B1|B4|B5,105495135483/26843545600,True,1,1,51539527227/1717986918400,100000000001
wheel_W4__b8__leaf_offset1,31,five_move_reduced,B2|B4|B5,5377299054917/1717986918400,True,1,1,13125420060351/6871947673600,000001001100
wheel_W4__b8__leaf_offset1,31,five_move_reduced,B0|B2|B4|B5,549755813989/137438953472,True,1,1,1168231100787/6871947673600,011010000010
wheel_W4__b8__leaf_offset1,31,five_move_reduced,B1|B2|B4|B5,5566277616621/1374389534720,True,1,1,481036333477/6871947673600,011000010010
wheel_W4__b8__leaf_offset1,31,five_move_reduced,B0|B1|B2|B4|B5,2585570312817/858993459200,True,1,1,3212635617783/1717986918400,011000000010
wheel_W4__b8__leaf_offset1,31,five_move_reduced,B3|B4|B5,2688649527471/858993459200,True,1,1,13125420060151/6871947673600,010001000100
wheel_W4__b8__leaf_offset1,31,five_move_reduced,B0|B3|B4|B5,549755813987/137438953472,True,1,1,1168231100987/6871947673600,001010001010
wheel_W4__b8__leaf_offset1,31,five_move_reduced,B1|B3|B4|B5,5566277616601/1374389534720,True,1,1,481036333677/6871947673600,001000011010
wheel_W4__b8__leaf_offset1,31,five_move_reduced,B0|B1|B3|B4|B5,5171140625609/1717986918400,True,1,1,51539610863/68719476736,001000001010
wheel_W4__b8__leaf_offset1,31,five_move_reduced,B2|B3|B4|B5,7009386627447/1717986918400,True,1,1,68719480111/6871947673600,010001001100
wheel_W4__b8__leaf_offset1,31,five_move_reduced,B0|B2|B3|B4|B5,2095944040933/687194767360,True,1,1,14224931681027/6871947673600,001010000010
wheel_W4__b8__leaf_offset1,31,five_move_reduced,B1|B2|B3|B4|B5,4260607558597/1374389534720,True,1,1,13537736913717/6871947673600,001000010010
wheel_W4__b8__leaf_offset1,31,five_move_reduced,B0|B1|B2|B3|B4|B5,221190815819/107374182400,True,1,1,910533083317/343597383680,001000000010
wheel_W4__b8__leaf_offset1,31,five_move_reduced,B6,108447924249/107374182400,True,1,1,910533083317/343597383680,000000000010
wheel_W4__b8__leaf_offset1,31,five_move_reduced,B0|B6,2817498546501/1374389534720,True,1,1,910533083317/343597383680,000000010010
wheel_W4__b8__leaf_offset1,31,five_move_reduced,B1|B6,274877906977/137438953472,True,1,1,910533083317/343597383680,000010000010
wheel_W4__b8__leaf_offset1,31,five_move_reduced,B0|B1|B6,20890720929419/6871947673600,True,1,1,14362370640849/6871947673600,000010010010
wheel_W4__b8__leaf_offset1,31,five_move_reduced,B2|B6,3367254360489/1717986918400,True,1,1,51539610863/68719476736,000000001010
wheel_W4__b8__leaf_offset1,31,five_move_reduced,B0|B2|B6,824633720901/274877906944,True,1,1,51539610863/68719476736,000000011010
wheel_W4__b8__leaf_offset1,31,five_move_reduced,B1|B2|B6,2027224563887/687194767360,True,1,1,51539610863/68719476736,000010001010
wheel_W4__b8__leaf_offset1,31,five_move_reduced,B0|B1|B2|B6,27419071219439/6871947673600,True,1,1,1305670060809/6871947673600,000010011010
wheel_W4__b8__leaf_offset1,31,five_move_reduced,B3|B6,1683627180257/858993459200,True,1,1,910533083317/343597383680,010000000010
wheel_W4__b8__leaf_offset1,31,five_move_reduced,B0|B3|B6,824633720905/274877906944,True,1,1,14912126454437/6871947673600,010000010010
wheel_W4__b8__leaf_offset1,31,five_move_reduced,B1|B3|B6,2027224563897/687194767360,True,1,1,15599321221747/6871947673600,010010000010
wheel_W4__b8__leaf_offset1,31,five_move_reduced,B0|B1|B3|B6,27419071219539/6871947673600,True,1,1,1305670060609/6871947673600,010010010010
wheel_W4__b8__leaf_offset1,31,five_move_reduced,B2|B3|B6,4999341933019/1717986918400,True,1,1,51539610863/68719476736,010000001010
wheel_W4__b8__leaf_offset1,31,five_move_reduced,B0|B2|B3|B6,5428838662529/1374389534720,True,1,1,1855425874397/6871947673600,010000011010
wheel_W4__b8__leaf_offset1,31,five_move_reduced,B1|B2|B3|B6,2680059592899/687194767360,True,1,1,2542620641707/6871947673600,010010001010
wheel_W4__b8__leaf_offset1,31,five_move_reduced,B0|B1|B2|B3|B6,1387274436883/429496729600,True,1,1,11751030519431/6871947673600,001001000100
wheel_W4__b8__leaf_offset1,31,five_move_reduced,B4|B6,906238099581/429496729600,True,1,1,910533083317/343597383680,000000000110
wheel_W4__b8__leaf_offset1,31,five_move_reduced,B0|B4|B6,4329327034773/1374389534720,True,1,1,6322192019287/6871947673600,000000010110
wheel_W4__b8__leaf_offset1,31,five_move_reduced,B1|B4|B6,2130303779021/687194767360,True,1,1,13537736919267/6871947673600,000010000110
wheel_W4__b8__leaf_offset1,31,five_move_reduced,B0|B1|B4|B6,6923487282227/1717986918400,True,1,1,755914241871/6871947673600,011001001000
wheel_W4__b8__leaf_offset1,31,five_move_reduced,B2|B4|B6,5257039970829/1717986918400,True,1,1,51539610863/68719476736,000000001110
wheel_W4__b8__leaf_offset1,31,five_move_reduced,B0|B2|B4|B6,20669530337/5368709120,True,1,1,755914102221/3435973836800,000100100000
wheel_W4__b8__leaf_offset1,31,five_move_reduced,B1|B2|B4|B6,2783138808023/687194767360,True,1,1,481036339227/6871947673600,000010001110
wheel_W4__b8__leaf_offset1,31,five_move_reduced,B0|B1|B2|B4|B6,2645699854861/858993459200,True,1,1,6047314094693/3435973836800,011001000000
wheel_W4__b8__leaf_offset1,31,five_move_reduced,B3|B4|B6,2628519985427/858993459200,True,1,1,2817498546571/1374389534720,010000000110
wheel_W4__b8__leaf_offset1,31,five_move_reduced,B0|B3|B4|B6,13984413517851/3435973836800,True,1,1,206158428283/6871947673600,001011001000
wheel_W4__b8__leaf_offset1,31,five_move_reduced,B1|B3|B4|B6,2783138808033/687194767360,True,1,1,481036339027/6871947673600,010010000110
wheel_W4__b8__leaf_offset1,31,five_move_reduced,B0|B1|B3|B4|B6,5291399709697/1717986918400,True,1,1,13812614822111/6871947673600,001001001000
wheel_W4__b8__leaf_offset1,31,five_move_reduced,B2|B3|B4|B6,6889127543359/1717986918400,True,1,1,206158430563/1374389534720,010000001110
wheel_W4__b8__leaf_offset1,31,five_move_reduced,B0|B2|B3|B4|B6,10720238372841/3435973836800,True,1,1,5772436187899/3435973836800,001011000000
wheel_W4__b8__leaf_offset1,31,five_move_reduced,B1|B2|B3|B4|B6,21784074129337/6871947673600,True,1,1,12575664241013/6871947673600,001001010000
wheel_W4__b8__leaf_offset1,31,five_move_reduced,B0|B1|B2|B3|B4|B6,457414017149/214748364800,True,1,1,12575664384813/3435973836800,001001000000
wheel_W4__b8__leaf_offset1,31,five_move_reduced,B5|B6,448824082507/214748364800,True,1,1,910533083317/343597383680,000001000010
wheel_W4__b8__leaf_offset1,31,five_move_reduced,B0|B5|B6,21509196220793/6871947673600,True,1,1,13125420058101/6871947673600,000001010010
wheel_W4__b8__leaf_offset1,31,five_move_reduced,B1|B5|B6,10582799418569/3435973836800,True,1,1,13812614825411/6871947673600,000011000010
wheel_W4__b8__leaf_offset1,31,five_move_reduced,B0|B1|B5|B6,1391569404099/343597383680,True,1,1,481036335727/6871947673600,011000001100
wheel_W4__b8__leaf_offset1,31,five_move_reduced,B2|B5|B6,5222680232561/1717986918400,True,1,1,51539610863/68719476736,000001001010
wheel_W4__b8__leaf_offset1,31,five_move_reduced,B0|B2|B5|B6,28037546510813/6871947673600,True,1,1,68719478061/6871947673600,000001011010
wheel_W4__b8__leaf_offset1,31,five_move_reduced,B1|B2|B5|B6,13846974563579/3435973836800,True,1,1,755914245371/6871947673600,000011001010
wheel_W4__b8__leaf_offset1,31,five_move_reduced,B0|B1|B2|B5|B6,532575944799/171798691840,True,1,1,13537736915767/6871947673600,011000000100
wheel_W4__b8__leaf_offset1,31,five_move_reduced,B3|B5|B6,2611340116293/858993459200,True,1,1,14362370638999/6871947673600,010001000010
wheel_W4__b8__leaf_offset1,31,five_move_reduced,B0|B3|B5|B6,28037546510913/6871947673600,True,1,1,68719477861/6871947673600,010001010010
wheel_W4__b8__leaf_offset1,31,five_move_reduced,B1|B3|B5|B6,13846974563629/3435973836800,True,1,1,755914245171/6871947673600,010011000010
wheel_W4__b8__leaf_offset1,31,five_move_reduced,B0|B1|B3|B5|B6,1065151889593/343597383680,True,1,1,13537736915967/6871947673600,001000001100
wheel_W4__b8__leaf_offset1,31,five_move_reduced,B2|B3|B5|B6,6854767805091/1717986918400,True,1,1,1305670058959/6871947673600,010001001010
wheel_W4__b8__leaf_offset1,31,five_move_reduced,B0|B2|B3|B5|B6,10788957849377/3435973836800,True,1,1,12987981102179/6871947673600,001010000100
wheel_W4__b8__leaf_offset1,31,five_move_reduced,B1|B2|B3|B5|B6,21921513082409/6871947673600,True,1,1,6322192019287/6871947673600,001000010100
wheel_W4__b8__leaf_offset1,31,five_move_reduced,B0|B1|B2|B3|B5|B6,184683593773/85899345920,True,1,1,824633727217/274877906944,001000000100
wheel_W4__b8__leaf_offset1,31,five_move_reduced,B4|B5|B6,1370094567599/429496729600,True,1,1,12300786336519/6871947673600,000001000110
wheel_W4__b8__leaf_offset1,31,five_move_reduced,B0|B4|B5|B6,13537736918767/3435973836800,True,1,1,1992864824619/6871947673600,011010001000
wheel_W4__b8__leaf_offset1,31,five_move_reduced,B1|B4|B5|B6,27419071221189/6871947673600,True,1,1,1305670057309/6871947673600,011000011000
wheel_W4__b8__leaf_offset1,31,five_move_reduced,B0|B1|B4|B5|B6,1013612282031/343597383680,True,1,1,3418794048741/1717986918400,011000001000
wheel_W4__b8__leaf_offset1,31,five_move_reduced,B2|B4|B5|B6,27693949128083/6871947673600,True,1,1,755914243521/6871947673600,011010010000
wheel_W4__b8__leaf_offset1,31,five_move_reduced,B0|B2|B4|B5|B6,10273561773757/3435973836800,True,1,1,6665789386067/3435973836800,011010000000
wheel_W4__b8__leaf_offset1,31,five_move_reduced,B1|B2|B4|B5|B6,20890720931169/6871947673600,True,1,1,14362370637349/6871947673600,011000010000
wheel_W4__b8__leaf_offset1,31,five_move_reduced,B0|B1|B2|B4|B5|B6,68719476753/34359738368,True,1,1,2336462265399/858993459200,011000000000
wheel_W4__b8__leaf_offset1,31,five_move_reduced,B3|B4|B5|B6,27693949127983/6871947673600,True,1,1,755914243721/6871947673600,001010011000
wheel_W4__b8__leaf_offset1,31,five_move_reduced,B0|B3|B4|B5|B6,10273561773707/3435973836800,True,1,1,15049565404859/6871947673600,001010001000
wheel_W4__b8__leaf_offset1,31,five_move_reduced,B1|B3|B4|B5|B6,20890720931069/6871947673600,True,1,1,14362370637549/6871947673600,001000011000
wheel_W4__b8__leaf_offset1,31,five_move_reduced,B0|B1|B3|B4|B5|B6,137438953505/68719476736,True,1,1,4758823847543/1717986918400,001000001000
wheel_W4__b8__leaf_offset1,31,five_move_reduced,B2|B3|B4|B5|B6,21165598837963/6871947673600,True,1,1,13812614823761/6871947673600,001010010000
wheel_W4__b8__leaf_offset1,31,five_move_reduced,B0|B2|B3|B4|B5|B6,7009386628697/3435973836800,True,1,1,13194139676187/3435973836800,001010000000
wheel_W4__b8__leaf_offset1,31,five_move_reduced,B1|B2|B3|B4|B5|B6,14362370641049/6871947673600,True,1,1,21440476902007/6871947673600,001000010000
wheel_W4__b8__leaf_offset1,31,five_move_reduced,B0|B1|B2|B3|B4|B5|B6,11274289157/10737418240,True,1,1,3968549837929/858993459200,001000000000
wheel_W4__b8__leaf_offset1,31,five_move_reduced,B7,11274289157/10737418240,True,1,1,3968549837929/858993459200,001000000000
wheel_W4__b8__leaf_offset1,31,five_move_reduced,B0|B7,14362370641049/6871947673600,True,1,1,21440476902007/6871947673600,001000010000
wheel_W4__b8__leaf_offset1,31,five_move_reduced,B1|B7,7009386628697/3435973836800,True,1,1,13194139676187/3435973836800,001010000000
wheel_W4__b8__leaf_offset1,31,five_move_reduced,B0|B1|B7,21165598837963/6871947673600,True,1,1,13812614823761/6871947673600,001010010000
wheel_W4__b8__leaf_offset1,31,five_move_reduced,B2|B7,137438953505/68719476736,True,1,1,4758823847543/1717986918400,001000001000
wheel_W4__b8__leaf_offset1,31,five_move_reduced,B0|B2|B7,20890720931069/6871947673600,True,1,1,14362370637549/6871947673600,001000011000
wheel_W4__b8__leaf_offset1,31,five_move_reduced,B1|B2|B7,10273561773707/3435973836800,True,1,1,15049565404859/6871947673600,001010001000
wheel_W4__b8__leaf_offset1,31,five_move_reduced,B0|B1|B2|B7,27693949127983/6871947673600,True,1,1,755914243721/6871947673600,001010011000
wheel_W4__b8__leaf_offset1,31,five_move_reduced,B3|B7,68719476753/34359738368,True,1,1,2336462265399/858993459200,011000000000
wheel_W4__b8__leaf_offset1,31,five_move_reduced,B0|B3|B7,20890720931169/6871947673600,True,1,1,14362370637349/6871947673600,011000010000
wheel_W4__b8__leaf_offset1,31,five_move_reduced,B1|B3|B7,10273561773757/3435973836800,True,1,1,6665789386067/3435973836800,011010000000
wheel_W4__b8__leaf_offset1,31,five_move_reduced,B0|B1|B3|B7,27693949128083/6871947673600,True,1,1,755914243521/6871947673600,011010010000
wheel_W4__b8__leaf_offset1,31,five_move_reduced,B2|B3|B7,1013612282031/343597383680,True,1,1,3418794048741/1717986918400,011000001000
wheel_W4__b8__leaf_offset1,31,five_move_reduced,B0|B2|B3|B7,27419071221189/6871947673600,True,1,1,1305670057309/6871947673600,011000011000
wheel_W4__b8__leaf_offset1,31,five_move_reduced,B1|B2|B3|B7,13537736918767/3435973836800,True,1,1,1992864824619/6871947673600,011010001000
wheel_W4__b8__leaf_offset1,31,five_move_reduced,B0|B1|B2|B3|B7,1370094567599/429496729600,True,1,1,12300786336519/6871947673600,000001000110
wheel_W4__b8__leaf_offset1,31,five_move_reduced,B4|B7,184683593773/85899345920,True,1,1,824633727217/274877906944,001000000100
wheel_W4__b8__leaf_offset1,31,five_move_reduced,B0|B4|B7,21921513082409/6871947673600,True,1,1,6322192019287/6871947673600,001000010100
wheel_W4__b8__leaf_offset1,31,five_move_reduced,B1|B4|B7,10788957849377/3435973836800,True,1,1,12987981102179/6871947673600,001010000100
wheel_W4__b8__leaf_offset1,31,five_move_reduced,B0|B1|B4|B7,6854767805091/1717986918400,True,1,1,1305670058959/6871947673600,010001001010
wheel_W4__b8__leaf_offset1,31,five_move_reduced,B2|B4|B7,1065151889593/343597383680,True,1,1,13537736915967/6871947673600,001000001100
wheel_W4__b8__leaf_offset1,31,five_move_reduced,B0|B2|B4|B7,13846974563629/3435973836800,True,1,1,755914245171/6871947673600,010011000010
wheel_W4__b8__leaf_offset1,31,five_move_reduced,B1|B2|B4|B7,28037546510913/6871947673600,True,1,1,68719477861/6871947673600,010001010010
wheel_W4__b8__leaf_offset1,31,five_move_reduced,B0|B1|B2|B4|B7,2611340116293/858993459200,True,1,1,14362370638999/6871947673600,010001000010
wheel_W4__b8__leaf_offset1,31,five_move_reduced,B3|B4|B7,532575944799/171798691840,True,1,1,13537736915767/6871947673600,011000000100
wheel_W4__b8__leaf_offset1,31,five_move_reduced,B0|B3|B4|B7,13846974563579/3435973836800,True,1,1,755914245371/6871947673600,000011001010
wheel_W4__b8__leaf_offset1,31,five_move_reduced,B1|B3|B4|B7,28037546510813/6871947673600,True,1,1,68719478061/6871947673600,000001011010
wheel_W4__b8__leaf_offset1,31,five_move_reduced,B0|B1|B3|B4|B7,5222680232561/1717986918400,True,1,1,51539610863/68719476736,000001001010
wheel_W4__b8__leaf_offset1,31,five_move_reduced,B2|B3|B4|B7,1391569404099/343597383680,True,1,1,481036335727/6871947673600,011000001100
wheel_W4__b8__leaf_offset1,31,five_move_reduced,B0|B2|B3|B4|B7,10582799418569/3435973836800,True,1,1,13812614825411/6871947673600,000011000010
wheel_W4__b8__leaf_offset1,31,five_move_reduced,B1|B2|B3|B4|B7,21509196220793/6871947673600,True,1,1,13125420058101/6871947673600,000001010010
wheel_W4__b8__leaf_offset1,31,five_move_reduced,B0|B1|B2|B3|B4|B7,448824082507/214748364800,True,1,1,910533083317/343597383680,000001000010
wheel_W4__b8__leaf_offset1,31,five_move_reduced,B5|B7,457414017149/214748364800,True,1,1,12575664384813/3435973836800,001001000000
wheel_W4__b8__leaf_offset1,31,five_move_reduced,B0|B5|B7,21784074129337/6871947673600,True,1,1,12575664241013/6871947673600,001001010000
wheel_W4__b8__leaf_offset1,31,five_move_reduced,B1|B5|B7,10720238372841/3435973836800,True,1,1,5772436187899/3435973836800,001011000000
wheel_W4__b8__leaf_offset1,31,five_move_reduced,B0|B1|B5|B7,6889127543359/1717986918400,True,1,1,206158430563/1374389534720,010000001110
wheel_W4__b8__leaf_offset1,31,five_move_reduced,B2|B5|B7,5291399709697/1717986918400,True,1,1,13812614822111/6871947673600,001001001000
wheel_W4__b8__leaf_offset1,31,five_move_reduced,B0|B2|B5|B7,2783138808033/687194767360,True,1,1,481036339027/6871947673600,010010000110
wheel_W4__b8__leaf_offset1,31,five_move_reduced,B1|B2|B5|B7,13984413517851/3435973836800,True,1,1,206158428283/6871947673600,001011001000
wheel_W4__b8__leaf_offset1,31,five_move_reduced,B0|B1|B2|B5|B7,2628519985427/858993459200,True,1,1,2817498546571/1374389534720,010000000110
wheel_W4__b8__leaf_offset1,31,five_move_reduced,B3|B5|B7,2645699854861/858993459200,True,1,1,6047314094693/3435973836800,011001000000
wheel_W4__b8__leaf_offset1,31,five_move_reduced,B0|B3|B5|B7,2783138808023/687194767360,True,1,1,481036339227/6871947673600,000010001110
wheel_W4__b8__leaf_offset1,31,five_move_reduced,B1|B3|B5|B7,20669530337/5368709120,True,1,1,755914102221/3435973836800,000100100000
wheel_W4__b8__leaf_offset1,31,five_move_reduced,B0|B1|B3|B5|B7,5257039970829/1717986918400,True,1,1,51539610863/68719476736,000000001110
wheel_W4__b8__leaf_offset1,31,five_move_reduced,B2|B3|B5|B7,6923487282227/1717986918400,True,1,1,755914241871/6871947673600,011001001000
wheel_W4__b8__leaf_offset1,31,five_move_reduced,B0|B2|B3|B5|B7,2130303779021/687194767360,True,1,1,13537736919267/6871947673600,000010000110
wheel_W4__b8__leaf_offset1,31,five_move_reduced,B1|B2|B3|B5|B7,4329327034773/1374389534720,True,1,1,6322192019287/6871947673600,000000010110
wheel_W4__b8__leaf_offset1,31,five_move_reduced,B0|B1|B2|B3|B5|B7,906238099581/429496729600,True,1,1,910533083317/343597383680,000000000110
wheel_W4__b8__leaf_offset1,31,five_move_reduced,B4|B5|B7,1387274436883/429496729600,True,1,1,11751030519431/6871947673600,001001000100
wheel_W4__b8__leaf_offset1,31,five_move_reduced,B0|B4|B5|B7,2680059592899/687194767360,True,1,1,2542620641707/6871947673600,010010001010
wheel_W4__b8__leaf_offset1,31,five_move_reduced,B1|B4|B5|B7,5428838662529/1374389534720,True,1,1,1855425874397/6871947673600,010000011010
wheel_W4__b8__leaf_offset1,31,five_move_reduced,B0|B1|B4|B5|B7,4999341933019/1717986918400,True,1,1,51539610863/68719476736,010000001010
wheel_W4__b8__leaf_offset1,31,five_move_reduced,B2|B4|B5|B7,27419071219539/6871947673600,True,1,1,1305670060609/6871947673600,010010010010
wheel_W4__b8__leaf_offset1,31,five_move_reduced,B0|B2|B4|B5|B7,2027224563897/687194767360,True,1,1,15599321221747/6871947673600,010010000010
wheel_W4__b8__leaf_offset1,31,five_move_reduced,B1|B2|B4|B5|B7,824633720905/274877906944,True,1,1,14912126454437/6871947673600,010000010010
wheel_W4__b8__leaf_offset1,31,five_move_reduced,B0|B1|B2|B4|B5|B7,1683627180257/858993459200,True,1,1,910533083317/343597383680,010000000010
wheel_W4__b8__leaf_offset1,31,five_move_reduced,B3|B4|B5|B7,27419071219439/6871947673600,True,1,1,1305670060809/6871947673600,000010011010
wheel_W4__b8__leaf_offset1,31,five_move_reduced,B0|B3|B4|B5|B7,2027224563887/687194767360,True,1,1,51539610863/68719476736,000010001010
wheel_W4__b8__leaf_offset1,31,five_move_reduced,B1|B3|B4|B5|B7,824633720901/274877906944,True,1,1,51539610863/68719476736,000000011010
wheel_W4__b8__leaf_offset1,31,five_move_reduced,B0|B1|B3|B4|B5|B7,3367254360489/1717986918400,True,1,1,51539610863/68719476736,000000001010
wheel_W4__b8__leaf_offset1,31,five_move_reduced,B2|B3|B4|B5|B7,20890720929419/6871947673600,True,1,1,14362370640849/6871947673600,000010010010
wheel_W4__b8__leaf_offset1,31,five_move_reduced,B0|B2|B3|B4|B5|B7,274877906977/137438953472,True,1,1,910533083317/343597383680,000010000010
wheel_W4__b8__leaf_offset1,31,five_move_reduced,B1|B2|B3|B4|B5|B7,2817498546501/1374389534720,True,1,1,910533083317/343597383680,000000010010
wheel_W4__b8__leaf_offset1,31,five_move_reduced,B0|B1|B2|B3|B4|B5|B7,108447924249/107374182400,True,1,1,910533083317/343597383680,000000000010
wheel_W4__b8__leaf_offset1,31,five_move_reduced,B6|B7,221190815819/107374182400,True,1,1,910533083317/343597383680,001000000010
wheel_W4__b8__leaf_offset1,31,five_move_reduced,B0|B6|B7,4260607558597/1374389534720,True,1,1,13537736913717/6871947673600,001000010010
wheel_W4__b8__leaf_offset1,31,five_move_reduced,B1|B6|B7,2095944040933/687194767360,True,1,1,14224931681027/6871947673600,001010000010
wheel_W4__b8__leaf_offset1,31,five_move_reduced,B0|B1|B6|B7,7009386627447/1717986918400,True,1,1,68719480111/6871947673600,010001001100
wheel_W4__b8__leaf_offset1,31,five_move_reduced,B2|B6|B7,5171140625609/1717986918400,True,1,1,51539610863/68719476736,001000001010
wheel_W4__b8__leaf_offset1,31,five_move_reduced,B0|B2|B6|B7,5566277616601/1374389534720,True,1,1,481036333677/6871947673600,001000011010
wheel_W4__b8__leaf_offset1,31,five_move_reduced,B1|B2|B6|B7,549755813987/137438953472,True,1,1,1168231100987/6871947673600,001010001010
wheel_W4__b8__leaf_offset1,31,five_move_reduced,B0|B1|B2|B6|B7,2688649527471/858993459200,True,1,1,13125420060151/6871947673600,010001000100
wheel_W4__b8__leaf_offset1,31,five_move_reduced,B3|B6|B7,2585570312817/858993459200,True,1,1,3212635617783/1717986918400,011000000010
wheel_W4__b8__leaf_offset1,31,five_move_reduced,B0|B3|B6|B7,5566277616621/1374389534720,True,1,1,481036333477/6871947673600,011000010010
wheel_W4__b8__leaf_offset1,31,five_move_reduced,B1|B3|B6|B7,549755813989/137438953472,True,1,1,1168231100787/6871947673600,011010000010
wheel_W4__b8__leaf_offset1,31,five_move_reduced,B0|B1|B3|B6|B7,5377299054917/1717986918400,True,1,1,13125420060351/6871947673600,000001001100
wheel_W4__b8__leaf_offset1,31,five_move_reduced,B2|B3|B6|B7,105495135483/26843545600,True,1,1,51539527227/1717986918400,100000000001
wheel_W4__b8__leaf_offset1,31,five_move_reduced,B0|B2|B3|B6|B7,10892037063281/3435973836800,True,1,1,2473901227531/1374389534720,000011000100
wheel_W4__b8__leaf_offset1,31,five_move_reduced,B1|B2|B3|B6|B7,22127671510217/6871947673600,True,1,1,6322192019287/6871947673600,000001010100
wheel_W4__b8__leaf_offset1,31,five_move_reduced,B0|B1|B2|B3|B6|B7,936302870603/429496729600,True,1,1,824633727217/274877906944,000001000100
wheel_W4__b8__leaf_offset1,31,five_move_reduced,B4|B6|B7,1357209665861/429496729600,True,1,1,2542620638427/1374389534720,001000000110
wheel_W4__b8__leaf_offset1,31,five_move_reduced,B0|B4|B6|B7,13640816132671/3435973836800,True,1,1,1580547969003/6871947673600,010011001000
wheel_W4__b8__leaf_offset1,31,five_move_reduced,B1|B4|B6|B7,27625229648997/6871947673600,True,1,1,893353201693/6871947673600,010001011000
wheel_W4__b8__leaf_offset1,31,five_move_reduced,B0|B1|B4|B6|B7,5119601017107/1717986918400,True,1,1,15187004362831/6871947673600,010001001000
wheel_W4__b8__leaf_offset1,31,five_move_reduced,B2|B4|B6|B7,27900107555891/6871947673600,True,1,1,68719477581/1374389534720,010011010000
wheel_W4__b8__leaf_offset1,31,five_move_reduced,B0|B2|B4|B6|B7,10376640987661/3435973836800,True,1,1,6459630958259/3435973836800,010011000000
wheel_W4__b8__leaf_offset1,31,five_move_reduced,B1|B2|B4|B6|B7,21096879358977/6871947673600,True,1,1,13950053781733/6871947673600,010001010000
wheel_W4__b8__leaf_offset1,31,five_move_reduced,B0|B1|B2|B4|B6|B7,1743756722301/858993459200,True,1,1,13262859155173/3435973836800,010001000000
wheel_W4__b8__leaf_offset1,31,five_move_reduced,B3|B4|B6|B7,27900107555791/6871947673600,True,1,1,68719477621/1374389534720,000011011000
wheel_W4__b8__leaf_offset1,31,five_move_reduced,B0|B3|B4|B6|B7,10376640987611/3435973836800,True,1,1,14637248549243/6871947673600,000011001000
wheel_W4__b8__leaf_offset1,31,five_move_reduced,B1|B3|B4|B6|B7,21096879358877/6871947673600,True,1,1,13950053781933/6871947673600,000001011000
wheel_W4__b8__leaf_offset1,31,five_move_reduced,B0|B1|B3|B4|B6|B7,3487513444577/1717986918400,True,1,1,4758823847543/1717986918400,000001001000
wheel_W4__b8__leaf_offset1,31,five_move_reduced,B2|B3|B4|B6|B7,21371757265771/6871947673600,True,1,1,13194139859237/6871947673600,000011010000
wheel_W4__b8__leaf_offset1,31,five_move_reduced,B0|B2|B3|B4|B6|B7,7112465842601/3435973836800,True,1,1,412316866031/137438953472,000011000000
wheel_W4__b8__leaf_offset1,31,five_move_reduced,B1|B2|B3|B4|B6|B7,14568529068857/6871947673600,True,1,1,21440476902007/6871947673600,000001010000
wheel_W4__b8__leaf_offset1,31,five_move_reduced,B0|B1|B2|B3|B4|B6|B7,231928234009/214748364800,True,1,1,8022998992553/1717986918400,000001000000
wheel_W4__b8__leaf_offset1,31,five_move_reduced,B5|B6|B7,674309865647/214748364800,True,1,1,12987981098279/6871947673600,001001000010
wheel_W4__b8__leaf_offset1,31,five_move_reduced,B0|B5|B6|B7,13709535609207/3435973836800,True,1,1,1305670062859/6871947673600,010010001100
wheel_W4__b8__leaf_offset1,31,five_move_reduced,B1|B5|B6|B7,27762668602069/6871947673600,True,1,1,618475295549/6871947673600,010000011100
wheel_W4__b8__leaf_offset1,31,five_move_reduced,B0|B1|B5|B6|B7,206158430215/68719476736,True,1,1,14912126456687/6871947673600,010000001100
wheel_W4__b8__leaf_offset1,31,five_move_reduced,B2|B5|B6|B7,28037546508963/6871947673600,True,1,1,68719481761/6871947673600,010010010100
wheel_W4__b8__leaf_offset1,31,five_move_reduced,B0|B2|B5|B6|B7,10445360464197/3435973836800,True,1,1,14362370642899/6871947673600,010010000100
wheel_W4__b8__leaf_offset1,31,five_move_reduced,B1|B2|B5|B6|B7,21234318312049/6871947673600,True,1,1,6322192019287/6871947673600,010000010100
wheel_W4__b8__leaf_offset1,31,five_move_reduced,B0|B1|B2|B5|B6|B7,352187318287/171798691840,True,1,1,824633727217/274877906944,010000000100
wheel_W4__b8__leaf_offset1,31,five_move_reduced,B3|B5|B6|B7,28037546508863/6871947673600,True,1,1,68719481961/6871947673600,000010011100
wheel_W4__b8__leaf_offset1,31,five_move_reduced,B0|B3|B5|B6|B7,10445360464147/3435973836800,True,1,1,14362370643099/6871947673600,000010001100
wheel_W4__b8__leaf_offset1,31,five_move_reduced,B1|B3|B5|B6|B7,21234318311949/6871947673600,True,1,1,6322192019287/6871947673600,000000011100
wheel_W4__b8__leaf_offset1,31,five_move_reduced,B0|B1|B3|B5|B6|B7,704374636569/343597383680,True,1,1,4758823847543/1717986918400,000000001100
wheel_W4__b8__leaf_offset1,31,five_move_reduced,B2|B3|B5|B6|B7,21509196218843/6871947673600,True,1,1,6322192019287/6871947673600,000010010100
wheel_W4__b8__leaf_offset1,31,five_move_reduced,B0|B2|B3|B5|B6|B7,7181185319137/3435973836800,True,1,1,824633727217/274877906944,000010000100
wheel_W4__b8__leaf_offset1,31,five_move_reduced,B1|B2|B3|B5|B6|B7,14705968021929/6871947673600,True,1,1,6322192019287/6871947673600,000000010100
wheel_W4__b8__leaf_offset1,31,five_move_reduced,B0|B1|B2|B3|B5|B6|B7,94489280517/85899345920,True,1,1,824633727217/274877906944,000000000100
wheel_W4__b8__leaf_offset1,31,five_move_reduced,B4|B5|B6|B7,27006754357623/6871947673600,True,1,1,2130303784441/6871947673600,010010011000
wheel_W4__b8__leaf_offset1,31,five_move_reduced,B0|B4|B5|B6|B7,9929964388527/3435973836800,True,1,1,16423954945579/6871947673600,010010001000
wheel_W4__b8__leaf_offset1,31,five_move_reduced,B1|B4|B5|B6|B7,20203526160709/6871947673600,True,1,1,15736760178269/6871947673600,010000011000
wheel_W4__b8__leaf_offset1,31,five_move_reduced,B0|B1|B4|B5|B6|B7,652835029007/343597383680,True,1,1,4758823847543/1717986918400,010000001000
wheel_W4__b8__leaf_offset1,31,five_move_reduced,B2|B4|B5|B6|B7,20478404067603/6871947673600,True,1,1,15187004364481/6871947673600,010010010000
wheel_W4__b8__leaf_offset1,31,five_move_reduced,B0|B2|B4|B5|B6|B7,6665789243517/3435973836800,True,1,1,13881334446547/3435973836800,010010000000
wheel_W4__b8__leaf_offset1,31,five_move_reduced,B1|B2|B4|B5|B6|B7,13675175870689/6871947673600,True,1,1,21440476902007/6871947673600,010000010000
wheel_W4__b8__leaf_offset1,31,five_move_reduced,B0|B1|B2|B4|B5|B6|B7,163208757253/171798691840,True,1,1,8022998992553/1717986918400,010000000000
wheel_W4__b8__leaf_offset1,31,five_move_reduced,B3|B4|B5|B6|B7,20478404067503/6871947673600,True,1,1,15187004364681/6871947673600,000010011000
wheel_W4__b8__leaf_offset1,31,five_move_reduced,B0|B3|B4|B5|B6|B7,6665789243467/3435973836800,True,1,1,4758823847543/1717986918400,000010001000
wheel_W4__b8__leaf_offset1,31,five_move_reduced,B1|B3|B4|B5|B6|B7,13675175870589/6871947673600,True,1,1,4758823847543/1717986918400,000000011000
wheel_W4__b8__leaf_offset1,31,five_move_reduced,B0|B1|B3|B4|B5|B6|B7,326417514501/343597383680,True,1,1,4758823847543/1717986918400,000000001000
wheel_W4__b8__leaf_offset1,31,five_move_reduced,B2|B3|B4|B5|B6|B7,13950053777483/6871947673600,True,1,1,21440476902007/6871947673600,000010010000
wheel_W4__b8__leaf_offset1,31,five_move_reduced,B0|B2|B3|B4|B5|B6|B7,3401614098457/3435973836800,True,1,1,8022998992553/1717986918400,000010000000
wheel_W4__b8__leaf_offset1,31,five_move_reduced,B1|B2|B3|B4|B5|B6|B7,7146825580569/6871947673600,True,1,1,21440476902007/6871947673600,000000010000
K23_bipartite__b6__leaf_offset0,31,raw,B0,395136991237/343597383680,True,1,1,962072676699/343597383680,100000000000
K23_bipartite__b6__leaf_offset0,31,raw,B1,738734374937/858993459200,True,1,1,1838246047463/858993459200,010000000000
K23_bipartite__b6__leaf_offset0,31,raw,B0|B1,3453153706059/1717986918400,True,1,1,1838246047463/858993459200,110000000000
K23_bipartite__b6__leaf_offset0,31,raw,B2,438086664217/429496729600,True,1,1,468151438839/429496729600,001000000000
K23_bipartite__b6__leaf_offset0,31,raw,B0|B2,3728031613053/1717986918400,True,1,1,468151438839/429496729600,101000000000
K23_bipartite__b6__leaf_offset0,31,raw,B1|B2,1614907703371/858993459200,True,1,1,798863956181/858993459200,011000000000
K23_bipartite__b6__leaf_offset0,31,raw,B0|B1|B2,5205500362927/1717986918400,True,1,1,68719476981/343597383680,111000000000
K23_bipartite__b6__leaf_offset0,31,raw,B3,223338299417/214748364800,True,1,1,173946179063/214748364800,000100000000
K23_bipartite__b6__leaf_offset0,31,raw,B0|B3,3762391351521/1717986918400,True,1,1,173946179063/214748364800,100100000000
K23_bipartite__b6__leaf_offset0,31,raw,B1|B3,326417514521/171798691840,True,1,1,173946179063/214748364800,010100000000
K23_bipartite__b6__leaf_offset0,31,raw,B0|B1|B3,1047972020279/343597383680,True,1,1,274877907969/1717986918400,110100000000
K23_bipartite__b6__leaf_offset0,31,raw,B2|B3,884763263051/429496729600,True,1,1,173946179063/214748364800,001100000000
K23_bipartite__b6__leaf_offset0,31,raw,B0|B2|B3,523986010237/171798691840,True,1,1,274877906019/1717986918400,010011000000
K23_bipartite__b6__leaf_offset0,31,raw,B1|B2|B3,77309412203/26843545600,True,1,1,34359710543/858993459200,000000110001
K23_bipartite__b6__leaf_offset0,31,raw,B0|B1|B2|B3,235149459531/107374182400,True,1,1,17179869899/21474836480,000011000000
K23_bipartite__b6__leaf_offset0,31,raw,B4,23622320133/21474836480,True,1,1,17179869899/21474836480,000010000000
K23_bipartite__b6__leaf_offset0,31,raw,B0|B4,154618822673/68719476736,True,1,1,17179869899/21474836480,100010000000
K23_bipartite__b6__leaf_offset0,31,raw,B1|B4,1683627180257/858993459200,True,1,1,17179869899/21474836480,010010000000
K23_bipartite__b6__leaf_offset0,31,raw,B0|B1|B4,5342939316699/1717986918400,True,1,1,68719477361/1717986918400,110010000000
K23_bipartite__b6__leaf_offset0,31,raw,B2|B4,910533066877/429496729600,True,1,1,17179869899/21474836480,001010000000
K23_bipartite__b6__leaf_offset0,31,raw,B0|B2|B4,2568390443533/858993459200,True,1,1,481036336627/1717986918400,010101000000
K23_bipartite__b6__leaf_offset0,31,raw,B1|B2|B4,74893492749/26843545600,True,1,1,163208740723/858993459200,000000101010
K23_bipartite__b6__leaf_offset0,31,raw,B0|B1|B2|B4,457414017149/214748364800,True,1,1,173946179063/214748364800,000101000000
K23_bipartite__b6__leaf_offset0,31,raw,B3|B4,459561500747/214748364800,True,1,1,17179869899/21474836480,000110000000
K23_bipartite__b6__leaf_offset0,31,raw,B0|B3|B4,2551210574299/858993459200,True,1,1,549755813563/1717986918400,011001000000
K23_bipartite__b6__leaf_offset0,31,raw,B1|B3|B4,103079215117/34359738368,True,1,1,8589936767/171798691840,010110000000
K23_bipartite__b6__leaf_offset0,31,raw,B0|B1|B3|B4,906238099681/429496729600,True,1,1,468151438839/429496729600,001001000000
K23_bipartite__b6__leaf_offset0,31,raw,B2|B3|B4,1065151889583/343597383680,True,1,1,103079214929/1717986918400,110001000000
K23_bipartite__b6__leaf_offset0,31,raw,B0|B2|B3|B4,335007449173/171798691840,True,1,1,1838246047463/858993459200,010001000000
K23_bipartite__b6__leaf_offset0,31,raw,B1|B2|B3|B4,3848290698041/1717986918400,True,1,1,1065151899783/1717986918400,100001000000
K23_bipartite__b6__leaf_offset0,31,raw,B0|B1|B2|B3|B4,58518929433/53687091200,True,1,1,620622777897/214748364800,000001000000
K23_bipartite__b6__leaf_offset0,31,raw,B5,58518929433/53687091200,True,1,1,620622777897/214748364800,000001000000
K23_bipartite__b6__leaf_offset0,31,raw,B0|B5,3848290698041/1717986918400,True,1,1,1065151899783/1717986918400,100001000000
K23_bipartite__b6__leaf_offset0,31,raw,B1|B5,335007449173/171798691840,True,1,1,1838246047463/858993459200,010001000000
K23_bipartite__b6__leaf_offset0,31,raw,B0|B1|B5,1065151889583/343597383680,True,1,1,103079214929/1717986918400,110001000000
K23_bipartite__b6__leaf_offset0,31,raw,B2|B5,906238099681/429496729600,True,1,1,468151438839/429496729600,001001000000
K23_bipartite__b6__leaf_offset0,31,raw,B0|B2|B5,103079215117/34359738368,True,1,1,8589936767/171798691840,010110000000
K23_bipartite__b6__leaf_offset0,31,raw,B1|B2|B5,2551210574299/858993459200,True,1,1,549755813563/1717986918400,011001000000
K23_bipartite__b6__leaf_offset0,31,raw,B0|B1|B2|B5,459561500747/214748364800,True,1,1,17179869899/21474836480,000110000000
K23_bipartite__b6__leaf_offset0,31,raw,B3|B5,457414017149/214748364800,True,1,1,173946179063/214748364800,000101000000
K23_bipartite__b6__leaf_offset0,31,raw,B0|B3|B5,74893492749/26843545600,True,1,1,163208740723/858993459200,000000101010
K23_bipartite__b6__leaf_offset0,31,raw,B1|B3|B5,2568390443533/858993459200,True,1,1,481036336627/1717986918400,010101000000
K23_bipartite__b6__leaf_offset0,31,raw,B0|B1|B3|B5,910533066877/429496729600,True,1,1,17179869899/21474836480,001010000000
K23_bipartite__b6__leaf_offset0,31,raw,B2|B3|B5,5342939316699/1717986918400,True,1,1,68719477361/1717986918400,110010000000
K23_bipartite__b6__leaf_offset0,31,raw,B0|B2|B3|B5,1683627180257/858993459200,True,1,1,17179869899/21474836480,010010000000
K23_bipartite__b6__leaf_offset0,31,raw,B1|B2|B3|B5,154618822673/68719476736,True,1,1,17179869899/21474836480,100010000000
K23_bipartite__b6__leaf_offset0,31,raw,B0|B1|B2|B3|B5,23622320133/21474836480,True,1,1,17179869899/21474836480,000010000000
K23_bipartite__b6__leaf_offset0,31,raw,B4|B5,235149459531/107374182400,True,1,1,17179869899/21474836480,000011000000
K23_bipartite__b6__leaf_offset0,31,raw,B0|B4|B5,77309412203/26843545600,True,1,1,34359710543/858993459200,000000110001
K23_bipartite__b6__leaf_offset0,31,raw,B1|B4|B5,523986010237/171798691840,True,1,1,274877906019/1717986918400,010011000000
K23_bipartite__b6__leaf_offset0,31,raw,B0|B1|B4|B5,884763263051/429496729600,True,1,1,173946179063/214748364800,001100000000
K23_bipartite__b6__leaf_offset0,31,raw,B2|B4|B5,1047972020279/343597383680,True,1,1,274877907969/1717986918400,110100000000
K23_bipartite__b6__leaf_offset0,31,raw,B0|B2|B4|B5,326417514521/171798691840,True,1,1,173946179063/214748364800,010100000000
K23_bipartite__b6__leaf_offset0,31,raw,B1|B2|B4|B5,3762391351521/1717986918400,True,1,1,173946179063/214748364800,100100000000
K23_bipartite__b6__leaf_offset0,31,raw,B0|B1|B2|B4|B5,223338299417/214748364800,True,1,1,173946179063/214748364800,000100000000
K23_bipartite__b6__leaf_offset0,31,raw,B3|B4|B5,5205500362927/1717986918400,True,1,1,68719476981/343597383680,111000000000
K23_bipartite__b6__leaf_offset0,31,raw,B0|B3|B4|B5,1614907703371/858993459200,True,1,1,798863956181/858993459200,011000000000
K23_bipartite__b6__leaf_offset0,31,raw,B1|B3|B4|B5,3728031613053/1717986918400,True,1,1,468151438839/429496729600,101000000000
K23_bipartite__b6__leaf_offset0,31,raw,B0|B1|B3|B4|B5,438086664217/429496729600,True,1,1,468151438839/429496729600,001000000000
K23_bipartite__b6__leaf_offset0,31,raw,B2|B3|B4|B5,3453153706059/1717986918400,True,1,1,1838246047463/858993459200,110000000000
K23_bipartite__b6__leaf_offset0,31,raw,B0|B2|B3|B4|B5,738734374937/858993459200,True,1,1,1838246047463/858993459200,010000000000
K23_bipartite__b6__leaf_offset0,31,raw,B1|B2|B3|B4|B5,395136991237/343597383680,True,1,1,962072676699/343597383680,100000000000
K23_bipartite__b6__leaf_offset0,31,five_move_reduced,B0,395136991237/343597383680,True,1,1,962072676699/343597383680,000000100
K23_bipartite__b6__leaf_offset0,31,five_move_reduced,B1,738734374937/858993459200,True,1,1,2551210613049/858993459200,010000000
K23_bipartite__b6__leaf_offset0,31,five_move_reduced,B0|B1,3453153706059/1717986918400,True,1,1,3848290698641/1717986918400,010000100
K23_bipartite__b6__leaf_offset0,31,five_move_reduced,B2,438086664217/429496729600,True,1,1,455266541211/171798691840,001000000
K23_bipartite__b6__leaf_offset0,31,five_move_reduced,B0|B2,3728031613053/1717986918400,True,1,1,3298534884653/1717986918400,001000100
K23_bipartite__b6__leaf_offset0,31,five_move_reduced,B1|B2,1614907703371/858993459200,True,1,1,798863956181/858993459200,011000000
K23_bipartite__b6__leaf_offset0,31,five_move_reduced,B0|B1|B2,5205500362927/1717986918400,True,1,1,68719476981/343597383680,011000100
K23_bipartite__b6__leaf_offset0,31,five_move_reduced,B3,223338299417/214748364800,True,1,1,758061738869/214748364800,000010000
K23_bipartite__b6__leaf_offset0,31,five_move_reduced,B0|B3,3762391351521/1717986918400,True,1,1,2903397926271/1717986918400,000010100
K23_bipartite__b6__leaf_offset0,31,five_move_reduced,B1|B3,326417514521/171798691840,True,1,1,68719477853/34359738368,010010000
K23_bipartite__b6__leaf_offset0,31,five_move_reduced,B0|B1|B3,1047972020279/343597383680,True,1,1,274877907969/1717986918400,010010100
K23_bipartite__b6__leaf_offset0,31,five_move_reduced,B2|B3,884763263051/429496729600,True,1,1,1443109039331/858993459200,001010000
K23_bipartite__b6__leaf_offset0,31,five_move_reduced,B0|B2|B3,523986010237/171798691840,True,1,1,274877906019/1717986918400,010100011
K23_bipartite__b6__leaf_offset0,31,five_move_reduced,B1|B2|B3,77309412203/26843545600,True,1,1,34359710543/858993459200,000101000
K23_bipartite__b6__leaf_offset0,31,five_move_reduced,B0|B1|B2|B3,235149459531/107374182400,True,1,1,3161095984681/1717986918400,000100011
K23_bipartite__b6__leaf_offset0,31,five_move_reduced,B4,23622320133/21474836480,True,1,1,3066606666019/858993459200,000100010
K23_bipartite__b6__leaf_offset0,31,five_move_reduced,B0|B4,154618822673/68719476736,True,1,1,2954937556023/1717986918400,000100110
K23_bipartite__b6__leaf_offset0,31,five_move_reduced,B1|B4,1683627180257/858993459200,True,1,1,317827583229/171798691840,010100010
K23_bipartite__b6__leaf_offset0,31,five_move_reduced,B0|B1|B4,5342939316699/1717986918400,True,1,1,68719477361/1717986918400,010100110
K23_bipartite__b6__leaf_offset0,31,five_move_reduced,B2|B4,910533066877/429496729600,True,1,1,1314260009151/858993459200,001100010
K23_bipartite__b6__leaf_offset0,31,five_move_reduced,B0|B2|B4,2568390443533/858993459200,True,1,1,481036336627/1717986918400,010010001
K23_bipartite__b6__leaf_offset0,31,five_move_reduced,B1|B2|B4,74893492749/26843545600,True,1,1,163208740723/858993459200,100000010
K23_bipartite__b6__leaf_offset0,31,five_move_reduced,B0|B1|B2|B4,457414017149/214748364800,True,1,1,3109556354929/1717986918400,000010001
K23_bipartite__b6__leaf_offset0,31,five_move_reduced,B3|B4,459561500747/214748364800,True,1,1,3401614098807/1717986918400,000110010
K23_bipartite__b6__leaf_offset0,31,five_move_reduced,B0|B3|B4,2551210574299/858993459200,True,1,1,549755813563/1717986918400,011000001
K23_bipartite__b6__leaf_offset0,31,five_move_reduced,B1|B3|B4,103079215117/34359738368,True,1,1,446676599059/1717986918400,010110010
K23_bipartite__b6__leaf_offset0,31,five_move_reduced,B0|B1|B3|B4,906238099681/429496729600,True,1,1,3504693313311/1717986918400,001000001
K23_bipartite__b6__leaf_offset0,31,five_move_reduced,B2|B3|B4,1065151889583/343597383680,True,1,1,103079214929/1717986918400,010000101
K23_bipartite__b6__leaf_offset0,31,five_move_reduced,B0|B2|B3|B4,335007449173/171798691840,True,1,1,4054449127299/1717986918400,010000001
K23_bipartite__b6__leaf_offset0,31,five_move_reduced,B1|B2|B3|B4,3848290698041/1717986918400,True,1,1,1065151899783/1717986918400,000000101
K23_bipartite__b6__leaf_offset0,31,five_move_reduced,B0|B1|B2|B3|B4,58518929433/53687091200,True,1,1,5016521812153/1717986918400,000000001
K23_bipartite__b6__leaf_offset0,31,five_move_reduced,B5,58518929433/53687091200,True,1,1,5016521812153/1717986918400,000000001
K23_bipartite__b6__leaf_offset0,31,five_move_reduced,B0|B5,3848290698041/1717986918400,True,1,1,1065151899783/1717986918400,000000101
K23_bipartite__b6__leaf_offset0,31,five_move_reduced,B1|B5,335007449173/171798691840,True,1,1,4054449127299/1717986918400,010000001
K23_bipartite__b6__leaf_offset0,31,five_move_reduced,B0|B1|B5,1065151889583/343597383680,True,1,1,103079214929/1717986918400,010000101
K23_bipartite__b6__leaf_offset0,31,five_move_reduced,B2|B5,906238099681/429496729600,True,1,1,3504693313311/1717986918400,001000001
K23_bipartite__b6__leaf_offset0,31,five_move_reduced,B0|B2|B5,103079215117/34359738368,True,1,1,446676599059/1717986918400,010110010
K23_bipartite__b6__leaf_offset0,31,five_move_reduced,B1|B2|B5,2551210574299/858993459200,True,1,1,549755813563/1717986918400,011000001
K23_bipartite__b6__leaf_offset0,31,five_move_reduced,B0|B1|B2|B5,459561500747/214748364800,True,1,1,3401614098807/1717986918400,000110010
K23_bipartite__b6__leaf_offset0,31,five_move_reduced,B3|B5,457414017149/214748364800,True,1,1,3109556354929/1717986918400,000010001
K23_bipartite__b6__leaf_offset0,31,five_move_reduced,B0|B3|B5,74893492749/26843545600,True,1,1,163208740723/858993459200,100000010
K23_bipartite__b6__leaf_offset0,31,five_move_reduced,B1|B3|B5,2568390443533/858993459200,True,1,1,481036336627/1717986918400,010010001
K23_bipartite__b6__leaf_offset0,31,five_move_reduced,B0|B1|B3|B5,910533066877/429496729600,True,1,1,1314260009151/858993459200,001100010
K23_bipartite__b6__leaf_offset0,31,five_move_reduced,B2|B3|B5,5342939316699/1717986918400,True,1,1,68719477361/1717986918400,010100110
K23_bipartite__b6__leaf_offset0,31,five_move_reduced,B0|B2|B3|B5,1683627180257/858993459200,True,1,1,317827583229/171798691840,010100010
K23_bipartite__b6__leaf_offset0,31,five_move_reduced,B1|B2|B3|B5,154618822673/68719476736,True,1,1,2954937556023/1717986918400,000100110
K23_bipartite__b6__leaf_offset0,31,five_move_reduced,B0|B1|B2|B3|B5,23622320133/21474836480,True,1,1,3066606666019/858993459200,000100010
K23_bipartite__b6__leaf_offset0,31,five_move_reduced,B4|B5,235149459531/107374182400,True,1,1,3161095984681/1717986918400,000100011
K23_bipartite__b6__leaf_offset0,31,five_move_reduced,B0|B4|B5,77309412203/26843545600,True,1,1,34359710543/858993459200,000101000
K23_bipartite__b6__leaf_offset0,31,five_move_reduced,B1|B4|B5,523986010237/171798691840,True,1,1,274877906019/1717986918400,010100011
K23_bipartite__b6__leaf_offset0,31,five_move_reduced,B0|B1|B4|B5,884763263051/429496729600,True,1,1,1443109039331/858993459200,001010000
K23_bipartite__b6__leaf_offset0,31,five_move_reduced,B2|B4|B5,1047972020279/343597383680,True,1,1,274877907969/1717986918400,010010100
K23_bipartite__b6__leaf_offset0,31,five_move_reduced,B0|B2|B4|B5,326417514521/171798691840,True,1,1,68719477853/34359738368,010010000
K23_bipartite__b6__leaf_offset0,31,five_move_reduced,B1|B2|B4|B5,3762391351521/1717986918400,True,1,1,2903397926271/1717986918400,000010100
K23_bipartite__b6__leaf_offset0,31,five_move_reduced,B0|B1|B2|B4|B5,223338299417/214748364800,True,1,1,758061738869/214748364800,000010000
K23_bipartite__b6__leaf_offset0,31,five_move_reduced,B3|B4|B5,5205500362927/1717986918400,True,1,1,68719476981/343597383680,011000100
K23_bipartite__b6__leaf_offset0,31,five_move_reduced,B0|B3|B4|B5,1614907703371/858993459200,True,1,1,798863956181/858993459200,011000000
K23_bipartite__b6__leaf_offset0,31,five_move_reduced,B1|B3|B4|B5,3728031613053/1717986918400,True,1,1,3298534884653/1717986918400,001000100
K23_bipartite__b6__leaf_offset0,31,five_move_reduced,B0|B1|B3|B4|B5,438086664217/429496729600,True,1,1,455266541211/171798691840,001000000
K23_bipartite__b6__leaf_offset0,31,five_move_reduced,B2|B3|B4|B5,3453153706059/1717986918400,True,1,1,3848290698641/1717986918400,010000100
K23_bipartite__b6__leaf_offset0,31,five_move_reduced,B0|B2|B3|B4|B5,738734374937/858993459200,True,1,1,2551210613049/858993459200,010000000
K23_bipartite__b6__leaf_offset0,31,five_move_reduced,B1|B2|B3|B4|B5,395136991237/343597383680,True,1,1,962072676699/343597383680,000000100
K23_bipartite__b6__dual_gateway,47,raw,B0,1924145348633/1717986918400,True,1,1,506806142373/171798691840,100000000000
K23_bipartite__b6__dual_gateway,47,raw,B1,807453851673/858993459200,True,1,1,919123008519/858993459200,010000000000
K23_bipartite__b6__dual_gateway,47,raw,B0|B1,3539053051979/1717986918400,True,1,1,919123008519/858993459200,110000000000
K23_bipartite__b6__dual_gateway,47,raw,B2,373662154777/429496729600,True,1,1,528280984583/429496729600,001000000000
K23_bipartite__b6__dual_gateway,47,raw,B0|B2,3418793967741/1717986918400,True,1,1,528280984583/429496729600,101000000000
K23_bipartite__b6__dual_gateway,47,raw,B1|B2,1554778161227/858993459200,True,1,1,919123008519/858993459200,011000000000
K23_bipartite__b6__dual_gateway,47,raw,B0|B1|B2,5033701671087/1717986918400,True,1,1,618475291849/1717986918400,111000000000
K23_bipartite__b6__dual_gateway,47,raw,B3,234075717657/214748364800,True,1,1,167503731719/214748364800,000100000000
K23_bipartite__b6__dual_gateway,47,raw,B0|B3,3796751089889/1717986918400,True,1,1,167503731719/214748364800,100100000000
K23_bipartite__b6__dual_gateway,47,raw,B1|B3,1743756722301/858993459200,True,1,1,167503731719/214748364800,010100000000
K23_bipartite__b6__dual_gateway,47,raw,B0|B1|B3,1318554960197/429496729600,True,1,1,137438952447/1717986918400,001011000000
K23_bipartite__b6__dual_gateway,47,raw,B2|B3,841813590091/429496729600,True,1,1,167503731719/214748364800,001100000000
K23_bipartite__b6__dual_gateway,47,raw,B0|B2|B3,5291399708997/1717986918400,True,1,1,103079216029/1717986918400,101100000000
K23_bipartite__b6__dual_gateway,47,raw,B1|B2|B3,498216206371/171798691840,True,1,1,721554506603/1717986918400,011100000000
K23_bipartite__b6__dual_gateway,47,raw,B0|B1|B2|B3,47244640271/21474836480,True,1,1,3126736190663/1717986918400,000011000000
K23_bipartite__b6__dual_gateway,47,raw,B4,117037858841/107374182400,True,1,1,39728447623/21474836480,000010000000
K23_bipartite__b6__dual_gateway,47,raw,B0|B4,3796751090089/1717986918400,True,1,1,618475290769/343597383680,100010000000
K23_bipartite__b6__dual_gateway,47,raw,B1|B4,1743756722401/858993459200,True,1,1,919123008519/858993459200,010010000000
K23_bipartite__b6__dual_gateway,47,raw,B0|B1|B4,1318554960147/429496729600,True,1,1,137438952847/1717986918400,001101000000
K23_bipartite__b6__dual_gateway,47,raw,B2|B4,841813590141/429496729600,True,1,1,403726934099/429496729600,001010000000
K23_bipartite__b6__dual_gateway,47,raw,B0|B2|B4,5291399709197/1717986918400,True,1,1,103079215629/1717986918400,101010000000
K23_bipartite__b6__dual_gateway,47,raw,B1|B2|B4,498216206391/171798691840,True,1,1,180388648557/858993459200,011010000000
K23_bipartite__b6__dual_gateway,47,raw,B0|B1|B2|B4,94489280537/42949672960,True,1,1,167503731719/214748364800,000101000000
K23_bipartite__b6__dual_gateway,47,raw,B3|B4,468151435339/214748364800,True,1,1,148176378637/214748364800,000110000000
K23_bipartite__b6__dual_gateway,47,raw,B0|B3|B4,2508260901339/858993459200,True,1,1,652835028667/1717986918400,011001000000
K23_bipartite__b6__dual_gateway,47,raw,B1|B3|B4,41339060749/13421772800,True,1,1,34359672093/1717986918400,000000010101
K23_bipartite__b6__dual_gateway,47,raw,B0|B1|B3|B4,850403524833/429496729600,True,1,1,528280984583/429496729600,001001000000
K23_bipartite__b6__dual_gateway,47,raw,B2|B3|B4,75967235273/26843545600,True,1,1,94489261087/429496729600,000000100011
K23_bipartite__b6__dual_gateway,47,raw,B0|B2|B3|B4,352187318357/171798691840,True,1,1,919123008519/858993459200,010001000000
K23_bipartite__b6__dual_gateway,47,raw,B1|B2|B3|B4,3831110828857/1717986918400,True,1,1,1391569492679/1717986918400,100001000000
K23_bipartite__b6__dual_gateway,47,raw,B0|B1|B2|B3|B4,59592671257/53687091200,True,1,1,506806142373/171798691840,000001000000
K23_bipartite__b6__dual_gateway,47,raw,B5,59592671257/53687091200,True,1,1,506806142373/171798691840,000001000000
K23_bipartite__b6__dual_gateway,47,raw,B0|B5,3831110828857/1717986918400,True,1,1,1391569492679/1717986918400,100001000000
K23_bipartite__b6__dual_gateway,47,raw,B1|B5,352187318357/171798691840,True,1,1,919123008519/858993459200,010001000000
K23_bipartite__b6__dual_gateway,47,raw,B0|B1|B5,75967235273/26843545600,True,1,1,94489261087/429496729600,000000100011
K23_bipartite__b6__dual_gateway,47,raw,B2|B5,850403524833/429496729600,True,1,1,528280984583/429496729600,001001000000
K23_bipartite__b6__dual_gateway,47,raw,B0|B2|B5,41339060749/13421772800,True,1,1,34359672093/1717986918400,000000010101
K23_bipartite__b6__dual_gateway,47,raw,B1|B2|B5,2508260901339/858993459200,True,1,1,652835028667/1717986918400,011001000000
K23_bipartite__b6__dual_gateway,47,raw,B0|B1|B2|B5,468151435339/214748364800,True,1,1,148176378637/214748364800,000110000000
K23_bipartite__b6__dual_gateway,47,raw,B3|B5,94489280537/42949672960,True,1,1,167503731719/214748364800,000101000000
K23_bipartite__b6__dual_gateway,47,raw,B0|B3|B5,498216206391/171798691840,True,1,1,180388648557/858993459200,011010000000
K23_bipartite__b6__dual_gateway,47,raw,B1|B3|B5,5291399709197/1717986918400,True,1,1,103079215629/1717986918400,101010000000
K23_bipartite__b6__dual_gateway,47,raw,B0|B1|B3|B5,841813590141/429496729600,True,1,1,403726934099/429496729600,001010000000
K23_bipartite__b6__dual_gateway,47,raw,B2|B3|B5,1318554960147/429496729600,True,1,1,137438952847/1717986918400,001101000000
K23_bipartite__b6__dual_gateway,47,raw,B0|B2|B3|B5,1743756722401/858993459200,True,1,1,919123008519/858993459200,010010000000
K23_bipartite__b6__dual_gateway,47,raw,B1|B2|B3|B5,3796751090089/1717986918400,True,1,1,618475290769/343597383680,100010000000
K23_bipartite__b6__dual_gateway,47,raw,B0|B1|B2|B3|B5,117037858841/107374182400,True,1,1,39728447623/21474836480,000010000000
K23_bipartite__b6__dual_gateway,47,raw,B4|B5,47244640271/21474836480,True,1,1,3126736190663/1717986918400,000011000000
K23_bipartite__b6__dual_gateway,47,raw,B0|B4|B5,498216206371/171798691840,True,1,1,721554506603/1717986918400,011100000000
K23_bipartite__b6__dual_gateway,47,raw,B1|B4|B5,5291399708997/1717986918400,True,1,1,103079216029/1717986918400,101100000000
K23_bipartite__b6__dual_gateway,47,raw,B0|B1|B4|B5,841813590091/429496729600,True,1,1,167503731719/214748364800,001100000000
K23_bipartite__b6__dual_gateway,47,raw,B2|B4|B5,1318554960197/429496729600,True,1,1,137438952447/1717986918400,001011000000
K23_bipartite__b6__dual_gateway,47,raw,B0|B2|B4|B5,1743756722301/858993459200,True,1,1,167503731719/214748364800,010100000000
K23_bipartite__b6__dual_gateway,47,raw,B1|B2|B4|B5,3796751089889/1717986918400,True,1,1,167503731719/214748364800,100100000000
K23_bipartite__b6__dual_gateway,47,raw,B0|B1|B2|B4|B5,234075717657/214748364800,True,1,1,167503731719/214748364800,000100000000
K23_bipartite__b6__dual_gateway,47,raw,B3|B4|B5,5033701671087/1717986918400,True,1,1,618475291849/1717986918400,111000000000
K23_bipartite__b6__dual_gateway,47,raw,B0|B3|B4|B5,1554778161227/858993459200,True,1,1,919123008519/858993459200,011000000000
K23_bipartite__b6__dual_gateway,47,raw,B1|B3|B4|B5,3418793967741/1717986918400,True,1,1,528280984583/429496729600,101000000000
K23_bipartite__b6__dual_gateway,47,raw,B0|B1|B3|B4|B5,373662154777/429496729600,True,1,1,528280984583/429496729600,001000000000
K23_bipartite__b6__dual_gateway,47,raw,B2|B3|B4|B5,3539053051979/1717986918400,True,1,1,919123008519/858993459200,110000000000
K23_bipartite__b6__dual_gateway,47,raw,B0|B2|B3|B4|B5,807453851673/858993459200,True,1,1,919123008519/858993459200,010000000000
K23_bipartite__b6__dual_gateway,47,raw,B1|B2|B3|B4|B5,1924145348633/1717986918400,True,1,1,506806142373/171798691840,100000000000
K23_bipartite__b6__dual_gateway,47,five_move_reduced,B0,1924145348633/1717986918400,True,1,1,5205500453127/1717986918400,000000100
K23_bipartite__b6__dual_gateway,47,five_move_reduced,B1,807453851673/858993459200,True,1,1,704374651089/171798691840,000010000
K23_bipartite__b6__dual_gateway,47,five_move_reduced,B0|B1,3539053051979/1717986918400,True,1,1,3229815485717/1717986918400,000010100
K23_bipartite__b6__dual_gateway,47,five_move_reduced,B2,373662154777/429496729600,True,1,1,1778116480269/429496729600,010000010
K23_bipartite__b6__dual_gateway,47,five_move_reduced,B0|B2,3418793967741/1717986918400,True,1,1,755914257671/343597383680,010000110
K23_bipartite__b6__dual_gateway,47,five_move_reduced,B1|B2,1554778161227/858993459200,True,1,1,893353197823/343597383680,010010010
K23_bipartite__b6__dual_gateway,47,five_move_reduced,B0|B1|B2,5033701671087/1717986918400,True,1,1,618475291849/1717986918400,010010110
K23_bipartite__b6__dual_gateway,47,five_move_reduced,B3,234075717657/214748364800,True,1,1,616327814001/214748364800,001000000
K23_bipartite__b6__dual_gateway,47,five_move_reduced,B0|B3,3796751089889/1717986918400,True,1,1,618475290849/343597383680,001000100
K23_bipartite__b6__dual_gateway,47,five_move_reduced,B1|B3,1743756722301/858993459200,True,1,1,1838246036363/858993459200,001010000
K23_bipartite__b6__dual_gateway,47,five_move_reduced,B0|B1|B3,1318554960197/429496729600,True,1,1,137438952447/1717986918400,010100011
K23_bipartite__b6__dual_gateway,47,five_move_reduced,B2|B3,841813590091/429496729600,True,1,1,841813609641/429496729600,011000010
K23_bipartite__b6__dual_gateway,47,five_move_reduced,B0|B2|B3,5291399708997/1717986918400,True,1,1,103079216029/1717986918400,011000110
K23_bipartite__b6__dual_gateway,47,five_move_reduced,B1|B2|B3,498216206371/171798691840,True,1,1,721554506603/1717986918400,011010010
K23_bipartite__b6__dual_gateway,47,five_move_reduced,B0|B1|B2|B3,47244640271/21474836480,True,1,1,3126736190663/1717986918400,000100001
K23_bipartite__b6__dual_gateway,47,five_move_reduced,B4,117037858841/107374182400,True,1,1,616327813951/214748364800,000100000
K23_bipartite__b6__dual_gateway,47,five_move_reduced,B0|B4,3796751090089/1717986918400,True,1,1,618475290769/343597383680,000100100
K23_bipartite__b6__dual_gateway,47,five_move_reduced,B1|B4,1743756722401/858993459200,True,1,1,1838246036163/858993459200,000110000
K23_bipartite__b6__dual_gateway,47,five_move_reduced,B0|B1|B4,1318554960147/429496729600,True,1,1,137438952847/1717986918400,011000011
K23_bipartite__b6__dual_gateway,47,five_move_reduced,B2|B4,841813590141/429496729600,True,1,1,841813609541/429496729600,010100010
K23_bipartite__b6__dual_gateway,47,five_move_reduced,B0|B2|B4,5291399709197/1717986918400,True,1,1,103079215629/1717986918400,010100110
K23_bipartite__b6__dual_gateway,47,five_move_reduced,B1|B2|B4,498216206391/171798691840,True,1,1,721554506203/1717986918400,010110010
K23_bipartite__b6__dual_gateway,47,five_move_reduced,B0|B1|B2|B4,94489280537/42949672960,True,1,1,3126736191063/1717986918400,001000001
K23_bipartite__b6__dual_gateway,47,five_move_reduced,B3|B4,468151435339/214748364800,True,1,1,148176378637/214748364800,001100000
K23_bipartite__b6__dual_gateway,47,five_move_reduced,B0|B3|B4,2508260901339/858993459200,True,1,1,652835028667/1717986918400,010010011
K23_bipartite__b6__dual_gateway,47,five_move_reduced,B1|B3|B4,41339060749/13421772800,True,1,1,34359672093/1717986918400,010001000
K23_bipartite__b6__dual_gateway,47,five_move_reduced,B0|B1|B3|B4,850403524833/429496729600,True,1,1,3813931025173/1717986918400,010000011
K23_bipartite__b6__dual_gateway,47,five_move_reduced,B2|B3|B4,75967235273/26843545600,True,1,1,94489261087/429496729600,100000010
K23_bipartite__b6__dual_gateway,47,five_move_reduced,B0|B2|B3|B4,352187318357/171798691840,True,1,1,652835044507/343597383680,000010001
K23_bipartite__b6__dual_gateway,47,five_move_reduced,B1|B2|B3|B4,3831110828857/1717986918400,True,1,1,1391569492679/1717986918400,000000101
K23_bipartite__b6__dual_gateway,47,five_move_reduced,B0|B1|B2|B3|B4,59592671257/53687091200,True,1,1,1047972037989/343597383680,000000001
K23_bipartite__b6__dual_gateway,47,five_move_reduced,B5,59592671257/53687091200,True,1,1,1047972037989/343597383680,000000001
K23_bipartite__b6__dual_gateway,47,five_move_reduced,B0|B5,3831110828857/1717986918400,True,1,1,1391569492679/1717986918400,000000101
K23_bipartite__b6__dual_gateway,47,five_move_reduced,B1|B5,352187318357/171798691840,True,1,1,652835044507/343597383680,000010001
K23_bipartite__b6__dual_gateway,47,five_move_reduced,B0|B1|B5,75967235273/26843545600,True,1,1,94489261087/429496729600,100000010
K23_bipartite__b6__dual_gateway,47,five_move_reduced,B2|B5,850403524833/429496729600,True,1,1,3813931025173/1717986918400,010000011
K23_bipartite__b6__dual_gateway,47,five_move_reduced,B0|B2|B5,41339060749/13421772800,True,1,1,34359672093/1717986918400,010001000
K23_bipartite__b6__dual_gateway,47,five_move_reduced,B1|B2|B5,2508260901339/858993459200,True,1,1,652835028667/1717986918400,010010011
K23_bipartite__b6__dual_gateway,47,five_move_reduced,B0|B1|B2|B5,468151435339/214748364800,True,1,1,148176378637/214748364800,001100000
K23_bipartite__b6__dual_gateway,47,five_move_reduced,B3|B5,94489280537/42949672960,True,1,1,3126736191063/1717986918400,001000001
K23_bipartite__b6__dual_gateway,47,five_move_reduced,B0|B3|B5,498216206391/171798691840,True,1,1,721554506203/1717986918400,010110010
K23_bipartite__b6__dual_gateway,47,five_move_reduced,B1|B3|B5,5291399709197/1717986918400,True,1,1,103079215629/1717986918400,010100110
K23_bipartite__b6__dual_gateway,47,five_move_reduced,B0|B1|B3|B5,841813590141/429496729600,True,1,1,841813609541/429496729600,010100010
K23_bipartite__b6__dual_gateway,47,five_move_reduced,B2|B3|B5,1318554960147/429496729600,True,1,1,137438952847/1717986918400,011000011
K23_bipartite__b6__dual_gateway,47,five_move_reduced,B0|B2|B3|B5,1743756722401/858993459200,True,1,1,1838246036163/858993459200,000110000
K23_bipartite__b6__dual_gateway,47,five_move_reduced,B1|B2|B3|B5,3796751090089/1717986918400,True,1,1,618475290769/343597383680,000100100
K23_bipartite__b6__dual_gateway,47,five_move_reduced,B0|B1|B2|B3|B5,117037858841/107374182400,True,1,1,616327813951/214748364800,000100000
K23_bipartite__b6__dual_gateway,47,five_move_reduced,B4|B5,47244640271/21474836480,True,1,1,3126736190663/1717986918400,000100001
K23_bipartite__b6__dual_gateway,47,five_move_reduced,B0|B4|B5,498216206371/171798691840,True,1,1,721554506603/1717986918400,011010010
K23_bipartite__b6__dual_gateway,47,five_move_reduced,B1|B4|B5,5291399708997/1717986918400,True,1,1,103079216029/1717986918400,011000110
K23_bipartite__b6__dual_gateway,47,five_move_reduced,B0|B1|B4|B5,841813590091/429496729600,True,1,1,841813609641/429496729600,011000010
K23_bipartite__b6__dual_gateway,47,five_move_reduced,B2|B4|B5,1318554960197/429496729600,True,1,1,137438952447/1717986918400,010100011
K23_bipartite__b6__dual_gateway,47,five_move_reduced,B0|B2|B4|B5,1743756722301/858993459200,True,1,1,1838246036363/858993459200,001010000
K23_bipartite__b6__dual_gateway,47,five_move_reduced,B1|B2|B4|B5,3796751089889/1717986918400,True,1,1,618475290849/343597383680,001000100
K23_bipartite__b6__dual_gateway,47,five_move_reduced,B0|B1|B2|B4|B5,234075717657/214748364800,True,1,1,616327814001/214748364800,001000000
K23_bipartite__b6__dual_gateway,47,five_move_reduced,B3|B4|B5,5033701671087/1717986918400,True,1,1,618475291849/1717986918400,010010110
K23_bipartite__b6__dual_gateway,47,five_move_reduced,B0|B3|B4|B5,1554778161227/858993459200,True,1,1,893353197823/343597383680,010010010
K23_bipartite__b6__dual_gateway,47,five_move_reduced,B1|B3|B4|B5,3418793967741/1717986918400,True,1,1,755914257671/343597383680,010000110
K23_bipartite__b6__dual_gateway,47,five_move_reduced,B0|B1|B3|B4|B5,373662154777/429496729600,True,1,1,1778116480269/429496729600,010000010
K23_bipartite__b6__dual_gateway,47,five_move_reduced,B2|B3|B4|B5,3539053051979/1717986918400,True,1,1,3229815485717/1717986918400,000010100
K23_bipartite__b6__dual_gateway,47,five_move_reduced,B0|B2|B3|B4|B5,807453851673/858993459200,True,1,1,704374651089/171798691840,000010000
K23_bipartite__b6__dual_gateway,47,five_move_reduced,B1|B2|B3|B4|B5,1924145348633/1717986918400,True,1,1,5205500453127/1717986918400,000000100
K23_bipartite__b7__leaf_offset1,47,raw,B0,3573412790297/3435973836800,True,1,1,2697239476313/858993459200,1000000000000
K23_bipartite__b7__leaf_offset1,47,raw,B1,1958505087001/1717986918400,True,1,1,618475293659/343597383680,0100000000000
K23_bipartite__b7__leaf_offset1,47,raw,B0|B1,7490422964299/3435973836800,True,1,1,618475293659/343597383680,1100000000000
K23_bipartite__b7__leaf_offset1,47,raw,B2,850403524633/858993459200,True,1,1,996432427047/858993459200,0010000000000
K23_bipartite__b7__leaf_offset1,47,raw,B0|B2,6975026888829/3435973836800,True,1,1,996432427047/858993459200,1010000000000
K23_bipartite__b7__leaf_offset1,47,raw,B1|B2,3659312136267/1717986918400,True,1,1,996432427047/858993459200,0110000000000
K23_bipartite__b7__leaf_offset1,47,raw,B0|B1|B2,10892037062831/3435973836800,True,1,1,3332894624521/3435973836800,1110000000000
K23_bipartite__b7__leaf_offset1,47,raw,B3,98784247813/85899345920,True,1,1,73014446907/85899345920,0001000000000
K23_bipartite__b7__leaf_offset1,47,raw,B0|B3,7524782702817/3435973836800,True,1,1,73014446907/85899345920,1001000000000
K23_bipartite__b7__leaf_offset1,47,raw,B1|B3,3934190043261/1717986918400,True,1,1,73014446907/85899345920,0101000000000
K23_bipartite__b7__leaf_offset1,47,raw,B0|B1|B3,11441792876819/3435973836800,True,1,1,446676599309/687194767360,1101000000000
K23_bipartite__b7__leaf_offset1,47,raw,B2|B3,1838246002763/858993459200,True,1,1,73014446907/85899345920,0011000000000
K23_bipartite__b7__leaf_offset1,47,raw,B0|B2|B3,10926396801349/3435973836800,True,1,1,73014446907/85899345920,1011000000000
K23_bipartite__b7__leaf_offset1,47,raw,B1|B2|B3,5634997092527/1717986918400,True,1,1,103079215203/137438953472,0111000000000
K23_bipartite__b7__leaf_offset1,47,raw,B0|B1|B2|B3,642097610927/214748364800,True,1,1,4569845200519/3435973836800,0000111000000
K23_bipartite__b7__leaf_offset1,47,raw,B4,227633266713/214748364800,True,1,1,401579443551/214748364800,0000100000000
K23_bipartite__b7__leaf_offset1,47,raw,B0|B4,1443109011541/687194767360,True,1,1,401579443551/214748364800,1000100000000
K23_bipartite__b7__leaf_offset1,47,raw,B1|B4,755914244141/343597383680,True,1,1,3040836868543/1717986918400,0100100000000
K23_bipartite__b7__leaf_offset1,47,raw,B0|B1|B4,11132555231707/3435973836800,True,1,1,2851858286769/3435973836800,1100100000000
K23_bipartite__b7__leaf_offset1,47,raw,B2|B4,352187318297/171798691840,True,1,1,678604849443/858993459200,0010100000000
K23_bipartite__b7__leaf_offset1,47,raw,B0|B2|B4,10617159156237/3435973836800,True,1,1,678604849443/858993459200,1010100000000
K23_bipartite__b7__leaf_offset1,47,raw,B1|B2|B4,5480378269971/1717986918400,True,1,1,1185411019021/1717986918400,0110100000000
K23_bipartite__b7__leaf_offset1,47,raw,B0|B1|B2|B4,1322849927493/429496729600,True,1,1,73014446907/85899345920,0001011000000
K23_bipartite__b7__leaf_offset1,47,raw,B3|B4,949187772491/429496729600,True,1,1,73014446907/85899345920,0001100000000
K23_bipartite__b7__leaf_offset1,47,raw,B0|B3|B4,446676598809/137438953472,True,1,1,2783138809733/3435973836800,1001100000000
K23_bipartite__b7__leaf_offset1,47,raw,B1|B3|B4,1151051235393/343597383680,True,1,1,2095944042323/3435973836800,0101100000000
K23_bipartite__b7__leaf_offset1,47,raw,B0|B1|B3|B4,2508260901489/858993459200,True,1,1,996432427047/858993459200,0010011000000
K23_bipartite__b7__leaf_offset1,47,raw,B2|B3|B4,83751863497/26843545600,True,1,1,68719437711/858993459200,0000000100011
K23_bipartite__b7__leaf_offset1,47,raw,B0|B2|B3|B4,5274219840713/1717986918400,True,1,1,68719490311/1717986918400,0100011000000
K23_bipartite__b7__leaf_offset1,47,raw,B1|B2|B3|B4,10204842297721/3435973836800,True,1,1,4088809044167/3435973836800,1000011000000
K23_bipartite__b7__leaf_offset1,47,raw,B0|B1|B2|B3|B4,207232172107/107374182400,True,1,1,3985729664313/1717986918400,0000011000000
K23_bipartite__b7__leaf_offset1,47,raw,B5,22548578309/21474836480,True,1,1,2697239476313/858993459200,0000010000000
K23_bipartite__b7__leaf_offset1,47,raw,B0|B5,7181185319737/3435973836800,True,1,1,4088809044167/3435973836800,1000010000000
K23_bipartite__b7__leaf_offset1,47,raw,B1|B5,3762391351721/1717986918400,True,1,1,618475293659/343597383680,0100010000000
K23_bipartite__b7__leaf_offset1,47,raw,B0|B1|B5,11098195493739/3435973836800,True,1,1,2645700011861/3435973836800,1100010000000
K23_bipartite__b7__leaf_offset1,47,raw,B2|B5,1752346656993/858993459200,True,1,1,996432427047/858993459200,0010010000000
K23_bipartite__b7__leaf_offset1,47,raw,B0|B2|B5,10582799418269/3435973836800,True,1,1,996432546147/3435973836800,1010010000000
K23_bipartite__b7__leaf_offset1,47,raw,B1|B2|B5,5463198400987/1717986918400,True,1,1,652835029247/687194767360,0110010000000
K23_bipartite__b7__leaf_offset1,47,raw,B0|B1|B2|B5,1327144894739/429496729600,True,1,1,73014446907/85899345920,0001101000000
K23_bipartite__b7__leaf_offset1,47,raw,B3|B5,188978561049/85899345920,True,1,1,73014446907/85899345920,0001010000000
K23_bipartite__b7__leaf_offset1,47,raw,B0|B3|B5,805306375/268435456,True,1,1,824633632257/3435973836800,0000000001110
K23_bipartite__b7__leaf_offset1,47,raw,B1|B3|B5,5738076307981/1717986918400,True,1,1,2164663518259/3435973836800,0101010000000
K23_bipartite__b7__leaf_offset1,47,raw,B0|B1|B3|B5,2516850835981/858993459200,True,1,1,678604849443/858993459200,0010101000000
K23_bipartite__b7__leaf_offset1,47,raw,B2|B3|B5,2740189135123/858993459200,True,1,1,73014446907/85899345920,0011010000000
K23_bipartite__b7__leaf_offset1,47,raw,B0|B2|B3|B5,5291399709697/1717986918400,True,1,1,17179890559/1717986918400,0100101000000
K23_bipartite__b7__leaf_offset1,47,raw,B1|B2|B3|B5,10239202035689/3435973836800,True,1,1,927712935761/687194767360,1000101000000
K23_bipartite__b7__leaf_offset1,47,raw,B0|B1|B2|B3|B5,416611827837/214748364800,True,1,1,401579443551/214748364800,0000101000000
K23_bipartite__b7__leaf_offset1,47,raw,B4|B5,453119049803/214748364800,True,1,1,401579443551/214748364800,0000110000000
K23_bipartite__b7__leaf_offset1,47,raw,B0|B4|B5,2164663517429/687194767360,True,1,1,3470333575893/3435973836800,1000110000000
K23_bipartite__b7__leaf_offset1,47,raw,B1|B4|B5,223338299417/68719476736,True,1,1,2783138808483/3435973836800,0100110000000
K23_bipartite__b7__leaf_offset1,47,raw,B0|B1|B4|B5,2594160247259/858993459200,True,1,1,73014446907/85899345920,0011001000000
K23_bipartite__b7__leaf_offset1,47,raw,B2|B4|B5,532575944769/171798691840,True,1,1,678604849443/858993459200,0010110000000
K23_bipartite__b7__leaf_offset1,47,raw,B0|B2|B4|B5,5446018532253/1717986918400,True,1,1,68719490311/1717986918400,0101001000000
K23_bipartite__b7__leaf_offset1,47,raw,B1|B2|B4|B5,10548439680801/3435973836800,True,1,1,73014446907/85899345920,1001001000000
K23_bipartite__b7__leaf_offset1,47,raw,B0|B1|B2|B4|B5,871878361313/429496729600,True,1,1,73014446907/85899345920,0001001000000
K23_bipartite__b7__leaf_offset1,47,raw,B3|B4|B5,1400159338671/429496729600,True,1,1,2714419331447/3435973836800,0001110000000
K23_bipartite__b7__leaf_offset1,47,raw,B0|B3|B4|B5,5171140625259/1717986918400,True,1,1,68719490311/1717986918400,0110001000000
K23_bipartite__b7__leaf_offset1,47,raw,B1|B3|B4|B5,9998683866813/3435973836800,True,1,1,996432427047/858993459200,1010001000000
K23_bipartite__b7__leaf_offset1,47,raw,B0|B1|B3|B4|B5,1606317769129/858993459200,True,1,1,996432427047/858993459200,0010001000000
K23_bipartite__b7__leaf_offset1,47,raw,B2|B3|B4|B5,10514079942283/3435973836800,True,1,1,68719490311/1717986918400,1100001000000
K23_bipartite__b7__leaf_offset1,47,raw,B0|B2|B3|B4|B5,3470333575993/1717986918400,True,1,1,68719490311/1717986918400,0100001000000
K23_bipartite__b7__leaf_offset1,47,raw,B1|B2|B3|B4|B5,6597069768281/3435973836800,True,1,1,3985729664313/1717986918400,1000001000000
K23_bipartite__b7__leaf_offset1,47,raw,B0|B1|B2|B3|B4|B5,47244640281/53687091200,True,1,1,3985729664313/1717986918400,0000001000000
K23_bipartite__b7__leaf_offset1,47,raw,B6,47244640281/53687091200,True,1,1,3985729664313/1717986918400,0000001000000
K23_bipartite__b7__leaf_offset1,47,raw,B0|B6,6597069768281/3435973836800,True,1,1,3985729664313/1717986918400,1000001000000
K23_bipartite__b7__leaf_offset1,47,raw,B1|B6,3470333575993/1717986918400,True,1,1,68719490311/1717986918400,0100001000000
K23_bipartite__b7__leaf_offset1,47,raw,B0|B1|B6,10514079942283/3435973836800,True,1,1,68719490311/1717986918400,1100001000000
K23_bipartite__b7__leaf_offset1,47,raw,B2|B6,1606317769129/858993459200,True,1,1,996432427047/858993459200,0010001000000
K23_bipartite__b7__leaf_offset1,47,raw,B0|B2|B6,9998683866813/3435973836800,True,1,1,996432427047/858993459200,1010001000000
K23_bipartite__b7__leaf_offset1,47,raw,B1|B2|B6,5171140625259/1717986918400,True,1,1,68719490311/1717986918400,0110001000000
K23_bipartite__b7__leaf_offset1,47,raw,B0|B1|B2|B6,1400159338671/429496729600,True,1,1,2714419331447/3435973836800,0001110000000
K23_bipartite__b7__leaf_offset1,47,raw,B3|B6,871878361313/429496729600,True,1,1,73014446907/85899345920,0001001000000
K23_bipartite__b7__leaf_offset1,47,raw,B0|B3|B6,10548439680801/3435973836800,True,1,1,73014446907/85899345920,1001001000000
K23_bipartite__b7__leaf_offset1,47,raw,B1|B3|B6,5446018532253/1717986918400,True,1,1,68719490311/1717986918400,0101001000000
K23_bipartite__b7__leaf_offset1,47,raw,B0|B1|B3|B6,532575944769/171798691840,True,1,1,678604849443/858993459200,0010110000000
K23_bipartite__b7__leaf_offset1,47,raw,B2|B3|B6,2594160247259/858993459200,True,1,1,73014446907/85899345920,0011001000000
K23_bipartite__b7__leaf_offset1,47,raw,B0|B2|B3|B6,223338299417/68719476736,True,1,1,2783138808483/3435973836800,0100110000000
K23_bipartite__b7__leaf_offset1,47,raw,B1|B2|B3|B6,2164663517429/687194767360,True,1,1,3470333575893/3435973836800,1000110000000
K23_bipartite__b7__leaf_offset1,47,raw,B0|B1|B2|B3|B6,453119049803/214748364800,True,1,1,401579443551/214748364800,0000110000000
K23_bipartite__b7__leaf_offset1,47,raw,B4|B6,416611827837/214748364800,True,1,1,401579443551/214748364800,0000101000000
K23_bipartite__b7__leaf_offset1,47,raw,B0|B4|B6,10239202035689/3435973836800,True,1,1,927712935761/687194767360,1000101000000
K23_bipartite__b7__leaf_offset1,47,raw,B1|B4|B6,5291399709697/1717986918400,True,1,1,17179890559/1717986918400,0100101000000
K23_bipartite__b7__leaf_offset1,47,raw,B0|B1|B4|B6,2740189135123/858993459200,True,1,1,73014446907/85899345920,0011010000000
K23_bipartite__b7__leaf_offset1,47,raw,B2|B4|B6,2516850835981/858993459200,True,1,1,678604849443/858993459200,0010101000000
K23_bipartite__b7__leaf_offset1,47,raw,B0|B2|B4|B6,5738076307981/1717986918400,True,1,1,2164663518259/3435973836800,0101010000000
K23_bipartite__b7__leaf_offset1,47,raw,B1|B2|B4|B6,805306375/268435456,True,1,1,824633632257/3435973836800,0000000001110
K23_bipartite__b7__leaf_offset1,47,raw,B0|B1|B2|B4|B6,188978561049/85899345920,True,1,1,73014446907/85899345920,0001010000000
K23_bipartite__b7__leaf_offset1,47,raw,B3|B4|B6,1327144894739/429496729600,True,1,1,73014446907/85899345920,0001101000000
K23_bipartite__b7__leaf_offset1,47,raw,B0|B3|B4|B6,5463198400987/1717986918400,True,1,1,652835029247/687194767360,0110010000000
K23_bipartite__b7__leaf_offset1,47,raw,B1|B3|B4|B6,10582799418269/3435973836800,True,1,1,996432546147/3435973836800,1010010000000
K23_bipartite__b7__leaf_offset1,47,raw,B0|B1|B3|B4|B6,1752346656993/858993459200,True,1,1,996432427047/858993459200,0010010000000
K23_bipartite__b7__leaf_offset1,47,raw,B2|B3|B4|B6,11098195493739/3435973836800,True,1,1,2645700011861/3435973836800,1100010000000
K23_bipartite__b7__leaf_offset1,47,raw,B0|B2|B3|B4|B6,3762391351721/1717986918400,True,1,1,618475293659/343597383680,0100010000000
K23_bipartite__b7__leaf_offset1,47,raw,B1|B2|B3|B4|B6,7181185319737/3435973836800,True,1,1,4088809044167/3435973836800,1000010000000
K23_bipartite__b7__leaf_offset1,47,raw,B0|B1|B2|B3|B4|B6,22548578309/21474836480,True,1,1,2697239476313/858993459200,0000010000000
K23_bipartite__b7__leaf_offset1,47,raw,B5|B6,207232172107/107374182400,True,1,1,3985729664313/1717986918400,0000011000000
K23_bipartite__b7__leaf_offset1,47,raw,B0|B5|B6,10204842297721/3435973836800,True,1,1,4088809044167/3435973836800,1000011000000
K23_bipartite__b7__leaf_offset1,47,raw,B1|B5|B6,5274219840713/1717986918400,True,1,1,68719490311/1717986918400,0100011000000
K23_bipartite__b7__leaf_offset1,47,raw,B0|B1|B5|B6,83751863497/26843545600,True,1,1,68719437711/858993459200,0000000100011
K23_bipartite__b7__leaf_offset1,47,raw,B2|B5|B6,2508260901489/858993459200,True,1,1,996432427047/858993459200,0010011000000
K23_bipartite__b7__leaf_offset1,47,raw,B0|B2|B5|B6,1151051235393/343597383680,True,1,1,2095944042323/3435973836800,0101100000000
K23_bipartite__b7__leaf_offset1,47,raw,B1|B2|B5|B6,446676598809/137438953472,True,1,1,2783138809733/3435973836800,1001100000000
K23_bipartite__b7__leaf_offset1,47,raw,B0|B1|B2|B5|B6,949187772491/429496729600,True,1,1,73014446907/85899345920,0001100000000
K23_bipartite__b7__leaf_offset1,47,raw,B3|B5|B6,1322849927493/429496729600,True,1,1,73014446907/85899345920,0001011000000
K23_bipartite__b7__leaf_offset1,47,raw,B0|B3|B5|B6,5480378269971/1717986918400,True,1,1,1185411019021/1717986918400,0110100000000
K23_bipartite__b7__leaf_offset1,47,raw,B1|B3|B5|B6,10617159156237/3435973836800,True,1,1,678604849443/858993459200,1010100000000
K23_bipartite__b7__leaf_offset1,47,raw,B0|B1|B3|B5|B6,352187318297/171798691840,True,1,1,678604849443/858993459200,0010100000000
K23_bipartite__b7__leaf_offset1,47,raw,B2|B3|B5|B6,11132555231707/3435973836800,True,1,1,2851858286769/3435973836800,1100100000000
K23_bipartite__b7__leaf_offset1,47,raw,B0|B2|B3|B5|B6,755914244141/343597383680,True,1,1,3040836868543/1717986918400,0100100000000
K23_bipartite__b7__leaf_offset1,47,raw,B1|B2|B3|B5|B6,1443109011541/687194767360,True,1,1,401579443551/214748364800,1000100000000
K23_bipartite__b7__leaf_offset1,47,raw,B0|B1|B2|B3|B5|B6,227633266713/214748364800,True,1,1,401579443551/214748364800,0000100000000
K23_bipartite__b7__leaf_offset1,47,raw,B4|B5|B6,642097610927/214748364800,True,1,1,4569845200519/3435973836800,0000111000000
K23_bipartite__b7__leaf_offset1,47,raw,B0|B4|B5|B6,5634997092527/1717986918400,True,1,1,103079215203/137438953472,0111000000000
K23_bipartite__b7__leaf_offset1,47,raw,B1|B4|B5|B6,10926396801349/3435973836800,True,1,1,73014446907/85899345920,1011000000000
K23_bipartite__b7__leaf_offset1,47,raw,B0|B1|B4|B5|B6,1838246002763/858993459200,True,1,1,73014446907/85899345920,0011000000000
K23_bipartite__b7__leaf_offset1,47,raw,B2|B4|B5|B6,11441792876819/3435973836800,True,1,1,446676599309/687194767360,1101000000000
K23_bipartite__b7__leaf_offset1,47,raw,B0|B2|B4|B5|B6,3934190043261/1717986918400,True,1,1,73014446907/85899345920,0101000000000
K23_bipartite__b7__leaf_offset1,47,raw,B1|B2|B4|B5|B6,7524782702817/3435973836800,True,1,1,73014446907/85899345920,1001000000000
K23_bipartite__b7__leaf_offset1,47,raw,B0|B1|B2|B4|B5|B6,98784247813/85899345920,True,1,1,73014446907/85899345920,0001000000000
K23_bipartite__b7__leaf_offset1,47,raw,B3|B4|B5|B6,10892037062831/3435973836800,True,1,1,3332894624521/3435973836800,1110000000000
K23_bipartite__b7__leaf_offset1,47,raw,B0|B3|B4|B5|B6,3659312136267/1717986918400,True,1,1,996432427047/858993459200,0110000000000
K23_bipartite__b7__leaf_offset1,47,raw,B1|B3|B4|B5|B6,6975026888829/3435973836800,True,1,1,996432427047/858993459200,1010000000000
K23_bipartite__b7__leaf_offset1,47,raw,B0|B1|B3|B4|B5|B6,850403524633/858993459200,True,1,1,996432427047/858993459200,0010000000000
K23_bipartite__b7__leaf_offset1,47,raw,B2|B3|B4|B5|B6,7490422964299/3435973836800,True,1,1,618475293659/343597383680,1100000000000
K23_bipartite__b7__leaf_offset1,47,raw,B0|B2|B3|B4|B5|B6,1958505087001/1717986918400,True,1,1,618475293659/343597383680,0100000000000
K23_bipartite__b7__leaf_offset1,47,raw,B1|B2|B3|B4|B5|B6,3573412790297/3435973836800,True,1,1,2697239476313/858993459200,1000000000000
K23_bipartite__b7__leaf_offset1,47,five_move_reduced,B0,3573412790297/3435973836800,True,1,1,11304354103047/3435973836800,0000000100
K23_bipartite__b7__leaf_offset1,47,five_move_reduced,B1,1958505087001/1717986918400,True,1,1,8091718509539/1717986918400,0100000000
K23_bipartite__b7__leaf_offset1,47,five_move_reduced,B0|B1,7490422964299/3435973836800,True,1,1,9861245070741/3435973836800,0100000100
K23_bipartite__b7__leaf_offset1,47,five_move_reduced,B2,850403524633/858993459200,True,1,1,2499670983147/858993459200,0000100000
K23_bipartite__b7__leaf_offset1,47,five_move_reduced,B0|B2,6975026888829/3435973836800,True,1,1,2499670983147/858993459200,0000100100
K23_bipartite__b7__leaf_offset1,47,five_move_reduced,B1|B2,3659312136267/1717986918400,True,1,1,4827543286429/1717986918400,0100100000
K23_bipartite__b7__leaf_offset1,47,five_move_reduced,B0|B1|B2,10892037062831/3435973836800,True,1,1,3332894624521/3435973836800,0100100100
K23_bipartite__b7__leaf_offset1,47,five_move_reduced,B3,98784247813/85899345920,True,1,1,13537737007217/3435973836800,0000010010
K23_bipartite__b7__leaf_offset1,47,five_move_reduced,B0|B3,7524782702817/3435973836800,True,1,1,6390911426623/3435973836800,0000010110
K23_bipartite__b7__leaf_offset1,47,five_move_reduced,B1|B3,3934190043261/1717986918400,True,1,1,9380208577139/3435973836800,0100010010
K23_bipartite__b7__leaf_offset1,47,five_move_reduced,B0|B1|B3,11441792876819/3435973836800,True,1,1,446676599309/687194767360,0100010110
K23_bipartite__b7__leaf_offset1,47,five_move_reduced,B2|B3,1838246002763/858993459200,True,1,1,1752346695993/858993459200,0000110010
K23_bipartite__b7__leaf_offset1,47,five_move_reduced,B0|B2|B3,10926396801349/3435973836800,True,1,1,652835029497/687194767360,0000110110
K23_bipartite__b7__leaf_offset1,47,five_move_reduced,B1|B2|B3,5634997092527/1717986918400,True,1,1,103079215203/137438953472,0100110010
K23_bipartite__b7__leaf_offset1,47,five_move_reduced,B0|B1|B2|B3,642097610927/214748364800,True,1,1,4569845200519/3435973836800,0010001001
K23_bipartite__b7__leaf_offset1,47,five_move_reduced,B4,227633266713/214748364800,True,1,1,2379411898709/858993459200,0000001000
K23_bipartite__b7__leaf_offset1,47,five_move_reduced,B0|B4,1443109011541/687194767360,True,1,1,2379411898709/858993459200,0000001100
K23_bipartite__b7__leaf_offset1,47,five_move_reduced,B1|B4,755914244141/343597383680,True,1,1,4587025117553/1717986918400,0100001000
K23_bipartite__b7__leaf_offset1,47,five_move_reduced,B0|B1|B4,11132555231707/3435973836800,True,1,1,2851858286769/3435973836800,0100001100
K23_bipartite__b7__leaf_offset1,47,five_move_reduced,B2|B4,352187318297/171798691840,True,1,1,678604849443/858993459200,0000101000
K23_bipartite__b7__leaf_offset1,47,five_move_reduced,B0|B2|B4,10617159156237/3435973836800,True,1,1,678604849443/858993459200,0000101100
K23_bipartite__b7__leaf_offset1,47,five_move_reduced,B1|B2|B4,5480378269971/1717986918400,True,1,1,1185411019021/1717986918400,0100101000
K23_bipartite__b7__leaf_offset1,47,five_move_reduced,B0|B1|B2|B4,1322849927493/429496729600,True,1,1,790273982059/687194767360,0010010011
K23_bipartite__b7__leaf_offset1,47,five_move_reduced,B3|B4,949187772491/429496729600,True,1,1,326417522311/171798691840,0000011010
K23_bipartite__b7__leaf_offset1,47,five_move_reduced,B0|B3|B4,446676598809/137438953472,True,1,1,2783138809733/3435973836800,0000011110
K23_bipartite__b7__leaf_offset1,47,five_move_reduced,B1|B3|B4,1151051235393/343597383680,True,1,1,2095944042323/3435973836800,0100011010
K23_bipartite__b7__leaf_offset1,47,five_move_reduced,B0|B1|B3|B4,2508260901489/858993459200,True,1,1,5050881538271/3435973836800,0010100001
K23_bipartite__b7__leaf_offset1,47,five_move_reduced,B2|B3|B4,83751863497/26843545600,True,1,1,68719437711/858993459200,1000000010
K23_bipartite__b7__leaf_offset1,47,five_move_reduced,B0|B2|B3|B4,5274219840713/1717986918400,True,1,1,3745211636487/3435973836800,0110000001
K23_bipartite__b7__leaf_offset1,47,five_move_reduced,B1|B2|B3|B4,10204842297721/3435973836800,True,1,1,4088809044167/3435973836800,0010000101
K23_bipartite__b7__leaf_offset1,47,five_move_reduced,B0|B1|B2|B3|B4,207232172107/107374182400,True,1,1,11235634624761/3435973836800,0010000001
K23_bipartite__b7__leaf_offset1,47,five_move_reduced,B5,22548578309/21474836480,True,1,1,11235634624761/3435973836800,0000000001
K23_bipartite__b7__leaf_offset1,47,five_move_reduced,B0|B5,7181185319737/3435973836800,True,1,1,4088809044167/3435973836800,0000000101
K23_bipartite__b7__leaf_offset1,47,five_move_reduced,B1|B5,3762391351721/1717986918400,True,1,1,1958505118491/687194767360,0100000001
K23_bipartite__b7__leaf_offset1,47,five_move_reduced,B0|B1|B5,11098195493739/3435973836800,True,1,1,2645700011861/3435973836800,0100000101
K23_bipartite__b7__leaf_offset1,47,five_move_reduced,B2|B5,1752346656993/858993459200,True,1,1,2499670983147/858993459200,0000100001
K23_bipartite__b7__leaf_offset1,47,five_move_reduced,B0|B2|B5,10582799418269/3435973836800,True,1,1,790273982729/687194767360,0000100101
K23_bipartite__b7__leaf_offset1,47,five_move_reduced,B1|B2|B5,5463198400987/1717986918400,True,1,1,652835029247/687194767360,0100100001
K23_bipartite__b7__leaf_offset1,47,five_move_reduced,B0|B1|B2|B5,1327144894739/429496729600,True,1,1,3882650434359/3435973836800,0010011010
K23_bipartite__b7__leaf_offset1,47,five_move_reduced,B3|B5,188978561049/85899345920,True,1,1,6322191948337/3435973836800,0000010011
K23_bipartite__b7__leaf_offset1,47,five_move_reduced,B0|B3|B5,805306375/268435456,True,1,1,824633632257/3435973836800,0001010000
K23_bipartite__b7__leaf_offset1,47,five_move_reduced,B1|B3|B5,5738076307981/1717986918400,True,1,1,2164663518259/3435973836800,0100010011
K23_bipartite__b7__leaf_offset1,47,five_move_reduced,B0|B1|B3|B5,2516850835981/858993459200,True,1,1,678604849443/858993459200,0010101000
K23_bipartite__b7__leaf_offset1,47,five_move_reduced,B2|B3|B5,2740189135123/858993459200,True,1,1,3195455669199/3435973836800,0000110011
K23_bipartite__b7__leaf_offset1,47,five_move_reduced,B0|B2|B3|B5,5291399709697/1717986918400,True,1,1,1563368139569/1717986918400,0110001000
K23_bipartite__b7__leaf_offset1,47,five_move_reduced,B1|B2|B3|B5,10239202035689/3435973836800,True,1,1,927712935761/687194767360,0010001100
K23_bipartite__b7__leaf_offset1,47,five_move_reduced,B0|B1|B2|B3|B5,416611827837/214748364800,True,1,1,2379411898709/858993459200,0010001000
K23_bipartite__b7__leaf_offset1,47,five_move_reduced,B4|B5,453119049803/214748364800,True,1,1,2379411898709/858993459200,0000001001
K23_bipartite__b7__leaf_offset1,47,five_move_reduced,B0|B4|B5,2164663517429/687194767360,True,1,1,3470333575893/3435973836800,0000001101
K23_bipartite__b7__leaf_offset1,47,five_move_reduced,B1|B4|B5,223338299417/68719476736,True,1,1,2783138808483/3435973836800,0100001001
K23_bipartite__b7__leaf_offset1,47,five_move_reduced,B0|B1|B4|B5,2594160247259/858993459200,True,1,1,4363686772111/3435973836800,0010110010
K23_bipartite__b7__leaf_offset1,47,five_move_reduced,B2|B4|B5,532575944769/171798691840,True,1,1,678604849443/858993459200,0000101001
K23_bipartite__b7__leaf_offset1,47,five_move_reduced,B0|B2|B4|B5,5446018532253/1717986918400,True,1,1,3332894621171/3435973836800,0110010010
K23_bipartite__b7__leaf_offset1,47,five_move_reduced,B1|B2|B4|B5,10548439680801/3435973836800,True,1,1,4020089388581/3435973836800,0010010110
K23_bipartite__b7__leaf_offset1,47,five_move_reduced,B0|B1|B2|B4|B5,871878361313/429496729600,True,1,1,446676598767/137438953472,0010010010
K23_bipartite__b7__leaf_offset1,47,five_move_reduced,B3|B4|B5,1400159338671/429496729600,True,1,1,2714419331447/3435973836800,0000011011
K23_bipartite__b7__leaf_offset1,47,five_move_reduced,B0|B3|B4|B5,5171140625259/1717986918400,True,1,1,360777261689/343597383680,0110100000
K23_bipartite__b7__leaf_offset1,47,five_move_reduced,B1|B3|B4|B5,9998683866813/3435973836800,True,1,1,5119601016557/3435973836800,0010100100
K23_bipartite__b7__leaf_offset1,47,five_move_reduced,B0|B1|B3|B4|B5,1606317769129/858993459200,True,1,1,2499670983147/858993459200,0010100000
K23_bipartite__b7__leaf_offset1,47,five_move_reduced,B2|B3|B4|B5,10514079942283/3435973836800,True,1,1,3813931114773/3435973836800,0110000100
K23_bipartite__b7__leaf_offset1,47,five_move_reduced,B0|B2|B3|B4|B5,3470333575993/1717986918400,True,1,1,1013612306311/343597383680,0110000000
K23_bipartite__b7__leaf_offset1,47,five_move_reduced,B1|B2|B3|B4|B5,6597069768281/3435973836800,True,1,1,11304354103047/3435973836800,0010000100
K23_bipartite__b7__leaf_offset1,47,five_move_reduced,B0|B1|B2|B3|B4|B5,47244640281/53687091200,True,1,1,4200478032413/858993459200,0010000000
K23_bipartite__b7__leaf_offset1,47,five_move_reduced,B6,47244640281/53687091200,True,1,1,4200478032413/858993459200,0010000000
K23_bipartite__b7__leaf_offset1,47,five_move_reduced,B0|B6,6597069768281/3435973836800,True,1,1,11304354103047/3435973836800,0010000100
K23_bipartite__b7__leaf_offset1,47,five_move_reduced,B1|B6,3470333575993/1717986918400,True,1,1,1013612306311/343597383680,0110000000
K23_bipartite__b7__leaf_offset1,47,five_move_reduced,B0|B1|B6,10514079942283/3435973836800,True,1,1,3813931114773/3435973836800,0110000100
K23_bipartite__b7__leaf_offset1,47,five_move_reduced,B2|B6,1606317769129/858993459200,True,1,1,2499670983147/858993459200,0010100000
K23_bipartite__b7__leaf_offset1,47,five_move_reduced,B0|B2|B6,9998683866813/3435973836800,True,1,1,5119601016557/3435973836800,0010100100
K23_bipartite__b7__leaf_offset1,47,five_move_reduced,B1|B2|B6,5171140625259/1717986918400,True,1,1,360777261689/343597383680,0110100000
K23_bipartite__b7__leaf_offset1,47,five_move_reduced,B0|B1|B2|B6,1400159338671/429496729600,True,1,1,2714419331447/3435973836800,0000011011
K23_bipartite__b7__leaf_offset1,47,five_move_reduced,B3|B6,871878361313/429496729600,True,1,1,446676598767/137438953472,0010010010
K23_bipartite__b7__leaf_offset1,47,five_move_reduced,B0|B3|B6,10548439680801/3435973836800,True,1,1,4020089388581/3435973836800,0010010110
K23_bipartite__b7__leaf_offset1,47,five_move_reduced,B1|B3|B6,5446018532253/1717986918400,True,1,1,3332894621171/3435973836800,0110010010
K23_bipartite__b7__leaf_offset1,47,five_move_reduced,B0|B1|B3|B6,532575944769/171798691840,True,1,1,678604849443/858993459200,0000101001
K23_bipartite__b7__leaf_offset1,47,five_move_reduced,B2|B3|B6,2594160247259/858993459200,True,1,1,4363686772111/3435973836800,0010110010
K23_bipartite__b7__leaf_offset1,47,five_move_reduced,B0|B2|B3|B6,223338299417/68719476736,True,1,1,2783138808483/3435973836800,0100001001
K23_bipartite__b7__leaf_offset1,47,five_move_reduced,B1|B2|B3|B6,2164663517429/687194767360,True,1,1,3470333575893/3435973836800,0000001101
K23_bipartite__b7__leaf_offset1,47,five_move_reduced,B0|B1|B2|B3|B6,453119049803/214748364800,True,1,1,2379411898709/858993459200,0000001001
K23_bipartite__b7__leaf_offset1,47,five_move_reduced,B4|B6,416611827837/214748364800,True,1,1,2379411898709/858993459200,0010001000
K23_bipartite__b7__leaf_offset1,47,five_move_reduced,B0|B4|B6,10239202035689/3435973836800,True,1,1,927712935761/687194767360,0010001100
K23_bipartite__b7__leaf_offset1,47,five_move_reduced,B1|B4|B6,5291399709697/1717986918400,True,1,1,1563368139569/1717986918400,0110001000
K23_bipartite__b7__leaf_offset1,47,five_move_reduced,B0|B1|B4|B6,2740189135123/858993459200,True,1,1,3195455669199/3435973836800,0000110011
K23_bipartite__b7__leaf_offset1,47,five_move_reduced,B2|B4|B6,2516850835981/858993459200,True,1,1,678604849443/858993459200,0010101000
K23_bipartite__b7__leaf_offset1,47,five_move_reduced,B0|B2|B4|B6,5738076307981/1717986918400,True,1,1,2164663518259/3435973836800,0100010011
K23_bipartite__b7__leaf_offset1,47,five_move_reduced,B1|B2|B4|B6,805306375/268435456,True,1,1,824633632257/3435973836800,0001010000
K23_bipartite__b7__leaf_offset1,47,five_move_reduced,B0|B1|B2|B4|B6,188978561049/85899345920,True,1,1,6322191948337/3435973836800,0000010011
K23_bipartite__b7__leaf_offset1,47,five_move_reduced,B3|B4|B6,1327144894739/429496729600,True,1,1,3882650434359/3435973836800,0010011010
K23_bipartite__b7__leaf_offset1,47,five_move_reduced,B0|B3|B4|B6,5463198400987/1717986918400,True,1,1,652835029247/687194767360,0100100001
K23_bipartite__b7__leaf_offset1,47,five_move_reduced,B1|B3|B4|B6,10582799418269/3435973836800,True,1,1,790273982729/687194767360,0000100101
K23_bipartite__b7__leaf_offset1,47,five_move_reduced,B0|B1|B3|B4|B6,1752346656993/858993459200,True,1,1,2499670983147/858993459200,0000100001
K23_bipartite__b7__leaf_offset1,47,five_move_reduced,B2|B3|B4|B6,11098195493739/3435973836800,True,1,1,2645700011861/3435973836800,0100000101
K23_bipartite__b7__leaf_offset1,47,five_move_reduced,B0|B2|B3|B4|B6,3762391351721/1717986918400,True,1,1,1958505118491/687194767360,0100000001
K23_bipartite__b7__leaf_offset1,47,five_move_reduced,B1|B2|B3|B4|B6,7181185319737/3435973836800,True,1,1,4088809044167/3435973836800,0000000101
K23_bipartite__b7__leaf_offset1,47,five_move_reduced,B0|B1|B2|B3|B4|B6,22548578309/21474836480,True,1,1,11235634624761/3435973836800,0000000001
K23_bipartite__b7__leaf_offset1,47,five_move_reduced,B5|B6,207232172107/107374182400,True,1,1,11235634624761/3435973836800,0010000001
K23_bipartite__b7__leaf_offset1,47,five_move_reduced,B0|B5|B6,10204842297721/3435973836800,True,1,1,4088809044167/3435973836800,0010000101
K23_bipartite__b7__leaf_offset1,47,five_move_reduced,B1|B5|B6,5274219840713/1717986918400,True,1,1,3745211636487/3435973836800,0110000001
K23_bipartite__b7__leaf_offset1,47,five_move_reduced,B0|B1|B5|B6,83751863497/26843545600,True,1,1,68719437711/858993459200,1000000010
K23_bipartite__b7__leaf_offset1,47,five_move_reduced,B2|B5|B6,2508260901489/858993459200,True,1,1,5050881538271/3435973836800,0010100001
K23_bipartite__b7__leaf_offset1,47,five_move_reduced,B0|B2|B5|B6,1151051235393/343597383680,True,1,1,2095944042323/3435973836800,0100011010
K23_bipartite__b7__leaf_offset1,47,five_move_reduced,B1|B2|B5|B6,446676598809/137438953472,True,1,1,2783138809733/3435973836800,0000011110
K23_bipartite__b7__leaf_offset1,47,five_move_reduced,B0|B1|B2|B5|B6,949187772491/429496729600,True,1,1,326417522311/171798691840,0000011010
K23_bipartite__b7__leaf_offset1,47,five_move_reduced,B3|B5|B6,1322849927493/429496729600,True,1,1,790273982059/687194767360,0010010011
K23_bipartite__b7__leaf_offset1,47,five_move_reduced,B0|B3|B5|B6,5480378269971/1717986918400,True,1,1,1185411019021/1717986918400,0100101000
K23_bipartite__b7__leaf_offset1,47,five_move_reduced,B1|B3|B5|B6,10617159156237/3435973836800,True,1,1,678604849443/858993459200,0000101100
K23_bipartite__b7__leaf_offset1,47,five_move_reduced,B0|B1|B3|B5|B6,352187318297/171798691840,True,1,1,678604849443/858993459200,0000101000
K23_bipartite__b7__leaf_offset1,47,five_move_reduced,B2|B3|B5|B6,11132555231707/3435973836800,True,1,1,2851858286769/3435973836800,0100001100
K23_bipartite__b7__leaf_offset1,47,five_move_reduced,B0|B2|B3|B5|B6,755914244141/343597383680,True,1,1,4587025117553/1717986918400,0100001000
K23_bipartite__b7__leaf_offset1,47,five_move_reduced,B1|B2|B3|B5|B6,1443109011541/687194767360,True,1,1,2379411898709/858993459200,0000001100
K23_bipartite__b7__leaf_offset1,47,five_move_reduced,B0|B1|B2|B3|B5|B6,227633266713/214748364800,True,1,1,2379411898709/858993459200,0000001000
K23_bipartite__b7__leaf_offset1,47,five_move_reduced,B4|B5|B6,642097610927/214748364800,True,1,1,4569845200519/3435973836800,0010001001
K23_bipartite__b7__leaf_offset1,47,five_move_reduced,B0|B4|B5|B6,5634997092527/1717986918400,True,1,1,103079215203/137438953472,0100110010
K23_bipartite__b7__leaf_offset1,47,five_move_reduced,B1|B4|B5|B6,10926396801349/3435973836800,True,1,1,652835029497/687194767360,0000110110
K23_bipartite__b7__leaf_offset1,47,five_move_reduced,B0|B1|B4|B5|B6,1838246002763/858993459200,True,1,1,1752346695993/858993459200,0000110010
K23_bipartite__b7__leaf_offset1,47,five_move_reduced,B2|B4|B5|B6,11441792876819/3435973836800,True,1,1,446676599309/687194767360,0100010110
K23_bipartite__b7__leaf_offset1,47,five_move_reduced,B0|B2|B4|B5|B6,3934190043261/1717986918400,True,1,1,9380208577139/3435973836800,0100010010
K23_bipartite__b7__leaf_offset1,47,five_move_reduced,B1|B2|B4|B5|B6,7524782702817/3435973836800,True,1,1,6390911426623/3435973836800,0000010110
K23_bipartite__b7__leaf_offset1,47,five_move_reduced,B0|B1|B2|B4|B5|B6,98784247813/85899345920,True,1,1,13537737007217/3435973836800,0000010010
K23_bipartite__b7__leaf_offset1,47,five_move_reduced,B3|B4|B5|B6,10892037062831/3435973836800,True,1,1,3332894624521/3435973836800,0100100100
K23_bipartite__b7__leaf_offset1,47,five_move_reduced,B0|B3|B4|B5|B6,3659312136267/1717986918400,True,1,1,4827543286429/1717986918400,0100100000
K23_bipartite__b7__leaf_offset1,47,five_move_reduced,B1|B3|B4|B5|B6,6975026888829/3435973836800,True,1,1,2499670983147/858993459200,0000100100
K23_bipartite__b7__leaf_offset1,47,five_move_reduced,B0|B1|B3|B4|B5|B6,850403524633/858993459200,True,1,1,2499670983147/858993459200,0000100000
K23_bipartite__b7__leaf_offset1,47,five_move_reduced,B2|B3|B4|B5|B6,7490422964299/3435973836800,True,1,1,9861245070741/3435973836800,0100000100
K23_bipartite__b7__leaf_offset1,47,five_move_reduced,B0|B2|B3|B4|B5|B6,1958505087001/1717986918400,True,1,1,8091718509539/1717986918400,0100000000
K23_bipartite__b7__leaf_offset1,47,five_move_reduced,B1|B2|B3|B4|B5|B6,3573412790297/3435973836800,True,1,1,11304354103047/3435973836800,0000000100
K23_bipartite__b8__leaf_offset0,17,raw,B0,6047313952793/6871947673600,True,1,1,249108106053/85899345920,10000000000000
K23_bipartite__b8__leaf_offset0,17,raw,B1,618475290629/687194767360,True,1,1,249108106053/85899345920,01000000000000
K23_bipartite__b8__leaf_offset0,17,raw,B0|B1,12232066859083/6871947673600,True,1,1,249108106053/85899345920,11000000000000
K23_bipartite__b8__leaf_offset0,17,raw,B2,1855425871897/1717986918400,True,1,1,670014901211/343597383680,00100000000000
K23_bipartite__b8__leaf_offset0,17,raw,B0|B2,13469017440381/6871947673600,True,1,1,670014901211/343597383680,10100000000000
K23_bipartite__b8__leaf_offset0,17,raw,B1|B2,6803228196939/3435973836800,True,1,1,670014901211/343597383680,01100000000000
K23_bipartite__b8__leaf_offset0,17,raw,B0|B1|B2,19653770346671/6871947673600,True,1,1,670014901211/343597383680,11100000000000
K23_bipartite__b8__leaf_offset0,17,raw,B3,34359738369/34359738368,True,1,1,884763277351/858993459200,00010000000000
K23_bipartite__b8__leaf_offset0,17,raw,B0|B3,12919261626593/6871947673600,True,1,1,884763277351/858993459200,10010000000000
K23_bipartite__b8__leaf_offset0,17,raw,B1|B3,1305670058009/687194767360,True,1,1,884763277351/858993459200,01010000000000
K23_bipartite__b8__leaf_offset0,17,raw,B0|B1|B3,19104014532883/6871947673600,True,1,1,884763277351/858993459200,11010000000000
K23_bipartite__b8__leaf_offset0,17,raw,B2|B3,3573412790347/1717986918400,True,1,1,884763277351/858993459200,00110000000000
K23_bipartite__b8__leaf_offset0,17,raw,B0|B2|B3,20340965114181/6871947673600,True,1,1,884763277351/858993459200,10110000000000
K23_bipartite__b8__leaf_offset0,17,raw,B1|B2|B3,10239202033839/3435973836800,True,1,1,884763277351/858993459200,01110000000000
K23_bipartite__b8__leaf_offset0,17,raw,B0|B1|B2|B3,26525718020471/6871947673600,True,1,1,481036342777/6871947673600,11110000000000
K23_bipartite__b8__leaf_offset0,17,raw,B4,399431958553/429496729600,True,1,1,446676613159/429496729600,00001000000000
K23_bipartite__b8__leaf_offset0,17,raw,B0|B4,12438225289641/6871947673600,True,1,1,446676613159/429496729600,10001000000000
K23_bipartite__b8__leaf_offset0,17,raw,B1|B4,6287832121569/3435973836800,True,1,1,446676613159/429496729600,01001000000000
K23_bipartite__b8__leaf_offset0,17,raw,B0|B1|B4,18622978195931/6871947673600,True,1,1,446676613159/429496729600,11001000000000
K23_bipartite__b8__leaf_offset0,17,raw,B2|B4,3453153706109/1717986918400,True,1,1,446676613159/429496729600,00101000000000
K23_bipartite__b8__leaf_offset0,17,raw,B0|B2|B4,19859928777229/6871947673600,True,1,1,446676613159/429496729600,10101000000000
K23_bipartite__b8__leaf_offset0,17,raw,B1|B2|B4,9998683865363/3435973836800,True,1,1,446676613159/429496729600,01101000000000
K23_bipartite__b8__leaf_offset0,17,raw,B0|B1|B2|B4,26044681683519/6871947673600,True,1,1,1443109016681/6871947673600,11101000000000
K23_bipartite__b8__leaf_offset0,17,raw,B3|B4,1657857376331/858993459200,True,1,1,884763277351/858993459200,00011000000000
K23_bipartite__b8__leaf_offset0,17,raw,B0|B3|B4,19310172963441/6871947673600,True,1,1,884763277351/858993459200,10011000000000
K23_bipartite__b8__leaf_offset0,17,raw,B1|B3|B4,9723805958469/3435973836800,True,1,1,884763277351/858993459200,01011000000000
K23_bipartite__b8__leaf_offset0,17,raw,B0|B1|B3|B4,25494925869731/6871947673600,True,1,1,2336462268349/6871947673600,11011000000000
K23_bipartite__b8__leaf_offset0,17,raw,B2|B3|B4,5171140624559/1717986918400,True,1,1,884763277351/858993459200,00111000000000
K23_bipartite__b8__leaf_offset0,17,raw,B0|B2|B3|B4,26731876451029/6871947673600,True,1,1,68719481661/6871947673600,10111000000000
K23_bipartite__b8__leaf_offset0,17,raw,B1|B2|B3|B4,26663156979193/6871947673600,True,1,1,206158425333/6871947673600,10000111000000
K23_bipartite__b8__leaf_offset0,17,raw,B0|B1|B2|B3|B4,25769803783/8589934592,True,1,1,12300786330919/6871947673600,00000111000000
K23_bipartite__b8__leaf_offset0,17,raw,B5,229780750361/214748364800,True,1,1,3985729659493/1374389534720,00000100000000
K23_bipartite__b8__leaf_offset0,17,raw,B0|B5,2680059592869/1374389534720,True,1,1,7834020391879/6871947673600,10000100000000
K23_bipartite__b8__leaf_offset0,17,raw,B1|B5,6768868458921/3435973836800,True,1,1,3985729659493/1374389534720,01000100000000
K23_bipartite__b8__leaf_offset0,17,raw,B0|B1|B5,3917010174127/1374389534720,True,1,1,7834020391879/6871947673600,11000100000000
K23_bipartite__b8__leaf_offset0,17,raw,B2|B5,738734374957/343597383680,True,1,1,670014901211/343597383680,00100100000000
K23_bipartite__b8__leaf_offset0,17,raw,B0|B2|B5,20822001451933/6871947673600,True,1,1,7490423056099/6871947673600,10100100000000
K23_bipartite__b8__leaf_offset0,17,raw,B1|B2|B5,2095944040543/687194767360,True,1,1,11613591572859/6871947673600,01100100000000
K23_bipartite__b8__leaf_offset0,17,raw,B0|B1|B2|B5,3315714753187/858993459200,True,1,1,481036332727/6871947673600,00011011000000
K23_bipartite__b8__leaf_offset0,17,raw,B3|B5,1778116460669/858993459200,True,1,1,884763277351/858993459200,00010100000000
K23_bipartite__b8__leaf_offset0,17,raw,B0|B3|B5,4054449127629/1374389534720,True,1,1,1443109144831/6871947673600,10010100000000
K23_bipartite__b8__leaf_offset0,17,raw,B1|B3|B5,10204842295821/3435973836800,True,1,1,884763277351/858993459200,01010100000000
K23_bipartite__b8__leaf_offset0,17,raw,B0|B1|B3|B5,5291399708887/1374389534720,True,1,1,412316918941/6871947673600,11010100000000
K23_bipartite__b8__leaf_offset0,17,raw,B2|B3|B5,1082331758647/343597383680,True,1,1,884763277351/858993459200,00110100000000
K23_bipartite__b8__leaf_offset0,17,raw,B0|B2|B3|B5,12919261628993/3435973836800,True,1,1,1855425867747/6871947673600,01001011000000
K23_bipartite__b8__leaf_offset0,17,raw,B1|B2|B3|B5,25701084304489/6871947673600,True,1,1,2130303774741/6871947673600,10001011000000
K23_bipartite__b8__leaf_offset0,17,raw,B0|B1|B2|B3|B5,1228360646981/429496729600,True,1,1,446676613159/429496729600,00001011000000
K23_bipartite__b8__leaf_offset0,17,raw,B4|B5,34359738371/17179869184,True,1,1,446676613159/429496729600,00001100000000
K23_bipartite__b8__leaf_offset0,17,raw,B0|B4|B5,76235670379/26843545600,True,1,1,274877684169/6871947673600,00000000110001
K23_bipartite__b8__leaf_offset0,17,raw,B1|B4|B5,1992864825469/687194767360,True,1,1,446676613159/429496729600,01001100000000
K23_bipartite__b8__leaf_offset0,17,raw,B0|B1|B4|B5,12850542261657/3435973836800,True,1,1,274877684169/6871947673600,01000000110001
K23_bipartite__b8__leaf_offset0,17,raw,B2|B4|B5,5291399708997/1717986918400,True,1,1,446676613159/429496729600,00101100000000
K23_bipartite__b8__leaf_offset0,17,raw,B0|B2|B4|B5,13159779797469/3435973836800,True,1,1,137439086947/3435973836800,01010011000000
K23_bipartite__b8__leaf_offset0,17,raw,B1|B2|B4|B5,26182120641441/6871947673600,True,1,1,1168231100837/6871947673600,10010011000000
K23_bipartite__b8__leaf_offset0,17,raw,B0|B1|B2|B4|B5,2516850836081/858993459200,True,1,1,884763277351/858993459200,00010011000000
K23_bipartite__b8__leaf_offset0,17,raw,B3|B4|B5,103079215111/34359738368,True,1,1,5428838974369/6871947673600,00011100000000
K23_bipartite__b8__leaf_offset0,17,raw,B0|B3|B4|B5,78114718921/26843545600,True,1,1,798863905881/858993459200,00000000100011
K23_bipartite__b8__leaf_offset0,17,raw,B1|B3|B4|B5,26525718079321/6871947673600,True,1,1,51539593977/1717986918400,10000010100100
K23_bipartite__b8__leaf_offset0,17,raw,B0|B1|B3|B4|B5,319975064477/107374182400,True,1,1,51539593977/1717986918400,00000010100100
K23_bipartite__b8__leaf_offset0,17,raw,B2|B3|B4|B5,25494925873931/6871947673600,True,1,1,2542620635857/6871947673600,11000011000000
K23_bipartite__b8__leaf_offset0,17,raw,B0|B2|B3|B4|B5,9723805960569/3435973836800,True,1,1,3813931137223/3435973836800,01000011000000
K23_bipartite__b8__leaf_offset0,17,raw,B1|B2|B3|B4|B5,19310172967641/6871947673600,True,1,1,3659312149817/1717986918400,10000011000000
K23_bipartite__b8__leaf_offset0,17,raw,B0|B1|B2|B3|B4|B5,207232172107/107374182400,True,1,1,3659312149817/1717986918400,00000011000000
K23_bipartite__b8__leaf_offset0,17,raw,B6,100931731481/107374182400,True,1,1,249108106053/85899345920,00000010000000
K23_bipartite__b8__leaf_offset0,17,raw,B0|B6,12506944767577/6871947673600,True,1,1,249108106053/85899345920,10000010000000
K23_bipartite__b8__leaf_offset0,17,raw,B1|B6,6322191860537/3435973836800,True,1,1,3813931137223/3435973836800,01000010000000
K23_bipartite__b8__leaf_offset0,17,raw,B0|B1|B6,18691697673867/6871947673600,True,1,1,3813931137223/3435973836800,11000010000000
K23_bipartite__b8__leaf_offset0,17,raw,B2|B6,3470333575593/1717986918400,True,1,1,670014901211/343597383680,00100010000000
K23_bipartite__b8__leaf_offset0,17,raw,B0|B2|B6,3985729651033/1374389534720,True,1,1,670014901211/343597383680,10100010000000
K23_bipartite__b8__leaf_offset0,17,raw,B1|B2|B6,10033043604331/3435973836800,True,1,1,3367254517589/3435973836800,01100010000000
K23_bipartite__b8__leaf_offset0,17,raw,B0|B1|B2|B6,5222680232291/1374389534720,True,1,1,1305670060809/6871947673600,11100010000000
K23_bipartite__b8__leaf_offset0,17,raw,B3|B6,1666447311073/858993459200,True,1,1,884763277351/858993459200,00010010000000
K23_bipartite__b8__leaf_offset0,17,raw,B0|B3|B6,19378892441377/6871947673600,True,1,1,884763277351/858993459200,10010010000000
K23_bipartite__b8__leaf_offset0,17,raw,B1|B3|B6,9758165697437/3435973836800,True,1,1,137439086947/3435973836800,01010010000000
K23_bipartite__b8__leaf_offset0,17,raw,B0|B1|B3|B6,25563645347667/6871947673600,True,1,1,137439086947/3435973836800,11010010000000
K23_bipartite__b8__leaf_offset0,17,raw,B2|B3|B6,5188320494043/1717986918400,True,1,1,884763277351/858993459200,00110010000000
K23_bipartite__b8__leaf_offset0,17,raw,B0|B2|B3|B6,13365938227377/3435973836800,True,1,1,68719474211/6871947673600,01001101000000
K23_bipartite__b8__leaf_offset0,17,raw,B1|B2|B3|B6,205621561071/53687091200,True,1,1,274877684169/6871947673600,00000001110001
K23_bipartite__b8__leaf_offset0,17,raw,B0|B1|B2|B3|B6,1284195221779/429496729600,True,1,1,446676613159/429496729600,00001101000000
K23_bipartite__b8__leaf_offset0,17,raw,B4|B6,803158884477/429496729600,True,1,1,446676613159/429496729600,00001010000000
K23_bipartite__b8__leaf_offset0,17,raw,B0|B4|B6,755914244177/274877906944,True,1,1,446676613159/429496729600,10001010000000
K23_bipartite__b8__leaf_offset0,17,raw,B1|B4|B6,9517647528961/3435973836800,True,1,1,1477468838399/3435973836800,01001010000000
K23_bipartite__b8__leaf_offset0,17,raw,B0|B1|B4|B6,5016521802143/1374389534720,True,1,1,1477468838399/3435973836800,11001010000000
K23_bipartite__b8__leaf_offset0,17,raw,B2|B4|B6,1013612281961/343597383680,True,1,1,446676613159/429496729600,00101010000000
K23_bipartite__b8__leaf_offset0,17,raw,B0|B2|B4|B6,26319559592013/6871947673600,True,1,1,893353199693/6871947673600,10101010000000
K23_bipartite__b8__leaf_offset0,17,raw,B1|B2|B4|B6,2645699854551/687194767360,True,1,1,618475292699/6871947673600,01101010000000
K23_bipartite__b8__leaf_offset0,17,raw,B0|B1|B2|B4|B6,2628519985677/858993459200,True,1,1,884763277351/858993459200,00010101000000
K23_bipartite__b8__leaf_offset0,17,raw,B3|B4|B6,2465311228179/858993459200,True,1,1,884763277351/858993459200,00011010000000
K23_bipartite__b8__leaf_offset0,17,raw,B0|B3|B4|B6,1030792151129/274877906944,True,1,1,1786706451361/6871947673600,10011010000000
K23_bipartite__b8__leaf_offset0,17,raw,B1|B3|B4|B6,42010149039/13421772800,True,1,1,2199023211877/3435973836800,00000000011100
K23_bipartite__b8__leaf_offset0,17,raw,B0|B1|B3|B4|B6,667867416353/214748364800,True,1,1,51539593977/1717986918400,00000100100100
K23_bipartite__b8__leaf_offset0,17,raw,B2|B3|B4|B6,26388279070699/6871947673600,True,1,1,755914242321/6871947673600,11000101000000
K23_bipartite__b8__leaf_offset0,17,raw,B0|B2|B3|B4|B6,10170482558953/3435973836800,True,1,1,12850542147907/6871947673600,01000101000000
K23_bipartite__b8__leaf_offset0,17,raw,B1|B2|B3|B4|B6,20203526164409/6871947673600,True,1,1,7834020391879/6871947673600,10000101000000
K23_bipartite__b8__leaf_offset0,17,raw,B0|B1|B2|B3|B4|B6,442381631613/214748364800,True,1,1,3659312149817/1717986918400,00000101000000
K23_bipartite__b8__leaf_offset0,17,raw,B5|B6,431644213323/214748364800,True,1,1,3985729659493/1374389534720,00000110000000
K23_bipartite__b8__leaf_offset0,17,raw,B0|B5|B6,19859928779129/6871947673600,True,1,1,7834020391879/6871947673600,10000110000000
K23_bipartite__b8__leaf_offset0,17,raw,B1|B5|B6,9998683866313/3435973836800,True,1,1,3813931137223/3435973836800,01000110000000
K23_bipartite__b8__leaf_offset0,17,raw,B0|B1|B5|B6,26044681685419/6871947673600,True,1,1,1236950636973/6871947673600,11000110000000
K23_bipartite__b8__leaf_offset0,17,raw,B2|B5|B6,5308579578481/1717986918400,True,1,1,11063835755871/6871947673600,00100110000000
K23_bipartite__b8__leaf_offset0,17,raw,B0|B2|B5|B6,13125420058501/3435973836800,True,1,1,206158429943/1374389534720,01011001000000
K23_bipartite__b8__leaf_offset0,17,raw,B1|B2|B5|B6,5222680232701/1374389534720,True,1,1,1305670056709/6871947673600,10011001000000
K23_bipartite__b8__leaf_offset0,17,raw,B0|B1|B2|B5|B6,2508260901339/858993459200,True,1,1,884763277351/858993459200,00011001000000
K23_bipartite__b8__leaf_offset0,17,raw,B3|B5|B6,2585570312517/858993459200,True,1,1,884763277351/858993459200,00010110000000
K23_bipartite__b8__leaf_offset0,17,raw,B0|B3|B5|B6,13297218777441/3435973836800,True,1,1,137438898047/6871947673600,01001000100100
K23_bipartite__b8__leaf_offset0,17,raw,B1|B3|B5|B6,5291399720277/1374389534720,True,1,1,51539593977/1717986918400,10001000100100
K23_bipartite__b8__leaf_offset0,17,raw,B0|B1|B3|B5|B6,1275605290537/429496729600,True,1,1,51539593977/1717986918400,00001000100100
K23_bipartite__b8__leaf_offset0,17,raw,B2|B3|B5|B6,5085241279199/1374389534720,True,1,1,2680059591729/6871947673600,11001001000000
K23_bipartite__b8__leaf_offset0,17,raw,B0|B2|B3|B5|B6,9689446221601/3435973836800,True,1,1,446676613159/429496729600,01001001000000
K23_bipartite__b8__leaf_offset0,17,raw,B1|B2|B3|B5|B6,3848290697941/1374389534720,True,1,1,446676613159/429496729600,10001001000000
K23_bipartite__b8__leaf_offset0,17,raw,B0|B1|B2|B3|B5|B6,824633721057/429496729600,True,1,1,446676613159/429496729600,00001001000000
K23_bipartite__b8__leaf_offset0,17,raw,B4|B5|B6,1262720385199/429496729600,True,1,1,446676613159/429496729600,00001110000000
K23_bipartite__b8__leaf_offset0,17,raw,B0|B4|B5|B6,405874412997/107374182400,True,1,1,274877684169/6871947673600,00000010110001
K23_bipartite__b8__leaf_offset0,17,raw,B1|B4|B5|B6,13194139534737/3435973836800,True,1,1,549755868863/6871947673600,01001110000000
K23_bipartite__b8__leaf_offset0,17,raw,B0|B1|B4|B5|B6,2611340123193/858993459200,True,1,1,51539593977/1717986918400,00010000100100
K23_bipartite__b8__leaf_offset0,17,raw,B2|B4|B5|B6,25907242732947/6871947673600,True,1,1,68719476713/274877906944,11010001000000
K23_bipartite__b8__leaf_offset0,17,raw,B0|B2|B4|B5|B6,9929964390077/3435973836800,True,1,1,884763277351/858993459200,01010001000000
K23_bipartite__b8__leaf_offset0,17,raw,B1|B2|B4|B5|B6,19722489826657/6871947673600,True,1,1,884763277351/858993459200,10010001000000
K23_bipartite__b8__leaf_offset0,17,raw,B0|B1|B2|B4|B5|B6,1709396984233/858993459200,True,1,1,884763277351/858993459200,00010001000000
K23_bipartite__b8__leaf_offset0,17,raw,B3|B4|B5|B6,26250840170827/6871947673600,True,1,1,51539593977/1717986918400,11000000100100
K23_bipartite__b8__leaf_offset0,17,raw,B0|B3|B4|B5|B6,10101763109017/3435973836800,True,1,1,51539593977/1717986918400,01000000100100
K23_bipartite__b8__leaf_offset0,17,raw,B1|B3|B4|B5|B6,20066087264537/6871947673600,True,1,1,51539593977/1717986918400,10000000100100
K23_bipartite__b8__leaf_offset0,17,raw,B0|B1|B3|B4|B5|B6,54760833249/26843545600,True,1,1,51539593977/1717986918400,00000000100100
K23_bipartite__b8__leaf_offset0,17,raw,B2|B3|B4|B5|B6,19035295059147/6871947673600,True,1,1,3659312149817/1717986918400,11000001000000
K23_bipartite__b8__leaf_offset0,17,raw,B0|B2|B3|B4|B5|B6,6493990553177/3435973836800,True,1,1,3659312149817/1717986918400,01000001000000
K23_bipartite__b8__leaf_offset0,17,raw,B1|B2|B3|B4|B5|B6,12850542152857/6871947673600,True,1,1,3659312149817/1717986918400,10000001000000
K23_bipartite__b8__leaf_offset0,17,raw,B0|B1|B2|B3|B4|B5|B6,53150220313/53687091200,True,1,1,3659312149817/1717986918400,00000001000000
K23_bipartite__b8__leaf_offset0,17,raw,B7,53150220313/53687091200,True,1,1,3659312149817/1717986918400,00000001000000
K23_bipartite__b8__leaf_offset0,17,raw,B0|B7,12850542152857/6871947673600,True,1,1,3659312149817/1717986918400,10000001000000
K23_bipartite__b8__leaf_offset0,17,raw,B1|B7,6493990553177/3435973836800,True,1,1,3659312149817/1717986918400,01000001000000
K23_bipartite__b8__leaf_offset0,17,raw,B0|B1|B7,19035295059147/6871947673600,True,1,1,3659312149817/1717986918400,11000001000000
K23_bipartite__b8__leaf_offset0,17,raw,B2|B7,54760833249/26843545600,True,1,1,51539593977/1717986918400,00000000100100
K23_bipartite__b8__leaf_offset0,17,raw,B0|B2|B7,20066087264537/6871947673600,True,1,1,51539593977/1717986918400,10000000100100
K23_bipartite__b8__leaf_offset0,17,raw,B1|B2|B7,10101763109017/3435973836800,True,1,1,51539593977/1717986918400,01000000100100
K23_bipartite__b8__leaf_offset0,17,raw,B0|B1|B2|B7,26250840170827/6871947673600,True,1,1,51539593977/1717986918400,11000000100100
K23_bipartite__b8__leaf_offset0,17,raw,B3|B7,1709396984233/858993459200,True,1,1,884763277351/858993459200,00010001000000
K23_bipartite__b8__leaf_offset0,17,raw,B0|B3|B7,19722489826657/6871947673600,True,1,1,884763277351/858993459200,10010001000000
K23_bipartite__b8__leaf_offset0,17,raw,B1|B3|B7,9929964390077/3435973836800,True,1,1,884763277351/858993459200,01010001000000
K23_bipartite__b8__leaf_offset0,17,raw,B0|B1|B3|B7,25907242732947/6871947673600,True,1,1,68719476713/274877906944,11010001000000
K23_bipartite__b8__leaf_offset0,17,raw,B2|B3|B7,2611340123193/858993459200,True,1,1,51539593977/1717986918400,00010000100100
K23_bipartite__b8__leaf_offset0,17,raw,B0|B2|B3|B7,13194139534737/3435973836800,True,1,1,549755868863/6871947673600,01001110000000
K23_bipartite__b8__leaf_offset0,17,raw,B1|B2|B3|B7,405874412997/107374182400,True,1,1,274877684169/6871947673600,00000010110001
K23_bipartite__b8__leaf_offset0,17,raw,B0|B1|B2|B3|B7,1262720385199/429496729600,True,1,1,446676613159/429496729600,00001110000000
K23_bipartite__b8__leaf_offset0,17,raw,B4|B7,824633721057/429496729600,True,1,1,446676613159/429496729600,00001001000000
K23_bipartite__b8__leaf_offset0,17,raw,B0|B4|B7,3848290697941/1374389534720,True,1,1,446676613159/429496729600,10001001000000
K23_bipartite__b8__leaf_offset0,17,raw,B1|B4|B7,9689446221601/3435973836800,True,1,1,446676613159/429496729600,01001001000000
K23_bipartite__b8__leaf_offset0,17,raw,B0|B1|B4|B7,5085241279199/1374389534720,True,1,1,2680059591729/6871947673600,11001001000000
K23_bipartite__b8__leaf_offset0,17,raw,B2|B4|B7,1275605290537/429496729600,True,1,1,51539593977/1717986918400,00001000100100
K23_bipartite__b8__leaf_offset0,17,raw,B0|B2|B4|B7,5291399720277/1374389534720,True,1,1,51539593977/1717986918400,10001000100100
K23_bipartite__b8__leaf_offset0,17,raw,B1|B2|B4|B7,13297218777441/3435973836800,True,1,1,137438898047/6871947673600,01001000100100
K23_bipartite__b8__leaf_offset0,17,raw,B0|B1|B2|B4|B7,2585570312517/858993459200,True,1,1,884763277351/858993459200,00010110000000
K23_bipartite__b8__leaf_offset0,17,raw,B3|B4|B7,2508260901339/858993459200,True,1,1,884763277351/858993459200,00011001000000
K23_bipartite__b8__leaf_offset0,17,raw,B0|B3|B4|B7,5222680232701/1374389534720,True,1,1,1305670056709/6871947673600,10011001000000
K23_bipartite__b8__leaf_offset0,17,raw,B1|B3|B4|B7,13125420058501/3435973836800,True,1,1,206158429943/1374389534720,01011001000000
K23_bipartite__b8__leaf_offset0,17,raw,B0|B1|B3|B4|B7,5308579578481/1717986918400,True,1,1,11063835755871/6871947673600,00100110000000
K23_bipartite__b8__leaf_offset0,17,raw,B2|B3|B4|B7,26044681685419/6871947673600,True,1,1,1236950636973/6871947673600,11000110000000
K23_bipartite__b8__leaf_offset0,17,raw,B0|B2|B3|B4|B7,9998683866313/3435973836800,True,1,1,3813931137223/3435973836800,01000110000000
K23_bipartite__b8__leaf_offset0,17,raw,B1|B2|B3|B4|B7,19859928779129/6871947673600,True,1,1,7834020391879/6871947673600,10000110000000
K23_bipartite__b8__leaf_offset0,17,raw,B0|B1|B2|B3|B4|B7,431644213323/214748364800,True,1,1,3985729659493/1374389534720,00000110000000
K23_bipartite__b8__leaf_offset0,17,raw,B5|B7,442381631613/214748364800,True,1,1,3659312149817/1717986918400,00000101000000
K23_bipartite__b8__leaf_offset0,17,raw,B0|B5|B7,20203526164409/6871947673600,True,1,1,7834020391879/6871947673600,10000101000000
K23_bipartite__b8__leaf_offset0,17,raw,B1|B5|B7,10170482558953/3435973836800,True,1,1,12850542147907/6871947673600,01000101000000
K23_bipartite__b8__leaf_offset0,17,raw,B0|B1|B5|B7,26388279070699/6871947673600,True,1,1,755914242321/6871947673600,11000101000000
K23_bipartite__b8__leaf_offset0,17,raw,B2|B5|B7,667867416353/214748364800,True,1,1,51539593977/1717986918400,00000100100100
K23_bipartite__b8__leaf_offset0,17,raw,B0|B2|B5|B7,42010149039/13421772800,True,1,1,2199023211877/3435973836800,00000000011100
K23_bipartite__b8__leaf_offset0,17,raw,B1|B2|B5|B7,1030792151129/274877906944,True,1,1,1786706451361/6871947673600,10011010000000
K23_bipartite__b8__leaf_offset0,17,raw,B0|B1|B2|B5|B7,2465311228179/858993459200,True,1,1,884763277351/858993459200,00011010000000
K23_bipartite__b8__leaf_offset0,17,raw,B3|B5|B7,2628519985677/858993459200,True,1,1,884763277351/858993459200,00010101000000
K23_bipartite__b8__leaf_offset0,17,raw,B0|B3|B5|B7,2645699854551/687194767360,True,1,1,618475292699/6871947673600,01101010000000
K23_bipartite__b8__leaf_offset0,17,raw,B1|B3|B5|B7,26319559592013/6871947673600,True,1,1,893353199693/6871947673600,10101010000000
K23_bipartite__b8__leaf_offset0,17,raw,B0|B1|B3|B5|B7,1013612281961/343597383680,True,1,1,446676613159/429496729600,00101010000000
K23_bipartite__b8__leaf_offset0,17,raw,B2|B3|B5|B7,5016521802143/1374389534720,True,1,1,1477468838399/3435973836800,11001010000000
K23_bipartite__b8__leaf_offset0,17,raw,B0|B2|B3|B5|B7,9517647528961/3435973836800,True,1,1,1477468838399/3435973836800,01001010000000
K23_bipartite__b8__leaf_offset0,17,raw,B1|B2|B3|B5|B7,755914244177/274877906944,True,1,1,446676613159/429496729600,10001010000000
K23_bipartite__b8__leaf_offset0,17,raw,B0|B1|B2|B3|B5|B7,803158884477/429496729600,True,1,1,446676613159/429496729600,00001010000000
K23_bipartite__b8__leaf_offset0,17,raw,B4|B5|B7,1284195221779/429496729600,True,1,1,446676613159/429496729600,00001101000000
K23_bipartite__b8__leaf_offset0,17,raw,B0|B4|B5|B7,205621561071/53687091200,True,1,1,274877684169/6871947673600,00000001110001
K23_bipartite__b8__leaf_offset0,17,raw,B1|B4|B5|B7,13365938227377/3435973836800,True,1,1,68719474211/6871947673600,01001101000000
K23_bipartite__b8__leaf_offset0,17,raw,B0|B1|B4|B5|B7,5188320494043/1717986918400,True,1,1,884763277351/858993459200,00110010000000
K23_bipartite__b8__leaf_offset0,17,raw,B2|B4|B5|B7,25563645347667/6871947673600,True,1,1,137439086947/3435973836800,11010010000000
K23_bipartite__b8__leaf_offset0,17,raw,B0|B2|B4|B5|B7,9758165697437/3435973836800,True,1,1,137439086947/3435973836800,01010010000000
K23_bipartite__b8__leaf_offset0,17,raw,B1|B2|B4|B5|B7,19378892441377/6871947673600,True,1,1,884763277351/858993459200,10010010000000
K23_bipartite__b8__leaf_offset0,17,raw,B0|B1|B2|B4|B5|B7,1666447311073/858993459200,True,1,1,884763277351/858993459200,00010010000000
K23_bipartite__b8__leaf_offset0,17,raw,B3|B4|B5|B7,5222680232291/1374389534720,True,1,1,1305670060809/6871947673600,11100010000000
K23_bipartite__b8__leaf_offset0,17,raw,B0|B3|B4|B5|B7,10033043604331/3435973836800,True,1,1,3367254517589/3435973836800,01100010000000
K23_bipartite__b8__leaf_offset0,17,raw,B1|B3|B4|B5|B7,3985729651033/1374389534720,True,1,1,670014901211/343597383680,10100010000000
K23_bipartite__b8__leaf_offset0,17,raw,B0|B1|B3|B4|B5|B7,3470333575593/1717986918400,True,1,1,670014901211/343597383680,00100010000000
K23_bipartite__b8__leaf_offset0,17,raw,B2|B3|B4|B5|B7,18691697673867/6871947673600,True,1,1,3813931137223/3435973836800,11000010000000
K23_bipartite__b8__leaf_offset0,17,raw,B0|B2|B3|B4|B5|B7,6322191860537/3435973836800,True,1,1,3813931137223/3435973836800,01000010000000
K23_bipartite__b8__leaf_offset0,17,raw,B1|B2|B3|B4|B5|B7,12506944767577/6871947673600,True,1,1,249108106053/85899345920,10000010000000
K23_bipartite__b8__leaf_offset0,17,raw,B0|B1|B2|B3|B4|B5|B7,100931731481/107374182400,True,1,1,249108106053/85899345920,00000010000000
K23_bipartite__b8__leaf_offset0,17,raw,B6|B7,207232172107/107374182400,True,1,1,3659312149817/1717986918400,00000011000000
K23_bipartite__b8__leaf_offset0,17,raw,B0|B6|B7,19310172967641/6871947673600,True,1,1,3659312149817/1717986918400,10000011000000
K23_bipartite__b8__leaf_offset0,17,raw,B1|B6|B7,9723805960569/3435973836800,True,1,1,3813931137223/3435973836800,01000011000000
K23_bipartite__b8__leaf_offset0,17,raw,B0|B1|B6|B7,25494925873931/6871947673600,True,1,1,2542620635857/6871947673600,11000011000000
K23_bipartite__b8__leaf_offset0,17,raw,B2|B6|B7,319975064477/107374182400,True,1,1,51539593977/1717986918400,00000010100100
K23_bipartite__b8__leaf_offset0,17,raw,B0|B2|B6|B7,26525718079321/6871947673600,True,1,1,51539593977/1717986918400,10000010100100
K23_bipartite__b8__leaf_offset0,17,raw,B1|B2|B6|B7,78114718921/26843545600,True,1,1,798863905881/858993459200,00000000100011
K23_bipartite__b8__leaf_offset0,17,raw,B0|B1|B2|B6|B7,103079215111/34359738368,True,1,1,5428838974369/6871947673600,00011100000000
K23_bipartite__b8__leaf_offset0,17,raw,B3|B6|B7,2516850836081/858993459200,True,1,1,884763277351/858993459200,00010011000000
K23_bipartite__b8__leaf_offset0,17,raw,B0|B3|B6|B7,26182120641441/6871947673600,True,1,1,1168231100837/6871947673600,10010011000000
K23_bipartite__b8__leaf_offset0,17,raw,B1|B3|B6|B7,13159779797469/3435973836800,True,1,1,137439086947/3435973836800,01010011000000
K23_bipartite__b8__leaf_offset0,17,raw,B0|B1|B3|B6|B7,5291399708997/1717986918400,True,1,1,446676613159/429496729600,00101100000000
K23_bipartite__b8__leaf_offset0,17,raw,B2|B3|B6|B7,12850542261657/3435973836800,True,1,1,274877684169/6871947673600,01000000110001
K23_bipartite__b8__leaf_offset0,17,raw,B0|B2|B3|B6|B7,1992864825469/687194767360,True,1,1,446676613159/429496729600,01001100000000
K23_bipartite__b8__leaf_offset0,17,raw,B1|B2|B3|B6|B7,76235670379/26843545600,True,1,1,274877684169/6871947673600,00000000110001
K23_bipartite__b8__leaf_offset0,17,raw,B0|B1|B2|B3|B6|B7,34359738371/17179869184,True,1,1,446676613159/429496729600,00001100000000
K23_bipartite__b8__leaf_offset0,17,raw,B4|B6|B7,1228360646981/429496729600,True,1,1,446676613159/429496729600,00001011000000
K23_bipartite__b8__leaf_offset0,17,raw,B0|B4|B6|B7,25701084304489/6871947673600,True,1,1,2130303774741/6871947673600,10001011000000
K23_bipartite__b8__leaf_offset0,17,raw,B1|B4|B6|B7,12919261628993/3435973836800,True,1,1,1855425867747/6871947673600,01001011000000
K23_bipartite__b8__leaf_offset0,17,raw,B0|B1|B4|B6|B7,1082331758647/343597383680,True,1,1,884763277351/858993459200,00110100000000
K23_bipartite__b8__leaf_offset0,17,raw,B2|B4|B6|B7,5291399708887/1374389534720,True,1,1,412316918941/6871947673600,11010100000000
K23_bipartite__b8__leaf_offset0,17,raw,B0|B2|B4|B6|B7,10204842295821/3435973836800,True,1,1,884763277351/858993459200,01010100000000
K23_bipartite__b8__leaf_offset0,17,raw,B1|B2|B4|B6|B7,4054449127629/1374389534720,True,1,1,1443109144831/6871947673600,10010100000000
K23_bipartite__b8__leaf_offset0,17,raw,B0|B1|B2|B4|B6|B7,1778116460669/858993459200,True,1,1,884763277351/858993459200,00010100000000
K23_bipartite__b8__leaf_offset0,17,raw,B3|B4|B6|B7,3315714753187/858993459200,True,1,1,481036332727/6871947673600,00011011000000
K23_bipartite__b8__leaf_offset0,17,raw,B0|B3|B4|B6|B7,2095944040543/687194767360,True,1,1,11613591572859/6871947673600,01100100000000
K23_bipartite__b8__leaf_offset0,17,raw,B1|B3|B4|B6|B7,20822001451933/6871947673600,True,1,1,7490423056099/6871947673600,10100100000000
K23_bipartite__b8__leaf_offset0,17,raw,B0|B1|B3|B4|B6|B7,738734374957/343597383680,True,1,1,670014901211/343597383680,00100100000000
K23_bipartite__b8__leaf_offset0,17,raw,B2|B3|B4|B6|B7,3917010174127/1374389534720,True,1,1,7834020391879/6871947673600,11000100000000
K23_bipartite__b8__leaf_offset0,17,raw,B0|B2|B3|B4|B6|B7,6768868458921/3435973836800,True,1,1,3985729659493/1374389534720,01000100000000
K23_bipartite__b8__leaf_offset0,17,raw,B1|B2|B3|B4|B6|B7,2680059592869/1374389534720,True,1,1,7834020391879/6871947673600,10000100000000
K23_bipartite__b8__leaf_offset0,17,raw,B0|B1|B2|B3|B4|B6|B7,229780750361/214748364800,True,1,1,3985729659493/1374389534720,00000100000000
K23_bipartite__b8__leaf_offset0,17,raw,B5|B6|B7,25769803783/8589934592,True,1,1,12300786330919/6871947673600,00000111000000
K23_bipartite__b8__leaf_offset0,17,raw,B0|B5|B6|B7,26663156979193/6871947673600,True,1,1,206158425333/6871947673600,10000111000000
K23_bipartite__b8__leaf_offset0,17,raw,B1|B5|B6|B7,26731876451029/6871947673600,True,1,1,68719481661/6871947673600,10111000000000
K23_bipartite__b8__leaf_offset0,17,raw,B0|B1|B5|B6|B7,5171140624559/1717986918400,True,1,1,884763277351/858993459200,00111000000000
K23_bipartite__b8__leaf_offset0,17,raw,B2|B5|B6|B7,25494925869731/6871947673600,True,1,1,2336462268349/6871947673600,11011000000000
K23_bipartite__b8__leaf_offset0,17,raw,B0|B2|B5|B6|B7,9723805958469/3435973836800,True,1,1,884763277351/858993459200,01011000000000
K23_bipartite__b8__leaf_offset0,17,raw,B1|B2|B5|B6|B7,19310172963441/6871947673600,True,1,1,884763277351/858993459200,10011000000000
K23_bipartite__b8__leaf_offset0,17,raw,B0|B1|B2|B5|B6|B7,1657857376331/858993459200,True,1,1,884763277351/858993459200,00011000000000
K23_bipartite__b8__leaf_offset0,17,raw,B3|B5|B6|B7,26044681683519/6871947673600,True,1,1,1443109016681/6871947673600,11101000000000
K23_bipartite__b8__leaf_offset0,17,raw,B0|B3|B5|B6|B7,9998683865363/3435973836800,True,1,1,446676613159/429496729600,01101000000000
K23_bipartite__b8__leaf_offset0,17,raw,B1|B3|B5|B6|B7,19859928777229/6871947673600,True,1,1,446676613159/429496729600,10101000000000
K23_bipartite__b8__leaf_offset0,17,raw,B0|B1|B3|B5|B6|B7,3453153706109/1717986918400,True,1,1,446676613159/429496729600,00101000000000
K23_bipartite__b8__leaf_offset0,17,raw,B2|B3|B5|B6|B7,18622978195931/6871947673600,True,1,1,446676613159/429496729600,11001000000000
K23_bipartite__b8__leaf_offset0,17,raw,B0|B2|B3|B5|B6|B7,6287832121569/3435973836800,True,1,1,446676613159/429496729600,01001000000000
K23_bipartite__b8__leaf_offset0,17,raw,B1|B2|B3|B5|B6|B7,12438225289641/6871947673600,True,1,1,446676613159/429496729600,10001000000000
K23_bipartite__b8__leaf_offset0,17,raw,B0|B1|B2|B3|B5|B6|B7,399431958553/429496729600,True,1,1,446676613159/429496729600,00001000000000
K23_bipartite__b8__leaf_offset0,17,raw,B4|B5|B6|B7,26525718020471/6871947673600,True,1,1,481036342777/6871947673600,11110000000000
K23_bipartite__b8__leaf_offset0,17,raw,B0|B4|B5|B6|B7,10239202033839/3435973836800,True,1,1,884763277351/858993459200,01110000000000
K23_bipartite__b8__leaf_offset0,17,raw,B1|B4|B5|B6|B7,20340965114181/6871947673600,True,1,1,884763277351/858993459200,10110000000000
K23_bipartite__b8__leaf_offset0,17,raw,B0|B1|B4|B5|B6|B7,3573412790347/1717986918400,True,1,1,884763277351/858993459200,00110000000000
K23_bipartite__b8__leaf_offset0,17,raw,B2|B4|B5|B6|B7,19104014532883/6871947673600,True,1,1,884763277351/858993459200,11010000000000
K23_bipartite__b8__leaf_offset0,17,raw,B0|B2|B4|B5|B6|B7,1305670058009/687194767360,True,1,1,884763277351/858993459200,01010000000000
K23_bipartite__b8__leaf_offset0,17,raw,B1|B2|B4|B5|B6|B7,12919261626593/6871947673600,True,1,1,884763277351/858993459200,10010000000000
K23_bipartite__b8__leaf_offset0,17,raw,B0|B1|B2|B4|B5|B6|B7,34359738369/34359738368,True,1,1,884763277351/858993459200,00010000000000
K23_bipartite__b8__leaf_offset0,17,raw,B3|B4|B5|B6|B7,19653770346671/6871947673600,True,1,1,670014901211/343597383680,11100000000000
K23_bipartite__b8__leaf_offset0,17,raw,B0|B3|B4|B5|B6|B7,6803228196939/3435973836800,True,1,1,670014901211/343597383680,01100000000000
K23_bipartite__b8__leaf_offset0,17,raw,B1|B3|B4|B5|B6|B7,13469017440381/6871947673600,True,1,1,670014901211/343597383680,10100000000000
K23_bipartite__b8__leaf_offset0,17,raw,B0|B1|B3|B4|B5|B6|B7,1855425871897/1717986918400,True,1,1,670014901211/343597383680,00100000000000
K23_bipartite__b8__leaf_offset0,17,raw,B2|B3|B4|B5|B6|B7,12232066859083/6871947673600,True,1,1,249108106053/85899345920,11000000000000
K23_bipartite__b8__leaf_offset0,17,raw,B0|B2|B3|B4|B5|B6|B7,618475290629/687194767360,True,1,1,249108106053/85899345920,01000000000000
K23_bipartite__b8__leaf_offset0,17,raw,B1|B2|B3|B4|B5|B6|B7,6047313952793/6871947673600,True,1,1,249108106053/85899345920,10000000000000
K23_bipartite__b8__leaf_offset0,17,five_move_reduced,B0,6047313952793/6871947673600,True,1,1,22539988414983/6871947673600,0001000000000
K23_bipartite__b8__leaf_offset0,17,five_move_reduced,B1,618475290629/687194767360,True,1,1,10273561952007/3435973836800,0000100000000
K23_bipartite__b8__leaf_offset0,17,five_move_reduced,B0|B1,12232066859083/6871947673600,True,1,1,10273561952007/3435973836800,0001100000000
K23_bipartite__b8__leaf_offset0,17,five_move_reduced,B2,1855425871897/1717986918400,True,1,1,670014901211/343597383680,0000010000000
K23_bipartite__b8__leaf_offset0,17,five_move_reduced,B0|B2,13469017440381/6871947673600,True,1,1,670014901211/343597383680,0001010000000
K23_bipartite__b8__leaf_offset0,17,five_move_reduced,B1|B2,6803228196939/3435973836800,True,1,1,670014901211/343597383680,0000110000000
K23_bipartite__b8__leaf_offset0,17,five_move_reduced,B0|B1|B2,19653770346671/6871947673600,True,1,1,670014901211/343597383680,0001110000000
K23_bipartite__b8__leaf_offset0,17,five_move_reduced,B3,34359738369/34359738368,True,1,1,1778116503669/858993459200,1000000000000
K23_bipartite__b8__leaf_offset0,17,five_move_reduced,B0|B3,12919261626593/6871947673600,True,1,1,1778116503669/858993459200,1001000000000
K23_bipartite__b8__leaf_offset0,17,five_move_reduced,B1|B3,1305670058009/687194767360,True,1,1,6597069901731/3435973836800,1000100000000
K23_bipartite__b8__leaf_offset0,17,five_move_reduced,B0|B1|B3,19104014532883/6871947673600,True,1,1,6597069901731/3435973836800,1001100000000
K23_bipartite__b8__leaf_offset0,17,five_move_reduced,B2|B3,3573412790347/1717986918400,True,1,1,670014901211/343597383680,1000010000000
K23_bipartite__b8__leaf_offset0,17,five_move_reduced,B0|B2|B3,20340965114181/6871947673600,True,1,1,12850542155357/6871947673600,1001010000000
K23_bipartite__b8__leaf_offset0,17,five_move_reduced,B1|B2|B3,10239202033839/3435973836800,True,1,1,6150393282097/3435973836800,1000110000000
K23_bipartite__b8__leaf_offset0,17,five_move_reduced,B0|B1|B2|B3,26525718020471/6871947673600,True,1,1,481036342777/6871947673600,1001110000000
K23_bipartite__b8__leaf_offset0,17,five_move_reduced,B4,399431958553/429496729600,True,1,1,26525718244521/6871947673600,0000001100000
K23_bipartite__b8__leaf_offset0,17,five_move_reduced,B0|B4,12438225289641/6871947673600,True,1,1,2886218067787/1374389534720,0001001100000
K23_bipartite__b8__leaf_offset0,17,five_move_reduced,B1|B4,6287832121569/3435973836800,True,1,1,7937099653183/3435973836800,0000101100000
K23_bipartite__b8__leaf_offset0,17,five_move_reduced,B0|B1|B4,18622978195931/6871947673600,True,1,1,2886218067787/1374389534720,0001101100000
K23_bipartite__b8__leaf_offset0,17,five_move_reduced,B2|B4,3453153706109/1717986918400,True,1,1,670014901211/343597383680,0000011100000
K23_bipartite__b8__leaf_offset0,17,five_move_reduced,B0|B2|B4,19859928777229/6871947673600,True,1,1,670014901211/343597383680,0001011100000
K23_bipartite__b8__leaf_offset0,17,five_move_reduced,B1|B2|B4,9998683865363/3435973836800,True,1,1,670014901211/343597383680,0000111100000
K23_bipartite__b8__leaf_offset0,17,five_move_reduced,B0|B1|B2|B4,26044681683519/6871947673600,True,1,1,1443109016681/6871947673600,0001111100000
K23_bipartite__b8__leaf_offset0,17,five_move_reduced,B3|B4,1657857376331/858993459200,True,1,1,1778116503669/858993459200,1000001100000
K23_bipartite__b8__leaf_offset0,17,five_move_reduced,B0|B3|B4,19310172963441/6871947673600,True,1,1,8040179091887/6871947673600,1001001100000
K23_bipartite__b8__leaf_offset0,17,five_move_reduced,B1|B3|B4,9723805958469/3435973836800,True,1,1,4260607602907/3435973836800,1000101100000
K23_bipartite__b8__leaf_offset0,17,five_move_reduced,B0|B1|B3|B4,25494925869731/6871947673600,True,1,1,2336462268349/6871947673600,1001101100000
K23_bipartite__b8__leaf_offset0,17,five_move_reduced,B2|B3|B4,5171140624559/1717986918400,True,1,1,12163347387247/6871947673600,1000011100000
K23_bipartite__b8__leaf_offset0,17,five_move_reduced,B0|B2|B3|B4,26731876451029/6871947673600,True,1,1,68719481661/6871947673600,1001011100000
K23_bipartite__b8__leaf_offset0,17,five_move_reduced,B1|B2|B3|B4,26663156979193/6871947673600,True,1,1,206158425333/6871947673600,0001000011100
K23_bipartite__b8__leaf_offset0,17,five_move_reduced,B0|B1|B2|B3|B4,25769803783/8589934592,True,1,1,12300786330919/6871947673600,0000000011100
K23_bipartite__b8__leaf_offset0,17,five_move_reduced,B5,229780750361/214748364800,True,1,1,3985729659493/1374389534720,0000000010000
K23_bipartite__b8__leaf_offset0,17,five_move_reduced,B0|B5,2680059592869/1374389534720,True,1,1,7834020391879/6871947673600,0001000010000
K23_bipartite__b8__leaf_offset0,17,five_move_reduced,B1|B5,6768868458921/3435973836800,True,1,1,3985729659493/1374389534720,0000100010000
K23_bipartite__b8__leaf_offset0,17,five_move_reduced,B0|B1|B5,3917010174127/1374389534720,True,1,1,7834020391879/6871947673600,0001100010000
K23_bipartite__b8__leaf_offset0,17,five_move_reduced,B2|B5,738734374957/343597383680,True,1,1,670014901211/343597383680,0000010010000
K23_bipartite__b8__leaf_offset0,17,five_move_reduced,B0|B2|B5,20822001451933/6871947673600,True,1,1,7490423056099/6871947673600,0001010010000
K23_bipartite__b8__leaf_offset0,17,five_move_reduced,B1|B2|B5,2095944040543/687194767360,True,1,1,11613591572859/6871947673600,0000110010000
K23_bipartite__b8__leaf_offset0,17,five_move_reduced,B0|B1|B2|B5,3315714753187/858993459200,True,1,1,481036332727/6871947673600,1000001101100
K23_bipartite__b8__leaf_offset0,17,five_move_reduced,B3|B5,1778116460669/858993459200,True,1,1,13537737050417/6871947673600,1000000010000
K23_bipartite__b8__leaf_offset0,17,five_move_reduced,B0|B3|B5,4054449127629/1374389534720,True,1,1,1443109144831/6871947673600,1001000010000
K23_bipartite__b8__leaf_offset0,17,five_move_reduced,B1|B3|B5,10204842295821/3435973836800,True,1,1,12506944824527/6871947673600,1000100010000
K23_bipartite__b8__leaf_offset0,17,five_move_reduced,B0|B1|B3|B5,5291399708887/1374389534720,True,1,1,412316918941/6871947673600,1001100010000
K23_bipartite__b8__leaf_offset0,17,five_move_reduced,B2|B3|B5,1082331758647/343597383680,True,1,1,10239202037839/6871947673600,1000010010000
K23_bipartite__b8__leaf_offset0,17,five_move_reduced,B0|B2|B3|B5,12919261628993/3435973836800,True,1,1,1855425867747/6871947673600,0000101101100
K23_bipartite__b8__leaf_offset0,17,five_move_reduced,B1|B2|B3|B5,25701084304489/6871947673600,True,1,1,2130303774741/6871947673600,0001001101100
K23_bipartite__b8__leaf_offset0,17,five_move_reduced,B0|B1|B2|B3|B5,1228360646981/429496729600,True,1,1,14224931680327/6871947673600,0000001101100
K23_bipartite__b8__leaf_offset0,17,five_move_reduced,B4|B5,34359738371/17179869184,True,1,1,11819750221417/6871947673600,0000001110000
K23_bipartite__b8__leaf_offset0,17,five_move_reduced,B0|B4|B5,76235670379/26843545600,True,1,1,274877684169/6871947673600,0100000100010
K23_bipartite__b8__leaf_offset0,17,five_move_reduced,B1|B4|B5,1992864825469/687194767360,True,1,1,11819750221417/6871947673600,0000101110000
K23_bipartite__b8__leaf_offset0,17,five_move_reduced,B0|B1|B4|B5,12850542261657/3435973836800,True,1,1,274877684169/6871947673600,0100100100010
K23_bipartite__b8__leaf_offset0,17,five_move_reduced,B2|B4|B5,5291399708997/1717986918400,True,1,1,11201274711743/6871947673600,0000011110000
K23_bipartite__b8__leaf_offset0,17,five_move_reduced,B0|B2|B4|B5,13159779797469/3435973836800,True,1,1,137439086947/3435973836800,1000100001100
K23_bipartite__b8__leaf_offset0,17,five_move_reduced,B1|B2|B4|B5,26182120641441/6871947673600,True,1,1,1168231100837/6871947673600,1001000001100
K23_bipartite__b8__leaf_offset0,17,five_move_reduced,B0|B1|B2|B4|B5,2516850836081/858993459200,True,1,1,6322191993237/3435973836800,1000000001100
K23_bipartite__b8__leaf_offset0,17,five_move_reduced,B3|B4|B5,103079215111/34359738368,True,1,1,5428838974369/6871947673600,1000001110000
K23_bipartite__b8__leaf_offset0,17,five_move_reduced,B0|B3|B4|B5,78114718921/26843545600,True,1,1,798863905881/858993459200,0010000100010
K23_bipartite__b8__leaf_offset0,17,five_move_reduced,B1|B3|B4|B5,26525718079321/6871947673600,True,1,1,51539593977/1717986918400,0001000001011
K23_bipartite__b8__leaf_offset0,17,five_move_reduced,B0|B1|B3|B4|B5,319975064477/107374182400,True,1,1,51539593977/1717986918400,0000000001011
K23_bipartite__b8__leaf_offset0,17,five_move_reduced,B2|B3|B4|B5,25494925873931/6871947673600,True,1,1,2542620635857/6871947673600,0001100001100
K23_bipartite__b8__leaf_offset0,17,five_move_reduced,B0|B2|B3|B4|B5,9723805960569/3435973836800,True,1,1,3813931137223/3435973836800,0000100001100
K23_bipartite__b8__leaf_offset0,17,five_move_reduced,B1|B2|B3|B4|B5,19310172967641/6871947673600,True,1,1,3659312149817/1717986918400,0001000001100
K23_bipartite__b8__leaf_offset0,17,five_move_reduced,B0|B1|B2|B3|B4|B5,207232172107/107374182400,True,1,1,3659312149817/1717986918400,0000000001100
K23_bipartite__b8__leaf_offset0,17,five_move_reduced,B6,100931731481/107374182400,True,1,1,9998684043513/3435973836800,0000000001000
K23_bipartite__b8__leaf_offset0,17,five_move_reduced,B0|B6,12506944767577/6871947673600,True,1,1,9998684043513/3435973836800,0001000001000
K23_bipartite__b8__leaf_offset0,17,five_move_reduced,B1|B6,6322191860537/3435973836800,True,1,1,3813931137223/3435973836800,0000100001000
K23_bipartite__b8__leaf_offset0,17,five_move_reduced,B0|B1|B6,18691697673867/6871947673600,True,1,1,3813931137223/3435973836800,0001100001000
K23_bipartite__b8__leaf_offset0,17,five_move_reduced,B2|B6,3470333575593/1717986918400,True,1,1,670014901211/343597383680,0000010001000
K23_bipartite__b8__leaf_offset0,17,five_move_reduced,B0|B2|B6,3985729651033/1374389534720,True,1,1,670014901211/343597383680,0001010001000
K23_bipartite__b8__leaf_offset0,17,five_move_reduced,B1|B2|B6,10033043604331/3435973836800,True,1,1,3367254517589/3435973836800,0000110001000
K23_bipartite__b8__leaf_offset0,17,five_move_reduced,B0|B1|B2|B6,5222680232291/1374389534720,True,1,1,1305670060809/6871947673600,0001110001000
K23_bipartite__b8__leaf_offset0,17,five_move_reduced,B3|B6,1666447311073/858993459200,True,1,1,6322191993237/3435973836800,1000000001000
K23_bipartite__b8__leaf_offset0,17,five_move_reduced,B0|B3|B6,19378892441377/6871947673600,True,1,1,6322191993237/3435973836800,1001000001000
K23_bipartite__b8__leaf_offset0,17,five_move_reduced,B1|B3|B6,9758165697437/3435973836800,True,1,1,137439086947/3435973836800,1000100001000
K23_bipartite__b8__leaf_offset0,17,five_move_reduced,B0|B1|B3|B6,25563645347667/6871947673600,True,1,1,137439086947/3435973836800,1001100001000
K23_bipartite__b8__leaf_offset0,17,five_move_reduced,B2|B3|B6,5188320494043/1717986918400,True,1,1,5875515373603/3435973836800,1000010001000
K23_bipartite__b8__leaf_offset0,17,five_move_reduced,B0|B2|B3|B6,13365938227377/3435973836800,True,1,1,68719474211/6871947673600,0000101110100
K23_bipartite__b8__leaf_offset0,17,five_move_reduced,B1|B2|B3|B6,205621561071/53687091200,True,1,1,274877684169/6871947673600,0100000100110
K23_bipartite__b8__leaf_offset0,17,five_move_reduced,B0|B1|B2|B3|B6,1284195221779/429496729600,True,1,1,11819750221417/6871947673600,0000001110100
K23_bipartite__b8__leaf_offset0,17,five_move_reduced,B4|B6,803158884477/429496729600,True,1,1,7662221744689/3435973836800,0000001101000
K23_bipartite__b8__leaf_offset0,17,five_move_reduced,B0|B4|B6,755914244177/274877906944,True,1,1,2886218067787/1374389534720,0001001101000
K23_bipartite__b8__leaf_offset0,17,five_move_reduced,B1|B4|B6,9517647528961/3435973836800,True,1,1,1477468838399/3435973836800,0000101101000
K23_bipartite__b8__leaf_offset0,17,five_move_reduced,B0|B1|B4|B6,5016521802143/1374389534720,True,1,1,1477468838399/3435973836800,0001101101000
K23_bipartite__b8__leaf_offset0,17,five_move_reduced,B2|B4|B6,1013612281961/343597383680,True,1,1,12987981105279/6871947673600,0000011101000
K23_bipartite__b8__leaf_offset0,17,five_move_reduced,B0|B2|B4|B6,26319559592013/6871947673600,True,1,1,893353199693/6871947673600,0001011101000
K23_bipartite__b8__leaf_offset0,17,five_move_reduced,B1|B2|B4|B6,2645699854551/687194767360,True,1,1,618475292699/6871947673600,0000111101000
K23_bipartite__b8__leaf_offset0,17,five_move_reduced,B0|B1|B2|B4|B6,2628519985677/858993459200,True,1,1,11476152612887/6871947673600,1000000010100
K23_bipartite__b8__leaf_offset0,17,five_move_reduced,B3|B4|B6,2465311228179/858993459200,True,1,1,3985729694413/3435973836800,1000001101000
K23_bipartite__b8__leaf_offset0,17,five_move_reduced,B0|B3|B4|B6,1030792151129/274877906944,True,1,1,1786706451361/6871947673600,1001001101000
K23_bipartite__b8__leaf_offset0,17,five_move_reduced,B1|B3|B4|B6,42010149039/13421772800,True,1,1,2199023211877/3435973836800,0100001000001
K23_bipartite__b8__leaf_offset0,17,five_move_reduced,B0|B1|B3|B4|B6,667867416353/214748364800,True,1,1,51539593977/1717986918400,0000000010011
K23_bipartite__b8__leaf_offset0,17,five_move_reduced,B2|B3|B4|B6,26388279070699/6871947673600,True,1,1,755914242321/6871947673600,0001100010100
K23_bipartite__b8__leaf_offset0,17,five_move_reduced,B0|B2|B3|B4|B6,10170482558953/3435973836800,True,1,1,12850542147907/6871947673600,0000100010100
K23_bipartite__b8__leaf_offset0,17,five_move_reduced,B1|B2|B3|B4|B6,20203526164409/6871947673600,True,1,1,7834020391879/6871947673600,0001000010100
K23_bipartite__b8__leaf_offset0,17,five_move_reduced,B0|B1|B2|B3|B4|B6,442381631613/214748364800,True,1,1,3659312149817/1717986918400,0000000010100
K23_bipartite__b8__leaf_offset0,17,five_move_reduced,B5|B6,431644213323/214748364800,True,1,1,3985729659493/1374389534720,0000000011000
K23_bipartite__b8__leaf_offset0,17,five_move_reduced,B0|B5|B6,19859928779129/6871947673600,True,1,1,7834020391879/6871947673600,0001000011000
K23_bipartite__b8__leaf_offset0,17,five_move_reduced,B1|B5|B6,9998683866313/3435973836800,True,1,1,3813931137223/3435973836800,0000100011000
K23_bipartite__b8__leaf_offset0,17,five_move_reduced,B0|B1|B5|B6,26044681685419/6871947673600,True,1,1,1236950636973/6871947673600,0001100011000
K23_bipartite__b8__leaf_offset0,17,five_move_reduced,B2|B5|B6,5308579578481/1717986918400,True,1,1,11063835755871/6871947673600,0000010011000
K23_bipartite__b8__leaf_offset0,17,five_move_reduced,B0|B2|B5|B6,13125420058501/3435973836800,True,1,1,206158429943/1374389534720,1000101100100
K23_bipartite__b8__leaf_offset0,17,five_move_reduced,B1|B2|B5|B6,5222680232701/1374389534720,True,1,1,1305670056709/6871947673600,1001001100100
K23_bipartite__b8__leaf_offset0,17,five_move_reduced,B0|B1|B2|B5|B6,2508260901339/858993459200,True,1,1,2680059592459/1374389534720,1000001100100
K23_bipartite__b8__leaf_offset0,17,five_move_reduced,B3|B5|B6,2585570312517/858993459200,True,1,1,11957189007539/6871947673600,1000000011000
K23_bipartite__b8__leaf_offset0,17,five_move_reduced,B0|B3|B5|B6,13297218777441/3435973836800,True,1,1,137438898047/6871947673600,0000101100011
K23_bipartite__b8__leaf_offset0,17,five_move_reduced,B1|B3|B5|B6,5291399720277/1374389534720,True,1,1,51539593977/1717986918400,0001001100011
K23_bipartite__b8__leaf_offset0,17,five_move_reduced,B0|B1|B3|B5|B6,1275605290537/429496729600,True,1,1,51539593977/1717986918400,0000001100011
K23_bipartite__b8__leaf_offset0,17,five_move_reduced,B2|B3|B5|B6,5085241279199/1374389534720,True,1,1,2680059591729/6871947673600,0001101100100
K23_bipartite__b8__leaf_offset0,17,five_move_reduced,B0|B2|B3|B5|B6,9689446221601/3435973836800,True,1,1,3659312149817/1717986918400,0000101100100
K23_bipartite__b8__leaf_offset0,17,five_move_reduced,B1|B2|B3|B5|B6,3848290697941/1374389534720,True,1,1,2886218067787/1374389534720,0001001100100
K23_bipartite__b8__leaf_offset0,17,five_move_reduced,B0|B1|B2|B3|B5|B6,824633721057/429496729600,True,1,1,3659312149817/1717986918400,0000001100100
K23_bipartite__b8__leaf_offset0,17,five_move_reduced,B4|B5|B6,1262720385199/429496729600,True,1,1,11819750221417/6871947673600,0000001111000
K23_bipartite__b8__leaf_offset0,17,five_move_reduced,B0|B4|B5|B6,405874412997/107374182400,True,1,1,274877684169/6871947673600,0100000101010
K23_bipartite__b8__leaf_offset0,17,five_move_reduced,B1|B4|B5|B6,13194139534737/3435973836800,True,1,1,549755868863/6871947673600,0000101111000
K23_bipartite__b8__leaf_offset0,17,five_move_reduced,B0|B1|B4|B5|B6,2611340123193/858993459200,True,1,1,51539593977/1717986918400,1000000000011
K23_bipartite__b8__leaf_offset0,17,five_move_reduced,B2|B4|B5|B6,25907242732947/6871947673600,True,1,1,68719476713/274877906944,1001100000100
K23_bipartite__b8__leaf_offset0,17,five_move_reduced,B0|B2|B4|B5|B6,9929964390077/3435973836800,True,1,1,6597069901731/3435973836800,1000100000100
K23_bipartite__b8__leaf_offset0,17,five_move_reduced,B1|B2|B4|B5|B6,19722489826657/6871947673600,True,1,1,2817498546081/1374389534720,1001000000100
K23_bipartite__b8__leaf_offset0,17,five_move_reduced,B0|B1|B2|B4|B5|B6,1709396984233/858993459200,True,1,1,1778116503669/858993459200,1000000000100
K23_bipartite__b8__leaf_offset0,17,five_move_reduced,B3|B4|B5|B6,26250840170827/6871947673600,True,1,1,51539593977/1717986918400,0001100000011
K23_bipartite__b8__leaf_offset0,17,five_move_reduced,B0|B3|B4|B5|B6,10101763109017/3435973836800,True,1,1,51539593977/1717986918400,0000100000011
K23_bipartite__b8__leaf_offset0,17,five_move_reduced,B1|B3|B4|B5|B6,20066087264537/6871947673600,True,1,1,51539593977/1717986918400,0001000000011
K23_bipartite__b8__leaf_offset0,17,five_move_reduced,B0|B1|B3|B4|B5|B6,54760833249/26843545600,True,1,1,51539593977/1717986918400,0000000000011
K23_bipartite__b8__leaf_offset0,17,five_move_reduced,B2|B3|B4|B5|B6,19035295059147/6871947673600,True,1,1,3659312149817/1717986918400,0001100000100
K23_bipartite__b8__leaf_offset0,17,five_move_reduced,B0|B2|B3|B4|B5|B6,6493990553177/3435973836800,True,1,1,3659312149817/1717986918400,0000100000100
K23_bipartite__b8__leaf_offset0,17,five_move_reduced,B1|B2|B3|B4|B5|B6,12850542152857/6871947673600,True,1,1,3659312149817/1717986918400,0001000000100
K23_bipartite__b8__leaf_offset0,17,five_move_reduced,B0|B1|B2|B3|B4|B5|B6,53150220313/53687091200,True,1,1,3659312149817/1717986918400,0000000000100
K23_bipartite__b8__leaf_offset0,17,five_move_reduced,B7,53150220313/53687091200,True,1,1,3659312149817/1717986918400,0000000000100
K23_bipartite__b8__leaf_offset0,17,five_move_reduced,B0|B7,12850542152857/6871947673600,True,1,1,3659312149817/1717986918400,0001000000100
K23_bipartite__b8__leaf_offset0,17,five_move_reduced,B1|B7,6493990553177/3435973836800,True,1,1,3659312149817/1717986918400,0000100000100
K23_bipartite__b8__leaf_offset0,17,five_move_reduced,B0|B1|B7,19035295059147/6871947673600,True,1,1,3659312149817/1717986918400,0001100000100
K23_bipartite__b8__leaf_offset0,17,five_move_reduced,B2|B7,54760833249/26843545600,True,1,1,51539593977/1717986918400,0000000000011
K23_bipartite__b8__leaf_offset0,17,five_move_reduced,B0|B2|B7,20066087264537/6871947673600,True,1,1,51539593977/1717986918400,0001000000011
K23_bipartite__b8__leaf_offset0,17,five_move_reduced,B1|B2|B7,10101763109017/3435973836800,True,1,1,51539593977/1717986918400,0000100000011
K23_bipartite__b8__leaf_offset0,17,five_move_reduced,B0|B1|B2|B7,26250840170827/6871947673600,True,1,1,51539593977/1717986918400,0001100000011
K23_bipartite__b8__leaf_offset0,17,five_move_reduced,B3|B7,1709396984233/858993459200,True,1,1,1778116503669/858993459200,1000000000100
K23_bipartite__b8__leaf_offset0,17,five_move_reduced,B0|B3|B7,19722489826657/6871947673600,True,1,1,2817498546081/1374389534720,1001000000100
K23_bipartite__b8__leaf_offset0,17,five_move_reduced,B1|B3|B7,9929964390077/3435973836800,True,1,1,6597069901731/3435973836800,1000100000100
K23_bipartite__b8__leaf_offset0,17,five_move_reduced,B0|B1|B3|B7,25907242732947/6871947673600,True,1,1,68719476713/274877906944,1001100000100
K23_bipartite__b8__leaf_offset0,17,five_move_reduced,B2|B3|B7,2611340123193/858993459200,True,1,1,51539593977/1717986918400,1000000000011
K23_bipartite__b8__leaf_offset0,17,five_move_reduced,B0|B2|B3|B7,13194139534737/3435973836800,True,1,1,549755868863/6871947673600,0000101111000
K23_bipartite__b8__leaf_offset0,17,five_move_reduced,B1|B2|B3|B7,405874412997/107374182400,True,1,1,274877684169/6871947673600,0100000101010
K23_bipartite__b8__leaf_offset0,17,five_move_reduced,B0|B1|B2|B3|B7,1262720385199/429496729600,True,1,1,11819750221417/6871947673600,0000001111000
K23_bipartite__b8__leaf_offset0,17,five_move_reduced,B4|B7,824633721057/429496729600,True,1,1,3659312149817/1717986918400,0000001100100
K23_bipartite__b8__leaf_offset0,17,five_move_reduced,B0|B4|B7,3848290697941/1374389534720,True,1,1,2886218067787/1374389534720,0001001100100
K23_bipartite__b8__leaf_offset0,17,five_move_reduced,B1|B4|B7,9689446221601/3435973836800,True,1,1,3659312149817/1717986918400,0000101100100
K23_bipartite__b8__leaf_offset0,17,five_move_reduced,B0|B1|B4|B7,5085241279199/1374389534720,True,1,1,2680059591729/6871947673600,0001101100100
K23_bipartite__b8__leaf_offset0,17,five_move_reduced,B2|B4|B7,1275605290537/429496729600,True,1,1,51539593977/1717986918400,0000001100011
K23_bipartite__b8__leaf_offset0,17,five_move_reduced,B0|B2|B4|B7,5291399720277/1374389534720,True,1,1,51539593977/1717986918400,0001001100011
K23_bipartite__b8__leaf_offset0,17,five_move_reduced,B1|B2|B4|B7,13297218777441/3435973836800,True,1,1,137438898047/6871947673600,0000101100011
K23_bipartite__b8__leaf_offset0,17,five_move_reduced,B0|B1|B2|B4|B7,2585570312517/858993459200,True,1,1,11957189007539/6871947673600,1000000011000
K23_bipartite__b8__leaf_offset0,17,five_move_reduced,B3|B4|B7,2508260901339/858993459200,True,1,1,2680059592459/1374389534720,1000001100100
K23_bipartite__b8__leaf_offset0,17,five_move_reduced,B0|B3|B4|B7,5222680232701/1374389534720,True,1,1,1305670056709/6871947673600,1001001100100
K23_bipartite__b8__leaf_offset0,17,five_move_reduced,B1|B3|B4|B7,13125420058501/3435973836800,True,1,1,206158429943/1374389534720,1000101100100
K23_bipartite__b8__leaf_offset0,17,five_move_reduced,B0|B1|B3|B4|B7,5308579578481/1717986918400,True,1,1,11063835755871/6871947673600,0000010011000
K23_bipartite__b8__leaf_offset0,17,five_move_reduced,B2|B3|B4|B7,26044681685419/6871947673600,True,1,1,1236950636973/6871947673600,0001100011000
K23_bipartite__b8__leaf_offset0,17,five_move_reduced,B0|B2|B3|B4|B7,9998683866313/3435973836800,True,1,1,3813931137223/3435973836800,0000100011000
K23_bipartite__b8__leaf_offset0,17,five_move_reduced,B1|B2|B3|B4|B7,19859928779129/6871947673600,True,1,1,7834020391879/6871947673600,0001000011000
K23_bipartite__b8__leaf_offset0,17,five_move_reduced,B0|B1|B2|B3|B4|B7,431644213323/214748364800,True,1,1,3985729659493/1374389534720,0000000011000
K23_bipartite__b8__leaf_offset0,17,five_move_reduced,B5|B7,442381631613/214748364800,True,1,1,3659312149817/1717986918400,0000000010100
K23_bipartite__b8__leaf_offset0,17,five_move_reduced,B0|B5|B7,20203526164409/6871947673600,True,1,1,7834020391879/6871947673600,0001000010100
K23_bipartite__b8__leaf_offset0,17,five_move_reduced,B1|B5|B7,10170482558953/3435973836800,True,1,1,12850542147907/6871947673600,0000100010100
K23_bipartite__b8__leaf_offset0,17,five_move_reduced,B0|B1|B5|B7,26388279070699/6871947673600,True,1,1,755914242321/6871947673600,0001100010100
K23_bipartite__b8__leaf_offset0,17,five_move_reduced,B2|B5|B7,667867416353/214748364800,True,1,1,51539593977/1717986918400,0000000010011
K23_bipartite__b8__leaf_offset0,17,five_move_reduced,B0|B2|B5|B7,42010149039/13421772800,True,1,1,2199023211877/3435973836800,0100001000001
K23_bipartite__b8__leaf_offset0,17,five_move_reduced,B1|B2|B5|B7,1030792151129/274877906944,True,1,1,1786706451361/6871947673600,1001001101000
K23_bipartite__b8__leaf_offset0,17,five_move_reduced,B0|B1|B2|B5|B7,2465311228179/858993459200,True,1,1,3985729694413/3435973836800,1000001101000
K23_bipartite__b8__leaf_offset0,17,five_move_reduced,B3|B5|B7,2628519985677/858993459200,True,1,1,11476152612887/6871947673600,1000000010100
K23_bipartite__b8__leaf_offset0,17,five_move_reduced,B0|B3|B5|B7,2645699854551/687194767360,True,1,1,618475292699/6871947673600,0000111101000
K23_bipartite__b8__leaf_offset0,17,five_move_reduced,B1|B3|B5|B7,26319559592013/6871947673600,True,1,1,893353199693/6871947673600,0001011101000
K23_bipartite__b8__leaf_offset0,17,five_move_reduced,B0|B1|B3|B5|B7,1013612281961/343597383680,True,1,1,12987981105279/6871947673600,0000011101000
K23_bipartite__b8__leaf_offset0,17,five_move_reduced,B2|B3|B5|B7,5016521802143/1374389534720,True,1,1,1477468838399/3435973836800,0001101101000
K23_bipartite__b8__leaf_offset0,17,five_move_reduced,B0|B2|B3|B5|B7,9517647528961/3435973836800,True,1,1,1477468838399/3435973836800,0000101101000
K23_bipartite__b8__leaf_offset0,17,five_move_reduced,B1|B2|B3|B5|B7,755914244177/274877906944,True,1,1,2886218067787/1374389534720,0001001101000
K23_bipartite__b8__leaf_offset0,17,five_move_reduced,B0|B1|B2|B3|B5|B7,803158884477/429496729600,True,1,1,7662221744689/3435973836800,0000001101000
K23_bipartite__b8__leaf_offset0,17,five_move_reduced,B4|B5|B7,1284195221779/429496729600,True,1,1,11819750221417/6871947673600,0000001110100
K23_bipartite__b8__leaf_offset0,17,five_move_reduced,B0|B4|B5|B7,205621561071/53687091200,True,1,1,274877684169/6871947673600,0100000100110
K23_bipartite__b8__leaf_offset0,17,five_move_reduced,B1|B4|B5|B7,13365938227377/3435973836800,True,1,1,68719474211/6871947673600,0000101110100
K23_bipartite__b8__leaf_offset0,17,five_move_reduced,B0|B1|B4|B5|B7,5188320494043/1717986918400,True,1,1,5875515373603/3435973836800,1000010001000
K23_bipartite__b8__leaf_offset0,17,five_move_reduced,B2|B4|B5|B7,25563645347667/6871947673600,True,1,1,137439086947/3435973836800,1001100001000
K23_bipartite__b8__leaf_offset0,17,five_move_reduced,B0|B2|B4|B5|B7,9758165697437/3435973836800,True,1,1,137439086947/3435973836800,1000100001000
K23_bipartite__b8__leaf_offset0,17,five_move_reduced,B1|B2|B4|B5|B7,19378892441377/6871947673600,True,1,1,6322191993237/3435973836800,1001000001000
K23_bipartite__b8__leaf_offset0,17,five_move_reduced,B0|B1|B2|B4|B5|B7,1666447311073/858993459200,True,1,1,6322191993237/3435973836800,1000000001000
K23_bipartite__b8__leaf_offset0,17,five_move_reduced,B3|B4|B5|B7,5222680232291/1374389534720,True,1,1,1305670060809/6871947673600,0001110001000
K23_bipartite__b8__leaf_offset0,17,five_move_reduced,B0|B3|B4|B5|B7,10033043604331/3435973836800,True,1,1,3367254517589/3435973836800,0000110001000
K23_bipartite__b8__leaf_offset0,17,five_move_reduced,B1|B3|B4|B5|B7,3985729651033/1374389534720,True,1,1,670014901211/343597383680,0001010001000
K23_bipartite__b8__leaf_offset0,17,five_move_reduced,B0|B1|B3|B4|B5|B7,3470333575593/1717986918400,True,1,1,670014901211/343597383680,0000010001000
K23_bipartite__b8__leaf_offset0,17,five_move_reduced,B2|B3|B4|B5|B7,18691697673867/6871947673600,True,1,1,3813931137223/3435973836800,0001100001000
K23_bipartite__b8__leaf_offset0,17,five_move_reduced,B0|B2|B3|B4|B5|B7,6322191860537/3435973836800,True,1,1,3813931137223/3435973836800,0000100001000
K23_bipartite__b8__leaf_offset0,17,five_move_reduced,B1|B2|B3|B4|B5|B7,12506944767577/6871947673600,True,1,1,9998684043513/3435973836800,0001000001000
K23_bipartite__b8__leaf_offset0,17,five_move_reduced,B0|B1|B2|B3|B4|B5|B7,100931731481/107374182400,True,1,1,9998684043513/3435973836800,0000000001000
K23_bipartite__b8__leaf_offset0,17,five_move_reduced,B6|B7,207232172107/107374182400,True,1,1,3659312149817/1717986918400,0000000001100
K23_bipartite__b8__leaf_offset0,17,five_move_reduced,B0|B6|B7,19310172967641/6871947673600,True,1,1,3659312149817/1717986918400,0001000001100
K23_bipartite__b8__leaf_offset0,17,five_move_reduced,B1|B6|B7,9723805960569/3435973836800,True,1,1,3813931137223/3435973836800,0000100001100
K23_bipartite__b8__leaf_offset0,17,five_move_reduced,B0|B1|B6|B7,25494925873931/6871947673600,True,1,1,2542620635857/6871947673600,0001100001100
K23_bipartite__b8__leaf_offset0,17,five_move_reduced,B2|B6|B7,319975064477/107374182400,True,1,1,51539593977/1717986918400,0000000001011
K23_bipartite__b8__leaf_offset0,17,five_move_reduced,B0|B2|B6|B7,26525718079321/6871947673600,True,1,1,51539593977/1717986918400,0001000001011
K23_bipartite__b8__leaf_offset0,17,five_move_reduced,B1|B2|B6|B7,78114718921/26843545600,True,1,1,798863905881/858993459200,0010000100010
K23_bipartite__b8__leaf_offset0,17,five_move_reduced,B0|B1|B2|B6|B7,103079215111/34359738368,True,1,1,5428838974369/6871947673600,1000001110000
K23_bipartite__b8__leaf_offset0,17,five_move_reduced,B3|B6|B7,2516850836081/858993459200,True,1,1,6322191993237/3435973836800,1000000001100
K23_bipartite__b8__leaf_offset0,17,five_move_reduced,B0|B3|B6|B7,26182120641441/6871947673600,True,1,1,1168231100837/6871947673600,1001000001100
K23_bipartite__b8__leaf_offset0,17,five_move_reduced,B1|B3|B6|B7,13159779797469/3435973836800,True,1,1,137439086947/3435973836800,1000100001100
K23_bipartite__b8__leaf_offset0,17,five_move_reduced,B0|B1|B3|B6|B7,5291399708997/1717986918400,True,1,1,11201274711743/6871947673600,0000011110000
K23_bipartite__b8__leaf_offset0,17,five_move_reduced,B2|B3|B6|B7,12850542261657/3435973836800,True,1,1,274877684169/6871947673600,0100100100010
K23_bipartite__b8__leaf_offset0,17,five_move_reduced,B0|B2|B3|B6|B7,1992864825469/687194767360,True,1,1,11819750221417/6871947673600,0000101110000
K23_bipartite__b8__leaf_offset0,17,five_move_reduced,B1|B2|B3|B6|B7,76235670379/26843545600,True,1,1,274877684169/6871947673600,0100000100010
K23_bipartite__b8__leaf_offset0,17,five_move_reduced,B0|B1|B2|B3|B6|B7,34359738371/17179869184,True,1,1,11819750221417/6871947673600,0000001110000
K23_bipartite__b8__leaf_offset0,17,five_move_reduced,B4|B6|B7,1228360646981/429496729600,True,1,1,14224931680327/6871947673600,0000001101100
K23_bipartite__b8__leaf_offset0,17,five_move_reduced,B0|B4|B6|B7,25701084304489/6871947673600,True,1,1,2130303774741/6871947673600,0001001101100
K23_bipartite__b8__leaf_offset0,17,five_move_reduced,B1|B4|B6|B7,12919261628993/3435973836800,True,1,1,1855425867747/6871947673600,0000101101100
K23_bipartite__b8__leaf_offset0,17,five_move_reduced,B0|B1|B4|B6|B7,1082331758647/343597383680,True,1,1,10239202037839/6871947673600,1000010010000
K23_bipartite__b8__leaf_offset0,17,five_move_reduced,B2|B4|B6|B7,5291399708887/1374389534720,True,1,1,412316918941/6871947673600,1001100010000
K23_bipartite__b8__leaf_offset0,17,five_move_reduced,B0|B2|B4|B6|B7,10204842295821/3435973836800,True,1,1,12506944824527/6871947673600,1000100010000
K23_bipartite__b8__leaf_offset0,17,five_move_reduced,B1|B2|B4|B6|B7,4054449127629/1374389534720,True,1,1,1443109144831/6871947673600,1001000010000
K23_bipartite__b8__leaf_offset0,17,five_move_reduced,B0|B1|B2|B4|B6|B7,1778116460669/858993459200,True,1,1,13537737050417/6871947673600,1000000010000
K23_bipartite__b8__leaf_offset0,17,five_move_reduced,B3|B4|B6|B7,3315714753187/858993459200,True,1,1,481036332727/6871947673600,1000001101100
K23_bipartite__b8__leaf_offset0,17,five_move_reduced,B0|B3|B4|B6|B7,2095944040543/687194767360,True,1,1,11613591572859/6871947673600,0000110010000
K23_bipartite__b8__leaf_offset0,17,five_move_reduced,B1|B3|B4|B6|B7,20822001451933/6871947673600,True,1,1,7490423056099/6871947673600,0001010010000
K23_bipartite__b8__leaf_offset0,17,five_move_reduced,B0|B1|B3|B4|B6|B7,738734374957/343597383680,True,1,1,670014901211/343597383680,0000010010000
K23_bipartite__b8__leaf_offset0,17,five_move_reduced,B2|B3|B4|B6|B7,3917010174127/1374389534720,True,1,1,7834020391879/6871947673600,0001100010000
K23_bipartite__b8__leaf_offset0,17,five_move_reduced,B0|B2|B3|B4|B6|B7,6768868458921/3435973836800,True,1,1,3985729659493/1374389534720,0000100010000
K23_bipartite__b8__leaf_offset0,17,five_move_reduced,B1|B2|B3|B4|B6|B7,2680059592869/1374389534720,True,1,1,7834020391879/6871947673600,0001000010000
K23_bipartite__b8__leaf_offset0,17,five_move_reduced,B0|B1|B2|B3|B4|B6|B7,229780750361/214748364800,True,1,1,3985729659493/1374389534720,0000000010000
K23_bipartite__b8__leaf_offset0,17,five_move_reduced,B5|B6|B7,25769803783/8589934592,True,1,1,12300786330919/6871947673600,0000000011100
K23_bipartite__b8__leaf_offset0,17,five_move_reduced,B0|B5|B6|B7,26663156979193/6871947673600,True,1,1,206158425333/6871947673600,0001000011100
K23_bipartite__b8__leaf_offset0,17,five_move_reduced,B1|B5|B6|B7,26731876451029/6871947673600,True,1,1,68719481661/6871947673600,1001011100000
K23_bipartite__b8__leaf_offset0,17,five_move_reduced,B0|B1|B5|B6|B7,5171140624559/1717986918400,True,1,1,12163347387247/6871947673600,1000011100000
K23_bipartite__b8__leaf_offset0,17,five_move_reduced,B2|B5|B6|B7,25494925869731/6871947673600,True,1,1,2336462268349/6871947673600,1001101100000
K23_bipartite__b8__leaf_offset0,17,five_move_reduced,B0|B2|B5|B6|B7,9723805958469/3435973836800,True,1,1,4260607602907/3435973836800,1000101100000
K23_bipartite__b8__leaf_offset0,17,five_move_reduced,B1|B2|B5|B6|B7,19310172963441/6871947673600,True,1,1,8040179091887/6871947673600,1001001100000
K23_bipartite__b8__leaf_offset0,17,five_move_reduced,B0|B1|B2|B5|B6|B7,1657857376331/858993459200,True,1,1,1778116503669/858993459200,1000001100000
K23_bipartite__b8__leaf_offset0,17,five_move_reduced,B3|B5|B6|B7,26044681683519/6871947673600,True,1,1,1443109016681/6871947673600,0001111100000
K23_bipartite__b8__leaf_offset0,17,five_move_reduced,B0|B3|B5|B6|B7,9998683865363/3435973836800,True,1,1,670014901211/343597383680,0000111100000
K23_bipartite__b8__leaf_offset0,17,five_move_reduced,B1|B3|B5|B6|B7,19859928777229/6871947673600,True,1,1,670014901211/343597383680,0001011100000
K23_bipartite__b8__leaf_offset0,17,five_move_reduced,B0|B1|B3|B5|B6|B7,3453153706109/1717986918400,True,1,1,670014901211/343597383680,0000011100000
K23_bipartite__b8__leaf_offset0,17,five_move_reduced,B2|B3|B5|B6|B7,18622978195931/6871947673600,True,1,1,2886218067787/1374389534720,0001101100000
K23_bipartite__b8__leaf_offset0,17,five_move_reduced,B0|B2|B3|B5|B6|B7,6287832121569/3435973836800,True,1,1,7937099653183/3435973836800,0000101100000
K23_bipartite__b8__leaf_offset0,17,five_move_reduced,B1|B2|B3|B5|B6|B7,12438225289641/6871947673600,True,1,1,2886218067787/1374389534720,0001001100000
K23_bipartite__b8__leaf_offset0,17,five_move_reduced,B0|B1|B2|B3|B5|B6|B7,399431958553/429496729600,True,1,1,26525718244521/6871947673600,0000001100000
K23_bipartite__b8__leaf_offset0,17,five_move_reduced,B4|B5|B6|B7,26525718020471/6871947673600,True,1,1,481036342777/6871947673600,1001110000000
K23_bipartite__b8__leaf_offset0,17,five_move_reduced,B0|B4|B5|B6|B7,10239202033839/3435973836800,True,1,1,6150393282097/3435973836800,1000110000000
K23_bipartite__b8__leaf_offset0,17,five_move_reduced,B1|B4|B5|B6|B7,20340965114181/6871947673600,True,1,1,12850542155357/6871947673600,1001010000000
K23_bipartite__b8__leaf_offset0,17,five_move_reduced,B0|B1|B4|B5|B6|B7,3573412790347/1717986918400,True,1,1,670014901211/343597383680,1000010000000
K23_bipartite__b8__leaf_offset0,17,five_move_reduced,B2|B4|B5|B6|B7,19104014532883/6871947673600,True,1,1,6597069901731/3435973836800,1001100000000
K23_bipartite__b8__leaf_offset0,17,five_move_reduced,B0|B2|B4|B5|B6|B7,1305670058009/687194767360,True,1,1,6597069901731/3435973836800,1000100000000
K23_bipartite__b8__leaf_offset0,17,five_move_reduced,B1|B2|B4|B5|B6|B7,12919261626593/6871947673600,True,1,1,1778116503669/858993459200,1001000000000
K23_bipartite__b8__leaf_offset0,17,five_move_reduced,B0|B1|B2|B4|B5|B6|B7,34359738369/34359738368,True,1,1,1778116503669/858993459200,1000000000000
K23_bipartite__b8__leaf_offset0,17,five_move_reduced,B3|B4|B5|B6|B7,19653770346671/6871947673600,True,1,1,670014901211/343597383680,0001110000000
K23_bipartite__b8__leaf_offset0,17,five_move_reduced,B0|B3|B4|B5|B6|B7,6803228196939/3435973836800,True,1,1,670014901211/343597383680,0000110000000
K23_bipartite__b8__leaf_offset0,17,five_move_reduced,B1|B3|B4|B5|B6|B7,13469017440381/6871947673600,True,1,1,670014901211/343597383680,0001010000000
K23_bipartite__b8__leaf_offset0,17,five_move_reduced,B0|B1|B3|B4|B5|B6|B7,1855425871897/1717986918400,True,1,1,670014901211/343597383680,0000010000000
K23_bipartite__b8__leaf_offset0,17,five_move_reduced,B2|B3|B4|B5|B6|B7,12232066859083/6871947673600,True,1,1,10273561952007/3435973836800,0001100000000
K23_bipartite__b8__leaf_offset0,17,five_move_reduced,B0|B2|B3|B4|B5|B6|B7,618475290629/687194767360,True,1,1,10273561952007/3435973836800,0000100000000
K23_bipartite__b8__leaf_offset0,17,five_move_reduced,B1|B2|B3|B4|B5|B6|B7,6047313952793/6871947673600,True,1,1,22539988414983/6871947673600,0001000000000
K23_bipartite__b8__leaf_offset1,17,raw,B0,6116033429529/6871947673600,True,1,1,2714419359897/858993459200,10000000000000
K23_bipartite__b8__leaf_offset1,17,raw,B1,3126736191513/3435973836800,True,1,1,7284264563591/3435973836800,01000000000000
K23_bipartite__b8__leaf_offset1,17,raw,B0|B1,2473901162511/1374389534720,True,1,1,7284264563591/3435973836800,11000000000000
K23_bipartite__b8__leaf_offset1,17,raw,B2,1649267441689/1717986918400,True,1,1,3281355043719/1717986918400,00100000000000
K23_bipartite__b8__leaf_offset1,17,raw,B0|B2,2542620639257/1374389534720,True,1,1,3281355043719/1717986918400,10100000000000
K23_bipartite__b8__leaf_offset1,17,raw,B1|B2,6425271074891/3435973836800,True,1,1,3281355043719/1717986918400,01100000000000
K23_bipartite__b8__leaf_offset1,17,raw,B0|B1|B2,18966575579311/6871947673600,True,1,1,3281355043719/1717986918400,11100000000000
K23_bipartite__b8__leaf_offset1,17,raw,B3,910533066777/858993459200,True,1,1,893353226343/858993459200,00010000000000
K23_bipartite__b8__leaf_offset1,17,raw,B0|B3,2680059592749/1374389534720,True,1,1,893353226343/858993459200,10010000000000
K23_bipartite__b8__leaf_offset1,17,raw,B1|B3,6768868458621/3435973836800,True,1,1,893353226343/858993459200,01010000000000
K23_bipartite__b8__leaf_offset1,17,raw,B0|B1|B3,19653770346771/6871947673600,True,1,1,893353226343/858993459200,11010000000000
K23_bipartite__b8__leaf_offset1,17,raw,B2|B3,3470333575243/1717986918400,True,1,1,893353226343/858993459200,00110000000000
K23_bipartite__b8__leaf_offset1,17,raw,B0|B2|B3,19997367730501/6871947673600,True,1,1,893353226343/858993459200,10110000000000
K23_bipartite__b8__leaf_offset1,17,raw,B1|B2|B3,10067403341999/3435973836800,True,1,1,893353226343/858993459200,01110000000000
K23_bipartite__b8__leaf_offset1,17,raw,B0|B1|B2|B3,26250840113527/6871947673600,True,1,1,1236950586873/6871947673600,11110000000000
K23_bipartite__b8__leaf_offset1,17,raw,B4,73014444037/85899345920,True,1,1,884763265751/429496729600,00001000000000
K23_bipartite__b8__leaf_offset1,17,raw,B0|B4,11957188952489/6871947673600,True,1,1,884763265751/429496729600,10001000000000
K23_bipartite__b8__leaf_offset1,17,raw,B1|B4,6047313952993/3435973836800,True,1,1,884763265751/429496729600,01001000000000
K23_bipartite__b8__leaf_offset1,17,raw,B0|B1|B4,3642132267103/1374389534720,True,1,1,884763265751/429496729600,11001000000000
K23_bipartite__b8__leaf_offset1,17,raw,B2|B4,3109556322429/1717986918400,True,1,1,3281355043719/1717986918400,00101000000000
K23_bipartite__b8__leaf_offset1,17,raw,B0|B2|B4,3710851743849/1374389534720,True,1,1,3281355043719/1717986918400,10101000000000
K23_bipartite__b8__leaf_offset1,17,raw,B1|B2|B4,9345848836371/3435973836800,True,1,1,3281355043719/1717986918400,01101000000000
K23_bipartite__b8__leaf_offset1,17,raw,B0|B1|B2|B4,24807731102271/6871947673600,True,1,1,824633721877/1374389534720,11101000000000
K23_bipartite__b8__leaf_offset1,17,raw,B3|B4,1640677507147/858993459200,True,1,1,154618828241/171798691840,00011000000000
K23_bipartite__b8__leaf_offset1,17,raw,B0|B3|B4,3848290697341/1374389534720,True,1,1,154618828241/171798691840,10011000000000
K23_bipartite__b8__leaf_offset1,17,raw,B1|B3|B4,9689446220101/3435973836800,True,1,1,154618828241/171798691840,01011000000000
K23_bipartite__b8__leaf_offset1,17,raw,B0|B1|B3|B4,25494925869731/6871947673600,True,1,1,1580548081853/6871947673600,11011000000000
K23_bipartite__b8__leaf_offset1,17,raw,B2|B3|B4,4930622455983/1717986918400,True,1,1,154618828241/171798691840,00111000000000
K23_bipartite__b8__leaf_offset1,17,raw,B0|B2|B3|B4,25838523253461/6871947673600,True,1,1,412316861401/1374389534720,10111000000000
K23_bipartite__b8__leaf_offset1,17,raw,B1|B2|B3|B4,12987981103479/3435973836800,True,1,1,1786706400011/6871947673600,01111000000000
K23_bipartite__b8__leaf_offset1,17,raw,B0|B1|B2|B3|B4,135291469859/42949672960,True,1,1,10445360459047/6871947673600,00000111000000
K23_bipartite__b8__leaf_offset1,17,raw,B5,227633266713/214748364800,True,1,1,19447612273913/6871947673600,00000100000000
K23_bipartite__b8__leaf_offset1,17,raw,B0|B5,2680059592869/1374389534720,True,1,1,1443109082971/1374389534720,10000100000000
K23_bipartite__b8__leaf_offset1,17,raw,B1|B5,6768868458921/3435973836800,True,1,1,7284264563591/3435973836800,01000100000000
K23_bipartite__b8__leaf_offset1,17,raw,B0|B1|B5,19653770347371/6871947673600,True,1,1,1305670120849/1374389534720,11000100000000
K23_bipartite__b8__leaf_offset1,17,raw,B2|B5,3470333575393/1717986918400,True,1,1,3281355043719/1717986918400,00100100000000
K23_bipartite__b8__leaf_offset1,17,raw,B0|B2|B5,19997367731101/6871947673600,True,1,1,1443109082971/1374389534720,10100100000000
K23_bipartite__b8__leaf_offset1,17,raw,B1|B2|B5,10067403342299/3435973836800,True,1,1,3281355043719/1717986918400,01100100000000
K23_bipartite__b8__leaf_offset1,17,raw,B0|B1|B2|B5,26250840114127/6871947673600,True,1,1,1236950585673/6871947673600,11100100000000
K23_bipartite__b8__leaf_offset1,17,raw,B3|B5,1821066133629/858993459200,True,1,1,893353226343/858993459200,00010100000000
K23_bipartite__b8__leaf_offset1,17,raw,B0|B3|B5,20684562498561/6871947673600,True,1,1,618475468799/6871947673600,10010100000000
K23_bipartite__b8__leaf_offset1,17,raw,B1|B3|B5,10411000726029/3435973836800,True,1,1,893353226343/858993459200,01010100000000
K23_bipartite__b8__leaf_offset1,17,raw,B0|B1|B3|B5,1602022808733/429496729600,True,1,1,292057748153/1717986918400,00001010010010
K23_bipartite__b8__leaf_offset1,17,raw,B2|B3|B5,5291399708947/1717986918400,True,1,1,893353226343/858993459200,00110100000000
K23_bipartite__b8__leaf_offset1,17,raw,B0|B2|B3|B5,2645699854861/687194767360,True,1,1,68719504711/3435973836800,01001011000000
K23_bipartite__b8__leaf_offset1,17,raw,B1|B2|B3|B5,26319559595113/6871947673600,True,1,1,1099511623701/6871947673600,10001011000000
K23_bipartite__b8__leaf_offset1,17,raw,B0|B1|B2|B3|B5,1262720385349/429496729600,True,1,1,120259085409/68719476736,00001011000000
K23_bipartite__b8__leaf_offset1,17,raw,B4|B5,820338753611/429496729600,True,1,1,884763265751/429496729600,00001100000000
K23_bipartite__b8__leaf_offset1,17,raw,B0|B4|B5,3848290697461/1374389534720,True,1,1,1443109082971/1374389534720,10001100000000
K23_bipartite__b8__leaf_offset1,17,raw,B1|B4|B5,9689446220401/3435973836800,True,1,1,13812614939711/6871947673600,01001100000000
K23_bipartite__b8__leaf_offset1,17,raw,B0|B1|B4|B5,25494925870331/6871947673600,True,1,1,1580548080653/6871947673600,11001100000000
K23_bipartite__b8__leaf_offset1,17,raw,B2|B4|B5,4930622456133/1717986918400,True,1,1,3281355043719/1717986918400,00101100000000
K23_bipartite__b8__leaf_offset1,17,raw,B0|B2|B4|B5,25838523254061/6871947673600,True,1,1,412316861161/1374389534720,10101100000000
K23_bipartite__b8__leaf_offset1,17,raw,B1|B2|B4|B5,12987981103779/3435973836800,True,1,1,1786706398811/6871947673600,01101100000000
K23_bipartite__b8__leaf_offset1,17,raw,B0|B1|B2|B4|B5,541165879421/171798691840,True,1,1,893353226343/858993459200,00010011000000
K23_bipartite__b8__leaf_offset1,17,raw,B3|B4|B5,2551210573999/858993459200,True,1,1,154618828241/171798691840,00011100000000
K23_bipartite__b8__leaf_offset1,17,raw,B0|B3|B4|B5,13022340899897/3435973836800,True,1,1,68719504711/3435973836800,01000010010010
K23_bipartite__b8__leaf_offset1,17,raw,B1|B3|B4|B5,25907242846297/6871947673600,True,1,1,755914128721/6871947673600,10000010010010
K23_bipartite__b8__leaf_offset1,17,raw,B0|B1|B3|B4|B5,309237647137/107374182400,True,1,1,292057748153/1717986918400,00000010010010
K23_bipartite__b8__leaf_offset1,17,raw,B2|B3|B4|B5,26731876455179/6871947673600,True,1,1,68719504711/3435973836800,11000011000000
K23_bipartite__b8__leaf_offset1,17,raw,B0|B2|B3|B4|B5,412316860513/137438953472,True,1,1,68719504711/3435973836800,01000011000000
K23_bipartite__b8__leaf_offset1,17,raw,B1|B2|B3|B4|B5,20478404072153/6871947673600,True,1,1,120259085409/68719476736,10000011000000
K23_bipartite__b8__leaf_offset1,17,raw,B0|B1|B2|B3|B4|B5,224412041291/107374182400,True,1,1,120259085409/68719476736,00000011000000
K23_bipartite__b8__leaf_offset1,17,raw,B6,22548578309/21474836480,True,1,1,6322191887737/3435973836800,00000010000000
K23_bipartite__b8__leaf_offset1,17,raw,B0|B6,13331578488409/6871947673600,True,1,1,6322191887737/3435973836800,10000010000000
K23_bipartite__b8__leaf_offset1,17,raw,B1|B6,6734508720953/3435973836800,True,1,1,68719504711/3435973836800,01000010000000
K23_bipartite__b8__leaf_offset1,17,raw,B0|B1|B6,3917010174287/1374389534720,True,1,1,68719504711/3435973836800,11000010000000
K23_bipartite__b8__leaf_offset1,17,raw,B2|B6,3453153706409/1717986918400,True,1,1,6322191887737/3435973836800,00100010000000
K23_bipartite__b8__leaf_offset1,17,raw,B0|B2|B6,3985729651033/1374389534720,True,1,1,6322191887737/3435973836800,10100010000000
K23_bipartite__b8__leaf_offset1,17,raw,B1|B2|B6,10033043604331/3435973836800,True,1,1,68719504711/3435973836800,01100010000000
K23_bipartite__b8__leaf_offset1,17,raw,B0|B1|B2|B6,26182120638191/6871947673600,True,1,1,68719504711/3435973836800,11100010000000
K23_bipartite__b8__leaf_offset1,17,raw,B3|B6,1812476199137/858993459200,True,1,1,893353226343/858993459200,00010010000000
K23_bipartite__b8__leaf_offset1,17,raw,B0|B3|B6,824633720905/274877906944,True,1,1,893353226343/858993459200,10010010000000
K23_bipartite__b8__leaf_offset1,17,raw,B1|B3|B6,10376640988061/3435973836800,True,1,1,68719504711/3435973836800,01010010000000
K23_bipartite__b8__leaf_offset1,17,raw,B0|B1|B3|B6,1606317775979/429496729600,True,1,1,1168230989987/6871947673600,00001100010010
K23_bipartite__b8__leaf_offset1,17,raw,B2|B3|B6,5274219839963/1717986918400,True,1,1,893353226343/858993459200,00110010000000
K23_bipartite__b8__leaf_offset1,17,raw,B0|B2|B3|B6,13262859012273/3435973836800,True,1,1,137438952967/1374389534720,01001101000000
K23_bipartite__b8__leaf_offset1,17,raw,B1|B2|B3|B6,26388279071049/6871947673600,True,1,1,962072671829/6871947673600,10001101000000
K23_bipartite__b8__leaf_offset1,17,raw,B0|B1|B2|B3|B6,253403070519/85899345920,True,1,1,120259085409/68719476736,00001101000000
K23_bipartite__b8__leaf_offset1,17,raw,B4|B6,163208757273/85899345920,True,1,1,6322191887737/3435973836800,00001010000000
K23_bipartite__b8__leaf_offset1,17,raw,B0|B4|B6,19172734011369/6871947673600,True,1,1,6322191887737/3435973836800,10001010000000
K23_bipartite__b8__leaf_offset1,17,raw,B1|B4|B6,9655086482433/3435973836800,True,1,1,68719504711/3435973836800,01001010000000
K23_bipartite__b8__leaf_offset1,17,raw,B0|B1|B4|B6,5085241278879/1374389534720,True,1,1,68719504711/3435973836800,11001010000000
K23_bipartite__b8__leaf_offset1,17,raw,B2|B4|B6,4913442587149/1717986918400,True,1,1,6322191887737/3435973836800,00101010000000
K23_bipartite__b8__leaf_offset1,17,raw,B0|B2|B4|B6,1030792151125/274877906944,True,1,1,2199023257677/6871947673600,10101010000000
K23_bipartite__b8__leaf_offset1,17,raw,B1|B2|B4|B6,12953621365811/3435973836800,True,1,1,68719504711/3435973836800,01101010000000
K23_bipartite__b8__leaf_offset1,17,raw,B0|B1|B2|B4|B6,2714419331597/858993459200,True,1,1,893353226343/858993459200,00010101000000
K23_bipartite__b8__leaf_offset1,17,raw,B3|B4|B6,2542620639507/858993459200,True,1,1,154618828241/171798691840,00011010000000
K23_bipartite__b8__leaf_offset1,17,raw,B0|B3|B4|B6,2611340127573/687194767360,True,1,1,68719453971/1374389534720,01000100010010
K23_bipartite__b8__leaf_offset1,17,raw,B1|B3|B4|B6,8187281513/2684354560,True,1,1,5016521648953/6871947673600,00000000010101
K23_bipartite__b8__leaf_offset1,17,raw,B0|B1|B3|B4|B6,620622777897/214748364800,True,1,1,292057748153/1717986918400,00000100010010
K23_bipartite__b8__leaf_offset1,17,raw,B2|B3|B4|B6,5360119186223/1374389534720,True,1,1,137438951697/6871947673600,11000101000000
K23_bipartite__b8__leaf_offset1,17,raw,B0|B2|B3|B4|B6,10342281250793/3435973836800,True,1,1,120259085409/68719476736,01000101000000
K23_bipartite__b8__leaf_offset1,17,raw,B1|B2|B3|B4|B6,20547123548089/6871947673600,True,1,1,7009386891947/6871947673600,10000101000000
K23_bipartite__b8__leaf_offset1,17,raw,B0|B1|B2|B3|B4|B6,90194313241/42949672960,True,1,1,120259085409/68719476736,00000101000000
K23_bipartite__b8__leaf_offset1,17,raw,B5|B6,453119049803/214748364800,True,1,1,6322191887737/3435973836800,00000110000000
K23_bipartite__b8__leaf_offset1,17,raw,B0|B5|B6,824633720929/274877906944,True,1,1,4604205252537/6871947673600,10000110000000
K23_bipartite__b8__leaf_offset1,17,raw,B1|B5|B6,10376640988361/3435973836800,True,1,1,68719504711/3435973836800,01000110000000
K23_bipartite__b8__leaf_offset1,17,raw,B0|B1|B5|B6,74088187081/26843545600,True,1,1,841813565291/858993459200,00000000100011
K23_bipartite__b8__leaf_offset1,17,raw,B2|B5|B6,5274219840113/1717986918400,True,1,1,11544872093023/6871947673600,00100110000000
K23_bipartite__b8__leaf_offset1,17,raw,B0|B2|B5|B6,13262859011973/3435973836800,True,1,1,137438953207/1374389534720,01011001000000
K23_bipartite__b8__leaf_offset1,17,raw,B1|B2|B5|B6,26388279070449/6871947673600,True,1,1,962072673029/6871947673600,10011001000000
K23_bipartite__b8__leaf_offset1,17,raw,B0|B1|B2|B5|B6,506806141023/171798691840,True,1,1,1322850004643/1717986918400,00011001000000
K23_bipartite__b8__leaf_offset1,17,raw,B3|B5|B6,2723009265989/858993459200,True,1,1,893353226343/858993459200,00010110000000
K23_bipartite__b8__leaf_offset1,17,raw,B0|B3|B5|B6,12335146131937/3435973836800,True,1,1,292057748153/1717986918400,01001000010010
K23_bipartite__b8__leaf_offset1,17,raw,B1|B3|B5|B6,24532853310377/6871947673600,True,1,1,292057748153/1717986918400,10001000010010
K23_bipartite__b8__leaf_offset1,17,raw,B0|B1|B3|B5|B6,1151051242553/429496729600,True,1,1,292057748153/1717986918400,00001000010010
K23_bipartite__b8__leaf_offset1,17,raw,B2|B3|B5|B6,25357486919259/6871947673600,True,1,1,3023656975409/6871947673600,11001001000000
K23_bipartite__b8__leaf_offset1,17,raw,B0|B2|B3|B5|B6,1924145348973/687194767360,True,1,1,120259085409/68719476736,01001001000000
K23_bipartite__b8__leaf_offset1,17,raw,B1|B2|B3|B5|B6,19104014536233/6871947673600,True,1,1,120259085409/68719476736,10001001000000
K23_bipartite__b8__leaf_offset1,17,raw,B0|B1|B2|B3|B5|B6,811748819169/429496729600,True,1,1,120259085409/68719476736,00001001000000
K23_bipartite__b8__leaf_offset1,17,raw,B4|B5|B6,1271310319791/429496729600,True,1,1,11888469588003/6871947673600,00001110000000
K23_bipartite__b8__leaf_offset1,17,raw,B0|B4|B5|B6,2611340127513/687194767360,True,1,1,68719454211/1374389534720,01010000010010
K23_bipartite__b8__leaf_offset1,17,raw,B1|B4|B5|B6,25975962321633/6871947673600,True,1,1,618475178049/6871947673600,10010000010010
K23_bipartite__b8__leaf_offset1,17,raw,B0|B1|B4|B5|B6,2482491111513/858993459200,True,1,1,292057748153/1717986918400,00010000010010
K23_bipartite__b8__leaf_offset1,17,raw,B2|B4|B5|B6,5360119186103/1374389534720,True,1,1,137438952897/6871947673600,11010001000000
K23_bipartite__b8__leaf_offset1,17,raw,B0|B2|B4|B5|B6,10342281250493/3435973836800,True,1,1,893353226343/858993459200,01010001000000
K23_bipartite__b8__leaf_offset1,17,raw,B1|B2|B4|B5|B6,20547123547489/6871947673600,True,1,1,893353226343/858993459200,10010001000000
K23_bipartite__b8__leaf_offset1,17,raw,B0|B1|B2|B4|B5|B6,360777252949/171798691840,True,1,1,893353226343/858993459200,00010001000000
K23_bipartite__b8__leaf_offset1,17,raw,B3|B4|B5|B6,24945170170443/6871947673600,True,1,1,292057748153/1717986918400,11000000010010
K23_bipartite__b8__leaf_offset1,17,raw,B0|B3|B4|B5|B6,9414568370457/3435973836800,True,1,1,292057748153/1717986918400,01000000010010
K23_bipartite__b8__leaf_offset1,17,raw,B1|B3|B4|B5|B6,18691697787417/6871947673600,True,1,1,292057748153/1717986918400,10000000010010
K23_bipartite__b8__leaf_offset1,17,raw,B0|B1|B3|B4|B5|B6,24561844449/13421772800,True,1,1,292057748153/1717986918400,00000000010010
K23_bipartite__b8__leaf_offset1,17,raw,B2|B3|B4|B5|B6,19516331396299/6871947673600,True,1,1,120259085409/68719476736,11000001000000
K23_bipartite__b8__leaf_offset1,17,raw,B0|B2|B3|B4|B5|B6,1340029796677/687194767360,True,1,1,120259085409/68719476736,01000001000000
K23_bipartite__b8__leaf_offset1,17,raw,B1|B2|B3|B4|B5|B6,13262859013273/6871947673600,True,1,1,120259085409/68719476736,10000001000000
K23_bipartite__b8__leaf_offset1,17,raw,B0|B1|B2|B3|B4|B5|B6,55834574873/53687091200,True,1,1,120259085409/68719476736,00000001000000
K23_bipartite__b8__leaf_offset1,17,raw,B7,55834574873/53687091200,True,1,1,120259085409/68719476736,00000001000000
K23_bipartite__b8__leaf_offset1,17,raw,B0|B7,13262859013273/6871947673600,True,1,1,120259085409/68719476736,10000001000000
K23_bipartite__b8__leaf_offset1,17,raw,B1|B7,1340029796677/687194767360,True,1,1,120259085409/68719476736,01000001000000
K23_bipartite__b8__leaf_offset1,17,raw,B0|B1|B7,19516331396299/6871947673600,True,1,1,120259085409/68719476736,11000001000000
K23_bipartite__b8__leaf_offset1,17,raw,B2|B7,24561844449/13421772800,True,1,1,292057748153/1717986918400,00000000010010
K23_bipartite__b8__leaf_offset1,17,raw,B0|B2|B7,18691697787417/6871947673600,True,1,1,292057748153/1717986918400,10000000010010
K23_bipartite__b8__leaf_offset1,17,raw,B1|B2|B7,9414568370457/3435973836800,True,1,1,292057748153/1717986918400,01000000010010
K23_bipartite__b8__leaf_offset1,17,raw,B0|B1|B2|B7,24945170170443/6871947673600,True,1,1,292057748153/1717986918400,11000000010010
K23_bipartite__b8__leaf_offset1,17,raw,B3|B7,360777252949/171798691840,True,1,1,893353226343/858993459200,00010001000000
K23_bipartite__b8__leaf_offset1,17,raw,B0|B3|B7,20547123547489/6871947673600,True,1,1,893353226343/858993459200,10010001000000
K23_bipartite__b8__leaf_offset1,17,raw,B1|B3|B7,10342281250493/3435973836800,True,1,1,893353226343/858993459200,01010001000000
K23_bipartite__b8__leaf_offset1,17,raw,B0|B1|B3|B7,5360119186103/1374389534720,True,1,1,137438952897/6871947673600,11010001000000
K23_bipartite__b8__leaf_offset1,17,raw,B2|B3|B7,2482491111513/858993459200,True,1,1,292057748153/1717986918400,00010000010010
K23_bipartite__b8__leaf_offset1,17,raw,B0|B2|B3|B7,25975962321633/6871947673600,True,1,1,618475178049/6871947673600,10010000010010
K23_bipartite__b8__leaf_offset1,17,raw,B1|B2|B3|B7,2611340127513/687194767360,True,1,1,68719454211/1374389534720,01010000010010
K23_bipartite__b8__leaf_offset1,17,raw,B0|B1|B2|B3|B7,1271310319791/429496729600,True,1,1,11888469588003/6871947673600,00001110000000
K23_bipartite__b8__leaf_offset1,17,raw,B4|B7,811748819169/429496729600,True,1,1,120259085409/68719476736,00001001000000
K23_bipartite__b8__leaf_offset1,17,raw,B0|B4|B7,19104014536233/6871947673600,True,1,1,120259085409/68719476736,10001001000000
K23_bipartite__b8__leaf_offset1,17,raw,B1|B4|B7,1924145348973/687194767360,True,1,1,120259085409/68719476736,01001001000000
K23_bipartite__b8__leaf_offset1,17,raw,B0|B1|B4|B7,25357486919259/6871947673600,True,1,1,3023656975409/6871947673600,11001001000000
K23_bipartite__b8__leaf_offset1,17,raw,B2|B4|B7,1151051242553/429496729600,True,1,1,292057748153/1717986918400,00001000010010
K23_bipartite__b8__leaf_offset1,17,raw,B0|B2|B4|B7,24532853310377/6871947673600,True,1,1,292057748153/1717986918400,10001000010010
K23_bipartite__b8__leaf_offset1,17,raw,B1|B2|B4|B7,12335146131937/3435973836800,True,1,1,292057748153/1717986918400,01001000010010
K23_bipartite__b8__leaf_offset1,17,raw,B0|B1|B2|B4|B7,2723009265989/858993459200,True,1,1,893353226343/858993459200,00010110000000
K23_bipartite__b8__leaf_offset1,17,raw,B3|B4|B7,506806141023/171798691840,True,1,1,1322850004643/1717986918400,00011001000000
K23_bipartite__b8__leaf_offset1,17,raw,B0|B3|B4|B7,26388279070449/6871947673600,True,1,1,962072673029/6871947673600,10011001000000
K23_bipartite__b8__leaf_offset1,17,raw,B1|B3|B4|B7,13262859011973/3435973836800,True,1,1,137438953207/1374389534720,01011001000000
K23_bipartite__b8__leaf_offset1,17,raw,B0|B1|B3|B4|B7,5274219840113/1717986918400,True,1,1,11544872093023/6871947673600,00100110000000
K23_bipartite__b8__leaf_offset1,17,raw,B2|B3|B4|B7,74088187081/26843545600,True,1,1,841813565291/858993459200,00000000100011
K23_bipartite__b8__leaf_offset1,17,raw,B0|B2|B3|B4|B7,10376640988361/3435973836800,True,1,1,68719504711/3435973836800,01000110000000
K23_bipartite__b8__leaf_offset1,17,raw,B1|B2|B3|B4|B7,824633720929/274877906944,True,1,1,4604205252537/6871947673600,10000110000000
K23_bipartite__b8__leaf_offset1,17,raw,B0|B1|B2|B3|B4|B7,453119049803/214748364800,True,1,1,6322191887737/3435973836800,00000110000000
K23_bipartite__b8__leaf_offset1,17,raw,B5|B7,90194313241/42949672960,True,1,1,120259085409/68719476736,00000101000000
K23_bipartite__b8__leaf_offset1,17,raw,B0|B5|B7,20547123548089/6871947673600,True,1,1,7009386891947/6871947673600,10000101000000
K23_bipartite__b8__leaf_offset1,17,raw,B1|B5|B7,10342281250793/3435973836800,True,1,1,120259085409/68719476736,01000101000000
K23_bipartite__b8__leaf_offset1,17,raw,B0|B1|B5|B7,5360119186223/1374389534720,True,1,1,137438951697/6871947673600,11000101000000
K23_bipartite__b8__leaf_offset1,17,raw,B2|B5|B7,620622777897/214748364800,True,1,1,292057748153/1717986918400,00000100010010
K23_bipartite__b8__leaf_offset1,17,raw,B0|B2|B5|B7,8187281513/2684354560,True,1,1,5016521648953/6871947673600,00000000010101
K23_bipartite__b8__leaf_offset1,17,raw,B1|B2|B5|B7,2611340127573/687194767360,True,1,1,68719453971/1374389534720,01000100010010
K23_bipartite__b8__leaf_offset1,17,raw,B0|B1|B2|B5|B7,2542620639507/858993459200,True,1,1,154618828241/171798691840,00011010000000
K23_bipartite__b8__leaf_offset1,17,raw,B3|B5|B7,2714419331597/858993459200,True,1,1,893353226343/858993459200,00010101000000
K23_bipartite__b8__leaf_offset1,17,raw,B0|B3|B5|B7,12953621365811/3435973836800,True,1,1,68719504711/3435973836800,01101010000000
K23_bipartite__b8__leaf_offset1,17,raw,B1|B3|B5|B7,1030792151125/274877906944,True,1,1,2199023257677/6871947673600,10101010000000
K23_bipartite__b8__leaf_offset1,17,raw,B0|B1|B3|B5|B7,4913442587149/1717986918400,True,1,1,6322191887737/3435973836800,00101010000000
K23_bipartite__b8__leaf_offset1,17,raw,B2|B3|B5|B7,5085241278879/1374389534720,True,1,1,68719504711/3435973836800,11001010000000
K23_bipartite__b8__leaf_offset1,17,raw,B0|B2|B3|B5|B7,9655086482433/3435973836800,True,1,1,68719504711/3435973836800,01001010000000
K23_bipartite__b8__leaf_offset1,17,raw,B1|B2|B3|B5|B7,19172734011369/6871947673600,True,1,1,6322191887737/3435973836800,10001010000000
K23_bipartite__b8__leaf_offset1,17,raw,B0|B1|B2|B3|B5|B7,163208757273/85899345920,True,1,1,6322191887737/3435973836800,00001010000000
K23_bipartite__b8__leaf_offset1,17,raw,B4|B5|B7,253403070519/85899345920,True,1,1,120259085409/68719476736,00001101000000
K23_bipartite__b8__leaf_offset1,17,raw,B0|B4|B5|B7,26388279071049/6871947673600,True,1,1,962072671829/6871947673600,10001101000000
K23_bipartite__b8__leaf_offset1,17,raw,B1|B4|B5|B7,13262859012273/3435973836800,True,1,1,137438952967/1374389534720,01001101000000
K23_bipartite__b8__leaf_offset1,17,raw,B0|B1|B4|B5|B7,5274219839963/1717986918400,True,1,1,893353226343/858993459200,00110010000000
K23_bipartite__b8__leaf_offset1,17,raw,B2|B4|B5|B7,1606317775979/429496729600,True,1,1,1168230989987/6871947673600,00001100010010
K23_bipartite__b8__leaf_offset1,17,raw,B0|B2|B4|B5|B7,10376640988061/3435973836800,True,1,1,68719504711/3435973836800,01010010000000
K23_bipartite__b8__leaf_offset1,17,raw,B1|B2|B4|B5|B7,824633720905/274877906944,True,1,1,893353226343/858993459200,10010010000000
K23_bipartite__b8__leaf_offset1,17,raw,B0|B1|B2|B4|B5|B7,1812476199137/858993459200,True,1,1,893353226343/858993459200,00010010000000
K23_bipartite__b8__leaf_offset1,17,raw,B3|B4|B5|B7,26182120638191/6871947673600,True,1,1,68719504711/3435973836800,11100010000000
K23_bipartite__b8__leaf_offset1,17,raw,B0|B3|B4|B5|B7,10033043604331/3435973836800,True,1,1,68719504711/3435973836800,01100010000000
K23_bipartite__b8__leaf_offset1,17,raw,B1|B3|B4|B5|B7,3985729651033/1374389534720,True,1,1,6322191887737/3435973836800,10100010000000
K23_bipartite__b8__leaf_offset1,17,raw,B0|B1|B3|B4|B5|B7,3453153706409/1717986918400,True,1,1,6322191887737/3435973836800,00100010000000
K23_bipartite__b8__leaf_offset1,17,raw,B2|B3|B4|B5|B7,3917010174287/1374389534720,True,1,1,68719504711/3435973836800,11000010000000
K23_bipartite__b8__leaf_offset1,17,raw,B0|B2|B3|B4|B5|B7,6734508720953/3435973836800,True,1,1,68719504711/3435973836800,01000010000000
K23_bipartite__b8__leaf_offset1,17,raw,B1|B2|B3|B4|B5|B7,13331578488409/6871947673600,True,1,1,6322191887737/3435973836800,10000010000000
K23_bipartite__b8__leaf_offset1,17,raw,B0|B1|B2|B3|B4|B5|B7,22548578309/21474836480,True,1,1,6322191887737/3435973836800,00000010000000
K23_bipartite__b8__leaf_offset1,17,raw,B6|B7,224412041291/107374182400,True,1,1,120259085409/68719476736,00000011000000
K23_bipartite__b8__leaf_offset1,17,raw,B0|B6|B7,20478404072153/6871947673600,True,1,1,120259085409/68719476736,10000011000000
K23_bipartite__b8__leaf_offset1,17,raw,B1|B6|B7,412316860513/137438953472,True,1,1,68719504711/3435973836800,01000011000000
K23_bipartite__b8__leaf_offset1,17,raw,B0|B1|B6|B7,26731876455179/6871947673600,True,1,1,68719504711/3435973836800,11000011000000
K23_bipartite__b8__leaf_offset1,17,raw,B2|B6|B7,309237647137/107374182400,True,1,1,292057748153/1717986918400,00000010010010
K23_bipartite__b8__leaf_offset1,17,raw,B0|B2|B6|B7,25907242846297/6871947673600,True,1,1,755914128721/6871947673600,10000010010010
K23_bipartite__b8__leaf_offset1,17,raw,B1|B2|B6|B7,13022340899897/3435973836800,True,1,1,68719504711/3435973836800,01000010010010
K23_bipartite__b8__leaf_offset1,17,raw,B0|B1|B2|B6|B7,2551210573999/858993459200,True,1,1,154618828241/171798691840,00011100000000
K23_bipartite__b8__leaf_offset1,17,raw,B3|B6|B7,541165879421/171798691840,True,1,1,893353226343/858993459200,00010011000000
K23_bipartite__b8__leaf_offset1,17,raw,B0|B3|B6|B7,12987981103779/3435973836800,True,1,1,1786706398811/6871947673600,01101100000000
K23_bipartite__b8__leaf_offset1,17,raw,B1|B3|B6|B7,25838523254061/6871947673600,True,1,1,412316861161/1374389534720,10101100000000
K23_bipartite__b8__leaf_offset1,17,raw,B0|B1|B3|B6|B7,4930622456133/1717986918400,True,1,1,3281355043719/1717986918400,00101100000000
K23_bipartite__b8__leaf_offset1,17,raw,B2|B3|B6|B7,25494925870331/6871947673600,True,1,1,1580548080653/6871947673600,11001100000000
K23_bipartite__b8__leaf_offset1,17,raw,B0|B2|B3|B6|B7,9689446220401/3435973836800,True,1,1,13812614939711/6871947673600,01001100000000
K23_bipartite__b8__leaf_offset1,17,raw,B1|B2|B3|B6|B7,3848290697461/1374389534720,True,1,1,1443109082971/1374389534720,10001100000000
K23_bipartite__b8__leaf_offset1,17,raw,B0|B1|B2|B3|B6|B7,820338753611/429496729600,True,1,1,884763265751/429496729600,00001100000000
K23_bipartite__b8__leaf_offset1,17,raw,B4|B6|B7,1262720385349/429496729600,True,1,1,120259085409/68719476736,00001011000000
K23_bipartite__b8__leaf_offset1,17,raw,B0|B4|B6|B7,26319559595113/6871947673600,True,1,1,1099511623701/6871947673600,10001011000000
K23_bipartite__b8__leaf_offset1,17,raw,B1|B4|B6|B7,2645699854861/687194767360,True,1,1,68719504711/3435973836800,01001011000000
K23_bipartite__b8__leaf_offset1,17,raw,B0|B1|B4|B6|B7,5291399708947/1717986918400,True,1,1,893353226343/858993459200,00110100000000
K23_bipartite__b8__leaf_offset1,17,raw,B2|B4|B6|B7,1602022808733/429496729600,True,1,1,292057748153/1717986918400,00001010010010
K23_bipartite__b8__leaf_offset1,17,raw,B0|B2|B4|B6|B7,10411000726029/3435973836800,True,1,1,893353226343/858993459200,01010100000000
K23_bipartite__b8__leaf_offset1,17,raw,B1|B2|B4|B6|B7,20684562498561/6871947673600,True,1,1,618475468799/6871947673600,10010100000000
K23_bipartite__b8__leaf_offset1,17,raw,B0|B1|B2|B4|B6|B7,1821066133629/858993459200,True,1,1,893353226343/858993459200,00010100000000
K23_bipartite__b8__leaf_offset1,17,raw,B3|B4|B6|B7,26250840114127/6871947673600,True,1,1,1236950585673/6871947673600,11100100000000
K23_bipartite__b8__leaf_offset1,17,raw,B0|B3|B4|B6|B7,10067403342299/3435973836800,True,1,1,3281355043719/1717986918400,01100100000000
K23_bipartite__b8__leaf_offset1,17,raw,B1|B3|B4|B6|B7,19997367731101/6871947673600,True,1,1,1443109082971/1374389534720,10100100000000
K23_bipartite__b8__leaf_offset1,17,raw,B0|B1|B3|B4|B6|B7,3470333575393/1717986918400,True,1,1,3281355043719/1717986918400,00100100000000
K23_bipartite__b8__leaf_offset1,17,raw,B2|B3|B4|B6|B7,19653770347371/6871947673600,True,1,1,1305670120849/1374389534720,11000100000000
K23_bipartite__b8__leaf_offset1,17,raw,B0|B2|B3|B4|B6|B7,6768868458921/3435973836800,True,1,1,7284264563591/3435973836800,01000100000000
K23_bipartite__b8__leaf_offset1,17,raw,B1|B2|B3|B4|B6|B7,2680059592869/1374389534720,True,1,1,1443109082971/1374389534720,10000100000000
K23_bipartite__b8__leaf_offset1,17,raw,B0|B1|B2|B3|B4|B6|B7,227633266713/214748364800,True,1,1,19447612273913/6871947673600,00000100000000
K23_bipartite__b8__leaf_offset1,17,raw,B5|B6|B7,135291469859/42949672960,True,1,1,10445360459047/6871947673600,00000111000000
K23_bipartite__b8__leaf_offset1,17,raw,B0|B5|B6|B7,12987981103479/3435973836800,True,1,1,1786706400011/6871947673600,01111000000000
K23_bipartite__b8__leaf_offset1,17,raw,B1|B5|B6|B7,25838523253461/6871947673600,True,1,1,412316861401/1374389534720,10111000000000
K23_bipartite__b8__leaf_offset1,17,raw,B0|B1|B5|B6|B7,4930622455983/1717986918400,True,1,1,154618828241/171798691840,00111000000000
K23_bipartite__b8__leaf_offset1,17,raw,B2|B5|B6|B7,25494925869731/6871947673600,True,1,1,1580548081853/6871947673600,11011000000000
K23_bipartite__b8__leaf_offset1,17,raw,B0|B2|B5|B6|B7,9689446220101/3435973836800,True,1,1,154618828241/171798691840,01011000000000
K23_bipartite__b8__leaf_offset1,17,raw,B1|B2|B5|B6|B7,3848290697341/1374389534720,True,1,1,154618828241/171798691840,10011000000000
K23_bipartite__b8__leaf_offset1,17,raw,B0|B1|B2|B5|B6|B7,1640677507147/858993459200,True,1,1,154618828241/171798691840,00011000000000
K23_bipartite__b8__leaf_offset1,17,raw,B3|B5|B6|B7,24807731102271/6871947673600,True,1,1,824633721877/1374389534720,11101000000000
K23_bipartite__b8__leaf_offset1,17,raw,B0|B3|B5|B6|B7,9345848836371/3435973836800,True,1,1,3281355043719/1717986918400,01101000000000
K23_bipartite__b8__leaf_offset1,17,raw,B1|B3|B5|B6|B7,3710851743849/1374389534720,True,1,1,3281355043719/1717986918400,10101000000000
K23_bipartite__b8__leaf_offset1,17,raw,B0|B1|B3|B5|B6|B7,3109556322429/1717986918400,True,1,1,3281355043719/1717986918400,00101000000000
K23_bipartite__b8__leaf_offset1,17,raw,B2|B3|B5|B6|B7,3642132267103/1374389534720,True,1,1,884763265751/429496729600,11001000000000
K23_bipartite__b8__leaf_offset1,17,raw,B0|B2|B3|B5|B6|B7,6047313952993/3435973836800,True,1,1,884763265751/429496729600,01001000000000
K23_bipartite__b8__leaf_offset1,17,raw,B1|B2|B3|B5|B6|B7,11957188952489/6871947673600,True,1,1,884763265751/429496729600,10001000000000
K23_bipartite__b8__leaf_offset1,17,raw,B0|B1|B2|B3|B5|B6|B7,73014444037/85899345920,True,1,1,884763265751/429496729600,00001000000000
K23_bipartite__b8__leaf_offset1,17,raw,B4|B5|B6|B7,26250840113527/6871947673600,True,1,1,1236950586873/6871947673600,11110000000000
K23_bipartite__b8__leaf_offset1,17,raw,B0|B4|B5|B6|B7,10067403341999/3435973836800,True,1,1,893353226343/858993459200,01110000000000
K23_bipartite__b8__leaf_offset1,17,raw,B1|B4|B5|B6|B7,19997367730501/6871947673600,True,1,1,893353226343/858993459200,10110000000000
K23_bipartite__b8__leaf_offset1,17,raw,B0|B1|B4|B5|B6|B7,3470333575243/1717986918400,True,1,1,893353226343/858993459200,00110000000000
K23_bipartite__b8__leaf_offset1,17,raw,B2|B4|B5|B6|B7,19653770346771/6871947673600,True,1,1,893353226343/858993459200,11010000000000
K23_bipartite__b8__leaf_offset1,17,raw,B0|B2|B4|B5|B6|B7,6768868458621/3435973836800,True,1,1,893353226343/858993459200,01010000000000
K23_bipartite__b8__leaf_offset1,17,raw,B1|B2|B4|B5|B6|B7,2680059592749/1374389534720,True,1,1,893353226343/858993459200,10010000000000
K23_bipartite__b8__leaf_offset1,17,raw,B0|B1|B2|B4|B5|B6|B7,910533066777/858993459200,True,1,1,893353226343/858993459200,00010000000000
K23_bipartite__b8__leaf_offset1,17,raw,B3|B4|B5|B6|B7,18966575579311/6871947673600,True,1,1,3281355043719/1717986918400,11100000000000
K23_bipartite__b8__leaf_offset1,17,raw,B0|B3|B4|B5|B6|B7,6425271074891/3435973836800,True,1,1,3281355043719/1717986918400,01100000000000
K23_bipartite__b8__leaf_offset1,17,raw,B1|B3|B4|B5|B6|B7,2542620639257/1374389534720,True,1,1,3281355043719/1717986918400,10100000000000
K23_bipartite__b8__leaf_offset1,17,raw,B0|B1|B3|B4|B5|B6|B7,1649267441689/1717986918400,True,1,1,3281355043719/1717986918400,00100000000000
K23_bipartite__b8__leaf_offset1,17,raw,B2|B3|B4|B5|B6|B7,2473901162511/1374389534720,True,1,1,7284264563591/3435973836800,11000000000000
K23_bipartite__b8__leaf_offset1,17,raw,B0|B2|B3|B4|B5|B6|B7,3126736191513/3435973836800,True,1,1,7284264563591/3435973836800,01000000000000
K23_bipartite__b8__leaf_offset1,17,raw,B1|B2|B3|B4|B5|B6|B7,6116033429529/6871947673600,True,1,1,2714419359897/858993459200,10000000000000
K23_bipartite__b8__leaf_offset1,17,five_move_reduced,B0,6116033429529/6871947673600,True,1,1,21784074484487/6871947673600,000000010000
K23_bipartite__b8__leaf_offset1,17,five_move_reduced,B1,3126736191513/3435973836800,True,1,1,6579889927097/1717986918400,010000000000
K23_bipartite__b8__leaf_offset1,17,five_move_reduced,B0|B1,2473901162511/1374389534720,True,1,1,21096879673877/6871947673600,010000010000
K23_bipartite__b8__leaf_offset1,17,five_move_reduced,B2,1649267441689/1717986918400,True,1,1,3281355043719/1717986918400,000000001000
K23_bipartite__b8__leaf_offset1,17,five_move_reduced,B0|B2,2542620639257/1374389534720,True,1,1,3281355043719/1717986918400,000000011000
K23_bipartite__b8__leaf_offset1,17,five_move_reduced,B1|B2,6425271074891/3435973836800,True,1,1,3281355043719/1717986918400,010000001000
K23_bipartite__b8__leaf_offset1,17,five_move_reduced,B0|B1|B2,18966575579311/6871947673600,True,1,1,3281355043719/1717986918400,010000011000
K23_bipartite__b8__leaf_offset1,17,five_move_reduced,B3,910533066777/858993459200,True,1,1,446676604389/171798691840,000010000000
K23_bipartite__b8__leaf_offset1,17,five_move_reduced,B0|B3,2680059592749/1374389534720,True,1,1,446676604389/171798691840,000010010000
K23_bipartite__b8__leaf_offset1,17,five_move_reduced,B1|B3,6768868458621/3435973836800,True,1,1,446676604389/171798691840,010010000000
K23_bipartite__b8__leaf_offset1,17,five_move_reduced,B0|B1|B3,19653770346771/6871947673600,True,1,1,13262859127773/6871947673600,010010010000
K23_bipartite__b8__leaf_offset1,17,five_move_reduced,B2|B3,3470333575243/1717986918400,True,1,1,3281355043719/1717986918400,000010001000
K23_bipartite__b8__leaf_offset1,17,five_move_reduced,B0|B2|B3,19997367730501/6871947673600,True,1,1,3281355043719/1717986918400,000010011000
K23_bipartite__b8__leaf_offset1,17,five_move_reduced,B1|B2|B3,10067403341999/3435973836800,True,1,1,3281355043719/1717986918400,010010001000
K23_bipartite__b8__leaf_offset1,17,five_move_reduced,B0|B1|B2|B3,26250840113527/6871947673600,True,1,1,1236950586873/6871947673600,010010011000
K23_bipartite__b8__leaf_offset1,17,five_move_reduced,B4,73014444037/85899345920,True,1,1,2594160274759/858993459200,000001000000
K23_bipartite__b8__leaf_offset1,17,five_move_reduced,B0|B4,11957188952489/6871947673600,True,1,1,2594160274759/858993459200,000001010000
K23_bipartite__b8__leaf_offset1,17,five_move_reduced,B1|B4,6047313952993/3435973836800,True,1,1,2594160274759/858993459200,010001000000
K23_bipartite__b8__leaf_offset1,17,five_move_reduced,B0|B1|B4,3642132267103/1374389534720,True,1,1,3229815430057/1374389534720,010001010000
K23_bipartite__b8__leaf_offset1,17,five_move_reduced,B2|B4,3109556322429/1717986918400,True,1,1,3281355043719/1717986918400,000001001000
K23_bipartite__b8__leaf_offset1,17,five_move_reduced,B0|B2|B4,3710851743849/1374389534720,True,1,1,3281355043719/1717986918400,000001011000
K23_bipartite__b8__leaf_offset1,17,five_move_reduced,B1|B2|B4,9345848836371/3435973836800,True,1,1,3281355043719/1717986918400,010001001000
K23_bipartite__b8__leaf_offset1,17,five_move_reduced,B0|B1|B2|B4,24807731102271/6871947673600,True,1,1,824633721877/1374389534720,010001011000
K23_bipartite__b8__leaf_offset1,17,five_move_reduced,B3|B4,1640677507147/858993459200,True,1,1,154618828241/171798691840,000011000000
K23_bipartite__b8__leaf_offset1,17,five_move_reduced,B0|B3|B4,3848290697341/1374389534720,True,1,1,154618828241/171798691840,000011010000
K23_bipartite__b8__leaf_offset1,17,five_move_reduced,B1|B3|B4,9689446220101/3435973836800,True,1,1,154618828241/171798691840,010011000000
K23_bipartite__b8__leaf_offset1,17,five_move_reduced,B0|B1|B3|B4,25494925869731/6871947673600,True,1,1,1580548081853/6871947673600,010011010000
K23_bipartite__b8__leaf_offset1,17,five_move_reduced,B2|B3|B4,4930622455983/1717986918400,True,1,1,154618828241/171798691840,000011001000
K23_bipartite__b8__leaf_offset1,17,five_move_reduced,B0|B2|B3|B4,25838523253461/6871947673600,True,1,1,412316861401/1374389534720,000011011000
K23_bipartite__b8__leaf_offset1,17,five_move_reduced,B1|B2|B3|B4,12987981103479/3435973836800,True,1,1,1786706400011/6871947673600,010011001000
K23_bipartite__b8__leaf_offset1,17,five_move_reduced,B0|B1|B2|B3|B4,135291469859/42949672960,True,1,1,10445360459047/6871947673600,001000000110
K23_bipartite__b8__leaf_offset1,17,five_move_reduced,B5,227633266713/214748364800,True,1,1,19447612273913/6871947673600,000000000100
K23_bipartite__b8__leaf_offset1,17,five_move_reduced,B0|B5,2680059592869/1374389534720,True,1,1,1443109082971/1374389534720,000000010100
K23_bipartite__b8__leaf_offset1,17,five_move_reduced,B1|B5,6768868458921/3435973836800,True,1,1,18760417463303/6871947673600,010000000100
K23_bipartite__b8__leaf_offset1,17,five_move_reduced,B0|B1|B5,19653770347371/6871947673600,True,1,1,1305670120849/1374389534720,010000010100
K23_bipartite__b8__leaf_offset1,17,five_move_reduced,B2|B5,3470333575393/1717986918400,True,1,1,3281355043719/1717986918400,000000001100
K23_bipartite__b8__leaf_offset1,17,five_move_reduced,B0|B2|B5,19997367731101/6871947673600,True,1,1,1443109082971/1374389534720,000000011100
K23_bipartite__b8__leaf_offset1,17,five_move_reduced,B1|B2|B5,10067403342299/3435973836800,True,1,1,3281355043719/1717986918400,010000001100
K23_bipartite__b8__leaf_offset1,17,five_move_reduced,B0|B1|B2|B5,26250840114127/6871947673600,True,1,1,1236950585673/6871947673600,010000011100
K23_bipartite__b8__leaf_offset1,17,five_move_reduced,B3|B5,1821066133629/858993459200,True,1,1,446676604389/171798691840,000010000100
K23_bipartite__b8__leaf_offset1,17,five_move_reduced,B0|B3|B5,20684562498561/6871947673600,True,1,1,1443109082971/1374389534720,000010010100
K23_bipartite__b8__leaf_offset1,17,five_move_reduced,B1|B3|B5,10411000726029/3435973836800,True,1,1,10926396917199/6871947673600,010010000100
K23_bipartite__b8__leaf_offset1,17,five_move_reduced,B0|B1|B3|B5,1602022808733/429496729600,True,1,1,292057748153/1717986918400,001001100001
K23_bipartite__b8__leaf_offset1,17,five_move_reduced,B2|B3|B5,5291399708947/1717986918400,True,1,1,11407433142351/6871947673600,000010001100
K23_bipartite__b8__leaf_offset1,17,five_move_reduced,B0|B2|B3|B5,2645699854861/687194767360,True,1,1,824633716707/6871947673600,011001000010
K23_bipartite__b8__leaf_offset1,17,five_move_reduced,B1|B2|B3|B5,26319559595113/6871947673600,True,1,1,1099511623701/6871947673600,001001010010
K23_bipartite__b8__leaf_offset1,17,five_move_reduced,B0|B1|B2|B3|B5,1262720385349/429496729600,True,1,1,120259085409/68719476736,001001000010
K23_bipartite__b8__leaf_offset1,17,five_move_reduced,B4|B5,820338753611/429496729600,True,1,1,19447612273913/6871947673600,000001000100
K23_bipartite__b8__leaf_offset1,17,five_move_reduced,B0|B4|B5,3848290697461/1374389534720,True,1,1,1443109082971/1374389534720,000001010100
K23_bipartite__b8__leaf_offset1,17,five_move_reduced,B1|B4|B5,9689446220401/3435973836800,True,1,1,13812614939711/6871947673600,010001000100
K23_bipartite__b8__leaf_offset1,17,five_move_reduced,B0|B1|B4|B5,25494925870331/6871947673600,True,1,1,1580548080653/6871947673600,010001010100
K23_bipartite__b8__leaf_offset1,17,five_move_reduced,B2|B4|B5,4930622456133/1717986918400,True,1,1,3281355043719/1717986918400,000001001100
K23_bipartite__b8__leaf_offset1,17,five_move_reduced,B0|B2|B4|B5,25838523254061/6871947673600,True,1,1,412316861161/1374389534720,000001011100
K23_bipartite__b8__leaf_offset1,17,five_move_reduced,B1|B2|B4|B5,12987981103779/3435973836800,True,1,1,1786706398811/6871947673600,010001001100
K23_bipartite__b8__leaf_offset1,17,five_move_reduced,B0|B1|B2|B4|B5,541165879421/171798691840,True,1,1,10445360460247/6871947673600,001010000010
K23_bipartite__b8__leaf_offset1,17,five_move_reduced,B3|B4|B5,2551210573999/858993459200,True,1,1,154618828241/171798691840,000011000100
K23_bipartite__b8__leaf_offset1,17,five_move_reduced,B0|B3|B4|B5,13022340899897/3435973836800,True,1,1,481036221727/6871947673600,011000100001
K23_bipartite__b8__leaf_offset1,17,five_move_reduced,B1|B3|B4|B5,25907242846297/6871947673600,True,1,1,755914128721/6871947673600,001000110001
K23_bipartite__b8__leaf_offset1,17,five_move_reduced,B0|B1|B3|B4|B5,309237647137/107374182400,True,1,1,292057748153/1717986918400,001000100001
K23_bipartite__b8__leaf_offset1,17,five_move_reduced,B2|B3|B4|B5,26731876455179/6871947673600,True,1,1,274877903569/6871947673600,011000010010
K23_bipartite__b8__leaf_offset1,17,five_move_reduced,B0|B2|B3|B4|B5,412316860513/137438953472,True,1,1,120259085409/68719476736,011000000010
K23_bipartite__b8__leaf_offset1,17,five_move_reduced,B1|B2|B3|B4|B5,20478404072153/6871947673600,True,1,1,120259085409/68719476736,001000010010
K23_bipartite__b8__leaf_offset1,17,five_move_reduced,B0|B1|B2|B3|B4|B5,224412041291/107374182400,True,1,1,120259085409/68719476736,001000000010
K23_bipartite__b8__leaf_offset1,17,five_move_reduced,B6,22548578309/21474836480,True,1,1,6579889927097/1717986918400,001000000000
K23_bipartite__b8__leaf_offset1,17,five_move_reduced,B0|B6,13331578488409/6871947673600,True,1,1,19172734322169/6871947673600,001000010000
K23_bipartite__b8__leaf_offset1,17,five_move_reduced,B1|B6,6734508720953/3435973836800,True,1,1,6940667383111/3435973836800,011000000000
K23_bipartite__b8__leaf_offset1,17,five_move_reduced,B0|B1|B6,3917010174287/1374389534720,True,1,1,6665789556117/6871947673600,011000010000
K23_bipartite__b8__leaf_offset1,17,five_move_reduced,B2|B6,3453153706409/1717986918400,True,1,1,3281355043719/1717986918400,001000001000
K23_bipartite__b8__leaf_offset1,17,five_move_reduced,B0|B2|B6,3985729651033/1374389534720,True,1,1,3281355043719/1717986918400,001000011000
K23_bipartite__b8__leaf_offset1,17,five_move_reduced,B1|B2|B6,10033043604331/3435973836800,True,1,1,3281355043719/1717986918400,011000001000
K23_bipartite__b8__leaf_offset1,17,five_move_reduced,B0|B1|B2|B6,26182120638191/6871947673600,True,1,1,274877907509/1374389534720,011000011000
K23_bipartite__b8__leaf_offset1,17,five_move_reduced,B3|B6,1812476199137/858993459200,True,1,1,446676604389/171798691840,001010000000
K23_bipartite__b8__leaf_offset1,17,five_move_reduced,B0|B3|B6,824633720905/274877906944,True,1,1,2267742755213/1374389534720,001010010000
K23_bipartite__b8__leaf_offset1,17,five_move_reduced,B1|B3|B6,10376640988061/3435973836800,True,1,1,3023657110059/3435973836800,011010000000
K23_bipartite__b8__leaf_offset1,17,five_move_reduced,B0|B1|B3|B6,1606317775979/429496729600,True,1,1,1168230989987/6871947673600,000001100101
K23_bipartite__b8__leaf_offset1,17,five_move_reduced,B2|B3|B6,5274219839963/1717986918400,True,1,1,11544872094223/6871947673600,001010001000
K23_bipartite__b8__leaf_offset1,17,five_move_reduced,B0|B2|B3|B6,13262859012273/3435973836800,True,1,1,137438952967/1374389534720,010001000110
K23_bipartite__b8__leaf_offset1,17,five_move_reduced,B1|B2|B3|B6,26388279071049/6871947673600,True,1,1,962072671829/6871947673600,000001010110
K23_bipartite__b8__leaf_offset1,17,five_move_reduced,B0|B1|B2|B3|B6,253403070519/85899345920,True,1,1,120259085409/68719476736,000001000110
K23_bipartite__b8__leaf_offset1,17,five_move_reduced,B4|B6,163208757273/85899345920,True,1,1,2594160274759/858993459200,001001000000
K23_bipartite__b8__leaf_offset1,17,five_move_reduced,B0|B4|B6,19172734011369/6871947673600,True,1,1,14224931798577/6871947673600,001001010000
K23_bipartite__b8__leaf_offset1,17,five_move_reduced,B1|B4|B6,9655086482433/3435973836800,True,1,1,893353224263/687194767360,011001000000
K23_bipartite__b8__leaf_offset1,17,five_move_reduced,B0|B1|B4|B6,5085241278879/1374389534720,True,1,1,68719481301/274877906944,011001010000
K23_bipartite__b8__leaf_offset1,17,five_move_reduced,B2|B4|B6,4913442587149/1717986918400,True,1,1,3281355043719/1717986918400,001001001000
K23_bipartite__b8__leaf_offset1,17,five_move_reduced,B0|B2|B4|B6,1030792151125/274877906944,True,1,1,2199023257677/6871947673600,001001011000
K23_bipartite__b8__leaf_offset1,17,five_move_reduced,B1|B2|B4|B6,12953621365811/3435973836800,True,1,1,1924145350683/6871947673600,011001001000
K23_bipartite__b8__leaf_offset1,17,five_move_reduced,B0|B1|B2|B4|B6,2714419331597/858993459200,True,1,1,412316860335/274877906944,000010000110
K23_bipartite__b8__leaf_offset1,17,five_move_reduced,B3|B4|B6,2542620639507/858993459200,True,1,1,154618828241/171798691840,001011000000
K23_bipartite__b8__leaf_offset1,17,five_move_reduced,B0|B3|B4|B6,2611340127573/687194767360,True,1,1,68719453971/1374389534720,010000100101
K23_bipartite__b8__leaf_offset1,17,five_move_reduced,B1|B3|B4|B6,8187281513/2684354560,True,1,1,5016521648953/6871947673600,000100100000
K23_bipartite__b8__leaf_offset1,17,five_move_reduced,B0|B1|B3|B4|B6,620622777897/214748364800,True,1,1,292057748153/1717986918400,000000100101
K23_bipartite__b8__leaf_offset1,17,five_move_reduced,B2|B3|B4|B6,5360119186223/1374389534720,True,1,1,137438951697/6871947673600,010000010110
K23_bipartite__b8__leaf_offset1,17,five_move_reduced,B0|B2|B3|B4|B6,10342281250793/3435973836800,True,1,1,120259085409/68719476736,010000000110
K23_bipartite__b8__leaf_offset1,17,five_move_reduced,B1|B2|B3|B4|B6,20547123548089/6871947673600,True,1,1,7009386891947/6871947673600,000000010110
K23_bipartite__b8__leaf_offset1,17,five_move_reduced,B0|B1|B2|B3|B4|B6,90194313241/42949672960,True,1,1,120259085409/68719476736,000000000110
K23_bipartite__b8__leaf_offset1,17,five_move_reduced,B5|B6,453119049803/214748364800,True,1,1,3367254422319/1374389534720,001000000100
K23_bipartite__b8__leaf_offset1,17,five_move_reduced,B0|B5|B6,824633720929/274877906944,True,1,1,4604205252537/6871947673600,001000010100
K23_bipartite__b8__leaf_offset1,17,five_move_reduced,B1|B5|B6,10376640988361/3435973836800,True,1,1,4329327345543/6871947673600,011000000100
K23_bipartite__b8__leaf_offset1,17,five_move_reduced,B0|B1|B5|B6,74088187081/26843545600,True,1,1,841813565291/858993459200,100000000001
K23_bipartite__b8__leaf_offset1,17,five_move_reduced,B2|B5|B6,5274219840113/1717986918400,True,1,1,11544872093023/6871947673600,001000001100
K23_bipartite__b8__leaf_offset1,17,five_move_reduced,B0|B2|B5|B6,13262859011973/3435973836800,True,1,1,137438953207/1374389534720,010011000010
K23_bipartite__b8__leaf_offset1,17,five_move_reduced,B1|B2|B5|B6,26388279070449/6871947673600,True,1,1,962072673029/6871947673600,000011010010
K23_bipartite__b8__leaf_offset1,17,five_move_reduced,B0|B1|B2|B5|B6,506806141023/171798691840,True,1,1,1322850004643/1717986918400,000011000010
K23_bipartite__b8__leaf_offset1,17,five_move_reduced,B3|B5|B6,2723009265989/858993459200,True,1,1,9002251565491/6871947673600,001010000100
K23_bipartite__b8__leaf_offset1,17,five_move_reduced,B0|B3|B5|B6,12335146131937/3435973836800,True,1,1,292057748153/1717986918400,010001100001
K23_bipartite__b8__leaf_offset1,17,five_move_reduced,B1|B3|B5|B6,24532853310377/6871947673600,True,1,1,292057748153/1717986918400,000001110001
K23_bipartite__b8__leaf_offset1,17,five_move_reduced,B0|B1|B3|B5|B6,1151051242553/429496729600,True,1,1,292057748153/1717986918400,000001100001
K23_bipartite__b8__leaf_offset1,17,five_move_reduced,B2|B3|B5|B6,25357486919259/6871947673600,True,1,1,3023656975409/6871947673600,010001010010
K23_bipartite__b8__leaf_offset1,17,five_move_reduced,B0|B2|B3|B5|B6,1924145348973/687194767360,True,1,1,120259085409/68719476736,010001000010
K23_bipartite__b8__leaf_offset1,17,five_move_reduced,B1|B2|B3|B5|B6,19104014536233/6871947673600,True,1,1,120259085409/68719476736,000001010010
K23_bipartite__b8__leaf_offset1,17,five_move_reduced,B0|B1|B2|B3|B5|B6,811748819169/429496729600,True,1,1,120259085409/68719476736,000001000010
K23_bipartite__b8__leaf_offset1,17,five_move_reduced,B4|B5|B6,1271310319791/429496729600,True,1,1,11888469588003/6871947673600,001001000100
K23_bipartite__b8__leaf_offset1,17,five_move_reduced,B0|B4|B5|B6,2611340127513/687194767360,True,1,1,68719454211/1374389534720,010010100001
K23_bipartite__b8__leaf_offset1,17,five_move_reduced,B1|B4|B5|B6,25975962321633/6871947673600,True,1,1,618475178049/6871947673600,000010110001
K23_bipartite__b8__leaf_offset1,17,five_move_reduced,B0|B1|B4|B5|B6,2482491111513/858993459200,True,1,1,292057748153/1717986918400,000010100001
K23_bipartite__b8__leaf_offset1,17,five_move_reduced,B2|B4|B5|B6,5360119186103/1374389534720,True,1,1,137438952897/6871947673600,010010010010
K23_bipartite__b8__leaf_offset1,17,five_move_reduced,B0|B2|B4|B5|B6,10342281250493/3435973836800,True,1,1,120259085409/68719476736,010010000010
K23_bipartite__b8__leaf_offset1,17,five_move_reduced,B1|B2|B4|B5|B6,20547123547489/6871947673600,True,1,1,120259085409/68719476736,000010010010
K23_bipartite__b8__leaf_offset1,17,five_move_reduced,B0|B1|B2|B4|B5|B6,360777252949/171798691840,True,1,1,120259085409/68719476736,000010000010
K23_bipartite__b8__leaf_offset1,17,five_move_reduced,B3|B4|B5|B6,24945170170443/6871947673600,True,1,1,292057748153/1717986918400,010000110001
K23_bipartite__b8__leaf_offset1,17,five_move_reduced,B0|B3|B4|B5|B6,9414568370457/3435973836800,True,1,1,292057748153/1717986918400,010000100001
K23_bipartite__b8__leaf_offset1,17,five_move_reduced,B1|B3|B4|B5|B6,18691697787417/6871947673600,True,1,1,292057748153/1717986918400,000000110001
K23_bipartite__b8__leaf_offset1,17,five_move_reduced,B0|B1|B3|B4|B5|B6,24561844449/13421772800,True,1,1,292057748153/1717986918400,000000100001
K23_bipartite__b8__leaf_offset1,17,five_move_reduced,B2|B3|B4|B5|B6,19516331396299/6871947673600,True,1,1,120259085409/68719476736,010000010010
K23_bipartite__b8__leaf_offset1,17,five_move_reduced,B0|B2|B3|B4|B5|B6,1340029796677/687194767360,True,1,1,120259085409/68719476736,010000000010
K23_bipartite__b8__leaf_offset1,17,five_move_reduced,B1|B2|B3|B4|B5|B6,13262859013273/6871947673600,True,1,1,120259085409/68719476736,000000010010
K23_bipartite__b8__leaf_offset1,17,five_move_reduced,B0|B1|B2|B3|B4|B5|B6,55834574873/53687091200,True,1,1,120259085409/68719476736,000000000010
K23_bipartite__b8__leaf_offset1,17,five_move_reduced,B7,55834574873/53687091200,True,1,1,120259085409/68719476736,000000000010
K23_bipartite__b8__leaf_offset1,17,five_move_reduced,B0|B7,13262859013273/6871947673600,True,1,1,120259085409/68719476736,000000010010
K23_bipartite__b8__leaf_offset1,17,five_move_reduced,B1|B7,1340029796677/687194767360,True,1,1,120259085409/68719476736,010000000010
K23_bipartite__b8__leaf_offset1,17,five_move_reduced,B0|B1|B7,19516331396299/6871947673600,True,1,1,120259085409/68719476736,010000010010
K23_bipartite__b8__leaf_offset1,17,five_move_reduced,B2|B7,24561844449/13421772800,True,1,1,292057748153/1717986918400,000000100001
K23_bipartite__b8__leaf_offset1,17,five_move_reduced,B0|B2|B7,18691697787417/6871947673600,True,1,1,292057748153/1717986918400,000000110001
K23_bipartite__b8__leaf_offset1,17,five_move_reduced,B1|B2|B7,9414568370457/3435973836800,True,1,1,292057748153/1717986918400,010000100001
K23_bipartite__b8__leaf_offset1,17,five_move_reduced,B0|B1|B2|B7,24945170170443/6871947673600,True,1,1,292057748153/1717986918400,010000110001
K23_bipartite__b8__leaf_offset1,17,five_move_reduced,B3|B7,360777252949/171798691840,True,1,1,120259085409/68719476736,000010000010
K23_bipartite__b8__leaf_offset1,17,five_move_reduced,B0|B3|B7,20547123547489/6871947673600,True,1,1,120259085409/68719476736,000010010010
K23_bipartite__b8__leaf_offset1,17,five_move_reduced,B1|B3|B7,10342281250493/3435973836800,True,1,1,120259085409/68719476736,010010000010
K23_bipartite__b8__leaf_offset1,17,five_move_reduced,B0|B1|B3|B7,5360119186103/1374389534720,True,1,1,137438952897/6871947673600,010010010010
K23_bipartite__b8__leaf_offset1,17,five_move_reduced,B2|B3|B7,2482491111513/858993459200,True,1,1,292057748153/1717986918400,000010100001
K23_bipartite__b8__leaf_offset1,17,five_move_reduced,B0|B2|B3|B7,25975962321633/6871947673600,True,1,1,618475178049/6871947673600,000010110001
K23_bipartite__b8__leaf_offset1,17,five_move_reduced,B1|B2|B3|B7,2611340127513/687194767360,True,1,1,68719454211/1374389534720,010010100001
K23_bipartite__b8__leaf_offset1,17,five_move_reduced,B0|B1|B2|B3|B7,1271310319791/429496729600,True,1,1,11888469588003/6871947673600,001001000100
K23_bipartite__b8__leaf_offset1,17,five_move_reduced,B4|B7,811748819169/429496729600,True,1,1,120259085409/68719476736,000001000010
K23_bipartite__b8__leaf_offset1,17,five_move_reduced,B0|B4|B7,19104014536233/6871947673600,True,1,1,120259085409/68719476736,000001010010
K23_bipartite__b8__leaf_offset1,17,five_move_reduced,B1|B4|B7,1924145348973/687194767360,True,1,1,120259085409/68719476736,010001000010
K23_bipartite__b8__leaf_offset1,17,five_move_reduced,B0|B1|B4|B7,25357486919259/6871947673600,True,1,1,3023656975409/6871947673600,010001010010
K23_bipartite__b8__leaf_offset1,17,five_move_reduced,B2|B4|B7,1151051242553/429496729600,True,1,1,292057748153/1717986918400,000001100001
K23_bipartite__b8__leaf_offset1,17,five_move_reduced,B0|B2|B4|B7,24532853310377/6871947673600,True,1,1,292057748153/1717986918400,000001110001
K23_bipartite__b8__leaf_offset1,17,five_move_reduced,B1|B2|B4|B7,12335146131937/3435973836800,True,1,1,292057748153/1717986918400,010001100001
K23_bipartite__b8__leaf_offset1,17,five_move_reduced,B0|B1|B2|B4|B7,2723009265989/858993459200,True,1,1,9002251565491/6871947673600,001010000100
K23_bipartite__b8__leaf_offset1,17,five_move_reduced,B3|B4|B7,506806141023/171798691840,True,1,1,1322850004643/1717986918400,000011000010
K23_bipartite__b8__leaf_offset1,17,five_move_reduced,B0|B3|B4|B7,26388279070449/6871947673600,True,1,1,962072673029/6871947673600,000011010010
K23_bipartite__b8__leaf_offset1,17,five_move_reduced,B1|B3|B4|B7,13262859011973/3435973836800,True,1,1,137438953207/1374389534720,010011000010
K23_bipartite__b8__leaf_offset1,17,five_move_reduced,B0|B1|B3|B4|B7,5274219840113/1717986918400,True,1,1,11544872093023/6871947673600,001000001100
K23_bipartite__b8__leaf_offset1,17,five_move_reduced,B2|B3|B4|B7,74088187081/26843545600,True,1,1,841813565291/858993459200,100000000001
K23_bipartite__b8__leaf_offset1,17,five_move_reduced,B0|B2|B3|B4|B7,10376640988361/3435973836800,True,1,1,4329327345543/6871947673600,011000000100
K23_bipartite__b8__leaf_offset1,17,five_move_reduced,B1|B2|B3|B4|B7,824633720929/274877906944,True,1,1,4604205252537/6871947673600,001000010100
K23_bipartite__b8__leaf_offset1,17,five_move_reduced,B0|B1|B2|B3|B4|B7,453119049803/214748364800,True,1,1,3367254422319/1374389534720,001000000100
K23_bipartite__b8__leaf_offset1,17,five_move_reduced,B5|B7,90194313241/42949672960,True,1,1,120259085409/68719476736,000000000110
K23_bipartite__b8__leaf_offset1,17,five_move_reduced,B0|B5|B7,20547123548089/6871947673600,True,1,1,7009386891947/6871947673600,000000010110
K23_bipartite__b8__leaf_offset1,17,five_move_reduced,B1|B5|B7,10342281250793/3435973836800,True,1,1,120259085409/68719476736,010000000110
K23_bipartite__b8__leaf_offset1,17,five_move_reduced,B0|B1|B5|B7,5360119186223/1374389534720,True,1,1,137438951697/6871947673600,010000010110
K23_bipartite__b8__leaf_offset1,17,five_move_reduced,B2|B5|B7,620622777897/214748364800,True,1,1,292057748153/1717986918400,000000100101
K23_bipartite__b8__leaf_offset1,17,five_move_reduced,B0|B2|B5|B7,8187281513/2684354560,True,1,1,5016521648953/6871947673600,000100100000
K23_bipartite__b8__leaf_offset1,17,five_move_reduced,B1|B2|B5|B7,2611340127573/687194767360,True,1,1,68719453971/1374389534720,010000100101
K23_bipartite__b8__leaf_offset1,17,five_move_reduced,B0|B1|B2|B5|B7,2542620639507/858993459200,True,1,1,154618828241/171798691840,001011000000
K23_bipartite__b8__leaf_offset1,17,five_move_reduced,B3|B5|B7,2714419331597/858993459200,True,1,1,412316860335/274877906944,000010000110
K23_bipartite__b8__leaf_offset1,17,five_move_reduced,B0|B3|B5|B7,12953621365811/3435973836800,True,1,1,1924145350683/6871947673600,011001001000
K23_bipartite__b8__leaf_offset1,17,five_move_reduced,B1|B3|B5|B7,1030792151125/274877906944,True,1,1,2199023257677/6871947673600,001001011000
K23_bipartite__b8__leaf_offset1,17,five_move_reduced,B0|B1|B3|B5|B7,4913442587149/1717986918400,True,1,1,3281355043719/1717986918400,001001001000
K23_bipartite__b8__leaf_offset1,17,five_move_reduced,B2|B3|B5|B7,5085241278879/1374389534720,True,1,1,68719481301/274877906944,011001010000
K23_bipartite__b8__leaf_offset1,17,five_move_reduced,B0|B2|B3|B5|B7,9655086482433/3435973836800,True,1,1,893353224263/687194767360,011001000000
K23_bipartite__b8__leaf_offset1,17,five_move_reduced,B1|B2|B3|B5|B7,19172734011369/6871947673600,True,1,1,14224931798577/6871947673600,001001010000
K23_bipartite__b8__leaf_offset1,17,five_move_reduced,B0|B1|B2|B3|B5|B7,163208757273/85899345920,True,1,1,2594160274759/858993459200,001001000000
K23_bipartite__b8__leaf_offset1,17,five_move_reduced,B4|B5|B7,253403070519/85899345920,True,1,1,120259085409/68719476736,000001000110
K23_bipartite__b8__leaf_offset1,17,five_move_reduced,B0|B4|B5|B7,26388279071049/6871947673600,True,1,1,962072671829/6871947673600,000001010110
K23_bipartite__b8__leaf_offset1,17,five_move_reduced,B1|B4|B5|B7,13262859012273/3435973836800,True,1,1,137438952967/1374389534720,010001000110
K23_bipartite__b8__leaf_offset1,17,five_move_reduced,B0|B1|B4|B5|B7,5274219839963/1717986918400,True,1,1,11544872094223/6871947673600,001010001000
K23_bipartite__b8__leaf_offset1,17,five_move_reduced,B2|B4|B5|B7,1606317775979/429496729600,True,1,1,1168230989987/6871947673600,000001100101
K23_bipartite__b8__leaf_offset1,17,five_move_reduced,B0|B2|B4|B5|B7,10376640988061/3435973836800,True,1,1,3023657110059/3435973836800,011010000000
K23_bipartite__b8__leaf_offset1,17,five_move_reduced,B1|B2|B4|B5|B7,824633720905/274877906944,True,1,1,2267742755213/1374389534720,001010010000
K23_bipartite__b8__leaf_offset1,17,five_move_reduced,B0|B1|B2|B4|B5|B7,1812476199137/858993459200,True,1,1,446676604389/171798691840,001010000000
K23_bipartite__b8__leaf_offset1,17,five_move_reduced,B3|B4|B5|B7,26182120638191/6871947673600,True,1,1,274877907509/1374389534720,011000011000
K23_bipartite__b8__leaf_offset1,17,five_move_reduced,B0|B3|B4|B5|B7,10033043604331/3435973836800,True,1,1,3281355043719/1717986918400,011000001000
K23_bipartite__b8__leaf_offset1,17,five_move_reduced,B1|B3|B4|B5|B7,3985729651033/1374389534720,True,1,1,3281355043719/1717986918400,001000011000
K23_bipartite__b8__leaf_offset1,17,five_move_reduced,B0|B1|B3|B4|B5|B7,3453153706409/1717986918400,True,1,1,3281355043719/1717986918400,001000001000
K23_bipartite__b8__leaf_offset1,17,five_move_reduced,B2|B3|B4|B5|B7,3917010174287/1374389534720,True,1,1,6665789556117/6871947673600,011000010000
K23_bipartite__b8__leaf_offset1,17,five_move_reduced,B0|B2|B3|B4|B5|B7,6734508720953/3435973836800,True,1,1,6940667383111/3435973836800,011000000000
K23_bipartite__b8__leaf_offset1,17,five_move_reduced,B1|B2|B3|B4|B5|B7,13331578488409/6871947673600,True,1,1,19172734322169/6871947673600,001000010000
K23_bipartite__b8__leaf_offset1,17,five_move_reduced,B0|B1|B2|B3|B4|B5|B7,22548578309/21474836480,True,1,1,6579889927097/1717986918400,001000000000
K23_bipartite__b8__leaf_offset1,17,five_move_reduced,B6|B7,224412041291/107374182400,True,1,1,120259085409/68719476736,001000000010
K23_bipartite__b8__leaf_offset1,17,five_move_reduced,B0|B6|B7,20478404072153/6871947673600,True,1,1,120259085409/68719476736,001000010010
K23_bipartite__b8__leaf_offset1,17,five_move_reduced,B1|B6|B7,412316860513/137438953472,True,1,1,120259085409/68719476736,011000000010
K23_bipartite__b8__leaf_offset1,17,five_move_reduced,B0|B1|B6|B7,26731876455179/6871947673600,True,1,1,274877903569/6871947673600,011000010010
K23_bipartite__b8__leaf_offset1,17,five_move_reduced,B2|B6|B7,309237647137/107374182400,True,1,1,292057748153/1717986918400,001000100001
K23_bipartite__b8__leaf_offset1,17,five_move_reduced,B0|B2|B6|B7,25907242846297/6871947673600,True,1,1,755914128721/6871947673600,001000110001
K23_bipartite__b8__leaf_offset1,17,five_move_reduced,B1|B2|B6|B7,13022340899897/3435973836800,True,1,1,481036221727/6871947673600,011000100001
K23_bipartite__b8__leaf_offset1,17,five_move_reduced,B0|B1|B2|B6|B7,2551210573999/858993459200,True,1,1,154618828241/171798691840,000011000100
K23_bipartite__b8__leaf_offset1,17,five_move_reduced,B3|B6|B7,541165879421/171798691840,True,1,1,10445360460247/6871947673600,001010000010
K23_bipartite__b8__leaf_offset1,17,five_move_reduced,B0|B3|B6|B7,12987981103779/3435973836800,True,1,1,1786706398811/6871947673600,010001001100
K23_bipartite__b8__leaf_offset1,17,five_move_reduced,B1|B3|B6|B7,25838523254061/6871947673600,True,1,1,412316861161/1374389534720,000001011100
K23_bipartite__b8__leaf_offset1,17,five_move_reduced,B0|B1|B3|B6|B7,4930622456133/1717986918400,True,1,1,3281355043719/1717986918400,000001001100
K23_bipartite__b8__leaf_offset1,17,five_move_reduced,B2|B3|B6|B7,25494925870331/6871947673600,True,1,1,1580548080653/6871947673600,010001010100
K23_bipartite__b8__leaf_offset1,17,five_move_reduced,B0|B2|B3|B6|B7,9689446220401/3435973836800,True,1,1,13812614939711/6871947673600,010001000100
K23_bipartite__b8__leaf_offset1,17,five_move_reduced,B1|B2|B3|B6|B7,3848290697461/1374389534720,True,1,1,1443109082971/1374389534720,000001010100
K23_bipartite__b8__leaf_offset1,17,five_move_reduced,B0|B1|B2|B3|B6|B7,820338753611/429496729600,True,1,1,19447612273913/6871947673600,000001000100
K23_bipartite__b8__leaf_offset1,17,five_move_reduced,B4|B6|B7,1262720385349/429496729600,True,1,1,120259085409/68719476736,001001000010
K23_bipartite__b8__leaf_offset1,17,five_move_reduced,B0|B4|B6|B7,26319559595113/6871947673600,True,1,1,1099511623701/6871947673600,001001010010
K23_bipartite__b8__leaf_offset1,17,five_move_reduced,B1|B4|B6|B7,2645699854861/687194767360,True,1,1,824633716707/6871947673600,011001000010
K23_bipartite__b8__leaf_offset1,17,five_move_reduced,B0|B1|B4|B6|B7,5291399708947/1717986918400,True,1,1,11407433142351/6871947673600,000010001100
K23_bipartite__b8__leaf_offset1,17,five_move_reduced,B2|B4|B6|B7,1602022808733/429496729600,True,1,1,292057748153/1717986918400,001001100001
K23_bipartite__b8__leaf_offset1,17,five_move_reduced,B0|B2|B4|B6|B7,10411000726029/3435973836800,True,1,1,10926396917199/6871947673600,010010000100
K23_bipartite__b8__leaf_offset1,17,five_move_reduced,B1|B2|B4|B6|B7,20684562498561/6871947673600,True,1,1,1443109082971/1374389534720,000010010100
K23_bipartite__b8__leaf_offset1,17,five_move_reduced,B0|B1|B2|B4|B6|B7,1821066133629/858993459200,True,1,1,446676604389/171798691840,000010000100
K23_bipartite__b8__leaf_offset1,17,five_move_reduced,B3|B4|B6|B7,26250840114127/6871947673600,True,1,1,1236950585673/6871947673600,010000011100
K23_bipartite__b8__leaf_offset1,17,five_move_reduced,B0|B3|B4|B6|B7,10067403342299/3435973836800,True,1,1,3281355043719/1717986918400,010000001100
K23_bipartite__b8__leaf_offset1,17,five_move_reduced,B1|B3|B4|B6|B7,19997367731101/6871947673600,True,1,1,1443109082971/1374389534720,000000011100
K23_bipartite__b8__leaf_offset1,17,five_move_reduced,B0|B1|B3|B4|B6|B7,3470333575393/1717986918400,True,1,1,3281355043719/1717986918400,000000001100
K23_bipartite__b8__leaf_offset1,17,five_move_reduced,B2|B3|B4|B6|B7,19653770347371/6871947673600,True,1,1,1305670120849/1374389534720,010000010100
K23_bipartite__b8__leaf_offset1,17,five_move_reduced,B0|B2|B3|B4|B6|B7,6768868458921/3435973836800,True,1,1,18760417463303/6871947673600,010000000100
K23_bipartite__b8__leaf_offset1,17,five_move_reduced,B1|B2|B3|B4|B6|B7,2680059592869/1374389534720,True,1,1,1443109082971/1374389534720,000000010100
K23_bipartite__b8__leaf_offset1,17,five_move_reduced,B0|B1|B2|B3|B4|B6|B7,227633266713/214748364800,True,1,1,19447612273913/6871947673600,000000000100
K23_bipartite__b8__leaf_offset1,17,five_move_reduced,B5|B6|B7,135291469859/42949672960,True,1,1,10445360459047/6871947673600,001000000110
K23_bipartite__b8__leaf_offset1,17,five_move_reduced,B0|B5|B6|B7,12987981103479/3435973836800,True,1,1,1786706400011/6871947673600,010011001000
K23_bipartite__b8__leaf_offset1,17,five_move_reduced,B1|B5|B6|B7,25838523253461/6871947673600,True,1,1,412316861401/1374389534720,000011011000
K23_bipartite__b8__leaf_offset1,17,five_move_reduced,B0|B1|B5|B6|B7,4930622455983/1717986918400,True,1,1,154618828241/171798691840,000011001000
K23_bipartite__b8__leaf_offset1,17,five_move_reduced,B2|B5|B6|B7,25494925869731/6871947673600,True,1,1,1580548081853/6871947673600,010011010000
K23_bipartite__b8__leaf_offset1,17,five_move_reduced,B0|B2|B5|B6|B7,9689446220101/3435973836800,True,1,1,154618828241/171798691840,010011000000
K23_bipartite__b8__leaf_offset1,17,five_move_reduced,B1|B2|B5|B6|B7,3848290697341/1374389534720,True,1,1,154618828241/171798691840,000011010000
K23_bipartite__b8__leaf_offset1,17,five_move_reduced,B0|B1|B2|B5|B6|B7,1640677507147/858993459200,True,1,1,154618828241/171798691840,000011000000
K23_bipartite__b8__leaf_offset1,17,five_move_reduced,B3|B5|B6|B7,24807731102271/6871947673600,True,1,1,824633721877/1374389534720,010001011000
K23_bipartite__b8__leaf_offset1,17,five_move_reduced,B0|B3|B5|B6|B7,9345848836371/3435973836800,True,1,1,3281355043719/1717986918400,010001001000
K23_bipartite__b8__leaf_offset1,17,five_move_reduced,B1|B3|B5|B6|B7,3710851743849/1374389534720,True,1,1,3281355043719/1717986918400,000001011000
K23_bipartite__b8__leaf_offset1,17,five_move_reduced,B0|B1|B3|B5|B6|B7,3109556322429/1717986918400,True,1,1,3281355043719/1717986918400,000001001000
K23_bipartite__b8__leaf_offset1,17,five_move_reduced,B2|B3|B5|B6|B7,3642132267103/1374389534720,True,1,1,3229815430057/1374389534720,010001010000
K23_bipartite__b8__leaf_offset1,17,five_move_reduced,B0|B2|B3|B5|B6|B7,6047313952993/3435973836800,True,1,1,2594160274759/858993459200,010001000000
K23_bipartite__b8__leaf_offset1,17,five_move_reduced,B1|B2|B3|B5|B6|B7,11957188952489/6871947673600,True,1,1,2594160274759/858993459200,000001010000
K23_bipartite__b8__leaf_offset1,17,five_move_reduced,B0|B1|B2|B3|B5|B6|B7,73014444037/85899345920,True,1,1,2594160274759/858993459200,000001000000
K23_bipartite__b8__leaf_offset1,17,five_move_reduced,B4|B5|B6|B7,26250840113527/6871947673600,True,1,1,1236950586873/6871947673600,010010011000
K23_bipartite__b8__leaf_offset1,17,five_move_reduced,B0|B4|B5|B6|B7,10067403341999/3435973836800,True,1,1,3281355043719/1717986918400,010010001000
K23_bipartite__b8__leaf_offset1,17,five_move_reduced,B1|B4|B5|B6|B7,19997367730501/6871947673600,True,1,1,3281355043719/1717986918400,000010011000
K23_bipartite__b8__leaf_offset1,17,five_move_reduced,B0|B1|B4|B5|B6|B7,3470333575243/1717986918400,True,1,1,3281355043719/1717986918400,000010001000
K23_bipartite__b8__leaf_offset1,17,five_move_reduced,B2|B4|B5|B6|B7,19653770346771/6871947673600,True,1,1,13262859127773/6871947673600,010010010000
K23_bipartite__b8__leaf_offset1,17,five_move_reduced,B0|B2|B4|B5|B6|B7,6768868458621/3435973836800,True,1,1,446676604389/171798691840,010010000000
K23_bipartite__b8__leaf_offset1,17,five_move_reduced,B1|B2|B4|B5|B6|B7,2680059592749/1374389534720,True,1,1,446676604389/171798691840,000010010000
K23_bipartite__b8__leaf_offset1,17,five_move_reduced,B0|B1|B2|B4|B5|B6|B7,910533066777/858993459200,True,1,1,446676604389/171798691840,000010000000
K23_bipartite__b8__leaf_offset1,17,five_move_reduced,B3|B4|B5|B6|B7,18966575579311/6871947673600,True,1,1,3281355043719/1717986918400,010000011000
K23_bipartite__b8__leaf_offset1,17,five_move_reduced,B0|B3|B4|B5|B6|B7,6425271074891/3435973836800,True,1,1,3281355043719/1717986918400,010000001000
K23_bipartite__b8__leaf_offset1,17,five_move_reduced,B1|B3|B4|B5|B6|B7,2542620639257/1374389534720,True,1,1,3281355043719/1717986918400,000000011000
K23_bipartite__b8__leaf_offset1,17,five_move_reduced,B0|B1|B3|B4|B5|B6|B7,1649267441689/1717986918400,True,1,1,3281355043719/1717986918400,000000001000
K23_bipartite__b8__leaf_offset1,17,five_move_reduced,B2|B3|B4|B5|B6|B7,2473901162511/1374389534720,True,1,1,21096879673877/6871947673600,010000010000
K23_bipartite__b8__leaf_offset1,17,five_move_reduced,B0|B2|B3|B4|B5|B6|B7,3126736191513/3435973836800,True,1,1,6579889927097/1717986918400,010000000000
K23_bipartite__b8__leaf_offset1,17,five_move_reduced,B1|B2|B3|B4|B5|B6|B7,6116033429529/6871947673600,True,1,1,21784074484487/6871947673600,000000010000
K23_bipartite__b8__leaf_offset1,31,raw,B0,6734508720153/6871947673600,True,1,1,2525440798873/858993459200,10000000000000
K23_bipartite__b8__leaf_offset1,31,raw,B1,3332894621721/3435973836800,True,1,1,6665789272967/3435973836800,01000000000000
K23_bipartite__b8__leaf_offset1,31,raw,B0|B1,2680059592719/1374389534720,True,1,1,6665789272967/3435973836800,11000000000000
K23_bipartite__b8__leaf_offset1,31,raw,B2,1735166787609/1717986918400,True,1,1,3831110857607/1717986918400,00100000000000
K23_bipartite__b8__leaf_offset1,31,raw,B0|B2,13675175870589/6871947673600,True,1,1,3831110857607/1717986918400,10100000000000
K23_bipartite__b8__leaf_offset1,31,raw,B1|B2,6803228196939/3435973836800,True,1,1,6665789272967/3435973836800,01100000000000
K23_bipartite__b8__leaf_offset1,31,raw,B0|B1|B2,20340965114031/6871947673600,True,1,1,6665789272967/3435973836800,11100000000000
K23_bipartite__b8__leaf_offset1,31,raw,B3,824633720857/858993459200,True,1,1,876173357159/858993459200,00010000000000
K23_bipartite__b8__leaf_offset1,31,raw,B0|B3,13331578487009/6871947673600,True,1,1,876173357159/858993459200,10010000000000
K23_bipartite__b8__leaf_offset1,31,raw,B1|B3,6631429505149/3435973836800,True,1,1,876173357159/858993459200,01010000000000
K23_bipartite__b8__leaf_offset1,31,raw,B0|B1|B3,19997367730451/6871947673600,True,1,1,876173357159/858993459200,11010000000000
K23_bipartite__b8__leaf_offset1,31,raw,B2|B3,3384434229323/1717986918400,True,1,1,876173357159/858993459200,00110000000000
K23_bipartite__b8__leaf_offset1,31,raw,B0|B2|B3,4054449127489/1374389534720,True,1,1,876173357159/858993459200,10110000000000
K23_bipartite__b8__leaf_offset1,31,raw,B1|B2|B3,10101763080367/3435973836800,True,1,1,876173357159/858993459200,01110000000000
K23_bipartite__b8__leaf_offset1,31,raw,B0|B1|B2|B3,26938034880887/6871947673600,True,1,1,274877912569/6871947673600,11110000000000
K23_bipartite__b8__leaf_offset1,31,raw,B4,382252089369/429496729600,True,1,1,910533069527/429496729600,00001000000000
K23_bipartite__b8__leaf_offset1,31,raw,B0|B4,12850542150057/6871947673600,True,1,1,910533069527/429496729600,10001000000000
K23_bipartite__b8__leaf_offset1,31,raw,B1|B4,6390911336673/3435973836800,True,1,1,6665789272967/3435973836800,01001000000000
K23_bipartite__b8__leaf_offset1,31,raw,B0|B1|B4,19516331393499/6871947673600,True,1,1,6665789272967/3435973836800,11001000000000
K23_bipartite__b8__leaf_offset1,31,raw,B2|B4,652835029017/343597383680,True,1,1,704374643399/343597383680,00101000000000
K23_bipartite__b8__leaf_offset1,31,raw,B0|B2|B4,19791209300493/6871947673600,True,1,1,12506944827227/6871947673600,10101000000000
K23_bipartite__b8__leaf_offset1,31,raw,B1|B2|B4,9861244911891/3435973836800,True,1,1,6665789272967/3435973836800,01101000000000
K23_bipartite__b8__leaf_offset1,31,raw,B0|B1|B2|B4,5291399708787/1374389534720,True,1,1,1236950586473/6871947673600,11101000000000
K23_bipartite__b8__leaf_offset1,31,raw,B3|B4,317827579919/171798691840,True,1,1,876173357159/858993459200,00011000000000
K23_bipartite__b8__leaf_offset1,31,raw,B0|B3|B4,19447611916913/6871947673600,True,1,1,876173357159/858993459200,10011000000000
K23_bipartite__b8__leaf_offset1,31,raw,B1|B3|B4,9689446220101/3435973836800,True,1,1,876173357159/858993459200,01011000000000
K23_bipartite__b8__leaf_offset1,31,raw,B0|B1|B3|B4,5222680232071/1374389534720,True,1,1,1924145353633/6871947673600,11011000000000
K23_bipartite__b8__leaf_offset1,31,raw,B2|B3|B4,4913442586799/1717986918400,True,1,1,876173357159/858993459200,00111000000000
K23_bipartite__b8__leaf_offset1,31,raw,B0|B2|B3|B4,803158886277/214748364800,True,1,1,137438941297/1374389534720,00000101100100
K23_bipartite__b8__leaf_offset1,31,raw,B1|B2|B3|B4,13159779795319/3435973836800,True,1,1,1511828493067/6871947673600,01111000000000
K23_bipartite__b8__leaf_offset1,31,raw,B0|B1|B2|B3|B4,659277480111/214748364800,True,1,1,5634997120377/3435973836800,00000111000000
K23_bipartite__b8__leaf_offset1,31,raw,B5,216895848473/214748364800,True,1,1,2525440798873/858993459200,00000100000000
K23_bipartite__b8__leaf_offset1,31,raw,B0|B5,13675175871289/6871947673600,True,1,1,7352984368327/6871947673600,10000100000000
K23_bipartite__b8__leaf_offset1,31,raw,B1|B5,6803228197289/3435973836800,True,1,1,6665789272967/3435973836800,01000100000000
K23_bipartite__b8__leaf_offset1,31,raw,B0|B1|B5,20340965114731/6871947673600,True,1,1,7352984368327/6871947673600,11000100000000
K23_bipartite__b8__leaf_offset1,31,raw,B2|B5,3470333575393/1717986918400,True,1,1,3831110857607/1717986918400,00100100000000
K23_bipartite__b8__leaf_offset1,31,raw,B0|B2|B5,824633720869/274877906944,True,1,1,274877917787/274877906944,10100100000000
K23_bipartite__b8__leaf_offset1,31,raw,B1|B2|B5,10273561772507/3435973836800,True,1,1,2611340116863/1374389534720,01100100000000
K23_bipartite__b8__leaf_offset1,31,raw,B0|B1|B2|B5,3358664426147/858993459200,True,1,1,412316855991/6871947673600,00011011000000
K23_bipartite__b8__leaf_offset1,31,raw,B3|B5,1692217114749/858993459200,True,1,1,876173357159/858993459200,00010100000000
K23_bipartite__b8__leaf_offset1,31,raw,B0|B3|B5,19595788463/6710886400,True,1,1,206158252033/6871947673600,00000000001110
K23_bipartite__b8__leaf_offset1,31,raw,B1|B3|B5,10101763080717/3435973836800,True,1,1,876173357159/858993459200,01010100000000
K23_bipartite__b8__leaf_offset1,31,raw,B0|B1|B3|B5,13365938314777/3435973836800,True,1,1,206158252033/6871947673600,01000000001110
K23_bipartite__b8__leaf_offset1,31,raw,B2|B3|B5,5119601017107/1717986918400,True,1,1,876173357159/858993459200,00110100000000
K23_bipartite__b8__leaf_offset1,31,raw,B0|B2|B3|B5,1554778164977/429496729600,True,1,1,103079217079/429496729600,00001001100100
K23_bipartite__b8__leaf_offset1,31,raw,B1|B2|B3|B5,27006754362473/6871947673600,True,1,1,137438949397/6871947673600,10001011000000
K23_bipartite__b8__leaf_offset1,31,raw,B0|B1|B2|B3|B5,253403070529/85899345920,True,1,1,5634997120377/3435973836800,00001011000000
K23_bipartite__b8__leaf_offset1,31,raw,B4|B5,163208757263/85899345920,True,1,1,910533069527/429496729600,00001100000000
K23_bipartite__b8__leaf_offset1,31,raw,B0|B4|B5,19791209301193/6871947673600,True,1,1,7352984368327/6871947673600,10001100000000
K23_bipartite__b8__leaf_offset1,31,raw,B1|B4|B5,9861244912241/3435973836800,True,1,1,6665789272967/3435973836800,01001100000000
K23_bipartite__b8__leaf_offset1,31,raw,B0|B1|B4|B5,5291399708927/1374389534720,True,1,1,1236950585073/6871947673600,11001100000000
K23_bipartite__b8__leaf_offset1,31,raw,B2|B4|B5,4999341932869/1717986918400,True,1,1,12094627965261/6871947673600,00101100000000
K23_bipartite__b8__leaf_offset1,31,raw,B0|B2|B4|B5,3169685872073/858993459200,True,1,1,274877895009/1374389534720,00010001100100
K23_bipartite__b8__leaf_offset1,31,raw,B1|B2|B4|B5,13331578487459/3435973836800,True,1,1,824633724507/6871947673600,01101100000000
K23_bipartite__b8__leaf_offset1,31,raw,B0|B1|B2|B4|B5,2594160247409/858993459200,True,1,1,876173357159/858993459200,00010011000000
K23_bipartite__b8__leaf_offset1,31,raw,B3|B4|B5,2456721293487/858993459200,True,1,1,876173357159/858993459200,00011100000000
K23_bipartite__b8__leaf_offset1,31,raw,B0|B3|B4|B5,6425271090041/1717986918400,True,1,1,120259113963/1717986918400,00100001100100
K23_bipartite__b8__leaf_offset1,31,raw,B1|B3|B4|B5,13159779795669/3435973836800,True,1,1,1511828491667/6871947673600,01011100000000
K23_bipartite__b8__leaf_offset1,31,raw,B0|B1|B3|B4|B5,5274219840713/1717986918400,True,1,1,120259089883/343597383680,00100011000000
K23_bipartite__b8__leaf_offset1,31,raw,B2|B3|B4|B5,25494925929881/6871947673600,True,1,1,1099511568451/6871947673600,10000001100100
K23_bipartite__b8__leaf_offset1,31,raw,B0|B2|B3|B4|B5,146565759451/53687091200,True,1,1,206158424613/687194767360,00000001100100
K23_bipartite__b8__leaf_offset1,31,raw,B1|B2|B3|B4|B5,20890720932569/6871947673600,True,1,1,5634997120377/3435973836800,10000011000000
K23_bipartite__b8__leaf_offset1,31,raw,B0|B1|B2|B3|B4|B5,221190815819/107374182400,True,1,1,5634997120377/3435973836800,00000011000000
K23_bipartite__b8__leaf_offset1,31,raw,B6,120259084313/107374182400,True,1,1,5634997120377/3435973836800,00000010000000
K23_bipartite__b8__leaf_offset1,31,raw,B0|B6,2886218023237/1374389534720,True,1,1,5634997120377/3435973836800,10000010000000
K23_bipartite__b8__leaf_offset1,31,raw,B1|B6,48049946849/26843545600,True,1,1,206158424613/687194767360,00000000100100
K23_bipartite__b8__leaf_offset1,31,raw,B0|B1|B6,19035295113497/6871947673600,True,1,1,206158424613/687194767360,10000000100100
K23_bipartite__b8__leaf_offset1,31,raw,B2|B6,3659312136617/1717986918400,True,1,1,5634997120377/3435973836800,00100010000000
K23_bipartite__b8__leaf_offset1,31,raw,B0|B2|B6,21371757266621/6871947673600,True,1,1,5634997120377/3435973836800,10100010000000
K23_bipartite__b8__leaf_offset1,31,raw,B1|B2|B6,962072677189/343597383680,True,1,1,206158424613/687194767360,00100000100100
K23_bipartite__b8__leaf_offset1,31,raw,B0|B1|B2|B6,25975962263933/6871947673600,True,1,1,137438900347/6871947673600,10100000100100
K23_bipartite__b8__leaf_offset1,31,raw,B3|B6,1786706395361/858993459200,True,1,1,876173357159/858993459200,00010010000000
K23_bipartite__b8__leaf_offset1,31,raw,B0|B3|B6,21028159883041/6871947673600,True,1,1,876173357159/858993459200,10010010000000
K23_bipartite__b8__leaf_offset1,31,raw,B1|B3|B6,94489280801/34359738368,True,1,1,206158424613/687194767360,00010000100100
K23_bipartite__b8__leaf_offset1,31,raw,B0|B1|B3|B6,25632364880353/6871947673600,True,1,1,824633667507/6871947673600,10010000100100
K23_bipartite__b8__leaf_offset1,31,raw,B2|B3|B6,5308579578331/1717986918400,True,1,1,876173357159/858993459200,00110010000000
K23_bipartite__b8__leaf_offset1,31,raw,B0|B2|B3|B6,13091060320433/3435973836800,True,1,1,1786706392611/6871947673600,01001101000000
K23_bipartite__b8__leaf_offset1,31,raw,B1|B2|B3|B6,6459630827659/1717986918400,True,1,1,412316806941/6871947673600,00110000100100
K23_bipartite__b8__leaf_offset1,31,raw,B0|B1|B2|B3|B6,1219770712339/429496729600,True,1,1,2611340126673/1374389534720,00001101000000
K23_bipartite__b8__leaf_offset1,31,raw,B4|B6,863288426621/429496729600,True,1,1,5634997120377/3435973836800,00001010000000
K23_bipartite__b8__leaf_offset1,31,raw,B0|B4|B6,20547123546089/6871947673600,True,1,1,5634997120377/3435973836800,10001010000000
K23_bipartite__b8__leaf_offset1,31,raw,B1|B4|B6,1151051238953/429496729600,True,1,1,103079217079/429496729600,00001000100100
K23_bipartite__b8__leaf_offset1,31,raw,B0|B1|B4|B6,25151328543401/6871947673600,True,1,1,103079217079/429496729600,10001000100100
K23_bipartite__b8__leaf_offset1,31,raw,B2|B4|B6,5188320494093/1717986918400,True,1,1,5634997120377/3435973836800,00101010000000
K23_bipartite__b8__leaf_offset1,31,raw,B0|B2|B4|B6,13331578488909/3435973836800,True,1,1,824633718707/6871947673600,01010101000000
K23_bipartite__b8__leaf_offset1,31,raw,B1|B2|B4|B6,6339371743421/1717986918400,True,1,1,292057807203/1717986918400,00101000100100
K23_bipartite__b8__leaf_offset1,31,raw,B0|B1|B2|B4|B6,2499670966797/858993459200,True,1,1,876173357159/858993459200,00010101000000
K23_bipartite__b8__leaf_offset1,31,raw,B3|B4|B6,2551210574099/858993459200,True,1,1,876173357159/858993459200,00011010000000
K23_bipartite__b8__leaf_offset1,31,raw,B0|B3|B4|B6,13503377180699/3435973836800,True,1,1,137438951547/6871947673600,01100101000000
K23_bipartite__b8__leaf_offset1,31,raw,B1|B3|B4|B6,41070625293/13421772800,True,1,1,498216180011/858993459200,00000000010101
K23_bipartite__b8__leaf_offset1,31,raw,B0|B1|B3|B4|B6,5085241279489/1717986918400,True,1,1,120259089883/343597383680,00100101000000
K23_bipartite__b8__leaf_offset1,31,raw,B2|B3|B4|B6,5360119186223/1374389534720,True,1,1,549755812113/6871947673600,11000101000000
K23_bipartite__b8__leaf_offset1,31,raw,B0|B2|B3|B4|B6,10033043605481/3435973836800,True,1,1,6665789272967/3435973836800,01000101000000
K23_bipartite__b8__leaf_offset1,31,raw,B1|B2|B3|B4|B6,20134806687673/6871947673600,True,1,1,7352984368327/6871947673600,10000101000000
K23_bipartite__b8__leaf_offset1,31,raw,B0|B1|B2|B3|B4|B6,83751862297/42949672960,True,1,1,4071629024633/1717986918400,00000101000000
K23_bipartite__b8__leaf_offset1,31,raw,B5|B6,457414017099/214748364800,True,1,1,5634997120377/3435973836800,00000110000000
K23_bipartite__b8__leaf_offset1,31,raw,B0|B5|B6,21371757267321/6871947673600,True,1,1,6940667461561/6871947673600,10000110000000
K23_bipartite__b8__leaf_offset1,31,raw,B1|B5|B6,120259084653/42949672960,True,1,1,206158424613/687194767360,00000100100100
K23_bipartite__b8__leaf_offset1,31,raw,B0|B1|B5|B6,16911433973/5368709120,True,1,1,4329326779193/6871947673600,00000000100011
K23_bipartite__b8__leaf_offset1,31,raw,B2|B5|B6,5394478924401/1717986918400,True,1,1,2199023255827/1374389534720,00100110000000
K23_bipartite__b8__leaf_offset1,31,raw,B0|B2|B5|B6,12919261628293/3435973836800,True,1,1,2473901161171/6871947673600,01011001000000
K23_bipartite__b8__leaf_offset1,31,raw,B1|B2|B5|B6,25907242733297/6871947673600,True,1,1,274877961619/6871947673600,10011001000000
K23_bipartite__b8__leaf_offset1,31,raw,B0|B1|B2|B5|B6,2396591751643/858993459200,True,1,1,876173357159/858993459200,00011001000000
K23_bipartite__b8__leaf_offset1,31,raw,B3|B5|B6,2654289789253/858993459200,True,1,1,876173357159/858993459200,00010110000000
K23_bipartite__b8__leaf_offset1,31,raw,B0|B3|B5|B6,13091060320083/3435973836800,True,1,1,292057808803/1717986918400,01101001000000
K23_bipartite__b8__leaf_offset1,31,raw,B1|B3|B5|B6,3229815413917/858993459200,True,1,1,412316805541/6871947673600,00010100100100
K23_bipartite__b8__leaf_offset1,31,raw,B0|B1|B3|B5|B6,4879082849181/1717986918400,True,1,1,292057808803/1717986918400,00101001000000
K23_bipartite__b8__leaf_offset1,31,raw,B2|B3|B5|B6,25975962209883/6871947673600,True,1,1,2199023254577/6871947673600,11001001000000
K23_bipartite__b8__leaf_offset1,31,raw,B0|B2|B3|B5|B6,1924145348973/687194767360,True,1,1,6665789272967/3435973836800,01001001000000
K23_bipartite__b8__leaf_offset1,31,raw,B1|B2|B3|B5|B6,19310172966441/6871947673600,True,1,1,13469017495331/6871947673600,10001001000000
K23_bipartite__b8__leaf_offset1,31,raw,B0|B1|B2|B3|B5|B6,785979015393/429496729600,True,1,1,910533069527/429496729600,00001001000000
K23_bipartite__b8__leaf_offset1,31,raw,B4|B5|B6,1297080123567/429496729600,True,1,1,5634997120377/3435973836800,00001110000000
K23_bipartite__b8__leaf_offset1,31,raw,B0|B4|B5|B6,13331578488559/3435973836800,True,1,1,824633720107/6871947673600,01110001000000
K23_bipartite__b8__leaf_offset1,31,raw,B1|B4|B5|B6,1584842935899/429496729600,True,1,1,274877895889/1374389534720,00001100100100
K23_bipartite__b8__leaf_offset1,31,raw,B0|B1|B4|B5|B6,4999341933419/1717986918400,True,1,1,120259089883/343597383680,00110001000000
K23_bipartite__b8__leaf_offset1,31,raw,B2|B4|B5|B6,5291399709367/1374389534720,True,1,1,1236950580673/6871947673600,11010001000000
K23_bipartite__b8__leaf_offset1,31,raw,B0|B2|B4|B5|B6,9861244913341/3435973836800,True,1,1,876173357159/858993459200,01010001000000
K23_bipartite__b8__leaf_offset1,31,raw,B1|B2|B4|B5|B6,19791209303393/6871947673600,True,1,1,876173357159/858993459200,10010001000000
K23_bipartite__b8__leaf_offset1,31,raw,B0|B1|B2|B4|B5|B6,326417514581/171798691840,True,1,1,876173357159/858993459200,00010001000000
K23_bipartite__b8__leaf_offset1,31,raw,B3|B4|B5|B6,5360119186083/1374389534720,True,1,1,549755813513/6871947673600,11100001000000
K23_bipartite__b8__leaf_offset1,31,raw,B0|B3|B4|B5|B6,10033043605131/3435973836800,True,1,1,120259089883/343597383680,01100001000000
K23_bipartite__b8__leaf_offset1,31,raw,B1|B3|B4|B5|B6,20134806686973/6871947673600,True,1,1,120259089883/343597383680,10100001000000
K23_bipartite__b8__leaf_offset1,31,raw,B0|B1|B3|B4|B5|B6,670014898341/343597383680,True,1,1,120259089883/343597383680,00100001000000
K23_bipartite__b8__leaf_offset1,31,raw,B2|B3|B4|B5|B6,19859928779979/6871947673600,True,1,1,6665789272967/3435973836800,11000001000000
K23_bipartite__b8__leaf_offset1,31,raw,B0|B2|B3|B4|B5|B6,6562710029913/3435973836800,True,1,1,6665789272967/3435973836800,01000001000000
K23_bipartite__b8__leaf_offset1,31,raw,B1|B2|B3|B4|B5|B6,13194139536537/6871947673600,True,1,1,4071629024633/1717986918400,10000001000000
K23_bipartite__b8__leaf_offset1,31,raw,B0|B1|B2|B3|B4|B5|B6,50465865753/53687091200,True,1,1,4071629024633/1717986918400,00000001000000
K23_bipartite__b8__leaf_offset1,31,raw,B7,50465865753/53687091200,True,1,1,4071629024633/1717986918400,00000001000000
K23_bipartite__b8__leaf_offset1,31,raw,B0|B7,13194139536537/6871947673600,True,1,1,4071629024633/1717986918400,10000001000000
K23_bipartite__b8__leaf_offset1,31,raw,B1|B7,6562710029913/3435973836800,True,1,1,6665789272967/3435973836800,01000001000000
K23_bipartite__b8__leaf_offset1,31,raw,B0|B1|B7,19859928779979/6871947673600,True,1,1,6665789272967/3435973836800,11000001000000
K23_bipartite__b8__leaf_offset1,31,raw,B2|B7,670014898341/343597383680,True,1,1,120259089883/343597383680,00100001000000
K23_bipartite__b8__leaf_offset1,31,raw,B0|B2|B7,20134806686973/6871947673600,True,1,1,120259089883/343597383680,10100001000000
K23_bipartite__b8__leaf_offset1,31,raw,B1|B2|B7,10033043605131/3435973836800,True,1,1,120259089883/343597383680,01100001000000
K23_bipartite__b8__leaf_offset1,31,raw,B0|B1|B2|B7,5360119186083/1374389534720,True,1,1,549755813513/6871947673600,11100001000000
K23_bipartite__b8__leaf_offset1,31,raw,B3|B7,326417514581/171798691840,True,1,1,876173357159/858993459200,00010001000000
K23_bipartite__b8__leaf_offset1,31,raw,B0|B3|B7,19791209303393/6871947673600,True,1,1,876173357159/858993459200,10010001000000
K23_bipartite__b8__leaf_offset1,31,raw,B1|B3|B7,9861244913341/3435973836800,True,1,1,876173357159/858993459200,01010001000000
K23_bipartite__b8__leaf_offset1,31,raw,B0|B1|B3|B7,5291399709367/1374389534720,True,1,1,1236950580673/6871947673600,11010001000000
K23_bipartite__b8__leaf_offset1,31,raw,B2|B3|B7,4999341933419/1717986918400,True,1,1,120259089883/343597383680,00110001000000
K23_bipartite__b8__leaf_offset1,31,raw,B0|B2|B3|B7,1584842935899/429496729600,True,1,1,274877895889/1374389534720,00001100100100
K23_bipartite__b8__leaf_offset1,31,raw,B1|B2|B3|B7,13331578488559/3435973836800,True,1,1,824633720107/6871947673600,01110001000000
K23_bipartite__b8__leaf_offset1,31,raw,B0|B1|B2|B3|B7,1297080123567/429496729600,True,1,1,5634997120377/3435973836800,00001110000000
K23_bipartite__b8__leaf_offset1,31,raw,B4|B7,785979015393/429496729600,True,1,1,910533069527/429496729600,00001001000000
K23_bipartite__b8__leaf_offset1,31,raw,B0|B4|B7,19310172966441/6871947673600,True,1,1,13469017495331/6871947673600,10001001000000
K23_bipartite__b8__leaf_offset1,31,raw,B1|B4|B7,1924145348973/687194767360,True,1,1,6665789272967/3435973836800,01001001000000
K23_bipartite__b8__leaf_offset1,31,raw,B0|B1|B4|B7,25975962209883/6871947673600,True,1,1,2199023254577/6871947673600,11001001000000
K23_bipartite__b8__leaf_offset1,31,raw,B2|B4|B7,4879082849181/1717986918400,True,1,1,292057808803/1717986918400,00101001000000
K23_bipartite__b8__leaf_offset1,31,raw,B0|B2|B4|B7,3229815413917/858993459200,True,1,1,412316805541/6871947673600,00010100100100
K23_bipartite__b8__leaf_offset1,31,raw,B1|B2|B4|B7,13091060320083/3435973836800,True,1,1,292057808803/1717986918400,01101001000000
K23_bipartite__b8__leaf_offset1,31,raw,B0|B1|B2|B4|B7,2654289789253/858993459200,True,1,1,876173357159/858993459200,00010110000000
K23_bipartite__b8__leaf_offset1,31,raw,B3|B4|B7,2396591751643/858993459200,True,1,1,876173357159/858993459200,00011001000000
K23_bipartite__b8__leaf_offset1,31,raw,B0|B3|B4|B7,25907242733297/6871947673600,True,1,1,274877961619/6871947673600,10011001000000
K23_bipartite__b8__leaf_offset1,31,raw,B1|B3|B4|B7,12919261628293/3435973836800,True,1,1,2473901161171/6871947673600,01011001000000
K23_bipartite__b8__leaf_offset1,31,raw,B0|B1|B3|B4|B7,5394478924401/1717986918400,True,1,1,2199023255827/1374389534720,00100110000000
K23_bipartite__b8__leaf_offset1,31,raw,B2|B3|B4|B7,16911433973/5368709120,True,1,1,4329326779193/6871947673600,00000000100011
K23_bipartite__b8__leaf_offset1,31,raw,B0|B2|B3|B4|B7,120259084653/42949672960,True,1,1,206158424613/687194767360,00000100100100
K23_bipartite__b8__leaf_offset1,31,raw,B1|B2|B3|B4|B7,21371757267321/6871947673600,True,1,1,6940667461561/6871947673600,10000110000000
K23_bipartite__b8__leaf_offset1,31,raw,B0|B1|B2|B3|B4|B7,457414017099/214748364800,True,1,1,5634997120377/3435973836800,00000110000000
K23_bipartite__b8__leaf_offset1,31,raw,B5|B7,83751862297/42949672960,True,1,1,4071629024633/1717986918400,00000101000000
K23_bipartite__b8__leaf_offset1,31,raw,B0|B5|B7,20134806687673/6871947673600,True,1,1,7352984368327/6871947673600,10000101000000
K23_bipartite__b8__leaf_offset1,31,raw,B1|B5|B7,10033043605481/3435973836800,True,1,1,6665789272967/3435973836800,01000101000000
K23_bipartite__b8__leaf_offset1,31,raw,B0|B1|B5|B7,5360119186223/1374389534720,True,1,1,549755812113/6871947673600,11000101000000
K23_bipartite__b8__leaf_offset1,31,raw,B2|B5|B7,5085241279489/1717986918400,True,1,1,120259089883/343597383680,00100101000000
K23_bipartite__b8__leaf_offset1,31,raw,B0|B2|B5|B7,41070625293/13421772800,True,1,1,498216180011/858993459200,00000000010101
K23_bipartite__b8__leaf_offset1,31,raw,B1|B2|B5|B7,13503377180699/3435973836800,True,1,1,137438951547/6871947673600,01100101000000
K23_bipartite__b8__leaf_offset1,31,raw,B0|B1|B2|B5|B7,2551210574099/858993459200,True,1,1,876173357159/858993459200,00011010000000
K23_bipartite__b8__leaf_offset1,31,raw,B3|B5|B7,2499670966797/858993459200,True,1,1,876173357159/858993459200,00010101000000
K23_bipartite__b8__leaf_offset1,31,raw,B0|B3|B5|B7,6339371743421/1717986918400,True,1,1,292057807203/1717986918400,00101000100100
K23_bipartite__b8__leaf_offset1,31,raw,B1|B3|B5|B7,13331578488909/3435973836800,True,1,1,824633718707/6871947673600,01010101000000
K23_bipartite__b8__leaf_offset1,31,raw,B0|B1|B3|B5|B7,5188320494093/1717986918400,True,1,1,5634997120377/3435973836800,00101010000000
K23_bipartite__b8__leaf_offset1,31,raw,B2|B3|B5|B7,25151328543401/6871947673600,True,1,1,103079217079/429496729600,10001000100100
K23_bipartite__b8__leaf_offset1,31,raw,B0|B2|B3|B5|B7,1151051238953/429496729600,True,1,1,103079217079/429496729600,00001000100100
K23_bipartite__b8__leaf_offset1,31,raw,B1|B2|B3|B5|B7,20547123546089/6871947673600,True,1,1,5634997120377/3435973836800,10001010000000
K23_bipartite__b8__leaf_offset1,31,raw,B0|B1|B2|B3|B5|B7,863288426621/429496729600,True,1,1,5634997120377/3435973836800,00001010000000
K23_bipartite__b8__leaf_offset1,31,raw,B4|B5|B7,1219770712339/429496729600,True,1,1,2611340126673/1374389534720,00001101000000
K23_bipartite__b8__leaf_offset1,31,raw,B0|B4|B5|B7,6459630827659/1717986918400,True,1,1,412316806941/6871947673600,00110000100100
K23_bipartite__b8__leaf_offset1,31,raw,B1|B4|B5|B7,13091060320433/3435973836800,True,1,1,1786706392611/6871947673600,01001101000000
K23_bipartite__b8__leaf_offset1,31,raw,B0|B1|B4|B5|B7,5308579578331/1717986918400,True,1,1,876173357159/858993459200,00110010000000
K23_bipartite__b8__leaf_offset1,31,raw,B2|B4|B5|B7,25632364880353/6871947673600,True,1,1,824633667507/6871947673600,10010000100100
K23_bipartite__b8__leaf_offset1,31,raw,B0|B2|B4|B5|B7,94489280801/34359738368,True,1,1,206158424613/687194767360,00010000100100
K23_bipartite__b8__leaf_offset1,31,raw,B1|B2|B4|B5|B7,21028159883041/6871947673600,True,1,1,876173357159/858993459200,10010010000000
K23_bipartite__b8__leaf_offset1,31,raw,B0|B1|B2|B4|B5|B7,1786706395361/858993459200,True,1,1,876173357159/858993459200,00010010000000
K23_bipartite__b8__leaf_offset1,31,raw,B3|B4|B5|B7,25975962263933/6871947673600,True,1,1,137438900347/6871947673600,10100000100100
K23_bipartite__b8__leaf_offset1,31,raw,B0|B3|B4|B5|B7,962072677189/343597383680,True,1,1,206158424613/687194767360,00100000100100
K23_bipartite__b8__leaf_offset1,31,raw,B1|B3|B4|B5|B7,21371757266621/6871947673600,True,1,1,5634997120377/3435973836800,10100010000000
K23_bipartite__b8__leaf_offset1,31,raw,B0|B1|B3|B4|B5|B7,3659312136617/1717986918400,True,1,1,5634997120377/3435973836800,00100010000000
K23_bipartite__b8__leaf_offset1,31,raw,B2|B3|B4|B5|B7,19035295113497/6871947673600,True,1,1,206158424613/687194767360,10000000100100
K23_bipartite__b8__leaf_offset1,31,raw,B0|B2|B3|B4|B5|B7,48049946849/26843545600,True,1,1,206158424613/687194767360,00000000100100
K23_bipartite__b8__leaf_offset1,31,raw,B1|B2|B3|B4|B5|B7,2886218023237/1374389534720,True,1,1,5634997120377/3435973836800,10000010000000
K23_bipartite__b8__leaf_offset1,31,raw,B0|B1|B2|B3|B4|B5|B7,120259084313/107374182400,True,1,1,5634997120377/3435973836800,00000010000000
K23_bipartite__b8__leaf_offset1,31,raw,B6|B7,221190815819/107374182400,True,1,1,5634997120377/3435973836800,00000011000000
K23_bipartite__b8__leaf_offset1,31,raw,B0|B6|B7,20890720932569/6871947673600,True,1,1,5634997120377/3435973836800,10000011000000
K23_bipartite__b8__leaf_offset1,31,raw,B1|B6|B7,146565759451/53687091200,True,1,1,206158424613/687194767360,00000001100100
K23_bipartite__b8__leaf_offset1,31,raw,B0|B1|B6|B7,25494925929881/6871947673600,True,1,1,1099511568451/6871947673600,10000001100100
K23_bipartite__b8__leaf_offset1,31,raw,B2|B6|B7,5274219840713/1717986918400,True,1,1,120259089883/343597383680,00100011000000
K23_bipartite__b8__leaf_offset1,31,raw,B0|B2|B6|B7,13159779795669/3435973836800,True,1,1,1511828491667/6871947673600,01011100000000
K23_bipartite__b8__leaf_offset1,31,raw,B1|B2|B6|B7,6425271090041/1717986918400,True,1,1,120259113963/1717986918400,00100001100100
K23_bipartite__b8__leaf_offset1,31,raw,B0|B1|B2|B6|B7,2456721293487/858993459200,True,1,1,876173357159/858993459200,00011100000000
K23_bipartite__b8__leaf_offset1,31,raw,B3|B6|B7,2594160247409/858993459200,True,1,1,876173357159/858993459200,00010011000000
K23_bipartite__b8__leaf_offset1,31,raw,B0|B3|B6|B7,13331578487459/3435973836800,True,1,1,824633724507/6871947673600,01101100000000
K23_bipartite__b8__leaf_offset1,31,raw,B1|B3|B6|B7,3169685872073/858993459200,True,1,1,274877895009/1374389534720,00010001100100
K23_bipartite__b8__leaf_offset1,31,raw,B0|B1|B3|B6|B7,4999341932869/1717986918400,True,1,1,12094627965261/6871947673600,00101100000000
K23_bipartite__b8__leaf_offset1,31,raw,B2|B3|B6|B7,5291399708927/1374389534720,True,1,1,1236950585073/6871947673600,11001100000000
K23_bipartite__b8__leaf_offset1,31,raw,B0|B2|B3|B6|B7,9861244912241/3435973836800,True,1,1,6665789272967/3435973836800,01001100000000
K23_bipartite__b8__leaf_offset1,31,raw,B1|B2|B3|B6|B7,19791209301193/6871947673600,True,1,1,7352984368327/6871947673600,10001100000000
K23_bipartite__b8__leaf_offset1,31,raw,B0|B1|B2|B3|B6|B7,163208757263/85899345920,True,1,1,910533069527/429496729600,00001100000000
K23_bipartite__b8__leaf_offset1,31,raw,B4|B6|B7,253403070529/85899345920,True,1,1,5634997120377/3435973836800,00001011000000
K23_bipartite__b8__leaf_offset1,31,raw,B0|B4|B6|B7,27006754362473/6871947673600,True,1,1,137438949397/6871947673600,10001011000000
K23_bipartite__b8__leaf_offset1,31,raw,B1|B4|B6|B7,1554778164977/429496729600,True,1,1,103079217079/429496729600,00001001100100
K23_bipartite__b8__leaf_offset1,31,raw,B0|B1|B4|B6|B7,5119601017107/1717986918400,True,1,1,876173357159/858993459200,00110100000000
K23_bipartite__b8__leaf_offset1,31,raw,B2|B4|B6|B7,13365938314777/3435973836800,True,1,1,206158252033/6871947673600,01000000001110
K23_bipartite__b8__leaf_offset1,31,raw,B0|B2|B4|B6|B7,10101763080717/3435973836800,True,1,1,876173357159/858993459200,01010100000000
K23_bipartite__b8__leaf_offset1,31,raw,B1|B2|B4|B6|B7,19595788463/6710886400,True,1,1,206158252033/6871947673600,00000000001110
K23_bipartite__b8__leaf_offset1,31,raw,B0|B1|B2|B4|B6|B7,1692217114749/858993459200,True,1,1,876173357159/858993459200,00010100000000
K23_bipartite__b8__leaf_offset1,31,raw,B3|B4|B6|B7,3358664426147/858993459200,True,1,1,412316855991/6871947673600,00011011000000
K23_bipartite__b8__leaf_offset1,31,raw,B0|B3|B4|B6|B7,10273561772507/3435973836800,True,1,1,2611340116863/1374389534720,01100100000000
K23_bipartite__b8__leaf_offset1,31,raw,B1|B3|B4|B6|B7,824633720869/274877906944,True,1,1,274877917787/274877906944,10100100000000
K23_bipartite__b8__leaf_offset1,31,raw,B0|B1|B3|B4|B6|B7,3470333575393/1717986918400,True,1,1,3831110857607/1717986918400,00100100000000
K23_bipartite__b8__leaf_offset1,31,raw,B2|B3|B4|B6|B7,20340965114731/6871947673600,True,1,1,7352984368327/6871947673600,11000100000000
K23_bipartite__b8__leaf_offset1,31,raw,B0|B2|B3|B4|B6|B7,6803228197289/3435973836800,True,1,1,6665789272967/3435973836800,01000100000000
K23_bipartite__b8__leaf_offset1,31,raw,B1|B2|B3|B4|B6|B7,13675175871289/6871947673600,True,1,1,7352984368327/6871947673600,10000100000000
K23_bipartite__b8__leaf_offset1,31,raw,B0|B1|B2|B3|B4|B6|B7,216895848473/214748364800,True,1,1,2525440798873/858993459200,00000100000000
K23_bipartite__b8__leaf_offset1,31,raw,B5|B6|B7,659277480111/214748364800,True,1,1,5634997120377/3435973836800,00000111000000
K23_bipartite__b8__leaf_offset1,31,raw,B0|B5|B6|B7,13159779795319/3435973836800,True,1,1,1511828493067/6871947673600,01111000000000
K23_bipartite__b8__leaf_offset1,31,raw,B1|B5|B6|B7,803158886277/214748364800,True,1,1,137438941297/1374389534720,00000101100100
K23_bipartite__b8__leaf_offset1,31,raw,B0|B1|B5|B6|B7,4913442586799/1717986918400,True,1,1,876173357159/858993459200,00111000000000
K23_bipartite__b8__leaf_offset1,31,raw,B2|B5|B6|B7,5222680232071/1374389534720,True,1,1,1924145353633/6871947673600,11011000000000
K23_bipartite__b8__leaf_offset1,31,raw,B0|B2|B5|B6|B7,9689446220101/3435973836800,True,1,1,876173357159/858993459200,01011000000000
K23_bipartite__b8__leaf_offset1,31,raw,B1|B2|B5|B6|B7,19447611916913/6871947673600,True,1,1,876173357159/858993459200,10011000000000
K23_bipartite__b8__leaf_offset1,31,raw,B0|B1|B2|B5|B6|B7,317827579919/171798691840,True,1,1,876173357159/858993459200,00011000000000
K23_bipartite__b8__leaf_offset1,31,raw,B3|B5|B6|B7,5291399708787/1374389534720,True,1,1,1236950586473/6871947673600,11101000000000
K23_bipartite__b8__leaf_offset1,31,raw,B0|B3|B5|B6|B7,9861244911891/3435973836800,True,1,1,6665789272967/3435973836800,01101000000000
K23_bipartite__b8__leaf_offset1,31,raw,B1|B3|B5|B6|B7,19791209300493/6871947673600,True,1,1,12506944827227/6871947673600,10101000000000
K23_bipartite__b8__leaf_offset1,31,raw,B0|B1|B3|B5|B6|B7,652835029017/343597383680,True,1,1,704374643399/343597383680,00101000000000
K23_bipartite__b8__leaf_offset1,31,raw,B2|B3|B5|B6|B7,19516331393499/6871947673600,True,1,1,6665789272967/3435973836800,11001000000000
K23_bipartite__b8__leaf_offset1,31,raw,B0|B2|B3|B5|B6|B7,6390911336673/3435973836800,True,1,1,6665789272967/3435973836800,01001000000000
K23_bipartite__b8__leaf_offset1,31,raw,B1|B2|B3|B5|B6|B7,12850542150057/6871947673600,True,1,1,910533069527/429496729600,10001000000000
K23_bipartite__b8__leaf_offset1,31,raw,B0|B1|B2|B3|B5|B6|B7,382252089369/429496729600,True,1,1,910533069527/429496729600,00001000000000
K23_bipartite__b8__leaf_offset1,31,raw,B4|B5|B6|B7,26938034880887/6871947673600,True,1,1,274877912569/6871947673600,11110000000000
K23_bipartite__b8__leaf_offset1,31,raw,B0|B4|B5|B6|B7,10101763080367/3435973836800,True,1,1,876173357159/858993459200,01110000000000
K23_bipartite__b8__leaf_offset1,31,raw,B1|B4|B5|B6|B7,4054449127489/1374389534720,True,1,1,876173357159/858993459200,10110000000000
K23_bipartite__b8__leaf_offset1,31,raw,B0|B1|B4|B5|B6|B7,3384434229323/1717986918400,True,1,1,876173357159/858993459200,00110000000000
K23_bipartite__b8__leaf_offset1,31,raw,B2|B4|B5|B6|B7,19997367730451/6871947673600,True,1,1,876173357159/858993459200,11010000000000
K23_bipartite__b8__leaf_offset1,31,raw,B0|B2|B4|B5|B6|B7,6631429505149/3435973836800,True,1,1,876173357159/858993459200,01010000000000
K23_bipartite__b8__leaf_offset1,31,raw,B1|B2|B4|B5|B6|B7,13331578487009/6871947673600,True,1,1,876173357159/858993459200,10010000000000
K23_bipartite__b8__leaf_offset1,31,raw,B0|B1|B2|B4|B5|B6|B7,824633720857/858993459200,True,1,1,876173357159/858993459200,00010000000000
K23_bipartite__b8__leaf_offset1,31,raw,B3|B4|B5|B6|B7,20340965114031/6871947673600,True,1,1,6665789272967/3435973836800,11100000000000
K23_bipartite__b8__leaf_offset1,31,raw,B0|B3|B4|B5|B6|B7,6803228196939/3435973836800,True,1,1,6665789272967/3435973836800,01100000000000
K23_bipartite__b8__leaf_offset1,31,raw,B1|B3|B4|B5|B6|B7,13675175870589/6871947673600,True,1,1,3831110857607/1717986918400,10100000000000
K23_bipartite__b8__leaf_offset1,31,raw,B0|B1|B3|B4|B5|B6|B7,1735166787609/1717986918400,True,1,1,3831110857607/1717986918400,00100000000000
K23_bipartite__b8__leaf_offset1,31,raw,B2|B3|B4|B5|B6|B7,2680059592719/1374389534720,True,1,1,6665789272967/3435973836800,11000000000000
K23_bipartite__b8__leaf_offset1,31,raw,B0|B2|B3|B4|B5|B6|B7,3332894621721/3435973836800,True,1,1,6665789272967/3435973836800,01000000000000
K23_bipartite__b8__leaf_offset1,31,raw,B1|B2|B3|B4|B5|B6|B7,6734508720153/6871947673600,True,1,1,2525440798873/858993459200,10000000000000
K23_bipartite__b8__leaf_offset1,31,five_move_reduced,B0,6734508720153/6871947673600,True,1,1,21234318670599/6871947673600,0000100000000
K23_bipartite__b8__leaf_offset1,31,five_move_reduced,B1,3332894621721/3435973836800,True,1,1,6665789272967/3435973836800,0000010000000
K23_bipartite__b8__leaf_offset1,31,five_move_reduced,B0|B1,2680059592719/1374389534720,True,1,1,6665789272967/3435973836800,0000110000000
K23_bipartite__b8__leaf_offset1,31,five_move_reduced,B2,1735166787609/1717986918400,True,1,1,223338302877/68719476736,1000000000000
K23_bipartite__b8__leaf_offset1,31,five_move_reduced,B0|B2,13675175870589/6871947673600,True,1,1,20753282246947/6871947673600,1000100000000
K23_bipartite__b8__leaf_offset1,31,five_move_reduced,B1|B2,6803228196939/3435973836800,True,1,1,6665789272967/3435973836800,1000010000000
K23_bipartite__b8__leaf_offset1,31,five_move_reduced,B0|B1|B2,20340965114031/6871947673600,True,1,1,6665789272967/3435973836800,1000110000000
K23_bipartite__b8__leaf_offset1,31,five_move_reduced,B3,824633720857/858993459200,True,1,1,2645699882361/858993459200,0000001100000
K23_bipartite__b8__leaf_offset1,31,five_move_reduced,B0|B3,13331578487009/6871947673600,True,1,1,13675176050239/6871947673600,0000101100000
K23_bipartite__b8__leaf_offset1,31,five_move_reduced,B1|B3,6631429505149/3435973836800,True,1,1,6665789272967/3435973836800,0000011100000
K23_bipartite__b8__leaf_offset1,31,five_move_reduced,B0|B1|B3,19997367730451/6871947673600,True,1,1,6665789272967/3435973836800,0000111100000
K23_bipartite__b8__leaf_offset1,31,five_move_reduced,B2|B3,3384434229323/1717986918400,True,1,1,5171140703609/1717986918400,1000001100000
K23_bipartite__b8__leaf_offset1,31,five_move_reduced,B0|B2|B3,4054449127489/1374389534720,True,1,1,11544872153323/6871947673600,1000101100000
K23_bipartite__b8__leaf_offset1,31,five_move_reduced,B1|B2|B3,10101763080367/3435973836800,True,1,1,6665789272967/3435973836800,1000011100000
K23_bipartite__b8__leaf_offset1,31,five_move_reduced,B0|B1|B2|B3,26938034880887/6871947673600,True,1,1,274877912569/6871947673600,1000111100000
K23_bipartite__b8__leaf_offset1,31,five_move_reduced,B4,382252089369/429496729600,True,1,1,910533069527/429496729600,0000000010000
K23_bipartite__b8__leaf_offset1,31,five_move_reduced,B0|B4,12850542150057/6871947673600,True,1,1,910533069527/429496729600,0000100010000
K23_bipartite__b8__leaf_offset1,31,five_move_reduced,B1|B4,6390911336673/3435973836800,True,1,1,6665789272967/3435973836800,0000010010000
K23_bipartite__b8__leaf_offset1,31,five_move_reduced,B0|B1|B4,19516331393499/6871947673600,True,1,1,6665789272967/3435973836800,0000110010000
K23_bipartite__b8__leaf_offset1,31,five_move_reduced,B2|B4,652835029017/343597383680,True,1,1,704374643399/343597383680,1000000010000
K23_bipartite__b8__leaf_offset1,31,five_move_reduced,B0|B2|B4,19791209300493/6871947673600,True,1,1,12506944827227/6871947673600,1000100010000
K23_bipartite__b8__leaf_offset1,31,five_move_reduced,B1|B2|B4,9861244911891/3435973836800,True,1,1,6665789272967/3435973836800,1000010010000
K23_bipartite__b8__leaf_offset1,31,five_move_reduced,B0|B1|B2|B4,5291399708787/1374389534720,True,1,1,1236950586473/6871947673600,1000110010000
K23_bipartite__b8__leaf_offset1,31,five_move_reduced,B3|B4,317827579919/171798691840,True,1,1,223338304977/171798691840,0000001110000
K23_bipartite__b8__leaf_offset1,31,five_move_reduced,B0|B3|B4,19447611916913/6871947673600,True,1,1,223338304977/171798691840,0000101110000
K23_bipartite__b8__leaf_offset1,31,five_move_reduced,B1|B3|B4,9689446220101/3435973836800,True,1,1,223338304977/171798691840,0000011110000
K23_bipartite__b8__leaf_offset1,31,five_move_reduced,B0|B1|B3|B4,5222680232071/1374389534720,True,1,1,1924145353633/6871947673600,0000111110000
K23_bipartite__b8__leaf_offset1,31,five_move_reduced,B2|B3|B4,4913442586799/1717986918400,True,1,1,2113123988657/1717986918400,1000001110000
K23_bipartite__b8__leaf_offset1,31,five_move_reduced,B0|B2|B3|B4,803158886277/214748364800,True,1,1,137438941297/1374389534720,0100000001011
K23_bipartite__b8__leaf_offset1,31,five_move_reduced,B1|B2|B3|B4,13159779795319/3435973836800,True,1,1,1511828493067/6871947673600,1000011110000
K23_bipartite__b8__leaf_offset1,31,five_move_reduced,B0|B1|B2|B3|B4,659277480111/214748364800,True,1,1,5634997120377/3435973836800,0100000001100
K23_bipartite__b8__leaf_offset1,31,five_move_reduced,B5,216895848473/214748364800,True,1,1,20822001808633/6871947673600,0000000001000
K23_bipartite__b8__leaf_offset1,31,five_move_reduced,B0|B5,13675175871289/6871947673600,True,1,1,7352984368327/6871947673600,0000100001000
K23_bipartite__b8__leaf_offset1,31,five_move_reduced,B1|B5,6803228197289/3435973836800,True,1,1,6665789272967/3435973836800,0000010001000
K23_bipartite__b8__leaf_offset1,31,five_move_reduced,B0|B1|B5,20340965114731/6871947673600,True,1,1,7352984368327/6871947673600,0000110001000
K23_bipartite__b8__leaf_offset1,31,five_move_reduced,B2|B5,3470333575393/1717986918400,True,1,1,20340965384981/6871947673600,1000000001000
K23_bipartite__b8__leaf_offset1,31,five_move_reduced,B0|B2|B5,824633720869/274877906944,True,1,1,274877917787/274877906944,1000100001000
K23_bipartite__b8__leaf_offset1,31,five_move_reduced,B1|B2|B5,10273561772507/3435973836800,True,1,1,2611340116863/1374389534720,1000010001000
K23_bipartite__b8__leaf_offset1,31,five_move_reduced,B0|B1|B2|B5,3358664426147/858993459200,True,1,1,412316855991/6871947673600,0100001110100
K23_bipartite__b8__leaf_offset1,31,five_move_reduced,B3|B5,1692217114749/858993459200,True,1,1,13262859188273/6871947673600,0000001101000
K23_bipartite__b8__leaf_offset1,31,five_move_reduced,B0|B3|B5,19595788463/6710886400,True,1,1,206158252033/6871947673600,0001001000001
K23_bipartite__b8__leaf_offset1,31,five_move_reduced,B1|B3|B5,10101763080717/3435973836800,True,1,1,13262859188273/6871947673600,0000011101000
K23_bipartite__b8__leaf_offset1,31,five_move_reduced,B0|B1|B3|B5,13365938314777/3435973836800,True,1,1,206158252033/6871947673600,0001011000001
K23_bipartite__b8__leaf_offset1,31,five_move_reduced,B2|B3|B5,5119601017107/1717986918400,True,1,1,11132555291357/6871947673600,1000001101000
K23_bipartite__b8__leaf_offset1,31,five_move_reduced,B0|B2|B3|B5,1554778164977/429496729600,True,1,1,103079217079/429496729600,0100000010011
K23_bipartite__b8__leaf_offset1,31,five_move_reduced,B1|B2|B3|B5,27006754362473/6871947673600,True,1,1,137438949397/6871947673600,0100100010100
K23_bipartite__b8__leaf_offset1,31,five_move_reduced,B0|B1|B2|B3|B5,253403070529/85899345920,True,1,1,5634997120377/3435973836800,0100000010100
K23_bipartite__b8__leaf_offset1,31,five_move_reduced,B4|B5,163208757263/85899345920,True,1,1,910533069527/429496729600,0000000011000
K23_bipartite__b8__leaf_offset1,31,five_move_reduced,B0|B4|B5,19791209301193/6871947673600,True,1,1,7352984368327/6871947673600,0000100011000
K23_bipartite__b8__leaf_offset1,31,five_move_reduced,B1|B4|B5,9861244912241/3435973836800,True,1,1,6665789272967/3435973836800,0000010011000
K23_bipartite__b8__leaf_offset1,31,five_move_reduced,B0|B1|B4|B5,5291399708927/1374389534720,True,1,1,1236950585073/6871947673600,0000110011000
K23_bipartite__b8__leaf_offset1,31,five_move_reduced,B2|B4|B5,4999341932869/1717986918400,True,1,1,12094627965261/6871947673600,1000000011000
K23_bipartite__b8__leaf_offset1,31,five_move_reduced,B0|B2|B4|B5,3169685872073/858993459200,True,1,1,274877895009/1374389534720,0100001100011
K23_bipartite__b8__leaf_offset1,31,five_move_reduced,B1|B2|B4|B5,13331578487459/3435973836800,True,1,1,824633724507/6871947673600,1000010011000
K23_bipartite__b8__leaf_offset1,31,five_move_reduced,B0|B1|B2|B4|B5,2594160247409/858993459200,True,1,1,5634997120377/3435973836800,0100001100100
K23_bipartite__b8__leaf_offset1,31,five_move_reduced,B3|B4|B5,2456721293487/858993459200,True,1,1,223338304977/171798691840,0000001111000
K23_bipartite__b8__leaf_offset1,31,five_move_reduced,B0|B3|B4|B5,6425271090041/1717986918400,True,1,1,120259113963/1717986918400,1100000000011
K23_bipartite__b8__leaf_offset1,31,five_move_reduced,B1|B3|B4|B5,13159779795669/3435973836800,True,1,1,1511828491667/6871947673600,0000011111000
K23_bipartite__b8__leaf_offset1,31,five_move_reduced,B0|B1|B3|B4|B5,5274219840713/1717986918400,True,1,1,2353642163733/1717986918400,1100000000100
K23_bipartite__b8__leaf_offset1,31,five_move_reduced,B2|B3|B4|B5,25494925929881/6871947673600,True,1,1,1099511568451/6871947673600,0100100000011
K23_bipartite__b8__leaf_offset1,31,five_move_reduced,B0|B2|B3|B4|B5,146565759451/53687091200,True,1,1,206158424613/687194767360,0100000000011
K23_bipartite__b8__leaf_offset1,31,five_move_reduced,B1|B2|B3|B4|B5,20890720932569/6871947673600,True,1,1,5634997120377/3435973836800,0100100000100
K23_bipartite__b8__leaf_offset1,31,five_move_reduced,B0|B1|B2|B3|B4|B5,221190815819/107374182400,True,1,1,5634997120377/3435973836800,0100000000100
K23_bipartite__b8__leaf_offset1,31,five_move_reduced,B6,120259084313/107374182400,True,1,1,5634997120377/3435973836800,0000000000100
K23_bipartite__b8__leaf_offset1,31,five_move_reduced,B0|B6,2886218023237/1374389534720,True,1,1,5634997120377/3435973836800,0000100000100
K23_bipartite__b8__leaf_offset1,31,five_move_reduced,B1|B6,48049946849/26843545600,True,1,1,206158424613/687194767360,0000000000011
K23_bipartite__b8__leaf_offset1,31,five_move_reduced,B0|B1|B6,19035295113497/6871947673600,True,1,1,206158424613/687194767360,0000100000011
K23_bipartite__b8__leaf_offset1,31,five_move_reduced,B2|B6,3659312136617/1717986918400,True,1,1,5634997120377/3435973836800,1000000000100
K23_bipartite__b8__leaf_offset1,31,five_move_reduced,B0|B2|B6,21371757266621/6871947673600,True,1,1,5634997120377/3435973836800,1000100000100
K23_bipartite__b8__leaf_offset1,31,five_move_reduced,B1|B2|B6,962072677189/343597383680,True,1,1,206158424613/687194767360,1000000000011
K23_bipartite__b8__leaf_offset1,31,five_move_reduced,B0|B1|B2|B6,25975962263933/6871947673600,True,1,1,137438900347/6871947673600,1000100000011
K23_bipartite__b8__leaf_offset1,31,five_move_reduced,B3|B6,1786706395361/858993459200,True,1,1,5634997120377/3435973836800,0000001100100
K23_bipartite__b8__leaf_offset1,31,five_move_reduced,B0|B3|B6,21028159883041/6871947673600,True,1,1,5634997120377/3435973836800,0000101100100
K23_bipartite__b8__leaf_offset1,31,five_move_reduced,B1|B3|B6,94489280801/34359738368,True,1,1,206158424613/687194767360,0000001100011
K23_bipartite__b8__leaf_offset1,31,five_move_reduced,B0|B1|B3|B6,25632364880353/6871947673600,True,1,1,824633667507/6871947673600,0000101100011
K23_bipartite__b8__leaf_offset1,31,five_move_reduced,B2|B3|B6,5308579578331/1717986918400,True,1,1,5634997120377/3435973836800,1000001100100
K23_bipartite__b8__leaf_offset1,31,five_move_reduced,B0|B2|B3|B6,13091060320433/3435973836800,True,1,1,1786706392611/6871947673600,0100010011000
K23_bipartite__b8__leaf_offset1,31,five_move_reduced,B1|B2|B3|B6,6459630827659/1717986918400,True,1,1,412316806941/6871947673600,1000001100011
K23_bipartite__b8__leaf_offset1,31,five_move_reduced,B0|B1|B2|B3|B6,1219770712339/429496729600,True,1,1,2611340126673/1374389534720,0100000011000
K23_bipartite__b8__leaf_offset1,31,five_move_reduced,B4|B6,863288426621/429496729600,True,1,1,5634997120377/3435973836800,0000000010100
K23_bipartite__b8__leaf_offset1,31,five_move_reduced,B0|B4|B6,20547123546089/6871947673600,True,1,1,5634997120377/3435973836800,0000100010100
K23_bipartite__b8__leaf_offset1,31,five_move_reduced,B1|B4|B6,1151051238953/429496729600,True,1,1,103079217079/429496729600,0000000010011
K23_bipartite__b8__leaf_offset1,31,five_move_reduced,B0|B1|B4|B6,25151328543401/6871947673600,True,1,1,103079217079/429496729600,0000100010011
K23_bipartite__b8__leaf_offset1,31,five_move_reduced,B2|B4|B6,5188320494093/1717986918400,True,1,1,5634997120377/3435973836800,1000000010100
K23_bipartite__b8__leaf_offset1,31,five_move_reduced,B0|B2|B4|B6,13331578488909/3435973836800,True,1,1,824633718707/6871947673600,0100011101000
K23_bipartite__b8__leaf_offset1,31,five_move_reduced,B1|B2|B4|B6,6339371743421/1717986918400,True,1,1,292057807203/1717986918400,1000000010011
K23_bipartite__b8__leaf_offset1,31,five_move_reduced,B0|B1|B2|B4|B6,2499670966797/858993459200,True,1,1,12094627959461/6871947673600,0100001101000
K23_bipartite__b8__leaf_offset1,31,five_move_reduced,B3|B4|B6,2551210574099/858993459200,True,1,1,3642132400333/3435973836800,0000001110100
K23_bipartite__b8__leaf_offset1,31,five_move_reduced,B0|B3|B4|B6,13503377180699/3435973836800,True,1,1,137438951547/6871947673600,1100010001000
K23_bipartite__b8__leaf_offset1,31,five_move_reduced,B1|B3|B4|B6,41070625293/13421772800,True,1,1,498216180011/858993459200,0010000100001
K23_bipartite__b8__leaf_offset1,31,five_move_reduced,B0|B1|B3|B4|B6,5085241279489/1717986918400,True,1,1,7421703752213/6871947673600,1100000001000
K23_bipartite__b8__leaf_offset1,31,five_move_reduced,B2|B3|B4|B6,5360119186223/1374389534720,True,1,1,549755812113/6871947673600,0100110001000
K23_bipartite__b8__leaf_offset1,31,five_move_reduced,B0|B2|B3|B4|B6,10033043605481/3435973836800,True,1,1,6665789272967/3435973836800,0100010001000
K23_bipartite__b8__leaf_offset1,31,five_move_reduced,B1|B2|B3|B4|B6,20134806687673/6871947673600,True,1,1,7352984368327/6871947673600,0100100001000
K23_bipartite__b8__leaf_offset1,31,five_move_reduced,B0|B1|B2|B3|B4|B6,83751862297/42949672960,True,1,1,20822001808633/6871947673600,0100000001000
K23_bipartite__b8__leaf_offset1,31,five_move_reduced,B5|B6,457414017099/214748364800,True,1,1,5634997120377/3435973836800,0000000001100
K23_bipartite__b8__leaf_offset1,31,five_move_reduced,B0|B5|B6,21371757267321/6871947673600,True,1,1,6940667461561/6871947673600,0000100001100
K23_bipartite__b8__leaf_offset1,31,five_move_reduced,B1|B5|B6,120259084653/42949672960,True,1,1,206158424613/687194767360,0000000001011
K23_bipartite__b8__leaf_offset1,31,five_move_reduced,B0|B1|B5|B6,16911433973/5368709120,True,1,1,4329326779193/6871947673600,0001000100010
K23_bipartite__b8__leaf_offset1,31,five_move_reduced,B2|B5|B6,5394478924401/1717986918400,True,1,1,2199023255827/1374389534720,1000000001100
K23_bipartite__b8__leaf_offset1,31,five_move_reduced,B0|B2|B5|B6,12919261628293/3435973836800,True,1,1,2473901161171/6871947673600,0100011110000
K23_bipartite__b8__leaf_offset1,31,five_move_reduced,B1|B2|B5|B6,25907242733297/6871947673600,True,1,1,274877961619/6871947673600,0100101110000
K23_bipartite__b8__leaf_offset1,31,five_move_reduced,B0|B1|B2|B5|B6,2396591751643/858993459200,True,1,1,223338304977/171798691840,0100001110000
K23_bipartite__b8__leaf_offset1,31,five_move_reduced,B3|B5|B6,2654289789253/858993459200,True,1,1,5634997120377/3435973836800,0000001101100
K23_bipartite__b8__leaf_offset1,31,five_move_reduced,B0|B3|B5|B6,13091060320083/3435973836800,True,1,1,292057808803/1717986918400,1100010010000
K23_bipartite__b8__leaf_offset1,31,five_move_reduced,B1|B3|B5|B6,3229815413917/858993459200,True,1,1,412316805541/6871947673600,0000001101011
K23_bipartite__b8__leaf_offset1,31,five_move_reduced,B0|B1|B3|B5|B6,4879082849181/1717986918400,True,1,1,292057808803/1717986918400,1100000010000
K23_bipartite__b8__leaf_offset1,31,five_move_reduced,B2|B3|B5|B6,25975962209883/6871947673600,True,1,1,2199023254577/6871947673600,0100110010000
K23_bipartite__b8__leaf_offset1,31,five_move_reduced,B0|B2|B3|B5|B6,1924145348973/687194767360,True,1,1,6665789272967/3435973836800,0100010010000
K23_bipartite__b8__leaf_offset1,31,five_move_reduced,B1|B2|B3|B5|B6,19310172966441/6871947673600,True,1,1,13469017495331/6871947673600,0100100010000
K23_bipartite__b8__leaf_offset1,31,five_move_reduced,B0|B1|B2|B3|B5|B6,785979015393/429496729600,True,1,1,910533069527/429496729600,0100000010000
K23_bipartite__b8__leaf_offset1,31,five_move_reduced,B4|B5|B6,1297080123567/429496729600,True,1,1,5634997120377/3435973836800,0000000011100
K23_bipartite__b8__leaf_offset1,31,five_move_reduced,B0|B4|B5|B6,13331578488559/3435973836800,True,1,1,824633720107/6871947673600,1100011100000
K23_bipartite__b8__leaf_offset1,31,five_move_reduced,B1|B4|B5|B6,1584842935899/429496729600,True,1,1,274877895889/1374389534720,0000000011011
K23_bipartite__b8__leaf_offset1,31,five_move_reduced,B0|B1|B4|B5|B6,4999341933419/1717986918400,True,1,1,1941325295417/1717986918400,1100001100000
K23_bipartite__b8__leaf_offset1,31,five_move_reduced,B2|B4|B5|B6,5291399709367/1374389534720,True,1,1,1236950580673/6871947673600,0100111100000
K23_bipartite__b8__leaf_offset1,31,five_move_reduced,B0|B2|B4|B5|B6,9861244913341/3435973836800,True,1,1,6665789272967/3435973836800,0100011100000
K23_bipartite__b8__leaf_offset1,31,five_move_reduced,B1|B2|B4|B5|B6,19791209303393/6871947673600,True,1,1,12506944821427/6871947673600,0100101100000
K23_bipartite__b8__leaf_offset1,31,five_move_reduced,B0|B1|B2|B4|B5|B6,326417514581/171798691840,True,1,1,2645699882361/858993459200,0100001100000
K23_bipartite__b8__leaf_offset1,31,five_move_reduced,B3|B4|B5|B6,5360119186083/1374389534720,True,1,1,549755813513/6871947673600,1100110000000
K23_bipartite__b8__leaf_offset1,31,five_move_reduced,B0|B3|B4|B5|B6,10033043605131/3435973836800,True,1,1,2353642163733/1717986918400,1100010000000
K23_bipartite__b8__leaf_offset1,31,five_move_reduced,B1|B3|B4|B5|B6,20134806686973/6871947673600,True,1,1,7834020614179/6871947673600,1100100000000
K23_bipartite__b8__leaf_offset1,31,five_move_reduced,B0|B1|B3|B4|B5|B6,670014898341/343597383680,True,1,1,2353642163733/1717986918400,1100000000000
K23_bipartite__b8__leaf_offset1,31,five_move_reduced,B2|B3|B4|B5|B6,19859928779979/6871947673600,True,1,1,6665789272967/3435973836800,0100110000000
K23_bipartite__b8__leaf_offset1,31,five_move_reduced,B0|B2|B3|B4|B5|B6,6562710029913/3435973836800,True,1,1,6665789272967/3435973836800,0100010000000
K23_bipartite__b8__leaf_offset1,31,five_move_reduced,B1|B2|B3|B4|B5|B6,13194139536537/6871947673600,True,1,1,21234318670599/6871947673600,0100100000000
K23_bipartite__b8__leaf_offset1,31,five_move_reduced,B0|B1|B2|B3|B4|B5|B6,50465865753/53687091200,True,1,1,5823975738951/1717986918400,0100000000000
K23_bipartite__b8__leaf_offset1,31,five_move_reduced,B7,50465865753/53687091200,True,1,1,5823975738951/1717986918400,0100000000000
K23_bipartite__b8__leaf_offset1,31,five_move_reduced,B0|B7,13194139536537/6871947673600,True,1,1,21234318670599/6871947673600,0100100000000
K23_bipartite__b8__leaf_offset1,31,five_move_reduced,B1|B7,6562710029913/3435973836800,True,1,1,6665789272967/3435973836800,0100010000000
K23_bipartite__b8__leaf_offset1,31,five_move_reduced,B0|B1|B7,19859928779979/6871947673600,True,1,1,6665789272967/3435973836800,0100110000000
K23_bipartite__b8__leaf_offset1,31,five_move_reduced,B2|B7,670014898341/343597383680,True,1,1,2353642163733/1717986918400,1100000000000
K23_bipartite__b8__leaf_offset1,31,five_move_reduced,B0|B2|B7,20134806686973/6871947673600,True,1,1,7834020614179/6871947673600,1100100000000
K23_bipartite__b8__leaf_offset1,31,five_move_reduced,B1|B2|B7,10033043605131/3435973836800,True,1,1,2353642163733/1717986918400,1100010000000
K23_bipartite__b8__leaf_offset1,31,five_move_reduced,B0|B1|B2|B7,5360119186083/1374389534720,True,1,1,549755813513/6871947673600,1100110000000
K23_bipartite__b8__leaf_offset1,31,five_move_reduced,B3|B7,326417514581/171798691840,True,1,1,2645699882361/858993459200,0100001100000
K23_bipartite__b8__leaf_offset1,31,five_move_reduced,B0|B3|B7,19791209303393/6871947673600,True,1,1,12506944821427/6871947673600,0100101100000
K23_bipartite__b8__leaf_offset1,31,five_move_reduced,B1|B3|B7,9861244913341/3435973836800,True,1,1,6665789272967/3435973836800,0100011100000
K23_bipartite__b8__leaf_offset1,31,five_move_reduced,B0|B1|B3|B7,5291399709367/1374389534720,True,1,1,1236950580673/6871947673600,0100111100000
K23_bipartite__b8__leaf_offset1,31,five_move_reduced,B2|B3|B7,4999341933419/1717986918400,True,1,1,1941325295417/1717986918400,1100001100000
K23_bipartite__b8__leaf_offset1,31,five_move_reduced,B0|B2|B3|B7,1584842935899/429496729600,True,1,1,274877895889/1374389534720,0000000011011
K23_bipartite__b8__leaf_offset1,31,five_move_reduced,B1|B2|B3|B7,13331578488559/3435973836800,True,1,1,824633720107/6871947673600,1100011100000
K23_bipartite__b8__leaf_offset1,31,five_move_reduced,B0|B1|B2|B3|B7,1297080123567/429496729600,True,1,1,5634997120377/3435973836800,0000000011100
K23_bipartite__b8__leaf_offset1,31,five_move_reduced,B4|B7,785979015393/429496729600,True,1,1,910533069527/429496729600,0100000010000
K23_bipartite__b8__leaf_offset1,31,five_move_reduced,B0|B4|B7,19310172966441/6871947673600,True,1,1,13469017495331/6871947673600,0100100010000
K23_bipartite__b8__leaf_offset1,31,five_move_reduced,B1|B4|B7,1924145348973/687194767360,True,1,1,6665789272967/3435973836800,0100010010000
K23_bipartite__b8__leaf_offset1,31,five_move_reduced,B0|B1|B4|B7,25975962209883/6871947673600,True,1,1,2199023254577/6871947673600,0100110010000
K23_bipartite__b8__leaf_offset1,31,five_move_reduced,B2|B4|B7,4879082849181/1717986918400,True,1,1,292057808803/1717986918400,1100000010000
K23_bipartite__b8__leaf_offset1,31,five_move_reduced,B0|B2|B4|B7,3229815413917/858993459200,True,1,1,412316805541/6871947673600,0000001101011
K23_bipartite__b8__leaf_offset1,31,five_move_reduced,B1|B2|B4|B7,13091060320083/3435973836800,True,1,1,292057808803/1717986918400,1100010010000
K23_bipartite__b8__leaf_offset1,31,five_move_reduced,B0|B1|B2|B4|B7,2654289789253/858993459200,True,1,1,5634997120377/3435973836800,0000001101100
K23_bipartite__b8__leaf_offset1,31,five_move_reduced,B3|B4|B7,2396591751643/858993459200,True,1,1,223338304977/171798691840,0100001110000
K23_bipartite__b8__leaf_offset1,31,five_move_reduced,B0|B3|B4|B7,25907242733297/6871947673600,True,1,1,274877961619/6871947673600,0100101110000
K23_bipartite__b8__leaf_offset1,31,five_move_reduced,B1|B3|B4|B7,12919261628293/3435973836800,True,1,1,2473901161171/6871947673600,0100011110000
K23_bipartite__b8__leaf_offset1,31,five_move_reduced,B0|B1|B3|B4|B7,5394478924401/1717986918400,True,1,1,2199023255827/1374389534720,1000000001100
K23_bipartite__b8__leaf_offset1,31,five_move_reduced,B2|B3|B4|B7,16911433973/5368709120,True,1,1,4329326779193/6871947673600,0001000100010
K23_bipartite__b8__leaf_offset1,31,five_move_reduced,B0|B2|B3|B4|B7,120259084653/42949672960,True,1,1,206158424613/687194767360,0000000001011
K23_bipartite__b8__leaf_offset1,31,five_move_reduced,B1|B2|B3|B4|B7,21371757267321/6871947673600,True,1,1,6940667461561/6871947673600,0000100001100
K23_bipartite__b8__leaf_offset1,31,five_move_reduced,B0|B1|B2|B3|B4|B7,457414017099/214748364800,True,1,1,5634997120377/3435973836800,0000000001100
K23_bipartite__b8__leaf_offset1,31,five_move_reduced,B5|B7,83751862297/42949672960,True,1,1,20822001808633/6871947673600,0100000001000
K23_bipartite__b8__leaf_offset1,31,five_move_reduced,B0|B5|B7,20134806687673/6871947673600,True,1,1,7352984368327/6871947673600,0100100001000
K23_bipartite__b8__leaf_offset1,31,five_move_reduced,B1|B5|B7,10033043605481/3435973836800,True,1,1,6665789272967/3435973836800,0100010001000
K23_bipartite__b8__leaf_offset1,31,five_move_reduced,B0|B1|B5|B7,5360119186223/1374389534720,True,1,1,549755812113/6871947673600,0100110001000
K23_bipartite__b8__leaf_offset1,31,five_move_reduced,B2|B5|B7,5085241279489/1717986918400,True,1,1,7421703752213/6871947673600,1100000001000
K23_bipartite__b8__leaf_offset1,31,five_move_reduced,B0|B2|B5|B7,41070625293/13421772800,True,1,1,498216180011/858993459200,0010000100001
K23_bipartite__b8__leaf_offset1,31,five_move_reduced,B1|B2|B5|B7,13503377180699/3435973836800,True,1,1,137438951547/6871947673600,1100010001000
K23_bipartite__b8__leaf_offset1,31,five_move_reduced,B0|B1|B2|B5|B7,2551210574099/858993459200,True,1,1,3642132400333/3435973836800,0000001110100
K23_bipartite__b8__leaf_offset1,31,five_move_reduced,B3|B5|B7,2499670966797/858993459200,True,1,1,12094627959461/6871947673600,0100001101000
K23_bipartite__b8__leaf_offset1,31,five_move_reduced,B0|B3|B5|B7,6339371743421/1717986918400,True,1,1,292057807203/1717986918400,1000000010011
K23_bipartite__b8__leaf_offset1,31,five_move_reduced,B1|B3|B5|B7,13331578488909/3435973836800,True,1,1,824633718707/6871947673600,0100011101000
K23_bipartite__b8__leaf_offset1,31,five_move_reduced,B0|B1|B3|B5|B7,5188320494093/1717986918400,True,1,1,5634997120377/3435973836800,1000000010100
K23_bipartite__b8__leaf_offset1,31,five_move_reduced,B2|B3|B5|B7,25151328543401/6871947673600,True,1,1,103079217079/429496729600,0000100010011
K23_bipartite__b8__leaf_offset1,31,five_move_reduced,B0|B2|B3|B5|B7,1151051238953/429496729600,True,1,1,103079217079/429496729600,0000000010011
K23_bipartite__b8__leaf_offset1,31,five_move_reduced,B1|B2|B3|B5|B7,20547123546089/6871947673600,True,1,1,5634997120377/3435973836800,0000100010100
K23_bipartite__b8__leaf_offset1,31,five_move_reduced,B0|B1|B2|B3|B5|B7,863288426621/429496729600,True,1,1,5634997120377/3435973836800,0000000010100
K23_bipartite__b8__leaf_offset1,31,five_move_reduced,B4|B5|B7,1219770712339/429496729600,True,1,1,2611340126673/1374389534720,0100000011000
K23_bipartite__b8__leaf_offset1,31,five_move_reduced,B0|B4|B5|B7,6459630827659/1717986918400,True,1,1,412316806941/6871947673600,1000001100011
K23_bipartite__b8__leaf_offset1,31,five_move_reduced,B1|B4|B5|B7,13091060320433/3435973836800,True,1,1,1786706392611/6871947673600,0100010011000
K23_bipartite__b8__leaf_offset1,31,five_move_reduced,B0|B1|B4|B5|B7,5308579578331/1717986918400,True,1,1,5634997120377/3435973836800,1000001100100
K23_bipartite__b8__leaf_offset1,31,five_move_reduced,B2|B4|B5|B7,25632364880353/6871947673600,True,1,1,824633667507/6871947673600,0000101100011
K23_bipartite__b8__leaf_offset1,31,five_move_reduced,B0|B2|B4|B5|B7,94489280801/34359738368,True,1,1,206158424613/687194767360,0000001100011
K23_bipartite__b8__leaf_offset1,31,five_move_reduced,B1|B2|B4|B5|B7,21028159883041/6871947673600,True,1,1,5634997120377/3435973836800,0000101100100
K23_bipartite__b8__leaf_offset1,31,five_move_reduced,B0|B1|B2|B4|B5|B7,1786706395361/858993459200,True,1,1,5634997120377/3435973836800,0000001100100
K23_bipartite__b8__leaf_offset1,31,five_move_reduced,B3|B4|B5|B7,25975962263933/6871947673600,True,1,1,137438900347/6871947673600,1000100000011
K23_bipartite__b8__leaf_offset1,31,five_move_reduced,B0|B3|B4|B5|B7,962072677189/343597383680,True,1,1,206158424613/687194767360,1000000000011
K23_bipartite__b8__leaf_offset1,31,five_move_reduced,B1|B3|B4|B5|B7,21371757266621/6871947673600,True,1,1,5634997120377/3435973836800,1000100000100
K23_bipartite__b8__leaf_offset1,31,five_move_reduced,B0|B1|B3|B4|B5|B7,3659312136617/1717986918400,True,1,1,5634997120377/3435973836800,1000000000100
K23_bipartite__b8__leaf_offset1,31,five_move_reduced,B2|B3|B4|B5|B7,19035295113497/6871947673600,True,1,1,206158424613/687194767360,0000100000011
K23_bipartite__b8__leaf_offset1,31,five_move_reduced,B0|B2|B3|B4|B5|B7,48049946849/26843545600,True,1,1,206158424613/687194767360,0000000000011
K23_bipartite__b8__leaf_offset1,31,five_move_reduced,B1|B2|B3|B4|B5|B7,2886218023237/1374389534720,True,1,1,5634997120377/3435973836800,0000100000100
K23_bipartite__b8__leaf_offset1,31,five_move_reduced,B0|B1|B2|B3|B4|B5|B7,120259084313/107374182400,True,1,1,5634997120377/3435973836800,0000000000100
K23_bipartite__b8__leaf_offset1,31,five_move_reduced,B6|B7,221190815819/107374182400,True,1,1,5634997120377/3435973836800,0100000000100
K23_bipartite__b8__leaf_offset1,31,five_move_reduced,B0|B6|B7,20890720932569/6871947673600,True,1,1,5634997120377/3435973836800,0100100000100
K23_bipartite__b8__leaf_offset1,31,five_move_reduced,B1|B6|B7,146565759451/53687091200,True,1,1,206158424613/687194767360,0100000000011
K23_bipartite__b8__leaf_offset1,31,five_move_reduced,B0|B1|B6|B7,25494925929881/6871947673600,True,1,1,1099511568451/6871947673600,0100100000011
K23_bipartite__b8__leaf_offset1,31,five_move_reduced,B2|B6|B7,5274219840713/1717986918400,True,1,1,2353642163733/1717986918400,1100000000100
K23_bipartite__b8__leaf_offset1,31,five_move_reduced,B0|B2|B6|B7,13159779795669/3435973836800,True,1,1,1511828491667/6871947673600,0000011111000
K23_bipartite__b8__leaf_offset1,31,five_move_reduced,B1|B2|B6|B7,6425271090041/1717986918400,True,1,1,120259113963/1717986918400,1100000000011
K23_bipartite__b8__leaf_offset1,31,five_move_reduced,B0|B1|B2|B6|B7,2456721293487/858993459200,True,1,1,223338304977/171798691840,0000001111000
K23_bipartite__b8__leaf_offset1,31,five_move_reduced,B3|B6|B7,2594160247409/858993459200,True,1,1,5634997120377/3435973836800,0100001100100
K23_bipartite__b8__leaf_offset1,31,five_move_reduced,B0|B3|B6|B7,13331578487459/3435973836800,True,1,1,824633724507/6871947673600,1000010011000
K23_bipartite__b8__leaf_offset1,31,five_move_reduced,B1|B3|B6|B7,3169685872073/858993459200,True,1,1,274877895009/1374389534720,0100001100011
K23_bipartite__b8__leaf_offset1,31,five_move_reduced,B0|B1|B3|B6|B7,4999341932869/1717986918400,True,1,1,12094627965261/6871947673600,1000000011000
K23_bipartite__b8__leaf_offset1,31,five_move_reduced,B2|B3|B6|B7,5291399708927/1374389534720,True,1,1,1236950585073/6871947673600,0000110011000
K23_bipartite__b8__leaf_offset1,31,five_move_reduced,B0|B2|B3|B6|B7,9861244912241/3435973836800,True,1,1,6665789272967/3435973836800,0000010011000
K23_bipartite__b8__leaf_offset1,31,five_move_reduced,B1|B2|B3|B6|B7,19791209301193/6871947673600,True,1,1,7352984368327/6871947673600,0000100011000
K23_bipartite__b8__leaf_offset1,31,five_move_reduced,B0|B1|B2|B3|B6|B7,163208757263/85899345920,True,1,1,910533069527/429496729600,0000000011000
K23_bipartite__b8__leaf_offset1,31,five_move_reduced,B4|B6|B7,253403070529/85899345920,True,1,1,5634997120377/3435973836800,0100000010100
K23_bipartite__b8__leaf_offset1,31,five_move_reduced,B0|B4|B6|B7,27006754362473/6871947673600,True,1,1,137438949397/6871947673600,0100100010100
K23_bipartite__b8__leaf_offset1,31,five_move_reduced,B1|B4|B6|B7,1554778164977/429496729600,True,1,1,103079217079/429496729600,0100000010011
K23_bipartite__b8__leaf_offset1,31,five_move_reduced,B0|B1|B4|B6|B7,5119601017107/1717986918400,True,1,1,11132555291357/6871947673600,1000001101000
K23_bipartite__b8__leaf_offset1,31,five_move_reduced,B2|B4|B6|B7,13365938314777/3435973836800,True,1,1,206158252033/6871947673600,0001011000001
K23_bipartite__b8__leaf_offset1,31,five_move_reduced,B0|B2|B4|B6|B7,10101763080717/3435973836800,True,1,1,13262859188273/6871947673600,0000011101000
K23_bipartite__b8__leaf_offset1,31,five_move_reduced,B1|B2|B4|B6|B7,19595788463/6710886400,True,1,1,206158252033/6871947673600,0001001000001
K23_bipartite__b8__leaf_offset1,31,five_move_reduced,B0|B1|B2|B4|B6|B7,1692217114749/858993459200,True,1,1,13262859188273/6871947673600,0000001101000
K23_bipartite__b8__leaf_offset1,31,five_move_reduced,B3|B4|B6|B7,3358664426147/858993459200,True,1,1,412316855991/6871947673600,0100001110100
K23_bipartite__b8__leaf_offset1,31,five_move_reduced,B0|B3|B4|B6|B7,10273561772507/3435973836800,True,1,1,2611340116863/1374389534720,1000010001000
K23_bipartite__b8__leaf_offset1,31,five_move_reduced,B1|B3|B4|B6|B7,824633720869/274877906944,True,1,1,274877917787/274877906944,1000100001000
K23_bipartite__b8__leaf_offset1,31,five_move_reduced,B0|B1|B3|B4|B6|B7,3470333575393/1717986918400,True,1,1,20340965384981/6871947673600,1000000001000
K23_bipartite__b8__leaf_offset1,31,five_move_reduced,B2|B3|B4|B6|B7,20340965114731/6871947673600,True,1,1,7352984368327/6871947673600,0000110001000
K23_bipartite__b8__leaf_offset1,31,five_move_reduced,B0|B2|B3|B4|B6|B7,6803228197289/3435973836800,True,1,1,6665789272967/3435973836800,0000010001000
K23_bipartite__b8__leaf_offset1,31,five_move_reduced,B1|B2|B3|B4|B6|B7,13675175871289/6871947673600,True,1,1,7352984368327/6871947673600,0000100001000
K23_bipartite__b8__leaf_offset1,31,five_move_reduced,B0|B1|B2|B3|B4|B6|B7,216895848473/214748364800,True,1,1,20822001808633/6871947673600,0000000001000
K23_bipartite__b8__leaf_offset1,31,five_move_reduced,B5|B6|B7,659277480111/214748364800,True,1,1,5634997120377/3435973836800,0100000001100
K23_bipartite__b8__leaf_offset1,31,five_move_reduced,B0|B5|B6|B7,13159779795319/3435973836800,True,1,1,1511828493067/6871947673600,1000011110000
K23_bipartite__b8__leaf_offset1,31,five_move_reduced,B1|B5|B6|B7,803158886277/214748364800,True,1,1,137438941297/1374389534720,0100000001011
K23_bipartite__b8__leaf_offset1,31,five_move_reduced,B0|B1|B5|B6|B7,4913442586799/1717986918400,True,1,1,2113123988657/1717986918400,1000001110000
K23_bipartite__b8__leaf_offset1,31,five_move_reduced,B2|B5|B6|B7,5222680232071/1374389534720,True,1,1,1924145353633/6871947673600,0000111110000
K23_bipartite__b8__leaf_offset1,31,five_move_reduced,B0|B2|B5|B6|B7,9689446220101/3435973836800,True,1,1,223338304977/171798691840,0000011110000
K23_bipartite__b8__leaf_offset1,31,five_move_reduced,B1|B2|B5|B6|B7,19447611916913/6871947673600,True,1,1,223338304977/171798691840,0000101110000
K23_bipartite__b8__leaf_offset1,31,five_move_reduced,B0|B1|B2|B5|B6|B7,317827579919/171798691840,True,1,1,223338304977/171798691840,0000001110000
K23_bipartite__b8__leaf_offset1,31,five_move_reduced,B3|B5|B6|B7,5291399708787/1374389534720,True,1,1,1236950586473/6871947673600,1000110010000
K23_bipartite__b8__leaf_offset1,31,five_move_reduced,B0|B3|B5|B6|B7,9861244911891/3435973836800,True,1,1,6665789272967/3435973836800,1000010010000
K23_bipartite__b8__leaf_offset1,31,five_move_reduced,B1|B3|B5|B6|B7,19791209300493/6871947673600,True,1,1,12506944827227/6871947673600,1000100010000
K23_bipartite__b8__leaf_offset1,31,five_move_reduced,B0|B1|B3|B5|B6|B7,652835029017/343597383680,True,1,1,704374643399/343597383680,1000000010000
K23_bipartite__b8__leaf_offset1,31,five_move_reduced,B2|B3|B5|B6|B7,19516331393499/6871947673600,True,1,1,6665789272967/3435973836800,0000110010000
K23_bipartite__b8__leaf_offset1,31,five_move_reduced,B0|B2|B3|B5|B6|B7,6390911336673/3435973836800,True,1,1,6665789272967/3435973836800,0000010010000
K23_bipartite__b8__leaf_offset1,31,five_move_reduced,B1|B2|B3|B5|B6|B7,12850542150057/6871947673600,True,1,1,910533069527/429496729600,0000100010000
K23_bipartite__b8__leaf_offset1,31,five_move_reduced,B0|B1|B2|B3|B5|B6|B7,382252089369/429496729600,True,1,1,910533069527/429496729600,0000000010000
K23_bipartite__b8__leaf_offset1,31,five_move_reduced,B4|B5|B6|B7,26938034880887/6871947673600,True,1,1,274877912569/6871947673600,1000111100000
K23_bipartite__b8__leaf_offset1,31,five_move_reduced,B0|B4|B5|B6|B7,10101763080367/3435973836800,True,1,1,6665789272967/3435973836800,1000011100000
K23_bipartite__b8__leaf_offset1,31,five_move_reduced,B1|B4|B5|B6|B7,4054449127489/1374389534720,True,1,1,11544872153323/6871947673600,1000101100000
K23_bipartite__b8__leaf_offset1,31,five_move_reduced,B0|B1|B4|B5|B6|B7,3384434229323/1717986918400,True,1,1,5171140703609/1717986918400,1000001100000
K23_bipartite__b8__leaf_offset1,31,five_move_reduced,B2|B4|B5|B6|B7,19997367730451/6871947673600,True,1,1,6665789272967/3435973836800,0000111100000
K23_bipartite__b8__leaf_offset1,31,five_move_reduced,B0|B2|B4|B5|B6|B7,6631429505149/3435973836800,True,1,1,6665789272967/3435973836800,0000011100000
K23_bipartite__b8__leaf_offset1,31,five_move_reduced,B1|B2|B4|B5|B6|B7,13331578487009/6871947673600,True,1,1,13675176050239/6871947673600,0000101100000
K23_bipartite__b8__leaf_offset1,31,five_move_reduced,B0|B1|B2|B4|B5|B6|B7,824633720857/858993459200,True,1,1,2645699882361/858993459200,0000001100000
K23_bipartite__b8__leaf_offset1,31,five_move_reduced,B3|B4|B5|B6|B7,20340965114031/6871947673600,True,1,1,6665789272967/3435973836800,1000110000000
K23_bipartite__b8__leaf_offset1,31,five_move_reduced,B0|B3|B4|B5|B6|B7,6803228196939/3435973836800,True,1,1,6665789272967/3435973836800,1000010000000
K23_bipartite__b8__leaf_offset1,31,five_move_reduced,B1|B3|B4|B5|B6|B7,13675175870589/6871947673600,True,1,1,20753282246947/6871947673600,1000100000000
K23_bipartite__b8__leaf_offset1,31,five_move_reduced,B0|B1|B3|B4|B5|B6|B7,1735166787609/1717986918400,True,1,1,223338302877/68719476736,1000000000000
K23_bipartite__b8__leaf_offset1,31,five_move_reduced,B2|B3|B4|B5|B6|B7,2680059592719/1374389534720,True,1,1,6665789272967/3435973836800,0000110000000
K23_bipartite__b8__leaf_offset1,31,five_move_reduced,B0|B2|B3|B4|B5|B6|B7,3332894621721/3435973836800,True,1,1,6665789272967/3435973836800,0000010000000
K23_bipartite__b8__leaf_offset1,31,five_move_reduced,B1|B2|B3|B4|B5|B6|B7,6734508720153/6871947673600,True,1,1,21234318670599/6871947673600,0000100000000
K23_bipartite__b8__leaf_offset1,47,raw,B0,6665789243417/6871947673600,True,1,1,2637109948569/858993459200,10000000000000
K23_bipartite__b8__leaf_offset1,47,raw,B1,3470333575193/3435973836800,True,1,1,6803228226439/3435973836800,01000000000000
K23_bipartite__b8__leaf_offset1,47,raw,B0|B1,13606456393803/6871947673600,True,1,1,6803228226439/3435973836800,11000000000000
K23_bipartite__b8__leaf_offset1,47,raw,B2,309237645317/343597383680,True,1,1,3556232950663/1717986918400,00100000000000
K23_bipartite__b8__leaf_offset1,47,raw,B0|B2,12850542149757/6871947673600,True,1,1,3556232950663/1717986918400,10100000000000
K23_bipartite__b8__leaf_offset1,47,raw,B1|B2,6562710028363/3435973836800,True,1,1,6803228226439/3435973836800,01100000000000
K23_bipartite__b8__leaf_offset1,47,raw,B0|B1|B2,19791209300143/6871947673600,True,1,1,6803228226439/3435973836800,11100000000000
K23_bipartite__b8__leaf_offset1,47,raw,B3,893353197593/858993459200,True,1,1,850403553383/858993459200,00010000000000
K23_bipartite__b8__leaf_offset1,47,raw,B0|B3,13812614824161/6871947673600,True,1,1,850403553383/858993459200,10010000000000
K23_bipartite__b8__leaf_offset1,47,raw,B1|B3,1408749273113/687194767360,True,1,1,850403553383/858993459200,01010000000000
K23_bipartite__b8__leaf_offset1,47,raw,B0|B1|B3,20753281974547/6871947673600,True,1,1,850403553383/858993459200,11010000000000
K23_bipartite__b8__leaf_offset1,47,raw,B2|B3,3332894621771/1717986918400,True,1,1,850403553383/858993459200,00110000000000
K23_bipartite__b8__leaf_offset1,47,raw,B0|B2|B3,19997367730501/6871947673600,True,1,1,850403553383/858993459200,10110000000000
K23_bipartite__b8__leaf_offset1,47,raw,B1|B2|B3,2027224563747/687194767360,True,1,1,850403553383/858993459200,01110000000000
K23_bipartite__b8__leaf_offset1,47,raw,B0|B1|B2|B3,26938034880887/6871947673600,True,1,1,481036338277/1374389534720,11110000000000
K23_bipartite__b8__leaf_offset1,47,raw,B4,459561500697/429496729600,True,1,1,790273985239/429496729600,00001000000000
K23_bipartite__b8__leaf_offset1,47,raw,B0|B4,14018773254569/6871947673600,True,1,1,790273985239/429496729600,10001000000000
K23_bipartite__b8__leaf_offset1,47,raw,B1|B4,7146825580769/3435973836800,True,1,1,790273985239/429496729600,01001000000000
K23_bipartite__b8__leaf_offset1,47,raw,B0|B1|B4,4191888080991/1374389534720,True,1,1,790273985239/429496729600,11001000000000
K23_bipartite__b8__leaf_offset1,47,raw,B2|B4,3384434229373/1717986918400,True,1,1,790273985239/429496729600,00101000000000
K23_bipartite__b8__leaf_offset1,47,raw,B0|B2|B4,20203526160909/6871947673600,True,1,1,790273985239/429496729600,10101000000000
K23_bipartite__b8__leaf_offset1,47,raw,B1|B2|B4,10239202033939/3435973836800,True,1,1,790273985239/429496729600,01101000000000
K23_bipartite__b8__leaf_offset1,47,raw,B0|B1|B2|B4,5428838662259/1374389534720,True,1,1,1992864830569/6871947673600,11101000000000
K23_bipartite__b8__leaf_offset1,47,raw,B3|B4,1812476198987/858993459200,True,1,1,678604860693/858993459200,00011000000000
K23_bipartite__b8__leaf_offset1,47,raw,B0|B3|B4,21165598835313/6871947673600,True,1,1,678604860693/858993459200,10011000000000
K23_bipartite__b8__leaf_offset1,47,raw,B1|B3|B4,10720238371141/3435973836800,True,1,1,678604860693/858993459200,01011000000000
K23_bipartite__b8__leaf_offset1,47,raw,B0|B1|B3|B4,28106265985699/6871947673600,True,1,1,68719481761/6871947673600,11011000000000
K23_bipartite__b8__leaf_offset1,47,raw,B2|B3|B4,5171140624559/1717986918400,True,1,1,678604860693/858993459200,00111000000000
K23_bipartite__b8__leaf_offset1,47,raw,B0|B2|B3|B4,843961075589/214748364800,True,1,1,68719464561/1374389534720,00000101100100
K23_bipartite__b8__leaf_offset1,47,raw,B1|B2|B3|B4,13812614824311/3435973836800,True,1,1,206158431183/1374389534720,01111000000000
K23_bipartite__b8__leaf_offset1,47,raw,B0|B1|B2|B3|B4,137438953507/42949672960,True,1,1,5978594504057/3435973836800,00000111000000
K23_bipartite__b8__leaf_offset1,47,raw,B5,242665652249/214748364800,True,1,1,3917010245477/1374389534720,00000100000000
K23_bipartite__b8__leaf_offset1,47,raw,B0|B5,2886218023077/1374389534720,True,1,1,6253472740551/6871947673600,10000100000000
K23_bipartite__b8__leaf_offset1,47,raw,B1|B5,7352984011177/3435973836800,True,1,1,6803228226439/3435973836800,01000100000000
K23_bipartite__b8__leaf_offset1,47,raw,B0|B1|B5,21371757265771/6871947673600,True,1,1,6253472740551/6871947673600,11000100000000
K23_bipartite__b8__leaf_offset1,47,raw,B2|B5,3487513444577/1717986918400,True,1,1,3556232950663/1717986918400,00100100000000
K23_bipartite__b8__leaf_offset1,47,raw,B0|B2|B5,824633720869/274877906944,True,1,1,6047314223843/6871947673600,10100100000000
K23_bipartite__b8__leaf_offset1,47,raw,B1|B2|B5,10445360464347/3435973836800,True,1,1,6803228226439/3435973836800,01100100000000
K23_bipartite__b8__leaf_offset1,47,raw,B0|B1|B2|B5,27556510172111/6871947673600,True,1,1,1168231108937/6871947673600,11100100000000
K23_bipartite__b8__leaf_offset1,47,raw,B3|B5,1864015806589/858993459200,True,1,1,850403553383/858993459200,00010100000000
K23_bipartite__b8__leaf_offset1,47,raw,B0|B3|B5,20266877103/6710886400,True,1,1,824633542657/6871947673600,00000000001110
K23_bipartite__b8__leaf_offset1,47,raw,B1|B3|B5,10926396801549/3435973836800,True,1,1,850403553383/858993459200,01010100000000
K23_bipartite__b8__leaf_offset1,47,raw,B0|B1|B3|B5,13846974651929/3435973836800,True,1,1,34359651393/3435973836800,01000000001110
K23_bipartite__b8__leaf_offset1,47,raw,B2|B3|B5,5274219839763/1717986918400,True,1,1,850403553383/858993459200,00110100000000
K23_bipartite__b8__leaf_offset1,47,raw,B0|B2|B3|B5,1662152347377/429496729600,True,1,1,8589936567/429496729600,00001001100100
K23_bipartite__b8__leaf_offset1,47,raw,B1|B2|B3|B5,14018773254719/3435973836800,True,1,1,206158434283/6871947673600,01110100000000
K23_bipartite__b8__leaf_offset1,47,raw,B0|B1|B2|B3|B5,1348619731269/429496729600,True,1,1,5978594504057/3435973836800,00001011000000
K23_bipartite__b8__leaf_offset1,47,raw,B4|B5,188978561039/85899345920,True,1,1,790273985239/429496729600,00001100000000
K23_bipartite__b8__leaf_offset1,47,raw,B0|B4|B5,21784074126537/6871947673600,True,1,1,6253472740551/6871947673600,10001100000000
K23_bipartite__b8__leaf_offset1,47,raw,B1|B4|B5,11029476016753/3435973836800,True,1,1,12163347386147/6871947673600,01001100000000
K23_bipartite__b8__leaf_offset1,47,raw,B0|B1|B4|B5,6889127544059/1717986918400,True,1,1,1168231100687/6871947673600,00110011000000
K23_bipartite__b8__leaf_offset1,47,raw,B2|B4|B5,1065151889473/343597383680,True,1,1,11751030581581/6871947673600,00101100000000
K23_bipartite__b8__leaf_offset1,47,raw,B0|B2|B4|B5,3298534890953/858993459200,True,1,1,1580547905253/6871947673600,00010001100100
K23_bipartite__b8__leaf_offset1,47,raw,B1|B2|B4|B5,28037546513313/6871947673600,True,1,1,206158426533/6871947673600,10010011000000
K23_bipartite__b8__leaf_offset1,47,raw,B0|B1|B2|B4|B5,2671469658737/858993459200,True,1,1,850403553383/858993459200,00010011000000
K23_bipartite__b8__leaf_offset1,47,raw,B3|B4|B5,2783138807983/858993459200,True,1,1,678604860693/858993459200,00011100000000
K23_bipartite__b8__leaf_offset1,47,raw,B0|B3|B4|B5,1271310322661/343597383680,True,1,1,326417542471/1717986918400,00100001100100
K23_bipartite__b8__leaf_offset1,47,raw,B1|B3|B4|B5,27075473838909/6871947673600,True,1,1,326417542471/1717986918400,10100011000000
K23_bipartite__b8__leaf_offset1,47,raw,B0|B1|B3|B4|B5,5102421148873/1717986918400,True,1,1,326417542471/1717986918400,00100011000000
K23_bipartite__b8__leaf_offset1,47,raw,B2|B3|B4|B5,25907242790297/6871947673600,True,1,1,962072646329/3435973836800,10000001100100
K23_bipartite__b8__leaf_offset1,47,raw,B0|B2|B3|B4|B5,30064771167/10737418240,True,1,1,962072646329/3435973836800,00000001100100
K23_bipartite__b8__leaf_offset1,47,raw,B1|B2|B3|B4|B5,20890720932569/6871947673600,True,1,1,5978594504057/3435973836800,10000011000000
K23_bipartite__b8__leaf_offset1,47,raw,B0|B1|B2|B3|B4|B5,222264557643/107374182400,True,1,1,5978594504057/3435973836800,00000011000000
K23_bipartite__b8__leaf_offset1,47,raw,B6,121332826137/107374182400,True,1,1,5978594504057/3435973836800,00000010000000
K23_bipartite__b8__leaf_offset1,47,raw,B0|B6,2886218023237/1374389534720,True,1,1,5978594504057/3435973836800,10000010000000
K23_bipartite__b8__leaf_offset1,47,raw,B1|B6,49928995041/26843545600,True,1,1,962072646329/3435973836800,00000000100100
K23_bipartite__b8__leaf_offset1,47,raw,B0|B1|B6,19447611973913/6871947673600,True,1,1,962072646329/3435973836800,10000000100100
K23_bipartite__b8__leaf_offset1,47,raw,B2|B6,3487513444777/1717986918400,True,1,1,5978594504057/3435973836800,00100010000000
K23_bipartite__b8__leaf_offset1,47,raw,B0|B2|B6,824633720901/274877906944,True,1,1,5978594504057/3435973836800,10100010000000
K23_bipartite__b8__leaf_offset1,47,raw,B1|B2|B6,4741643909209/1717986918400,True,1,1,962072646329/3435973836800,00100000100100
K23_bipartite__b8__leaf_offset1,47,raw,B0|B1|B2|B6,25632364880253/6871947673600,True,1,1,962072646329/3435973836800,10100000100100
K23_bipartite__b8__leaf_offset1,47,raw,B3|B6,1864015806689/858993459200,True,1,1,850403553383/858993459200,00010010000000
K23_bipartite__b8__leaf_offset1,47,raw,B0|B3|B6,21577915696929/6871947673600,True,1,1,850403553383/858993459200,10010010000000
K23_bipartite__b8__leaf_offset1,47,raw,B1|B3|B6,498216207781/171798691840,True,1,1,962072646329/3435973836800,00010000100100
K23_bipartite__b8__leaf_offset1,47,raw,B0|B1|B3|B6,26594437554657/6871947673600,True,1,1,1168231051187/6871947673600,10010000100100
K23_bipartite__b8__leaf_offset1,47,raw,B2|B3|B6,5274219839963/1717986918400,True,1,1,850403553383/858993459200,00110010000000
K23_bipartite__b8__leaf_offset1,47,raw,B0|B2|B3|B6,27762668603269/6871947673600,True,1,1,755914246621/6871947673600,10110010000000
K23_bipartite__b8__leaf_offset1,47,raw,B1|B2|B3|B6,1305670060879/343597383680,True,1,1,962072646329/3435973836800,00110000100100
K23_bipartite__b8__leaf_offset1,47,raw,B0|B1|B2|B3|B6,1348619731219/429496729600,True,1,1,11201274761493/6871947673600,00001101000000
K23_bipartite__b8__leaf_offset1,47,raw,B4|B6,188978561049/85899345920,True,1,1,5978594504057/3435973836800,00001010000000
K23_bipartite__b8__leaf_offset1,47,raw,B0|B4|B6,21784074127337/6871947673600,True,1,1,5978594504057/3435973836800,10001010000000
K23_bipartite__b8__leaf_offset1,47,raw,B1|B4|B6,1258425421353/429496729600,True,1,1,8589936567/429496729600,00001000100100
K23_bipartite__b8__leaf_offset1,47,raw,B0|B1|B4|B6,5360119197013/1374389534720,True,1,1,8589936567/429496729600,10001000100100
K23_bipartite__b8__leaf_offset1,47,raw,B2|B4|B6,1065151889513/343597383680,True,1,1,5978594504057/3435973836800,00101010000000
K23_bipartite__b8__leaf_offset1,47,raw,B0|B2|B4|B6,27968827033677/6871947673600,True,1,1,68719477161/1374389534720,10101010000000
K23_bipartite__b8__leaf_offset1,47,raw,B1|B2|B4|B6,6579889911997/1717986918400,True,1,1,8589936567/429496729600,00101000100100
K23_bipartite__b8__leaf_offset1,47,raw,B0|B1|B2|B4|B6,2671469658637/858993459200,True,1,1,850403553383/858993459200,00010101000000
K23_bipartite__b8__leaf_offset1,47,raw,B3|B4|B6,2783138808083/858993459200,True,1,1,2439541557453/3435973836800,00011010000000
K23_bipartite__b8__leaf_offset1,47,raw,B0|B3|B4|B6,13675175872539/3435973836800,True,1,1,326417542471/1717986918400,01100101000000
K23_bipartite__b8__leaf_offset1,47,raw,B1|B3|B4|B6,39460012557/13421772800,True,1,1,274877896357/274877906944,00000000010101
K23_bipartite__b8__leaf_offset1,47,raw,B0|B1|B3|B4|B6,5102421148673/1717986918400,True,1,1,326417542471/1717986918400,00100101000000
K23_bipartite__b8__leaf_offset1,47,raw,B2|B3|B4|B6,5566277616431/1374389534720,True,1,1,618475288849/6871947673600,11000101000000
K23_bipartite__b8__leaf_offset1,47,raw,B0|B2|B3|B4|B6,10582799419369/3435973836800,True,1,1,6803228226439/3435973836800,01000101000000
K23_bipartite__b8__leaf_offset1,47,raw,B1|B2|B3|B4|B6,20890720931769/6871947673600,True,1,1,1099511680751/1374389534720,10000101000000
K23_bipartite__b8__leaf_offset1,47,raw,B0|B1|B2|B3|B4|B6,444529115261/214748364800,True,1,1,3418793995641/1717986918400,00000101000000
K23_bipartite__b8__leaf_offset1,47,raw,B5|B6,485331304523/214748364800,True,1,1,5978594504057/3435973836800,00000110000000
K23_bipartite__b8__leaf_offset1,47,raw,B0|B5|B6,22196390988153/6871947673600,True,1,1,206158442657/274877906944,10000110000000
K23_bipartite__b8__leaf_offset1,47,raw,B1|B5|B6,642097612577/214748364800,True,1,1,962072646329/3435973836800,00000100100100
K23_bipartite__b8__leaf_offset1,47,raw,B0|B1|B5|B6,79725331657/26843545600,True,1,1,1683627102607/1717986918400,00000000100011
K23_bipartite__b8__leaf_offset1,47,raw,B2|B5|B6,5428838662769/1717986918400,True,1,1,5978594504057/3435973836800,00100110000000
K23_bipartite__b8__leaf_offset1,47,raw,B0|B2|B5|B6,13950053779333/3435973836800,True,1,1,481036335827/6871947673600,01011001000000
K23_bipartite__b8__leaf_offset1,47,raw,B1|B2|B5|B6,6682969127201/1717986918400,True,1,1,893353142893/6871947673600,00100100100100
K23_bipartite__b8__leaf_offset1,47,raw,B0|B1|B2|B5|B6,523986010207/171798691840,True,1,1,678604860693/858993459200,00011001000000
K23_bipartite__b8__leaf_offset1,47,raw,B3|B5|B6,566935683137/171798691840,True,1,1,850403553383/858993459200,00010110000000
K23_bipartite__b8__leaf_offset1,47,raw,B0|B3|B5|B6,13469017442131/3435973836800,True,1,1,120259116963/1717986918400,01101001000000
K23_bipartite__b8__leaf_offset1,47,raw,B1|B3|B5|B6,26663156977293/6871947673600,True,1,1,120259116963/1717986918400,10101001000000
K23_bipartite__b8__leaf_offset1,47,raw,B0|B1|B3|B5|B6,4999341933469/1717986918400,True,1,1,120259116963/1717986918400,00101001000000
K23_bipartite__b8__leaf_offset1,47,raw,B2|B3|B5|B6,27419071221339/6871947673600,True,1,1,1443109010481/6871947673600,11001001000000
K23_bipartite__b8__leaf_offset1,47,raw,B0|B2|B3|B5|B6,10376640988961/3435973836800,True,1,1,790273985239/429496729600,01001001000000
K23_bipartite__b8__leaf_offset1,47,raw,B1|B2|B3|B5|B6,20478404070953/6871947673600,True,1,1,790273985239/429496729600,10001001000000
K23_bipartite__b8__leaf_offset1,47,raw,B0|B1|B2|B3|B5|B6,863288426721/429496729600,True,1,1,790273985239/429496729600,00001001000000
K23_bipartite__b8__leaf_offset1,47,raw,B4|B5|B6,1430224109743/429496729600,True,1,1,10514079941383/6871947673600,00001110000000
K23_bipartite__b8__leaf_offset1,47,raw,B0|B4|B5|B6,13365938226927/3435973836800,True,1,1,326417542471/1717986918400,01110001000000
K23_bipartite__b8__leaf_offset1,47,raw,B1|B4|B5|B6,5291399709377/1374389534720,True,1,1,326417542471/1717986918400,10110001000000
K23_bipartite__b8__leaf_offset1,47,raw,B0|B1|B4|B5|B6,4947802325867/1717986918400,True,1,1,326417542471/1717986918400,00110001000000
K23_bipartite__b8__leaf_offset1,47,raw,B2|B4|B5|B6,27212912790931/6871947673600,True,1,1,1855425871297/6871947673600,11010001000000
K23_bipartite__b8__leaf_offset1,47,raw,B0|B2|B4|B5|B6,10273561773757/3435973836800,True,1,1,850403553383/858993459200,01010001000000
K23_bipartite__b8__leaf_offset1,47,raw,B1|B2|B4|B5|B6,4054449128109/1374389534720,True,1,1,850403553383/858993459200,10010001000000
K23_bipartite__b8__leaf_offset1,47,raw,B0|B1|B2|B4|B5|B6,1700807049641/858993459200,True,1,1,850403553383/858993459200,00010001000000
K23_bipartite__b8__leaf_offset1,47,raw,B3|B4|B5|B6,26250840116527/6871947673600,True,1,1,326417542471/1717986918400,11100001000000
K23_bipartite__b8__leaf_offset1,47,raw,B0|B3|B4|B5|B6,1958505087311/687194767360,True,1,1,326417542471/1717986918400,01100001000000
K23_bipartite__b8__leaf_offset1,47,raw,B1|B3|B4|B5|B6,19310172966141/6871947673600,True,1,1,326417542471/1717986918400,10100001000000
K23_bipartite__b8__leaf_offset1,47,raw,B0|B1|B3|B4|B5|B6,3161095930681/1717986918400,True,1,1,326417542471/1717986918400,00100001000000
K23_bipartite__b8__leaf_offset1,47,raw,B2|B3|B4|B5|B6,20066087210187/6871947673600,True,1,1,6803228226439/3435973836800,11000001000000
K23_bipartite__b8__leaf_offset1,47,raw,B0|B2|B3|B4|B5|B6,1340029796677/687194767360,True,1,1,6803228226439/3435973836800,01000001000000
K23_bipartite__b8__leaf_offset1,47,raw,B1|B2|B3|B4|B5|B6,13125420059801/6871947673600,True,1,1,3418793995641/1717986918400,10000001000000
K23_bipartite__b8__leaf_offset1,47,raw,B0|B1|B2|B3|B4|B5|B6,50465865753/53687091200,True,1,1,3418793995641/1717986918400,00000001000000
K23_bipartite__b8__leaf_offset1,47,raw,B7,50465865753/53687091200,True,1,1,3418793995641/1717986918400,00000001000000
K23_bipartite__b8__leaf_offset1,47,raw,B0|B7,13125420059801/6871947673600,True,1,1,3418793995641/1717986918400,10000001000000
K23_bipartite__b8__leaf_offset1,47,raw,B1|B7,1340029796677/687194767360,True,1,1,6803228226439/3435973836800,01000001000000
K23_bipartite__b8__leaf_offset1,47,raw,B0|B1|B7,20066087210187/6871947673600,True,1,1,6803228226439/3435973836800,11000001000000
K23_bipartite__b8__leaf_offset1,47,raw,B2|B7,3161095930681/1717986918400,True,1,1,326417542471/1717986918400,00100001000000
K23_bipartite__b8__leaf_offset1,47,raw,B0|B2|B7,19310172966141/6871947673600,True,1,1,326417542471/1717986918400,10100001000000
K23_bipartite__b8__leaf_offset1,47,raw,B1|B2|B7,1958505087311/687194767360,True,1,1,326417542471/1717986918400,01100001000000
K23_bipartite__b8__leaf_offset1,47,raw,B0|B1|B2|B7,26250840116527/6871947673600,True,1,1,326417542471/1717986918400,11100001000000
K23_bipartite__b8__leaf_offset1,47,raw,B3|B7,1700807049641/858993459200,True,1,1,850403553383/858993459200,00010001000000
K23_bipartite__b8__leaf_offset1,47,raw,B0|B3|B7,4054449128109/1374389534720,True,1,1,850403553383/858993459200,10010001000000
K23_bipartite__b8__leaf_offset1,47,raw,B1|B3|B7,10273561773757/3435973836800,True,1,1,850403553383/858993459200,01010001000000
K23_bipartite__b8__leaf_offset1,47,raw,B0|B1|B3|B7,27212912790931/6871947673600,True,1,1,1855425871297/6871947673600,11010001000000
K23_bipartite__b8__leaf_offset1,47,raw,B2|B3|B7,4947802325867/1717986918400,True,1,1,326417542471/1717986918400,00110001000000
K23_bipartite__b8__leaf_offset1,47,raw,B0|B2|B3|B7,5291399709377/1374389534720,True,1,1,326417542471/1717986918400,10110001000000
K23_bipartite__b8__leaf_offset1,47,raw,B1|B2|B3|B7,13365938226927/3435973836800,True,1,1,326417542471/1717986918400,01110001000000
K23_bipartite__b8__leaf_offset1,47,raw,B0|B1|B2|B3|B7,1430224109743/429496729600,True,1,1,10514079941383/6871947673600,00001110000000
K23_bipartite__b8__leaf_offset1,47,raw,B4|B7,863288426721/429496729600,True,1,1,790273985239/429496729600,00001001000000
K23_bipartite__b8__leaf_offset1,47,raw,B0|B4|B7,20478404070953/6871947673600,True,1,1,790273985239/429496729600,10001001000000
K23_bipartite__b8__leaf_offset1,47,raw,B1|B4|B7,10376640988961/3435973836800,True,1,1,790273985239/429496729600,01001001000000
K23_bipartite__b8__leaf_offset1,47,raw,B0|B1|B4|B7,27419071221339/6871947673600,True,1,1,1443109010481/6871947673600,11001001000000
K23_bipartite__b8__leaf_offset1,47,raw,B2|B4|B7,4999341933469/1717986918400,True,1,1,120259116963/1717986918400,00101001000000
K23_bipartite__b8__leaf_offset1,47,raw,B0|B2|B4|B7,26663156977293/6871947673600,True,1,1,120259116963/1717986918400,10101001000000
K23_bipartite__b8__leaf_offset1,47,raw,B1|B2|B4|B7,13469017442131/3435973836800,True,1,1,120259116963/1717986918400,01101001000000
K23_bipartite__b8__leaf_offset1,47,raw,B0|B1|B2|B4|B7,566935683137/171798691840,True,1,1,850403553383/858993459200,00010110000000
K23_bipartite__b8__leaf_offset1,47,raw,B3|B4|B7,523986010207/171798691840,True,1,1,678604860693/858993459200,00011001000000
K23_bipartite__b8__leaf_offset1,47,raw,B0|B3|B4|B7,6682969127201/1717986918400,True,1,1,893353142893/6871947673600,00100100100100
K23_bipartite__b8__leaf_offset1,47,raw,B1|B3|B4|B7,13950053779333/3435973836800,True,1,1,481036335827/6871947673600,01011001000000
K23_bipartite__b8__leaf_offset1,47,raw,B0|B1|B3|B4|B7,5428838662769/1717986918400,True,1,1,5978594504057/3435973836800,00100110000000
K23_bipartite__b8__leaf_offset1,47,raw,B2|B3|B4|B7,79725331657/26843545600,True,1,1,1683627102607/1717986918400,00000000100011
K23_bipartite__b8__leaf_offset1,47,raw,B0|B2|B3|B4|B7,642097612577/214748364800,True,1,1,962072646329/3435973836800,00000100100100
K23_bipartite__b8__leaf_offset1,47,raw,B1|B2|B3|B4|B7,22196390988153/6871947673600,True,1,1,206158442657/274877906944,10000110000000
K23_bipartite__b8__leaf_offset1,47,raw,B0|B1|B2|B3|B4|B7,485331304523/214748364800,True,1,1,5978594504057/3435973836800,00000110000000
K23_bipartite__b8__leaf_offset1,47,raw,B5|B7,444529115261/214748364800,True,1,1,3418793995641/1717986918400,00000101000000
K23_bipartite__b8__leaf_offset1,47,raw,B0|B5|B7,20890720931769/6871947673600,True,1,1,1099511680751/1374389534720,10000101000000
K23_bipartite__b8__leaf_offset1,47,raw,B1|B5|B7,10582799419369/3435973836800,True,1,1,6803228226439/3435973836800,01000101000000
K23_bipartite__b8__leaf_offset1,47,raw,B0|B1|B5|B7,5566277616431/1374389534720,True,1,1,618475288849/6871947673600,11000101000000
K23_bipartite__b8__leaf_offset1,47,raw,B2|B5|B7,5102421148673/1717986918400,True,1,1,326417542471/1717986918400,00100101000000
K23_bipartite__b8__leaf_offset1,47,raw,B0|B2|B5|B7,39460012557/13421772800,True,1,1,274877896357/274877906944,00000000010101
K23_bipartite__b8__leaf_offset1,47,raw,B1|B2|B5|B7,13675175872539/3435973836800,True,1,1,326417542471/1717986918400,01100101000000
K23_bipartite__b8__leaf_offset1,47,raw,B0|B1|B2|B5|B7,2783138808083/858993459200,True,1,1,2439541557453/3435973836800,00011010000000
K23_bipartite__b8__leaf_offset1,47,raw,B3|B5|B7,2671469658637/858993459200,True,1,1,850403553383/858993459200,00010101000000
K23_bipartite__b8__leaf_offset1,47,raw,B0|B3|B5|B7,6579889911997/1717986918400,True,1,1,8589936567/429496729600,00101000100100
K23_bipartite__b8__leaf_offset1,47,raw,B1|B3|B5|B7,27968827033677/6871947673600,True,1,1,68719477161/1374389534720,10101010000000
K23_bipartite__b8__leaf_offset1,47,raw,B0|B1|B3|B5|B7,1065151889513/343597383680,True,1,1,5978594504057/3435973836800,00101010000000
K23_bipartite__b8__leaf_offset1,47,raw,B2|B3|B5|B7,5360119197013/1374389534720,True,1,1,8589936567/429496729600,10001000100100
K23_bipartite__b8__leaf_offset1,47,raw,B0|B2|B3|B5|B7,1258425421353/429496729600,True,1,1,8589936567/429496729600,00001000100100
K23_bipartite__b8__leaf_offset1,47,raw,B1|B2|B3|B5|B7,21784074127337/6871947673600,True,1,1,5978594504057/3435973836800,10001010000000
K23_bipartite__b8__leaf_offset1,47,raw,B0|B1|B2|B3|B5|B7,188978561049/85899345920,True,1,1,5978594504057/3435973836800,00001010000000
K23_bipartite__b8__leaf_offset1,47,raw,B4|B5|B7,1348619731219/429496729600,True,1,1,11201274761493/6871947673600,00001101000000
K23_bipartite__b8__leaf_offset1,47,raw,B0|B4|B5|B7,1305670060879/343597383680,True,1,1,962072646329/3435973836800,00110000100100
K23_bipartite__b8__leaf_offset1,47,raw,B1|B4|B5|B7,27762668603269/6871947673600,True,1,1,755914246621/6871947673600,10110010000000
K23_bipartite__b8__leaf_offset1,47,raw,B0|B1|B4|B5|B7,5274219839963/1717986918400,True,1,1,850403553383/858993459200,00110010000000
K23_bipartite__b8__leaf_offset1,47,raw,B2|B4|B5|B7,26594437554657/6871947673600,True,1,1,1168231051187/6871947673600,10010000100100
K23_bipartite__b8__leaf_offset1,47,raw,B0|B2|B4|B5|B7,498216207781/171798691840,True,1,1,962072646329/3435973836800,00010000100100
K23_bipartite__b8__leaf_offset1,47,raw,B1|B2|B4|B5|B7,21577915696929/6871947673600,True,1,1,850403553383/858993459200,10010010000000
K23_bipartite__b8__leaf_offset1,47,raw,B0|B1|B2|B4|B5|B7,1864015806689/858993459200,True,1,1,850403553383/858993459200,00010010000000
K23_bipartite__b8__leaf_offset1,47,raw,B3|B4|B5|B7,25632364880253/6871947673600,True,1,1,962072646329/3435973836800,10100000100100
K23_bipartite__b8__leaf_offset1,47,raw,B0|B3|B4|B5|B7,4741643909209/1717986918400,True,1,1,962072646329/3435973836800,00100000100100
K23_bipartite__b8__leaf_offset1,47,raw,B1|B3|B4|B5|B7,824633720901/274877906944,True,1,1,5978594504057/3435973836800,10100010000000
K23_bipartite__b8__leaf_offset1,47,raw,B0|B1|B3|B4|B5|B7,3487513444777/1717986918400,True,1,1,5978594504057/3435973836800,00100010000000
K23_bipartite__b8__leaf_offset1,47,raw,B2|B3|B4|B5|B7,19447611973913/6871947673600,True,1,1,962072646329/3435973836800,10000000100100
K23_bipartite__b8__leaf_offset1,47,raw,B0|B2|B3|B4|B5|B7,49928995041/26843545600,True,1,1,962072646329/3435973836800,00000000100100
K23_bipartite__b8__leaf_offset1,47,raw,B1|B2|B3|B4|B5|B7,2886218023237/1374389534720,True,1,1,5978594504057/3435973836800,10000010000000
K23_bipartite__b8__leaf_offset1,47,raw,B0|B1|B2|B3|B4|B5|B7,121332826137/107374182400,True,1,1,5978594504057/3435973836800,00000010000000
K23_bipartite__b8__leaf_offset1,47,raw,B6|B7,222264557643/107374182400,True,1,1,5978594504057/3435973836800,00000011000000
K23_bipartite__b8__leaf_offset1,47,raw,B0|B6|B7,20890720932569/6871947673600,True,1,1,5978594504057/3435973836800,10000011000000
K23_bipartite__b8__leaf_offset1,47,raw,B1|B6|B7,30064771167/10737418240,True,1,1,962072646329/3435973836800,00000001100100
K23_bipartite__b8__leaf_offset1,47,raw,B0|B1|B6|B7,25907242790297/6871947673600,True,1,1,962072646329/3435973836800,10000001100100
K23_bipartite__b8__leaf_offset1,47,raw,B2|B6|B7,5102421148873/1717986918400,True,1,1,326417542471/1717986918400,00100011000000
K23_bipartite__b8__leaf_offset1,47,raw,B0|B2|B6|B7,27075473838909/6871947673600,True,1,1,326417542471/1717986918400,10100011000000
K23_bipartite__b8__leaf_offset1,47,raw,B1|B2|B6|B7,1271310322661/343597383680,True,1,1,326417542471/1717986918400,00100001100100
K23_bipartite__b8__leaf_offset1,47,raw,B0|B1|B2|B6|B7,2783138807983/858993459200,True,1,1,678604860693/858993459200,00011100000000
K23_bipartite__b8__leaf_offset1,47,raw,B3|B6|B7,2671469658737/858993459200,True,1,1,850403553383/858993459200,00010011000000
K23_bipartite__b8__leaf_offset1,47,raw,B0|B3|B6|B7,28037546513313/6871947673600,True,1,1,206158426533/6871947673600,10010011000000
K23_bipartite__b8__leaf_offset1,47,raw,B1|B3|B6|B7,3298534890953/858993459200,True,1,1,1580547905253/6871947673600,00010001100100
K23_bipartite__b8__leaf_offset1,47,raw,B0|B1|B3|B6|B7,1065151889473/343597383680,True,1,1,11751030581581/6871947673600,00101100000000
K23_bipartite__b8__leaf_offset1,47,raw,B2|B3|B6|B7,6889127544059/1717986918400,True,1,1,1168231100687/6871947673600,00110011000000
K23_bipartite__b8__leaf_offset1,47,raw,B0|B2|B3|B6|B7,11029476016753/3435973836800,True,1,1,12163347386147/6871947673600,01001100000000
K23_bipartite__b8__leaf_offset1,47,raw,B1|B2|B3|B6|B7,21784074126537/6871947673600,True,1,1,6253472740551/6871947673600,10001100000000
K23_bipartite__b8__leaf_offset1,47,raw,B0|B1|B2|B3|B6|B7,188978561039/85899345920,True,1,1,790273985239/429496729600,00001100000000
K23_bipartite__b8__leaf_offset1,47,raw,B4|B6|B7,1348619731269/429496729600,True,1,1,5978594504057/3435973836800,00001011000000
K23_bipartite__b8__leaf_offset1,47,raw,B0|B4|B6|B7,14018773254719/3435973836800,True,1,1,206158434283/6871947673600,01110100000000
K23_bipartite__b8__leaf_offset1,47,raw,B1|B4|B6|B7,1662152347377/429496729600,True,1,1,8589936567/429496729600,00001001100100
K23_bipartite__b8__leaf_offset1,47,raw,B0|B1|B4|B6|B7,5274219839763/1717986918400,True,1,1,850403553383/858993459200,00110100000000
K23_bipartite__b8__leaf_offset1,47,raw,B2|B4|B6|B7,13846974651929/3435973836800,True,1,1,34359651393/3435973836800,01000000001110
K23_bipartite__b8__leaf_offset1,47,raw,B0|B2|B4|B6|B7,10926396801549/3435973836800,True,1,1,850403553383/858993459200,01010100000000
K23_bipartite__b8__leaf_offset1,47,raw,B1|B2|B4|B6|B7,20266877103/6710886400,True,1,1,824633542657/6871947673600,00000000001110
K23_bipartite__b8__leaf_offset1,47,raw,B0|B1|B2|B4|B6|B7,1864015806589/858993459200,True,1,1,850403553383/858993459200,00010100000000
K23_bipartite__b8__leaf_offset1,47,raw,B3|B4|B6|B7,27556510172111/6871947673600,True,1,1,1168231108937/6871947673600,11100100000000
K23_bipartite__b8__leaf_offset1,47,raw,B0|B3|B4|B6|B7,10445360464347/3435973836800,True,1,1,6803228226439/3435973836800,01100100000000
K23_bipartite__b8__leaf_offset1,47,raw,B1|B3|B4|B6|B7,824633720869/274877906944,True,1,1,6047314223843/6871947673600,10100100000000
K23_bipartite__b8__leaf_offset1,47,raw,B0|B1|B3|B4|B6|B7,3487513444577/1717986918400,True,1,1,3556232950663/1717986918400,00100100000000
K23_bipartite__b8__leaf_offset1,47,raw,B2|B3|B4|B6|B7,21371757265771/6871947673600,True,1,1,6253472740551/6871947673600,11000100000000
K23_bipartite__b8__leaf_offset1,47,raw,B0|B2|B3|B4|B6|B7,7352984011177/3435973836800,True,1,1,6803228226439/3435973836800,01000100000000
K23_bipartite__b8__leaf_offset1,47,raw,B1|B2|B3|B4|B6|B7,2886218023077/1374389534720,True,1,1,6253472740551/6871947673600,10000100000000
K23_bipartite__b8__leaf_offset1,47,raw,B0|B1|B2|B3|B4|B6|B7,242665652249/214748364800,True,1,1,3917010245477/1374389534720,00000100000000
K23_bipartite__b8__leaf_offset1,47,raw,B5|B6|B7,137438953507/42949672960,True,1,1,5978594504057/3435973836800,00000111000000
K23_bipartite__b8__leaf_offset1,47,raw,B0|B5|B6|B7,13812614824311/3435973836800,True,1,1,206158431183/1374389534720,01111000000000
K23_bipartite__b8__leaf_offset1,47,raw,B1|B5|B6|B7,843961075589/214748364800,True,1,1,68719464561/1374389534720,00000101100100
K23_bipartite__b8__leaf_offset1,47,raw,B0|B1|B5|B6|B7,5171140624559/1717986918400,True,1,1,678604860693/858993459200,00111000000000
K23_bipartite__b8__leaf_offset1,47,raw,B2|B5|B6|B7,28106265985699/6871947673600,True,1,1,68719481761/6871947673600,11011000000000
K23_bipartite__b8__leaf_offset1,47,raw,B0|B2|B5|B6|B7,10720238371141/3435973836800,True,1,1,678604860693/858993459200,01011000000000
K23_bipartite__b8__leaf_offset1,47,raw,B1|B2|B5|B6|B7,21165598835313/6871947673600,True,1,1,678604860693/858993459200,10011000000000
K23_bipartite__b8__leaf_offset1,47,raw,B0|B1|B2|B5|B6|B7,1812476198987/858993459200,True,1,1,678604860693/858993459200,00011000000000
K23_bipartite__b8__leaf_offset1,47,raw,B3|B5|B6|B7,5428838662259/1374389534720,True,1,1,1992864830569/6871947673600,11101000000000
K23_bipartite__b8__leaf_offset1,47,raw,B0|B3|B5|B6|B7,10239202033939/3435973836800,True,1,1,790273985239/429496729600,01101000000000
K23_bipartite__b8__leaf_offset1,47,raw,B1|B3|B5|B6|B7,20203526160909/6871947673600,True,1,1,790273985239/429496729600,10101000000000
K23_bipartite__b8__leaf_offset1,47,raw,B0|B1|B3|B5|B6|B7,3384434229373/1717986918400,True,1,1,790273985239/429496729600,00101000000000
K23_bipartite__b8__leaf_offset1,47,raw,B2|B3|B5|B6|B7,4191888080991/1374389534720,True,1,1,790273985239/429496729600,11001000000000
K23_bipartite__b8__leaf_offset1,47,raw,B0|B2|B3|B5|B6|B7,7146825580769/3435973836800,True,1,1,790273985239/429496729600,01001000000000
K23_bipartite__b8__leaf_offset1,47,raw,B1|B2|B3|B5|B6|B7,14018773254569/6871947673600,True,1,1,790273985239/429496729600,10001000000000
K23_bipartite__b8__leaf_offset1,47,raw,B0|B1|B2|B3|B5|B6|B7,459561500697/429496729600,True,1,1,790273985239/429496729600,00001000000000
K23_bipartite__b8__leaf_offset1,47,raw,B4|B5|B6|B7,26938034880887/6871947673600,True,1,1,481036338277/1374389534720,11110000000000
K23_bipartite__b8__leaf_offset1,47,raw,B0|B4|B5|B6|B7,2027224563747/687194767360,True,1,1,850403553383/858993459200,01110000000000
K23_bipartite__b8__leaf_offset1,47,raw,B1|B4|B5|B6|B7,19997367730501/6871947673600,True,1,1,850403553383/858993459200,10110000000000
K23_bipartite__b8__leaf_offset1,47,raw,B0|B1|B4|B5|B6|B7,3332894621771/1717986918400,True,1,1,850403553383/858993459200,00110000000000
K23_bipartite__b8__leaf_offset1,47,raw,B2|B4|B5|B6|B7,20753281974547/6871947673600,True,1,1,850403553383/858993459200,11010000000000
K23_bipartite__b8__leaf_offset1,47,raw,B0|B2|B4|B5|B6|B7,1408749273113/687194767360,True,1,1,850403553383/858993459200,01010000000000
K23_bipartite__b8__leaf_offset1,47,raw,B1|B2|B4|B5|B6|B7,13812614824161/6871947673600,True,1,1,850403553383/858993459200,10010000000000
K23_bipartite__b8__leaf_offset1,47,raw,B0|B1|B2|B4|B5|B6|B7,893353197593/858993459200,True,1,1,850403553383/858993459200,00010000000000
K23_bipartite__b8__leaf_offset1,47,raw,B3|B4|B5|B6|B7,19791209300143/6871947673600,True,1,1,6803228226439/3435973836800,11100000000000
K23_bipartite__b8__leaf_offset1,47,raw,B0|B3|B4|B5|B6|B7,6562710028363/3435973836800,True,1,1,6803228226439/3435973836800,01100000000000
K23_bipartite__b8__leaf_offset1,47,raw,B1|B3|B4|B5|B6|B7,12850542149757/6871947673600,True,1,1,3556232950663/1717986918400,10100000000000
K23_bipartite__b8__leaf_offset1,47,raw,B0|B1|B3|B4|B5|B6|B7,309237645317/343597383680,True,1,1,3556232950663/1717986918400,00100000000000
K23_bipartite__b8__leaf_offset1,47,raw,B2|B3|B4|B5|B6|B7,13606456393803/6871947673600,True,1,1,6803228226439/3435973836800,11000000000000
K23_bipartite__b8__leaf_offset1,47,raw,B0|B2|B3|B4|B5|B6|B7,3470333575193/3435973836800,True,1,1,6803228226439/3435973836800,01000000000000
K23_bipartite__b8__leaf_offset1,47,raw,B1|B2|B3|B4|B5|B6|B7,6665789243417/6871947673600,True,1,1,2637109948569/858993459200,10000000000000
K23_bipartite__b8__leaf_offset1,47,five_move_reduced,B0,6665789243417/6871947673600,True,1,1,21784074484487/6871947673600,0000100000000
K23_bipartite__b8__leaf_offset1,47,five_move_reduced,B1,3470333575193/3435973836800,True,1,1,6803228226439/3435973836800,0000010000000
K23_bipartite__b8__leaf_offset1,47,five_move_reduced,B0|B1,13606456393803/6871947673600,True,1,1,6803228226439/3435973836800,0000110000000
K23_bipartite__b8__leaf_offset1,47,five_move_reduced,B2,309237645317/343597383680,True,1,1,5257040057429/1717986918400,1000000000000
K23_bipartite__b8__leaf_offset1,47,five_move_reduced,B0|B2,12850542149757/6871947673600,True,1,1,5257040057429/1717986918400,1000100000000
K23_bipartite__b8__leaf_offset1,47,five_move_reduced,B1|B2,6562710028363/3435973836800,True,1,1,6803228226439/3435973836800,1000010000000
K23_bipartite__b8__leaf_offset1,47,five_move_reduced,B0|B1|B2,19791209300143/6871947673600,True,1,1,6803228226439/3435973836800,1000110000000
K23_bipartite__b8__leaf_offset1,47,five_move_reduced,B3,893353197593/858993459200,True,1,1,2516850863481/858993459200,0000001100000
K23_bipartite__b8__leaf_offset1,47,five_move_reduced,B0|B3,13812614824161/6871947673600,True,1,1,14705968201279/6871947673600,0000101100000
K23_bipartite__b8__leaf_offset1,47,five_move_reduced,B1|B3,1408749273113/687194767360,True,1,1,6803228226439/3435973836800,0000011100000
K23_bipartite__b8__leaf_offset1,47,five_move_reduced,B0|B1|B3,20753281974547/6871947673600,True,1,1,6803228226439/3435973836800,0000111100000
K23_bipartite__b8__leaf_offset1,47,five_move_reduced,B2|B3,3332894621771/1717986918400,True,1,1,2516850863481/858993459200,1000001100000
K23_bipartite__b8__leaf_offset1,47,five_move_reduced,B0|B2|B3,19997367730501/6871947673600,True,1,1,14362370699499/6871947673600,1000101100000
K23_bipartite__b8__leaf_offset1,47,five_move_reduced,B1|B2|B3,2027224563747/687194767360,True,1,1,6803228226439/3435973836800,1000011100000
K23_bipartite__b8__leaf_offset1,47,five_move_reduced,B0|B1|B2|B3,26938034880887/6871947673600,True,1,1,481036338277/1374389534720,1000111100000
K23_bipartite__b8__leaf_offset1,47,five_move_reduced,B4,459561500697/429496729600,True,1,1,790273985239/429496729600,0000000010000
K23_bipartite__b8__leaf_offset1,47,five_move_reduced,B0|B4,14018773254569/6871947673600,True,1,1,790273985239/429496729600,0000100010000
K23_bipartite__b8__leaf_offset1,47,five_move_reduced,B1|B4,7146825580769/3435973836800,True,1,1,790273985239/429496729600,0000010010000
K23_bipartite__b8__leaf_offset1,47,five_move_reduced,B0|B1|B4,4191888080991/1374389534720,True,1,1,790273985239/429496729600,0000110010000
K23_bipartite__b8__leaf_offset1,47,five_move_reduced,B2|B4,3384434229373/1717986918400,True,1,1,790273985239/429496729600,1000000010000
K23_bipartite__b8__leaf_offset1,47,five_move_reduced,B0|B2|B4,20203526160909/6871947673600,True,1,1,790273985239/429496729600,1000100010000
K23_bipartite__b8__leaf_offset1,47,five_move_reduced,B1|B2|B4,10239202033939/3435973836800,True,1,1,790273985239/429496729600,1000010010000
K23_bipartite__b8__leaf_offset1,47,five_move_reduced,B0|B1|B2|B4,5428838662259/1374389534720,True,1,1,1992864830569/6871947673600,1000110010000
K23_bipartite__b8__leaf_offset1,47,five_move_reduced,B3|B4,1812476198987/858993459200,True,1,1,678604860693/858993459200,0000001110000
K23_bipartite__b8__leaf_offset1,47,five_move_reduced,B0|B3|B4,21165598835313/6871947673600,True,1,1,678604860693/858993459200,0000101110000
K23_bipartite__b8__leaf_offset1,47,five_move_reduced,B1|B3|B4,10720238371141/3435973836800,True,1,1,678604860693/858993459200,0000011110000
K23_bipartite__b8__leaf_offset1,47,five_move_reduced,B0|B1|B3|B4,28106265985699/6871947673600,True,1,1,68719481761/6871947673600,0000111110000
K23_bipartite__b8__leaf_offset1,47,five_move_reduced,B2|B3|B4,5171140624559/1717986918400,True,1,1,678604860693/858993459200,1000001110000
K23_bipartite__b8__leaf_offset1,47,five_move_reduced,B0|B2|B3|B4,843961075589/214748364800,True,1,1,68719464561/1374389534720,0100000001011
K23_bipartite__b8__leaf_offset1,47,five_move_reduced,B1|B2|B3|B4,13812614824311/3435973836800,True,1,1,206158431183/1374389534720,1000011110000
K23_bipartite__b8__leaf_offset1,47,five_move_reduced,B0|B1|B2|B3|B4,137438953507/42949672960,True,1,1,5978594504057/3435973836800,0100000001100
K23_bipartite__b8__leaf_offset1,47,five_move_reduced,B5,242665652249/214748364800,True,1,1,3917010245477/1374389534720,0000000001000
K23_bipartite__b8__leaf_offset1,47,five_move_reduced,B0|B5,2886218023077/1374389534720,True,1,1,6253472740551/6871947673600,0000100001000
K23_bipartite__b8__leaf_offset1,47,five_move_reduced,B1|B5,7352984011177/3435973836800,True,1,1,6803228226439/3435973836800,0000010001000
K23_bipartite__b8__leaf_offset1,47,five_move_reduced,B0|B1|B5,21371757265771/6871947673600,True,1,1,6253472740551/6871947673600,0000110001000
K23_bipartite__b8__leaf_offset1,47,five_move_reduced,B2|B5,3487513444577/1717986918400,True,1,1,19378892710677/6871947673600,1000000001000
K23_bipartite__b8__leaf_offset1,47,five_move_reduced,B0|B2|B5,824633720869/274877906944,True,1,1,6047314223843/6871947673600,1000100001000
K23_bipartite__b8__leaf_offset1,47,five_move_reduced,B1|B2|B5,10445360464347/3435973836800,True,1,1,6803228226439/3435973836800,1000010001000
K23_bipartite__b8__leaf_offset1,47,five_move_reduced,B0|B1|B2|B5,27556510172111/6871947673600,True,1,1,1168231108937/6871947673600,1000110001000
K23_bipartite__b8__leaf_offset1,47,five_move_reduced,B3|B5,1864015806589/858993459200,True,1,1,12506944944177/6871947673600,0000001101000
K23_bipartite__b8__leaf_offset1,47,five_move_reduced,B0|B3|B5,20266877103/6710886400,True,1,1,824633542657/6871947673600,0001001000001
K23_bipartite__b8__leaf_offset1,47,five_move_reduced,B1|B3|B5,10926396801549/3435973836800,True,1,1,12506944944177/6871947673600,0000011101000
K23_bipartite__b8__leaf_offset1,47,five_move_reduced,B0|B1|B3|B5,13846974651929/3435973836800,True,1,1,34359651393/3435973836800,0001011000001
K23_bipartite__b8__leaf_offset1,47,five_move_reduced,B2|B3|B5,5274219839763/1717986918400,True,1,1,12163347442397/6871947673600,1000001101000
K23_bipartite__b8__leaf_offset1,47,five_move_reduced,B0|B2|B3|B5,1662152347377/429496729600,True,1,1,8589936567/429496729600,0100000010011
K23_bipartite__b8__leaf_offset1,47,five_move_reduced,B1|B2|B3|B5,14018773254719/3435973836800,True,1,1,206158434283/6871947673600,1000011101000
K23_bipartite__b8__leaf_offset1,47,five_move_reduced,B0|B1|B2|B3|B5,1348619731269/429496729600,True,1,1,5978594504057/3435973836800,0100000010100
K23_bipartite__b8__leaf_offset1,47,five_move_reduced,B4|B5,188978561039/85899345920,True,1,1,790273985239/429496729600,0000000011000
K23_bipartite__b8__leaf_offset1,47,five_move_reduced,B0|B4|B5,21784074126537/6871947673600,True,1,1,6253472740551/6871947673600,0000100011000
K23_bipartite__b8__leaf_offset1,47,five_move_reduced,B1|B4|B5,11029476016753/3435973836800,True,1,1,12163347386147/6871947673600,0000010011000
K23_bipartite__b8__leaf_offset1,47,five_move_reduced,B0|B1|B4|B5,6889127544059/1717986918400,True,1,1,1168231100687/6871947673600,1100001100100
K23_bipartite__b8__leaf_offset1,47,five_move_reduced,B2|B4|B5,1065151889473/343597383680,True,1,1,11751030581581/6871947673600,1000000011000
K23_bipartite__b8__leaf_offset1,47,five_move_reduced,B0|B2|B4|B5,3298534890953/858993459200,True,1,1,1580547905253/6871947673600,0100001100011
K23_bipartite__b8__leaf_offset1,47,five_move_reduced,B1|B2|B4|B5,28037546513313/6871947673600,True,1,1,206158426533/6871947673600,0100101100100
K23_bipartite__b8__leaf_offset1,47,five_move_reduced,B0|B1|B2|B4|B5,2671469658737/858993459200,True,1,1,5978594504057/3435973836800,0100001100100
K23_bipartite__b8__leaf_offset1,47,five_move_reduced,B3|B4|B5,2783138807983/858993459200,True,1,1,678604860693/858993459200,0000001111000
K23_bipartite__b8__leaf_offset1,47,five_move_reduced,B0|B3|B4|B5,1271310322661/343597383680,True,1,1,962072646329/3435973836800,1100000000011
K23_bipartite__b8__leaf_offset1,47,five_move_reduced,B1|B3|B4|B5,27075473838909/6871947673600,True,1,1,2130303775341/6871947673600,1100100000100
K23_bipartite__b8__leaf_offset1,47,five_move_reduced,B0|B1|B3|B4|B5,5102421148873/1717986918400,True,1,1,2027224649237/1717986918400,1100000000100
K23_bipartite__b8__leaf_offset1,47,five_move_reduced,B2|B3|B4|B5,25907242790297/6871947673600,True,1,1,962072646329/3435973836800,0100100000011
K23_bipartite__b8__leaf_offset1,47,five_move_reduced,B0|B2|B3|B4|B5,30064771167/10737418240,True,1,1,962072646329/3435973836800,0100000000011
K23_bipartite__b8__leaf_offset1,47,five_move_reduced,B1|B2|B3|B4|B5,20890720932569/6871947673600,True,1,1,5978594504057/3435973836800,0100100000100
K23_bipartite__b8__leaf_offset1,47,five_move_reduced,B0|B1|B2|B3|B4|B5,222264557643/107374182400,True,1,1,5978594504057/3435973836800,0100000000100
K23_bipartite__b8__leaf_offset1,47,five_move_reduced,B6,121332826137/107374182400,True,1,1,5978594504057/3435973836800,0000000000100
K23_bipartite__b8__leaf_offset1,47,five_move_reduced,B0|B6,2886218023237/1374389534720,True,1,1,5978594504057/3435973836800,0000100000100
K23_bipartite__b8__leaf_offset1,47,five_move_reduced,B1|B6,49928995041/26843545600,True,1,1,962072646329/3435973836800,0000000000011
K23_bipartite__b8__leaf_offset1,47,five_move_reduced,B0|B1|B6,19447611973913/6871947673600,True,1,1,962072646329/3435973836800,0000100000011
K23_bipartite__b8__leaf_offset1,47,five_move_reduced,B2|B6,3487513444777/1717986918400,True,1,1,5978594504057/3435973836800,1000000000100
K23_bipartite__b8__leaf_offset1,47,five_move_reduced,B0|B2|B6,824633720901/274877906944,True,1,1,5978594504057/3435973836800,1000100000100
K23_bipartite__b8__leaf_offset1,47,five_move_reduced,B1|B2|B6,4741643909209/1717986918400,True,1,1,962072646329/3435973836800,1000000000011
K23_bipartite__b8__leaf_offset1,47,five_move_reduced,B0|B1|B2|B6,25632364880253/6871947673600,True,1,1,962072646329/3435973836800,1000100000011
K23_bipartite__b8__leaf_offset1,47,five_move_reduced,B3|B6,1864015806689/858993459200,True,1,1,5978594504057/3435973836800,0000001100100
K23_bipartite__b8__leaf_offset1,47,five_move_reduced,B0|B3|B6,21577915696929/6871947673600,True,1,1,5978594504057/3435973836800,0000101100100
K23_bipartite__b8__leaf_offset1,47,five_move_reduced,B1|B3|B6,498216207781/171798691840,True,1,1,962072646329/3435973836800,0000001100011
K23_bipartite__b8__leaf_offset1,47,five_move_reduced,B0|B1|B3|B6,26594437554657/6871947673600,True,1,1,1168231051187/6871947673600,0000101100011
K23_bipartite__b8__leaf_offset1,47,five_move_reduced,B2|B3|B6,5274219839963/1717986918400,True,1,1,5978594504057/3435973836800,1000001100100
K23_bipartite__b8__leaf_offset1,47,five_move_reduced,B0|B2|B3|B6,27762668603269/6871947673600,True,1,1,755914246621/6871947673600,1000101100100
K23_bipartite__b8__leaf_offset1,47,five_move_reduced,B1|B2|B3|B6,1305670060879/343597383680,True,1,1,962072646329/3435973836800,1000001100011
K23_bipartite__b8__leaf_offset1,47,five_move_reduced,B0|B1|B2|B3|B6,1348619731219/429496729600,True,1,1,11201274761493/6871947673600,0100000011000
K23_bipartite__b8__leaf_offset1,47,five_move_reduced,B4|B6,188978561049/85899345920,True,1,1,5978594504057/3435973836800,0000000010100
K23_bipartite__b8__leaf_offset1,47,five_move_reduced,B0|B4|B6,21784074127337/6871947673600,True,1,1,5978594504057/3435973836800,0000100010100
K23_bipartite__b8__leaf_offset1,47,five_move_reduced,B1|B4|B6,1258425421353/429496729600,True,1,1,8589936567/429496729600,0000000010011
K23_bipartite__b8__leaf_offset1,47,five_move_reduced,B0|B1|B4|B6,5360119197013/1374389534720,True,1,1,8589936567/429496729600,0000100010011
K23_bipartite__b8__leaf_offset1,47,five_move_reduced,B2|B4|B6,1065151889513/343597383680,True,1,1,5978594504057/3435973836800,1000000010100
K23_bipartite__b8__leaf_offset1,47,five_move_reduced,B0|B2|B4|B6,27968827033677/6871947673600,True,1,1,68719477161/1374389534720,1000100010100
K23_bipartite__b8__leaf_offset1,47,five_move_reduced,B1|B2|B4|B6,6579889911997/1717986918400,True,1,1,8589936567/429496729600,1000000010011
K23_bipartite__b8__leaf_offset1,47,five_move_reduced,B0|B1|B2|B4|B6,2671469658637/858993459200,True,1,1,11613591622309/6871947673600,0100001101000
K23_bipartite__b8__leaf_offset1,47,five_move_reduced,B3|B4|B6,2783138808083/858993459200,True,1,1,2439541557453/3435973836800,0000001110100
K23_bipartite__b8__leaf_offset1,47,five_move_reduced,B0|B3|B4|B6,13675175872539/3435973836800,True,1,1,1580547963003/6871947673600,1100010001000
K23_bipartite__b8__leaf_offset1,47,five_move_reduced,B1|B3|B4|B6,39460012557/13421772800,True,1,1,274877896357/274877906944,0010000100001
K23_bipartite__b8__leaf_offset1,47,five_move_reduced,B0|B1|B3|B4|B6,5102421148673/1717986918400,True,1,1,6459631077909/6871947673600,1100000001000
K23_bipartite__b8__leaf_offset1,47,five_move_reduced,B2|B3|B4|B6,5566277616431/1374389534720,True,1,1,618475288849/6871947673600,0100110001000
K23_bipartite__b8__leaf_offset1,47,five_move_reduced,B0|B2|B3|B4|B6,10582799419369/3435973836800,True,1,1,6803228226439/3435973836800,0100010001000
K23_bipartite__b8__leaf_offset1,47,five_move_reduced,B1|B2|B3|B4|B6,20890720931769/6871947673600,True,1,1,1099511680751/1374389534720,0100100001000
K23_bipartite__b8__leaf_offset1,47,five_move_reduced,B0|B1|B2|B3|B4|B6,444529115261/214748364800,True,1,1,18829136890589/6871947673600,0100000001000
K23_bipartite__b8__leaf_offset1,47,five_move_reduced,B5|B6,485331304523/214748364800,True,1,1,5978594504057/3435973836800,0000000001100
K23_bipartite__b8__leaf_offset1,47,five_move_reduced,B0|B5|B6,22196390988153/6871947673600,True,1,1,206158442657/274877906944,0000100001100
K23_bipartite__b8__leaf_offset1,47,five_move_reduced,B1|B5|B6,642097612577/214748364800,True,1,1,962072646329/3435973836800,0000000001011
K23_bipartite__b8__leaf_offset1,47,five_move_reduced,B0|B1|B5|B6,79725331657/26843545600,True,1,1,1683627102607/1717986918400,0001000100010
K23_bipartite__b8__leaf_offset1,47,five_move_reduced,B2|B5|B6,5428838662769/1717986918400,True,1,1,5978594504057/3435973836800,1000000001100
K23_bipartite__b8__leaf_offset1,47,five_move_reduced,B0|B2|B5|B6,13950053779333/3435973836800,True,1,1,481036335827/6871947673600,0100011110000
K23_bipartite__b8__leaf_offset1,47,five_move_reduced,B1|B2|B5|B6,6682969127201/1717986918400,True,1,1,893353142893/6871947673600,1000000001011
K23_bipartite__b8__leaf_offset1,47,five_move_reduced,B0|B1|B2|B5|B6,523986010207/171798691840,True,1,1,678604860693/858993459200,0100001110000
K23_bipartite__b8__leaf_offset1,47,five_move_reduced,B3|B5|B6,566935683137/171798691840,True,1,1,10926396802199/6871947673600,0000001101100
K23_bipartite__b8__leaf_offset1,47,five_move_reduced,B0|B3|B5|B6,13469017442131/3435973836800,True,1,1,120259116963/1717986918400,1100010010000
K23_bipartite__b8__leaf_offset1,47,five_move_reduced,B1|B3|B5|B6,26663156977293/6871947673600,True,1,1,120259116963/1717986918400,1100100010000
K23_bipartite__b8__leaf_offset1,47,five_move_reduced,B0|B1|B3|B5|B6,4999341933469/1717986918400,True,1,1,120259116963/1717986918400,1100000010000
K23_bipartite__b8__leaf_offset1,47,five_move_reduced,B2|B3|B5|B6,27419071221339/6871947673600,True,1,1,1443109010481/6871947673600,0100110010000
K23_bipartite__b8__leaf_offset1,47,five_move_reduced,B0|B2|B3|B5|B6,10376640988961/3435973836800,True,1,1,790273985239/429496729600,0100010010000
K23_bipartite__b8__leaf_offset1,47,five_move_reduced,B1|B2|B3|B5|B6,20478404070953/6871947673600,True,1,1,790273985239/429496729600,0100100010000
K23_bipartite__b8__leaf_offset1,47,five_move_reduced,B0|B1|B2|B3|B5|B6,863288426721/429496729600,True,1,1,790273985239/429496729600,0100000010000
K23_bipartite__b8__leaf_offset1,47,five_move_reduced,B4|B5|B6,1430224109743/429496729600,True,1,1,10514079941383/6871947673600,0000000011100
K23_bipartite__b8__leaf_offset1,47,five_move_reduced,B0|B4|B5|B6,13365938226927/3435973836800,True,1,1,2817498545451/6871947673600,1100011100000
K23_bipartite__b8__leaf_offset1,47,five_move_reduced,B1|B4|B5|B6,5291399709377/1374389534720,True,1,1,1443109066731/6871947673600,1100101100000
K23_bipartite__b8__leaf_offset1,47,five_move_reduced,B0|B1|B4|B5|B6,4947802325867/1717986918400,True,1,1,1992864902969/1717986918400,1100001100000
K23_bipartite__b8__leaf_offset1,47,five_move_reduced,B2|B4|B5|B6,27212912790931/6871947673600,True,1,1,1855425871297/6871947673600,0100111100000
K23_bipartite__b8__leaf_offset1,47,five_move_reduced,B0|B2|B4|B5|B6,10273561773757/3435973836800,True,1,1,6803228226439/3435973836800,0100011100000
K23_bipartite__b8__leaf_offset1,47,five_move_reduced,B1|B2|B4|B5|B6,4054449128109/1374389534720,True,1,1,13812614879411/6871947673600,0100101100000
K23_bipartite__b8__leaf_offset1,47,five_move_reduced,B0|B1|B2|B4|B5|B6,1700807049641/858993459200,True,1,1,2516850863481/858993459200,0100001100000
K23_bipartite__b8__leaf_offset1,47,five_move_reduced,B3|B4|B5|B6,26250840116527/6871947673600,True,1,1,755914244021/1374389534720,1100110000000
K23_bipartite__b8__leaf_offset1,47,five_move_reduced,B0|B3|B4|B5|B6,1958505087311/687194767360,True,1,1,2027224649237/1717986918400,1100010000000
K23_bipartite__b8__leaf_offset1,47,five_move_reduced,B1|B3|B4|B5|B6,19310172966141/6871947673600,True,1,1,2027224649237/1717986918400,1100100000000
K23_bipartite__b8__leaf_offset1,47,five_move_reduced,B0|B1|B3|B4|B5|B6,3161095930681/1717986918400,True,1,1,2027224649237/1717986918400,1100000000000
K23_bipartite__b8__leaf_offset1,47,five_move_reduced,B2|B3|B4|B5|B6,20066087210187/6871947673600,True,1,1,6803228226439/3435973836800,0100110000000
K23_bipartite__b8__leaf_offset1,47,five_move_reduced,B0|B2|B3|B4|B5|B6,1340029796677/687194767360,True,1,1,6803228226439/3435973836800,0100010000000
K23_bipartite__b8__leaf_offset1,47,five_move_reduced,B1|B2|B3|B4|B5|B6,13125420059801/6871947673600,True,1,1,5119601102407/1717986918400,0100100000000
K23_bipartite__b8__leaf_offset1,47,five_move_reduced,B0|B1|B2|B3|B4|B5|B6,50465865753/53687091200,True,1,1,5119601102407/1717986918400,0100000000000
K23_bipartite__b8__leaf_offset1,47,five_move_reduced,B7,50465865753/53687091200,True,1,1,5119601102407/1717986918400,0100000000000
K23_bipartite__b8__leaf_offset1,47,five_move_reduced,B0|B7,13125420059801/6871947673600,True,1,1,5119601102407/1717986918400,0100100000000
K23_bipartite__b8__leaf_offset1,47,five_move_reduced,B1|B7,1340029796677/687194767360,True,1,1,6803228226439/3435973836800,0100010000000
K23_bipartite__b8__leaf_offset1,47,five_move_reduced,B0|B1|B7,20066087210187/6871947673600,True,1,1,6803228226439/3435973836800,0100110000000
K23_bipartite__b8__leaf_offset1,47,five_move_reduced,B2|B7,3161095930681/1717986918400,True,1,1,2027224649237/1717986918400,1100000000000
K23_bipartite__b8__leaf_offset1,47,five_move_reduced,B0|B2|B7,19310172966141/6871947673600,True,1,1,2027224649237/1717986918400,1100100000000
K23_bipartite__b8__leaf_offset1,47,five_move_reduced,B1|B2|B7,1958505087311/687194767360,True,1,1,2027224649237/1717986918400,1100010000000
K23_bipartite__b8__leaf_offset1,47,five_move_reduced,B0|B1|B2|B7,26250840116527/6871947673600,True,1,1,755914244021/1374389534720,1100110000000
K23_bipartite__b8__leaf_offset1,47,five_move_reduced,B3|B7,1700807049641/858993459200,True,1,1,2516850863481/858993459200,0100001100000
K23_bipartite__b8__leaf_offset1,47,five_move_reduced,B0|B3|B7,4054449128109/1374389534720,True,1,1,13812614879411/6871947673600,0100101100000
K23_bipartite__b8__leaf_offset1,47,five_move_reduced,B1|B3|B7,10273561773757/3435973836800,True,1,1,6803228226439/3435973836800,0100011100000
K23_bipartite__b8__leaf_offset1,47,five_move_reduced,B0|B1|B3|B7,27212912790931/6871947673600,True,1,1,1855425871297/6871947673600,0100111100000
K23_bipartite__b8__leaf_offset1,47,five_move_reduced,B2|B3|B7,4947802325867/1717986918400,True,1,1,1992864902969/1717986918400,1100001100000
K23_bipartite__b8__leaf_offset1,47,five_move_reduced,B0|B2|B3|B7,5291399709377/1374389534720,True,1,1,1443109066731/6871947673600,1100101100000
K23_bipartite__b8__leaf_offset1,47,five_move_reduced,B1|B2|B3|B7,13365938226927/3435973836800,True,1,1,2817498545451/6871947673600,1100011100000
K23_bipartite__b8__leaf_offset1,47,five_move_reduced,B0|B1|B2|B3|B7,1430224109743/429496729600,True,1,1,10514079941383/6871947673600,0000000011100
K23_bipartite__b8__leaf_offset1,47,five_move_reduced,B4|B7,863288426721/429496729600,True,1,1,790273985239/429496729600,0100000010000
K23_bipartite__b8__leaf_offset1,47,five_move_reduced,B0|B4|B7,20478404070953/6871947673600,True,1,1,790273985239/429496729600,0100100010000
K23_bipartite__b8__leaf_offset1,47,five_move_reduced,B1|B4|B7,10376640988961/3435973836800,True,1,1,790273985239/429496729600,0100010010000
K23_bipartite__b8__leaf_offset1,47,five_move_reduced,B0|B1|B4|B7,27419071221339/6871947673600,True,1,1,1443109010481/6871947673600,0100110010000
K23_bipartite__b8__leaf_offset1,47,five_move_reduced,B2|B4|B7,4999341933469/1717986918400,True,1,1,120259116963/1717986918400,1100000010000
K23_bipartite__b8__leaf_offset1,47,five_move_reduced,B0|B2|B4|B7,26663156977293/6871947673600,True,1,1,120259116963/1717986918400,1100100010000
K23_bipartite__b8__leaf_offset1,47,five_move_reduced,B1|B2|B4|B7,13469017442131/3435973836800,True,1,1,120259116963/1717986918400,1100010010000
K23_bipartite__b8__leaf_offset1,47,five_move_reduced,B0|B1|B2|B4|B7,566935683137/171798691840,True,1,1,10926396802199/6871947673600,0000001101100
K23_bipartite__b8__leaf_offset1,47,five_move_reduced,B3|B4|B7,523986010207/171798691840,True,1,1,678604860693/858993459200,0100001110000
K23_bipartite__b8__leaf_offset1,47,five_move_reduced,B0|B3|B4|B7,6682969127201/1717986918400,True,1,1,893353142893/6871947673600,1000000001011
K23_bipartite__b8__leaf_offset1,47,five_move_reduced,B1|B3|B4|B7,13950053779333/3435973836800,True,1,1,481036335827/6871947673600,0100011110000
K23_bipartite__b8__leaf_offset1,47,five_move_reduced,B0|B1|B3|B4|B7,5428838662769/1717986918400,True,1,1,5978594504057/3435973836800,1000000001100
K23_bipartite__b8__leaf_offset1,47,five_move_reduced,B2|B3|B4|B7,79725331657/26843545600,True,1,1,1683627102607/1717986918400,0001000100010
K23_bipartite__b8__leaf_offset1,47,five_move_reduced,B0|B2|B3|B4|B7,642097612577/214748364800,True,1,1,962072646329/3435973836800,0000000001011
K23_bipartite__b8__leaf_offset1,47,five_move_reduced,B1|B2|B3|B4|B7,22196390988153/6871947673600,True,1,1,206158442657/274877906944,0000100001100
K23_bipartite__b8__leaf_offset1,47,five_move_reduced,B0|B1|B2|B3|B4|B7,485331304523/214748364800,True,1,1,5978594504057/3435973836800,0000000001100
K23_bipartite__b8__leaf_offset1,47,five_move_reduced,B5|B7,444529115261/214748364800,True,1,1,18829136890589/6871947673600,0100000001000
K23_bipartite__b8__leaf_offset1,47,five_move_reduced,B0|B5|B7,20890720931769/6871947673600,True,1,1,1099511680751/1374389534720,0100100001000
K23_bipartite__b8__leaf_offset1,47,five_move_reduced,B1|B5|B7,10582799419369/3435973836800,True,1,1,6803228226439/3435973836800,0100010001000
K23_bipartite__b8__leaf_offset1,47,five_move_reduced,B0|B1|B5|B7,5566277616431/1374389534720,True,1,1,618475288849/6871947673600,0100110001000
K23_bipartite__b8__leaf_offset1,47,five_move_reduced,B2|B5|B7,5102421148673/1717986918400,True,1,1,6459631077909/6871947673600,1100000001000
K23_bipartite__b8__leaf_offset1,47,five_move_reduced,B0|B2|B5|B7,39460012557/13421772800,True,1,1,274877896357/274877906944,0010000100001
K23_bipartite__b8__leaf_offset1,47,five_move_reduced,B1|B2|B5|B7,13675175872539/3435973836800,True,1,1,1580547963003/6871947673600,1100010001000
K23_bipartite__b8__leaf_offset1,47,five_move_reduced,B0|B1|B2|B5|B7,2783138808083/858993459200,True,1,1,2439541557453/3435973836800,0000001110100
K23_bipartite__b8__leaf_offset1,47,five_move_reduced,B3|B5|B7,2671469658637/858993459200,True,1,1,11613591622309/6871947673600,0100001101000
K23_bipartite__b8__leaf_offset1,47,five_move_reduced,B0|B3|B5|B7,6579889911997/1717986918400,True,1,1,8589936567/429496729600,1000000010011
K23_bipartite__b8__leaf_offset1,47,five_move_reduced,B1|B3|B5|B7,27968827033677/6871947673600,True,1,1,68719477161/1374389534720,1000100010100
K23_bipartite__b8__leaf_offset1,47,five_move_reduced,B0|B1|B3|B5|B7,1065151889513/343597383680,True,1,1,5978594504057/3435973836800,1000000010100
K23_bipartite__b8__leaf_offset1,47,five_move_reduced,B2|B3|B5|B7,5360119197013/1374389534720,True,1,1,8589936567/429496729600,0000100010011
K23_bipartite__b8__leaf_offset1,47,five_move_reduced,B0|B2|B3|B5|B7,1258425421353/429496729600,True,1,1,8589936567/429496729600,0000000010011
K23_bipartite__b8__leaf_offset1,47,five_move_reduced,B1|B2|B3|B5|B7,21784074127337/6871947673600,True,1,1,5978594504057/3435973836800,0000100010100
K23_bipartite__b8__leaf_offset1,47,five_move_reduced,B0|B1|B2|B3|B5|B7,188978561049/85899345920,True,1,1,5978594504057/3435973836800,0000000010100
K23_bipartite__b8__leaf_offset1,47,five_move_reduced,B4|B5|B7,1348619731219/429496729600,True,1,1,11201274761493/6871947673600,0100000011000
K23_bipartite__b8__leaf_offset1,47,five_move_reduced,B0|B4|B5|B7,1305670060879/343597383680,True,1,1,962072646329/3435973836800,1000001100011
K23_bipartite__b8__leaf_offset1,47,five_move_reduced,B1|B4|B5|B7,27762668603269/6871947673600,True,1,1,755914246621/6871947673600,1000101100100
K23_bipartite__b8__leaf_offset1,47,five_move_reduced,B0|B1|B4|B5|B7,5274219839963/1717986918400,True,1,1,5978594504057/3435973836800,1000001100100
K23_bipartite__b8__leaf_offset1,47,five_move_reduced,B2|B4|B5|B7,26594437554657/6871947673600,True,1,1,1168231051187/6871947673600,0000101100011
K23_bipartite__b8__leaf_offset1,47,five_move_reduced,B0|B2|B4|B5|B7,498216207781/171798691840,True,1,1,962072646329/3435973836800,0000001100011
K23_bipartite__b8__leaf_offset1,47,five_move_reduced,B1|B2|B4|B5|B7,21577915696929/6871947673600,True,1,1,5978594504057/3435973836800,0000101100100
K23_bipartite__b8__leaf_offset1,47,five_move_reduced,B0|B1|B2|B4|B5|B7,1864015806689/858993459200,True,1,1,5978594504057/3435973836800,0000001100100
K23_bipartite__b8__leaf_offset1,47,five_move_reduced,B3|B4|B5|B7,25632364880253/6871947673600,True,1,1,962072646329/3435973836800,1000100000011
K23_bipartite__b8__leaf_offset1,47,five_move_reduced,B0|B3|B4|B5|B7,4741643909209/1717986918400,True,1,1,962072646329/3435973836800,1000000000011
K23_bipartite__b8__leaf_offset1,47,five_move_reduced,B1|B3|B4|B5|B7,824633720901/274877906944,True,1,1,5978594504057/3435973836800,1000100000100
K23_bipartite__b8__leaf_offset1,47,five_move_reduced,B0|B1|B3|B4|B5|B7,3487513444777/1717986918400,True,1,1,5978594504057/3435973836800,1000000000100
K23_bipartite__b8__leaf_offset1,47,five_move_reduced,B2|B3|B4|B5|B7,19447611973913/6871947673600,True,1,1,962072646329/3435973836800,0000100000011
K23_bipartite__b8__leaf_offset1,47,five_move_reduced,B0|B2|B3|B4|B5|B7,49928995041/26843545600,True,1,1,962072646329/3435973836800,0000000000011
K23_bipartite__b8__leaf_offset1,47,five_move_reduced,B1|B2|B3|B4|B5|B7,2886218023237/1374389534720,True,1,1,5978594504057/3435973836800,0000100000100
K23_bipartite__b8__leaf_offset1,47,five_move_reduced,B0|B1|B2|B3|B4|B5|B7,121332826137/107374182400,True,1,1,5978594504057/3435973836800,0000000000100
K23_bipartite__b8__leaf_offset1,47,five_move_reduced,B6|B7,222264557643/107374182400,True,1,1,5978594504057/3435973836800,0100000000100
K23_bipartite__b8__leaf_offset1,47,five_move_reduced,B0|B6|B7,20890720932569/6871947673600,True,1,1,5978594504057/3435973836800,0100100000100
K23_bipartite__b8__leaf_offset1,47,five_move_reduced,B1|B6|B7,30064771167/10737418240,True,1,1,962072646329/3435973836800,0100000000011
K23_bipartite__b8__leaf_offset1,47,five_move_reduced,B0|B1|B6|B7,25907242790297/6871947673600,True,1,1,962072646329/3435973836800,0100100000011
K23_bipartite__b8__leaf_offset1,47,five_move_reduced,B2|B6|B7,5102421148873/1717986918400,True,1,1,2027224649237/1717986918400,1100000000100
K23_bipartite__b8__leaf_offset1,47,five_move_reduced,B0|B2|B6|B7,27075473838909/6871947673600,True,1,1,2130303775341/6871947673600,1100100000100
K23_bipartite__b8__leaf_offset1,47,five_move_reduced,B1|B2|B6|B7,1271310322661/343597383680,True,1,1,962072646329/3435973836800,1100000000011
K23_bipartite__b8__leaf_offset1,47,five_move_reduced,B0|B1|B2|B6|B7,2783138807983/858993459200,True,1,1,678604860693/858993459200,0000001111000
K23_bipartite__b8__leaf_offset1,47,five_move_reduced,B3|B6|B7,2671469658737/858993459200,True,1,1,5978594504057/3435973836800,0100001100100
K23_bipartite__b8__leaf_offset1,47,five_move_reduced,B0|B3|B6|B7,28037546513313/6871947673600,True,1,1,206158426533/6871947673600,0100101100100
K23_bipartite__b8__leaf_offset1,47,five_move_reduced,B1|B3|B6|B7,3298534890953/858993459200,True,1,1,1580547905253/6871947673600,0100001100011
K23_bipartite__b8__leaf_offset1,47,five_move_reduced,B0|B1|B3|B6|B7,1065151889473/343597383680,True,1,1,11751030581581/6871947673600,1000000011000
K23_bipartite__b8__leaf_offset1,47,five_move_reduced,B2|B3|B6|B7,6889127544059/1717986918400,True,1,1,1168231100687/6871947673600,1100001100100
K23_bipartite__b8__leaf_offset1,47,five_move_reduced,B0|B2|B3|B6|B7,11029476016753/3435973836800,True,1,1,12163347386147/6871947673600,0000010011000
K23_bipartite__b8__leaf_offset1,47,five_move_reduced,B1|B2|B3|B6|B7,21784074126537/6871947673600,True,1,1,6253472740551/6871947673600,0000100011000
K23_bipartite__b8__leaf_offset1,47,five_move_reduced,B0|B1|B2|B3|B6|B7,188978561039/85899345920,True,1,1,790273985239/429496729600,0000000011000
K23_bipartite__b8__leaf_offset1,47,five_move_reduced,B4|B6|B7,1348619731269/429496729600,True,1,1,5978594504057/3435973836800,0100000010100
K23_bipartite__b8__leaf_offset1,47,five_move_reduced,B0|B4|B6|B7,14018773254719/3435973836800,True,1,1,206158434283/6871947673600,1000011101000
K23_bipartite__b8__leaf_offset1,47,five_move_reduced,B1|B4|B6|B7,1662152347377/429496729600,True,1,1,8589936567/429496729600,0100000010011
K23_bipartite__b8__leaf_offset1,47,five_move_reduced,B0|B1|B4|B6|B7,5274219839763/1717986918400,True,1,1,12163347442397/6871947673600,1000001101000
K23_bipartite__b8__leaf_offset1,47,five_move_reduced,B2|B4|B6|B7,13846974651929/3435973836800,True,1,1,34359651393/3435973836800,0001011000001
K23_bipartite__b8__leaf_offset1,47,five_move_reduced,B0|B2|B4|B6|B7,10926396801549/3435973836800,True,1,1,12506944944177/6871947673600,0000011101000
K23_bipartite__b8__leaf_offset1,47,five_move_reduced,B1|B2|B4|B6|B7,20266877103/6710886400,True,1,1,824633542657/6871947673600,0001001000001
K23_bipartite__b8__leaf_offset1,47,five_move_reduced,B0|B1|B2|B4|B6|B7,1864015806589/858993459200,True,1,1,12506944944177/6871947673600,0000001101000
K23_bipartite__b8__leaf_offset1,47,five_move_reduced,B3|B4|B6|B7,27556510172111/6871947673600,True,1,1,1168231108937/6871947673600,1000110001000
K23_bipartite__b8__leaf_offset1,47,five_move_reduced,B0|B3|B4|B6|B7,10445360464347/3435973836800,True,1,1,6803228226439/3435973836800,1000010001000
K23_bipartite__b8__leaf_offset1,47,five_move_reduced,B1|B3|B4|B6|B7,824633720869/274877906944,True,1,1,6047314223843/6871947673600,1000100001000
K23_bipartite__b8__leaf_offset1,47,five_move_reduced,B0|B1|B3|B4|B6|B7,3487513444577/1717986918400,True,1,1,19378892710677/6871947673600,1000000001000
K23_bipartite__b8__leaf_offset1,47,five_move_reduced,B2|B3|B4|B6|B7,21371757265771/6871947673600,True,1,1,6253472740551/6871947673600,0000110001000
K23_bipartite__b8__leaf_offset1,47,five_move_reduced,B0|B2|B3|B4|B6|B7,7352984011177/3435973836800,True,1,1,6803228226439/3435973836800,0000010001000
K23_bipartite__b8__leaf_offset1,47,five_move_reduced,B1|B2|B3|B4|B6|B7,2886218023077/1374389534720,True,1,1,6253472740551/6871947673600,0000100001000
K23_bipartite__b8__leaf_offset1,47,five_move_reduced,B0|B1|B2|B3|B4|B6|B7,242665652249/214748364800,True,1,1,3917010245477/1374389534720,0000000001000
K23_bipartite__b8__leaf_offset1,47,five_move_reduced,B5|B6|B7,137438953507/42949672960,True,1,1,5978594504057/3435973836800,0100000001100
K23_bipartite__b8__leaf_offset1,47,five_move_reduced,B0|B5|B6|B7,13812614824311/3435973836800,True,1,1,206158431183/1374389534720,1000011110000
K23_bipartite__b8__leaf_offset1,47,five_move_reduced,B1|B5|B6|B7,843961075589/214748364800,True,1,1,68719464561/1374389534720,0100000001011
K23_bipartite__b8__leaf_offset1,47,five_move_reduced,B0|B1|B5|B6|B7,5171140624559/1717986918400,True,1,1,678604860693/858993459200,1000001110000
K23_bipartite__b8__leaf_offset1,47,five_move_reduced,B2|B5|B6|B7,28106265985699/6871947673600,True,1,1,68719481761/6871947673600,0000111110000
K23_bipartite__b8__leaf_offset1,47,five_move_reduced,B0|B2|B5|B6|B7,10720238371141/3435973836800,True,1,1,678604860693/858993459200,0000011110000
K23_bipartite__b8__leaf_offset1,47,five_move_reduced,B1|B2|B5|B6|B7,21165598835313/6871947673600,True,1,1,678604860693/858993459200,0000101110000
K23_bipartite__b8__leaf_offset1,47,five_move_reduced,B0|B1|B2|B5|B6|B7,1812476198987/858993459200,True,1,1,678604860693/858993459200,0000001110000
K23_bipartite__b8__leaf_offset1,47,five_move_reduced,B3|B5|B6|B7,5428838662259/1374389534720,True,1,1,1992864830569/6871947673600,1000110010000
K23_bipartite__b8__leaf_offset1,47,five_move_reduced,B0|B3|B5|B6|B7,10239202033939/3435973836800,True,1,1,790273985239/429496729600,1000010010000
K23_bipartite__b8__leaf_offset1,47,five_move_reduced,B1|B3|B5|B6|B7,20203526160909/6871947673600,True,1,1,790273985239/429496729600,1000100010000
K23_bipartite__b8__leaf_offset1,47,five_move_reduced,B0|B1|B3|B5|B6|B7,3384434229373/1717986918400,True,1,1,790273985239/429496729600,1000000010000
K23_bipartite__b8__leaf_offset1,47,five_move_reduced,B2|B3|B5|B6|B7,4191888080991/1374389534720,True,1,1,790273985239/429496729600,0000110010000
K23_bipartite__b8__leaf_offset1,47,five_move_reduced,B0|B2|B3|B5|B6|B7,7146825580769/3435973836800,True,1,1,790273985239/429496729600,0000010010000
K23_bipartite__b8__leaf_offset1,47,five_move_reduced,B1|B2|B3|B5|B6|B7,14018773254569/6871947673600,True,1,1,790273985239/429496729600,0000100010000
K23_bipartite__b8__leaf_offset1,47,five_move_reduced,B0|B1|B2|B3|B5|B6|B7,459561500697/429496729600,True,1,1,790273985239/429496729600,0000000010000
K23_bipartite__b8__leaf_offset1,47,five_move_reduced,B4|B5|B6|B7,26938034880887/6871947673600,True,1,1,481036338277/1374389534720,1000111100000
K23_bipartite__b8__leaf_offset1,47,five_move_reduced,B0|B4|B5|B6|B7,2027224563747/687194767360,True,1,1,6803228226439/3435973836800,1000011100000
K23_bipartite__b8__leaf_offset1,47,five_move_reduced,B1|B4|B5|B6|B7,19997367730501/6871947673600,True,1,1,14362370699499/6871947673600,1000101100000
K23_bipartite__b8__leaf_offset1,47,five_move_reduced,B0|B1|B4|B5|B6|B7,3332894621771/1717986918400,True,1,1,2516850863481/858993459200,1000001100000
K23_bipartite__b8__leaf_offset1,47,five_move_reduced,B2|B4|B5|B6|B7,20753281974547/6871947673600,True,1,1,6803228226439/3435973836800,0000111100000
K23_bipartite__b8__leaf_offset1,47,five_move_reduced,B0|B2|B4|B5|B6|B7,1408749273113/687194767360,True,1,1,6803228226439/3435973836800,0000011100000
K23_bipartite__b8__leaf_offset1,47,five_move_reduced,B1|B2|B4|B5|B6|B7,13812614824161/6871947673600,True,1,1,14705968201279/6871947673600,0000101100000
K23_bipartite__b8__leaf_offset1,47,five_move_reduced,B0|B1|B2|B4|B5|B6|B7,893353197593/858993459200,True,1,1,2516850863481/858993459200,0000001100000
K23_bipartite__b8__leaf_offset1,47,five_move_reduced,B3|B4|B5|B6|B7,19791209300143/6871947673600,True,1,1,6803228226439/3435973836800,1000110000000
K23_bipartite__b8__leaf_offset1,47,five_move_reduced,B0|B3|B4|B5|B6|B7,6562710028363/3435973836800,True,1,1,6803228226439/3435973836800,1000010000000
K23_bipartite__b8__leaf_offset1,47,five_move_reduced,B1|B3|B4|B5|B6|B7,12850542149757/6871947673600,True,1,1,5257040057429/1717986918400,1000100000000
K23_bipartite__b8__leaf_offset1,47,five_move_reduced,B0|B1|B3|B4|B5|B6|B7,309237645317/343597383680,True,1,1,5257040057429/1717986918400,1000000000000
K23_bipartite__b8__leaf_offset1,47,five_move_reduced,B2|B3|B4|B5|B6|B7,13606456393803/6871947673600,True,1,1,6803228226439/3435973836800,0000110000000
K23_bipartite__b8__leaf_offset1,47,five_move_reduced,B0|B2|B3|B4|B5|B6|B7,3470333575193/3435973836800,True,1,1,6803228226439/3435973836800,0000010000000
K23_bipartite__b8__leaf_offset1,47,five_move_reduced,B1|B2|B3|B4|B5|B6|B7,6665789243417/6871947673600,True,1,1,21784074484487/6871947673600,0000100000000
K23_bipartite__b8__dual_gateway,17,raw,B0,7352984010777/6871947673600,True,1,1,489626277509/171798691840,10000000000000
K23_bipartite__b8__dual_gateway,17,raw,B1,137438953473/137438953472,True,1,1,1580547970843/687194767360,01000000000000
K23_bipartite__b8__dual_gateway,17,raw,B0|B1,14224931684427/6871947673600,True,1,1,1580547970843/687194767360,11000000000000
K23_bipartite__b8__dual_gateway,17,raw,B2,1786706395161/1717986918400,True,1,1,3281355043719/1717986918400,00100000000000
K23_bipartite__b8__dual_gateway,17,raw,B0|B2,14499809591421/6871947673600,True,1,1,3281355043719/1717986918400,10100000000000
K23_bipartite__b8__dual_gateway,17,raw,B1|B2,7009386627147/3435973836800,True,1,1,3281355043719/1717986918400,01100000000000
K23_bipartite__b8__dual_gateway,17,raw,B0|B1|B2,21371757265071/6871947673600,True,1,1,11476152620937/6871947673600,11100000000000
K23_bipartite__b8__dual_gateway,17,raw,B3,764504178713/858993459200,True,1,1,919123030119/858993459200,00010000000000
K23_bipartite__b8__dual_gateway,17,raw,B0|B3,13469017440481/6871947673600,True,1,1,919123030119/858993459200,10010000000000
K23_bipartite__b8__dual_gateway,17,raw,B1|B3,6493990551677/3435973836800,True,1,1,919123030119/858993459200,01010000000000
K23_bipartite__b8__dual_gateway,17,raw,B0|B1|B3,20340965114131/6871947673600,True,1,1,919123030119/858993459200,11010000000000
K23_bipartite__b8__dual_gateway,17,raw,B2|B3,3315714752587/1717986918400,True,1,1,919123030119/858993459200,00110000000000
K23_bipartite__b8__dual_gateway,17,raw,B0|B2|B3,824633720845/274877906944,True,1,1,919123030119/858993459200,10110000000000
K23_bipartite__b8__dual_gateway,17,raw,B1|B2|B3,10067403341999/3435973836800,True,1,1,919123030119/858993459200,01110000000000
K23_bipartite__b8__dual_gateway,17,raw,B0|B1|B2|B3,1670742278519/429496729600,True,1,1,755914238471/6871947673600,00001111000000
K23_bipartite__b8__dual_gateway,17,raw,B4,403726925849/429496729600,True,1,1,184683594283/85899345920,00001000000000
K23_bipartite__b8__dual_gateway,17,raw,B0|B4,13812614824361/6871947673600,True,1,1,184683594283/85899345920,10001000000000
K23_bipartite__b8__dual_gateway,17,raw,B1|B4,6665789243617/3435973836800,True,1,1,184683594283/85899345920,01001000000000
K23_bipartite__b8__dual_gateway,17,raw,B0|B1|B4,20684562498011/6871947673600,True,1,1,12850542155057/6871947673600,11001000000000
K23_bipartite__b8__dual_gateway,17,raw,B2|B4,3401614098557/1717986918400,True,1,1,3281355043719/1717986918400,00101000000000
K23_bipartite__b8__dual_gateway,17,raw,B0|B2|B4,4191888081001/1374389534720,True,1,1,12300786341069/6871947673600,10101000000000
K23_bipartite__b8__dual_gateway,17,raw,B1|B2|B4,10239202033939/3435973836800,True,1,1,3281355043719/1717986918400,01101000000000
K23_bipartite__b8__dual_gateway,17,raw,B0|B1|B2|B4,3298534884053/858993459200,True,1,1,1443109006231/6871947673600,00010111000000
K23_bipartite__b8__dual_gateway,17,raw,B3|B4,1571958030411/858993459200,True,1,1,910533094677/858993459200,00011000000000
K23_bipartite__b8__dual_gateway,17,raw,B0|B3|B4,3985729650813/1374389534720,True,1,1,910533094677/858993459200,10011000000000
K23_bipartite__b8__dual_gateway,17,raw,B1|B3|B4,9723805958469/3435973836800,True,1,1,910533094677/858993459200,01011000000000
K23_bipartite__b8__dual_gateway,17,raw,B0|B1|B3|B4,5360119185543/1374389534720,True,1,1,618475295649/6871947673600,11011000000000
K23_bipartite__b8__dual_gateway,17,raw,B2|B3|B4,4930622455983/1717986918400,True,1,1,910533094677/858993459200,00111000000000
K23_bipartite__b8__dual_gateway,17,raw,B0|B2|B3|B4,27075473834709/6871947673600,True,1,1,68719481661/6871947673600,10111000000000
K23_bipartite__b8__dual_gateway,17,raw,B1|B2|B3|B4,13297218748791/3435973836800,True,1,1,206158431183/1374389534720,01111000000000
K23_bipartite__b8__dual_gateway,17,raw,B0|B1|B2|B3|B4,126701535267/42949672960,True,1,1,13675175865639/6871947673600,00000111000000
K23_bipartite__b8__dual_gateway,17,raw,B5,8589934593/8589934592,True,1,1,489626277509/171798691840,00000100000000
K23_bipartite__b8__dual_gateway,17,raw,B0|B5,14224931685177/6871947673600,True,1,1,1511828559707/1374389534720,10000100000000
K23_bipartite__b8__dual_gateway,17,raw,B1|B5,274877906961/137438953472,True,1,1,1580547970843/687194767360,01000100000000
K23_bipartite__b8__dual_gateway,17,raw,B0|B1|B5,21096879358827/6871947673600,True,1,1,1511828559707/1374389534720,11000100000000
K23_bipartite__b8__dual_gateway,17,raw,B2|B5,3504693313761/1717986918400,True,1,1,3281355043719/1717986918400,00100100000000
K23_bipartite__b8__dual_gateway,17,raw,B0|B2|B5,21371757265821/6871947673600,True,1,1,4879083119331/6871947673600,10100100000000
K23_bipartite__b8__dual_gateway,17,raw,B1|B2|B5,10445360464347/3435973836800,True,1,1,12438225293691/6871947673600,01100100000000
K23_bipartite__b8__dual_gateway,17,raw,B0|B1|B2|B5,3246995276451/858993459200,True,1,1,2267742727863/6871947673600,00011011000000
K23_bipartite__b8__dual_gateway,17,raw,B3|B5,1623497638013/858993459200,True,1,1,919123030119/858993459200,00010100000000
K23_bipartite__b8__dual_gateway,17,raw,B0|B3|B5,20340965114881/6871947673600,True,1,1,2817498724351/6871947673600,10010100000000
K23_bipartite__b8__dual_gateway,17,raw,B1|B3|B5,9929964388877/3435973836800,True,1,1,919123030119/858993459200,01010100000000
K23_bipartite__b8__dual_gateway,17,raw,B0|B1|B3|B5,6751688590637/1717986918400,True,1,1,206158425983/6871947673600,00101011000000
K23_bipartite__b8__dual_gateway,17,raw,B2|B3|B5,5033701671187/1717986918400,True,1,1,919123030119/858993459200,00110100000000
K23_bipartite__b8__dual_gateway,17,raw,B0|B2|B3|B5,13365938227777/3435973836800,True,1,1,755914239971/6871947673600,01001011000000
K23_bipartite__b8__dual_gateway,17,raw,B1|B2|B3|B5,13503377179199/3435973836800,True,1,1,206158434283/6871947673600,01110100000000
K23_bipartite__b8__dual_gateway,17,raw,B0|B1|B2|B3|B5,1241245548869/429496729600,True,1,1,14499809587271/6871947673600,00001011000000
K23_bipartite__b8__dual_gateway,17,raw,B4|B5,833223655499/429496729600,True,1,1,184683594283/85899345920,00001100000000
K23_bipartite__b8__dual_gateway,17,raw,B0|B4|B5,20684562498761/6871947673600,True,1,1,1511828559707/1374389534720,10001100000000
K23_bipartite__b8__dual_gateway,17,raw,B1|B4|B5,10101763080817/3435973836800,True,1,1,13812614827811/6871947673600,01001100000000
K23_bipartite__b8__dual_gateway,17,raw,B0|B1|B4|B5,6665789244667/1717986918400,True,1,1,893353193743/6871947673600,00110011000000
K23_bipartite__b8__dual_gateway,17,raw,B2|B4|B5,5119601017157/1717986918400,True,1,1,3281355043719/1717986918400,00101100000000
K23_bipartite__b8__dual_gateway,17,raw,B0|B2|B4|B5,13194139535837/3435973836800,True,1,1,618475318599/3435973836800,01010011000000
K23_bipartite__b8__dual_gateway,17,raw,B1|B2|B4|B5,26869315408801/6871947673600,True,1,1,481036333477/6871947673600,10010011000000
K23_bipartite__b8__dual_gateway,17,raw,B0|B1|B2|B4|B5,2439541424753/858993459200,True,1,1,919123030119/858993459200,00010011000000
K23_bipartite__b8__dual_gateway,17,raw,B3|B4|B5,2430951489711/858993459200,True,1,1,910533094677/858993459200,00011100000000
K23_bipartite__b8__dual_gateway,17,raw,B0|B3|B4|B5,5360119185693/1374389534720,True,1,1,618475294149/6871947673600,10011100000000
K23_bipartite__b8__dual_gateway,17,raw,B1|B3|B4|B5,13159779795669/3435973836800,True,1,1,1580547968403/6871947673600,01011100000000
K23_bipartite__b8__dual_gateway,17,raw,B0|B1|B3|B4|B5,5136780887241/1717986918400,True,1,1,223338327367/1717986918400,00100011000000
K23_bipartite__b8__dual_gateway,17,raw,B2|B3|B4|B5,6648609374583/1717986918400,True,1,1,206158430883/1374389534720,00111100000000
K23_bipartite__b8__dual_gateway,17,raw,B0|B2|B3|B4|B5,2027224564197/687194767360,True,1,1,618475318599/3435973836800,01000011000000
K23_bipartite__b8__dual_gateway,17,raw,B1|B2|B3|B4|B5,20753281979097/6871947673600,True,1,1,2542620638577/1374389534720,10000011000000
K23_bipartite__b8__dual_gateway,17,raw,B0|B1|B2|B3|B4|B5,41875931151/21474836480,True,1,1,7490422992249/3435973836800,00000011000000
K23_bipartite__b8__dual_gateway,17,raw,B6,113816633369/107374182400,True,1,1,7490422992249/3435973836800,00000010000000
K23_bipartite__b8__dual_gateway,17,raw,B0|B6,14637248546393/6871947673600,True,1,1,7490422992249/3435973836800,10000010000000
K23_bipartite__b8__dual_gateway,17,raw,B1|B6,7078106104633/3435973836800,True,1,1,618475318599/3435973836800,01000010000000
K23_bipartite__b8__dual_gateway,17,raw,B0|B1|B6,21509196220043/6871947673600,True,1,1,618475318599/3435973836800,11000010000000
K23_bipartite__b8__dual_gateway,17,raw,B2|B6,721554505813/343597383680,True,1,1,3281355043719/1717986918400,00100010000000
K23_bipartite__b8__dual_gateway,17,raw,B0|B2|B6,21784074127037/6871947673600,True,1,1,2130303779401/1374389534720,10100010000000
K23_bipartite__b8__dual_gateway,17,raw,B1|B2|B6,2130303778991/687194767360,True,1,1,618475318599/3435973836800,01100010000000
K23_bipartite__b8__dual_gateway,17,raw,B0|B1|B2|B6,3195455668799/858993459200,True,1,1,618475290059/1374389534720,00011101000000
K23_bipartite__b8__dual_gateway,17,raw,B3|B6,335007449133/171798691840,True,1,1,919123030119/858993459200,00010010000000
K23_bipartite__b8__dual_gateway,17,raw,B0|B3|B6,20753281976097/6871947673600,True,1,1,919123030119/858993459200,10010010000000
K23_bipartite__b8__dual_gateway,17,raw,B1|B3|B6,2027224563897/687194767360,True,1,1,618475318599/3435973836800,01010010000000
K23_bipartite__b8__dual_gateway,17,raw,B0|B1|B3|B6,6648609375333/1717986918400,True,1,1,223338327367/1717986918400,00101101000000
K23_bipartite__b8__dual_gateway,17,raw,B2|B3|B6,5136780886491/1717986918400,True,1,1,919123030119/858993459200,00110010000000
K23_bipartite__b8__dual_gateway,17,raw,B0|B2|B3|B6,13159779797169/3435973836800,True,1,1,1580547962403/6871947673600,01001101000000
K23_bipartite__b8__dual_gateway,17,raw,B1|B2|B3|B6,5360119186293/1374389534720,True,1,1,618475288149/6871947673600,10001101000000
K23_bipartite__b8__dual_gateway,17,raw,B0|B1|B2|B3|B6,1215475745043/429496729600,True,1,1,184683594283/85899345920,00001101000000
K23_bipartite__b8__dual_gateway,17,raw,B4|B6,34359738373/17179869184,True,1,1,7318624316209/3435973836800,00001010000000
K23_bipartite__b8__dual_gateway,17,raw,B0|B4|B6,21096879359977/6871947673600,True,1,1,481036337245/274877906944,10001010000000
K23_bipartite__b8__dual_gateway,17,raw,B1|B4|B6,412316860457/137438953472,True,1,1,446676642559/3435973836800,01001010000000
K23_bipartite__b8__dual_gateway,17,raw,B0|B1|B4|B6,6562710029363/1717986918400,True,1,1,223338327367/1717986918400,00110101000000
K23_bipartite__b8__dual_gateway,17,raw,B2|B4|B6,5222680232461/1717986918400,True,1,1,12438225291391/6871947673600,00101010000000
K23_bipartite__b8__dual_gateway,17,raw,B0|B2|B4|B6,12987981105229/3435973836800,True,1,1,2267742730163/6871947673600,01010101000000
K23_bipartite__b8__dual_gateway,17,raw,B1|B2|B4|B6,5291399709517/1374389534720,True,1,1,1305670055909/6871947673600,10010101000000
K23_bipartite__b8__dual_gateway,17,raw,B0|B1|B2|B4|B6,2388001817101/858993459200,True,1,1,919123030119/858993459200,00010101000000
K23_bipartite__b8__dual_gateway,17,raw,B3|B4|B6,2482491097363/858993459200,True,1,1,3573412923597/3435973836800,00011010000000
K23_bipartite__b8__dual_gateway,17,raw,B0|B3|B4|B6,13503377180699/3435973836800,True,1,1,206158428283/6871947673600,01100101000000
K23_bipartite__b8__dual_gateway,17,raw,B1|B3|B4|B6,39325794829/13421772800,True,1,1,3298534750053/3435973836800,00000000010101
K23_bipartite__b8__dual_gateway,17,raw,B0|B1|B3|B4|B6,5033701671937/1717986918400,True,1,1,223338327367/1717986918400,00100101000000
K23_bipartite__b8__dual_gateway,17,raw,B2|B3|B4|B6,6751688589887/1717986918400,True,1,1,206158431983/6871947673600,00111010000000
K23_bipartite__b8__dual_gateway,17,raw,B0|B2|B3|B4|B6,9929964390377/3435973836800,True,1,1,14499809589571/6871947673600,01000101000000
K23_bipartite__b8__dual_gateway,17,raw,B1|B2|B3|B4|B6,20340965117881/6871947673600,True,1,1,6940667415211/6871947673600,10000101000000
K23_bipartite__b8__dual_gateway,17,raw,B0|B1|B2|B3|B4|B6,405874409597/214748364800,True,1,1,3796751117689/1717986918400,00000101000000
K23_bipartite__b8__dual_gateway,17,raw,B5|B6,442381631563/214748364800,True,1,1,7490422992249/3435973836800,00000110000000
K23_bipartite__b8__dual_gateway,17,raw,B0|B5|B6,21509196220793/6871947673600,True,1,1,274877919393/274877906944,10000110000000
K23_bipartite__b8__dual_gateway,17,raw,B1|B5|B6,10514079941833/3435973836800,True,1,1,618475318599/3435973836800,01000110000000
K23_bipartite__b8__dual_gateway,17,raw,B0|B1|B5|B6,84020298953/26843545600,True,1,1,1082331681167/1717986918400,00000000100011
K23_bipartite__b8__dual_gateway,17,raw,B2|B5|B6,1065151889533/343597383680,True,1,1,11613591569759/6871947673600,00100110000000
K23_bipartite__b8__dual_gateway,17,raw,B0|B2|B5|B6,12781822674821/3435973836800,True,1,1,618475290359/1374389534720,01011001000000
K23_bipartite__b8__dual_gateway,17,raw,B1|B2|B5|B6,26044681686769/6871947673600,True,1,1,2130303777541/6871947673600,10011001000000
K23_bipartite__b8__dual_gateway,17,raw,B0|B1|B2|B5|B6,2336462209499/858993459200,True,1,1,910533094677/858993459200,00011001000000
K23_bipartite__b8__dual_gateway,17,raw,B3|B5|B6,506806140993/171798691840,True,1,1,919123030119/858993459200,00010110000000
K23_bipartite__b8__dual_gateway,17,raw,B0|B3|B5|B6,13297218750291/3435973836800,True,1,1,223338327367/1717986918400,01101001000000
K23_bipartite__b8__dual_gateway,17,raw,B1|B3|B5|B6,27075473837709/6871947673600,True,1,1,68719475661/6871947673600,10101001000000
K23_bipartite__b8__dual_gateway,17,raw,B0|B1|B3|B5|B6,4930622456733/1717986918400,True,1,1,223338327367/1717986918400,00101001000000
K23_bipartite__b8__dual_gateway,17,raw,B2|B3|B5|B6,5360119186143/1374389534720,True,1,1,618475289649/6871947673600,11001001000000
K23_bipartite__b8__dual_gateway,17,raw,B0|B2|B3|B5|B6,9723805959969/3435973836800,True,1,1,184683594283/85899345920,01001001000000
K23_bipartite__b8__dual_gateway,17,raw,B1|B2|B3|B5|B6,3985729651413/1374389534720,True,1,1,14362370636949/6871947673600,10001001000000
K23_bipartite__b8__dual_gateway,17,raw,B0|B1|B2|B3|B5|B6,785979015393/429496729600,True,1,1,184683594283/85899345920,00001001000000
K23_bipartite__b8__dual_gateway,17,raw,B4|B5|B6,51539607559/17179869184,True,1,1,12987981103879/6871947673600,00001110000000
K23_bipartite__b8__dual_gateway,17,raw,B0|B4|B5|B6,13125420058351/3435973836800,True,1,1,223338327367/1717986918400,01110001000000
K23_bipartite__b8__dual_gateway,17,raw,B1|B4|B5|B6,26731876453829/6871947673600,True,1,1,755914243421/6871947673600,10110001000000
K23_bipartite__b8__dual_gateway,17,raw,B0|B1|B4|B5|B6,4844723110763/1717986918400,True,1,1,223338327367/1717986918400,00110001000000
K23_bipartite__b8__dual_gateway,17,raw,B2|B4|B5|B6,5291399709367/1374389534720,True,1,1,1305670057409/6871947673600,11010001000000
K23_bipartite__b8__dual_gateway,17,raw,B0|B2|B4|B5|B6,9552007268029/3435973836800,True,1,1,919123030119/858993459200,01010001000000
K23_bipartite__b8__dual_gateway,17,raw,B1|B2|B4|B5|B6,3917010174637/1374389534720,True,1,1,919123030119/858993459200,10010001000000
K23_bipartite__b8__dual_gateway,17,raw,B0|B1|B2|B4|B5|B6,1529008357801/858993459200,True,1,1,919123030119/858993459200,00010001000000
K23_bipartite__b8__dual_gateway,17,raw,B3|B4|B5|B6,3341484556663/858993459200,True,1,1,755914244471/6871947673600,00011110000000
K23_bipartite__b8__dual_gateway,17,raw,B0|B3|B4|B5|B6,10067403343499/3435973836800,True,1,1,223338327367/1717986918400,01100001000000
K23_bipartite__b8__dual_gateway,17,raw,B1|B3|B4|B5|B6,824633720965/274877906944,True,1,1,223338327367/1717986918400,10100001000000
K23_bipartite__b8__dual_gateway,17,raw,B0|B1|B3|B4|B5|B6,3315714753337/1717986918400,True,1,1,223338327367/1717986918400,00100001000000
K23_bipartite__b8__dual_gateway,17,raw,B2|B3|B4|B5|B6,20340965117131/6871947673600,True,1,1,13537736916817/6871947673600,11000001000000
K23_bipartite__b8__dual_gateway,17,raw,B0|B2|B3|B4|B5|B6,6493990553177/3435973836800,True,1,1,3796751117689/1717986918400,01000001000000
K23_bipartite__b8__dual_gateway,17,raw,B1|B2|B3|B4|B5|B6,13469017443481/6871947673600,True,1,1,3796751117689/1717986918400,10000001000000
K23_bipartite__b8__dual_gateway,17,raw,B0|B1|B2|B3|B4|B5|B6,47781511193/53687091200,True,1,1,3796751117689/1717986918400,00000001000000
K23_bipartite__b8__dual_gateway,17,raw,B7,47781511193/53687091200,True,1,1,3796751117689/1717986918400,00000001000000
K23_bipartite__b8__dual_gateway,17,raw,B0|B7,13469017443481/6871947673600,True,1,1,3796751117689/1717986918400,10000001000000
K23_bipartite__b8__dual_gateway,17,raw,B1|B7,6493990553177/3435973836800,True,1,1,3796751117689/1717986918400,01000001000000
K23_bipartite__b8__dual_gateway,17,raw,B0|B1|B7,20340965117131/6871947673600,True,1,1,13537736916817/6871947673600,11000001000000
K23_bipartite__b8__dual_gateway,17,raw,B2|B7,3315714753337/1717986918400,True,1,1,223338327367/1717986918400,00100001000000
K23_bipartite__b8__dual_gateway,17,raw,B0|B2|B7,824633720965/274877906944,True,1,1,223338327367/1717986918400,10100001000000
K23_bipartite__b8__dual_gateway,17,raw,B1|B2|B7,10067403343499/3435973836800,True,1,1,223338327367/1717986918400,01100001000000
K23_bipartite__b8__dual_gateway,17,raw,B0|B1|B2|B7,3341484556663/858993459200,True,1,1,755914244471/6871947673600,00011110000000
K23_bipartite__b8__dual_gateway,17,raw,B3|B7,1529008357801/858993459200,True,1,1,919123030119/858993459200,00010001000000
K23_bipartite__b8__dual_gateway,17,raw,B0|B3|B7,3917010174637/1374389534720,True,1,1,919123030119/858993459200,10010001000000
K23_bipartite__b8__dual_gateway,17,raw,B1|B3|B7,9552007268029/3435973836800,True,1,1,919123030119/858993459200,01010001000000
K23_bipartite__b8__dual_gateway,17,raw,B0|B1|B3|B7,5291399709367/1374389534720,True,1,1,1305670057409/6871947673600,11010001000000
K23_bipartite__b8__dual_gateway,17,raw,B2|B3|B7,4844723110763/1717986918400,True,1,1,223338327367/1717986918400,00110001000000
K23_bipartite__b8__dual_gateway,17,raw,B0|B2|B3|B7,26731876453829/6871947673600,True,1,1,755914243421/6871947673600,10110001000000
K23_bipartite__b8__dual_gateway,17,raw,B1|B2|B3|B7,13125420058351/3435973836800,True,1,1,223338327367/1717986918400,01110001000000
K23_bipartite__b8__dual_gateway,17,raw,B0|B1|B2|B3|B7,51539607559/17179869184,True,1,1,12987981103879/6871947673600,00001110000000
K23_bipartite__b8__dual_gateway,17,raw,B4|B7,785979015393/429496729600,True,1,1,184683594283/85899345920,00001001000000
K23_bipartite__b8__dual_gateway,17,raw,B0|B4|B7,3985729651413/1374389534720,True,1,1,14362370636949/6871947673600,10001001000000
K23_bipartite__b8__dual_gateway,17,raw,B1|B4|B7,9723805959969/3435973836800,True,1,1,184683594283/85899345920,01001001000000
K23_bipartite__b8__dual_gateway,17,raw,B0|B1|B4|B7,5360119186143/1374389534720,True,1,1,618475289649/6871947673600,11001001000000
K23_bipartite__b8__dual_gateway,17,raw,B2|B4|B7,4930622456733/1717986918400,True,1,1,223338327367/1717986918400,00101001000000
K23_bipartite__b8__dual_gateway,17,raw,B0|B2|B4|B7,27075473837709/6871947673600,True,1,1,68719475661/6871947673600,10101001000000
K23_bipartite__b8__dual_gateway,17,raw,B1|B2|B4|B7,13297218750291/3435973836800,True,1,1,223338327367/1717986918400,01101001000000
K23_bipartite__b8__dual_gateway,17,raw,B0|B1|B2|B4|B7,506806140993/171798691840,True,1,1,919123030119/858993459200,00010110000000
K23_bipartite__b8__dual_gateway,17,raw,B3|B4|B7,2336462209499/858993459200,True,1,1,910533094677/858993459200,00011001000000
K23_bipartite__b8__dual_gateway,17,raw,B0|B3|B4|B7,26044681686769/6871947673600,True,1,1,2130303777541/6871947673600,10011001000000
K23_bipartite__b8__dual_gateway,17,raw,B1|B3|B4|B7,12781822674821/3435973836800,True,1,1,618475290359/1374389534720,01011001000000
K23_bipartite__b8__dual_gateway,17,raw,B0|B1|B3|B4|B7,1065151889533/343597383680,True,1,1,11613591569759/6871947673600,00100110000000
K23_bipartite__b8__dual_gateway,17,raw,B2|B3|B4|B7,84020298953/26843545600,True,1,1,1082331681167/1717986918400,00000000100011
K23_bipartite__b8__dual_gateway,17,raw,B0|B2|B3|B4|B7,10514079941833/3435973836800,True,1,1,618475318599/3435973836800,01000110000000
K23_bipartite__b8__dual_gateway,17,raw,B1|B2|B3|B4|B7,21509196220793/6871947673600,True,1,1,274877919393/274877906944,10000110000000
K23_bipartite__b8__dual_gateway,17,raw,B0|B1|B2|B3|B4|B7,442381631563/214748364800,True,1,1,7490422992249/3435973836800,00000110000000
K23_bipartite__b8__dual_gateway,17,raw,B5|B7,405874409597/214748364800,True,1,1,3796751117689/1717986918400,00000101000000
K23_bipartite__b8__dual_gateway,17,raw,B0|B5|B7,20340965117881/6871947673600,True,1,1,6940667415211/6871947673600,10000101000000
K23_bipartite__b8__dual_gateway,17,raw,B1|B5|B7,9929964390377/3435973836800,True,1,1,14499809589571/6871947673600,01000101000000
K23_bipartite__b8__dual_gateway,17,raw,B0|B1|B5|B7,6751688589887/1717986918400,True,1,1,206158431983/6871947673600,00111010000000
K23_bipartite__b8__dual_gateway,17,raw,B2|B5|B7,5033701671937/1717986918400,True,1,1,223338327367/1717986918400,00100101000000
K23_bipartite__b8__dual_gateway,17,raw,B0|B2|B5|B7,39325794829/13421772800,True,1,1,3298534750053/3435973836800,00000000010101
K23_bipartite__b8__dual_gateway,17,raw,B1|B2|B5|B7,13503377180699/3435973836800,True,1,1,206158428283/6871947673600,01100101000000
K23_bipartite__b8__dual_gateway,17,raw,B0|B1|B2|B5|B7,2482491097363/858993459200,True,1,1,3573412923597/3435973836800,00011010000000
K23_bipartite__b8__dual_gateway,17,raw,B3|B5|B7,2388001817101/858993459200,True,1,1,919123030119/858993459200,00010101000000
K23_bipartite__b8__dual_gateway,17,raw,B0|B3|B5|B7,5291399709517/1374389534720,True,1,1,1305670055909/6871947673600,10010101000000
K23_bipartite__b8__dual_gateway,17,raw,B1|B3|B5|B7,12987981105229/3435973836800,True,1,1,2267742730163/6871947673600,01010101000000
K23_bipartite__b8__dual_gateway,17,raw,B0|B1|B3|B5|B7,5222680232461/1717986918400,True,1,1,12438225291391/6871947673600,00101010000000
K23_bipartite__b8__dual_gateway,17,raw,B2|B3|B5|B7,6562710029363/1717986918400,True,1,1,223338327367/1717986918400,00110101000000
K23_bipartite__b8__dual_gateway,17,raw,B0|B2|B3|B5|B7,412316860457/137438953472,True,1,1,446676642559/3435973836800,01001010000000
K23_bipartite__b8__dual_gateway,17,raw,B1|B2|B3|B5|B7,21096879359977/6871947673600,True,1,1,481036337245/274877906944,10001010000000
K23_bipartite__b8__dual_gateway,17,raw,B0|B1|B2|B3|B5|B7,34359738373/17179869184,True,1,1,7318624316209/3435973836800,00001010000000
K23_bipartite__b8__dual_gateway,17,raw,B4|B5|B7,1215475745043/429496729600,True,1,1,184683594283/85899345920,00001101000000
K23_bipartite__b8__dual_gateway,17,raw,B0|B4|B5|B7,5360119186293/1374389534720,True,1,1,618475288149/6871947673600,10001101000000
K23_bipartite__b8__dual_gateway,17,raw,B1|B4|B5|B7,13159779797169/3435973836800,True,1,1,1580547962403/6871947673600,01001101000000
K23_bipartite__b8__dual_gateway,17,raw,B0|B1|B4|B5|B7,5136780886491/1717986918400,True,1,1,919123030119/858993459200,00110010000000
K23_bipartite__b8__dual_gateway,17,raw,B2|B4|B5|B7,6648609375333/1717986918400,True,1,1,223338327367/1717986918400,00101101000000
K23_bipartite__b8__dual_gateway,17,raw,B0|B2|B4|B5|B7,2027224563897/687194767360,True,1,1,618475318599/3435973836800,01010010000000
K23_bipartite__b8__dual_gateway,17,raw,B1|B2|B4|B5|B7,20753281976097/6871947673600,True,1,1,919123030119/858993459200,10010010000000
K23_bipartite__b8__dual_gateway,17,raw,B0|B1|B2|B4|B5|B7,335007449133/171798691840,True,1,1,919123030119/858993459200,00010010000000
K23_bipartite__b8__dual_gateway,17,raw,B3|B4|B5|B7,3195455668799/858993459200,True,1,1,618475290059/1374389534720,00011101000000
K23_bipartite__b8__dual_gateway,17,raw,B0|B3|B4|B5|B7,2130303778991/687194767360,True,1,1,618475318599/3435973836800,01100010000000
K23_bipartite__b8__dual_gateway,17,raw,B1|B3|B4|B5|B7,21784074127037/6871947673600,True,1,1,2130303779401/1374389534720,10100010000000
K23_bipartite__b8__dual_gateway,17,raw,B0|B1|B3|B4|B5|B7,721554505813/343597383680,True,1,1,3281355043719/1717986918400,00100010000000
K23_bipartite__b8__dual_gateway,17,raw,B2|B3|B4|B5|B7,21509196220043/6871947673600,True,1,1,618475318599/3435973836800,11000010000000
K23_bipartite__b8__dual_gateway,17,raw,B0|B2|B3|B4|B5|B7,7078106104633/3435973836800,True,1,1,618475318599/3435973836800,01000010000000
K23_bipartite__b8__dual_gateway,17,raw,B1|B2|B3|B4|B5|B7,14637248546393/6871947673600,True,1,1,7490422992249/3435973836800,10000010000000
K23_bipartite__b8__dual_gateway,17,raw,B0|B1|B2|B3|B4|B5|B7,113816633369/107374182400,True,1,1,7490422992249/3435973836800,00000010000000
K23_bipartite__b8__dual_gateway,17,raw,B6|B7,41875931151/21474836480,True,1,1,7490422992249/3435973836800,00000011000000
K23_bipartite__b8__dual_gateway,17,raw,B0|B6|B7,20753281979097/6871947673600,True,1,1,2542620638577/1374389534720,10000011000000
K23_bipartite__b8__dual_gateway,17,raw,B1|B6|B7,2027224564197/687194767360,True,1,1,618475318599/3435973836800,01000011000000
K23_bipartite__b8__dual_gateway,17,raw,B0|B1|B6|B7,6648609374583/1717986918400,True,1,1,206158430883/1374389534720,00111100000000
K23_bipartite__b8__dual_gateway,17,raw,B2|B6|B7,5136780887241/1717986918400,True,1,1,223338327367/1717986918400,00100011000000
K23_bipartite__b8__dual_gateway,17,raw,B0|B2|B6|B7,13159779795669/3435973836800,True,1,1,1580547968403/6871947673600,01011100000000
K23_bipartite__b8__dual_gateway,17,raw,B1|B2|B6|B7,5360119185693/1374389534720,True,1,1,618475294149/6871947673600,10011100000000
K23_bipartite__b8__dual_gateway,17,raw,B0|B1|B2|B6|B7,2430951489711/858993459200,True,1,1,910533094677/858993459200,00011100000000
K23_bipartite__b8__dual_gateway,17,raw,B3|B6|B7,2439541424753/858993459200,True,1,1,919123030119/858993459200,00010011000000
K23_bipartite__b8__dual_gateway,17,raw,B0|B3|B6|B7,26869315408801/6871947673600,True,1,1,481036333477/6871947673600,10010011000000
K23_bipartite__b8__dual_gateway,17,raw,B1|B3|B6|B7,13194139535837/3435973836800,True,1,1,618475318599/3435973836800,01010011000000
K23_bipartite__b8__dual_gateway,17,raw,B0|B1|B3|B6|B7,5119601017157/1717986918400,True,1,1,3281355043719/1717986918400,00101100000000
K23_bipartite__b8__dual_gateway,17,raw,B2|B3|B6|B7,6665789244667/1717986918400,True,1,1,893353193743/6871947673600,00110011000000
K23_bipartite__b8__dual_gateway,17,raw,B0|B2|B3|B6|B7,10101763080817/3435973836800,True,1,1,13812614827811/6871947673600,01001100000000
K23_bipartite__b8__dual_gateway,17,raw,B1|B2|B3|B6|B7,20684562498761/6871947673600,True,1,1,1511828559707/1374389534720,10001100000000
K23_bipartite__b8__dual_gateway,17,raw,B0|B1|B2|B3|B6|B7,833223655499/429496729600,True,1,1,184683594283/85899345920,00001100000000
K23_bipartite__b8__dual_gateway,17,raw,B4|B6|B7,1241245548869/429496729600,True,1,1,14499809587271/6871947673600,00001011000000
K23_bipartite__b8__dual_gateway,17,raw,B0|B4|B6|B7,13503377179199/3435973836800,True,1,1,206158434283/6871947673600,01110100000000
K23_bipartite__b8__dual_gateway,17,raw,B1|B4|B6|B7,13365938227777/3435973836800,True,1,1,755914239971/6871947673600,01001011000000
K23_bipartite__b8__dual_gateway,17,raw,B0|B1|B4|B6|B7,5033701671187/1717986918400,True,1,1,919123030119/858993459200,00110100000000
K23_bipartite__b8__dual_gateway,17,raw,B2|B4|B6|B7,6751688590637/1717986918400,True,1,1,206158425983/6871947673600,00101011000000
K23_bipartite__b8__dual_gateway,17,raw,B0|B2|B4|B6|B7,9929964388877/3435973836800,True,1,1,919123030119/858993459200,01010100000000
K23_bipartite__b8__dual_gateway,17,raw,B1|B2|B4|B6|B7,20340965114881/6871947673600,True,1,1,2817498724351/6871947673600,10010100000000
K23_bipartite__b8__dual_gateway,17,raw,B0|B1|B2|B4|B6|B7,1623497638013/858993459200,True,1,1,919123030119/858993459200,00010100000000
K23_bipartite__b8__dual_gateway,17,raw,B3|B4|B6|B7,3246995276451/858993459200,True,1,1,2267742727863/6871947673600,00011011000000
K23_bipartite__b8__dual_gateway,17,raw,B0|B3|B4|B6|B7,10445360464347/3435973836800,True,1,1,12438225293691/6871947673600,01100100000000
K23_bipartite__b8__dual_gateway,17,raw,B1|B3|B4|B6|B7,21371757265821/6871947673600,True,1,1,4879083119331/6871947673600,10100100000000
K23_bipartite__b8__dual_gateway,17,raw,B0|B1|B3|B4|B6|B7,3504693313761/1717986918400,True,1,1,3281355043719/1717986918400,00100100000000
K23_bipartite__b8__dual_gateway,17,raw,B2|B3|B4|B6|B7,21096879358827/6871947673600,True,1,1,1511828559707/1374389534720,11000100000000
K23_bipartite__b8__dual_gateway,17,raw,B0|B2|B3|B4|B6|B7,274877906961/137438953472,True,1,1,1580547970843/687194767360,01000100000000
K23_bipartite__b8__dual_gateway,17,raw,B1|B2|B3|B4|B6|B7,14224931685177/6871947673600,True,1,1,1511828559707/1374389534720,10000100000000
K23_bipartite__b8__dual_gateway,17,raw,B0|B1|B2|B3|B4|B6|B7,8589934593/8589934592,True,1,1,489626277509/171798691840,00000100000000
K23_bipartite__b8__dual_gateway,17,raw,B5|B6|B7,126701535267/42949672960,True,1,1,13675175865639/6871947673600,00000111000000
K23_bipartite__b8__dual_gateway,17,raw,B0|B5|B6|B7,13297218748791/3435973836800,True,1,1,206158431183/1374389534720,01111000000000
K23_bipartite__b8__dual_gateway,17,raw,B1|B5|B6|B7,27075473834709/6871947673600,True,1,1,68719481661/6871947673600,10111000000000
K23_bipartite__b8__dual_gateway,17,raw,B0|B1|B5|B6|B7,4930622455983/1717986918400,True,1,1,910533094677/858993459200,00111000000000
K23_bipartite__b8__dual_gateway,17,raw,B2|B5|B6|B7,5360119185543/1374389534720,True,1,1,618475295649/6871947673600,11011000000000
K23_bipartite__b8__dual_gateway,17,raw,B0|B2|B5|B6|B7,9723805958469/3435973836800,True,1,1,910533094677/858993459200,01011000000000
K23_bipartite__b8__dual_gateway,17,raw,B1|B2|B5|B6|B7,3985729650813/1374389534720,True,1,1,910533094677/858993459200,10011000000000
K23_bipartite__b8__dual_gateway,17,raw,B0|B1|B2|B5|B6|B7,1571958030411/858993459200,True,1,1,910533094677/858993459200,00011000000000
K23_bipartite__b8__dual_gateway,17,raw,B3|B5|B6|B7,3298534884053/858993459200,True,1,1,1443109006231/6871947673600,00010111000000
K23_bipartite__b8__dual_gateway,17,raw,B0|B3|B5|B6|B7,10239202033939/3435973836800,True,1,1,3281355043719/1717986918400,01101000000000
K23_bipartite__b8__dual_gateway,17,raw,B1|B3|B5|B6|B7,4191888081001/1374389534720,True,1,1,12300786341069/6871947673600,10101000000000
K23_bipartite__b8__dual_gateway,17,raw,B0|B1|B3|B5|B6|B7,3401614098557/1717986918400,True,1,1,3281355043719/1717986918400,00101000000000
K23_bipartite__b8__dual_gateway,17,raw,B2|B3|B5|B6|B7,20684562498011/6871947673600,True,1,1,12850542155057/6871947673600,11001000000000
K23_bipartite__b8__dual_gateway,17,raw,B0|B2|B3|B5|B6|B7,6665789243617/3435973836800,True,1,1,184683594283/85899345920,01001000000000
K23_bipartite__b8__dual_gateway,17,raw,B1|B2|B3|B5|B6|B7,13812614824361/6871947673600,True,1,1,184683594283/85899345920,10001000000000
K23_bipartite__b8__dual_gateway,17,raw,B0|B1|B2|B3|B5|B6|B7,403726925849/429496729600,True,1,1,184683594283/85899345920,00001000000000
K23_bipartite__b8__dual_gateway,17,raw,B4|B5|B6|B7,1670742278519/429496729600,True,1,1,755914238471/6871947673600,00001111000000
K23_bipartite__b8__dual_gateway,17,raw,B0|B4|B5|B6|B7,10067403341999/3435973836800,True,1,1,919123030119/858993459200,01110000000000
K23_bipartite__b8__dual_gateway,17,raw,B1|B4|B5|B6|B7,824633720845/274877906944,True,1,1,919123030119/858993459200,10110000000000
K23_bipartite__b8__dual_gateway,17,raw,B0|B1|B4|B5|B6|B7,3315714752587/1717986918400,True,1,1,919123030119/858993459200,00110000000000
K23_bipartite__b8__dual_gateway,17,raw,B2|B4|B5|B6|B7,20340965114131/6871947673600,True,1,1,919123030119/858993459200,11010000000000
K23_bipartite__b8__dual_gateway,17,raw,B0|B2|B4|B5|B6|B7,6493990551677/3435973836800,True,1,1,919123030119/858993459200,01010000000000
K23_bipartite__b8__dual_gateway,17,raw,B1|B2|B4|B5|B6|B7,13469017440481/6871947673600,True,1,1,919123030119/858993459200,10010000000000
K23_bipartite__b8__dual_gateway,17,raw,B0|B1|B2|B4|B5|B6|B7,764504178713/858993459200,True,1,1,919123030119/858993459200,00010000000000
K23_bipartite__b8__dual_gateway,17,raw,B3|B4|B5|B6|B7,21371757265071/6871947673600,True,1,1,11476152620937/6871947673600,11100000000000
K23_bipartite__b8__dual_gateway,17,raw,B0|B3|B4|B5|B6|B7,7009386627147/3435973836800,True,1,1,3281355043719/1717986918400,01100000000000
K23_bipartite__b8__dual_gateway,17,raw,B1|B3|B4|B5|B6|B7,14499809591421/6871947673600,True,1,1,3281355043719/1717986918400,10100000000000
K23_bipartite__b8__dual_gateway,17,raw,B0|B1|B3|B4|B5|B6|B7,1786706395161/1717986918400,True,1,1,3281355043719/1717986918400,00100000000000
K23_bipartite__b8__dual_gateway,17,raw,B2|B3|B4|B5|B6|B7,14224931684427/6871947673600,True,1,1,1580547970843/687194767360,11000000000000
K23_bipartite__b8__dual_gateway,17,raw,B0|B2|B3|B4|B5|B6|B7,137438953473/137438953472,True,1,1,1580547970843/687194767360,01000000000000
K23_bipartite__b8__dual_gateway,17,raw,B1|B2|B3|B4|B5|B6|B7,7352984010777/6871947673600,True,1,1,489626277509/171798691840,10000000000000
K23_bipartite__b8__dual_gateway,17,five_move_reduced,B0,7352984010777/6871947673600,True,1,1,4260607629467/1374389534720,000000010000
K23_bipartite__b8__dual_gateway,17,five_move_reduced,B1,137438953473/137438953472,True,1,1,6854767834041/1717986918400,010000000000
K23_bipartite__b8__dual_gateway,17,five_move_reduced,B0|B1,14224931684427/6871947673600,True,1,1,4260607629467/1374389534720,010000010000
K23_bipartite__b8__dual_gateway,17,five_move_reduced,B2,1786706395161/1717986918400,True,1,1,3281355043719/1717986918400,000000001000
K23_bipartite__b8__dual_gateway,17,five_move_reduced,B0|B2,14499809591421/6871947673600,True,1,1,3281355043719/1717986918400,000000011000
K23_bipartite__b8__dual_gateway,17,five_move_reduced,B1|B2,7009386627147/3435973836800,True,1,1,3281355043719/1717986918400,010000001000
K23_bipartite__b8__dual_gateway,17,five_move_reduced,B0|B1|B2,21371757265071/6871947673600,True,1,1,11476152620937/6871947673600,010000011000
K23_bipartite__b8__dual_gateway,17,five_move_reduced,B3,764504178713/858993459200,True,1,1,2525440798073/858993459200,000010000000
K23_bipartite__b8__dual_gateway,17,five_move_reduced,B0|B3,13469017440481/6871947673600,True,1,1,2525440798073/858993459200,000010010000
K23_bipartite__b8__dual_gateway,17,five_move_reduced,B1|B3,6493990551677/3435973836800,True,1,1,2525440798073/858993459200,010010000000
K23_bipartite__b8__dual_gateway,17,five_move_reduced,B0|B1|B3,20340965114131/6871947673600,True,1,1,13537736922817/6871947673600,010010010000
K23_bipartite__b8__dual_gateway,17,five_move_reduced,B2|B3,3315714752587/1717986918400,True,1,1,3281355043719/1717986918400,000010001000
K23_bipartite__b8__dual_gateway,17,five_move_reduced,B0|B2|B3,824633720845/274877906944,True,1,1,12987981108829/6871947673600,000010011000
K23_bipartite__b8__dual_gateway,17,five_move_reduced,B1|B2|B3,10067403341999/3435973836800,True,1,1,3281355043719/1717986918400,010010001000
K23_bipartite__b8__dual_gateway,17,five_move_reduced,B0|B1|B2|B3,1670742278519/429496729600,True,1,1,755914238471/6871947673600,001001000110
K23_bipartite__b8__dual_gateway,17,five_move_reduced,B4,403726925849/429496729600,True,1,1,2439541452103/858993459200,000001000000
K23_bipartite__b8__dual_gateway,17,five_move_reduced,B0|B4,13812614824361/6871947673600,True,1,1,2439541452103/858993459200,000001010000
K23_bipartite__b8__dual_gateway,17,five_move_reduced,B1|B4,6665789243617/3435973836800,True,1,1,2439541452103/858993459200,010001000000
K23_bipartite__b8__dual_gateway,17,five_move_reduced,B0|B1|B4,20684562498011/6871947673600,True,1,1,12850542155057/6871947673600,010001010000
K23_bipartite__b8__dual_gateway,17,five_move_reduced,B2|B4,3401614098557/1717986918400,True,1,1,3281355043719/1717986918400,000001001000
K23_bipartite__b8__dual_gateway,17,five_move_reduced,B0|B2|B4,4191888081001/1374389534720,True,1,1,12300786341069/6871947673600,000001011000
K23_bipartite__b8__dual_gateway,17,five_move_reduced,B1|B2|B4,10239202033939/3435973836800,True,1,1,3281355043719/1717986918400,010001001000
K23_bipartite__b8__dual_gateway,17,five_move_reduced,B0|B1|B2|B4,3298534884053/858993459200,True,1,1,1443109006231/6871947673600,001010000110
K23_bipartite__b8__dual_gateway,17,five_move_reduced,B3|B4,1571958030411/858993459200,True,1,1,910533094677/858993459200,000011000000
K23_bipartite__b8__dual_gateway,17,five_move_reduced,B0|B3|B4,3985729650813/1374389534720,True,1,1,910533094677/858993459200,000011010000
K23_bipartite__b8__dual_gateway,17,five_move_reduced,B1|B3|B4,9723805958469/3435973836800,True,1,1,910533094677/858993459200,010011000000
K23_bipartite__b8__dual_gateway,17,five_move_reduced,B0|B1|B3|B4,5360119185543/1374389534720,True,1,1,618475295649/6871947673600,010011010000
K23_bipartite__b8__dual_gateway,17,five_move_reduced,B2|B3|B4,4930622455983/1717986918400,True,1,1,910533094677/858993459200,000011001000
K23_bipartite__b8__dual_gateway,17,five_move_reduced,B0|B2|B3|B4,27075473834709/6871947673600,True,1,1,68719481661/6871947673600,000011011000
K23_bipartite__b8__dual_gateway,17,five_move_reduced,B1|B2|B3|B4,13297218748791/3435973836800,True,1,1,206158431183/1374389534720,010011001000
K23_bipartite__b8__dual_gateway,17,five_move_reduced,B0|B1|B2|B3|B4,126701535267/42949672960,True,1,1,13675175865639/6871947673600,001000000110
K23_bipartite__b8__dual_gateway,17,five_move_reduced,B5,8589934593/8589934592,True,1,1,22265110820089/6871947673600,000000000100
K23_bipartite__b8__dual_gateway,17,five_move_reduced,B0|B5,14224931685177/6871947673600,True,1,1,1511828559707/1374389534720,000000010100
K23_bipartite__b8__dual_gateway,17,five_move_reduced,B1|B5,274877906961/137438953472,True,1,1,22265110820089/6871947673600,010000000100
K23_bipartite__b8__dual_gateway,17,five_move_reduced,B0|B1|B5,21096879358827/6871947673600,True,1,1,1511828559707/1374389534720,010000010100
K23_bipartite__b8__dual_gateway,17,five_move_reduced,B2|B5,3504693313761/1717986918400,True,1,1,3281355043719/1717986918400,000000001100
K23_bipartite__b8__dual_gateway,17,five_move_reduced,B0|B2|B5,21371757265821/6871947673600,True,1,1,4879083119331/6871947673600,000000011100
K23_bipartite__b8__dual_gateway,17,five_move_reduced,B1|B2|B5,10445360464347/3435973836800,True,1,1,12438225293691/6871947673600,010000001100
K23_bipartite__b8__dual_gateway,17,five_move_reduced,B0|B1|B2|B5,3246995276451/858993459200,True,1,1,2267742727863/6871947673600,001011000010
K23_bipartite__b8__dual_gateway,17,five_move_reduced,B3|B5,1623497638013/858993459200,True,1,1,2525440798073/858993459200,000010000100
K23_bipartite__b8__dual_gateway,17,five_move_reduced,B0|B3|B5,20340965114881/6871947673600,True,1,1,1511828559707/1374389534720,000010010100
K23_bipartite__b8__dual_gateway,17,five_move_reduced,B1|B3|B5,9929964388877/3435973836800,True,1,1,14499809595571/6871947673600,010010000100
K23_bipartite__b8__dual_gateway,17,five_move_reduced,B0|B1|B3|B5,6751688590637/1717986918400,True,1,1,206158425983/6871947673600,001001001010
K23_bipartite__b8__dual_gateway,17,five_move_reduced,B2|B3|B5,5033701671187/1717986918400,True,1,1,3281355043719/1717986918400,000010001100
K23_bipartite__b8__dual_gateway,17,five_move_reduced,B0|B2|B3|B5,13365938227777/3435973836800,True,1,1,755914239971/6871947673600,011001000010
K23_bipartite__b8__dual_gateway,17,five_move_reduced,B1|B2|B3|B5,13503377179199/3435973836800,True,1,1,206158434283/6871947673600,010010001100
K23_bipartite__b8__dual_gateway,17,five_move_reduced,B0|B1|B2|B3|B5,1241245548869/429496729600,True,1,1,14499809587271/6871947673600,001001000010
K23_bipartite__b8__dual_gateway,17,five_move_reduced,B4|B5,833223655499/429496729600,True,1,1,2439541452103/858993459200,000001000100
K23_bipartite__b8__dual_gateway,17,five_move_reduced,B0|B4|B5,20684562498761/6871947673600,True,1,1,1511828559707/1374389534720,000001010100
K23_bipartite__b8__dual_gateway,17,five_move_reduced,B1|B4|B5,10101763080817/3435973836800,True,1,1,13812614827811/6871947673600,010001000100
K23_bipartite__b8__dual_gateway,17,five_move_reduced,B0|B1|B4|B5,6665789244667/1717986918400,True,1,1,893353193743/6871947673600,001010001010
K23_bipartite__b8__dual_gateway,17,five_move_reduced,B2|B4|B5,5119601017157/1717986918400,True,1,1,3281355043719/1717986918400,000001001100
K23_bipartite__b8__dual_gateway,17,five_move_reduced,B0|B2|B4|B5,13194139535837/3435973836800,True,1,1,1443109007731/6871947673600,011010000010
K23_bipartite__b8__dual_gateway,17,five_move_reduced,B1|B2|B4|B5,26869315408801/6871947673600,True,1,1,481036333477/6871947673600,001010010010
K23_bipartite__b8__dual_gateway,17,five_move_reduced,B0|B1|B2|B4|B5,2439541424753/858993459200,True,1,1,15187004355031/6871947673600,001010000010
K23_bipartite__b8__dual_gateway,17,five_move_reduced,B3|B4|B5,2430951489711/858993459200,True,1,1,910533094677/858993459200,000011000100
K23_bipartite__b8__dual_gateway,17,five_move_reduced,B0|B3|B4|B5,5360119185693/1374389534720,True,1,1,618475294149/6871947673600,000011010100
K23_bipartite__b8__dual_gateway,17,five_move_reduced,B1|B3|B4|B5,13159779795669/3435973836800,True,1,1,1580547968403/6871947673600,010011000100
K23_bipartite__b8__dual_gateway,17,five_move_reduced,B0|B1|B3|B4|B5,5136780887241/1717986918400,True,1,1,223338327367/1717986918400,001000001010
K23_bipartite__b8__dual_gateway,17,five_move_reduced,B2|B3|B4|B5,6648609374583/1717986918400,True,1,1,206158430883/1374389534720,000011001100
K23_bipartite__b8__dual_gateway,17,five_move_reduced,B0|B2|B3|B4|B5,2027224564197/687194767360,True,1,1,6665789476167/3435973836800,011000000010
K23_bipartite__b8__dual_gateway,17,five_move_reduced,B1|B2|B3|B4|B5,20753281979097/6871947673600,True,1,1,2542620638577/1374389534720,001000010010
K23_bipartite__b8__dual_gateway,17,five_move_reduced,B0|B1|B2|B3|B4|B5,41875931151/21474836480,True,1,1,3796751117689/1717986918400,001000000010
K23_bipartite__b8__dual_gateway,17,five_move_reduced,B6,113816633369/107374182400,True,1,1,13537737149817/3435973836800,001000000000
K23_bipartite__b8__dual_gateway,17,five_move_reduced,B0|B6,14637248546393/6871947673600,True,1,1,824633733345/274877906944,001000010000
K23_bipartite__b8__dual_gateway,17,five_move_reduced,B1|B6,7078106104633/3435973836800,True,1,1,6665789476167/3435973836800,011000000000
K23_bipartite__b8__dual_gateway,17,five_move_reduced,B0|B1|B6,21509196220043/6871947673600,True,1,1,274877919453/274877906944,011000010000
K23_bipartite__b8__dual_gateway,17,five_move_reduced,B2|B6,721554505813/343597383680,True,1,1,3281355043719/1717986918400,001000001000
K23_bipartite__b8__dual_gateway,17,five_move_reduced,B0|B2|B6,21784074127037/6871947673600,True,1,1,2130303779401/1374389534720,001000011000
K23_bipartite__b8__dual_gateway,17,five_move_reduced,B1|B2|B6,2130303778991/687194767360,True,1,1,11613591571259/6871947673600,011000001000
K23_bipartite__b8__dual_gateway,17,five_move_reduced,B0|B1|B2|B6,3195455668799/858993459200,True,1,1,618475290059/1374389534720,000011000110
K23_bipartite__b8__dual_gateway,17,five_move_reduced,B3|B6,335007449133/171798691840,True,1,1,10033043737181/3435973836800,001010000000
K23_bipartite__b8__dual_gateway,17,five_move_reduced,B0|B3|B6,20753281976097/6871947673600,True,1,1,2542620639777/1374389534720,001010010000
K23_bipartite__b8__dual_gateway,17,five_move_reduced,B1|B3|B6,2027224563897/687194767360,True,1,1,3161096063531/3435973836800,011010000000
K23_bipartite__b8__dual_gateway,17,five_move_reduced,B0|B1|B3|B6,6648609375333/1717986918400,True,1,1,223338327367/1717986918400,000001001110
K23_bipartite__b8__dual_gateway,17,five_move_reduced,B2|B3|B6,5136780886491/1717986918400,True,1,1,13125420059151/6871947673600,001010001000
K23_bipartite__b8__dual_gateway,17,five_move_reduced,B0|B2|B3|B6,13159779797169/3435973836800,True,1,1,1580547962403/6871947673600,010001000110
K23_bipartite__b8__dual_gateway,17,five_move_reduced,B1|B2|B3|B6,5360119186293/1374389534720,True,1,1,618475288149/6871947673600,000001010110
K23_bipartite__b8__dual_gateway,17,five_move_reduced,B0|B1|B2|B3|B6,1215475745043/429496729600,True,1,1,3796751117689/1717986918400,000001000110
K23_bipartite__b8__dual_gateway,17,five_move_reduced,B4|B6,34359738373/17179869184,True,1,1,9689446353301/3435973836800,001001000000
K23_bipartite__b8__dual_gateway,17,five_move_reduced,B0|B4|B6,21096879359977/6871947673600,True,1,1,481036337245/274877906944,001001010000
K23_bipartite__b8__dual_gateway,17,five_move_reduced,B1|B4|B6,412316860457/137438953472,True,1,1,2817498679651/3435973836800,011001000000
K23_bipartite__b8__dual_gateway,17,five_move_reduced,B0|B1|B4|B6,6562710029363/1717986918400,True,1,1,223338327367/1717986918400,000010001110
K23_bipartite__b8__dual_gateway,17,five_move_reduced,B2|B4|B6,5222680232461/1717986918400,True,1,1,12438225291391/6871947673600,001001001000
K23_bipartite__b8__dual_gateway,17,five_move_reduced,B0|B2|B4|B6,12987981105229/3435973836800,True,1,1,2267742730163/6871947673600,010010000110
K23_bipartite__b8__dual_gateway,17,five_move_reduced,B1|B2|B4|B6,5291399709517/1374389534720,True,1,1,1305670055909/6871947673600,000010010110
K23_bipartite__b8__dual_gateway,17,five_move_reduced,B0|B1|B2|B4|B6,2388001817101/858993459200,True,1,1,3796751117689/1717986918400,000010000110
K23_bipartite__b8__dual_gateway,17,five_move_reduced,B3|B4|B6,2482491097363/858993459200,True,1,1,3573412923597/3435973836800,001011000000
K23_bipartite__b8__dual_gateway,17,five_move_reduced,B0|B3|B4|B6,13503377180699/3435973836800,True,1,1,206158428283/6871947673600,010000001110
K23_bipartite__b8__dual_gateway,17,five_move_reduced,B1|B3|B4|B6,39325794829/13421772800,True,1,1,3298534750053/3435973836800,000100100000
K23_bipartite__b8__dual_gateway,17,five_move_reduced,B0|B1|B3|B4|B6,5033701671937/1717986918400,True,1,1,223338327367/1717986918400,000000001110
K23_bipartite__b8__dual_gateway,17,five_move_reduced,B2|B3|B4|B6,6751688589887/1717986918400,True,1,1,206158431983/6871947673600,001011001000
K23_bipartite__b8__dual_gateway,17,five_move_reduced,B0|B2|B3|B4|B6,9929964390377/3435973836800,True,1,1,14499809589571/6871947673600,010000000110
K23_bipartite__b8__dual_gateway,17,five_move_reduced,B1|B2|B3|B4|B6,20340965117881/6871947673600,True,1,1,6940667415211/6871947673600,000000010110
K23_bipartite__b8__dual_gateway,17,five_move_reduced,B0|B1|B2|B3|B4|B6,405874409597/214748364800,True,1,1,3796751117689/1717986918400,000000000110
K23_bipartite__b8__dual_gateway,17,five_move_reduced,B5|B6,442381631563/214748364800,True,1,1,21577916006379/6871947673600,001000000100
K23_bipartite__b8__dual_gateway,17,five_move_reduced,B0|B5|B6,21509196220793/6871947673600,True,1,1,274877919393/274877906944,001000010100
K23_bipartite__b8__dual_gateway,17,five_move_reduced,B1|B5|B6,10514079941833/3435973836800,True,1,1,7834020659079/6871947673600,011000000100
K23_bipartite__b8__dual_gateway,17,five_move_reduced,B0|B1|B5|B6,84020298953/26843545600,True,1,1,1082331681167/1717986918400,100000000001
K23_bipartite__b8__dual_gateway,17,five_move_reduced,B2|B5|B6,1065151889533/343597383680,True,1,1,11613591569759/6871947673600,001000001100
K23_bipartite__b8__dual_gateway,17,five_move_reduced,B0|B2|B5|B6,12781822674821/3435973836800,True,1,1,618475290359/1374389534720,010011000010
K23_bipartite__b8__dual_gateway,17,five_move_reduced,B1|B2|B5|B6,26044681686769/6871947673600,True,1,1,2130303777541/6871947673600,000011010010
K23_bipartite__b8__dual_gateway,17,five_move_reduced,B0|B1|B2|B5|B6,2336462209499/858993459200,True,1,1,910533094677/858993459200,000011000010
K23_bipartite__b8__dual_gateway,17,five_move_reduced,B3|B5|B6,506806140993/171798691840,True,1,1,13675175871639/6871947673600,001010000100
K23_bipartite__b8__dual_gateway,17,five_move_reduced,B0|B3|B5|B6,13297218750291/3435973836800,True,1,1,223338327367/1717986918400,010001001010
K23_bipartite__b8__dual_gateway,17,five_move_reduced,B1|B3|B5|B6,27075473837709/6871947673600,True,1,1,68719475661/6871947673600,000001011010
K23_bipartite__b8__dual_gateway,17,five_move_reduced,B0|B1|B3|B5|B6,4930622456733/1717986918400,True,1,1,223338327367/1717986918400,000001001010
K23_bipartite__b8__dual_gateway,17,five_move_reduced,B2|B3|B5|B6,5360119186143/1374389534720,True,1,1,618475289649/6871947673600,010001010010
K23_bipartite__b8__dual_gateway,17,five_move_reduced,B0|B2|B3|B5|B6,9723805959969/3435973836800,True,1,1,3796751117689/1717986918400,010001000010
K23_bipartite__b8__dual_gateway,17,five_move_reduced,B1|B2|B3|B5|B6,3985729651413/1374389534720,True,1,1,14362370636949/6871947673600,000001010010
K23_bipartite__b8__dual_gateway,17,five_move_reduced,B0|B1|B2|B3|B5|B6,785979015393/429496729600,True,1,1,3796751117689/1717986918400,000001000010
K23_bipartite__b8__dual_gateway,17,five_move_reduced,B4|B5|B6,51539607559/17179869184,True,1,1,12987981103879/6871947673600,001001000100
K23_bipartite__b8__dual_gateway,17,five_move_reduced,B0|B4|B5|B6,13125420058351/3435973836800,True,1,1,223338327367/1717986918400,010010001010
K23_bipartite__b8__dual_gateway,17,five_move_reduced,B1|B4|B5|B6,26731876453829/6871947673600,True,1,1,755914243421/6871947673600,000010011010
K23_bipartite__b8__dual_gateway,17,five_move_reduced,B0|B1|B4|B5|B6,4844723110763/1717986918400,True,1,1,223338327367/1717986918400,000010001010
K23_bipartite__b8__dual_gateway,17,five_move_reduced,B2|B4|B5|B6,5291399709367/1374389534720,True,1,1,1305670057409/6871947673600,010010010010
K23_bipartite__b8__dual_gateway,17,five_move_reduced,B0|B2|B4|B5|B6,9552007268029/3435973836800,True,1,1,3796751117689/1717986918400,010010000010
K23_bipartite__b8__dual_gateway,17,five_move_reduced,B1|B2|B4|B5|B6,3917010174637/1374389534720,True,1,1,15049565404709/6871947673600,000010010010
K23_bipartite__b8__dual_gateway,17,five_move_reduced,B0|B1|B2|B4|B5|B6,1529008357801/858993459200,True,1,1,3796751117689/1717986918400,000010000010
K23_bipartite__b8__dual_gateway,17,five_move_reduced,B3|B4|B5|B6,3341484556663/858993459200,True,1,1,755914244471/6871947673600,001011000100
K23_bipartite__b8__dual_gateway,17,five_move_reduced,B0|B3|B4|B5|B6,10067403343499/3435973836800,True,1,1,223338327367/1717986918400,010000001010
K23_bipartite__b8__dual_gateway,17,five_move_reduced,B1|B3|B4|B5|B6,824633720965/274877906944,True,1,1,223338327367/1717986918400,000000011010
K23_bipartite__b8__dual_gateway,17,five_move_reduced,B0|B1|B3|B4|B5|B6,3315714753337/1717986918400,True,1,1,223338327367/1717986918400,000000001010
K23_bipartite__b8__dual_gateway,17,five_move_reduced,B2|B3|B4|B5|B6,20340965117131/6871947673600,True,1,1,13537736916817/6871947673600,010000010010
K23_bipartite__b8__dual_gateway,17,five_move_reduced,B0|B2|B3|B4|B5|B6,6493990553177/3435973836800,True,1,1,3796751117689/1717986918400,010000000010
K23_bipartite__b8__dual_gateway,17,five_move_reduced,B1|B2|B3|B4|B5|B6,13469017443481/6871947673600,True,1,1,3796751117689/1717986918400,000000010010
K23_bipartite__b8__dual_gateway,17,five_move_reduced,B0|B1|B2|B3|B4|B5|B6,47781511193/53687091200,True,1,1,3796751117689/1717986918400,000000000010
K23_bipartite__b8__dual_gateway,17,five_move_reduced,B7,47781511193/53687091200,True,1,1,3796751117689/1717986918400,000000000010
K23_bipartite__b8__dual_gateway,17,five_move_reduced,B0|B7,13469017443481/6871947673600,True,1,1,3796751117689/1717986918400,000000010010
K23_bipartite__b8__dual_gateway,17,five_move_reduced,B1|B7,6493990553177/3435973836800,True,1,1,3796751117689/1717986918400,010000000010
K23_bipartite__b8__dual_gateway,17,five_move_reduced,B0|B1|B7,20340965117131/6871947673600,True,1,1,13537736916817/6871947673600,010000010010
K23_bipartite__b8__dual_gateway,17,five_move_reduced,B2|B7,3315714753337/1717986918400,True,1,1,223338327367/1717986918400,000000001010
K23_bipartite__b8__dual_gateway,17,five_move_reduced,B0|B2|B7,824633720965/274877906944,True,1,1,223338327367/1717986918400,000000011010
K23_bipartite__b8__dual_gateway,17,five_move_reduced,B1|B2|B7,10067403343499/3435973836800,True,1,1,223338327367/1717986918400,010000001010
K23_bipartite__b8__dual_gateway,17,five_move_reduced,B0|B1|B2|B7,3341484556663/858993459200,True,1,1,755914244471/6871947673600,001011000100
K23_bipartite__b8__dual_gateway,17,five_move_reduced,B3|B7,1529008357801/858993459200,True,1,1,3796751117689/1717986918400,000010000010
K23_bipartite__b8__dual_gateway,17,five_move_reduced,B0|B3|B7,3917010174637/1374389534720,True,1,1,15049565404709/6871947673600,000010010010
K23_bipartite__b8__dual_gateway,17,five_move_reduced,B1|B3|B7,9552007268029/3435973836800,True,1,1,3796751117689/1717986918400,010010000010
K23_bipartite__b8__dual_gateway,17,five_move_reduced,B0|B1|B3|B7,5291399709367/1374389534720,True,1,1,1305670057409/6871947673600,010010010010
K23_bipartite__b8__dual_gateway,17,five_move_reduced,B2|B3|B7,4844723110763/1717986918400,True,1,1,223338327367/1717986918400,000010001010
K23_bipartite__b8__dual_gateway,17,five_move_reduced,B0|B2|B3|B7,26731876453829/6871947673600,True,1,1,755914243421/6871947673600,000010011010
K23_bipartite__b8__dual_gateway,17,five_move_reduced,B1|B2|B3|B7,13125420058351/3435973836800,True,1,1,223338327367/1717986918400,010010001010
K23_bipartite__b8__dual_gateway,17,five_move_reduced,B0|B1|B2|B3|B7,51539607559/17179869184,True,1,1,12987981103879/6871947673600,001001000100
K23_bipartite__b8__dual_gateway,17,five_move_reduced,B4|B7,785979015393/429496729600,True,1,1,3796751117689/1717986918400,000001000010
K23_bipartite__b8__dual_gateway,17,five_move_reduced,B0|B4|B7,3985729651413/1374389534720,True,1,1,14362370636949/6871947673600,000001010010
K23_bipartite__b8__dual_gateway,17,five_move_reduced,B1|B4|B7,9723805959969/3435973836800,True,1,1,3796751117689/1717986918400,010001000010
K23_bipartite__b8__dual_gateway,17,five_move_reduced,B0|B1|B4|B7,5360119186143/1374389534720,True,1,1,618475289649/6871947673600,010001010010
K23_bipartite__b8__dual_gateway,17,five_move_reduced,B2|B4|B7,4930622456733/1717986918400,True,1,1,223338327367/1717986918400,000001001010
K23_bipartite__b8__dual_gateway,17,five_move_reduced,B0|B2|B4|B7,27075473837709/6871947673600,True,1,1,68719475661/6871947673600,000001011010
K23_bipartite__b8__dual_gateway,17,five_move_reduced,B1|B2|B4|B7,13297218750291/3435973836800,True,1,1,223338327367/1717986918400,010001001010
K23_bipartite__b8__dual_gateway,17,five_move_reduced,B0|B1|B2|B4|B7,506806140993/171798691840,True,1,1,13675175871639/6871947673600,001010000100
K23_bipartite__b8__dual_gateway,17,five_move_reduced,B3|B4|B7,2336462209499/858993459200,True,1,1,910533094677/858993459200,000011000010
K23_bipartite__b8__dual_gateway,17,five_move_reduced,B0|B3|B4|B7,26044681686769/6871947673600,True,1,1,2130303777541/6871947673600,000011010010
K23_bipartite__b8__dual_gateway,17,five_move_reduced,B1|B3|B4|B7,12781822674821/3435973836800,True,1,1,618475290359/1374389534720,010011000010
K23_bipartite__b8__dual_gateway,17,five_move_reduced,B0|B1|B3|B4|B7,1065151889533/343597383680,True,1,1,11613591569759/6871947673600,001000001100
K23_bipartite__b8__dual_gateway,17,five_move_reduced,B2|B3|B4|B7,84020298953/26843545600,True,1,1,1082331681167/1717986918400,100000000001
K23_bipartite__b8__dual_gateway,17,five_move_reduced,B0|B2|B3|B4|B7,10514079941833/3435973836800,True,1,1,7834020659079/6871947673600,011000000100
K23_bipartite__b8__dual_gateway,17,five_move_reduced,B1|B2|B3|B4|B7,21509196220793/6871947673600,True,1,1,274877919393/274877906944,001000010100
K23_bipartite__b8__dual_gateway,17,five_move_reduced,B0|B1|B2|B3|B4|B7,442381631563/214748364800,True,1,1,21577916006379/6871947673600,001000000100
K23_bipartite__b8__dual_gateway,17,five_move_reduced,B5|B7,405874409597/214748364800,True,1,1,3796751117689/1717986918400,000000000110
K23_bipartite__b8__dual_gateway,17,five_move_reduced,B0|B5|B7,20340965117881/6871947673600,True,1,1,6940667415211/6871947673600,000000010110
K23_bipartite__b8__dual_gateway,17,five_move_reduced,B1|B5|B7,9929964390377/3435973836800,True,1,1,14499809589571/6871947673600,010000000110
K23_bipartite__b8__dual_gateway,17,five_move_reduced,B0|B1|B5|B7,6751688589887/1717986918400,True,1,1,206158431983/6871947673600,001011001000
K23_bipartite__b8__dual_gateway,17,five_move_reduced,B2|B5|B7,5033701671937/1717986918400,True,1,1,223338327367/1717986918400,000000001110
K23_bipartite__b8__dual_gateway,17,five_move_reduced,B0|B2|B5|B7,39325794829/13421772800,True,1,1,3298534750053/3435973836800,000100100000
K23_bipartite__b8__dual_gateway,17,five_move_reduced,B1|B2|B5|B7,13503377180699/3435973836800,True,1,1,206158428283/6871947673600,010000001110
K23_bipartite__b8__dual_gateway,17,five_move_reduced,B0|B1|B2|B5|B7,2482491097363/858993459200,True,1,1,3573412923597/3435973836800,001011000000
K23_bipartite__b8__dual_gateway,17,five_move_reduced,B3|B5|B7,2388001817101/858993459200,True,1,1,3796751117689/1717986918400,000010000110
K23_bipartite__b8__dual_gateway,17,five_move_reduced,B0|B3|B5|B7,5291399709517/1374389534720,True,1,1,1305670055909/6871947673600,000010010110
K23_bipartite__b8__dual_gateway,17,five_move_reduced,B1|B3|B5|B7,12987981105229/3435973836800,True,1,1,2267742730163/6871947673600,010010000110
K23_bipartite__b8__dual_gateway,17,five_move_reduced,B0|B1|B3|B5|B7,5222680232461/1717986918400,True,1,1,12438225291391/6871947673600,001001001000
K23_bipartite__b8__dual_gateway,17,five_move_reduced,B2|B3|B5|B7,6562710029363/1717986918400,True,1,1,223338327367/1717986918400,000010001110
K23_bipartite__b8__dual_gateway,17,five_move_reduced,B0|B2|B3|B5|B7,412316860457/137438953472,True,1,1,2817498679651/3435973836800,011001000000
K23_bipartite__b8__dual_gateway,17,five_move_reduced,B1|B2|B3|B5|B7,21096879359977/6871947673600,True,1,1,481036337245/274877906944,001001010000
K23_bipartite__b8__dual_gateway,17,five_move_reduced,B0|B1|B2|B3|B5|B7,34359738373/17179869184,True,1,1,9689446353301/3435973836800,001001000000
K23_bipartite__b8__dual_gateway,17,five_move_reduced,B4|B5|B7,1215475745043/429496729600,True,1,1,3796751117689/1717986918400,000001000110
K23_bipartite__b8__dual_gateway,17,five_move_reduced,B0|B4|B5|B7,5360119186293/1374389534720,True,1,1,618475288149/6871947673600,000001010110
K23_bipartite__b8__dual_gateway,17,five_move_reduced,B1|B4|B5|B7,13159779797169/3435973836800,True,1,1,1580547962403/6871947673600,010001000110
K23_bipartite__b8__dual_gateway,17,five_move_reduced,B0|B1|B4|B5|B7,5136780886491/1717986918400,True,1,1,13125420059151/6871947673600,001010001000
K23_bipartite__b8__dual_gateway,17,five_move_reduced,B2|B4|B5|B7,6648609375333/1717986918400,True,1,1,223338327367/1717986918400,000001001110
K23_bipartite__b8__dual_gateway,17,five_move_reduced,B0|B2|B4|B5|B7,2027224563897/687194767360,True,1,1,3161096063531/3435973836800,011010000000
K23_bipartite__b8__dual_gateway,17,five_move_reduced,B1|B2|B4|B5|B7,20753281976097/6871947673600,True,1,1,2542620639777/1374389534720,001010010000
K23_bipartite__b8__dual_gateway,17,five_move_reduced,B0|B1|B2|B4|B5|B7,335007449133/171798691840,True,1,1,10033043737181/3435973836800,001010000000
K23_bipartite__b8__dual_gateway,17,five_move_reduced,B3|B4|B5|B7,3195455668799/858993459200,True,1,1,618475290059/1374389534720,000011000110
K23_bipartite__b8__dual_gateway,17,five_move_reduced,B0|B3|B4|B5|B7,2130303778991/687194767360,True,1,1,11613591571259/6871947673600,011000001000
K23_bipartite__b8__dual_gateway,17,five_move_reduced,B1|B3|B4|B5|B7,21784074127037/6871947673600,True,1,1,2130303779401/1374389534720,001000011000
K23_bipartite__b8__dual_gateway,17,five_move_reduced,B0|B1|B3|B4|B5|B7,721554505813/343597383680,True,1,1,3281355043719/1717986918400,001000001000
K23_bipartite__b8__dual_gateway,17,five_move_reduced,B2|B3|B4|B5|B7,21509196220043/6871947673600,True,1,1,274877919453/274877906944,011000010000
K23_bipartite__b8__dual_gateway,17,five_move_reduced,B0|B2|B3|B4|B5|B7,7078106104633/3435973836800,True,1,1,6665789476167/3435973836800,011000000000
K23_bipartite__b8__dual_gateway,17,five_move_reduced,B1|B2|B3|B4|B5|B7,14637248546393/6871947673600,True,1,1,824633733345/274877906944,001000010000
K23_bipartite__b8__dual_gateway,17,five_move_reduced,B0|B1|B2|B3|B4|B5|B7,113816633369/107374182400,True,1,1,13537737149817/3435973836800,001000000000
K23_bipartite__b8__dual_gateway,17,five_move_reduced,B6|B7,41875931151/21474836480,True,1,1,3796751117689/1717986918400,001000000010
K23_bipartite__b8__dual_gateway,17,five_move_reduced,B0|B6|B7,20753281979097/6871947673600,True,1,1,2542620638577/1374389534720,001000010010
K23_bipartite__b8__dual_gateway,17,five_move_reduced,B1|B6|B7,2027224564197/687194767360,True,1,1,6665789476167/3435973836800,011000000010
K23_bipartite__b8__dual_gateway,17,five_move_reduced,B0|B1|B6|B7,6648609374583/1717986918400,True,1,1,206158430883/1374389534720,000011001100
K23_bipartite__b8__dual_gateway,17,five_move_reduced,B2|B6|B7,5136780887241/1717986918400,True,1,1,223338327367/1717986918400,001000001010
K23_bipartite__b8__dual_gateway,17,five_move_reduced,B0|B2|B6|B7,13159779795669/3435973836800,True,1,1,1580547968403/6871947673600,010011000100
K23_bipartite__b8__dual_gateway,17,five_move_reduced,B1|B2|B6|B7,5360119185693/1374389534720,True,1,1,618475294149/6871947673600,000011010100
K23_bipartite__b8__dual_gateway,17,five_move_reduced,B0|B1|B2|B6|B7,2430951489711/858993459200,True,1,1,910533094677/858993459200,000011000100
K23_bipartite__b8__dual_gateway,17,five_move_reduced,B3|B6|B7,2439541424753/858993459200,True,1,1,15187004355031/6871947673600,001010000010
K23_bipartite__b8__dual_gateway,17,five_move_reduced,B0|B3|B6|B7,26869315408801/6871947673600,True,1,1,481036333477/6871947673600,001010010010
K23_bipartite__b8__dual_gateway,17,five_move_reduced,B1|B3|B6|B7,13194139535837/3435973836800,True,1,1,1443109007731/6871947673600,011010000010
K23_bipartite__b8__dual_gateway,17,five_move_reduced,B0|B1|B3|B6|B7,5119601017157/1717986918400,True,1,1,3281355043719/1717986918400,000001001100
K23_bipartite__b8__dual_gateway,17,five_move_reduced,B2|B3|B6|B7,6665789244667/1717986918400,True,1,1,893353193743/6871947673600,001010001010
K23_bipartite__b8__dual_gateway,17,five_move_reduced,B0|B2|B3|B6|B7,10101763080817/3435973836800,True,1,1,13812614827811/6871947673600,010001000100
K23_bipartite__b8__dual_gateway,17,five_move_reduced,B1|B2|B3|B6|B7,20684562498761/6871947673600,True,1,1,1511828559707/1374389534720,000001010100
K23_bipartite__b8__dual_gateway,17,five_move_reduced,B0|B1|B2|B3|B6|B7,833223655499/429496729600,True,1,1,2439541452103/858993459200,000001000100
K23_bipartite__b8__dual_gateway,17,five_move_reduced,B4|B6|B7,1241245548869/429496729600,True,1,1,14499809587271/6871947673600,001001000010
K23_bipartite__b8__dual_gateway,17,five_move_reduced,B0|B4|B6|B7,13503377179199/3435973836800,True,1,1,206158434283/6871947673600,010010001100
K23_bipartite__b8__dual_gateway,17,five_move_reduced,B1|B4|B6|B7,13365938227777/3435973836800,True,1,1,755914239971/6871947673600,011001000010
K23_bipartite__b8__dual_gateway,17,five_move_reduced,B0|B1|B4|B6|B7,5033701671187/1717986918400,True,1,1,3281355043719/1717986918400,000010001100
K23_bipartite__b8__dual_gateway,17,five_move_reduced,B2|B4|B6|B7,6751688590637/1717986918400,True,1,1,206158425983/6871947673600,001001001010
K23_bipartite__b8__dual_gateway,17,five_move_reduced,B0|B2|B4|B6|B7,9929964388877/3435973836800,True,1,1,14499809595571/6871947673600,010010000100
K23_bipartite__b8__dual_gateway,17,five_move_reduced,B1|B2|B4|B6|B7,20340965114881/6871947673600,True,1,1,1511828559707/1374389534720,000010010100
K23_bipartite__b8__dual_gateway,17,five_move_reduced,B0|B1|B2|B4|B6|B7,1623497638013/858993459200,True,1,1,2525440798073/858993459200,000010000100
K23_bipartite__b8__dual_gateway,17,five_move_reduced,B3|B4|B6|B7,3246995276451/858993459200,True,1,1,2267742727863/6871947673600,001011000010
K23_bipartite__b8__dual_gateway,17,five_move_reduced,B0|B3|B4|B6|B7,10445360464347/3435973836800,True,1,1,12438225293691/6871947673600,010000001100
K23_bipartite__b8__dual_gateway,17,five_move_reduced,B1|B3|B4|B6|B7,21371757265821/6871947673600,True,1,1,4879083119331/6871947673600,000000011100
K23_bipartite__b8__dual_gateway,17,five_move_reduced,B0|B1|B3|B4|B6|B7,3504693313761/1717986918400,True,1,1,3281355043719/1717986918400,000000001100
K23_bipartite__b8__dual_gateway,17,five_move_reduced,B2|B3|B4|B6|B7,21096879358827/6871947673600,True,1,1,1511828559707/1374389534720,010000010100
K23_bipartite__b8__dual_gateway,17,five_move_reduced,B0|B2|B3|B4|B6|B7,274877906961/137438953472,True,1,1,22265110820089/6871947673600,010000000100
K23_bipartite__b8__dual_gateway,17,five_move_reduced,B1|B2|B3|B4|B6|B7,14224931685177/6871947673600,True,1,1,1511828559707/1374389534720,000000010100
K23_bipartite__b8__dual_gateway,17,five_move_reduced,B0|B1|B2|B3|B4|B6|B7,8589934593/8589934592,True,1,1,22265110820089/6871947673600,000000000100
K23_bipartite__b8__dual_gateway,17,five_move_reduced,B5|B6|B7,126701535267/42949672960,True,1,1,13675175865639/6871947673600,001000000110
K23_bipartite__b8__dual_gateway,17,five_move_reduced,B0|B5|B6|B7,13297218748791/3435973836800,True,1,1,206158431183/1374389534720,010011001000
K23_bipartite__b8__dual_gateway,17,five_move_reduced,B1|B5|B6|B7,27075473834709/6871947673600,True,1,1,68719481661/6871947673600,000011011000
K23_bipartite__b8__dual_gateway,17,five_move_reduced,B0|B1|B5|B6|B7,4930622455983/1717986918400,True,1,1,910533094677/858993459200,000011001000
K23_bipartite__b8__dual_gateway,17,five_move_reduced,B2|B5|B6|B7,5360119185543/1374389534720,True,1,1,618475295649/6871947673600,010011010000
K23_bipartite__b8__dual_gateway,17,five_move_reduced,B0|B2|B5|B6|B7,9723805958469/3435973836800,True,1,1,910533094677/858993459200,010011000000
K23_bipartite__b8__dual_gateway,17,five_move_reduced,B1|B2|B5|B6|B7,3985729650813/1374389534720,True,1,1,910533094677/858993459200,000011010000
K23_bipartite__b8__dual_gateway,17,five_move_reduced,B0|B1|B2|B5|B6|B7,1571958030411/858993459200,True,1,1,910533094677/858993459200,000011000000
K23_bipartite__b8__dual_gateway,17,five_move_reduced,B3|B5|B6|B7,3298534884053/858993459200,True,1,1,1443109006231/6871947673600,001010000110
K23_bipartite__b8__dual_gateway,17,five_move_reduced,B0|B3|B5|B6|B7,10239202033939/3435973836800,True,1,1,3281355043719/1717986918400,010001001000
K23_bipartite__b8__dual_gateway,17,five_move_reduced,B1|B3|B5|B6|B7,4191888081001/1374389534720,True,1,1,12300786341069/6871947673600,000001011000
K23_bipartite__b8__dual_gateway,17,five_move_reduced,B0|B1|B3|B5|B6|B7,3401614098557/1717986918400,True,1,1,3281355043719/1717986918400,000001001000
K23_bipartite__b8__dual_gateway,17,five_move_reduced,B2|B3|B5|B6|B7,20684562498011/6871947673600,True,1,1,12850542155057/6871947673600,010001010000
K23_bipartite__b8__dual_gateway,17,five_move_reduced,B0|B2|B3|B5|B6|B7,6665789243617/3435973836800,True,1,1,2439541452103/858993459200,010001000000
K23_bipartite__b8__dual_gateway,17,five_move_reduced,B1|B2|B3|B5|B6|B7,13812614824361/6871947673600,True,1,1,2439541452103/858993459200,000001010000
K23_bipartite__b8__dual_gateway,17,five_move_reduced,B0|B1|B2|B3|B5|B6|B7,403726925849/429496729600,True,1,1,2439541452103/858993459200,000001000000
K23_bipartite__b8__dual_gateway,17,five_move_reduced,B4|B5|B6|B7,1670742278519/429496729600,True,1,1,755914238471/6871947673600,001001000110
K23_bipartite__b8__dual_gateway,17,five_move_reduced,B0|B4|B5|B6|B7,10067403341999/3435973836800,True,1,1,3281355043719/1717986918400,010010001000
K23_bipartite__b8__dual_gateway,17,five_move_reduced,B1|B4|B5|B6|B7,824633720845/274877906944,True,1,1,12987981108829/6871947673600,000010011000
K23_bipartite__b8__dual_gateway,17,five_move_reduced,B0|B1|B4|B5|B6|B7,3315714752587/1717986918400,True,1,1,3281355043719/1717986918400,000010001000
K23_bipartite__b8__dual_gateway,17,five_move_reduced,B2|B4|B5|B6|B7,20340965114131/6871947673600,True,1,1,13537736922817/6871947673600,010010010000
K23_bipartite__b8__dual_gateway,17,five_move_reduced,B0|B2|B4|B5|B6|B7,6493990551677/3435973836800,True,1,1,2525440798073/858993459200,010010000000
K23_bipartite__b8__dual_gateway,17,five_move_reduced,B1|B2|B4|B5|B6|B7,13469017440481/6871947673600,True,1,1,2525440798073/858993459200,000010010000
K23_bipartite__b8__dual_gateway,17,five_move_reduced,B0|B1|B2|B4|B5|B6|B7,764504178713/858993459200,True,1,1,2525440798073/858993459200,000010000000
K23_bipartite__b8__dual_gateway,17,five_move_reduced,B3|B4|B5|B6|B7,21371757265071/6871947673600,True,1,1,11476152620937/6871947673600,010000011000
K23_bipartite__b8__dual_gateway,17,five_move_reduced,B0|B3|B4|B5|B6|B7,7009386627147/3435973836800,True,1,1,3281355043719/1717986918400,010000001000
K23_bipartite__b8__dual_gateway,17,five_move_reduced,B1|B3|B4|B5|B6|B7,14499809591421/6871947673600,True,1,1,3281355043719/1717986918400,000000011000
K23_bipartite__b8__dual_gateway,17,five_move_reduced,B0|B1|B3|B4|B5|B6|B7,1786706395161/1717986918400,True,1,1,3281355043719/1717986918400,000000001000
K23_bipartite__b8__dual_gateway,17,five_move_reduced,B2|B3|B4|B5|B6|B7,14224931684427/6871947673600,True,1,1,4260607629467/1374389534720,010000010000
K23_bipartite__b8__dual_gateway,17,five_move_reduced,B0|B2|B3|B4|B5|B6|B7,137438953473/137438953472,True,1,1,6854767834041/1717986918400,010000000000
K23_bipartite__b8__dual_gateway,17,five_move_reduced,B1|B2|B3|B4|B5|B6|B7,7352984010777/6871947673600,True,1,1,4260607629467/1374389534720,000000010000
K23_bipartite__b8__dual_gateway,31,raw,B0,7421703487513/6871947673600,True,1,1,4260607629467/1374389534720,10000000000000
K23_bipartite__b8__dual_gateway,31,raw,B1,3745211482137/3435973836800,True,1,1,1408749279003/687194767360,01000000000000
K23_bipartite__b8__dual_gateway,31,raw,B0|B1,14912126451787/6871947673600,True,1,1,1408749279003/687194767360,11000000000000
K23_bipartite__b8__dual_gateway,31,raw,B2,1786706395161/1717986918400,True,1,1,3195455697799/1717986918400,00100000000000
K23_bipartite__b8__dual_gateway,31,raw,B0|B2,14568529068157/6871947673600,True,1,1,3195455697799/1717986918400,10100000000000
K23_bipartite__b8__dual_gateway,31,raw,B1|B2,7318624272459/3435973836800,True,1,1,3195455697799/1717986918400,01100000000000
K23_bipartite__b8__dual_gateway,31,raw,B0|B1|B2,22058952032431/6871947673600,True,1,1,12300786341769/6871947673600,11100000000000
K23_bipartite__b8__dual_gateway,31,raw,B3,841813590041/858993459200,True,1,1,206158435963/171798691840,00010000000000
K23_bipartite__b8__dual_gateway,31,raw,B0|B3,14156212207841/6871947673600,True,1,1,206158435963/171798691840,10010000000000
K23_bipartite__b8__dual_gateway,31,raw,B1|B3,7112465842301/3435973836800,True,1,1,206158435963/171798691840,01010000000000
K23_bipartite__b8__dual_gateway,31,raw,B0|B1|B3,4329327034423/1374389534720,True,1,1,206158435963/171798691840,11010000000000
K23_bipartite__b8__dual_gateway,31,raw,B2|B3,3470333575243/1717986918400,True,1,1,206158435963/171798691840,00110000000000
K23_bipartite__b8__dual_gateway,31,raw,B0|B2|B3,4260607557697/1374389534720,True,1,1,206158435963/171798691840,10110000000000
K23_bipartite__b8__dual_gateway,31,raw,B1|B2|B3,10685878632623/3435973836800,True,1,1,206158435963/171798691840,01110000000000
K23_bipartite__b8__dual_gateway,31,raw,B0|B1|B2|B3,1726576853367/429496729600,True,1,1,1168231098887/6871947673600,00001111000000
K23_bipartite__b8__dual_gateway,31,raw,B4,438086664217/429496729600,True,1,1,953482742487/429496729600,00001000000000
K23_bipartite__b8__dual_gateway,31,raw,B0|B4,2886218022997/1374389534720,True,1,1,953482742487/429496729600,10001000000000
K23_bipartite__b8__dual_gateway,31,raw,B1|B4,7249904795873/3435973836800,True,1,1,1408749279003/687194767360,01001000000000
K23_bipartite__b8__dual_gateway,31,raw,B0|B1|B4,21921513079259/6871947673600,True,1,1,12575664248113/6871947673600,11001000000000
K23_bipartite__b8__dual_gateway,31,raw,B2|B4,3539053052029/1717986918400,True,1,1,3195455697799/1717986918400,00101000000000
K23_bipartite__b8__dual_gateway,31,raw,B0|B2|B4,21577915695629/6871947673600,True,1,1,3195455697799/1717986918400,10101000000000
K23_bipartite__b8__dual_gateway,31,raw,B1|B2|B4,2164663517239/687194767360,True,1,1,6081673782861/3435973836800,01101000000000
K23_bipartite__b8__dual_gateway,31,raw,B0|B1|B2|B4,3418793968341/858993459200,True,1,1,68719476527/274877906944,00010111000000
K23_bipartite__b8__dual_gateway,31,raw,B3|B4,68719476739/34359738368,True,1,1,206158435963/171798691840,00011000000000
K23_bipartite__b8__dual_gateway,31,raw,B0|B3|B4,21165598835313/6871947673600,True,1,1,206158435963/171798691840,10011000000000
K23_bipartite__b8__dual_gateway,31,raw,B1|B3|B4,10617159156037/3435973836800,True,1,1,4020089523931/3435973836800,01011000000000
K23_bipartite__b8__dual_gateway,31,raw,B0|B1|B3|B4,6940667151761/1717986918400,True,1,1,34359743963/343597383680,00100111000000
K23_bipartite__b8__dual_gateway,31,raw,B2|B3|B4,5222680232111/1717986918400,True,1,1,1683627259057/1717986918400,00111000000000
K23_bipartite__b8__dual_gateway,31,raw,B0|B2|B3|B4,14053132995337/3435973836800,True,1,1,34359766343/3435973836800,01000111000000
K23_bipartite__b8__dual_gateway,31,raw,B1|B2|B3|B4,28037546513913/6871947673600,True,1,1,68719475761/1374389534720,10000111000000
K23_bipartite__b8__dual_gateway,31,raw,B0|B1|B2|B3|B4,25769803783/8589934592,True,1,1,3745211510137/1717986918400,00000111000000
K23_bipartite__b8__dual_gateway,31,raw,B5,47244640261/42949672960,True,1,1,21028160238841/6871947673600,00000100000000
K23_bipartite__b8__dual_gateway,31,raw,B0|B5,14980845929273/6871947673600,True,1,1,1236950652763/1374389534720,10000100000000
K23_bipartite__b8__dual_gateway,31,raw,B1|B5,7524782703017/3435973836800,True,1,1,1408749279003/687194767360,01000100000000
K23_bipartite__b8__dual_gateway,31,raw,B0|B1|B5,22471268893547/6871947673600,True,1,1,6116033743829/6871947673600,11000100000000
K23_bipartite__b8__dual_gateway,31,raw,B2|B5,3676492005601/1717986918400,True,1,1,3195455697799/1717986918400,00100100000000
K23_bipartite__b8__dual_gateway,31,raw,B0|B2|B5,22127671509917/6871947673600,True,1,1,1236950635463/1374389534720,10100100000000
K23_bipartite__b8__dual_gateway,31,raw,B1|B2|B5,11098195493339/3435973836800,True,1,1,481036337331/274877906944,01100100000000
K23_bipartite__b8__dual_gateway,31,raw,B0|B1|B2|B5,670014898311/171798691840,True,1,1,2817498541751/6871947673600,00011011000000
K23_bipartite__b8__dual_gateway,31,raw,B3|B5,1786706395261/858993459200,True,1,1,206158435963/171798691840,00010100000000
K23_bipartite__b8__dual_gateway,31,raw,B0|B3|B5,20266877103/6710886400,True,1,1,962072496129/6871947673600,00000000001110
K23_bipartite__b8__dual_gateway,31,raw,B1|B3|B5,10892037063181/3435973836800,True,1,1,206158435963/171798691840,01010100000000
K23_bipartite__b8__dual_gateway,31,raw,B0|B1|B3|B5,6803228198189/1717986918400,True,1,1,34359743963/343597383680,00101011000000
K23_bipartite__b8__dual_gateway,31,raw,B2|B3|B5,5360119185683/1717986918400,True,1,1,206158435963/171798691840,00110100000000
K23_bipartite__b8__dual_gateway,31,raw,B0|B2|B3|B5,13778255088193/3435973836800,True,1,1,34359766343/3435973836800,01001011000000
K23_bipartite__b8__dual_gateway,31,raw,B1|B2|B3|B5,1099511627985/274877906944,True,1,1,1443109007381/6871947673600,10001011000000
K23_bipartite__b8__dual_gateway,31,raw,B0|B1|B2|B3|B5,1254130450757/429496729600,True,1,1,3745211510137/1717986918400,00001011000000
K23_bipartite__b8__dual_gateway,31,raw,B4|B5,910533066827/429496729600,True,1,1,953482742487/429496729600,00001100000000
K23_bipartite__b8__dual_gateway,31,raw,B0|B4|B5,4398046511349/1374389534720,True,1,1,1236950652763/1374389534720,10001100000000
K23_bipartite__b8__dual_gateway,31,raw,B1|B4|B5,11029476016753/3435973836800,True,1,1,12300786339619/6871947673600,01001100000000
K23_bipartite__b8__dual_gateway,31,raw,B0|B1|B4|B5,6734508721403/1717986918400,True,1,1,34359743963/343597383680,00110011000000
K23_bipartite__b8__dual_gateway,31,raw,B2|B4|B5,5428838662469/1717986918400,True,1,1,3195455697799/1717986918400,00101100000000
K23_bipartite__b8__dual_gateway,31,raw,B0|B2|B4|B5,13640816134621/3435973836800,True,1,1,34359766343/3435973836800,01010011000000
K23_bipartite__b8__dual_gateway,31,raw,B1|B2|B4|B5,27212912792481/6871947673600,True,1,1,1992864821669/6871947673600,10010011000000
K23_bipartite__b8__dual_gateway,31,raw,B0|B1|B2|B4|B5,2473901163121/858993459200,True,1,1,206158435963/171798691840,00010011000000
K23_bipartite__b8__dual_gateway,31,raw,B3|B4|B5,532575944739/171798691840,True,1,1,206158435963/171798691840,00011100000000
K23_bipartite__b8__dual_gateway,31,raw,B0|B3|B4|B5,13846974564779/3435973836800,True,1,1,34359766343/3435973836800,01100011000000
K23_bipartite__b8__dual_gateway,31,raw,B1|B3|B4|B5,27625229652797/6871947673600,True,1,1,34359743963/343597383680,10100011000000
K23_bipartite__b8__dual_gateway,31,raw,B0|B1|B3|B4|B5,5050881541321/1717986918400,True,1,1,34359743963/343597383680,00100011000000
K23_bipartite__b8__dual_gateway,31,raw,B2|B3|B4|B5,27968827036427/6871947673600,True,1,1,34359766343/3435973836800,11000011000000
K23_bipartite__b8__dual_gateway,31,raw,B0|B2|B3|B4|B5,10273561774457/3435973836800,True,1,1,34359766343/3435973836800,01000011000000
K23_bipartite__b8__dual_gateway,31,raw,B1|B2|B3|B4|B5,20478404072153/6871947673600,True,1,1,3745211510137/1717986918400,10000011000000
K23_bipartite__b8__dual_gateway,31,raw,B0|B1|B2|B3|B4|B5,40802189327/21474836480,True,1,1,3745211510137/1717986918400,00000011000000
K23_bipartite__b8__dual_gateway,31,raw,B6,109521666073/107374182400,True,1,1,7524782730617/3435973836800,00000010000000
K23_bipartite__b8__dual_gateway,31,raw,B0|B6,2886218023237/1374389534720,True,1,1,7524782730617/3435973836800,10000010000000
K23_bipartite__b8__dual_gateway,31,raw,B1|B6,7249904796473/3435973836800,True,1,1,34359766343/3435973836800,01000010000000
K23_bipartite__b8__dual_gateway,31,raw,B0|B1|B6,21921513080459/6871947673600,True,1,1,34359766343/3435973836800,11000010000000
K23_bipartite__b8__dual_gateway,31,raw,B2|B6,3539053052329/1717986918400,True,1,1,3195455697799/1717986918400,00100010000000
K23_bipartite__b8__dual_gateway,31,raw,B0|B2|B6,21577915696829/6871947673600,True,1,1,3195455697799/1717986918400,10100010000000
K23_bipartite__b8__dual_gateway,31,raw,B1|B2|B6,2164663517359/687194767360,True,1,1,34359766343/3435973836800,01100010000000
K23_bipartite__b8__dual_gateway,31,raw,B0|B1|B2|B6,3418793968191/858993459200,True,1,1,68719476623/274877906944,00011101000000
K23_bipartite__b8__dual_gateway,31,raw,B3|B6,68719476745/34359738368,True,1,1,206158435963/171798691840,00010010000000
K23_bipartite__b8__dual_gateway,31,raw,B0|B3|B6,21165598836513/6871947673600,True,1,1,206158435963/171798691840,10010010000000
K23_bipartite__b8__dual_gateway,31,raw,B1|B3|B6,10617159156637/3435973836800,True,1,1,34359766343/3435973836800,01010010000000
K23_bipartite__b8__dual_gateway,31,raw,B0|B1|B3|B6,6940667151461/1717986918400,True,1,1,34359743963/343597383680,00101101000000
K23_bipartite__b8__dual_gateway,31,raw,B2|B3|B6,5222680232411/1717986918400,True,1,1,206158435963/171798691840,00110010000000
K23_bipartite__b8__dual_gateway,31,raw,B0|B2|B3|B6,14053132994737/3435973836800,True,1,1,206158427683/6871947673600,01001101000000
K23_bipartite__b8__dual_gateway,31,raw,B1|B2|B3|B6,28037546512713/6871947673600,True,1,1,68719476241/1374389534720,10001101000000
K23_bipartite__b8__dual_gateway,31,raw,B0|B1|B2|B3|B6,51539607563/17179869184,True,1,1,3745211510137/1717986918400,00001101000000
K23_bipartite__b8__dual_gateway,31,raw,B4|B6,876173328509/429496729600,True,1,1,7524782730617/3435973836800,00001010000000
K23_bipartite__b8__dual_gateway,31,raw,B0|B4|B6,21440476743657/6871947673600,True,1,1,13537736919317/6871947673600,10001010000000
K23_bipartite__b8__dual_gateway,31,raw,B1|B4|B6,10754598110209/3435973836800,True,1,1,34359766343/3435973836800,01001010000000
K23_bipartite__b8__dual_gateway,31,raw,B0|B1|B4|B6,274877906987/68719476736,True,1,1,34359743963/343597383680,00110101000000
K23_bipartite__b8__dual_gateway,31,raw,B2|B4|B6,5291399709197/1717986918400,True,1,1,3195455697799/1717986918400,00101010000000
K23_bipartite__b8__dual_gateway,31,raw,B0|B2|B4|B6,2783138808233/687194767360,True,1,1,755914241971/6871947673600,01010101000000
K23_bipartite__b8__dual_gateway,31,raw,B1|B2|B4|B6,41875931421/10737418240,True,1,1,962072496129/6871947673600,00000001001110
K23_bipartite__b8__dual_gateway,31,raw,B0|B1|B2|B4|B6,2542620639757/858993459200,True,1,1,206158435963/171798691840,00010101000000
K23_bipartite__b8__dual_gateway,31,raw,B3|B4|B6,2594160247059/858993459200,True,1,1,206158435963/171798691840,00011010000000
K23_bipartite__b8__dual_gateway,31,raw,B0|B3|B4|B6,5634997092797/1374389534720,True,1,1,68719478661/6871947673600,10011010000000
K23_bipartite__b8__dual_gateway,31,raw,B1|B3|B4|B6,43486544397/13421772800,True,1,1,5909874734621/6871947673600,00000000010101
K23_bipartite__b8__dual_gateway,31,raw,B0|B1|B3|B4|B6,5188320494593/1717986918400,True,1,1,34359743963/343597383680,00100101000000
K23_bipartite__b8__dual_gateway,31,raw,B2|B3|B4|B6,6975026889279/1717986918400,True,1,1,618475292399/6871947673600,00111010000000
K23_bipartite__b8__dual_gateway,31,raw,B0|B2|B3|B4|B6,10548439681001/3435973836800,True,1,1,1408749279003/687194767360,01000101000000
K23_bipartite__b8__dual_gateway,31,raw,B1|B2|B3|B4|B6,21028159885241/6871947673600,True,1,1,1236950652763/1374389534720,10000101000000
K23_bipartite__b8__dual_gateway,31,raw,B0|B1|B2|B3|B4|B6,425201762429/214748364800,True,1,1,3745211510137/1717986918400,00000101000000
K23_bipartite__b8__dual_gateway,31,raw,B5|B6,455266533451/214748364800,True,1,1,7524782730617/3435973836800,00000110000000
K23_bipartite__b8__dual_gateway,31,raw,B0|B5|B6,4398046511589/1374389534720,True,1,1,1236950652763/1374389534720,10000110000000
K23_bipartite__b8__dual_gateway,31,raw,B1|B5|B6,11029476017353/3435973836800,True,1,1,34359766343/3435973836800,01000110000000
K23_bipartite__b8__dual_gateway,31,raw,B0|B1|B5|B6,84288734409/26843545600,True,1,1,1340029718927/1717986918400,00000000100011
K23_bipartite__b8__dual_gateway,31,raw,B2|B5|B6,5428838662769/1717986918400,True,1,1,3195455697799/1717986918400,00100110000000
K23_bipartite__b8__dual_gateway,31,raw,B0|B2|B5|B6,13640816134021/3435973836800,True,1,1,1855425870547/6871947673600,01011001000000
K23_bipartite__b8__dual_gateway,31,raw,B1|B2|B5|B6,27212912791281/6871947673600,True,1,1,1992864824069/6871947673600,10011001000000
K23_bipartite__b8__dual_gateway,31,raw,B0|B1|B2|B5|B6,2473901162971/858993459200,True,1,1,206158435963/171798691840,00011001000000
K23_bipartite__b8__dual_gateway,31,raw,B3|B5|B6,532575944769/171798691840,True,1,1,206158435963/171798691840,00010110000000
K23_bipartite__b8__dual_gateway,31,raw,B0|B3|B5|B6,13846974564179/3435973836800,True,1,1,34359826893/3435973836800,01101001000000
K23_bipartite__b8__dual_gateway,31,raw,B1|B3|B5|B6,27625229651597/6871947673600,True,1,1,34359743963/343597383680,10101001000000
K23_bipartite__b8__dual_gateway,31,raw,B0|B1|B3|B5|B6,5050881541021/1717986918400,True,1,1,34359743963/343597383680,00101001000000
K23_bipartite__b8__dual_gateway,31,raw,B2|B3|B5|B6,27968827035227/6871947673600,True,1,1,481036336177/6871947673600,11001001000000
K23_bipartite__b8__dual_gateway,31,raw,B0|B2|B3|B5|B6,10273561773857/3435973836800,True,1,1,1408749279003/687194767360,01001001000000
K23_bipartite__b8__dual_gateway,31,raw,B1|B2|B3|B5|B6,20478404070953/6871947673600,True,1,1,3745211510137/1717986918400,10001001000000
K23_bipartite__b8__dual_gateway,31,raw,B0|B1|B2|B3|B5|B6,163208757293/85899345920,True,1,1,3745211510137/1717986918400,00001001000000
K23_bipartite__b8__dual_gateway,31,raw,B4|B5|B6,1348619731119/429496729600,True,1,1,13262859010823/6871947673600,00001110000000
K23_bipartite__b8__dual_gateway,31,raw,B0|B4|B5|B6,13709535610607/3435973836800,True,1,1,34359743963/343597383680,01110001000000
K23_bipartite__b8__dual_gateway,31,raw,B1|B4|B5|B6,27350351744453/6871947673600,True,1,1,34359743963/343597383680,10110001000000
K23_bipartite__b8__dual_gateway,31,raw,B0|B1|B4|B5|B6,996432412847/343597383680,True,1,1,34359743963/343597383680,00110001000000
K23_bipartite__b8__dual_gateway,31,raw,B2|B4|B5|B6,27693949128083/6871947673600,True,1,1,206158430093/1374389534720,11010001000000
K23_bipartite__b8__dual_gateway,31,raw,B0|B2|B4|B5|B6,2027224564057/687194767360,True,1,1,206158435963/171798691840,01010001000000
K23_bipartite__b8__dual_gateway,31,raw,B1|B2|B4|B5|B6,20203526163809/6871947673600,True,1,1,206158435963/171798691840,10010001000000
K23_bipartite__b8__dual_gateway,31,raw,B0|B1|B2|B4|B5|B6,1597727834537/858993459200,True,1,1,206158435963/171798691840,00010001000000
K23_bipartite__b8__dual_gateway,31,raw,B3|B4|B5|B6,28106265988399/6871947673600,True,1,1,206158429833/6871947673600,11100001000000
K23_bipartite__b8__dual_gateway,31,raw,B0|B3|B4|B5|B6,10342281250443/3435973836800,True,1,1,34359743963/343597383680,01100001000000
K23_bipartite__b8__dual_gateway,31,raw,B1|B3|B4|B5|B6,824633720965/274877906944,True,1,1,34359743963/343597383680,10100001000000
K23_bipartite__b8__dual_gateway,31,raw,B0|B1|B3|B4|B5|B6,3298534884153/1717986918400,True,1,1,34359743963/343597383680,00100001000000
K23_bipartite__b8__dual_gateway,31,raw,B2|B3|B4|B5|B6,4191888081551/1374389534720,True,1,1,1408749279003/687194767360,11000001000000
K23_bipartite__b8__dual_gateway,31,raw,B0|B2|B3|B4|B5|B6,6768868460121/3435973836800,True,1,1,1408749279003/687194767360,01000001000000
K23_bipartite__b8__dual_gateway,31,raw,B1|B2|B3|B4|B5|B6,13469017443481/6871947673600,True,1,1,3745211510137/1717986918400,10000001000000
K23_bipartite__b8__dual_gateway,31,raw,B0|B1|B2|B3|B4|B5|B6,47244640281/53687091200,True,1,1,3745211510137/1717986918400,00000001000000
K23_bipartite__b8__dual_gateway,31,raw,B7,47244640281/53687091200,True,1,1,3745211510137/1717986918400,00000001000000
K23_bipartite__b8__dual_gateway,31,raw,B0|B7,13469017443481/6871947673600,True,1,1,3745211510137/1717986918400,10000001000000
K23_bipartite__b8__dual_gateway,31,raw,B1|B7,6768868460121/3435973836800,True,1,1,1408749279003/687194767360,01000001000000
K23_bipartite__b8__dual_gateway,31,raw,B0|B1|B7,4191888081551/1374389534720,True,1,1,1408749279003/687194767360,11000001000000
K23_bipartite__b8__dual_gateway,31,raw,B2|B7,3298534884153/1717986918400,True,1,1,34359743963/343597383680,00100001000000
K23_bipartite__b8__dual_gateway,31,raw,B0|B2|B7,824633720965/274877906944,True,1,1,34359743963/343597383680,10100001000000
K23_bipartite__b8__dual_gateway,31,raw,B1|B2|B7,10342281250443/3435973836800,True,1,1,34359743963/343597383680,01100001000000
K23_bipartite__b8__dual_gateway,31,raw,B0|B1|B2|B7,28106265988399/6871947673600,True,1,1,206158429833/6871947673600,11100001000000
K23_bipartite__b8__dual_gateway,31,raw,B3|B7,1597727834537/858993459200,True,1,1,206158435963/171798691840,00010001000000
K23_bipartite__b8__dual_gateway,31,raw,B0|B3|B7,20203526163809/6871947673600,True,1,1,206158435963/171798691840,10010001000000
K23_bipartite__b8__dual_gateway,31,raw,B1|B3|B7,2027224564057/687194767360,True,1,1,206158435963/171798691840,01010001000000
K23_bipartite__b8__dual_gateway,31,raw,B0|B1|B3|B7,27693949128083/6871947673600,True,1,1,206158430093/1374389534720,11010001000000
K23_bipartite__b8__dual_gateway,31,raw,B2|B3|B7,996432412847/343597383680,True,1,1,34359743963/343597383680,00110001000000
K23_bipartite__b8__dual_gateway,31,raw,B0|B2|B3|B7,27350351744453/6871947673600,True,1,1,34359743963/343597383680,10110001000000
K23_bipartite__b8__dual_gateway,31,raw,B1|B2|B3|B7,13709535610607/3435973836800,True,1,1,34359743963/343597383680,01110001000000
K23_bipartite__b8__dual_gateway,31,raw,B0|B1|B2|B3|B7,1348619731119/429496729600,True,1,1,13262859010823/6871947673600,00001110000000
K23_bipartite__b8__dual_gateway,31,raw,B4|B7,163208757293/85899345920,True,1,1,3745211510137/1717986918400,00001001000000
K23_bipartite__b8__dual_gateway,31,raw,B0|B4|B7,20478404070953/6871947673600,True,1,1,3745211510137/1717986918400,10001001000000
K23_bipartite__b8__dual_gateway,31,raw,B1|B4|B7,10273561773857/3435973836800,True,1,1,1408749279003/687194767360,01001001000000
K23_bipartite__b8__dual_gateway,31,raw,B0|B1|B4|B7,27968827035227/6871947673600,True,1,1,481036336177/6871947673600,11001001000000
K23_bipartite__b8__dual_gateway,31,raw,B2|B4|B7,5050881541021/1717986918400,True,1,1,34359743963/343597383680,00101001000000
K23_bipartite__b8__dual_gateway,31,raw,B0|B2|B4|B7,27625229651597/6871947673600,True,1,1,34359743963/343597383680,10101001000000
K23_bipartite__b8__dual_gateway,31,raw,B1|B2|B4|B7,13846974564179/3435973836800,True,1,1,34359826893/3435973836800,01101001000000
K23_bipartite__b8__dual_gateway,31,raw,B0|B1|B2|B4|B7,532575944769/171798691840,True,1,1,206158435963/171798691840,00010110000000
K23_bipartite__b8__dual_gateway,31,raw,B3|B4|B7,2473901162971/858993459200,True,1,1,206158435963/171798691840,00011001000000
K23_bipartite__b8__dual_gateway,31,raw,B0|B3|B4|B7,27212912791281/6871947673600,True,1,1,1992864824069/6871947673600,10011001000000
K23_bipartite__b8__dual_gateway,31,raw,B1|B3|B4|B7,13640816134021/3435973836800,True,1,1,1855425870547/6871947673600,01011001000000
K23_bipartite__b8__dual_gateway,31,raw,B0|B1|B3|B4|B7,5428838662769/1717986918400,True,1,1,3195455697799/1717986918400,00100110000000
K23_bipartite__b8__dual_gateway,31,raw,B2|B3|B4|B7,84288734409/26843545600,True,1,1,1340029718927/1717986918400,00000000100011
K23_bipartite__b8__dual_gateway,31,raw,B0|B2|B3|B4|B7,11029476017353/3435973836800,True,1,1,34359766343/3435973836800,01000110000000
K23_bipartite__b8__dual_gateway,31,raw,B1|B2|B3|B4|B7,4398046511589/1374389534720,True,1,1,1236950652763/1374389534720,10000110000000
K23_bipartite__b8__dual_gateway,31,raw,B0|B1|B2|B3|B4|B7,455266533451/214748364800,True,1,1,7524782730617/3435973836800,00000110000000
K23_bipartite__b8__dual_gateway,31,raw,B5|B7,425201762429/214748364800,True,1,1,3745211510137/1717986918400,00000101000000
K23_bipartite__b8__dual_gateway,31,raw,B0|B5|B7,21028159885241/6871947673600,True,1,1,1236950652763/1374389534720,10000101000000
K23_bipartite__b8__dual_gateway,31,raw,B1|B5|B7,10548439681001/3435973836800,True,1,1,1408749279003/687194767360,01000101000000
K23_bipartite__b8__dual_gateway,31,raw,B0|B1|B5|B7,6975026889279/1717986918400,True,1,1,618475292399/6871947673600,00111010000000
K23_bipartite__b8__dual_gateway,31,raw,B2|B5|B7,5188320494593/1717986918400,True,1,1,34359743963/343597383680,00100101000000
K23_bipartite__b8__dual_gateway,31,raw,B0|B2|B5|B7,43486544397/13421772800,True,1,1,5909874734621/6871947673600,00000000010101
K23_bipartite__b8__dual_gateway,31,raw,B1|B2|B5|B7,5634997092797/1374389534720,True,1,1,68719478661/6871947673600,10011010000000
K23_bipartite__b8__dual_gateway,31,raw,B0|B1|B2|B5|B7,2594160247059/858993459200,True,1,1,206158435963/171798691840,00011010000000
K23_bipartite__b8__dual_gateway,31,raw,B3|B5|B7,2542620639757/858993459200,True,1,1,206158435963/171798691840,00010101000000
K23_bipartite__b8__dual_gateway,31,raw,B0|B3|B5|B7,41875931421/10737418240,True,1,1,962072496129/6871947673600,00000001001110
K23_bipartite__b8__dual_gateway,31,raw,B1|B3|B5|B7,2783138808233/687194767360,True,1,1,755914241971/6871947673600,01010101000000
K23_bipartite__b8__dual_gateway,31,raw,B0|B1|B3|B5|B7,5291399709197/1717986918400,True,1,1,3195455697799/1717986918400,00101010000000
K23_bipartite__b8__dual_gateway,31,raw,B2|B3|B5|B7,274877906987/68719476736,True,1,1,34359743963/343597383680,00110101000000
K23_bipartite__b8__dual_gateway,31,raw,B0|B2|B3|B5|B7,10754598110209/3435973836800,True,1,1,34359766343/3435973836800,01001010000000
K23_bipartite__b8__dual_gateway,31,raw,B1|B2|B3|B5|B7,21440476743657/6871947673600,True,1,1,13537736919317/6871947673600,10001010000000
K23_bipartite__b8__dual_gateway,31,raw,B0|B1|B2|B3|B5|B7,876173328509/429496729600,True,1,1,7524782730617/3435973836800,00001010000000
K23_bipartite__b8__dual_gateway,31,raw,B4|B5|B7,51539607563/17179869184,True,1,1,3745211510137/1717986918400,00001101000000
K23_bipartite__b8__dual_gateway,31,raw,B0|B4|B5|B7,28037546512713/6871947673600,True,1,1,68719476241/1374389534720,10001101000000
K23_bipartite__b8__dual_gateway,31,raw,B1|B4|B5|B7,14053132994737/3435973836800,True,1,1,206158427683/6871947673600,01001101000000
K23_bipartite__b8__dual_gateway,31,raw,B0|B1|B4|B5|B7,5222680232411/1717986918400,True,1,1,206158435963/171798691840,00110010000000
K23_bipartite__b8__dual_gateway,31,raw,B2|B4|B5|B7,6940667151461/1717986918400,True,1,1,34359743963/343597383680,00101101000000
K23_bipartite__b8__dual_gateway,31,raw,B0|B2|B4|B5|B7,10617159156637/3435973836800,True,1,1,34359766343/3435973836800,01010010000000
K23_bipartite__b8__dual_gateway,31,raw,B1|B2|B4|B5|B7,21165598836513/6871947673600,True,1,1,206158435963/171798691840,10010010000000
K23_bipartite__b8__dual_gateway,31,raw,B0|B1|B2|B4|B5|B7,68719476745/34359738368,True,1,1,206158435963/171798691840,00010010000000
K23_bipartite__b8__dual_gateway,31,raw,B3|B4|B5|B7,3418793968191/858993459200,True,1,1,68719476623/274877906944,00011101000000
K23_bipartite__b8__dual_gateway,31,raw,B0|B3|B4|B5|B7,2164663517359/687194767360,True,1,1,34359766343/3435973836800,01100010000000
K23_bipartite__b8__dual_gateway,31,raw,B1|B3|B4|B5|B7,21577915696829/6871947673600,True,1,1,3195455697799/1717986918400,10100010000000
K23_bipartite__b8__dual_gateway,31,raw,B0|B1|B3|B4|B5|B7,3539053052329/1717986918400,True,1,1,3195455697799/1717986918400,00100010000000
K23_bipartite__b8__dual_gateway,31,raw,B2|B3|B4|B5|B7,21921513080459/6871947673600,True,1,1,34359766343/3435973836800,11000010000000
K23_bipartite__b8__dual_gateway,31,raw,B0|B2|B3|B4|B5|B7,7249904796473/3435973836800,True,1,1,34359766343/3435973836800,01000010000000
K23_bipartite__b8__dual_gateway,31,raw,B1|B2|B3|B4|B5|B7,2886218023237/1374389534720,True,1,1,7524782730617/3435973836800,10000010000000
K23_bipartite__b8__dual_gateway,31,raw,B0|B1|B2|B3|B4|B5|B7,109521666073/107374182400,True,1,1,7524782730617/3435973836800,00000010000000
K23_bipartite__b8__dual_gateway,31,raw,B6|B7,40802189327/21474836480,True,1,1,3745211510137/1717986918400,00000011000000
K23_bipartite__b8__dual_gateway,31,raw,B0|B6|B7,20478404072153/6871947673600,True,1,1,3745211510137/1717986918400,10000011000000
K23_bipartite__b8__dual_gateway,31,raw,B1|B6|B7,10273561774457/3435973836800,True,1,1,34359766343/3435973836800,01000011000000
K23_bipartite__b8__dual_gateway,31,raw,B0|B1|B6|B7,27968827036427/6871947673600,True,1,1,34359766343/3435973836800,11000011000000
K23_bipartite__b8__dual_gateway,31,raw,B2|B6|B7,5050881541321/1717986918400,True,1,1,34359743963/343597383680,00100011000000
K23_bipartite__b8__dual_gateway,31,raw,B0|B2|B6|B7,27625229652797/6871947673600,True,1,1,34359743963/343597383680,10100011000000
K23_bipartite__b8__dual_gateway,31,raw,B1|B2|B6|B7,13846974564779/3435973836800,True,1,1,34359766343/3435973836800,01100011000000
K23_bipartite__b8__dual_gateway,31,raw,B0|B1|B2|B6|B7,532575944739/171798691840,True,1,1,206158435963/171798691840,00011100000000
K23_bipartite__b8__dual_gateway,31,raw,B3|B6|B7,2473901163121/858993459200,True,1,1,206158435963/171798691840,00010011000000
K23_bipartite__b8__dual_gateway,31,raw,B0|B3|B6|B7,27212912792481/6871947673600,True,1,1,1992864821669/6871947673600,10010011000000
K23_bipartite__b8__dual_gateway,31,raw,B1|B3|B6|B7,13640816134621/3435973836800,True,1,1,34359766343/3435973836800,01010011000000
K23_bipartite__b8__dual_gateway,31,raw,B0|B1|B3|B6|B7,5428838662469/1717986918400,True,1,1,3195455697799/1717986918400,00101100000000
K23_bipartite__b8__dual_gateway,31,raw,B2|B3|B6|B7,6734508721403/1717986918400,True,1,1,34359743963/343597383680,00110011000000
K23_bipartite__b8__dual_gateway,31,raw,B0|B2|B3|B6|B7,11029476016753/3435973836800,True,1,1,12300786339619/6871947673600,01001100000000
K23_bipartite__b8__dual_gateway,31,raw,B1|B2|B3|B6|B7,4398046511349/1374389534720,True,1,1,1236950652763/1374389534720,10001100000000
K23_bipartite__b8__dual_gateway,31,raw,B0|B1|B2|B3|B6|B7,910533066827/429496729600,True,1,1,953482742487/429496729600,00001100000000
K23_bipartite__b8__dual_gateway,31,raw,B4|B6|B7,1254130450757/429496729600,True,1,1,3745211510137/1717986918400,00001011000000
K23_bipartite__b8__dual_gateway,31,raw,B0|B4|B6|B7,1099511627985/274877906944,True,1,1,1443109007381/6871947673600,10001011000000
K23_bipartite__b8__dual_gateway,31,raw,B1|B4|B6|B7,13778255088193/3435973836800,True,1,1,34359766343/3435973836800,01001011000000
K23_bipartite__b8__dual_gateway,31,raw,B0|B1|B4|B6|B7,5360119185683/1717986918400,True,1,1,206158435963/171798691840,00110100000000
K23_bipartite__b8__dual_gateway,31,raw,B2|B4|B6|B7,6803228198189/1717986918400,True,1,1,34359743963/343597383680,00101011000000
K23_bipartite__b8__dual_gateway,31,raw,B0|B2|B4|B6|B7,10892037063181/3435973836800,True,1,1,206158435963/171798691840,01010100000000
K23_bipartite__b8__dual_gateway,31,raw,B1|B2|B4|B6|B7,20266877103/6710886400,True,1,1,962072496129/6871947673600,00000000001110
K23_bipartite__b8__dual_gateway,31,raw,B0|B1|B2|B4|B6|B7,1786706395261/858993459200,True,1,1,206158435963/171798691840,00010100000000
K23_bipartite__b8__dual_gateway,31,raw,B3|B4|B6|B7,670014898311/171798691840,True,1,1,2817498541751/6871947673600,00011011000000
K23_bipartite__b8__dual_gateway,31,raw,B0|B3|B4|B6|B7,11098195493339/3435973836800,True,1,1,481036337331/274877906944,01100100000000
K23_bipartite__b8__dual_gateway,31,raw,B1|B3|B4|B6|B7,22127671509917/6871947673600,True,1,1,1236950635463/1374389534720,10100100000000
K23_bipartite__b8__dual_gateway,31,raw,B0|B1|B3|B4|B6|B7,3676492005601/1717986918400,True,1,1,3195455697799/1717986918400,00100100000000
K23_bipartite__b8__dual_gateway,31,raw,B2|B3|B4|B6|B7,22471268893547/6871947673600,True,1,1,6116033743829/6871947673600,11000100000000
K23_bipartite__b8__dual_gateway,31,raw,B0|B2|B3|B4|B6|B7,7524782703017/3435973836800,True,1,1,1408749279003/687194767360,01000100000000
K23_bipartite__b8__dual_gateway,31,raw,B1|B2|B3|B4|B6|B7,14980845929273/6871947673600,True,1,1,1236950652763/1374389534720,10000100000000
K23_bipartite__b8__dual_gateway,31,raw,B0|B1|B2|B3|B4|B6|B7,47244640261/42949672960,True,1,1,21028160238841/6871947673600,00000100000000
K23_bipartite__b8__dual_gateway,31,raw,B5|B6|B7,25769803783/8589934592,True,1,1,3745211510137/1717986918400,00000111000000
K23_bipartite__b8__dual_gateway,31,raw,B0|B5|B6|B7,28037546513913/6871947673600,True,1,1,68719475761/1374389534720,10000111000000
K23_bipartite__b8__dual_gateway,31,raw,B1|B5|B6|B7,14053132995337/3435973836800,True,1,1,34359766343/3435973836800,01000111000000
K23_bipartite__b8__dual_gateway,31,raw,B0|B1|B5|B6|B7,5222680232111/1717986918400,True,1,1,1683627259057/1717986918400,00111000000000
K23_bipartite__b8__dual_gateway,31,raw,B2|B5|B6|B7,6940667151761/1717986918400,True,1,1,34359743963/343597383680,00100111000000
K23_bipartite__b8__dual_gateway,31,raw,B0|B2|B5|B6|B7,10617159156037/3435973836800,True,1,1,4020089523931/3435973836800,01011000000000
K23_bipartite__b8__dual_gateway,31,raw,B1|B2|B5|B6|B7,21165598835313/6871947673600,True,1,1,206158435963/171798691840,10011000000000
K23_bipartite__b8__dual_gateway,31,raw,B0|B1|B2|B5|B6|B7,68719476739/34359738368,True,1,1,206158435963/171798691840,00011000000000
K23_bipartite__b8__dual_gateway,31,raw,B3|B5|B6|B7,3418793968341/858993459200,True,1,1,68719476527/274877906944,00010111000000
K23_bipartite__b8__dual_gateway,31,raw,B0|B3|B5|B6|B7,2164663517239/687194767360,True,1,1,6081673782861/3435973836800,01101000000000
K23_bipartite__b8__dual_gateway,31,raw,B1|B3|B5|B6|B7,21577915695629/6871947673600,True,1,1,3195455697799/1717986918400,10101000000000
K23_bipartite__b8__dual_gateway,31,raw,B0|B1|B3|B5|B6|B7,3539053052029/1717986918400,True,1,1,3195455697799/1717986918400,00101000000000
K23_bipartite__b8__dual_gateway,31,raw,B2|B3|B5|B6|B7,21921513079259/6871947673600,True,1,1,12575664248113/6871947673600,11001000000000
K23_bipartite__b8__dual_gateway,31,raw,B0|B2|B3|B5|B6|B7,7249904795873/3435973836800,True,1,1,1408749279003/687194767360,01001000000000
K23_bipartite__b8__dual_gateway,31,raw,B1|B2|B3|B5|B6|B7,2886218022997/1374389534720,True,1,1,953482742487/429496729600,10001000000000
K23_bipartite__b8__dual_gateway,31,raw,B0|B1|B2|B3|B5|B6|B7,438086664217/429496729600,True,1,1,953482742487/429496729600,00001000000000
K23_bipartite__b8__dual_gateway,31,raw,B4|B5|B6|B7,1726576853367/429496729600,True,1,1,1168231098887/6871947673600,00001111000000
K23_bipartite__b8__dual_gateway,31,raw,B0|B4|B5|B6|B7,10685878632623/3435973836800,True,1,1,206158435963/171798691840,01110000000000
K23_bipartite__b8__dual_gateway,31,raw,B1|B4|B5|B6|B7,4260607557697/1374389534720,True,1,1,206158435963/171798691840,10110000000000
K23_bipartite__b8__dual_gateway,31,raw,B0|B1|B4|B5|B6|B7,3470333575243/1717986918400,True,1,1,206158435963/171798691840,00110000000000
K23_bipartite__b8__dual_gateway,31,raw,B2|B4|B5|B6|B7,4329327034423/1374389534720,True,1,1,206158435963/171798691840,11010000000000
K23_bipartite__b8__dual_gateway,31,raw,B0|B2|B4|B5|B6|B7,7112465842301/3435973836800,True,1,1,206158435963/171798691840,01010000000000
K23_bipartite__b8__dual_gateway,31,raw,B1|B2|B4|B5|B6|B7,14156212207841/6871947673600,True,1,1,206158435963/171798691840,10010000000000
K23_bipartite__b8__dual_gateway,31,raw,B0|B1|B2|B4|B5|B6|B7,841813590041/858993459200,True,1,1,206158435963/171798691840,00010000000000
K23_bipartite__b8__dual_gateway,31,raw,B3|B4|B5|B6|B7,22058952032431/6871947673600,True,1,1,12300786341769/6871947673600,11100000000000
K23_bipartite__b8__dual_gateway,31,raw,B0|B3|B4|B5|B6|B7,7318624272459/3435973836800,True,1,1,3195455697799/1717986918400,01100000000000
K23_bipartite__b8__dual_gateway,31,raw,B1|B3|B4|B5|B6|B7,14568529068157/6871947673600,True,1,1,3195455697799/1717986918400,10100000000000
K23_bipartite__b8__dual_gateway,31,raw,B0|B1|B3|B4|B5|B6|B7,1786706395161/1717986918400,True,1,1,3195455697799/1717986918400,00100000000000
K23_bipartite__b8__dual_gateway,31,raw,B2|B3|B4|B5|B6|B7,14912126451787/6871947673600,True,1,1,1408749279003/687194767360,11000000000000
K23_bipartite__b8__dual_gateway,31,raw,B0|B2|B3|B4|B5|B6|B7,3745211482137/3435973836800,True,1,1,1408749279003/687194767360,01000000000000
K23_bipartite__b8__dual_gateway,31,raw,B1|B2|B3|B4|B5|B6|B7,7421703487513/6871947673600,True,1,1,4260607629467/1374389534720,10000000000000
K23_bipartite__b8__dual_gateway,31,five_move_reduced,B0,7421703487513/6871947673600,True,1,1,4260607629467/1374389534720,0000100000000
K23_bipartite__b8__dual_gateway,31,five_move_reduced,B1,3745211482137/3435973836800,True,1,1,446676604571/137438953472,1000000000000
K23_bipartite__b8__dual_gateway,31,five_move_reduced,B0|B1,14912126451787/6871947673600,True,1,1,21234318627349/6871947673600,1000100000000
K23_bipartite__b8__dual_gateway,31,five_move_reduced,B2,1786706395161/1717986918400,True,1,1,3195455697799/1717986918400,0000010000000
K23_bipartite__b8__dual_gateway,31,five_move_reduced,B0|B2,14568529068157/6871947673600,True,1,1,3195455697799/1717986918400,0000110000000
K23_bipartite__b8__dual_gateway,31,five_move_reduced,B1|B2,7318624272459/3435973836800,True,1,1,3195455697799/1717986918400,1000010000000
K23_bipartite__b8__dual_gateway,31,five_move_reduced,B0|B1|B2,22058952032431/6871947673600,True,1,1,12300786341769/6871947673600,1000110000000
K23_bipartite__b8__dual_gateway,31,five_move_reduced,B3,841813590041/858993459200,True,1,1,2869038181753/858993459200,0000001100000
K23_bipartite__b8__dual_gateway,31,five_move_reduced,B0|B3,14156212207841/6871947673600,True,1,1,14156212387391/6871947673600,0000101100000
K23_bipartite__b8__dual_gateway,31,five_move_reduced,B1|B3,7112465842301/3435973836800,True,1,1,11029476151403/3435973836800,1000001100000
K23_bipartite__b8__dual_gateway,31,five_move_reduced,B0|B1|B3,4329327034423/1374389534720,True,1,1,13125420062401/6871947673600,1000101100000
K23_bipartite__b8__dual_gateway,31,five_move_reduced,B2|B3,3470333575243/1717986918400,True,1,1,3195455697799/1717986918400,0000011100000
K23_bipartite__b8__dual_gateway,31,five_move_reduced,B0|B2|B3,4260607557697/1374389534720,True,1,1,3195455697799/1717986918400,0000111100000
K23_bipartite__b8__dual_gateway,31,five_move_reduced,B1|B2|B3,10685878632623/3435973836800,True,1,1,3195455697799/1717986918400,1000011100000
K23_bipartite__b8__dual_gateway,31,five_move_reduced,B0|B1|B2|B3,1726576853367/429496729600,True,1,1,1168231098887/6871947673600,0100000011100
K23_bipartite__b8__dual_gateway,31,five_move_reduced,B4,438086664217/429496729600,True,1,1,953482742487/429496729600,0000000010000
K23_bipartite__b8__dual_gateway,31,five_move_reduced,B0|B4,2886218022997/1374389534720,True,1,1,953482742487/429496729600,0000100010000
K23_bipartite__b8__dual_gateway,31,five_move_reduced,B1|B4,7249904795873/3435973836800,True,1,1,7181185364287/3435973836800,1000000010000
K23_bipartite__b8__dual_gateway,31,five_move_reduced,B0|B1|B4,21921513079259/6871947673600,True,1,1,12575664248113/6871947673600,1000100010000
K23_bipartite__b8__dual_gateway,31,five_move_reduced,B2|B4,3539053052029/1717986918400,True,1,1,3195455697799/1717986918400,0000010010000
K23_bipartite__b8__dual_gateway,31,five_move_reduced,B0|B2|B4,21577915695629/6871947673600,True,1,1,3195455697799/1717986918400,0000110010000
K23_bipartite__b8__dual_gateway,31,five_move_reduced,B1|B2|B4,2164663517239/687194767360,True,1,1,6081673782861/3435973836800,1000010010000
K23_bipartite__b8__dual_gateway,31,five_move_reduced,B0|B1|B2|B4,3418793968341/858993459200,True,1,1,68719476527/274877906944,0100001101100
K23_bipartite__b8__dual_gateway,31,five_move_reduced,B3|B4,68719476739/34359738368,True,1,1,223338304977/171798691840,0000001110000
K23_bipartite__b8__dual_gateway,31,five_move_reduced,B0|B3|B4,21165598835313/6871947673600,True,1,1,223338304977/171798691840,0000101110000
K23_bipartite__b8__dual_gateway,31,five_move_reduced,B1|B3|B4,10617159156037/3435973836800,True,1,1,4020089523931/3435973836800,1000001110000
K23_bipartite__b8__dual_gateway,31,five_move_reduced,B0|B1|B3|B4,6940667151761/1717986918400,True,1,1,34359743963/343597383680,0100010001100
K23_bipartite__b8__dual_gateway,31,five_move_reduced,B2|B3|B4,5222680232111/1717986918400,True,1,1,1683627259057/1717986918400,0000011110000
K23_bipartite__b8__dual_gateway,31,five_move_reduced,B0|B2|B3|B4,14053132995337/3435973836800,True,1,1,206158425283/6871947673600,1100000001100
K23_bipartite__b8__dual_gateway,31,five_move_reduced,B1|B2|B3|B4,28037546513913/6871947673600,True,1,1,68719475761/1374389534720,0100100001100
K23_bipartite__b8__dual_gateway,31,five_move_reduced,B0|B1|B2|B3|B4,25769803783/8589934592,True,1,1,3745211510137/1717986918400,0100000001100
K23_bipartite__b8__dual_gateway,31,five_move_reduced,B5,47244640261/42949672960,True,1,1,21028160238841/6871947673600,0000000001000
K23_bipartite__b8__dual_gateway,31,five_move_reduced,B0|B5,14980845929273/6871947673600,True,1,1,1236950652763/1374389534720,0000100001000
K23_bipartite__b8__dual_gateway,31,five_move_reduced,B1|B5,7524782703017/3435973836800,True,1,1,4191888143771/1374389534720,1000000001000
K23_bipartite__b8__dual_gateway,31,five_move_reduced,B0|B1|B5,22471268893547/6871947673600,True,1,1,6116033743829/6871947673600,1000100001000
K23_bipartite__b8__dual_gateway,31,five_move_reduced,B2|B5,3676492005601/1717986918400,True,1,1,3195455697799/1717986918400,0000010001000
K23_bipartite__b8__dual_gateway,31,five_move_reduced,B0|B2|B5,22127671509917/6871947673600,True,1,1,1236950635463/1374389534720,0000110001000
K23_bipartite__b8__dual_gateway,31,five_move_reduced,B1|B2|B5,11098195493339/3435973836800,True,1,1,481036337331/274877906944,1000010001000
K23_bipartite__b8__dual_gateway,31,five_move_reduced,B0|B1|B2|B5,670014898311/171798691840,True,1,1,2817498541751/6871947673600,0100001110100
K23_bipartite__b8__dual_gateway,31,five_move_reduced,B3|B5,1786706395261/858993459200,True,1,1,13881334478897/6871947673600,0000001101000
K23_bipartite__b8__dual_gateway,31,five_move_reduced,B0|B3|B5,20266877103/6710886400,True,1,1,962072496129/6871947673600,0001001000001
K23_bipartite__b8__dual_gateway,31,five_move_reduced,B1|B3|B5,10892037063181/3435973836800,True,1,1,12850542153907/6871947673600,1000001101000
K23_bipartite__b8__dual_gateway,31,five_move_reduced,B0|B1|B3|B5,6803228198189/1717986918400,True,1,1,34359743963/343597383680,0100010010100
K23_bipartite__b8__dual_gateway,31,five_move_reduced,B2|B3|B5,5360119185683/1717986918400,True,1,1,3195455697799/1717986918400,0000011101000
K23_bipartite__b8__dual_gateway,31,five_move_reduced,B0|B2|B3|B5,13778255088193/3435973836800,True,1,1,34359747123/687194767360,1100000010100
K23_bipartite__b8__dual_gateway,31,five_move_reduced,B1|B2|B3|B5,1099511627985/274877906944,True,1,1,1443109007381/6871947673600,0100100010100
K23_bipartite__b8__dual_gateway,31,five_move_reduced,B0|B1|B2|B3|B5,1254130450757/429496729600,True,1,1,3745211510137/1717986918400,0100000010100
K23_bipartite__b8__dual_gateway,31,five_move_reduced,B4|B5,910533066827/429496729600,True,1,1,953482742487/429496729600,0000000011000
K23_bipartite__b8__dual_gateway,31,five_move_reduced,B0|B4|B5,4398046511349/1374389534720,True,1,1,1236950652763/1374389534720,0000100011000
K23_bipartite__b8__dual_gateway,31,five_move_reduced,B1|B4|B5,11029476016753/3435973836800,True,1,1,12300786339619/6871947673600,1000000011000
K23_bipartite__b8__dual_gateway,31,five_move_reduced,B0|B1|B4|B5,6734508721403/1717986918400,True,1,1,34359743963/343597383680,0100011100100
K23_bipartite__b8__dual_gateway,31,five_move_reduced,B2|B4|B5,5428838662469/1717986918400,True,1,1,3195455697799/1717986918400,0000010011000
K23_bipartite__b8__dual_gateway,31,five_move_reduced,B0|B2|B4|B5,13640816134621/3435973836800,True,1,1,1855425868147/6871947673600,1100001100100
K23_bipartite__b8__dual_gateway,31,five_move_reduced,B1|B2|B4|B5,27212912792481/6871947673600,True,1,1,1992864821669/6871947673600,0100101100100
K23_bipartite__b8__dual_gateway,31,five_move_reduced,B0|B1|B2|B4|B5,2473901163121/858993459200,True,1,1,3745211510137/1717986918400,0100001100100
K23_bipartite__b8__dual_gateway,31,five_move_reduced,B3|B4|B5,532575944739/171798691840,True,1,1,223338304977/171798691840,0000001111000
K23_bipartite__b8__dual_gateway,31,five_move_reduced,B0|B3|B4|B5,13846974564779/3435973836800,True,1,1,34359825693/3435973836800,1100010000100
K23_bipartite__b8__dual_gateway,31,five_move_reduced,B1|B3|B4|B5,27625229652797/6871947673600,True,1,1,34359743963/343597383680,0100110000100
K23_bipartite__b8__dual_gateway,31,five_move_reduced,B0|B1|B3|B4|B5,5050881541321/1717986918400,True,1,1,34359743963/343597383680,0100010000100
K23_bipartite__b8__dual_gateway,31,five_move_reduced,B2|B3|B4|B5,27968827036427/6871947673600,True,1,1,481036333777/6871947673600,1100100000100
K23_bipartite__b8__dual_gateway,31,five_move_reduced,B0|B2|B3|B4|B5,10273561774457/3435973836800,True,1,1,4157528485603/3435973836800,1100000000100
K23_bipartite__b8__dual_gateway,31,five_move_reduced,B1|B2|B3|B4|B5,20478404072153/6871947673600,True,1,1,3745211510137/1717986918400,0100100000100
K23_bipartite__b8__dual_gateway,31,five_move_reduced,B0|B1|B2|B3|B4|B5,40802189327/21474836480,True,1,1,3745211510137/1717986918400,0100000000100
K23_bipartite__b8__dual_gateway,31,five_move_reduced,B6,109521666073/107374182400,True,1,1,11647951449877/3435973836800,0100000000000
K23_bipartite__b8__dual_gateway,31,five_move_reduced,B0|B6,2886218023237/1374389534720,True,1,1,4260607629467/1374389534720,0100100000000
K23_bipartite__b8__dual_gateway,31,five_move_reduced,B1|B6,7249904796473/3435973836800,True,1,1,4157528485603/3435973836800,1100000000000
K23_bipartite__b8__dual_gateway,31,five_move_reduced,B0|B1|B6,21921513080459/6871947673600,True,1,1,1443109074001/1374389534720,1100100000000
K23_bipartite__b8__dual_gateway,31,five_move_reduced,B2|B6,3539053052329/1717986918400,True,1,1,3195455697799/1717986918400,0100010000000
K23_bipartite__b8__dual_gateway,31,five_move_reduced,B0|B2|B6,21577915696829/6871947673600,True,1,1,3195455697799/1717986918400,0100110000000
K23_bipartite__b8__dual_gateway,31,five_move_reduced,B1|B2|B6,2164663517359/687194767360,True,1,1,4157528485603/3435973836800,1100010000000
K23_bipartite__b8__dual_gateway,31,five_move_reduced,B0|B1|B2|B6,3418793968191/858993459200,True,1,1,68719476623/274877906944,0000001111100
K23_bipartite__b8__dual_gateway,31,five_move_reduced,B3|B6,68719476745/34359738368,True,1,1,2869038181753/858993459200,0100001100000
K23_bipartite__b8__dual_gateway,31,five_move_reduced,B0|B3|B6,21165598836513/6871947673600,True,1,1,2817498546721/1374389534720,0100101100000
K23_bipartite__b8__dual_gateway,31,five_move_reduced,B1|B3|B6,10617159156637/3435973836800,True,1,1,4020089522731/3435973836800,1100001100000
K23_bipartite__b8__dual_gateway,31,five_move_reduced,B0|B1|B3|B6,6940667151461/1717986918400,True,1,1,34359743963/343597383680,0000010011100
K23_bipartite__b8__dual_gateway,31,five_move_reduced,B2|B3|B6,5222680232411/1717986918400,True,1,1,3195455697799/1717986918400,0100011100000
K23_bipartite__b8__dual_gateway,31,five_move_reduced,B0|B2|B3|B6,14053132994737/3435973836800,True,1,1,206158427683/6871947673600,1000000011100
K23_bipartite__b8__dual_gateway,31,five_move_reduced,B1|B2|B3|B6,28037546512713/6871947673600,True,1,1,68719476241/1374389534720,0000100011100
K23_bipartite__b8__dual_gateway,31,five_move_reduced,B0|B1|B2|B3|B6,51539607563/17179869184,True,1,1,3745211510137/1717986918400,0000000011100
K23_bipartite__b8__dual_gateway,31,five_move_reduced,B4|B6,876173328509/429496729600,True,1,1,953482742487/429496729600,0100000010000
K23_bipartite__b8__dual_gateway,31,five_move_reduced,B0|B4|B6,21440476743657/6871947673600,True,1,1,13537736919317/6871947673600,0100100010000
K23_bipartite__b8__dual_gateway,31,five_move_reduced,B1|B4|B6,10754598110209/3435973836800,True,1,1,34359747123/687194767360,1100000010000
K23_bipartite__b8__dual_gateway,31,five_move_reduced,B0|B1|B4|B6,274877906987/68719476736,True,1,1,34359743963/343597383680,0000011101100
K23_bipartite__b8__dual_gateway,31,five_move_reduced,B2|B4|B6,5291399709197/1717986918400,True,1,1,3195455697799/1717986918400,0100010010000
K23_bipartite__b8__dual_gateway,31,five_move_reduced,B0|B2|B4|B6,2783138808233/687194767360,True,1,1,755914241971/6871947673600,1000001101100
K23_bipartite__b8__dual_gateway,31,five_move_reduced,B1|B2|B4|B6,41875931421/10737418240,True,1,1,962072496129/6871947673600,0001001000101
K23_bipartite__b8__dual_gateway,31,five_move_reduced,B0|B1|B2|B4|B6,2542620639757/858993459200,True,1,1,13881334478897/6871947673600,0000001101100
K23_bipartite__b8__dual_gateway,31,five_move_reduced,B3|B4|B6,2594160247059/858993459200,True,1,1,223338304977/171798691840,0100001110000
K23_bipartite__b8__dual_gateway,31,five_move_reduced,B0|B3|B4|B6,5634997092797/1374389534720,True,1,1,68719478661/6871947673600,0100101110000
K23_bipartite__b8__dual_gateway,31,five_move_reduced,B1|B3|B4|B6,43486544397/13421772800,True,1,1,5909874734621/6871947673600,0001000100010
K23_bipartite__b8__dual_gateway,31,five_move_reduced,B0|B1|B3|B4|B6,5188320494593/1717986918400,True,1,1,34359743963/343597383680,0000010001100
K23_bipartite__b8__dual_gateway,31,five_move_reduced,B2|B3|B4|B6,6975026889279/1717986918400,True,1,1,618475292399/6871947673600,0100011110000
K23_bipartite__b8__dual_gateway,31,five_move_reduced,B0|B2|B3|B4|B6,10548439681001/3435973836800,True,1,1,14224931682627/6871947673600,1000000001100
K23_bipartite__b8__dual_gateway,31,five_move_reduced,B1|B2|B3|B4|B6,21028159885241/6871947673600,True,1,1,1236950652763/1374389534720,0000100001100
K23_bipartite__b8__dual_gateway,31,five_move_reduced,B0|B1|B2|B3|B4|B6,425201762429/214748364800,True,1,1,3745211510137/1717986918400,0000000001100
K23_bipartite__b8__dual_gateway,31,five_move_reduced,B5|B6,455266533451/214748364800,True,1,1,21028160238841/6871947673600,0100000001000
K23_bipartite__b8__dual_gateway,31,five_move_reduced,B0|B5|B6,4398046511589/1374389534720,True,1,1,1236950652763/1374389534720,0100100001000
K23_bipartite__b8__dual_gateway,31,five_move_reduced,B1|B5|B6,11029476017353/3435973836800,True,1,1,6940667461511/6871947673600,1100000001000
K23_bipartite__b8__dual_gateway,31,five_move_reduced,B0|B1|B5|B6,84288734409/26843545600,True,1,1,1340029718927/1717986918400,0010000100001
K23_bipartite__b8__dual_gateway,31,five_move_reduced,B2|B5|B6,5428838662769/1717986918400,True,1,1,3195455697799/1717986918400,0100010001000
K23_bipartite__b8__dual_gateway,31,five_move_reduced,B0|B2|B5|B6,13640816134021/3435973836800,True,1,1,1855425870547/6871947673600,1000001110100
K23_bipartite__b8__dual_gateway,31,five_move_reduced,B1|B2|B5|B6,27212912791281/6871947673600,True,1,1,1992864824069/6871947673600,0000101110100
K23_bipartite__b8__dual_gateway,31,five_move_reduced,B0|B1|B2|B5|B6,2473901162971/858993459200,True,1,1,223338304977/171798691840,0000001110100
K23_bipartite__b8__dual_gateway,31,five_move_reduced,B3|B5|B6,532575944769/171798691840,True,1,1,13812614825111/6871947673600,0100001101000
K23_bipartite__b8__dual_gateway,31,five_move_reduced,B0|B3|B5|B6,13846974564179/3435973836800,True,1,1,34359826893/3435973836800,1000010010100
K23_bipartite__b8__dual_gateway,31,five_move_reduced,B1|B3|B5|B6,27625229651597/6871947673600,True,1,1,34359743963/343597383680,0000110010100
K23_bipartite__b8__dual_gateway,31,five_move_reduced,B0|B1|B3|B5|B6,5050881541021/1717986918400,True,1,1,34359743963/343597383680,0000010010100
K23_bipartite__b8__dual_gateway,31,five_move_reduced,B2|B3|B5|B6,27968827035227/6871947673600,True,1,1,481036336177/6871947673600,1000100010100
K23_bipartite__b8__dual_gateway,31,five_move_reduced,B0|B2|B3|B5|B6,10273561773857/3435973836800,True,1,1,7181185364287/3435973836800,1000000010100
K23_bipartite__b8__dual_gateway,31,five_move_reduced,B1|B2|B3|B5|B6,20478404070953/6871947673600,True,1,1,3745211510137/1717986918400,0000100010100
K23_bipartite__b8__dual_gateway,31,five_move_reduced,B0|B1|B2|B3|B5|B6,163208757293/85899345920,True,1,1,3745211510137/1717986918400,0000000010100
K23_bipartite__b8__dual_gateway,31,five_move_reduced,B4|B5|B6,1348619731119/429496729600,True,1,1,13262859010823/6871947673600,0100000011000
K23_bipartite__b8__dual_gateway,31,five_move_reduced,B0|B4|B5|B6,13709535610607/3435973836800,True,1,1,34359743963/343597383680,1000011100100
K23_bipartite__b8__dual_gateway,31,five_move_reduced,B1|B4|B5|B6,27350351744453/6871947673600,True,1,1,34359743963/343597383680,0000111100100
K23_bipartite__b8__dual_gateway,31,five_move_reduced,B0|B1|B4|B5|B6,996432412847/343597383680,True,1,1,34359743963/343597383680,0000011100100
K23_bipartite__b8__dual_gateway,31,five_move_reduced,B2|B4|B5|B6,27693949128083/6871947673600,True,1,1,206158430093/1374389534720,1000101100100
K23_bipartite__b8__dual_gateway,31,five_move_reduced,B0|B2|B4|B5|B6,2027224564057/687194767360,True,1,1,3745211510137/1717986918400,1000001100100
K23_bipartite__b8__dual_gateway,31,five_move_reduced,B1|B2|B4|B5|B6,20203526163809/6871947673600,True,1,1,14156212387391/6871947673600,0000101100100
K23_bipartite__b8__dual_gateway,31,five_move_reduced,B0|B1|B2|B4|B5|B6,1597727834537/858993459200,True,1,1,3745211510137/1717986918400,0000001100100
K23_bipartite__b8__dual_gateway,31,five_move_reduced,B3|B4|B5|B6,28106265988399/6871947673600,True,1,1,206158429833/6871947673600,1000110000100
K23_bipartite__b8__dual_gateway,31,five_move_reduced,B0|B3|B4|B5|B6,10342281250443/3435973836800,True,1,1,34359743963/343597383680,1000010000100
K23_bipartite__b8__dual_gateway,31,five_move_reduced,B1|B3|B4|B5|B6,824633720965/274877906944,True,1,1,34359743963/343597383680,0000110000100
K23_bipartite__b8__dual_gateway,31,five_move_reduced,B0|B1|B3|B4|B5|B6,3298534884153/1717986918400,True,1,1,34359743963/343597383680,0000010000100
K23_bipartite__b8__dual_gateway,31,five_move_reduced,B2|B3|B4|B5|B6,4191888081551/1374389534720,True,1,1,14499809591121/6871947673600,1000100000100
K23_bipartite__b8__dual_gateway,31,five_move_reduced,B0|B2|B3|B4|B5|B6,6768868460121/3435973836800,True,1,1,3745211510137/1717986918400,1000000000100
K23_bipartite__b8__dual_gateway,31,five_move_reduced,B1|B2|B3|B4|B5|B6,13469017443481/6871947673600,True,1,1,3745211510137/1717986918400,0000100000100
K23_bipartite__b8__dual_gateway,31,five_move_reduced,B0|B1|B2|B3|B4|B5|B6,47244640281/53687091200,True,1,1,3745211510137/1717986918400,0000000000100
K23_bipartite__b8__dual_gateway,31,five_move_reduced,B7,47244640281/53687091200,True,1,1,3745211510137/1717986918400,0000000000100
K23_bipartite__b8__dual_gateway,31,five_move_reduced,B0|B7,13469017443481/6871947673600,True,1,1,3745211510137/1717986918400,0000100000100
K23_bipartite__b8__dual_gateway,31,five_move_reduced,B1|B7,6768868460121/3435973836800,True,1,1,3745211510137/1717986918400,1000000000100
K23_bipartite__b8__dual_gateway,31,five_move_reduced,B0|B1|B7,4191888081551/1374389534720,True,1,1,14499809591121/6871947673600,1000100000100
K23_bipartite__b8__dual_gateway,31,five_move_reduced,B2|B7,3298534884153/1717986918400,True,1,1,34359743963/343597383680,0000010000100
K23_bipartite__b8__dual_gateway,31,five_move_reduced,B0|B2|B7,824633720965/274877906944,True,1,1,34359743963/343597383680,0000110000100
K23_bipartite__b8__dual_gateway,31,five_move_reduced,B1|B2|B7,10342281250443/3435973836800,True,1,1,34359743963/343597383680,1000010000100
K23_bipartite__b8__dual_gateway,31,five_move_reduced,B0|B1|B2|B7,28106265988399/6871947673600,True,1,1,206158429833/6871947673600,1000110000100
K23_bipartite__b8__dual_gateway,31,five_move_reduced,B3|B7,1597727834537/858993459200,True,1,1,3745211510137/1717986918400,0000001100100
K23_bipartite__b8__dual_gateway,31,five_move_reduced,B0|B3|B7,20203526163809/6871947673600,True,1,1,14156212387391/6871947673600,0000101100100
K23_bipartite__b8__dual_gateway,31,five_move_reduced,B1|B3|B7,2027224564057/687194767360,True,1,1,3745211510137/1717986918400,1000001100100
K23_bipartite__b8__dual_gateway,31,five_move_reduced,B0|B1|B3|B7,27693949128083/6871947673600,True,1,1,206158430093/1374389534720,1000101100100
K23_bipartite__b8__dual_gateway,31,five_move_reduced,B2|B3|B7,996432412847/343597383680,True,1,1,34359743963/343597383680,0000011100100
K23_bipartite__b8__dual_gateway,31,five_move_reduced,B0|B2|B3|B7,27350351744453/6871947673600,True,1,1,34359743963/343597383680,0000111100100
K23_bipartite__b8__dual_gateway,31,five_move_reduced,B1|B2|B3|B7,13709535610607/3435973836800,True,1,1,34359743963/343597383680,1000011100100
K23_bipartite__b8__dual_gateway,31,five_move_reduced,B0|B1|B2|B3|B7,1348619731119/429496729600,True,1,1,13262859010823/6871947673600,0100000011000
K23_bipartite__b8__dual_gateway,31,five_move_reduced,B4|B7,163208757293/85899345920,True,1,1,3745211510137/1717986918400,0000000010100
K23_bipartite__b8__dual_gateway,31,five_move_reduced,B0|B4|B7,20478404070953/6871947673600,True,1,1,3745211510137/1717986918400,0000100010100
K23_bipartite__b8__dual_gateway,31,five_move_reduced,B1|B4|B7,10273561773857/3435973836800,True,1,1,7181185364287/3435973836800,1000000010100
K23_bipartite__b8__dual_gateway,31,five_move_reduced,B0|B1|B4|B7,27968827035227/6871947673600,True,1,1,481036336177/6871947673600,1000100010100
K23_bipartite__b8__dual_gateway,31,five_move_reduced,B2|B4|B7,5050881541021/1717986918400,True,1,1,34359743963/343597383680,0000010010100
K23_bipartite__b8__dual_gateway,31,five_move_reduced,B0|B2|B4|B7,27625229651597/6871947673600,True,1,1,34359743963/343597383680,0000110010100
K23_bipartite__b8__dual_gateway,31,five_move_reduced,B1|B2|B4|B7,13846974564179/3435973836800,True,1,1,34359826893/3435973836800,1000010010100
K23_bipartite__b8__dual_gateway,31,five_move_reduced,B0|B1|B2|B4|B7,532575944769/171798691840,True,1,1,13812614825111/6871947673600,0100001101000
K23_bipartite__b8__dual_gateway,31,five_move_reduced,B3|B4|B7,2473901162971/858993459200,True,1,1,223338304977/171798691840,0000001110100
K23_bipartite__b8__dual_gateway,31,five_move_reduced,B0|B3|B4|B7,27212912791281/6871947673600,True,1,1,1992864824069/6871947673600,0000101110100
K23_bipartite__b8__dual_gateway,31,five_move_reduced,B1|B3|B4|B7,13640816134021/3435973836800,True,1,1,1855425870547/6871947673600,1000001110100
K23_bipartite__b8__dual_gateway,31,five_move_reduced,B0|B1|B3|B4|B7,5428838662769/1717986918400,True,1,1,3195455697799/1717986918400,0100010001000
K23_bipartite__b8__dual_gateway,31,five_move_reduced,B2|B3|B4|B7,84288734409/26843545600,True,1,1,1340029718927/1717986918400,0010000100001
K23_bipartite__b8__dual_gateway,31,five_move_reduced,B0|B2|B3|B4|B7,11029476017353/3435973836800,True,1,1,6940667461511/6871947673600,1100000001000
K23_bipartite__b8__dual_gateway,31,five_move_reduced,B1|B2|B3|B4|B7,4398046511589/1374389534720,True,1,1,1236950652763/1374389534720,0100100001000
K23_bipartite__b8__dual_gateway,31,five_move_reduced,B0|B1|B2|B3|B4|B7,455266533451/214748364800,True,1,1,21028160238841/6871947673600,0100000001000
K23_bipartite__b8__dual_gateway,31,five_move_reduced,B5|B7,425201762429/214748364800,True,1,1,3745211510137/1717986918400,0000000001100
K23_bipartite__b8__dual_gateway,31,five_move_reduced,B0|B5|B7,21028159885241/6871947673600,True,1,1,1236950652763/1374389534720,0000100001100
K23_bipartite__b8__dual_gateway,31,five_move_reduced,B1|B5|B7,10548439681001/3435973836800,True,1,1,14224931682627/6871947673600,1000000001100
K23_bipartite__b8__dual_gateway,31,five_move_reduced,B0|B1|B5|B7,6975026889279/1717986918400,True,1,1,618475292399/6871947673600,0100011110000
K23_bipartite__b8__dual_gateway,31,five_move_reduced,B2|B5|B7,5188320494593/1717986918400,True,1,1,34359743963/343597383680,0000010001100
K23_bipartite__b8__dual_gateway,31,five_move_reduced,B0|B2|B5|B7,43486544397/13421772800,True,1,1,5909874734621/6871947673600,0001000100010
K23_bipartite__b8__dual_gateway,31,five_move_reduced,B1|B2|B5|B7,5634997092797/1374389534720,True,1,1,68719478661/6871947673600,0100101110000
K23_bipartite__b8__dual_gateway,31,five_move_reduced,B0|B1|B2|B5|B7,2594160247059/858993459200,True,1,1,223338304977/171798691840,0100001110000
K23_bipartite__b8__dual_gateway,31,five_move_reduced,B3|B5|B7,2542620639757/858993459200,True,1,1,13881334478897/6871947673600,0000001101100
K23_bipartite__b8__dual_gateway,31,five_move_reduced,B0|B3|B5|B7,41875931421/10737418240,True,1,1,962072496129/6871947673600,0001001000101
K23_bipartite__b8__dual_gateway,31,five_move_reduced,B1|B3|B5|B7,2783138808233/687194767360,True,1,1,755914241971/6871947673600,1000001101100
K23_bipartite__b8__dual_gateway,31,five_move_reduced,B0|B1|B3|B5|B7,5291399709197/1717986918400,True,1,1,3195455697799/1717986918400,0100010010000
K23_bipartite__b8__dual_gateway,31,five_move_reduced,B2|B3|B5|B7,274877906987/68719476736,True,1,1,34359743963/343597383680,0000011101100
K23_bipartite__b8__dual_gateway,31,five_move_reduced,B0|B2|B3|B5|B7,10754598110209/3435973836800,True,1,1,34359747123/687194767360,1100000010000
K23_bipartite__b8__dual_gateway,31,five_move_reduced,B1|B2|B3|B5|B7,21440476743657/6871947673600,True,1,1,13537736919317/6871947673600,0100100010000
K23_bipartite__b8__dual_gateway,31,five_move_reduced,B0|B1|B2|B3|B5|B7,876173328509/429496729600,True,1,1,953482742487/429496729600,0100000010000
K23_bipartite__b8__dual_gateway,31,five_move_reduced,B4|B5|B7,51539607563/17179869184,True,1,1,3745211510137/1717986918400,0000000011100
K23_bipartite__b8__dual_gateway,31,five_move_reduced,B0|B4|B5|B7,28037546512713/6871947673600,True,1,1,68719476241/1374389534720,0000100011100
K23_bipartite__b8__dual_gateway,31,five_move_reduced,B1|B4|B5|B7,14053132994737/3435973836800,True,1,1,206158427683/6871947673600,1000000011100
K23_bipartite__b8__dual_gateway,31,five_move_reduced,B0|B1|B4|B5|B7,5222680232411/1717986918400,True,1,1,3195455697799/1717986918400,0100011100000
K23_bipartite__b8__dual_gateway,31,five_move_reduced,B2|B4|B5|B7,6940667151461/1717986918400,True,1,1,34359743963/343597383680,0000010011100
K23_bipartite__b8__dual_gateway,31,five_move_reduced,B0|B2|B4|B5|B7,10617159156637/3435973836800,True,1,1,4020089522731/3435973836800,1100001100000
K23_bipartite__b8__dual_gateway,31,five_move_reduced,B1|B2|B4|B5|B7,21165598836513/6871947673600,True,1,1,2817498546721/1374389534720,0100101100000
K23_bipartite__b8__dual_gateway,31,five_move_reduced,B0|B1|B2|B4|B5|B7,68719476745/34359738368,True,1,1,2869038181753/858993459200,0100001100000
K23_bipartite__b8__dual_gateway,31,five_move_reduced,B3|B4|B5|B7,3418793968191/858993459200,True,1,1,68719476623/274877906944,0000001111100
K23_bipartite__b8__dual_gateway,31,five_move_reduced,B0|B3|B4|B5|B7,2164663517359/687194767360,True,1,1,4157528485603/3435973836800,1100010000000
K23_bipartite__b8__dual_gateway,31,five_move_reduced,B1|B3|B4|B5|B7,21577915696829/6871947673600,True,1,1,3195455697799/1717986918400,0100110000000
K23_bipartite__b8__dual_gateway,31,five_move_reduced,B0|B1|B3|B4|B5|B7,3539053052329/1717986918400,True,1,1,3195455697799/1717986918400,0100010000000
K23_bipartite__b8__dual_gateway,31,five_move_reduced,B2|B3|B4|B5|B7,21921513080459/6871947673600,True,1,1,1443109074001/1374389534720,1100100000000
K23_bipartite__b8__dual_gateway,31,five_move_reduced,B0|B2|B3|B4|B5|B7,7249904796473/3435973836800,True,1,1,4157528485603/3435973836800,1100000000000
K23_bipartite__b8__dual_gateway,31,five_move_reduced,B1|B2|B3|B4|B5|B7,2886218023237/1374389534720,True,1,1,4260607629467/1374389534720,0100100000000
K23_bipartite__b8__dual_gateway,31,five_move_reduced,B0|B1|B2|B3|B4|B5|B7,109521666073/107374182400,True,1,1,11647951449877/3435973836800,0100000000000
K23_bipartite__b8__dual_gateway,31,five_move_reduced,B6|B7,40802189327/21474836480,True,1,1,3745211510137/1717986918400,0100000000100
K23_bipartite__b8__dual_gateway,31,five_move_reduced,B0|B6|B7,20478404072153/6871947673600,True,1,1,3745211510137/1717986918400,0100100000100
K23_bipartite__b8__dual_gateway,31,five_move_reduced,B1|B6|B7,10273561774457/3435973836800,True,1,1,4157528485603/3435973836800,1100000000100
K23_bipartite__b8__dual_gateway,31,five_move_reduced,B0|B1|B6|B7,27968827036427/6871947673600,True,1,1,481036333777/6871947673600,1100100000100
K23_bipartite__b8__dual_gateway,31,five_move_reduced,B2|B6|B7,5050881541321/1717986918400,True,1,1,34359743963/343597383680,0100010000100
K23_bipartite__b8__dual_gateway,31,five_move_reduced,B0|B2|B6|B7,27625229652797/6871947673600,True,1,1,34359743963/343597383680,0100110000100
K23_bipartite__b8__dual_gateway,31,five_move_reduced,B1|B2|B6|B7,13846974564779/3435973836800,True,1,1,34359825693/3435973836800,1100010000100
K23_bipartite__b8__dual_gateway,31,five_move_reduced,B0|B1|B2|B6|B7,532575944739/171798691840,True,1,1,223338304977/171798691840,0000001111000
K23_bipartite__b8__dual_gateway,31,five_move_reduced,B3|B6|B7,2473901163121/858993459200,True,1,1,3745211510137/1717986918400,0100001100100
K23_bipartite__b8__dual_gateway,31,five_move_reduced,B0|B3|B6|B7,27212912792481/6871947673600,True,1,1,1992864821669/6871947673600,0100101100100
K23_bipartite__b8__dual_gateway,31,five_move_reduced,B1|B3|B6|B7,13640816134621/3435973836800,True,1,1,1855425868147/6871947673600,1100001100100
K23_bipartite__b8__dual_gateway,31,five_move_reduced,B0|B1|B3|B6|B7,5428838662469/1717986918400,True,1,1,3195455697799/1717986918400,0000010011000
K23_bipartite__b8__dual_gateway,31,five_move_reduced,B2|B3|B6|B7,6734508721403/1717986918400,True,1,1,34359743963/343597383680,0100011100100
K23_bipartite__b8__dual_gateway,31,five_move_reduced,B0|B2|B3|B6|B7,11029476016753/3435973836800,True,1,1,12300786339619/6871947673600,1000000011000
K23_bipartite__b8__dual_gateway,31,five_move_reduced,B1|B2|B3|B6|B7,4398046511349/1374389534720,True,1,1,1236950652763/1374389534720,0000100011000
K23_bipartite__b8__dual_gateway,31,five_move_reduced,B0|B1|B2|B3|B6|B7,910533066827/429496729600,True,1,1,953482742487/429496729600,0000000011000
K23_bipartite__b8__dual_gateway,31,five_move_reduced,B4|B6|B7,1254130450757/429496729600,True,1,1,3745211510137/1717986918400,0100000010100
K23_bipartite__b8__dual_gateway,31,five_move_reduced,B0|B4|B6|B7,1099511627985/274877906944,True,1,1,1443109007381/6871947673600,0100100010100
K23_bipartite__b8__dual_gateway,31,five_move_reduced,B1|B4|B6|B7,13778255088193/3435973836800,True,1,1,34359747123/687194767360,1100000010100
K23_bipartite__b8__dual_gateway,31,five_move_reduced,B0|B1|B4|B6|B7,5360119185683/1717986918400,True,1,1,3195455697799/1717986918400,0000011101000
K23_bipartite__b8__dual_gateway,31,five_move_reduced,B2|B4|B6|B7,6803228198189/1717986918400,True,1,1,34359743963/343597383680,0100010010100
K23_bipartite__b8__dual_gateway,31,five_move_reduced,B0|B2|B4|B6|B7,10892037063181/3435973836800,True,1,1,12850542153907/6871947673600,1000001101000
K23_bipartite__b8__dual_gateway,31,five_move_reduced,B1|B2|B4|B6|B7,20266877103/6710886400,True,1,1,962072496129/6871947673600,0001001000001
K23_bipartite__b8__dual_gateway,31,five_move_reduced,B0|B1|B2|B4|B6|B7,1786706395261/858993459200,True,1,1,13881334478897/6871947673600,0000001101000
K23_bipartite__b8__dual_gateway,31,five_move_reduced,B3|B4|B6|B7,670014898311/171798691840,True,1,1,2817498541751/6871947673600,0100001110100
K23_bipartite__b8__dual_gateway,31,five_move_reduced,B0|B3|B4|B6|B7,11098195493339/3435973836800,True,1,1,481036337331/274877906944,1000010001000
K23_bipartite__b8__dual_gateway,31,five_move_reduced,B1|B3|B4|B6|B7,22127671509917/6871947673600,True,1,1,1236950635463/1374389534720,0000110001000
K23_bipartite__b8__dual_gateway,31,five_move_reduced,B0|B1|B3|B4|B6|B7,3676492005601/1717986918400,True,1,1,3195455697799/1717986918400,0000010001000
K23_bipartite__b8__dual_gateway,31,five_move_reduced,B2|B3|B4|B6|B7,22471268893547/6871947673600,True,1,1,6116033743829/6871947673600,1000100001000
K23_bipartite__b8__dual_gateway,31,five_move_reduced,B0|B2|B3|B4|B6|B7,7524782703017/3435973836800,True,1,1,4191888143771/1374389534720,1000000001000
K23_bipartite__b8__dual_gateway,31,five_move_reduced,B1|B2|B3|B4|B6|B7,14980845929273/6871947673600,True,1,1,1236950652763/1374389534720,0000100001000
K23_bipartite__b8__dual_gateway,31,five_move_reduced,B0|B1|B2|B3|B4|B6|B7,47244640261/42949672960,True,1,1,21028160238841/6871947673600,0000000001000
K23_bipartite__b8__dual_gateway,31,five_move_reduced,B5|B6|B7,25769803783/8589934592,True,1,1,3745211510137/1717986918400,0100000001100
K23_bipartite__b8__dual_gateway,31,five_move_reduced,B0|B5|B6|B7,28037546513913/6871947673600,True,1,1,68719475761/1374389534720,0100100001100
K23_bipartite__b8__dual_gateway,31,five_move_reduced,B1|B5|B6|B7,14053132995337/3435973836800,True,1,1,206158425283/6871947673600,1100000001100
K23_bipartite__b8__dual_gateway,31,five_move_reduced,B0|B1|B5|B6|B7,5222680232111/1717986918400,True,1,1,1683627259057/1717986918400,0000011110000
K23_bipartite__b8__dual_gateway,31,five_move_reduced,B2|B5|B6|B7,6940667151761/1717986918400,True,1,1,34359743963/343597383680,0100010001100
K23_bipartite__b8__dual_gateway,31,five_move_reduced,B0|B2|B5|B6|B7,10617159156037/3435973836800,True,1,1,4020089523931/3435973836800,1000001110000
K23_bipartite__b8__dual_gateway,31,five_move_reduced,B1|B2|B5|B6|B7,21165598835313/6871947673600,True,1,1,223338304977/171798691840,0000101110000
K23_bipartite__b8__dual_gateway,31,five_move_reduced,B0|B1|B2|B5|B6|B7,68719476739/34359738368,True,1,1,223338304977/171798691840,0000001110000
K23_bipartite__b8__dual_gateway,31,five_move_reduced,B3|B5|B6|B7,3418793968341/858993459200,True,1,1,68719476527/274877906944,0100001101100
K23_bipartite__b8__dual_gateway,31,five_move_reduced,B0|B3|B5|B6|B7,2164663517239/687194767360,True,1,1,6081673782861/3435973836800,1000010010000
K23_bipartite__b8__dual_gateway,31,five_move_reduced,B1|B3|B5|B6|B7,21577915695629/6871947673600,True,1,1,3195455697799/1717986918400,0000110010000
K23_bipartite__b8__dual_gateway,31,five_move_reduced,B0|B1|B3|B5|B6|B7,3539053052029/1717986918400,True,1,1,3195455697799/1717986918400,0000010010000
K23_bipartite__b8__dual_gateway,31,five_move_reduced,B2|B3|B5|B6|B7,21921513079259/6871947673600,True,1,1,12575664248113/6871947673600,1000100010000
K23_bipartite__b8__dual_gateway,31,five_move_reduced,B0|B2|B3|B5|B6|B7,7249904795873/3435973836800,True,1,1,7181185364287/3435973836800,1000000010000
K23_bipartite__b8__dual_gateway,31,five_move_reduced,B1|B2|B3|B5|B6|B7,2886218022997/1374389534720,True,1,1,953482742487/429496729600,0000100010000
K23_bipartite__b8__dual_gateway,31,five_move_reduced,B0|B1|B2|B3|B5|B6|B7,438086664217/429496729600,True,1,1,953482742487/429496729600,0000000010000
K23_bipartite__b8__dual_gateway,31,five_move_reduced,B4|B5|B6|B7,1726576853367/429496729600,True,1,1,1168231098887/6871947673600,0100000011100
K23_bipartite__b8__dual_gateway,31,five_move_reduced,B0|B4|B5|B6|B7,10685878632623/3435973836800,True,1,1,3195455697799/1717986918400,1000011100000
K23_bipartite__b8__dual_gateway,31,five_move_reduced,B1|B4|B5|B6|B7,4260607557697/1374389534720,True,1,1,3195455697799/1717986918400,0000111100000
K23_bipartite__b8__dual_gateway,31,five_move_reduced,B0|B1|B4|B5|B6|B7,3470333575243/1717986918400,True,1,1,3195455697799/1717986918400,0000011100000
K23_bipartite__b8__dual_gateway,31,five_move_reduced,B2|B4|B5|B6|B7,4329327034423/1374389534720,True,1,1,13125420062401/6871947673600,1000101100000
K23_bipartite__b8__dual_gateway,31,five_move_reduced,B0|B2|B4|B5|B6|B7,7112465842301/3435973836800,True,1,1,11029476151403/3435973836800,1000001100000
K23_bipartite__b8__dual_gateway,31,five_move_reduced,B1|B2|B4|B5|B6|B7,14156212207841/6871947673600,True,1,1,14156212387391/6871947673600,0000101100000
K23_bipartite__b8__dual_gateway,31,five_move_reduced,B0|B1|B2|B4|B5|B6|B7,841813590041/858993459200,True,1,1,2869038181753/858993459200,0000001100000
K23_bipartite__b8__dual_gateway,31,five_move_reduced,B3|B4|B5|B6|B7,22058952032431/6871947673600,True,1,1,12300786341769/6871947673600,1000110000000
K23_bipartite__b8__dual_gateway,31,five_move_reduced,B0|B3|B4|B5|B6|B7,7318624272459/3435973836800,True,1,1,3195455697799/1717986918400,1000010000000
K23_bipartite__b8__dual_gateway,31,five_move_reduced,B1|B3|B4|B5|B6|B7,14568529068157/6871947673600,True,1,1,3195455697799/1717986918400,0000110000000
K23_bipartite__b8__dual_gateway,31,five_move_reduced,B0|B1|B3|B4|B5|B6|B7,1786706395161/1717986918400,True,1,1,3195455697799/1717986918400,0000010000000
K23_bipartite__b8__dual_gateway,31,five_move_reduced,B2|B3|B4|B5|B6|B7,14912126451787/6871947673600,True,1,1,21234318627349/6871947673600,1000100000000
K23_bipartite__b8__dual_gateway,31,five_move_reduced,B0|B2|B3|B4|B5|B6|B7,3745211482137/3435973836800,True,1,1,446676604571/137438953472,1000000000000
K23_bipartite__b8__dual_gateway,31,five_move_reduced,B1|B2|B3|B4|B5|B6|B7,7421703487513/6871947673600,True,1,1,4260607629467/1374389534720,0000100000000
K23_bipartite__b8__dual_gateway,47,raw,B0,7490422964249/6871947673600,True,1,1,18073222740743/6871947673600,10000000000000
K23_bipartite__b8__dual_gateway,47,raw,B1,755914244101/687194767360,True,1,1,6425271104391/3435973836800,01000000000000
K23_bipartite__b8__dual_gateway,47,raw,B0|B1,15049565405259/6871947673600,True,1,1,6425271104391/3435973836800,11000000000000
K23_bipartite__b8__dual_gateway,47,raw,B2,1666447310873/1717986918400,True,1,1,2869038183303/1717986918400,00100000000000
K23_bipartite__b8__dual_gateway,47,raw,B0|B2,14156212207741/6871947673600,True,1,1,2869038183303/1717986918400,10100000000000
K23_bipartite__b8__dual_gateway,47,raw,B1|B2,7112465842251/3435973836800,True,1,1,2869038183303/1717986918400,01100000000000
K23_bipartite__b8__dual_gateway,47,raw,B0|B1|B2,21715354648751/6871947673600,True,1,1,2869038183303/1717986918400,11100000000000
K23_bipartite__b8__dual_gateway,47,raw,B3,910533066777/858993459200,True,1,1,197568501371/171798691840,00010000000000
K23_bipartite__b8__dual_gateway,47,raw,B0|B3,2954937499693/1374389534720,True,1,1,197568501371/171798691840,10010000000000
K23_bipartite__b8__dual_gateway,47,raw,B1|B3,7421703487613/3435973836800,True,1,1,197568501371/171798691840,01010000000000
K23_bipartite__b8__dual_gateway,47,raw,B0|B1|B3,893353197579/274877906944,True,1,1,197568501371/171798691840,11010000000000
K23_bipartite__b8__dual_gateway,47,raw,B2|B3,3487513444427/1717986918400,True,1,1,197568501371/171798691840,00110000000000
K23_bipartite__b8__dual_gateway,47,raw,B0|B2|B3,21440476741957/6871947673600,True,1,1,197568501371/171798691840,10110000000000
K23_bipartite__b8__dual_gateway,47,raw,B1|B2|B3,10754598109359/3435973836800,True,1,1,197568501371/171798691840,01110000000000
K23_bipartite__b8__dual_gateway,47,raw,B0|B1|B2|B3,1640677507447/429496729600,True,1,1,549755812763/1374389534720,00001111000000
K23_bipartite__b8__dual_gateway,47,raw,B4,416611827737/429496729600,True,1,1,919123004119/429496729600,00001000000000
K23_bipartite__b8__dual_gateway,47,raw,B0|B4,14156212208041/6871947673600,True,1,1,919123004119/429496729600,10001000000000
K23_bipartite__b8__dual_gateway,47,raw,B1|B4,7112465842401/3435973836800,True,1,1,6425271104391/3435973836800,01001000000000
K23_bipartite__b8__dual_gateway,47,raw,B0|B1|B4,21715354649051/6871947673600,True,1,1,2267742755753/1374389534720,11001000000000
K23_bipartite__b8__dual_gateway,47,raw,B2|B4,3332894621821/1717986918400,True,1,1,2869038183303/1717986918400,00101000000000
K23_bipartite__b8__dual_gateway,47,raw,B0|B2|B4,20822001451533/6871947673600,True,1,1,2869038183303/1717986918400,10101000000000
K23_bipartite__b8__dual_gateway,47,raw,B1|B2|B4,10445360464147/3435973836800,True,1,1,2869038183303/1717986918400,01101000000000
K23_bipartite__b8__dual_gateway,47,raw,B0|B1|B2|B4,3358664426197/858993459200,True,1,1,1511828482967/6871947673600,00010111000000
K23_bipartite__b8__dual_gateway,47,raw,B3|B4,1743756722251/858993459200,True,1,1,850403552533/858993459200,00011000000000
K23_bipartite__b8__dual_gateway,47,raw,B0|B3|B4,21440476742257/6871947673600,True,1,1,850403552533/858993459200,10011000000000
K23_bipartite__b8__dual_gateway,47,raw,B1|B3|B4,10754598109509/3435973836800,True,1,1,2473901297371/3435973836800,01011000000000
K23_bipartite__b8__dual_gateway,47,raw,B0|B1|B3|B4,32212254867/8589934592,True,1,1,120259056313/1717986918400,00000110010010
K23_bipartite__b8__dual_gateway,47,raw,B2|B3|B4,206158430215/68719476736,True,1,1,1511828567217/1717986918400,00111000000000
K23_bipartite__b8__dual_gateway,47,raw,B0|B2|B3|B4,798863918981/214748364800,True,1,1,790273954489/3435973836800,00000101100100
K23_bipartite__b8__dual_gateway,47,raw,B1|B2|B3|B4,27075473839609/6871947673600,True,1,1,1099511622901/6871947673600,10000111000000
K23_bipartite__b8__dual_gateway,47,raw,B0|B1|B2|B3|B4,122406567971/42949672960,True,1,1,3212635565433/1717986918400,00000111000000
K23_bipartite__b8__dual_gateway,47,raw,B5,199715979289/214748364800,True,1,1,4054449198949/1374389534720,00000100000000
K23_bipartite__b8__dual_gateway,47,raw,B0|B5,13881334301497/6871947673600,True,1,1,5291400066247/6871947673600,10000100000000
K23_bipartite__b8__dual_gateway,47,raw,B1|B5,6975026889129/3435973836800,True,1,1,6425271104391/3435973836800,01000100000000
K23_bipartite__b8__dual_gateway,47,raw,B0|B1|B5,21440476742507/6871947673600,True,1,1,5291400066247/6871947673600,11000100000000
K23_bipartite__b8__dual_gateway,47,raw,B2|B5,652835029037/343597383680,True,1,1,2869038183303/1717986918400,00100100000000
K23_bipartite__b8__dual_gateway,47,raw,B0|B2|B5,20547123544989/6871947673600,True,1,1,4672924689123/6871947673600,10100100000000
K23_bipartite__b8__dual_gateway,47,raw,B1|B2|B5,412316860435/137438953472,True,1,1,2869038183303/1717986918400,01100100000000
K23_bipartite__b8__dual_gateway,47,raw,B0|B1|B2|B5,678604832903/171798691840,True,1,1,962072669879/6871947673600,00011011000000
K23_bipartite__b8__dual_gateway,47,raw,B3|B5,1709396983933/858993459200,True,1,1,197568501371/171798691840,00010100000000
K23_bipartite__b8__dual_gateway,47,raw,B0|B3|B5,19327353007/6710886400,True,1,1,274877871309/1374389534720,00000000001110
K23_bipartite__b8__dual_gateway,47,raw,B1|B3|B5,10617159156237/3435973836800,True,1,1,197568501371/171798691840,01010100000000
K23_bipartite__b8__dual_gateway,47,raw,B0|B1|B3|B5,1627792612509/429496729600,True,1,1,120259056313/1717986918400,00001010010010
K23_bipartite__b8__dual_gateway,47,raw,B2|B3|B5,5085241278739/1717986918400,True,1,1,197568501371/171798691840,00110100000000
K23_bipartite__b8__dual_gateway,47,raw,B0|B2|B3|B5,1614907707121/429496729600,True,1,1,79/17179869184,00001001100100
K23_bipartite__b8__dual_gateway,47,raw,B1|B2|B3|B5,27350351746153/6871947673600,True,1,1,549755809813/6871947673600,10001011000000
K23_bipartite__b8__dual_gateway,47,raw,B0|B1|B2|B3|B5,1241245548869/429496729600,True,1,1,3212635565433/1717986918400,00001011000000
K23_bipartite__b8__dual_gateway,47,raw,B4|B5,163208757263/85899345920,True,1,1,919123004119/429496729600,00001100000000
K23_bipartite__b8__dual_gateway,47,raw,B0|B4|B5,20547123545289/6871947673600,True,1,1,5291400066247/6871947673600,10001100000000
K23_bipartite__b8__dual_gateway,47,raw,B1|B4|B5,412316860441/137438953472,True,1,1,6425271104391/3435973836800,01001100000000
K23_bipartite__b8__dual_gateway,47,raw,B0|B1|B4|B5,3332894636321/858993459200,True,1,1,120259056313/1717986918400,00010010010010
K23_bipartite__b8__dual_gateway,47,raw,B2|B4|B5,4930622456133/1717986918400,True,1,1,2869038183303/1717986918400,00101100000000
K23_bipartite__b8__dual_gateway,47,raw,B0|B2|B4|B5,661424965109/171798691840,True,1,1,755914184421/6871947673600,00010001100100
K23_bipartite__b8__dual_gateway,47,raw,B1|B2|B4|B5,13640816132771/3435973836800,True,1,1,137438954207/1374389534720,01101100000000
K23_bipartite__b8__dual_gateway,47,raw,B0|B1|B2|B4|B5,2559800509041/858993459200,True,1,1,197568501371/171798691840,00010011000000
K23_bipartite__b8__dual_gateway,47,raw,B3|B4|B5,2542620639407/858993459200,True,1,1,850403552533/858993459200,00011100000000
K23_bipartite__b8__dual_gateway,47,raw,B0|B3|B4|B5,99052683939/26843545600,True,1,1,120259056313/1717986918400,00000000110110
K23_bipartite__b8__dual_gateway,47,raw,B1|B3|B4|B5,26869315520601/6871947673600,True,1,1,120259056313/1717986918400,10000010010010
K23_bipartite__b8__dual_gateway,47,raw,B0|B1|B3|B4|B5,302795196193/107374182400,True,1,1,120259056313/1717986918400,00000010010010
K23_bipartite__b8__dual_gateway,47,raw,B2|B3|B4|B5,26663157034393/6871947673600,True,1,1,68719464871/1374389534720,10000001100100
K23_bipartite__b8__dual_gateway,47,raw,B0|B2|B3|B4|B5,149786984923/53687091200,True,1,1,790273954489/3435973836800,00000001100100
K23_bipartite__b8__dual_gateway,47,raw,B1|B2|B3|B4|B5,20684562502361/6871947673600,True,1,1,3212635565433/1717986918400,10000011000000
K23_bipartite__b8__dual_gateway,47,raw,B0|B1|B2|B3|B4|B5,206158430283/107374182400,True,1,1,3212635565433/1717986918400,00000011000000
K23_bipartite__b8__dual_gateway,47,raw,B6,22548578309/21474836480,True,1,1,6768868486521/3435973836800,00000010000000
K23_bipartite__b8__dual_gateway,47,raw,B0|B6,14705968023129/6871947673600,True,1,1,6768868486521/3435973836800,10000010000000
K23_bipartite__b8__dual_gateway,47,raw,B1|B6,51539607777/26843545600,True,1,1,790273954489/3435973836800,00000000100100
K23_bipartite__b8__dual_gateway,47,raw,B0|B1|B6,20684562555161/6871947673600,True,1,1,790273954489/3435973836800,10000000100100
K23_bipartite__b8__dual_gateway,47,raw,B2|B6,3470333575593/1717986918400,True,1,1,2869038183303/1717986918400,00100010000000
K23_bipartite__b8__dual_gateway,47,raw,B0|B2|B6,21371757266621/6871947673600,True,1,1,2869038183303/1717986918400,10100010000000
K23_bipartite__b8__dual_gateway,47,raw,B1|B2|B6,4964982208601/1717986918400,True,1,1,790273954489/3435973836800,00100000100100
K23_bipartite__b8__dual_gateway,47,raw,B0|B1|B2|B6,3289944949311/858993459200,True,1,1,206158440833/1374389534720,00011101000000
K23_bipartite__b8__dual_gateway,47,raw,B3|B6,1812476199137/858993459200,True,1,1,197568501371/171798691840,00010010000000
K23_bipartite__b8__dual_gateway,47,raw,B0|B3|B6,4398046511469/1374389534720,True,1,1,197568501371/171798691840,10010010000000
K23_bipartite__b8__dual_gateway,47,raw,B1|B3|B6,2559800515641/858993459200,True,1,1,790273954489/3435973836800,00010000100100
K23_bipartite__b8__dual_gateway,47,raw,B0|B1|B3|B6,1576253004907/429496729600,True,1,1,120259056313/1717986918400,00001100010010
K23_bipartite__b8__dual_gateway,47,raw,B2|B3|B6,5291399709147/1717986918400,True,1,1,197568501371/171798691840,00110010000000
K23_bipartite__b8__dual_gateway,47,raw,B0|B2|B3|B6,13297218750641/3435973836800,True,1,1,412316859911/1374389534720,01001101000000
K23_bipartite__b8__dual_gateway,47,raw,B1|B2|B3|B6,26525718024521/6871947673600,True,1,1,618475344099/6871947673600,10001101000000
K23_bipartite__b8__dual_gateway,47,raw,B0|B1|B2|B3|B6,1189705941267/429496729600,True,1,1,3212635565433/1717986918400,00001101000000
K23_bipartite__b8__dual_gateway,47,raw,B4|B6,867583393917/429496729600,True,1,1,6768868486521/3435973836800,00001010000000
K23_bipartite__b8__dual_gateway,47,raw,B0|B4|B6,21371757266921/6871947673600,True,1,1,481036341721/274877906944,10001010000000
K23_bipartite__b8__dual_gateway,47,raw,B1|B4|B6,1241245552169/429496729600,True,1,1,79/17179869184,00001000100100
K23_bipartite__b8__dual_gateway,47,raw,B0|B1|B4|B6,3229815421117/858993459200,True,1,1,120259056313/1717986918400,00010100010010
K23_bipartite__b8__dual_gateway,47,raw,B2|B4|B6,5136780886541/1717986918400,True,1,1,2869038183303/1717986918400,00101010000000
K23_bipartite__b8__dual_gateway,47,raw,B0|B2|B4|B6,13606456395853/3435973836800,True,1,1,824633718707/6871947673600,01010101000000
K23_bipartite__b8__dual_gateway,47,raw,B1|B2|B4|B6,8053063737/2147483648,True,1,1,188978529949/1717986918400,00000001001110
K23_bipartite__b8__dual_gateway,47,raw,B0|B1|B2|B4|B6,2456721293837/858993459200,True,1,1,197568501371/171798691840,00010101000000
K23_bipartite__b8__dual_gateway,47,raw,B3|B4|B6,2645699854611/858993459200,True,1,1,2817498679501/3435973836800,00011010000000
K23_bipartite__b8__dual_gateway,47,raw,B0|B3|B4|B6,2611340127573/687194767360,True,1,1,120259056313/1717986918400,01000100010010
K23_bipartite__b8__dual_gateway,47,raw,B1|B3|B4|B6,7516192873/2684354560,True,1,1,6803228044089/6871947673600,00000000010101
K23_bipartite__b8__dual_gateway,47,raw,B0|B1|B3|B4|B6,115964117717/42949672960,True,1,1,120259056313/1717986918400,00000100010010
K23_bipartite__b8__dual_gateway,47,raw,B2|B3|B4|B6,27419071221739/6871947673600,True,1,1,412316858641/6871947673600,11000101000000
K23_bipartite__b8__dual_gateway,47,raw,B0|B2|B3|B4|B6,1992864825749/687194767360,True,1,1,6425271104391/3435973836800,01000101000000
K23_bipartite__b8__dual_gateway,47,raw,B1|B2|B3|B4|B6,19859928780729/6871947673600,True,1,1,5291400066247/6871947673600,10000101000000
K23_bipartite__b8__dual_gateway,47,raw,B0|B1|B2|B3|B4|B6,77309411353/42949672960,True,1,1,3212635565433/1717986918400,00000101000000
K23_bipartite__b8__dual_gateway,47,raw,B5|B6,425201762379/214748364800,True,1,1,6768868486521/3435973836800,00000110000000
K23_bipartite__b8__dual_gateway,47,raw,B0|B5|B6,21096879360377/6871947673600,True,1,1,5291400066247/6871947673600,10000110000000
K23_bipartite__b8__dual_gateway,47,raw,B1|B5|B6,122406568301/42949672960,True,1,1,790273954489/3435973836800,00000100100100
K23_bipartite__b8__dual_gateway,47,raw,B0|B1|B5|B6,80799073481/26843545600,True,1,1,678604808043/858993459200,00000000100011
K23_bipartite__b8__dual_gateway,47,raw,B2|B5|B6,1013612281981/343597383680,True,1,1,2869038183303/1717986918400,00100110000000
K23_bipartite__b8__dual_gateway,47,raw,B0|B2|B5|B6,549755813965/137438953472,True,1,1,274877905619/6871947673600,01011001000000
K23_bipartite__b8__dual_gateway,47,raw,B1|B2|B5|B6,6562710042913/1717986918400,True,1,1,1168231049837/6871947673600,00100100100100
K23_bipartite__b8__dual_gateway,47,raw,B0|B1|B2|B5|B6,498216206431/171798691840,True,1,1,850403552533/858993459200,00011001000000
K23_bipartite__b8__dual_gateway,47,raw,B3|B5|B6,2611340116293/858993459200,True,1,1,197568501371/171798691840,00010110000000
K23_bipartite__b8__dual_gateway,47,raw,B0|B3|B5|B6,13194139591137/3435973836800,True,1,1,120259056313/1717986918400,01001000010010
K23_bipartite__b8__dual_gateway,47,raw,B1|B3|B5|B6,26319559705513/6871947673600,True,1,1,120259056313/1717986918400,10001000010010
K23_bipartite__b8__dual_gateway,47,raw,B0|B1|B3|B5|B6,1176821046329/429496729600,True,1,1,120259056313/1717986918400,00001000010010
K23_bipartite__b8__dual_gateway,47,raw,B2|B3|B5|B6,6889127543459/1717986918400,True,1,1,137438954447/6871947673600,00110110000000
K23_bipartite__b8__dual_gateway,47,raw,B0|B2|B3|B5|B6,10101763082017/3435973836800,True,1,1,6425271104391/3435973836800,01001001000000
K23_bipartite__b8__dual_gateway,47,raw,B1|B2|B3|B5|B6,20134806687273/6871947673600,True,1,1,3212635565433/1717986918400,10001001000000
K23_bipartite__b8__dual_gateway,47,raw,B0|B1|B2|B3|B5|B6,790273982689/429496729600,True,1,1,3212635565433/1717986918400,00001001000000
K23_bipartite__b8__dual_gateway,47,raw,B4|B5|B6,253403070499/85899345920,True,1,1,6768868486521/3435973836800,00001110000000
K23_bipartite__b8__dual_gateway,47,raw,B0|B4|B5|B6,13503377236349/3435973836800,True,1,1,120259056313/1717986918400,01010000010010
K23_bipartite__b8__dual_gateway,47,raw,B1|B4|B5|B6,1640677510747/429496729600,True,1,1,79/17179869184,00001100100100
K23_bipartite__b8__dual_gateway,47,raw,B0|B1|B4|B5|B6,2430951503961/858993459200,True,1,1,120259056313/1717986918400,00010000010010
K23_bipartite__b8__dual_gateway,47,raw,B2|B4|B5|B6,6734508720853/1717986918400,True,1,1,274877907059/1374389534720,00101110000000
K23_bipartite__b8__dual_gateway,47,raw,B0|B2|B4|B5|B6,10411000727229/3435973836800,True,1,1,197568501371/171798691840,01010001000000
K23_bipartite__b8__dual_gateway,47,raw,B1|B2|B4|B5|B6,20753281977697/6871947673600,True,1,1,197568501371/171798691840,10010001000000
K23_bipartite__b8__dual_gateway,47,raw,B0|B1|B2|B4|B5|B6,1657857376681/858993459200,True,1,1,197568501371/171798691840,00010001000000
K23_bipartite__b8__dual_gateway,47,raw,B3|B4|B5|B6,27212912902731/6871947673600,True,1,1,68719454281/1374389534720,11000000010010
K23_bipartite__b8__dual_gateway,47,raw,B0|B3|B4|B5|B6,9861244969241/3435973836800,True,1,1,120259056313/1717986918400,01000000010010
K23_bipartite__b8__dual_gateway,47,raw,B1|B3|B4|B5|B6,19653770461721/6871947673600,True,1,1,120259056313/1717986918400,10000000010010
K23_bipartite__b8__dual_gateway,47,raw,B0|B1|B3|B4|B5|B6,23756538081/13421772800,True,1,1,120259056313/1717986918400,00000000010010
K23_bipartite__b8__dual_gateway,47,raw,B2|B3|B4|B5|B6,21028159884491/6871947673600,True,1,1,6425271104391/3435973836800,11000001000000
K23_bipartite__b8__dual_gateway,47,raw,B0|B2|B3|B4|B5|B6,6768868460121/3435973836800,True,1,1,6425271104391/3435973836800,01000001000000
K23_bipartite__b8__dual_gateway,47,raw,B1|B2|B3|B4|B5|B6,13469017443481/6871947673600,True,1,1,3212635565433/1717986918400,10000001000000
K23_bipartite__b8__dual_gateway,47,raw,B0|B1|B2|B3|B4|B5|B6,46707769369/53687091200,True,1,1,3212635565433/1717986918400,00000001000000
K23_bipartite__b8__dual_gateway,47,raw,B7,46707769369/53687091200,True,1,1,3212635565433/1717986918400,00000001000000
K23_bipartite__b8__dual_gateway,47,raw,B0|B7,13469017443481/6871947673600,True,1,1,3212635565433/1717986918400,10000001000000
K23_bipartite__b8__dual_gateway,47,raw,B1|B7,6768868460121/3435973836800,True,1,1,6425271104391/3435973836800,01000001000000
K23_bipartite__b8__dual_gateway,47,raw,B0|B1|B7,21028159884491/6871947673600,True,1,1,6425271104391/3435973836800,11000001000000
K23_bipartite__b8__dual_gateway,47,raw,B2|B7,23756538081/13421772800,True,1,1,120259056313/1717986918400,00000000010010
K23_bipartite__b8__dual_gateway,47,raw,B0|B2|B7,19653770461721/6871947673600,True,1,1,120259056313/1717986918400,10000000010010
K23_bipartite__b8__dual_gateway,47,raw,B1|B2|B7,9861244969241/3435973836800,True,1,1,120259056313/1717986918400,01000000010010
K23_bipartite__b8__dual_gateway,47,raw,B0|B1|B2|B7,27212912902731/6871947673600,True,1,1,68719454281/1374389534720,11000000010010
K23_bipartite__b8__dual_gateway,47,raw,B3|B7,1657857376681/858993459200,True,1,1,197568501371/171798691840,00010001000000
K23_bipartite__b8__dual_gateway,47,raw,B0|B3|B7,20753281977697/6871947673600,True,1,1,197568501371/171798691840,10010001000000
K23_bipartite__b8__dual_gateway,47,raw,B1|B3|B7,10411000727229/3435973836800,True,1,1,197568501371/171798691840,01010001000000
K23_bipartite__b8__dual_gateway,47,raw,B0|B1|B3|B7,6734508720853/1717986918400,True,1,1,274877907059/1374389534720,00101110000000
K23_bipartite__b8__dual_gateway,47,raw,B2|B3|B7,2430951503961/858993459200,True,1,1,120259056313/1717986918400,00010000010010
K23_bipartite__b8__dual_gateway,47,raw,B0|B2|B3|B7,1640677510747/429496729600,True,1,1,79/17179869184,00001100100100
K23_bipartite__b8__dual_gateway,47,raw,B1|B2|B3|B7,13503377236349/3435973836800,True,1,1,120259056313/1717986918400,01010000010010
K23_bipartite__b8__dual_gateway,47,raw,B0|B1|B2|B3|B7,253403070499/85899345920,True,1,1,6768868486521/3435973836800,00001110000000
K23_bipartite__b8__dual_gateway,47,raw,B4|B7,790273982689/429496729600,True,1,1,3212635565433/1717986918400,00001001000000
K23_bipartite__b8__dual_gateway,47,raw,B0|B4|B7,20134806687273/6871947673600,True,1,1,3212635565433/1717986918400,10001001000000
K23_bipartite__b8__dual_gateway,47,raw,B1|B4|B7,10101763082017/3435973836800,True,1,1,6425271104391/3435973836800,01001001000000
K23_bipartite__b8__dual_gateway,47,raw,B0|B1|B4|B7,6889127543459/1717986918400,True,1,1,137438954447/6871947673600,00110110000000
K23_bipartite__b8__dual_gateway,47,raw,B2|B4|B7,1176821046329/429496729600,True,1,1,120259056313/1717986918400,00001000010010
K23_bipartite__b8__dual_gateway,47,raw,B0|B2|B4|B7,26319559705513/6871947673600,True,1,1,120259056313/1717986918400,10001000010010
K23_bipartite__b8__dual_gateway,47,raw,B1|B2|B4|B7,13194139591137/3435973836800,True,1,1,120259056313/1717986918400,01001000010010
K23_bipartite__b8__dual_gateway,47,raw,B0|B1|B2|B4|B7,2611340116293/858993459200,True,1,1,197568501371/171798691840,00010110000000
K23_bipartite__b8__dual_gateway,47,raw,B3|B4|B7,498216206431/171798691840,True,1,1,850403552533/858993459200,00011001000000
K23_bipartite__b8__dual_gateway,47,raw,B0|B3|B4|B7,6562710042913/1717986918400,True,1,1,1168231049837/6871947673600,00100100100100
K23_bipartite__b8__dual_gateway,47,raw,B1|B3|B4|B7,549755813965/137438953472,True,1,1,274877905619/6871947673600,01011001000000
K23_bipartite__b8__dual_gateway,47,raw,B0|B1|B3|B4|B7,1013612281981/343597383680,True,1,1,2869038183303/1717986918400,00100110000000
K23_bipartite__b8__dual_gateway,47,raw,B2|B3|B4|B7,80799073481/26843545600,True,1,1,678604808043/858993459200,00000000100011
K23_bipartite__b8__dual_gateway,47,raw,B0|B2|B3|B4|B7,122406568301/42949672960,True,1,1,790273954489/3435973836800,00000100100100
K23_bipartite__b8__dual_gateway,47,raw,B1|B2|B3|B4|B7,21096879360377/6871947673600,True,1,1,5291400066247/6871947673600,10000110000000
K23_bipartite__b8__dual_gateway,47,raw,B0|B1|B2|B3|B4|B7,425201762379/214748364800,True,1,1,6768868486521/3435973836800,00000110000000
K23_bipartite__b8__dual_gateway,47,raw,B5|B7,77309411353/42949672960,True,1,1,3212635565433/1717986918400,00000101000000
K23_bipartite__b8__dual_gateway,47,raw,B0|B5|B7,19859928780729/6871947673600,True,1,1,5291400066247/6871947673600,10000101000000
K23_bipartite__b8__dual_gateway,47,raw,B1|B5|B7,1992864825749/687194767360,True,1,1,6425271104391/3435973836800,01000101000000
K23_bipartite__b8__dual_gateway,47,raw,B0|B1|B5|B7,27419071221739/6871947673600,True,1,1,412316858641/6871947673600,11000101000000
K23_bipartite__b8__dual_gateway,47,raw,B2|B5|B7,115964117717/42949672960,True,1,1,120259056313/1717986918400,00000100010010
K23_bipartite__b8__dual_gateway,47,raw,B0|B2|B5|B7,7516192873/2684354560,True,1,1,6803228044089/6871947673600,00000000010101
K23_bipartite__b8__dual_gateway,47,raw,B1|B2|B5|B7,2611340127573/687194767360,True,1,1,120259056313/1717986918400,01000100010010
K23_bipartite__b8__dual_gateway,47,raw,B0|B1|B2|B5|B7,2645699854611/858993459200,True,1,1,2817498679501/3435973836800,00011010000000
K23_bipartite__b8__dual_gateway,47,raw,B3|B5|B7,2456721293837/858993459200,True,1,1,197568501371/171798691840,00010101000000
K23_bipartite__b8__dual_gateway,47,raw,B0|B3|B5|B7,8053063737/2147483648,True,1,1,188978529949/1717986918400,00000001001110
K23_bipartite__b8__dual_gateway,47,raw,B1|B3|B5|B7,13606456395853/3435973836800,True,1,1,824633718707/6871947673600,01010101000000
K23_bipartite__b8__dual_gateway,47,raw,B0|B1|B3|B5|B7,5136780886541/1717986918400,True,1,1,2869038183303/1717986918400,00101010000000
K23_bipartite__b8__dual_gateway,47,raw,B2|B3|B5|B7,3229815421117/858993459200,True,1,1,120259056313/1717986918400,00010100010010
K23_bipartite__b8__dual_gateway,47,raw,B0|B2|B3|B5|B7,1241245552169/429496729600,True,1,1,79/17179869184,00001000100100
K23_bipartite__b8__dual_gateway,47,raw,B1|B2|B3|B5|B7,21371757266921/6871947673600,True,1,1,481036341721/274877906944,10001010000000
K23_bipartite__b8__dual_gateway,47,raw,B0|B1|B2|B3|B5|B7,867583393917/429496729600,True,1,1,6768868486521/3435973836800,00001010000000
K23_bipartite__b8__dual_gateway,47,raw,B4|B5|B7,1189705941267/429496729600,True,1,1,3212635565433/1717986918400,00001101000000
K23_bipartite__b8__dual_gateway,47,raw,B0|B4|B5|B7,26525718024521/6871947673600,True,1,1,618475344099/6871947673600,10001101000000
K23_bipartite__b8__dual_gateway,47,raw,B1|B4|B5|B7,13297218750641/3435973836800,True,1,1,412316859911/1374389534720,01001101000000
K23_bipartite__b8__dual_gateway,47,raw,B0|B1|B4|B5|B7,5291399709147/1717986918400,True,1,1,197568501371/171798691840,00110010000000
K23_bipartite__b8__dual_gateway,47,raw,B2|B4|B5|B7,1576253004907/429496729600,True,1,1,120259056313/1717986918400,00001100010010
K23_bipartite__b8__dual_gateway,47,raw,B0|B2|B4|B5|B7,2559800515641/858993459200,True,1,1,790273954489/3435973836800,00010000100100
K23_bipartite__b8__dual_gateway,47,raw,B1|B2|B4|B5|B7,4398046511469/1374389534720,True,1,1,197568501371/171798691840,10010010000000
K23_bipartite__b8__dual_gateway,47,raw,B0|B1|B2|B4|B5|B7,1812476199137/858993459200,True,1,1,197568501371/171798691840,00010010000000
K23_bipartite__b8__dual_gateway,47,raw,B3|B4|B5|B7,3289944949311/858993459200,True,1,1,206158440833/1374389534720,00011101000000
K23_bipartite__b8__dual_gateway,47,raw,B0|B3|B4|B5|B7,4964982208601/1717986918400,True,1,1,790273954489/3435973836800,00100000100100
K23_bipartite__b8__dual_gateway,47,raw,B1|B3|B4|B5|B7,21371757266621/6871947673600,True,1,1,2869038183303/1717986918400,10100010000000
K23_bipartite__b8__dual_gateway,47,raw,B0|B1|B3|B4|B5|B7,3470333575593/1717986918400,True,1,1,2869038183303/1717986918400,00100010000000
K23_bipartite__b8__dual_gateway,47,raw,B2|B3|B4|B5|B7,20684562555161/6871947673600,True,1,1,790273954489/3435973836800,10000000100100
K23_bipartite__b8__dual_gateway,47,raw,B0|B2|B3|B4|B5|B7,51539607777/26843545600,True,1,1,790273954489/3435973836800,00000000100100
K23_bipartite__b8__dual_gateway,47,raw,B1|B2|B3|B4|B5|B7,14705968023129/6871947673600,True,1,1,6768868486521/3435973836800,10000010000000
K23_bipartite__b8__dual_gateway,47,raw,B0|B1|B2|B3|B4|B5|B7,22548578309/21474836480,True,1,1,6768868486521/3435973836800,00000010000000
K23_bipartite__b8__dual_gateway,47,raw,B6|B7,206158430283/107374182400,True,1,1,3212635565433/1717986918400,00000011000000
K23_bipartite__b8__dual_gateway,47,raw,B0|B6|B7,20684562502361/6871947673600,True,1,1,3212635565433/1717986918400,10000011000000
K23_bipartite__b8__dual_gateway,47,raw,B1|B6|B7,149786984923/53687091200,True,1,1,790273954489/3435973836800,00000001100100
K23_bipartite__b8__dual_gateway,47,raw,B0|B1|B6|B7,26663157034393/6871947673600,True,1,1,68719464871/1374389534720,10000001100100
K23_bipartite__b8__dual_gateway,47,raw,B2|B6|B7,302795196193/107374182400,True,1,1,120259056313/1717986918400,00000010010010
K23_bipartite__b8__dual_gateway,47,raw,B0|B2|B6|B7,26869315520601/6871947673600,True,1,1,120259056313/1717986918400,10000010010010
K23_bipartite__b8__dual_gateway,47,raw,B1|B2|B6|B7,99052683939/26843545600,True,1,1,120259056313/1717986918400,00000000110110
K23_bipartite__b8__dual_gateway,47,raw,B0|B1|B2|B6|B7,2542620639407/858993459200,True,1,1,850403552533/858993459200,00011100000000
K23_bipartite__b8__dual_gateway,47,raw,B3|B6|B7,2559800509041/858993459200,True,1,1,197568501371/171798691840,00010011000000
K23_bipartite__b8__dual_gateway,47,raw,B0|B3|B6|B7,13640816132771/3435973836800,True,1,1,137438954207/1374389534720,01101100000000
K23_bipartite__b8__dual_gateway,47,raw,B1|B3|B6|B7,661424965109/171798691840,True,1,1,755914184421/6871947673600,00010001100100
K23_bipartite__b8__dual_gateway,47,raw,B0|B1|B3|B6|B7,4930622456133/1717986918400,True,1,1,2869038183303/1717986918400,00101100000000
K23_bipartite__b8__dual_gateway,47,raw,B2|B3|B6|B7,3332894636321/858993459200,True,1,1,120259056313/1717986918400,00010010010010
K23_bipartite__b8__dual_gateway,47,raw,B0|B2|B3|B6|B7,412316860441/137438953472,True,1,1,6425271104391/3435973836800,01001100000000
K23_bipartite__b8__dual_gateway,47,raw,B1|B2|B3|B6|B7,20547123545289/6871947673600,True,1,1,5291400066247/6871947673600,10001100000000
K23_bipartite__b8__dual_gateway,47,raw,B0|B1|B2|B3|B6|B7,163208757263/85899345920,True,1,1,919123004119/429496729600,00001100000000
K23_bipartite__b8__dual_gateway,47,raw,B4|B6|B7,1241245548869/429496729600,True,1,1,3212635565433/1717986918400,00001011000000
K23_bipartite__b8__dual_gateway,47,raw,B0|B4|B6|B7,27350351746153/6871947673600,True,1,1,549755809813/6871947673600,10001011000000
K23_bipartite__b8__dual_gateway,47,raw,B1|B4|B6|B7,1614907707121/429496729600,True,1,1,79/17179869184,00001001100100
K23_bipartite__b8__dual_gateway,47,raw,B0|B1|B4|B6|B7,5085241278739/1717986918400,True,1,1,197568501371/171798691840,00110100000000
K23_bipartite__b8__dual_gateway,47,raw,B2|B4|B6|B7,1627792612509/429496729600,True,1,1,120259056313/1717986918400,00001010010010
K23_bipartite__b8__dual_gateway,47,raw,B0|B2|B4|B6|B7,10617159156237/3435973836800,True,1,1,197568501371/171798691840,01010100000000
K23_bipartite__b8__dual_gateway,47,raw,B1|B2|B4|B6|B7,19327353007/6710886400,True,1,1,274877871309/1374389534720,00000000001110
K23_bipartite__b8__dual_gateway,47,raw,B0|B1|B2|B4|B6|B7,1709396983933/858993459200,True,1,1,197568501371/171798691840,00010100000000
K23_bipartite__b8__dual_gateway,47,raw,B3|B4|B6|B7,678604832903/171798691840,True,1,1,962072669879/6871947673600,00011011000000
K23_bipartite__b8__dual_gateway,47,raw,B0|B3|B4|B6|B7,412316860435/137438953472,True,1,1,2869038183303/1717986918400,01100100000000
K23_bipartite__b8__dual_gateway,47,raw,B1|B3|B4|B6|B7,20547123544989/6871947673600,True,1,1,4672924689123/6871947673600,10100100000000
K23_bipartite__b8__dual_gateway,47,raw,B0|B1|B3|B4|B6|B7,652835029037/343597383680,True,1,1,2869038183303/1717986918400,00100100000000
K23_bipartite__b8__dual_gateway,47,raw,B2|B3|B4|B6|B7,21440476742507/6871947673600,True,1,1,5291400066247/6871947673600,11000100000000
K23_bipartite__b8__dual_gateway,47,raw,B0|B2|B3|B4|B6|B7,6975026889129/3435973836800,True,1,1,6425271104391/3435973836800,01000100000000
K23_bipartite__b8__dual_gateway,47,raw,B1|B2|B3|B4|B6|B7,13881334301497/6871947673600,True,1,1,5291400066247/6871947673600,10000100000000
K23_bipartite__b8__dual_gateway,47,raw,B0|B1|B2|B3|B4|B6|B7,199715979289/214748364800,True,1,1,4054449198949/1374389534720,00000100000000
K23_bipartite__b8__dual_gateway,47,raw,B5|B6|B7,122406567971/42949672960,True,1,1,3212635565433/1717986918400,00000111000000
K23_bipartite__b8__dual_gateway,47,raw,B0|B5|B6|B7,27075473839609/6871947673600,True,1,1,1099511622901/6871947673600,10000111000000
K23_bipartite__b8__dual_gateway,47,raw,B1|B5|B6|B7,798863918981/214748364800,True,1,1,790273954489/3435973836800,00000101100100
K23_bipartite__b8__dual_gateway,47,raw,B0|B1|B5|B6|B7,206158430215/68719476736,True,1,1,1511828567217/1717986918400,00111000000000
K23_bipartite__b8__dual_gateway,47,raw,B2|B5|B6|B7,32212254867/8589934592,True,1,1,120259056313/1717986918400,00000110010010
K23_bipartite__b8__dual_gateway,47,raw,B0|B2|B5|B6|B7,10754598109509/3435973836800,True,1,1,2473901297371/3435973836800,01011000000000
K23_bipartite__b8__dual_gateway,47,raw,B1|B2|B5|B6|B7,21440476742257/6871947673600,True,1,1,850403552533/858993459200,10011000000000
K23_bipartite__b8__dual_gateway,47,raw,B0|B1|B2|B5|B6|B7,1743756722251/858993459200,True,1,1,850403552533/858993459200,00011000000000
K23_bipartite__b8__dual_gateway,47,raw,B3|B5|B6|B7,3358664426197/858993459200,True,1,1,1511828482967/6871947673600,00010111000000
K23_bipartite__b8__dual_gateway,47,raw,B0|B3|B5|B6|B7,10445360464147/3435973836800,True,1,1,2869038183303/1717986918400,01101000000000
K23_bipartite__b8__dual_gateway,47,raw,B1|B3|B5|B6|B7,20822001451533/6871947673600,True,1,1,2869038183303/1717986918400,10101000000000
K23_bipartite__b8__dual_gateway,47,raw,B0|B1|B3|B5|B6|B7,3332894621821/1717986918400,True,1,1,2869038183303/1717986918400,00101000000000
K23_bipartite__b8__dual_gateway,47,raw,B2|B3|B5|B6|B7,21715354649051/6871947673600,True,1,1,2267742755753/1374389534720,11001000000000
K23_bipartite__b8__dual_gateway,47,raw,B0|B2|B3|B5|B6|B7,7112465842401/3435973836800,True,1,1,6425271104391/3435973836800,01001000000000
K23_bipartite__b8__dual_gateway,47,raw,B1|B2|B3|B5|B6|B7,14156212208041/6871947673600,True,1,1,919123004119/429496729600,10001000000000
K23_bipartite__b8__dual_gateway,47,raw,B0|B1|B2|B3|B5|B6|B7,416611827737/429496729600,True,1,1,919123004119/429496729600,00001000000000
K23_bipartite__b8__dual_gateway,47,raw,B4|B5|B6|B7,1640677507447/429496729600,True,1,1,549755812763/1374389534720,00001111000000
K23_bipartite__b8__dual_gateway,47,raw,B0|B4|B5|B6|B7,10754598109359/3435973836800,True,1,1,197568501371/171798691840,01110000000000
K23_bipartite__b8__dual_gateway,47,raw,B1|B4|B5|B6|B7,21440476741957/6871947673600,True,1,1,197568501371/171798691840,10110000000000
K23_bipartite__b8__dual_gateway,47,raw,B0|B1|B4|B5|B6|B7,3487513444427/1717986918400,True,1,1,197568501371/171798691840,00110000000000
K23_bipartite__b8__dual_gateway,47,raw,B2|B4|B5|B6|B7,893353197579/274877906944,True,1,1,197568501371/171798691840,11010000000000
K23_bipartite__b8__dual_gateway,47,raw,B0|B2|B4|B5|B6|B7,7421703487613/3435973836800,True,1,1,197568501371/171798691840,01010000000000
K23_bipartite__b8__dual_gateway,47,raw,B1|B2|B4|B5|B6|B7,2954937499693/1374389534720,True,1,1,197568501371/171798691840,10010000000000
K23_bipartite__b8__dual_gateway,47,raw,B0|B1|B2|B4|B5|B6|B7,910533066777/858993459200,True,1,1,197568501371/171798691840,00010000000000
K23_bipartite__b8__dual_gateway,47,raw,B3|B4|B5|B6|B7,21715354648751/6871947673600,True,1,1,2869038183303/1717986918400,11100000000000
K23_bipartite__b8__dual_gateway,47,raw,B0|B3|B4|B5|B6|B7,7112465842251/3435973836800,True,1,1,2869038183303/1717986918400,01100000000000
K23_bipartite__b8__dual_gateway,47,raw,B1|B3|B4|B5|B6|B7,14156212207741/6871947673600,True,1,1,2869038183303/1717986918400,10100000000000
K23_bipartite__b8__dual_gateway,47,raw,B0|B1|B3|B4|B5|B6|B7,1666447310873/1717986918400,True,1,1,2869038183303/1717986918400,00100000000000
K23_bipartite__b8__dual_gateway,47,raw,B2|B3|B4|B5|B6|B7,15049565405259/6871947673600,True,1,1,6425271104391/3435973836800,11000000000000
K23_bipartite__b8__dual_gateway,47,raw,B0|B2|B3|B4|B5|B6|B7,755914244101/687194767360,True,1,1,6425271104391/3435973836800,01000000000000
K23_bipartite__b8__dual_gateway,47,raw,B1|B2|B3|B4|B5|B6|B7,7490422964249/6871947673600,True,1,1,18073222740743/6871947673600,10000000000000
K23_bipartite__b8__dual_gateway,47,five_move_reduced,B0,7490422964249/6871947673600,True,1,1,18073222740743/6871947673600,10000000000000
K23_bipartite__b8__dual_gateway,47,five_move_reduced,B1,755914244101/687194767360,True,1,1,6425271104391/3435973836800,01000000000000
K23_bipartite__b8__dual_gateway,47,five_move_reduced,B0|B1,15049565405259/6871947673600,True,1,1,6425271104391/3435973836800,11000000000000
K23_bipartite__b8__dual_gateway,47,five_move_reduced,B2,1666447310873/1717986918400,True,1,1,2869038183303/1717986918400,00100000000000
K23_bipartite__b8__dual_gateway,47,five_move_reduced,B0|B2,14156212207741/6871947673600,True,1,1,2869038183303/1717986918400,10100000000000
K23_bipartite__b8__dual_gateway,47,five_move_reduced,B1|B2,7112465842251/3435973836800,True,1,1,2869038183303/1717986918400,01100000000000
K23_bipartite__b8__dual_gateway,47,five_move_reduced,B0|B1|B2,21715354648751/6871947673600,True,1,1,2869038183303/1717986918400,11100000000000
K23_bipartite__b8__dual_gateway,47,five_move_reduced,B3,910533066777/858993459200,True,1,1,197568501371/171798691840,00010000000000
K23_bipartite__b8__dual_gateway,47,five_move_reduced,B0|B3,2954937499693/1374389534720,True,1,1,197568501371/171798691840,10010000000000
K23_bipartite__b8__dual_gateway,47,five_move_reduced,B1|B3,7421703487613/3435973836800,True,1,1,197568501371/171798691840,01010000000000
K23_bipartite__b8__dual_gateway,47,five_move_reduced,B0|B1|B3,893353197579/274877906944,True,1,1,197568501371/171798691840,11010000000000
K23_bipartite__b8__dual_gateway,47,five_move_reduced,B2|B3,3487513444427/1717986918400,True,1,1,197568501371/171798691840,00110000000000
K23_bipartite__b8__dual_gateway,47,five_move_reduced,B0|B2|B3,21440476741957/6871947673600,True,1,1,197568501371/171798691840,10110000000000
K23_bipartite__b8__dual_gateway,47,five_move_reduced,B1|B2|B3,10754598109359/3435973836800,True,1,1,197568501371/171798691840,01110000000000
K23_bipartite__b8__dual_gateway,47,five_move_reduced,B0|B1|B2|B3,1640677507447/429496729600,True,1,1,549755812763/1374389534720,00001111000000
K23_bipartite__b8__dual_gateway,47,five_move_reduced,B4,416611827737/429496729600,True,1,1,919123004119/429496729600,00001000000000
K23_bipartite__b8__dual_gateway,47,five_move_reduced,B0|B4,14156212208041/6871947673600,True,1,1,919123004119/429496729600,10001000000000
K23_bipartite__b8__dual_gateway,47,five_move_reduced,B1|B4,7112465842401/3435973836800,True,1,1,6425271104391/3435973836800,01001000000000
K23_bipartite__b8__dual_gateway,47,five_move_reduced,B0|B1|B4,21715354649051/6871947673600,True,1,1,2267742755753/1374389534720,11001000000000
K23_bipartite__b8__dual_gateway,47,five_move_reduced,B2|B4,3332894621821/1717986918400,True,1,1,2869038183303/1717986918400,00101000000000
K23_bipartite__b8__dual_gateway,47,five_move_reduced,B0|B2|B4,20822001451533/6871947673600,True,1,1,2869038183303/1717986918400,10101000000000
K23_bipartite__b8__dual_gateway,47,five_move_reduced,B1|B2|B4,10445360464147/3435973836800,True,1,1,2869038183303/1717986918400,01101000000000
K23_bipartite__b8__dual_gateway,47,five_move_reduced,B0|B1|B2|B4,3358664426197/858993459200,True,1,1,1511828482967/6871947673600,00010111000000
K23_bipartite__b8__dual_gateway,47,five_move_reduced,B3|B4,1743756722251/858993459200,True,1,1,850403552533/858993459200,00011000000000
K23_bipartite__b8__dual_gateway,47,five_move_reduced,B0|B3|B4,21440476742257/6871947673600,True,1,1,850403552533/858993459200,10011000000000
K23_bipartite__b8__dual_gateway,47,five_move_reduced,B1|B3|B4,10754598109509/3435973836800,True,1,1,2473901297371/3435973836800,01011000000000
K23_bipartite__b8__dual_gateway,47,five_move_reduced,B0|B1|B3|B4,32212254867/8589934592,True,1,1,120259056313/1717986918400,00000110010010
K23_bipartite__b8__dual_gateway,47,five_move_reduced,B2|B3|B4,206158430215/68719476736,True,1,1,1511828567217/1717986918400,00111000000000
K23_bipartite__b8__dual_gateway,47,five_move_reduced,B0|B2|B3|B4,798863918981/214748364800,True,1,1,790273954489/3435973836800,00000101100100
K23_bipartite__b8__dual_gateway,47,five_move_reduced,B1|B2|B3|B4,27075473839609/6871947673600,True,1,1,1099511622901/6871947673600,10000111000000
K23_bipartite__b8__dual_gateway,47,five_move_reduced,B0|B1|B2|B3|B4,122406567971/42949672960,True,1,1,3212635565433/1717986918400,00000111000000
K23_bipartite__b8__dual_gateway,47,five_move_reduced,B5,199715979289/214748364800,True,1,1,4054449198949/1374389534720,00000100000000
K23_bipartite__b8__dual_gateway,47,five_move_reduced,B0|B5,13881334301497/6871947673600,True,1,1,5291400066247/6871947673600,10000100000000
K23_bipartite__b8__dual_gateway,47,five_move_reduced,B1|B5,6975026889129/3435973836800,True,1,1,6425271104391/3435973836800,01000100000000
K23_bipartite__b8__dual_gateway,47,five_move_reduced,B0|B1|B5,21440476742507/6871947673600,True,1,1,5291400066247/6871947673600,11000100000000
K23_bipartite__b8__dual_gateway,47,five_move_reduced,B2|B5,652835029037/343597383680,True,1,1,2869038183303/1717986918400,00100100000000
K23_bipartite__b8__dual_gateway,47,five_move_reduced,B0|B2|B5,20547123544989/6871947673600,True,1,1,4672924689123/6871947673600,10100100000000
K23_bipartite__b8__dual_gateway,47,five_move_reduced,B1|B2|B5,412316860435/137438953472,True,1,1,2869038183303/1717986918400,01100100000000
K23_bipartite__b8__dual_gateway,47,five_move_reduced,B0|B1|B2|B5,678604832903/171798691840,True,1,1,962072669879/6871947673600,00011011000000
K23_bipartite__b8__dual_gateway,47,five_move_reduced,B3|B5,1709396983933/858993459200,True,1,1,197568501371/171798691840,00010100000000
K23_bipartite__b8__dual_gateway,47,five_move_reduced,B0|B3|B5,19327353007/6710886400,True,1,1,274877871309/1374389534720,00000000001110
K23_bipartite__b8__dual_gateway,47,five_move_reduced,B1|B3|B5,10617159156237/3435973836800,True,1,1,197568501371/171798691840,01010100000000
K23_bipartite__b8__dual_gateway,47,five_move_reduced,B0|B1|B3|B5,1627792612509/429496729600,True,1,1,120259056313/1717986918400,00001010010010
K23_bipartite__b8__dual_gateway,47,five_move_reduced,B2|B3|B5,5085241278739/1717986918400,True,1,1,197568501371/171798691840,00110100000000
K23_bipartite__b8__dual_gateway,47,five_move_reduced,B0|B2|B3|B5,1614907707121/429496729600,True,1,1,79/17179869184,00001001100100
K23_bipartite__b8__dual_gateway,47,five_move_reduced,B1|B2|B3|B5,27350351746153/6871947673600,True,1,1,549755809813/6871947673600,10001011000000
K23_bipartite__b8__dual_gateway,47,five_move_reduced,B0|B1|B2|B3|B5,1241245548869/429496729600,True,1,1,3212635565433/1717986918400,00001011000000
K23_bipartite__b8__dual_gateway,47,five_move_reduced,B4|B5,163208757263/85899345920,True,1,1,919123004119/429496729600,00001100000000
K23_bipartite__b8__dual_gateway,47,five_move_reduced,B0|B4|B5,20547123545289/6871947673600,True,1,1,5291400066247/6871947673600,10001100000000
K23_bipartite__b8__dual_gateway,47,five_move_reduced,B1|B4|B5,412316860441/137438953472,True,1,1,6425271104391/3435973836800,01001100000000
K23_bipartite__b8__dual_gateway,47,five_move_reduced,B0|B1|B4|B5,3332894636321/858993459200,True,1,1,120259056313/1717986918400,00010010010010
K23_bipartite__b8__dual_gateway,47,five_move_reduced,B2|B4|B5,4930622456133/1717986918400,True,1,1,2869038183303/1717986918400,00101100000000
K23_bipartite__b8__dual_gateway,47,five_move_reduced,B0|B2|B4|B5,661424965109/171798691840,True,1,1,755914184421/6871947673600,00010001100100
K23_bipartite__b8__dual_gateway,47,five_move_reduced,B1|B2|B4|B5,13640816132771/3435973836800,True,1,1,137438954207/1374389534720,01101100000000
K23_bipartite__b8__dual_gateway,47,five_move_reduced,B0|B1|B2|B4|B5,2559800509041/858993459200,True,1,1,197568501371/171798691840,00010011000000
K23_bipartite__b8__dual_gateway,47,five_move_reduced,B3|B4|B5,2542620639407/858993459200,True,1,1,850403552533/858993459200,00011100000000
K23_bipartite__b8__dual_gateway,47,five_move_reduced,B0|B3|B4|B5,99052683939/26843545600,True,1,1,120259056313/1717986918400,00000000110110
K23_bipartite__b8__dual_gateway,47,five_move_reduced,B1|B3|B4|B5,26869315520601/6871947673600,True,1,1,120259056313/1717986918400,10000010010010
K23_bipartite__b8__dual_gateway,47,five_move_reduced,B0|B1|B3|B4|B5,302795196193/107374182400,True,1,1,120259056313/1717986918400,00000010010010
K23_bipartite__b8__dual_gateway,47,five_move_reduced,B2|B3|B4|B5,26663157034393/6871947673600,True,1,1,68719464871/1374389534720,10000001100100
K23_bipartite__b8__dual_gateway,47,five_move_reduced,B0|B2|B3|B4|B5,149786984923/53687091200,True,1,1,790273954489/3435973836800,00000001100100
K23_bipartite__b8__dual_gateway,47,five_move_reduced,B1|B2|B3|B4|B5,20684562502361/6871947673600,True,1,1,3212635565433/1717986918400,10000011000000
K23_bipartite__b8__dual_gateway,47,five_move_reduced,B0|B1|B2|B3|B4|B5,206158430283/107374182400,True,1,1,3212635565433/1717986918400,00000011000000
K23_bipartite__b8__dual_gateway,47,five_move_reduced,B6,22548578309/21474836480,True,1,1,6768868486521/3435973836800,00000010000000
K23_bipartite__b8__dual_gateway,47,five_move_reduced,B0|B6,14705968023129/6871947673600,True,1,1,6768868486521/3435973836800,10000010000000
K23_bipartite__b8__dual_gateway,47,five_move_reduced,B1|B6,51539607777/26843545600,True,1,1,790273954489/3435973836800,00000000100100
K23_bipartite__b8__dual_gateway,47,five_move_reduced,B0|B1|B6,20684562555161/6871947673600,True,1,1,790273954489/3435973836800,10000000100100
K23_bipartite__b8__dual_gateway,47,five_move_reduced,B2|B6,3470333575593/1717986918400,True,1,1,2869038183303/1717986918400,00100010000000
K23_bipartite__b8__dual_gateway,47,five_move_reduced,B0|B2|B6,21371757266621/6871947673600,True,1,1,2869038183303/1717986918400,10100010000000
K23_bipartite__b8__dual_gateway,47,five_move_reduced,B1|B2|B6,4964982208601/1717986918400,True,1,1,790273954489/3435973836800,00100000100100
K23_bipartite__b8__dual_gateway,47,five_move_reduced,B0|B1|B2|B6,3289944949311/858993459200,True,1,1,206158440833/1374389534720,00011101000000
K23_bipartite__b8__dual_gateway,47,five_move_reduced,B3|B6,1812476199137/858993459200,True,1,1,197568501371/171798691840,00010010000000
K23_bipartite__b8__dual_gateway,47,five_move_reduced,B0|B3|B6,4398046511469/1374389534720,True,1,1,197568501371/171798691840,10010010000000
K23_bipartite__b8__dual_gateway,47,five_move_reduced,B1|B3|B6,2559800515641/858993459200,True,1,1,790273954489/3435973836800,00010000100100
K23_bipartite__b8__dual_gateway,47,five_move_reduced,B0|B1|B3|B6,1576253004907/429496729600,True,1,1,120259056313/1717986918400,00001100010010
K23_bipartite__b8__dual_gateway,47,five_move_reduced,B2|B3|B6,5291399709147/1717986918400,True,1,1,197568501371/171798691840,00110010000000
K23_bipartite__b8__dual_gateway,47,five_move_reduced,B0|B2|B3|B6,13297218750641/3435973836800,True,1,1,412316859911/1374389534720,01001101000000
K23_bipartite__b8__dual_gateway,47,five_move_reduced,B1|B2|B3|B6,26525718024521/6871947673600,True,1,1,618475344099/6871947673600,10001101000000
K23_bipartite__b8__dual_gateway,47,five_move_reduced,B0|B1|B2|B3|B6,1189705941267/429496729600,True,1,1,3212635565433/1717986918400,00001101000000
K23_bipartite__b8__dual_gateway,47,five_move_reduced,B4|B6,867583393917/429496729600,True,1,1,6768868486521/3435973836800,00001010000000
K23_bipartite__b8__dual_gateway,47,five_move_reduced,B0|B4|B6,21371757266921/6871947673600,True,1,1,481036341721/274877906944,10001010000000
K23_bipartite__b8__dual_gateway,47,five_move_reduced,B1|B4|B6,1241245552169/429496729600,True,1,1,79/17179869184,00001000100100
K23_bipartite__b8__dual_gateway,47,five_move_reduced,B0|B1|B4|B6,3229815421117/858993459200,True,1,1,120259056313/1717986918400,00010100010010
K23_bipartite__b8__dual_gateway,47,five_move_reduced,B2|B4|B6,5136780886541/1717986918400,True,1,1,2869038183303/1717986918400,00101010000000
K23_bipartite__b8__dual_gateway,47,five_move_reduced,B0|B2|B4|B6,13606456395853/3435973836800,True,1,1,824633718707/6871947673600,01010101000000
K23_bipartite__b8__dual_gateway,47,five_move_reduced,B1|B2|B4|B6,8053063737/2147483648,True,1,1,188978529949/1717986918400,00000001001110
K23_bipartite__b8__dual_gateway,47,five_move_reduced,B0|B1|B2|B4|B6,2456721293837/858993459200,True,1,1,197568501371/171798691840,00010101000000
K23_bipartite__b8__dual_gateway,47,five_move_reduced,B3|B4|B6,2645699854611/858993459200,True,1,1,2817498679501/3435973836800,00011010000000
K23_bipartite__b8__dual_gateway,47,five_move_reduced,B0|B3|B4|B6,2611340127573/687194767360,True,1,1,120259056313/1717986918400,01000100010010
K23_bipartite__b8__dual_gateway,47,five_move_reduced,B1|B3|B4|B6,7516192873/2684354560,True,1,1,6803228044089/6871947673600,00000000010101
K23_bipartite__b8__dual_gateway,47,five_move_reduced,B0|B1|B3|B4|B6,115964117717/42949672960,True,1,1,120259056313/1717986918400,00000100010010
K23_bipartite__b8__dual_gateway,47,five_move_reduced,B2|B3|B4|B6,27419071221739/6871947673600,True,1,1,412316858641/6871947673600,11000101000000
K23_bipartite__b8__dual_gateway,47,five_move_reduced,B0|B2|B3|B4|B6,1992864825749/687194767360,True,1,1,6425271104391/3435973836800,01000101000000
K23_bipartite__b8__dual_gateway,47,five_move_reduced,B1|B2|B3|B4|B6,19859928780729/6871947673600,True,1,1,5291400066247/6871947673600,10000101000000
K23_bipartite__b8__dual_gateway,47,five_move_reduced,B0|B1|B2|B3|B4|B6,77309411353/42949672960,True,1,1,3212635565433/1717986918400,00000101000000
K23_bipartite__b8__dual_gateway,47,five_move_reduced,B5|B6,425201762379/214748364800,True,1,1,6768868486521/3435973836800,00000110000000
K23_bipartite__b8__dual_gateway,47,five_move_reduced,B0|B5|B6,21096879360377/6871947673600,True,1,1,5291400066247/6871947673600,10000110000000
K23_bipartite__b8__dual_gateway,47,five_move_reduced,B1|B5|B6,122406568301/42949672960,True,1,1,790273954489/3435973836800,00000100100100
K23_bipartite__b8__dual_gateway,47,five_move_reduced,B0|B1|B5|B6,80799073481/26843545600,True,1,1,678604808043/858993459200,00000000100011
K23_bipartite__b8__dual_gateway,47,five_move_reduced,B2|B5|B6,1013612281981/343597383680,True,1,1,2869038183303/1717986918400,00100110000000
K23_bipartite__b8__dual_gateway,47,five_move_reduced,B0|B2|B5|B6,549755813965/137438953472,True,1,1,274877905619/6871947673600,01011001000000
K23_bipartite__b8__dual_gateway,47,five_move_reduced,B1|B2|B5|B6,6562710042913/1717986918400,True,1,1,1168231049837/6871947673600,00100100100100
K23_bipartite__b8__dual_gateway,47,five_move_reduced,B0|B1|B2|B5|B6,498216206431/171798691840,True,1,1,850403552533/858993459200,00011001000000
K23_bipartite__b8__dual_gateway,47,five_move_reduced,B3|B5|B6,2611340116293/858993459200,True,1,1,197568501371/171798691840,00010110000000
K23_bipartite__b8__dual_gateway,47,five_move_reduced,B0|B3|B5|B6,13194139591137/3435973836800,True,1,1,120259056313/1717986918400,01001000010010
K23_bipartite__b8__dual_gateway,47,five_move_reduced,B1|B3|B5|B6,26319559705513/6871947673600,True,1,1,120259056313/1717986918400,10001000010010
K23_bipartite__b8__dual_gateway,47,five_move_reduced,B0|B1|B3|B5|B6,1176821046329/429496729600,True,1,1,120259056313/1717986918400,00001000010010
K23_bipartite__b8__dual_gateway,47,five_move_reduced,B2|B3|B5|B6,6889127543459/1717986918400,True,1,1,137438954447/6871947673600,00110110000000
K23_bipartite__b8__dual_gateway,47,five_move_reduced,B0|B2|B3|B5|B6,10101763082017/3435973836800,True,1,1,6425271104391/3435973836800,01001001000000
K23_bipartite__b8__dual_gateway,47,five_move_reduced,B1|B2|B3|B5|B6,20134806687273/6871947673600,True,1,1,3212635565433/1717986918400,10001001000000
K23_bipartite__b8__dual_gateway,47,five_move_reduced,B0|B1|B2|B3|B5|B6,790273982689/429496729600,True,1,1,3212635565433/1717986918400,00001001000000
K23_bipartite__b8__dual_gateway,47,five_move_reduced,B4|B5|B6,253403070499/85899345920,True,1,1,6768868486521/3435973836800,00001110000000
K23_bipartite__b8__dual_gateway,47,five_move_reduced,B0|B4|B5|B6,13503377236349/3435973836800,True,1,1,120259056313/1717986918400,01010000010010
K23_bipartite__b8__dual_gateway,47,five_move_reduced,B1|B4|B5|B6,1640677510747/429496729600,True,1,1,79/17179869184,00001100100100
K23_bipartite__b8__dual_gateway,47,five_move_reduced,B0|B1|B4|B5|B6,2430951503961/858993459200,True,1,1,120259056313/1717986918400,00010000010010
K23_bipartite__b8__dual_gateway,47,five_move_reduced,B2|B4|B5|B6,6734508720853/1717986918400,True,1,1,274877907059/1374389534720,00101110000000
K23_bipartite__b8__dual_gateway,47,five_move_reduced,B0|B2|B4|B5|B6,10411000727229/3435973836800,True,1,1,197568501371/171798691840,01010001000000
K23_bipartite__b8__dual_gateway,47,five_move_reduced,B1|B2|B4|B5|B6,20753281977697/6871947673600,True,1,1,197568501371/171798691840,10010001000000
K23_bipartite__b8__dual_gateway,47,five_move_reduced,B0|B1|B2|B4|B5|B6,1657857376681/858993459200,True,1,1,197568501371/171798691840,00010001000000
K23_bipartite__b8__dual_gateway,47,five_move_reduced,B3|B4|B5|B6,27212912902731/6871947673600,True,1,1,68719454281/1374389534720,11000000010010
K23_bipartite__b8__dual_gateway,47,five_move_reduced,B0|B3|B4|B5|B6,9861244969241/3435973836800,True,1,1,120259056313/1717986918400,01000000010010
K23_bipartite__b8__dual_gateway,47,five_move_reduced,B1|B3|B4|B5|B6,19653770461721/6871947673600,True,1,1,120259056313/1717986918400,10000000010010
K23_bipartite__b8__dual_gateway,47,five_move_reduced,B0|B1|B3|B4|B5|B6,23756538081/13421772800,True,1,1,120259056313/1717986918400,00000000010010
K23_bipartite__b8__dual_gateway,47,five_move_reduced,B2|B3|B4|B5|B6,21028159884491/6871947673600,True,1,1,6425271104391/3435973836800,11000001000000
K23_bipartite__b8__dual_gateway,47,five_move_reduced,B0|B2|B3|B4|B5|B6,6768868460121/3435973836800,True,1,1,6425271104391/3435973836800,01000001000000
K23_bipartite__b8__dual_gateway,47,five_move_reduced,B1|B2|B3|B4|B5|B6,13469017443481/6871947673600,True,1,1,3212635565433/1717986918400,10000001000000
K23_bipartite__b8__dual_gateway,47,five_move_reduced,B0|B1|B2|B3|B4|B5|B6,46707769369/53687091200,True,1,1,3212635565433/1717986918400,00000001000000
K23_bipartite__b8__dual_gateway,47,five_move_reduced,B7,46707769369/53687091200,True,1,1,3212635565433/1717986918400,00000001000000
K23_bipartite__b8__dual_gateway,47,five_move_reduced,B0|B7,13469017443481/6871947673600,True,1,1,3212635565433/1717986918400,10000001000000
K23_bipartite__b8__dual_gateway,47,five_move_reduced,B1|B7,6768868460121/3435973836800,True,1,1,6425271104391/3435973836800,01000001000000
K23_bipartite__b8__dual_gateway,47,five_move_reduced,B0|B1|B7,21028159884491/6871947673600,True,1,1,6425271104391/3435973836800,11000001000000
K23_bipartite__b8__dual_gateway,47,five_move_reduced,B2|B7,23756538081/13421772800,True,1,1,120259056313/1717986918400,00000000010010
K23_bipartite__b8__dual_gateway,47,five_move_reduced,B0|B2|B7,19653770461721/6871947673600,True,1,1,120259056313/1717986918400,10000000010010
K23_bipartite__b8__dual_gateway,47,five_move_reduced,B1|B2|B7,9861244969241/3435973836800,True,1,1,120259056313/1717986918400,01000000010010
K23_bipartite__b8__dual_gateway,47,five_move_reduced,B0|B1|B2|B7,27212912902731/6871947673600,True,1,1,68719454281/1374389534720,11000000010010
K23_bipartite__b8__dual_gateway,47,five_move_reduced,B3|B7,1657857376681/858993459200,True,1,1,197568501371/171798691840,00010001000000
K23_bipartite__b8__dual_gateway,47,five_move_reduced,B0|B3|B7,20753281977697/6871947673600,True,1,1,197568501371/171798691840,10010001000000
K23_bipartite__b8__dual_gateway,47,five_move_reduced,B1|B3|B7,10411000727229/3435973836800,True,1,1,197568501371/171798691840,01010001000000
K23_bipartite__b8__dual_gateway,47,five_move_reduced,B0|B1|B3|B7,6734508720853/1717986918400,True,1,1,274877907059/1374389534720,00101110000000
K23_bipartite__b8__dual_gateway,47,five_move_reduced,B2|B3|B7,2430951503961/858993459200,True,1,1,120259056313/1717986918400,00010000010010
K23_bipartite__b8__dual_gateway,47,five_move_reduced,B0|B2|B3|B7,1640677510747/429496729600,True,1,1,79/17179869184,00001100100100
K23_bipartite__b8__dual_gateway,47,five_move_reduced,B1|B2|B3|B7,13503377236349/3435973836800,True,1,1,120259056313/1717986918400,01010000010010
K23_bipartite__b8__dual_gateway,47,five_move_reduced,B0|B1|B2|B3|B7,253403070499/85899345920,True,1,1,6768868486521/3435973836800,00001110000000
K23_bipartite__b8__dual_gateway,47,five_move_reduced,B4|B7,790273982689/429496729600,True,1,1,3212635565433/1717986918400,00001001000000
K23_bipartite__b8__dual_gateway,47,five_move_reduced,B0|B4|B7,20134806687273/6871947673600,True,1,1,3212635565433/1717986918400,10001001000000
K23_bipartite__b8__dual_gateway,47,five_move_reduced,B1|B4|B7,10101763082017/3435973836800,True,1,1,6425271104391/3435973836800,01001001000000
K23_bipartite__b8__dual_gateway,47,five_move_reduced,B0|B1|B4|B7,6889127543459/1717986918400,True,1,1,137438954447/6871947673600,00110110000000
K23_bipartite__b8__dual_gateway,47,five_move_reduced,B2|B4|B7,1176821046329/429496729600,True,1,1,120259056313/1717986918400,00001000010010
K23_bipartite__b8__dual_gateway,47,five_move_reduced,B0|B2|B4|B7,26319559705513/6871947673600,True,1,1,120259056313/1717986918400,10001000010010
K23_bipartite__b8__dual_gateway,47,five_move_reduced,B1|B2|B4|B7,13194139591137/3435973836800,True,1,1,120259056313/1717986918400,01001000010010
K23_bipartite__b8__dual_gateway,47,five_move_reduced,B0|B1|B2|B4|B7,2611340116293/858993459200,True,1,1,197568501371/171798691840,00010110000000
K23_bipartite__b8__dual_gateway,47,five_move_reduced,B3|B4|B7,498216206431/171798691840,True,1,1,850403552533/858993459200,00011001000000
K23_bipartite__b8__dual_gateway,47,five_move_reduced,B0|B3|B4|B7,6562710042913/1717986918400,True,1,1,1168231049837/6871947673600,00100100100100
K23_bipartite__b8__dual_gateway,47,five_move_reduced,B1|B3|B4|B7,549755813965/137438953472,True,1,1,274877905619/6871947673600,01011001000000
K23_bipartite__b8__dual_gateway,47,five_move_reduced,B0|B1|B3|B4|B7,1013612281981/343597383680,True,1,1,2869038183303/1717986918400,00100110000000
K23_bipartite__b8__dual_gateway,47,five_move_reduced,B2|B3|B4|B7,80799073481/26843545600,True,1,1,678604808043/858993459200,00000000100011
K23_bipartite__b8__dual_gateway,47,five_move_reduced,B0|B2|B3|B4|B7,122406568301/42949672960,True,1,1,790273954489/3435973836800,00000100100100
K23_bipartite__b8__dual_gateway,47,five_move_reduced,B1|B2|B3|B4|B7,21096879360377/6871947673600,True,1,1,5291400066247/6871947673600,10000110000000
K23_bipartite__b8__dual_gateway,47,five_move_reduced,B0|B1|B2|B3|B4|B7,425201762379/214748364800,True,1,1,6768868486521/3435973836800,00000110000000
K23_bipartite__b8__dual_gateway,47,five_move_reduced,B5|B7,77309411353/42949672960,True,1,1,3212635565433/1717986918400,00000101000000
K23_bipartite__b8__dual_gateway,47,five_move_reduced,B0|B5|B7,19859928780729/6871947673600,True,1,1,5291400066247/6871947673600,10000101000000
K23_bipartite__b8__dual_gateway,47,five_move_reduced,B1|B5|B7,1992864825749/687194767360,True,1,1,6425271104391/3435973836800,01000101000000
K23_bipartite__b8__dual_gateway,47,five_move_reduced,B0|B1|B5|B7,27419071221739/6871947673600,True,1,1,412316858641/6871947673600,11000101000000
K23_bipartite__b8__dual_gateway,47,five_move_reduced,B2|B5|B7,115964117717/42949672960,True,1,1,120259056313/1717986918400,00000100010010
K23_bipartite__b8__dual_gateway,47,five_move_reduced,B0|B2|B5|B7,7516192873/2684354560,True,1,1,6803228044089/6871947673600,00000000010101
K23_bipartite__b8__dual_gateway,47,five_move_reduced,B1|B2|B5|B7,2611340127573/687194767360,True,1,1,120259056313/1717986918400,01000100010010
K23_bipartite__b8__dual_gateway,47,five_move_reduced,B0|B1|B2|B5|B7,2645699854611/858993459200,True,1,1,2817498679501/3435973836800,00011010000000
K23_bipartite__b8__dual_gateway,47,five_move_reduced,B3|B5|B7,2456721293837/858993459200,True,1,1,197568501371/171798691840,00010101000000
K23_bipartite__b8__dual_gateway,47,five_move_reduced,B0|B3|B5|B7,8053063737/2147483648,True,1,1,188978529949/1717986918400,00000001001110
K23_bipartite__b8__dual_gateway,47,five_move_reduced,B1|B3|B5|B7,13606456395853/3435973836800,True,1,1,824633718707/6871947673600,01010101000000
K23_bipartite__b8__dual_gateway,47,five_move_reduced,B0|B1|B3|B5|B7,5136780886541/1717986918400,True,1,1,2869038183303/1717986918400,00101010000000
K23_bipartite__b8__dual_gateway,47,five_move_reduced,B2|B3|B5|B7,3229815421117/858993459200,True,1,1,120259056313/1717986918400,00010100010010
K23_bipartite__b8__dual_gateway,47,five_move_reduced,B0|B2|B3|B5|B7,1241245552169/429496729600,True,1,1,79/17179869184,00001000100100
K23_bipartite__b8__dual_gateway,47,five_move_reduced,B1|B2|B3|B5|B7,21371757266921/6871947673600,True,1,1,481036341721/274877906944,10001010000000
K23_bipartite__b8__dual_gateway,47,five_move_reduced,B0|B1|B2|B3|B5|B7,867583393917/429496729600,True,1,1,6768868486521/3435973836800,00001010000000
K23_bipartite__b8__dual_gateway,47,five_move_reduced,B4|B5|B7,1189705941267/429496729600,True,1,1,3212635565433/1717986918400,00001101000000
K23_bipartite__b8__dual_gateway,47,five_move_reduced,B0|B4|B5|B7,26525718024521/6871947673600,True,1,1,618475344099/6871947673600,10001101000000
K23_bipartite__b8__dual_gateway,47,five_move_reduced,B1|B4|B5|B7,13297218750641/3435973836800,True,1,1,412316859911/1374389534720,01001101000000
K23_bipartite__b8__dual_gateway,47,five_move_reduced,B0|B1|B4|B5|B7,5291399709147/1717986918400,True,1,1,197568501371/171798691840,00110010000000
K23_bipartite__b8__dual_gateway,47,five_move_reduced,B2|B4|B5|B7,1576253004907/429496729600,True,1,1,120259056313/1717986918400,00001100010010
K23_bipartite__b8__dual_gateway,47,five_move_reduced,B0|B2|B4|B5|B7,2559800515641/858993459200,True,1,1,790273954489/3435973836800,00010000100100
K23_bipartite__b8__dual_gateway,47,five_move_reduced,B1|B2|B4|B5|B7,4398046511469/1374389534720,True,1,1,197568501371/171798691840,10010010000000
K23_bipartite__b8__dual_gateway,47,five_move_reduced,B0|B1|B2|B4|B5|B7,1812476199137/858993459200,True,1,1,197568501371/171798691840,00010010000000
K23_bipartite__b8__dual_gateway,47,five_move_reduced,B3|B4|B5|B7,3289944949311/858993459200,True,1,1,206158440833/1374389534720,00011101000000
K23_bipartite__b8__dual_gateway,47,five_move_reduced,B0|B3|B4|B5|B7,4964982208601/1717986918400,True,1,1,790273954489/3435973836800,00100000100100
K23_bipartite__b8__dual_gateway,47,five_move_reduced,B1|B3|B4|B5|B7,21371757266621/6871947673600,True,1,1,2869038183303/1717986918400,10100010000000
K23_bipartite__b8__dual_gateway,47,five_move_reduced,B0|B1|B3|B4|B5|B7,3470333575593/1717986918400,True,1,1,2869038183303/1717986918400,00100010000000
K23_bipartite__b8__dual_gateway,47,five_move_reduced,B2|B3|B4|B5|B7,20684562555161/6871947673600,True,1,1,790273954489/3435973836800,10000000100100
K23_bipartite__b8__dual_gateway,47,five_move_reduced,B0|B2|B3|B4|B5|B7,51539607777/26843545600,True,1,1,790273954489/3435973836800,00000000100100
K23_bipartite__b8__dual_gateway,47,five_move_reduced,B1|B2|B3|B4|B5|B7,14705968023129/6871947673600,True,1,1,6768868486521/3435973836800,10000010000000
K23_bipartite__b8__dual_gateway,47,five_move_reduced,B0|B1|B2|B3|B4|B5|B7,22548578309/21474836480,True,1,1,6768868486521/3435973836800,00000010000000
K23_bipartite__b8__dual_gateway,47,five_move_reduced,B6|B7,206158430283/107374182400,True,1,1,3212635565433/1717986918400,00000011000000
K23_bipartite__b8__dual_gateway,47,five_move_reduced,B0|B6|B7,20684562502361/6871947673600,True,1,1,3212635565433/1717986918400,10000011000000
K23_bipartite__b8__dual_gateway,47,five_move_reduced,B1|B6|B7,149786984923/53687091200,True,1,1,790273954489/3435973836800,00000001100100
K23_bipartite__b8__dual_gateway,47,five_move_reduced,B0|B1|B6|B7,26663157034393/6871947673600,True,1,1,68719464871/1374389534720,10000001100100
K23_bipartite__b8__dual_gateway,47,five_move_reduced,B2|B6|B7,302795196193/107374182400,True,1,1,120259056313/1717986918400,00000010010010
K23_bipartite__b8__dual_gateway,47,five_move_reduced,B0|B2|B6|B7,26869315520601/6871947673600,True,1,1,120259056313/1717986918400,10000010010010
K23_bipartite__b8__dual_gateway,47,five_move_reduced,B1|B2|B6|B7,99052683939/26843545600,True,1,1,120259056313/1717986918400,00000000110110
K23_bipartite__b8__dual_gateway,47,five_move_reduced,B0|B1|B2|B6|B7,2542620639407/858993459200,True,1,1,850403552533/858993459200,00011100000000
K23_bipartite__b8__dual_gateway,47,five_move_reduced,B3|B6|B7,2559800509041/858993459200,True,1,1,197568501371/171798691840,00010011000000
K23_bipartite__b8__dual_gateway,47,five_move_reduced,B0|B3|B6|B7,13640816132771/3435973836800,True,1,1,137438954207/1374389534720,01101100000000
K23_bipartite__b8__dual_gateway,47,five_move_reduced,B1|B3|B6|B7,661424965109/171798691840,True,1,1,755914184421/6871947673600,00010001100100
K23_bipartite__b8__dual_gateway,47,five_move_reduced,B0|B1|B3|B6|B7,4930622456133/1717986918400,True,1,1,2869038183303/1717986918400,00101100000000
K23_bipartite__b8__dual_gateway,47,five_move_reduced,B2|B3|B6|B7,3332894636321/858993459200,True,1,1,120259056313/1717986918400,00010010010010
K23_bipartite__b8__dual_gateway,47,five_move_reduced,B0|B2|B3|B6|B7,412316860441/137438953472,True,1,1,6425271104391/3435973836800,01001100000000
K23_bipartite__b8__dual_gateway,47,five_move_reduced,B1|B2|B3|B6|B7,20547123545289/6871947673600,True,1,1,5291400066247/6871947673600,10001100000000
K23_bipartite__b8__dual_gateway,47,five_move_reduced,B0|B1|B2|B3|B6|B7,163208757263/85899345920,True,1,1,919123004119/429496729600,00001100000000
K23_bipartite__b8__dual_gateway,47,five_move_reduced,B4|B6|B7,1241245548869/429496729600,True,1,1,3212635565433/1717986918400,00001011000000
K23_bipartite__b8__dual_gateway,47,five_move_reduced,B0|B4|B6|B7,27350351746153/6871947673600,True,1,1,549755809813/6871947673600,10001011000000
K23_bipartite__b8__dual_gateway,47,five_move_reduced,B1|B4|B6|B7,1614907707121/429496729600,True,1,1,79/17179869184,00001001100100
K23_bipartite__b8__dual_gateway,47,five_move_reduced,B0|B1|B4|B6|B7,5085241278739/1717986918400,True,1,1,197568501371/171798691840,00110100000000
K23_bipartite__b8__dual_gateway,47,five_move_reduced,B2|B4|B6|B7,1627792612509/429496729600,True,1,1,120259056313/1717986918400,00001010010010
K23_bipartite__b8__dual_gateway,47,five_move_reduced,B0|B2|B4|B6|B7,10617159156237/3435973836800,True,1,1,197568501371/171798691840,01010100000000
K23_bipartite__b8__dual_gateway,47,five_move_reduced,B1|B2|B4|B6|B7,19327353007/6710886400,True,1,1,274877871309/1374389534720,00000000001110
K23_bipartite__b8__dual_gateway,47,five_move_reduced,B0|B1|B2|B4|B6|B7,1709396983933/858993459200,True,1,1,197568501371/171798691840,00010100000000
K23_bipartite__b8__dual_gateway,47,five_move_reduced,B3|B4|B6|B7,678604832903/171798691840,True,1,1,962072669879/6871947673600,00011011000000
K23_bipartite__b8__dual_gateway,47,five_move_reduced,B0|B3|B4|B6|B7,412316860435/137438953472,True,1,1,2869038183303/1717986918400,01100100000000
K23_bipartite__b8__dual_gateway,47,five_move_reduced,B1|B3|B4|B6|B7,20547123544989/6871947673600,True,1,1,4672924689123/6871947673600,10100100000000
K23_bipartite__b8__dual_gateway,47,five_move_reduced,B0|B1|B3|B4|B6|B7,652835029037/343597383680,True,1,1,2869038183303/1717986918400,00100100000000
K23_bipartite__b8__dual_gateway,47,five_move_reduced,B2|B3|B4|B6|B7,21440476742507/6871947673600,True,1,1,5291400066247/6871947673600,11000100000000
K23_bipartite__b8__dual_gateway,47,five_move_reduced,B0|B2|B3|B4|B6|B7,6975026889129/3435973836800,True,1,1,6425271104391/3435973836800,01000100000000
K23_bipartite__b8__dual_gateway,47,five_move_reduced,B1|B2|B3|B4|B6|B7,13881334301497/6871947673600,True,1,1,5291400066247/6871947673600,10000100000000
K23_bipartite__b8__dual_gateway,47,five_move_reduced,B0|B1|B2|B3|B4|B6|B7,199715979289/214748364800,True,1,1,4054449198949/1374389534720,00000100000000
K23_bipartite__b8__dual_gateway,47,five_move_reduced,B5|B6|B7,122406567971/42949672960,True,1,1,3212635565433/1717986918400,00000111000000
K23_bipartite__b8__dual_gateway,47,five_move_reduced,B0|B5|B6|B7,27075473839609/6871947673600,True,1,1,1099511622901/6871947673600,10000111000000
K23_bipartite__b8__dual_gateway,47,five_move_reduced,B1|B5|B6|B7,798863918981/214748364800,True,1,1,790273954489/3435973836800,00000101100100
K23_bipartite__b8__dual_gateway,47,five_move_reduced,B0|B1|B5|B6|B7,206158430215/68719476736,True,1,1,1511828567217/1717986918400,00111000000000
K23_bipartite__b8__dual_gateway,47,five_move_reduced,B2|B5|B6|B7,32212254867/8589934592,True,1,1,120259056313/1717986918400,00000110010010
K23_bipartite__b8__dual_gateway,47,five_move_reduced,B0|B2|B5|B6|B7,10754598109509/3435973836800,True,1,1,2473901297371/3435973836800,01011000000000
K23_bipartite__b8__dual_gateway,47,five_move_reduced,B1|B2|B5|B6|B7,21440476742257/6871947673600,True,1,1,850403552533/858993459200,10011000000000
K23_bipartite__b8__dual_gateway,47,five_move_reduced,B0|B1|B2|B5|B6|B7,1743756722251/858993459200,True,1,1,850403552533/858993459200,00011000000000
K23_bipartite__b8__dual_gateway,47,five_move_reduced,B3|B5|B6|B7,3358664426197/858993459200,True,1,1,1511828482967/6871947673600,00010111000000
K23_bipartite__b8__dual_gateway,47,five_move_reduced,B0|B3|B5|B6|B7,10445360464147/3435973836800,True,1,1,2869038183303/1717986918400,01101000000000
K23_bipartite__b8__dual_gateway,47,five_move_reduced,B1|B3|B5|B6|B7,20822001451533/6871947673600,True,1,1,2869038183303/1717986918400,10101000000000
K23_bipartite__b8__dual_gateway,47,five_move_reduced,B0|B1|B3|B5|B6|B7,3332894621821/1717986918400,True,1,1,2869038183303/1717986918400,00101000000000
K23_bipartite__b8__dual_gateway,47,five_move_reduced,B2|B3|B5|B6|B7,21715354649051/6871947673600,True,1,1,2267742755753/1374389534720,11001000000000
K23_bipartite__b8__dual_gateway,47,five_move_reduced,B0|B2|B3|B5|B6|B7,7112465842401/3435973836800,True,1,1,6425271104391/3435973836800,01001000000000
K23_bipartite__b8__dual_gateway,47,five_move_reduced,B1|B2|B3|B5|B6|B7,14156212208041/6871947673600,True,1,1,919123004119/429496729600,10001000000000
K23_bipartite__b8__dual_gateway,47,five_move_reduced,B0|B1|B2|B3|B5|B6|B7,416611827737/429496729600,True,1,1,919123004119/429496729600,00001000000000
K23_bipartite__b8__dual_gateway,47,five_move_reduced,B4|B5|B6|B7,1640677507447/429496729600,True,1,1,549755812763/1374389534720,00001111000000
K23_bipartite__b8__dual_gateway,47,five_move_reduced,B0|B4|B5|B6|B7,10754598109359/3435973836800,True,1,1,197568501371/171798691840,01110000000000
K23_bipartite__b8__dual_gateway,47,five_move_reduced,B1|B4|B5|B6|B7,21440476741957/6871947673600,True,1,1,197568501371/171798691840,10110000000000
K23_bipartite__b8__dual_gateway,47,five_move_reduced,B0|B1|B4|B5|B6|B7,3487513444427/1717986918400,True,1,1,197568501371/171798691840,00110000000000
K23_bipartite__b8__dual_gateway,47,five_move_reduced,B2|B4|B5|B6|B7,893353197579/274877906944,True,1,1,197568501371/171798691840,11010000000000
K23_bipartite__b8__dual_gateway,47,five_move_reduced,B0|B2|B4|B5|B6|B7,7421703487613/3435973836800,True,1,1,197568501371/171798691840,01010000000000
K23_bipartite__b8__dual_gateway,47,five_move_reduced,B1|B2|B4|B5|B6|B7,2954937499693/1374389534720,True,1,1,197568501371/171798691840,10010000000000
K23_bipartite__b8__dual_gateway,47,five_move_reduced,B0|B1|B2|B4|B5|B6|B7,910533066777/858993459200,True,1,1,197568501371/171798691840,00010000000000
K23_bipartite__b8__dual_gateway,47,five_move_reduced,B3|B4|B5|B6|B7,21715354648751/6871947673600,True,1,1,2869038183303/1717986918400,11100000000000
K23_bipartite__b8__dual_gateway,47,five_move_reduced,B0|B3|B4|B5|B6|B7,7112465842251/3435973836800,True,1,1,2869038183303/1717986918400,01100000000000
K23_bipartite__b8__dual_gateway,47,five_move_reduced,B1|B3|B4|B5|B6|B7,14156212207741/6871947673600,True,1,1,2869038183303/1717986918400,10100000000000
K23_bipartite__b8__dual_gateway,47,five_move_reduced,B0|B1|B3|B4|B5|B6|B7,1666447310873/1717986918400,True,1,1,2869038183303/1717986918400,00100000000000
K23_bipartite__b8__dual_gateway,47,five_move_reduced,B2|B3|B4|B5|B6|B7,15049565405259/6871947673600,True,1,1,6425271104391/3435973836800,11000000000000
K23_bipartite__b8__dual_gateway,47,five_move_reduced,B0|B2|B3|B4|B5|B6|B7,755914244101/687194767360,True,1,1,6425271104391/3435973836800,01000000000000
K23_bipartite__b8__dual_gateway,47,five_move_reduced,B1|B2|B3|B4|B5|B6|B7,7490422964249/6871947673600,True,1,1,18073222740743/6871947673600,10000000000000
