region_mask,region,edge_index,edge,capacity,y_e,central_difference_exact,chamber_stable_plus_minus,sensitivity_equals_y
1,L0,0,L--L0,2703986192682027/2500000000000000,1,1,1,1
1,L0,1,L--L1,1849490373434169/2500000000000000,0,0,1,1
1,L0,2,L--L2,1464310966904731/1000000000000000,0,0,1,1
1,L0,3,L--L3,939396917435463/625000000000000,0,0,1,1
1,L0,4,L--M0,1213555857675263/1000000000000000,0,0,1,1
1,L0,5,L--M1,13994982322202127/10000000000000000,0,0,1,1
1,L0,6,L--M2,1768377335439391/1000000000000000,0,0,1,1
1,L0,7,M0--R,635985469756133/400000000000000,0,0,1,1
1,L0,8,M1--R,7464837598588827/5000000000000000,0,0,1,1
1,L0,9,M2--R,232422620484707/156250000000000,0,0,1,1
1,L0,10,R--R0,2653577086178917/2500000000000000,0,0,1,1
1,L0,11,R--R1,977114028526669/625000000000000,0,0,1,1
1,L0,12,R--R2,1057321139987373/1250000000000000,0,0,1,1
1,L0,13,R--R3,6037011260248397/5000000000000000,0,0,1,1
2,L1,0,L--L0,2703986192682027/2500000000000000,0,0,1,1
2,L1,1,L--L1,1849490373434169/2500000000000000,1,1,1,1
2,L1,2,L--L2,1464310966904731/1000000000000000,0,0,1,1
2,L1,3,L--L3,939396917435463/625000000000000,0,0,1,1
2,L1,4,L--M0,1213555857675263/1000000000000000,0,0,1,1
2,L1,5,L--M1,13994982322202127/10000000000000000,0,0,1,1
2,L1,6,L--M2,1768377335439391/1000000000000000,0,0,1,1
2,L1,7,M0--R,635985469756133/400000000000000,0,0,1,1
2,L1,8,M1--R,7464837598588827/5000000000000000,0,0,1,1
2,L1,9,M2--R,232422620484707/156250000000000,0,0,1,1
2,L1,10,R--R0,2653577086178917/2500000000000000,0,0,1,1
2,L1,11,R--R1,977114028526669/625000000000000,0,0,1,1
2,L1,12,R--R2,1057321139987373/1250000000000000,0,0,1,1
2,L1,13,R--R3,6037011260248397/5000000000000000,0,0,1,1
3,L0|L1,0,L--L0,2703986192682027/2500000000000000,1,1,1,1
3,L0|L1,1,L--L1,1849490373434169/2500000000000000,1,1,1,1
3,L0|L1,2,L--L2,1464310966904731/1000000000000000,0,0,1,1
3,L0|L1,3,L--L3,939396917435463/625000000000000,0,0,1,1
3,L0|L1,4,L--M0,1213555857675263/1000000000000000,0,0,1,1
3,L0|L1,5,L--M1,13994982322202127/10000000000000000,0,0,1,1
3,L0|L1,6,L--M2,1768377335439391/1000000000000000,0,0,1,1
3,L0|L1,7,M0--R,635985469756133/400000000000000,0,0,1,1
3,L0|L1,8,M1--R,7464837598588827/5000000000000000,0,0,1,1
3,L0|L1,9,M2--R,232422620484707/156250000000000,0,0,1,1
3,L0|L1,10,R--R0,2653577086178917/2500000000000000,0,0,1,1
3,L0|L1,11,R--R1,977114028526669/625000000000000,0,0,1,1
3,L0|L1,12,R--R2,1057321139987373/1250000000000000,0,0,1,1
3,L0|L1,13,R--R3,6037011260248397/5000000000000000,0,0,1,1
4,L2,0,L--L0,2703986192682027/2500000000000000,0,0,1,1
4,L2,1,L--L1,1849490373434169/2500000000000000,0,0,1,1
4,L2,2,L--L2,1464310966904731/1000000000000000,1,1,1,1
4,L2,3,L--L3,939396917435463/625000000000000,0,0,1,1
4,L2,4,L--M0,1213555857675263/1000000000000000,0,0,1,1
4,L2,5,L--M1,13994982322202127/10000000000000000,0,0,1,1
4,L2,6,L--M2,1768377335439391/1000000000000000,0,0,1,1
4,L2,7,M0--R,635985469756133/400000000000000,0,0,1,1
4,L2,8,M1--R,7464837598588827/5000000000000000,0,0,1,1
4,L2,9,M2--R,232422620484707/156250000000000,0,0,1,1
4,L2,10,R--R0,2653577086178917/2500000000000000,0,0,1,1
4,L2,11,R--R1,977114028526669/625000000000000,0,0,1,1
4,L2,12,R--R2,1057321139987373/1250000000000000,0,0,1,1
4,L2,13,R--R3,6037011260248397/5000000000000000,0,0,1,1
5,L0|L2,0,L--L0,2703986192682027/2500000000000000,1,1,1,1
5,L0|L2,1,L--L1,1849490373434169/2500000000000000,0,0,1,1
5,L0|L2,2,L--L2,1464310966904731/1000000000000000,1,1,1,1
5,L0|L2,3,L--L3,939396917435463/625000000000000,0,0,1,1
5,L0|L2,4,L--M0,1213555857675263/1000000000000000,0,0,1,1
5,L0|L2,5,L--M1,13994982322202127/10000000000000000,0,0,1,1
5,L0|L2,6,L--M2,1768377335439391/1000000000000000,0,0,1,1
5,L0|L2,7,M0--R,635985469756133/400000000000000,0,0,1,1
5,L0|L2,8,M1--R,7464837598588827/5000000000000000,0,0,1,1
5,L0|L2,9,M2--R,232422620484707/156250000000000,0,0,1,1
5,L0|L2,10,R--R0,2653577086178917/2500000000000000,0,0,1,1
5,L0|L2,11,R--R1,977114028526669/625000000000000,0,0,1,1
5,L0|L2,12,R--R2,1057321139987373/1250000000000000,0,0,1,1
5,L0|L2,13,R--R3,6037011260248397/5000000000000000,0,0,1,1
6,L1|L2,0,L--L0,2703986192682027/2500000000000000,0,0,1,1
6,L1|L2,1,L--L1,1849490373434169/2500000000000000,1,1,1,1
6,L1|L2,2,L--L2,1464310966904731/1000000000000000,1,1,1,1
6,L1|L2,3,L--L3,939396917435463/625000000000000,0,0,1,1
6,L1|L2,4,L--M0,1213555857675263/1000000000000000,0,0,1,1
6,L1|L2,5,L--M1,13994982322202127/10000000000000000,0,0,1,1
6,L1|L2,6,L--M2,1768377335439391/1000000000000000,0,0,1,1
6,L1|L2,7,M0--R,635985469756133/400000000000000,0,0,1,1
6,L1|L2,8,M1--R,7464837598588827/5000000000000000,0,0,1,1
6,L1|L2,9,M2--R,232422620484707/156250000000000,0,0,1,1
6,L1|L2,10,R--R0,2653577086178917/2500000000000000,0,0,1,1
6,L1|L2,11,R--R1,977114028526669/625000000000000,0,0,1,1
6,L1|L2,12,R--R2,1057321139987373/1250000000000000,0,0,1,1
6,L1|L2,13,R--R3,6037011260248397/5000000000000000,0,0,1,1
7,L0|L1|L2,0,L--L0,2703986192682027/2500000000000000,1,1,1,1
7,L0|L1|L2,1,L--L1,1849490373434169/2500000000000000,1,1,1,1
7,L0|L1|L2,2,L--L2,1464310966904731/1000000000000000,1,1,1,1
7,L0|L1|L2,3,L--L3,939396917435463/625000000000000,0,0,1,1
7,L0|L1|L2,4,L--M0,1213555857675263/1000000000000000,0,0,1,1
7,L0|L1|L2,5,L--M1,13994982322202127/10000000000000000,0,0,1,1
7,L0|L1|L2,6,L--M2,1768377335439391/1000000000000000,0,0,1,1
7,L0|L1|L2,7,M0--R,635985469756133/400000000000000,0,0,1,1
7,L0|L1|L2,8,M1--R,7464837598588827/5000000000000000,0,0,1,1
7,L0|L1|L2,9,M2--R,232422620484707/156250000000000,0,0,1,1
7,L0|L1|L2,10,R--R0,2653577086178917/2500000000000000,0,0,1,1
7,L0|L1|L2,11,R--R1,977114028526669/625000000000000,0,0,1,1
7,L0|L1|L2,12,R--R2,1057321139987373/1250000000000000,0,0,1,1
7,L0|L1|L2,13,R--R3,6037011260248397/5000000000000000,0,0,1,1
8,L3,0,L--L0,2703986192682027/2500000000000000,0,0,1,1
8,L3,1,L--L1,1849490373434169/2500000000000000,0,0,1,1
8,L3,2,L--L2,1464310966904731/1000000000000000,0,0,1,1
8,L3,3,L--L3,939396917435463/625000000000000,1,1,1,1
8,L3,4,L--M0,1213555857675263/1000000000000000,0,0,1,1
8,L3,5,L--M1,13994982322202127/10000000000000000,0,0,1,1
8,L3,6,L--M2,1768377335439391/1000000000000000,0,0,1,1
8,L3,7,M0--R,635985469756133/400000000000000,0,0,1,1
8,L3,8,M1--R,7464837598588827/5000000000000000,0,0,1,1
8,L3,9,M2--R,232422620484707/156250000000000,0,0,1,1
8,L3,10,R--R0,2653577086178917/2500000000000000,0,0,1,1
8,L3,11,R--R1,977114028526669/625000000000000,0,0,1,1
8,L3,12,R--R2,1057321139987373/1250000000000000,0,0,1,1
8,L3,13,R--R3,6037011260248397/5000000000000000,0,0,1,1
9,L0|L3,0,L--L0,2703986192682027/2500000000000000,1,1,1,1
9,L0|L3,1,L--L1,1849490373434169/2500000000000000,0,0,1,1
9,L0|L3,2,L--L2,1464310966904731/1000000000000000,0,0,1,1
9,L0|L3,3,L--L3,939396917435463/625000000000000,1,1,1,1
9,L0|L3,4,L--M0,1213555857675263/1000000000000000,0,0,1,1
9,L0|L3,5,L--M1,13994982322202127/10000000000000000,0,0,1,1
9,L0|L3,6,L--M2,1768377335439391/1000000000000000,0,0,1,1
9,L0|L3,7,M0--R,635985469756133/400000000000000,0,0,1,1
9,L0|L3,8,M1--R,7464837598588827/5000000000000000,0,0,1,1
9,L0|L3,9,M2--R,232422620484707/156250000000000,0,0,1,1
9,L0|L3,10,R--R0,2653577086178917/2500000000000000,0,0,1,1
9,L0|L3,11,R--R1,977114028526669/625000000000000,0,0,1,1
9,L0|L3,12,R--R2,1057321139987373/1250000000000000,0,0,1,1
9,L0|L3,13,R--R3,6037011260248397/5000000000000000,0,0,1,1
10,L1|L3,0,L--L0,2703986192682027/2500000000000000,0,0,1,1
10,L1|L3,1,L--L1,1849490373434169/2500000000000000,1,1,1,1
10,L1|L3,2,L--L2,1464310966904731/1000000000000000,0,0,1,1
10,L1|L3,3,L--L3,939396917435463/625000000000000,1,1,1,1
10,L1|L3,4,L--M0,1213555857675263/1000000000000000,0,0,1,1
10,L1|L3,5,L--M1,13994982322202127/10000000000000000,0,0,1,1
10,L1|L3,6,L--M2,1768377335439391/1000000000000000,0,0,1,1
10,L1|L3,7,M0--R,635985469756133/400000000000000,0,0,1,1
10,L1|L3,8,M1--R,7464837598588827/5000000000000000,0,0,1,1
10,L1|L3,9,M2--R,232422620484707/156250000000000,0,0,1,1
10,L1|L3,10,R--R0,2653577086178917/2500000000000000,0,0,1,1
10,L1|L3,11,R--R1,977114028526669/625000000000000,0,0,1,1
10,L1|L3,12,R--R2,1057321139987373/1250000000000000,0,0,1,1
10,L1|L3,13,R--R3,6037011260248397/5000000000000000,0,0,1,1
11,L0|L1|L3,0,L--L0,2703986192682027/2500000000000000,1,1,1,1
11,L0|L1|L3,1,L--L1,1849490373434169/2500000000000000,1,1,1,1
11,L0|L1|L3,2,L--L2,1464310966904731/1000000000000000,0,0,1,1
11,L0|L1|L3,3,L--L3,939396917435463/625000000000000,1,1,1,1
11,L0|L1|L3,4,L--M0,1213555857675263/1000000000000000,0,0,1,1
11,L0|L1|L3,5,L--M1,13994982322202127/10000000000000000,0,0,1,1
11,L0|L1|L3,6,L--M2,1768377335439391/1000000000000000,0,0,1,1
11,L0|L1|L3,7,M0--R,635985469756133/400000000000000,0,0,1,1
11,L0|L1|L3,8,M1--R,7464837598588827/5000000000000000,0,0,1,1
11,L0|L1|L3,9,M2--R,232422620484707/156250000000000,0,0,1,1
11,L0|L1|L3,10,R--R0,2653577086178917/2500000000000000,0,0,1,1
11,L0|L1|L3,11,R--R1,977114028526669/625000000000000,0,0,1,1
11,L0|L1|L3,12,R--R2,1057321139987373/1250000000000000,0,0,1,1
11,L0|L1|L3,13,R--R3,6037011260248397/5000000000000000,0,0,1,1
12,L2|L3,0,L--L0,2703986192682027/2500000000000000,0,0,1,1
12,L2|L3,1,L--L1,1849490373434169/2500000000000000,0,0,1,1
12,L2|L3,2,L--L2,1464310966904731/1000000000000000,1,1,1,1
12,L2|L3,3,L--L3,939396917435463/625000000000000,1,1,1,1
12,L2|L3,4,L--M0,1213555857675263/1000000000000000,0,0,1,1
12,L2|L3,5,L--M1,13994982322202127/10000000000000000,0,0,1,1
12,L2|L3,6,L--M2,1768377335439391/1000000000000000,0,0,1,1
12,L2|L3,7,M0--R,635985469756133/400000000000000,0,0,1,1
12,L2|L3,8,M1--R,7464837598588827/5000000000000000,0,0,1,1
12,L2|L3,9,M2--R,232422620484707/156250000000000,0,0,1,1
12,L2|L3,10,R--R0,2653577086178917/2500000000000000,0,0,1,1
12,L2|L3,11,R--R1,977114028526669/625000000000000,0,0,1,1
12,L2|L3,12,R--R2,1057321139987373/1250000000000000,0,0,1,1
12,L2|L3,13,R--R3,6037011260248397/5000000000000000,0,0,1,1
13,L0|L2|L3,0,L--L0,2703986192682027/2500000000000000,1,1,1,1
13,L0|L2|L3,1,L--L1,1849490373434169/2500000000000000,0,0,1,1
13,L0|L2|L3,2,L--L2,1464310966904731/1000000000000000,1,1,1,1
13,L0|L2|L3,3,L--L3,939396917435463/625000000000000,1,1,1,1
13,L0|L2|L3,4,L--M0,1213555857675263/1000000000000000,0,0,1,1
13,L0|L2|L3,5,L--M1,13994982322202127/10000000000000000,0,0,1,1
13,L0|L2|L3,6,L--M2,1768377335439391/1000000000000000,0,0,1,1
13,L0|L2|L3,7,M0--R,635985469756133/400000000000000,0,0,1,1
13,L0|L2|L3,8,M1--R,7464837598588827/5000000000000000,0,0,1,1
13,L0|L2|L3,9,M2--R,232422620484707/156250000000000,0,0,1,1
13,L0|L2|L3,10,R--R0,2653577086178917/2500000000000000,0,0,1,1
13,L0|L2|L3,11,R--R1,977114028526669/625000000000000,0,0,1,1
13,L0|L2|L3,12,R--R2,1057321139987373/1250000000000000,0,0,1,1
13,L0|L2|L3,13,R--R3,6037011260248397/5000000000000000,0,0,1,1
14,L1|L2|L3,0,L--L0,2703986192682027/2500000000000000,0,0,1,1
14,L1|L2|L3,1,L--L1,1849490373434169/2500000000000000,1,1,1,1
14,L1|L2|L3,2,L--L2,1464310966904731/1000000000000000,1,1,1,1
14,L1|L2|L3,3,L--L3,939396917435463/625000000000000,1,1,1,1
14,L1|L2|L3,4,L--M0,1213555857675263/1000000000000000,0,0,1,1
14,L1|L2|L3,5,L--M1,13994982322202127/10000000000000000,0,0,1,1
14,L1|L2|L3,6,L--M2,1768377335439391/1000000000000000,0,0,1,1
14,L1|L2|L3,7,M0--R,635985469756133/400000000000000,0,0,1,1
14,L1|L2|L3,8,M1--R,7464837598588827/5000000000000000,0,0,1,1
14,L1|L2|L3,9,M2--R,232422620484707/156250000000000,0,0,1,1
14,L1|L2|L3,10,R--R0,2653577086178917/2500000000000000,0,0,1,1
14,L1|L2|L3,11,R--R1,977114028526669/625000000000000,0,0,1,1
14,L1|L2|L3,12,R--R2,1057321139987373/1250000000000000,0,0,1,1
14,L1|L2|L3,13,R--R3,6037011260248397/5000000000000000,0,0,1,1
15,L0|L1|L2|L3,0,L--L0,2703986192682027/2500000000000000,0,0,1,1
15,L0|L1|L2|L3,1,L--L1,1849490373434169/2500000000000000,0,0,1,1
15,L0|L1|L2|L3,2,L--L2,1464310966904731/1000000000000000,0,0,1,1
15,L0|L1|L2|L3,3,L--L3,939396917435463/625000000000000,0,0,1,1
15,L0|L1|L2|L3,4,L--M0,1213555857675263/1000000000000000,1,1,1,1
15,L0|L1|L2|L3,5,L--M1,13994982322202127/10000000000000000,1,1,1,1
15,L0|L1|L2|L3,6,L--M2,1768377335439391/1000000000000000,0,0,1,1
15,L0|L1|L2|L3,7,M0--R,635985469756133/400000000000000,0,0,1,1
15,L0|L1|L2|L3,8,M1--R,7464837598588827/5000000000000000,0,0,1,1
15,L0|L1|L2|L3,9,M2--R,232422620484707/156250000000000,1,1,1,1
15,L0|L1|L2|L3,10,R--R0,2653577086178917/2500000000000000,0,0,1,1
15,L0|L1|L2|L3,11,R--R1,977114028526669/625000000000000,0,0,1,1
15,L0|L1|L2|L3,12,R--R2,1057321139987373/1250000000000000,0,0,1,1
15,L0|L1|L2|L3,13,R--R3,6037011260248397/5000000000000000,0,0,1,1
16,R0,0,L--L0,2703986192682027/2500000000000000,0,0,1,1
16,R0,1,L--L1,1849490373434169/2500000000000000,0,0,1,1
16,R0,2,L--L2,1464310966904731/1000000000000000,0,0,1,1
16,R0,3,L--L3,939396917435463/625000000000000,0,0,1,1
16,R0,4,L--M0,1213555857675263/1000000000000000,0,0,1,1
16,R0,5,L--M1,13994982322202127/10000000000000000,0,0,1,1
16,R0,6,L--M2,1768377335439391/1000000000000000,0,0,1,1
16,R0,7,M0--R,635985469756133/400000000000000,0,0,1,1
16,R0,8,M1--R,7464837598588827/5000000000000000,0,0,1,1
16,R0,9,M2--R,232422620484707/156250000000000,0,0,1,1
16,R0,10,R--R0,2653577086178917/2500000000000000,1,1,1,1
16,R0,11,R--R1,977114028526669/625000000000000,0,0,1,1
16,R0,12,R--R2,1057321139987373/1250000000000000,0,0,1,1
16,R0,13,R--R3,6037011260248397/5000000000000000,0,0,1,1
17,L0|R0,0,L--L0,2703986192682027/2500000000000000,1,1,1,1
17,L0|R0,1,L--L1,1849490373434169/2500000000000000,0,0,1,1
17,L0|R0,2,L--L2,1464310966904731/1000000000000000,0,0,1,1
17,L0|R0,3,L--L3,939396917435463/625000000000000,0,0,1,1
17,L0|R0,4,L--M0,1213555857675263/1000000000000000,0,0,1,1
17,L0|R0,5,L--M1,13994982322202127/10000000000000000,0,0,1,1
17,L0|R0,6,L--M2,1768377335439391/1000000000000000,0,0,1,1
17,L0|R0,7,M0--R,635985469756133/400000000000000,0,0,1,1
17,L0|R0,8,M1--R,7464837598588827/5000000000000000,0,0,1,1
17,L0|R0,9,M2--R,232422620484707/156250000000000,0,0,1,1
17,L0|R0,10,R--R0,2653577086178917/2500000000000000,1,1,1,1
17,L0|R0,11,R--R1,977114028526669/625000000000000,0,0,1,1
17,L0|R0,12,R--R2,1057321139987373/1250000000000000,0,0,1,1
17,L0|R0,13,R--R3,6037011260248397/5000000000000000,0,0,1,1
18,L1|R0,0,L--L0,2703986192682027/2500000000000000,0,0,1,1
18,L1|R0,1,L--L1,1849490373434169/2500000000000000,1,1,1,1
18,L1|R0,2,L--L2,1464310966904731/1000000000000000,0,0,1,1
18,L1|R0,3,L--L3,939396917435463/625000000000000,0,0,1,1
18,L1|R0,4,L--M0,1213555857675263/1000000000000000,0,0,1,1
18,L1|R0,5,L--M1,13994982322202127/10000000000000000,0,0,1,1
18,L1|R0,6,L--M2,1768377335439391/1000000000000000,0,0,1,1
18,L1|R0,7,M0--R,635985469756133/400000000000000,0,0,1,1
18,L1|R0,8,M1--R,7464837598588827/5000000000000000,0,0,1,1
18,L1|R0,9,M2--R,232422620484707/156250000000000,0,0,1,1
18,L1|R0,10,R--R0,2653577086178917/2500000000000000,1,1,1,1
18,L1|R0,11,R--R1,977114028526669/625000000000000,0,0,1,1
18,L1|R0,12,R--R2,1057321139987373/1250000000000000,0,0,1,1
18,L1|R0,13,R--R3,6037011260248397/5000000000000000,0,0,1,1
19,L0|L1|R0,0,L--L0,2703986192682027/2500000000000000,1,1,1,1
19,L0|L1|R0,1,L--L1,1849490373434169/2500000000000000,1,1,1,1
19,L0|L1|R0,2,L--L2,1464310966904731/1000000000000000,0,0,1,1
19,L0|L1|R0,3,L--L3,939396917435463/625000000000000,0,0,1,1
19,L0|L1|R0,4,L--M0,1213555857675263/1000000000000000,0,0,1,1
19,L0|L1|R0,5,L--M1,13994982322202127/10000000000000000,0,0,1,1
19,L0|L1|R0,6,L--M2,1768377335439391/1000000000000000,0,0,1,1
19,L0|L1|R0,7,M0--R,635985469756133/400000000000000,0,0,1,1
19,L0|L1|R0,8,M1--R,7464837598588827/5000000000000000,0,0,1,1
19,L0|L1|R0,9,M2--R,232422620484707/156250000000000,0,0,1,1
19,L0|L1|R0,10,R--R0,2653577086178917/2500000000000000,1,1,1,1
19,L0|L1|R0,11,R--R1,977114028526669/625000000000000,0,0,1,1
19,L0|L1|R0,12,R--R2,1057321139987373/1250000000000000,0,0,1,1
19,L0|L1|R0,13,R--R3,6037011260248397/5000000000000000,0,0,1,1
20,L2|R0,0,L--L0,2703986192682027/2500000000000000,0,0,1,1
20,L2|R0,1,L--L1,1849490373434169/2500000000000000,0,0,1,1
20,L2|R0,2,L--L2,1464310966904731/1000000000000000,1,1,1,1
20,L2|R0,3,L--L3,939396917435463/625000000000000,0,0,1,1
20,L2|R0,4,L--M0,1213555857675263/1000000000000000,0,0,1,1
20,L2|R0,5,L--M1,13994982322202127/10000000000000000,0,0,1,1
20,L2|R0,6,L--M2,1768377335439391/1000000000000000,0,0,1,1
20,L2|R0,7,M0--R,635985469756133/400000000000000,0,0,1,1
20,L2|R0,8,M1--R,7464837598588827/5000000000000000,0,0,1,1
20,L2|R0,9,M2--R,232422620484707/156250000000000,0,0,1,1
20,L2|R0,10,R--R0,2653577086178917/2500000000000000,1,1,1,1
20,L2|R0,11,R--R1,977114028526669/625000000000000,0,0,1,1
20,L2|R0,12,R--R2,1057321139987373/1250000000000000,0,0,1,1
20,L2|R0,13,R--R3,6037011260248397/5000000000000000,0,0,1,1
21,L0|L2|R0,0,L--L0,2703986192682027/2500000000000000,1,1,1,1
21,L0|L2|R0,1,L--L1,1849490373434169/2500000000000000,0,0,1,1
21,L0|L2|R0,2,L--L2,1464310966904731/1000000000000000,1,1,1,1
21,L0|L2|R0,3,L--L3,939396917435463/625000000000000,0,0,1,1
21,L0|L2|R0,4,L--M0,1213555857675263/1000000000000000,0,0,1,1
21,L0|L2|R0,5,L--M1,13994982322202127/10000000000000000,0,0,1,1
21,L0|L2|R0,6,L--M2,1768377335439391/1000000000000000,0,0,1,1
21,L0|L2|R0,7,M0--R,635985469756133/400000000000000,0,0,1,1
21,L0|L2|R0,8,M1--R,7464837598588827/5000000000000000,0,0,1,1
21,L0|L2|R0,9,M2--R,232422620484707/156250000000000,0,0,1,1
21,L0|L2|R0,10,R--R0,2653577086178917/2500000000000000,1,1,1,1
21,L0|L2|R0,11,R--R1,977114028526669/625000000000000,0,0,1,1
21,L0|L2|R0,12,R--R2,1057321139987373/1250000000000000,0,0,1,1
21,L0|L2|R0,13,R--R3,6037011260248397/5000000000000000,0,0,1,1
22,L1|L2|R0,0,L--L0,2703986192682027/2500000000000000,0,0,1,1
22,L1|L2|R0,1,L--L1,1849490373434169/2500000000000000,1,1,1,1
22,L1|L2|R0,2,L--L2,1464310966904731/1000000000000000,1,1,1,1
22,L1|L2|R0,3,L--L3,939396917435463/625000000000000,0,0,1,1
22,L1|L2|R0,4,L--M0,1213555857675263/1000000000000000,0,0,1,1
22,L1|L2|R0,5,L--M1,13994982322202127/10000000000000000,0,0,1,1
22,L1|L2|R0,6,L--M2,1768377335439391/1000000000000000,0,0,1,1
22,L1|L2|R0,7,M0--R,635985469756133/400000000000000,0,0,1,1
22,L1|L2|R0,8,M1--R,7464837598588827/5000000000000000,0,0,1,1
22,L1|L2|R0,9,M2--R,232422620484707/156250000000000,0,0,1,1
22,L1|L2|R0,10,R--R0,2653577086178917/2500000000000000,1,1,1,1
22,L1|L2|R0,11,R--R1,977114028526669/625000000000000,0,0,1,1
22,L1|L2|R0,12,R--R2,1057321139987373/1250000000000000,0,0,1,1
22,L1|L2|R0,13,R--R3,6037011260248397/5000000000000000,0,0,1,1
23,L0|L1|L2|R0,0,L--L0,2703986192682027/2500000000000000,1,1,1,1
23,L0|L1|L2|R0,1,L--L1,1849490373434169/2500000000000000,1,1,1,1
23,L0|L1|L2|R0,2,L--L2,1464310966904731/1000000000000000,1,1,1,1
23,L0|L1|L2|R0,3,L--L3,939396917435463/625000000000000,0,0,1,1
23,L0|L1|L2|R0,4,L--M0,1213555857675263/1000000000000000,0,0,1,1
23,L0|L1|L2|R0,5,L--M1,13994982322202127/10000000000000000,0,0,1,1
23,L0|L1|L2|R0,6,L--M2,1768377335439391/1000000000000000,0,0,1,1
23,L0|L1|L2|R0,7,M0--R,635985469756133/400000000000000,0,0,1,1
23,L0|L1|L2|R0,8,M1--R,7464837598588827/5000000000000000,0,0,1,1
23,L0|L1|L2|R0,9,M2--R,232422620484707/156250000000000,0,0,1,1
23,L0|L1|L2|R0,10,R--R0,2653577086178917/2500000000000000,1,1,1,1
23,L0|L1|L2|R0,11,R--R1,977114028526669/625000000000000,0,0,1,1
23,L0|L1|L2|R0,12,R--R2,1057321139987373/1250000000000000,0,0,1,1
23,L0|L1|L2|R0,13,R--R3,6037011260248397/5000000000000000,0,0,1,1
24,L3|R0,0,L--L0,2703986192682027/2500000000000000,0,0,1,1
24,L3|R0,1,L--L1,1849490373434169/2500000000000000,0,0,1,1
24,L3|R0,2,L--L2,1464310966904731/1000000000000000,0,0,1,1
24,L3|R0,3,L--L3,939396917435463/625000000000000,1,1,1,1
24,L3|R0,4,L--M0,1213555857675263/1000000000000000,0,0,1,1
24,L3|R0,5,L--M1,13994982322202127/10000000000000000,0,0,1,1
24,L3|R0,6,L--M2,1768377335439391/1000000000000000,0,0,1,1
24,L3|R0,7,M0--R,635985469756133/400000000000000,0,0,1,1
24,L3|R0,8,M1--R,7464837598588827/5000000000000000,0,0,1,1
24,L3|R0,9,M2--R,232422620484707/156250000000000,0,0,1,1
24,L3|R0,10,R--R0,2653577086178917/2500000000000000,1,1,1,1
24,L3|R0,11,R--R1,977114028526669/625000000000000,0,0,1,1
24,L3|R0,12,R--R2,1057321139987373/1250000000000000,0,0,1,1
24,L3|R0,13,R--R3,6037011260248397/5000000000000000,0,0,1,1
25,L0|L3|R0,0,L--L0,2703986192682027/2500000000000000,1,1,1,1
25,L0|L3|R0,1,L--L1,1849490373434169/2500000000000000,0,0,1,1
25,L0|L3|R0,2,L--L2,1464310966904731/1000000000000000,0,0,1,1
25,L0|L3|R0,3,L--L3,939396917435463/625000000000000,1,1,1,1
25,L0|L3|R0,4,L--M0,1213555857675263/1000000000000000,0,0,1,1
25,L0|L3|R0,5,L--M1,13994982322202127/10000000000000000,0,0,1,1
25,L0|L3|R0,6,L--M2,1768377335439391/1000000000000000,0,0,1,1
25,L0|L3|R0,7,M0--R,635985469756133/400000000000000,0,0,1,1
25,L0|L3|R0,8,M1--R,7464837598588827/5000000000000000,0,0,1,1
25,L0|L3|R0,9,M2--R,232422620484707/156250000000000,0,0,1,1
25,L0|L3|R0,10,R--R0,2653577086178917/2500000000000000,1,1,1,1
25,L0|L3|R0,11,R--R1,977114028526669/625000000000000,0,0,1,1
25,L0|L3|R0,12,R--R2,1057321139987373/1250000000000000,0,0,1,1
25,L0|L3|R0,13,R--R3,6037011260248397/5000000000000000,0,0,1,1
26,L1|L3|R0,0,L--L0,2703986192682027/2500000000000000,0,0,1,1
26,L1|L3|R0,1,L--L1,1849490373434169/2500000000000000,1,1,1,1
26,L1|L3|R0,2,L--L2,1464310966904731/1000000000000000,0,0,1,1
26,L1|L3|R0,3,L--L3,939396917435463/625000000000000,1,1,1,1
26,L1|L3|R0,4,L--M0,1213555857675263/1000000000000000,0,0,1,1
26,L1|L3|R0,5,L--M1,13994982322202127/10000000000000000,0,0,1,1
26,L1|L3|R0,6,L--M2,1768377335439391/1000000000000000,0,0,1,1
26,L1|L3|R0,7,M0--R,635985469756133/400000000000000,0,0,1,1
26,L1|L3|R0,8,M1--R,7464837598588827/5000000000000000,0,0,1,1
26,L1|L3|R0,9,M2--R,232422620484707/156250000000000,0,0,1,1
26,L1|L3|R0,10,R--R0,2653577086178917/2500000000000000,1,1,1,1
26,L1|L3|R0,11,R--R1,977114028526669/625000000000000,0,0,1,1
26,L1|L3|R0,12,R--R2,1057321139987373/1250000000000000,0,0,1,1
26,L1|L3|R0,13,R--R3,6037011260248397/5000000000000000,0,0,1,1
27,L0|L1|L3|R0,0,L--L0,2703986192682027/2500000000000000,1,1,1,1
27,L0|L1|L3|R0,1,L--L1,1849490373434169/2500000000000000,1,1,1,1
27,L0|L1|L3|R0,2,L--L2,1464310966904731/1000000000000000,0,0,1,1
27,L0|L1|L3|R0,3,L--L3,939396917435463/625000000000000,1,1,1,1
27,L0|L1|L3|R0,4,L--M0,1213555857675263/1000000000000000,0,0,1,1
27,L0|L1|L3|R0,5,L--M1,13994982322202127/10000000000000000,0,0,1,1
27,L0|L1|L3|R0,6,L--M2,1768377335439391/1000000000000000,0,0,1,1
27,L0|L1|L3|R0,7,M0--R,635985469756133/400000000000000,0,0,1,1
27,L0|L1|L3|R0,8,M1--R,7464837598588827/5000000000000000,0,0,1,1
27,L0|L1|L3|R0,9,M2--R,232422620484707/156250000000000,0,0,1,1
27,L0|L1|L3|R0,10,R--R0,2653577086178917/2500000000000000,1,1,1,1
27,L0|L1|L3|R0,11,R--R1,977114028526669/625000000000000,0,0,1,1
27,L0|L1|L3|R0,12,R--R2,1057321139987373/1250000000000000,0,0,1,1
27,L0|L1|L3|R0,13,R--R3,6037011260248397/5000000000000000,0,0,1,1
28,L2|L3|R0,0,L--L0,2703986192682027/2500000000000000,0,0,1,1
28,L2|L3|R0,1,L--L1,1849490373434169/2500000000000000,0,0,1,1
28,L2|L3|R0,2,L--L2,1464310966904731/1000000000000000,1,1,1,1
28,L2|L3|R0,3,L--L3,939396917435463/625000000000000,1,1,1,1
28,L2|L3|R0,4,L--M0,1213555857675263/1000000000000000,0,0,1,1
28,L2|L3|R0,5,L--M1,13994982322202127/10000000000000000,0,0,1,1
28,L2|L3|R0,6,L--M2,1768377335439391/1000000000000000,0,0,1,1
28,L2|L3|R0,7,M0--R,635985469756133/400000000000000,0,0,1,1
28,L2|L3|R0,8,M1--R,7464837598588827/5000000000000000,0,0,1,1
28,L2|L3|R0,9,M2--R,232422620484707/156250000000000,0,0,1,1
28,L2|L3|R0,10,R--R0,2653577086178917/2500000000000000,1,1,1,1
28,L2|L3|R0,11,R--R1,977114028526669/625000000000000,0,0,1,1
28,L2|L3|R0,12,R--R2,1057321139987373/1250000000000000,0,0,1,1
28,L2|L3|R0,13,R--R3,6037011260248397/5000000000000000,0,0,1,1
29,L0|L2|L3|R0,0,L--L0,2703986192682027/2500000000000000,0,0,1,1
29,L0|L2|L3|R0,1,L--L1,1849490373434169/2500000000000000,1,1,1,1
29,L0|L2|L3|R0,2,L--L2,1464310966904731/1000000000000000,0,0,1,1
29,L0|L2|L3|R0,3,L--L3,939396917435463/625000000000000,0,0,1,1
29,L0|L2|L3|R0,4,L--M0,1213555857675263/1000000000000000,0,0,1,1
29,L0|L2|L3|R0,5,L--M1,13994982322202127/10000000000000000,0,0,1,1
29,L0|L2|L3|R0,6,L--M2,1768377335439391/1000000000000000,0,0,1,1
29,L0|L2|L3|R0,7,M0--R,635985469756133/400000000000000,0,0,1,1
29,L0|L2|L3|R0,8,M1--R,7464837598588827/5000000000000000,0,0,1,1
29,L0|L2|L3|R0,9,M2--R,232422620484707/156250000000000,0,0,1,1
29,L0|L2|L3|R0,10,R--R0,2653577086178917/2500000000000000,0,0,1,1
29,L0|L2|L3|R0,11,R--R1,977114028526669/625000000000000,1,1,1,1
29,L0|L2|L3|R0,12,R--R2,1057321139987373/1250000000000000,1,1,1,1
29,L0|L2|L3|R0,13,R--R3,6037011260248397/5000000000000000,1,1,1,1
30,L1|L2|L3|R0,0,L--L0,2703986192682027/2500000000000000,1,1,1,1
30,L1|L2|L3|R0,1,L--L1,1849490373434169/2500000000000000,0,0,1,1
30,L1|L2|L3|R0,2,L--L2,1464310966904731/1000000000000000,0,0,1,1
30,L1|L2|L3|R0,3,L--L3,939396917435463/625000000000000,0,0,1,1
30,L1|L2|L3|R0,4,L--M0,1213555857675263/1000000000000000,0,0,1,1
30,L1|L2|L3|R0,5,L--M1,13994982322202127/10000000000000000,0,0,1,1
30,L1|L2|L3|R0,6,L--M2,1768377335439391/1000000000000000,0,0,1,1
30,L1|L2|L3|R0,7,M0--R,635985469756133/400000000000000,0,0,1,1
30,L1|L2|L3|R0,8,M1--R,7464837598588827/5000000000000000,0,0,1,1
30,L1|L2|L3|R0,9,M2--R,232422620484707/156250000000000,0,0,1,1
30,L1|L2|L3|R0,10,R--R0,2653577086178917/2500000000000000,0,0,1,1
30,L1|L2|L3|R0,11,R--R1,977114028526669/625000000000000,1,1,1,1
30,L1|L2|L3|R0,12,R--R2,1057321139987373/1250000000000000,1,1,1,1
30,L1|L2|L3|R0,13,R--R3,6037011260248397/5000000000000000,1,1,1,1
31,L0|L1|L2|L3|R0,0,L--L0,2703986192682027/2500000000000000,0,0,1,1
31,L0|L1|L2|L3|R0,1,L--L1,1849490373434169/2500000000000000,0,0,1,1
31,L0|L1|L2|L3|R0,2,L--L2,1464310966904731/1000000000000000,0,0,1,1
31,L0|L1|L2|L3|R0,3,L--L3,939396917435463/625000000000000,0,0,1,1
31,L0|L1|L2|L3|R0,4,L--M0,1213555857675263/1000000000000000,0,0,1,1
31,L0|L1|L2|L3|R0,5,L--M1,13994982322202127/10000000000000000,0,0,1,1
31,L0|L1|L2|L3|R0,6,L--M2,1768377335439391/1000000000000000,0,0,1,1
31,L0|L1|L2|L3|R0,7,M0--R,635985469756133/400000000000000,0,0,1,1
31,L0|L1|L2|L3|R0,8,M1--R,7464837598588827/5000000000000000,0,0,1,1
31,L0|L1|L2|L3|R0,9,M2--R,232422620484707/156250000000000,0,0,1,1
31,L0|L1|L2|L3|R0,10,R--R0,2653577086178917/2500000000000000,0,0,1,1
31,L0|L1|L2|L3|R0,11,R--R1,977114028526669/625000000000000,1,1,1,1
31,L0|L1|L2|L3|R0,12,R--R2,1057321139987373/1250000000000000,1,1,1,1
31,L0|L1|L2|L3|R0,13,R--R3,6037011260248397/5000000000000000,1,1,1,1
32,R1,0,L--L0,2703986192682027/2500000000000000,0,0,1,1
32,R1,1,L--L1,1849490373434169/2500000000000000,0,0,1,1
32,R1,2,L--L2,1464310966904731/1000000000000000,0,0,1,1
32,R1,3,L--L3,939396917435463/625000000000000,0,0,1,1
32,R1,4,L--M0,1213555857675263/1000000000000000,0,0,1,1
32,R1,5,L--M1,13994982322202127/10000000000000000,0,0,1,1
32,R1,6,L--M2,1768377335439391/1000000000000000,0,0,1,1
32,R1,7,M0--R,635985469756133/400000000000000,0,0,1,1
32,R1,8,M1--R,7464837598588827/5000000000000000,0,0,1,1
32,R1,9,M2--R,232422620484707/156250000000000,0,0,1,1
32,R1,10,R--R0,2653577086178917/2500000000000000,0,0,1,1
32,R1,11,R--R1,977114028526669/625000000000000,1,1,1,1
32,R1,12,R--R2,1057321139987373/1250000000000000,0,0,1,1
32,R1,13,R--R3,6037011260248397/5000000000000000,0,0,1,1
33,L0|R1,0,L--L0,2703986192682027/2500000000000000,1,1,1,1
33,L0|R1,1,L--L1,1849490373434169/2500000000000000,0,0,1,1
33,L0|R1,2,L--L2,1464310966904731/1000000000000000,0,0,1,1
33,L0|R1,3,L--L3,939396917435463/625000000000000,0,0,1,1
33,L0|R1,4,L--M0,1213555857675263/1000000000000000,0,0,1,1
33,L0|R1,5,L--M1,13994982322202127/10000000000000000,0,0,1,1
33,L0|R1,6,L--M2,1768377335439391/1000000000000000,0,0,1,1
33,L0|R1,7,M0--R,635985469756133/400000000000000,0,0,1,1
33,L0|R1,8,M1--R,7464837598588827/5000000000000000,0,0,1,1
33,L0|R1,9,M2--R,232422620484707/156250000000000,0,0,1,1
33,L0|R1,10,R--R0,2653577086178917/2500000000000000,0,0,1,1
33,L0|R1,11,R--R1,977114028526669/625000000000000,1,1,1,1
33,L0|R1,12,R--R2,1057321139987373/1250000000000000,0,0,1,1
33,L0|R1,13,R--R3,6037011260248397/5000000000000000,0,0,1,1
34,L1|R1,0,L--L0,2703986192682027/2500000000000000,0,0,1,1
34,L1|R1,1,L--L1,1849490373434169/2500000000000000,1,1,1,1
34,L1|R1,2,L--L2,1464310966904731/1000000000000000,0,0,1,1
34,L1|R1,3,L--L3,939396917435463/625000000000000,0,0,1,1
34,L1|R1,4,L--M0,1213555857675263/1000000000000000,0,0,1,1
34,L1|R1,5,L--M1,13994982322202127/10000000000000000,0,0,1,1
34,L1|R1,6,L--M2,1768377335439391/1000000000000000,0,0,1,1
34,L1|R1,7,M0--R,635985469756133/400000000000000,0,0,1,1
34,L1|R1,8,M1--R,7464837598588827/5000000000000000,0,0,1,1
34,L1|R1,9,M2--R,232422620484707/156250000000000,0,0,1,1
34,L1|R1,10,R--R0,2653577086178917/2500000000000000,0,0,1,1
34,L1|R1,11,R--R1,977114028526669/625000000000000,1,1,1,1
34,L1|R1,12,R--R2,1057321139987373/1250000000000000,0,0,1,1
34,L1|R1,13,R--R3,6037011260248397/5000000000000000,0,0,1,1
35,L0|L1|R1,0,L--L0,2703986192682027/2500000000000000,1,1,1,1
35,L0|L1|R1,1,L--L1,1849490373434169/2500000000000000,1,1,1,1
35,L0|L1|R1,2,L--L2,1464310966904731/1000000000000000,0,0,1,1
35,L0|L1|R1,3,L--L3,939396917435463/625000000000000,0,0,1,1
35,L0|L1|R1,4,L--M0,1213555857675263/1000000000000000,0,0,1,1
35,L0|L1|R1,5,L--M1,13994982322202127/10000000000000000,0,0,1,1
35,L0|L1|R1,6,L--M2,1768377335439391/1000000000000000,0,0,1,1
35,L0|L1|R1,7,M0--R,635985469756133/400000000000000,0,0,1,1
35,L0|L1|R1,8,M1--R,7464837598588827/5000000000000000,0,0,1,1
35,L0|L1|R1,9,M2--R,232422620484707/156250000000000,0,0,1,1
35,L0|L1|R1,10,R--R0,2653577086178917/2500000000000000,0,0,1,1
35,L0|L1|R1,11,R--R1,977114028526669/625000000000000,1,1,1,1
35,L0|L1|R1,12,R--R2,1057321139987373/1250000000000000,0,0,1,1
35,L0|L1|R1,13,R--R3,6037011260248397/5000000000000000,0,0,1,1
36,L2|R1,0,L--L0,2703986192682027/2500000000000000,0,0,1,1
36,L2|R1,1,L--L1,1849490373434169/2500000000000000,0,0,1,1
36,L2|R1,2,L--L2,1464310966904731/1000000000000000,1,1,1,1
36,L2|R1,3,L--L3,939396917435463/625000000000000,0,0,1,1
36,L2|R1,4,L--M0,1213555857675263/1000000000000000,0,0,1,1
36,L2|R1,5,L--M1,13994982322202127/10000000000000000,0,0,1,1
36,L2|R1,6,L--M2,1768377335439391/1000000000000000,0,0,1,1
36,L2|R1,7,M0--R,635985469756133/400000000000000,0,0,1,1
36,L2|R1,8,M1--R,7464837598588827/5000000000000000,0,0,1,1
36,L2|R1,9,M2--R,232422620484707/156250000000000,0,0,1,1
36,L2|R1,10,R--R0,2653577086178917/2500000000000000,0,0,1,1
36,L2|R1,11,R--R1,977114028526669/625000000000000,1,1,1,1
36,L2|R1,12,R--R2,1057321139987373/1250000000000000,0,0,1,1
36,L2|R1,13,R--R3,6037011260248397/5000000000000000,0,0,1,1
37,L0|L2|R1,0,L--L0,2703986192682027/2500000000000000,1,1,1,1
37,L0|L2|R1,1,L--L1,1849490373434169/2500000000000000,0,0,1,1
37,L0|L2|R1,2,L--L2,1464310966904731/1000000000000000,1,1,1,1
37,L0|L2|R1,3,L--L3,939396917435463/625000000000000,0,0,1,1
37,L0|L2|R1,4,L--M0,1213555857675263/1000000000000000,0,0,1,1
37,L0|L2|R1,5,L--M1,13994982322202127/10000000000000000,0,0,1,1
37,L0|L2|R1,6,L--M2,1768377335439391/1000000000000000,0,0,1,1
37,L0|L2|R1,7,M0--R,635985469756133/400000000000000,0,0,1,1
37,L0|L2|R1,8,M1--R,7464837598588827/5000000000000000,0,0,1,1
37,L0|L2|R1,9,M2--R,232422620484707/156250000000000,0,0,1,1
37,L0|L2|R1,10,R--R0,2653577086178917/2500000000000000,0,0,1,1
37,L0|L2|R1,11,R--R1,977114028526669/625000000000000,1,1,1,1
37,L0|L2|R1,12,R--R2,1057321139987373/1250000000000000,0,0,1,1
37,L0|L2|R1,13,R--R3,6037011260248397/5000000000000000,0,0,1,1
38,L1|L2|R1,0,L--L0,2703986192682027/2500000000000000,0,0,1,1
38,L1|L2|R1,1,L--L1,1849490373434169/2500000000000000,1,1,1,1
38,L1|L2|R1,2,L--L2,1464310966904731/1000000000000000,1,1,1,1
38,L1|L2|R1,3,L--L3,939396917435463/625000000000000,0,0,1,1
38,L1|L2|R1,4,L--M0,1213555857675263/1000000000000000,0,0,1,1
38,L1|L2|R1,5,L--M1,13994982322202127/10000000000000000,0,0,1,1
38,L1|L2|R1,6,L--M2,1768377335439391/1000000000000000,0,0,1,1
38,L1|L2|R1,7,M0--R,635985469756133/400000000000000,0,0,1,1
38,L1|L2|R1,8,M1--R,7464837598588827/5000000000000000,0,0,1,1
38,L1|L2|R1,9,M2--R,232422620484707/156250000000000,0,0,1,1
38,L1|L2|R1,10,R--R0,2653577086178917/2500000000000000,0,0,1,1
38,L1|L2|R1,11,R--R1,977114028526669/625000000000000,1,1,1,1
38,L1|L2|R1,12,R--R2,1057321139987373/1250000000000000,0,0,1,1
38,L1|L2|R1,13,R--R3,6037011260248397/5000000000000000,0,0,1,1
39,L0|L1|L2|R1,0,L--L0,2703986192682027/2500000000000000,0,0,1,1
39,L0|L1|L2|R1,1,L--L1,1849490373434169/2500000000000000,0,0,1,1
39,L0|L1|L2|R1,2,L--L2,1464310966904731/1000000000000000,0,0,1,1
39,L0|L1|L2|R1,3,L--L3,939396917435463/625000000000000,1,1,1,1
39,L0|L1|L2|R1,4,L--M0,1213555857675263/1000000000000000,0,0,1,1
39,L0|L1|L2|R1,5,L--M1,13994982322202127/10000000000000000,0,0,1,1
39,L0|L1|L2|R1,6,L--M2,1768377335439391/1000000000000000,0,0,1,1
39,L0|L1|L2|R1,7,M0--R,635985469756133/400000000000000,0,0,1,1
39,L0|L1|L2|R1,8,M1--R,7464837598588827/5000000000000000,0,0,1,1
39,L0|L1|L2|R1,9,M2--R,232422620484707/156250000000000,0,0,1,1
39,L0|L1|L2|R1,10,R--R0,2653577086178917/2500000000000000,1,1,1,1
39,L0|L1|L2|R1,11,R--R1,977114028526669/625000000000000,0,0,1,1
39,L0|L1|L2|R1,12,R--R2,1057321139987373/1250000000000000,1,1,1,1
39,L0|L1|L2|R1,13,R--R3,6037011260248397/5000000000000000,1,1,1,1
40,L3|R1,0,L--L0,2703986192682027/2500000000000000,0,0,1,1
40,L3|R1,1,L--L1,1849490373434169/2500000000000000,0,0,1,1
40,L3|R1,2,L--L2,1464310966904731/1000000000000000,0,0,1,1
40,L3|R1,3,L--L3,939396917435463/625000000000000,1,1,1,1
40,L3|R1,4,L--M0,1213555857675263/1000000000000000,0,0,1,1
40,L3|R1,5,L--M1,13994982322202127/10000000000000000,0,0,1,1
40,L3|R1,6,L--M2,1768377335439391/1000000000000000,0,0,1,1
40,L3|R1,7,M0--R,635985469756133/400000000000000,0,0,1,1
40,L3|R1,8,M1--R,7464837598588827/5000000000000000,0,0,1,1
40,L3|R1,9,M2--R,232422620484707/156250000000000,0,0,1,1
40,L3|R1,10,R--R0,2653577086178917/2500000000000000,0,0,1,1
40,L3|R1,11,R--R1,977114028526669/625000000000000,1,1,1,1
40,L3|R1,12,R--R2,1057321139987373/1250000000000000,0,0,1,1
40,L3|R1,13,R--R3,6037011260248397/5000000000000000,0,0,1,1
41,L0|L3|R1,0,L--L0,2703986192682027/2500000000000000,1,1,1,1
41,L0|L3|R1,1,L--L1,1849490373434169/2500000000000000,0,0,1,1
41,L0|L3|R1,2,L--L2,1464310966904731/1000000000000000,0,0,1,1
41,L0|L3|R1,3,L--L3,939396917435463/625000000000000,1,1,1,1
41,L0|L3|R1,4,L--M0,1213555857675263/1000000000000000,0,0,1,1
41,L0|L3|R1,5,L--M1,13994982322202127/10000000000000000,0,0,1,1
41,L0|L3|R1,6,L--M2,1768377335439391/1000000000000000,0,0,1,1
41,L0|L3|R1,7,M0--R,635985469756133/400000000000000,0,0,1,1
41,L0|L3|R1,8,M1--R,7464837598588827/5000000000000000,0,0,1,1
41,L0|L3|R1,9,M2--R,232422620484707/156250000000000,0,0,1,1
41,L0|L3|R1,10,R--R0,2653577086178917/2500000000000000,0,0,1,1
41,L0|L3|R1,11,R--R1,977114028526669/625000000000000,1,1,1,1
41,L0|L3|R1,12,R--R2,1057321139987373/1250000000000000,0,0,1,1
41,L0|L3|R1,13,R--R3,6037011260248397/5000000000000000,0,0,1,1
42,L1|L3|R1,0,L--L0,2703986192682027/2500000000000000,0,0,1,1
42,L1|L3|R1,1,L--L1,1849490373434169/2500000000000000,1,1,1,1
42,L1|L3|R1,2,L--L2,1464310966904731/1000000000000000,0,0,1,1
42,L1|L3|R1,3,L--L3,939396917435463/625000000000000,1,1,1,1
42,L1|L3|R1,4,L--M0,1213555857675263/1000000000000000,0,0,1,1
42,L1|L3|R1,5,L--M1,13994982322202127/10000000000000000,0,0,1,1
42,L1|L3|R1,6,L--M2,1768377335439391/1000000000000000,0,0,1,1
42,L1|L3|R1,7,M0--R,635985469756133/400000000000000,0,0,1,1
42,L1|L3|R1,8,M1--R,7464837598588827/5000000000000000,0,0,1,1
42,L1|L3|R1,9,M2--R,232422620484707/156250000000000,0,0,1,1
42,L1|L3|R1,10,R--R0,2653577086178917/2500000000000000,0,0,1,1
42,L1|L3|R1,11,R--R1,977114028526669/625000000000000,1,1,1,1
42,L1|L3|R1,12,R--R2,1057321139987373/1250000000000000,0,0,1,1
42,L1|L3|R1,13,R--R3,6037011260248397/5000000000000000,0,0,1,1
43,L0|L1|L3|R1,0,L--L0,2703986192682027/2500000000000000,0,0,1,1
43,L0|L1|L3|R1,1,L--L1,1849490373434169/2500000000000000,0,0,1,1
43,L0|L1|L3|R1,2,L--L2,1464310966904731/1000000000000000,1,1,1,1
43,L0|L1|L3|R1,3,L--L3,939396917435463/625000000000000,0,0,1,1
43,L0|L1|L3|R1,4,L--M0,1213555857675263/1000000000000000,0,0,1,1
43,L0|L1|L3|R1,5,L--M1,13994982322202127/10000000000000000,0,0,1,1
43,L0|L1|L3|R1,6,L--M2,1768377335439391/1000000000000000,0,0,1,1
43,L0|L1|L3|R1,7,M0--R,635985469756133/400000000000000,0,0,1,1
43,L0|L1|L3|R1,8,M1--R,7464837598588827/5000000000000000,0,0,1,1
43,L0|L1|L3|R1,9,M2--R,232422620484707/156250000000000,0,0,1,1
43,L0|L1|L3|R1,10,R--R0,2653577086178917/2500000000000000,1,1,1,1
43,L0|L1|L3|R1,11,R--R1,977114028526669/625000000000000,0,0,1,1
43,L0|L1|L3|R1,12,R--R2,1057321139987373/1250000000000000,1,1,1,1
43,L0|L1|L3|R1,13,R--R3,6037011260248397/5000000000000000,1,1,1,1
44,L2|L3|R1,0,L--L0,2703986192682027/2500000000000000,0,0,1,1
44,L2|L3|R1,1,L--L1,1849490373434169/2500000000000000,0,0,1,1
44,L2|L3|R1,2,L--L2,1464310966904731/1000000000000000,1,1,1,1
44,L2|L3|R1,3,L--L3,939396917435463/625000000000000,1,1,1,1
44,L2|L3|R1,4,L--M0,1213555857675263/1000000000000000,0,0,1,1
44,L2|L3|R1,5,L--M1,13994982322202127/10000000000000000,0,0,1,1
44,L2|L3|R1,6,L--M2,1768377335439391/1000000000000000,0,0,1,1
44,L2|L3|R1,7,M0--R,635985469756133/400000000000000,0,0,1,1
44,L2|L3|R1,8,M1--R,7464837598588827/5000000000000000,0,0,1,1
44,L2|L3|R1,9,M2--R,232422620484707/156250000000000,0,0,1,1
44,L2|L3|R1,10,R--R0,2653577086178917/2500000000000000,0,0,1,1
44,L2|L3|R1,11,R--R1,977114028526669/625000000000000,1,1,1,1
44,L2|L3|R1,12,R--R2,1057321139987373/1250000000000000,0,0,1,1
44,L2|L3|R1,13,R--R3,6037011260248397/5000000000000000,0,0,1,1
45,L0|L2|L3|R1,0,L--L0,2703986192682027/2500000000000000,0,0,1,1
45,L0|L2|L3|R1,1,L--L1,1849490373434169/2500000000000000,1,1,1,1
45,L0|L2|L3|R1,2,L--L2,1464310966904731/1000000000000000,0,0,1,1
45,L0|L2|L3|R1,3,L--L3,939396917435463/625000000000000,0,0,1,1
45,L0|L2|L3|R1,4,L--M0,1213555857675263/1000000000000000,0,0,1,1
45,L0|L2|L3|R1,5,L--M1,13994982322202127/10000000000000000,0,0,1,1
45,L0|L2|L3|R1,6,L--M2,1768377335439391/1000000000000000,0,0,1,1
45,L0|L2|L3|R1,7,M0--R,635985469756133/400000000000000,0,0,1,1
45,L0|L2|L3|R1,8,M1--R,7464837598588827/5000000000000000,0,0,1,1
45,L0|L2|L3|R1,9,M2--R,232422620484707/156250000000000,0,0,1,1
45,L0|L2|L3|R1,10,R--R0,2653577086178917/2500000000000000,1,1,1,1
45,L0|L2|L3|R1,11,R--R1,977114028526669/625000000000000,0,0,1,1
45,L0|L2|L3|R1,12,R--R2,1057321139987373/1250000000000000,1,1,1,1
45,L0|L2|L3|R1,13,R--R3,6037011260248397/5000000000000000,1,1,1,1
46,L1|L2|L3|R1,0,L--L0,2703986192682027/2500000000000000,1,1,1,1
46,L1|L2|L3|R1,1,L--L1,1849490373434169/2500000000000000,0,0,1,1
46,L1|L2|L3|R1,2,L--L2,1464310966904731/1000000000000000,0,0,1,1
46,L1|L2|L3|R1,3,L--L3,939396917435463/625000000000000,0,0,1,1
46,L1|L2|L3|R1,4,L--M0,1213555857675263/1000000000000000,0,0,1,1
46,L1|L2|L3|R1,5,L--M1,13994982322202127/10000000000000000,0,0,1,1
46,L1|L2|L3|R1,6,L--M2,1768377335439391/1000000000000000,0,0,1,1
46,L1|L2|L3|R1,7,M0--R,635985469756133/400000000000000,0,0,1,1
46,L1|L2|L3|R1,8,M1--R,7464837598588827/5000000000000000,0,0,1,1
46,L1|L2|L3|R1,9,M2--R,232422620484707/156250000000000,0,0,1,1
46,L1|L2|L3|R1,10,R--R0,2653577086178917/2500000000000000,1,1,1,1
46,L1|L2|L3|R1,11,R--R1,977114028526669/625000000000000,0,0,1,1
46,L1|L2|L3|R1,12,R--R2,1057321139987373/1250000000000000,1,1,1,1
46,L1|L2|L3|R1,13,R--R3,6037011260248397/5000000000000000,1,1,1,1
47,L0|L1|L2|L3|R1,0,L--L0,2703986192682027/2500000000000000,0,0,1,1
47,L0|L1|L2|L3|R1,1,L--L1,1849490373434169/2500000000000000,0,0,1,1
47,L0|L1|L2|L3|R1,2,L--L2,1464310966904731/1000000000000000,0,0,1,1
47,L0|L1|L2|L3|R1,3,L--L3,939396917435463/625000000000000,0,0,1,1
47,L0|L1|L2|L3|R1,4,L--M0,1213555857675263/1000000000000000,0,0,1,1
47,L0|L1|L2|L3|R1,5,L--M1,13994982322202127/10000000000000000,0,0,1,1
47,L0|L1|L2|L3|R1,6,L--M2,1768377335439391/1000000000000000,0,0,1,1
47,L0|L1|L2|L3|R1,7,M0--R,635985469756133/400000000000000,0,0,1,1
47,L0|L1|L2|L3|R1,8,M1--R,7464837598588827/5000000000000000,0,0,1,1
47,L0|L1|L2|L3|R1,9,M2--R,232422620484707/156250000000000,0,0,1,1
47,L0|L1|L2|L3|R1,10,R--R0,2653577086178917/2500000000000000,1,1,1,1
47,L0|L1|L2|L3|R1,11,R--R1,977114028526669/625000000000000,0,0,1,1
47,L0|L1|L2|L3|R1,12,R--R2,1057321139987373/1250000000000000,1,1,1,1
47,L0|L1|L2|L3|R1,13,R--R3,6037011260248397/5000000000000000,1,1,1,1
48,R0|R1,0,L--L0,2703986192682027/2500000000000000,0,0,1,1
48,R0|R1,1,L--L1,1849490373434169/2500000000000000,0,0,1,1
48,R0|R1,2,L--L2,1464310966904731/1000000000000000,0,0,1,1
48,R0|R1,3,L--L3,939396917435463/625000000000000,0,0,1,1
48,R0|R1,4,L--M0,1213555857675263/1000000000000000,0,0,1,1
48,R0|R1,5,L--M1,13994982322202127/10000000000000000,0,0,1,1
48,R0|R1,6,L--M2,1768377335439391/1000000000000000,0,0,1,1
48,R0|R1,7,M0--R,635985469756133/400000000000000,0,0,1,1
48,R0|R1,8,M1--R,7464837598588827/5000000000000000,0,0,1,1
48,R0|R1,9,M2--R,232422620484707/156250000000000,0,0,1,1
48,R0|R1,10,R--R0,2653577086178917/2500000000000000,1,1,1,1
48,R0|R1,11,R--R1,977114028526669/625000000000000,1,1,1,1
48,R0|R1,12,R--R2,1057321139987373/1250000000000000,0,0,1,1
48,R0|R1,13,R--R3,6037011260248397/5000000000000000,0,0,1,1
49,L0|R0|R1,0,L--L0,2703986192682027/2500000000000000,1,1,1,1
49,L0|R0|R1,1,L--L1,1849490373434169/2500000000000000,0,0,1,1
49,L0|R0|R1,2,L--L2,1464310966904731/1000000000000000,0,0,1,1
49,L0|R0|R1,3,L--L3,939396917435463/625000000000000,0,0,1,1
49,L0|R0|R1,4,L--M0,1213555857675263/1000000000000000,0,0,1,1
49,L0|R0|R1,5,L--M1,13994982322202127/10000000000000000,0,0,1,1
49,L0|R0|R1,6,L--M2,1768377335439391/1000000000000000,0,0,1,1
49,L0|R0|R1,7,M0--R,635985469756133/400000000000000,0,0,1,1
49,L0|R0|R1,8,M1--R,7464837598588827/5000000000000000,0,0,1,1
49,L0|R0|R1,9,M2--R,232422620484707/156250000000000,0,0,1,1
49,L0|R0|R1,10,R--R0,2653577086178917/2500000000000000,1,1,1,1
49,L0|R0|R1,11,R--R1,977114028526669/625000000000000,1,1,1,1
49,L0|R0|R1,12,R--R2,1057321139987373/1250000000000000,0,0,1,1
49,L0|R0|R1,13,R--R3,6037011260248397/5000000000000000,0,0,1,1
50,L1|R0|R1,0,L--L0,2703986192682027/2500000000000000,0,0,1,1
50,L1|R0|R1,1,L--L1,1849490373434169/2500000000000000,1,1,1,1
50,L1|R0|R1,2,L--L2,1464310966904731/1000000000000000,0,0,1,1
50,L1|R0|R1,3,L--L3,939396917435463/625000000000000,0,0,1,1
50,L1|R0|R1,4,L--M0,1213555857675263/1000000000000000,0,0,1,1
50,L1|R0|R1,5,L--M1,13994982322202127/10000000000000000,0,0,1,1
50,L1|R0|R1,6,L--M2,1768377335439391/1000000000000000,0,0,1,1
50,L1|R0|R1,7,M0--R,635985469756133/400000000000000,0,0,1,1
50,L1|R0|R1,8,M1--R,7464837598588827/5000000000000000,0,0,1,1
50,L1|R0|R1,9,M2--R,232422620484707/156250000000000,0,0,1,1
50,L1|R0|R1,10,R--R0,2653577086178917/2500000000000000,1,1,1,1
50,L1|R0|R1,11,R--R1,977114028526669/625000000000000,1,1,1,1
50,L1|R0|R1,12,R--R2,1057321139987373/1250000000000000,0,0,1,1
50,L1|R0|R1,13,R--R3,6037011260248397/5000000000000000,0,0,1,1
51,L0|L1|R0|R1,0,L--L0,2703986192682027/2500000000000000,1,1,1,1
51,L0|L1|R0|R1,1,L--L1,1849490373434169/2500000000000000,1,1,1,1
51,L0|L1|R0|R1,2,L--L2,1464310966904731/1000000000000000,0,0,1,1
51,L0|L1|R0|R1,3,L--L3,939396917435463/625000000000000,0,0,1,1
51,L0|L1|R0|R1,4,L--M0,1213555857675263/1000000000000000,0,0,1,1
51,L0|L1|R0|R1,5,L--M1,13994982322202127/10000000000000000,0,0,1,1
51,L0|L1|R0|R1,6,L--M2,1768377335439391/1000000000000000,0,0,1,1
51,L0|L1|R0|R1,7,M0--R,635985469756133/400000000000000,0,0,1,1
51,L0|L1|R0|R1,8,M1--R,7464837598588827/5000000000000000,0,0,1,1
51,L0|L1|R0|R1,9,M2--R,232422620484707/156250000000000,0,0,1,1
51,L0|L1|R0|R1,10,R--R0,2653577086178917/2500000000000000,1,1,1,1
51,L0|L1|R0|R1,11,R--R1,977114028526669/625000000000000,1,1,1,1
51,L0|L1|R0|R1,12,R--R2,1057321139987373/1250000000000000,0,0,1,1
51,L0|L1|R0|R1,13,R--R3,6037011260248397/5000000000000000,0,0,1,1
52,L2|R0|R1,0,L--L0,2703986192682027/2500000000000000,0,0,1,1
52,L2|R0|R1,1,L--L1,1849490373434169/2500000000000000,0,0,1,1
52,L2|R0|R1,2,L--L2,1464310966904731/1000000000000000,1,1,1,1
52,L2|R0|R1,3,L--L3,939396917435463/625000000000000,0,0,1,1
52,L2|R0|R1,4,L--M0,1213555857675263/1000000000000000,0,0,1,1
52,L2|R0|R1,5,L--M1,13994982322202127/10000000000000000,0,0,1,1
52,L2|R0|R1,6,L--M2,1768377335439391/1000000000000000,0,0,1,1
52,L2|R0|R1,7,M0--R,635985469756133/400000000000000,0,0,1,1
52,L2|R0|R1,8,M1--R,7464837598588827/5000000000000000,0,0,1,1
52,L2|R0|R1,9,M2--R,232422620484707/156250000000000,0,0,1,1
52,L2|R0|R1,10,R--R0,2653577086178917/2500000000000000,1,1,1,1
52,L2|R0|R1,11,R--R1,977114028526669/625000000000000,1,1,1,1
52,L2|R0|R1,12,R--R2,1057321139987373/1250000000000000,0,0,1,1
52,L2|R0|R1,13,R--R3,6037011260248397/5000000000000000,0,0,1,1
53,L0|L2|R0|R1,0,L--L0,2703986192682027/2500000000000000,0,0,1,1
53,L0|L2|R0|R1,1,L--L1,1849490373434169/2500000000000000,1,1,1,1
53,L0|L2|R0|R1,2,L--L2,1464310966904731/1000000000000000,0,0,1,1
53,L0|L2|R0|R1,3,L--L3,939396917435463/625000000000000,1,1,1,1
53,L0|L2|R0|R1,4,L--M0,1213555857675263/1000000000000000,0,0,1,1
53,L0|L2|R0|R1,5,L--M1,13994982322202127/10000000000000000,0,0,1,1
53,L0|L2|R0|R1,6,L--M2,1768377335439391/1000000000000000,0,0,1,1
53,L0|L2|R0|R1,7,M0--R,635985469756133/400000000000000,0,0,1,1
53,L0|L2|R0|R1,8,M1--R,7464837598588827/5000000000000000,0,0,1,1
53,L0|L2|R0|R1,9,M2--R,232422620484707/156250000000000,0,0,1,1
53,L0|L2|R0|R1,10,R--R0,2653577086178917/2500000000000000,0,0,1,1
53,L0|L2|R0|R1,11,R--R1,977114028526669/625000000000000,0,0,1,1
53,L0|L2|R0|R1,12,R--R2,1057321139987373/1250000000000000,1,1,1,1
53,L0|L2|R0|R1,13,R--R3,6037011260248397/5000000000000000,1,1,1,1
54,L1|L2|R0|R1,0,L--L0,2703986192682027/2500000000000000,1,1,1,1
54,L1|L2|R0|R1,1,L--L1,1849490373434169/2500000000000000,0,0,1,1
54,L1|L2|R0|R1,2,L--L2,1464310966904731/1000000000000000,0,0,1,1
54,L1|L2|R0|R1,3,L--L3,939396917435463/625000000000000,1,1,1,1
54,L1|L2|R0|R1,4,L--M0,1213555857675263/1000000000000000,0,0,1,1
54,L1|L2|R0|R1,5,L--M1,13994982322202127/10000000000000000,0,0,1,1
54,L1|L2|R0|R1,6,L--M2,1768377335439391/1000000000000000,0,0,1,1
54,L1|L2|R0|R1,7,M0--R,635985469756133/400000000000000,0,0,1,1
54,L1|L2|R0|R1,8,M1--R,7464837598588827/5000000000000000,0,0,1,1
54,L1|L2|R0|R1,9,M2--R,232422620484707/156250000000000,0,0,1,1
54,L1|L2|R0|R1,10,R--R0,2653577086178917/2500000000000000,0,0,1,1
54,L1|L2|R0|R1,11,R--R1,977114028526669/625000000000000,0,0,1,1
54,L1|L2|R0|R1,12,R--R2,1057321139987373/1250000000000000,1,1,1,1
54,L1|L2|R0|R1,13,R--R3,6037011260248397/5000000000000000,1,1,1,1
55,L0|L1|L2|R0|R1,0,L--L0,2703986192682027/2500000000000000,0,0,1,1
55,L0|L1|L2|R0|R1,1,L--L1,1849490373434169/2500000000000000,0,0,1,1
55,L0|L1|L2|R0|R1,2,L--L2,1464310966904731/1000000000000000,0,0,1,1
55,L0|L1|L2|R0|R1,3,L--L3,939396917435463/625000000000000,1,1,1,1
55,L0|L1|L2|R0|R1,4,L--M0,1213555857675263/1000000000000000,0,0,1,1
55,L0|L1|L2|R0|R1,5,L--M1,13994982322202127/10000000000000000,0,0,1,1
55,L0|L1|L2|R0|R1,6,L--M2,1768377335439391/1000000000000000,0,0,1,1
55,L0|L1|L2|R0|R1,7,M0--R,635985469756133/400000000000000,0,0,1,1
55,L0|L1|L2|R0|R1,8,M1--R,7464837598588827/5000000000000000,0,0,1,1
55,L0|L1|L2|R0|R1,9,M2--R,232422620484707/156250000000000,0,0,1,1
55,L0|L1|L2|R0|R1,10,R--R0,2653577086178917/2500000000000000,0,0,1,1
55,L0|L1|L2|R0|R1,11,R--R1,977114028526669/625000000000000,0,0,1,1
55,L0|L1|L2|R0|R1,12,R--R2,1057321139987373/1250000000000000,1,1,1,1
55,L0|L1|L2|R0|R1,13,R--R3,6037011260248397/5000000000000000,1,1,1,1
56,L3|R0|R1,0,L--L0,2703986192682027/2500000000000000,0,0,1,1
56,L3|R0|R1,1,L--L1,1849490373434169/2500000000000000,0,0,1,1
56,L3|R0|R1,2,L--L2,1464310966904731/1000000000000000,0,0,1,1
56,L3|R0|R1,3,L--L3,939396917435463/625000000000000,1,1,1,1
56,L3|R0|R1,4,L--M0,1213555857675263/1000000000000000,0,0,1,1
56,L3|R0|R1,5,L--M1,13994982322202127/10000000000000000,0,0,1,1
56,L3|R0|R1,6,L--M2,1768377335439391/1000000000000000,0,0,1,1
56,L3|R0|R1,7,M0--R,635985469756133/400000000000000,0,0,1,1
56,L3|R0|R1,8,M1--R,7464837598588827/5000000000000000,0,0,1,1
56,L3|R0|R1,9,M2--R,232422620484707/156250000000000,0,0,1,1
56,L3|R0|R1,10,R--R0,2653577086178917/2500000000000000,1,1,1,1
56,L3|R0|R1,11,R--R1,977114028526669/625000000000000,1,1,1,1
56,L3|R0|R1,12,R--R2,1057321139987373/1250000000000000,0,0,1,1
56,L3|R0|R1,13,R--R3,6037011260248397/5000000000000000,0,0,1,1
57,L0|L3|R0|R1,0,L--L0,2703986192682027/2500000000000000,0,0,1,1
57,L0|L3|R0|R1,1,L--L1,1849490373434169/2500000000000000,1,1,1,1
57,L0|L3|R0|R1,2,L--L2,1464310966904731/1000000000000000,1,1,1,1
57,L0|L3|R0|R1,3,L--L3,939396917435463/625000000000000,0,0,1,1
57,L0|L3|R0|R1,4,L--M0,1213555857675263/1000000000000000,0,0,1,1
57,L0|L3|R0|R1,5,L--M1,13994982322202127/10000000000000000,0,0,1,1
57,L0|L3|R0|R1,6,L--M2,1768377335439391/1000000000000000,0,0,1,1
57,L0|L3|R0|R1,7,M0--R,635985469756133/400000000000000,0,0,1,1
57,L0|L3|R0|R1,8,M1--R,7464837598588827/5000000000000000,0,0,1,1
57,L0|L3|R0|R1,9,M2--R,232422620484707/156250000000000,0,0,1,1
57,L0|L3|R0|R1,10,R--R0,2653577086178917/2500000000000000,0,0,1,1
57,L0|L3|R0|R1,11,R--R1,977114028526669/625000000000000,0,0,1,1
57,L0|L3|R0|R1,12,R--R2,1057321139987373/1250000000000000,1,1,1,1
57,L0|L3|R0|R1,13,R--R3,6037011260248397/5000000000000000,1,1,1,1
58,L1|L3|R0|R1,0,L--L0,2703986192682027/2500000000000000,1,1,1,1
58,L1|L3|R0|R1,1,L--L1,1849490373434169/2500000000000000,0,0,1,1
58,L1|L3|R0|R1,2,L--L2,1464310966904731/1000000000000000,1,1,1,1
58,L1|L3|R0|R1,3,L--L3,939396917435463/625000000000000,0,0,1,1
58,L1|L3|R0|R1,4,L--M0,1213555857675263/1000000000000000,0,0,1,1
58,L1|L3|R0|R1,5,L--M1,13994982322202127/10000000000000000,0,0,1,1
58,L1|L3|R0|R1,6,L--M2,1768377335439391/1000000000000000,0,0,1,1
58,L1|L3|R0|R1,7,M0--R,635985469756133/400000000000000,0,0,1,1
58,L1|L3|R0|R1,8,M1--R,7464837598588827/5000000000000000,0,0,1,1
58,L1|L3|R0|R1,9,M2--R,232422620484707/156250000000000,0,0,1,1
58,L1|L3|R0|R1,10,R--R0,2653577086178917/2500000000000000,0,0,1,1
58,L1|L3|R0|R1,11,R--R1,977114028526669/625000000000000,0,0,1,1
58,L1|L3|R0|R1,12,R--R2,1057321139987373/1250000000000000,1,1,1,1
58,L1|L3|R0|R1,13,R--R3,6037011260248397/5000000000000000,1,1,1,1
59,L0|L1|L3|R0|R1,0,L--L0,2703986192682027/2500000000000000,0,0,1,1
59,L0|L1|L3|R0|R1,1,L--L1,1849490373434169/2500000000000000,0,0,1,1
59,L0|L1|L3|R0|R1,2,L--L2,1464310966904731/1000000000000000,1,1,1,1
59,L0|L1|L3|R0|R1,3,L--L3,939396917435463/625000000000000,0,0,1,1
59,L0|L1|L3|R0|R1,4,L--M0,1213555857675263/1000000000000000,0,0,1,1
59,L0|L1|L3|R0|R1,5,L--M1,13994982322202127/10000000000000000,0,0,1,1
59,L0|L1|L3|R0|R1,6,L--M2,1768377335439391/1000000000000000,0,0,1,1
59,L0|L1|L3|R0|R1,7,M0--R,635985469756133/400000000000000,0,0,1,1
59,L0|L1|L3|R0|R1,8,M1--R,7464837598588827/5000000000000000,0,0,1,1
59,L0|L1|L3|R0|R1,9,M2--R,232422620484707/156250000000000,0,0,1,1
59,L0|L1|L3|R0|R1,10,R--R0,2653577086178917/2500000000000000,0,0,1,1
59,L0|L1|L3|R0|R1,11,R--R1,977114028526669/625000000000000,0,0,1,1
59,L0|L1|L3|R0|R1,12,R--R2,1057321139987373/1250000000000000,1,1,1,1
59,L0|L1|L3|R0|R1,13,R--R3,6037011260248397/5000000000000000,1,1,1,1
60,L2|L3|R0|R1,0,L--L0,2703986192682027/2500000000000000,1,1,1,1
60,L2|L3|R0|R1,1,L--L1,1849490373434169/2500000000000000,1,1,1,1
60,L2|L3|R0|R1,2,L--L2,1464310966904731/1000000000000000,0,0,1,1
60,L2|L3|R0|R1,3,L--L3,939396917435463/625000000000000,0,0,1,1
60,L2|L3|R0|R1,4,L--M0,1213555857675263/1000000000000000,0,0,1,1
60,L2|L3|R0|R1,5,L--M1,13994982322202127/10000000000000000,0,0,1,1
60,L2|L3|R0|R1,6,L--M2,1768377335439391/1000000000000000,0,0,1,1
60,L2|L3|R0|R1,7,M0--R,635985469756133/400000000000000,0,0,1,1
60,L2|L3|R0|R1,8,M1--R,7464837598588827/5000000000000000,0,0,1,1
60,L2|L3|R0|R1,9,M2--R,232422620484707/156250000000000,0,0,1,1
60,L2|L3|R0|R1,10,R--R0,2653577086178917/2500000000000000,0,0,1,1
60,L2|L3|R0|R1,11,R--R1,977114028526669/625000000000000,0,0,1,1
60,L2|L3|R0|R1,12,R--R2,1057321139987373/1250000000000000,1,1,1,1
60,L2|L3|R0|R1,13,R--R3,6037011260248397/5000000000000000,1,1,1,1
61,L0|L2|L3|R0|R1,0,L--L0,2703986192682027/2500000000000000,0,0,1,1
61,L0|L2|L3|R0|R1,1,L--L1,1849490373434169/2500000000000000,1,1,1,1
61,L0|L2|L3|R0|R1,2,L--L2,1464310966904731/1000000000000000,0,0,1,1
61,L0|L2|L3|R0|R1,3,L--L3,939396917435463/625000000000000,0,0,1,1
61,L0|L2|L3|R0|R1,4,L--M0,1213555857675263/1000000000000000,0,0,1,1
61,L0|L2|L3|R0|R1,5,L--M1,13994982322202127/10000000000000000,0,0,1,1
61,L0|L2|L3|R0|R1,6,L--M2,1768377335439391/1000000000000000,0,0,1,1
61,L0|L2|L3|R0|R1,7,M0--R,635985469756133/400000000000000,0,0,1,1
61,L0|L2|L3|R0|R1,8,M1--R,7464837598588827/5000000000000000,0,0,1,1
61,L0|L2|L3|R0|R1,9,M2--R,232422620484707/156250000000000,0,0,1,1
61,L0|L2|L3|R0|R1,10,R--R0,2653577086178917/2500000000000000,0,0,1,1
61,L0|L2|L3|R0|R1,11,R--R1,977114028526669/625000000000000,0,0,1,1
61,L0|L2|L3|R0|R1,12,R--R2,1057321139987373/1250000000000000,1,1,1,1
61,L0|L2|L3|R0|R1,13,R--R3,6037011260248397/5000000000000000,1,1,1,1
62,L1|L2|L3|R0|R1,0,L--L0,2703986192682027/2500000000000000,1,1,1,1
62,L1|L2|L3|R0|R1,1,L--L1,1849490373434169/2500000000000000,0,0,1,1
62,L1|L2|L3|R0|R1,2,L--L2,1464310966904731/1000000000000000,0,0,1,1
62,L1|L2|L3|R0|R1,3,L--L3,939396917435463/625000000000000,0,0,1,1
62,L1|L2|L3|R0|R1,4,L--M0,1213555857675263/1000000000000000,0,0,1,1
62,L1|L2|L3|R0|R1,5,L--M1,13994982322202127/10000000000000000,0,0,1,1
62,L1|L2|L3|R0|R1,6,L--M2,1768377335439391/1000000000000000,0,0,1,1
62,L1|L2|L3|R0|R1,7,M0--R,635985469756133/400000000000000,0,0,1,1
62,L1|L2|L3|R0|R1,8,M1--R,7464837598588827/5000000000000000,0,0,1,1
62,L1|L2|L3|R0|R1,9,M2--R,232422620484707/156250000000000,0,0,1,1
62,L1|L2|L3|R0|R1,10,R--R0,2653577086178917/2500000000000000,0,0,1,1
62,L1|L2|L3|R0|R1,11,R--R1,977114028526669/625000000000000,0,0,1,1
62,L1|L2|L3|R0|R1,12,R--R2,1057321139987373/1250000000000000,1,1,1,1
62,L1|L2|L3|R0|R1,13,R--R3,6037011260248397/5000000000000000,1,1,1,1
63,L0|L1|L2|L3|R0|R1,0,L--L0,2703986192682027/2500000000000000,0,0,1,1
63,L0|L1|L2|L3|R0|R1,1,L--L1,1849490373434169/2500000000000000,0,0,1,1
63,L0|L1|L2|L3|R0|R1,2,L--L2,1464310966904731/1000000000000000,0,0,1,1
63,L0|L1|L2|L3|R0|R1,3,L--L3,939396917435463/625000000000000,0,0,1,1
63,L0|L1|L2|L3|R0|R1,4,L--M0,1213555857675263/1000000000000000,0,0,1,1
63,L0|L1|L2|L3|R0|R1,5,L--M1,13994982322202127/10000000000000000,0,0,1,1
63,L0|L1|L2|L3|R0|R1,6,L--M2,1768377335439391/1000000000000000,0,0,1,1
63,L0|L1|L2|L3|R0|R1,7,M0--R,635985469756133/400000000000000,0,0,1,1
63,L0|L1|L2|L3|R0|R1,8,M1--R,7464837598588827/5000000000000000,0,0,1,1
63,L0|L1|L2|L3|R0|R1,9,M2--R,232422620484707/156250000000000,0,0,1,1
63,L0|L1|L2|L3|R0|R1,10,R--R0,2653577086178917/2500000000000000,0,0,1,1
63,L0|L1|L2|L3|R0|R1,11,R--R1,977114028526669/625000000000000,0,0,1,1
63,L0|L1|L2|L3|R0|R1,12,R--R2,1057321139987373/1250000000000000,1,1,1,1
63,L0|L1|L2|L3|R0|R1,13,R--R3,6037011260248397/5000000000000000,1,1,1,1
64,R2,0,L--L0,2703986192682027/2500000000000000,0,0,1,1
64,R2,1,L--L1,1849490373434169/2500000000000000,0,0,1,1
64,R2,2,L--L2,1464310966904731/1000000000000000,0,0,1,1
64,R2,3,L--L3,939396917435463/625000000000000,0,0,1,1
64,R2,4,L--M0,1213555857675263/1000000000000000,0,0,1,1
64,R2,5,L--M1,13994982322202127/10000000000000000,0,0,1,1
64,R2,6,L--M2,1768377335439391/1000000000000000,0,0,1,1
64,R2,7,M0--R,635985469756133/400000000000000,0,0,1,1
64,R2,8,M1--R,7464837598588827/5000000000000000,0,0,1,1
64,R2,9,M2--R,232422620484707/156250000000000,0,0,1,1
64,R2,10,R--R0,2653577086178917/2500000000000000,0,0,1,1
64,R2,11,R--R1,977114028526669/625000000000000,0,0,1,1
64,R2,12,R--R2,1057321139987373/1250000000000000,1,1,1,1
64,R2,13,R--R3,6037011260248397/5000000000000000,0,0,1,1
65,L0|R2,0,L--L0,2703986192682027/2500000000000000,1,1,1,1
65,L0|R2,1,L--L1,1849490373434169/2500000000000000,0,0,1,1
65,L0|R2,2,L--L2,1464310966904731/1000000000000000,0,0,1,1
65,L0|R2,3,L--L3,939396917435463/625000000000000,0,0,1,1
65,L0|R2,4,L--M0,1213555857675263/1000000000000000,0,0,1,1
65,L0|R2,5,L--M1,13994982322202127/10000000000000000,0,0,1,1
65,L0|R2,6,L--M2,1768377335439391/1000000000000000,0,0,1,1
65,L0|R2,7,M0--R,635985469756133/400000000000000,0,0,1,1
65,L0|R2,8,M1--R,7464837598588827/5000000000000000,0,0,1,1
65,L0|R2,9,M2--R,232422620484707/156250000000000,0,0,1,1
65,L0|R2,10,R--R0,2653577086178917/2500000000000000,0,0,1,1
65,L0|R2,11,R--R1,977114028526669/625000000000000,0,0,1,1
65,L0|R2,12,R--R2,1057321139987373/1250000000000000,1,1,1,1
65,L0|R2,13,R--R3,6037011260248397/5000000000000000,0,0,1,1
66,L1|R2,0,L--L0,2703986192682027/2500000000000000,0,0,1,1
66,L1|R2,1,L--L1,1849490373434169/2500000000000000,1,1,1,1
66,L1|R2,2,L--L2,1464310966904731/1000000000000000,0,0,1,1
66,L1|R2,3,L--L3,939396917435463/625000000000000,0,0,1,1
66,L1|R2,4,L--M0,1213555857675263/1000000000000000,0,0,1,1
66,L1|R2,5,L--M1,13994982322202127/10000000000000000,0,0,1,1
66,L1|R2,6,L--M2,1768377335439391/1000000000000000,0,0,1,1
66,L1|R2,7,M0--R,635985469756133/400000000000000,0,0,1,1
66,L1|R2,8,M1--R,7464837598588827/5000000000000000,0,0,1,1
66,L1|R2,9,M2--R,232422620484707/156250000000000,0,0,1,1
66,L1|R2,10,R--R0,2653577086178917/2500000000000000,0,0,1,1
66,L1|R2,11,R--R1,977114028526669/625000000000000,0,0,1,1
66,L1|R2,12,R--R2,1057321139987373/1250000000000000,1,1,1,1
66,L1|R2,13,R--R3,6037011260248397/5000000000000000,0,0,1,1
67,L0|L1|R2,0,L--L0,2703986192682027/2500000000000000,1,1,1,1
67,L0|L1|R2,1,L--L1,1849490373434169/2500000000000000,1,1,1,1
67,L0|L1|R2,2,L--L2,1464310966904731/1000000000000000,0,0,1,1
67,L0|L1|R2,3,L--L3,939396917435463/625000000000000,0,0,1,1
67,L0|L1|R2,4,L--M0,1213555857675263/1000000000000000,0,0,1,1
67,L0|L1|R2,5,L--M1,13994982322202127/10000000000000000,0,0,1,1
67,L0|L1|R2,6,L--M2,1768377335439391/1000000000000000,0,0,1,1
67,L0|L1|R2,7,M0--R,635985469756133/400000000000000,0,0,1,1
67,L0|L1|R2,8,M1--R,7464837598588827/5000000000000000,0,0,1,1
67,L0|L1|R2,9,M2--R,232422620484707/156250000000000,0,0,1,1
67,L0|L1|R2,10,R--R0,2653577086178917/2500000000000000,0,0,1,1
67,L0|L1|R2,11,R--R1,977114028526669/625000000000000,0,0,1,1
67,L0|L1|R2,12,R--R2,1057321139987373/1250000000000000,1,1,1,1
67,L0|L1|R2,13,R--R3,6037011260248397/5000000000000000,0,0,1,1
68,L2|R2,0,L--L0,2703986192682027/2500000000000000,0,0,1,1
68,L2|R2,1,L--L1,1849490373434169/2500000000000000,0,0,1,1
68,L2|R2,2,L--L2,1464310966904731/1000000000000000,1,1,1,1
68,L2|R2,3,L--L3,939396917435463/625000000000000,0,0,1,1
68,L2|R2,4,L--M0,1213555857675263/1000000000000000,0,0,1,1
68,L2|R2,5,L--M1,13994982322202127/10000000000000000,0,0,1,1
68,L2|R2,6,L--M2,1768377335439391/1000000000000000,0,0,1,1
68,L2|R2,7,M0--R,635985469756133/400000000000000,0,0,1,1
68,L2|R2,8,M1--R,7464837598588827/5000000000000000,0,0,1,1
68,L2|R2,9,M2--R,232422620484707/156250000000000,0,0,1,1
68,L2|R2,10,R--R0,2653577086178917/2500000000000000,0,0,1,1
68,L2|R2,11,R--R1,977114028526669/625000000000000,0,0,1,1
68,L2|R2,12,R--R2,1057321139987373/1250000000000000,1,1,1,1
68,L2|R2,13,R--R3,6037011260248397/5000000000000000,0,0,1,1
69,L0|L2|R2,0,L--L0,2703986192682027/2500000000000000,1,1,1,1
69,L0|L2|R2,1,L--L1,1849490373434169/2500000000000000,0,0,1,1
69,L0|L2|R2,2,L--L2,1464310966904731/1000000000000000,1,1,1,1
69,L0|L2|R2,3,L--L3,939396917435463/625000000000000,0,0,1,1
69,L0|L2|R2,4,L--M0,1213555857675263/1000000000000000,0,0,1,1
69,L0|L2|R2,5,L--M1,13994982322202127/10000000000000000,0,0,1,1
69,L0|L2|R2,6,L--M2,1768377335439391/1000000000000000,0,0,1,1
69,L0|L2|R2,7,M0--R,635985469756133/400000000000000,0,0,1,1
69,L0|L2|R2,8,M1--R,7464837598588827/5000000000000000,0,0,1,1
69,L0|L2|R2,9,M2--R,232422620484707/156250000000000,0,0,1,1
69,L0|L2|R2,10,R--R0,2653577086178917/2500000000000000,0,0,1,1
69,L0|L2|R2,11,R--R1,977114028526669/625000000000000,0,0,1,1
69,L0|L2|R2,12,R--R2,1057321139987373/1250000000000000,1,1,1,1
69,L0|L2|R2,13,R--R3,6037011260248397/5000000000000000,0,0,1,1
70,L1|L2|R2,0,L--L0,2703986192682027/2500000000000000,0,0,1,1
70,L1|L2|R2,1,L--L1,1849490373434169/2500000000000000,1,1,1,1
70,L1|L2|R2,2,L--L2,1464310966904731/1000000000000000,1,1,1,1
70,L1|L2|R2,3,L--L3,939396917435463/625000000000000,0,0,1,1
70,L1|L2|R2,4,L--M0,1213555857675263/1000000000000000,0,0,1,1
70,L1|L2|R2,5,L--M1,13994982322202127/10000000000000000,0,0,1,1
70,L1|L2|R2,6,L--M2,1768377335439391/1000000000000000,0,0,1,1
70,L1|L2|R2,7,M0--R,635985469756133/400000000000000,0,0,1,1
70,L1|L2|R2,8,M1--R,7464837598588827/5000000000000000,0,0,1,1
70,L1|L2|R2,9,M2--R,232422620484707/156250000000000,0,0,1,1
70,L1|L2|R2,10,R--R0,2653577086178917/2500000000000000,0,0,1,1
70,L1|L2|R2,11,R--R1,977114028526669/625000000000000,0,0,1,1
70,L1|L2|R2,12,R--R2,1057321139987373/1250000000000000,1,1,1,1
70,L1|L2|R2,13,R--R3,6037011260248397/5000000000000000,0,0,1,1
71,L0|L1|L2|R2,0,L--L0,2703986192682027/2500000000000000,1,1,1,1
71,L0|L1|L2|R2,1,L--L1,1849490373434169/2500000000000000,1,1,1,1
71,L0|L1|L2|R2,2,L--L2,1464310966904731/1000000000000000,1,1,1,1
71,L0|L1|L2|R2,3,L--L3,939396917435463/625000000000000,0,0,1,1
71,L0|L1|L2|R2,4,L--M0,1213555857675263/1000000000000000,0,0,1,1
71,L0|L1|L2|R2,5,L--M1,13994982322202127/10000000000000000,0,0,1,1
71,L0|L1|L2|R2,6,L--M2,1768377335439391/1000000000000000,0,0,1,1
71,L0|L1|L2|R2,7,M0--R,635985469756133/400000000000000,0,0,1,1
71,L0|L1|L2|R2,8,M1--R,7464837598588827/5000000000000000,0,0,1,1
71,L0|L1|L2|R2,9,M2--R,232422620484707/156250000000000,0,0,1,1
71,L0|L1|L2|R2,10,R--R0,2653577086178917/2500000000000000,0,0,1,1
71,L0|L1|L2|R2,11,R--R1,977114028526669/625000000000000,0,0,1,1
71,L0|L1|L2|R2,12,R--R2,1057321139987373/1250000000000000,1,1,1,1
71,L0|L1|L2|R2,13,R--R3,6037011260248397/5000000000000000,0,0,1,1
72,L3|R2,0,L--L0,2703986192682027/2500000000000000,0,0,1,1
72,L3|R2,1,L--L1,1849490373434169/2500000000000000,0,0,1,1
72,L3|R2,2,L--L2,1464310966904731/1000000000000000,0,0,1,1
72,L3|R2,3,L--L3,939396917435463/625000000000000,1,1,1,1
72,L3|R2,4,L--M0,1213555857675263/1000000000000000,0,0,1,1
72,L3|R2,5,L--M1,13994982322202127/10000000000000000,0,0,1,1
72,L3|R2,6,L--M2,1768377335439391/1000000000000000,0,0,1,1
72,L3|R2,7,M0--R,635985469756133/400000000000000,0,0,1,1
72,L3|R2,8,M1--R,7464837598588827/5000000000000000,0,0,1,1
72,L3|R2,9,M2--R,232422620484707/156250000000000,0,0,1,1
72,L3|R2,10,R--R0,2653577086178917/2500000000000000,0,0,1,1
72,L3|R2,11,R--R1,977114028526669/625000000000000,0,0,1,1
72,L3|R2,12,R--R2,1057321139987373/1250000000000000,1,1,1,1
72,L3|R2,13,R--R3,6037011260248397/5000000000000000,0,0,1,1
73,L0|L3|R2,0,L--L0,2703986192682027/2500000000000000,1,1,1,1
73,L0|L3|R2,1,L--L1,1849490373434169/2500000000000000,0,0,1,1
73,L0|L3|R2,2,L--L2,1464310966904731/1000000000000000,0,0,1,1
73,L0|L3|R2,3,L--L3,939396917435463/625000000000000,1,1,1,1
73,L0|L3|R2,4,L--M0,1213555857675263/1000000000000000,0,0,1,1
73,L0|L3|R2,5,L--M1,13994982322202127/10000000000000000,0,0,1,1
73,L0|L3|R2,6,L--M2,1768377335439391/1000000000000000,0,0,1,1
73,L0|L3|R2,7,M0--R,635985469756133/400000000000000,0,0,1,1
73,L0|L3|R2,8,M1--R,7464837598588827/5000000000000000,0,0,1,1
73,L0|L3|R2,9,M2--R,232422620484707/156250000000000,0,0,1,1
73,L0|L3|R2,10,R--R0,2653577086178917/2500000000000000,0,0,1,1
73,L0|L3|R2,11,R--R1,977114028526669/625000000000000,0,0,1,1
73,L0|L3|R2,12,R--R2,1057321139987373/1250000000000000,1,1,1,1
73,L0|L3|R2,13,R--R3,6037011260248397/5000000000000000,0,0,1,1
74,L1|L3|R2,0,L--L0,2703986192682027/2500000000000000,0,0,1,1
74,L1|L3|R2,1,L--L1,1849490373434169/2500000000000000,1,1,1,1
74,L1|L3|R2,2,L--L2,1464310966904731/1000000000000000,0,0,1,1
74,L1|L3|R2,3,L--L3,939396917435463/625000000000000,1,1,1,1
74,L1|L3|R2,4,L--M0,1213555857675263/1000000000000000,0,0,1,1
74,L1|L3|R2,5,L--M1,13994982322202127/10000000000000000,0,0,1,1
74,L1|L3|R2,6,L--M2,1768377335439391/1000000000000000,0,0,1,1
74,L1|L3|R2,7,M0--R,635985469756133/400000000000000,0,0,1,1
74,L1|L3|R2,8,M1--R,7464837598588827/5000000000000000,0,0,1,1
74,L1|L3|R2,9,M2--R,232422620484707/156250000000000,0,0,1,1
74,L1|L3|R2,10,R--R0,2653577086178917/2500000000000000,0,0,1,1
74,L1|L3|R2,11,R--R1,977114028526669/625000000000000,0,0,1,1
74,L1|L3|R2,12,R--R2,1057321139987373/1250000000000000,1,1,1,1
74,L1|L3|R2,13,R--R3,6037011260248397/5000000000000000,0,0,1,1
75,L0|L1|L3|R2,0,L--L0,2703986192682027/2500000000000000,1,1,1,1
75,L0|L1|L3|R2,1,L--L1,1849490373434169/2500000000000000,1,1,1,1
75,L0|L1|L3|R2,2,L--L2,1464310966904731/1000000000000000,0,0,1,1
75,L0|L1|L3|R2,3,L--L3,939396917435463/625000000000000,1,1,1,1
75,L0|L1|L3|R2,4,L--M0,1213555857675263/1000000000000000,0,0,1,1
75,L0|L1|L3|R2,5,L--M1,13994982322202127/10000000000000000,0,0,1,1
75,L0|L1|L3|R2,6,L--M2,1768377335439391/1000000000000000,0,0,1,1
75,L0|L1|L3|R2,7,M0--R,635985469756133/400000000000000,0,0,1,1
75,L0|L1|L3|R2,8,M1--R,7464837598588827/5000000000000000,0,0,1,1
75,L0|L1|L3|R2,9,M2--R,232422620484707/156250000000000,0,0,1,1
75,L0|L1|L3|R2,10,R--R0,2653577086178917/2500000000000000,0,0,1,1
75,L0|L1|L3|R2,11,R--R1,977114028526669/625000000000000,0,0,1,1
75,L0|L1|L3|R2,12,R--R2,1057321139987373/1250000000000000,1,1,1,1
75,L0|L1|L3|R2,13,R--R3,6037011260248397/5000000000000000,0,0,1,1
76,L2|L3|R2,0,L--L0,2703986192682027/2500000000000000,0,0,1,1
76,L2|L3|R2,1,L--L1,1849490373434169/2500000000000000,0,0,1,1
76,L2|L3|R2,2,L--L2,1464310966904731/1000000000000000,1,1,1,1
76,L2|L3|R2,3,L--L3,939396917435463/625000000000000,1,1,1,1
76,L2|L3|R2,4,L--M0,1213555857675263/1000000000000000,0,0,1,1
76,L2|L3|R2,5,L--M1,13994982322202127/10000000000000000,0,0,1,1
76,L2|L3|R2,6,L--M2,1768377335439391/1000000000000000,0,0,1,1
76,L2|L3|R2,7,M0--R,635985469756133/400000000000000,0,0,1,1
76,L2|L3|R2,8,M1--R,7464837598588827/5000000000000000,0,0,1,1
76,L2|L3|R2,9,M2--R,232422620484707/156250000000000,0,0,1,1
76,L2|L3|R2,10,R--R0,2653577086178917/2500000000000000,0,0,1,1
76,L2|L3|R2,11,R--R1,977114028526669/625000000000000,0,0,1,1
76,L2|L3|R2,12,R--R2,1057321139987373/1250000000000000,1,1,1,1
76,L2|L3|R2,13,R--R3,6037011260248397/5000000000000000,0,0,1,1
77,L0|L2|L3|R2,0,L--L0,2703986192682027/2500000000000000,0,0,1,1
77,L0|L2|L3|R2,1,L--L1,1849490373434169/2500000000000000,1,1,1,1
77,L0|L2|L3|R2,2,L--L2,1464310966904731/1000000000000000,0,0,1,1
77,L0|L2|L3|R2,3,L--L3,939396917435463/625000000000000,0,0,1,1
77,L0|L2|L3|R2,4,L--M0,1213555857675263/1000000000000000,0,0,1,1
77,L0|L2|L3|R2,5,L--M1,13994982322202127/10000000000000000,0,0,1,1
77,L0|L2|L3|R2,6,L--M2,1768377335439391/1000000000000000,0,0,1,1
77,L0|L2|L3|R2,7,M0--R,635985469756133/400000000000000,0,0,1,1
77,L0|L2|L3|R2,8,M1--R,7464837598588827/5000000000000000,0,0,1,1
77,L0|L2|L3|R2,9,M2--R,232422620484707/156250000000000,0,0,1,1
77,L0|L2|L3|R2,10,R--R0,2653577086178917/2500000000000000,1,1,1,1
77,L0|L2|L3|R2,11,R--R1,977114028526669/625000000000000,1,1,1,1
77,L0|L2|L3|R2,12,R--R2,1057321139987373/1250000000000000,0,0,1,1
77,L0|L2|L3|R2,13,R--R3,6037011260248397/5000000000000000,1,1,1,1
78,L1|L2|L3|R2,0,L--L0,2703986192682027/2500000000000000,0,0,1,1
78,L1|L2|L3|R2,1,L--L1,1849490373434169/2500000000000000,1,1,1,1
78,L1|L2|L3|R2,2,L--L2,1464310966904731/1000000000000000,1,1,1,1
78,L1|L2|L3|R2,3,L--L3,939396917435463/625000000000000,1,1,1,1
78,L1|L2|L3|R2,4,L--M0,1213555857675263/1000000000000000,0,0,1,1
78,L1|L2|L3|R2,5,L--M1,13994982322202127/10000000000000000,0,0,1,1
78,L1|L2|L3|R2,6,L--M2,1768377335439391/1000000000000000,0,0,1,1
78,L1|L2|L3|R2,7,M0--R,635985469756133/400000000000000,0,0,1,1
78,L1|L2|L3|R2,8,M1--R,7464837598588827/5000000000000000,0,0,1,1
78,L1|L2|L3|R2,9,M2--R,232422620484707/156250000000000,0,0,1,1
78,L1|L2|L3|R2,10,R--R0,2653577086178917/2500000000000000,0,0,1,1
78,L1|L2|L3|R2,11,R--R1,977114028526669/625000000000000,0,0,1,1
78,L1|L2|L3|R2,12,R--R2,1057321139987373/1250000000000000,1,1,1,1
78,L1|L2|L3|R2,13,R--R3,6037011260248397/5000000000000000,0,0,1,1
79,L0|L1|L2|L3|R2,0,L--L0,2703986192682027/2500000000000000,0,0,1,1
79,L0|L1|L2|L3|R2,1,L--L1,1849490373434169/2500000000000000,0,0,1,1
79,L0|L1|L2|L3|R2,2,L--L2,1464310966904731/1000000000000000,0,0,1,1
79,L0|L1|L2|L3|R2,3,L--L3,939396917435463/625000000000000,0,0,1,1
79,L0|L1|L2|L3|R2,4,L--M0,1213555857675263/1000000000000000,0,0,1,1
79,L0|L1|L2|L3|R2,5,L--M1,13994982322202127/10000000000000000,0,0,1,1
79,L0|L1|L2|L3|R2,6,L--M2,1768377335439391/1000000000000000,0,0,1,1
79,L0|L1|L2|L3|R2,7,M0--R,635985469756133/400000000000000,0,0,1,1
79,L0|L1|L2|L3|R2,8,M1--R,7464837598588827/5000000000000000,0,0,1,1
79,L0|L1|L2|L3|R2,9,M2--R,232422620484707/156250000000000,0,0,1,1
79,L0|L1|L2|L3|R2,10,R--R0,2653577086178917/2500000000000000,1,1,1,1
79,L0|L1|L2|L3|R2,11,R--R1,977114028526669/625000000000000,1,1,1,1
79,L0|L1|L2|L3|R2,12,R--R2,1057321139987373/1250000000000000,0,0,1,1
79,L0|L1|L2|L3|R2,13,R--R3,6037011260248397/5000000000000000,1,1,1,1
80,R0|R2,0,L--L0,2703986192682027/2500000000000000,0,0,1,1
80,R0|R2,1,L--L1,1849490373434169/2500000000000000,0,0,1,1
80,R0|R2,2,L--L2,1464310966904731/1000000000000000,0,0,1,1
80,R0|R2,3,L--L3,939396917435463/625000000000000,0,0,1,1
80,R0|R2,4,L--M0,1213555857675263/1000000000000000,0,0,1,1
80,R0|R2,5,L--M1,13994982322202127/10000000000000000,0,0,1,1
80,R0|R2,6,L--M2,1768377335439391/1000000000000000,0,0,1,1
80,R0|R2,7,M0--R,635985469756133/400000000000000,0,0,1,1
80,R0|R2,8,M1--R,7464837598588827/5000000000000000,0,0,1,1
80,R0|R2,9,M2--R,232422620484707/156250000000000,0,0,1,1
80,R0|R2,10,R--R0,2653577086178917/2500000000000000,1,1,1,1
80,R0|R2,11,R--R1,977114028526669/625000000000000,0,0,1,1
80,R0|R2,12,R--R2,1057321139987373/1250000000000000,1,1,1,1
80,R0|R2,13,R--R3,6037011260248397/5000000000000000,0,0,1,1
81,L0|R0|R2,0,L--L0,2703986192682027/2500000000000000,1,1,1,1
81,L0|R0|R2,1,L--L1,1849490373434169/2500000000000000,0,0,1,1
81,L0|R0|R2,2,L--L2,1464310966904731/1000000000000000,0,0,1,1
81,L0|R0|R2,3,L--L3,939396917435463/625000000000000,0,0,1,1
81,L0|R0|R2,4,L--M0,1213555857675263/1000000000000000,0,0,1,1
81,L0|R0|R2,5,L--M1,13994982322202127/10000000000000000,0,0,1,1
81,L0|R0|R2,6,L--M2,1768377335439391/1000000000000000,0,0,1,1
81,L0|R0|R2,7,M0--R,635985469756133/400000000000000,0,0,1,1
81,L0|R0|R2,8,M1--R,7464837598588827/5000000000000000,0,0,1,1
81,L0|R0|R2,9,M2--R,232422620484707/156250000000000,0,0,1,1
81,L0|R0|R2,10,R--R0,2653577086178917/2500000000000000,1,1,1,1
81,L0|R0|R2,11,R--R1,977114028526669/625000000000000,0,0,1,1
81,L0|R0|R2,12,R--R2,1057321139987373/1250000000000000,1,1,1,1
81,L0|R0|R2,13,R--R3,6037011260248397/5000000000000000,0,0,1,1
82,L1|R0|R2,0,L--L0,2703986192682027/2500000000000000,0,0,1,1
82,L1|R0|R2,1,L--L1,1849490373434169/2500000000000000,1,1,1,1
82,L1|R0|R2,2,L--L2,1464310966904731/1000000000000000,0,0,1,1
82,L1|R0|R2,3,L--L3,939396917435463/625000000000000,0,0,1,1
82,L1|R0|R2,4,L--M0,1213555857675263/1000000000000000,0,0,1,1
82,L1|R0|R2,5,L--M1,13994982322202127/10000000000000000,0,0,1,1
82,L1|R0|R2,6,L--M2,1768377335439391/1000000000000000,0,0,1,1
82,L1|R0|R2,7,M0--R,635985469756133/400000000000000,0,0,1,1
82,L1|R0|R2,8,M1--R,7464837598588827/5000000000000000,0,0,1,1
82,L1|R0|R2,9,M2--R,232422620484707/156250000000000,0,0,1,1
82,L1|R0|R2,10,R--R0,2653577086178917/2500000000000000,1,1,1,1
82,L1|R0|R2,11,R--R1,977114028526669/625000000000000,0,0,1,1
82,L1|R0|R2,12,R--R2,1057321139987373/1250000000000000,1,1,1,1
82,L1|R0|R2,13,R--R3,6037011260248397/5000000000000000,0,0,1,1
83,L0|L1|R0|R2,0,L--L0,2703986192682027/2500000000000000,1,1,1,1
83,L0|L1|R0|R2,1,L--L1,1849490373434169/2500000000000000,1,1,1,1
83,L0|L1|R0|R2,2,L--L2,1464310966904731/1000000000000000,0,0,1,1
83,L0|L1|R0|R2,3,L--L3,939396917435463/625000000000000,0,0,1,1
83,L0|L1|R0|R2,4,L--M0,1213555857675263/1000000000000000,0,0,1,1
83,L0|L1|R0|R2,5,L--M1,13994982322202127/10000000000000000,0,0,1,1
83,L0|L1|R0|R2,6,L--M2,1768377335439391/1000000000000000,0,0,1,1
83,L0|L1|R0|R2,7,M0--R,635985469756133/400000000000000,0,0,1,1
83,L0|L1|R0|R2,8,M1--R,7464837598588827/5000000000000000,0,0,1,1
83,L0|L1|R0|R2,9,M2--R,232422620484707/156250000000000,0,0,1,1
83,L0|L1|R0|R2,10,R--R0,2653577086178917/2500000000000000,1,1,1,1
83,L0|L1|R0|R2,11,R--R1,977114028526669/625000000000000,0,0,1,1
83,L0|L1|R0|R2,12,R--R2,1057321139987373/1250000000000000,1,1,1,1
83,L0|L1|R0|R2,13,R--R3,6037011260248397/5000000000000000,0,0,1,1
84,L2|R0|R2,0,L--L0,2703986192682027/2500000000000000,0,0,1,1
84,L2|R0|R2,1,L--L1,1849490373434169/2500000000000000,0,0,1,1
84,L2|R0|R2,2,L--L2,1464310966904731/1000000000000000,1,1,1,1
84,L2|R0|R2,3,L--L3,939396917435463/625000000000000,0,0,1,1
84,L2|R0|R2,4,L--M0,1213555857675263/1000000000000000,0,0,1,1
84,L2|R0|R2,5,L--M1,13994982322202127/10000000000000000,0,0,1,1
84,L2|R0|R2,6,L--M2,1768377335439391/1000000000000000,0,0,1,1
84,L2|R0|R2,7,M0--R,635985469756133/400000000000000,0,0,1,1
84,L2|R0|R2,8,M1--R,7464837598588827/5000000000000000,0,0,1,1
84,L2|R0|R2,9,M2--R,232422620484707/156250000000000,0,0,1,1
84,L2|R0|R2,10,R--R0,2653577086178917/2500000000000000,1,1,1,1
84,L2|R0|R2,11,R--R1,977114028526669/625000000000000,0,0,1,1
84,L2|R0|R2,12,R--R2,1057321139987373/1250000000000000,1,1,1,1
84,L2|R0|R2,13,R--R3,6037011260248397/5000000000000000,0,0,1,1
85,L0|L2|R0|R2,0,L--L0,2703986192682027/2500000000000000,1,1,1,1
85,L0|L2|R0|R2,1,L--L1,1849490373434169/2500000000000000,0,0,1,1
85,L0|L2|R0|R2,2,L--L2,1464310966904731/1000000000000000,1,1,1,1
85,L0|L2|R0|R2,3,L--L3,939396917435463/625000000000000,0,0,1,1
85,L0|L2|R0|R2,4,L--M0,1213555857675263/1000000000000000,0,0,1,1
85,L0|L2|R0|R2,5,L--M1,13994982322202127/10000000000000000,0,0,1,1
85,L0|L2|R0|R2,6,L--M2,1768377335439391/1000000000000000,0,0,1,1
85,L0|L2|R0|R2,7,M0--R,635985469756133/400000000000000,0,0,1,1
85,L0|L2|R0|R2,8,M1--R,7464837598588827/5000000000000000,0,0,1,1
85,L0|L2|R0|R2,9,M2--R,232422620484707/156250000000000,0,0,1,1
85,L0|L2|R0|R2,10,R--R0,2653577086178917/2500000000000000,1,1,1,1
85,L0|L2|R0|R2,11,R--R1,977114028526669/625000000000000,0,0,1,1
85,L0|L2|R0|R2,12,R--R2,1057321139987373/1250000000000000,1,1,1,1
85,L0|L2|R0|R2,13,R--R3,6037011260248397/5000000000000000,0,0,1,1
86,L1|L2|R0|R2,0,L--L0,2703986192682027/2500000000000000,0,0,1,1
86,L1|L2|R0|R2,1,L--L1,1849490373434169/2500000000000000,1,1,1,1
86,L1|L2|R0|R2,2,L--L2,1464310966904731/1000000000000000,1,1,1,1
86,L1|L2|R0|R2,3,L--L3,939396917435463/625000000000000,0,0,1,1
86,L1|L2|R0|R2,4,L--M0,1213555857675263/1000000000000000,0,0,1,1
86,L1|L2|R0|R2,5,L--M1,13994982322202127/10000000000000000,0,0,1,1
86,L1|L2|R0|R2,6,L--M2,1768377335439391/1000000000000000,0,0,1,1
86,L1|L2|R0|R2,7,M0--R,635985469756133/400000000000000,0,0,1,1
86,L1|L2|R0|R2,8,M1--R,7464837598588827/5000000000000000,0,0,1,1
86,L1|L2|R0|R2,9,M2--R,232422620484707/156250000000000,0,0,1,1
86,L1|L2|R0|R2,10,R--R0,2653577086178917/2500000000000000,1,1,1,1
86,L1|L2|R0|R2,11,R--R1,977114028526669/625000000000000,0,0,1,1
86,L1|L2|R0|R2,12,R--R2,1057321139987373/1250000000000000,1,1,1,1
86,L1|L2|R0|R2,13,R--R3,6037011260248397/5000000000000000,0,0,1,1
87,L0|L1|L2|R0|R2,0,L--L0,2703986192682027/2500000000000000,0,0,1,1
87,L0|L1|L2|R0|R2,1,L--L1,1849490373434169/2500000000000000,0,0,1,1
87,L0|L1|L2|R0|R2,2,L--L2,1464310966904731/1000000000000000,0,0,1,1
87,L0|L1|L2|R0|R2,3,L--L3,939396917435463/625000000000000,1,1,1,1
87,L0|L1|L2|R0|R2,4,L--M0,1213555857675263/1000000000000000,0,0,1,1
87,L0|L1|L2|R0|R2,5,L--M1,13994982322202127/10000000000000000,0,0,1,1
87,L0|L1|L2|R0|R2,6,L--M2,1768377335439391/1000000000000000,0,0,1,1
87,L0|L1|L2|R0|R2,7,M0--R,635985469756133/400000000000000,0,0,1,1
87,L0|L1|L2|R0|R2,8,M1--R,7464837598588827/5000000000000000,0,0,1,1
87,L0|L1|L2|R0|R2,9,M2--R,232422620484707/156250000000000,0,0,1,1
87,L0|L1|L2|R0|R2,10,R--R0,2653577086178917/2500000000000000,0,0,1,1
87,L0|L1|L2|R0|R2,11,R--R1,977114028526669/625000000000000,1,1,1,1
87,L0|L1|L2|R0|R2,12,R--R2,1057321139987373/1250000000000000,0,0,1,1
87,L0|L1|L2|R0|R2,13,R--R3,6037011260248397/5000000000000000,1,1,1,1
88,L3|R0|R2,0,L--L0,2703986192682027/2500000000000000,0,0,1,1
88,L3|R0|R2,1,L--L1,1849490373434169/2500000000000000,0,0,1,1
88,L3|R0|R2,2,L--L2,1464310966904731/1000000000000000,0,0,1,1
88,L3|R0|R2,3,L--L3,939396917435463/625000000000000,1,1,1,1
88,L3|R0|R2,4,L--M0,1213555857675263/1000000000000000,0,0,1,1
88,L3|R0|R2,5,L--M1,13994982322202127/10000000000000000,0,0,1,1
88,L3|R0|R2,6,L--M2,1768377335439391/1000000000000000,0,0,1,1
88,L3|R0|R2,7,M0--R,635985469756133/400000000000000,0,0,1,1
88,L3|R0|R2,8,M1--R,7464837598588827/5000000000000000,0,0,1,1
88,L3|R0|R2,9,M2--R,232422620484707/156250000000000,0,0,1,1
88,L3|R0|R2,10,R--R0,2653577086178917/2500000000000000,1,1,1,1
88,L3|R0|R2,11,R--R1,977114028526669/625000000000000,0,0,1,1
88,L3|R0|R2,12,R--R2,1057321139987373/1250000000000000,1,1,1,1
88,L3|R0|R2,13,R--R3,6037011260248397/5000000000000000,0,0,1,1
89,L0|L3|R0|R2,0,L--L0,2703986192682027/2500000000000000,1,1,1,1
89,L0|L3|R0|R2,1,L--L1,1849490373434169/2500000000000000,0,0,1,1
89,L0|L3|R0|R2,2,L--L2,1464310966904731/1000000000000000,0,0,1,1
89,L0|L3|R0|R2,3,L--L3,939396917435463/625000000000000,1,1,1,1
89,L0|L3|R0|R2,4,L--M0,1213555857675263/1000000000000000,0,0,1,1
89,L0|L3|R0|R2,5,L--M1,13994982322202127/10000000000000000,0,0,1,1
89,L0|L3|R0|R2,6,L--M2,1768377335439391/1000000000000000,0,0,1,1
89,L0|L3|R0|R2,7,M0--R,635985469756133/400000000000000,0,0,1,1
89,L0|L3|R0|R2,8,M1--R,7464837598588827/5000000000000000,0,0,1,1
89,L0|L3|R0|R2,9,M2--R,232422620484707/156250000000000,0,0,1,1
89,L0|L3|R0|R2,10,R--R0,2653577086178917/2500000000000000,1,1,1,1
89,L0|L3|R0|R2,11,R--R1,977114028526669/625000000000000,0,0,1,1
89,L0|L3|R0|R2,12,R--R2,1057321139987373/1250000000000000,1,1,1,1
89,L0|L3|R0|R2,13,R--R3,6037011260248397/5000000000000000,0,0,1,1
90,L1|L3|R0|R2,0,L--L0,2703986192682027/2500000000000000,0,0,1,1
90,L1|L3|R0|R2,1,L--L1,1849490373434169/2500000000000000,1,1,1,1
90,L1|L3|R0|R2,2,L--L2,1464310966904731/1000000000000000,0,0,1,1
90,L1|L3|R0|R2,3,L--L3,939396917435463/625000000000000,1,1,1,1
90,L1|L3|R0|R2,4,L--M0,1213555857675263/1000000000000000,0,0,1,1
90,L1|L3|R0|R2,5,L--M1,13994982322202127/10000000000000000,0,0,1,1
90,L1|L3|R0|R2,6,L--M2,1768377335439391/1000000000000000,0,0,1,1
90,L1|L3|R0|R2,7,M0--R,635985469756133/400000000000000,0,0,1,1
90,L1|L3|R0|R2,8,M1--R,7464837598588827/5000000000000000,0,0,1,1
90,L1|L3|R0|R2,9,M2--R,232422620484707/156250000000000,0,0,1,1
90,L1|L3|R0|R2,10,R--R0,2653577086178917/2500000000000000,1,1,1,1
90,L1|L3|R0|R2,11,R--R1,977114028526669/625000000000000,0,0,1,1
90,L1|L3|R0|R2,12,R--R2,1057321139987373/1250000000000000,1,1,1,1
90,L1|L3|R0|R2,13,R--R3,6037011260248397/5000000000000000,0,0,1,1
91,L0|L1|L3|R0|R2,0,L--L0,2703986192682027/2500000000000000,0,0,1,1
91,L0|L1|L3|R0|R2,1,L--L1,1849490373434169/2500000000000000,0,0,1,1
91,L0|L1|L3|R0|R2,2,L--L2,1464310966904731/1000000000000000,1,1,1,1
91,L0|L1|L3|R0|R2,3,L--L3,939396917435463/625000000000000,0,0,1,1
91,L0|L1|L3|R0|R2,4,L--M0,1213555857675263/1000000000000000,0,0,1,1
91,L0|L1|L3|R0|R2,5,L--M1,13994982322202127/10000000000000000,0,0,1,1
91,L0|L1|L3|R0|R2,6,L--M2,1768377335439391/1000000000000000,0,0,1,1
91,L0|L1|L3|R0|R2,7,M0--R,635985469756133/400000000000000,0,0,1,1
91,L0|L1|L3|R0|R2,8,M1--R,7464837598588827/5000000000000000,0,0,1,1
91,L0|L1|L3|R0|R2,9,M2--R,232422620484707/156250000000000,0,0,1,1
91,L0|L1|L3|R0|R2,10,R--R0,2653577086178917/2500000000000000,0,0,1,1
91,L0|L1|L3|R0|R2,11,R--R1,977114028526669/625000000000000,1,1,1,1
91,L0|L1|L3|R0|R2,12,R--R2,1057321139987373/1250000000000000,0,0,1,1
91,L0|L1|L3|R0|R2,13,R--R3,6037011260248397/5000000000000000,1,1,1,1
92,L2|L3|R0|R2,0,L--L0,2703986192682027/2500000000000000,1,1,1,1
92,L2|L3|R0|R2,1,L--L1,1849490373434169/2500000000000000,1,1,1,1
92,L2|L3|R0|R2,2,L--L2,1464310966904731/1000000000000000,0,0,1,1
92,L2|L3|R0|R2,3,L--L3,939396917435463/625000000000000,0,0,1,1
92,L2|L3|R0|R2,4,L--M0,1213555857675263/1000000000000000,0,0,1,1
92,L2|L3|R0|R2,5,L--M1,13994982322202127/10000000000000000,0,0,1,1
92,L2|L3|R0|R2,6,L--M2,1768377335439391/1000000000000000,0,0,1,1
92,L2|L3|R0|R2,7,M0--R,635985469756133/400000000000000,0,0,1,1
92,L2|L3|R0|R2,8,M1--R,7464837598588827/5000000000000000,0,0,1,1
92,L2|L3|R0|R2,9,M2--R,232422620484707/156250000000000,0,0,1,1
92,L2|L3|R0|R2,10,R--R0,2653577086178917/2500000000000000,0,0,1,1
92,L2|L3|R0|R2,11,R--R1,977114028526669/625000000000000,1,1,1,1
92,L2|L3|R0|R2,12,R--R2,1057321139987373/1250000000000000,0,0,1,1
92,L2|L3|R0|R2,13,R--R3,6037011260248397/5000000000000000,1,1,1,1
93,L0|L2|L3|R0|R2,0,L--L0,2703986192682027/2500000000000000,0,0,1,1
93,L0|L2|L3|R0|R2,1,L--L1,1849490373434169/2500000000000000,1,1,1,1
93,L0|L2|L3|R0|R2,2,L--L2,1464310966904731/1000000000000000,0,0,1,1
93,L0|L2|L3|R0|R2,3,L--L3,939396917435463/625000000000000,0,0,1,1
93,L0|L2|L3|R0|R2,4,L--M0,1213555857675263/1000000000000000,0,0,1,1
93,L0|L2|L3|R0|R2,5,L--M1,13994982322202127/10000000000000000,0,0,1,1
93,L0|L2|L3|R0|R2,6,L--M2,1768377335439391/1000000000000000,0,0,1,1
93,L0|L2|L3|R0|R2,7,M0--R,635985469756133/400000000000000,0,0,1,1
93,L0|L2|L3|R0|R2,8,M1--R,7464837598588827/5000000000000000,0,0,1,1
93,L0|L2|L3|R0|R2,9,M2--R,232422620484707/156250000000000,0,0,1,1
93,L0|L2|L3|R0|R2,10,R--R0,2653577086178917/2500000000000000,0,0,1,1
93,L0|L2|L3|R0|R2,11,R--R1,977114028526669/625000000000000,1,1,1,1
93,L0|L2|L3|R0|R2,12,R--R2,1057321139987373/1250000000000000,0,0,1,1
93,L0|L2|L3|R0|R2,13,R--R3,6037011260248397/5000000000000000,1,1,1,1
94,L1|L2|L3|R0|R2,0,L--L0,2703986192682027/2500000000000000,1,1,1,1
94,L1|L2|L3|R0|R2,1,L--L1,1849490373434169/2500000000000000,0,0,1,1
94,L1|L2|L3|R0|R2,2,L--L2,1464310966904731/1000000000000000,0,0,1,1
94,L1|L2|L3|R0|R2,3,L--L3,939396917435463/625000000000000,0,0,1,1
94,L1|L2|L3|R0|R2,4,L--M0,1213555857675263/1000000000000000,0,0,1,1
94,L1|L2|L3|R0|R2,5,L--M1,13994982322202127/10000000000000000,0,0,1,1
94,L1|L2|L3|R0|R2,6,L--M2,1768377335439391/1000000000000000,0,0,1,1
94,L1|L2|L3|R0|R2,7,M0--R,635985469756133/400000000000000,0,0,1,1
94,L1|L2|L3|R0|R2,8,M1--R,7464837598588827/5000000000000000,0,0,1,1
94,L1|L2|L3|R0|R2,9,M2--R,232422620484707/156250000000000,0,0,1,1
94,L1|L2|L3|R0|R2,10,R--R0,2653577086178917/2500000000000000,0,0,1,1
94,L1|L2|L3|R0|R2,11,R--R1,977114028526669/625000000000000,1,1,1,1
94,L1|L2|L3|R0|R2,12,R--R2,1057321139987373/1250000000000000,0,0,1,1
94,L1|L2|L3|R0|R2,13,R--R3,6037011260248397/5000000000000000,1,1,1,1
95,L0|L1|L2|L3|R0|R2,0,L--L0,2703986192682027/2500000000000000,0,0,1,1
95,L0|L1|L2|L3|R0|R2,1,L--L1,1849490373434169/2500000000000000,0,0,1,1
95,L0|L1|L2|L3|R0|R2,2,L--L2,1464310966904731/1000000000000000,0,0,1,1
95,L0|L1|L2|L3|R0|R2,3,L--L3,939396917435463/625000000000000,0,0,1,1
95,L0|L1|L2|L3|R0|R2,4,L--M0,1213555857675263/1000000000000000,0,0,1,1
95,L0|L1|L2|L3|R0|R2,5,L--M1,13994982322202127/10000000000000000,0,0,1,1
95,L0|L1|L2|L3|R0|R2,6,L--M2,1768377335439391/1000000000000000,0,0,1,1
95,L0|L1|L2|L3|R0|R2,7,M0--R,635985469756133/400000000000000,0,0,1,1
95,L0|L1|L2|L3|R0|R2,8,M1--R,7464837598588827/5000000000000000,0,0,1,1
95,L0|L1|L2|L3|R0|R2,9,M2--R,232422620484707/156250000000000,0,0,1,1
95,L0|L1|L2|L3|R0|R2,10,R--R0,2653577086178917/2500000000000000,0,0,1,1
95,L0|L1|L2|L3|R0|R2,11,R--R1,977114028526669/625000000000000,1,1,1,1
95,L0|L1|L2|L3|R0|R2,12,R--R2,1057321139987373/1250000000000000,0,0,1,1
95,L0|L1|L2|L3|R0|R2,13,R--R3,6037011260248397/5000000000000000,1,1,1,1
96,R1|R2,0,L--L0,2703986192682027/2500000000000000,0,0,1,1
96,R1|R2,1,L--L1,1849490373434169/2500000000000000,0,0,1,1
96,R1|R2,2,L--L2,1464310966904731/1000000000000000,0,0,1,1
96,R1|R2,3,L--L3,939396917435463/625000000000000,0,0,1,1
96,R1|R2,4,L--M0,1213555857675263/1000000000000000,0,0,1,1
96,R1|R2,5,L--M1,13994982322202127/10000000000000000,0,0,1,1
96,R1|R2,6,L--M2,1768377335439391/1000000000000000,0,0,1,1
96,R1|R2,7,M0--R,635985469756133/400000000000000,0,0,1,1
96,R1|R2,8,M1--R,7464837598588827/5000000000000000,0,0,1,1
96,R1|R2,9,M2--R,232422620484707/156250000000000,0,0,1,1
96,R1|R2,10,R--R0,2653577086178917/2500000000000000,0,0,1,1
96,R1|R2,11,R--R1,977114028526669/625000000000000,1,1,1,1
96,R1|R2,12,R--R2,1057321139987373/1250000000000000,1,1,1,1
96,R1|R2,13,R--R3,6037011260248397/5000000000000000,0,0,1,1
97,L0|R1|R2,0,L--L0,2703986192682027/2500000000000000,1,1,1,1
97,L0|R1|R2,1,L--L1,1849490373434169/2500000000000000,0,0,1,1
97,L0|R1|R2,2,L--L2,1464310966904731/1000000000000000,0,0,1,1
97,L0|R1|R2,3,L--L3,939396917435463/625000000000000,0,0,1,1
97,L0|R1|R2,4,L--M0,1213555857675263/1000000000000000,0,0,1,1
97,L0|R1|R2,5,L--M1,13994982322202127/10000000000000000,0,0,1,1
97,L0|R1|R2,6,L--M2,1768377335439391/1000000000000000,0,0,1,1
97,L0|R1|R2,7,M0--R,635985469756133/400000000000000,0,0,1,1
97,L0|R1|R2,8,M1--R,7464837598588827/5000000000000000,0,0,1,1
97,L0|R1|R2,9,M2--R,232422620484707/156250000000000,0,0,1,1
97,L0|R1|R2,10,R--R0,2653577086178917/2500000000000000,0,0,1,1
97,L0|R1|R2,11,R--R1,977114028526669/625000000000000,1,1,1,1
97,L0|R1|R2,12,R--R2,1057321139987373/1250000000000000,1,1,1,1
97,L0|R1|R2,13,R--R3,6037011260248397/5000000000000000,0,0,1,1
98,L1|R1|R2,0,L--L0,2703986192682027/2500000000000000,0,0,1,1
98,L1|R1|R2,1,L--L1,1849490373434169/2500000000000000,1,1,1,1
98,L1|R1|R2,2,L--L2,1464310966904731/1000000000000000,0,0,1,1
98,L1|R1|R2,3,L--L3,939396917435463/625000000000000,0,0,1,1
98,L1|R1|R2,4,L--M0,1213555857675263/1000000000000000,0,0,1,1
98,L1|R1|R2,5,L--M1,13994982322202127/10000000000000000,0,0,1,1
98,L1|R1|R2,6,L--M2,1768377335439391/1000000000000000,0,0,1,1
98,L1|R1|R2,7,M0--R,635985469756133/400000000000000,0,0,1,1
98,L1|R1|R2,8,M1--R,7464837598588827/5000000000000000,0,0,1,1
98,L1|R1|R2,9,M2--R,232422620484707/156250000000000,0,0,1,1
98,L1|R1|R2,10,R--R0,2653577086178917/2500000000000000,0,0,1,1
98,L1|R1|R2,11,R--R1,977114028526669/625000000000000,1,1,1,1
98,L1|R1|R2,12,R--R2,1057321139987373/1250000000000000,1,1,1,1
98,L1|R1|R2,13,R--R3,6037011260248397/5000000000000000,0,0,1,1
99,L0|L1|R1|R2,0,L--L0,2703986192682027/2500000000000000,1,1,1,1
99,L0|L1|R1|R2,1,L--L1,1849490373434169/2500000000000000,1,1,1,1
99,L0|L1|R1|R2,2,L--L2,1464310966904731/1000000000000000,0,0,1,1
99,L0|L1|R1|R2,3,L--L3,939396917435463/625000000000000,0,0,1,1
99,L0|L1|R1|R2,4,L--M0,1213555857675263/1000000000000000,0,0,1,1
99,L0|L1|R1|R2,5,L--M1,13994982322202127/10000000000000000,0,0,1,1
99,L0|L1|R1|R2,6,L--M2,1768377335439391/1000000000000000,0,0,1,1
99,L0|L1|R1|R2,7,M0--R,635985469756133/400000000000000,0,0,1,1
99,L0|L1|R1|R2,8,M1--R,7464837598588827/5000000000000000,0,0,1,1
99,L0|L1|R1|R2,9,M2--R,232422620484707/156250000000000,0,0,1,1
99,L0|L1|R1|R2,10,R--R0,2653577086178917/2500000000000000,0,0,1,1
99,L0|L1|R1|R2,11,R--R1,977114028526669/625000000000000,1,1,1,1
99,L0|L1|R1|R2,12,R--R2,1057321139987373/1250000000000000,1,1,1,1
99,L0|L1|R1|R2,13,R--R3,6037011260248397/5000000000000000,0,0,1,1
100,L2|R1|R2,0,L--L0,2703986192682027/2500000000000000,0,0,1,1
100,L2|R1|R2,1,L--L1,1849490373434169/2500000000000000,0,0,1,1
100,L2|R1|R2,2,L--L2,1464310966904731/1000000000000000,1,1,1,1
100,L2|R1|R2,3,L--L3,939396917435463/625000000000000,0,0,1,1
100,L2|R1|R2,4,L--M0,1213555857675263/1000000000000000,0,0,1,1
100,L2|R1|R2,5,L--M1,13994982322202127/10000000000000000,0,0,1,1
100,L2|R1|R2,6,L--M2,1768377335439391/1000000000000000,0,0,1,1
100,L2|R1|R2,7,M0--R,635985469756133/400000000000000,0,0,1,1
100,L2|R1|R2,8,M1--R,7464837598588827/5000000000000000,0,0,1,1
100,L2|R1|R2,9,M2--R,232422620484707/156250000000000,0,0,1,1
100,L2|R1|R2,10,R--R0,2653577086178917/2500000000000000,0,0,1,1
100,L2|R1|R2,11,R--R1,977114028526669/625000000000000,1,1,1,1
100,L2|R1|R2,12,R--R2,1057321139987373/1250000000000000,1,1,1,1
100,L2|R1|R2,13,R--R3,6037011260248397/5000000000000000,0,0,1,1
101,L0|L2|R1|R2,0,L--L0,2703986192682027/2500000000000000,0,0,1,1
101,L0|L2|R1|R2,1,L--L1,1849490373434169/2500000000000000,1,1,1,1
101,L0|L2|R1|R2,2,L--L2,1464310966904731/1000000000000000,0,0,1,1
101,L0|L2|R1|R2,3,L--L3,939396917435463/625000000000000,1,1,1,1
101,L0|L2|R1|R2,4,L--M0,1213555857675263/1000000000000000,0,0,1,1
101,L0|L2|R1|R2,5,L--M1,13994982322202127/10000000000000000,0,0,1,1
101,L0|L2|R1|R2,6,L--M2,1768377335439391/1000000000000000,0,0,1,1
101,L0|L2|R1|R2,7,M0--R,635985469756133/400000000000000,0,0,1,1
101,L0|L2|R1|R2,8,M1--R,7464837598588827/5000000000000000,0,0,1,1
101,L0|L2|R1|R2,9,M2--R,232422620484707/156250000000000,0,0,1,1
101,L0|L2|R1|R2,10,R--R0,2653577086178917/2500000000000000,1,1,1,1
101,L0|L2|R1|R2,11,R--R1,977114028526669/625000000000000,0,0,1,1
101,L0|L2|R1|R2,12,R--R2,1057321139987373/1250000000000000,0,0,1,1
101,L0|L2|R1|R2,13,R--R3,6037011260248397/5000000000000000,1,1,1,1
102,L1|L2|R1|R2,0,L--L0,2703986192682027/2500000000000000,0,0,1,1
102,L1|L2|R1|R2,1,L--L1,1849490373434169/2500000000000000,1,1,1,1
102,L1|L2|R1|R2,2,L--L2,1464310966904731/1000000000000000,1,1,1,1
102,L1|L2|R1|R2,3,L--L3,939396917435463/625000000000000,0,0,1,1
102,L1|L2|R1|R2,4,L--M0,1213555857675263/1000000000000000,0,0,1,1
102,L1|L2|R1|R2,5,L--M1,13994982322202127/10000000000000000,0,0,1,1
102,L1|L2|R1|R2,6,L--M2,1768377335439391/1000000000000000,0,0,1,1
102,L1|L2|R1|R2,7,M0--R,635985469756133/400000000000000,0,0,1,1
102,L1|L2|R1|R2,8,M1--R,7464837598588827/5000000000000000,0,0,1,1
102,L1|L2|R1|R2,9,M2--R,232422620484707/156250000000000,0,0,1,1
102,L1|L2|R1|R2,10,R--R0,2653577086178917/2500000000000000,0,0,1,1
102,L1|L2|R1|R2,11,R--R1,977114028526669/625000000000000,1,1,1,1
102,L1|L2|R1|R2,12,R--R2,1057321139987373/1250000000000000,1,1,1,1
102,L1|L2|R1|R2,13,R--R3,6037011260248397/5000000000000000,0,0,1,1
103,L0|L1|L2|R1|R2,0,L--L0,2703986192682027/2500000000000000,0,0,1,1
103,L0|L1|L2|R1|R2,1,L--L1,1849490373434169/2500000000000000,0,0,1,1
103,L0|L1|L2|R1|R2,2,L--L2,1464310966904731/1000000000000000,0,0,1,1
103,L0|L1|L2|R1|R2,3,L--L3,939396917435463/625000000000000,1,1,1,1
103,L0|L1|L2|R1|R2,4,L--M0,1213555857675263/1000000000000000,0,0,1,1
103,L0|L1|L2|R1|R2,5,L--M1,13994982322202127/10000000000000000,0,0,1,1
103,L0|L1|L2|R1|R2,6,L--M2,1768377335439391/1000000000000000,0,0,1,1
103,L0|L1|L2|R1|R2,7,M0--R,635985469756133/400000000000000,0,0,1,1
103,L0|L1|L2|R1|R2,8,M1--R,7464837598588827/5000000000000000,0,0,1,1
103,L0|L1|L2|R1|R2,9,M2--R,232422620484707/156250000000000,0,0,1,1
103,L0|L1|L2|R1|R2,10,R--R0,2653577086178917/2500000000000000,1,1,1,1
103,L0|L1|L2|R1|R2,11,R--R1,977114028526669/625000000000000,0,0,1,1
103,L0|L1|L2|R1|R2,12,R--R2,1057321139987373/1250000000000000,0,0,1,1
103,L0|L1|L2|R1|R2,13,R--R3,6037011260248397/5000000000000000,1,1,1,1
104,L3|R1|R2,0,L--L0,2703986192682027/2500000000000000,0,0,1,1
104,L3|R1|R2,1,L--L1,1849490373434169/2500000000000000,0,0,1,1
104,L3|R1|R2,2,L--L2,1464310966904731/1000000000000000,0,0,1,1
104,L3|R1|R2,3,L--L3,939396917435463/625000000000000,1,1,1,1
104,L3|R1|R2,4,L--M0,1213555857675263/1000000000000000,0,0,1,1
104,L3|R1|R2,5,L--M1,13994982322202127/10000000000000000,0,0,1,1
104,L3|R1|R2,6,L--M2,1768377335439391/1000000000000000,0,0,1,1
104,L3|R1|R2,7,M0--R,635985469756133/400000000000000,0,0,1,1
104,L3|R1|R2,8,M1--R,7464837598588827/5000000000000000,0,0,1,1
104,L3|R1|R2,9,M2--R,232422620484707/156250000000000,0,0,1,1
104,L3|R1|R2,10,R--R0,2653577086178917/2500000000000000,0,0,1,1
104,L3|R1|R2,11,R--R1,977114028526669/625000000000000,1,1,1,1
104,L3|R1|R2,12,R--R2,1057321139987373/1250000000000000,1,1,1,1
104,L3|R1|R2,13,R--R3,6037011260248397/5000000000000000,0,0,1,1
105,L0|L3|R1|R2,0,L--L0,2703986192682027/2500000000000000,0,0,1,1
105,L0|L3|R1|R2,1,L--L1,1849490373434169/2500000000000000,1,1,1,1
105,L0|L3|R1|R2,2,L--L2,1464310966904731/1000000000000000,1,1,1,1
105,L0|L3|R1|R2,3,L--L3,939396917435463/625000000000000,0,0,1,1
105,L0|L3|R1|R2,4,L--M0,1213555857675263/1000000000000000,0,0,1,1
105,L0|L3|R1|R2,5,L--M1,13994982322202127/10000000000000000,0,0,1,1
105,L0|L3|R1|R2,6,L--M2,1768377335439391/1000000000000000,0,0,1,1
105,L0|L3|R1|R2,7,M0--R,635985469756133/400000000000000,0,0,1,1
105,L0|L3|R1|R2,8,M1--R,7464837598588827/5000000000000000,0,0,1,1
105,L0|L3|R1|R2,9,M2--R,232422620484707/156250000000000,0,0,1,1
105,L0|L3|R1|R2,10,R--R0,2653577086178917/2500000000000000,1,1,1,1
105,L0|L3|R1|R2,11,R--R1,977114028526669/625000000000000,0,0,1,1
105,L0|L3|R1|R2,12,R--R2,1057321139987373/1250000000000000,0,0,1,1
105,L0|L3|R1|R2,13,R--R3,6037011260248397/5000000000000000,1,1,1,1
106,L1|L3|R1|R2,0,L--L0,2703986192682027/2500000000000000,0,0,1,1
106,L1|L3|R1|R2,1,L--L1,1849490373434169/2500000000000000,1,1,1,1
106,L1|L3|R1|R2,2,L--L2,1464310966904731/1000000000000000,0,0,1,1
106,L1|L3|R1|R2,3,L--L3,939396917435463/625000000000000,1,1,1,1
106,L1|L3|R1|R2,4,L--M0,1213555857675263/1000000000000000,0,0,1,1
106,L1|L3|R1|R2,5,L--M1,13994982322202127/10000000000000000,0,0,1,1
106,L1|L3|R1|R2,6,L--M2,1768377335439391/1000000000000000,0,0,1,1
106,L1|L3|R1|R2,7,M0--R,635985469756133/400000000000000,0,0,1,1
106,L1|L3|R1|R2,8,M1--R,7464837598588827/5000000000000000,0,0,1,1
106,L1|L3|R1|R2,9,M2--R,232422620484707/156250000000000,0,0,1,1
106,L1|L3|R1|R2,10,R--R0,2653577086178917/2500000000000000,0,0,1,1
106,L1|L3|R1|R2,11,R--R1,977114028526669/625000000000000,1,1,1,1
106,L1|L3|R1|R2,12,R--R2,1057321139987373/1250000000000000,1,1,1,1
106,L1|L3|R1|R2,13,R--R3,6037011260248397/5000000000000000,0,0,1,1
107,L0|L1|L3|R1|R2,0,L--L0,2703986192682027/2500000000000000,0,0,1,1
107,L0|L1|L3|R1|R2,1,L--L1,1849490373434169/2500000000000000,0,0,1,1
107,L0|L1|L3|R1|R2,2,L--L2,1464310966904731/1000000000000000,1,1,1,1
107,L0|L1|L3|R1|R2,3,L--L3,939396917435463/625000000000000,0,0,1,1
107,L0|L1|L3|R1|R2,4,L--M0,1213555857675263/1000000000000000,0,0,1,1
107,L0|L1|L3|R1|R2,5,L--M1,13994982322202127/10000000000000000,0,0,1,1
107,L0|L1|L3|R1|R2,6,L--M2,1768377335439391/1000000000000000,0,0,1,1
107,L0|L1|L3|R1|R2,7,M0--R,635985469756133/400000000000000,0,0,1,1
107,L0|L1|L3|R1|R2,8,M1--R,7464837598588827/5000000000000000,0,0,1,1
107,L0|L1|L3|R1|R2,9,M2--R,232422620484707/156250000000000,0,0,1,1
107,L0|L1|L3|R1|R2,10,R--R0,2653577086178917/2500000000000000,1,1,1,1
107,L0|L1|L3|R1|R2,11,R--R1,977114028526669/625000000000000,0,0,1,1
107,L0|L1|L3|R1|R2,12,R--R2,1057321139987373/1250000000000000,0,0,1,1
107,L0|L1|L3|R1|R2,13,R--R3,6037011260248397/5000000000000000,1,1,1,1
108,L2|L3|R1|R2,0,L--L0,2703986192682027/2500000000000000,1,1,1,1
108,L2|L3|R1|R2,1,L--L1,1849490373434169/2500000000000000,1,1,1,1
108,L2|L3|R1|R2,2,L--L2,1464310966904731/1000000000000000,0,0,1,1
108,L2|L3|R1|R2,3,L--L3,939396917435463/625000000000000,0,0,1,1
108,L2|L3|R1|R2,4,L--M0,1213555857675263/1000000000000000,0,0,1,1
108,L2|L3|R1|R2,5,L--M1,13994982322202127/10000000000000000,0,0,1,1
108,L2|L3|R1|R2,6,L--M2,1768377335439391/1000000000000000,0,0,1,1
108,L2|L3|R1|R2,7,M0--R,635985469756133/400000000000000,0,0,1,1
108,L2|L3|R1|R2,8,M1--R,7464837598588827/5000000000000000,0,0,1,1
108,L2|L3|R1|R2,9,M2--R,232422620484707/156250000000000,0,0,1,1
108,L2|L3|R1|R2,10,R--R0,2653577086178917/2500000000000000,1,1,1,1
108,L2|L3|R1|R2,11,R--R1,977114028526669/625000000000000,0,0,1,1
108,L2|L3|R1|R2,12,R--R2,1057321139987373/1250000000000000,0,0,1,1
108,L2|L3|R1|R2,13,R--R3,6037011260248397/5000000000000000,1,1,1,1
109,L0|L2|L3|R1|R2,0,L--L0,2703986192682027/2500000000000000,0,0,1,1
109,L0|L2|L3|R1|R2,1,L--L1,1849490373434169/2500000000000000,1,1,1,1
109,L0|L2|L3|R1|R2,2,L--L2,1464310966904731/1000000000000000,0,0,1,1
109,L0|L2|L3|R1|R2,3,L--L3,939396917435463/625000000000000,0,0,1,1
109,L0|L2|L3|R1|R2,4,L--M0,1213555857675263/1000000000000000,0,0,1,1
109,L0|L2|L3|R1|R2,5,L--M1,13994982322202127/10000000000000000,0,0,1,1
109,L0|L2|L3|R1|R2,6,L--M2,1768377335439391/1000000000000000,0,0,1,1
109,L0|L2|L3|R1|R2,7,M0--R,635985469756133/400000000000000,0,0,1,1
109,L0|L2|L3|R1|R2,8,M1--R,7464837598588827/5000000000000000,0,0,1,1
109,L0|L2|L3|R1|R2,9,M2--R,232422620484707/156250000000000,0,0,1,1
109,L0|L2|L3|R1|R2,10,R--R0,2653577086178917/2500000000000000,1,1,1,1
109,L0|L2|L3|R1|R2,11,R--R1,977114028526669/625000000000000,0,0,1,1
109,L0|L2|L3|R1|R2,12,R--R2,1057321139987373/1250000000000000,0,0,1,1
109,L0|L2|L3|R1|R2,13,R--R3,6037011260248397/5000000000000000,1,1,1,1
110,L1|L2|L3|R1|R2,0,L--L0,2703986192682027/2500000000000000,1,1,1,1
110,L1|L2|L3|R1|R2,1,L--L1,1849490373434169/2500000000000000,0,0,1,1
110,L1|L2|L3|R1|R2,2,L--L2,1464310966904731/1000000000000000,0,0,1,1
110,L1|L2|L3|R1|R2,3,L--L3,939396917435463/625000000000000,0,0,1,1
110,L1|L2|L3|R1|R2,4,L--M0,1213555857675263/1000000000000000,0,0,1,1
110,L1|L2|L3|R1|R2,5,L--M1,13994982322202127/10000000000000000,0,0,1,1
110,L1|L2|L3|R1|R2,6,L--M2,1768377335439391/1000000000000000,0,0,1,1
110,L1|L2|L3|R1|R2,7,M0--R,635985469756133/400000000000000,0,0,1,1
110,L1|L2|L3|R1|R2,8,M1--R,7464837598588827/5000000000000000,0,0,1,1
110,L1|L2|L3|R1|R2,9,M2--R,232422620484707/156250000000000,0,0,1,1
110,L1|L2|L3|R1|R2,10,R--R0,2653577086178917/2500000000000000,1,1,1,1
110,L1|L2|L3|R1|R2,11,R--R1,977114028526669/625000000000000,0,0,1,1
110,L1|L2|L3|R1|R2,12,R--R2,1057321139987373/1250000000000000,0,0,1,1
110,L1|L2|L3|R1|R2,13,R--R3,6037011260248397/5000000000000000,1,1,1,1
111,L0|L1|L2|L3|R1|R2,0,L--L0,2703986192682027/2500000000000000,0,0,1,1
111,L0|L1|L2|L3|R1|R2,1,L--L1,1849490373434169/2500000000000000,0,0,1,1
111,L0|L1|L2|L3|R1|R2,2,L--L2,1464310966904731/1000000000000000,0,0,1,1
111,L0|L1|L2|L3|R1|R2,3,L--L3,939396917435463/625000000000000,0,0,1,1
111,L0|L1|L2|L3|R1|R2,4,L--M0,1213555857675263/1000000000000000,0,0,1,1
111,L0|L1|L2|L3|R1|R2,5,L--M1,13994982322202127/10000000000000000,0,0,1,1
111,L0|L1|L2|L3|R1|R2,6,L--M2,1768377335439391/1000000000000000,0,0,1,1
111,L0|L1|L2|L3|R1|R2,7,M0--R,635985469756133/400000000000000,0,0,1,1
111,L0|L1|L2|L3|R1|R2,8,M1--R,7464837598588827/5000000000000000,0,0,1,1
111,L0|L1|L2|L3|R1|R2,9,M2--R,232422620484707/156250000000000,0,0,1,1
111,L0|L1|L2|L3|R1|R2,10,R--R0,2653577086178917/2500000000000000,1,1,1,1
111,L0|L1|L2|L3|R1|R2,11,R--R1,977114028526669/625000000000000,0,0,1,1
111,L0|L1|L2|L3|R1|R2,12,R--R2,1057321139987373/1250000000000000,0,0,1,1
111,L0|L1|L2|L3|R1|R2,13,R--R3,6037011260248397/5000000000000000,1,1,1,1
112,R0|R1|R2,0,L--L0,2703986192682027/2500000000000000,0,0,1,1
112,R0|R1|R2,1,L--L1,1849490373434169/2500000000000000,0,0,1,1
112,R0|R1|R2,2,L--L2,1464310966904731/1000000000000000,0,0,1,1
112,R0|R1|R2,3,L--L3,939396917435463/625000000000000,0,0,1,1
112,R0|R1|R2,4,L--M0,1213555857675263/1000000000000000,0,0,1,1
112,R0|R1|R2,5,L--M1,13994982322202127/10000000000000000,0,0,1,1
112,R0|R1|R2,6,L--M2,1768377335439391/1000000000000000,0,0,1,1
112,R0|R1|R2,7,M0--R,635985469756133/400000000000000,0,0,1,1
112,R0|R1|R2,8,M1--R,7464837598588827/5000000000000000,0,0,1,1
112,R0|R1|R2,9,M2--R,232422620484707/156250000000000,0,0,1,1
112,R0|R1|R2,10,R--R0,2653577086178917/2500000000000000,1,1,1,1
112,R0|R1|R2,11,R--R1,977114028526669/625000000000000,1,1,1,1
112,R0|R1|R2,12,R--R2,1057321139987373/1250000000000000,1,1,1,1
112,R0|R1|R2,13,R--R3,6037011260248397/5000000000000000,0,0,1,1
113,L0|R0|R1|R2,0,L--L0,2703986192682027/2500000000000000,1,1,1,1
113,L0|R0|R1|R2,1,L--L1,1849490373434169/2500000000000000,0,0,1,1
113,L0|R0|R1|R2,2,L--L2,1464310966904731/1000000000000000,0,0,1,1
113,L0|R0|R1|R2,3,L--L3,939396917435463/625000000000000,0,0,1,1
113,L0|R0|R1|R2,4,L--M0,1213555857675263/1000000000000000,0,0,1,1
113,L0|R0|R1|R2,5,L--M1,13994982322202127/10000000000000000,0,0,1,1
113,L0|R0|R1|R2,6,L--M2,1768377335439391/1000000000000000,0,0,1,1
113,L0|R0|R1|R2,7,M0--R,635985469756133/400000000000000,0,0,1,1
113,L0|R0|R1|R2,8,M1--R,7464837598588827/5000000000000000,0,0,1,1
113,L0|R0|R1|R2,9,M2--R,232422620484707/156250000000000,0,0,1,1
113,L0|R0|R1|R2,10,R--R0,2653577086178917/2500000000000000,1,1,1,1
113,L0|R0|R1|R2,11,R--R1,977114028526669/625000000000000,1,1,1,1
113,L0|R0|R1|R2,12,R--R2,1057321139987373/1250000000000000,1,1,1,1
113,L0|R0|R1|R2,13,R--R3,6037011260248397/5000000000000000,0,0,1,1
114,L1|R0|R1|R2,0,L--L0,2703986192682027/2500000000000000,0,0,1,1
114,L1|R0|R1|R2,1,L--L1,1849490373434169/2500000000000000,1,1,1,1
114,L1|R0|R1|R2,2,L--L2,1464310966904731/1000000000000000,0,0,1,1
114,L1|R0|R1|R2,3,L--L3,939396917435463/625000000000000,0,0,1,1
114,L1|R0|R1|R2,4,L--M0,1213555857675263/1000000000000000,0,0,1,1
114,L1|R0|R1|R2,5,L--M1,13994982322202127/10000000000000000,0,0,1,1
114,L1|R0|R1|R2,6,L--M2,1768377335439391/1000000000000000,0,0,1,1
114,L1|R0|R1|R2,7,M0--R,635985469756133/400000000000000,0,0,1,1
114,L1|R0|R1|R2,8,M1--R,7464837598588827/5000000000000000,0,0,1,1
114,L1|R0|R1|R2,9,M2--R,232422620484707/156250000000000,0,0,1,1
114,L1|R0|R1|R2,10,R--R0,2653577086178917/2500000000000000,1,1,1,1
114,L1|R0|R1|R2,11,R--R1,977114028526669/625000000000000,1,1,1,1
114,L1|R0|R1|R2,12,R--R2,1057321139987373/1250000000000000,1,1,1,1
114,L1|R0|R1|R2,13,R--R3,6037011260248397/5000000000000000,0,0,1,1
115,L0|L1|R0|R1|R2,0,L--L0,2703986192682027/2500000000000000,0,0,1,1
115,L0|L1|R0|R1|R2,1,L--L1,1849490373434169/2500000000000000,0,0,1,1
115,L0|L1|R0|R1|R2,2,L--L2,1464310966904731/1000000000000000,1,1,1,1
115,L0|L1|R0|R1|R2,3,L--L3,939396917435463/625000000000000,1,1,1,1
115,L0|L1|R0|R1|R2,4,L--M0,1213555857675263/1000000000000000,0,0,1,1
115,L0|L1|R0|R1|R2,5,L--M1,13994982322202127/10000000000000000,0,0,1,1
115,L0|L1|R0|R1|R2,6,L--M2,1768377335439391/1000000000000000,0,0,1,1
115,L0|L1|R0|R1|R2,7,M0--R,635985469756133/400000000000000,0,0,1,1
115,L0|L1|R0|R1|R2,8,M1--R,7464837598588827/5000000000000000,0,0,1,1
115,L0|L1|R0|R1|R2,9,M2--R,232422620484707/156250000000000,0,0,1,1
115,L0|L1|R0|R1|R2,10,R--R0,2653577086178917/2500000000000000,0,0,1,1
115,L0|L1|R0|R1|R2,11,R--R1,977114028526669/625000000000000,0,0,1,1
115,L0|L1|R0|R1|R2,12,R--R2,1057321139987373/1250000000000000,0,0,1,1
115,L0|L1|R0|R1|R2,13,R--R3,6037011260248397/5000000000000000,1,1,1,1
116,L2|R0|R1|R2,0,L--L0,2703986192682027/2500000000000000,1,1,1,1
116,L2|R0|R1|R2,1,L--L1,1849490373434169/2500000000000000,1,1,1,1
116,L2|R0|R1|R2,2,L--L2,1464310966904731/1000000000000000,0,0,1,1
116,L2|R0|R1|R2,3,L--L3,939396917435463/625000000000000,1,1,1,1
116,L2|R0|R1|R2,4,L--M0,1213555857675263/1000000000000000,0,0,1,1
116,L2|R0|R1|R2,5,L--M1,13994982322202127/10000000000000000,0,0,1,1
116,L2|R0|R1|R2,6,L--M2,1768377335439391/1000000000000000,0,0,1,1
116,L2|R0|R1|R2,7,M0--R,635985469756133/400000000000000,0,0,1,1
116,L2|R0|R1|R2,8,M1--R,7464837598588827/5000000000000000,0,0,1,1
116,L2|R0|R1|R2,9,M2--R,232422620484707/156250000000000,0,0,1,1
116,L2|R0|R1|R2,10,R--R0,2653577086178917/2500000000000000,0,0,1,1
116,L2|R0|R1|R2,11,R--R1,977114028526669/625000000000000,0,0,1,1
116,L2|R0|R1|R2,12,R--R2,1057321139987373/1250000000000000,0,0,1,1
116,L2|R0|R1|R2,13,R--R3,6037011260248397/5000000000000000,1,1,1,1
117,L0|L2|R0|R1|R2,0,L--L0,2703986192682027/2500000000000000,0,0,1,1
117,L0|L2|R0|R1|R2,1,L--L1,1849490373434169/2500000000000000,1,1,1,1
117,L0|L2|R0|R1|R2,2,L--L2,1464310966904731/1000000000000000,0,0,1,1
117,L0|L2|R0|R1|R2,3,L--L3,939396917435463/625000000000000,1,1,1,1
117,L0|L2|R0|R1|R2,4,L--M0,1213555857675263/1000000000000000,0,0,1,1
117,L0|L2|R0|R1|R2,5,L--M1,13994982322202127/10000000000000000,0,0,1,1
117,L0|L2|R0|R1|R2,6,L--M2,1768377335439391/1000000000000000,0,0,1,1
117,L0|L2|R0|R1|R2,7,M0--R,635985469756133/400000000000000,0,0,1,1
117,L0|L2|R0|R1|R2,8,M1--R,7464837598588827/5000000000000000,0,0,1,1
117,L0|L2|R0|R1|R2,9,M2--R,232422620484707/156250000000000,0,0,1,1
117,L0|L2|R0|R1|R2,10,R--R0,2653577086178917/2500000000000000,0,0,1,1
117,L0|L2|R0|R1|R2,11,R--R1,977114028526669/625000000000000,0,0,1,1
117,L0|L2|R0|R1|R2,12,R--R2,1057321139987373/1250000000000000,0,0,1,1
117,L0|L2|R0|R1|R2,13,R--R3,6037011260248397/5000000000000000,1,1,1,1
118,L1|L2|R0|R1|R2,0,L--L0,2703986192682027/2500000000000000,1,1,1,1
118,L1|L2|R0|R1|R2,1,L--L1,1849490373434169/2500000000000000,0,0,1,1
118,L1|L2|R0|R1|R2,2,L--L2,1464310966904731/1000000000000000,0,0,1,1
118,L1|L2|R0|R1|R2,3,L--L3,939396917435463/625000000000000,1,1,1,1
118,L1|L2|R0|R1|R2,4,L--M0,1213555857675263/1000000000000000,0,0,1,1
118,L1|L2|R0|R1|R2,5,L--M1,13994982322202127/10000000000000000,0,0,1,1
118,L1|L2|R0|R1|R2,6,L--M2,1768377335439391/1000000000000000,0,0,1,1
118,L1|L2|R0|R1|R2,7,M0--R,635985469756133/400000000000000,0,0,1,1
118,L1|L2|R0|R1|R2,8,M1--R,7464837598588827/5000000000000000,0,0,1,1
118,L1|L2|R0|R1|R2,9,M2--R,232422620484707/156250000000000,0,0,1,1
118,L1|L2|R0|R1|R2,10,R--R0,2653577086178917/2500000000000000,0,0,1,1
118,L1|L2|R0|R1|R2,11,R--R1,977114028526669/625000000000000,0,0,1,1
118,L1|L2|R0|R1|R2,12,R--R2,1057321139987373/1250000000000000,0,0,1,1
118,L1|L2|R0|R1|R2,13,R--R3,6037011260248397/5000000000000000,1,1,1,1
119,L0|L1|L2|R0|R1|R2,0,L--L0,2703986192682027/2500000000000000,0,0,1,1
119,L0|L1|L2|R0|R1|R2,1,L--L1,1849490373434169/2500000000000000,0,0,1,1
119,L0|L1|L2|R0|R1|R2,2,L--L2,1464310966904731/1000000000000000,0,0,1,1
119,L0|L1|L2|R0|R1|R2,3,L--L3,939396917435463/625000000000000,1,1,1,1
119,L0|L1|L2|R0|R1|R2,4,L--M0,1213555857675263/1000000000000000,0,0,1,1
119,L0|L1|L2|R0|R1|R2,5,L--M1,13994982322202127/10000000000000000,0,0,1,1
119,L0|L1|L2|R0|R1|R2,6,L--M2,1768377335439391/1000000000000000,0,0,1,1
119,L0|L1|L2|R0|R1|R2,7,M0--R,635985469756133/400000000000000,0,0,1,1
119,L0|L1|L2|R0|R1|R2,8,M1--R,7464837598588827/5000000000000000,0,0,1,1
119,L0|L1|L2|R0|R1|R2,9,M2--R,232422620484707/156250000000000,0,0,1,1
119,L0|L1|L2|R0|R1|R2,10,R--R0,2653577086178917/2500000000000000,0,0,1,1
119,L0|L1|L2|R0|R1|R2,11,R--R1,977114028526669/625000000000000,0,0,1,1
119,L0|L1|L2|R0|R1|R2,12,R--R2,1057321139987373/1250000000000000,0,0,1,1
119,L0|L1|L2|R0|R1|R2,13,R--R3,6037011260248397/5000000000000000,1,1,1,1
120,L3|R0|R1|R2,0,L--L0,2703986192682027/2500000000000000,1,1,1,1
120,L3|R0|R1|R2,1,L--L1,1849490373434169/2500000000000000,1,1,1,1
120,L3|R0|R1|R2,2,L--L2,1464310966904731/1000000000000000,1,1,1,1
120,L3|R0|R1|R2,3,L--L3,939396917435463/625000000000000,0,0,1,1
120,L3|R0|R1|R2,4,L--M0,1213555857675263/1000000000000000,0,0,1,1
120,L3|R0|R1|R2,5,L--M1,13994982322202127/10000000000000000,0,0,1,1
120,L3|R0|R1|R2,6,L--M2,1768377335439391/1000000000000000,0,0,1,1
120,L3|R0|R1|R2,7,M0--R,635985469756133/400000000000000,0,0,1,1
120,L3|R0|R1|R2,8,M1--R,7464837598588827/5000000000000000,0,0,1,1
120,L3|R0|R1|R2,9,M2--R,232422620484707/156250000000000,0,0,1,1
120,L3|R0|R1|R2,10,R--R0,2653577086178917/2500000000000000,0,0,1,1
120,L3|R0|R1|R2,11,R--R1,977114028526669/625000000000000,0,0,1,1
120,L3|R0|R1|R2,12,R--R2,1057321139987373/1250000000000000,0,0,1,1
120,L3|R0|R1|R2,13,R--R3,6037011260248397/5000000000000000,1,1,1,1
121,L0|L3|R0|R1|R2,0,L--L0,2703986192682027/2500000000000000,0,0,1,1
121,L0|L3|R0|R1|R2,1,L--L1,1849490373434169/2500000000000000,1,1,1,1
121,L0|L3|R0|R1|R2,2,L--L2,1464310966904731/1000000000000000,1,1,1,1
121,L0|L3|R0|R1|R2,3,L--L3,939396917435463/625000000000000,0,0,1,1
121,L0|L3|R0|R1|R2,4,L--M0,1213555857675263/1000000000000000,0,0,1,1
121,L0|L3|R0|R1|R2,5,L--M1,13994982322202127/10000000000000000,0,0,1,1
121,L0|L3|R0|R1|R2,6,L--M2,1768377335439391/1000000000000000,0,0,1,1
121,L0|L3|R0|R1|R2,7,M0--R,635985469756133/400000000000000,0,0,1,1
121,L0|L3|R0|R1|R2,8,M1--R,7464837598588827/5000000000000000,0,0,1,1
121,L0|L3|R0|R1|R2,9,M2--R,232422620484707/156250000000000,0,0,1,1
121,L0|L3|R0|R1|R2,10,R--R0,2653577086178917/2500000000000000,0,0,1,1
121,L0|L3|R0|R1|R2,11,R--R1,977114028526669/625000000000000,0,0,1,1
121,L0|L3|R0|R1|R2,12,R--R2,1057321139987373/1250000000000000,0,0,1,1
121,L0|L3|R0|R1|R2,13,R--R3,6037011260248397/5000000000000000,1,1,1,1
122,L1|L3|R0|R1|R2,0,L--L0,2703986192682027/2500000000000000,1,1,1,1
122,L1|L3|R0|R1|R2,1,L--L1,1849490373434169/2500000000000000,0,0,1,1
122,L1|L3|R0|R1|R2,2,L--L2,1464310966904731/1000000000000000,1,1,1,1
122,L1|L3|R0|R1|R2,3,L--L3,939396917435463/625000000000000,0,0,1,1
122,L1|L3|R0|R1|R2,4,L--M0,1213555857675263/1000000000000000,0,0,1,1
122,L1|L3|R0|R1|R2,5,L--M1,13994982322202127/10000000000000000,0,0,1,1
122,L1|L3|R0|R1|R2,6,L--M2,1768377335439391/1000000000000000,0,0,1,1
122,L1|L3|R0|R1|R2,7,M0--R,635985469756133/400000000000000,0,0,1,1
122,L1|L3|R0|R1|R2,8,M1--R,7464837598588827/5000000000000000,0,0,1,1
122,L1|L3|R0|R1|R2,9,M2--R,232422620484707/156250000000000,0,0,1,1
122,L1|L3|R0|R1|R2,10,R--R0,2653577086178917/2500000000000000,0,0,1,1
122,L1|L3|R0|R1|R2,11,R--R1,977114028526669/625000000000000,0,0,1,1
122,L1|L3|R0|R1|R2,12,R--R2,1057321139987373/1250000000000000,0,0,1,1
122,L1|L3|R0|R1|R2,13,R--R3,6037011260248397/5000000000000000,1,1,1,1
123,L0|L1|L3|R0|R1|R2,0,L--L0,2703986192682027/2500000000000000,0,0,1,1
123,L0|L1|L3|R0|R1|R2,1,L--L1,1849490373434169/2500000000000000,0,0,1,1
123,L0|L1|L3|R0|R1|R2,2,L--L2,1464310966904731/1000000000000000,1,1,1,1
123,L0|L1|L3|R0|R1|R2,3,L--L3,939396917435463/625000000000000,0,0,1,1
123,L0|L1|L3|R0|R1|R2,4,L--M0,1213555857675263/1000000000000000,0,0,1,1
123,L0|L1|L3|R0|R1|R2,5,L--M1,13994982322202127/10000000000000000,0,0,1,1
123,L0|L1|L3|R0|R1|R2,6,L--M2,1768377335439391/1000000000000000,0,0,1,1
123,L0|L1|L3|R0|R1|R2,7,M0--R,635985469756133/400000000000000,0,0,1,1
123,L0|L1|L3|R0|R1|R2,8,M1--R,7464837598588827/5000000000000000,0,0,1,1
123,L0|L1|L3|R0|R1|R2,9,M2--R,232422620484707/156250000000000,0,0,1,1
123,L0|L1|L3|R0|R1|R2,10,R--R0,2653577086178917/2500000000000000,0,0,1,1
123,L0|L1|L3|R0|R1|R2,11,R--R1,977114028526669/625000000000000,0,0,1,1
123,L0|L1|L3|R0|R1|R2,12,R--R2,1057321139987373/1250000000000000,0,0,1,1
123,L0|L1|L3|R0|R1|R2,13,R--R3,6037011260248397/5000000000000000,1,1,1,1
124,L2|L3|R0|R1|R2,0,L--L0,2703986192682027/2500000000000000,1,1,1,1
124,L2|L3|R0|R1|R2,1,L--L1,1849490373434169/2500000000000000,1,1,1,1
124,L2|L3|R0|R1|R2,2,L--L2,1464310966904731/1000000000000000,0,0,1,1
124,L2|L3|R0|R1|R2,3,L--L3,939396917435463/625000000000000,0,0,1,1
124,L2|L3|R0|R1|R2,4,L--M0,1213555857675263/1000000000000000,0,0,1,1
124,L2|L3|R0|R1|R2,5,L--M1,13994982322202127/10000000000000000,0,0,1,1
124,L2|L3|R0|R1|R2,6,L--M2,1768377335439391/1000000000000000,0,0,1,1
124,L2|L3|R0|R1|R2,7,M0--R,635985469756133/400000000000000,0,0,1,1
124,L2|L3|R0|R1|R2,8,M1--R,7464837598588827/5000000000000000,0,0,1,1
124,L2|L3|R0|R1|R2,9,M2--R,232422620484707/156250000000000,0,0,1,1
124,L2|L3|R0|R1|R2,10,R--R0,2653577086178917/2500000000000000,0,0,1,1
124,L2|L3|R0|R1|R2,11,R--R1,977114028526669/625000000000000,0,0,1,1
124,L2|L3|R0|R1|R2,12,R--R2,1057321139987373/1250000000000000,0,0,1,1
124,L2|L3|R0|R1|R2,13,R--R3,6037011260248397/5000000000000000,1,1,1,1
125,L0|L2|L3|R0|R1|R2,0,L--L0,2703986192682027/2500000000000000,0,0,1,1
125,L0|L2|L3|R0|R1|R2,1,L--L1,1849490373434169/2500000000000000,1,1,1,1
125,L0|L2|L3|R0|R1|R2,2,L--L2,1464310966904731/1000000000000000,0,0,1,1
125,L0|L2|L3|R0|R1|R2,3,L--L3,939396917435463/625000000000000,0,0,1,1
125,L0|L2|L3|R0|R1|R2,4,L--M0,1213555857675263/1000000000000000,0,0,1,1
125,L0|L2|L3|R0|R1|R2,5,L--M1,13994982322202127/10000000000000000,0,0,1,1
125,L0|L2|L3|R0|R1|R2,6,L--M2,1768377335439391/1000000000000000,0,0,1,1
125,L0|L2|L3|R0|R1|R2,7,M0--R,635985469756133/400000000000000,0,0,1,1
125,L0|L2|L3|R0|R1|R2,8,M1--R,7464837598588827/5000000000000000,0,0,1,1
125,L0|L2|L3|R0|R1|R2,9,M2--R,232422620484707/156250000000000,0,0,1,1
125,L0|L2|L3|R0|R1|R2,10,R--R0,2653577086178917/2500000000000000,0,0,1,1
125,L0|L2|L3|R0|R1|R2,11,R--R1,977114028526669/625000000000000,0,0,1,1
125,L0|L2|L3|R0|R1|R2,12,R--R2,1057321139987373/1250000000000000,0,0,1,1
125,L0|L2|L3|R0|R1|R2,13,R--R3,6037011260248397/5000000000000000,1,1,1,1
126,L1|L2|L3|R0|R1|R2,0,L--L0,2703986192682027/2500000000000000,1,1,1,1
126,L1|L2|L3|R0|R1|R2,1,L--L1,1849490373434169/2500000000000000,0,0,1,1
126,L1|L2|L3|R0|R1|R2,2,L--L2,1464310966904731/1000000000000000,0,0,1,1
126,L1|L2|L3|R0|R1|R2,3,L--L3,939396917435463/625000000000000,0,0,1,1
126,L1|L2|L3|R0|R1|R2,4,L--M0,1213555857675263/1000000000000000,0,0,1,1
126,L1|L2|L3|R0|R1|R2,5,L--M1,13994982322202127/10000000000000000,0,0,1,1
126,L1|L2|L3|R0|R1|R2,6,L--M2,1768377335439391/1000000000000000,0,0,1,1
126,L1|L2|L3|R0|R1|R2,7,M0--R,635985469756133/400000000000000,0,0,1,1
126,L1|L2|L3|R0|R1|R2,8,M1--R,7464837598588827/5000000000000000,0,0,1,1
126,L1|L2|L3|R0|R1|R2,9,M2--R,232422620484707/156250000000000,0,0,1,1
126,L1|L2|L3|R0|R1|R2,10,R--R0,2653577086178917/2500000000000000,0,0,1,1
126,L1|L2|L3|R0|R1|R2,11,R--R1,977114028526669/625000000000000,0,0,1,1
126,L1|L2|L3|R0|R1|R2,12,R--R2,1057321139987373/1250000000000000,0,0,1,1
126,L1|L2|L3|R0|R1|R2,13,R--R3,6037011260248397/5000000000000000,1,1,1,1
127,L0|L1|L2|L3|R0|R1|R2,0,L--L0,2703986192682027/2500000000000000,0,0,1,1
127,L0|L1|L2|L3|R0|R1|R2,1,L--L1,1849490373434169/2500000000000000,0,0,1,1
127,L0|L1|L2|L3|R0|R1|R2,2,L--L2,1464310966904731/1000000000000000,0,0,1,1
127,L0|L1|L2|L3|R0|R1|R2,3,L--L3,939396917435463/625000000000000,0,0,1,1
127,L0|L1|L2|L3|R0|R1|R2,4,L--M0,1213555857675263/1000000000000000,0,0,1,1
127,L0|L1|L2|L3|R0|R1|R2,5,L--M1,13994982322202127/10000000000000000,0,0,1,1
127,L0|L1|L2|L3|R0|R1|R2,6,L--M2,1768377335439391/1000000000000000,0,0,1,1
127,L0|L1|L2|L3|R0|R1|R2,7,M0--R,635985469756133/400000000000000,0,0,1,1
127,L0|L1|L2|L3|R0|R1|R2,8,M1--R,7464837598588827/5000000000000000,0,0,1,1
127,L0|L1|L2|L3|R0|R1|R2,9,M2--R,232422620484707/156250000000000,0,0,1,1
127,L0|L1|L2|L3|R0|R1|R2,10,R--R0,2653577086178917/2500000000000000,0,0,1,1
127,L0|L1|L2|L3|R0|R1|R2,11,R--R1,977114028526669/625000000000000,0,0,1,1
127,L0|L1|L2|L3|R0|R1|R2,12,R--R2,1057321139987373/1250000000000000,0,0,1,1
127,L0|L1|L2|L3|R0|R1|R2,13,R--R3,6037011260248397/5000000000000000,1,1,1,1
128,R3,0,L--L0,2703986192682027/2500000000000000,0,0,1,1
128,R3,1,L--L1,1849490373434169/2500000000000000,0,0,1,1
128,R3,2,L--L2,1464310966904731/1000000000000000,0,0,1,1
128,R3,3,L--L3,939396917435463/625000000000000,0,0,1,1
128,R3,4,L--M0,1213555857675263/1000000000000000,0,0,1,1
128,R3,5,L--M1,13994982322202127/10000000000000000,0,0,1,1
128,R3,6,L--M2,1768377335439391/1000000000000000,0,0,1,1
128,R3,7,M0--R,635985469756133/400000000000000,0,0,1,1
128,R3,8,M1--R,7464837598588827/5000000000000000,0,0,1,1
128,R3,9,M2--R,232422620484707/156250000000000,0,0,1,1
128,R3,10,R--R0,2653577086178917/2500000000000000,0,0,1,1
128,R3,11,R--R1,977114028526669/625000000000000,0,0,1,1
128,R3,12,R--R2,1057321139987373/1250000000000000,0,0,1,1
128,R3,13,R--R3,6037011260248397/5000000000000000,1,1,1,1
129,L0|R3,0,L--L0,2703986192682027/2500000000000000,1,1,1,1
129,L0|R3,1,L--L1,1849490373434169/2500000000000000,0,0,1,1
129,L0|R3,2,L--L2,1464310966904731/1000000000000000,0,0,1,1
129,L0|R3,3,L--L3,939396917435463/625000000000000,0,0,1,1
129,L0|R3,4,L--M0,1213555857675263/1000000000000000,0,0,1,1
129,L0|R3,5,L--M1,13994982322202127/10000000000000000,0,0,1,1
129,L0|R3,6,L--M2,1768377335439391/1000000000000000,0,0,1,1
129,L0|R3,7,M0--R,635985469756133/400000000000000,0,0,1,1
129,L0|R3,8,M1--R,7464837598588827/5000000000000000,0,0,1,1
129,L0|R3,9,M2--R,232422620484707/156250000000000,0,0,1,1
129,L0|R3,10,R--R0,2653577086178917/2500000000000000,0,0,1,1
129,L0|R3,11,R--R1,977114028526669/625000000000000,0,0,1,1
129,L0|R3,12,R--R2,1057321139987373/1250000000000000,0,0,1,1
129,L0|R3,13,R--R3,6037011260248397/5000000000000000,1,1,1,1
130,L1|R3,0,L--L0,2703986192682027/2500000000000000,0,0,1,1
130,L1|R3,1,L--L1,1849490373434169/2500000000000000,1,1,1,1
130,L1|R3,2,L--L2,1464310966904731/1000000000000000,0,0,1,1
130,L1|R3,3,L--L3,939396917435463/625000000000000,0,0,1,1
130,L1|R3,4,L--M0,1213555857675263/1000000000000000,0,0,1,1
130,L1|R3,5,L--M1,13994982322202127/10000000000000000,0,0,1,1
130,L1|R3,6,L--M2,1768377335439391/1000000000000000,0,0,1,1
130,L1|R3,7,M0--R,635985469756133/400000000000000,0,0,1,1
130,L1|R3,8,M1--R,7464837598588827/5000000000000000,0,0,1,1
130,L1|R3,9,M2--R,232422620484707/156250000000000,0,0,1,1
130,L1|R3,10,R--R0,2653577086178917/2500000000000000,0,0,1,1
130,L1|R3,11,R--R1,977114028526669/625000000000000,0,0,1,1
130,L1|R3,12,R--R2,1057321139987373/1250000000000000,0,0,1,1
130,L1|R3,13,R--R3,6037011260248397/5000000000000000,1,1,1,1
131,L0|L1|R3,0,L--L0,2703986192682027/2500000000000000,1,1,1,1
131,L0|L1|R3,1,L--L1,1849490373434169/2500000000000000,1,1,1,1
131,L0|L1|R3,2,L--L2,1464310966904731/1000000000000000,0,0,1,1
131,L0|L1|R3,3,L--L3,939396917435463/625000000000000,0,0,1,1
131,L0|L1|R3,4,L--M0,1213555857675263/1000000000000000,0,0,1,1
131,L0|L1|R3,5,L--M1,13994982322202127/10000000000000000,0,0,1,1
131,L0|L1|R3,6,L--M2,1768377335439391/1000000000000000,0,0,1,1
131,L0|L1|R3,7,M0--R,635985469756133/400000000000000,0,0,1,1
131,L0|L1|R3,8,M1--R,7464837598588827/5000000000000000,0,0,1,1
131,L0|L1|R3,9,M2--R,232422620484707/156250000000000,0,0,1,1
131,L0|L1|R3,10,R--R0,2653577086178917/2500000000000000,0,0,1,1
131,L0|L1|R3,11,R--R1,977114028526669/625000000000000,0,0,1,1
131,L0|L1|R3,12,R--R2,1057321139987373/1250000000000000,0,0,1,1
131,L0|L1|R3,13,R--R3,6037011260248397/5000000000000000,1,1,1,1
132,L2|R3,0,L--L0,2703986192682027/2500000000000000,0,0,1,1
132,L2|R3,1,L--L1,1849490373434169/2500000000000000,0,0,1,1
132,L2|R3,2,L--L2,1464310966904731/1000000000000000,1,1,1,1
132,L2|R3,3,L--L3,939396917435463/625000000000000,0,0,1,1
132,L2|R3,4,L--M0,1213555857675263/1000000000000000,0,0,1,1
132,L2|R3,5,L--M1,13994982322202127/10000000000000000,0,0,1,1
132,L2|R3,6,L--M2,1768377335439391/1000000000000000,0,0,1,1
132,L2|R3,7,M0--R,635985469756133/400000000000000,0,0,1,1
132,L2|R3,8,M1--R,7464837598588827/5000000000000000,0,0,1,1
132,L2|R3,9,M2--R,232422620484707/156250000000000,0,0,1,1
132,L2|R3,10,R--R0,2653577086178917/2500000000000000,0,0,1,1
132,L2|R3,11,R--R1,977114028526669/625000000000000,0,0,1,1
132,L2|R3,12,R--R2,1057321139987373/1250000000000000,0,0,1,1
132,L2|R3,13,R--R3,6037011260248397/5000000000000000,1,1,1,1
133,L0|L2|R3,0,L--L0,2703986192682027/2500000000000000,1,1,1,1
133,L0|L2|R3,1,L--L1,1849490373434169/2500000000000000,0,0,1,1
133,L0|L2|R3,2,L--L2,1464310966904731/1000000000000000,1,1,1,1
133,L0|L2|R3,3,L--L3,939396917435463/625000000000000,0,0,1,1
133,L0|L2|R3,4,L--M0,1213555857675263/1000000000000000,0,0,1,1
133,L0|L2|R3,5,L--M1,13994982322202127/10000000000000000,0,0,1,1
133,L0|L2|R3,6,L--M2,1768377335439391/1000000000000000,0,0,1,1
133,L0|L2|R3,7,M0--R,635985469756133/400000000000000,0,0,1,1
133,L0|L2|R3,8,M1--R,7464837598588827/5000000000000000,0,0,1,1
133,L0|L2|R3,9,M2--R,232422620484707/156250000000000,0,0,1,1
133,L0|L2|R3,10,R--R0,2653577086178917/2500000000000000,0,0,1,1
133,L0|L2|R3,11,R--R1,977114028526669/625000000000000,0,0,1,1
133,L0|L2|R3,12,R--R2,1057321139987373/1250000000000000,0,0,1,1
133,L0|L2|R3,13,R--R3,6037011260248397/5000000000000000,1,1,1,1
134,L1|L2|R3,0,L--L0,2703986192682027/2500000000000000,0,0,1,1
134,L1|L2|R3,1,L--L1,1849490373434169/2500000000000000,1,1,1,1
134,L1|L2|R3,2,L--L2,1464310966904731/1000000000000000,1,1,1,1
134,L1|L2|R3,3,L--L3,939396917435463/625000000000000,0,0,1,1
134,L1|L2|R3,4,L--M0,1213555857675263/1000000000000000,0,0,1,1
134,L1|L2|R3,5,L--M1,13994982322202127/10000000000000000,0,0,1,1
134,L1|L2|R3,6,L--M2,1768377335439391/1000000000000000,0,0,1,1
134,L1|L2|R3,7,M0--R,635985469756133/400000000000000,0,0,1,1
134,L1|L2|R3,8,M1--R,7464837598588827/5000000000000000,0,0,1,1
134,L1|L2|R3,9,M2--R,232422620484707/156250000000000,0,0,1,1
134,L1|L2|R3,10,R--R0,2653577086178917/2500000000000000,0,0,1,1
134,L1|L2|R3,11,R--R1,977114028526669/625000000000000,0,0,1,1
134,L1|L2|R3,12,R--R2,1057321139987373/1250000000000000,0,0,1,1
134,L1|L2|R3,13,R--R3,6037011260248397/5000000000000000,1,1,1,1
135,L0|L1|L2|R3,0,L--L0,2703986192682027/2500000000000000,1,1,1,1
135,L0|L1|L2|R3,1,L--L1,1849490373434169/2500000000000000,1,1,1,1
135,L0|L1|L2|R3,2,L--L2,1464310966904731/1000000000000000,1,1,1,1
135,L0|L1|L2|R3,3,L--L3,939396917435463/625000000000000,0,0,1,1
135,L0|L1|L2|R3,4,L--M0,1213555857675263/1000000000000000,0,0,1,1
135,L0|L1|L2|R3,5,L--M1,13994982322202127/10000000000000000,0,0,1,1
135,L0|L1|L2|R3,6,L--M2,1768377335439391/1000000000000000,0,0,1,1
135,L0|L1|L2|R3,7,M0--R,635985469756133/400000000000000,0,0,1,1
135,L0|L1|L2|R3,8,M1--R,7464837598588827/5000000000000000,0,0,1,1
135,L0|L1|L2|R3,9,M2--R,232422620484707/156250000000000,0,0,1,1
135,L0|L1|L2|R3,10,R--R0,2653577086178917/2500000000000000,0,0,1,1
135,L0|L1|L2|R3,11,R--R1,977114028526669/625000000000000,0,0,1,1
135,L0|L1|L2|R3,12,R--R2,1057321139987373/1250000000000000,0,0,1,1
135,L0|L1|L2|R3,13,R--R3,6037011260248397/5000000000000000,1,1,1,1
136,L3|R3,0,L--L0,2703986192682027/2500000000000000,0,0,1,1
136,L3|R3,1,L--L1,1849490373434169/2500000000000000,0,0,1,1
136,L3|R3,2,L--L2,1464310966904731/1000000000000000,0,0,1,1
136,L3|R3,3,L--L3,939396917435463/625000000000000,1,1,1,1
136,L3|R3,4,L--M0,1213555857675263/1000000000000000,0,0,1,1
136,L3|R3,5,L--M1,13994982322202127/10000000000000000,0,0,1,1
136,L3|R3,6,L--M2,1768377335439391/1000000000000000,0,0,1,1
136,L3|R3,7,M0--R,635985469756133/400000000000000,0,0,1,1
136,L3|R3,8,M1--R,7464837598588827/5000000000000000,0,0,1,1
136,L3|R3,9,M2--R,232422620484707/156250000000000,0,0,1,1
136,L3|R3,10,R--R0,2653577086178917/2500000000000000,0,0,1,1
136,L3|R3,11,R--R1,977114028526669/625000000000000,0,0,1,1
136,L3|R3,12,R--R2,1057321139987373/1250000000000000,0,0,1,1
136,L3|R3,13,R--R3,6037011260248397/5000000000000000,1,1,1,1
137,L0|L3|R3,0,L--L0,2703986192682027/2500000000000000,1,1,1,1
137,L0|L3|R3,1,L--L1,1849490373434169/2500000000000000,0,0,1,1
137,L0|L3|R3,2,L--L2,1464310966904731/1000000000000000,0,0,1,1
137,L0|L3|R3,3,L--L3,939396917435463/625000000000000,1,1,1,1
137,L0|L3|R3,4,L--M0,1213555857675263/1000000000000000,0,0,1,1
137,L0|L3|R3,5,L--M1,13994982322202127/10000000000000000,0,0,1,1
137,L0|L3|R3,6,L--M2,1768377335439391/1000000000000000,0,0,1,1
137,L0|L3|R3,7,M0--R,635985469756133/400000000000000,0,0,1,1
137,L0|L3|R3,8,M1--R,7464837598588827/5000000000000000,0,0,1,1
137,L0|L3|R3,9,M2--R,232422620484707/156250000000000,0,0,1,1
137,L0|L3|R3,10,R--R0,2653577086178917/2500000000000000,0,0,1,1
137,L0|L3|R3,11,R--R1,977114028526669/625000000000000,0,0,1,1
137,L0|L3|R3,12,R--R2,1057321139987373/1250000000000000,0,0,1,1
137,L0|L3|R3,13,R--R3,6037011260248397/5000000000000000,1,1,1,1
138,L1|L3|R3,0,L--L0,2703986192682027/2500000000000000,0,0,1,1
138,L1|L3|R3,1,L--L1,1849490373434169/2500000000000000,1,1,1,1
138,L1|L3|R3,2,L--L2,1464310966904731/1000000000000000,0,0,1,1
138,L1|L3|R3,3,L--L3,939396917435463/625000000000000,1,1,1,1
138,L1|L3|R3,4,L--M0,1213555857675263/1000000000000000,0,0,1,1
138,L1|L3|R3,5,L--M1,13994982322202127/10000000000000000,0,0,1,1
138,L1|L3|R3,6,L--M2,1768377335439391/1000000000000000,0,0,1,1
138,L1|L3|R3,7,M0--R,635985469756133/400000000000000,0,0,1,1
138,L1|L3|R3,8,M1--R,7464837598588827/5000000000000000,0,0,1,1
138,L1|L3|R3,9,M2--R,232422620484707/156250000000000,0,0,1,1
138,L1|L3|R3,10,R--R0,2653577086178917/2500000000000000,0,0,1,1
138,L1|L3|R3,11,R--R1,977114028526669/625000000000000,0,0,1,1
138,L1|L3|R3,12,R--R2,1057321139987373/1250000000000000,0,0,1,1
138,L1|L3|R3,13,R--R3,6037011260248397/5000000000000000,1,1,1,1
139,L0|L1|L3|R3,0,L--L0,2703986192682027/2500000000000000,1,1,1,1
139,L0|L1|L3|R3,1,L--L1,1849490373434169/2500000000000000,1,1,1,1
139,L0|L1|L3|R3,2,L--L2,1464310966904731/1000000000000000,0,0,1,1
139,L0|L1|L3|R3,3,L--L3,939396917435463/625000000000000,1,1,1,1
139,L0|L1|L3|R3,4,L--M0,1213555857675263/1000000000000000,0,0,1,1
139,L0|L1|L3|R3,5,L--M1,13994982322202127/10000000000000000,0,0,1,1
139,L0|L1|L3|R3,6,L--M2,1768377335439391/1000000000000000,0,0,1,1
139,L0|L1|L3|R3,7,M0--R,635985469756133/400000000000000,0,0,1,1
139,L0|L1|L3|R3,8,M1--R,7464837598588827/5000000000000000,0,0,1,1
139,L0|L1|L3|R3,9,M2--R,232422620484707/156250000000000,0,0,1,1
139,L0|L1|L3|R3,10,R--R0,2653577086178917/2500000000000000,0,0,1,1
139,L0|L1|L3|R3,11,R--R1,977114028526669/625000000000000,0,0,1,1
139,L0|L1|L3|R3,12,R--R2,1057321139987373/1250000000000000,0,0,1,1
139,L0|L1|L3|R3,13,R--R3,6037011260248397/5000000000000000,1,1,1,1
140,L2|L3|R3,0,L--L0,2703986192682027/2500000000000000,0,0,1,1
140,L2|L3|R3,1,L--L1,1849490373434169/2500000000000000,0,0,1,1
140,L2|L3|R3,2,L--L2,1464310966904731/1000000000000000,1,1,1,1
140,L2|L3|R3,3,L--L3,939396917435463/625000000000000,1,1,1,1
140,L2|L3|R3,4,L--M0,1213555857675263/1000000000000000,0,0,1,1
140,L2|L3|R3,5,L--M1,13994982322202127/10000000000000000,0,0,1,1
140,L2|L3|R3,6,L--M2,1768377335439391/1000000000000000,0,0,1,1
140,L2|L3|R3,7,M0--R,635985469756133/400000000000000,0,0,1,1
140,L2|L3|R3,8,M1--R,7464837598588827/5000000000000000,0,0,1,1
140,L2|L3|R3,9,M2--R,232422620484707/156250000000000,0,0,1,1
140,L2|L3|R3,10,R--R0,2653577086178917/2500000000000000,0,0,1,1
140,L2|L3|R3,11,R--R1,977114028526669/625000000000000,0,0,1,1
140,L2|L3|R3,12,R--R2,1057321139987373/1250000000000000,0,0,1,1
140,L2|L3|R3,13,R--R3,6037011260248397/5000000000000000,1,1,1,1
141,L0|L2|L3|R3,0,L--L0,2703986192682027/2500000000000000,0,0,1,1
141,L0|L2|L3|R3,1,L--L1,1849490373434169/2500000000000000,1,1,1,1
141,L0|L2|L3|R3,2,L--L2,1464310966904731/1000000000000000,0,0,1,1
141,L0|L2|L3|R3,3,L--L3,939396917435463/625000000000000,0,0,1,1
141,L0|L2|L3|R3,4,L--M0,1213555857675263/1000000000000000,0,0,1,1
141,L0|L2|L3|R3,5,L--M1,13994982322202127/10000000000000000,0,0,1,1
141,L0|L2|L3|R3,6,L--M2,1768377335439391/1000000000000000,0,0,1,1
141,L0|L2|L3|R3,7,M0--R,635985469756133/400000000000000,0,0,1,1
141,L0|L2|L3|R3,8,M1--R,7464837598588827/5000000000000000,0,0,1,1
141,L0|L2|L3|R3,9,M2--R,232422620484707/156250000000000,0,0,1,1
141,L0|L2|L3|R3,10,R--R0,2653577086178917/2500000000000000,1,1,1,1
141,L0|L2|L3|R3,11,R--R1,977114028526669/625000000000000,1,1,1,1
141,L0|L2|L3|R3,12,R--R2,1057321139987373/1250000000000000,1,1,1,1
141,L0|L2|L3|R3,13,R--R3,6037011260248397/5000000000000000,0,0,1,1
142,L1|L2|L3|R3,0,L--L0,2703986192682027/2500000000000000,1,1,1,1
142,L1|L2|L3|R3,1,L--L1,1849490373434169/2500000000000000,0,0,1,1
142,L1|L2|L3|R3,2,L--L2,1464310966904731/1000000000000000,0,0,1,1
142,L1|L2|L3|R3,3,L--L3,939396917435463/625000000000000,0,0,1,1
142,L1|L2|L3|R3,4,L--M0,1213555857675263/1000000000000000,0,0,1,1
142,L1|L2|L3|R3,5,L--M1,13994982322202127/10000000000000000,0,0,1,1
142,L1|L2|L3|R3,6,L--M2,1768377335439391/1000000000000000,0,0,1,1
142,L1|L2|L3|R3,7,M0--R,635985469756133/400000000000000,0,0,1,1
142,L1|L2|L3|R3,8,M1--R,7464837598588827/5000000000000000,0,0,1,1
142,L1|L2|L3|R3,9,M2--R,232422620484707/156250000000000,0,0,1,1
142,L1|L2|L3|R3,10,R--R0,2653577086178917/2500000000000000,1,1,1,1
142,L1|L2|L3|R3,11,R--R1,977114028526669/625000000000000,1,1,1,1
142,L1|L2|L3|R3,12,R--R2,1057321139987373/1250000000000000,1,1,1,1
142,L1|L2|L3|R3,13,R--R3,6037011260248397/5000000000000000,0,0,1,1
143,L0|L1|L2|L3|R3,0,L--L0,2703986192682027/2500000000000000,0,0,1,1
143,L0|L1|L2|L3|R3,1,L--L1,1849490373434169/2500000000000000,0,0,1,1
143,L0|L1|L2|L3|R3,2,L--L2,1464310966904731/1000000000000000,0,0,1,1
143,L0|L1|L2|L3|R3,3,L--L3,939396917435463/625000000000000,0,0,1,1
143,L0|L1|L2|L3|R3,4,L--M0,1213555857675263/1000000000000000,0,0,1,1
143,L0|L1|L2|L3|R3,5,L--M1,13994982322202127/10000000000000000,0,0,1,1
143,L0|L1|L2|L3|R3,6,L--M2,1768377335439391/1000000000000000,0,0,1,1
143,L0|L1|L2|L3|R3,7,M0--R,635985469756133/400000000000000,0,0,1,1
143,L0|L1|L2|L3|R3,8,M1--R,7464837598588827/5000000000000000,0,0,1,1
143,L0|L1|L2|L3|R3,9,M2--R,232422620484707/156250000000000,0,0,1,1
143,L0|L1|L2|L3|R3,10,R--R0,2653577086178917/2500000000000000,1,1,1,1
143,L0|L1|L2|L3|R3,11,R--R1,977114028526669/625000000000000,1,1,1,1
143,L0|L1|L2|L3|R3,12,R--R2,1057321139987373/1250000000000000,1,1,1,1
143,L0|L1|L2|L3|R3,13,R--R3,6037011260248397/5000000000000000,0,0,1,1
144,R0|R3,0,L--L0,2703986192682027/2500000000000000,0,0,1,1
144,R0|R3,1,L--L1,1849490373434169/2500000000000000,0,0,1,1
144,R0|R3,2,L--L2,1464310966904731/1000000000000000,0,0,1,1
144,R0|R3,3,L--L3,939396917435463/625000000000000,0,0,1,1
144,R0|R3,4,L--M0,1213555857675263/1000000000000000,0,0,1,1
144,R0|R3,5,L--M1,13994982322202127/10000000000000000,0,0,1,1
144,R0|R3,6,L--M2,1768377335439391/1000000000000000,0,0,1,1
144,R0|R3,7,M0--R,635985469756133/400000000000000,0,0,1,1
144,R0|R3,8,M1--R,7464837598588827/5000000000000000,0,0,1,1
144,R0|R3,9,M2--R,232422620484707/156250000000000,0,0,1,1
144,R0|R3,10,R--R0,2653577086178917/2500000000000000,1,1,1,1
144,R0|R3,11,R--R1,977114028526669/625000000000000,0,0,1,1
144,R0|R3,12,R--R2,1057321139987373/1250000000000000,0,0,1,1
144,R0|R3,13,R--R3,6037011260248397/5000000000000000,1,1,1,1
145,L0|R0|R3,0,L--L0,2703986192682027/2500000000000000,1,1,1,1
145,L0|R0|R3,1,L--L1,1849490373434169/2500000000000000,0,0,1,1
145,L0|R0|R3,2,L--L2,1464310966904731/1000000000000000,0,0,1,1
145,L0|R0|R3,3,L--L3,939396917435463/625000000000000,0,0,1,1
145,L0|R0|R3,4,L--M0,1213555857675263/1000000000000000,0,0,1,1
145,L0|R0|R3,5,L--M1,13994982322202127/10000000000000000,0,0,1,1
145,L0|R0|R3,6,L--M2,1768377335439391/1000000000000000,0,0,1,1
145,L0|R0|R3,7,M0--R,635985469756133/400000000000000,0,0,1,1
145,L0|R0|R3,8,M1--R,7464837598588827/5000000000000000,0,0,1,1
145,L0|R0|R3,9,M2--R,232422620484707/156250000000000,0,0,1,1
145,L0|R0|R3,10,R--R0,2653577086178917/2500000000000000,1,1,1,1
145,L0|R0|R3,11,R--R1,977114028526669/625000000000000,0,0,1,1
145,L0|R0|R3,12,R--R2,1057321139987373/1250000000000000,0,0,1,1
145,L0|R0|R3,13,R--R3,6037011260248397/5000000000000000,1,1,1,1
146,L1|R0|R3,0,L--L0,2703986192682027/2500000000000000,0,0,1,1
146,L1|R0|R3,1,L--L1,1849490373434169/2500000000000000,1,1,1,1
146,L1|R0|R3,2,L--L2,1464310966904731/1000000000000000,0,0,1,1
146,L1|R0|R3,3,L--L3,939396917435463/625000000000000,0,0,1,1
146,L1|R0|R3,4,L--M0,1213555857675263/1000000000000000,0,0,1,1
146,L1|R0|R3,5,L--M1,13994982322202127/10000000000000000,0,0,1,1
146,L1|R0|R3,6,L--M2,1768377335439391/1000000000000000,0,0,1,1
146,L1|R0|R3,7,M0--R,635985469756133/400000000000000,0,0,1,1
146,L1|R0|R3,8,M1--R,7464837598588827/5000000000000000,0,0,1,1
146,L1|R0|R3,9,M2--R,232422620484707/156250000000000,0,0,1,1
146,L1|R0|R3,10,R--R0,2653577086178917/2500000000000000,1,1,1,1
146,L1|R0|R3,11,R--R1,977114028526669/625000000000000,0,0,1,1
146,L1|R0|R3,12,R--R2,1057321139987373/1250000000000000,0,0,1,1
146,L1|R0|R3,13,R--R3,6037011260248397/5000000000000000,1,1,1,1
147,L0|L1|R0|R3,0,L--L0,2703986192682027/2500000000000000,1,1,1,1
147,L0|L1|R0|R3,1,L--L1,1849490373434169/2500000000000000,1,1,1,1
147,L0|L1|R0|R3,2,L--L2,1464310966904731/1000000000000000,0,0,1,1
147,L0|L1|R0|R3,3,L--L3,939396917435463/625000000000000,0,0,1,1
147,L0|L1|R0|R3,4,L--M0,1213555857675263/1000000000000000,0,0,1,1
147,L0|L1|R0|R3,5,L--M1,13994982322202127/10000000000000000,0,0,1,1
147,L0|L1|R0|R3,6,L--M2,1768377335439391/1000000000000000,0,0,1,1
147,L0|L1|R0|R3,7,M0--R,635985469756133/400000000000000,0,0,1,1
147,L0|L1|R0|R3,8,M1--R,7464837598588827/5000000000000000,0,0,1,1
147,L0|L1|R0|R3,9,M2--R,232422620484707/156250000000000,0,0,1,1
147,L0|L1|R0|R3,10,R--R0,2653577086178917/2500000000000000,1,1,1,1
147,L0|L1|R0|R3,11,R--R1,977114028526669/625000000000000,0,0,1,1
147,L0|L1|R0|R3,12,R--R2,1057321139987373/1250000000000000,0,0,1,1
147,L0|L1|R0|R3,13,R--R3,6037011260248397/5000000000000000,1,1,1,1
148,L2|R0|R3,0,L--L0,2703986192682027/2500000000000000,0,0,1,1
148,L2|R0|R3,1,L--L1,1849490373434169/2500000000000000,0,0,1,1
148,L2|R0|R3,2,L--L2,1464310966904731/1000000000000000,1,1,1,1
148,L2|R0|R3,3,L--L3,939396917435463/625000000000000,0,0,1,1
148,L2|R0|R3,4,L--M0,1213555857675263/1000000000000000,0,0,1,1
148,L2|R0|R3,5,L--M1,13994982322202127/10000000000000000,0,0,1,1
148,L2|R0|R3,6,L--M2,1768377335439391/1000000000000000,0,0,1,1
148,L2|R0|R3,7,M0--R,635985469756133/400000000000000,0,0,1,1
148,L2|R0|R3,8,M1--R,7464837598588827/5000000000000000,0,0,1,1
148,L2|R0|R3,9,M2--R,232422620484707/156250000000000,0,0,1,1
148,L2|R0|R3,10,R--R0,2653577086178917/2500000000000000,1,1,1,1
148,L2|R0|R3,11,R--R1,977114028526669/625000000000000,0,0,1,1
148,L2|R0|R3,12,R--R2,1057321139987373/1250000000000000,0,0,1,1
148,L2|R0|R3,13,R--R3,6037011260248397/5000000000000000,1,1,1,1
149,L0|L2|R0|R3,0,L--L0,2703986192682027/2500000000000000,0,0,1,1
149,L0|L2|R0|R3,1,L--L1,1849490373434169/2500000000000000,1,1,1,1
149,L0|L2|R0|R3,2,L--L2,1464310966904731/1000000000000000,0,0,1,1
149,L0|L2|R0|R3,3,L--L3,939396917435463/625000000000000,1,1,1,1
149,L0|L2|R0|R3,4,L--M0,1213555857675263/1000000000000000,0,0,1,1
149,L0|L2|R0|R3,5,L--M1,13994982322202127/10000000000000000,0,0,1,1
149,L0|L2|R0|R3,6,L--M2,1768377335439391/1000000000000000,0,0,1,1
149,L0|L2|R0|R3,7,M0--R,635985469756133/400000000000000,0,0,1,1
149,L0|L2|R0|R3,8,M1--R,7464837598588827/5000000000000000,0,0,1,1
149,L0|L2|R0|R3,9,M2--R,232422620484707/156250000000000,0,0,1,1
149,L0|L2|R0|R3,10,R--R0,2653577086178917/2500000000000000,0,0,1,1
149,L0|L2|R0|R3,11,R--R1,977114028526669/625000000000000,1,1,1,1
149,L0|L2|R0|R3,12,R--R2,1057321139987373/1250000000000000,1,1,1,1
149,L0|L2|R0|R3,13,R--R3,6037011260248397/5000000000000000,0,0,1,1
150,L1|L2|R0|R3,0,L--L0,2703986192682027/2500000000000000,0,0,1,1
150,L1|L2|R0|R3,1,L--L1,1849490373434169/2500000000000000,1,1,1,1
150,L1|L2|R0|R3,2,L--L2,1464310966904731/1000000000000000,1,1,1,1
150,L1|L2|R0|R3,3,L--L3,939396917435463/625000000000000,0,0,1,1
150,L1|L2|R0|R3,4,L--M0,1213555857675263/1000000000000000,0,0,1,1
150,L1|L2|R0|R3,5,L--M1,13994982322202127/10000000000000000,0,0,1,1
150,L1|L2|R0|R3,6,L--M2,1768377335439391/1000000000000000,0,0,1,1
150,L1|L2|R0|R3,7,M0--R,635985469756133/400000000000000,0,0,1,1
150,L1|L2|R0|R3,8,M1--R,7464837598588827/5000000000000000,0,0,1,1
150,L1|L2|R0|R3,9,M2--R,232422620484707/156250000000000,0,0,1,1
150,L1|L2|R0|R3,10,R--R0,2653577086178917/2500000000000000,1,1,1,1
150,L1|L2|R0|R3,11,R--R1,977114028526669/625000000000000,0,0,1,1
150,L1|L2|R0|R3,12,R--R2,1057321139987373/1250000000000000,0,0,1,1
150,L1|L2|R0|R3,13,R--R3,6037011260248397/5000000000000000,1,1,1,1
151,L0|L1|L2|R0|R3,0,L--L0,2703986192682027/2500000000000000,0,0,1,1
151,L0|L1|L2|R0|R3,1,L--L1,1849490373434169/2500000000000000,0,0,1,1
151,L0|L1|L2|R0|R3,2,L--L2,1464310966904731/1000000000000000,0,0,1,1
151,L0|L1|L2|R0|R3,3,L--L3,939396917435463/625000000000000,1,1,1,1
151,L0|L1|L2|R0|R3,4,L--M0,1213555857675263/1000000000000000,0,0,1,1
151,L0|L1|L2|R0|R3,5,L--M1,13994982322202127/10000000000000000,0,0,1,1
151,L0|L1|L2|R0|R3,6,L--M2,1768377335439391/1000000000000000,0,0,1,1
151,L0|L1|L2|R0|R3,7,M0--R,635985469756133/400000000000000,0,0,1,1
151,L0|L1|L2|R0|R3,8,M1--R,7464837598588827/5000000000000000,0,0,1,1
151,L0|L1|L2|R0|R3,9,M2--R,232422620484707/156250000000000,0,0,1,1
151,L0|L1|L2|R0|R3,10,R--R0,2653577086178917/2500000000000000,0,0,1,1
151,L0|L1|L2|R0|R3,11,R--R1,977114028526669/625000000000000,1,1,1,1
151,L0|L1|L2|R0|R3,12,R--R2,1057321139987373/1250000000000000,1,1,1,1
151,L0|L1|L2|R0|R3,13,R--R3,6037011260248397/5000000000000000,0,0,1,1
152,L3|R0|R3,0,L--L0,2703986192682027/2500000000000000,0,0,1,1
152,L3|R0|R3,1,L--L1,1849490373434169/2500000000000000,0,0,1,1
152,L3|R0|R3,2,L--L2,1464310966904731/1000000000000000,0,0,1,1
152,L3|R0|R3,3,L--L3,939396917435463/625000000000000,1,1,1,1
152,L3|R0|R3,4,L--M0,1213555857675263/1000000000000000,0,0,1,1
152,L3|R0|R3,5,L--M1,13994982322202127/10000000000000000,0,0,1,1
152,L3|R0|R3,6,L--M2,1768377335439391/1000000000000000,0,0,1,1
152,L3|R0|R3,7,M0--R,635985469756133/400000000000000,0,0,1,1
152,L3|R0|R3,8,M1--R,7464837598588827/5000000000000000,0,0,1,1
152,L3|R0|R3,9,M2--R,232422620484707/156250000000000,0,0,1,1
152,L3|R0|R3,10,R--R0,2653577086178917/2500000000000000,1,1,1,1
152,L3|R0|R3,11,R--R1,977114028526669/625000000000000,0,0,1,1
152,L3|R0|R3,12,R--R2,1057321139987373/1250000000000000,0,0,1,1
152,L3|R0|R3,13,R--R3,6037011260248397/5000000000000000,1,1,1,1
153,L0|L3|R0|R3,0,L--L0,2703986192682027/2500000000000000,0,0,1,1
153,L0|L3|R0|R3,1,L--L1,1849490373434169/2500000000000000,1,1,1,1
153,L0|L3|R0|R3,2,L--L2,1464310966904731/1000000000000000,1,1,1,1
153,L0|L3|R0|R3,3,L--L3,939396917435463/625000000000000,0,0,1,1
153,L0|L3|R0|R3,4,L--M0,1213555857675263/1000000000000000,0,0,1,1
153,L0|L3|R0|R3,5,L--M1,13994982322202127/10000000000000000,0,0,1,1
153,L0|L3|R0|R3,6,L--M2,1768377335439391/1000000000000000,0,0,1,1
153,L0|L3|R0|R3,7,M0--R,635985469756133/400000000000000,0,0,1,1
153,L0|L3|R0|R3,8,M1--R,7464837598588827/5000000000000000,0,0,1,1
153,L0|L3|R0|R3,9,M2--R,232422620484707/156250000000000,0,0,1,1
153,L0|L3|R0|R3,10,R--R0,2653577086178917/2500000000000000,0,0,1,1
153,L0|L3|R0|R3,11,R--R1,977114028526669/625000000000000,1,1,1,1
153,L0|L3|R0|R3,12,R--R2,1057321139987373/1250000000000000,1,1,1,1
153,L0|L3|R0|R3,13,R--R3,6037011260248397/5000000000000000,0,0,1,1
154,L1|L3|R0|R3,0,L--L0,2703986192682027/2500000000000000,0,0,1,1
154,L1|L3|R0|R3,1,L--L1,1849490373434169/2500000000000000,1,1,1,1
154,L1|L3|R0|R3,2,L--L2,1464310966904731/1000000000000000,0,0,1,1
154,L1|L3|R0|R3,3,L--L3,939396917435463/625000000000000,1,1,1,1
154,L1|L3|R0|R3,4,L--M0,1213555857675263/1000000000000000,0,0,1,1
154,L1|L3|R0|R3,5,L--M1,13994982322202127/10000000000000000,0,0,1,1
154,L1|L3|R0|R3,6,L--M2,1768377335439391/1000000000000000,0,0,1,1
154,L1|L3|R0|R3,7,M0--R,635985469756133/400000000000000,0,0,1,1
154,L1|L3|R0|R3,8,M1--R,7464837598588827/5000000000000000,0,0,1,1
154,L1|L3|R0|R3,9,M2--R,232422620484707/156250000000000,0,0,1,1
154,L1|L3|R0|R3,10,R--R0,2653577086178917/2500000000000000,1,1,1,1
154,L1|L3|R0|R3,11,R--R1,977114028526669/625000000000000,0,0,1,1
154,L1|L3|R0|R3,12,R--R2,1057321139987373/1250000000000000,0,0,1,1
154,L1|L3|R0|R3,13,R--R3,6037011260248397/5000000000000000,1,1,1,1
155,L0|L1|L3|R0|R3,0,L--L0,2703986192682027/2500000000000000,0,0,1,1
155,L0|L1|L3|R0|R3,1,L--L1,1849490373434169/2500000000000000,0,0,1,1
155,L0|L1|L3|R0|R3,2,L--L2,1464310966904731/1000000000000000,1,1,1,1
155,L0|L1|L3|R0|R3,3,L--L3,939396917435463/625000000000000,0,0,1,1
155,L0|L1|L3|R0|R3,4,L--M0,1213555857675263/1000000000000000,0,0,1,1
155,L0|L1|L3|R0|R3,5,L--M1,13994982322202127/10000000000000000,0,0,1,1
155,L0|L1|L3|R0|R3,6,L--M2,1768377335439391/1000000000000000,0,0,1,1
155,L0|L1|L3|R0|R3,7,M0--R,635985469756133/400000000000000,0,0,1,1
155,L0|L1|L3|R0|R3,8,M1--R,7464837598588827/5000000000000000,0,0,1,1
155,L0|L1|L3|R0|R3,9,M2--R,232422620484707/156250000000000,0,0,1,1
155,L0|L1|L3|R0|R3,10,R--R0,2653577086178917/2500000000000000,0,0,1,1
155,L0|L1|L3|R0|R3,11,R--R1,977114028526669/625000000000000,1,1,1,1
155,L0|L1|L3|R0|R3,12,R--R2,1057321139987373/1250000000000000,1,1,1,1
155,L0|L1|L3|R0|R3,13,R--R3,6037011260248397/5000000000000000,0,0,1,1
156,L2|L3|R0|R3,0,L--L0,2703986192682027/2500000000000000,1,1,1,1
156,L2|L3|R0|R3,1,L--L1,1849490373434169/2500000000000000,1,1,1,1
156,L2|L3|R0|R3,2,L--L2,1464310966904731/1000000000000000,0,0,1,1
156,L2|L3|R0|R3,3,L--L3,939396917435463/625000000000000,0,0,1,1
156,L2|L3|R0|R3,4,L--M0,1213555857675263/1000000000000000,0,0,1,1
156,L2|L3|R0|R3,5,L--M1,13994982322202127/10000000000000000,0,0,1,1
156,L2|L3|R0|R3,6,L--M2,1768377335439391/1000000000000000,0,0,1,1
156,L2|L3|R0|R3,7,M0--R,635985469756133/400000000000000,0,0,1,1
156,L2|L3|R0|R3,8,M1--R,7464837598588827/5000000000000000,0,0,1,1
156,L2|L3|R0|R3,9,M2--R,232422620484707/156250000000000,0,0,1,1
156,L2|L3|R0|R3,10,R--R0,2653577086178917/2500000000000000,0,0,1,1
156,L2|L3|R0|R3,11,R--R1,977114028526669/625000000000000,1,1,1,1
156,L2|L3|R0|R3,12,R--R2,1057321139987373/1250000000000000,1,1,1,1
156,L2|L3|R0|R3,13,R--R3,6037011260248397/5000000000000000,0,0,1,1
157,L0|L2|L3|R0|R3,0,L--L0,2703986192682027/2500000000000000,0,0,1,1
157,L0|L2|L3|R0|R3,1,L--L1,1849490373434169/2500000000000000,1,1,1,1
157,L0|L2|L3|R0|R3,2,L--L2,1464310966904731/1000000000000000,0,0,1,1
157,L0|L2|L3|R0|R3,3,L--L3,939396917435463/625000000000000,0,0,1,1
157,L0|L2|L3|R0|R3,4,L--M0,1213555857675263/1000000000000000,0,0,1,1
157,L0|L2|L3|R0|R3,5,L--M1,13994982322202127/10000000000000000,0,0,1,1
157,L0|L2|L3|R0|R3,6,L--M2,1768377335439391/1000000000000000,0,0,1,1
157,L0|L2|L3|R0|R3,7,M0--R,635985469756133/400000000000000,0,0,1,1
157,L0|L2|L3|R0|R3,8,M1--R,7464837598588827/5000000000000000,0,0,1,1
157,L0|L2|L3|R0|R3,9,M2--R,232422620484707/156250000000000,0,0,1,1
157,L0|L2|L3|R0|R3,10,R--R0,2653577086178917/2500000000000000,0,0,1,1
157,L0|L2|L3|R0|R3,11,R--R1,977114028526669/625000000000000,1,1,1,1
157,L0|L2|L3|R0|R3,12,R--R2,1057321139987373/1250000000000000,1,1,1,1
157,L0|L2|L3|R0|R3,13,R--R3,6037011260248397/5000000000000000,0,0,1,1
158,L1|L2|L3|R0|R3,0,L--L0,2703986192682027/2500000000000000,1,1,1,1
158,L1|L2|L3|R0|R3,1,L--L1,1849490373434169/2500000000000000,0,0,1,1
158,L1|L2|L3|R0|R3,2,L--L2,1464310966904731/1000000000000000,0,0,1,1
158,L1|L2|L3|R0|R3,3,L--L3,939396917435463/625000000000000,0,0,1,1
158,L1|L2|L3|R0|R3,4,L--M0,1213555857675263/1000000000000000,0,0,1,1
158,L1|L2|L3|R0|R3,5,L--M1,13994982322202127/10000000000000000,0,0,1,1
158,L1|L2|L3|R0|R3,6,L--M2,1768377335439391/1000000000000000,0,0,1,1
158,L1|L2|L3|R0|R3,7,M0--R,635985469756133/400000000000000,0,0,1,1
158,L1|L2|L3|R0|R3,8,M1--R,7464837598588827/5000000000000000,0,0,1,1
158,L1|L2|L3|R0|R3,9,M2--R,232422620484707/156250000000000,0,0,1,1
158,L1|L2|L3|R0|R3,10,R--R0,2653577086178917/2500000000000000,0,0,1,1
158,L1|L2|L3|R0|R3,11,R--R1,977114028526669/625000000000000,1,1,1,1
158,L1|L2|L3|R0|R3,12,R--R2,1057321139987373/1250000000000000,1,1,1,1
158,L1|L2|L3|R0|R3,13,R--R3,6037011260248397/5000000000000000,0,0,1,1
159,L0|L1|L2|L3|R0|R3,0,L--L0,2703986192682027/2500000000000000,0,0,1,1
159,L0|L1|L2|L3|R0|R3,1,L--L1,1849490373434169/2500000000000000,0,0,1,1
159,L0|L1|L2|L3|R0|R3,2,L--L2,1464310966904731/1000000000000000,0,0,1,1
159,L0|L1|L2|L3|R0|R3,3,L--L3,939396917435463/625000000000000,0,0,1,1
159,L0|L1|L2|L3|R0|R3,4,L--M0,1213555857675263/1000000000000000,0,0,1,1
159,L0|L1|L2|L3|R0|R3,5,L--M1,13994982322202127/10000000000000000,0,0,1,1
159,L0|L1|L2|L3|R0|R3,6,L--M2,1768377335439391/1000000000000000,0,0,1,1
159,L0|L1|L2|L3|R0|R3,7,M0--R,635985469756133/400000000000000,0,0,1,1
159,L0|L1|L2|L3|R0|R3,8,M1--R,7464837598588827/5000000000000000,0,0,1,1
159,L0|L1|L2|L3|R0|R3,9,M2--R,232422620484707/156250000000000,0,0,1,1
159,L0|L1|L2|L3|R0|R3,10,R--R0,2653577086178917/2500000000000000,0,0,1,1
159,L0|L1|L2|L3|R0|R3,11,R--R1,977114028526669/625000000000000,1,1,1,1
159,L0|L1|L2|L3|R0|R3,12,R--R2,1057321139987373/1250000000000000,1,1,1,1
159,L0|L1|L2|L3|R0|R3,13,R--R3,6037011260248397/5000000000000000,0,0,1,1
160,R1|R3,0,L--L0,2703986192682027/2500000000000000,0,0,1,1
160,R1|R3,1,L--L1,1849490373434169/2500000000000000,0,0,1,1
160,R1|R3,2,L--L2,1464310966904731/1000000000000000,0,0,1,1
160,R1|R3,3,L--L3,939396917435463/625000000000000,0,0,1,1
160,R1|R3,4,L--M0,1213555857675263/1000000000000000,0,0,1,1
160,R1|R3,5,L--M1,13994982322202127/10000000000000000,0,0,1,1
160,R1|R3,6,L--M2,1768377335439391/1000000000000000,0,0,1,1
160,R1|R3,7,M0--R,635985469756133/400000000000000,0,0,1,1
160,R1|R3,8,M1--R,7464837598588827/5000000000000000,0,0,1,1
160,R1|R3,9,M2--R,232422620484707/156250000000000,0,0,1,1
160,R1|R3,10,R--R0,2653577086178917/2500000000000000,0,0,1,1
160,R1|R3,11,R--R1,977114028526669/625000000000000,1,1,1,1
160,R1|R3,12,R--R2,1057321139987373/1250000000000000,0,0,1,1
160,R1|R3,13,R--R3,6037011260248397/5000000000000000,1,1,1,1
161,L0|R1|R3,0,L--L0,2703986192682027/2500000000000000,1,1,1,1
161,L0|R1|R3,1,L--L1,1849490373434169/2500000000000000,0,0,1,1
161,L0|R1|R3,2,L--L2,1464310966904731/1000000000000000,0,0,1,1
161,L0|R1|R3,3,L--L3,939396917435463/625000000000000,0,0,1,1
161,L0|R1|R3,4,L--M0,1213555857675263/1000000000000000,0,0,1,1
161,L0|R1|R3,5,L--M1,13994982322202127/10000000000000000,0,0,1,1
161,L0|R1|R3,6,L--M2,1768377335439391/1000000000000000,0,0,1,1
161,L0|R1|R3,7,M0--R,635985469756133/400000000000000,0,0,1,1
161,L0|R1|R3,8,M1--R,7464837598588827/5000000000000000,0,0,1,1
161,L0|R1|R3,9,M2--R,232422620484707/156250000000000,0,0,1,1
161,L0|R1|R3,10,R--R0,2653577086178917/2500000000000000,0,0,1,1
161,L0|R1|R3,11,R--R1,977114028526669/625000000000000,1,1,1,1
161,L0|R1|R3,12,R--R2,1057321139987373/1250000000000000,0,0,1,1
161,L0|R1|R3,13,R--R3,6037011260248397/5000000000000000,1,1,1,1
162,L1|R1|R3,0,L--L0,2703986192682027/2500000000000000,0,0,1,1
162,L1|R1|R3,1,L--L1,1849490373434169/2500000000000000,1,1,1,1
162,L1|R1|R3,2,L--L2,1464310966904731/1000000000000000,0,0,1,1
162,L1|R1|R3,3,L--L3,939396917435463/625000000000000,0,0,1,1
162,L1|R1|R3,4,L--M0,1213555857675263/1000000000000000,0,0,1,1
162,L1|R1|R3,5,L--M1,13994982322202127/10000000000000000,0,0,1,1
162,L1|R1|R3,6,L--M2,1768377335439391/1000000000000000,0,0,1,1
162,L1|R1|R3,7,M0--R,635985469756133/400000000000000,0,0,1,1
162,L1|R1|R3,8,M1--R,7464837598588827/5000000000000000,0,0,1,1
162,L1|R1|R3,9,M2--R,232422620484707/156250000000000,0,0,1,1
162,L1|R1|R3,10,R--R0,2653577086178917/2500000000000000,0,0,1,1
162,L1|R1|R3,11,R--R1,977114028526669/625000000000000,1,1,1,1
162,L1|R1|R3,12,R--R2,1057321139987373/1250000000000000,0,0,1,1
162,L1|R1|R3,13,R--R3,6037011260248397/5000000000000000,1,1,1,1
163,L0|L1|R1|R3,0,L--L0,2703986192682027/2500000000000000,1,1,1,1
163,L0|L1|R1|R3,1,L--L1,1849490373434169/2500000000000000,1,1,1,1
163,L0|L1|R1|R3,2,L--L2,1464310966904731/1000000000000000,0,0,1,1
163,L0|L1|R1|R3,3,L--L3,939396917435463/625000000000000,0,0,1,1
163,L0|L1|R1|R3,4,L--M0,1213555857675263/1000000000000000,0,0,1,1
163,L0|L1|R1|R3,5,L--M1,13994982322202127/10000000000000000,0,0,1,1
163,L0|L1|R1|R3,6,L--M2,1768377335439391/1000000000000000,0,0,1,1
163,L0|L1|R1|R3,7,M0--R,635985469756133/400000000000000,0,0,1,1
163,L0|L1|R1|R3,8,M1--R,7464837598588827/5000000000000000,0,0,1,1
163,L0|L1|R1|R3,9,M2--R,232422620484707/156250000000000,0,0,1,1
163,L0|L1|R1|R3,10,R--R0,2653577086178917/2500000000000000,0,0,1,1
163,L0|L1|R1|R3,11,R--R1,977114028526669/625000000000000,1,1,1,1
163,L0|L1|R1|R3,12,R--R2,1057321139987373/1250000000000000,0,0,1,1
163,L0|L1|R1|R3,13,R--R3,6037011260248397/5000000000000000,1,1,1,1
164,L2|R1|R3,0,L--L0,2703986192682027/2500000000000000,0,0,1,1
164,L2|R1|R3,1,L--L1,1849490373434169/2500000000000000,0,0,1,1
164,L2|R1|R3,2,L--L2,1464310966904731/1000000000000000,1,1,1,1
164,L2|R1|R3,3,L--L3,939396917435463/625000000000000,0,0,1,1
164,L2|R1|R3,4,L--M0,1213555857675263/1000000000000000,0,0,1,1
164,L2|R1|R3,5,L--M1,13994982322202127/10000000000000000,0,0,1,1
164,L2|R1|R3,6,L--M2,1768377335439391/1000000000000000,0,0,1,1
164,L2|R1|R3,7,M0--R,635985469756133/400000000000000,0,0,1,1
164,L2|R1|R3,8,M1--R,7464837598588827/5000000000000000,0,0,1,1
164,L2|R1|R3,9,M2--R,232422620484707/156250000000000,0,0,1,1
164,L2|R1|R3,10,R--R0,2653577086178917/2500000000000000,0,0,1,1
164,L2|R1|R3,11,R--R1,977114028526669/625000000000000,1,1,1,1
164,L2|R1|R3,12,R--R2,1057321139987373/1250000000000000,0,0,1,1
164,L2|R1|R3,13,R--R3,6037011260248397/5000000000000000,1,1,1,1
165,L0|L2|R1|R3,0,L--L0,2703986192682027/2500000000000000,0,0,1,1
165,L0|L2|R1|R3,1,L--L1,1849490373434169/2500000000000000,1,1,1,1
165,L0|L2|R1|R3,2,L--L2,1464310966904731/1000000000000000,0,0,1,1
165,L0|L2|R1|R3,3,L--L3,939396917435463/625000000000000,1,1,1,1
165,L0|L2|R1|R3,4,L--M0,1213555857675263/1000000000000000,0,0,1,1
165,L0|L2|R1|R3,5,L--M1,13994982322202127/10000000000000000,0,0,1,1
165,L0|L2|R1|R3,6,L--M2,1768377335439391/1000000000000000,0,0,1,1
165,L0|L2|R1|R3,7,M0--R,635985469756133/400000000000000,0,0,1,1
165,L0|L2|R1|R3,8,M1--R,7464837598588827/5000000000000000,0,0,1,1
165,L0|L2|R1|R3,9,M2--R,232422620484707/156250000000000,0,0,1,1
165,L0|L2|R1|R3,10,R--R0,2653577086178917/2500000000000000,1,1,1,1
165,L0|L2|R1|R3,11,R--R1,977114028526669/625000000000000,0,0,1,1
165,L0|L2|R1|R3,12,R--R2,1057321139987373/1250000000000000,1,1,1,1
165,L0|L2|R1|R3,13,R--R3,6037011260248397/5000000000000000,0,0,1,1
166,L1|L2|R1|R3,0,L--L0,2703986192682027/2500000000000000,1,1,1,1
166,L1|L2|R1|R3,1,L--L1,1849490373434169/2500000000000000,0,0,1,1
166,L1|L2|R1|R3,2,L--L2,1464310966904731/1000000000000000,0,0,1,1
166,L1|L2|R1|R3,3,L--L3,939396917435463/625000000000000,1,1,1,1
166,L1|L2|R1|R3,4,L--M0,1213555857675263/1000000000000000,0,0,1,1
166,L1|L2|R1|R3,5,L--M1,13994982322202127/10000000000000000,0,0,1,1
166,L1|L2|R1|R3,6,L--M2,1768377335439391/1000000000000000,0,0,1,1
166,L1|L2|R1|R3,7,M0--R,635985469756133/400000000000000,0,0,1,1
166,L1|L2|R1|R3,8,M1--R,7464837598588827/5000000000000000,0,0,1,1
166,L1|L2|R1|R3,9,M2--R,232422620484707/156250000000000,0,0,1,1
166,L1|L2|R1|R3,10,R--R0,2653577086178917/2500000000000000,1,1,1,1
166,L1|L2|R1|R3,11,R--R1,977114028526669/625000000000000,0,0,1,1
166,L1|L2|R1|R3,12,R--R2,1057321139987373/1250000000000000,1,1,1,1
166,L1|L2|R1|R3,13,R--R3,6037011260248397/5000000000000000,0,0,1,1
167,L0|L1|L2|R1|R3,0,L--L0,2703986192682027/2500000000000000,0,0,1,1
167,L0|L1|L2|R1|R3,1,L--L1,1849490373434169/2500000000000000,0,0,1,1
167,L0|L1|L2|R1|R3,2,L--L2,1464310966904731/1000000000000000,0,0,1,1
167,L0|L1|L2|R1|R3,3,L--L3,939396917435463/625000000000000,1,1,1,1
167,L0|L1|L2|R1|R3,4,L--M0,1213555857675263/1000000000000000,0,0,1,1
167,L0|L1|L2|R1|R3,5,L--M1,13994982322202127/10000000000000000,0,0,1,1
167,L0|L1|L2|R1|R3,6,L--M2,1768377335439391/1000000000000000,0,0,1,1
167,L0|L1|L2|R1|R3,7,M0--R,635985469756133/400000000000000,0,0,1,1
167,L0|L1|L2|R1|R3,8,M1--R,7464837598588827/5000000000000000,0,0,1,1
167,L0|L1|L2|R1|R3,9,M2--R,232422620484707/156250000000000,0,0,1,1
167,L0|L1|L2|R1|R3,10,R--R0,2653577086178917/2500000000000000,1,1,1,1
167,L0|L1|L2|R1|R3,11,R--R1,977114028526669/625000000000000,0,0,1,1
167,L0|L1|L2|R1|R3,12,R--R2,1057321139987373/1250000000000000,1,1,1,1
167,L0|L1|L2|R1|R3,13,R--R3,6037011260248397/5000000000000000,0,0,1,1
168,L3|R1|R3,0,L--L0,2703986192682027/2500000000000000,0,0,1,1
168,L3|R1|R3,1,L--L1,1849490373434169/2500000000000000,0,0,1,1
168,L3|R1|R3,2,L--L2,1464310966904731/1000000000000000,0,0,1,1
168,L3|R1|R3,3,L--L3,939396917435463/625000000000000,1,1,1,1
168,L3|R1|R3,4,L--M0,1213555857675263/1000000000000000,0,0,1,1
168,L3|R1|R3,5,L--M1,13994982322202127/10000000000000000,0,0,1,1
168,L3|R1|R3,6,L--M2,1768377335439391/1000000000000000,0,0,1,1
168,L3|R1|R3,7,M0--R,635985469756133/400000000000000,0,0,1,1
168,L3|R1|R3,8,M1--R,7464837598588827/5000000000000000,0,0,1,1
168,L3|R1|R3,9,M2--R,232422620484707/156250000000000,0,0,1,1
168,L3|R1|R3,10,R--R0,2653577086178917/2500000000000000,0,0,1,1
168,L3|R1|R3,11,R--R1,977114028526669/625000000000000,1,1,1,1
168,L3|R1|R3,12,R--R2,1057321139987373/1250000000000000,0,0,1,1
168,L3|R1|R3,13,R--R3,6037011260248397/5000000000000000,1,1,1,1
169,L0|L3|R1|R3,0,L--L0,2703986192682027/2500000000000000,0,0,1,1
169,L0|L3|R1|R3,1,L--L1,1849490373434169/2500000000000000,1,1,1,1
169,L0|L3|R1|R3,2,L--L2,1464310966904731/1000000000000000,1,1,1,1
169,L0|L3|R1|R3,3,L--L3,939396917435463/625000000000000,0,0,1,1
169,L0|L3|R1|R3,4,L--M0,1213555857675263/1000000000000000,0,0,1,1
169,L0|L3|R1|R3,5,L--M1,13994982322202127/10000000000000000,0,0,1,1
169,L0|L3|R1|R3,6,L--M2,1768377335439391/1000000000000000,0,0,1,1
169,L0|L3|R1|R3,7,M0--R,635985469756133/400000000000000,0,0,1,1
169,L0|L3|R1|R3,8,M1--R,7464837598588827/5000000000000000,0,0,1,1
169,L0|L3|R1|R3,9,M2--R,232422620484707/156250000000000,0,0,1,1
169,L0|L3|R1|R3,10,R--R0,2653577086178917/2500000000000000,1,1,1,1
169,L0|L3|R1|R3,11,R--R1,977114028526669/625000000000000,0,0,1,1
169,L0|L3|R1|R3,12,R--R2,1057321139987373/1250000000000000,1,1,1,1
169,L0|L3|R1|R3,13,R--R3,6037011260248397/5000000000000000,0,0,1,1
170,L1|L3|R1|R3,0,L--L0,2703986192682027/2500000000000000,1,1,1,1
170,L1|L3|R1|R3,1,L--L1,1849490373434169/2500000000000000,0,0,1,1
170,L1|L3|R1|R3,2,L--L2,1464310966904731/1000000000000000,1,1,1,1
170,L1|L3|R1|R3,3,L--L3,939396917435463/625000000000000,0,0,1,1
170,L1|L3|R1|R3,4,L--M0,1213555857675263/1000000000000000,0,0,1,1
170,L1|L3|R1|R3,5,L--M1,13994982322202127/10000000000000000,0,0,1,1
170,L1|L3|R1|R3,6,L--M2,1768377335439391/1000000000000000,0,0,1,1
170,L1|L3|R1|R3,7,M0--R,635985469756133/400000000000000,0,0,1,1
170,L1|L3|R1|R3,8,M1--R,7464837598588827/5000000000000000,0,0,1,1
170,L1|L3|R1|R3,9,M2--R,232422620484707/156250000000000,0,0,1,1
170,L1|L3|R1|R3,10,R--R0,2653577086178917/2500000000000000,1,1,1,1
170,L1|L3|R1|R3,11,R--R1,977114028526669/625000000000000,0,0,1,1
170,L1|L3|R1|R3,12,R--R2,1057321139987373/1250000000000000,1,1,1,1
170,L1|L3|R1|R3,13,R--R3,6037011260248397/5000000000000000,0,0,1,1
171,L0|L1|L3|R1|R3,0,L--L0,2703986192682027/2500000000000000,0,0,1,1
171,L0|L1|L3|R1|R3,1,L--L1,1849490373434169/2500000000000000,0,0,1,1
171,L0|L1|L3|R1|R3,2,L--L2,1464310966904731/1000000000000000,1,1,1,1
171,L0|L1|L3|R1|R3,3,L--L3,939396917435463/625000000000000,0,0,1,1
171,L0|L1|L3|R1|R3,4,L--M0,1213555857675263/1000000000000000,0,0,1,1
171,L0|L1|L3|R1|R3,5,L--M1,13994982322202127/10000000000000000,0,0,1,1
171,L0|L1|L3|R1|R3,6,L--M2,1768377335439391/1000000000000000,0,0,1,1
171,L0|L1|L3|R1|R3,7,M0--R,635985469756133/400000000000000,0,0,1,1
171,L0|L1|L3|R1|R3,8,M1--R,7464837598588827/5000000000000000,0,0,1,1
171,L0|L1|L3|R1|R3,9,M2--R,232422620484707/156250000000000,0,0,1,1
171,L0|L1|L3|R1|R3,10,R--R0,2653577086178917/2500000000000000,1,1,1,1
171,L0|L1|L3|R1|R3,11,R--R1,977114028526669/625000000000000,0,0,1,1
171,L0|L1|L3|R1|R3,12,R--R2,1057321139987373/1250000000000000,1,1,1,1
171,L0|L1|L3|R1|R3,13,R--R3,6037011260248397/5000000000000000,0,0,1,1
172,L2|L3|R1|R3,0,L--L0,2703986192682027/2500000000000000,1,1,1,1
172,L2|L3|R1|R3,1,L--L1,1849490373434169/2500000000000000,1,1,1,1
172,L2|L3|R1|R3,2,L--L2,1464310966904731/1000000000000000,0,0,1,1
172,L2|L3|R1|R3,3,L--L3,939396917435463/625000000000000,0,0,1,1
172,L2|L3|R1|R3,4,L--M0,1213555857675263/1000000000000000,0,0,1,1
172,L2|L3|R1|R3,5,L--M1,13994982322202127/10000000000000000,0,0,1,1
172,L2|L3|R1|R3,6,L--M2,1768377335439391/1000000000000000,0,0,1,1
172,L2|L3|R1|R3,7,M0--R,635985469756133/400000000000000,0,0,1,1
172,L2|L3|R1|R3,8,M1--R,7464837598588827/5000000000000000,0,0,1,1
172,L2|L3|R1|R3,9,M2--R,232422620484707/156250000000000,0,0,1,1
172,L2|L3|R1|R3,10,R--R0,2653577086178917/2500000000000000,1,1,1,1
172,L2|L3|R1|R3,11,R--R1,977114028526669/625000000000000,0,0,1,1
172,L2|L3|R1|R3,12,R--R2,1057321139987373/1250000000000000,1,1,1,1
172,L2|L3|R1|R3,13,R--R3,6037011260248397/5000000000000000,0,0,1,1
173,L0|L2|L3|R1|R3,0,L--L0,2703986192682027/2500000000000000,0,0,1,1
173,L0|L2|L3|R1|R3,1,L--L1,1849490373434169/2500000000000000,1,1,1,1
173,L0|L2|L3|R1|R3,2,L--L2,1464310966904731/1000000000000000,0,0,1,1
173,L0|L2|L3|R1|R3,3,L--L3,939396917435463/625000000000000,0,0,1,1
173,L0|L2|L3|R1|R3,4,L--M0,1213555857675263/1000000000000000,0,0,1,1
173,L0|L2|L3|R1|R3,5,L--M1,13994982322202127/10000000000000000,0,0,1,1
173,L0|L2|L3|R1|R3,6,L--M2,1768377335439391/1000000000000000,0,0,1,1
173,L0|L2|L3|R1|R3,7,M0--R,635985469756133/400000000000000,0,0,1,1
173,L0|L2|L3|R1|R3,8,M1--R,7464837598588827/5000000000000000,0,0,1,1
173,L0|L2|L3|R1|R3,9,M2--R,232422620484707/156250000000000,0,0,1,1
173,L0|L2|L3|R1|R3,10,R--R0,2653577086178917/2500000000000000,1,1,1,1
173,L0|L2|L3|R1|R3,11,R--R1,977114028526669/625000000000000,0,0,1,1
173,L0|L2|L3|R1|R3,12,R--R2,1057321139987373/1250000000000000,1,1,1,1
173,L0|L2|L3|R1|R3,13,R--R3,6037011260248397/5000000000000000,0,0,1,1
174,L1|L2|L3|R1|R3,0,L--L0,2703986192682027/2500000000000000,1,1,1,1
174,L1|L2|L3|R1|R3,1,L--L1,1849490373434169/2500000000000000,0,0,1,1
174,L1|L2|L3|R1|R3,2,L--L2,1464310966904731/1000000000000000,0,0,1,1
174,L1|L2|L3|R1|R3,3,L--L3,939396917435463/625000000000000,0,0,1,1
174,L1|L2|L3|R1|R3,4,L--M0,1213555857675263/1000000000000000,0,0,1,1
174,L1|L2|L3|R1|R3,5,L--M1,13994982322202127/10000000000000000,0,0,1,1
174,L1|L2|L3|R1|R3,6,L--M2,1768377335439391/1000000000000000,0,0,1,1
174,L1|L2|L3|R1|R3,7,M0--R,635985469756133/400000000000000,0,0,1,1
174,L1|L2|L3|R1|R3,8,M1--R,7464837598588827/5000000000000000,0,0,1,1
174,L1|L2|L3|R1|R3,9,M2--R,232422620484707/156250000000000,0,0,1,1
174,L1|L2|L3|R1|R3,10,R--R0,2653577086178917/2500000000000000,1,1,1,1
174,L1|L2|L3|R1|R3,11,R--R1,977114028526669/625000000000000,0,0,1,1
174,L1|L2|L3|R1|R3,12,R--R2,1057321139987373/1250000000000000,1,1,1,1
174,L1|L2|L3|R1|R3,13,R--R3,6037011260248397/5000000000000000,0,0,1,1
175,L0|L1|L2|L3|R1|R3,0,L--L0,2703986192682027/2500000000000000,0,0,1,1
175,L0|L1|L2|L3|R1|R3,1,L--L1,1849490373434169/2500000000000000,0,0,1,1
175,L0|L1|L2|L3|R1|R3,2,L--L2,1464310966904731/1000000000000000,0,0,1,1
175,L0|L1|L2|L3|R1|R3,3,L--L3,939396917435463/625000000000000,0,0,1,1
175,L0|L1|L2|L3|R1|R3,4,L--M0,1213555857675263/1000000000000000,0,0,1,1
175,L0|L1|L2|L3|R1|R3,5,L--M1,13994982322202127/10000000000000000,0,0,1,1
175,L0|L1|L2|L3|R1|R3,6,L--M2,1768377335439391/1000000000000000,0,0,1,1
175,L0|L1|L2|L3|R1|R3,7,M0--R,635985469756133/400000000000000,0,0,1,1
175,L0|L1|L2|L3|R1|R3,8,M1--R,7464837598588827/5000000000000000,0,0,1,1
175,L0|L1|L2|L3|R1|R3,9,M2--R,232422620484707/156250000000000,0,0,1,1
175,L0|L1|L2|L3|R1|R3,10,R--R0,2653577086178917/2500000000000000,1,1,1,1
175,L0|L1|L2|L3|R1|R3,11,R--R1,977114028526669/625000000000000,0,0,1,1
175,L0|L1|L2|L3|R1|R3,12,R--R2,1057321139987373/1250000000000000,1,1,1,1
175,L0|L1|L2|L3|R1|R3,13,R--R3,6037011260248397/5000000000000000,0,0,1,1
176,R0|R1|R3,0,L--L0,2703986192682027/2500000000000000,0,0,1,1
176,R0|R1|R3,1,L--L1,1849490373434169/2500000000000000,0,0,1,1
176,R0|R1|R3,2,L--L2,1464310966904731/1000000000000000,0,0,1,1
176,R0|R1|R3,3,L--L3,939396917435463/625000000000000,0,0,1,1
176,R0|R1|R3,4,L--M0,1213555857675263/1000000000000000,0,0,1,1
176,R0|R1|R3,5,L--M1,13994982322202127/10000000000000000,0,0,1,1
176,R0|R1|R3,6,L--M2,1768377335439391/1000000000000000,0,0,1,1
176,R0|R1|R3,7,M0--R,635985469756133/400000000000000,0,0,1,1
176,R0|R1|R3,8,M1--R,7464837598588827/5000000000000000,0,0,1,1
176,R0|R1|R3,9,M2--R,232422620484707/156250000000000,0,0,1,1
176,R0|R1|R3,10,R--R0,2653577086178917/2500000000000000,1,1,1,1
176,R0|R1|R3,11,R--R1,977114028526669/625000000000000,1,1,1,1
176,R0|R1|R3,12,R--R2,1057321139987373/1250000000000000,0,0,1,1
176,R0|R1|R3,13,R--R3,6037011260248397/5000000000000000,1,1,1,1
177,L0|R0|R1|R3,0,L--L0,2703986192682027/2500000000000000,0,0,1,1
177,L0|R0|R1|R3,1,L--L1,1849490373434169/2500000000000000,1,1,1,1
177,L0|R0|R1|R3,2,L--L2,1464310966904731/1000000000000000,1,1,1,1
177,L0|R0|R1|R3,3,L--L3,939396917435463/625000000000000,1,1,1,1
177,L0|R0|R1|R3,4,L--M0,1213555857675263/1000000000000000,0,0,1,1
177,L0|R0|R1|R3,5,L--M1,13994982322202127/10000000000000000,0,0,1,1
177,L0|R0|R1|R3,6,L--M2,1768377335439391/1000000000000000,0,0,1,1
177,L0|R0|R1|R3,7,M0--R,635985469756133/400000000000000,0,0,1,1
177,L0|R0|R1|R3,8,M1--R,7464837598588827/5000000000000000,0,0,1,1
177,L0|R0|R1|R3,9,M2--R,232422620484707/156250000000000,0,0,1,1
177,L0|R0|R1|R3,10,R--R0,2653577086178917/2500000000000000,0,0,1,1
177,L0|R0|R1|R3,11,R--R1,977114028526669/625000000000000,0,0,1,1
177,L0|R0|R1|R3,12,R--R2,1057321139987373/1250000000000000,1,1,1,1
177,L0|R0|R1|R3,13,R--R3,6037011260248397/5000000000000000,0,0,1,1
178,L1|R0|R1|R3,0,L--L0,2703986192682027/2500000000000000,0,0,1,1
178,L1|R0|R1|R3,1,L--L1,1849490373434169/2500000000000000,1,1,1,1
178,L1|R0|R1|R3,2,L--L2,1464310966904731/1000000000000000,0,0,1,1
178,L1|R0|R1|R3,3,L--L3,939396917435463/625000000000000,0,0,1,1
178,L1|R0|R1|R3,4,L--M0,1213555857675263/1000000000000000,0,0,1,1
178,L1|R0|R1|R3,5,L--M1,13994982322202127/10000000000000000,0,0,1,1
178,L1|R0|R1|R3,6,L--M2,1768377335439391/1000000000000000,0,0,1,1
178,L1|R0|R1|R3,7,M0--R,635985469756133/400000000000000,0,0,1,1
178,L1|R0|R1|R3,8,M1--R,7464837598588827/5000000000000000,0,0,1,1
178,L1|R0|R1|R3,9,M2--R,232422620484707/156250000000000,0,0,1,1
178,L1|R0|R1|R3,10,R--R0,2653577086178917/2500000000000000,1,1,1,1
178,L1|R0|R1|R3,11,R--R1,977114028526669/625000000000000,1,1,1,1
178,L1|R0|R1|R3,12,R--R2,1057321139987373/1250000000000000,0,0,1,1
178,L1|R0|R1|R3,13,R--R3,6037011260248397/5000000000000000,1,1,1,1
179,L0|L1|R0|R1|R3,0,L--L0,2703986192682027/2500000000000000,0,0,1,1
179,L0|L1|R0|R1|R3,1,L--L1,1849490373434169/2500000000000000,0,0,1,1
179,L0|L1|R0|R1|R3,2,L--L2,1464310966904731/1000000000000000,1,1,1,1
179,L0|L1|R0|R1|R3,3,L--L3,939396917435463/625000000000000,1,1,1,1
179,L0|L1|R0|R1|R3,4,L--M0,1213555857675263/1000000000000000,0,0,1,1
179,L0|L1|R0|R1|R3,5,L--M1,13994982322202127/10000000000000000,0,0,1,1
179,L0|L1|R0|R1|R3,6,L--M2,1768377335439391/1000000000000000,0,0,1,1
179,L0|L1|R0|R1|R3,7,M0--R,635985469756133/400000000000000,0,0,1,1
179,L0|L1|R0|R1|R3,8,M1--R,7464837598588827/5000000000000000,0,0,1,1
179,L0|L1|R0|R1|R3,9,M2--R,232422620484707/156250000000000,0,0,1,1
179,L0|L1|R0|R1|R3,10,R--R0,2653577086178917/2500000000000000,0,0,1,1
179,L0|L1|R0|R1|R3,11,R--R1,977114028526669/625000000000000,0,0,1,1
179,L0|L1|R0|R1|R3,12,R--R2,1057321139987373/1250000000000000,1,1,1,1
179,L0|L1|R0|R1|R3,13,R--R3,6037011260248397/5000000000000000,0,0,1,1
180,L2|R0|R1|R3,0,L--L0,2703986192682027/2500000000000000,1,1,1,1
180,L2|R0|R1|R3,1,L--L1,1849490373434169/2500000000000000,1,1,1,1
180,L2|R0|R1|R3,2,L--L2,1464310966904731/1000000000000000,0,0,1,1
180,L2|R0|R1|R3,3,L--L3,939396917435463/625000000000000,1,1,1,1
180,L2|R0|R1|R3,4,L--M0,1213555857675263/1000000000000000,0,0,1,1
180,L2|R0|R1|R3,5,L--M1,13994982322202127/10000000000000000,0,0,1,1
180,L2|R0|R1|R3,6,L--M2,1768377335439391/1000000000000000,0,0,1,1
180,L2|R0|R1|R3,7,M0--R,635985469756133/400000000000000,0,0,1,1
180,L2|R0|R1|R3,8,M1--R,7464837598588827/5000000000000000,0,0,1,1
180,L2|R0|R1|R3,9,M2--R,232422620484707/156250000000000,0,0,1,1
180,L2|R0|R1|R3,10,R--R0,2653577086178917/2500000000000000,0,0,1,1
180,L2|R0|R1|R3,11,R--R1,977114028526669/625000000000000,0,0,1,1
180,L2|R0|R1|R3,12,R--R2,1057321139987373/1250000000000000,1,1,1,1
180,L2|R0|R1|R3,13,R--R3,6037011260248397/5000000000000000,0,0,1,1
181,L0|L2|R0|R1|R3,0,L--L0,2703986192682027/2500000000000000,0,0,1,1
181,L0|L2|R0|R1|R3,1,L--L1,1849490373434169/2500000000000000,1,1,1,1
181,L0|L2|R0|R1|R3,2,L--L2,1464310966904731/1000000000000000,0,0,1,1
181,L0|L2|R0|R1|R3,3,L--L3,939396917435463/625000000000000,1,1,1,1
181,L0|L2|R0|R1|R3,4,L--M0,1213555857675263/1000000000000000,0,0,1,1
181,L0|L2|R0|R1|R3,5,L--M1,13994982322202127/10000000000000000,0,0,1,1
181,L0|L2|R0|R1|R3,6,L--M2,1768377335439391/1000000000000000,0,0,1,1
181,L0|L2|R0|R1|R3,7,M0--R,635985469756133/400000000000000,0,0,1,1
181,L0|L2|R0|R1|R3,8,M1--R,7464837598588827/5000000000000000,0,0,1,1
181,L0|L2|R0|R1|R3,9,M2--R,232422620484707/156250000000000,0,0,1,1
181,L0|L2|R0|R1|R3,10,R--R0,2653577086178917/2500000000000000,0,0,1,1
181,L0|L2|R0|R1|R3,11,R--R1,977114028526669/625000000000000,0,0,1,1
181,L0|L2|R0|R1|R3,12,R--R2,1057321139987373/1250000000000000,1,1,1,1
181,L0|L2|R0|R1|R3,13,R--R3,6037011260248397/5000000000000000,0,0,1,1
182,L1|L2|R0|R1|R3,0,L--L0,2703986192682027/2500000000000000,1,1,1,1
182,L1|L2|R0|R1|R3,1,L--L1,1849490373434169/2500000000000000,0,0,1,1
182,L1|L2|R0|R1|R3,2,L--L2,1464310966904731/1000000000000000,0,0,1,1
182,L1|L2|R0|R1|R3,3,L--L3,939396917435463/625000000000000,1,1,1,1
182,L1|L2|R0|R1|R3,4,L--M0,1213555857675263/1000000000000000,0,0,1,1
182,L1|L2|R0|R1|R3,5,L--M1,13994982322202127/10000000000000000,0,0,1,1
182,L1|L2|R0|R1|R3,6,L--M2,1768377335439391/1000000000000000,0,0,1,1
182,L1|L2|R0|R1|R3,7,M0--R,635985469756133/400000000000000,0,0,1,1
182,L1|L2|R0|R1|R3,8,M1--R,7464837598588827/5000000000000000,0,0,1,1
182,L1|L2|R0|R1|R3,9,M2--R,232422620484707/156250000000000,0,0,1,1
182,L1|L2|R0|R1|R3,10,R--R0,2653577086178917/2500000000000000,0,0,1,1
182,L1|L2|R0|R1|R3,11,R--R1,977114028526669/625000000000000,0,0,1,1
182,L1|L2|R0|R1|R3,12,R--R2,1057321139987373/1250000000000000,1,1,1,1
182,L1|L2|R0|R1|R3,13,R--R3,6037011260248397/5000000000000000,0,0,1,1
183,L0|L1|L2|R0|R1|R3,0,L--L0,2703986192682027/2500000000000000,0,0,1,1
183,L0|L1|L2|R0|R1|R3,1,L--L1,1849490373434169/2500000000000000,0,0,1,1
183,L0|L1|L2|R0|R1|R3,2,L--L2,1464310966904731/1000000000000000,0,0,1,1
183,L0|L1|L2|R0|R1|R3,3,L--L3,939396917435463/625000000000000,1,1,1,1
183,L0|L1|L2|R0|R1|R3,4,L--M0,1213555857675263/1000000000000000,0,0,1,1
183,L0|L1|L2|R0|R1|R3,5,L--M1,13994982322202127/10000000000000000,0,0,1,1
183,L0|L1|L2|R0|R1|R3,6,L--M2,1768377335439391/1000000000000000,0,0,1,1
183,L0|L1|L2|R0|R1|R3,7,M0--R,635985469756133/400000000000000,0,0,1,1
183,L0|L1|L2|R0|R1|R3,8,M1--R,7464837598588827/5000000000000000,0,0,1,1
183,L0|L1|L2|R0|R1|R3,9,M2--R,232422620484707/156250000000000,0,0,1,1
183,L0|L1|L2|R0|R1|R3,10,R--R0,2653577086178917/2500000000000000,0,0,1,1
183,L0|L1|L2|R0|R1|R3,11,R--R1,977114028526669/625000000000000,0,0,1,1
183,L0|L1|L2|R0|R1|R3,12,R--R2,1057321139987373/1250000000000000,1,1,1,1
183,L0|L1|L2|R0|R1|R3,13,R--R3,6037011260248397/5000000000000000,0,0,1,1
184,L3|R0|R1|R3,0,L--L0,2703986192682027/2500000000000000,1,1,1,1
184,L3|R0|R1|R3,1,L--L1,1849490373434169/2500000000000000,1,1,1,1
184,L3|R0|R1|R3,2,L--L2,1464310966904731/1000000000000000,1,1,1,1
184,L3|R0|R1|R3,3,L--L3,939396917435463/625000000000000,0,0,1,1
184,L3|R0|R1|R3,4,L--M0,1213555857675263/1000000000000000,0,0,1,1
184,L3|R0|R1|R3,5,L--M1,13994982322202127/10000000000000000,0,0,1,1
184,L3|R0|R1|R3,6,L--M2,1768377335439391/1000000000000000,0,0,1,1
184,L3|R0|R1|R3,7,M0--R,635985469756133/400000000000000,0,0,1,1
184,L3|R0|R1|R3,8,M1--R,7464837598588827/5000000000000000,0,0,1,1
184,L3|R0|R1|R3,9,M2--R,232422620484707/156250000000000,0,0,1,1
184,L3|R0|R1|R3,10,R--R0,2653577086178917/2500000000000000,0,0,1,1
184,L3|R0|R1|R3,11,R--R1,977114028526669/625000000000000,0,0,1,1
184,L3|R0|R1|R3,12,R--R2,1057321139987373/1250000000000000,1,1,1,1
184,L3|R0|R1|R3,13,R--R3,6037011260248397/5000000000000000,0,0,1,1
185,L0|L3|R0|R1|R3,0,L--L0,2703986192682027/2500000000000000,0,0,1,1
185,L0|L3|R0|R1|R3,1,L--L1,1849490373434169/2500000000000000,1,1,1,1
185,L0|L3|R0|R1|R3,2,L--L2,1464310966904731/1000000000000000,1,1,1,1
185,L0|L3|R0|R1|R3,3,L--L3,939396917435463/625000000000000,0,0,1,1
185,L0|L3|R0|R1|R3,4,L--M0,1213555857675263/1000000000000000,0,0,1,1
185,L0|L3|R0|R1|R3,5,L--M1,13994982322202127/10000000000000000,0,0,1,1
185,L0|L3|R0|R1|R3,6,L--M2,1768377335439391/1000000000000000,0,0,1,1
185,L0|L3|R0|R1|R3,7,M0--R,635985469756133/400000000000000,0,0,1,1
185,L0|L3|R0|R1|R3,8,M1--R,7464837598588827/5000000000000000,0,0,1,1
185,L0|L3|R0|R1|R3,9,M2--R,232422620484707/156250000000000,0,0,1,1
185,L0|L3|R0|R1|R3,10,R--R0,2653577086178917/2500000000000000,0,0,1,1
185,L0|L3|R0|R1|R3,11,R--R1,977114028526669/625000000000000,0,0,1,1
185,L0|L3|R0|R1|R3,12,R--R2,1057321139987373/1250000000000000,1,1,1,1
185,L0|L3|R0|R1|R3,13,R--R3,6037011260248397/5000000000000000,0,0,1,1
186,L1|L3|R0|R1|R3,0,L--L0,2703986192682027/2500000000000000,1,1,1,1
186,L1|L3|R0|R1|R3,1,L--L1,1849490373434169/2500000000000000,0,0,1,1
186,L1|L3|R0|R1|R3,2,L--L2,1464310966904731/1000000000000000,1,1,1,1
186,L1|L3|R0|R1|R3,3,L--L3,939396917435463/625000000000000,0,0,1,1
186,L1|L3|R0|R1|R3,4,L--M0,1213555857675263/1000000000000000,0,0,1,1
186,L1|L3|R0|R1|R3,5,L--M1,13994982322202127/10000000000000000,0,0,1,1
186,L1|L3|R0|R1|R3,6,L--M2,1768377335439391/1000000000000000,0,0,1,1
186,L1|L3|R0|R1|R3,7,M0--R,635985469756133/400000000000000,0,0,1,1
186,L1|L3|R0|R1|R3,8,M1--R,7464837598588827/5000000000000000,0,0,1,1
186,L1|L3|R0|R1|R3,9,M2--R,232422620484707/156250000000000,0,0,1,1
186,L1|L3|R0|R1|R3,10,R--R0,2653577086178917/2500000000000000,0,0,1,1
186,L1|L3|R0|R1|R3,11,R--R1,977114028526669/625000000000000,0,0,1,1
186,L1|L3|R0|R1|R3,12,R--R2,1057321139987373/1250000000000000,1,1,1,1
186,L1|L3|R0|R1|R3,13,R--R3,6037011260248397/5000000000000000,0,0,1,1
187,L0|L1|L3|R0|R1|R3,0,L--L0,2703986192682027/2500000000000000,0,0,1,1
187,L0|L1|L3|R0|R1|R3,1,L--L1,1849490373434169/2500000000000000,0,0,1,1
187,L0|L1|L3|R0|R1|R3,2,L--L2,1464310966904731/1000000000000000,1,1,1,1
187,L0|L1|L3|R0|R1|R3,3,L--L3,939396917435463/625000000000000,0,0,1,1
187,L0|L1|L3|R0|R1|R3,4,L--M0,1213555857675263/1000000000000000,0,0,1,1
187,L0|L1|L3|R0|R1|R3,5,L--M1,13994982322202127/10000000000000000,0,0,1,1
187,L0|L1|L3|R0|R1|R3,6,L--M2,1768377335439391/1000000000000000,0,0,1,1
187,L0|L1|L3|R0|R1|R3,7,M0--R,635985469756133/400000000000000,0,0,1,1
187,L0|L1|L3|R0|R1|R3,8,M1--R,7464837598588827/5000000000000000,0,0,1,1
187,L0|L1|L3|R0|R1|R3,9,M2--R,232422620484707/156250000000000,0,0,1,1
187,L0|L1|L3|R0|R1|R3,10,R--R0,2653577086178917/2500000000000000,0,0,1,1
187,L0|L1|L3|R0|R1|R3,11,R--R1,977114028526669/625000000000000,0,0,1,1
187,L0|L1|L3|R0|R1|R3,12,R--R2,1057321139987373/1250000000000000,1,1,1,1
187,L0|L1|L3|R0|R1|R3,13,R--R3,6037011260248397/5000000000000000,0,0,1,1
188,L2|L3|R0|R1|R3,0,L--L0,2703986192682027/2500000000000000,1,1,1,1
188,L2|L3|R0|R1|R3,1,L--L1,1849490373434169/2500000000000000,1,1,1,1
188,L2|L3|R0|R1|R3,2,L--L2,1464310966904731/1000000000000000,0,0,1,1
188,L2|L3|R0|R1|R3,3,L--L3,939396917435463/625000000000000,0,0,1,1
188,L2|L3|R0|R1|R3,4,L--M0,1213555857675263/1000000000000000,0,0,1,1
188,L2|L3|R0|R1|R3,5,L--M1,13994982322202127/10000000000000000,0,0,1,1
188,L2|L3|R0|R1|R3,6,L--M2,1768377335439391/1000000000000000,0,0,1,1
188,L2|L3|R0|R1|R3,7,M0--R,635985469756133/400000000000000,0,0,1,1
188,L2|L3|R0|R1|R3,8,M1--R,7464837598588827/5000000000000000,0,0,1,1
188,L2|L3|R0|R1|R3,9,M2--R,232422620484707/156250000000000,0,0,1,1
188,L2|L3|R0|R1|R3,10,R--R0,2653577086178917/2500000000000000,0,0,1,1
188,L2|L3|R0|R1|R3,11,R--R1,977114028526669/625000000000000,0,0,1,1
188,L2|L3|R0|R1|R3,12,R--R2,1057321139987373/1250000000000000,1,1,1,1
188,L2|L3|R0|R1|R3,13,R--R3,6037011260248397/5000000000000000,0,0,1,1
189,L0|L2|L3|R0|R1|R3,0,L--L0,2703986192682027/2500000000000000,0,0,1,1
189,L0|L2|L3|R0|R1|R3,1,L--L1,1849490373434169/2500000000000000,1,1,1,1
189,L0|L2|L3|R0|R1|R3,2,L--L2,1464310966904731/1000000000000000,0,0,1,1
189,L0|L2|L3|R0|R1|R3,3,L--L3,939396917435463/625000000000000,0,0,1,1
189,L0|L2|L3|R0|R1|R3,4,L--M0,1213555857675263/1000000000000000,0,0,1,1
189,L0|L2|L3|R0|R1|R3,5,L--M1,13994982322202127/10000000000000000,0,0,1,1
189,L0|L2|L3|R0|R1|R3,6,L--M2,1768377335439391/1000000000000000,0,0,1,1
189,L0|L2|L3|R0|R1|R3,7,M0--R,635985469756133/400000000000000,0,0,1,1
189,L0|L2|L3|R0|R1|R3,8,M1--R,7464837598588827/5000000000000000,0,0,1,1
189,L0|L2|L3|R0|R1|R3,9,M2--R,232422620484707/156250000000000,0,0,1,1
189,L0|L2|L3|R0|R1|R3,10,R--R0,2653577086178917/2500000000000000,0,0,1,1
189,L0|L2|L3|R0|R1|R3,11,R--R1,977114028526669/625000000000000,0,0,1,1
189,L0|L2|L3|R0|R1|R3,12,R--R2,1057321139987373/1250000000000000,1,1,1,1
189,L0|L2|L3|R0|R1|R3,13,R--R3,6037011260248397/5000000000000000,0,0,1,1
190,L1|L2|L3|R0|R1|R3,0,L--L0,2703986192682027/2500000000000000,1,1,1,1
190,L1|L2|L3|R0|R1|R3,1,L--L1,1849490373434169/2500000000000000,0,0,1,1
190,L1|L2|L3|R0|R1|R3,2,L--L2,1464310966904731/1000000000000000,0,0,1,1
190,L1|L2|L3|R0|R1|R3,3,L--L3,939396917435463/625000000000000,0,0,1,1
190,L1|L2|L3|R0|R1|R3,4,L--M0,1213555857675263/1000000000000000,0,0,1,1
190,L1|L2|L3|R0|R1|R3,5,L--M1,13994982322202127/10000000000000000,0,0,1,1
190,L1|L2|L3|R0|R1|R3,6,L--M2,1768377335439391/1000000000000000,0,0,1,1
190,L1|L2|L3|R0|R1|R3,7,M0--R,635985469756133/400000000000000,0,0,1,1
190,L1|L2|L3|R0|R1|R3,8,M1--R,7464837598588827/5000000000000000,0,0,1,1
190,L1|L2|L3|R0|R1|R3,9,M2--R,232422620484707/156250000000000,0,0,1,1
190,L1|L2|L3|R0|R1|R3,10,R--R0,2653577086178917/2500000000000000,0,0,1,1
190,L1|L2|L3|R0|R1|R3,11,R--R1,977114028526669/625000000000000,0,0,1,1
190,L1|L2|L3|R0|R1|R3,12,R--R2,1057321139987373/1250000000000000,1,1,1,1
190,L1|L2|L3|R0|R1|R3,13,R--R3,6037011260248397/5000000000000000,0,0,1,1
191,L0|L1|L2|L3|R0|R1|R3,0,L--L0,2703986192682027/2500000000000000,0,0,1,1
191,L0|L1|L2|L3|R0|R1|R3,1,L--L1,1849490373434169/2500000000000000,0,0,1,1
191,L0|L1|L2|L3|R0|R1|R3,2,L--L2,1464310966904731/1000000000000000,0,0,1,1
191,L0|L1|L2|L3|R0|R1|R3,3,L--L3,939396917435463/625000000000000,0,0,1,1
191,L0|L1|L2|L3|R0|R1|R3,4,L--M0,1213555857675263/1000000000000000,0,0,1,1
191,L0|L1|L2|L3|R0|R1|R3,5,L--M1,13994982322202127/10000000000000000,0,0,1,1
191,L0|L1|L2|L3|R0|R1|R3,6,L--M2,1768377335439391/1000000000000000,0,0,1,1
191,L0|L1|L2|L3|R0|R1|R3,7,M0--R,635985469756133/400000000000000,0,0,1,1
191,L0|L1|L2|L3|R0|R1|R3,8,M1--R,7464837598588827/5000000000000000,0,0,1,1
191,L0|L1|L2|L3|R0|R1|R3,9,M2--R,232422620484707/156250000000000,0,0,1,1
191,L0|L1|L2|L3|R0|R1|R3,10,R--R0,2653577086178917/2500000000000000,0,0,1,1
191,L0|L1|L2|L3|R0|R1|R3,11,R--R1,977114028526669/625000000000000,0,0,1,1
191,L0|L1|L2|L3|R0|R1|R3,12,R--R2,1057321139987373/1250000000000000,1,1,1,1
191,L0|L1|L2|L3|R0|R1|R3,13,R--R3,6037011260248397/5000000000000000,0,0,1,1
192,R2|R3,0,L--L0,2703986192682027/2500000000000000,0,0,1,1
192,R2|R3,1,L--L1,1849490373434169/2500000000000000,0,0,1,1
192,R2|R3,2,L--L2,1464310966904731/1000000000000000,0,0,1,1
192,R2|R3,3,L--L3,939396917435463/625000000000000,0,0,1,1
192,R2|R3,4,L--M0,1213555857675263/1000000000000000,0,0,1,1
192,R2|R3,5,L--M1,13994982322202127/10000000000000000,0,0,1,1
192,R2|R3,6,L--M2,1768377335439391/1000000000000000,0,0,1,1
192,R2|R3,7,M0--R,635985469756133/400000000000000,0,0,1,1
192,R2|R3,8,M1--R,7464837598588827/5000000000000000,0,0,1,1
192,R2|R3,9,M2--R,232422620484707/156250000000000,0,0,1,1
192,R2|R3,10,R--R0,2653577086178917/2500000000000000,0,0,1,1
192,R2|R3,11,R--R1,977114028526669/625000000000000,0,0,1,1
192,R2|R3,12,R--R2,1057321139987373/1250000000000000,1,1,1,1
192,R2|R3,13,R--R3,6037011260248397/5000000000000000,1,1,1,1
193,L0|R2|R3,0,L--L0,2703986192682027/2500000000000000,1,1,1,1
193,L0|R2|R3,1,L--L1,1849490373434169/2500000000000000,0,0,1,1
193,L0|R2|R3,2,L--L2,1464310966904731/1000000000000000,0,0,1,1
193,L0|R2|R3,3,L--L3,939396917435463/625000000000000,0,0,1,1
193,L0|R2|R3,4,L--M0,1213555857675263/1000000000000000,0,0,1,1
193,L0|R2|R3,5,L--M1,13994982322202127/10000000000000000,0,0,1,1
193,L0|R2|R3,6,L--M2,1768377335439391/1000000000000000,0,0,1,1
193,L0|R2|R3,7,M0--R,635985469756133/400000000000000,0,0,1,1
193,L0|R2|R3,8,M1--R,7464837598588827/5000000000000000,0,0,1,1
193,L0|R2|R3,9,M2--R,232422620484707/156250000000000,0,0,1,1
193,L0|R2|R3,10,R--R0,2653577086178917/2500000000000000,0,0,1,1
193,L0|R2|R3,11,R--R1,977114028526669/625000000000000,0,0,1,1
193,L0|R2|R3,12,R--R2,1057321139987373/1250000000000000,1,1,1,1
193,L0|R2|R3,13,R--R3,6037011260248397/5000000000000000,1,1,1,1
194,L1|R2|R3,0,L--L0,2703986192682027/2500000000000000,0,0,1,1
194,L1|R2|R3,1,L--L1,1849490373434169/2500000000000000,1,1,1,1
194,L1|R2|R3,2,L--L2,1464310966904731/1000000000000000,0,0,1,1
194,L1|R2|R3,3,L--L3,939396917435463/625000000000000,0,0,1,1
194,L1|R2|R3,4,L--M0,1213555857675263/1000000000000000,0,0,1,1
194,L1|R2|R3,5,L--M1,13994982322202127/10000000000000000,0,0,1,1
194,L1|R2|R3,6,L--M2,1768377335439391/1000000000000000,0,0,1,1
194,L1|R2|R3,7,M0--R,635985469756133/400000000000000,0,0,1,1
194,L1|R2|R3,8,M1--R,7464837598588827/5000000000000000,0,0,1,1
194,L1|R2|R3,9,M2--R,232422620484707/156250000000000,0,0,1,1
194,L1|R2|R3,10,R--R0,2653577086178917/2500000000000000,0,0,1,1
194,L1|R2|R3,11,R--R1,977114028526669/625000000000000,0,0,1,1
194,L1|R2|R3,12,R--R2,1057321139987373/1250000000000000,1,1,1,1
194,L1|R2|R3,13,R--R3,6037011260248397/5000000000000000,1,1,1,1
195,L0|L1|R2|R3,0,L--L0,2703986192682027/2500000000000000,1,1,1,1
195,L0|L1|R2|R3,1,L--L1,1849490373434169/2500000000000000,1,1,1,1
195,L0|L1|R2|R3,2,L--L2,1464310966904731/1000000000000000,0,0,1,1
195,L0|L1|R2|R3,3,L--L3,939396917435463/625000000000000,0,0,1,1
195,L0|L1|R2|R3,4,L--M0,1213555857675263/1000000000000000,0,0,1,1
195,L0|L1|R2|R3,5,L--M1,13994982322202127/10000000000000000,0,0,1,1
195,L0|L1|R2|R3,6,L--M2,1768377335439391/1000000000000000,0,0,1,1
195,L0|L1|R2|R3,7,M0--R,635985469756133/400000000000000,0,0,1,1
195,L0|L1|R2|R3,8,M1--R,7464837598588827/5000000000000000,0,0,1,1
195,L0|L1|R2|R3,9,M2--R,232422620484707/156250000000000,0,0,1,1
195,L0|L1|R2|R3,10,R--R0,2653577086178917/2500000000000000,0,0,1,1
195,L0|L1|R2|R3,11,R--R1,977114028526669/625000000000000,0,0,1,1
195,L0|L1|R2|R3,12,R--R2,1057321139987373/1250000000000000,1,1,1,1
195,L0|L1|R2|R3,13,R--R3,6037011260248397/5000000000000000,1,1,1,1
196,L2|R2|R3,0,L--L0,2703986192682027/2500000000000000,0,0,1,1
196,L2|R2|R3,1,L--L1,1849490373434169/2500000000000000,0,0,1,1
196,L2|R2|R3,2,L--L2,1464310966904731/1000000000000000,1,1,1,1
196,L2|R2|R3,3,L--L3,939396917435463/625000000000000,0,0,1,1
196,L2|R2|R3,4,L--M0,1213555857675263/1000000000000000,0,0,1,1
196,L2|R2|R3,5,L--M1,13994982322202127/10000000000000000,0,0,1,1
196,L2|R2|R3,6,L--M2,1768377335439391/1000000000000000,0,0,1,1
196,L2|R2|R3,7,M0--R,635985469756133/400000000000000,0,0,1,1
196,L2|R2|R3,8,M1--R,7464837598588827/5000000000000000,0,0,1,1
196,L2|R2|R3,9,M2--R,232422620484707/156250000000000,0,0,1,1
196,L2|R2|R3,10,R--R0,2653577086178917/2500000000000000,0,0,1,1
196,L2|R2|R3,11,R--R1,977114028526669/625000000000000,0,0,1,1
196,L2|R2|R3,12,R--R2,1057321139987373/1250000000000000,1,1,1,1
196,L2|R2|R3,13,R--R3,6037011260248397/5000000000000000,1,1,1,1
197,L0|L2|R2|R3,0,L--L0,2703986192682027/2500000000000000,1,1,1,1
197,L0|L2|R2|R3,1,L--L1,1849490373434169/2500000000000000,0,0,1,1
197,L0|L2|R2|R3,2,L--L2,1464310966904731/1000000000000000,1,1,1,1
197,L0|L2|R2|R3,3,L--L3,939396917435463/625000000000000,0,0,1,1
197,L0|L2|R2|R3,4,L--M0,1213555857675263/1000000000000000,0,0,1,1
197,L0|L2|R2|R3,5,L--M1,13994982322202127/10000000000000000,0,0,1,1
197,L0|L2|R2|R3,6,L--M2,1768377335439391/1000000000000000,0,0,1,1
197,L0|L2|R2|R3,7,M0--R,635985469756133/400000000000000,0,0,1,1
197,L0|L2|R2|R3,8,M1--R,7464837598588827/5000000000000000,0,0,1,1
197,L0|L2|R2|R3,9,M2--R,232422620484707/156250000000000,0,0,1,1
197,L0|L2|R2|R3,10,R--R0,2653577086178917/2500000000000000,0,0,1,1
197,L0|L2|R2|R3,11,R--R1,977114028526669/625000000000000,0,0,1,1
197,L0|L2|R2|R3,12,R--R2,1057321139987373/1250000000000000,1,1,1,1
197,L0|L2|R2|R3,13,R--R3,6037011260248397/5000000000000000,1,1,1,1
198,L1|L2|R2|R3,0,L--L0,2703986192682027/2500000000000000,0,0,1,1
198,L1|L2|R2|R3,1,L--L1,1849490373434169/2500000000000000,1,1,1,1
198,L1|L2|R2|R3,2,L--L2,1464310966904731/1000000000000000,1,1,1,1
198,L1|L2|R2|R3,3,L--L3,939396917435463/625000000000000,0,0,1,1
198,L1|L2|R2|R3,4,L--M0,1213555857675263/1000000000000000,0,0,1,1
198,L1|L2|R2|R3,5,L--M1,13994982322202127/10000000000000000,0,0,1,1
198,L1|L2|R2|R3,6,L--M2,1768377335439391/1000000000000000,0,0,1,1
198,L1|L2|R2|R3,7,M0--R,635985469756133/400000000000000,0,0,1,1
198,L1|L2|R2|R3,8,M1--R,7464837598588827/5000000000000000,0,0,1,1
198,L1|L2|R2|R3,9,M2--R,232422620484707/156250000000000,0,0,1,1
198,L1|L2|R2|R3,10,R--R0,2653577086178917/2500000000000000,0,0,1,1
198,L1|L2|R2|R3,11,R--R1,977114028526669/625000000000000,0,0,1,1
198,L1|L2|R2|R3,12,R--R2,1057321139987373/1250000000000000,1,1,1,1
198,L1|L2|R2|R3,13,R--R3,6037011260248397/5000000000000000,1,1,1,1
199,L0|L1|L2|R2|R3,0,L--L0,2703986192682027/2500000000000000,0,0,1,1
199,L0|L1|L2|R2|R3,1,L--L1,1849490373434169/2500000000000000,0,0,1,1
199,L0|L1|L2|R2|R3,2,L--L2,1464310966904731/1000000000000000,0,0,1,1
199,L0|L1|L2|R2|R3,3,L--L3,939396917435463/625000000000000,1,1,1,1
199,L0|L1|L2|R2|R3,4,L--M0,1213555857675263/1000000000000000,0,0,1,1
199,L0|L1|L2|R2|R3,5,L--M1,13994982322202127/10000000000000000,0,0,1,1
199,L0|L1|L2|R2|R3,6,L--M2,1768377335439391/1000000000000000,0,0,1,1
199,L0|L1|L2|R2|R3,7,M0--R,635985469756133/400000000000000,0,0,1,1
199,L0|L1|L2|R2|R3,8,M1--R,7464837598588827/5000000000000000,0,0,1,1
199,L0|L1|L2|R2|R3,9,M2--R,232422620484707/156250000000000,0,0,1,1
199,L0|L1|L2|R2|R3,10,R--R0,2653577086178917/2500000000000000,1,1,1,1
199,L0|L1|L2|R2|R3,11,R--R1,977114028526669/625000000000000,1,1,1,1
199,L0|L1|L2|R2|R3,12,R--R2,1057321139987373/1250000000000000,0,0,1,1
199,L0|L1|L2|R2|R3,13,R--R3,6037011260248397/5000000000000000,0,0,1,1
200,L3|R2|R3,0,L--L0,2703986192682027/2500000000000000,0,0,1,1
200,L3|R2|R3,1,L--L1,1849490373434169/2500000000000000,0,0,1,1
200,L3|R2|R3,2,L--L2,1464310966904731/1000000000000000,0,0,1,1
200,L3|R2|R3,3,L--L3,939396917435463/625000000000000,1,1,1,1
200,L3|R2|R3,4,L--M0,1213555857675263/1000000000000000,0,0,1,1
200,L3|R2|R3,5,L--M1,13994982322202127/10000000000000000,0,0,1,1
200,L3|R2|R3,6,L--M2,1768377335439391/1000000000000000,0,0,1,1
200,L3|R2|R3,7,M0--R,635985469756133/400000000000000,0,0,1,1
200,L3|R2|R3,8,M1--R,7464837598588827/5000000000000000,0,0,1,1
200,L3|R2|R3,9,M2--R,232422620484707/156250000000000,0,0,1,1
200,L3|R2|R3,10,R--R0,2653577086178917/2500000000000000,0,0,1,1
200,L3|R2|R3,11,R--R1,977114028526669/625000000000000,0,0,1,1
200,L3|R2|R3,12,R--R2,1057321139987373/1250000000000000,1,1,1,1
200,L3|R2|R3,13,R--R3,6037011260248397/5000000000000000,1,1,1,1
201,L0|L3|R2|R3,0,L--L0,2703986192682027/2500000000000000,1,1,1,1
201,L0|L3|R2|R3,1,L--L1,1849490373434169/2500000000000000,0,0,1,1
201,L0|L3|R2|R3,2,L--L2,1464310966904731/1000000000000000,0,0,1,1
201,L0|L3|R2|R3,3,L--L3,939396917435463/625000000000000,1,1,1,1
201,L0|L3|R2|R3,4,L--M0,1213555857675263/1000000000000000,0,0,1,1
201,L0|L3|R2|R3,5,L--M1,13994982322202127/10000000000000000,0,0,1,1
201,L0|L3|R2|R3,6,L--M2,1768377335439391/1000000000000000,0,0,1,1
201,L0|L3|R2|R3,7,M0--R,635985469756133/400000000000000,0,0,1,1
201,L0|L3|R2|R3,8,M1--R,7464837598588827/5000000000000000,0,0,1,1
201,L0|L3|R2|R3,9,M2--R,232422620484707/156250000000000,0,0,1,1
201,L0|L3|R2|R3,10,R--R0,2653577086178917/2500000000000000,0,0,1,1
201,L0|L3|R2|R3,11,R--R1,977114028526669/625000000000000,0,0,1,1
201,L0|L3|R2|R3,12,R--R2,1057321139987373/1250000000000000,1,1,1,1
201,L0|L3|R2|R3,13,R--R3,6037011260248397/5000000000000000,1,1,1,1
202,L1|L3|R2|R3,0,L--L0,2703986192682027/2500000000000000,0,0,1,1
202,L1|L3|R2|R3,1,L--L1,1849490373434169/2500000000000000,1,1,1,1
202,L1|L3|R2|R3,2,L--L2,1464310966904731/1000000000000000,0,0,1,1
202,L1|L3|R2|R3,3,L--L3,939396917435463/625000000000000,1,1,1,1
202,L1|L3|R2|R3,4,L--M0,1213555857675263/1000000000000000,0,0,1,1
202,L1|L3|R2|R3,5,L--M1,13994982322202127/10000000000000000,0,0,1,1
202,L1|L3|R2|R3,6,L--M2,1768377335439391/1000000000000000,0,0,1,1
202,L1|L3|R2|R3,7,M0--R,635985469756133/400000000000000,0,0,1,1
202,L1|L3|R2|R3,8,M1--R,7464837598588827/5000000000000000,0,0,1,1
202,L1|L3|R2|R3,9,M2--R,232422620484707/156250000000000,0,0,1,1
202,L1|L3|R2|R3,10,R--R0,2653577086178917/2500000000000000,0,0,1,1
202,L1|L3|R2|R3,11,R--R1,977114028526669/625000000000000,0,0,1,1
202,L1|L3|R2|R3,12,R--R2,1057321139987373/1250000000000000,1,1,1,1
202,L1|L3|R2|R3,13,R--R3,6037011260248397/5000000000000000,1,1,1,1
203,L0|L1|L3|R2|R3,0,L--L0,2703986192682027/2500000000000000,0,0,1,1
203,L0|L1|L3|R2|R3,1,L--L1,1849490373434169/2500000000000000,0,0,1,1
203,L0|L1|L3|R2|R3,2,L--L2,1464310966904731/1000000000000000,1,1,1,1
203,L0|L1|L3|R2|R3,3,L--L3,939396917435463/625000000000000,0,0,1,1
203,L0|L1|L3|R2|R3,4,L--M0,1213555857675263/1000000000000000,0,0,1,1
203,L0|L1|L3|R2|R3,5,L--M1,13994982322202127/10000000000000000,0,0,1,1
203,L0|L1|L3|R2|R3,6,L--M2,1768377335439391/1000000000000000,0,0,1,1
203,L0|L1|L3|R2|R3,7,M0--R,635985469756133/400000000000000,0,0,1,1
203,L0|L1|L3|R2|R3,8,M1--R,7464837598588827/5000000000000000,0,0,1,1
203,L0|L1|L3|R2|R3,9,M2--R,232422620484707/156250000000000,0,0,1,1
203,L0|L1|L3|R2|R3,10,R--R0,2653577086178917/2500000000000000,1,1,1,1
203,L0|L1|L3|R2|R3,11,R--R1,977114028526669/625000000000000,1,1,1,1
203,L0|L1|L3|R2|R3,12,R--R2,1057321139987373/1250000000000000,0,0,1,1
203,L0|L1|L3|R2|R3,13,R--R3,6037011260248397/5000000000000000,0,0,1,1
204,L2|L3|R2|R3,0,L--L0,2703986192682027/2500000000000000,1,1,1,1
204,L2|L3|R2|R3,1,L--L1,1849490373434169/2500000000000000,1,1,1,1
204,L2|L3|R2|R3,2,L--L2,1464310966904731/1000000000000000,0,0,1,1
204,L2|L3|R2|R3,3,L--L3,939396917435463/625000000000000,0,0,1,1
204,L2|L3|R2|R3,4,L--M0,1213555857675263/1000000000000000,0,0,1,1
204,L2|L3|R2|R3,5,L--M1,13994982322202127/10000000000000000,0,0,1,1
204,L2|L3|R2|R3,6,L--M2,1768377335439391/1000000000000000,0,0,1,1
204,L2|L3|R2|R3,7,M0--R,635985469756133/400000000000000,0,0,1,1
204,L2|L3|R2|R3,8,M1--R,7464837598588827/5000000000000000,0,0,1,1
204,L2|L3|R2|R3,9,M2--R,232422620484707/156250000000000,0,0,1,1
204,L2|L3|R2|R3,10,R--R0,2653577086178917/2500000000000000,1,1,1,1
204,L2|L3|R2|R3,11,R--R1,977114028526669/625000000000000,1,1,1,1
204,L2|L3|R2|R3,12,R--R2,1057321139987373/1250000000000000,0,0,1,1
204,L2|L3|R2|R3,13,R--R3,6037011260248397/5000000000000000,0,0,1,1
205,L0|L2|L3|R2|R3,0,L--L0,2703986192682027/2500000000000000,0,0,1,1
205,L0|L2|L3|R2|R3,1,L--L1,1849490373434169/2500000000000000,1,1,1,1
205,L0|L2|L3|R2|R3,2,L--L2,1464310966904731/1000000000000000,0,0,1,1
205,L0|L2|L3|R2|R3,3,L--L3,939396917435463/625000000000000,0,0,1,1
205,L0|L2|L3|R2|R3,4,L--M0,1213555857675263/1000000000000000,0,0,1,1
205,L0|L2|L3|R2|R3,5,L--M1,13994982322202127/10000000000000000,0,0,1,1
205,L0|L2|L3|R2|R3,6,L--M2,1768377335439391/1000000000000000,0,0,1,1
205,L0|L2|L3|R2|R3,7,M0--R,635985469756133/400000000000000,0,0,1,1
205,L0|L2|L3|R2|R3,8,M1--R,7464837598588827/5000000000000000,0,0,1,1
205,L0|L2|L3|R2|R3,9,M2--R,232422620484707/156250000000000,0,0,1,1
205,L0|L2|L3|R2|R3,10,R--R0,2653577086178917/2500000000000000,1,1,1,1
205,L0|L2|L3|R2|R3,11,R--R1,977114028526669/625000000000000,1,1,1,1
205,L0|L2|L3|R2|R3,12,R--R2,1057321139987373/1250000000000000,0,0,1,1
205,L0|L2|L3|R2|R3,13,R--R3,6037011260248397/5000000000000000,0,0,1,1
206,L1|L2|L3|R2|R3,0,L--L0,2703986192682027/2500000000000000,1,1,1,1
206,L1|L2|L3|R2|R3,1,L--L1,1849490373434169/2500000000000000,0,0,1,1
206,L1|L2|L3|R2|R3,2,L--L2,1464310966904731/1000000000000000,0,0,1,1
206,L1|L2|L3|R2|R3,3,L--L3,939396917435463/625000000000000,0,0,1,1
206,L1|L2|L3|R2|R3,4,L--M0,1213555857675263/1000000000000000,0,0,1,1
206,L1|L2|L3|R2|R3,5,L--M1,13994982322202127/10000000000000000,0,0,1,1
206,L1|L2|L3|R2|R3,6,L--M2,1768377335439391/1000000000000000,0,0,1,1
206,L1|L2|L3|R2|R3,7,M0--R,635985469756133/400000000000000,0,0,1,1
206,L1|L2|L3|R2|R3,8,M1--R,7464837598588827/5000000000000000,0,0,1,1
206,L1|L2|L3|R2|R3,9,M2--R,232422620484707/156250000000000,0,0,1,1
206,L1|L2|L3|R2|R3,10,R--R0,2653577086178917/2500000000000000,1,1,1,1
206,L1|L2|L3|R2|R3,11,R--R1,977114028526669/625000000000000,1,1,1,1
206,L1|L2|L3|R2|R3,12,R--R2,1057321139987373/1250000000000000,0,0,1,1
206,L1|L2|L3|R2|R3,13,R--R3,6037011260248397/5000000000000000,0,0,1,1
207,L0|L1|L2|L3|R2|R3,0,L--L0,2703986192682027/2500000000000000,0,0,1,1
207,L0|L1|L2|L3|R2|R3,1,L--L1,1849490373434169/2500000000000000,0,0,1,1
207,L0|L1|L2|L3|R2|R3,2,L--L2,1464310966904731/1000000000000000,0,0,1,1
207,L0|L1|L2|L3|R2|R3,3,L--L3,939396917435463/625000000000000,0,0,1,1
207,L0|L1|L2|L3|R2|R3,4,L--M0,1213555857675263/1000000000000000,0,0,1,1
207,L0|L1|L2|L3|R2|R3,5,L--M1,13994982322202127/10000000000000000,0,0,1,1
207,L0|L1|L2|L3|R2|R3,6,L--M2,1768377335439391/1000000000000000,0,0,1,1
207,L0|L1|L2|L3|R2|R3,7,M0--R,635985469756133/400000000000000,0,0,1,1
207,L0|L1|L2|L3|R2|R3,8,M1--R,7464837598588827/5000000000000000,0,0,1,1
207,L0|L1|L2|L3|R2|R3,9,M2--R,232422620484707/156250000000000,0,0,1,1
207,L0|L1|L2|L3|R2|R3,10,R--R0,2653577086178917/2500000000000000,1,1,1,1
207,L0|L1|L2|L3|R2|R3,11,R--R1,977114028526669/625000000000000,1,1,1,1
207,L0|L1|L2|L3|R2|R3,12,R--R2,1057321139987373/1250000000000000,0,0,1,1
207,L0|L1|L2|L3|R2|R3,13,R--R3,6037011260248397/5000000000000000,0,0,1,1
208,R0|R2|R3,0,L--L0,2703986192682027/2500000000000000,0,0,1,1
208,R0|R2|R3,1,L--L1,1849490373434169/2500000000000000,0,0,1,1
208,R0|R2|R3,2,L--L2,1464310966904731/1000000000000000,0,0,1,1
208,R0|R2|R3,3,L--L3,939396917435463/625000000000000,0,0,1,1
208,R0|R2|R3,4,L--M0,1213555857675263/1000000000000000,0,0,1,1
208,R0|R2|R3,5,L--M1,13994982322202127/10000000000000000,0,0,1,1
208,R0|R2|R3,6,L--M2,1768377335439391/1000000000000000,0,0,1,1
208,R0|R2|R3,7,M0--R,635985469756133/400000000000000,0,0,1,1
208,R0|R2|R3,8,M1--R,7464837598588827/5000000000000000,0,0,1,1
208,R0|R2|R3,9,M2--R,232422620484707/156250000000000,0,0,1,1
208,R0|R2|R3,10,R--R0,2653577086178917/2500000000000000,1,1,1,1
208,R0|R2|R3,11,R--R1,977114028526669/625000000000000,0,0,1,1
208,R0|R2|R3,12,R--R2,1057321139987373/1250000000000000,1,1,1,1
208,R0|R2|R3,13,R--R3,6037011260248397/5000000000000000,1,1,1,1
209,L0|R0|R2|R3,0,L--L0,2703986192682027/2500000000000000,1,1,1,1
209,L0|R0|R2|R3,1,L--L1,1849490373434169/2500000000000000,0,0,1,1
209,L0|R0|R2|R3,2,L--L2,1464310966904731/1000000000000000,0,0,1,1
209,L0|R0|R2|R3,3,L--L3,939396917435463/625000000000000,0,0,1,1
209,L0|R0|R2|R3,4,L--M0,1213555857675263/1000000000000000,0,0,1,1
209,L0|R0|R2|R3,5,L--M1,13994982322202127/10000000000000000,0,0,1,1
209,L0|R0|R2|R3,6,L--M2,1768377335439391/1000000000000000,0,0,1,1
209,L0|R0|R2|R3,7,M0--R,635985469756133/400000000000000,0,0,1,1
209,L0|R0|R2|R3,8,M1--R,7464837598588827/5000000000000000,0,0,1,1
209,L0|R0|R2|R3,9,M2--R,232422620484707/156250000000000,0,0,1,1
209,L0|R0|R2|R3,10,R--R0,2653577086178917/2500000000000000,1,1,1,1
209,L0|R0|R2|R3,11,R--R1,977114028526669/625000000000000,0,0,1,1
209,L0|R0|R2|R3,12,R--R2,1057321139987373/1250000000000000,1,1,1,1
209,L0|R0|R2|R3,13,R--R3,6037011260248397/5000000000000000,1,1,1,1
210,L1|R0|R2|R3,0,L--L0,2703986192682027/2500000000000000,0,0,1,1
210,L1|R0|R2|R3,1,L--L1,1849490373434169/2500000000000000,1,1,1,1
210,L1|R0|R2|R3,2,L--L2,1464310966904731/1000000000000000,0,0,1,1
210,L1|R0|R2|R3,3,L--L3,939396917435463/625000000000000,0,0,1,1
210,L1|R0|R2|R3,4,L--M0,1213555857675263/1000000000000000,0,0,1,1
210,L1|R0|R2|R3,5,L--M1,13994982322202127/10000000000000000,0,0,1,1
210,L1|R0|R2|R3,6,L--M2,1768377335439391/1000000000000000,0,0,1,1
210,L1|R0|R2|R3,7,M0--R,635985469756133/400000000000000,0,0,1,1
210,L1|R0|R2|R3,8,M1--R,7464837598588827/5000000000000000,0,0,1,1
210,L1|R0|R2|R3,9,M2--R,232422620484707/156250000000000,0,0,1,1
210,L1|R0|R2|R3,10,R--R0,2653577086178917/2500000000000000,1,1,1,1
210,L1|R0|R2|R3,11,R--R1,977114028526669/625000000000000,0,0,1,1
210,L1|R0|R2|R3,12,R--R2,1057321139987373/1250000000000000,1,1,1,1
210,L1|R0|R2|R3,13,R--R3,6037011260248397/5000000000000000,1,1,1,1
211,L0|L1|R0|R2|R3,0,L--L0,2703986192682027/2500000000000000,0,0,1,1
211,L0|L1|R0|R2|R3,1,L--L1,1849490373434169/2500000000000000,0,0,1,1
211,L0|L1|R0|R2|R3,2,L--L2,1464310966904731/1000000000000000,1,1,1,1
211,L0|L1|R0|R2|R3,3,L--L3,939396917435463/625000000000000,1,1,1,1
211,L0|L1|R0|R2|R3,4,L--M0,1213555857675263/1000000000000000,0,0,1,1
211,L0|L1|R0|R2|R3,5,L--M1,13994982322202127/10000000000000000,0,0,1,1
211,L0|L1|R0|R2|R3,6,L--M2,1768377335439391/1000000000000000,0,0,1,1
211,L0|L1|R0|R2|R3,7,M0--R,635985469756133/400000000000000,0,0,1,1
211,L0|L1|R0|R2|R3,8,M1--R,7464837598588827/5000000000000000,0,0,1,1
211,L0|L1|R0|R2|R3,9,M2--R,232422620484707/156250000000000,0,0,1,1
211,L0|L1|R0|R2|R3,10,R--R0,2653577086178917/2500000000000000,0,0,1,1
211,L0|L1|R0|R2|R3,11,R--R1,977114028526669/625000000000000,1,1,1,1
211,L0|L1|R0|R2|R3,12,R--R2,1057321139987373/1250000000000000,0,0,1,1
211,L0|L1|R0|R2|R3,13,R--R3,6037011260248397/5000000000000000,0,0,1,1
212,L2|R0|R2|R3,0,L--L0,2703986192682027/2500000000000000,0,0,1,1
212,L2|R0|R2|R3,1,L--L1,1849490373434169/2500000000000000,0,0,1,1
212,L2|R0|R2|R3,2,L--L2,1464310966904731/1000000000000000,1,1,1,1
212,L2|R0|R2|R3,3,L--L3,939396917435463/625000000000000,0,0,1,1
212,L2|R0|R2|R3,4,L--M0,1213555857675263/1000000000000000,0,0,1,1
212,L2|R0|R2|R3,5,L--M1,13994982322202127/10000000000000000,0,0,1,1
212,L2|R0|R2|R3,6,L--M2,1768377335439391/1000000000000000,0,0,1,1
212,L2|R0|R2|R3,7,M0--R,635985469756133/400000000000000,0,0,1,1
212,L2|R0|R2|R3,8,M1--R,7464837598588827/5000000000000000,0,0,1,1
212,L2|R0|R2|R3,9,M2--R,232422620484707/156250000000000,0,0,1,1
212,L2|R0|R2|R3,10,R--R0,2653577086178917/2500000000000000,1,1,1,1
212,L2|R0|R2|R3,11,R--R1,977114028526669/625000000000000,0,0,1,1
212,L2|R0|R2|R3,12,R--R2,1057321139987373/1250000000000000,1,1,1,1
212,L2|R0|R2|R3,13,R--R3,6037011260248397/5000000000000000,1,1,1,1
213,L0|L2|R0|R2|R3,0,L--L0,2703986192682027/2500000000000000,0,0,1,1
213,L0|L2|R0|R2|R3,1,L--L1,1849490373434169/2500000000000000,1,1,1,1
213,L0|L2|R0|R2|R3,2,L--L2,1464310966904731/1000000000000000,0,0,1,1
213,L0|L2|R0|R2|R3,3,L--L3,939396917435463/625000000000000,1,1,1,1
213,L0|L2|R0|R2|R3,4,L--M0,1213555857675263/1000000000000000,0,0,1,1
213,L0|L2|R0|R2|R3,5,L--M1,13994982322202127/10000000000000000,0,0,1,1
213,L0|L2|R0|R2|R3,6,L--M2,1768377335439391/1000000000000000,0,0,1,1
213,L0|L2|R0|R2|R3,7,M0--R,635985469756133/400000000000000,0,0,1,1
213,L0|L2|R0|R2|R3,8,M1--R,7464837598588827/5000000000000000,0,0,1,1
213,L0|L2|R0|R2|R3,9,M2--R,232422620484707/156250000000000,0,0,1,1
213,L0|L2|R0|R2|R3,10,R--R0,2653577086178917/2500000000000000,0,0,1,1
213,L0|L2|R0|R2|R3,11,R--R1,977114028526669/625000000000000,1,1,1,1
213,L0|L2|R0|R2|R3,12,R--R2,1057321139987373/1250000000000000,0,0,1,1
213,L0|L2|R0|R2|R3,13,R--R3,6037011260248397/5000000000000000,0,0,1,1
214,L1|L2|R0|R2|R3,0,L--L0,2703986192682027/2500000000000000,1,1,1,1
214,L1|L2|R0|R2|R3,1,L--L1,1849490373434169/2500000000000000,0,0,1,1
214,L1|L2|R0|R2|R3,2,L--L2,1464310966904731/1000000000000000,0,0,1,1
214,L1|L2|R0|R2|R3,3,L--L3,939396917435463/625000000000000,1,1,1,1
214,L1|L2|R0|R2|R3,4,L--M0,1213555857675263/1000000000000000,0,0,1,1
214,L1|L2|R0|R2|R3,5,L--M1,13994982322202127/10000000000000000,0,0,1,1
214,L1|L2|R0|R2|R3,6,L--M2,1768377335439391/1000000000000000,0,0,1,1
214,L1|L2|R0|R2|R3,7,M0--R,635985469756133/400000000000000,0,0,1,1
214,L1|L2|R0|R2|R3,8,M1--R,7464837598588827/5000000000000000,0,0,1,1
214,L1|L2|R0|R2|R3,9,M2--R,232422620484707/156250000000000,0,0,1,1
214,L1|L2|R0|R2|R3,10,R--R0,2653577086178917/2500000000000000,0,0,1,1
214,L1|L2|R0|R2|R3,11,R--R1,977114028526669/625000000000000,1,1,1,1
214,L1|L2|R0|R2|R3,12,R--R2,1057321139987373/1250000000000000,0,0,1,1
214,L1|L2|R0|R2|R3,13,R--R3,6037011260248397/5000000000000000,0,0,1,1
215,L0|L1|L2|R0|R2|R3,0,L--L0,2703986192682027/2500000000000000,0,0,1,1
215,L0|L1|L2|R0|R2|R3,1,L--L1,1849490373434169/2500000000000000,0,0,1,1
215,L0|L1|L2|R0|R2|R3,2,L--L2,1464310966904731/1000000000000000,0,0,1,1
215,L0|L1|L2|R0|R2|R3,3,L--L3,939396917435463/625000000000000,1,1,1,1
215,L0|L1|L2|R0|R2|R3,4,L--M0,1213555857675263/1000000000000000,0,0,1,1
215,L0|L1|L2|R0|R2|R3,5,L--M1,13994982322202127/10000000000000000,0,0,1,1
215,L0|L1|L2|R0|R2|R3,6,L--M2,1768377335439391/1000000000000000,0,0,1,1
215,L0|L1|L2|R0|R2|R3,7,M0--R,635985469756133/400000000000000,0,0,1,1
215,L0|L1|L2|R0|R2|R3,8,M1--R,7464837598588827/5000000000000000,0,0,1,1
215,L0|L1|L2|R0|R2|R3,9,M2--R,232422620484707/156250000000000,0,0,1,1
215,L0|L1|L2|R0|R2|R3,10,R--R0,2653577086178917/2500000000000000,0,0,1,1
215,L0|L1|L2|R0|R2|R3,11,R--R1,977114028526669/625000000000000,1,1,1,1
215,L0|L1|L2|R0|R2|R3,12,R--R2,1057321139987373/1250000000000000,0,0,1,1
215,L0|L1|L2|R0|R2|R3,13,R--R3,6037011260248397/5000000000000000,0,0,1,1
216,L3|R0|R2|R3,0,L--L0,2703986192682027/2500000000000000,0,0,1,1
216,L3|R0|R2|R3,1,L--L1,1849490373434169/2500000000000000,0,0,1,1
216,L3|R0|R2|R3,2,L--L2,1464310966904731/1000000000000000,0,0,1,1
216,L3|R0|R2|R3,3,L--L3,939396917435463/625000000000000,1,1,1,1
216,L3|R0|R2|R3,4,L--M0,1213555857675263/1000000000000000,0,0,1,1
216,L3|R0|R2|R3,5,L--M1,13994982322202127/10000000000000000,0,0,1,1
216,L3|R0|R2|R3,6,L--M2,1768377335439391/1000000000000000,0,0,1,1
216,L3|R0|R2|R3,7,M0--R,635985469756133/400000000000000,0,0,1,1
216,L3|R0|R2|R3,8,M1--R,7464837598588827/5000000000000000,0,0,1,1
216,L3|R0|R2|R3,9,M2--R,232422620484707/156250000000000,0,0,1,1
216,L3|R0|R2|R3,10,R--R0,2653577086178917/2500000000000000,1,1,1,1
216,L3|R0|R2|R3,11,R--R1,977114028526669/625000000000000,0,0,1,1
216,L3|R0|R2|R3,12,R--R2,1057321139987373/1250000000000000,1,1,1,1
216,L3|R0|R2|R3,13,R--R3,6037011260248397/5000000000000000,1,1,1,1
217,L0|L3|R0|R2|R3,0,L--L0,2703986192682027/2500000000000000,0,0,1,1
217,L0|L3|R0|R2|R3,1,L--L1,1849490373434169/2500000000000000,1,1,1,1
217,L0|L3|R0|R2|R3,2,L--L2,1464310966904731/1000000000000000,1,1,1,1
217,L0|L3|R0|R2|R3,3,L--L3,939396917435463/625000000000000,0,0,1,1
217,L0|L3|R0|R2|R3,4,L--M0,1213555857675263/1000000000000000,0,0,1,1
217,L0|L3|R0|R2|R3,5,L--M1,13994982322202127/10000000000000000,0,0,1,1
217,L0|L3|R0|R2|R3,6,L--M2,1768377335439391/1000000000000000,0,0,1,1
217,L0|L3|R0|R2|R3,7,M0--R,635985469756133/400000000000000,0,0,1,1
217,L0|L3|R0|R2|R3,8,M1--R,7464837598588827/5000000000000000,0,0,1,1
217,L0|L3|R0|R2|R3,9,M2--R,232422620484707/156250000000000,0,0,1,1
217,L0|L3|R0|R2|R3,10,R--R0,2653577086178917/2500000000000000,0,0,1,1
217,L0|L3|R0|R2|R3,11,R--R1,977114028526669/625000000000000,1,1,1,1
217,L0|L3|R0|R2|R3,12,R--R2,1057321139987373/1250000000000000,0,0,1,1
217,L0|L3|R0|R2|R3,13,R--R3,6037011260248397/5000000000000000,0,0,1,1
218,L1|L3|R0|R2|R3,0,L--L0,2703986192682027/2500000000000000,1,1,1,1
218,L1|L3|R0|R2|R3,1,L--L1,1849490373434169/2500000000000000,0,0,1,1
218,L1|L3|R0|R2|R3,2,L--L2,1464310966904731/1000000000000000,1,1,1,1
218,L1|L3|R0|R2|R3,3,L--L3,939396917435463/625000000000000,0,0,1,1
218,L1|L3|R0|R2|R3,4,L--M0,1213555857675263/1000000000000000,0,0,1,1
218,L1|L3|R0|R2|R3,5,L--M1,13994982322202127/10000000000000000,0,0,1,1
218,L1|L3|R0|R2|R3,6,L--M2,1768377335439391/1000000000000000,0,0,1,1
218,L1|L3|R0|R2|R3,7,M0--R,635985469756133/400000000000000,0,0,1,1
218,L1|L3|R0|R2|R3,8,M1--R,7464837598588827/5000000000000000,0,0,1,1
218,L1|L3|R0|R2|R3,9,M2--R,232422620484707/156250000000000,0,0,1,1
218,L1|L3|R0|R2|R3,10,R--R0,2653577086178917/2500000000000000,0,0,1,1
218,L1|L3|R0|R2|R3,11,R--R1,977114028526669/625000000000000,1,1,1,1
218,L1|L3|R0|R2|R3,12,R--R2,1057321139987373/1250000000000000,0,0,1,1
218,L1|L3|R0|R2|R3,13,R--R3,6037011260248397/5000000000000000,0,0,1,1
219,L0|L1|L3|R0|R2|R3,0,L--L0,2703986192682027/2500000000000000,0,0,1,1
219,L0|L1|L3|R0|R2|R3,1,L--L1,1849490373434169/2500000000000000,0,0,1,1
219,L0|L1|L3|R0|R2|R3,2,L--L2,1464310966904731/1000000000000000,1,1,1,1
219,L0|L1|L3|R0|R2|R3,3,L--L3,939396917435463/625000000000000,0,0,1,1
219,L0|L1|L3|R0|R2|R3,4,L--M0,1213555857675263/1000000000000000,0,0,1,1
219,L0|L1|L3|R0|R2|R3,5,L--M1,13994982322202127/10000000000000000,0,0,1,1
219,L0|L1|L3|R0|R2|R3,6,L--M2,1768377335439391/1000000000000000,0,0,1,1
219,L0|L1|L3|R0|R2|R3,7,M0--R,635985469756133/400000000000000,0,0,1,1
219,L0|L1|L3|R0|R2|R3,8,M1--R,7464837598588827/5000000000000000,0,0,1,1
219,L0|L1|L3|R0|R2|R3,9,M2--R,232422620484707/156250000000000,0,0,1,1
219,L0|L1|L3|R0|R2|R3,10,R--R0,2653577086178917/2500000000000000,0,0,1,1
219,L0|L1|L3|R0|R2|R3,11,R--R1,977114028526669/625000000000000,1,1,1,1
219,L0|L1|L3|R0|R2|R3,12,R--R2,1057321139987373/1250000000000000,0,0,1,1
219,L0|L1|L3|R0|R2|R3,13,R--R3,6037011260248397/5000000000000000,0,0,1,1
220,L2|L3|R0|R2|R3,0,L--L0,2703986192682027/2500000000000000,1,1,1,1
220,L2|L3|R0|R2|R3,1,L--L1,1849490373434169/2500000000000000,1,1,1,1
220,L2|L3|R0|R2|R3,2,L--L2,1464310966904731/1000000000000000,0,0,1,1
220,L2|L3|R0|R2|R3,3,L--L3,939396917435463/625000000000000,0,0,1,1
220,L2|L3|R0|R2|R3,4,L--M0,1213555857675263/1000000000000000,0,0,1,1
220,L2|L3|R0|R2|R3,5,L--M1,13994982322202127/10000000000000000,0,0,1,1
220,L2|L3|R0|R2|R3,6,L--M2,1768377335439391/1000000000000000,0,0,1,1
220,L2|L3|R0|R2|R3,7,M0--R,635985469756133/400000000000000,0,0,1,1
220,L2|L3|R0|R2|R3,8,M1--R,7464837598588827/5000000000000000,0,0,1,1
220,L2|L3|R0|R2|R3,9,M2--R,232422620484707/156250000000000,0,0,1,1
220,L2|L3|R0|R2|R3,10,R--R0,2653577086178917/2500000000000000,0,0,1,1
220,L2|L3|R0|R2|R3,11,R--R1,977114028526669/625000000000000,1,1,1,1
220,L2|L3|R0|R2|R3,12,R--R2,1057321139987373/1250000000000000,0,0,1,1
220,L2|L3|R0|R2|R3,13,R--R3,6037011260248397/5000000000000000,0,0,1,1
221,L0|L2|L3|R0|R2|R3,0,L--L0,2703986192682027/2500000000000000,0,0,1,1
221,L0|L2|L3|R0|R2|R3,1,L--L1,1849490373434169/2500000000000000,1,1,1,1
221,L0|L2|L3|R0|R2|R3,2,L--L2,1464310966904731/1000000000000000,0,0,1,1
221,L0|L2|L3|R0|R2|R3,3,L--L3,939396917435463/625000000000000,0,0,1,1
221,L0|L2|L3|R0|R2|R3,4,L--M0,1213555857675263/1000000000000000,0,0,1,1
221,L0|L2|L3|R0|R2|R3,5,L--M1,13994982322202127/10000000000000000,0,0,1,1
221,L0|L2|L3|R0|R2|R3,6,L--M2,1768377335439391/1000000000000000,0,0,1,1
221,L0|L2|L3|R0|R2|R3,7,M0--R,635985469756133/400000000000000,0,0,1,1
221,L0|L2|L3|R0|R2|R3,8,M1--R,7464837598588827/5000000000000000,0,0,1,1
221,L0|L2|L3|R0|R2|R3,9,M2--R,232422620484707/156250000000000,0,0,1,1
221,L0|L2|L3|R0|R2|R3,10,R--R0,2653577086178917/2500000000000000,0,0,1,1
221,L0|L2|L3|R0|R2|R3,11,R--R1,977114028526669/625000000000000,1,1,1,1
221,L0|L2|L3|R0|R2|R3,12,R--R2,1057321139987373/1250000000000000,0,0,1,1
221,L0|L2|L3|R0|R2|R3,13,R--R3,6037011260248397/5000000000000000,0,0,1,1
222,L1|L2|L3|R0|R2|R3,0,L--L0,2703986192682027/2500000000000000,1,1,1,1
222,L1|L2|L3|R0|R2|R3,1,L--L1,1849490373434169/2500000000000000,0,0,1,1
222,L1|L2|L3|R0|R2|R3,2,L--L2,1464310966904731/1000000000000000,0,0,1,1
222,L1|L2|L3|R0|R2|R3,3,L--L3,939396917435463/625000000000000,0,0,1,1
222,L1|L2|L3|R0|R2|R3,4,L--M0,1213555857675263/1000000000000000,0,0,1,1
222,L1|L2|L3|R0|R2|R3,5,L--M1,13994982322202127/10000000000000000,0,0,1,1
222,L1|L2|L3|R0|R2|R3,6,L--M2,1768377335439391/1000000000000000,0,0,1,1
222,L1|L2|L3|R0|R2|R3,7,M0--R,635985469756133/400000000000000,0,0,1,1
222,L1|L2|L3|R0|R2|R3,8,M1--R,7464837598588827/5000000000000000,0,0,1,1
222,L1|L2|L3|R0|R2|R3,9,M2--R,232422620484707/156250000000000,0,0,1,1
222,L1|L2|L3|R0|R2|R3,10,R--R0,2653577086178917/2500000000000000,0,0,1,1
222,L1|L2|L3|R0|R2|R3,11,R--R1,977114028526669/625000000000000,1,1,1,1
222,L1|L2|L3|R0|R2|R3,12,R--R2,1057321139987373/1250000000000000,0,0,1,1
222,L1|L2|L3|R0|R2|R3,13,R--R3,6037011260248397/5000000000000000,0,0,1,1
223,L0|L1|L2|L3|R0|R2|R3,0,L--L0,2703986192682027/2500000000000000,0,0,1,1
223,L0|L1|L2|L3|R0|R2|R3,1,L--L1,1849490373434169/2500000000000000,0,0,1,1
223,L0|L1|L2|L3|R0|R2|R3,2,L--L2,1464310966904731/1000000000000000,0,0,1,1
223,L0|L1|L2|L3|R0|R2|R3,3,L--L3,939396917435463/625000000000000,0,0,1,1
223,L0|L1|L2|L3|R0|R2|R3,4,L--M0,1213555857675263/1000000000000000,0,0,1,1
223,L0|L1|L2|L3|R0|R2|R3,5,L--M1,13994982322202127/10000000000000000,0,0,1,1
223,L0|L1|L2|L3|R0|R2|R3,6,L--M2,1768377335439391/1000000000000000,0,0,1,1
223,L0|L1|L2|L3|R0|R2|R3,7,M0--R,635985469756133/400000000000000,0,0,1,1
223,L0|L1|L2|L3|R0|R2|R3,8,M1--R,7464837598588827/5000000000000000,0,0,1,1
223,L0|L1|L2|L3|R0|R2|R3,9,M2--R,232422620484707/156250000000000,0,0,1,1
223,L0|L1|L2|L3|R0|R2|R3,10,R--R0,2653577086178917/2500000000000000,0,0,1,1
223,L0|L1|L2|L3|R0|R2|R3,11,R--R1,977114028526669/625000000000000,1,1,1,1
223,L0|L1|L2|L3|R0|R2|R3,12,R--R2,1057321139987373/1250000000000000,0,0,1,1
223,L0|L1|L2|L3|R0|R2|R3,13,R--R3,6037011260248397/5000000000000000,0,0,1,1
224,R1|R2|R3,0,L--L0,2703986192682027/2500000000000000,0,0,1,1
224,R1|R2|R3,1,L--L1,1849490373434169/2500000000000000,0,0,1,1
224,R1|R2|R3,2,L--L2,1464310966904731/1000000000000000,0,0,1,1
224,R1|R2|R3,3,L--L3,939396917435463/625000000000000,0,0,1,1
224,R1|R2|R3,4,L--M0,1213555857675263/1000000000000000,0,0,1,1
224,R1|R2|R3,5,L--M1,13994982322202127/10000000000000000,0,0,1,1
224,R1|R2|R3,6,L--M2,1768377335439391/1000000000000000,0,0,1,1
224,R1|R2|R3,7,M0--R,635985469756133/400000000000000,0,0,1,1
224,R1|R2|R3,8,M1--R,7464837598588827/5000000000000000,0,0,1,1
224,R1|R2|R3,9,M2--R,232422620484707/156250000000000,0,0,1,1
224,R1|R2|R3,10,R--R0,2653577086178917/2500000000000000,0,0,1,1
224,R1|R2|R3,11,R--R1,977114028526669/625000000000000,1,1,1,1
224,R1|R2|R3,12,R--R2,1057321139987373/1250000000000000,1,1,1,1
224,R1|R2|R3,13,R--R3,6037011260248397/5000000000000000,1,1,1,1
225,L0|R1|R2|R3,0,L--L0,2703986192682027/2500000000000000,1,1,1,1
225,L0|R1|R2|R3,1,L--L1,1849490373434169/2500000000000000,0,0,1,1
225,L0|R1|R2|R3,2,L--L2,1464310966904731/1000000000000000,0,0,1,1
225,L0|R1|R2|R3,3,L--L3,939396917435463/625000000000000,0,0,1,1
225,L0|R1|R2|R3,4,L--M0,1213555857675263/1000000000000000,0,0,1,1
225,L0|R1|R2|R3,5,L--M1,13994982322202127/10000000000000000,0,0,1,1
225,L0|R1|R2|R3,6,L--M2,1768377335439391/1000000000000000,0,0,1,1
225,L0|R1|R2|R3,7,M0--R,635985469756133/400000000000000,0,0,1,1
225,L0|R1|R2|R3,8,M1--R,7464837598588827/5000000000000000,0,0,1,1
225,L0|R1|R2|R3,9,M2--R,232422620484707/156250000000000,0,0,1,1
225,L0|R1|R2|R3,10,R--R0,2653577086178917/2500000000000000,0,0,1,1
225,L0|R1|R2|R3,11,R--R1,977114028526669/625000000000000,1,1,1,1
225,L0|R1|R2|R3,12,R--R2,1057321139987373/1250000000000000,1,1,1,1
225,L0|R1|R2|R3,13,R--R3,6037011260248397/5000000000000000,1,1,1,1
226,L1|R1|R2|R3,0,L--L0,2703986192682027/2500000000000000,0,0,1,1
226,L1|R1|R2|R3,1,L--L1,1849490373434169/2500000000000000,1,1,1,1
226,L1|R1|R2|R3,2,L--L2,1464310966904731/1000000000000000,0,0,1,1
226,L1|R1|R2|R3,3,L--L3,939396917435463/625000000000000,0,0,1,1
226,L1|R1|R2|R3,4,L--M0,1213555857675263/1000000000000000,0,0,1,1
226,L1|R1|R2|R3,5,L--M1,13994982322202127/10000000000000000,0,0,1,1
226,L1|R1|R2|R3,6,L--M2,1768377335439391/1000000000000000,0,0,1,1
226,L1|R1|R2|R3,7,M0--R,635985469756133/400000000000000,0,0,1,1
226,L1|R1|R2|R3,8,M1--R,7464837598588827/5000000000000000,0,0,1,1
226,L1|R1|R2|R3,9,M2--R,232422620484707/156250000000000,0,0,1,1
226,L1|R1|R2|R3,10,R--R0,2653577086178917/2500000000000000,0,0,1,1
226,L1|R1|R2|R3,11,R--R1,977114028526669/625000000000000,1,1,1,1
226,L1|R1|R2|R3,12,R--R2,1057321139987373/1250000000000000,1,1,1,1
226,L1|R1|R2|R3,13,R--R3,6037011260248397/5000000000000000,1,1,1,1
227,L0|L1|R1|R2|R3,0,L--L0,2703986192682027/2500000000000000,0,0,1,1
227,L0|L1|R1|R2|R3,1,L--L1,1849490373434169/2500000000000000,0,0,1,1
227,L0|L1|R1|R2|R3,2,L--L2,1464310966904731/1000000000000000,1,1,1,1
227,L0|L1|R1|R2|R3,3,L--L3,939396917435463/625000000000000,1,1,1,1
227,L0|L1|R1|R2|R3,4,L--M0,1213555857675263/1000000000000000,0,0,1,1
227,L0|L1|R1|R2|R3,5,L--M1,13994982322202127/10000000000000000,0,0,1,1
227,L0|L1|R1|R2|R3,6,L--M2,1768377335439391/1000000000000000,0,0,1,1
227,L0|L1|R1|R2|R3,7,M0--R,635985469756133/400000000000000,0,0,1,1
227,L0|L1|R1|R2|R3,8,M1--R,7464837598588827/5000000000000000,0,0,1,1
227,L0|L1|R1|R2|R3,9,M2--R,232422620484707/156250000000000,0,0,1,1
227,L0|L1|R1|R2|R3,10,R--R0,2653577086178917/2500000000000000,1,1,1,1
227,L0|L1|R1|R2|R3,11,R--R1,977114028526669/625000000000000,0,0,1,1
227,L0|L1|R1|R2|R3,12,R--R2,1057321139987373/1250000000000000,0,0,1,1
227,L0|L1|R1|R2|R3,13,R--R3,6037011260248397/5000000000000000,0,0,1,1
228,L2|R1|R2|R3,0,L--L0,2703986192682027/2500000000000000,1,1,1,1
228,L2|R1|R2|R3,1,L--L1,1849490373434169/2500000000000000,1,1,1,1
228,L2|R1|R2|R3,2,L--L2,1464310966904731/1000000000000000,0,0,1,1
228,L2|R1|R2|R3,3,L--L3,939396917435463/625000000000000,1,1,1,1
228,L2|R1|R2|R3,4,L--M0,1213555857675263/1000000000000000,0,0,1,1
228,L2|R1|R2|R3,5,L--M1,13994982322202127/10000000000000000,0,0,1,1
228,L2|R1|R2|R3,6,L--M2,1768377335439391/1000000000000000,0,0,1,1
228,L2|R1|R2|R3,7,M0--R,635985469756133/400000000000000,0,0,1,1
228,L2|R1|R2|R3,8,M1--R,7464837598588827/5000000000000000,0,0,1,1
228,L2|R1|R2|R3,9,M2--R,232422620484707/156250000000000,0,0,1,1
228,L2|R1|R2|R3,10,R--R0,2653577086178917/2500000000000000,1,1,1,1
228,L2|R1|R2|R3,11,R--R1,977114028526669/625000000000000,0,0,1,1
228,L2|R1|R2|R3,12,R--R2,1057321139987373/1250000000000000,0,0,1,1
228,L2|R1|R2|R3,13,R--R3,6037011260248397/5000000000000000,0,0,1,1
229,L0|L2|R1|R2|R3,0,L--L0,2703986192682027/2500000000000000,0,0,1,1
229,L0|L2|R1|R2|R3,1,L--L1,1849490373434169/2500000000000000,1,1,1,1
229,L0|L2|R1|R2|R3,2,L--L2,1464310966904731/1000000000000000,0,0,1,1
229,L0|L2|R1|R2|R3,3,L--L3,939396917435463/625000000000000,1,1,1,1
229,L0|L2|R1|R2|R3,4,L--M0,1213555857675263/1000000000000000,0,0,1,1
229,L0|L2|R1|R2|R3,5,L--M1,13994982322202127/10000000000000000,0,0,1,1
229,L0|L2|R1|R2|R3,6,L--M2,1768377335439391/1000000000000000,0,0,1,1
229,L0|L2|R1|R2|R3,7,M0--R,635985469756133/400000000000000,0,0,1,1
229,L0|L2|R1|R2|R3,8,M1--R,7464837598588827/5000000000000000,0,0,1,1
229,L0|L2|R1|R2|R3,9,M2--R,232422620484707/156250000000000,0,0,1,1
229,L0|L2|R1|R2|R3,10,R--R0,2653577086178917/2500000000000000,1,1,1,1
229,L0|L2|R1|R2|R3,11,R--R1,977114028526669/625000000000000,0,0,1,1
229,L0|L2|R1|R2|R3,12,R--R2,1057321139987373/1250000000000000,0,0,1,1
229,L0|L2|R1|R2|R3,13,R--R3,6037011260248397/5000000000000000,0,0,1,1
230,L1|L2|R1|R2|R3,0,L--L0,2703986192682027/2500000000000000,1,1,1,1
230,L1|L2|R1|R2|R3,1,L--L1,1849490373434169/2500000000000000,0,0,1,1
230,L1|L2|R1|R2|R3,2,L--L2,1464310966904731/1000000000000000,0,0,1,1
230,L1|L2|R1|R2|R3,3,L--L3,939396917435463/625000000000000,1,1,1,1
230,L1|L2|R1|R2|R3,4,L--M0,1213555857675263/1000000000000000,0,0,1,1
230,L1|L2|R1|R2|R3,5,L--M1,13994982322202127/10000000000000000,0,0,1,1
230,L1|L2|R1|R2|R3,6,L--M2,1768377335439391/1000000000000000,0,0,1,1
230,L1|L2|R1|R2|R3,7,M0--R,635985469756133/400000000000000,0,0,1,1
230,L1|L2|R1|R2|R3,8,M1--R,7464837598588827/5000000000000000,0,0,1,1
230,L1|L2|R1|R2|R3,9,M2--R,232422620484707/156250000000000,0,0,1,1
230,L1|L2|R1|R2|R3,10,R--R0,2653577086178917/2500000000000000,1,1,1,1
230,L1|L2|R1|R2|R3,11,R--R1,977114028526669/625000000000000,0,0,1,1
230,L1|L2|R1|R2|R3,12,R--R2,1057321139987373/1250000000000000,0,0,1,1
230,L1|L2|R1|R2|R3,13,R--R3,6037011260248397/5000000000000000,0,0,1,1
231,L0|L1|L2|R1|R2|R3,0,L--L0,2703986192682027/2500000000000000,0,0,1,1
231,L0|L1|L2|R1|R2|R3,1,L--L1,1849490373434169/2500000000000000,0,0,1,1
231,L0|L1|L2|R1|R2|R3,2,L--L2,1464310966904731/1000000000000000,0,0,1,1
231,L0|L1|L2|R1|R2|R3,3,L--L3,939396917435463/625000000000000,1,1,1,1
231,L0|L1|L2|R1|R2|R3,4,L--M0,1213555857675263/1000000000000000,0,0,1,1
231,L0|L1|L2|R1|R2|R3,5,L--M1,13994982322202127/10000000000000000,0,0,1,1
231,L0|L1|L2|R1|R2|R3,6,L--M2,1768377335439391/1000000000000000,0,0,1,1
231,L0|L1|L2|R1|R2|R3,7,M0--R,635985469756133/400000000000000,0,0,1,1
231,L0|L1|L2|R1|R2|R3,8,M1--R,7464837598588827/5000000000000000,0,0,1,1
231,L0|L1|L2|R1|R2|R3,9,M2--R,232422620484707/156250000000000,0,0,1,1
231,L0|L1|L2|R1|R2|R3,10,R--R0,2653577086178917/2500000000000000,1,1,1,1
231,L0|L1|L2|R1|R2|R3,11,R--R1,977114028526669/625000000000000,0,0,1,1
231,L0|L1|L2|R1|R2|R3,12,R--R2,1057321139987373/1250000000000000,0,0,1,1
231,L0|L1|L2|R1|R2|R3,13,R--R3,6037011260248397/5000000000000000,0,0,1,1
232,L3|R1|R2|R3,0,L--L0,2703986192682027/2500000000000000,1,1,1,1
232,L3|R1|R2|R3,1,L--L1,1849490373434169/2500000000000000,1,1,1,1
232,L3|R1|R2|R3,2,L--L2,1464310966904731/1000000000000000,1,1,1,1
232,L3|R1|R2|R3,3,L--L3,939396917435463/625000000000000,0,0,1,1
232,L3|R1|R2|R3,4,L--M0,1213555857675263/1000000000000000,0,0,1,1
232,L3|R1|R2|R3,5,L--M1,13994982322202127/10000000000000000,0,0,1,1
232,L3|R1|R2|R3,6,L--M2,1768377335439391/1000000000000000,0,0,1,1
232,L3|R1|R2|R3,7,M0--R,635985469756133/400000000000000,0,0,1,1
232,L3|R1|R2|R3,8,M1--R,7464837598588827/5000000000000000,0,0,1,1
232,L3|R1|R2|R3,9,M2--R,232422620484707/156250000000000,0,0,1,1
232,L3|R1|R2|R3,10,R--R0,2653577086178917/2500000000000000,1,1,1,1
232,L3|R1|R2|R3,11,R--R1,977114028526669/625000000000000,0,0,1,1
232,L3|R1|R2|R3,12,R--R2,1057321139987373/1250000000000000,0,0,1,1
232,L3|R1|R2|R3,13,R--R3,6037011260248397/5000000000000000,0,0,1,1
233,L0|L3|R1|R2|R3,0,L--L0,2703986192682027/2500000000000000,0,0,1,1
233,L0|L3|R1|R2|R3,1,L--L1,1849490373434169/2500000000000000,1,1,1,1
233,L0|L3|R1|R2|R3,2,L--L2,1464310966904731/1000000000000000,1,1,1,1
233,L0|L3|R1|R2|R3,3,L--L3,939396917435463/625000000000000,0,0,1,1
233,L0|L3|R1|R2|R3,4,L--M0,1213555857675263/1000000000000000,0,0,1,1
233,L0|L3|R1|R2|R3,5,L--M1,13994982322202127/10000000000000000,0,0,1,1
233,L0|L3|R1|R2|R3,6,L--M2,1768377335439391/1000000000000000,0,0,1,1
233,L0|L3|R1|R2|R3,7,M0--R,635985469756133/400000000000000,0,0,1,1
233,L0|L3|R1|R2|R3,8,M1--R,7464837598588827/5000000000000000,0,0,1,1
233,L0|L3|R1|R2|R3,9,M2--R,232422620484707/156250000000000,0,0,1,1
233,L0|L3|R1|R2|R3,10,R--R0,2653577086178917/2500000000000000,1,1,1,1
233,L0|L3|R1|R2|R3,11,R--R1,977114028526669/625000000000000,0,0,1,1
233,L0|L3|R1|R2|R3,12,R--R2,1057321139987373/1250000000000000,0,0,1,1
233,L0|L3|R1|R2|R3,13,R--R3,6037011260248397/5000000000000000,0,0,1,1
234,L1|L3|R1|R2|R3,0,L--L0,2703986192682027/2500000000000000,1,1,1,1
234,L1|L3|R1|R2|R3,1,L--L1,1849490373434169/2500000000000000,0,0,1,1
234,L1|L3|R1|R2|R3,2,L--L2,1464310966904731/1000000000000000,1,1,1,1
234,L1|L3|R1|R2|R3,3,L--L3,939396917435463/625000000000000,0,0,1,1
234,L1|L3|R1|R2|R3,4,L--M0,1213555857675263/1000000000000000,0,0,1,1
234,L1|L3|R1|R2|R3,5,L--M1,13994982322202127/10000000000000000,0,0,1,1
234,L1|L3|R1|R2|R3,6,L--M2,1768377335439391/1000000000000000,0,0,1,1
234,L1|L3|R1|R2|R3,7,M0--R,635985469756133/400000000000000,0,0,1,1
234,L1|L3|R1|R2|R3,8,M1--R,7464837598588827/5000000000000000,0,0,1,1
234,L1|L3|R1|R2|R3,9,M2--R,232422620484707/156250000000000,0,0,1,1
234,L1|L3|R1|R2|R3,10,R--R0,2653577086178917/2500000000000000,1,1,1,1
234,L1|L3|R1|R2|R3,11,R--R1,977114028526669/625000000000000,0,0,1,1
234,L1|L3|R1|R2|R3,12,R--R2,1057321139987373/1250000000000000,0,0,1,1
234,L1|L3|R1|R2|R3,13,R--R3,6037011260248397/5000000000000000,0,0,1,1
235,L0|L1|L3|R1|R2|R3,0,L--L0,2703986192682027/2500000000000000,0,0,1,1
235,L0|L1|L3|R1|R2|R3,1,L--L1,1849490373434169/2500000000000000,0,0,1,1
235,L0|L1|L3|R1|R2|R3,2,L--L2,1464310966904731/1000000000000000,1,1,1,1
235,L0|L1|L3|R1|R2|R3,3,L--L3,939396917435463/625000000000000,0,0,1,1
235,L0|L1|L3|R1|R2|R3,4,L--M0,1213555857675263/1000000000000000,0,0,1,1
235,L0|L1|L3|R1|R2|R3,5,L--M1,13994982322202127/10000000000000000,0,0,1,1
235,L0|L1|L3|R1|R2|R3,6,L--M2,1768377335439391/1000000000000000,0,0,1,1
235,L0|L1|L3|R1|R2|R3,7,M0--R,635985469756133/400000000000000,0,0,1,1
235,L0|L1|L3|R1|R2|R3,8,M1--R,7464837598588827/5000000000000000,0,0,1,1
235,L0|L1|L3|R1|R2|R3,9,M2--R,232422620484707/156250000000000,0,0,1,1
235,L0|L1|L3|R1|R2|R3,10,R--R0,2653577086178917/2500000000000000,1,1,1,1
235,L0|L1|L3|R1|R2|R3,11,R--R1,977114028526669/625000000000000,0,0,1,1
235,L0|L1|L3|R1|R2|R3,12,R--R2,1057321139987373/1250000000000000,0,0,1,1
235,L0|L1|L3|R1|R2|R3,13,R--R3,6037011260248397/5000000000000000,0,0,1,1
236,L2|L3|R1|R2|R3,0,L--L0,2703986192682027/2500000000000000,1,1,1,1
236,L2|L3|R1|R2|R3,1,L--L1,1849490373434169/2500000000000000,1,1,1,1
236,L2|L3|R1|R2|R3,2,L--L2,1464310966904731/1000000000000000,0,0,1,1
236,L2|L3|R1|R2|R3,3,L--L3,939396917435463/625000000000000,0,0,1,1
236,L2|L3|R1|R2|R3,4,L--M0,1213555857675263/1000000000000000,0,0,1,1
236,L2|L3|R1|R2|R3,5,L--M1,13994982322202127/10000000000000000,0,0,1,1
236,L2|L3|R1|R2|R3,6,L--M2,1768377335439391/1000000000000000,0,0,1,1
236,L2|L3|R1|R2|R3,7,M0--R,635985469756133/400000000000000,0,0,1,1
236,L2|L3|R1|R2|R3,8,M1--R,7464837598588827/5000000000000000,0,0,1,1
236,L2|L3|R1|R2|R3,9,M2--R,232422620484707/156250000000000,0,0,1,1
236,L2|L3|R1|R2|R3,10,R--R0,2653577086178917/2500000000000000,1,1,1,1
236,L2|L3|R1|R2|R3,11,R--R1,977114028526669/625000000000000,0,0,1,1
236,L2|L3|R1|R2|R3,12,R--R2,1057321139987373/1250000000000000,0,0,1,1
236,L2|L3|R1|R2|R3,13,R--R3,6037011260248397/5000000000000000,0,0,1,1
237,L0|L2|L3|R1|R2|R3,0,L--L0,2703986192682027/2500000000000000,0,0,1,1
237,L0|L2|L3|R1|R2|R3,1,L--L1,1849490373434169/2500000000000000,1,1,1,1
237,L0|L2|L3|R1|R2|R3,2,L--L2,1464310966904731/1000000000000000,0,0,1,1
237,L0|L2|L3|R1|R2|R3,3,L--L3,939396917435463/625000000000000,0,0,1,1
237,L0|L2|L3|R1|R2|R3,4,L--M0,1213555857675263/1000000000000000,0,0,1,1
237,L0|L2|L3|R1|R2|R3,5,L--M1,13994982322202127/10000000000000000,0,0,1,1
237,L0|L2|L3|R1|R2|R3,6,L--M2,1768377335439391/1000000000000000,0,0,1,1
237,L0|L2|L3|R1|R2|R3,7,M0--R,635985469756133/400000000000000,0,0,1,1
237,L0|L2|L3|R1|R2|R3,8,M1--R,7464837598588827/5000000000000000,0,0,1,1
237,L0|L2|L3|R1|R2|R3,9,M2--R,232422620484707/156250000000000,0,0,1,1
237,L0|L2|L3|R1|R2|R3,10,R--R0,2653577086178917/2500000000000000,1,1,1,1
237,L0|L2|L3|R1|R2|R3,11,R--R1,977114028526669/625000000000000,0,0,1,1
237,L0|L2|L3|R1|R2|R3,12,R--R2,1057321139987373/1250000000000000,0,0,1,1
237,L0|L2|L3|R1|R2|R3,13,R--R3,6037011260248397/5000000000000000,0,0,1,1
238,L1|L2|L3|R1|R2|R3,0,L--L0,2703986192682027/2500000000000000,1,1,1,1
238,L1|L2|L3|R1|R2|R3,1,L--L1,1849490373434169/2500000000000000,0,0,1,1
238,L1|L2|L3|R1|R2|R3,2,L--L2,1464310966904731/1000000000000000,0,0,1,1
238,L1|L2|L3|R1|R2|R3,3,L--L3,939396917435463/625000000000000,0,0,1,1
238,L1|L2|L3|R1|R2|R3,4,L--M0,1213555857675263/1000000000000000,0,0,1,1
238,L1|L2|L3|R1|R2|R3,5,L--M1,13994982322202127/10000000000000000,0,0,1,1
238,L1|L2|L3|R1|R2|R3,6,L--M2,1768377335439391/1000000000000000,0,0,1,1
238,L1|L2|L3|R1|R2|R3,7,M0--R,635985469756133/400000000000000,0,0,1,1
238,L1|L2|L3|R1|R2|R3,8,M1--R,7464837598588827/5000000000000000,0,0,1,1
238,L1|L2|L3|R1|R2|R3,9,M2--R,232422620484707/156250000000000,0,0,1,1
238,L1|L2|L3|R1|R2|R3,10,R--R0,2653577086178917/2500000000000000,1,1,1,1
238,L1|L2|L3|R1|R2|R3,11,R--R1,977114028526669/625000000000000,0,0,1,1
238,L1|L2|L3|R1|R2|R3,12,R--R2,1057321139987373/1250000000000000,0,0,1,1
238,L1|L2|L3|R1|R2|R3,13,R--R3,6037011260248397/5000000000000000,0,0,1,1
239,L0|L1|L2|L3|R1|R2|R3,0,L--L0,2703986192682027/2500000000000000,0,0,1,1
239,L0|L1|L2|L3|R1|R2|R3,1,L--L1,1849490373434169/2500000000000000,0,0,1,1
239,L0|L1|L2|L3|R1|R2|R3,2,L--L2,1464310966904731/1000000000000000,0,0,1,1
239,L0|L1|L2|L3|R1|R2|R3,3,L--L3,939396917435463/625000000000000,0,0,1,1
239,L0|L1|L2|L3|R1|R2|R3,4,L--M0,1213555857675263/1000000000000000,0,0,1,1
239,L0|L1|L2|L3|R1|R2|R3,5,L--M1,13994982322202127/10000000000000000,0,0,1,1
239,L0|L1|L2|L3|R1|R2|R3,6,L--M2,1768377335439391/1000000000000000,0,0,1,1
239,L0|L1|L2|L3|R1|R2|R3,7,M0--R,635985469756133/400000000000000,0,0,1,1
239,L0|L1|L2|L3|R1|R2|R3,8,M1--R,7464837598588827/5000000000000000,0,0,1,1
239,L0|L1|L2|L3|R1|R2|R3,9,M2--R,232422620484707/156250000000000,0,0,1,1
239,L0|L1|L2|L3|R1|R2|R3,10,R--R0,2653577086178917/2500000000000000,1,1,1,1
239,L0|L1|L2|L3|R1|R2|R3,11,R--R1,977114028526669/625000000000000,0,0,1,1
239,L0|L1|L2|L3|R1|R2|R3,12,R--R2,1057321139987373/1250000000000000,0,0,1,1
239,L0|L1|L2|L3|R1|R2|R3,13,R--R3,6037011260248397/5000000000000000,0,0,1,1
240,R0|R1|R2|R3,0,L--L0,2703986192682027/2500000000000000,0,0,1,1
240,R0|R1|R2|R3,1,L--L1,1849490373434169/2500000000000000,0,0,1,1
240,R0|R1|R2|R3,2,L--L2,1464310966904731/1000000000000000,0,0,1,1
240,R0|R1|R2|R3,3,L--L3,939396917435463/625000000000000,0,0,1,1
240,R0|R1|R2|R3,4,L--M0,1213555857675263/1000000000000000,1,1,1,1
240,R0|R1|R2|R3,5,L--M1,13994982322202127/10000000000000000,1,1,1,1
240,R0|R1|R2|R3,6,L--M2,1768377335439391/1000000000000000,0,0,1,1
240,R0|R1|R2|R3,7,M0--R,635985469756133/400000000000000,0,0,1,1
240,R0|R1|R2|R3,8,M1--R,7464837598588827/5000000000000000,0,0,1,1
240,R0|R1|R2|R3,9,M2--R,232422620484707/156250000000000,1,1,1,1
240,R0|R1|R2|R3,10,R--R0,2653577086178917/2500000000000000,0,0,1,1
240,R0|R1|R2|R3,11,R--R1,977114028526669/625000000000000,0,0,1,1
240,R0|R1|R2|R3,12,R--R2,1057321139987373/1250000000000000,0,0,1,1
240,R0|R1|R2|R3,13,R--R3,6037011260248397/5000000000000000,0,0,1,1
241,L0|R0|R1|R2|R3,0,L--L0,2703986192682027/2500000000000000,0,0,1,1
241,L0|R0|R1|R2|R3,1,L--L1,1849490373434169/2500000000000000,1,1,1,1
241,L0|R0|R1|R2|R3,2,L--L2,1464310966904731/1000000000000000,1,1,1,1
241,L0|R0|R1|R2|R3,3,L--L3,939396917435463/625000000000000,1,1,1,1
241,L0|R0|R1|R2|R3,4,L--M0,1213555857675263/1000000000000000,0,0,1,1
241,L0|R0|R1|R2|R3,5,L--M1,13994982322202127/10000000000000000,0,0,1,1
241,L0|R0|R1|R2|R3,6,L--M2,1768377335439391/1000000000000000,0,0,1,1
241,L0|R0|R1|R2|R3,7,M0--R,635985469756133/400000000000000,0,0,1,1
241,L0|R0|R1|R2|R3,8,M1--R,7464837598588827/5000000000000000,0,0,1,1
241,L0|R0|R1|R2|R3,9,M2--R,232422620484707/156250000000000,0,0,1,1
241,L0|R0|R1|R2|R3,10,R--R0,2653577086178917/2500000000000000,0,0,1,1
241,L0|R0|R1|R2|R3,11,R--R1,977114028526669/625000000000000,0,0,1,1
241,L0|R0|R1|R2|R3,12,R--R2,1057321139987373/1250000000000000,0,0,1,1
241,L0|R0|R1|R2|R3,13,R--R3,6037011260248397/5000000000000000,0,0,1,1
242,L1|R0|R1|R2|R3,0,L--L0,2703986192682027/2500000000000000,1,1,1,1
242,L1|R0|R1|R2|R3,1,L--L1,1849490373434169/2500000000000000,0,0,1,1
242,L1|R0|R1|R2|R3,2,L--L2,1464310966904731/1000000000000000,1,1,1,1
242,L1|R0|R1|R2|R3,3,L--L3,939396917435463/625000000000000,1,1,1,1
242,L1|R0|R1|R2|R3,4,L--M0,1213555857675263/1000000000000000,0,0,1,1
242,L1|R0|R1|R2|R3,5,L--M1,13994982322202127/10000000000000000,0,0,1,1
242,L1|R0|R1|R2|R3,6,L--M2,1768377335439391/1000000000000000,0,0,1,1
242,L1|R0|R1|R2|R3,7,M0--R,635985469756133/400000000000000,0,0,1,1
242,L1|R0|R1|R2|R3,8,M1--R,7464837598588827/5000000000000000,0,0,1,1
242,L1|R0|R1|R2|R3,9,M2--R,232422620484707/156250000000000,0,0,1,1
242,L1|R0|R1|R2|R3,10,R--R0,2653577086178917/2500000000000000,0,0,1,1
242,L1|R0|R1|R2|R3,11,R--R1,977114028526669/625000000000000,0,0,1,1
242,L1|R0|R1|R2|R3,12,R--R2,1057321139987373/1250000000000000,0,0,1,1
242,L1|R0|R1|R2|R3,13,R--R3,6037011260248397/5000000000000000,0,0,1,1
243,L0|L1|R0|R1|R2|R3,0,L--L0,2703986192682027/2500000000000000,0,0,1,1
243,L0|L1|R0|R1|R2|R3,1,L--L1,1849490373434169/2500000000000000,0,0,1,1
243,L0|L1|R0|R1|R2|R3,2,L--L2,1464310966904731/1000000000000000,1,1,1,1
243,L0|L1|R0|R1|R2|R3,3,L--L3,939396917435463/625000000000000,1,1,1,1
243,L0|L1|R0|R1|R2|R3,4,L--M0,1213555857675263/1000000000000000,0,0,1,1
243,L0|L1|R0|R1|R2|R3,5,L--M1,13994982322202127/10000000000000000,0,0,1,1
243,L0|L1|R0|R1|R2|R3,6,L--M2,1768377335439391/1000000000000000,0,0,1,1
243,L0|L1|R0|R1|R2|R3,7,M0--R,635985469756133/400000000000000,0,0,1,1
243,L0|L1|R0|R1|R2|R3,8,M1--R,7464837598588827/5000000000000000,0,0,1,1
243,L0|L1|R0|R1|R2|R3,9,M2--R,232422620484707/156250000000000,0,0,1,1
243,L0|L1|R0|R1|R2|R3,10,R--R0,2653577086178917/2500000000000000,0,0,1,1
243,L0|L1|R0|R1|R2|R3,11,R--R1,977114028526669/625000000000000,0,0,1,1
243,L0|L1|R0|R1|R2|R3,12,R--R2,1057321139987373/1250000000000000,0,0,1,1
243,L0|L1|R0|R1|R2|R3,13,R--R3,6037011260248397/5000000000000000,0,0,1,1
244,L2|R0|R1|R2|R3,0,L--L0,2703986192682027/2500000000000000,1,1,1,1
244,L2|R0|R1|R2|R3,1,L--L1,1849490373434169/2500000000000000,1,1,1,1
244,L2|R0|R1|R2|R3,2,L--L2,1464310966904731/1000000000000000,0,0,1,1
244,L2|R0|R1|R2|R3,3,L--L3,939396917435463/625000000000000,1,1,1,1
244,L2|R0|R1|R2|R3,4,L--M0,1213555857675263/1000000000000000,0,0,1,1
244,L2|R0|R1|R2|R3,5,L--M1,13994982322202127/10000000000000000,0,0,1,1
244,L2|R0|R1|R2|R3,6,L--M2,1768377335439391/1000000000000000,0,0,1,1
244,L2|R0|R1|R2|R3,7,M0--R,635985469756133/400000000000000,0,0,1,1
244,L2|R0|R1|R2|R3,8,M1--R,7464837598588827/5000000000000000,0,0,1,1
244,L2|R0|R1|R2|R3,9,M2--R,232422620484707/156250000000000,0,0,1,1
244,L2|R0|R1|R2|R3,10,R--R0,2653577086178917/2500000000000000,0,0,1,1
244,L2|R0|R1|R2|R3,11,R--R1,977114028526669/625000000000000,0,0,1,1
244,L2|R0|R1|R2|R3,12,R--R2,1057321139987373/1250000000000000,0,0,1,1
244,L2|R0|R1|R2|R3,13,R--R3,6037011260248397/5000000000000000,0,0,1,1
245,L0|L2|R0|R1|R2|R3,0,L--L0,2703986192682027/2500000000000000,0,0,1,1
245,L0|L2|R0|R1|R2|R3,1,L--L1,1849490373434169/2500000000000000,1,1,1,1
245,L0|L2|R0|R1|R2|R3,2,L--L2,1464310966904731/1000000000000000,0,0,1,1
245,L0|L2|R0|R1|R2|R3,3,L--L3,939396917435463/625000000000000,1,1,1,1
245,L0|L2|R0|R1|R2|R3,4,L--M0,1213555857675263/1000000000000000,0,0,1,1
245,L0|L2|R0|R1|R2|R3,5,L--M1,13994982322202127/10000000000000000,0,0,1,1
245,L0|L2|R0|R1|R2|R3,6,L--M2,1768377335439391/1000000000000000,0,0,1,1
245,L0|L2|R0|R1|R2|R3,7,M0--R,635985469756133/400000000000000,0,0,1,1
245,L0|L2|R0|R1|R2|R3,8,M1--R,7464837598588827/5000000000000000,0,0,1,1
245,L0|L2|R0|R1|R2|R3,9,M2--R,232422620484707/156250000000000,0,0,1,1
245,L0|L2|R0|R1|R2|R3,10,R--R0,2653577086178917/2500000000000000,0,0,1,1
245,L0|L2|R0|R1|R2|R3,11,R--R1,977114028526669/625000000000000,0,0,1,1
245,L0|L2|R0|R1|R2|R3,12,R--R2,1057321139987373/1250000000000000,0,0,1,1
245,L0|L2|R0|R1|R2|R3,13,R--R3,6037011260248397/5000000000000000,0,0,1,1
246,L1|L2|R0|R1|R2|R3,0,L--L0,2703986192682027/2500000000000000,1,1,1,1
246,L1|L2|R0|R1|R2|R3,1,L--L1,1849490373434169/2500000000000000,0,0,1,1
246,L1|L2|R0|R1|R2|R3,2,L--L2,1464310966904731/1000000000000000,0,0,1,1
246,L1|L2|R0|R1|R2|R3,3,L--L3,939396917435463/625000000000000,1,1,1,1
246,L1|L2|R0|R1|R2|R3,4,L--M0,1213555857675263/1000000000000000,0,0,1,1
246,L1|L2|R0|R1|R2|R3,5,L--M1,13994982322202127/10000000000000000,0,0,1,1
246,L1|L2|R0|R1|R2|R3,6,L--M2,1768377335439391/1000000000000000,0,0,1,1
246,L1|L2|R0|R1|R2|R3,7,M0--R,635985469756133/400000000000000,0,0,1,1
246,L1|L2|R0|R1|R2|R3,8,M1--R,7464837598588827/5000000000000000,0,0,1,1
246,L1|L2|R0|R1|R2|R3,9,M2--R,232422620484707/156250000000000,0,0,1,1
246,L1|L2|R0|R1|R2|R3,10,R--R0,2653577086178917/2500000000000000,0,0,1,1
246,L1|L2|R0|R1|R2|R3,11,R--R1,977114028526669/625000000000000,0,0,1,1
246,L1|L2|R0|R1|R2|R3,12,R--R2,1057321139987373/1250000000000000,0,0,1,1
246,L1|L2|R0|R1|R2|R3,13,R--R3,6037011260248397/5000000000000000,0,0,1,1
247,L0|L1|L2|R0|R1|R2|R3,0,L--L0,2703986192682027/2500000000000000,0,0,1,1
247,L0|L1|L2|R0|R1|R2|R3,1,L--L1,1849490373434169/2500000000000000,0,0,1,1
247,L0|L1|L2|R0|R1|R2|R3,2,L--L2,1464310966904731/1000000000000000,0,0,1,1
247,L0|L1|L2|R0|R1|R2|R3,3,L--L3,939396917435463/625000000000000,1,1,1,1
247,L0|L1|L2|R0|R1|R2|R3,4,L--M0,1213555857675263/1000000000000000,0,0,1,1
247,L0|L1|L2|R0|R1|R2|R3,5,L--M1,13994982322202127/10000000000000000,0,0,1,1
247,L0|L1|L2|R0|R1|R2|R3,6,L--M2,1768377335439391/1000000000000000,0,0,1,1
247,L0|L1|L2|R0|R1|R2|R3,7,M0--R,635985469756133/400000000000000,0,0,1,1
247,L0|L1|L2|R0|R1|R2|R3,8,M1--R,7464837598588827/5000000000000000,0,0,1,1
247,L0|L1|L2|R0|R1|R2|R3,9,M2--R,232422620484707/156250000000000,0,0,1,1
247,L0|L1|L2|R0|R1|R2|R3,10,R--R0,2653577086178917/2500000000000000,0,0,1,1
247,L0|L1|L2|R0|R1|R2|R3,11,R--R1,977114028526669/625000000000000,0,0,1,1
247,L0|L1|L2|R0|R1|R2|R3,12,R--R2,1057321139987373/1250000000000000,0,0,1,1
247,L0|L1|L2|R0|R1|R2|R3,13,R--R3,6037011260248397/5000000000000000,0,0,1,1
248,L3|R0|R1|R2|R3,0,L--L0,2703986192682027/2500000000000000,1,1,1,1
248,L3|R0|R1|R2|R3,1,L--L1,1849490373434169/2500000000000000,1,1,1,1
248,L3|R0|R1|R2|R3,2,L--L2,1464310966904731/1000000000000000,1,1,1,1
248,L3|R0|R1|R2|R3,3,L--L3,939396917435463/625000000000000,0,0,1,1
248,L3|R0|R1|R2|R3,4,L--M0,1213555857675263/1000000000000000,0,0,1,1
248,L3|R0|R1|R2|R3,5,L--M1,13994982322202127/10000000000000000,0,0,1,1
248,L3|R0|R1|R2|R3,6,L--M2,1768377335439391/1000000000000000,0,0,1,1
248,L3|R0|R1|R2|R3,7,M0--R,635985469756133/400000000000000,0,0,1,1
248,L3|R0|R1|R2|R3,8,M1--R,7464837598588827/5000000000000000,0,0,1,1
248,L3|R0|R1|R2|R3,9,M2--R,232422620484707/156250000000000,0,0,1,1
248,L3|R0|R1|R2|R3,10,R--R0,2653577086178917/2500000000000000,0,0,1,1
248,L3|R0|R1|R2|R3,11,R--R1,977114028526669/625000000000000,0,0,1,1
248,L3|R0|R1|R2|R3,12,R--R2,1057321139987373/1250000000000000,0,0,1,1
248,L3|R0|R1|R2|R3,13,R--R3,6037011260248397/5000000000000000,0,0,1,1
249,L0|L3|R0|R1|R2|R3,0,L--L0,2703986192682027/2500000000000000,0,0,1,1
249,L0|L3|R0|R1|R2|R3,1,L--L1,1849490373434169/2500000000000000,1,1,1,1
249,L0|L3|R0|R1|R2|R3,2,L--L2,1464310966904731/1000000000000000,1,1,1,1
249,L0|L3|R0|R1|R2|R3,3,L--L3,939396917435463/625000000000000,0,0,1,1
249,L0|L3|R0|R1|R2|R3,4,L--M0,1213555857675263/1000000000000000,0,0,1,1
249,L0|L3|R0|R1|R2|R3,5,L--M1,13994982322202127/10000000000000000,0,0,1,1
249,L0|L3|R0|R1|R2|R3,6,L--M2,1768377335439391/1000000000000000,0,0,1,1
249,L0|L3|R0|R1|R2|R3,7,M0--R,635985469756133/400000000000000,0,0,1,1
249,L0|L3|R0|R1|R2|R3,8,M1--R,7464837598588827/5000000000000000,0,0,1,1
249,L0|L3|R0|R1|R2|R3,9,M2--R,232422620484707/156250000000000,0,0,1,1
249,L0|L3|R0|R1|R2|R3,10,R--R0,2653577086178917/2500000000000000,0,0,1,1
249,L0|L3|R0|R1|R2|R3,11,R--R1,977114028526669/625000000000000,0,0,1,1
249,L0|L3|R0|R1|R2|R3,12,R--R2,1057321139987373/1250000000000000,0,0,1,1
249,L0|L3|R0|R1|R2|R3,13,R--R3,6037011260248397/5000000000000000,0,0,1,1
250,L1|L3|R0|R1|R2|R3,0,L--L0,2703986192682027/2500000000000000,1,1,1,1
250,L1|L3|R0|R1|R2|R3,1,L--L1,1849490373434169/2500000000000000,0,0,1,1
250,L1|L3|R0|R1|R2|R3,2,L--L2,1464310966904731/1000000000000000,1,1,1,1
250,L1|L3|R0|R1|R2|R3,3,L--L3,939396917435463/625000000000000,0,0,1,1
250,L1|L3|R0|R1|R2|R3,4,L--M0,1213555857675263/1000000000000000,0,0,1,1
250,L1|L3|R0|R1|R2|R3,5,L--M1,13994982322202127/10000000000000000,0,0,1,1
250,L1|L3|R0|R1|R2|R3,6,L--M2,1768377335439391/1000000000000000,0,0,1,1
250,L1|L3|R0|R1|R2|R3,7,M0--R,635985469756133/400000000000000,0,0,1,1
250,L1|L3|R0|R1|R2|R3,8,M1--R,7464837598588827/5000000000000000,0,0,1,1
250,L1|L3|R0|R1|R2|R3,9,M2--R,232422620484707/156250000000000,0,0,1,1
250,L1|L3|R0|R1|R2|R3,10,R--R0,2653577086178917/2500000000000000,0,0,1,1
250,L1|L3|R0|R1|R2|R3,11,R--R1,977114028526669/625000000000000,0,0,1,1
250,L1|L3|R0|R1|R2|R3,12,R--R2,1057321139987373/1250000000000000,0,0,1,1
250,L1|L3|R0|R1|R2|R3,13,R--R3,6037011260248397/5000000000000000,0,0,1,1
251,L0|L1|L3|R0|R1|R2|R3,0,L--L0,2703986192682027/2500000000000000,0,0,1,1
251,L0|L1|L3|R0|R1|R2|R3,1,L--L1,1849490373434169/2500000000000000,0,0,1,1
251,L0|L1|L3|R0|R1|R2|R3,2,L--L2,1464310966904731/1000000000000000,1,1,1,1
251,L0|L1|L3|R0|R1|R2|R3,3,L--L3,939396917435463/625000000000000,0,0,1,1
251,L0|L1|L3|R0|R1|R2|R3,4,L--M0,1213555857675263/1000000000000000,0,0,1,1
251,L0|L1|L3|R0|R1|R2|R3,5,L--M1,13994982322202127/10000000000000000,0,0,1,1
251,L0|L1|L3|R0|R1|R2|R3,6,L--M2,1768377335439391/1000000000000000,0,0,1,1
251,L0|L1|L3|R0|R1|R2|R3,7,M0--R,635985469756133/400000000000000,0,0,1,1
251,L0|L1|L3|R0|R1|R2|R3,8,M1--R,7464837598588827/5000000000000000,0,0,1,1
251,L0|L1|L3|R0|R1|R2|R3,9,M2--R,232422620484707/156250000000000,0,0,1,1
251,L0|L1|L3|R0|R1|R2|R3,10,R--R0,2653577086178917/2500000000000000,0,0,1,1
251,L0|L1|L3|R0|R1|R2|R3,11,R--R1,977114028526669/625000000000000,0,0,1,1
251,L0|L1|L3|R0|R1|R2|R3,12,R--R2,1057321139987373/1250000000000000,0,0,1,1
251,L0|L1|L3|R0|R1|R2|R3,13,R--R3,6037011260248397/5000000000000000,0,0,1,1
252,L2|L3|R0|R1|R2|R3,0,L--L0,2703986192682027/2500000000000000,1,1,1,1
252,L2|L3|R0|R1|R2|R3,1,L--L1,1849490373434169/2500000000000000,1,1,1,1
252,L2|L3|R0|R1|R2|R3,2,L--L2,1464310966904731/1000000000000000,0,0,1,1
252,L2|L3|R0|R1|R2|R3,3,L--L3,939396917435463/625000000000000,0,0,1,1
252,L2|L3|R0|R1|R2|R3,4,L--M0,1213555857675263/1000000000000000,0,0,1,1
252,L2|L3|R0|R1|R2|R3,5,L--M1,13994982322202127/10000000000000000,0,0,1,1
252,L2|L3|R0|R1|R2|R3,6,L--M2,1768377335439391/1000000000000000,0,0,1,1
252,L2|L3|R0|R1|R2|R3,7,M0--R,635985469756133/400000000000000,0,0,1,1
252,L2|L3|R0|R1|R2|R3,8,M1--R,7464837598588827/5000000000000000,0,0,1,1
252,L2|L3|R0|R1|R2|R3,9,M2--R,232422620484707/156250000000000,0,0,1,1
252,L2|L3|R0|R1|R2|R3,10,R--R0,2653577086178917/2500000000000000,0,0,1,1
252,L2|L3|R0|R1|R2|R3,11,R--R1,977114028526669/625000000000000,0,0,1,1
252,L2|L3|R0|R1|R2|R3,12,R--R2,1057321139987373/1250000000000000,0,0,1,1
252,L2|L3|R0|R1|R2|R3,13,R--R3,6037011260248397/5000000000000000,0,0,1,1
253,L0|L2|L3|R0|R1|R2|R3,0,L--L0,2703986192682027/2500000000000000,0,0,1,1
253,L0|L2|L3|R0|R1|R2|R3,1,L--L1,1849490373434169/2500000000000000,1,1,1,1
253,L0|L2|L3|R0|R1|R2|R3,2,L--L2,1464310966904731/1000000000000000,0,0,1,1
253,L0|L2|L3|R0|R1|R2|R3,3,L--L3,939396917435463/625000000000000,0,0,1,1
253,L0|L2|L3|R0|R1|R2|R3,4,L--M0,1213555857675263/1000000000000000,0,0,1,1
253,L0|L2|L3|R0|R1|R2|R3,5,L--M1,13994982322202127/10000000000000000,0,0,1,1
253,L0|L2|L3|R0|R1|R2|R3,6,L--M2,1768377335439391/1000000000000000,0,0,1,1
253,L0|L2|L3|R0|R1|R2|R3,7,M0--R,635985469756133/400000000000000,0,0,1,1
253,L0|L2|L3|R0|R1|R2|R3,8,M1--R,7464837598588827/5000000000000000,0,0,1,1
253,L0|L2|L3|R0|R1|R2|R3,9,M2--R,232422620484707/156250000000000,0,0,1,1
253,L0|L2|L3|R0|R1|R2|R3,10,R--R0,2653577086178917/2500000000000000,0,0,1,1
253,L0|L2|L3|R0|R1|R2|R3,11,R--R1,977114028526669/625000000000000,0,0,1,1
253,L0|L2|L3|R0|R1|R2|R3,12,R--R2,1057321139987373/1250000000000000,0,0,1,1
253,L0|L2|L3|R0|R1|R2|R3,13,R--R3,6037011260248397/5000000000000000,0,0,1,1
254,L1|L2|L3|R0|R1|R2|R3,0,L--L0,2703986192682027/2500000000000000,1,1,1,1
254,L1|L2|L3|R0|R1|R2|R3,1,L--L1,1849490373434169/2500000000000000,0,0,1,1
254,L1|L2|L3|R0|R1|R2|R3,2,L--L2,1464310966904731/1000000000000000,0,0,1,1
254,L1|L2|L3|R0|R1|R2|R3,3,L--L3,939396917435463/625000000000000,0,0,1,1
254,L1|L2|L3|R0|R1|R2|R3,4,L--M0,1213555857675263/1000000000000000,0,0,1,1
254,L1|L2|L3|R0|R1|R2|R3,5,L--M1,13994982322202127/10000000000000000,0,0,1,1
254,L1|L2|L3|R0|R1|R2|R3,6,L--M2,1768377335439391/1000000000000000,0,0,1,1
254,L1|L2|L3|R0|R1|R2|R3,7,M0--R,635985469756133/400000000000000,0,0,1,1
254,L1|L2|L3|R0|R1|R2|R3,8,M1--R,7464837598588827/5000000000000000,0,0,1,1
254,L1|L2|L3|R0|R1|R2|R3,9,M2--R,232422620484707/156250000000000,0,0,1,1
254,L1|L2|L3|R0|R1|R2|R3,10,R--R0,2653577086178917/2500000000000000,0,0,1,1
254,L1|L2|L3|R0|R1|R2|R3,11,R--R1,977114028526669/625000000000000,0,0,1,1
254,L1|L2|L3|R0|R1|R2|R3,12,R--R2,1057321139987373/1250000000000000,0,0,1,1
254,L1|L2|L3|R0|R1|R2|R3,13,R--R3,6037011260248397/5000000000000000,0,0,1,1
