source,structure_id,factor_count,u1_roles,ranks,dimensions,total_rank,total_slots,charge_basis_dim,tested_charge_vectors,selected_charge_vectors,complex_rep_exists,chirality_ok,charge_quantized,anomaly_free,witten_ok,closes,failure_reason,minimal_score,cubic_coefficients,mixed_coefficients,gravity_sum,charge_cubed_sum,verdict_computed,content_pattern,computed_reason
widened_enumeration,rnone_u0,0,0,none,none,0,0,0,0,none,False,False,False,False,True,False,chirality_test_failed,0|0|0|0,none,none,0,0,True,,
widened_enumeration,rnone_u1,0,1,none,none,0,0,0,0,none,False,False,False,False,True,False,chirality_test_failed,0|0|0|1,none,none,0,0,True,,
widened_enumeration,rnone_u2,0,2,none,none,0,0,0,0,none,False,False,False,False,True,False,chirality_test_failed,0|0|0|2,none,none,0,0,True,,
widened_enumeration,rnone_u3,0,3,none,none,0,0,0,0,none,False,False,False,False,True,False,chirality_test_failed,0|0|0|3,none,none,0,0,True,,
widened_enumeration,r1_u0,1,0,1,2,1,2,0,0,none,False,False,False,False,False,False,chirality_test_failed,1|2|1|0,0,none,0,0,True,,
widened_enumeration,r1_u1,1,1,1,2,1,2,0,0,none,False,False,False,False,False,False,chirality_test_failed,1|2|1|1,0,none,0,0,True,,
widened_enumeration,r1_u2,1,2,1,2,1,2,0,0,none,False,False,False,False,False,False,chirality_test_failed,1|2|1|2,0,none,0,0,True,,
widened_enumeration,r1_u3,1,3,1,2,1,2,0,0,none,False,False,False,False,False,False,chirality_test_failed,1|2|1|3,0,none,0,0,True,,
widened_enumeration,r2_u0,1,0,2,3,2,3,0,0,none,True,True,False,False,True,False,computed_total_slot_anomaly_obstruction,2|3|1|0,-2,none,0,0,True,,
widened_enumeration,r2_u1,1,1,2,3,2,3,0,0,none,True,True,False,False,True,False,computed_total_slot_anomaly_obstruction,2|3|1|1,-2,none,0,0,True,,
widened_enumeration,r2_u2,1,2,2,3,2,3,0,0,none,True,True,False,False,True,False,computed_total_slot_anomaly_obstruction,2|3|1|2,-2,none,0,0,True,,
widened_enumeration,r2_u3,1,3,2,3,2,3,0,0,none,True,True,False,False,True,False,computed_total_slot_anomaly_obstruction,2|3|1|3,-2,none,0,0,True,,
widened_enumeration,r3_u0,1,0,3,4,3,4,0,0,none,True,True,False,False,True,False,computed_total_slot_anomaly_obstruction,3|4|1|0,-1,none,0,0,True,,
widened_enumeration,r3_u1,1,1,3,4,3,4,0,0,none,True,True,False,False,True,False,computed_total_slot_anomaly_obstruction,3|4|1|1,-1,none,0,0,True,,
widened_enumeration,r3_u2,1,2,3,4,3,4,0,0,none,True,True,False,False,True,False,computed_total_slot_anomaly_obstruction,3|4|1|2,-1,none,0,0,True,,
widened_enumeration,r3_u3,1,3,3,4,3,4,0,0,none,True,True,False,False,True,False,computed_total_slot_anomaly_obstruction,3|4|1|3,-1,none,0,0,True,,
widened_enumeration,r4_u0,1,0,4,5,4,5,0,0,none,True,True,False,False,True,False,no_abelian_role_for_charge_grid,4|5|1|0,0,none,0,0,True,,
widened_enumeration,r4_u1,1,1,4,5,4,5,0,0,none,True,True,False,False,True,False,charge_basis_rank_too_small,4|5|1|1,0,none,0,0,True,,
widened_enumeration,r4_u2,1,2,4,5,4,5,0,0,none,True,True,False,False,True,False,charge_basis_rank_too_small,4|5|1|2,0,none,0,0,True,,
widened_enumeration,r4_u3,1,3,4,5,4,5,0,0,none,True,True,False,False,True,False,charge_basis_rank_too_small,4|5|1|3,0,none,0,0,True,,
widened_enumeration,r5_u0,1,0,5,6,5,6,0,0,none,True,True,False,False,True,False,computed_total_slot_anomaly_obstruction,5|6|1|0,1,none,0,0,True,,
widened_enumeration,r5_u1,1,1,5,6,5,6,0,0,none,True,True,False,False,True,False,computed_total_slot_anomaly_obstruction,5|6|1|1,1,none,0,0,True,,
widened_enumeration,r5_u2,1,2,5,6,5,6,0,0,none,True,True,False,False,True,False,computed_total_slot_anomaly_obstruction,5|6|1|2,1,none,0,0,True,,
widened_enumeration,r5_u3,1,3,5,6,5,6,0,0,none,True,True,False,False,True,False,computed_total_slot_anomaly_obstruction,5|6|1|3,1,none,0,0,True,,
widened_enumeration,r6_u0,1,0,6,7,6,7,0,0,none,True,True,False,False,True,False,computed_total_slot_anomaly_obstruction,6|7|1|0,2,none,0,0,True,,
widened_enumeration,r6_u1,1,1,6,7,6,7,0,0,none,True,True,False,False,True,False,computed_total_slot_anomaly_obstruction,6|7|1|1,2,none,0,0,True,,
widened_enumeration,r6_u2,1,2,6,7,6,7,0,0,none,True,True,False,False,True,False,computed_total_slot_anomaly_obstruction,6|7|1|2,2,none,0,0,True,,
widened_enumeration,r6_u3,1,3,6,7,6,7,0,0,none,True,True,False,False,True,False,computed_total_slot_anomaly_obstruction,6|7|1|3,2,none,0,0,True,,
widened_enumeration,r1|1_u0,2,0,1|1,2|2,2,4,1,0,none,False,False,False,False,False,False,chirality_test_failed,2|4|2|0,0|0,none,0,0,True,,
widened_enumeration,r1|1_u1,2,1,1|1,2|2,2,4,1,0,none,False,False,False,False,False,False,chirality_test_failed,2|4|2|1,0|0,none,0,0,True,,
widened_enumeration,r1|1_u2,2,2,1|1,2|2,2,4,1,0,none,False,False,False,False,False,False,chirality_test_failed,2|4|2|2,0|0,none,0,0,True,,
widened_enumeration,r1|1_u3,2,3,1|1,2|2,2,4,1,0,none,False,False,False,False,False,False,chirality_test_failed,2|4|2|3,0|0,none,0,0,True,,
widened_enumeration,r1|2_u0,2,0,1|2,2|3,3,5,1,0,none,True,True,False,False,True,False,no_abelian_role_for_charge_grid,3|5|2|0,0|0,none,0,0,True,,
widened_enumeration,r1|2_u1,2,1,1|2,2|3,3,5,1,1,3|-2,True,True,True,True,True,True,closes,3|5|2|1,0|0,0|0,0,0,True,,
widened_enumeration,r1|2_u2,2,2,1|2,2|3,3,5,1,0,none,True,True,False,False,True,False,charge_basis_rank_too_small,3|5|2|2,0|0,none,0,0,True,,
widened_enumeration,r1|2_u3,2,3,1|2,2|3,3,5,1,0,none,True,True,False,False,True,False,charge_basis_rank_too_small,3|5|2|3,0|0,none,0,0,True,,
widened_enumeration,r1|3_u0,2,0,1|3,2|4,4,6,1,0,none,True,True,False,False,False,False,computed_total_slot_anomaly_obstruction,4|6|2|0,0|1,none,0,0,True,,
widened_enumeration,r1|3_u1,2,1,1|3,2|4,4,6,1,0,none,True,True,False,False,False,False,computed_total_slot_anomaly_obstruction,4|6|2|1,0|1,none,0,0,True,,
widened_enumeration,r1|3_u2,2,2,1|3,2|4,4,6,1,0,none,True,True,False,False,False,False,computed_total_slot_anomaly_obstruction,4|6|2|2,0|1,none,0,0,True,,
widened_enumeration,r1|3_u3,2,3,1|3,2|4,4,6,1,0,none,True,True,False,False,False,False,computed_total_slot_anomaly_obstruction,4|6|2|3,0|1,none,0,0,True,,
widened_enumeration,r1|4_u0,2,0,1|4,2|5,5,7,1,0,none,True,True,False,False,True,False,computed_total_slot_anomaly_obstruction,5|7|2|0,0|2,none,0,0,True,,
widened_enumeration,r1|4_u1,2,1,1|4,2|5,5,7,1,0,none,True,True,False,False,True,False,computed_total_slot_anomaly_obstruction,5|7|2|1,0|2,none,0,0,True,,
widened_enumeration,r1|4_u2,2,2,1|4,2|5,5,7,1,0,none,True,True,False,False,True,False,computed_total_slot_anomaly_obstruction,5|7|2|2,0|2,none,0,0,True,,
widened_enumeration,r1|4_u3,2,3,1|4,2|5,5,7,1,0,none,True,True,False,False,True,False,computed_total_slot_anomaly_obstruction,5|7|2|3,0|2,none,0,0,True,,
widened_enumeration,r1|5_u0,2,0,1|5,2|6,6,8,1,0,none,True,True,False,False,False,False,computed_total_slot_anomaly_obstruction,6|8|2|0,0|3,none,0,0,True,,
widened_enumeration,r1|5_u1,2,1,1|5,2|6,6,8,1,0,none,True,True,False,False,False,False,computed_total_slot_anomaly_obstruction,6|8|2|1,0|3,none,0,0,True,,
widened_enumeration,r1|5_u2,2,2,1|5,2|6,6,8,1,0,none,True,True,False,False,False,False,computed_total_slot_anomaly_obstruction,6|8|2|2,0|3,none,0,0,True,,
widened_enumeration,r1|5_u3,2,3,1|5,2|6,6,8,1,0,none,True,True,False,False,False,False,computed_total_slot_anomaly_obstruction,6|8|2|3,0|3,none,0,0,True,,
widened_enumeration,r1|6_u0,2,0,1|6,2|7,7,9,1,0,none,True,True,False,False,True,False,computed_total_slot_anomaly_obstruction,7|9|2|0,0|4,none,0,0,True,,
widened_enumeration,r1|6_u1,2,1,1|6,2|7,7,9,1,0,none,True,True,False,False,True,False,computed_total_slot_anomaly_obstruction,7|9|2|1,0|4,none,0,0,True,,
widened_enumeration,r1|6_u2,2,2,1|6,2|7,7,9,1,0,none,True,True,False,False,True,False,computed_total_slot_anomaly_obstruction,7|9|2|2,0|4,none,0,0,True,,
widened_enumeration,r1|6_u3,2,3,1|6,2|7,7,9,1,0,none,True,True,False,False,True,False,computed_total_slot_anomaly_obstruction,7|9|2|3,0|4,none,0,0,True,,
widened_enumeration,r2|2_u0,2,0,2|2,3|3,4,6,1,0,none,True,True,False,False,True,False,computed_total_slot_anomaly_obstruction,4|6|2|0,1|1,none,0,0,True,,
widened_enumeration,r2|2_u1,2,1,2|2,3|3,4,6,1,0,none,True,True,False,False,True,False,computed_total_slot_anomaly_obstruction,4|6|2|1,1|1,none,0,0,True,,
widened_enumeration,r2|2_u2,2,2,2|2,3|3,4,6,1,0,none,True,True,False,False,True,False,computed_total_slot_anomaly_obstruction,4|6|2|2,1|1,none,0,0,True,,
widened_enumeration,r2|2_u3,2,3,2|2,3|3,4,6,1,0,none,True,True,False,False,True,False,computed_total_slot_anomaly_obstruction,4|6|2|3,1|1,none,0,0,True,,
widened_enumeration,r2|3_u0,2,0,2|3,3|4,5,7,1,0,none,True,True,False,False,True,False,computed_total_slot_anomaly_obstruction,5|7|2|0,2|2,none,0,0,True,,
widened_enumeration,r2|3_u1,2,1,2|3,3|4,5,7,1,0,none,True,True,False,False,True,False,computed_total_slot_anomaly_obstruction,5|7|2|1,2|2,none,0,0,True,,
widened_enumeration,r2|3_u2,2,2,2|3,3|4,5,7,1,0,none,True,True,False,False,True,False,computed_total_slot_anomaly_obstruction,5|7|2|2,2|2,none,0,0,True,,
widened_enumeration,r2|3_u3,2,3,2|3,3|4,5,7,1,0,none,True,True,False,False,True,False,computed_total_slot_anomaly_obstruction,5|7|2|3,2|2,none,0,0,True,,
widened_enumeration,r2|4_u0,2,0,2|4,3|5,6,8,1,0,none,True,True,False,False,True,False,computed_total_slot_anomaly_obstruction,6|8|2|0,3|3,none,0,0,True,,
widened_enumeration,r2|4_u1,2,1,2|4,3|5,6,8,1,0,none,True,True,False,False,True,False,computed_total_slot_anomaly_obstruction,6|8|2|1,3|3,none,0,0,True,,
widened_enumeration,r2|4_u2,2,2,2|4,3|5,6,8,1,0,none,True,True,False,False,True,False,computed_total_slot_anomaly_obstruction,6|8|2|2,3|3,none,0,0,True,,
widened_enumeration,r2|4_u3,2,3,2|4,3|5,6,8,1,0,none,True,True,False,False,True,False,computed_total_slot_anomaly_obstruction,6|8|2|3,3|3,none,0,0,True,,
widened_enumeration,r2|5_u0,2,0,2|5,3|6,7,9,1,0,none,True,True,False,False,True,False,computed_total_slot_anomaly_obstruction,7|9|2|0,4|4,none,0,0,True,,
widened_enumeration,r2|5_u1,2,1,2|5,3|6,7,9,1,0,none,True,True,False,False,True,False,computed_total_slot_anomaly_obstruction,7|9|2|1,4|4,none,0,0,True,,
widened_enumeration,r2|5_u2,2,2,2|5,3|6,7,9,1,0,none,True,True,False,False,True,False,computed_total_slot_anomaly_obstruction,7|9|2|2,4|4,none,0,0,True,,
widened_enumeration,r2|5_u3,2,3,2|5,3|6,7,9,1,0,none,True,True,False,False,True,False,computed_total_slot_anomaly_obstruction,7|9|2|3,4|4,none,0,0,True,,
widened_enumeration,r2|6_u0,2,0,2|6,3|7,8,10,1,0,none,True,True,False,False,True,False,computed_total_slot_anomaly_obstruction,8|10|2|0,5|5,none,0,0,True,,
widened_enumeration,r2|6_u1,2,1,2|6,3|7,8,10,1,0,none,True,True,False,False,True,False,computed_total_slot_anomaly_obstruction,8|10|2|1,5|5,none,0,0,True,,
widened_enumeration,r2|6_u2,2,2,2|6,3|7,8,10,1,0,none,True,True,False,False,True,False,computed_total_slot_anomaly_obstruction,8|10|2|2,5|5,none,0,0,True,,
widened_enumeration,r2|6_u3,2,3,2|6,3|7,8,10,1,0,none,True,True,False,False,True,False,computed_total_slot_anomaly_obstruction,8|10|2|3,5|5,none,0,0,True,,
widened_enumeration,r3|3_u0,2,0,3|3,4|4,6,8,1,0,none,True,True,False,False,True,False,computed_total_slot_anomaly_obstruction,6|8|2|0,3|3,none,0,0,True,,
widened_enumeration,r3|3_u1,2,1,3|3,4|4,6,8,1,0,none,True,True,False,False,True,False,computed_total_slot_anomaly_obstruction,6|8|2|1,3|3,none,0,0,True,,
widened_enumeration,r3|3_u2,2,2,3|3,4|4,6,8,1,0,none,True,True,False,False,True,False,computed_total_slot_anomaly_obstruction,6|8|2|2,3|3,none,0,0,True,,
widened_enumeration,r3|3_u3,2,3,3|3,4|4,6,8,1,0,none,True,True,False,False,True,False,computed_total_slot_anomaly_obstruction,6|8|2|3,3|3,none,0,0,True,,
widened_enumeration,r3|4_u0,2,0,3|4,4|5,7,9,1,0,none,True,True,False,False,True,False,computed_total_slot_anomaly_obstruction,7|9|2|0,4|4,none,0,0,True,,
widened_enumeration,r3|4_u1,2,1,3|4,4|5,7,9,1,0,none,True,True,False,False,True,False,computed_total_slot_anomaly_obstruction,7|9|2|1,4|4,none,0,0,True,,
widened_enumeration,r3|4_u2,2,2,3|4,4|5,7,9,1,0,none,True,True,False,False,True,False,computed_total_slot_anomaly_obstruction,7|9|2|2,4|4,none,0,0,True,,
widened_enumeration,r3|4_u3,2,3,3|4,4|5,7,9,1,0,none,True,True,False,False,True,False,computed_total_slot_anomaly_obstruction,7|9|2|3,4|4,none,0,0,True,,
widened_enumeration,r3|5_u0,2,0,3|5,4|6,8,10,1,0,none,True,True,False,False,True,False,computed_total_slot_anomaly_obstruction,8|10|2|0,5|5,none,0,0,True,,
widened_enumeration,r3|5_u1,2,1,3|5,4|6,8,10,1,0,none,True,True,False,False,True,False,computed_total_slot_anomaly_obstruction,8|10|2|1,5|5,none,0,0,True,,
widened_enumeration,r3|5_u2,2,2,3|5,4|6,8,10,1,0,none,True,True,False,False,True,False,computed_total_slot_anomaly_obstruction,8|10|2|2,5|5,none,0,0,True,,
widened_enumeration,r3|5_u3,2,3,3|5,4|6,8,10,1,0,none,True,True,False,False,True,False,computed_total_slot_anomaly_obstruction,8|10|2|3,5|5,none,0,0,True,,
widened_enumeration,r3|6_u0,2,0,3|6,4|7,9,11,1,0,none,True,True,False,False,True,False,computed_total_slot_anomaly_obstruction,9|11|2|0,6|6,none,0,0,True,,
widened_enumeration,r3|6_u1,2,1,3|6,4|7,9,11,1,0,none,True,True,False,False,True,False,computed_total_slot_anomaly_obstruction,9|11|2|1,6|6,none,0,0,True,,
widened_enumeration,r3|6_u2,2,2,3|6,4|7,9,11,1,0,none,True,True,False,False,True,False,computed_total_slot_anomaly_obstruction,9|11|2|2,6|6,none,0,0,True,,
widened_enumeration,r3|6_u3,2,3,3|6,4|7,9,11,1,0,none,True,True,False,False,True,False,computed_total_slot_anomaly_obstruction,9|11|2|3,6|6,none,0,0,True,,
widened_enumeration,r4|4_u0,2,0,4|4,5|5,8,10,1,0,none,True,True,False,False,True,False,computed_total_slot_anomaly_obstruction,8|10|2|0,5|5,none,0,0,True,,
widened_enumeration,r4|4_u1,2,1,4|4,5|5,8,10,1,0,none,True,True,False,False,True,False,computed_total_slot_anomaly_obstruction,8|10|2|1,5|5,none,0,0,True,,
widened_enumeration,r4|4_u2,2,2,4|4,5|5,8,10,1,0,none,True,True,False,False,True,False,computed_total_slot_anomaly_obstruction,8|10|2|2,5|5,none,0,0,True,,
widened_enumeration,r4|4_u3,2,3,4|4,5|5,8,10,1,0,none,True,True,False,False,True,False,computed_total_slot_anomaly_obstruction,8|10|2|3,5|5,none,0,0,True,,
widened_enumeration,r4|5_u0,2,0,4|5,5|6,9,11,1,0,none,True,True,False,False,True,False,computed_total_slot_anomaly_obstruction,9|11|2|0,6|6,none,0,0,True,,
widened_enumeration,r4|5_u1,2,1,4|5,5|6,9,11,1,0,none,True,True,False,False,True,False,computed_total_slot_anomaly_obstruction,9|11|2|1,6|6,none,0,0,True,,
widened_enumeration,r4|5_u2,2,2,4|5,5|6,9,11,1,0,none,True,True,False,False,True,False,computed_total_slot_anomaly_obstruction,9|11|2|2,6|6,none,0,0,True,,
widened_enumeration,r4|5_u3,2,3,4|5,5|6,9,11,1,0,none,True,True,False,False,True,False,computed_total_slot_anomaly_obstruction,9|11|2|3,6|6,none,0,0,True,,
widened_enumeration,r4|6_u0,2,0,4|6,5|7,10,12,1,0,none,True,True,False,False,True,False,computed_total_slot_anomaly_obstruction,10|12|2|0,7|7,none,0,0,True,,
widened_enumeration,r4|6_u1,2,1,4|6,5|7,10,12,1,0,none,True,True,False,False,True,False,computed_total_slot_anomaly_obstruction,10|12|2|1,7|7,none,0,0,True,,
widened_enumeration,r4|6_u2,2,2,4|6,5|7,10,12,1,0,none,True,True,False,False,True,False,computed_total_slot_anomaly_obstruction,10|12|2|2,7|7,none,0,0,True,,
widened_enumeration,r4|6_u3,2,3,4|6,5|7,10,12,1,0,none,True,True,False,False,True,False,computed_total_slot_anomaly_obstruction,10|12|2|3,7|7,none,0,0,True,,
widened_enumeration,r5|5_u0,2,0,5|5,6|6,10,12,1,0,none,True,True,False,False,True,False,computed_total_slot_anomaly_obstruction,10|12|2|0,7|7,none,0,0,True,,
widened_enumeration,r5|5_u1,2,1,5|5,6|6,10,12,1,0,none,True,True,False,False,True,False,computed_total_slot_anomaly_obstruction,10|12|2|1,7|7,none,0,0,True,,
widened_enumeration,r5|5_u2,2,2,5|5,6|6,10,12,1,0,none,True,True,False,False,True,False,computed_total_slot_anomaly_obstruction,10|12|2|2,7|7,none,0,0,True,,
widened_enumeration,r5|5_u3,2,3,5|5,6|6,10,12,1,0,none,True,True,False,False,True,False,computed_total_slot_anomaly_obstruction,10|12|2|3,7|7,none,0,0,True,,
widened_enumeration,r5|6_u0,2,0,5|6,6|7,11,13,1,0,none,True,True,False,False,True,False,computed_total_slot_anomaly_obstruction,11|13|2|0,8|8,none,0,0,True,,
widened_enumeration,r5|6_u1,2,1,5|6,6|7,11,13,1,0,none,True,True,False,False,True,False,computed_total_slot_anomaly_obstruction,11|13|2|1,8|8,none,0,0,True,,
widened_enumeration,r5|6_u2,2,2,5|6,6|7,11,13,1,0,none,True,True,False,False,True,False,computed_total_slot_anomaly_obstruction,11|13|2|2,8|8,none,0,0,True,,
widened_enumeration,r5|6_u3,2,3,5|6,6|7,11,13,1,0,none,True,True,False,False,True,False,computed_total_slot_anomaly_obstruction,11|13|2|3,8|8,none,0,0,True,,
widened_enumeration,r6|6_u0,2,0,6|6,7|7,12,14,1,0,none,True,True,False,False,True,False,computed_total_slot_anomaly_obstruction,12|14|2|0,9|9,none,0,0,True,,
widened_enumeration,r6|6_u1,2,1,6|6,7|7,12,14,1,0,none,True,True,False,False,True,False,computed_total_slot_anomaly_obstruction,12|14|2|1,9|9,none,0,0,True,,
widened_enumeration,r6|6_u2,2,2,6|6,7|7,12,14,1,0,none,True,True,False,False,True,False,computed_total_slot_anomaly_obstruction,12|14|2|2,9|9,none,0,0,True,,
widened_enumeration,r6|6_u3,2,3,6|6,7|7,12,14,1,0,none,True,True,False,False,True,False,computed_total_slot_anomaly_obstruction,12|14|2|3,9|9,none,0,0,True,,
widened_enumeration,r1|1|1_u0,3,0,1|1|1,2|2|2,3,6,2,0,none,False,False,False,False,False,False,chirality_test_failed,3|6|3|0,0|0|0,none,0,0,True,,
widened_enumeration,r1|1|1_u1,3,1,1|1|1,2|2|2,3,6,2,0,none,False,False,False,False,False,False,chirality_test_failed,3|6|3|1,0|0|0,none,0,0,True,,
widened_enumeration,r1|1|1_u2,3,2,1|1|1,2|2|2,3,6,2,0,none,False,False,False,False,False,False,chirality_test_failed,3|6|3|2,0|0|0,none,0,0,True,,
widened_enumeration,r1|1|1_u3,3,3,1|1|1,2|2|2,3,6,2,0,none,False,False,False,False,False,False,chirality_test_failed,3|6|3|3,0|0|0,none,0,0,True,,
widened_enumeration,r1|1|2_u0,3,0,1|1|2,2|2|3,4,7,2,0,none,True,True,False,False,True,False,computed_total_slot_anomaly_obstruction,4|7|3|0,0|0|2,none,0,0,True,,
widened_enumeration,r1|1|2_u1,3,1,1|1|2,2|2|3,4,7,2,0,none,True,True,False,False,True,False,computed_total_slot_anomaly_obstruction,4|7|3|1,0|0|2,none,0,0,True,,
widened_enumeration,r1|1|2_u2,3,2,1|1|2,2|2|3,4,7,2,0,none,True,True,False,False,True,False,computed_total_slot_anomaly_obstruction,4|7|3|2,0|0|2,none,0,0,True,,
widened_enumeration,r1|1|2_u3,3,3,1|1|2,2|2|3,4,7,2,0,none,True,True,False,False,True,False,computed_total_slot_anomaly_obstruction,4|7|3|3,0|0|2,none,0,0,True,,
widened_enumeration,r1|1|3_u0,3,0,1|1|3,2|2|4,5,8,2,0,none,True,True,False,False,False,False,computed_total_slot_anomaly_obstruction,5|8|3|0,0|0|3,none,0,0,True,,
widened_enumeration,r1|1|3_u1,3,1,1|1|3,2|2|4,5,8,2,0,none,True,True,False,False,False,False,computed_total_slot_anomaly_obstruction,5|8|3|1,0|0|3,none,0,0,True,,
widened_enumeration,r1|1|3_u2,3,2,1|1|3,2|2|4,5,8,2,0,none,True,True,False,False,False,False,computed_total_slot_anomaly_obstruction,5|8|3|2,0|0|3,none,0,0,True,,
widened_enumeration,r1|1|3_u3,3,3,1|1|3,2|2|4,5,8,2,0,none,True,True,False,False,False,False,computed_total_slot_anomaly_obstruction,5|8|3|3,0|0|3,none,0,0,True,,
widened_enumeration,r1|1|4_u0,3,0,1|1|4,2|2|5,6,9,2,0,none,True,True,False,False,True,False,computed_total_slot_anomaly_obstruction,6|9|3|0,0|0|4,none,0,0,True,,
widened_enumeration,r1|1|4_u1,3,1,1|1|4,2|2|5,6,9,2,0,none,True,True,False,False,True,False,computed_total_slot_anomaly_obstruction,6|9|3|1,0|0|4,none,0,0,True,,
widened_enumeration,r1|1|4_u2,3,2,1|1|4,2|2|5,6,9,2,0,none,True,True,False,False,True,False,computed_total_slot_anomaly_obstruction,6|9|3|2,0|0|4,none,0,0,True,,
widened_enumeration,r1|1|4_u3,3,3,1|1|4,2|2|5,6,9,2,0,none,True,True,False,False,True,False,computed_total_slot_anomaly_obstruction,6|9|3|3,0|0|4,none,0,0,True,,
widened_enumeration,r1|1|5_u0,3,0,1|1|5,2|2|6,7,10,2,0,none,True,True,False,False,False,False,computed_total_slot_anomaly_obstruction,7|10|3|0,0|0|5,none,0,0,True,,
widened_enumeration,r1|1|5_u1,3,1,1|1|5,2|2|6,7,10,2,0,none,True,True,False,False,False,False,computed_total_slot_anomaly_obstruction,7|10|3|1,0|0|5,none,0,0,True,,
widened_enumeration,r1|1|5_u2,3,2,1|1|5,2|2|6,7,10,2,0,none,True,True,False,False,False,False,computed_total_slot_anomaly_obstruction,7|10|3|2,0|0|5,none,0,0,True,,
widened_enumeration,r1|1|5_u3,3,3,1|1|5,2|2|6,7,10,2,0,none,True,True,False,False,False,False,computed_total_slot_anomaly_obstruction,7|10|3|3,0|0|5,none,0,0,True,,
widened_enumeration,r1|1|6_u0,3,0,1|1|6,2|2|7,8,11,2,0,none,True,True,False,False,True,False,computed_total_slot_anomaly_obstruction,8|11|3|0,0|0|6,none,0,0,True,,
widened_enumeration,r1|1|6_u1,3,1,1|1|6,2|2|7,8,11,2,0,none,True,True,False,False,True,False,computed_total_slot_anomaly_obstruction,8|11|3|1,0|0|6,none,0,0,True,,
widened_enumeration,r1|1|6_u2,3,2,1|1|6,2|2|7,8,11,2,0,none,True,True,False,False,True,False,computed_total_slot_anomaly_obstruction,8|11|3|2,0|0|6,none,0,0,True,,
widened_enumeration,r1|1|6_u3,3,3,1|1|6,2|2|7,8,11,2,0,none,True,True,False,False,True,False,computed_total_slot_anomaly_obstruction,8|11|3|3,0|0|6,none,0,0,True,,
widened_enumeration,r1|2|2_u0,3,0,1|2|2,2|3|3,5,8,2,0,none,True,True,False,False,False,False,computed_total_slot_anomaly_obstruction,5|8|3|0,0|3|3,none,0,0,True,,
widened_enumeration,r1|2|2_u1,3,1,1|2|2,2|3|3,5,8,2,0,none,True,True,False,False,False,False,computed_total_slot_anomaly_obstruction,5|8|3|1,0|3|3,none,0,0,True,,
widened_enumeration,r1|2|2_u2,3,2,1|2|2,2|3|3,5,8,2,0,none,True,True,False,False,False,False,computed_total_slot_anomaly_obstruction,5|8|3|2,0|3|3,none,0,0,True,,
widened_enumeration,r1|2|2_u3,3,3,1|2|2,2|3|3,5,8,2,0,none,True,True,False,False,False,False,computed_total_slot_anomaly_obstruction,5|8|3|3,0|3|3,none,0,0,True,,
widened_enumeration,r1|2|3_u0,3,0,1|2|3,2|3|4,6,9,2,0,none,True,True,False,False,True,False,computed_total_slot_anomaly_obstruction,6|9|3|0,0|4|4,none,0,0,True,,
widened_enumeration,r1|2|3_u1,3,1,1|2|3,2|3|4,6,9,2,0,none,True,True,False,False,True,False,computed_total_slot_anomaly_obstruction,6|9|3|1,0|4|4,none,0,0,True,,
widened_enumeration,r1|2|3_u2,3,2,1|2|3,2|3|4,6,9,2,0,none,True,True,False,False,True,False,computed_total_slot_anomaly_obstruction,6|9|3|2,0|4|4,none,0,0,True,,
widened_enumeration,r1|2|3_u3,3,3,1|2|3,2|3|4,6,9,2,0,none,True,True,False,False,True,False,computed_total_slot_anomaly_obstruction,6|9|3|3,0|4|4,none,0,0,True,,
widened_enumeration,r1|2|4_u0,3,0,1|2|4,2|3|5,7,10,2,0,none,True,True,False,False,False,False,computed_total_slot_anomaly_obstruction,7|10|3|0,0|5|5,none,0,0,True,,
widened_enumeration,r1|2|4_u1,3,1,1|2|4,2|3|5,7,10,2,0,none,True,True,False,False,False,False,computed_total_slot_anomaly_obstruction,7|10|3|1,0|5|5,none,0,0,True,,
widened_enumeration,r1|2|4_u2,3,2,1|2|4,2|3|5,7,10,2,0,none,True,True,False,False,False,False,computed_total_slot_anomaly_obstruction,7|10|3|2,0|5|5,none,0,0,True,,
widened_enumeration,r1|2|4_u3,3,3,1|2|4,2|3|5,7,10,2,0,none,True,True,False,False,False,False,computed_total_slot_anomaly_obstruction,7|10|3|3,0|5|5,none,0,0,True,,
widened_enumeration,r1|2|5_u0,3,0,1|2|5,2|3|6,8,11,2,0,none,True,True,False,False,True,False,computed_total_slot_anomaly_obstruction,8|11|3|0,0|6|6,none,0,0,True,,
widened_enumeration,r1|2|5_u1,3,1,1|2|5,2|3|6,8,11,2,0,none,True,True,False,False,True,False,computed_total_slot_anomaly_obstruction,8|11|3|1,0|6|6,none,0,0,True,,
widened_enumeration,r1|2|5_u2,3,2,1|2|5,2|3|6,8,11,2,0,none,True,True,False,False,True,False,computed_total_slot_anomaly_obstruction,8|11|3|2,0|6|6,none,0,0,True,,
widened_enumeration,r1|2|5_u3,3,3,1|2|5,2|3|6,8,11,2,0,none,True,True,False,False,True,False,computed_total_slot_anomaly_obstruction,8|11|3|3,0|6|6,none,0,0,True,,
widened_enumeration,r1|2|6_u0,3,0,1|2|6,2|3|7,9,12,2,0,none,True,True,False,False,False,False,computed_total_slot_anomaly_obstruction,9|12|3|0,0|7|7,none,0,0,True,,
widened_enumeration,r1|2|6_u1,3,1,1|2|6,2|3|7,9,12,2,0,none,True,True,False,False,False,False,computed_total_slot_anomaly_obstruction,9|12|3|1,0|7|7,none,0,0,True,,
widened_enumeration,r1|2|6_u2,3,2,1|2|6,2|3|7,9,12,2,0,none,True,True,False,False,False,False,computed_total_slot_anomaly_obstruction,9|12|3|2,0|7|7,none,0,0,True,,
widened_enumeration,r1|2|6_u3,3,3,1|2|6,2|3|7,9,12,2,0,none,True,True,False,False,False,False,computed_total_slot_anomaly_obstruction,9|12|3|3,0|7|7,none,0,0,True,,
widened_enumeration,r1|3|3_u0,3,0,1|3|3,2|4|4,7,10,2,0,none,True,True,False,False,False,False,computed_total_slot_anomaly_obstruction,7|10|3|0,0|5|5,none,0,0,True,,
widened_enumeration,r1|3|3_u1,3,1,1|3|3,2|4|4,7,10,2,0,none,True,True,False,False,False,False,computed_total_slot_anomaly_obstruction,7|10|3|1,0|5|5,none,0,0,True,,
widened_enumeration,r1|3|3_u2,3,2,1|3|3,2|4|4,7,10,2,0,none,True,True,False,False,False,False,computed_total_slot_anomaly_obstruction,7|10|3|2,0|5|5,none,0,0,True,,
widened_enumeration,r1|3|3_u3,3,3,1|3|3,2|4|4,7,10,2,0,none,True,True,False,False,False,False,computed_total_slot_anomaly_obstruction,7|10|3|3,0|5|5,none,0,0,True,,
widened_enumeration,r1|3|4_u0,3,0,1|3|4,2|4|5,8,11,2,0,none,True,True,False,False,True,False,computed_total_slot_anomaly_obstruction,8|11|3|0,0|6|6,none,0,0,True,,
widened_enumeration,r1|3|4_u1,3,1,1|3|4,2|4|5,8,11,2,0,none,True,True,False,False,True,False,computed_total_slot_anomaly_obstruction,8|11|3|1,0|6|6,none,0,0,True,,
widened_enumeration,r1|3|4_u2,3,2,1|3|4,2|4|5,8,11,2,0,none,True,True,False,False,True,False,computed_total_slot_anomaly_obstruction,8|11|3|2,0|6|6,none,0,0,True,,
widened_enumeration,r1|3|4_u3,3,3,1|3|4,2|4|5,8,11,2,0,none,True,True,False,False,True,False,computed_total_slot_anomaly_obstruction,8|11|3|3,0|6|6,none,0,0,True,,
widened_enumeration,r1|3|5_u0,3,0,1|3|5,2|4|6,9,12,2,0,none,True,True,False,False,False,False,computed_total_slot_anomaly_obstruction,9|12|3|0,0|7|7,none,0,0,True,,
widened_enumeration,r1|3|5_u1,3,1,1|3|5,2|4|6,9,12,2,0,none,True,True,False,False,False,False,computed_total_slot_anomaly_obstruction,9|12|3|1,0|7|7,none,0,0,True,,
widened_enumeration,r1|3|5_u2,3,2,1|3|5,2|4|6,9,12,2,0,none,True,True,False,False,False,False,computed_total_slot_anomaly_obstruction,9|12|3|2,0|7|7,none,0,0,True,,
widened_enumeration,r1|3|5_u3,3,3,1|3|5,2|4|6,9,12,2,0,none,True,True,False,False,False,False,computed_total_slot_anomaly_obstruction,9|12|3|3,0|7|7,none,0,0,True,,
widened_enumeration,r1|3|6_u0,3,0,1|3|6,2|4|7,10,13,2,0,none,True,True,False,False,True,False,computed_total_slot_anomaly_obstruction,10|13|3|0,0|8|8,none,0,0,True,,
widened_enumeration,r1|3|6_u1,3,1,1|3|6,2|4|7,10,13,2,0,none,True,True,False,False,True,False,computed_total_slot_anomaly_obstruction,10|13|3|1,0|8|8,none,0,0,True,,
widened_enumeration,r1|3|6_u2,3,2,1|3|6,2|4|7,10,13,2,0,none,True,True,False,False,True,False,computed_total_slot_anomaly_obstruction,10|13|3|2,0|8|8,none,0,0,True,,
widened_enumeration,r1|3|6_u3,3,3,1|3|6,2|4|7,10,13,2,0,none,True,True,False,False,True,False,computed_total_slot_anomaly_obstruction,10|13|3|3,0|8|8,none,0,0,True,,
widened_enumeration,r1|4|4_u0,3,0,1|4|4,2|5|5,9,12,2,0,none,True,True,False,False,False,False,computed_total_slot_anomaly_obstruction,9|12|3|0,0|7|7,none,0,0,True,,
widened_enumeration,r1|4|4_u1,3,1,1|4|4,2|5|5,9,12,2,0,none,True,True,False,False,False,False,computed_total_slot_anomaly_obstruction,9|12|3|1,0|7|7,none,0,0,True,,
widened_enumeration,r1|4|4_u2,3,2,1|4|4,2|5|5,9,12,2,0,none,True,True,False,False,False,False,computed_total_slot_anomaly_obstruction,9|12|3|2,0|7|7,none,0,0,True,,
widened_enumeration,r1|4|4_u3,3,3,1|4|4,2|5|5,9,12,2,0,none,True,True,False,False,False,False,computed_total_slot_anomaly_obstruction,9|12|3|3,0|7|7,none,0,0,True,,
widened_enumeration,r1|4|5_u0,3,0,1|4|5,2|5|6,10,13,2,0,none,True,True,False,False,True,False,computed_total_slot_anomaly_obstruction,10|13|3|0,0|8|8,none,0,0,True,,
widened_enumeration,r1|4|5_u1,3,1,1|4|5,2|5|6,10,13,2,0,none,True,True,False,False,True,False,computed_total_slot_anomaly_obstruction,10|13|3|1,0|8|8,none,0,0,True,,
widened_enumeration,r1|4|5_u2,3,2,1|4|5,2|5|6,10,13,2,0,none,True,True,False,False,True,False,computed_total_slot_anomaly_obstruction,10|13|3|2,0|8|8,none,0,0,True,,
widened_enumeration,r1|4|5_u3,3,3,1|4|5,2|5|6,10,13,2,0,none,True,True,False,False,True,False,computed_total_slot_anomaly_obstruction,10|13|3|3,0|8|8,none,0,0,True,,
widened_enumeration,r1|4|6_u0,3,0,1|4|6,2|5|7,11,14,2,0,none,True,True,False,False,False,False,computed_total_slot_anomaly_obstruction,11|14|3|0,0|9|9,none,0,0,True,,
widened_enumeration,r1|4|6_u1,3,1,1|4|6,2|5|7,11,14,2,0,none,True,True,False,False,False,False,computed_total_slot_anomaly_obstruction,11|14|3|1,0|9|9,none,0,0,True,,
widened_enumeration,r1|4|6_u2,3,2,1|4|6,2|5|7,11,14,2,0,none,True,True,False,False,False,False,computed_total_slot_anomaly_obstruction,11|14|3|2,0|9|9,none,0,0,True,,
widened_enumeration,r1|4|6_u3,3,3,1|4|6,2|5|7,11,14,2,0,none,True,True,False,False,False,False,computed_total_slot_anomaly_obstruction,11|14|3|3,0|9|9,none,0,0,True,,
widened_enumeration,r1|5|5_u0,3,0,1|5|5,2|6|6,11,14,2,0,none,True,True,False,False,False,False,computed_total_slot_anomaly_obstruction,11|14|3|0,0|9|9,none,0,0,True,,
widened_enumeration,r1|5|5_u1,3,1,1|5|5,2|6|6,11,14,2,0,none,True,True,False,False,False,False,computed_total_slot_anomaly_obstruction,11|14|3|1,0|9|9,none,0,0,True,,
widened_enumeration,r1|5|5_u2,3,2,1|5|5,2|6|6,11,14,2,0,none,True,True,False,False,False,False,computed_total_slot_anomaly_obstruction,11|14|3|2,0|9|9,none,0,0,True,,
widened_enumeration,r1|5|5_u3,3,3,1|5|5,2|6|6,11,14,2,0,none,True,True,False,False,False,False,computed_total_slot_anomaly_obstruction,11|14|3|3,0|9|9,none,0,0,True,,
widened_enumeration,r1|5|6_u0,3,0,1|5|6,2|6|7,12,15,2,0,none,True,True,False,False,True,False,computed_total_slot_anomaly_obstruction,12|15|3|0,0|10|10,none,0,0,True,,
widened_enumeration,r1|5|6_u1,3,1,1|5|6,2|6|7,12,15,2,0,none,True,True,False,False,True,False,computed_total_slot_anomaly_obstruction,12|15|3|1,0|10|10,none,0,0,True,,
widened_enumeration,r1|5|6_u2,3,2,1|5|6,2|6|7,12,15,2,0,none,True,True,False,False,True,False,computed_total_slot_anomaly_obstruction,12|15|3|2,0|10|10,none,0,0,True,,
widened_enumeration,r1|5|6_u3,3,3,1|5|6,2|6|7,12,15,2,0,none,True,True,False,False,True,False,computed_total_slot_anomaly_obstruction,12|15|3|3,0|10|10,none,0,0,True,,
widened_enumeration,r1|6|6_u0,3,0,1|6|6,2|7|7,13,16,2,0,none,True,True,False,False,False,False,computed_total_slot_anomaly_obstruction,13|16|3|0,0|11|11,none,0,0,True,,
widened_enumeration,r1|6|6_u1,3,1,1|6|6,2|7|7,13,16,2,0,none,True,True,False,False,False,False,computed_total_slot_anomaly_obstruction,13|16|3|1,0|11|11,none,0,0,True,,
widened_enumeration,r1|6|6_u2,3,2,1|6|6,2|7|7,13,16,2,0,none,True,True,False,False,False,False,computed_total_slot_anomaly_obstruction,13|16|3|2,0|11|11,none,0,0,True,,
widened_enumeration,r1|6|6_u3,3,3,1|6|6,2|7|7,13,16,2,0,none,True,True,False,False,False,False,computed_total_slot_anomaly_obstruction,13|16|3|3,0|11|11,none,0,0,True,,
widened_enumeration,r2|2|2_u0,3,0,2|2|2,3|3|3,6,9,2,0,none,True,True,False,False,True,False,computed_total_slot_anomaly_obstruction,6|9|3|0,4|4|4,none,0,0,True,,
widened_enumeration,r2|2|2_u1,3,1,2|2|2,3|3|3,6,9,2,0,none,True,True,False,False,True,False,computed_total_slot_anomaly_obstruction,6|9|3|1,4|4|4,none,0,0,True,,
widened_enumeration,r2|2|2_u2,3,2,2|2|2,3|3|3,6,9,2,0,none,True,True,False,False,True,False,computed_total_slot_anomaly_obstruction,6|9|3|2,4|4|4,none,0,0,True,,
widened_enumeration,r2|2|2_u3,3,3,2|2|2,3|3|3,6,9,2,0,none,True,True,False,False,True,False,computed_total_slot_anomaly_obstruction,6|9|3|3,4|4|4,none,0,0,True,,
widened_enumeration,r2|2|3_u0,3,0,2|2|3,3|3|4,7,10,2,0,none,True,True,False,False,True,False,computed_total_slot_anomaly_obstruction,7|10|3|0,5|5|5,none,0,0,True,,
widened_enumeration,r2|2|3_u1,3,1,2|2|3,3|3|4,7,10,2,0,none,True,True,False,False,True,False,computed_total_slot_anomaly_obstruction,7|10|3|1,5|5|5,none,0,0,True,,
widened_enumeration,r2|2|3_u2,3,2,2|2|3,3|3|4,7,10,2,0,none,True,True,False,False,True,False,computed_total_slot_anomaly_obstruction,7|10|3|2,5|5|5,none,0,0,True,,
widened_enumeration,r2|2|3_u3,3,3,2|2|3,3|3|4,7,10,2,0,none,True,True,False,False,True,False,computed_total_slot_anomaly_obstruction,7|10|3|3,5|5|5,none,0,0,True,,
widened_enumeration,r2|2|4_u0,3,0,2|2|4,3|3|5,8,11,2,0,none,True,True,False,False,True,False,computed_total_slot_anomaly_obstruction,8|11|3|0,6|6|6,none,0,0,True,,
widened_enumeration,r2|2|4_u1,3,1,2|2|4,3|3|5,8,11,2,0,none,True,True,False,False,True,False,computed_total_slot_anomaly_obstruction,8|11|3|1,6|6|6,none,0,0,True,,
widened_enumeration,r2|2|4_u2,3,2,2|2|4,3|3|5,8,11,2,0,none,True,True,False,False,True,False,computed_total_slot_anomaly_obstruction,8|11|3|2,6|6|6,none,0,0,True,,
widened_enumeration,r2|2|4_u3,3,3,2|2|4,3|3|5,8,11,2,0,none,True,True,False,False,True,False,computed_total_slot_anomaly_obstruction,8|11|3|3,6|6|6,none,0,0,True,,
widened_enumeration,r2|2|5_u0,3,0,2|2|5,3|3|6,9,12,2,0,none,True,True,False,False,True,False,computed_total_slot_anomaly_obstruction,9|12|3|0,7|7|7,none,0,0,True,,
widened_enumeration,r2|2|5_u1,3,1,2|2|5,3|3|6,9,12,2,0,none,True,True,False,False,True,False,computed_total_slot_anomaly_obstruction,9|12|3|1,7|7|7,none,0,0,True,,
widened_enumeration,r2|2|5_u2,3,2,2|2|5,3|3|6,9,12,2,0,none,True,True,False,False,True,False,computed_total_slot_anomaly_obstruction,9|12|3|2,7|7|7,none,0,0,True,,
widened_enumeration,r2|2|5_u3,3,3,2|2|5,3|3|6,9,12,2,0,none,True,True,False,False,True,False,computed_total_slot_anomaly_obstruction,9|12|3|3,7|7|7,none,0,0,True,,
widened_enumeration,r2|2|6_u0,3,0,2|2|6,3|3|7,10,13,2,0,none,True,True,False,False,True,False,computed_total_slot_anomaly_obstruction,10|13|3|0,8|8|8,none,0,0,True,,
widened_enumeration,r2|2|6_u1,3,1,2|2|6,3|3|7,10,13,2,0,none,True,True,False,False,True,False,computed_total_slot_anomaly_obstruction,10|13|3|1,8|8|8,none,0,0,True,,
widened_enumeration,r2|2|6_u2,3,2,2|2|6,3|3|7,10,13,2,0,none,True,True,False,False,True,False,computed_total_slot_anomaly_obstruction,10|13|3|2,8|8|8,none,0,0,True,,
widened_enumeration,r2|2|6_u3,3,3,2|2|6,3|3|7,10,13,2,0,none,True,True,False,False,True,False,computed_total_slot_anomaly_obstruction,10|13|3|3,8|8|8,none,0,0,True,,
widened_enumeration,r2|3|3_u0,3,0,2|3|3,3|4|4,8,11,2,0,none,True,True,False,False,True,False,computed_total_slot_anomaly_obstruction,8|11|3|0,6|6|6,none,0,0,True,,
widened_enumeration,r2|3|3_u1,3,1,2|3|3,3|4|4,8,11,2,0,none,True,True,False,False,True,False,computed_total_slot_anomaly_obstruction,8|11|3|1,6|6|6,none,0,0,True,,
widened_enumeration,r2|3|3_u2,3,2,2|3|3,3|4|4,8,11,2,0,none,True,True,False,False,True,False,computed_total_slot_anomaly_obstruction,8|11|3|2,6|6|6,none,0,0,True,,
widened_enumeration,r2|3|3_u3,3,3,2|3|3,3|4|4,8,11,2,0,none,True,True,False,False,True,False,computed_total_slot_anomaly_obstruction,8|11|3|3,6|6|6,none,0,0,True,,
widened_enumeration,r2|3|4_u0,3,0,2|3|4,3|4|5,9,12,2,0,none,True,True,False,False,True,False,computed_total_slot_anomaly_obstruction,9|12|3|0,7|7|7,none,0,0,True,,
widened_enumeration,r2|3|4_u1,3,1,2|3|4,3|4|5,9,12,2,0,none,True,True,False,False,True,False,computed_total_slot_anomaly_obstruction,9|12|3|1,7|7|7,none,0,0,True,,
widened_enumeration,r2|3|4_u2,3,2,2|3|4,3|4|5,9,12,2,0,none,True,True,False,False,True,False,computed_total_slot_anomaly_obstruction,9|12|3|2,7|7|7,none,0,0,True,,
widened_enumeration,r2|3|4_u3,3,3,2|3|4,3|4|5,9,12,2,0,none,True,True,False,False,True,False,computed_total_slot_anomaly_obstruction,9|12|3|3,7|7|7,none,0,0,True,,
widened_enumeration,r2|3|5_u0,3,0,2|3|5,3|4|6,10,13,2,0,none,True,True,False,False,True,False,computed_total_slot_anomaly_obstruction,10|13|3|0,8|8|8,none,0,0,True,,
widened_enumeration,r2|3|5_u1,3,1,2|3|5,3|4|6,10,13,2,0,none,True,True,False,False,True,False,computed_total_slot_anomaly_obstruction,10|13|3|1,8|8|8,none,0,0,True,,
widened_enumeration,r2|3|5_u2,3,2,2|3|5,3|4|6,10,13,2,0,none,True,True,False,False,True,False,computed_total_slot_anomaly_obstruction,10|13|3|2,8|8|8,none,0,0,True,,
widened_enumeration,r2|3|5_u3,3,3,2|3|5,3|4|6,10,13,2,0,none,True,True,False,False,True,False,computed_total_slot_anomaly_obstruction,10|13|3|3,8|8|8,none,0,0,True,,
widened_enumeration,r2|3|6_u0,3,0,2|3|6,3|4|7,11,14,2,0,none,True,True,False,False,True,False,computed_total_slot_anomaly_obstruction,11|14|3|0,9|9|9,none,0,0,True,,
widened_enumeration,r2|3|6_u1,3,1,2|3|6,3|4|7,11,14,2,0,none,True,True,False,False,True,False,computed_total_slot_anomaly_obstruction,11|14|3|1,9|9|9,none,0,0,True,,
widened_enumeration,r2|3|6_u2,3,2,2|3|6,3|4|7,11,14,2,0,none,True,True,False,False,True,False,computed_total_slot_anomaly_obstruction,11|14|3|2,9|9|9,none,0,0,True,,
widened_enumeration,r2|3|6_u3,3,3,2|3|6,3|4|7,11,14,2,0,none,True,True,False,False,True,False,computed_total_slot_anomaly_obstruction,11|14|3|3,9|9|9,none,0,0,True,,
widened_enumeration,r2|4|4_u0,3,0,2|4|4,3|5|5,10,13,2,0,none,True,True,False,False,True,False,computed_total_slot_anomaly_obstruction,10|13|3|0,8|8|8,none,0,0,True,,
widened_enumeration,r2|4|4_u1,3,1,2|4|4,3|5|5,10,13,2,0,none,True,True,False,False,True,False,computed_total_slot_anomaly_obstruction,10|13|3|1,8|8|8,none,0,0,True,,
widened_enumeration,r2|4|4_u2,3,2,2|4|4,3|5|5,10,13,2,0,none,True,True,False,False,True,False,computed_total_slot_anomaly_obstruction,10|13|3|2,8|8|8,none,0,0,True,,
widened_enumeration,r2|4|4_u3,3,3,2|4|4,3|5|5,10,13,2,0,none,True,True,False,False,True,False,computed_total_slot_anomaly_obstruction,10|13|3|3,8|8|8,none,0,0,True,,
widened_enumeration,r2|4|5_u0,3,0,2|4|5,3|5|6,11,14,2,0,none,True,True,False,False,True,False,computed_total_slot_anomaly_obstruction,11|14|3|0,9|9|9,none,0,0,True,,
widened_enumeration,r2|4|5_u1,3,1,2|4|5,3|5|6,11,14,2,0,none,True,True,False,False,True,False,computed_total_slot_anomaly_obstruction,11|14|3|1,9|9|9,none,0,0,True,,
widened_enumeration,r2|4|5_u2,3,2,2|4|5,3|5|6,11,14,2,0,none,True,True,False,False,True,False,computed_total_slot_anomaly_obstruction,11|14|3|2,9|9|9,none,0,0,True,,
widened_enumeration,r2|4|5_u3,3,3,2|4|5,3|5|6,11,14,2,0,none,True,True,False,False,True,False,computed_total_slot_anomaly_obstruction,11|14|3|3,9|9|9,none,0,0,True,,
widened_enumeration,r2|4|6_u0,3,0,2|4|6,3|5|7,12,15,2,0,none,True,True,False,False,True,False,computed_total_slot_anomaly_obstruction,12|15|3|0,10|10|10,none,0,0,True,,
widened_enumeration,r2|4|6_u1,3,1,2|4|6,3|5|7,12,15,2,0,none,True,True,False,False,True,False,computed_total_slot_anomaly_obstruction,12|15|3|1,10|10|10,none,0,0,True,,
widened_enumeration,r2|4|6_u2,3,2,2|4|6,3|5|7,12,15,2,0,none,True,True,False,False,True,False,computed_total_slot_anomaly_obstruction,12|15|3|2,10|10|10,none,0,0,True,,
widened_enumeration,r2|4|6_u3,3,3,2|4|6,3|5|7,12,15,2,0,none,True,True,False,False,True,False,computed_total_slot_anomaly_obstruction,12|15|3|3,10|10|10,none,0,0,True,,
widened_enumeration,r2|5|5_u0,3,0,2|5|5,3|6|6,12,15,2,0,none,True,True,False,False,True,False,computed_total_slot_anomaly_obstruction,12|15|3|0,10|10|10,none,0,0,True,,
widened_enumeration,r2|5|5_u1,3,1,2|5|5,3|6|6,12,15,2,0,none,True,True,False,False,True,False,computed_total_slot_anomaly_obstruction,12|15|3|1,10|10|10,none,0,0,True,,
widened_enumeration,r2|5|5_u2,3,2,2|5|5,3|6|6,12,15,2,0,none,True,True,False,False,True,False,computed_total_slot_anomaly_obstruction,12|15|3|2,10|10|10,none,0,0,True,,
widened_enumeration,r2|5|5_u3,3,3,2|5|5,3|6|6,12,15,2,0,none,True,True,False,False,True,False,computed_total_slot_anomaly_obstruction,12|15|3|3,10|10|10,none,0,0,True,,
widened_enumeration,r2|5|6_u0,3,0,2|5|6,3|6|7,13,16,2,0,none,True,True,False,False,True,False,computed_total_slot_anomaly_obstruction,13|16|3|0,11|11|11,none,0,0,True,,
widened_enumeration,r2|5|6_u1,3,1,2|5|6,3|6|7,13,16,2,0,none,True,True,False,False,True,False,computed_total_slot_anomaly_obstruction,13|16|3|1,11|11|11,none,0,0,True,,
widened_enumeration,r2|5|6_u2,3,2,2|5|6,3|6|7,13,16,2,0,none,True,True,False,False,True,False,computed_total_slot_anomaly_obstruction,13|16|3|2,11|11|11,none,0,0,True,,
widened_enumeration,r2|5|6_u3,3,3,2|5|6,3|6|7,13,16,2,0,none,True,True,False,False,True,False,computed_total_slot_anomaly_obstruction,13|16|3|3,11|11|11,none,0,0,True,,
widened_enumeration,r2|6|6_u0,3,0,2|6|6,3|7|7,14,17,2,0,none,True,True,False,False,True,False,computed_total_slot_anomaly_obstruction,14|17|3|0,12|12|12,none,0,0,True,,
widened_enumeration,r2|6|6_u1,3,1,2|6|6,3|7|7,14,17,2,0,none,True,True,False,False,True,False,computed_total_slot_anomaly_obstruction,14|17|3|1,12|12|12,none,0,0,True,,
widened_enumeration,r2|6|6_u2,3,2,2|6|6,3|7|7,14,17,2,0,none,True,True,False,False,True,False,computed_total_slot_anomaly_obstruction,14|17|3|2,12|12|12,none,0,0,True,,
widened_enumeration,r2|6|6_u3,3,3,2|6|6,3|7|7,14,17,2,0,none,True,True,False,False,True,False,computed_total_slot_anomaly_obstruction,14|17|3|3,12|12|12,none,0,0,True,,
widened_enumeration,r3|3|3_u0,3,0,3|3|3,4|4|4,9,12,2,0,none,True,True,False,False,True,False,computed_total_slot_anomaly_obstruction,9|12|3|0,7|7|7,none,0,0,True,,
widened_enumeration,r3|3|3_u1,3,1,3|3|3,4|4|4,9,12,2,0,none,True,True,False,False,True,False,computed_total_slot_anomaly_obstruction,9|12|3|1,7|7|7,none,0,0,True,,
widened_enumeration,r3|3|3_u2,3,2,3|3|3,4|4|4,9,12,2,0,none,True,True,False,False,True,False,computed_total_slot_anomaly_obstruction,9|12|3|2,7|7|7,none,0,0,True,,
widened_enumeration,r3|3|3_u3,3,3,3|3|3,4|4|4,9,12,2,0,none,True,True,False,False,True,False,computed_total_slot_anomaly_obstruction,9|12|3|3,7|7|7,none,0,0,True,,
widened_enumeration,r3|3|4_u0,3,0,3|3|4,4|4|5,10,13,2,0,none,True,True,False,False,True,False,computed_total_slot_anomaly_obstruction,10|13|3|0,8|8|8,none,0,0,True,,
widened_enumeration,r3|3|4_u1,3,1,3|3|4,4|4|5,10,13,2,0,none,True,True,False,False,True,False,computed_total_slot_anomaly_obstruction,10|13|3|1,8|8|8,none,0,0,True,,
widened_enumeration,r3|3|4_u2,3,2,3|3|4,4|4|5,10,13,2,0,none,True,True,False,False,True,False,computed_total_slot_anomaly_obstruction,10|13|3|2,8|8|8,none,0,0,True,,
widened_enumeration,r3|3|4_u3,3,3,3|3|4,4|4|5,10,13,2,0,none,True,True,False,False,True,False,computed_total_slot_anomaly_obstruction,10|13|3|3,8|8|8,none,0,0,True,,
widened_enumeration,r3|3|5_u0,3,0,3|3|5,4|4|6,11,14,2,0,none,True,True,False,False,True,False,computed_total_slot_anomaly_obstruction,11|14|3|0,9|9|9,none,0,0,True,,
widened_enumeration,r3|3|5_u1,3,1,3|3|5,4|4|6,11,14,2,0,none,True,True,False,False,True,False,computed_total_slot_anomaly_obstruction,11|14|3|1,9|9|9,none,0,0,True,,
widened_enumeration,r3|3|5_u2,3,2,3|3|5,4|4|6,11,14,2,0,none,True,True,False,False,True,False,computed_total_slot_anomaly_obstruction,11|14|3|2,9|9|9,none,0,0,True,,
widened_enumeration,r3|3|5_u3,3,3,3|3|5,4|4|6,11,14,2,0,none,True,True,False,False,True,False,computed_total_slot_anomaly_obstruction,11|14|3|3,9|9|9,none,0,0,True,,
widened_enumeration,r3|3|6_u0,3,0,3|3|6,4|4|7,12,15,2,0,none,True,True,False,False,True,False,computed_total_slot_anomaly_obstruction,12|15|3|0,10|10|10,none,0,0,True,,
widened_enumeration,r3|3|6_u1,3,1,3|3|6,4|4|7,12,15,2,0,none,True,True,False,False,True,False,computed_total_slot_anomaly_obstruction,12|15|3|1,10|10|10,none,0,0,True,,
widened_enumeration,r3|3|6_u2,3,2,3|3|6,4|4|7,12,15,2,0,none,True,True,False,False,True,False,computed_total_slot_anomaly_obstruction,12|15|3|2,10|10|10,none,0,0,True,,
widened_enumeration,r3|3|6_u3,3,3,3|3|6,4|4|7,12,15,2,0,none,True,True,False,False,True,False,computed_total_slot_anomaly_obstruction,12|15|3|3,10|10|10,none,0,0,True,,
widened_enumeration,r3|4|4_u0,3,0,3|4|4,4|5|5,11,14,2,0,none,True,True,False,False,True,False,computed_total_slot_anomaly_obstruction,11|14|3|0,9|9|9,none,0,0,True,,
widened_enumeration,r3|4|4_u1,3,1,3|4|4,4|5|5,11,14,2,0,none,True,True,False,False,True,False,computed_total_slot_anomaly_obstruction,11|14|3|1,9|9|9,none,0,0,True,,
widened_enumeration,r3|4|4_u2,3,2,3|4|4,4|5|5,11,14,2,0,none,True,True,False,False,True,False,computed_total_slot_anomaly_obstruction,11|14|3|2,9|9|9,none,0,0,True,,
widened_enumeration,r3|4|4_u3,3,3,3|4|4,4|5|5,11,14,2,0,none,True,True,False,False,True,False,computed_total_slot_anomaly_obstruction,11|14|3|3,9|9|9,none,0,0,True,,
widened_enumeration,r3|4|5_u0,3,0,3|4|5,4|5|6,12,15,2,0,none,True,True,False,False,True,False,computed_total_slot_anomaly_obstruction,12|15|3|0,10|10|10,none,0,0,True,,
widened_enumeration,r3|4|5_u1,3,1,3|4|5,4|5|6,12,15,2,0,none,True,True,False,False,True,False,computed_total_slot_anomaly_obstruction,12|15|3|1,10|10|10,none,0,0,True,,
widened_enumeration,r3|4|5_u2,3,2,3|4|5,4|5|6,12,15,2,0,none,True,True,False,False,True,False,computed_total_slot_anomaly_obstruction,12|15|3|2,10|10|10,none,0,0,True,,
widened_enumeration,r3|4|5_u3,3,3,3|4|5,4|5|6,12,15,2,0,none,True,True,False,False,True,False,computed_total_slot_anomaly_obstruction,12|15|3|3,10|10|10,none,0,0,True,,
widened_enumeration,r3|4|6_u0,3,0,3|4|6,4|5|7,13,16,2,0,none,True,True,False,False,True,False,computed_total_slot_anomaly_obstruction,13|16|3|0,11|11|11,none,0,0,True,,
widened_enumeration,r3|4|6_u1,3,1,3|4|6,4|5|7,13,16,2,0,none,True,True,False,False,True,False,computed_total_slot_anomaly_obstruction,13|16|3|1,11|11|11,none,0,0,True,,
widened_enumeration,r3|4|6_u2,3,2,3|4|6,4|5|7,13,16,2,0,none,True,True,False,False,True,False,computed_total_slot_anomaly_obstruction,13|16|3|2,11|11|11,none,0,0,True,,
widened_enumeration,r3|4|6_u3,3,3,3|4|6,4|5|7,13,16,2,0,none,True,True,False,False,True,False,computed_total_slot_anomaly_obstruction,13|16|3|3,11|11|11,none,0,0,True,,
widened_enumeration,r3|5|5_u0,3,0,3|5|5,4|6|6,13,16,2,0,none,True,True,False,False,True,False,computed_total_slot_anomaly_obstruction,13|16|3|0,11|11|11,none,0,0,True,,
widened_enumeration,r3|5|5_u1,3,1,3|5|5,4|6|6,13,16,2,0,none,True,True,False,False,True,False,computed_total_slot_anomaly_obstruction,13|16|3|1,11|11|11,none,0,0,True,,
widened_enumeration,r3|5|5_u2,3,2,3|5|5,4|6|6,13,16,2,0,none,True,True,False,False,True,False,computed_total_slot_anomaly_obstruction,13|16|3|2,11|11|11,none,0,0,True,,
widened_enumeration,r3|5|5_u3,3,3,3|5|5,4|6|6,13,16,2,0,none,True,True,False,False,True,False,computed_total_slot_anomaly_obstruction,13|16|3|3,11|11|11,none,0,0,True,,
widened_enumeration,r3|5|6_u0,3,0,3|5|6,4|6|7,14,17,2,0,none,True,True,False,False,True,False,computed_total_slot_anomaly_obstruction,14|17|3|0,12|12|12,none,0,0,True,,
widened_enumeration,r3|5|6_u1,3,1,3|5|6,4|6|7,14,17,2,0,none,True,True,False,False,True,False,computed_total_slot_anomaly_obstruction,14|17|3|1,12|12|12,none,0,0,True,,
widened_enumeration,r3|5|6_u2,3,2,3|5|6,4|6|7,14,17,2,0,none,True,True,False,False,True,False,computed_total_slot_anomaly_obstruction,14|17|3|2,12|12|12,none,0,0,True,,
widened_enumeration,r3|5|6_u3,3,3,3|5|6,4|6|7,14,17,2,0,none,True,True,False,False,True,False,computed_total_slot_anomaly_obstruction,14|17|3|3,12|12|12,none,0,0,True,,
widened_enumeration,r3|6|6_u0,3,0,3|6|6,4|7|7,15,18,2,0,none,True,True,False,False,True,False,computed_total_slot_anomaly_obstruction,15|18|3|0,13|13|13,none,0,0,True,,
widened_enumeration,r3|6|6_u1,3,1,3|6|6,4|7|7,15,18,2,0,none,True,True,False,False,True,False,computed_total_slot_anomaly_obstruction,15|18|3|1,13|13|13,none,0,0,True,,
widened_enumeration,r3|6|6_u2,3,2,3|6|6,4|7|7,15,18,2,0,none,True,True,False,False,True,False,computed_total_slot_anomaly_obstruction,15|18|3|2,13|13|13,none,0,0,True,,
widened_enumeration,r3|6|6_u3,3,3,3|6|6,4|7|7,15,18,2,0,none,True,True,False,False,True,False,computed_total_slot_anomaly_obstruction,15|18|3|3,13|13|13,none,0,0,True,,
widened_enumeration,r4|4|4_u0,3,0,4|4|4,5|5|5,12,15,2,0,none,True,True,False,False,True,False,computed_total_slot_anomaly_obstruction,12|15|3|0,10|10|10,none,0,0,True,,
widened_enumeration,r4|4|4_u1,3,1,4|4|4,5|5|5,12,15,2,0,none,True,True,False,False,True,False,computed_total_slot_anomaly_obstruction,12|15|3|1,10|10|10,none,0,0,True,,
widened_enumeration,r4|4|4_u2,3,2,4|4|4,5|5|5,12,15,2,0,none,True,True,False,False,True,False,computed_total_slot_anomaly_obstruction,12|15|3|2,10|10|10,none,0,0,True,,
widened_enumeration,r4|4|4_u3,3,3,4|4|4,5|5|5,12,15,2,0,none,True,True,False,False,True,False,computed_total_slot_anomaly_obstruction,12|15|3|3,10|10|10,none,0,0,True,,
widened_enumeration,r4|4|5_u0,3,0,4|4|5,5|5|6,13,16,2,0,none,True,True,False,False,True,False,computed_total_slot_anomaly_obstruction,13|16|3|0,11|11|11,none,0,0,True,,
widened_enumeration,r4|4|5_u1,3,1,4|4|5,5|5|6,13,16,2,0,none,True,True,False,False,True,False,computed_total_slot_anomaly_obstruction,13|16|3|1,11|11|11,none,0,0,True,,
widened_enumeration,r4|4|5_u2,3,2,4|4|5,5|5|6,13,16,2,0,none,True,True,False,False,True,False,computed_total_slot_anomaly_obstruction,13|16|3|2,11|11|11,none,0,0,True,,
widened_enumeration,r4|4|5_u3,3,3,4|4|5,5|5|6,13,16,2,0,none,True,True,False,False,True,False,computed_total_slot_anomaly_obstruction,13|16|3|3,11|11|11,none,0,0,True,,
widened_enumeration,r4|4|6_u0,3,0,4|4|6,5|5|7,14,17,2,0,none,True,True,False,False,True,False,computed_total_slot_anomaly_obstruction,14|17|3|0,12|12|12,none,0,0,True,,
widened_enumeration,r4|4|6_u1,3,1,4|4|6,5|5|7,14,17,2,0,none,True,True,False,False,True,False,computed_total_slot_anomaly_obstruction,14|17|3|1,12|12|12,none,0,0,True,,
widened_enumeration,r4|4|6_u2,3,2,4|4|6,5|5|7,14,17,2,0,none,True,True,False,False,True,False,computed_total_slot_anomaly_obstruction,14|17|3|2,12|12|12,none,0,0,True,,
widened_enumeration,r4|4|6_u3,3,3,4|4|6,5|5|7,14,17,2,0,none,True,True,False,False,True,False,computed_total_slot_anomaly_obstruction,14|17|3|3,12|12|12,none,0,0,True,,
widened_enumeration,r4|5|5_u0,3,0,4|5|5,5|6|6,14,17,2,0,none,True,True,False,False,True,False,computed_total_slot_anomaly_obstruction,14|17|3|0,12|12|12,none,0,0,True,,
widened_enumeration,r4|5|5_u1,3,1,4|5|5,5|6|6,14,17,2,0,none,True,True,False,False,True,False,computed_total_slot_anomaly_obstruction,14|17|3|1,12|12|12,none,0,0,True,,
widened_enumeration,r4|5|5_u2,3,2,4|5|5,5|6|6,14,17,2,0,none,True,True,False,False,True,False,computed_total_slot_anomaly_obstruction,14|17|3|2,12|12|12,none,0,0,True,,
widened_enumeration,r4|5|5_u3,3,3,4|5|5,5|6|6,14,17,2,0,none,True,True,False,False,True,False,computed_total_slot_anomaly_obstruction,14|17|3|3,12|12|12,none,0,0,True,,
widened_enumeration,r4|5|6_u0,3,0,4|5|6,5|6|7,15,18,2,0,none,True,True,False,False,True,False,computed_total_slot_anomaly_obstruction,15|18|3|0,13|13|13,none,0,0,True,,
widened_enumeration,r4|5|6_u1,3,1,4|5|6,5|6|7,15,18,2,0,none,True,True,False,False,True,False,computed_total_slot_anomaly_obstruction,15|18|3|1,13|13|13,none,0,0,True,,
widened_enumeration,r4|5|6_u2,3,2,4|5|6,5|6|7,15,18,2,0,none,True,True,False,False,True,False,computed_total_slot_anomaly_obstruction,15|18|3|2,13|13|13,none,0,0,True,,
widened_enumeration,r4|5|6_u3,3,3,4|5|6,5|6|7,15,18,2,0,none,True,True,False,False,True,False,computed_total_slot_anomaly_obstruction,15|18|3|3,13|13|13,none,0,0,True,,
widened_enumeration,r4|6|6_u0,3,0,4|6|6,5|7|7,16,19,2,0,none,True,True,False,False,True,False,computed_total_slot_anomaly_obstruction,16|19|3|0,14|14|14,none,0,0,True,,
widened_enumeration,r4|6|6_u1,3,1,4|6|6,5|7|7,16,19,2,0,none,True,True,False,False,True,False,computed_total_slot_anomaly_obstruction,16|19|3|1,14|14|14,none,0,0,True,,
widened_enumeration,r4|6|6_u2,3,2,4|6|6,5|7|7,16,19,2,0,none,True,True,False,False,True,False,computed_total_slot_anomaly_obstruction,16|19|3|2,14|14|14,none,0,0,True,,
widened_enumeration,r4|6|6_u3,3,3,4|6|6,5|7|7,16,19,2,0,none,True,True,False,False,True,False,computed_total_slot_anomaly_obstruction,16|19|3|3,14|14|14,none,0,0,True,,
widened_enumeration,r5|5|5_u0,3,0,5|5|5,6|6|6,15,18,2,0,none,True,True,False,False,True,False,computed_total_slot_anomaly_obstruction,15|18|3|0,13|13|13,none,0,0,True,,
widened_enumeration,r5|5|5_u1,3,1,5|5|5,6|6|6,15,18,2,0,none,True,True,False,False,True,False,computed_total_slot_anomaly_obstruction,15|18|3|1,13|13|13,none,0,0,True,,
widened_enumeration,r5|5|5_u2,3,2,5|5|5,6|6|6,15,18,2,0,none,True,True,False,False,True,False,computed_total_slot_anomaly_obstruction,15|18|3|2,13|13|13,none,0,0,True,,
widened_enumeration,r5|5|5_u3,3,3,5|5|5,6|6|6,15,18,2,0,none,True,True,False,False,True,False,computed_total_slot_anomaly_obstruction,15|18|3|3,13|13|13,none,0,0,True,,
widened_enumeration,r5|5|6_u0,3,0,5|5|6,6|6|7,16,19,2,0,none,True,True,False,False,True,False,computed_total_slot_anomaly_obstruction,16|19|3|0,14|14|14,none,0,0,True,,
widened_enumeration,r5|5|6_u1,3,1,5|5|6,6|6|7,16,19,2,0,none,True,True,False,False,True,False,computed_total_slot_anomaly_obstruction,16|19|3|1,14|14|14,none,0,0,True,,
widened_enumeration,r5|5|6_u2,3,2,5|5|6,6|6|7,16,19,2,0,none,True,True,False,False,True,False,computed_total_slot_anomaly_obstruction,16|19|3|2,14|14|14,none,0,0,True,,
widened_enumeration,r5|5|6_u3,3,3,5|5|6,6|6|7,16,19,2,0,none,True,True,False,False,True,False,computed_total_slot_anomaly_obstruction,16|19|3|3,14|14|14,none,0,0,True,,
widened_enumeration,r5|6|6_u0,3,0,5|6|6,6|7|7,17,20,2,0,none,True,True,False,False,True,False,computed_total_slot_anomaly_obstruction,17|20|3|0,15|15|15,none,0,0,True,,
widened_enumeration,r5|6|6_u1,3,1,5|6|6,6|7|7,17,20,2,0,none,True,True,False,False,True,False,computed_total_slot_anomaly_obstruction,17|20|3|1,15|15|15,none,0,0,True,,
widened_enumeration,r5|6|6_u2,3,2,5|6|6,6|7|7,17,20,2,0,none,True,True,False,False,True,False,computed_total_slot_anomaly_obstruction,17|20|3|2,15|15|15,none,0,0,True,,
widened_enumeration,r5|6|6_u3,3,3,5|6|6,6|7|7,17,20,2,0,none,True,True,False,False,True,False,computed_total_slot_anomaly_obstruction,17|20|3|3,15|15|15,none,0,0,True,,
widened_enumeration,r6|6|6_u0,3,0,6|6|6,7|7|7,18,21,2,0,none,True,True,False,False,True,False,computed_total_slot_anomaly_obstruction,18|21|3|0,16|16|16,none,0,0,True,,
widened_enumeration,r6|6|6_u1,3,1,6|6|6,7|7|7,18,21,2,0,none,True,True,False,False,True,False,computed_total_slot_anomaly_obstruction,18|21|3|1,16|16|16,none,0,0,True,,
widened_enumeration,r6|6|6_u2,3,2,6|6|6,7|7|7,18,21,2,0,none,True,True,False,False,True,False,computed_total_slot_anomaly_obstruction,18|21|3|2,16|16|16,none,0,0,True,,
widened_enumeration,r6|6|6_u3,3,3,6|6|6,7|7|7,18,21,2,0,none,True,True,False,False,True,False,computed_total_slot_anomaly_obstruction,18|21|3|3,16|16|16,none,0,0,True,,
widened_enumeration,r1|1|1|1_u0,4,0,1|1|1|1,2|2|2|2,4,8,3,0,none,False,False,False,False,False,False,chirality_test_failed,4|8|4|0,0|0|0|0,none,0,0,True,,
widened_enumeration,r1|1|1|1_u1,4,1,1|1|1|1,2|2|2|2,4,8,3,0,none,False,False,False,False,False,False,chirality_test_failed,4|8|4|1,0|0|0|0,none,0,0,True,,
widened_enumeration,r1|1|1|1_u2,4,2,1|1|1|1,2|2|2|2,4,8,3,0,none,False,False,False,False,False,False,chirality_test_failed,4|8|4|2,0|0|0|0,none,0,0,True,,
widened_enumeration,r1|1|1|1_u3,4,3,1|1|1|1,2|2|2|2,4,8,3,0,none,False,False,False,False,False,False,chirality_test_failed,4|8|4|3,0|0|0|0,none,0,0,True,,
widened_enumeration,r1|1|1|2_u0,4,0,1|1|1|2,2|2|2|3,5,9,3,0,none,True,True,False,False,True,False,computed_total_slot_anomaly_obstruction,5|9|4|0,0|0|0|4,none,0,0,True,,
widened_enumeration,r1|1|1|2_u1,4,1,1|1|1|2,2|2|2|3,5,9,3,0,none,True,True,False,False,True,False,computed_total_slot_anomaly_obstruction,5|9|4|1,0|0|0|4,none,0,0,True,,
widened_enumeration,r1|1|1|2_u2,4,2,1|1|1|2,2|2|2|3,5,9,3,0,none,True,True,False,False,True,False,computed_total_slot_anomaly_obstruction,5|9|4|2,0|0|0|4,none,0,0,True,,
widened_enumeration,r1|1|1|2_u3,4,3,1|1|1|2,2|2|2|3,5,9,3,0,none,True,True,False,False,True,False,computed_total_slot_anomaly_obstruction,5|9|4|3,0|0|0|4,none,0,0,True,,
widened_enumeration,r1|1|1|3_u0,4,0,1|1|1|3,2|2|2|4,6,10,3,0,none,True,True,False,False,False,False,computed_total_slot_anomaly_obstruction,6|10|4|0,0|0|0|5,none,0,0,True,,
widened_enumeration,r1|1|1|3_u1,4,1,1|1|1|3,2|2|2|4,6,10,3,0,none,True,True,False,False,False,False,computed_total_slot_anomaly_obstruction,6|10|4|1,0|0|0|5,none,0,0,True,,
widened_enumeration,r1|1|1|3_u2,4,2,1|1|1|3,2|2|2|4,6,10,3,0,none,True,True,False,False,False,False,computed_total_slot_anomaly_obstruction,6|10|4|2,0|0|0|5,none,0,0,True,,
widened_enumeration,r1|1|1|3_u3,4,3,1|1|1|3,2|2|2|4,6,10,3,0,none,True,True,False,False,False,False,computed_total_slot_anomaly_obstruction,6|10|4|3,0|0|0|5,none,0,0,True,,
widened_enumeration,r1|1|1|4_u0,4,0,1|1|1|4,2|2|2|5,7,11,3,0,none,True,True,False,False,True,False,computed_total_slot_anomaly_obstruction,7|11|4|0,0|0|0|6,none,0,0,True,,
widened_enumeration,r1|1|1|4_u1,4,1,1|1|1|4,2|2|2|5,7,11,3,0,none,True,True,False,False,True,False,computed_total_slot_anomaly_obstruction,7|11|4|1,0|0|0|6,none,0,0,True,,
widened_enumeration,r1|1|1|4_u2,4,2,1|1|1|4,2|2|2|5,7,11,3,0,none,True,True,False,False,True,False,computed_total_slot_anomaly_obstruction,7|11|4|2,0|0|0|6,none,0,0,True,,
widened_enumeration,r1|1|1|4_u3,4,3,1|1|1|4,2|2|2|5,7,11,3,0,none,True,True,False,False,True,False,computed_total_slot_anomaly_obstruction,7|11|4|3,0|0|0|6,none,0,0,True,,
widened_enumeration,r1|1|1|5_u0,4,0,1|1|1|5,2|2|2|6,8,12,3,0,none,True,True,False,False,False,False,computed_total_slot_anomaly_obstruction,8|12|4|0,0|0|0|7,none,0,0,True,,
widened_enumeration,r1|1|1|5_u1,4,1,1|1|1|5,2|2|2|6,8,12,3,0,none,True,True,False,False,False,False,computed_total_slot_anomaly_obstruction,8|12|4|1,0|0|0|7,none,0,0,True,,
widened_enumeration,r1|1|1|5_u2,4,2,1|1|1|5,2|2|2|6,8,12,3,0,none,True,True,False,False,False,False,computed_total_slot_anomaly_obstruction,8|12|4|2,0|0|0|7,none,0,0,True,,
widened_enumeration,r1|1|1|5_u3,4,3,1|1|1|5,2|2|2|6,8,12,3,0,none,True,True,False,False,False,False,computed_total_slot_anomaly_obstruction,8|12|4|3,0|0|0|7,none,0,0,True,,
widened_enumeration,r1|1|1|6_u0,4,0,1|1|1|6,2|2|2|7,9,13,3,0,none,True,True,False,False,True,False,computed_total_slot_anomaly_obstruction,9|13|4|0,0|0|0|8,none,0,0,True,,
widened_enumeration,r1|1|1|6_u1,4,1,1|1|1|6,2|2|2|7,9,13,3,0,none,True,True,False,False,True,False,computed_total_slot_anomaly_obstruction,9|13|4|1,0|0|0|8,none,0,0,True,,
widened_enumeration,r1|1|1|6_u2,4,2,1|1|1|6,2|2|2|7,9,13,3,0,none,True,True,False,False,True,False,computed_total_slot_anomaly_obstruction,9|13|4|2,0|0|0|8,none,0,0,True,,
widened_enumeration,r1|1|1|6_u3,4,3,1|1|1|6,2|2|2|7,9,13,3,0,none,True,True,False,False,True,False,computed_total_slot_anomaly_obstruction,9|13|4|3,0|0|0|8,none,0,0,True,,
widened_enumeration,r1|1|2|2_u0,4,0,1|1|2|2,2|2|3|3,6,10,3,0,none,True,True,False,False,False,False,computed_total_slot_anomaly_obstruction,6|10|4|0,0|0|5|5,none,0,0,True,,
widened_enumeration,r1|1|2|2_u1,4,1,1|1|2|2,2|2|3|3,6,10,3,0,none,True,True,False,False,False,False,computed_total_slot_anomaly_obstruction,6|10|4|1,0|0|5|5,none,0,0,True,,
widened_enumeration,r1|1|2|2_u2,4,2,1|1|2|2,2|2|3|3,6,10,3,0,none,True,True,False,False,False,False,computed_total_slot_anomaly_obstruction,6|10|4|2,0|0|5|5,none,0,0,True,,
widened_enumeration,r1|1|2|2_u3,4,3,1|1|2|2,2|2|3|3,6,10,3,0,none,True,True,False,False,False,False,computed_total_slot_anomaly_obstruction,6|10|4|3,0|0|5|5,none,0,0,True,,
widened_enumeration,r1|1|2|3_u0,4,0,1|1|2|3,2|2|3|4,7,11,3,0,none,True,True,False,False,True,False,computed_total_slot_anomaly_obstruction,7|11|4|0,0|0|6|6,none,0,0,True,,
widened_enumeration,r1|1|2|3_u1,4,1,1|1|2|3,2|2|3|4,7,11,3,0,none,True,True,False,False,True,False,computed_total_slot_anomaly_obstruction,7|11|4|1,0|0|6|6,none,0,0,True,,
widened_enumeration,r1|1|2|3_u2,4,2,1|1|2|3,2|2|3|4,7,11,3,0,none,True,True,False,False,True,False,computed_total_slot_anomaly_obstruction,7|11|4|2,0|0|6|6,none,0,0,True,,
widened_enumeration,r1|1|2|3_u3,4,3,1|1|2|3,2|2|3|4,7,11,3,0,none,True,True,False,False,True,False,computed_total_slot_anomaly_obstruction,7|11|4|3,0|0|6|6,none,0,0,True,,
widened_enumeration,r1|1|2|4_u0,4,0,1|1|2|4,2|2|3|5,8,12,3,0,none,True,True,False,False,False,False,computed_total_slot_anomaly_obstruction,8|12|4|0,0|0|7|7,none,0,0,True,,
widened_enumeration,r1|1|2|4_u1,4,1,1|1|2|4,2|2|3|5,8,12,3,0,none,True,True,False,False,False,False,computed_total_slot_anomaly_obstruction,8|12|4|1,0|0|7|7,none,0,0,True,,
widened_enumeration,r1|1|2|4_u2,4,2,1|1|2|4,2|2|3|5,8,12,3,0,none,True,True,False,False,False,False,computed_total_slot_anomaly_obstruction,8|12|4|2,0|0|7|7,none,0,0,True,,
widened_enumeration,r1|1|2|4_u3,4,3,1|1|2|4,2|2|3|5,8,12,3,0,none,True,True,False,False,False,False,computed_total_slot_anomaly_obstruction,8|12|4|3,0|0|7|7,none,0,0,True,,
widened_enumeration,r1|1|2|5_u0,4,0,1|1|2|5,2|2|3|6,9,13,3,0,none,True,True,False,False,True,False,computed_total_slot_anomaly_obstruction,9|13|4|0,0|0|8|8,none,0,0,True,,
widened_enumeration,r1|1|2|5_u1,4,1,1|1|2|5,2|2|3|6,9,13,3,0,none,True,True,False,False,True,False,computed_total_slot_anomaly_obstruction,9|13|4|1,0|0|8|8,none,0,0,True,,
widened_enumeration,r1|1|2|5_u2,4,2,1|1|2|5,2|2|3|6,9,13,3,0,none,True,True,False,False,True,False,computed_total_slot_anomaly_obstruction,9|13|4|2,0|0|8|8,none,0,0,True,,
widened_enumeration,r1|1|2|5_u3,4,3,1|1|2|5,2|2|3|6,9,13,3,0,none,True,True,False,False,True,False,computed_total_slot_anomaly_obstruction,9|13|4|3,0|0|8|8,none,0,0,True,,
widened_enumeration,r1|1|2|6_u0,4,0,1|1|2|6,2|2|3|7,10,14,3,0,none,True,True,False,False,False,False,computed_total_slot_anomaly_obstruction,10|14|4|0,0|0|9|9,none,0,0,True,,
widened_enumeration,r1|1|2|6_u1,4,1,1|1|2|6,2|2|3|7,10,14,3,0,none,True,True,False,False,False,False,computed_total_slot_anomaly_obstruction,10|14|4|1,0|0|9|9,none,0,0,True,,
widened_enumeration,r1|1|2|6_u2,4,2,1|1|2|6,2|2|3|7,10,14,3,0,none,True,True,False,False,False,False,computed_total_slot_anomaly_obstruction,10|14|4|2,0|0|9|9,none,0,0,True,,
widened_enumeration,r1|1|2|6_u3,4,3,1|1|2|6,2|2|3|7,10,14,3,0,none,True,True,False,False,False,False,computed_total_slot_anomaly_obstruction,10|14|4|3,0|0|9|9,none,0,0,True,,
widened_enumeration,r1|1|3|3_u0,4,0,1|1|3|3,2|2|4|4,8,12,3,0,none,True,True,False,False,False,False,computed_total_slot_anomaly_obstruction,8|12|4|0,0|0|7|7,none,0,0,True,,
widened_enumeration,r1|1|3|3_u1,4,1,1|1|3|3,2|2|4|4,8,12,3,0,none,True,True,False,False,False,False,computed_total_slot_anomaly_obstruction,8|12|4|1,0|0|7|7,none,0,0,True,,
widened_enumeration,r1|1|3|3_u2,4,2,1|1|3|3,2|2|4|4,8,12,3,0,none,True,True,False,False,False,False,computed_total_slot_anomaly_obstruction,8|12|4|2,0|0|7|7,none,0,0,True,,
widened_enumeration,r1|1|3|3_u3,4,3,1|1|3|3,2|2|4|4,8,12,3,0,none,True,True,False,False,False,False,computed_total_slot_anomaly_obstruction,8|12|4|3,0|0|7|7,none,0,0,True,,
widened_enumeration,r1|1|3|4_u0,4,0,1|1|3|4,2|2|4|5,9,13,3,0,none,True,True,False,False,True,False,computed_total_slot_anomaly_obstruction,9|13|4|0,0|0|8|8,none,0,0,True,,
widened_enumeration,r1|1|3|4_u1,4,1,1|1|3|4,2|2|4|5,9,13,3,0,none,True,True,False,False,True,False,computed_total_slot_anomaly_obstruction,9|13|4|1,0|0|8|8,none,0,0,True,,
widened_enumeration,r1|1|3|4_u2,4,2,1|1|3|4,2|2|4|5,9,13,3,0,none,True,True,False,False,True,False,computed_total_slot_anomaly_obstruction,9|13|4|2,0|0|8|8,none,0,0,True,,
widened_enumeration,r1|1|3|4_u3,4,3,1|1|3|4,2|2|4|5,9,13,3,0,none,True,True,False,False,True,False,computed_total_slot_anomaly_obstruction,9|13|4|3,0|0|8|8,none,0,0,True,,
widened_enumeration,r1|1|3|5_u0,4,0,1|1|3|5,2|2|4|6,10,14,3,0,none,True,True,False,False,False,False,computed_total_slot_anomaly_obstruction,10|14|4|0,0|0|9|9,none,0,0,True,,
widened_enumeration,r1|1|3|5_u1,4,1,1|1|3|5,2|2|4|6,10,14,3,0,none,True,True,False,False,False,False,computed_total_slot_anomaly_obstruction,10|14|4|1,0|0|9|9,none,0,0,True,,
widened_enumeration,r1|1|3|5_u2,4,2,1|1|3|5,2|2|4|6,10,14,3,0,none,True,True,False,False,False,False,computed_total_slot_anomaly_obstruction,10|14|4|2,0|0|9|9,none,0,0,True,,
widened_enumeration,r1|1|3|5_u3,4,3,1|1|3|5,2|2|4|6,10,14,3,0,none,True,True,False,False,False,False,computed_total_slot_anomaly_obstruction,10|14|4|3,0|0|9|9,none,0,0,True,,
widened_enumeration,r1|1|3|6_u0,4,0,1|1|3|6,2|2|4|7,11,15,3,0,none,True,True,False,False,True,False,computed_total_slot_anomaly_obstruction,11|15|4|0,0|0|10|10,none,0,0,True,,
widened_enumeration,r1|1|3|6_u1,4,1,1|1|3|6,2|2|4|7,11,15,3,0,none,True,True,False,False,True,False,computed_total_slot_anomaly_obstruction,11|15|4|1,0|0|10|10,none,0,0,True,,
widened_enumeration,r1|1|3|6_u2,4,2,1|1|3|6,2|2|4|7,11,15,3,0,none,True,True,False,False,True,False,computed_total_slot_anomaly_obstruction,11|15|4|2,0|0|10|10,none,0,0,True,,
widened_enumeration,r1|1|3|6_u3,4,3,1|1|3|6,2|2|4|7,11,15,3,0,none,True,True,False,False,True,False,computed_total_slot_anomaly_obstruction,11|15|4|3,0|0|10|10,none,0,0,True,,
widened_enumeration,r1|1|4|4_u0,4,0,1|1|4|4,2|2|5|5,10,14,3,0,none,True,True,False,False,False,False,computed_total_slot_anomaly_obstruction,10|14|4|0,0|0|9|9,none,0,0,True,,
widened_enumeration,r1|1|4|4_u1,4,1,1|1|4|4,2|2|5|5,10,14,3,0,none,True,True,False,False,False,False,computed_total_slot_anomaly_obstruction,10|14|4|1,0|0|9|9,none,0,0,True,,
widened_enumeration,r1|1|4|4_u2,4,2,1|1|4|4,2|2|5|5,10,14,3,0,none,True,True,False,False,False,False,computed_total_slot_anomaly_obstruction,10|14|4|2,0|0|9|9,none,0,0,True,,
widened_enumeration,r1|1|4|4_u3,4,3,1|1|4|4,2|2|5|5,10,14,3,0,none,True,True,False,False,False,False,computed_total_slot_anomaly_obstruction,10|14|4|3,0|0|9|9,none,0,0,True,,
widened_enumeration,r1|1|4|5_u0,4,0,1|1|4|5,2|2|5|6,11,15,3,0,none,True,True,False,False,True,False,computed_total_slot_anomaly_obstruction,11|15|4|0,0|0|10|10,none,0,0,True,,
widened_enumeration,r1|1|4|5_u1,4,1,1|1|4|5,2|2|5|6,11,15,3,0,none,True,True,False,False,True,False,computed_total_slot_anomaly_obstruction,11|15|4|1,0|0|10|10,none,0,0,True,,
widened_enumeration,r1|1|4|5_u2,4,2,1|1|4|5,2|2|5|6,11,15,3,0,none,True,True,False,False,True,False,computed_total_slot_anomaly_obstruction,11|15|4|2,0|0|10|10,none,0,0,True,,
widened_enumeration,r1|1|4|5_u3,4,3,1|1|4|5,2|2|5|6,11,15,3,0,none,True,True,False,False,True,False,computed_total_slot_anomaly_obstruction,11|15|4|3,0|0|10|10,none,0,0,True,,
widened_enumeration,r1|1|4|6_u0,4,0,1|1|4|6,2|2|5|7,12,16,3,0,none,True,True,False,False,False,False,computed_total_slot_anomaly_obstruction,12|16|4|0,0|0|11|11,none,0,0,True,,
widened_enumeration,r1|1|4|6_u1,4,1,1|1|4|6,2|2|5|7,12,16,3,0,none,True,True,False,False,False,False,computed_total_slot_anomaly_obstruction,12|16|4|1,0|0|11|11,none,0,0,True,,
widened_enumeration,r1|1|4|6_u2,4,2,1|1|4|6,2|2|5|7,12,16,3,0,none,True,True,False,False,False,False,computed_total_slot_anomaly_obstruction,12|16|4|2,0|0|11|11,none,0,0,True,,
widened_enumeration,r1|1|4|6_u3,4,3,1|1|4|6,2|2|5|7,12,16,3,0,none,True,True,False,False,False,False,computed_total_slot_anomaly_obstruction,12|16|4|3,0|0|11|11,none,0,0,True,,
widened_enumeration,r1|1|5|5_u0,4,0,1|1|5|5,2|2|6|6,12,16,3,0,none,True,True,False,False,False,False,computed_total_slot_anomaly_obstruction,12|16|4|0,0|0|11|11,none,0,0,True,,
widened_enumeration,r1|1|5|5_u1,4,1,1|1|5|5,2|2|6|6,12,16,3,0,none,True,True,False,False,False,False,computed_total_slot_anomaly_obstruction,12|16|4|1,0|0|11|11,none,0,0,True,,
widened_enumeration,r1|1|5|5_u2,4,2,1|1|5|5,2|2|6|6,12,16,3,0,none,True,True,False,False,False,False,computed_total_slot_anomaly_obstruction,12|16|4|2,0|0|11|11,none,0,0,True,,
widened_enumeration,r1|1|5|5_u3,4,3,1|1|5|5,2|2|6|6,12,16,3,0,none,True,True,False,False,False,False,computed_total_slot_anomaly_obstruction,12|16|4|3,0|0|11|11,none,0,0,True,,
widened_enumeration,r1|1|5|6_u0,4,0,1|1|5|6,2|2|6|7,13,17,3,0,none,True,True,False,False,True,False,computed_total_slot_anomaly_obstruction,13|17|4|0,0|0|12|12,none,0,0,True,,
widened_enumeration,r1|1|5|6_u1,4,1,1|1|5|6,2|2|6|7,13,17,3,0,none,True,True,False,False,True,False,computed_total_slot_anomaly_obstruction,13|17|4|1,0|0|12|12,none,0,0,True,,
widened_enumeration,r1|1|5|6_u2,4,2,1|1|5|6,2|2|6|7,13,17,3,0,none,True,True,False,False,True,False,computed_total_slot_anomaly_obstruction,13|17|4|2,0|0|12|12,none,0,0,True,,
widened_enumeration,r1|1|5|6_u3,4,3,1|1|5|6,2|2|6|7,13,17,3,0,none,True,True,False,False,True,False,computed_total_slot_anomaly_obstruction,13|17|4|3,0|0|12|12,none,0,0,True,,
widened_enumeration,r1|1|6|6_u0,4,0,1|1|6|6,2|2|7|7,14,18,3,0,none,True,True,False,False,False,False,computed_total_slot_anomaly_obstruction,14|18|4|0,0|0|13|13,none,0,0,True,,
widened_enumeration,r1|1|6|6_u1,4,1,1|1|6|6,2|2|7|7,14,18,3,0,none,True,True,False,False,False,False,computed_total_slot_anomaly_obstruction,14|18|4|1,0|0|13|13,none,0,0,True,,
widened_enumeration,r1|1|6|6_u2,4,2,1|1|6|6,2|2|7|7,14,18,3,0,none,True,True,False,False,False,False,computed_total_slot_anomaly_obstruction,14|18|4|2,0|0|13|13,none,0,0,True,,
widened_enumeration,r1|1|6|6_u3,4,3,1|1|6|6,2|2|7|7,14,18,3,0,none,True,True,False,False,False,False,computed_total_slot_anomaly_obstruction,14|18|4|3,0|0|13|13,none,0,0,True,,
widened_enumeration,r1|2|2|2_u0,4,0,1|2|2|2,2|3|3|3,7,11,3,0,none,True,True,False,False,True,False,computed_total_slot_anomaly_obstruction,7|11|4|0,0|6|6|6,none,0,0,True,,
widened_enumeration,r1|2|2|2_u1,4,1,1|2|2|2,2|3|3|3,7,11,3,0,none,True,True,False,False,True,False,computed_total_slot_anomaly_obstruction,7|11|4|1,0|6|6|6,none,0,0,True,,
widened_enumeration,r1|2|2|2_u2,4,2,1|2|2|2,2|3|3|3,7,11,3,0,none,True,True,False,False,True,False,computed_total_slot_anomaly_obstruction,7|11|4|2,0|6|6|6,none,0,0,True,,
widened_enumeration,r1|2|2|2_u3,4,3,1|2|2|2,2|3|3|3,7,11,3,0,none,True,True,False,False,True,False,computed_total_slot_anomaly_obstruction,7|11|4|3,0|6|6|6,none,0,0,True,,
widened_enumeration,r1|2|2|3_u0,4,0,1|2|2|3,2|3|3|4,8,12,3,0,none,True,True,False,False,False,False,computed_total_slot_anomaly_obstruction,8|12|4|0,0|7|7|7,none,0,0,True,,
widened_enumeration,r1|2|2|3_u1,4,1,1|2|2|3,2|3|3|4,8,12,3,0,none,True,True,False,False,False,False,computed_total_slot_anomaly_obstruction,8|12|4|1,0|7|7|7,none,0,0,True,,
widened_enumeration,r1|2|2|3_u2,4,2,1|2|2|3,2|3|3|4,8,12,3,0,none,True,True,False,False,False,False,computed_total_slot_anomaly_obstruction,8|12|4|2,0|7|7|7,none,0,0,True,,
widened_enumeration,r1|2|2|3_u3,4,3,1|2|2|3,2|3|3|4,8,12,3,0,none,True,True,False,False,False,False,computed_total_slot_anomaly_obstruction,8|12|4|3,0|7|7|7,none,0,0,True,,
widened_enumeration,r1|2|2|4_u0,4,0,1|2|2|4,2|3|3|5,9,13,3,0,none,True,True,False,False,True,False,computed_total_slot_anomaly_obstruction,9|13|4|0,0|8|8|8,none,0,0,True,,
widened_enumeration,r1|2|2|4_u1,4,1,1|2|2|4,2|3|3|5,9,13,3,0,none,True,True,False,False,True,False,computed_total_slot_anomaly_obstruction,9|13|4|1,0|8|8|8,none,0,0,True,,
widened_enumeration,r1|2|2|4_u2,4,2,1|2|2|4,2|3|3|5,9,13,3,0,none,True,True,False,False,True,False,computed_total_slot_anomaly_obstruction,9|13|4|2,0|8|8|8,none,0,0,True,,
widened_enumeration,r1|2|2|4_u3,4,3,1|2|2|4,2|3|3|5,9,13,3,0,none,True,True,False,False,True,False,computed_total_slot_anomaly_obstruction,9|13|4|3,0|8|8|8,none,0,0,True,,
widened_enumeration,r1|2|2|5_u0,4,0,1|2|2|5,2|3|3|6,10,14,3,0,none,True,True,False,False,False,False,computed_total_slot_anomaly_obstruction,10|14|4|0,0|9|9|9,none,0,0,True,,
widened_enumeration,r1|2|2|5_u1,4,1,1|2|2|5,2|3|3|6,10,14,3,0,none,True,True,False,False,False,False,computed_total_slot_anomaly_obstruction,10|14|4|1,0|9|9|9,none,0,0,True,,
widened_enumeration,r1|2|2|5_u2,4,2,1|2|2|5,2|3|3|6,10,14,3,0,none,True,True,False,False,False,False,computed_total_slot_anomaly_obstruction,10|14|4|2,0|9|9|9,none,0,0,True,,
widened_enumeration,r1|2|2|5_u3,4,3,1|2|2|5,2|3|3|6,10,14,3,0,none,True,True,False,False,False,False,computed_total_slot_anomaly_obstruction,10|14|4|3,0|9|9|9,none,0,0,True,,
widened_enumeration,r1|2|2|6_u0,4,0,1|2|2|6,2|3|3|7,11,15,3,0,none,True,True,False,False,True,False,computed_total_slot_anomaly_obstruction,11|15|4|0,0|10|10|10,none,0,0,True,,
widened_enumeration,r1|2|2|6_u1,4,1,1|2|2|6,2|3|3|7,11,15,3,0,none,True,True,False,False,True,False,computed_total_slot_anomaly_obstruction,11|15|4|1,0|10|10|10,none,0,0,True,,
widened_enumeration,r1|2|2|6_u2,4,2,1|2|2|6,2|3|3|7,11,15,3,0,none,True,True,False,False,True,False,computed_total_slot_anomaly_obstruction,11|15|4|2,0|10|10|10,none,0,0,True,,
widened_enumeration,r1|2|2|6_u3,4,3,1|2|2|6,2|3|3|7,11,15,3,0,none,True,True,False,False,True,False,computed_total_slot_anomaly_obstruction,11|15|4|3,0|10|10|10,none,0,0,True,,
widened_enumeration,r1|2|3|3_u0,4,0,1|2|3|3,2|3|4|4,9,13,3,0,none,True,True,False,False,True,False,computed_total_slot_anomaly_obstruction,9|13|4|0,0|8|8|8,none,0,0,True,,
widened_enumeration,r1|2|3|3_u1,4,1,1|2|3|3,2|3|4|4,9,13,3,0,none,True,True,False,False,True,False,computed_total_slot_anomaly_obstruction,9|13|4|1,0|8|8|8,none,0,0,True,,
widened_enumeration,r1|2|3|3_u2,4,2,1|2|3|3,2|3|4|4,9,13,3,0,none,True,True,False,False,True,False,computed_total_slot_anomaly_obstruction,9|13|4|2,0|8|8|8,none,0,0,True,,
widened_enumeration,r1|2|3|3_u3,4,3,1|2|3|3,2|3|4|4,9,13,3,0,none,True,True,False,False,True,False,computed_total_slot_anomaly_obstruction,9|13|4|3,0|8|8|8,none,0,0,True,,
widened_enumeration,r1|2|3|4_u0,4,0,1|2|3|4,2|3|4|5,10,14,3,0,none,True,True,False,False,False,False,computed_total_slot_anomaly_obstruction,10|14|4|0,0|9|9|9,none,0,0,True,,
widened_enumeration,r1|2|3|4_u1,4,1,1|2|3|4,2|3|4|5,10,14,3,0,none,True,True,False,False,False,False,computed_total_slot_anomaly_obstruction,10|14|4|1,0|9|9|9,none,0,0,True,,
widened_enumeration,r1|2|3|4_u2,4,2,1|2|3|4,2|3|4|5,10,14,3,0,none,True,True,False,False,False,False,computed_total_slot_anomaly_obstruction,10|14|4|2,0|9|9|9,none,0,0,True,,
widened_enumeration,r1|2|3|4_u3,4,3,1|2|3|4,2|3|4|5,10,14,3,0,none,True,True,False,False,False,False,computed_total_slot_anomaly_obstruction,10|14|4|3,0|9|9|9,none,0,0,True,,
widened_enumeration,r1|2|3|5_u0,4,0,1|2|3|5,2|3|4|6,11,15,3,0,none,True,True,False,False,True,False,computed_total_slot_anomaly_obstruction,11|15|4|0,0|10|10|10,none,0,0,True,,
widened_enumeration,r1|2|3|5_u1,4,1,1|2|3|5,2|3|4|6,11,15,3,0,none,True,True,False,False,True,False,computed_total_slot_anomaly_obstruction,11|15|4|1,0|10|10|10,none,0,0,True,,
widened_enumeration,r1|2|3|5_u2,4,2,1|2|3|5,2|3|4|6,11,15,3,0,none,True,True,False,False,True,False,computed_total_slot_anomaly_obstruction,11|15|4|2,0|10|10|10,none,0,0,True,,
widened_enumeration,r1|2|3|5_u3,4,3,1|2|3|5,2|3|4|6,11,15,3,0,none,True,True,False,False,True,False,computed_total_slot_anomaly_obstruction,11|15|4|3,0|10|10|10,none,0,0,True,,
widened_enumeration,r1|2|3|6_u0,4,0,1|2|3|6,2|3|4|7,12,16,3,0,none,True,True,False,False,False,False,computed_total_slot_anomaly_obstruction,12|16|4|0,0|11|11|11,none,0,0,True,,
widened_enumeration,r1|2|3|6_u1,4,1,1|2|3|6,2|3|4|7,12,16,3,0,none,True,True,False,False,False,False,computed_total_slot_anomaly_obstruction,12|16|4|1,0|11|11|11,none,0,0,True,,
widened_enumeration,r1|2|3|6_u2,4,2,1|2|3|6,2|3|4|7,12,16,3,0,none,True,True,False,False,False,False,computed_total_slot_anomaly_obstruction,12|16|4|2,0|11|11|11,none,0,0,True,,
widened_enumeration,r1|2|3|6_u3,4,3,1|2|3|6,2|3|4|7,12,16,3,0,none,True,True,False,False,False,False,computed_total_slot_anomaly_obstruction,12|16|4|3,0|11|11|11,none,0,0,True,,
widened_enumeration,r1|2|4|4_u0,4,0,1|2|4|4,2|3|5|5,11,15,3,0,none,True,True,False,False,True,False,computed_total_slot_anomaly_obstruction,11|15|4|0,0|10|10|10,none,0,0,True,,
widened_enumeration,r1|2|4|4_u1,4,1,1|2|4|4,2|3|5|5,11,15,3,0,none,True,True,False,False,True,False,computed_total_slot_anomaly_obstruction,11|15|4|1,0|10|10|10,none,0,0,True,,
widened_enumeration,r1|2|4|4_u2,4,2,1|2|4|4,2|3|5|5,11,15,3,0,none,True,True,False,False,True,False,computed_total_slot_anomaly_obstruction,11|15|4|2,0|10|10|10,none,0,0,True,,
widened_enumeration,r1|2|4|4_u3,4,3,1|2|4|4,2|3|5|5,11,15,3,0,none,True,True,False,False,True,False,computed_total_slot_anomaly_obstruction,11|15|4|3,0|10|10|10,none,0,0,True,,
widened_enumeration,r1|2|4|5_u0,4,0,1|2|4|5,2|3|5|6,12,16,3,0,none,True,True,False,False,False,False,computed_total_slot_anomaly_obstruction,12|16|4|0,0|11|11|11,none,0,0,True,,
widened_enumeration,r1|2|4|5_u1,4,1,1|2|4|5,2|3|5|6,12,16,3,0,none,True,True,False,False,False,False,computed_total_slot_anomaly_obstruction,12|16|4|1,0|11|11|11,none,0,0,True,,
widened_enumeration,r1|2|4|5_u2,4,2,1|2|4|5,2|3|5|6,12,16,3,0,none,True,True,False,False,False,False,computed_total_slot_anomaly_obstruction,12|16|4|2,0|11|11|11,none,0,0,True,,
widened_enumeration,r1|2|4|5_u3,4,3,1|2|4|5,2|3|5|6,12,16,3,0,none,True,True,False,False,False,False,computed_total_slot_anomaly_obstruction,12|16|4|3,0|11|11|11,none,0,0,True,,
widened_enumeration,r1|2|4|6_u0,4,0,1|2|4|6,2|3|5|7,13,17,3,0,none,True,True,False,False,True,False,computed_total_slot_anomaly_obstruction,13|17|4|0,0|12|12|12,none,0,0,True,,
widened_enumeration,r1|2|4|6_u1,4,1,1|2|4|6,2|3|5|7,13,17,3,0,none,True,True,False,False,True,False,computed_total_slot_anomaly_obstruction,13|17|4|1,0|12|12|12,none,0,0,True,,
widened_enumeration,r1|2|4|6_u2,4,2,1|2|4|6,2|3|5|7,13,17,3,0,none,True,True,False,False,True,False,computed_total_slot_anomaly_obstruction,13|17|4|2,0|12|12|12,none,0,0,True,,
widened_enumeration,r1|2|4|6_u3,4,3,1|2|4|6,2|3|5|7,13,17,3,0,none,True,True,False,False,True,False,computed_total_slot_anomaly_obstruction,13|17|4|3,0|12|12|12,none,0,0,True,,
widened_enumeration,r1|2|5|5_u0,4,0,1|2|5|5,2|3|6|6,13,17,3,0,none,True,True,False,False,True,False,computed_total_slot_anomaly_obstruction,13|17|4|0,0|12|12|12,none,0,0,True,,
widened_enumeration,r1|2|5|5_u1,4,1,1|2|5|5,2|3|6|6,13,17,3,0,none,True,True,False,False,True,False,computed_total_slot_anomaly_obstruction,13|17|4|1,0|12|12|12,none,0,0,True,,
widened_enumeration,r1|2|5|5_u2,4,2,1|2|5|5,2|3|6|6,13,17,3,0,none,True,True,False,False,True,False,computed_total_slot_anomaly_obstruction,13|17|4|2,0|12|12|12,none,0,0,True,,
widened_enumeration,r1|2|5|5_u3,4,3,1|2|5|5,2|3|6|6,13,17,3,0,none,True,True,False,False,True,False,computed_total_slot_anomaly_obstruction,13|17|4|3,0|12|12|12,none,0,0,True,,
widened_enumeration,r1|2|5|6_u0,4,0,1|2|5|6,2|3|6|7,14,18,3,0,none,True,True,False,False,False,False,computed_total_slot_anomaly_obstruction,14|18|4|0,0|13|13|13,none,0,0,True,,
widened_enumeration,r1|2|5|6_u1,4,1,1|2|5|6,2|3|6|7,14,18,3,0,none,True,True,False,False,False,False,computed_total_slot_anomaly_obstruction,14|18|4|1,0|13|13|13,none,0,0,True,,
widened_enumeration,r1|2|5|6_u2,4,2,1|2|5|6,2|3|6|7,14,18,3,0,none,True,True,False,False,False,False,computed_total_slot_anomaly_obstruction,14|18|4|2,0|13|13|13,none,0,0,True,,
widened_enumeration,r1|2|5|6_u3,4,3,1|2|5|6,2|3|6|7,14,18,3,0,none,True,True,False,False,False,False,computed_total_slot_anomaly_obstruction,14|18|4|3,0|13|13|13,none,0,0,True,,
widened_enumeration,r1|2|6|6_u0,4,0,1|2|6|6,2|3|7|7,15,19,3,0,none,True,True,False,False,True,False,computed_total_slot_anomaly_obstruction,15|19|4|0,0|14|14|14,none,0,0,True,,
widened_enumeration,r1|2|6|6_u1,4,1,1|2|6|6,2|3|7|7,15,19,3,0,none,True,True,False,False,True,False,computed_total_slot_anomaly_obstruction,15|19|4|1,0|14|14|14,none,0,0,True,,
widened_enumeration,r1|2|6|6_u2,4,2,1|2|6|6,2|3|7|7,15,19,3,0,none,True,True,False,False,True,False,computed_total_slot_anomaly_obstruction,15|19|4|2,0|14|14|14,none,0,0,True,,
widened_enumeration,r1|2|6|6_u3,4,3,1|2|6|6,2|3|7|7,15,19,3,0,none,True,True,False,False,True,False,computed_total_slot_anomaly_obstruction,15|19|4|3,0|14|14|14,none,0,0,True,,
widened_enumeration,r1|3|3|3_u0,4,0,1|3|3|3,2|4|4|4,10,14,3,0,none,True,True,False,False,False,False,computed_total_slot_anomaly_obstruction,10|14|4|0,0|9|9|9,none,0,0,True,,
widened_enumeration,r1|3|3|3_u1,4,1,1|3|3|3,2|4|4|4,10,14,3,0,none,True,True,False,False,False,False,computed_total_slot_anomaly_obstruction,10|14|4|1,0|9|9|9,none,0,0,True,,
widened_enumeration,r1|3|3|3_u2,4,2,1|3|3|3,2|4|4|4,10,14,3,0,none,True,True,False,False,False,False,computed_total_slot_anomaly_obstruction,10|14|4|2,0|9|9|9,none,0,0,True,,
widened_enumeration,r1|3|3|3_u3,4,3,1|3|3|3,2|4|4|4,10,14,3,0,none,True,True,False,False,False,False,computed_total_slot_anomaly_obstruction,10|14|4|3,0|9|9|9,none,0,0,True,,
widened_enumeration,r1|3|3|4_u0,4,0,1|3|3|4,2|4|4|5,11,15,3,0,none,True,True,False,False,True,False,computed_total_slot_anomaly_obstruction,11|15|4|0,0|10|10|10,none,0,0,True,,
widened_enumeration,r1|3|3|4_u1,4,1,1|3|3|4,2|4|4|5,11,15,3,0,none,True,True,False,False,True,False,computed_total_slot_anomaly_obstruction,11|15|4|1,0|10|10|10,none,0,0,True,,
widened_enumeration,r1|3|3|4_u2,4,2,1|3|3|4,2|4|4|5,11,15,3,0,none,True,True,False,False,True,False,computed_total_slot_anomaly_obstruction,11|15|4|2,0|10|10|10,none,0,0,True,,
widened_enumeration,r1|3|3|4_u3,4,3,1|3|3|4,2|4|4|5,11,15,3,0,none,True,True,False,False,True,False,computed_total_slot_anomaly_obstruction,11|15|4|3,0|10|10|10,none,0,0,True,,
widened_enumeration,r1|3|3|5_u0,4,0,1|3|3|5,2|4|4|6,12,16,3,0,none,True,True,False,False,False,False,computed_total_slot_anomaly_obstruction,12|16|4|0,0|11|11|11,none,0,0,True,,
widened_enumeration,r1|3|3|5_u1,4,1,1|3|3|5,2|4|4|6,12,16,3,0,none,True,True,False,False,False,False,computed_total_slot_anomaly_obstruction,12|16|4|1,0|11|11|11,none,0,0,True,,
widened_enumeration,r1|3|3|5_u2,4,2,1|3|3|5,2|4|4|6,12,16,3,0,none,True,True,False,False,False,False,computed_total_slot_anomaly_obstruction,12|16|4|2,0|11|11|11,none,0,0,True,,
widened_enumeration,r1|3|3|5_u3,4,3,1|3|3|5,2|4|4|6,12,16,3,0,none,True,True,False,False,False,False,computed_total_slot_anomaly_obstruction,12|16|4|3,0|11|11|11,none,0,0,True,,
widened_enumeration,r1|3|3|6_u0,4,0,1|3|3|6,2|4|4|7,13,17,3,0,none,True,True,False,False,True,False,computed_total_slot_anomaly_obstruction,13|17|4|0,0|12|12|12,none,0,0,True,,
widened_enumeration,r1|3|3|6_u1,4,1,1|3|3|6,2|4|4|7,13,17,3,0,none,True,True,False,False,True,False,computed_total_slot_anomaly_obstruction,13|17|4|1,0|12|12|12,none,0,0,True,,
widened_enumeration,r1|3|3|6_u2,4,2,1|3|3|6,2|4|4|7,13,17,3,0,none,True,True,False,False,True,False,computed_total_slot_anomaly_obstruction,13|17|4|2,0|12|12|12,none,0,0,True,,
widened_enumeration,r1|3|3|6_u3,4,3,1|3|3|6,2|4|4|7,13,17,3,0,none,True,True,False,False,True,False,computed_total_slot_anomaly_obstruction,13|17|4|3,0|12|12|12,none,0,0,True,,
widened_enumeration,r1|3|4|4_u0,4,0,1|3|4|4,2|4|5|5,12,16,3,0,none,True,True,False,False,False,False,computed_total_slot_anomaly_obstruction,12|16|4|0,0|11|11|11,none,0,0,True,,
widened_enumeration,r1|3|4|4_u1,4,1,1|3|4|4,2|4|5|5,12,16,3,0,none,True,True,False,False,False,False,computed_total_slot_anomaly_obstruction,12|16|4|1,0|11|11|11,none,0,0,True,,
widened_enumeration,r1|3|4|4_u2,4,2,1|3|4|4,2|4|5|5,12,16,3,0,none,True,True,False,False,False,False,computed_total_slot_anomaly_obstruction,12|16|4|2,0|11|11|11,none,0,0,True,,
widened_enumeration,r1|3|4|4_u3,4,3,1|3|4|4,2|4|5|5,12,16,3,0,none,True,True,False,False,False,False,computed_total_slot_anomaly_obstruction,12|16|4|3,0|11|11|11,none,0,0,True,,
widened_enumeration,r1|3|4|5_u0,4,0,1|3|4|5,2|4|5|6,13,17,3,0,none,True,True,False,False,True,False,computed_total_slot_anomaly_obstruction,13|17|4|0,0|12|12|12,none,0,0,True,,
widened_enumeration,r1|3|4|5_u1,4,1,1|3|4|5,2|4|5|6,13,17,3,0,none,True,True,False,False,True,False,computed_total_slot_anomaly_obstruction,13|17|4|1,0|12|12|12,none,0,0,True,,
widened_enumeration,r1|3|4|5_u2,4,2,1|3|4|5,2|4|5|6,13,17,3,0,none,True,True,False,False,True,False,computed_total_slot_anomaly_obstruction,13|17|4|2,0|12|12|12,none,0,0,True,,
widened_enumeration,r1|3|4|5_u3,4,3,1|3|4|5,2|4|5|6,13,17,3,0,none,True,True,False,False,True,False,computed_total_slot_anomaly_obstruction,13|17|4|3,0|12|12|12,none,0,0,True,,
widened_enumeration,r1|3|4|6_u0,4,0,1|3|4|6,2|4|5|7,14,18,3,0,none,True,True,False,False,False,False,computed_total_slot_anomaly_obstruction,14|18|4|0,0|13|13|13,none,0,0,True,,
widened_enumeration,r1|3|4|6_u1,4,1,1|3|4|6,2|4|5|7,14,18,3,0,none,True,True,False,False,False,False,computed_total_slot_anomaly_obstruction,14|18|4|1,0|13|13|13,none,0,0,True,,
widened_enumeration,r1|3|4|6_u2,4,2,1|3|4|6,2|4|5|7,14,18,3,0,none,True,True,False,False,False,False,computed_total_slot_anomaly_obstruction,14|18|4|2,0|13|13|13,none,0,0,True,,
widened_enumeration,r1|3|4|6_u3,4,3,1|3|4|6,2|4|5|7,14,18,3,0,none,True,True,False,False,False,False,computed_total_slot_anomaly_obstruction,14|18|4|3,0|13|13|13,none,0,0,True,,
widened_enumeration,r1|3|5|5_u0,4,0,1|3|5|5,2|4|6|6,14,18,3,0,none,True,True,False,False,False,False,computed_total_slot_anomaly_obstruction,14|18|4|0,0|13|13|13,none,0,0,True,,
widened_enumeration,r1|3|5|5_u1,4,1,1|3|5|5,2|4|6|6,14,18,3,0,none,True,True,False,False,False,False,computed_total_slot_anomaly_obstruction,14|18|4|1,0|13|13|13,none,0,0,True,,
widened_enumeration,r1|3|5|5_u2,4,2,1|3|5|5,2|4|6|6,14,18,3,0,none,True,True,False,False,False,False,computed_total_slot_anomaly_obstruction,14|18|4|2,0|13|13|13,none,0,0,True,,
widened_enumeration,r1|3|5|5_u3,4,3,1|3|5|5,2|4|6|6,14,18,3,0,none,True,True,False,False,False,False,computed_total_slot_anomaly_obstruction,14|18|4|3,0|13|13|13,none,0,0,True,,
widened_enumeration,r1|3|5|6_u0,4,0,1|3|5|6,2|4|6|7,15,19,3,0,none,True,True,False,False,True,False,computed_total_slot_anomaly_obstruction,15|19|4|0,0|14|14|14,none,0,0,True,,
widened_enumeration,r1|3|5|6_u1,4,1,1|3|5|6,2|4|6|7,15,19,3,0,none,True,True,False,False,True,False,computed_total_slot_anomaly_obstruction,15|19|4|1,0|14|14|14,none,0,0,True,,
widened_enumeration,r1|3|5|6_u2,4,2,1|3|5|6,2|4|6|7,15,19,3,0,none,True,True,False,False,True,False,computed_total_slot_anomaly_obstruction,15|19|4|2,0|14|14|14,none,0,0,True,,
widened_enumeration,r1|3|5|6_u3,4,3,1|3|5|6,2|4|6|7,15,19,3,0,none,True,True,False,False,True,False,computed_total_slot_anomaly_obstruction,15|19|4|3,0|14|14|14,none,0,0,True,,
widened_enumeration,r1|3|6|6_u0,4,0,1|3|6|6,2|4|7|7,16,20,3,0,none,True,True,False,False,False,False,computed_total_slot_anomaly_obstruction,16|20|4|0,0|15|15|15,none,0,0,True,,
widened_enumeration,r1|3|6|6_u1,4,1,1|3|6|6,2|4|7|7,16,20,3,0,none,True,True,False,False,False,False,computed_total_slot_anomaly_obstruction,16|20|4|1,0|15|15|15,none,0,0,True,,
widened_enumeration,r1|3|6|6_u2,4,2,1|3|6|6,2|4|7|7,16,20,3,0,none,True,True,False,False,False,False,computed_total_slot_anomaly_obstruction,16|20|4|2,0|15|15|15,none,0,0,True,,
widened_enumeration,r1|3|6|6_u3,4,3,1|3|6|6,2|4|7|7,16,20,3,0,none,True,True,False,False,False,False,computed_total_slot_anomaly_obstruction,16|20|4|3,0|15|15|15,none,0,0,True,,
widened_enumeration,r1|4|4|4_u0,4,0,1|4|4|4,2|5|5|5,13,17,3,0,none,True,True,False,False,True,False,computed_total_slot_anomaly_obstruction,13|17|4|0,0|12|12|12,none,0,0,True,,
widened_enumeration,r1|4|4|4_u1,4,1,1|4|4|4,2|5|5|5,13,17,3,0,none,True,True,False,False,True,False,computed_total_slot_anomaly_obstruction,13|17|4|1,0|12|12|12,none,0,0,True,,
widened_enumeration,r1|4|4|4_u2,4,2,1|4|4|4,2|5|5|5,13,17,3,0,none,True,True,False,False,True,False,computed_total_slot_anomaly_obstruction,13|17|4|2,0|12|12|12,none,0,0,True,,
widened_enumeration,r1|4|4|4_u3,4,3,1|4|4|4,2|5|5|5,13,17,3,0,none,True,True,False,False,True,False,computed_total_slot_anomaly_obstruction,13|17|4|3,0|12|12|12,none,0,0,True,,
widened_enumeration,r1|4|4|5_u0,4,0,1|4|4|5,2|5|5|6,14,18,3,0,none,True,True,False,False,False,False,computed_total_slot_anomaly_obstruction,14|18|4|0,0|13|13|13,none,0,0,True,,
widened_enumeration,r1|4|4|5_u1,4,1,1|4|4|5,2|5|5|6,14,18,3,0,none,True,True,False,False,False,False,computed_total_slot_anomaly_obstruction,14|18|4|1,0|13|13|13,none,0,0,True,,
widened_enumeration,r1|4|4|5_u2,4,2,1|4|4|5,2|5|5|6,14,18,3,0,none,True,True,False,False,False,False,computed_total_slot_anomaly_obstruction,14|18|4|2,0|13|13|13,none,0,0,True,,
widened_enumeration,r1|4|4|5_u3,4,3,1|4|4|5,2|5|5|6,14,18,3,0,none,True,True,False,False,False,False,computed_total_slot_anomaly_obstruction,14|18|4|3,0|13|13|13,none,0,0,True,,
widened_enumeration,r1|4|4|6_u0,4,0,1|4|4|6,2|5|5|7,15,19,3,0,none,True,True,False,False,True,False,computed_total_slot_anomaly_obstruction,15|19|4|0,0|14|14|14,none,0,0,True,,
widened_enumeration,r1|4|4|6_u1,4,1,1|4|4|6,2|5|5|7,15,19,3,0,none,True,True,False,False,True,False,computed_total_slot_anomaly_obstruction,15|19|4|1,0|14|14|14,none,0,0,True,,
widened_enumeration,r1|4|4|6_u2,4,2,1|4|4|6,2|5|5|7,15,19,3,0,none,True,True,False,False,True,False,computed_total_slot_anomaly_obstruction,15|19|4|2,0|14|14|14,none,0,0,True,,
widened_enumeration,r1|4|4|6_u3,4,3,1|4|4|6,2|5|5|7,15,19,3,0,none,True,True,False,False,True,False,computed_total_slot_anomaly_obstruction,15|19|4|3,0|14|14|14,none,0,0,True,,
widened_enumeration,r1|4|5|5_u0,4,0,1|4|5|5,2|5|6|6,15,19,3,0,none,True,True,False,False,True,False,computed_total_slot_anomaly_obstruction,15|19|4|0,0|14|14|14,none,0,0,True,,
widened_enumeration,r1|4|5|5_u1,4,1,1|4|5|5,2|5|6|6,15,19,3,0,none,True,True,False,False,True,False,computed_total_slot_anomaly_obstruction,15|19|4|1,0|14|14|14,none,0,0,True,,
widened_enumeration,r1|4|5|5_u2,4,2,1|4|5|5,2|5|6|6,15,19,3,0,none,True,True,False,False,True,False,computed_total_slot_anomaly_obstruction,15|19|4|2,0|14|14|14,none,0,0,True,,
widened_enumeration,r1|4|5|5_u3,4,3,1|4|5|5,2|5|6|6,15,19,3,0,none,True,True,False,False,True,False,computed_total_slot_anomaly_obstruction,15|19|4|3,0|14|14|14,none,0,0,True,,
widened_enumeration,r1|4|5|6_u0,4,0,1|4|5|6,2|5|6|7,16,20,3,0,none,True,True,False,False,False,False,computed_total_slot_anomaly_obstruction,16|20|4|0,0|15|15|15,none,0,0,True,,
widened_enumeration,r1|4|5|6_u1,4,1,1|4|5|6,2|5|6|7,16,20,3,0,none,True,True,False,False,False,False,computed_total_slot_anomaly_obstruction,16|20|4|1,0|15|15|15,none,0,0,True,,
widened_enumeration,r1|4|5|6_u2,4,2,1|4|5|6,2|5|6|7,16,20,3,0,none,True,True,False,False,False,False,computed_total_slot_anomaly_obstruction,16|20|4|2,0|15|15|15,none,0,0,True,,
widened_enumeration,r1|4|5|6_u3,4,3,1|4|5|6,2|5|6|7,16,20,3,0,none,True,True,False,False,False,False,computed_total_slot_anomaly_obstruction,16|20|4|3,0|15|15|15,none,0,0,True,,
widened_enumeration,r1|4|6|6_u0,4,0,1|4|6|6,2|5|7|7,17,21,3,0,none,True,True,False,False,True,False,computed_total_slot_anomaly_obstruction,17|21|4|0,0|16|16|16,none,0,0,True,,
widened_enumeration,r1|4|6|6_u1,4,1,1|4|6|6,2|5|7|7,17,21,3,0,none,True,True,False,False,True,False,computed_total_slot_anomaly_obstruction,17|21|4|1,0|16|16|16,none,0,0,True,,
widened_enumeration,r1|4|6|6_u2,4,2,1|4|6|6,2|5|7|7,17,21,3,0,none,True,True,False,False,True,False,computed_total_slot_anomaly_obstruction,17|21|4|2,0|16|16|16,none,0,0,True,,
widened_enumeration,r1|4|6|6_u3,4,3,1|4|6|6,2|5|7|7,17,21,3,0,none,True,True,False,False,True,False,computed_total_slot_anomaly_obstruction,17|21|4|3,0|16|16|16,none,0,0,True,,
widened_enumeration,r1|5|5|5_u0,4,0,1|5|5|5,2|6|6|6,16,20,3,0,none,True,True,False,False,False,False,computed_total_slot_anomaly_obstruction,16|20|4|0,0|15|15|15,none,0,0,True,,
widened_enumeration,r1|5|5|5_u1,4,1,1|5|5|5,2|6|6|6,16,20,3,0,none,True,True,False,False,False,False,computed_total_slot_anomaly_obstruction,16|20|4|1,0|15|15|15,none,0,0,True,,
widened_enumeration,r1|5|5|5_u2,4,2,1|5|5|5,2|6|6|6,16,20,3,0,none,True,True,False,False,False,False,computed_total_slot_anomaly_obstruction,16|20|4|2,0|15|15|15,none,0,0,True,,
widened_enumeration,r1|5|5|5_u3,4,3,1|5|5|5,2|6|6|6,16,20,3,0,none,True,True,False,False,False,False,computed_total_slot_anomaly_obstruction,16|20|4|3,0|15|15|15,none,0,0,True,,
widened_enumeration,r1|5|5|6_u0,4,0,1|5|5|6,2|6|6|7,17,21,3,0,none,True,True,False,False,True,False,computed_total_slot_anomaly_obstruction,17|21|4|0,0|16|16|16,none,0,0,True,,
widened_enumeration,r1|5|5|6_u1,4,1,1|5|5|6,2|6|6|7,17,21,3,0,none,True,True,False,False,True,False,computed_total_slot_anomaly_obstruction,17|21|4|1,0|16|16|16,none,0,0,True,,
widened_enumeration,r1|5|5|6_u2,4,2,1|5|5|6,2|6|6|7,17,21,3,0,none,True,True,False,False,True,False,computed_total_slot_anomaly_obstruction,17|21|4|2,0|16|16|16,none,0,0,True,,
widened_enumeration,r1|5|5|6_u3,4,3,1|5|5|6,2|6|6|7,17,21,3,0,none,True,True,False,False,True,False,computed_total_slot_anomaly_obstruction,17|21|4|3,0|16|16|16,none,0,0,True,,
widened_enumeration,r1|5|6|6_u0,4,0,1|5|6|6,2|6|7|7,18,22,3,0,none,True,True,False,False,False,False,computed_total_slot_anomaly_obstruction,18|22|4|0,0|17|17|17,none,0,0,True,,
widened_enumeration,r1|5|6|6_u1,4,1,1|5|6|6,2|6|7|7,18,22,3,0,none,True,True,False,False,False,False,computed_total_slot_anomaly_obstruction,18|22|4|1,0|17|17|17,none,0,0,True,,
widened_enumeration,r1|5|6|6_u2,4,2,1|5|6|6,2|6|7|7,18,22,3,0,none,True,True,False,False,False,False,computed_total_slot_anomaly_obstruction,18|22|4|2,0|17|17|17,none,0,0,True,,
widened_enumeration,r1|5|6|6_u3,4,3,1|5|6|6,2|6|7|7,18,22,3,0,none,True,True,False,False,False,False,computed_total_slot_anomaly_obstruction,18|22|4|3,0|17|17|17,none,0,0,True,,
widened_enumeration,r1|6|6|6_u0,4,0,1|6|6|6,2|7|7|7,19,23,3,0,none,True,True,False,False,True,False,computed_total_slot_anomaly_obstruction,19|23|4|0,0|18|18|18,none,0,0,True,,
widened_enumeration,r1|6|6|6_u1,4,1,1|6|6|6,2|7|7|7,19,23,3,0,none,True,True,False,False,True,False,computed_total_slot_anomaly_obstruction,19|23|4|1,0|18|18|18,none,0,0,True,,
widened_enumeration,r1|6|6|6_u2,4,2,1|6|6|6,2|7|7|7,19,23,3,0,none,True,True,False,False,True,False,computed_total_slot_anomaly_obstruction,19|23|4|2,0|18|18|18,none,0,0,True,,
widened_enumeration,r1|6|6|6_u3,4,3,1|6|6|6,2|7|7|7,19,23,3,0,none,True,True,False,False,True,False,computed_total_slot_anomaly_obstruction,19|23|4|3,0|18|18|18,none,0,0,True,,
widened_enumeration,r2|2|2|2_u0,4,0,2|2|2|2,3|3|3|3,8,12,3,0,none,True,True,False,False,True,False,computed_total_slot_anomaly_obstruction,8|12|4|0,7|7|7|7,none,0,0,True,,
widened_enumeration,r2|2|2|2_u1,4,1,2|2|2|2,3|3|3|3,8,12,3,0,none,True,True,False,False,True,False,computed_total_slot_anomaly_obstruction,8|12|4|1,7|7|7|7,none,0,0,True,,
widened_enumeration,r2|2|2|2_u2,4,2,2|2|2|2,3|3|3|3,8,12,3,0,none,True,True,False,False,True,False,computed_total_slot_anomaly_obstruction,8|12|4|2,7|7|7|7,none,0,0,True,,
widened_enumeration,r2|2|2|2_u3,4,3,2|2|2|2,3|3|3|3,8,12,3,0,none,True,True,False,False,True,False,computed_total_slot_anomaly_obstruction,8|12|4|3,7|7|7|7,none,0,0,True,,
widened_enumeration,r2|2|2|3_u0,4,0,2|2|2|3,3|3|3|4,9,13,3,0,none,True,True,False,False,True,False,computed_total_slot_anomaly_obstruction,9|13|4|0,8|8|8|8,none,0,0,True,,
widened_enumeration,r2|2|2|3_u1,4,1,2|2|2|3,3|3|3|4,9,13,3,0,none,True,True,False,False,True,False,computed_total_slot_anomaly_obstruction,9|13|4|1,8|8|8|8,none,0,0,True,,
widened_enumeration,r2|2|2|3_u2,4,2,2|2|2|3,3|3|3|4,9,13,3,0,none,True,True,False,False,True,False,computed_total_slot_anomaly_obstruction,9|13|4|2,8|8|8|8,none,0,0,True,,
widened_enumeration,r2|2|2|3_u3,4,3,2|2|2|3,3|3|3|4,9,13,3,0,none,True,True,False,False,True,False,computed_total_slot_anomaly_obstruction,9|13|4|3,8|8|8|8,none,0,0,True,,
widened_enumeration,r2|2|2|4_u0,4,0,2|2|2|4,3|3|3|5,10,14,3,0,none,True,True,False,False,True,False,computed_total_slot_anomaly_obstruction,10|14|4|0,9|9|9|9,none,0,0,True,,
widened_enumeration,r2|2|2|4_u1,4,1,2|2|2|4,3|3|3|5,10,14,3,0,none,True,True,False,False,True,False,computed_total_slot_anomaly_obstruction,10|14|4|1,9|9|9|9,none,0,0,True,,
widened_enumeration,r2|2|2|4_u2,4,2,2|2|2|4,3|3|3|5,10,14,3,0,none,True,True,False,False,True,False,computed_total_slot_anomaly_obstruction,10|14|4|2,9|9|9|9,none,0,0,True,,
widened_enumeration,r2|2|2|4_u3,4,3,2|2|2|4,3|3|3|5,10,14,3,0,none,True,True,False,False,True,False,computed_total_slot_anomaly_obstruction,10|14|4|3,9|9|9|9,none,0,0,True,,
widened_enumeration,r2|2|2|5_u0,4,0,2|2|2|5,3|3|3|6,11,15,3,0,none,True,True,False,False,True,False,computed_total_slot_anomaly_obstruction,11|15|4|0,10|10|10|10,none,0,0,True,,
widened_enumeration,r2|2|2|5_u1,4,1,2|2|2|5,3|3|3|6,11,15,3,0,none,True,True,False,False,True,False,computed_total_slot_anomaly_obstruction,11|15|4|1,10|10|10|10,none,0,0,True,,
widened_enumeration,r2|2|2|5_u2,4,2,2|2|2|5,3|3|3|6,11,15,3,0,none,True,True,False,False,True,False,computed_total_slot_anomaly_obstruction,11|15|4|2,10|10|10|10,none,0,0,True,,
widened_enumeration,r2|2|2|5_u3,4,3,2|2|2|5,3|3|3|6,11,15,3,0,none,True,True,False,False,True,False,computed_total_slot_anomaly_obstruction,11|15|4|3,10|10|10|10,none,0,0,True,,
widened_enumeration,r2|2|2|6_u0,4,0,2|2|2|6,3|3|3|7,12,16,3,0,none,True,True,False,False,True,False,computed_total_slot_anomaly_obstruction,12|16|4|0,11|11|11|11,none,0,0,True,,
widened_enumeration,r2|2|2|6_u1,4,1,2|2|2|6,3|3|3|7,12,16,3,0,none,True,True,False,False,True,False,computed_total_slot_anomaly_obstruction,12|16|4|1,11|11|11|11,none,0,0,True,,
widened_enumeration,r2|2|2|6_u2,4,2,2|2|2|6,3|3|3|7,12,16,3,0,none,True,True,False,False,True,False,computed_total_slot_anomaly_obstruction,12|16|4|2,11|11|11|11,none,0,0,True,,
widened_enumeration,r2|2|2|6_u3,4,3,2|2|2|6,3|3|3|7,12,16,3,0,none,True,True,False,False,True,False,computed_total_slot_anomaly_obstruction,12|16|4|3,11|11|11|11,none,0,0,True,,
widened_enumeration,r2|2|3|3_u0,4,0,2|2|3|3,3|3|4|4,10,14,3,0,none,True,True,False,False,True,False,computed_total_slot_anomaly_obstruction,10|14|4|0,9|9|9|9,none,0,0,True,,
widened_enumeration,r2|2|3|3_u1,4,1,2|2|3|3,3|3|4|4,10,14,3,0,none,True,True,False,False,True,False,computed_total_slot_anomaly_obstruction,10|14|4|1,9|9|9|9,none,0,0,True,,
widened_enumeration,r2|2|3|3_u2,4,2,2|2|3|3,3|3|4|4,10,14,3,0,none,True,True,False,False,True,False,computed_total_slot_anomaly_obstruction,10|14|4|2,9|9|9|9,none,0,0,True,,
widened_enumeration,r2|2|3|3_u3,4,3,2|2|3|3,3|3|4|4,10,14,3,0,none,True,True,False,False,True,False,computed_total_slot_anomaly_obstruction,10|14|4|3,9|9|9|9,none,0,0,True,,
widened_enumeration,r2|2|3|4_u0,4,0,2|2|3|4,3|3|4|5,11,15,3,0,none,True,True,False,False,True,False,computed_total_slot_anomaly_obstruction,11|15|4|0,10|10|10|10,none,0,0,True,,
widened_enumeration,r2|2|3|4_u1,4,1,2|2|3|4,3|3|4|5,11,15,3,0,none,True,True,False,False,True,False,computed_total_slot_anomaly_obstruction,11|15|4|1,10|10|10|10,none,0,0,True,,
widened_enumeration,r2|2|3|4_u2,4,2,2|2|3|4,3|3|4|5,11,15,3,0,none,True,True,False,False,True,False,computed_total_slot_anomaly_obstruction,11|15|4|2,10|10|10|10,none,0,0,True,,
widened_enumeration,r2|2|3|4_u3,4,3,2|2|3|4,3|3|4|5,11,15,3,0,none,True,True,False,False,True,False,computed_total_slot_anomaly_obstruction,11|15|4|3,10|10|10|10,none,0,0,True,,
widened_enumeration,r2|2|3|5_u0,4,0,2|2|3|5,3|3|4|6,12,16,3,0,none,True,True,False,False,True,False,computed_total_slot_anomaly_obstruction,12|16|4|0,11|11|11|11,none,0,0,True,,
widened_enumeration,r2|2|3|5_u1,4,1,2|2|3|5,3|3|4|6,12,16,3,0,none,True,True,False,False,True,False,computed_total_slot_anomaly_obstruction,12|16|4|1,11|11|11|11,none,0,0,True,,
widened_enumeration,r2|2|3|5_u2,4,2,2|2|3|5,3|3|4|6,12,16,3,0,none,True,True,False,False,True,False,computed_total_slot_anomaly_obstruction,12|16|4|2,11|11|11|11,none,0,0,True,,
widened_enumeration,r2|2|3|5_u3,4,3,2|2|3|5,3|3|4|6,12,16,3,0,none,True,True,False,False,True,False,computed_total_slot_anomaly_obstruction,12|16|4|3,11|11|11|11,none,0,0,True,,
widened_enumeration,r2|2|3|6_u0,4,0,2|2|3|6,3|3|4|7,13,17,3,0,none,True,True,False,False,True,False,computed_total_slot_anomaly_obstruction,13|17|4|0,12|12|12|12,none,0,0,True,,
widened_enumeration,r2|2|3|6_u1,4,1,2|2|3|6,3|3|4|7,13,17,3,0,none,True,True,False,False,True,False,computed_total_slot_anomaly_obstruction,13|17|4|1,12|12|12|12,none,0,0,True,,
widened_enumeration,r2|2|3|6_u2,4,2,2|2|3|6,3|3|4|7,13,17,3,0,none,True,True,False,False,True,False,computed_total_slot_anomaly_obstruction,13|17|4|2,12|12|12|12,none,0,0,True,,
widened_enumeration,r2|2|3|6_u3,4,3,2|2|3|6,3|3|4|7,13,17,3,0,none,True,True,False,False,True,False,computed_total_slot_anomaly_obstruction,13|17|4|3,12|12|12|12,none,0,0,True,,
widened_enumeration,r2|2|4|4_u0,4,0,2|2|4|4,3|3|5|5,12,16,3,0,none,True,True,False,False,True,False,computed_total_slot_anomaly_obstruction,12|16|4|0,11|11|11|11,none,0,0,True,,
widened_enumeration,r2|2|4|4_u1,4,1,2|2|4|4,3|3|5|5,12,16,3,0,none,True,True,False,False,True,False,computed_total_slot_anomaly_obstruction,12|16|4|1,11|11|11|11,none,0,0,True,,
widened_enumeration,r2|2|4|4_u2,4,2,2|2|4|4,3|3|5|5,12,16,3,0,none,True,True,False,False,True,False,computed_total_slot_anomaly_obstruction,12|16|4|2,11|11|11|11,none,0,0,True,,
widened_enumeration,r2|2|4|4_u3,4,3,2|2|4|4,3|3|5|5,12,16,3,0,none,True,True,False,False,True,False,computed_total_slot_anomaly_obstruction,12|16|4|3,11|11|11|11,none,0,0,True,,
widened_enumeration,r2|2|4|5_u0,4,0,2|2|4|5,3|3|5|6,13,17,3,0,none,True,True,False,False,True,False,computed_total_slot_anomaly_obstruction,13|17|4|0,12|12|12|12,none,0,0,True,,
widened_enumeration,r2|2|4|5_u1,4,1,2|2|4|5,3|3|5|6,13,17,3,0,none,True,True,False,False,True,False,computed_total_slot_anomaly_obstruction,13|17|4|1,12|12|12|12,none,0,0,True,,
widened_enumeration,r2|2|4|5_u2,4,2,2|2|4|5,3|3|5|6,13,17,3,0,none,True,True,False,False,True,False,computed_total_slot_anomaly_obstruction,13|17|4|2,12|12|12|12,none,0,0,True,,
widened_enumeration,r2|2|4|5_u3,4,3,2|2|4|5,3|3|5|6,13,17,3,0,none,True,True,False,False,True,False,computed_total_slot_anomaly_obstruction,13|17|4|3,12|12|12|12,none,0,0,True,,
widened_enumeration,r2|2|4|6_u0,4,0,2|2|4|6,3|3|5|7,14,18,3,0,none,True,True,False,False,True,False,computed_total_slot_anomaly_obstruction,14|18|4|0,13|13|13|13,none,0,0,True,,
widened_enumeration,r2|2|4|6_u1,4,1,2|2|4|6,3|3|5|7,14,18,3,0,none,True,True,False,False,True,False,computed_total_slot_anomaly_obstruction,14|18|4|1,13|13|13|13,none,0,0,True,,
widened_enumeration,r2|2|4|6_u2,4,2,2|2|4|6,3|3|5|7,14,18,3,0,none,True,True,False,False,True,False,computed_total_slot_anomaly_obstruction,14|18|4|2,13|13|13|13,none,0,0,True,,
widened_enumeration,r2|2|4|6_u3,4,3,2|2|4|6,3|3|5|7,14,18,3,0,none,True,True,False,False,True,False,computed_total_slot_anomaly_obstruction,14|18|4|3,13|13|13|13,none,0,0,True,,
widened_enumeration,r2|2|5|5_u0,4,0,2|2|5|5,3|3|6|6,14,18,3,0,none,True,True,False,False,True,False,computed_total_slot_anomaly_obstruction,14|18|4|0,13|13|13|13,none,0,0,True,,
widened_enumeration,r2|2|5|5_u1,4,1,2|2|5|5,3|3|6|6,14,18,3,0,none,True,True,False,False,True,False,computed_total_slot_anomaly_obstruction,14|18|4|1,13|13|13|13,none,0,0,True,,
widened_enumeration,r2|2|5|5_u2,4,2,2|2|5|5,3|3|6|6,14,18,3,0,none,True,True,False,False,True,False,computed_total_slot_anomaly_obstruction,14|18|4|2,13|13|13|13,none,0,0,True,,
widened_enumeration,r2|2|5|5_u3,4,3,2|2|5|5,3|3|6|6,14,18,3,0,none,True,True,False,False,True,False,computed_total_slot_anomaly_obstruction,14|18|4|3,13|13|13|13,none,0,0,True,,
widened_enumeration,r2|2|5|6_u0,4,0,2|2|5|6,3|3|6|7,15,19,3,0,none,True,True,False,False,True,False,computed_total_slot_anomaly_obstruction,15|19|4|0,14|14|14|14,none,0,0,True,,
widened_enumeration,r2|2|5|6_u1,4,1,2|2|5|6,3|3|6|7,15,19,3,0,none,True,True,False,False,True,False,computed_total_slot_anomaly_obstruction,15|19|4|1,14|14|14|14,none,0,0,True,,
widened_enumeration,r2|2|5|6_u2,4,2,2|2|5|6,3|3|6|7,15,19,3,0,none,True,True,False,False,True,False,computed_total_slot_anomaly_obstruction,15|19|4|2,14|14|14|14,none,0,0,True,,
widened_enumeration,r2|2|5|6_u3,4,3,2|2|5|6,3|3|6|7,15,19,3,0,none,True,True,False,False,True,False,computed_total_slot_anomaly_obstruction,15|19|4|3,14|14|14|14,none,0,0,True,,
widened_enumeration,r2|2|6|6_u0,4,0,2|2|6|6,3|3|7|7,16,20,3,0,none,True,True,False,False,True,False,computed_total_slot_anomaly_obstruction,16|20|4|0,15|15|15|15,none,0,0,True,,
widened_enumeration,r2|2|6|6_u1,4,1,2|2|6|6,3|3|7|7,16,20,3,0,none,True,True,False,False,True,False,computed_total_slot_anomaly_obstruction,16|20|4|1,15|15|15|15,none,0,0,True,,
widened_enumeration,r2|2|6|6_u2,4,2,2|2|6|6,3|3|7|7,16,20,3,0,none,True,True,False,False,True,False,computed_total_slot_anomaly_obstruction,16|20|4|2,15|15|15|15,none,0,0,True,,
widened_enumeration,r2|2|6|6_u3,4,3,2|2|6|6,3|3|7|7,16,20,3,0,none,True,True,False,False,True,False,computed_total_slot_anomaly_obstruction,16|20|4|3,15|15|15|15,none,0,0,True,,
widened_enumeration,r2|3|3|3_u0,4,0,2|3|3|3,3|4|4|4,11,15,3,0,none,True,True,False,False,True,False,computed_total_slot_anomaly_obstruction,11|15|4|0,10|10|10|10,none,0,0,True,,
widened_enumeration,r2|3|3|3_u1,4,1,2|3|3|3,3|4|4|4,11,15,3,0,none,True,True,False,False,True,False,computed_total_slot_anomaly_obstruction,11|15|4|1,10|10|10|10,none,0,0,True,,
widened_enumeration,r2|3|3|3_u2,4,2,2|3|3|3,3|4|4|4,11,15,3,0,none,True,True,False,False,True,False,computed_total_slot_anomaly_obstruction,11|15|4|2,10|10|10|10,none,0,0,True,,
widened_enumeration,r2|3|3|3_u3,4,3,2|3|3|3,3|4|4|4,11,15,3,0,none,True,True,False,False,True,False,computed_total_slot_anomaly_obstruction,11|15|4|3,10|10|10|10,none,0,0,True,,
widened_enumeration,r2|3|3|4_u0,4,0,2|3|3|4,3|4|4|5,12,16,3,0,none,True,True,False,False,True,False,computed_total_slot_anomaly_obstruction,12|16|4|0,11|11|11|11,none,0,0,True,,
widened_enumeration,r2|3|3|4_u1,4,1,2|3|3|4,3|4|4|5,12,16,3,0,none,True,True,False,False,True,False,computed_total_slot_anomaly_obstruction,12|16|4|1,11|11|11|11,none,0,0,True,,
widened_enumeration,r2|3|3|4_u2,4,2,2|3|3|4,3|4|4|5,12,16,3,0,none,True,True,False,False,True,False,computed_total_slot_anomaly_obstruction,12|16|4|2,11|11|11|11,none,0,0,True,,
widened_enumeration,r2|3|3|4_u3,4,3,2|3|3|4,3|4|4|5,12,16,3,0,none,True,True,False,False,True,False,computed_total_slot_anomaly_obstruction,12|16|4|3,11|11|11|11,none,0,0,True,,
widened_enumeration,r2|3|3|5_u0,4,0,2|3|3|5,3|4|4|6,13,17,3,0,none,True,True,False,False,True,False,computed_total_slot_anomaly_obstruction,13|17|4|0,12|12|12|12,none,0,0,True,,
widened_enumeration,r2|3|3|5_u1,4,1,2|3|3|5,3|4|4|6,13,17,3,0,none,True,True,False,False,True,False,computed_total_slot_anomaly_obstruction,13|17|4|1,12|12|12|12,none,0,0,True,,
widened_enumeration,r2|3|3|5_u2,4,2,2|3|3|5,3|4|4|6,13,17,3,0,none,True,True,False,False,True,False,computed_total_slot_anomaly_obstruction,13|17|4|2,12|12|12|12,none,0,0,True,,
widened_enumeration,r2|3|3|5_u3,4,3,2|3|3|5,3|4|4|6,13,17,3,0,none,True,True,False,False,True,False,computed_total_slot_anomaly_obstruction,13|17|4|3,12|12|12|12,none,0,0,True,,
widened_enumeration,r2|3|3|6_u0,4,0,2|3|3|6,3|4|4|7,14,18,3,0,none,True,True,False,False,True,False,computed_total_slot_anomaly_obstruction,14|18|4|0,13|13|13|13,none,0,0,True,,
widened_enumeration,r2|3|3|6_u1,4,1,2|3|3|6,3|4|4|7,14,18,3,0,none,True,True,False,False,True,False,computed_total_slot_anomaly_obstruction,14|18|4|1,13|13|13|13,none,0,0,True,,
widened_enumeration,r2|3|3|6_u2,4,2,2|3|3|6,3|4|4|7,14,18,3,0,none,True,True,False,False,True,False,computed_total_slot_anomaly_obstruction,14|18|4|2,13|13|13|13,none,0,0,True,,
widened_enumeration,r2|3|3|6_u3,4,3,2|3|3|6,3|4|4|7,14,18,3,0,none,True,True,False,False,True,False,computed_total_slot_anomaly_obstruction,14|18|4|3,13|13|13|13,none,0,0,True,,
widened_enumeration,r2|3|4|4_u0,4,0,2|3|4|4,3|4|5|5,13,17,3,0,none,True,True,False,False,True,False,computed_total_slot_anomaly_obstruction,13|17|4|0,12|12|12|12,none,0,0,True,,
widened_enumeration,r2|3|4|4_u1,4,1,2|3|4|4,3|4|5|5,13,17,3,0,none,True,True,False,False,True,False,computed_total_slot_anomaly_obstruction,13|17|4|1,12|12|12|12,none,0,0,True,,
widened_enumeration,r2|3|4|4_u2,4,2,2|3|4|4,3|4|5|5,13,17,3,0,none,True,True,False,False,True,False,computed_total_slot_anomaly_obstruction,13|17|4|2,12|12|12|12,none,0,0,True,,
widened_enumeration,r2|3|4|4_u3,4,3,2|3|4|4,3|4|5|5,13,17,3,0,none,True,True,False,False,True,False,computed_total_slot_anomaly_obstruction,13|17|4|3,12|12|12|12,none,0,0,True,,
widened_enumeration,r2|3|4|5_u0,4,0,2|3|4|5,3|4|5|6,14,18,3,0,none,True,True,False,False,True,False,computed_total_slot_anomaly_obstruction,14|18|4|0,13|13|13|13,none,0,0,True,,
widened_enumeration,r2|3|4|5_u1,4,1,2|3|4|5,3|4|5|6,14,18,3,0,none,True,True,False,False,True,False,computed_total_slot_anomaly_obstruction,14|18|4|1,13|13|13|13,none,0,0,True,,
widened_enumeration,r2|3|4|5_u2,4,2,2|3|4|5,3|4|5|6,14,18,3,0,none,True,True,False,False,True,False,computed_total_slot_anomaly_obstruction,14|18|4|2,13|13|13|13,none,0,0,True,,
widened_enumeration,r2|3|4|5_u3,4,3,2|3|4|5,3|4|5|6,14,18,3,0,none,True,True,False,False,True,False,computed_total_slot_anomaly_obstruction,14|18|4|3,13|13|13|13,none,0,0,True,,
widened_enumeration,r2|3|4|6_u0,4,0,2|3|4|6,3|4|5|7,15,19,3,0,none,True,True,False,False,True,False,computed_total_slot_anomaly_obstruction,15|19|4|0,14|14|14|14,none,0,0,True,,
widened_enumeration,r2|3|4|6_u1,4,1,2|3|4|6,3|4|5|7,15,19,3,0,none,True,True,False,False,True,False,computed_total_slot_anomaly_obstruction,15|19|4|1,14|14|14|14,none,0,0,True,,
widened_enumeration,r2|3|4|6_u2,4,2,2|3|4|6,3|4|5|7,15,19,3,0,none,True,True,False,False,True,False,computed_total_slot_anomaly_obstruction,15|19|4|2,14|14|14|14,none,0,0,True,,
widened_enumeration,r2|3|4|6_u3,4,3,2|3|4|6,3|4|5|7,15,19,3,0,none,True,True,False,False,True,False,computed_total_slot_anomaly_obstruction,15|19|4|3,14|14|14|14,none,0,0,True,,
widened_enumeration,r2|3|5|5_u0,4,0,2|3|5|5,3|4|6|6,15,19,3,0,none,True,True,False,False,True,False,computed_total_slot_anomaly_obstruction,15|19|4|0,14|14|14|14,none,0,0,True,,
widened_enumeration,r2|3|5|5_u1,4,1,2|3|5|5,3|4|6|6,15,19,3,0,none,True,True,False,False,True,False,computed_total_slot_anomaly_obstruction,15|19|4|1,14|14|14|14,none,0,0,True,,
widened_enumeration,r2|3|5|5_u2,4,2,2|3|5|5,3|4|6|6,15,19,3,0,none,True,True,False,False,True,False,computed_total_slot_anomaly_obstruction,15|19|4|2,14|14|14|14,none,0,0,True,,
widened_enumeration,r2|3|5|5_u3,4,3,2|3|5|5,3|4|6|6,15,19,3,0,none,True,True,False,False,True,False,computed_total_slot_anomaly_obstruction,15|19|4|3,14|14|14|14,none,0,0,True,,
widened_enumeration,r2|3|5|6_u0,4,0,2|3|5|6,3|4|6|7,16,20,3,0,none,True,True,False,False,True,False,computed_total_slot_anomaly_obstruction,16|20|4|0,15|15|15|15,none,0,0,True,,
widened_enumeration,r2|3|5|6_u1,4,1,2|3|5|6,3|4|6|7,16,20,3,0,none,True,True,False,False,True,False,computed_total_slot_anomaly_obstruction,16|20|4|1,15|15|15|15,none,0,0,True,,
widened_enumeration,r2|3|5|6_u2,4,2,2|3|5|6,3|4|6|7,16,20,3,0,none,True,True,False,False,True,False,computed_total_slot_anomaly_obstruction,16|20|4|2,15|15|15|15,none,0,0,True,,
widened_enumeration,r2|3|5|6_u3,4,3,2|3|5|6,3|4|6|7,16,20,3,0,none,True,True,False,False,True,False,computed_total_slot_anomaly_obstruction,16|20|4|3,15|15|15|15,none,0,0,True,,
widened_enumeration,r2|3|6|6_u0,4,0,2|3|6|6,3|4|7|7,17,21,3,0,none,True,True,False,False,True,False,computed_total_slot_anomaly_obstruction,17|21|4|0,16|16|16|16,none,0,0,True,,
widened_enumeration,r2|3|6|6_u1,4,1,2|3|6|6,3|4|7|7,17,21,3,0,none,True,True,False,False,True,False,computed_total_slot_anomaly_obstruction,17|21|4|1,16|16|16|16,none,0,0,True,,
widened_enumeration,r2|3|6|6_u2,4,2,2|3|6|6,3|4|7|7,17,21,3,0,none,True,True,False,False,True,False,computed_total_slot_anomaly_obstruction,17|21|4|2,16|16|16|16,none,0,0,True,,
widened_enumeration,r2|3|6|6_u3,4,3,2|3|6|6,3|4|7|7,17,21,3,0,none,True,True,False,False,True,False,computed_total_slot_anomaly_obstruction,17|21|4|3,16|16|16|16,none,0,0,True,,
widened_enumeration,r2|4|4|4_u0,4,0,2|4|4|4,3|5|5|5,14,18,3,0,none,True,True,False,False,True,False,computed_total_slot_anomaly_obstruction,14|18|4|0,13|13|13|13,none,0,0,True,,
widened_enumeration,r2|4|4|4_u1,4,1,2|4|4|4,3|5|5|5,14,18,3,0,none,True,True,False,False,True,False,computed_total_slot_anomaly_obstruction,14|18|4|1,13|13|13|13,none,0,0,True,,
widened_enumeration,r2|4|4|4_u2,4,2,2|4|4|4,3|5|5|5,14,18,3,0,none,True,True,False,False,True,False,computed_total_slot_anomaly_obstruction,14|18|4|2,13|13|13|13,none,0,0,True,,
widened_enumeration,r2|4|4|4_u3,4,3,2|4|4|4,3|5|5|5,14,18,3,0,none,True,True,False,False,True,False,computed_total_slot_anomaly_obstruction,14|18|4|3,13|13|13|13,none,0,0,True,,
widened_enumeration,r2|4|4|5_u0,4,0,2|4|4|5,3|5|5|6,15,19,3,0,none,True,True,False,False,True,False,computed_total_slot_anomaly_obstruction,15|19|4|0,14|14|14|14,none,0,0,True,,
widened_enumeration,r2|4|4|5_u1,4,1,2|4|4|5,3|5|5|6,15,19,3,0,none,True,True,False,False,True,False,computed_total_slot_anomaly_obstruction,15|19|4|1,14|14|14|14,none,0,0,True,,
widened_enumeration,r2|4|4|5_u2,4,2,2|4|4|5,3|5|5|6,15,19,3,0,none,True,True,False,False,True,False,computed_total_slot_anomaly_obstruction,15|19|4|2,14|14|14|14,none,0,0,True,,
widened_enumeration,r2|4|4|5_u3,4,3,2|4|4|5,3|5|5|6,15,19,3,0,none,True,True,False,False,True,False,computed_total_slot_anomaly_obstruction,15|19|4|3,14|14|14|14,none,0,0,True,,
widened_enumeration,r2|4|4|6_u0,4,0,2|4|4|6,3|5|5|7,16,20,3,0,none,True,True,False,False,True,False,computed_total_slot_anomaly_obstruction,16|20|4|0,15|15|15|15,none,0,0,True,,
widened_enumeration,r2|4|4|6_u1,4,1,2|4|4|6,3|5|5|7,16,20,3,0,none,True,True,False,False,True,False,computed_total_slot_anomaly_obstruction,16|20|4|1,15|15|15|15,none,0,0,True,,
widened_enumeration,r2|4|4|6_u2,4,2,2|4|4|6,3|5|5|7,16,20,3,0,none,True,True,False,False,True,False,computed_total_slot_anomaly_obstruction,16|20|4|2,15|15|15|15,none,0,0,True,,
widened_enumeration,r2|4|4|6_u3,4,3,2|4|4|6,3|5|5|7,16,20,3,0,none,True,True,False,False,True,False,computed_total_slot_anomaly_obstruction,16|20|4|3,15|15|15|15,none,0,0,True,,
widened_enumeration,r2|4|5|5_u0,4,0,2|4|5|5,3|5|6|6,16,20,3,0,none,True,True,False,False,True,False,computed_total_slot_anomaly_obstruction,16|20|4|0,15|15|15|15,none,0,0,True,,
widened_enumeration,r2|4|5|5_u1,4,1,2|4|5|5,3|5|6|6,16,20,3,0,none,True,True,False,False,True,False,computed_total_slot_anomaly_obstruction,16|20|4|1,15|15|15|15,none,0,0,True,,
widened_enumeration,r2|4|5|5_u2,4,2,2|4|5|5,3|5|6|6,16,20,3,0,none,True,True,False,False,True,False,computed_total_slot_anomaly_obstruction,16|20|4|2,15|15|15|15,none,0,0,True,,
widened_enumeration,r2|4|5|5_u3,4,3,2|4|5|5,3|5|6|6,16,20,3,0,none,True,True,False,False,True,False,computed_total_slot_anomaly_obstruction,16|20|4|3,15|15|15|15,none,0,0,True,,
widened_enumeration,r2|4|5|6_u0,4,0,2|4|5|6,3|5|6|7,17,21,3,0,none,True,True,False,False,True,False,computed_total_slot_anomaly_obstruction,17|21|4|0,16|16|16|16,none,0,0,True,,
widened_enumeration,r2|4|5|6_u1,4,1,2|4|5|6,3|5|6|7,17,21,3,0,none,True,True,False,False,True,False,computed_total_slot_anomaly_obstruction,17|21|4|1,16|16|16|16,none,0,0,True,,
widened_enumeration,r2|4|5|6_u2,4,2,2|4|5|6,3|5|6|7,17,21,3,0,none,True,True,False,False,True,False,computed_total_slot_anomaly_obstruction,17|21|4|2,16|16|16|16,none,0,0,True,,
widened_enumeration,r2|4|5|6_u3,4,3,2|4|5|6,3|5|6|7,17,21,3,0,none,True,True,False,False,True,False,computed_total_slot_anomaly_obstruction,17|21|4|3,16|16|16|16,none,0,0,True,,
widened_enumeration,r2|4|6|6_u0,4,0,2|4|6|6,3|5|7|7,18,22,3,0,none,True,True,False,False,True,False,computed_total_slot_anomaly_obstruction,18|22|4|0,17|17|17|17,none,0,0,True,,
widened_enumeration,r2|4|6|6_u1,4,1,2|4|6|6,3|5|7|7,18,22,3,0,none,True,True,False,False,True,False,computed_total_slot_anomaly_obstruction,18|22|4|1,17|17|17|17,none,0,0,True,,
widened_enumeration,r2|4|6|6_u2,4,2,2|4|6|6,3|5|7|7,18,22,3,0,none,True,True,False,False,True,False,computed_total_slot_anomaly_obstruction,18|22|4|2,17|17|17|17,none,0,0,True,,
widened_enumeration,r2|4|6|6_u3,4,3,2|4|6|6,3|5|7|7,18,22,3,0,none,True,True,False,False,True,False,computed_total_slot_anomaly_obstruction,18|22|4|3,17|17|17|17,none,0,0,True,,
widened_enumeration,r2|5|5|5_u0,4,0,2|5|5|5,3|6|6|6,17,21,3,0,none,True,True,False,False,True,False,computed_total_slot_anomaly_obstruction,17|21|4|0,16|16|16|16,none,0,0,True,,
widened_enumeration,r2|5|5|5_u1,4,1,2|5|5|5,3|6|6|6,17,21,3,0,none,True,True,False,False,True,False,computed_total_slot_anomaly_obstruction,17|21|4|1,16|16|16|16,none,0,0,True,,
widened_enumeration,r2|5|5|5_u2,4,2,2|5|5|5,3|6|6|6,17,21,3,0,none,True,True,False,False,True,False,computed_total_slot_anomaly_obstruction,17|21|4|2,16|16|16|16,none,0,0,True,,
widened_enumeration,r2|5|5|5_u3,4,3,2|5|5|5,3|6|6|6,17,21,3,0,none,True,True,False,False,True,False,computed_total_slot_anomaly_obstruction,17|21|4|3,16|16|16|16,none,0,0,True,,
widened_enumeration,r2|5|5|6_u0,4,0,2|5|5|6,3|6|6|7,18,22,3,0,none,True,True,False,False,True,False,computed_total_slot_anomaly_obstruction,18|22|4|0,17|17|17|17,none,0,0,True,,
widened_enumeration,r2|5|5|6_u1,4,1,2|5|5|6,3|6|6|7,18,22,3,0,none,True,True,False,False,True,False,computed_total_slot_anomaly_obstruction,18|22|4|1,17|17|17|17,none,0,0,True,,
widened_enumeration,r2|5|5|6_u2,4,2,2|5|5|6,3|6|6|7,18,22,3,0,none,True,True,False,False,True,False,computed_total_slot_anomaly_obstruction,18|22|4|2,17|17|17|17,none,0,0,True,,
widened_enumeration,r2|5|5|6_u3,4,3,2|5|5|6,3|6|6|7,18,22,3,0,none,True,True,False,False,True,False,computed_total_slot_anomaly_obstruction,18|22|4|3,17|17|17|17,none,0,0,True,,
widened_enumeration,r2|5|6|6_u0,4,0,2|5|6|6,3|6|7|7,19,23,3,0,none,True,True,False,False,True,False,computed_total_slot_anomaly_obstruction,19|23|4|0,18|18|18|18,none,0,0,True,,
widened_enumeration,r2|5|6|6_u1,4,1,2|5|6|6,3|6|7|7,19,23,3,0,none,True,True,False,False,True,False,computed_total_slot_anomaly_obstruction,19|23|4|1,18|18|18|18,none,0,0,True,,
widened_enumeration,r2|5|6|6_u2,4,2,2|5|6|6,3|6|7|7,19,23,3,0,none,True,True,False,False,True,False,computed_total_slot_anomaly_obstruction,19|23|4|2,18|18|18|18,none,0,0,True,,
widened_enumeration,r2|5|6|6_u3,4,3,2|5|6|6,3|6|7|7,19,23,3,0,none,True,True,False,False,True,False,computed_total_slot_anomaly_obstruction,19|23|4|3,18|18|18|18,none,0,0,True,,
widened_enumeration,r2|6|6|6_u0,4,0,2|6|6|6,3|7|7|7,20,24,3,0,none,True,True,False,False,True,False,computed_total_slot_anomaly_obstruction,20|24|4|0,19|19|19|19,none,0,0,True,,
widened_enumeration,r2|6|6|6_u1,4,1,2|6|6|6,3|7|7|7,20,24,3,0,none,True,True,False,False,True,False,computed_total_slot_anomaly_obstruction,20|24|4|1,19|19|19|19,none,0,0,True,,
widened_enumeration,r2|6|6|6_u2,4,2,2|6|6|6,3|7|7|7,20,24,3,0,none,True,True,False,False,True,False,computed_total_slot_anomaly_obstruction,20|24|4|2,19|19|19|19,none,0,0,True,,
widened_enumeration,r2|6|6|6_u3,4,3,2|6|6|6,3|7|7|7,20,24,3,0,none,True,True,False,False,True,False,computed_total_slot_anomaly_obstruction,20|24|4|3,19|19|19|19,none,0,0,True,,
widened_enumeration,r3|3|3|3_u0,4,0,3|3|3|3,4|4|4|4,12,16,3,0,none,True,True,False,False,True,False,computed_total_slot_anomaly_obstruction,12|16|4|0,11|11|11|11,none,0,0,True,,
widened_enumeration,r3|3|3|3_u1,4,1,3|3|3|3,4|4|4|4,12,16,3,0,none,True,True,False,False,True,False,computed_total_slot_anomaly_obstruction,12|16|4|1,11|11|11|11,none,0,0,True,,
widened_enumeration,r3|3|3|3_u2,4,2,3|3|3|3,4|4|4|4,12,16,3,0,none,True,True,False,False,True,False,computed_total_slot_anomaly_obstruction,12|16|4|2,11|11|11|11,none,0,0,True,,
widened_enumeration,r3|3|3|3_u3,4,3,3|3|3|3,4|4|4|4,12,16,3,0,none,True,True,False,False,True,False,computed_total_slot_anomaly_obstruction,12|16|4|3,11|11|11|11,none,0,0,True,,
widened_enumeration,r3|3|3|4_u0,4,0,3|3|3|4,4|4|4|5,13,17,3,0,none,True,True,False,False,True,False,computed_total_slot_anomaly_obstruction,13|17|4|0,12|12|12|12,none,0,0,True,,
widened_enumeration,r3|3|3|4_u1,4,1,3|3|3|4,4|4|4|5,13,17,3,0,none,True,True,False,False,True,False,computed_total_slot_anomaly_obstruction,13|17|4|1,12|12|12|12,none,0,0,True,,
widened_enumeration,r3|3|3|4_u2,4,2,3|3|3|4,4|4|4|5,13,17,3,0,none,True,True,False,False,True,False,computed_total_slot_anomaly_obstruction,13|17|4|2,12|12|12|12,none,0,0,True,,
widened_enumeration,r3|3|3|4_u3,4,3,3|3|3|4,4|4|4|5,13,17,3,0,none,True,True,False,False,True,False,computed_total_slot_anomaly_obstruction,13|17|4|3,12|12|12|12,none,0,0,True,,
widened_enumeration,r3|3|3|5_u0,4,0,3|3|3|5,4|4|4|6,14,18,3,0,none,True,True,False,False,True,False,computed_total_slot_anomaly_obstruction,14|18|4|0,13|13|13|13,none,0,0,True,,
widened_enumeration,r3|3|3|5_u1,4,1,3|3|3|5,4|4|4|6,14,18,3,0,none,True,True,False,False,True,False,computed_total_slot_anomaly_obstruction,14|18|4|1,13|13|13|13,none,0,0,True,,
widened_enumeration,r3|3|3|5_u2,4,2,3|3|3|5,4|4|4|6,14,18,3,0,none,True,True,False,False,True,False,computed_total_slot_anomaly_obstruction,14|18|4|2,13|13|13|13,none,0,0,True,,
widened_enumeration,r3|3|3|5_u3,4,3,3|3|3|5,4|4|4|6,14,18,3,0,none,True,True,False,False,True,False,computed_total_slot_anomaly_obstruction,14|18|4|3,13|13|13|13,none,0,0,True,,
widened_enumeration,r3|3|3|6_u0,4,0,3|3|3|6,4|4|4|7,15,19,3,0,none,True,True,False,False,True,False,computed_total_slot_anomaly_obstruction,15|19|4|0,14|14|14|14,none,0,0,True,,
widened_enumeration,r3|3|3|6_u1,4,1,3|3|3|6,4|4|4|7,15,19,3,0,none,True,True,False,False,True,False,computed_total_slot_anomaly_obstruction,15|19|4|1,14|14|14|14,none,0,0,True,,
widened_enumeration,r3|3|3|6_u2,4,2,3|3|3|6,4|4|4|7,15,19,3,0,none,True,True,False,False,True,False,computed_total_slot_anomaly_obstruction,15|19|4|2,14|14|14|14,none,0,0,True,,
widened_enumeration,r3|3|3|6_u3,4,3,3|3|3|6,4|4|4|7,15,19,3,0,none,True,True,False,False,True,False,computed_total_slot_anomaly_obstruction,15|19|4|3,14|14|14|14,none,0,0,True,,
widened_enumeration,r3|3|4|4_u0,4,0,3|3|4|4,4|4|5|5,14,18,3,0,none,True,True,False,False,True,False,computed_total_slot_anomaly_obstruction,14|18|4|0,13|13|13|13,none,0,0,True,,
widened_enumeration,r3|3|4|4_u1,4,1,3|3|4|4,4|4|5|5,14,18,3,0,none,True,True,False,False,True,False,computed_total_slot_anomaly_obstruction,14|18|4|1,13|13|13|13,none,0,0,True,,
widened_enumeration,r3|3|4|4_u2,4,2,3|3|4|4,4|4|5|5,14,18,3,0,none,True,True,False,False,True,False,computed_total_slot_anomaly_obstruction,14|18|4|2,13|13|13|13,none,0,0,True,,
widened_enumeration,r3|3|4|4_u3,4,3,3|3|4|4,4|4|5|5,14,18,3,0,none,True,True,False,False,True,False,computed_total_slot_anomaly_obstruction,14|18|4|3,13|13|13|13,none,0,0,True,,
widened_enumeration,r3|3|4|5_u0,4,0,3|3|4|5,4|4|5|6,15,19,3,0,none,True,True,False,False,True,False,computed_total_slot_anomaly_obstruction,15|19|4|0,14|14|14|14,none,0,0,True,,
widened_enumeration,r3|3|4|5_u1,4,1,3|3|4|5,4|4|5|6,15,19,3,0,none,True,True,False,False,True,False,computed_total_slot_anomaly_obstruction,15|19|4|1,14|14|14|14,none,0,0,True,,
widened_enumeration,r3|3|4|5_u2,4,2,3|3|4|5,4|4|5|6,15,19,3,0,none,True,True,False,False,True,False,computed_total_slot_anomaly_obstruction,15|19|4|2,14|14|14|14,none,0,0,True,,
widened_enumeration,r3|3|4|5_u3,4,3,3|3|4|5,4|4|5|6,15,19,3,0,none,True,True,False,False,True,False,computed_total_slot_anomaly_obstruction,15|19|4|3,14|14|14|14,none,0,0,True,,
widened_enumeration,r3|3|4|6_u0,4,0,3|3|4|6,4|4|5|7,16,20,3,0,none,True,True,False,False,True,False,computed_total_slot_anomaly_obstruction,16|20|4|0,15|15|15|15,none,0,0,True,,
widened_enumeration,r3|3|4|6_u1,4,1,3|3|4|6,4|4|5|7,16,20,3,0,none,True,True,False,False,True,False,computed_total_slot_anomaly_obstruction,16|20|4|1,15|15|15|15,none,0,0,True,,
widened_enumeration,r3|3|4|6_u2,4,2,3|3|4|6,4|4|5|7,16,20,3,0,none,True,True,False,False,True,False,computed_total_slot_anomaly_obstruction,16|20|4|2,15|15|15|15,none,0,0,True,,
widened_enumeration,r3|3|4|6_u3,4,3,3|3|4|6,4|4|5|7,16,20,3,0,none,True,True,False,False,True,False,computed_total_slot_anomaly_obstruction,16|20|4|3,15|15|15|15,none,0,0,True,,
widened_enumeration,r3|3|5|5_u0,4,0,3|3|5|5,4|4|6|6,16,20,3,0,none,True,True,False,False,True,False,computed_total_slot_anomaly_obstruction,16|20|4|0,15|15|15|15,none,0,0,True,,
widened_enumeration,r3|3|5|5_u1,4,1,3|3|5|5,4|4|6|6,16,20,3,0,none,True,True,False,False,True,False,computed_total_slot_anomaly_obstruction,16|20|4|1,15|15|15|15,none,0,0,True,,
widened_enumeration,r3|3|5|5_u2,4,2,3|3|5|5,4|4|6|6,16,20,3,0,none,True,True,False,False,True,False,computed_total_slot_anomaly_obstruction,16|20|4|2,15|15|15|15,none,0,0,True,,
widened_enumeration,r3|3|5|5_u3,4,3,3|3|5|5,4|4|6|6,16,20,3,0,none,True,True,False,False,True,False,computed_total_slot_anomaly_obstruction,16|20|4|3,15|15|15|15,none,0,0,True,,
widened_enumeration,r3|3|5|6_u0,4,0,3|3|5|6,4|4|6|7,17,21,3,0,none,True,True,False,False,True,False,computed_total_slot_anomaly_obstruction,17|21|4|0,16|16|16|16,none,0,0,True,,
widened_enumeration,r3|3|5|6_u1,4,1,3|3|5|6,4|4|6|7,17,21,3,0,none,True,True,False,False,True,False,computed_total_slot_anomaly_obstruction,17|21|4|1,16|16|16|16,none,0,0,True,,
widened_enumeration,r3|3|5|6_u2,4,2,3|3|5|6,4|4|6|7,17,21,3,0,none,True,True,False,False,True,False,computed_total_slot_anomaly_obstruction,17|21|4|2,16|16|16|16,none,0,0,True,,
widened_enumeration,r3|3|5|6_u3,4,3,3|3|5|6,4|4|6|7,17,21,3,0,none,True,True,False,False,True,False,computed_total_slot_anomaly_obstruction,17|21|4|3,16|16|16|16,none,0,0,True,,
widened_enumeration,r3|3|6|6_u0,4,0,3|3|6|6,4|4|7|7,18,22,3,0,none,True,True,False,False,True,False,computed_total_slot_anomaly_obstruction,18|22|4|0,17|17|17|17,none,0,0,True,,
widened_enumeration,r3|3|6|6_u1,4,1,3|3|6|6,4|4|7|7,18,22,3,0,none,True,True,False,False,True,False,computed_total_slot_anomaly_obstruction,18|22|4|1,17|17|17|17,none,0,0,True,,
widened_enumeration,r3|3|6|6_u2,4,2,3|3|6|6,4|4|7|7,18,22,3,0,none,True,True,False,False,True,False,computed_total_slot_anomaly_obstruction,18|22|4|2,17|17|17|17,none,0,0,True,,
widened_enumeration,r3|3|6|6_u3,4,3,3|3|6|6,4|4|7|7,18,22,3,0,none,True,True,False,False,True,False,computed_total_slot_anomaly_obstruction,18|22|4|3,17|17|17|17,none,0,0,True,,
widened_enumeration,r3|4|4|4_u0,4,0,3|4|4|4,4|5|5|5,15,19,3,0,none,True,True,False,False,True,False,computed_total_slot_anomaly_obstruction,15|19|4|0,14|14|14|14,none,0,0,True,,
widened_enumeration,r3|4|4|4_u1,4,1,3|4|4|4,4|5|5|5,15,19,3,0,none,True,True,False,False,True,False,computed_total_slot_anomaly_obstruction,15|19|4|1,14|14|14|14,none,0,0,True,,
widened_enumeration,r3|4|4|4_u2,4,2,3|4|4|4,4|5|5|5,15,19,3,0,none,True,True,False,False,True,False,computed_total_slot_anomaly_obstruction,15|19|4|2,14|14|14|14,none,0,0,True,,
widened_enumeration,r3|4|4|4_u3,4,3,3|4|4|4,4|5|5|5,15,19,3,0,none,True,True,False,False,True,False,computed_total_slot_anomaly_obstruction,15|19|4|3,14|14|14|14,none,0,0,True,,
widened_enumeration,r3|4|4|5_u0,4,0,3|4|4|5,4|5|5|6,16,20,3,0,none,True,True,False,False,True,False,computed_total_slot_anomaly_obstruction,16|20|4|0,15|15|15|15,none,0,0,True,,
widened_enumeration,r3|4|4|5_u1,4,1,3|4|4|5,4|5|5|6,16,20,3,0,none,True,True,False,False,True,False,computed_total_slot_anomaly_obstruction,16|20|4|1,15|15|15|15,none,0,0,True,,
widened_enumeration,r3|4|4|5_u2,4,2,3|4|4|5,4|5|5|6,16,20,3,0,none,True,True,False,False,True,False,computed_total_slot_anomaly_obstruction,16|20|4|2,15|15|15|15,none,0,0,True,,
widened_enumeration,r3|4|4|5_u3,4,3,3|4|4|5,4|5|5|6,16,20,3,0,none,True,True,False,False,True,False,computed_total_slot_anomaly_obstruction,16|20|4|3,15|15|15|15,none,0,0,True,,
widened_enumeration,r3|4|4|6_u0,4,0,3|4|4|6,4|5|5|7,17,21,3,0,none,True,True,False,False,True,False,computed_total_slot_anomaly_obstruction,17|21|4|0,16|16|16|16,none,0,0,True,,
widened_enumeration,r3|4|4|6_u1,4,1,3|4|4|6,4|5|5|7,17,21,3,0,none,True,True,False,False,True,False,computed_total_slot_anomaly_obstruction,17|21|4|1,16|16|16|16,none,0,0,True,,
widened_enumeration,r3|4|4|6_u2,4,2,3|4|4|6,4|5|5|7,17,21,3,0,none,True,True,False,False,True,False,computed_total_slot_anomaly_obstruction,17|21|4|2,16|16|16|16,none,0,0,True,,
widened_enumeration,r3|4|4|6_u3,4,3,3|4|4|6,4|5|5|7,17,21,3,0,none,True,True,False,False,True,False,computed_total_slot_anomaly_obstruction,17|21|4|3,16|16|16|16,none,0,0,True,,
widened_enumeration,r3|4|5|5_u0,4,0,3|4|5|5,4|5|6|6,17,21,3,0,none,True,True,False,False,True,False,computed_total_slot_anomaly_obstruction,17|21|4|0,16|16|16|16,none,0,0,True,,
widened_enumeration,r3|4|5|5_u1,4,1,3|4|5|5,4|5|6|6,17,21,3,0,none,True,True,False,False,True,False,computed_total_slot_anomaly_obstruction,17|21|4|1,16|16|16|16,none,0,0,True,,
widened_enumeration,r3|4|5|5_u2,4,2,3|4|5|5,4|5|6|6,17,21,3,0,none,True,True,False,False,True,False,computed_total_slot_anomaly_obstruction,17|21|4|2,16|16|16|16,none,0,0,True,,
widened_enumeration,r3|4|5|5_u3,4,3,3|4|5|5,4|5|6|6,17,21,3,0,none,True,True,False,False,True,False,computed_total_slot_anomaly_obstruction,17|21|4|3,16|16|16|16,none,0,0,True,,
widened_enumeration,r3|4|5|6_u0,4,0,3|4|5|6,4|5|6|7,18,22,3,0,none,True,True,False,False,True,False,computed_total_slot_anomaly_obstruction,18|22|4|0,17|17|17|17,none,0,0,True,,
widened_enumeration,r3|4|5|6_u1,4,1,3|4|5|6,4|5|6|7,18,22,3,0,none,True,True,False,False,True,False,computed_total_slot_anomaly_obstruction,18|22|4|1,17|17|17|17,none,0,0,True,,
widened_enumeration,r3|4|5|6_u2,4,2,3|4|5|6,4|5|6|7,18,22,3,0,none,True,True,False,False,True,False,computed_total_slot_anomaly_obstruction,18|22|4|2,17|17|17|17,none,0,0,True,,
widened_enumeration,r3|4|5|6_u3,4,3,3|4|5|6,4|5|6|7,18,22,3,0,none,True,True,False,False,True,False,computed_total_slot_anomaly_obstruction,18|22|4|3,17|17|17|17,none,0,0,True,,
widened_enumeration,r3|4|6|6_u0,4,0,3|4|6|6,4|5|7|7,19,23,3,0,none,True,True,False,False,True,False,computed_total_slot_anomaly_obstruction,19|23|4|0,18|18|18|18,none,0,0,True,,
widened_enumeration,r3|4|6|6_u1,4,1,3|4|6|6,4|5|7|7,19,23,3,0,none,True,True,False,False,True,False,computed_total_slot_anomaly_obstruction,19|23|4|1,18|18|18|18,none,0,0,True,,
widened_enumeration,r3|4|6|6_u2,4,2,3|4|6|6,4|5|7|7,19,23,3,0,none,True,True,False,False,True,False,computed_total_slot_anomaly_obstruction,19|23|4|2,18|18|18|18,none,0,0,True,,
widened_enumeration,r3|4|6|6_u3,4,3,3|4|6|6,4|5|7|7,19,23,3,0,none,True,True,False,False,True,False,computed_total_slot_anomaly_obstruction,19|23|4|3,18|18|18|18,none,0,0,True,,
widened_enumeration,r3|5|5|5_u0,4,0,3|5|5|5,4|6|6|6,18,22,3,0,none,True,True,False,False,True,False,computed_total_slot_anomaly_obstruction,18|22|4|0,17|17|17|17,none,0,0,True,,
widened_enumeration,r3|5|5|5_u1,4,1,3|5|5|5,4|6|6|6,18,22,3,0,none,True,True,False,False,True,False,computed_total_slot_anomaly_obstruction,18|22|4|1,17|17|17|17,none,0,0,True,,
widened_enumeration,r3|5|5|5_u2,4,2,3|5|5|5,4|6|6|6,18,22,3,0,none,True,True,False,False,True,False,computed_total_slot_anomaly_obstruction,18|22|4|2,17|17|17|17,none,0,0,True,,
widened_enumeration,r3|5|5|5_u3,4,3,3|5|5|5,4|6|6|6,18,22,3,0,none,True,True,False,False,True,False,computed_total_slot_anomaly_obstruction,18|22|4|3,17|17|17|17,none,0,0,True,,
widened_enumeration,r3|5|5|6_u0,4,0,3|5|5|6,4|6|6|7,19,23,3,0,none,True,True,False,False,True,False,computed_total_slot_anomaly_obstruction,19|23|4|0,18|18|18|18,none,0,0,True,,
widened_enumeration,r3|5|5|6_u1,4,1,3|5|5|6,4|6|6|7,19,23,3,0,none,True,True,False,False,True,False,computed_total_slot_anomaly_obstruction,19|23|4|1,18|18|18|18,none,0,0,True,,
widened_enumeration,r3|5|5|6_u2,4,2,3|5|5|6,4|6|6|7,19,23,3,0,none,True,True,False,False,True,False,computed_total_slot_anomaly_obstruction,19|23|4|2,18|18|18|18,none,0,0,True,,
widened_enumeration,r3|5|5|6_u3,4,3,3|5|5|6,4|6|6|7,19,23,3,0,none,True,True,False,False,True,False,computed_total_slot_anomaly_obstruction,19|23|4|3,18|18|18|18,none,0,0,True,,
widened_enumeration,r3|5|6|6_u0,4,0,3|5|6|6,4|6|7|7,20,24,3,0,none,True,True,False,False,True,False,computed_total_slot_anomaly_obstruction,20|24|4|0,19|19|19|19,none,0,0,True,,
widened_enumeration,r3|5|6|6_u1,4,1,3|5|6|6,4|6|7|7,20,24,3,0,none,True,True,False,False,True,False,computed_total_slot_anomaly_obstruction,20|24|4|1,19|19|19|19,none,0,0,True,,
widened_enumeration,r3|5|6|6_u2,4,2,3|5|6|6,4|6|7|7,20,24,3,0,none,True,True,False,False,True,False,computed_total_slot_anomaly_obstruction,20|24|4|2,19|19|19|19,none,0,0,True,,
widened_enumeration,r3|5|6|6_u3,4,3,3|5|6|6,4|6|7|7,20,24,3,0,none,True,True,False,False,True,False,computed_total_slot_anomaly_obstruction,20|24|4|3,19|19|19|19,none,0,0,True,,
widened_enumeration,r3|6|6|6_u0,4,0,3|6|6|6,4|7|7|7,21,25,3,0,none,True,True,False,False,True,False,computed_total_slot_anomaly_obstruction,21|25|4|0,20|20|20|20,none,0,0,True,,
widened_enumeration,r3|6|6|6_u1,4,1,3|6|6|6,4|7|7|7,21,25,3,0,none,True,True,False,False,True,False,computed_total_slot_anomaly_obstruction,21|25|4|1,20|20|20|20,none,0,0,True,,
widened_enumeration,r3|6|6|6_u2,4,2,3|6|6|6,4|7|7|7,21,25,3,0,none,True,True,False,False,True,False,computed_total_slot_anomaly_obstruction,21|25|4|2,20|20|20|20,none,0,0,True,,
widened_enumeration,r3|6|6|6_u3,4,3,3|6|6|6,4|7|7|7,21,25,3,0,none,True,True,False,False,True,False,computed_total_slot_anomaly_obstruction,21|25|4|3,20|20|20|20,none,0,0,True,,
widened_enumeration,r4|4|4|4_u0,4,0,4|4|4|4,5|5|5|5,16,20,3,0,none,True,True,False,False,True,False,computed_total_slot_anomaly_obstruction,16|20|4|0,15|15|15|15,none,0,0,True,,
widened_enumeration,r4|4|4|4_u1,4,1,4|4|4|4,5|5|5|5,16,20,3,0,none,True,True,False,False,True,False,computed_total_slot_anomaly_obstruction,16|20|4|1,15|15|15|15,none,0,0,True,,
widened_enumeration,r4|4|4|4_u2,4,2,4|4|4|4,5|5|5|5,16,20,3,0,none,True,True,False,False,True,False,computed_total_slot_anomaly_obstruction,16|20|4|2,15|15|15|15,none,0,0,True,,
widened_enumeration,r4|4|4|4_u3,4,3,4|4|4|4,5|5|5|5,16,20,3,0,none,True,True,False,False,True,False,computed_total_slot_anomaly_obstruction,16|20|4|3,15|15|15|15,none,0,0,True,,
widened_enumeration,r4|4|4|5_u0,4,0,4|4|4|5,5|5|5|6,17,21,3,0,none,True,True,False,False,True,False,computed_total_slot_anomaly_obstruction,17|21|4|0,16|16|16|16,none,0,0,True,,
widened_enumeration,r4|4|4|5_u1,4,1,4|4|4|5,5|5|5|6,17,21,3,0,none,True,True,False,False,True,False,computed_total_slot_anomaly_obstruction,17|21|4|1,16|16|16|16,none,0,0,True,,
widened_enumeration,r4|4|4|5_u2,4,2,4|4|4|5,5|5|5|6,17,21,3,0,none,True,True,False,False,True,False,computed_total_slot_anomaly_obstruction,17|21|4|2,16|16|16|16,none,0,0,True,,
widened_enumeration,r4|4|4|5_u3,4,3,4|4|4|5,5|5|5|6,17,21,3,0,none,True,True,False,False,True,False,computed_total_slot_anomaly_obstruction,17|21|4|3,16|16|16|16,none,0,0,True,,
widened_enumeration,r4|4|4|6_u0,4,0,4|4|4|6,5|5|5|7,18,22,3,0,none,True,True,False,False,True,False,computed_total_slot_anomaly_obstruction,18|22|4|0,17|17|17|17,none,0,0,True,,
widened_enumeration,r4|4|4|6_u1,4,1,4|4|4|6,5|5|5|7,18,22,3,0,none,True,True,False,False,True,False,computed_total_slot_anomaly_obstruction,18|22|4|1,17|17|17|17,none,0,0,True,,
widened_enumeration,r4|4|4|6_u2,4,2,4|4|4|6,5|5|5|7,18,22,3,0,none,True,True,False,False,True,False,computed_total_slot_anomaly_obstruction,18|22|4|2,17|17|17|17,none,0,0,True,,
widened_enumeration,r4|4|4|6_u3,4,3,4|4|4|6,5|5|5|7,18,22,3,0,none,True,True,False,False,True,False,computed_total_slot_anomaly_obstruction,18|22|4|3,17|17|17|17,none,0,0,True,,
widened_enumeration,r4|4|5|5_u0,4,0,4|4|5|5,5|5|6|6,18,22,3,0,none,True,True,False,False,True,False,computed_total_slot_anomaly_obstruction,18|22|4|0,17|17|17|17,none,0,0,True,,
widened_enumeration,r4|4|5|5_u1,4,1,4|4|5|5,5|5|6|6,18,22,3,0,none,True,True,False,False,True,False,computed_total_slot_anomaly_obstruction,18|22|4|1,17|17|17|17,none,0,0,True,,
widened_enumeration,r4|4|5|5_u2,4,2,4|4|5|5,5|5|6|6,18,22,3,0,none,True,True,False,False,True,False,computed_total_slot_anomaly_obstruction,18|22|4|2,17|17|17|17,none,0,0,True,,
widened_enumeration,r4|4|5|5_u3,4,3,4|4|5|5,5|5|6|6,18,22,3,0,none,True,True,False,False,True,False,computed_total_slot_anomaly_obstruction,18|22|4|3,17|17|17|17,none,0,0,True,,
widened_enumeration,r4|4|5|6_u0,4,0,4|4|5|6,5|5|6|7,19,23,3,0,none,True,True,False,False,True,False,computed_total_slot_anomaly_obstruction,19|23|4|0,18|18|18|18,none,0,0,True,,
widened_enumeration,r4|4|5|6_u1,4,1,4|4|5|6,5|5|6|7,19,23,3,0,none,True,True,False,False,True,False,computed_total_slot_anomaly_obstruction,19|23|4|1,18|18|18|18,none,0,0,True,,
widened_enumeration,r4|4|5|6_u2,4,2,4|4|5|6,5|5|6|7,19,23,3,0,none,True,True,False,False,True,False,computed_total_slot_anomaly_obstruction,19|23|4|2,18|18|18|18,none,0,0,True,,
widened_enumeration,r4|4|5|6_u3,4,3,4|4|5|6,5|5|6|7,19,23,3,0,none,True,True,False,False,True,False,computed_total_slot_anomaly_obstruction,19|23|4|3,18|18|18|18,none,0,0,True,,
widened_enumeration,r4|4|6|6_u0,4,0,4|4|6|6,5|5|7|7,20,24,3,0,none,True,True,False,False,True,False,computed_total_slot_anomaly_obstruction,20|24|4|0,19|19|19|19,none,0,0,True,,
widened_enumeration,r4|4|6|6_u1,4,1,4|4|6|6,5|5|7|7,20,24,3,0,none,True,True,False,False,True,False,computed_total_slot_anomaly_obstruction,20|24|4|1,19|19|19|19,none,0,0,True,,
widened_enumeration,r4|4|6|6_u2,4,2,4|4|6|6,5|5|7|7,20,24,3,0,none,True,True,False,False,True,False,computed_total_slot_anomaly_obstruction,20|24|4|2,19|19|19|19,none,0,0,True,,
widened_enumeration,r4|4|6|6_u3,4,3,4|4|6|6,5|5|7|7,20,24,3,0,none,True,True,False,False,True,False,computed_total_slot_anomaly_obstruction,20|24|4|3,19|19|19|19,none,0,0,True,,
widened_enumeration,r4|5|5|5_u0,4,0,4|5|5|5,5|6|6|6,19,23,3,0,none,True,True,False,False,True,False,computed_total_slot_anomaly_obstruction,19|23|4|0,18|18|18|18,none,0,0,True,,
widened_enumeration,r4|5|5|5_u1,4,1,4|5|5|5,5|6|6|6,19,23,3,0,none,True,True,False,False,True,False,computed_total_slot_anomaly_obstruction,19|23|4|1,18|18|18|18,none,0,0,True,,
widened_enumeration,r4|5|5|5_u2,4,2,4|5|5|5,5|6|6|6,19,23,3,0,none,True,True,False,False,True,False,computed_total_slot_anomaly_obstruction,19|23|4|2,18|18|18|18,none,0,0,True,,
widened_enumeration,r4|5|5|5_u3,4,3,4|5|5|5,5|6|6|6,19,23,3,0,none,True,True,False,False,True,False,computed_total_slot_anomaly_obstruction,19|23|4|3,18|18|18|18,none,0,0,True,,
widened_enumeration,r4|5|5|6_u0,4,0,4|5|5|6,5|6|6|7,20,24,3,0,none,True,True,False,False,True,False,computed_total_slot_anomaly_obstruction,20|24|4|0,19|19|19|19,none,0,0,True,,
widened_enumeration,r4|5|5|6_u1,4,1,4|5|5|6,5|6|6|7,20,24,3,0,none,True,True,False,False,True,False,computed_total_slot_anomaly_obstruction,20|24|4|1,19|19|19|19,none,0,0,True,,
widened_enumeration,r4|5|5|6_u2,4,2,4|5|5|6,5|6|6|7,20,24,3,0,none,True,True,False,False,True,False,computed_total_slot_anomaly_obstruction,20|24|4|2,19|19|19|19,none,0,0,True,,
widened_enumeration,r4|5|5|6_u3,4,3,4|5|5|6,5|6|6|7,20,24,3,0,none,True,True,False,False,True,False,computed_total_slot_anomaly_obstruction,20|24|4|3,19|19|19|19,none,0,0,True,,
widened_enumeration,r4|5|6|6_u0,4,0,4|5|6|6,5|6|7|7,21,25,3,0,none,True,True,False,False,True,False,computed_total_slot_anomaly_obstruction,21|25|4|0,20|20|20|20,none,0,0,True,,
widened_enumeration,r4|5|6|6_u1,4,1,4|5|6|6,5|6|7|7,21,25,3,0,none,True,True,False,False,True,False,computed_total_slot_anomaly_obstruction,21|25|4|1,20|20|20|20,none,0,0,True,,
widened_enumeration,r4|5|6|6_u2,4,2,4|5|6|6,5|6|7|7,21,25,3,0,none,True,True,False,False,True,False,computed_total_slot_anomaly_obstruction,21|25|4|2,20|20|20|20,none,0,0,True,,
widened_enumeration,r4|5|6|6_u3,4,3,4|5|6|6,5|6|7|7,21,25,3,0,none,True,True,False,False,True,False,computed_total_slot_anomaly_obstruction,21|25|4|3,20|20|20|20,none,0,0,True,,
widened_enumeration,r4|6|6|6_u0,4,0,4|6|6|6,5|7|7|7,22,26,3,0,none,True,True,False,False,True,False,computed_total_slot_anomaly_obstruction,22|26|4|0,21|21|21|21,none,0,0,True,,
widened_enumeration,r4|6|6|6_u1,4,1,4|6|6|6,5|7|7|7,22,26,3,0,none,True,True,False,False,True,False,computed_total_slot_anomaly_obstruction,22|26|4|1,21|21|21|21,none,0,0,True,,
widened_enumeration,r4|6|6|6_u2,4,2,4|6|6|6,5|7|7|7,22,26,3,0,none,True,True,False,False,True,False,computed_total_slot_anomaly_obstruction,22|26|4|2,21|21|21|21,none,0,0,True,,
widened_enumeration,r4|6|6|6_u3,4,3,4|6|6|6,5|7|7|7,22,26,3,0,none,True,True,False,False,True,False,computed_total_slot_anomaly_obstruction,22|26|4|3,21|21|21|21,none,0,0,True,,
widened_enumeration,r5|5|5|5_u0,4,0,5|5|5|5,6|6|6|6,20,24,3,0,none,True,True,False,False,True,False,computed_total_slot_anomaly_obstruction,20|24|4|0,19|19|19|19,none,0,0,True,,
widened_enumeration,r5|5|5|5_u1,4,1,5|5|5|5,6|6|6|6,20,24,3,0,none,True,True,False,False,True,False,computed_total_slot_anomaly_obstruction,20|24|4|1,19|19|19|19,none,0,0,True,,
widened_enumeration,r5|5|5|5_u2,4,2,5|5|5|5,6|6|6|6,20,24,3,0,none,True,True,False,False,True,False,computed_total_slot_anomaly_obstruction,20|24|4|2,19|19|19|19,none,0,0,True,,
widened_enumeration,r5|5|5|5_u3,4,3,5|5|5|5,6|6|6|6,20,24,3,0,none,True,True,False,False,True,False,computed_total_slot_anomaly_obstruction,20|24|4|3,19|19|19|19,none,0,0,True,,
widened_enumeration,r5|5|5|6_u0,4,0,5|5|5|6,6|6|6|7,21,25,3,0,none,True,True,False,False,True,False,computed_total_slot_anomaly_obstruction,21|25|4|0,20|20|20|20,none,0,0,True,,
widened_enumeration,r5|5|5|6_u1,4,1,5|5|5|6,6|6|6|7,21,25,3,0,none,True,True,False,False,True,False,computed_total_slot_anomaly_obstruction,21|25|4|1,20|20|20|20,none,0,0,True,,
widened_enumeration,r5|5|5|6_u2,4,2,5|5|5|6,6|6|6|7,21,25,3,0,none,True,True,False,False,True,False,computed_total_slot_anomaly_obstruction,21|25|4|2,20|20|20|20,none,0,0,True,,
widened_enumeration,r5|5|5|6_u3,4,3,5|5|5|6,6|6|6|7,21,25,3,0,none,True,True,False,False,True,False,computed_total_slot_anomaly_obstruction,21|25|4|3,20|20|20|20,none,0,0,True,,
widened_enumeration,r5|5|6|6_u0,4,0,5|5|6|6,6|6|7|7,22,26,3,0,none,True,True,False,False,True,False,computed_total_slot_anomaly_obstruction,22|26|4|0,21|21|21|21,none,0,0,True,,
widened_enumeration,r5|5|6|6_u1,4,1,5|5|6|6,6|6|7|7,22,26,3,0,none,True,True,False,False,True,False,computed_total_slot_anomaly_obstruction,22|26|4|1,21|21|21|21,none,0,0,True,,
widened_enumeration,r5|5|6|6_u2,4,2,5|5|6|6,6|6|7|7,22,26,3,0,none,True,True,False,False,True,False,computed_total_slot_anomaly_obstruction,22|26|4|2,21|21|21|21,none,0,0,True,,
widened_enumeration,r5|5|6|6_u3,4,3,5|5|6|6,6|6|7|7,22,26,3,0,none,True,True,False,False,True,False,computed_total_slot_anomaly_obstruction,22|26|4|3,21|21|21|21,none,0,0,True,,
widened_enumeration,r5|6|6|6_u0,4,0,5|6|6|6,6|7|7|7,23,27,3,0,none,True,True,False,False,True,False,computed_total_slot_anomaly_obstruction,23|27|4|0,22|22|22|22,none,0,0,True,,
widened_enumeration,r5|6|6|6_u1,4,1,5|6|6|6,6|7|7|7,23,27,3,0,none,True,True,False,False,True,False,computed_total_slot_anomaly_obstruction,23|27|4|1,22|22|22|22,none,0,0,True,,
widened_enumeration,r5|6|6|6_u2,4,2,5|6|6|6,6|7|7|7,23,27,3,0,none,True,True,False,False,True,False,computed_total_slot_anomaly_obstruction,23|27|4|2,22|22|22|22,none,0,0,True,,
widened_enumeration,r5|6|6|6_u3,4,3,5|6|6|6,6|7|7|7,23,27,3,0,none,True,True,False,False,True,False,computed_total_slot_anomaly_obstruction,23|27|4|3,22|22|22|22,none,0,0,True,,
widened_enumeration,r6|6|6|6_u0,4,0,6|6|6|6,7|7|7|7,24,28,3,0,none,True,True,False,False,True,False,computed_total_slot_anomaly_obstruction,24|28|4|0,23|23|23|23,none,0,0,True,,
widened_enumeration,r6|6|6|6_u1,4,1,6|6|6|6,7|7|7|7,24,28,3,0,none,True,True,False,False,True,False,computed_total_slot_anomaly_obstruction,24|28|4|1,23|23|23|23,none,0,0,True,,
widened_enumeration,r6|6|6|6_u2,4,2,6|6|6|6,7|7|7|7,24,28,3,0,none,True,True,False,False,True,False,computed_total_slot_anomaly_obstruction,24|28|4|2,23|23|23|23,none,0,0,True,,
widened_enumeration,r6|6|6|6_u3,4,3,6|6|6|6,7|7|7|7,24,28,3,0,none,True,True,False,False,True,False,computed_total_slot_anomaly_obstruction,24|28|4|3,23|23|23|23,none,0,0,True,,
widened_enumeration,r1|1|1|1|1_u0,5,0,1|1|1|1|1,2|2|2|2|2,5,10,4,0,none,False,False,False,False,False,False,chirality_test_failed,5|10|5|0,0|0|0|0|0,none,0,0,True,,
widened_enumeration,r1|1|1|1|1_u1,5,1,1|1|1|1|1,2|2|2|2|2,5,10,4,0,none,False,False,False,False,False,False,chirality_test_failed,5|10|5|1,0|0|0|0|0,none,0,0,True,,
widened_enumeration,r1|1|1|1|1_u2,5,2,1|1|1|1|1,2|2|2|2|2,5,10,4,0,none,False,False,False,False,False,False,chirality_test_failed,5|10|5|2,0|0|0|0|0,none,0,0,True,,
widened_enumeration,r1|1|1|1|1_u3,5,3,1|1|1|1|1,2|2|2|2|2,5,10,4,0,none,False,False,False,False,False,False,chirality_test_failed,5|10|5|3,0|0|0|0|0,none,0,0,True,,
widened_enumeration,r1|1|1|1|2_u0,5,0,1|1|1|1|2,2|2|2|2|3,6,11,4,0,none,True,True,False,False,True,False,computed_total_slot_anomaly_obstruction,6|11|5|0,0|0|0|0|6,none,0,0,True,,
widened_enumeration,r1|1|1|1|2_u1,5,1,1|1|1|1|2,2|2|2|2|3,6,11,4,0,none,True,True,False,False,True,False,computed_total_slot_anomaly_obstruction,6|11|5|1,0|0|0|0|6,none,0,0,True,,
widened_enumeration,r1|1|1|1|2_u2,5,2,1|1|1|1|2,2|2|2|2|3,6,11,4,0,none,True,True,False,False,True,False,computed_total_slot_anomaly_obstruction,6|11|5|2,0|0|0|0|6,none,0,0,True,,
widened_enumeration,r1|1|1|1|2_u3,5,3,1|1|1|1|2,2|2|2|2|3,6,11,4,0,none,True,True,False,False,True,False,computed_total_slot_anomaly_obstruction,6|11|5|3,0|0|0|0|6,none,0,0,True,,
widened_enumeration,r1|1|1|1|3_u0,5,0,1|1|1|1|3,2|2|2|2|4,7,12,4,0,none,True,True,False,False,False,False,computed_total_slot_anomaly_obstruction,7|12|5|0,0|0|0|0|7,none,0,0,True,,
widened_enumeration,r1|1|1|1|3_u1,5,1,1|1|1|1|3,2|2|2|2|4,7,12,4,0,none,True,True,False,False,False,False,computed_total_slot_anomaly_obstruction,7|12|5|1,0|0|0|0|7,none,0,0,True,,
widened_enumeration,r1|1|1|1|3_u2,5,2,1|1|1|1|3,2|2|2|2|4,7,12,4,0,none,True,True,False,False,False,False,computed_total_slot_anomaly_obstruction,7|12|5|2,0|0|0|0|7,none,0,0,True,,
widened_enumeration,r1|1|1|1|3_u3,5,3,1|1|1|1|3,2|2|2|2|4,7,12,4,0,none,True,True,False,False,False,False,computed_total_slot_anomaly_obstruction,7|12|5|3,0|0|0|0|7,none,0,0,True,,
widened_enumeration,r1|1|1|1|4_u0,5,0,1|1|1|1|4,2|2|2|2|5,8,13,4,0,none,True,True,False,False,True,False,computed_total_slot_anomaly_obstruction,8|13|5|0,0|0|0|0|8,none,0,0,True,,
widened_enumeration,r1|1|1|1|4_u1,5,1,1|1|1|1|4,2|2|2|2|5,8,13,4,0,none,True,True,False,False,True,False,computed_total_slot_anomaly_obstruction,8|13|5|1,0|0|0|0|8,none,0,0,True,,
widened_enumeration,r1|1|1|1|4_u2,5,2,1|1|1|1|4,2|2|2|2|5,8,13,4,0,none,True,True,False,False,True,False,computed_total_slot_anomaly_obstruction,8|13|5|2,0|0|0|0|8,none,0,0,True,,
widened_enumeration,r1|1|1|1|4_u3,5,3,1|1|1|1|4,2|2|2|2|5,8,13,4,0,none,True,True,False,False,True,False,computed_total_slot_anomaly_obstruction,8|13|5|3,0|0|0|0|8,none,0,0,True,,
widened_enumeration,r1|1|1|1|5_u0,5,0,1|1|1|1|5,2|2|2|2|6,9,14,4,0,none,True,True,False,False,False,False,computed_total_slot_anomaly_obstruction,9|14|5|0,0|0|0|0|9,none,0,0,True,,
widened_enumeration,r1|1|1|1|5_u1,5,1,1|1|1|1|5,2|2|2|2|6,9,14,4,0,none,True,True,False,False,False,False,computed_total_slot_anomaly_obstruction,9|14|5|1,0|0|0|0|9,none,0,0,True,,
widened_enumeration,r1|1|1|1|5_u2,5,2,1|1|1|1|5,2|2|2|2|6,9,14,4,0,none,True,True,False,False,False,False,computed_total_slot_anomaly_obstruction,9|14|5|2,0|0|0|0|9,none,0,0,True,,
widened_enumeration,r1|1|1|1|5_u3,5,3,1|1|1|1|5,2|2|2|2|6,9,14,4,0,none,True,True,False,False,False,False,computed_total_slot_anomaly_obstruction,9|14|5|3,0|0|0|0|9,none,0,0,True,,
widened_enumeration,r1|1|1|1|6_u0,5,0,1|1|1|1|6,2|2|2|2|7,10,15,4,0,none,True,True,False,False,True,False,computed_total_slot_anomaly_obstruction,10|15|5|0,0|0|0|0|10,none,0,0,True,,
widened_enumeration,r1|1|1|1|6_u1,5,1,1|1|1|1|6,2|2|2|2|7,10,15,4,0,none,True,True,False,False,True,False,computed_total_slot_anomaly_obstruction,10|15|5|1,0|0|0|0|10,none,0,0,True,,
widened_enumeration,r1|1|1|1|6_u2,5,2,1|1|1|1|6,2|2|2|2|7,10,15,4,0,none,True,True,False,False,True,False,computed_total_slot_anomaly_obstruction,10|15|5|2,0|0|0|0|10,none,0,0,True,,
widened_enumeration,r1|1|1|1|6_u3,5,3,1|1|1|1|6,2|2|2|2|7,10,15,4,0,none,True,True,False,False,True,False,computed_total_slot_anomaly_obstruction,10|15|5|3,0|0|0|0|10,none,0,0,True,,
widened_enumeration,r1|1|1|2|2_u0,5,0,1|1|1|2|2,2|2|2|3|3,7,12,4,0,none,True,True,False,False,False,False,computed_total_slot_anomaly_obstruction,7|12|5|0,0|0|0|7|7,none,0,0,True,,
widened_enumeration,r1|1|1|2|2_u1,5,1,1|1|1|2|2,2|2|2|3|3,7,12,4,0,none,True,True,False,False,False,False,computed_total_slot_anomaly_obstruction,7|12|5|1,0|0|0|7|7,none,0,0,True,,
widened_enumeration,r1|1|1|2|2_u2,5,2,1|1|1|2|2,2|2|2|3|3,7,12,4,0,none,True,True,False,False,False,False,computed_total_slot_anomaly_obstruction,7|12|5|2,0|0|0|7|7,none,0,0,True,,
widened_enumeration,r1|1|1|2|2_u3,5,3,1|1|1|2|2,2|2|2|3|3,7,12,4,0,none,True,True,False,False,False,False,computed_total_slot_anomaly_obstruction,7|12|5|3,0|0|0|7|7,none,0,0,True,,
widened_enumeration,r1|1|1|2|3_u0,5,0,1|1|1|2|3,2|2|2|3|4,8,13,4,0,none,True,True,False,False,True,False,computed_total_slot_anomaly_obstruction,8|13|5|0,0|0|0|8|8,none,0,0,True,,
widened_enumeration,r1|1|1|2|3_u1,5,1,1|1|1|2|3,2|2|2|3|4,8,13,4,0,none,True,True,False,False,True,False,computed_total_slot_anomaly_obstruction,8|13|5|1,0|0|0|8|8,none,0,0,True,,
widened_enumeration,r1|1|1|2|3_u2,5,2,1|1|1|2|3,2|2|2|3|4,8,13,4,0,none,True,True,False,False,True,False,computed_total_slot_anomaly_obstruction,8|13|5|2,0|0|0|8|8,none,0,0,True,,
widened_enumeration,r1|1|1|2|3_u3,5,3,1|1|1|2|3,2|2|2|3|4,8,13,4,0,none,True,True,False,False,True,False,computed_total_slot_anomaly_obstruction,8|13|5|3,0|0|0|8|8,none,0,0,True,,
widened_enumeration,r1|1|1|2|4_u0,5,0,1|1|1|2|4,2|2|2|3|5,9,14,4,0,none,True,True,False,False,False,False,computed_total_slot_anomaly_obstruction,9|14|5|0,0|0|0|9|9,none,0,0,True,,
widened_enumeration,r1|1|1|2|4_u1,5,1,1|1|1|2|4,2|2|2|3|5,9,14,4,0,none,True,True,False,False,False,False,computed_total_slot_anomaly_obstruction,9|14|5|1,0|0|0|9|9,none,0,0,True,,
widened_enumeration,r1|1|1|2|4_u2,5,2,1|1|1|2|4,2|2|2|3|5,9,14,4,0,none,True,True,False,False,False,False,computed_total_slot_anomaly_obstruction,9|14|5|2,0|0|0|9|9,none,0,0,True,,
widened_enumeration,r1|1|1|2|4_u3,5,3,1|1|1|2|4,2|2|2|3|5,9,14,4,0,none,True,True,False,False,False,False,computed_total_slot_anomaly_obstruction,9|14|5|3,0|0|0|9|9,none,0,0,True,,
widened_enumeration,r1|1|1|2|5_u0,5,0,1|1|1|2|5,2|2|2|3|6,10,15,4,0,none,True,True,False,False,True,False,computed_total_slot_anomaly_obstruction,10|15|5|0,0|0|0|10|10,none,0,0,True,,
widened_enumeration,r1|1|1|2|5_u1,5,1,1|1|1|2|5,2|2|2|3|6,10,15,4,0,none,True,True,False,False,True,False,computed_total_slot_anomaly_obstruction,10|15|5|1,0|0|0|10|10,none,0,0,True,,
widened_enumeration,r1|1|1|2|5_u2,5,2,1|1|1|2|5,2|2|2|3|6,10,15,4,0,none,True,True,False,False,True,False,computed_total_slot_anomaly_obstruction,10|15|5|2,0|0|0|10|10,none,0,0,True,,
widened_enumeration,r1|1|1|2|5_u3,5,3,1|1|1|2|5,2|2|2|3|6,10,15,4,0,none,True,True,False,False,True,False,computed_total_slot_anomaly_obstruction,10|15|5|3,0|0|0|10|10,none,0,0,True,,
widened_enumeration,r1|1|1|2|6_u0,5,0,1|1|1|2|6,2|2|2|3|7,11,16,4,0,none,True,True,False,False,False,False,computed_total_slot_anomaly_obstruction,11|16|5|0,0|0|0|11|11,none,0,0,True,,
widened_enumeration,r1|1|1|2|6_u1,5,1,1|1|1|2|6,2|2|2|3|7,11,16,4,0,none,True,True,False,False,False,False,computed_total_slot_anomaly_obstruction,11|16|5|1,0|0|0|11|11,none,0,0,True,,
widened_enumeration,r1|1|1|2|6_u2,5,2,1|1|1|2|6,2|2|2|3|7,11,16,4,0,none,True,True,False,False,False,False,computed_total_slot_anomaly_obstruction,11|16|5|2,0|0|0|11|11,none,0,0,True,,
widened_enumeration,r1|1|1|2|6_u3,5,3,1|1|1|2|6,2|2|2|3|7,11,16,4,0,none,True,True,False,False,False,False,computed_total_slot_anomaly_obstruction,11|16|5|3,0|0|0|11|11,none,0,0,True,,
widened_enumeration,r1|1|1|3|3_u0,5,0,1|1|1|3|3,2|2|2|4|4,9,14,4,0,none,True,True,False,False,False,False,computed_total_slot_anomaly_obstruction,9|14|5|0,0|0|0|9|9,none,0,0,True,,
widened_enumeration,r1|1|1|3|3_u1,5,1,1|1|1|3|3,2|2|2|4|4,9,14,4,0,none,True,True,False,False,False,False,computed_total_slot_anomaly_obstruction,9|14|5|1,0|0|0|9|9,none,0,0,True,,
widened_enumeration,r1|1|1|3|3_u2,5,2,1|1|1|3|3,2|2|2|4|4,9,14,4,0,none,True,True,False,False,False,False,computed_total_slot_anomaly_obstruction,9|14|5|2,0|0|0|9|9,none,0,0,True,,
widened_enumeration,r1|1|1|3|3_u3,5,3,1|1|1|3|3,2|2|2|4|4,9,14,4,0,none,True,True,False,False,False,False,computed_total_slot_anomaly_obstruction,9|14|5|3,0|0|0|9|9,none,0,0,True,,
widened_enumeration,r1|1|1|3|4_u0,5,0,1|1|1|3|4,2|2|2|4|5,10,15,4,0,none,True,True,False,False,True,False,computed_total_slot_anomaly_obstruction,10|15|5|0,0|0|0|10|10,none,0,0,True,,
widened_enumeration,r1|1|1|3|4_u1,5,1,1|1|1|3|4,2|2|2|4|5,10,15,4,0,none,True,True,False,False,True,False,computed_total_slot_anomaly_obstruction,10|15|5|1,0|0|0|10|10,none,0,0,True,,
widened_enumeration,r1|1|1|3|4_u2,5,2,1|1|1|3|4,2|2|2|4|5,10,15,4,0,none,True,True,False,False,True,False,computed_total_slot_anomaly_obstruction,10|15|5|2,0|0|0|10|10,none,0,0,True,,
widened_enumeration,r1|1|1|3|4_u3,5,3,1|1|1|3|4,2|2|2|4|5,10,15,4,0,none,True,True,False,False,True,False,computed_total_slot_anomaly_obstruction,10|15|5|3,0|0|0|10|10,none,0,0,True,,
widened_enumeration,r1|1|1|3|5_u0,5,0,1|1|1|3|5,2|2|2|4|6,11,16,4,0,none,True,True,False,False,False,False,computed_total_slot_anomaly_obstruction,11|16|5|0,0|0|0|11|11,none,0,0,True,,
widened_enumeration,r1|1|1|3|5_u1,5,1,1|1|1|3|5,2|2|2|4|6,11,16,4,0,none,True,True,False,False,False,False,computed_total_slot_anomaly_obstruction,11|16|5|1,0|0|0|11|11,none,0,0,True,,
widened_enumeration,r1|1|1|3|5_u2,5,2,1|1|1|3|5,2|2|2|4|6,11,16,4,0,none,True,True,False,False,False,False,computed_total_slot_anomaly_obstruction,11|16|5|2,0|0|0|11|11,none,0,0,True,,
widened_enumeration,r1|1|1|3|5_u3,5,3,1|1|1|3|5,2|2|2|4|6,11,16,4,0,none,True,True,False,False,False,False,computed_total_slot_anomaly_obstruction,11|16|5|3,0|0|0|11|11,none,0,0,True,,
widened_enumeration,r1|1|1|3|6_u0,5,0,1|1|1|3|6,2|2|2|4|7,12,17,4,0,none,True,True,False,False,True,False,computed_total_slot_anomaly_obstruction,12|17|5|0,0|0|0|12|12,none,0,0,True,,
widened_enumeration,r1|1|1|3|6_u1,5,1,1|1|1|3|6,2|2|2|4|7,12,17,4,0,none,True,True,False,False,True,False,computed_total_slot_anomaly_obstruction,12|17|5|1,0|0|0|12|12,none,0,0,True,,
widened_enumeration,r1|1|1|3|6_u2,5,2,1|1|1|3|6,2|2|2|4|7,12,17,4,0,none,True,True,False,False,True,False,computed_total_slot_anomaly_obstruction,12|17|5|2,0|0|0|12|12,none,0,0,True,,
widened_enumeration,r1|1|1|3|6_u3,5,3,1|1|1|3|6,2|2|2|4|7,12,17,4,0,none,True,True,False,False,True,False,computed_total_slot_anomaly_obstruction,12|17|5|3,0|0|0|12|12,none,0,0,True,,
widened_enumeration,r1|1|1|4|4_u0,5,0,1|1|1|4|4,2|2|2|5|5,11,16,4,0,none,True,True,False,False,False,False,computed_total_slot_anomaly_obstruction,11|16|5|0,0|0|0|11|11,none,0,0,True,,
widened_enumeration,r1|1|1|4|4_u1,5,1,1|1|1|4|4,2|2|2|5|5,11,16,4,0,none,True,True,False,False,False,False,computed_total_slot_anomaly_obstruction,11|16|5|1,0|0|0|11|11,none,0,0,True,,
widened_enumeration,r1|1|1|4|4_u2,5,2,1|1|1|4|4,2|2|2|5|5,11,16,4,0,none,True,True,False,False,False,False,computed_total_slot_anomaly_obstruction,11|16|5|2,0|0|0|11|11,none,0,0,True,,
widened_enumeration,r1|1|1|4|4_u3,5,3,1|1|1|4|4,2|2|2|5|5,11,16,4,0,none,True,True,False,False,False,False,computed_total_slot_anomaly_obstruction,11|16|5|3,0|0|0|11|11,none,0,0,True,,
widened_enumeration,r1|1|1|4|5_u0,5,0,1|1|1|4|5,2|2|2|5|6,12,17,4,0,none,True,True,False,False,True,False,computed_total_slot_anomaly_obstruction,12|17|5|0,0|0|0|12|12,none,0,0,True,,
widened_enumeration,r1|1|1|4|5_u1,5,1,1|1|1|4|5,2|2|2|5|6,12,17,4,0,none,True,True,False,False,True,False,computed_total_slot_anomaly_obstruction,12|17|5|1,0|0|0|12|12,none,0,0,True,,
widened_enumeration,r1|1|1|4|5_u2,5,2,1|1|1|4|5,2|2|2|5|6,12,17,4,0,none,True,True,False,False,True,False,computed_total_slot_anomaly_obstruction,12|17|5|2,0|0|0|12|12,none,0,0,True,,
widened_enumeration,r1|1|1|4|5_u3,5,3,1|1|1|4|5,2|2|2|5|6,12,17,4,0,none,True,True,False,False,True,False,computed_total_slot_anomaly_obstruction,12|17|5|3,0|0|0|12|12,none,0,0,True,,
widened_enumeration,r1|1|1|4|6_u0,5,0,1|1|1|4|6,2|2|2|5|7,13,18,4,0,none,True,True,False,False,False,False,computed_total_slot_anomaly_obstruction,13|18|5|0,0|0|0|13|13,none,0,0,True,,
widened_enumeration,r1|1|1|4|6_u1,5,1,1|1|1|4|6,2|2|2|5|7,13,18,4,0,none,True,True,False,False,False,False,computed_total_slot_anomaly_obstruction,13|18|5|1,0|0|0|13|13,none,0,0,True,,
widened_enumeration,r1|1|1|4|6_u2,5,2,1|1|1|4|6,2|2|2|5|7,13,18,4,0,none,True,True,False,False,False,False,computed_total_slot_anomaly_obstruction,13|18|5|2,0|0|0|13|13,none,0,0,True,,
widened_enumeration,r1|1|1|4|6_u3,5,3,1|1|1|4|6,2|2|2|5|7,13,18,4,0,none,True,True,False,False,False,False,computed_total_slot_anomaly_obstruction,13|18|5|3,0|0|0|13|13,none,0,0,True,,
widened_enumeration,r1|1|1|5|5_u0,5,0,1|1|1|5|5,2|2|2|6|6,13,18,4,0,none,True,True,False,False,False,False,computed_total_slot_anomaly_obstruction,13|18|5|0,0|0|0|13|13,none,0,0,True,,
widened_enumeration,r1|1|1|5|5_u1,5,1,1|1|1|5|5,2|2|2|6|6,13,18,4,0,none,True,True,False,False,False,False,computed_total_slot_anomaly_obstruction,13|18|5|1,0|0|0|13|13,none,0,0,True,,
widened_enumeration,r1|1|1|5|5_u2,5,2,1|1|1|5|5,2|2|2|6|6,13,18,4,0,none,True,True,False,False,False,False,computed_total_slot_anomaly_obstruction,13|18|5|2,0|0|0|13|13,none,0,0,True,,
widened_enumeration,r1|1|1|5|5_u3,5,3,1|1|1|5|5,2|2|2|6|6,13,18,4,0,none,True,True,False,False,False,False,computed_total_slot_anomaly_obstruction,13|18|5|3,0|0|0|13|13,none,0,0,True,,
widened_enumeration,r1|1|1|5|6_u0,5,0,1|1|1|5|6,2|2|2|6|7,14,19,4,0,none,True,True,False,False,True,False,computed_total_slot_anomaly_obstruction,14|19|5|0,0|0|0|14|14,none,0,0,True,,
widened_enumeration,r1|1|1|5|6_u1,5,1,1|1|1|5|6,2|2|2|6|7,14,19,4,0,none,True,True,False,False,True,False,computed_total_slot_anomaly_obstruction,14|19|5|1,0|0|0|14|14,none,0,0,True,,
widened_enumeration,r1|1|1|5|6_u2,5,2,1|1|1|5|6,2|2|2|6|7,14,19,4,0,none,True,True,False,False,True,False,computed_total_slot_anomaly_obstruction,14|19|5|2,0|0|0|14|14,none,0,0,True,,
widened_enumeration,r1|1|1|5|6_u3,5,3,1|1|1|5|6,2|2|2|6|7,14,19,4,0,none,True,True,False,False,True,False,computed_total_slot_anomaly_obstruction,14|19|5|3,0|0|0|14|14,none,0,0,True,,
widened_enumeration,r1|1|1|6|6_u0,5,0,1|1|1|6|6,2|2|2|7|7,15,20,4,0,none,True,True,False,False,False,False,computed_total_slot_anomaly_obstruction,15|20|5|0,0|0|0|15|15,none,0,0,True,,
widened_enumeration,r1|1|1|6|6_u1,5,1,1|1|1|6|6,2|2|2|7|7,15,20,4,0,none,True,True,False,False,False,False,computed_total_slot_anomaly_obstruction,15|20|5|1,0|0|0|15|15,none,0,0,True,,
widened_enumeration,r1|1|1|6|6_u2,5,2,1|1|1|6|6,2|2|2|7|7,15,20,4,0,none,True,True,False,False,False,False,computed_total_slot_anomaly_obstruction,15|20|5|2,0|0|0|15|15,none,0,0,True,,
widened_enumeration,r1|1|1|6|6_u3,5,3,1|1|1|6|6,2|2|2|7|7,15,20,4,0,none,True,True,False,False,False,False,computed_total_slot_anomaly_obstruction,15|20|5|3,0|0|0|15|15,none,0,0,True,,
widened_enumeration,r1|1|2|2|2_u0,5,0,1|1|2|2|2,2|2|3|3|3,8,13,4,0,none,True,True,False,False,True,False,computed_total_slot_anomaly_obstruction,8|13|5|0,0|0|8|8|8,none,0,0,True,,
widened_enumeration,r1|1|2|2|2_u1,5,1,1|1|2|2|2,2|2|3|3|3,8,13,4,0,none,True,True,False,False,True,False,computed_total_slot_anomaly_obstruction,8|13|5|1,0|0|8|8|8,none,0,0,True,,
widened_enumeration,r1|1|2|2|2_u2,5,2,1|1|2|2|2,2|2|3|3|3,8,13,4,0,none,True,True,False,False,True,False,computed_total_slot_anomaly_obstruction,8|13|5|2,0|0|8|8|8,none,0,0,True,,
widened_enumeration,r1|1|2|2|2_u3,5,3,1|1|2|2|2,2|2|3|3|3,8,13,4,0,none,True,True,False,False,True,False,computed_total_slot_anomaly_obstruction,8|13|5|3,0|0|8|8|8,none,0,0,True,,
widened_enumeration,r1|1|2|2|3_u0,5,0,1|1|2|2|3,2|2|3|3|4,9,14,4,0,none,True,True,False,False,False,False,computed_total_slot_anomaly_obstruction,9|14|5|0,0|0|9|9|9,none,0,0,True,,
widened_enumeration,r1|1|2|2|3_u1,5,1,1|1|2|2|3,2|2|3|3|4,9,14,4,0,none,True,True,False,False,False,False,computed_total_slot_anomaly_obstruction,9|14|5|1,0|0|9|9|9,none,0,0,True,,
widened_enumeration,r1|1|2|2|3_u2,5,2,1|1|2|2|3,2|2|3|3|4,9,14,4,0,none,True,True,False,False,False,False,computed_total_slot_anomaly_obstruction,9|14|5|2,0|0|9|9|9,none,0,0,True,,
widened_enumeration,r1|1|2|2|3_u3,5,3,1|1|2|2|3,2|2|3|3|4,9,14,4,0,none,True,True,False,False,False,False,computed_total_slot_anomaly_obstruction,9|14|5|3,0|0|9|9|9,none,0,0,True,,
widened_enumeration,r1|1|2|2|4_u0,5,0,1|1|2|2|4,2|2|3|3|5,10,15,4,0,none,True,True,False,False,True,False,computed_total_slot_anomaly_obstruction,10|15|5|0,0|0|10|10|10,none,0,0,True,,
widened_enumeration,r1|1|2|2|4_u1,5,1,1|1|2|2|4,2|2|3|3|5,10,15,4,0,none,True,True,False,False,True,False,computed_total_slot_anomaly_obstruction,10|15|5|1,0|0|10|10|10,none,0,0,True,,
widened_enumeration,r1|1|2|2|4_u2,5,2,1|1|2|2|4,2|2|3|3|5,10,15,4,0,none,True,True,False,False,True,False,computed_total_slot_anomaly_obstruction,10|15|5|2,0|0|10|10|10,none,0,0,True,,
widened_enumeration,r1|1|2|2|4_u3,5,3,1|1|2|2|4,2|2|3|3|5,10,15,4,0,none,True,True,False,False,True,False,computed_total_slot_anomaly_obstruction,10|15|5|3,0|0|10|10|10,none,0,0,True,,
widened_enumeration,r1|1|2|2|5_u0,5,0,1|1|2|2|5,2|2|3|3|6,11,16,4,0,none,True,True,False,False,False,False,computed_total_slot_anomaly_obstruction,11|16|5|0,0|0|11|11|11,none,0,0,True,,
widened_enumeration,r1|1|2|2|5_u1,5,1,1|1|2|2|5,2|2|3|3|6,11,16,4,0,none,True,True,False,False,False,False,computed_total_slot_anomaly_obstruction,11|16|5|1,0|0|11|11|11,none,0,0,True,,
widened_enumeration,r1|1|2|2|5_u2,5,2,1|1|2|2|5,2|2|3|3|6,11,16,4,0,none,True,True,False,False,False,False,computed_total_slot_anomaly_obstruction,11|16|5|2,0|0|11|11|11,none,0,0,True,,
widened_enumeration,r1|1|2|2|5_u3,5,3,1|1|2|2|5,2|2|3|3|6,11,16,4,0,none,True,True,False,False,False,False,computed_total_slot_anomaly_obstruction,11|16|5|3,0|0|11|11|11,none,0,0,True,,
widened_enumeration,r1|1|2|2|6_u0,5,0,1|1|2|2|6,2|2|3|3|7,12,17,4,0,none,True,True,False,False,True,False,computed_total_slot_anomaly_obstruction,12|17|5|0,0|0|12|12|12,none,0,0,True,,
widened_enumeration,r1|1|2|2|6_u1,5,1,1|1|2|2|6,2|2|3|3|7,12,17,4,0,none,True,True,False,False,True,False,computed_total_slot_anomaly_obstruction,12|17|5|1,0|0|12|12|12,none,0,0,True,,
widened_enumeration,r1|1|2|2|6_u2,5,2,1|1|2|2|6,2|2|3|3|7,12,17,4,0,none,True,True,False,False,True,False,computed_total_slot_anomaly_obstruction,12|17|5|2,0|0|12|12|12,none,0,0,True,,
widened_enumeration,r1|1|2|2|6_u3,5,3,1|1|2|2|6,2|2|3|3|7,12,17,4,0,none,True,True,False,False,True,False,computed_total_slot_anomaly_obstruction,12|17|5|3,0|0|12|12|12,none,0,0,True,,
widened_enumeration,r1|1|2|3|3_u0,5,0,1|1|2|3|3,2|2|3|4|4,10,15,4,0,none,True,True,False,False,True,False,computed_total_slot_anomaly_obstruction,10|15|5|0,0|0|10|10|10,none,0,0,True,,
widened_enumeration,r1|1|2|3|3_u1,5,1,1|1|2|3|3,2|2|3|4|4,10,15,4,0,none,True,True,False,False,True,False,computed_total_slot_anomaly_obstruction,10|15|5|1,0|0|10|10|10,none,0,0,True,,
widened_enumeration,r1|1|2|3|3_u2,5,2,1|1|2|3|3,2|2|3|4|4,10,15,4,0,none,True,True,False,False,True,False,computed_total_slot_anomaly_obstruction,10|15|5|2,0|0|10|10|10,none,0,0,True,,
widened_enumeration,r1|1|2|3|3_u3,5,3,1|1|2|3|3,2|2|3|4|4,10,15,4,0,none,True,True,False,False,True,False,computed_total_slot_anomaly_obstruction,10|15|5|3,0|0|10|10|10,none,0,0,True,,
widened_enumeration,r1|1|2|3|4_u0,5,0,1|1|2|3|4,2|2|3|4|5,11,16,4,0,none,True,True,False,False,False,False,computed_total_slot_anomaly_obstruction,11|16|5|0,0|0|11|11|11,none,0,0,True,,
widened_enumeration,r1|1|2|3|4_u1,5,1,1|1|2|3|4,2|2|3|4|5,11,16,4,0,none,True,True,False,False,False,False,computed_total_slot_anomaly_obstruction,11|16|5|1,0|0|11|11|11,none,0,0,True,,
widened_enumeration,r1|1|2|3|4_u2,5,2,1|1|2|3|4,2|2|3|4|5,11,16,4,0,none,True,True,False,False,False,False,computed_total_slot_anomaly_obstruction,11|16|5|2,0|0|11|11|11,none,0,0,True,,
widened_enumeration,r1|1|2|3|4_u3,5,3,1|1|2|3|4,2|2|3|4|5,11,16,4,0,none,True,True,False,False,False,False,computed_total_slot_anomaly_obstruction,11|16|5|3,0|0|11|11|11,none,0,0,True,,
widened_enumeration,r1|1|2|3|5_u0,5,0,1|1|2|3|5,2|2|3|4|6,12,17,4,0,none,True,True,False,False,True,False,computed_total_slot_anomaly_obstruction,12|17|5|0,0|0|12|12|12,none,0,0,True,,
widened_enumeration,r1|1|2|3|5_u1,5,1,1|1|2|3|5,2|2|3|4|6,12,17,4,0,none,True,True,False,False,True,False,computed_total_slot_anomaly_obstruction,12|17|5|1,0|0|12|12|12,none,0,0,True,,
widened_enumeration,r1|1|2|3|5_u2,5,2,1|1|2|3|5,2|2|3|4|6,12,17,4,0,none,True,True,False,False,True,False,computed_total_slot_anomaly_obstruction,12|17|5|2,0|0|12|12|12,none,0,0,True,,
widened_enumeration,r1|1|2|3|5_u3,5,3,1|1|2|3|5,2|2|3|4|6,12,17,4,0,none,True,True,False,False,True,False,computed_total_slot_anomaly_obstruction,12|17|5|3,0|0|12|12|12,none,0,0,True,,
widened_enumeration,r1|1|2|3|6_u0,5,0,1|1|2|3|6,2|2|3|4|7,13,18,4,0,none,True,True,False,False,False,False,computed_total_slot_anomaly_obstruction,13|18|5|0,0|0|13|13|13,none,0,0,True,,
widened_enumeration,r1|1|2|3|6_u1,5,1,1|1|2|3|6,2|2|3|4|7,13,18,4,0,none,True,True,False,False,False,False,computed_total_slot_anomaly_obstruction,13|18|5|1,0|0|13|13|13,none,0,0,True,,
widened_enumeration,r1|1|2|3|6_u2,5,2,1|1|2|3|6,2|2|3|4|7,13,18,4,0,none,True,True,False,False,False,False,computed_total_slot_anomaly_obstruction,13|18|5|2,0|0|13|13|13,none,0,0,True,,
widened_enumeration,r1|1|2|3|6_u3,5,3,1|1|2|3|6,2|2|3|4|7,13,18,4,0,none,True,True,False,False,False,False,computed_total_slot_anomaly_obstruction,13|18|5|3,0|0|13|13|13,none,0,0,True,,
widened_enumeration,r1|1|2|4|4_u0,5,0,1|1|2|4|4,2|2|3|5|5,12,17,4,0,none,True,True,False,False,True,False,computed_total_slot_anomaly_obstruction,12|17|5|0,0|0|12|12|12,none,0,0,True,,
widened_enumeration,r1|1|2|4|4_u1,5,1,1|1|2|4|4,2|2|3|5|5,12,17,4,0,none,True,True,False,False,True,False,computed_total_slot_anomaly_obstruction,12|17|5|1,0|0|12|12|12,none,0,0,True,,
widened_enumeration,r1|1|2|4|4_u2,5,2,1|1|2|4|4,2|2|3|5|5,12,17,4,0,none,True,True,False,False,True,False,computed_total_slot_anomaly_obstruction,12|17|5|2,0|0|12|12|12,none,0,0,True,,
widened_enumeration,r1|1|2|4|4_u3,5,3,1|1|2|4|4,2|2|3|5|5,12,17,4,0,none,True,True,False,False,True,False,computed_total_slot_anomaly_obstruction,12|17|5|3,0|0|12|12|12,none,0,0,True,,
widened_enumeration,r1|1|2|4|5_u0,5,0,1|1|2|4|5,2|2|3|5|6,13,18,4,0,none,True,True,False,False,False,False,computed_total_slot_anomaly_obstruction,13|18|5|0,0|0|13|13|13,none,0,0,True,,
widened_enumeration,r1|1|2|4|5_u1,5,1,1|1|2|4|5,2|2|3|5|6,13,18,4,0,none,True,True,False,False,False,False,computed_total_slot_anomaly_obstruction,13|18|5|1,0|0|13|13|13,none,0,0,True,,
widened_enumeration,r1|1|2|4|5_u2,5,2,1|1|2|4|5,2|2|3|5|6,13,18,4,0,none,True,True,False,False,False,False,computed_total_slot_anomaly_obstruction,13|18|5|2,0|0|13|13|13,none,0,0,True,,
widened_enumeration,r1|1|2|4|5_u3,5,3,1|1|2|4|5,2|2|3|5|6,13,18,4,0,none,True,True,False,False,False,False,computed_total_slot_anomaly_obstruction,13|18|5|3,0|0|13|13|13,none,0,0,True,,
widened_enumeration,r1|1|2|4|6_u0,5,0,1|1|2|4|6,2|2|3|5|7,14,19,4,0,none,True,True,False,False,True,False,computed_total_slot_anomaly_obstruction,14|19|5|0,0|0|14|14|14,none,0,0,True,,
widened_enumeration,r1|1|2|4|6_u1,5,1,1|1|2|4|6,2|2|3|5|7,14,19,4,0,none,True,True,False,False,True,False,computed_total_slot_anomaly_obstruction,14|19|5|1,0|0|14|14|14,none,0,0,True,,
widened_enumeration,r1|1|2|4|6_u2,5,2,1|1|2|4|6,2|2|3|5|7,14,19,4,0,none,True,True,False,False,True,False,computed_total_slot_anomaly_obstruction,14|19|5|2,0|0|14|14|14,none,0,0,True,,
widened_enumeration,r1|1|2|4|6_u3,5,3,1|1|2|4|6,2|2|3|5|7,14,19,4,0,none,True,True,False,False,True,False,computed_total_slot_anomaly_obstruction,14|19|5|3,0|0|14|14|14,none,0,0,True,,
widened_enumeration,r1|1|2|5|5_u0,5,0,1|1|2|5|5,2|2|3|6|6,14,19,4,0,none,True,True,False,False,True,False,computed_total_slot_anomaly_obstruction,14|19|5|0,0|0|14|14|14,none,0,0,True,,
widened_enumeration,r1|1|2|5|5_u1,5,1,1|1|2|5|5,2|2|3|6|6,14,19,4,0,none,True,True,False,False,True,False,computed_total_slot_anomaly_obstruction,14|19|5|1,0|0|14|14|14,none,0,0,True,,
widened_enumeration,r1|1|2|5|5_u2,5,2,1|1|2|5|5,2|2|3|6|6,14,19,4,0,none,True,True,False,False,True,False,computed_total_slot_anomaly_obstruction,14|19|5|2,0|0|14|14|14,none,0,0,True,,
widened_enumeration,r1|1|2|5|5_u3,5,3,1|1|2|5|5,2|2|3|6|6,14,19,4,0,none,True,True,False,False,True,False,computed_total_slot_anomaly_obstruction,14|19|5|3,0|0|14|14|14,none,0,0,True,,
widened_enumeration,r1|1|2|5|6_u0,5,0,1|1|2|5|6,2|2|3|6|7,15,20,4,0,none,True,True,False,False,False,False,computed_total_slot_anomaly_obstruction,15|20|5|0,0|0|15|15|15,none,0,0,True,,
widened_enumeration,r1|1|2|5|6_u1,5,1,1|1|2|5|6,2|2|3|6|7,15,20,4,0,none,True,True,False,False,False,False,computed_total_slot_anomaly_obstruction,15|20|5|1,0|0|15|15|15,none,0,0,True,,
widened_enumeration,r1|1|2|5|6_u2,5,2,1|1|2|5|6,2|2|3|6|7,15,20,4,0,none,True,True,False,False,False,False,computed_total_slot_anomaly_obstruction,15|20|5|2,0|0|15|15|15,none,0,0,True,,
widened_enumeration,r1|1|2|5|6_u3,5,3,1|1|2|5|6,2|2|3|6|7,15,20,4,0,none,True,True,False,False,False,False,computed_total_slot_anomaly_obstruction,15|20|5|3,0|0|15|15|15,none,0,0,True,,
widened_enumeration,r1|1|2|6|6_u0,5,0,1|1|2|6|6,2|2|3|7|7,16,21,4,0,none,True,True,False,False,True,False,computed_total_slot_anomaly_obstruction,16|21|5|0,0|0|16|16|16,none,0,0,True,,
widened_enumeration,r1|1|2|6|6_u1,5,1,1|1|2|6|6,2|2|3|7|7,16,21,4,0,none,True,True,False,False,True,False,computed_total_slot_anomaly_obstruction,16|21|5|1,0|0|16|16|16,none,0,0,True,,
widened_enumeration,r1|1|2|6|6_u2,5,2,1|1|2|6|6,2|2|3|7|7,16,21,4,0,none,True,True,False,False,True,False,computed_total_slot_anomaly_obstruction,16|21|5|2,0|0|16|16|16,none,0,0,True,,
widened_enumeration,r1|1|2|6|6_u3,5,3,1|1|2|6|6,2|2|3|7|7,16,21,4,0,none,True,True,False,False,True,False,computed_total_slot_anomaly_obstruction,16|21|5|3,0|0|16|16|16,none,0,0,True,,
widened_enumeration,r1|1|3|3|3_u0,5,0,1|1|3|3|3,2|2|4|4|4,11,16,4,0,none,True,True,False,False,False,False,computed_total_slot_anomaly_obstruction,11|16|5|0,0|0|11|11|11,none,0,0,True,,
widened_enumeration,r1|1|3|3|3_u1,5,1,1|1|3|3|3,2|2|4|4|4,11,16,4,0,none,True,True,False,False,False,False,computed_total_slot_anomaly_obstruction,11|16|5|1,0|0|11|11|11,none,0,0,True,,
widened_enumeration,r1|1|3|3|3_u2,5,2,1|1|3|3|3,2|2|4|4|4,11,16,4,0,none,True,True,False,False,False,False,computed_total_slot_anomaly_obstruction,11|16|5|2,0|0|11|11|11,none,0,0,True,,
widened_enumeration,r1|1|3|3|3_u3,5,3,1|1|3|3|3,2|2|4|4|4,11,16,4,0,none,True,True,False,False,False,False,computed_total_slot_anomaly_obstruction,11|16|5|3,0|0|11|11|11,none,0,0,True,,
widened_enumeration,r1|1|3|3|4_u0,5,0,1|1|3|3|4,2|2|4|4|5,12,17,4,0,none,True,True,False,False,True,False,computed_total_slot_anomaly_obstruction,12|17|5|0,0|0|12|12|12,none,0,0,True,,
widened_enumeration,r1|1|3|3|4_u1,5,1,1|1|3|3|4,2|2|4|4|5,12,17,4,0,none,True,True,False,False,True,False,computed_total_slot_anomaly_obstruction,12|17|5|1,0|0|12|12|12,none,0,0,True,,
widened_enumeration,r1|1|3|3|4_u2,5,2,1|1|3|3|4,2|2|4|4|5,12,17,4,0,none,True,True,False,False,True,False,computed_total_slot_anomaly_obstruction,12|17|5|2,0|0|12|12|12,none,0,0,True,,
widened_enumeration,r1|1|3|3|4_u3,5,3,1|1|3|3|4,2|2|4|4|5,12,17,4,0,none,True,True,False,False,True,False,computed_total_slot_anomaly_obstruction,12|17|5|3,0|0|12|12|12,none,0,0,True,,
widened_enumeration,r1|1|3|3|5_u0,5,0,1|1|3|3|5,2|2|4|4|6,13,18,4,0,none,True,True,False,False,False,False,computed_total_slot_anomaly_obstruction,13|18|5|0,0|0|13|13|13,none,0,0,True,,
widened_enumeration,r1|1|3|3|5_u1,5,1,1|1|3|3|5,2|2|4|4|6,13,18,4,0,none,True,True,False,False,False,False,computed_total_slot_anomaly_obstruction,13|18|5|1,0|0|13|13|13,none,0,0,True,,
widened_enumeration,r1|1|3|3|5_u2,5,2,1|1|3|3|5,2|2|4|4|6,13,18,4,0,none,True,True,False,False,False,False,computed_total_slot_anomaly_obstruction,13|18|5|2,0|0|13|13|13,none,0,0,True,,
widened_enumeration,r1|1|3|3|5_u3,5,3,1|1|3|3|5,2|2|4|4|6,13,18,4,0,none,True,True,False,False,False,False,computed_total_slot_anomaly_obstruction,13|18|5|3,0|0|13|13|13,none,0,0,True,,
widened_enumeration,r1|1|3|3|6_u0,5,0,1|1|3|3|6,2|2|4|4|7,14,19,4,0,none,True,True,False,False,True,False,computed_total_slot_anomaly_obstruction,14|19|5|0,0|0|14|14|14,none,0,0,True,,
widened_enumeration,r1|1|3|3|6_u1,5,1,1|1|3|3|6,2|2|4|4|7,14,19,4,0,none,True,True,False,False,True,False,computed_total_slot_anomaly_obstruction,14|19|5|1,0|0|14|14|14,none,0,0,True,,
widened_enumeration,r1|1|3|3|6_u2,5,2,1|1|3|3|6,2|2|4|4|7,14,19,4,0,none,True,True,False,False,True,False,computed_total_slot_anomaly_obstruction,14|19|5|2,0|0|14|14|14,none,0,0,True,,
widened_enumeration,r1|1|3|3|6_u3,5,3,1|1|3|3|6,2|2|4|4|7,14,19,4,0,none,True,True,False,False,True,False,computed_total_slot_anomaly_obstruction,14|19|5|3,0|0|14|14|14,none,0,0,True,,
widened_enumeration,r1|1|3|4|4_u0,5,0,1|1|3|4|4,2|2|4|5|5,13,18,4,0,none,True,True,False,False,False,False,computed_total_slot_anomaly_obstruction,13|18|5|0,0|0|13|13|13,none,0,0,True,,
widened_enumeration,r1|1|3|4|4_u1,5,1,1|1|3|4|4,2|2|4|5|5,13,18,4,0,none,True,True,False,False,False,False,computed_total_slot_anomaly_obstruction,13|18|5|1,0|0|13|13|13,none,0,0,True,,
widened_enumeration,r1|1|3|4|4_u2,5,2,1|1|3|4|4,2|2|4|5|5,13,18,4,0,none,True,True,False,False,False,False,computed_total_slot_anomaly_obstruction,13|18|5|2,0|0|13|13|13,none,0,0,True,,
widened_enumeration,r1|1|3|4|4_u3,5,3,1|1|3|4|4,2|2|4|5|5,13,18,4,0,none,True,True,False,False,False,False,computed_total_slot_anomaly_obstruction,13|18|5|3,0|0|13|13|13,none,0,0,True,,
widened_enumeration,r1|1|3|4|5_u0,5,0,1|1|3|4|5,2|2|4|5|6,14,19,4,0,none,True,True,False,False,True,False,computed_total_slot_anomaly_obstruction,14|19|5|0,0|0|14|14|14,none,0,0,True,,
widened_enumeration,r1|1|3|4|5_u1,5,1,1|1|3|4|5,2|2|4|5|6,14,19,4,0,none,True,True,False,False,True,False,computed_total_slot_anomaly_obstruction,14|19|5|1,0|0|14|14|14,none,0,0,True,,
widened_enumeration,r1|1|3|4|5_u2,5,2,1|1|3|4|5,2|2|4|5|6,14,19,4,0,none,True,True,False,False,True,False,computed_total_slot_anomaly_obstruction,14|19|5|2,0|0|14|14|14,none,0,0,True,,
widened_enumeration,r1|1|3|4|5_u3,5,3,1|1|3|4|5,2|2|4|5|6,14,19,4,0,none,True,True,False,False,True,False,computed_total_slot_anomaly_obstruction,14|19|5|3,0|0|14|14|14,none,0,0,True,,
widened_enumeration,r1|1|3|4|6_u0,5,0,1|1|3|4|6,2|2|4|5|7,15,20,4,0,none,True,True,False,False,False,False,computed_total_slot_anomaly_obstruction,15|20|5|0,0|0|15|15|15,none,0,0,True,,
widened_enumeration,r1|1|3|4|6_u1,5,1,1|1|3|4|6,2|2|4|5|7,15,20,4,0,none,True,True,False,False,False,False,computed_total_slot_anomaly_obstruction,15|20|5|1,0|0|15|15|15,none,0,0,True,,
widened_enumeration,r1|1|3|4|6_u2,5,2,1|1|3|4|6,2|2|4|5|7,15,20,4,0,none,True,True,False,False,False,False,computed_total_slot_anomaly_obstruction,15|20|5|2,0|0|15|15|15,none,0,0,True,,
widened_enumeration,r1|1|3|4|6_u3,5,3,1|1|3|4|6,2|2|4|5|7,15,20,4,0,none,True,True,False,False,False,False,computed_total_slot_anomaly_obstruction,15|20|5|3,0|0|15|15|15,none,0,0,True,,
widened_enumeration,r1|1|3|5|5_u0,5,0,1|1|3|5|5,2|2|4|6|6,15,20,4,0,none,True,True,False,False,False,False,computed_total_slot_anomaly_obstruction,15|20|5|0,0|0|15|15|15,none,0,0,True,,
widened_enumeration,r1|1|3|5|5_u1,5,1,1|1|3|5|5,2|2|4|6|6,15,20,4,0,none,True,True,False,False,False,False,computed_total_slot_anomaly_obstruction,15|20|5|1,0|0|15|15|15,none,0,0,True,,
widened_enumeration,r1|1|3|5|5_u2,5,2,1|1|3|5|5,2|2|4|6|6,15,20,4,0,none,True,True,False,False,False,False,computed_total_slot_anomaly_obstruction,15|20|5|2,0|0|15|15|15,none,0,0,True,,
widened_enumeration,r1|1|3|5|5_u3,5,3,1|1|3|5|5,2|2|4|6|6,15,20,4,0,none,True,True,False,False,False,False,computed_total_slot_anomaly_obstruction,15|20|5|3,0|0|15|15|15,none,0,0,True,,
widened_enumeration,r1|1|3|5|6_u0,5,0,1|1|3|5|6,2|2|4|6|7,16,21,4,0,none,True,True,False,False,True,False,computed_total_slot_anomaly_obstruction,16|21|5|0,0|0|16|16|16,none,0,0,True,,
widened_enumeration,r1|1|3|5|6_u1,5,1,1|1|3|5|6,2|2|4|6|7,16,21,4,0,none,True,True,False,False,True,False,computed_total_slot_anomaly_obstruction,16|21|5|1,0|0|16|16|16,none,0,0,True,,
widened_enumeration,r1|1|3|5|6_u2,5,2,1|1|3|5|6,2|2|4|6|7,16,21,4,0,none,True,True,False,False,True,False,computed_total_slot_anomaly_obstruction,16|21|5|2,0|0|16|16|16,none,0,0,True,,
widened_enumeration,r1|1|3|5|6_u3,5,3,1|1|3|5|6,2|2|4|6|7,16,21,4,0,none,True,True,False,False,True,False,computed_total_slot_anomaly_obstruction,16|21|5|3,0|0|16|16|16,none,0,0,True,,
widened_enumeration,r1|1|3|6|6_u0,5,0,1|1|3|6|6,2|2|4|7|7,17,22,4,0,none,True,True,False,False,False,False,computed_total_slot_anomaly_obstruction,17|22|5|0,0|0|17|17|17,none,0,0,True,,
widened_enumeration,r1|1|3|6|6_u1,5,1,1|1|3|6|6,2|2|4|7|7,17,22,4,0,none,True,True,False,False,False,False,computed_total_slot_anomaly_obstruction,17|22|5|1,0|0|17|17|17,none,0,0,True,,
widened_enumeration,r1|1|3|6|6_u2,5,2,1|1|3|6|6,2|2|4|7|7,17,22,4,0,none,True,True,False,False,False,False,computed_total_slot_anomaly_obstruction,17|22|5|2,0|0|17|17|17,none,0,0,True,,
widened_enumeration,r1|1|3|6|6_u3,5,3,1|1|3|6|6,2|2|4|7|7,17,22,4,0,none,True,True,False,False,False,False,computed_total_slot_anomaly_obstruction,17|22|5|3,0|0|17|17|17,none,0,0,True,,
widened_enumeration,r1|1|4|4|4_u0,5,0,1|1|4|4|4,2|2|5|5|5,14,19,4,0,none,True,True,False,False,True,False,computed_total_slot_anomaly_obstruction,14|19|5|0,0|0|14|14|14,none,0,0,True,,
widened_enumeration,r1|1|4|4|4_u1,5,1,1|1|4|4|4,2|2|5|5|5,14,19,4,0,none,True,True,False,False,True,False,computed_total_slot_anomaly_obstruction,14|19|5|1,0|0|14|14|14,none,0,0,True,,
widened_enumeration,r1|1|4|4|4_u2,5,2,1|1|4|4|4,2|2|5|5|5,14,19,4,0,none,True,True,False,False,True,False,computed_total_slot_anomaly_obstruction,14|19|5|2,0|0|14|14|14,none,0,0,True,,
widened_enumeration,r1|1|4|4|4_u3,5,3,1|1|4|4|4,2|2|5|5|5,14,19,4,0,none,True,True,False,False,True,False,computed_total_slot_anomaly_obstruction,14|19|5|3,0|0|14|14|14,none,0,0,True,,
widened_enumeration,r1|1|4|4|5_u0,5,0,1|1|4|4|5,2|2|5|5|6,15,20,4,0,none,True,True,False,False,False,False,computed_total_slot_anomaly_obstruction,15|20|5|0,0|0|15|15|15,none,0,0,True,,
widened_enumeration,r1|1|4|4|5_u1,5,1,1|1|4|4|5,2|2|5|5|6,15,20,4,0,none,True,True,False,False,False,False,computed_total_slot_anomaly_obstruction,15|20|5|1,0|0|15|15|15,none,0,0,True,,
widened_enumeration,r1|1|4|4|5_u2,5,2,1|1|4|4|5,2|2|5|5|6,15,20,4,0,none,True,True,False,False,False,False,computed_total_slot_anomaly_obstruction,15|20|5|2,0|0|15|15|15,none,0,0,True,,
widened_enumeration,r1|1|4|4|5_u3,5,3,1|1|4|4|5,2|2|5|5|6,15,20,4,0,none,True,True,False,False,False,False,computed_total_slot_anomaly_obstruction,15|20|5|3,0|0|15|15|15,none,0,0,True,,
widened_enumeration,r1|1|4|4|6_u0,5,0,1|1|4|4|6,2|2|5|5|7,16,21,4,0,none,True,True,False,False,True,False,computed_total_slot_anomaly_obstruction,16|21|5|0,0|0|16|16|16,none,0,0,True,,
widened_enumeration,r1|1|4|4|6_u1,5,1,1|1|4|4|6,2|2|5|5|7,16,21,4,0,none,True,True,False,False,True,False,computed_total_slot_anomaly_obstruction,16|21|5|1,0|0|16|16|16,none,0,0,True,,
widened_enumeration,r1|1|4|4|6_u2,5,2,1|1|4|4|6,2|2|5|5|7,16,21,4,0,none,True,True,False,False,True,False,computed_total_slot_anomaly_obstruction,16|21|5|2,0|0|16|16|16,none,0,0,True,,
widened_enumeration,r1|1|4|4|6_u3,5,3,1|1|4|4|6,2|2|5|5|7,16,21,4,0,none,True,True,False,False,True,False,computed_total_slot_anomaly_obstruction,16|21|5|3,0|0|16|16|16,none,0,0,True,,
widened_enumeration,r1|1|4|5|5_u0,5,0,1|1|4|5|5,2|2|5|6|6,16,21,4,0,none,True,True,False,False,True,False,computed_total_slot_anomaly_obstruction,16|21|5|0,0|0|16|16|16,none,0,0,True,,
widened_enumeration,r1|1|4|5|5_u1,5,1,1|1|4|5|5,2|2|5|6|6,16,21,4,0,none,True,True,False,False,True,False,computed_total_slot_anomaly_obstruction,16|21|5|1,0|0|16|16|16,none,0,0,True,,
widened_enumeration,r1|1|4|5|5_u2,5,2,1|1|4|5|5,2|2|5|6|6,16,21,4,0,none,True,True,False,False,True,False,computed_total_slot_anomaly_obstruction,16|21|5|2,0|0|16|16|16,none,0,0,True,,
widened_enumeration,r1|1|4|5|5_u3,5,3,1|1|4|5|5,2|2|5|6|6,16,21,4,0,none,True,True,False,False,True,False,computed_total_slot_anomaly_obstruction,16|21|5|3,0|0|16|16|16,none,0,0,True,,
widened_enumeration,r1|1|4|5|6_u0,5,0,1|1|4|5|6,2|2|5|6|7,17,22,4,0,none,True,True,False,False,False,False,computed_total_slot_anomaly_obstruction,17|22|5|0,0|0|17|17|17,none,0,0,True,,
widened_enumeration,r1|1|4|5|6_u1,5,1,1|1|4|5|6,2|2|5|6|7,17,22,4,0,none,True,True,False,False,False,False,computed_total_slot_anomaly_obstruction,17|22|5|1,0|0|17|17|17,none,0,0,True,,
widened_enumeration,r1|1|4|5|6_u2,5,2,1|1|4|5|6,2|2|5|6|7,17,22,4,0,none,True,True,False,False,False,False,computed_total_slot_anomaly_obstruction,17|22|5|2,0|0|17|17|17,none,0,0,True,,
widened_enumeration,r1|1|4|5|6_u3,5,3,1|1|4|5|6,2|2|5|6|7,17,22,4,0,none,True,True,False,False,False,False,computed_total_slot_anomaly_obstruction,17|22|5|3,0|0|17|17|17,none,0,0,True,,
widened_enumeration,r1|1|4|6|6_u0,5,0,1|1|4|6|6,2|2|5|7|7,18,23,4,0,none,True,True,False,False,True,False,computed_total_slot_anomaly_obstruction,18|23|5|0,0|0|18|18|18,none,0,0,True,,
widened_enumeration,r1|1|4|6|6_u1,5,1,1|1|4|6|6,2|2|5|7|7,18,23,4,0,none,True,True,False,False,True,False,computed_total_slot_anomaly_obstruction,18|23|5|1,0|0|18|18|18,none,0,0,True,,
widened_enumeration,r1|1|4|6|6_u2,5,2,1|1|4|6|6,2|2|5|7|7,18,23,4,0,none,True,True,False,False,True,False,computed_total_slot_anomaly_obstruction,18|23|5|2,0|0|18|18|18,none,0,0,True,,
widened_enumeration,r1|1|4|6|6_u3,5,3,1|1|4|6|6,2|2|5|7|7,18,23,4,0,none,True,True,False,False,True,False,computed_total_slot_anomaly_obstruction,18|23|5|3,0|0|18|18|18,none,0,0,True,,
widened_enumeration,r1|1|5|5|5_u0,5,0,1|1|5|5|5,2|2|6|6|6,17,22,4,0,none,True,True,False,False,False,False,computed_total_slot_anomaly_obstruction,17|22|5|0,0|0|17|17|17,none,0,0,True,,
widened_enumeration,r1|1|5|5|5_u1,5,1,1|1|5|5|5,2|2|6|6|6,17,22,4,0,none,True,True,False,False,False,False,computed_total_slot_anomaly_obstruction,17|22|5|1,0|0|17|17|17,none,0,0,True,,
widened_enumeration,r1|1|5|5|5_u2,5,2,1|1|5|5|5,2|2|6|6|6,17,22,4,0,none,True,True,False,False,False,False,computed_total_slot_anomaly_obstruction,17|22|5|2,0|0|17|17|17,none,0,0,True,,
widened_enumeration,r1|1|5|5|5_u3,5,3,1|1|5|5|5,2|2|6|6|6,17,22,4,0,none,True,True,False,False,False,False,computed_total_slot_anomaly_obstruction,17|22|5|3,0|0|17|17|17,none,0,0,True,,
widened_enumeration,r1|1|5|5|6_u0,5,0,1|1|5|5|6,2|2|6|6|7,18,23,4,0,none,True,True,False,False,True,False,computed_total_slot_anomaly_obstruction,18|23|5|0,0|0|18|18|18,none,0,0,True,,
widened_enumeration,r1|1|5|5|6_u1,5,1,1|1|5|5|6,2|2|6|6|7,18,23,4,0,none,True,True,False,False,True,False,computed_total_slot_anomaly_obstruction,18|23|5|1,0|0|18|18|18,none,0,0,True,,
widened_enumeration,r1|1|5|5|6_u2,5,2,1|1|5|5|6,2|2|6|6|7,18,23,4,0,none,True,True,False,False,True,False,computed_total_slot_anomaly_obstruction,18|23|5|2,0|0|18|18|18,none,0,0,True,,
widened_enumeration,r1|1|5|5|6_u3,5,3,1|1|5|5|6,2|2|6|6|7,18,23,4,0,none,True,True,False,False,True,False,computed_total_slot_anomaly_obstruction,18|23|5|3,0|0|18|18|18,none,0,0,True,,
widened_enumeration,r1|1|5|6|6_u0,5,0,1|1|5|6|6,2|2|6|7|7,19,24,4,0,none,True,True,False,False,False,False,computed_total_slot_anomaly_obstruction,19|24|5|0,0|0|19|19|19,none,0,0,True,,
widened_enumeration,r1|1|5|6|6_u1,5,1,1|1|5|6|6,2|2|6|7|7,19,24,4,0,none,True,True,False,False,False,False,computed_total_slot_anomaly_obstruction,19|24|5|1,0|0|19|19|19,none,0,0,True,,
widened_enumeration,r1|1|5|6|6_u2,5,2,1|1|5|6|6,2|2|6|7|7,19,24,4,0,none,True,True,False,False,False,False,computed_total_slot_anomaly_obstruction,19|24|5|2,0|0|19|19|19,none,0,0,True,,
widened_enumeration,r1|1|5|6|6_u3,5,3,1|1|5|6|6,2|2|6|7|7,19,24,4,0,none,True,True,False,False,False,False,computed_total_slot_anomaly_obstruction,19|24|5|3,0|0|19|19|19,none,0,0,True,,
widened_enumeration,r1|1|6|6|6_u0,5,0,1|1|6|6|6,2|2|7|7|7,20,25,4,0,none,True,True,False,False,True,False,computed_total_slot_anomaly_obstruction,20|25|5|0,0|0|20|20|20,none,0,0,True,,
widened_enumeration,r1|1|6|6|6_u1,5,1,1|1|6|6|6,2|2|7|7|7,20,25,4,0,none,True,True,False,False,True,False,computed_total_slot_anomaly_obstruction,20|25|5|1,0|0|20|20|20,none,0,0,True,,
widened_enumeration,r1|1|6|6|6_u2,5,2,1|1|6|6|6,2|2|7|7|7,20,25,4,0,none,True,True,False,False,True,False,computed_total_slot_anomaly_obstruction,20|25|5|2,0|0|20|20|20,none,0,0,True,,
widened_enumeration,r1|1|6|6|6_u3,5,3,1|1|6|6|6,2|2|7|7|7,20,25,4,0,none,True,True,False,False,True,False,computed_total_slot_anomaly_obstruction,20|25|5|3,0|0|20|20|20,none,0,0,True,,
widened_enumeration,r1|2|2|2|2_u0,5,0,1|2|2|2|2,2|3|3|3|3,9,14,4,0,none,True,True,False,False,False,False,computed_total_slot_anomaly_obstruction,9|14|5|0,0|9|9|9|9,none,0,0,True,,
widened_enumeration,r1|2|2|2|2_u1,5,1,1|2|2|2|2,2|3|3|3|3,9,14,4,0,none,True,True,False,False,False,False,computed_total_slot_anomaly_obstruction,9|14|5|1,0|9|9|9|9,none,0,0,True,,
widened_enumeration,r1|2|2|2|2_u2,5,2,1|2|2|2|2,2|3|3|3|3,9,14,4,0,none,True,True,False,False,False,False,computed_total_slot_anomaly_obstruction,9|14|5|2,0|9|9|9|9,none,0,0,True,,
widened_enumeration,r1|2|2|2|2_u3,5,3,1|2|2|2|2,2|3|3|3|3,9,14,4,0,none,True,True,False,False,False,False,computed_total_slot_anomaly_obstruction,9|14|5|3,0|9|9|9|9,none,0,0,True,,
widened_enumeration,r1|2|2|2|3_u0,5,0,1|2|2|2|3,2|3|3|3|4,10,15,4,0,none,True,True,False,False,True,False,computed_total_slot_anomaly_obstruction,10|15|5|0,0|10|10|10|10,none,0,0,True,,
widened_enumeration,r1|2|2|2|3_u1,5,1,1|2|2|2|3,2|3|3|3|4,10,15,4,0,none,True,True,False,False,True,False,computed_total_slot_anomaly_obstruction,10|15|5|1,0|10|10|10|10,none,0,0,True,,
widened_enumeration,r1|2|2|2|3_u2,5,2,1|2|2|2|3,2|3|3|3|4,10,15,4,0,none,True,True,False,False,True,False,computed_total_slot_anomaly_obstruction,10|15|5|2,0|10|10|10|10,none,0,0,True,,
widened_enumeration,r1|2|2|2|3_u3,5,3,1|2|2|2|3,2|3|3|3|4,10,15,4,0,none,True,True,False,False,True,False,computed_total_slot_anomaly_obstruction,10|15|5|3,0|10|10|10|10,none,0,0,True,,
widened_enumeration,r1|2|2|2|4_u0,5,0,1|2|2|2|4,2|3|3|3|5,11,16,4,0,none,True,True,False,False,False,False,computed_total_slot_anomaly_obstruction,11|16|5|0,0|11|11|11|11,none,0,0,True,,
widened_enumeration,r1|2|2|2|4_u1,5,1,1|2|2|2|4,2|3|3|3|5,11,16,4,0,none,True,True,False,False,False,False,computed_total_slot_anomaly_obstruction,11|16|5|1,0|11|11|11|11,none,0,0,True,,
widened_enumeration,r1|2|2|2|4_u2,5,2,1|2|2|2|4,2|3|3|3|5,11,16,4,0,none,True,True,False,False,False,False,computed_total_slot_anomaly_obstruction,11|16|5|2,0|11|11|11|11,none,0,0,True,,
widened_enumeration,r1|2|2|2|4_u3,5,3,1|2|2|2|4,2|3|3|3|5,11,16,4,0,none,True,True,False,False,False,False,computed_total_slot_anomaly_obstruction,11|16|5|3,0|11|11|11|11,none,0,0,True,,
widened_enumeration,r1|2|2|2|5_u0,5,0,1|2|2|2|5,2|3|3|3|6,12,17,4,0,none,True,True,False,False,True,False,computed_total_slot_anomaly_obstruction,12|17|5|0,0|12|12|12|12,none,0,0,True,,
widened_enumeration,r1|2|2|2|5_u1,5,1,1|2|2|2|5,2|3|3|3|6,12,17,4,0,none,True,True,False,False,True,False,computed_total_slot_anomaly_obstruction,12|17|5|1,0|12|12|12|12,none,0,0,True,,
widened_enumeration,r1|2|2|2|5_u2,5,2,1|2|2|2|5,2|3|3|3|6,12,17,4,0,none,True,True,False,False,True,False,computed_total_slot_anomaly_obstruction,12|17|5|2,0|12|12|12|12,none,0,0,True,,
widened_enumeration,r1|2|2|2|5_u3,5,3,1|2|2|2|5,2|3|3|3|6,12,17,4,0,none,True,True,False,False,True,False,computed_total_slot_anomaly_obstruction,12|17|5|3,0|12|12|12|12,none,0,0,True,,
widened_enumeration,r1|2|2|2|6_u0,5,0,1|2|2|2|6,2|3|3|3|7,13,18,4,0,none,True,True,False,False,False,False,computed_total_slot_anomaly_obstruction,13|18|5|0,0|13|13|13|13,none,0,0,True,,
widened_enumeration,r1|2|2|2|6_u1,5,1,1|2|2|2|6,2|3|3|3|7,13,18,4,0,none,True,True,False,False,False,False,computed_total_slot_anomaly_obstruction,13|18|5|1,0|13|13|13|13,none,0,0,True,,
widened_enumeration,r1|2|2|2|6_u2,5,2,1|2|2|2|6,2|3|3|3|7,13,18,4,0,none,True,True,False,False,False,False,computed_total_slot_anomaly_obstruction,13|18|5|2,0|13|13|13|13,none,0,0,True,,
widened_enumeration,r1|2|2|2|6_u3,5,3,1|2|2|2|6,2|3|3|3|7,13,18,4,0,none,True,True,False,False,False,False,computed_total_slot_anomaly_obstruction,13|18|5|3,0|13|13|13|13,none,0,0,True,,
widened_enumeration,r1|2|2|3|3_u0,5,0,1|2|2|3|3,2|3|3|4|4,11,16,4,0,none,True,True,False,False,False,False,computed_total_slot_anomaly_obstruction,11|16|5|0,0|11|11|11|11,none,0,0,True,,
widened_enumeration,r1|2|2|3|3_u1,5,1,1|2|2|3|3,2|3|3|4|4,11,16,4,0,none,True,True,False,False,False,False,computed_total_slot_anomaly_obstruction,11|16|5|1,0|11|11|11|11,none,0,0,True,,
widened_enumeration,r1|2|2|3|3_u2,5,2,1|2|2|3|3,2|3|3|4|4,11,16,4,0,none,True,True,False,False,False,False,computed_total_slot_anomaly_obstruction,11|16|5|2,0|11|11|11|11,none,0,0,True,,
widened_enumeration,r1|2|2|3|3_u3,5,3,1|2|2|3|3,2|3|3|4|4,11,16,4,0,none,True,True,False,False,False,False,computed_total_slot_anomaly_obstruction,11|16|5|3,0|11|11|11|11,none,0,0,True,,
widened_enumeration,r1|2|2|3|4_u0,5,0,1|2|2|3|4,2|3|3|4|5,12,17,4,0,none,True,True,False,False,True,False,computed_total_slot_anomaly_obstruction,12|17|5|0,0|12|12|12|12,none,0,0,True,,
widened_enumeration,r1|2|2|3|4_u1,5,1,1|2|2|3|4,2|3|3|4|5,12,17,4,0,none,True,True,False,False,True,False,computed_total_slot_anomaly_obstruction,12|17|5|1,0|12|12|12|12,none,0,0,True,,
widened_enumeration,r1|2|2|3|4_u2,5,2,1|2|2|3|4,2|3|3|4|5,12,17,4,0,none,True,True,False,False,True,False,computed_total_slot_anomaly_obstruction,12|17|5|2,0|12|12|12|12,none,0,0,True,,
widened_enumeration,r1|2|2|3|4_u3,5,3,1|2|2|3|4,2|3|3|4|5,12,17,4,0,none,True,True,False,False,True,False,computed_total_slot_anomaly_obstruction,12|17|5|3,0|12|12|12|12,none,0,0,True,,
widened_enumeration,r1|2|2|3|5_u0,5,0,1|2|2|3|5,2|3|3|4|6,13,18,4,0,none,True,True,False,False,False,False,computed_total_slot_anomaly_obstruction,13|18|5|0,0|13|13|13|13,none,0,0,True,,
widened_enumeration,r1|2|2|3|5_u1,5,1,1|2|2|3|5,2|3|3|4|6,13,18,4,0,none,True,True,False,False,False,False,computed_total_slot_anomaly_obstruction,13|18|5|1,0|13|13|13|13,none,0,0,True,,
widened_enumeration,r1|2|2|3|5_u2,5,2,1|2|2|3|5,2|3|3|4|6,13,18,4,0,none,True,True,False,False,False,False,computed_total_slot_anomaly_obstruction,13|18|5|2,0|13|13|13|13,none,0,0,True,,
widened_enumeration,r1|2|2|3|5_u3,5,3,1|2|2|3|5,2|3|3|4|6,13,18,4,0,none,True,True,False,False,False,False,computed_total_slot_anomaly_obstruction,13|18|5|3,0|13|13|13|13,none,0,0,True,,
widened_enumeration,r1|2|2|3|6_u0,5,0,1|2|2|3|6,2|3|3|4|7,14,19,4,0,none,True,True,False,False,True,False,computed_total_slot_anomaly_obstruction,14|19|5|0,0|14|14|14|14,none,0,0,True,,
widened_enumeration,r1|2|2|3|6_u1,5,1,1|2|2|3|6,2|3|3|4|7,14,19,4,0,none,True,True,False,False,True,False,computed_total_slot_anomaly_obstruction,14|19|5|1,0|14|14|14|14,none,0,0,True,,
widened_enumeration,r1|2|2|3|6_u2,5,2,1|2|2|3|6,2|3|3|4|7,14,19,4,0,none,True,True,False,False,True,False,computed_total_slot_anomaly_obstruction,14|19|5|2,0|14|14|14|14,none,0,0,True,,
widened_enumeration,r1|2|2|3|6_u3,5,3,1|2|2|3|6,2|3|3|4|7,14,19,4,0,none,True,True,False,False,True,False,computed_total_slot_anomaly_obstruction,14|19|5|3,0|14|14|14|14,none,0,0,True,,
widened_enumeration,r1|2|2|4|4_u0,5,0,1|2|2|4|4,2|3|3|5|5,13,18,4,0,none,True,True,False,False,False,False,computed_total_slot_anomaly_obstruction,13|18|5|0,0|13|13|13|13,none,0,0,True,,
widened_enumeration,r1|2|2|4|4_u1,5,1,1|2|2|4|4,2|3|3|5|5,13,18,4,0,none,True,True,False,False,False,False,computed_total_slot_anomaly_obstruction,13|18|5|1,0|13|13|13|13,none,0,0,True,,
widened_enumeration,r1|2|2|4|4_u2,5,2,1|2|2|4|4,2|3|3|5|5,13,18,4,0,none,True,True,False,False,False,False,computed_total_slot_anomaly_obstruction,13|18|5|2,0|13|13|13|13,none,0,0,True,,
widened_enumeration,r1|2|2|4|4_u3,5,3,1|2|2|4|4,2|3|3|5|5,13,18,4,0,none,True,True,False,False,False,False,computed_total_slot_anomaly_obstruction,13|18|5|3,0|13|13|13|13,none,0,0,True,,
widened_enumeration,r1|2|2|4|5_u0,5,0,1|2|2|4|5,2|3|3|5|6,14,19,4,0,none,True,True,False,False,True,False,computed_total_slot_anomaly_obstruction,14|19|5|0,0|14|14|14|14,none,0,0,True,,
widened_enumeration,r1|2|2|4|5_u1,5,1,1|2|2|4|5,2|3|3|5|6,14,19,4,0,none,True,True,False,False,True,False,computed_total_slot_anomaly_obstruction,14|19|5|1,0|14|14|14|14,none,0,0,True,,
widened_enumeration,r1|2|2|4|5_u2,5,2,1|2|2|4|5,2|3|3|5|6,14,19,4,0,none,True,True,False,False,True,False,computed_total_slot_anomaly_obstruction,14|19|5|2,0|14|14|14|14,none,0,0,True,,
widened_enumeration,r1|2|2|4|5_u3,5,3,1|2|2|4|5,2|3|3|5|6,14,19,4,0,none,True,True,False,False,True,False,computed_total_slot_anomaly_obstruction,14|19|5|3,0|14|14|14|14,none,0,0,True,,
widened_enumeration,r1|2|2|4|6_u0,5,0,1|2|2|4|6,2|3|3|5|7,15,20,4,0,none,True,True,False,False,False,False,computed_total_slot_anomaly_obstruction,15|20|5|0,0|15|15|15|15,none,0,0,True,,
widened_enumeration,r1|2|2|4|6_u1,5,1,1|2|2|4|6,2|3|3|5|7,15,20,4,0,none,True,True,False,False,False,False,computed_total_slot_anomaly_obstruction,15|20|5|1,0|15|15|15|15,none,0,0,True,,
widened_enumeration,r1|2|2|4|6_u2,5,2,1|2|2|4|6,2|3|3|5|7,15,20,4,0,none,True,True,False,False,False,False,computed_total_slot_anomaly_obstruction,15|20|5|2,0|15|15|15|15,none,0,0,True,,
widened_enumeration,r1|2|2|4|6_u3,5,3,1|2|2|4|6,2|3|3|5|7,15,20,4,0,none,True,True,False,False,False,False,computed_total_slot_anomaly_obstruction,15|20|5|3,0|15|15|15|15,none,0,0,True,,
widened_enumeration,r1|2|2|5|5_u0,5,0,1|2|2|5|5,2|3|3|6|6,15,20,4,0,none,True,True,False,False,False,False,computed_total_slot_anomaly_obstruction,15|20|5|0,0|15|15|15|15,none,0,0,True,,
widened_enumeration,r1|2|2|5|5_u1,5,1,1|2|2|5|5,2|3|3|6|6,15,20,4,0,none,True,True,False,False,False,False,computed_total_slot_anomaly_obstruction,15|20|5|1,0|15|15|15|15,none,0,0,True,,
widened_enumeration,r1|2|2|5|5_u2,5,2,1|2|2|5|5,2|3|3|6|6,15,20,4,0,none,True,True,False,False,False,False,computed_total_slot_anomaly_obstruction,15|20|5|2,0|15|15|15|15,none,0,0,True,,
widened_enumeration,r1|2|2|5|5_u3,5,3,1|2|2|5|5,2|3|3|6|6,15,20,4,0,none,True,True,False,False,False,False,computed_total_slot_anomaly_obstruction,15|20|5|3,0|15|15|15|15,none,0,0,True,,
widened_enumeration,r1|2|2|5|6_u0,5,0,1|2|2|5|6,2|3|3|6|7,16,21,4,0,none,True,True,False,False,True,False,computed_total_slot_anomaly_obstruction,16|21|5|0,0|16|16|16|16,none,0,0,True,,
widened_enumeration,r1|2|2|5|6_u1,5,1,1|2|2|5|6,2|3|3|6|7,16,21,4,0,none,True,True,False,False,True,False,computed_total_slot_anomaly_obstruction,16|21|5|1,0|16|16|16|16,none,0,0,True,,
widened_enumeration,r1|2|2|5|6_u2,5,2,1|2|2|5|6,2|3|3|6|7,16,21,4,0,none,True,True,False,False,True,False,computed_total_slot_anomaly_obstruction,16|21|5|2,0|16|16|16|16,none,0,0,True,,
widened_enumeration,r1|2|2|5|6_u3,5,3,1|2|2|5|6,2|3|3|6|7,16,21,4,0,none,True,True,False,False,True,False,computed_total_slot_anomaly_obstruction,16|21|5|3,0|16|16|16|16,none,0,0,True,,
widened_enumeration,r1|2|2|6|6_u0,5,0,1|2|2|6|6,2|3|3|7|7,17,22,4,0,none,True,True,False,False,False,False,computed_total_slot_anomaly_obstruction,17|22|5|0,0|17|17|17|17,none,0,0,True,,
widened_enumeration,r1|2|2|6|6_u1,5,1,1|2|2|6|6,2|3|3|7|7,17,22,4,0,none,True,True,False,False,False,False,computed_total_slot_anomaly_obstruction,17|22|5|1,0|17|17|17|17,none,0,0,True,,
widened_enumeration,r1|2|2|6|6_u2,5,2,1|2|2|6|6,2|3|3|7|7,17,22,4,0,none,True,True,False,False,False,False,computed_total_slot_anomaly_obstruction,17|22|5|2,0|17|17|17|17,none,0,0,True,,
widened_enumeration,r1|2|2|6|6_u3,5,3,1|2|2|6|6,2|3|3|7|7,17,22,4,0,none,True,True,False,False,False,False,computed_total_slot_anomaly_obstruction,17|22|5|3,0|17|17|17|17,none,0,0,True,,
widened_enumeration,r1|2|3|3|3_u0,5,0,1|2|3|3|3,2|3|4|4|4,12,17,4,0,none,True,True,False,False,True,False,computed_total_slot_anomaly_obstruction,12|17|5|0,0|12|12|12|12,none,0,0,True,,
widened_enumeration,r1|2|3|3|3_u1,5,1,1|2|3|3|3,2|3|4|4|4,12,17,4,0,none,True,True,False,False,True,False,computed_total_slot_anomaly_obstruction,12|17|5|1,0|12|12|12|12,none,0,0,True,,
widened_enumeration,r1|2|3|3|3_u2,5,2,1|2|3|3|3,2|3|4|4|4,12,17,4,0,none,True,True,False,False,True,False,computed_total_slot_anomaly_obstruction,12|17|5|2,0|12|12|12|12,none,0,0,True,,
widened_enumeration,r1|2|3|3|3_u3,5,3,1|2|3|3|3,2|3|4|4|4,12,17,4,0,none,True,True,False,False,True,False,computed_total_slot_anomaly_obstruction,12|17|5|3,0|12|12|12|12,none,0,0,True,,
widened_enumeration,r1|2|3|3|4_u0,5,0,1|2|3|3|4,2|3|4|4|5,13,18,4,0,none,True,True,False,False,False,False,computed_total_slot_anomaly_obstruction,13|18|5|0,0|13|13|13|13,none,0,0,True,,
widened_enumeration,r1|2|3|3|4_u1,5,1,1|2|3|3|4,2|3|4|4|5,13,18,4,0,none,True,True,False,False,False,False,computed_total_slot_anomaly_obstruction,13|18|5|1,0|13|13|13|13,none,0,0,True,,
widened_enumeration,r1|2|3|3|4_u2,5,2,1|2|3|3|4,2|3|4|4|5,13,18,4,0,none,True,True,False,False,False,False,computed_total_slot_anomaly_obstruction,13|18|5|2,0|13|13|13|13,none,0,0,True,,
widened_enumeration,r1|2|3|3|4_u3,5,3,1|2|3|3|4,2|3|4|4|5,13,18,4,0,none,True,True,False,False,False,False,computed_total_slot_anomaly_obstruction,13|18|5|3,0|13|13|13|13,none,0,0,True,,
widened_enumeration,r1|2|3|3|5_u0,5,0,1|2|3|3|5,2|3|4|4|6,14,19,4,0,none,True,True,False,False,True,False,computed_total_slot_anomaly_obstruction,14|19|5|0,0|14|14|14|14,none,0,0,True,,
widened_enumeration,r1|2|3|3|5_u1,5,1,1|2|3|3|5,2|3|4|4|6,14,19,4,0,none,True,True,False,False,True,False,computed_total_slot_anomaly_obstruction,14|19|5|1,0|14|14|14|14,none,0,0,True,,
widened_enumeration,r1|2|3|3|5_u2,5,2,1|2|3|3|5,2|3|4|4|6,14,19,4,0,none,True,True,False,False,True,False,computed_total_slot_anomaly_obstruction,14|19|5|2,0|14|14|14|14,none,0,0,True,,
widened_enumeration,r1|2|3|3|5_u3,5,3,1|2|3|3|5,2|3|4|4|6,14,19,4,0,none,True,True,False,False,True,False,computed_total_slot_anomaly_obstruction,14|19|5|3,0|14|14|14|14,none,0,0,True,,
widened_enumeration,r1|2|3|3|6_u0,5,0,1|2|3|3|6,2|3|4|4|7,15,20,4,0,none,True,True,False,False,False,False,computed_total_slot_anomaly_obstruction,15|20|5|0,0|15|15|15|15,none,0,0,True,,
widened_enumeration,r1|2|3|3|6_u1,5,1,1|2|3|3|6,2|3|4|4|7,15,20,4,0,none,True,True,False,False,False,False,computed_total_slot_anomaly_obstruction,15|20|5|1,0|15|15|15|15,none,0,0,True,,
widened_enumeration,r1|2|3|3|6_u2,5,2,1|2|3|3|6,2|3|4|4|7,15,20,4,0,none,True,True,False,False,False,False,computed_total_slot_anomaly_obstruction,15|20|5|2,0|15|15|15|15,none,0,0,True,,
widened_enumeration,r1|2|3|3|6_u3,5,3,1|2|3|3|6,2|3|4|4|7,15,20,4,0,none,True,True,False,False,False,False,computed_total_slot_anomaly_obstruction,15|20|5|3,0|15|15|15|15,none,0,0,True,,
widened_enumeration,r1|2|3|4|4_u0,5,0,1|2|3|4|4,2|3|4|5|5,14,19,4,0,none,True,True,False,False,True,False,computed_total_slot_anomaly_obstruction,14|19|5|0,0|14|14|14|14,none,0,0,True,,
widened_enumeration,r1|2|3|4|4_u1,5,1,1|2|3|4|4,2|3|4|5|5,14,19,4,0,none,True,True,False,False,True,False,computed_total_slot_anomaly_obstruction,14|19|5|1,0|14|14|14|14,none,0,0,True,,
widened_enumeration,r1|2|3|4|4_u2,5,2,1|2|3|4|4,2|3|4|5|5,14,19,4,0,none,True,True,False,False,True,False,computed_total_slot_anomaly_obstruction,14|19|5|2,0|14|14|14|14,none,0,0,True,,
widened_enumeration,r1|2|3|4|4_u3,5,3,1|2|3|4|4,2|3|4|5|5,14,19,4,0,none,True,True,False,False,True,False,computed_total_slot_anomaly_obstruction,14|19|5|3,0|14|14|14|14,none,0,0,True,,
widened_enumeration,r1|2|3|4|5_u0,5,0,1|2|3|4|5,2|3|4|5|6,15,20,4,0,none,True,True,False,False,False,False,computed_total_slot_anomaly_obstruction,15|20|5|0,0|15|15|15|15,none,0,0,True,,
widened_enumeration,r1|2|3|4|5_u1,5,1,1|2|3|4|5,2|3|4|5|6,15,20,4,0,none,True,True,False,False,False,False,computed_total_slot_anomaly_obstruction,15|20|5|1,0|15|15|15|15,none,0,0,True,,
widened_enumeration,r1|2|3|4|5_u2,5,2,1|2|3|4|5,2|3|4|5|6,15,20,4,0,none,True,True,False,False,False,False,computed_total_slot_anomaly_obstruction,15|20|5|2,0|15|15|15|15,none,0,0,True,,
widened_enumeration,r1|2|3|4|5_u3,5,3,1|2|3|4|5,2|3|4|5|6,15,20,4,0,none,True,True,False,False,False,False,computed_total_slot_anomaly_obstruction,15|20|5|3,0|15|15|15|15,none,0,0,True,,
widened_enumeration,r1|2|3|4|6_u0,5,0,1|2|3|4|6,2|3|4|5|7,16,21,4,0,none,True,True,False,False,True,False,computed_total_slot_anomaly_obstruction,16|21|5|0,0|16|16|16|16,none,0,0,True,,
widened_enumeration,r1|2|3|4|6_u1,5,1,1|2|3|4|6,2|3|4|5|7,16,21,4,0,none,True,True,False,False,True,False,computed_total_slot_anomaly_obstruction,16|21|5|1,0|16|16|16|16,none,0,0,True,,
widened_enumeration,r1|2|3|4|6_u2,5,2,1|2|3|4|6,2|3|4|5|7,16,21,4,0,none,True,True,False,False,True,False,computed_total_slot_anomaly_obstruction,16|21|5|2,0|16|16|16|16,none,0,0,True,,
widened_enumeration,r1|2|3|4|6_u3,5,3,1|2|3|4|6,2|3|4|5|7,16,21,4,0,none,True,True,False,False,True,False,computed_total_slot_anomaly_obstruction,16|21|5|3,0|16|16|16|16,none,0,0,True,,
widened_enumeration,r1|2|3|5|5_u0,5,0,1|2|3|5|5,2|3|4|6|6,16,21,4,0,none,True,True,False,False,True,False,computed_total_slot_anomaly_obstruction,16|21|5|0,0|16|16|16|16,none,0,0,True,,
widened_enumeration,r1|2|3|5|5_u1,5,1,1|2|3|5|5,2|3|4|6|6,16,21,4,0,none,True,True,False,False,True,False,computed_total_slot_anomaly_obstruction,16|21|5|1,0|16|16|16|16,none,0,0,True,,
widened_enumeration,r1|2|3|5|5_u2,5,2,1|2|3|5|5,2|3|4|6|6,16,21,4,0,none,True,True,False,False,True,False,computed_total_slot_anomaly_obstruction,16|21|5|2,0|16|16|16|16,none,0,0,True,,
widened_enumeration,r1|2|3|5|5_u3,5,3,1|2|3|5|5,2|3|4|6|6,16,21,4,0,none,True,True,False,False,True,False,computed_total_slot_anomaly_obstruction,16|21|5|3,0|16|16|16|16,none,0,0,True,,
widened_enumeration,r1|2|3|5|6_u0,5,0,1|2|3|5|6,2|3|4|6|7,17,22,4,0,none,True,True,False,False,False,False,computed_total_slot_anomaly_obstruction,17|22|5|0,0|17|17|17|17,none,0,0,True,,
widened_enumeration,r1|2|3|5|6_u1,5,1,1|2|3|5|6,2|3|4|6|7,17,22,4,0,none,True,True,False,False,False,False,computed_total_slot_anomaly_obstruction,17|22|5|1,0|17|17|17|17,none,0,0,True,,
widened_enumeration,r1|2|3|5|6_u2,5,2,1|2|3|5|6,2|3|4|6|7,17,22,4,0,none,True,True,False,False,False,False,computed_total_slot_anomaly_obstruction,17|22|5|2,0|17|17|17|17,none,0,0,True,,
widened_enumeration,r1|2|3|5|6_u3,5,3,1|2|3|5|6,2|3|4|6|7,17,22,4,0,none,True,True,False,False,False,False,computed_total_slot_anomaly_obstruction,17|22|5|3,0|17|17|17|17,none,0,0,True,,
widened_enumeration,r1|2|3|6|6_u0,5,0,1|2|3|6|6,2|3|4|7|7,18,23,4,0,none,True,True,False,False,True,False,computed_total_slot_anomaly_obstruction,18|23|5|0,0|18|18|18|18,none,0,0,True,,
widened_enumeration,r1|2|3|6|6_u1,5,1,1|2|3|6|6,2|3|4|7|7,18,23,4,0,none,True,True,False,False,True,False,computed_total_slot_anomaly_obstruction,18|23|5|1,0|18|18|18|18,none,0,0,True,,
widened_enumeration,r1|2|3|6|6_u2,5,2,1|2|3|6|6,2|3|4|7|7,18,23,4,0,none,True,True,False,False,True,False,computed_total_slot_anomaly_obstruction,18|23|5|2,0|18|18|18|18,none,0,0,True,,
widened_enumeration,r1|2|3|6|6_u3,5,3,1|2|3|6|6,2|3|4|7|7,18,23,4,0,none,True,True,False,False,True,False,computed_total_slot_anomaly_obstruction,18|23|5|3,0|18|18|18|18,none,0,0,True,,
widened_enumeration,r1|2|4|4|4_u0,5,0,1|2|4|4|4,2|3|5|5|5,15,20,4,0,none,True,True,False,False,False,False,computed_total_slot_anomaly_obstruction,15|20|5|0,0|15|15|15|15,none,0,0,True,,
widened_enumeration,r1|2|4|4|4_u1,5,1,1|2|4|4|4,2|3|5|5|5,15,20,4,0,none,True,True,False,False,False,False,computed_total_slot_anomaly_obstruction,15|20|5|1,0|15|15|15|15,none,0,0,True,,
widened_enumeration,r1|2|4|4|4_u2,5,2,1|2|4|4|4,2|3|5|5|5,15,20,4,0,none,True,True,False,False,False,False,computed_total_slot_anomaly_obstruction,15|20|5|2,0|15|15|15|15,none,0,0,True,,
widened_enumeration,r1|2|4|4|4_u3,5,3,1|2|4|4|4,2|3|5|5|5,15,20,4,0,none,True,True,False,False,False,False,computed_total_slot_anomaly_obstruction,15|20|5|3,0|15|15|15|15,none,0,0,True,,
widened_enumeration,r1|2|4|4|5_u0,5,0,1|2|4|4|5,2|3|5|5|6,16,21,4,0,none,True,True,False,False,True,False,computed_total_slot_anomaly_obstruction,16|21|5|0,0|16|16|16|16,none,0,0,True,,
widened_enumeration,r1|2|4|4|5_u1,5,1,1|2|4|4|5,2|3|5|5|6,16,21,4,0,none,True,True,False,False,True,False,computed_total_slot_anomaly_obstruction,16|21|5|1,0|16|16|16|16,none,0,0,True,,
widened_enumeration,r1|2|4|4|5_u2,5,2,1|2|4|4|5,2|3|5|5|6,16,21,4,0,none,True,True,False,False,True,False,computed_total_slot_anomaly_obstruction,16|21|5|2,0|16|16|16|16,none,0,0,True,,
widened_enumeration,r1|2|4|4|5_u3,5,3,1|2|4|4|5,2|3|5|5|6,16,21,4,0,none,True,True,False,False,True,False,computed_total_slot_anomaly_obstruction,16|21|5|3,0|16|16|16|16,none,0,0,True,,
widened_enumeration,r1|2|4|4|6_u0,5,0,1|2|4|4|6,2|3|5|5|7,17,22,4,0,none,True,True,False,False,False,False,computed_total_slot_anomaly_obstruction,17|22|5|0,0|17|17|17|17,none,0,0,True,,
widened_enumeration,r1|2|4|4|6_u1,5,1,1|2|4|4|6,2|3|5|5|7,17,22,4,0,none,True,True,False,False,False,False,computed_total_slot_anomaly_obstruction,17|22|5|1,0|17|17|17|17,none,0,0,True,,
widened_enumeration,r1|2|4|4|6_u2,5,2,1|2|4|4|6,2|3|5|5|7,17,22,4,0,none,True,True,False,False,False,False,computed_total_slot_anomaly_obstruction,17|22|5|2,0|17|17|17|17,none,0,0,True,,
widened_enumeration,r1|2|4|4|6_u3,5,3,1|2|4|4|6,2|3|5|5|7,17,22,4,0,none,True,True,False,False,False,False,computed_total_slot_anomaly_obstruction,17|22|5|3,0|17|17|17|17,none,0,0,True,,
widened_enumeration,r1|2|4|5|5_u0,5,0,1|2|4|5|5,2|3|5|6|6,17,22,4,0,none,True,True,False,False,False,False,computed_total_slot_anomaly_obstruction,17|22|5|0,0|17|17|17|17,none,0,0,True,,
widened_enumeration,r1|2|4|5|5_u1,5,1,1|2|4|5|5,2|3|5|6|6,17,22,4,0,none,True,True,False,False,False,False,computed_total_slot_anomaly_obstruction,17|22|5|1,0|17|17|17|17,none,0,0,True,,
widened_enumeration,r1|2|4|5|5_u2,5,2,1|2|4|5|5,2|3|5|6|6,17,22,4,0,none,True,True,False,False,False,False,computed_total_slot_anomaly_obstruction,17|22|5|2,0|17|17|17|17,none,0,0,True,,
widened_enumeration,r1|2|4|5|5_u3,5,3,1|2|4|5|5,2|3|5|6|6,17,22,4,0,none,True,True,False,False,False,False,computed_total_slot_anomaly_obstruction,17|22|5|3,0|17|17|17|17,none,0,0,True,,
widened_enumeration,r1|2|4|5|6_u0,5,0,1|2|4|5|6,2|3|5|6|7,18,23,4,0,none,True,True,False,False,True,False,computed_total_slot_anomaly_obstruction,18|23|5|0,0|18|18|18|18,none,0,0,True,,
widened_enumeration,r1|2|4|5|6_u1,5,1,1|2|4|5|6,2|3|5|6|7,18,23,4,0,none,True,True,False,False,True,False,computed_total_slot_anomaly_obstruction,18|23|5|1,0|18|18|18|18,none,0,0,True,,
widened_enumeration,r1|2|4|5|6_u2,5,2,1|2|4|5|6,2|3|5|6|7,18,23,4,0,none,True,True,False,False,True,False,computed_total_slot_anomaly_obstruction,18|23|5|2,0|18|18|18|18,none,0,0,True,,
widened_enumeration,r1|2|4|5|6_u3,5,3,1|2|4|5|6,2|3|5|6|7,18,23,4,0,none,True,True,False,False,True,False,computed_total_slot_anomaly_obstruction,18|23|5|3,0|18|18|18|18,none,0,0,True,,
widened_enumeration,r1|2|4|6|6_u0,5,0,1|2|4|6|6,2|3|5|7|7,19,24,4,0,none,True,True,False,False,False,False,computed_total_slot_anomaly_obstruction,19|24|5|0,0|19|19|19|19,none,0,0,True,,
widened_enumeration,r1|2|4|6|6_u1,5,1,1|2|4|6|6,2|3|5|7|7,19,24,4,0,none,True,True,False,False,False,False,computed_total_slot_anomaly_obstruction,19|24|5|1,0|19|19|19|19,none,0,0,True,,
widened_enumeration,r1|2|4|6|6_u2,5,2,1|2|4|6|6,2|3|5|7|7,19,24,4,0,none,True,True,False,False,False,False,computed_total_slot_anomaly_obstruction,19|24|5|2,0|19|19|19|19,none,0,0,True,,
widened_enumeration,r1|2|4|6|6_u3,5,3,1|2|4|6|6,2|3|5|7|7,19,24,4,0,none,True,True,False,False,False,False,computed_total_slot_anomaly_obstruction,19|24|5|3,0|19|19|19|19,none,0,0,True,,
widened_enumeration,r1|2|5|5|5_u0,5,0,1|2|5|5|5,2|3|6|6|6,18,23,4,0,none,True,True,False,False,True,False,computed_total_slot_anomaly_obstruction,18|23|5|0,0|18|18|18|18,none,0,0,True,,
widened_enumeration,r1|2|5|5|5_u1,5,1,1|2|5|5|5,2|3|6|6|6,18,23,4,0,none,True,True,False,False,True,False,computed_total_slot_anomaly_obstruction,18|23|5|1,0|18|18|18|18,none,0,0,True,,
widened_enumeration,r1|2|5|5|5_u2,5,2,1|2|5|5|5,2|3|6|6|6,18,23,4,0,none,True,True,False,False,True,False,computed_total_slot_anomaly_obstruction,18|23|5|2,0|18|18|18|18,none,0,0,True,,
widened_enumeration,r1|2|5|5|5_u3,5,3,1|2|5|5|5,2|3|6|6|6,18,23,4,0,none,True,True,False,False,True,False,computed_total_slot_anomaly_obstruction,18|23|5|3,0|18|18|18|18,none,0,0,True,,
widened_enumeration,r1|2|5|5|6_u0,5,0,1|2|5|5|6,2|3|6|6|7,19,24,4,0,none,True,True,False,False,False,False,computed_total_slot_anomaly_obstruction,19|24|5|0,0|19|19|19|19,none,0,0,True,,
widened_enumeration,r1|2|5|5|6_u1,5,1,1|2|5|5|6,2|3|6|6|7,19,24,4,0,none,True,True,False,False,False,False,computed_total_slot_anomaly_obstruction,19|24|5|1,0|19|19|19|19,none,0,0,True,,
widened_enumeration,r1|2|5|5|6_u2,5,2,1|2|5|5|6,2|3|6|6|7,19,24,4,0,none,True,True,False,False,False,False,computed_total_slot_anomaly_obstruction,19|24|5|2,0|19|19|19|19,none,0,0,True,,
widened_enumeration,r1|2|5|5|6_u3,5,3,1|2|5|5|6,2|3|6|6|7,19,24,4,0,none,True,True,False,False,False,False,computed_total_slot_anomaly_obstruction,19|24|5|3,0|19|19|19|19,none,0,0,True,,
widened_enumeration,r1|2|5|6|6_u0,5,0,1|2|5|6|6,2|3|6|7|7,20,25,4,0,none,True,True,False,False,True,False,computed_total_slot_anomaly_obstruction,20|25|5|0,0|20|20|20|20,none,0,0,True,,
widened_enumeration,r1|2|5|6|6_u1,5,1,1|2|5|6|6,2|3|6|7|7,20,25,4,0,none,True,True,False,False,True,False,computed_total_slot_anomaly_obstruction,20|25|5|1,0|20|20|20|20,none,0,0,True,,
widened_enumeration,r1|2|5|6|6_u2,5,2,1|2|5|6|6,2|3|6|7|7,20,25,4,0,none,True,True,False,False,True,False,computed_total_slot_anomaly_obstruction,20|25|5|2,0|20|20|20|20,none,0,0,True,,
widened_enumeration,r1|2|5|6|6_u3,5,3,1|2|5|6|6,2|3|6|7|7,20,25,4,0,none,True,True,False,False,True,False,computed_total_slot_anomaly_obstruction,20|25|5|3,0|20|20|20|20,none,0,0,True,,
widened_enumeration,r1|2|6|6|6_u0,5,0,1|2|6|6|6,2|3|7|7|7,21,26,4,0,none,True,True,False,False,False,False,computed_total_slot_anomaly_obstruction,21|26|5|0,0|21|21|21|21,none,0,0,True,,
widened_enumeration,r1|2|6|6|6_u1,5,1,1|2|6|6|6,2|3|7|7|7,21,26,4,0,none,True,True,False,False,False,False,computed_total_slot_anomaly_obstruction,21|26|5|1,0|21|21|21|21,none,0,0,True,,
widened_enumeration,r1|2|6|6|6_u2,5,2,1|2|6|6|6,2|3|7|7|7,21,26,4,0,none,True,True,False,False,False,False,computed_total_slot_anomaly_obstruction,21|26|5|2,0|21|21|21|21,none,0,0,True,,
widened_enumeration,r1|2|6|6|6_u3,5,3,1|2|6|6|6,2|3|7|7|7,21,26,4,0,none,True,True,False,False,False,False,computed_total_slot_anomaly_obstruction,21|26|5|3,0|21|21|21|21,none,0,0,True,,
widened_enumeration,r1|3|3|3|3_u0,5,0,1|3|3|3|3,2|4|4|4|4,13,18,4,0,none,True,True,False,False,False,False,computed_total_slot_anomaly_obstruction,13|18|5|0,0|13|13|13|13,none,0,0,True,,
widened_enumeration,r1|3|3|3|3_u1,5,1,1|3|3|3|3,2|4|4|4|4,13,18,4,0,none,True,True,False,False,False,False,computed_total_slot_anomaly_obstruction,13|18|5|1,0|13|13|13|13,none,0,0,True,,
widened_enumeration,r1|3|3|3|3_u2,5,2,1|3|3|3|3,2|4|4|4|4,13,18,4,0,none,True,True,False,False,False,False,computed_total_slot_anomaly_obstruction,13|18|5|2,0|13|13|13|13,none,0,0,True,,
widened_enumeration,r1|3|3|3|3_u3,5,3,1|3|3|3|3,2|4|4|4|4,13,18,4,0,none,True,True,False,False,False,False,computed_total_slot_anomaly_obstruction,13|18|5|3,0|13|13|13|13,none,0,0,True,,
widened_enumeration,r1|3|3|3|4_u0,5,0,1|3|3|3|4,2|4|4|4|5,14,19,4,0,none,True,True,False,False,True,False,computed_total_slot_anomaly_obstruction,14|19|5|0,0|14|14|14|14,none,0,0,True,,
widened_enumeration,r1|3|3|3|4_u1,5,1,1|3|3|3|4,2|4|4|4|5,14,19,4,0,none,True,True,False,False,True,False,computed_total_slot_anomaly_obstruction,14|19|5|1,0|14|14|14|14,none,0,0,True,,
widened_enumeration,r1|3|3|3|4_u2,5,2,1|3|3|3|4,2|4|4|4|5,14,19,4,0,none,True,True,False,False,True,False,computed_total_slot_anomaly_obstruction,14|19|5|2,0|14|14|14|14,none,0,0,True,,
widened_enumeration,r1|3|3|3|4_u3,5,3,1|3|3|3|4,2|4|4|4|5,14,19,4,0,none,True,True,False,False,True,False,computed_total_slot_anomaly_obstruction,14|19|5|3,0|14|14|14|14,none,0,0,True,,
widened_enumeration,r1|3|3|3|5_u0,5,0,1|3|3|3|5,2|4|4|4|6,15,20,4,0,none,True,True,False,False,False,False,computed_total_slot_anomaly_obstruction,15|20|5|0,0|15|15|15|15,none,0,0,True,,
widened_enumeration,r1|3|3|3|5_u1,5,1,1|3|3|3|5,2|4|4|4|6,15,20,4,0,none,True,True,False,False,False,False,computed_total_slot_anomaly_obstruction,15|20|5|1,0|15|15|15|15,none,0,0,True,,
widened_enumeration,r1|3|3|3|5_u2,5,2,1|3|3|3|5,2|4|4|4|6,15,20,4,0,none,True,True,False,False,False,False,computed_total_slot_anomaly_obstruction,15|20|5|2,0|15|15|15|15,none,0,0,True,,
widened_enumeration,r1|3|3|3|5_u3,5,3,1|3|3|3|5,2|4|4|4|6,15,20,4,0,none,True,True,False,False,False,False,computed_total_slot_anomaly_obstruction,15|20|5|3,0|15|15|15|15,none,0,0,True,,
widened_enumeration,r1|3|3|3|6_u0,5,0,1|3|3|3|6,2|4|4|4|7,16,21,4,0,none,True,True,False,False,True,False,computed_total_slot_anomaly_obstruction,16|21|5|0,0|16|16|16|16,none,0,0,True,,
widened_enumeration,r1|3|3|3|6_u1,5,1,1|3|3|3|6,2|4|4|4|7,16,21,4,0,none,True,True,False,False,True,False,computed_total_slot_anomaly_obstruction,16|21|5|1,0|16|16|16|16,none,0,0,True,,
widened_enumeration,r1|3|3|3|6_u2,5,2,1|3|3|3|6,2|4|4|4|7,16,21,4,0,none,True,True,False,False,True,False,computed_total_slot_anomaly_obstruction,16|21|5|2,0|16|16|16|16,none,0,0,True,,
widened_enumeration,r1|3|3|3|6_u3,5,3,1|3|3|3|6,2|4|4|4|7,16,21,4,0,none,True,True,False,False,True,False,computed_total_slot_anomaly_obstruction,16|21|5|3,0|16|16|16|16,none,0,0,True,,
widened_enumeration,r1|3|3|4|4_u0,5,0,1|3|3|4|4,2|4|4|5|5,15,20,4,0,none,True,True,False,False,False,False,computed_total_slot_anomaly_obstruction,15|20|5|0,0|15|15|15|15,none,0,0,True,,
widened_enumeration,r1|3|3|4|4_u1,5,1,1|3|3|4|4,2|4|4|5|5,15,20,4,0,none,True,True,False,False,False,False,computed_total_slot_anomaly_obstruction,15|20|5|1,0|15|15|15|15,none,0,0,True,,
widened_enumeration,r1|3|3|4|4_u2,5,2,1|3|3|4|4,2|4|4|5|5,15,20,4,0,none,True,True,False,False,False,False,computed_total_slot_anomaly_obstruction,15|20|5|2,0|15|15|15|15,none,0,0,True,,
widened_enumeration,r1|3|3|4|4_u3,5,3,1|3|3|4|4,2|4|4|5|5,15,20,4,0,none,True,True,False,False,False,False,computed_total_slot_anomaly_obstruction,15|20|5|3,0|15|15|15|15,none,0,0,True,,
widened_enumeration,r1|3|3|4|5_u0,5,0,1|3|3|4|5,2|4|4|5|6,16,21,4,0,none,True,True,False,False,True,False,computed_total_slot_anomaly_obstruction,16|21|5|0,0|16|16|16|16,none,0,0,True,,
widened_enumeration,r1|3|3|4|5_u1,5,1,1|3|3|4|5,2|4|4|5|6,16,21,4,0,none,True,True,False,False,True,False,computed_total_slot_anomaly_obstruction,16|21|5|1,0|16|16|16|16,none,0,0,True,,
widened_enumeration,r1|3|3|4|5_u2,5,2,1|3|3|4|5,2|4|4|5|6,16,21,4,0,none,True,True,False,False,True,False,computed_total_slot_anomaly_obstruction,16|21|5|2,0|16|16|16|16,none,0,0,True,,
widened_enumeration,r1|3|3|4|5_u3,5,3,1|3|3|4|5,2|4|4|5|6,16,21,4,0,none,True,True,False,False,True,False,computed_total_slot_anomaly_obstruction,16|21|5|3,0|16|16|16|16,none,0,0,True,,
widened_enumeration,r1|3|3|4|6_u0,5,0,1|3|3|4|6,2|4|4|5|7,17,22,4,0,none,True,True,False,False,False,False,computed_total_slot_anomaly_obstruction,17|22|5|0,0|17|17|17|17,none,0,0,True,,
widened_enumeration,r1|3|3|4|6_u1,5,1,1|3|3|4|6,2|4|4|5|7,17,22,4,0,none,True,True,False,False,False,False,computed_total_slot_anomaly_obstruction,17|22|5|1,0|17|17|17|17,none,0,0,True,,
widened_enumeration,r1|3|3|4|6_u2,5,2,1|3|3|4|6,2|4|4|5|7,17,22,4,0,none,True,True,False,False,False,False,computed_total_slot_anomaly_obstruction,17|22|5|2,0|17|17|17|17,none,0,0,True,,
widened_enumeration,r1|3|3|4|6_u3,5,3,1|3|3|4|6,2|4|4|5|7,17,22,4,0,none,True,True,False,False,False,False,computed_total_slot_anomaly_obstruction,17|22|5|3,0|17|17|17|17,none,0,0,True,,
widened_enumeration,r1|3|3|5|5_u0,5,0,1|3|3|5|5,2|4|4|6|6,17,22,4,0,none,True,True,False,False,False,False,computed_total_slot_anomaly_obstruction,17|22|5|0,0|17|17|17|17,none,0,0,True,,
widened_enumeration,r1|3|3|5|5_u1,5,1,1|3|3|5|5,2|4|4|6|6,17,22,4,0,none,True,True,False,False,False,False,computed_total_slot_anomaly_obstruction,17|22|5|1,0|17|17|17|17,none,0,0,True,,
widened_enumeration,r1|3|3|5|5_u2,5,2,1|3|3|5|5,2|4|4|6|6,17,22,4,0,none,True,True,False,False,False,False,computed_total_slot_anomaly_obstruction,17|22|5|2,0|17|17|17|17,none,0,0,True,,
widened_enumeration,r1|3|3|5|5_u3,5,3,1|3|3|5|5,2|4|4|6|6,17,22,4,0,none,True,True,False,False,False,False,computed_total_slot_anomaly_obstruction,17|22|5|3,0|17|17|17|17,none,0,0,True,,
widened_enumeration,r1|3|3|5|6_u0,5,0,1|3|3|5|6,2|4|4|6|7,18,23,4,0,none,True,True,False,False,True,False,computed_total_slot_anomaly_obstruction,18|23|5|0,0|18|18|18|18,none,0,0,True,,
widened_enumeration,r1|3|3|5|6_u1,5,1,1|3|3|5|6,2|4|4|6|7,18,23,4,0,none,True,True,False,False,True,False,computed_total_slot_anomaly_obstruction,18|23|5|1,0|18|18|18|18,none,0,0,True,,
widened_enumeration,r1|3|3|5|6_u2,5,2,1|3|3|5|6,2|4|4|6|7,18,23,4,0,none,True,True,False,False,True,False,computed_total_slot_anomaly_obstruction,18|23|5|2,0|18|18|18|18,none,0,0,True,,
widened_enumeration,r1|3|3|5|6_u3,5,3,1|3|3|5|6,2|4|4|6|7,18,23,4,0,none,True,True,False,False,True,False,computed_total_slot_anomaly_obstruction,18|23|5|3,0|18|18|18|18,none,0,0,True,,
widened_enumeration,r1|3|3|6|6_u0,5,0,1|3|3|6|6,2|4|4|7|7,19,24,4,0,none,True,True,False,False,False,False,computed_total_slot_anomaly_obstruction,19|24|5|0,0|19|19|19|19,none,0,0,True,,
widened_enumeration,r1|3|3|6|6_u1,5,1,1|3|3|6|6,2|4|4|7|7,19,24,4,0,none,True,True,False,False,False,False,computed_total_slot_anomaly_obstruction,19|24|5|1,0|19|19|19|19,none,0,0,True,,
widened_enumeration,r1|3|3|6|6_u2,5,2,1|3|3|6|6,2|4|4|7|7,19,24,4,0,none,True,True,False,False,False,False,computed_total_slot_anomaly_obstruction,19|24|5|2,0|19|19|19|19,none,0,0,True,,
widened_enumeration,r1|3|3|6|6_u3,5,3,1|3|3|6|6,2|4|4|7|7,19,24,4,0,none,True,True,False,False,False,False,computed_total_slot_anomaly_obstruction,19|24|5|3,0|19|19|19|19,none,0,0,True,,
widened_enumeration,r1|3|4|4|4_u0,5,0,1|3|4|4|4,2|4|5|5|5,16,21,4,0,none,True,True,False,False,True,False,computed_total_slot_anomaly_obstruction,16|21|5|0,0|16|16|16|16,none,0,0,True,,
widened_enumeration,r1|3|4|4|4_u1,5,1,1|3|4|4|4,2|4|5|5|5,16,21,4,0,none,True,True,False,False,True,False,computed_total_slot_anomaly_obstruction,16|21|5|1,0|16|16|16|16,none,0,0,True,,
widened_enumeration,r1|3|4|4|4_u2,5,2,1|3|4|4|4,2|4|5|5|5,16,21,4,0,none,True,True,False,False,True,False,computed_total_slot_anomaly_obstruction,16|21|5|2,0|16|16|16|16,none,0,0,True,,
widened_enumeration,r1|3|4|4|4_u3,5,3,1|3|4|4|4,2|4|5|5|5,16,21,4,0,none,True,True,False,False,True,False,computed_total_slot_anomaly_obstruction,16|21|5|3,0|16|16|16|16,none,0,0,True,,
widened_enumeration,r1|3|4|4|5_u0,5,0,1|3|4|4|5,2|4|5|5|6,17,22,4,0,none,True,True,False,False,False,False,computed_total_slot_anomaly_obstruction,17|22|5|0,0|17|17|17|17,none,0,0,True,,
widened_enumeration,r1|3|4|4|5_u1,5,1,1|3|4|4|5,2|4|5|5|6,17,22,4,0,none,True,True,False,False,False,False,computed_total_slot_anomaly_obstruction,17|22|5|1,0|17|17|17|17,none,0,0,True,,
widened_enumeration,r1|3|4|4|5_u2,5,2,1|3|4|4|5,2|4|5|5|6,17,22,4,0,none,True,True,False,False,False,False,computed_total_slot_anomaly_obstruction,17|22|5|2,0|17|17|17|17,none,0,0,True,,
widened_enumeration,r1|3|4|4|5_u3,5,3,1|3|4|4|5,2|4|5|5|6,17,22,4,0,none,True,True,False,False,False,False,computed_total_slot_anomaly_obstruction,17|22|5|3,0|17|17|17|17,none,0,0,True,,
widened_enumeration,r1|3|4|4|6_u0,5,0,1|3|4|4|6,2|4|5|5|7,18,23,4,0,none,True,True,False,False,True,False,computed_total_slot_anomaly_obstruction,18|23|5|0,0|18|18|18|18,none,0,0,True,,
widened_enumeration,r1|3|4|4|6_u1,5,1,1|3|4|4|6,2|4|5|5|7,18,23,4,0,none,True,True,False,False,True,False,computed_total_slot_anomaly_obstruction,18|23|5|1,0|18|18|18|18,none,0,0,True,,
widened_enumeration,r1|3|4|4|6_u2,5,2,1|3|4|4|6,2|4|5|5|7,18,23,4,0,none,True,True,False,False,True,False,computed_total_slot_anomaly_obstruction,18|23|5|2,0|18|18|18|18,none,0,0,True,,
widened_enumeration,r1|3|4|4|6_u3,5,3,1|3|4|4|6,2|4|5|5|7,18,23,4,0,none,True,True,False,False,True,False,computed_total_slot_anomaly_obstruction,18|23|5|3,0|18|18|18|18,none,0,0,True,,
widened_enumeration,r1|3|4|5|5_u0,5,0,1|3|4|5|5,2|4|5|6|6,18,23,4,0,none,True,True,False,False,True,False,computed_total_slot_anomaly_obstruction,18|23|5|0,0|18|18|18|18,none,0,0,True,,
widened_enumeration,r1|3|4|5|5_u1,5,1,1|3|4|5|5,2|4|5|6|6,18,23,4,0,none,True,True,False,False,True,False,computed_total_slot_anomaly_obstruction,18|23|5|1,0|18|18|18|18,none,0,0,True,,
widened_enumeration,r1|3|4|5|5_u2,5,2,1|3|4|5|5,2|4|5|6|6,18,23,4,0,none,True,True,False,False,True,False,computed_total_slot_anomaly_obstruction,18|23|5|2,0|18|18|18|18,none,0,0,True,,
widened_enumeration,r1|3|4|5|5_u3,5,3,1|3|4|5|5,2|4|5|6|6,18,23,4,0,none,True,True,False,False,True,False,computed_total_slot_anomaly_obstruction,18|23|5|3,0|18|18|18|18,none,0,0,True,,
widened_enumeration,r1|3|4|5|6_u0,5,0,1|3|4|5|6,2|4|5|6|7,19,24,4,0,none,True,True,False,False,False,False,computed_total_slot_anomaly_obstruction,19|24|5|0,0|19|19|19|19,none,0,0,True,,
widened_enumeration,r1|3|4|5|6_u1,5,1,1|3|4|5|6,2|4|5|6|7,19,24,4,0,none,True,True,False,False,False,False,computed_total_slot_anomaly_obstruction,19|24|5|1,0|19|19|19|19,none,0,0,True,,
widened_enumeration,r1|3|4|5|6_u2,5,2,1|3|4|5|6,2|4|5|6|7,19,24,4,0,none,True,True,False,False,False,False,computed_total_slot_anomaly_obstruction,19|24|5|2,0|19|19|19|19,none,0,0,True,,
widened_enumeration,r1|3|4|5|6_u3,5,3,1|3|4|5|6,2|4|5|6|7,19,24,4,0,none,True,True,False,False,False,False,computed_total_slot_anomaly_obstruction,19|24|5|3,0|19|19|19|19,none,0,0,True,,
widened_enumeration,r1|3|4|6|6_u0,5,0,1|3|4|6|6,2|4|5|7|7,20,25,4,0,none,True,True,False,False,True,False,computed_total_slot_anomaly_obstruction,20|25|5|0,0|20|20|20|20,none,0,0,True,,
widened_enumeration,r1|3|4|6|6_u1,5,1,1|3|4|6|6,2|4|5|7|7,20,25,4,0,none,True,True,False,False,True,False,computed_total_slot_anomaly_obstruction,20|25|5|1,0|20|20|20|20,none,0,0,True,,
widened_enumeration,r1|3|4|6|6_u2,5,2,1|3|4|6|6,2|4|5|7|7,20,25,4,0,none,True,True,False,False,True,False,computed_total_slot_anomaly_obstruction,20|25|5|2,0|20|20|20|20,none,0,0,True,,
widened_enumeration,r1|3|4|6|6_u3,5,3,1|3|4|6|6,2|4|5|7|7,20,25,4,0,none,True,True,False,False,True,False,computed_total_slot_anomaly_obstruction,20|25|5|3,0|20|20|20|20,none,0,0,True,,
widened_enumeration,r1|3|5|5|5_u0,5,0,1|3|5|5|5,2|4|6|6|6,19,24,4,0,none,True,True,False,False,False,False,computed_total_slot_anomaly_obstruction,19|24|5|0,0|19|19|19|19,none,0,0,True,,
widened_enumeration,r1|3|5|5|5_u1,5,1,1|3|5|5|5,2|4|6|6|6,19,24,4,0,none,True,True,False,False,False,False,computed_total_slot_anomaly_obstruction,19|24|5|1,0|19|19|19|19,none,0,0,True,,
widened_enumeration,r1|3|5|5|5_u2,5,2,1|3|5|5|5,2|4|6|6|6,19,24,4,0,none,True,True,False,False,False,False,computed_total_slot_anomaly_obstruction,19|24|5|2,0|19|19|19|19,none,0,0,True,,
widened_enumeration,r1|3|5|5|5_u3,5,3,1|3|5|5|5,2|4|6|6|6,19,24,4,0,none,True,True,False,False,False,False,computed_total_slot_anomaly_obstruction,19|24|5|3,0|19|19|19|19,none,0,0,True,,
widened_enumeration,r1|3|5|5|6_u0,5,0,1|3|5|5|6,2|4|6|6|7,20,25,4,0,none,True,True,False,False,True,False,computed_total_slot_anomaly_obstruction,20|25|5|0,0|20|20|20|20,none,0,0,True,,
widened_enumeration,r1|3|5|5|6_u1,5,1,1|3|5|5|6,2|4|6|6|7,20,25,4,0,none,True,True,False,False,True,False,computed_total_slot_anomaly_obstruction,20|25|5|1,0|20|20|20|20,none,0,0,True,,
widened_enumeration,r1|3|5|5|6_u2,5,2,1|3|5|5|6,2|4|6|6|7,20,25,4,0,none,True,True,False,False,True,False,computed_total_slot_anomaly_obstruction,20|25|5|2,0|20|20|20|20,none,0,0,True,,
widened_enumeration,r1|3|5|5|6_u3,5,3,1|3|5|5|6,2|4|6|6|7,20,25,4,0,none,True,True,False,False,True,False,computed_total_slot_anomaly_obstruction,20|25|5|3,0|20|20|20|20,none,0,0,True,,
widened_enumeration,r1|3|5|6|6_u0,5,0,1|3|5|6|6,2|4|6|7|7,21,26,4,0,none,True,True,False,False,False,False,computed_total_slot_anomaly_obstruction,21|26|5|0,0|21|21|21|21,none,0,0,True,,
widened_enumeration,r1|3|5|6|6_u1,5,1,1|3|5|6|6,2|4|6|7|7,21,26,4,0,none,True,True,False,False,False,False,computed_total_slot_anomaly_obstruction,21|26|5|1,0|21|21|21|21,none,0,0,True,,
widened_enumeration,r1|3|5|6|6_u2,5,2,1|3|5|6|6,2|4|6|7|7,21,26,4,0,none,True,True,False,False,False,False,computed_total_slot_anomaly_obstruction,21|26|5|2,0|21|21|21|21,none,0,0,True,,
widened_enumeration,r1|3|5|6|6_u3,5,3,1|3|5|6|6,2|4|6|7|7,21,26,4,0,none,True,True,False,False,False,False,computed_total_slot_anomaly_obstruction,21|26|5|3,0|21|21|21|21,none,0,0,True,,
widened_enumeration,r1|3|6|6|6_u0,5,0,1|3|6|6|6,2|4|7|7|7,22,27,4,0,none,True,True,False,False,True,False,computed_total_slot_anomaly_obstruction,22|27|5|0,0|22|22|22|22,none,0,0,True,,
widened_enumeration,r1|3|6|6|6_u1,5,1,1|3|6|6|6,2|4|7|7|7,22,27,4,0,none,True,True,False,False,True,False,computed_total_slot_anomaly_obstruction,22|27|5|1,0|22|22|22|22,none,0,0,True,,
widened_enumeration,r1|3|6|6|6_u2,5,2,1|3|6|6|6,2|4|7|7|7,22,27,4,0,none,True,True,False,False,True,False,computed_total_slot_anomaly_obstruction,22|27|5|2,0|22|22|22|22,none,0,0,True,,
widened_enumeration,r1|3|6|6|6_u3,5,3,1|3|6|6|6,2|4|7|7|7,22,27,4,0,none,True,True,False,False,True,False,computed_total_slot_anomaly_obstruction,22|27|5|3,0|22|22|22|22,none,0,0,True,,
widened_enumeration,r1|4|4|4|4_u0,5,0,1|4|4|4|4,2|5|5|5|5,17,22,4,0,none,True,True,False,False,False,False,computed_total_slot_anomaly_obstruction,17|22|5|0,0|17|17|17|17,none,0,0,True,,
widened_enumeration,r1|4|4|4|4_u1,5,1,1|4|4|4|4,2|5|5|5|5,17,22,4,0,none,True,True,False,False,False,False,computed_total_slot_anomaly_obstruction,17|22|5|1,0|17|17|17|17,none,0,0,True,,
widened_enumeration,r1|4|4|4|4_u2,5,2,1|4|4|4|4,2|5|5|5|5,17,22,4,0,none,True,True,False,False,False,False,computed_total_slot_anomaly_obstruction,17|22|5|2,0|17|17|17|17,none,0,0,True,,
widened_enumeration,r1|4|4|4|4_u3,5,3,1|4|4|4|4,2|5|5|5|5,17,22,4,0,none,True,True,False,False,False,False,computed_total_slot_anomaly_obstruction,17|22|5|3,0|17|17|17|17,none,0,0,True,,
widened_enumeration,r1|4|4|4|5_u0,5,0,1|4|4|4|5,2|5|5|5|6,18,23,4,0,none,True,True,False,False,True,False,computed_total_slot_anomaly_obstruction,18|23|5|0,0|18|18|18|18,none,0,0,True,,
widened_enumeration,r1|4|4|4|5_u1,5,1,1|4|4|4|5,2|5|5|5|6,18,23,4,0,none,True,True,False,False,True,False,computed_total_slot_anomaly_obstruction,18|23|5|1,0|18|18|18|18,none,0,0,True,,
widened_enumeration,r1|4|4|4|5_u2,5,2,1|4|4|4|5,2|5|5|5|6,18,23,4,0,none,True,True,False,False,True,False,computed_total_slot_anomaly_obstruction,18|23|5|2,0|18|18|18|18,none,0,0,True,,
widened_enumeration,r1|4|4|4|5_u3,5,3,1|4|4|4|5,2|5|5|5|6,18,23,4,0,none,True,True,False,False,True,False,computed_total_slot_anomaly_obstruction,18|23|5|3,0|18|18|18|18,none,0,0,True,,
widened_enumeration,r1|4|4|4|6_u0,5,0,1|4|4|4|6,2|5|5|5|7,19,24,4,0,none,True,True,False,False,False,False,computed_total_slot_anomaly_obstruction,19|24|5|0,0|19|19|19|19,none,0,0,True,,
widened_enumeration,r1|4|4|4|6_u1,5,1,1|4|4|4|6,2|5|5|5|7,19,24,4,0,none,True,True,False,False,False,False,computed_total_slot_anomaly_obstruction,19|24|5|1,0|19|19|19|19,none,0,0,True,,
widened_enumeration,r1|4|4|4|6_u2,5,2,1|4|4|4|6,2|5|5|5|7,19,24,4,0,none,True,True,False,False,False,False,computed_total_slot_anomaly_obstruction,19|24|5|2,0|19|19|19|19,none,0,0,True,,
widened_enumeration,r1|4|4|4|6_u3,5,3,1|4|4|4|6,2|5|5|5|7,19,24,4,0,none,True,True,False,False,False,False,computed_total_slot_anomaly_obstruction,19|24|5|3,0|19|19|19|19,none,0,0,True,,
widened_enumeration,r1|4|4|5|5_u0,5,0,1|4|4|5|5,2|5|5|6|6,19,24,4,0,none,True,True,False,False,False,False,computed_total_slot_anomaly_obstruction,19|24|5|0,0|19|19|19|19,none,0,0,True,,
widened_enumeration,r1|4|4|5|5_u1,5,1,1|4|4|5|5,2|5|5|6|6,19,24,4,0,none,True,True,False,False,False,False,computed_total_slot_anomaly_obstruction,19|24|5|1,0|19|19|19|19,none,0,0,True,,
widened_enumeration,r1|4|4|5|5_u2,5,2,1|4|4|5|5,2|5|5|6|6,19,24,4,0,none,True,True,False,False,False,False,computed_total_slot_anomaly_obstruction,19|24|5|2,0|19|19|19|19,none,0,0,True,,
widened_enumeration,r1|4|4|5|5_u3,5,3,1|4|4|5|5,2|5|5|6|6,19,24,4,0,none,True,True,False,False,False,False,computed_total_slot_anomaly_obstruction,19|24|5|3,0|19|19|19|19,none,0,0,True,,
widened_enumeration,r1|4|4|5|6_u0,5,0,1|4|4|5|6,2|5|5|6|7,20,25,4,0,none,True,True,False,False,True,False,computed_total_slot_anomaly_obstruction,20|25|5|0,0|20|20|20|20,none,0,0,True,,
widened_enumeration,r1|4|4|5|6_u1,5,1,1|4|4|5|6,2|5|5|6|7,20,25,4,0,none,True,True,False,False,True,False,computed_total_slot_anomaly_obstruction,20|25|5|1,0|20|20|20|20,none,0,0,True,,
widened_enumeration,r1|4|4|5|6_u2,5,2,1|4|4|5|6,2|5|5|6|7,20,25,4,0,none,True,True,False,False,True,False,computed_total_slot_anomaly_obstruction,20|25|5|2,0|20|20|20|20,none,0,0,True,,
widened_enumeration,r1|4|4|5|6_u3,5,3,1|4|4|5|6,2|5|5|6|7,20,25,4,0,none,True,True,False,False,True,False,computed_total_slot_anomaly_obstruction,20|25|5|3,0|20|20|20|20,none,0,0,True,,
widened_enumeration,r1|4|4|6|6_u0,5,0,1|4|4|6|6,2|5|5|7|7,21,26,4,0,none,True,True,False,False,False,False,computed_total_slot_anomaly_obstruction,21|26|5|0,0|21|21|21|21,none,0,0,True,,
widened_enumeration,r1|4|4|6|6_u1,5,1,1|4|4|6|6,2|5|5|7|7,21,26,4,0,none,True,True,False,False,False,False,computed_total_slot_anomaly_obstruction,21|26|5|1,0|21|21|21|21,none,0,0,True,,
widened_enumeration,r1|4|4|6|6_u2,5,2,1|4|4|6|6,2|5|5|7|7,21,26,4,0,none,True,True,False,False,False,False,computed_total_slot_anomaly_obstruction,21|26|5|2,0|21|21|21|21,none,0,0,True,,
widened_enumeration,r1|4|4|6|6_u3,5,3,1|4|4|6|6,2|5|5|7|7,21,26,4,0,none,True,True,False,False,False,False,computed_total_slot_anomaly_obstruction,21|26|5|3,0|21|21|21|21,none,0,0,True,,
widened_enumeration,r1|4|5|5|5_u0,5,0,1|4|5|5|5,2|5|6|6|6,20,25,4,0,none,True,True,False,False,True,False,computed_total_slot_anomaly_obstruction,20|25|5|0,0|20|20|20|20,none,0,0,True,,
widened_enumeration,r1|4|5|5|5_u1,5,1,1|4|5|5|5,2|5|6|6|6,20,25,4,0,none,True,True,False,False,True,False,computed_total_slot_anomaly_obstruction,20|25|5|1,0|20|20|20|20,none,0,0,True,,
widened_enumeration,r1|4|5|5|5_u2,5,2,1|4|5|5|5,2|5|6|6|6,20,25,4,0,none,True,True,False,False,True,False,computed_total_slot_anomaly_obstruction,20|25|5|2,0|20|20|20|20,none,0,0,True,,
widened_enumeration,r1|4|5|5|5_u3,5,3,1|4|5|5|5,2|5|6|6|6,20,25,4,0,none,True,True,False,False,True,False,computed_total_slot_anomaly_obstruction,20|25|5|3,0|20|20|20|20,none,0,0,True,,
widened_enumeration,r1|4|5|5|6_u0,5,0,1|4|5|5|6,2|5|6|6|7,21,26,4,0,none,True,True,False,False,False,False,computed_total_slot_anomaly_obstruction,21|26|5|0,0|21|21|21|21,none,0,0,True,,
widened_enumeration,r1|4|5|5|6_u1,5,1,1|4|5|5|6,2|5|6|6|7,21,26,4,0,none,True,True,False,False,False,False,computed_total_slot_anomaly_obstruction,21|26|5|1,0|21|21|21|21,none,0,0,True,,
widened_enumeration,r1|4|5|5|6_u2,5,2,1|4|5|5|6,2|5|6|6|7,21,26,4,0,none,True,True,False,False,False,False,computed_total_slot_anomaly_obstruction,21|26|5|2,0|21|21|21|21,none,0,0,True,,
widened_enumeration,r1|4|5|5|6_u3,5,3,1|4|5|5|6,2|5|6|6|7,21,26,4,0,none,True,True,False,False,False,False,computed_total_slot_anomaly_obstruction,21|26|5|3,0|21|21|21|21,none,0,0,True,,
widened_enumeration,r1|4|5|6|6_u0,5,0,1|4|5|6|6,2|5|6|7|7,22,27,4,0,none,True,True,False,False,True,False,computed_total_slot_anomaly_obstruction,22|27|5|0,0|22|22|22|22,none,0,0,True,,
widened_enumeration,r1|4|5|6|6_u1,5,1,1|4|5|6|6,2|5|6|7|7,22,27,4,0,none,True,True,False,False,True,False,computed_total_slot_anomaly_obstruction,22|27|5|1,0|22|22|22|22,none,0,0,True,,
widened_enumeration,r1|4|5|6|6_u2,5,2,1|4|5|6|6,2|5|6|7|7,22,27,4,0,none,True,True,False,False,True,False,computed_total_slot_anomaly_obstruction,22|27|5|2,0|22|22|22|22,none,0,0,True,,
widened_enumeration,r1|4|5|6|6_u3,5,3,1|4|5|6|6,2|5|6|7|7,22,27,4,0,none,True,True,False,False,True,False,computed_total_slot_anomaly_obstruction,22|27|5|3,0|22|22|22|22,none,0,0,True,,
widened_enumeration,r1|4|6|6|6_u0,5,0,1|4|6|6|6,2|5|7|7|7,23,28,4,0,none,True,True,False,False,False,False,computed_total_slot_anomaly_obstruction,23|28|5|0,0|23|23|23|23,none,0,0,True,,
widened_enumeration,r1|4|6|6|6_u1,5,1,1|4|6|6|6,2|5|7|7|7,23,28,4,0,none,True,True,False,False,False,False,computed_total_slot_anomaly_obstruction,23|28|5|1,0|23|23|23|23,none,0,0,True,,
widened_enumeration,r1|4|6|6|6_u2,5,2,1|4|6|6|6,2|5|7|7|7,23,28,4,0,none,True,True,False,False,False,False,computed_total_slot_anomaly_obstruction,23|28|5|2,0|23|23|23|23,none,0,0,True,,
widened_enumeration,r1|4|6|6|6_u3,5,3,1|4|6|6|6,2|5|7|7|7,23,28,4,0,none,True,True,False,False,False,False,computed_total_slot_anomaly_obstruction,23|28|5|3,0|23|23|23|23,none,0,0,True,,
widened_enumeration,r1|5|5|5|5_u0,5,0,1|5|5|5|5,2|6|6|6|6,21,26,4,0,none,True,True,False,False,False,False,computed_total_slot_anomaly_obstruction,21|26|5|0,0|21|21|21|21,none,0,0,True,,
widened_enumeration,r1|5|5|5|5_u1,5,1,1|5|5|5|5,2|6|6|6|6,21,26,4,0,none,True,True,False,False,False,False,computed_total_slot_anomaly_obstruction,21|26|5|1,0|21|21|21|21,none,0,0,True,,
widened_enumeration,r1|5|5|5|5_u2,5,2,1|5|5|5|5,2|6|6|6|6,21,26,4,0,none,True,True,False,False,False,False,computed_total_slot_anomaly_obstruction,21|26|5|2,0|21|21|21|21,none,0,0,True,,
widened_enumeration,r1|5|5|5|5_u3,5,3,1|5|5|5|5,2|6|6|6|6,21,26,4,0,none,True,True,False,False,False,False,computed_total_slot_anomaly_obstruction,21|26|5|3,0|21|21|21|21,none,0,0,True,,
widened_enumeration,r1|5|5|5|6_u0,5,0,1|5|5|5|6,2|6|6|6|7,22,27,4,0,none,True,True,False,False,True,False,computed_total_slot_anomaly_obstruction,22|27|5|0,0|22|22|22|22,none,0,0,True,,
widened_enumeration,r1|5|5|5|6_u1,5,1,1|5|5|5|6,2|6|6|6|7,22,27,4,0,none,True,True,False,False,True,False,computed_total_slot_anomaly_obstruction,22|27|5|1,0|22|22|22|22,none,0,0,True,,
widened_enumeration,r1|5|5|5|6_u2,5,2,1|5|5|5|6,2|6|6|6|7,22,27,4,0,none,True,True,False,False,True,False,computed_total_slot_anomaly_obstruction,22|27|5|2,0|22|22|22|22,none,0,0,True,,
widened_enumeration,r1|5|5|5|6_u3,5,3,1|5|5|5|6,2|6|6|6|7,22,27,4,0,none,True,True,False,False,True,False,computed_total_slot_anomaly_obstruction,22|27|5|3,0|22|22|22|22,none,0,0,True,,
widened_enumeration,r1|5|5|6|6_u0,5,0,1|5|5|6|6,2|6|6|7|7,23,28,4,0,none,True,True,False,False,False,False,computed_total_slot_anomaly_obstruction,23|28|5|0,0|23|23|23|23,none,0,0,True,,
widened_enumeration,r1|5|5|6|6_u1,5,1,1|5|5|6|6,2|6|6|7|7,23,28,4,0,none,True,True,False,False,False,False,computed_total_slot_anomaly_obstruction,23|28|5|1,0|23|23|23|23,none,0,0,True,,
widened_enumeration,r1|5|5|6|6_u2,5,2,1|5|5|6|6,2|6|6|7|7,23,28,4,0,none,True,True,False,False,False,False,computed_total_slot_anomaly_obstruction,23|28|5|2,0|23|23|23|23,none,0,0,True,,
widened_enumeration,r1|5|5|6|6_u3,5,3,1|5|5|6|6,2|6|6|7|7,23,28,4,0,none,True,True,False,False,False,False,computed_total_slot_anomaly_obstruction,23|28|5|3,0|23|23|23|23,none,0,0,True,,
widened_enumeration,r1|5|6|6|6_u0,5,0,1|5|6|6|6,2|6|7|7|7,24,29,4,0,none,True,True,False,False,True,False,computed_total_slot_anomaly_obstruction,24|29|5|0,0|24|24|24|24,none,0,0,True,,
widened_enumeration,r1|5|6|6|6_u1,5,1,1|5|6|6|6,2|6|7|7|7,24,29,4,0,none,True,True,False,False,True,False,computed_total_slot_anomaly_obstruction,24|29|5|1,0|24|24|24|24,none,0,0,True,,
widened_enumeration,r1|5|6|6|6_u2,5,2,1|5|6|6|6,2|6|7|7|7,24,29,4,0,none,True,True,False,False,True,False,computed_total_slot_anomaly_obstruction,24|29|5|2,0|24|24|24|24,none,0,0,True,,
widened_enumeration,r1|5|6|6|6_u3,5,3,1|5|6|6|6,2|6|7|7|7,24,29,4,0,none,True,True,False,False,True,False,computed_total_slot_anomaly_obstruction,24|29|5|3,0|24|24|24|24,none,0,0,True,,
widened_enumeration,r1|6|6|6|6_u0,5,0,1|6|6|6|6,2|7|7|7|7,25,30,4,0,none,True,True,False,False,False,False,computed_total_slot_anomaly_obstruction,25|30|5|0,0|25|25|25|25,none,0,0,True,,
widened_enumeration,r1|6|6|6|6_u1,5,1,1|6|6|6|6,2|7|7|7|7,25,30,4,0,none,True,True,False,False,False,False,computed_total_slot_anomaly_obstruction,25|30|5|1,0|25|25|25|25,none,0,0,True,,
widened_enumeration,r1|6|6|6|6_u2,5,2,1|6|6|6|6,2|7|7|7|7,25,30,4,0,none,True,True,False,False,False,False,computed_total_slot_anomaly_obstruction,25|30|5|2,0|25|25|25|25,none,0,0,True,,
widened_enumeration,r1|6|6|6|6_u3,5,3,1|6|6|6|6,2|7|7|7|7,25,30,4,0,none,True,True,False,False,False,False,computed_total_slot_anomaly_obstruction,25|30|5|3,0|25|25|25|25,none,0,0,True,,
widened_enumeration,r2|2|2|2|2_u0,5,0,2|2|2|2|2,3|3|3|3|3,10,15,4,0,none,True,True,False,False,True,False,computed_total_slot_anomaly_obstruction,10|15|5|0,10|10|10|10|10,none,0,0,True,,
widened_enumeration,r2|2|2|2|2_u1,5,1,2|2|2|2|2,3|3|3|3|3,10,15,4,0,none,True,True,False,False,True,False,computed_total_slot_anomaly_obstruction,10|15|5|1,10|10|10|10|10,none,0,0,True,,
widened_enumeration,r2|2|2|2|2_u2,5,2,2|2|2|2|2,3|3|3|3|3,10,15,4,0,none,True,True,False,False,True,False,computed_total_slot_anomaly_obstruction,10|15|5|2,10|10|10|10|10,none,0,0,True,,
widened_enumeration,r2|2|2|2|2_u3,5,3,2|2|2|2|2,3|3|3|3|3,10,15,4,0,none,True,True,False,False,True,False,computed_total_slot_anomaly_obstruction,10|15|5|3,10|10|10|10|10,none,0,0,True,,
widened_enumeration,r2|2|2|2|3_u0,5,0,2|2|2|2|3,3|3|3|3|4,11,16,4,0,none,True,True,False,False,True,False,computed_total_slot_anomaly_obstruction,11|16|5|0,11|11|11|11|11,none,0,0,True,,
widened_enumeration,r2|2|2|2|3_u1,5,1,2|2|2|2|3,3|3|3|3|4,11,16,4,0,none,True,True,False,False,True,False,computed_total_slot_anomaly_obstruction,11|16|5|1,11|11|11|11|11,none,0,0,True,,
widened_enumeration,r2|2|2|2|3_u2,5,2,2|2|2|2|3,3|3|3|3|4,11,16,4,0,none,True,True,False,False,True,False,computed_total_slot_anomaly_obstruction,11|16|5|2,11|11|11|11|11,none,0,0,True,,
widened_enumeration,r2|2|2|2|3_u3,5,3,2|2|2|2|3,3|3|3|3|4,11,16,4,0,none,True,True,False,False,True,False,computed_total_slot_anomaly_obstruction,11|16|5|3,11|11|11|11|11,none,0,0,True,,
widened_enumeration,r2|2|2|2|4_u0,5,0,2|2|2|2|4,3|3|3|3|5,12,17,4,0,none,True,True,False,False,True,False,computed_total_slot_anomaly_obstruction,12|17|5|0,12|12|12|12|12,none,0,0,True,,
widened_enumeration,r2|2|2|2|4_u1,5,1,2|2|2|2|4,3|3|3|3|5,12,17,4,0,none,True,True,False,False,True,False,computed_total_slot_anomaly_obstruction,12|17|5|1,12|12|12|12|12,none,0,0,True,,
widened_enumeration,r2|2|2|2|4_u2,5,2,2|2|2|2|4,3|3|3|3|5,12,17,4,0,none,True,True,False,False,True,False,computed_total_slot_anomaly_obstruction,12|17|5|2,12|12|12|12|12,none,0,0,True,,
widened_enumeration,r2|2|2|2|4_u3,5,3,2|2|2|2|4,3|3|3|3|5,12,17,4,0,none,True,True,False,False,True,False,computed_total_slot_anomaly_obstruction,12|17|5|3,12|12|12|12|12,none,0,0,True,,
widened_enumeration,r2|2|2|2|5_u0,5,0,2|2|2|2|5,3|3|3|3|6,13,18,4,0,none,True,True,False,False,True,False,computed_total_slot_anomaly_obstruction,13|18|5|0,13|13|13|13|13,none,0,0,True,,
widened_enumeration,r2|2|2|2|5_u1,5,1,2|2|2|2|5,3|3|3|3|6,13,18,4,0,none,True,True,False,False,True,False,computed_total_slot_anomaly_obstruction,13|18|5|1,13|13|13|13|13,none,0,0,True,,
widened_enumeration,r2|2|2|2|5_u2,5,2,2|2|2|2|5,3|3|3|3|6,13,18,4,0,none,True,True,False,False,True,False,computed_total_slot_anomaly_obstruction,13|18|5|2,13|13|13|13|13,none,0,0,True,,
widened_enumeration,r2|2|2|2|5_u3,5,3,2|2|2|2|5,3|3|3|3|6,13,18,4,0,none,True,True,False,False,True,False,computed_total_slot_anomaly_obstruction,13|18|5|3,13|13|13|13|13,none,0,0,True,,
widened_enumeration,r2|2|2|2|6_u0,5,0,2|2|2|2|6,3|3|3|3|7,14,19,4,0,none,True,True,False,False,True,False,computed_total_slot_anomaly_obstruction,14|19|5|0,14|14|14|14|14,none,0,0,True,,
widened_enumeration,r2|2|2|2|6_u1,5,1,2|2|2|2|6,3|3|3|3|7,14,19,4,0,none,True,True,False,False,True,False,computed_total_slot_anomaly_obstruction,14|19|5|1,14|14|14|14|14,none,0,0,True,,
widened_enumeration,r2|2|2|2|6_u2,5,2,2|2|2|2|6,3|3|3|3|7,14,19,4,0,none,True,True,False,False,True,False,computed_total_slot_anomaly_obstruction,14|19|5|2,14|14|14|14|14,none,0,0,True,,
widened_enumeration,r2|2|2|2|6_u3,5,3,2|2|2|2|6,3|3|3|3|7,14,19,4,0,none,True,True,False,False,True,False,computed_total_slot_anomaly_obstruction,14|19|5|3,14|14|14|14|14,none,0,0,True,,
widened_enumeration,r2|2|2|3|3_u0,5,0,2|2|2|3|3,3|3|3|4|4,12,17,4,0,none,True,True,False,False,True,False,computed_total_slot_anomaly_obstruction,12|17|5|0,12|12|12|12|12,none,0,0,True,,
widened_enumeration,r2|2|2|3|3_u1,5,1,2|2|2|3|3,3|3|3|4|4,12,17,4,0,none,True,True,False,False,True,False,computed_total_slot_anomaly_obstruction,12|17|5|1,12|12|12|12|12,none,0,0,True,,
widened_enumeration,r2|2|2|3|3_u2,5,2,2|2|2|3|3,3|3|3|4|4,12,17,4,0,none,True,True,False,False,True,False,computed_total_slot_anomaly_obstruction,12|17|5|2,12|12|12|12|12,none,0,0,True,,
widened_enumeration,r2|2|2|3|3_u3,5,3,2|2|2|3|3,3|3|3|4|4,12,17,4,0,none,True,True,False,False,True,False,computed_total_slot_anomaly_obstruction,12|17|5|3,12|12|12|12|12,none,0,0,True,,
widened_enumeration,r2|2|2|3|4_u0,5,0,2|2|2|3|4,3|3|3|4|5,13,18,4,0,none,True,True,False,False,True,False,computed_total_slot_anomaly_obstruction,13|18|5|0,13|13|13|13|13,none,0,0,True,,
widened_enumeration,r2|2|2|3|4_u1,5,1,2|2|2|3|4,3|3|3|4|5,13,18,4,0,none,True,True,False,False,True,False,computed_total_slot_anomaly_obstruction,13|18|5|1,13|13|13|13|13,none,0,0,True,,
widened_enumeration,r2|2|2|3|4_u2,5,2,2|2|2|3|4,3|3|3|4|5,13,18,4,0,none,True,True,False,False,True,False,computed_total_slot_anomaly_obstruction,13|18|5|2,13|13|13|13|13,none,0,0,True,,
widened_enumeration,r2|2|2|3|4_u3,5,3,2|2|2|3|4,3|3|3|4|5,13,18,4,0,none,True,True,False,False,True,False,computed_total_slot_anomaly_obstruction,13|18|5|3,13|13|13|13|13,none,0,0,True,,
widened_enumeration,r2|2|2|3|5_u0,5,0,2|2|2|3|5,3|3|3|4|6,14,19,4,0,none,True,True,False,False,True,False,computed_total_slot_anomaly_obstruction,14|19|5|0,14|14|14|14|14,none,0,0,True,,
widened_enumeration,r2|2|2|3|5_u1,5,1,2|2|2|3|5,3|3|3|4|6,14,19,4,0,none,True,True,False,False,True,False,computed_total_slot_anomaly_obstruction,14|19|5|1,14|14|14|14|14,none,0,0,True,,
widened_enumeration,r2|2|2|3|5_u2,5,2,2|2|2|3|5,3|3|3|4|6,14,19,4,0,none,True,True,False,False,True,False,computed_total_slot_anomaly_obstruction,14|19|5|2,14|14|14|14|14,none,0,0,True,,
widened_enumeration,r2|2|2|3|5_u3,5,3,2|2|2|3|5,3|3|3|4|6,14,19,4,0,none,True,True,False,False,True,False,computed_total_slot_anomaly_obstruction,14|19|5|3,14|14|14|14|14,none,0,0,True,,
widened_enumeration,r2|2|2|3|6_u0,5,0,2|2|2|3|6,3|3|3|4|7,15,20,4,0,none,True,True,False,False,True,False,computed_total_slot_anomaly_obstruction,15|20|5|0,15|15|15|15|15,none,0,0,True,,
widened_enumeration,r2|2|2|3|6_u1,5,1,2|2|2|3|6,3|3|3|4|7,15,20,4,0,none,True,True,False,False,True,False,computed_total_slot_anomaly_obstruction,15|20|5|1,15|15|15|15|15,none,0,0,True,,
widened_enumeration,r2|2|2|3|6_u2,5,2,2|2|2|3|6,3|3|3|4|7,15,20,4,0,none,True,True,False,False,True,False,computed_total_slot_anomaly_obstruction,15|20|5|2,15|15|15|15|15,none,0,0,True,,
widened_enumeration,r2|2|2|3|6_u3,5,3,2|2|2|3|6,3|3|3|4|7,15,20,4,0,none,True,True,False,False,True,False,computed_total_slot_anomaly_obstruction,15|20|5|3,15|15|15|15|15,none,0,0,True,,
widened_enumeration,r2|2|2|4|4_u0,5,0,2|2|2|4|4,3|3|3|5|5,14,19,4,0,none,True,True,False,False,True,False,computed_total_slot_anomaly_obstruction,14|19|5|0,14|14|14|14|14,none,0,0,True,,
widened_enumeration,r2|2|2|4|4_u1,5,1,2|2|2|4|4,3|3|3|5|5,14,19,4,0,none,True,True,False,False,True,False,computed_total_slot_anomaly_obstruction,14|19|5|1,14|14|14|14|14,none,0,0,True,,
widened_enumeration,r2|2|2|4|4_u2,5,2,2|2|2|4|4,3|3|3|5|5,14,19,4,0,none,True,True,False,False,True,False,computed_total_slot_anomaly_obstruction,14|19|5|2,14|14|14|14|14,none,0,0,True,,
widened_enumeration,r2|2|2|4|4_u3,5,3,2|2|2|4|4,3|3|3|5|5,14,19,4,0,none,True,True,False,False,True,False,computed_total_slot_anomaly_obstruction,14|19|5|3,14|14|14|14|14,none,0,0,True,,
widened_enumeration,r2|2|2|4|5_u0,5,0,2|2|2|4|5,3|3|3|5|6,15,20,4,0,none,True,True,False,False,True,False,computed_total_slot_anomaly_obstruction,15|20|5|0,15|15|15|15|15,none,0,0,True,,
widened_enumeration,r2|2|2|4|5_u1,5,1,2|2|2|4|5,3|3|3|5|6,15,20,4,0,none,True,True,False,False,True,False,computed_total_slot_anomaly_obstruction,15|20|5|1,15|15|15|15|15,none,0,0,True,,
widened_enumeration,r2|2|2|4|5_u2,5,2,2|2|2|4|5,3|3|3|5|6,15,20,4,0,none,True,True,False,False,True,False,computed_total_slot_anomaly_obstruction,15|20|5|2,15|15|15|15|15,none,0,0,True,,
widened_enumeration,r2|2|2|4|5_u3,5,3,2|2|2|4|5,3|3|3|5|6,15,20,4,0,none,True,True,False,False,True,False,computed_total_slot_anomaly_obstruction,15|20|5|3,15|15|15|15|15,none,0,0,True,,
widened_enumeration,r2|2|2|4|6_u0,5,0,2|2|2|4|6,3|3|3|5|7,16,21,4,0,none,True,True,False,False,True,False,computed_total_slot_anomaly_obstruction,16|21|5|0,16|16|16|16|16,none,0,0,True,,
widened_enumeration,r2|2|2|4|6_u1,5,1,2|2|2|4|6,3|3|3|5|7,16,21,4,0,none,True,True,False,False,True,False,computed_total_slot_anomaly_obstruction,16|21|5|1,16|16|16|16|16,none,0,0,True,,
widened_enumeration,r2|2|2|4|6_u2,5,2,2|2|2|4|6,3|3|3|5|7,16,21,4,0,none,True,True,False,False,True,False,computed_total_slot_anomaly_obstruction,16|21|5|2,16|16|16|16|16,none,0,0,True,,
widened_enumeration,r2|2|2|4|6_u3,5,3,2|2|2|4|6,3|3|3|5|7,16,21,4,0,none,True,True,False,False,True,False,computed_total_slot_anomaly_obstruction,16|21|5|3,16|16|16|16|16,none,0,0,True,,
widened_enumeration,r2|2|2|5|5_u0,5,0,2|2|2|5|5,3|3|3|6|6,16,21,4,0,none,True,True,False,False,True,False,computed_total_slot_anomaly_obstruction,16|21|5|0,16|16|16|16|16,none,0,0,True,,
widened_enumeration,r2|2|2|5|5_u1,5,1,2|2|2|5|5,3|3|3|6|6,16,21,4,0,none,True,True,False,False,True,False,computed_total_slot_anomaly_obstruction,16|21|5|1,16|16|16|16|16,none,0,0,True,,
widened_enumeration,r2|2|2|5|5_u2,5,2,2|2|2|5|5,3|3|3|6|6,16,21,4,0,none,True,True,False,False,True,False,computed_total_slot_anomaly_obstruction,16|21|5|2,16|16|16|16|16,none,0,0,True,,
widened_enumeration,r2|2|2|5|5_u3,5,3,2|2|2|5|5,3|3|3|6|6,16,21,4,0,none,True,True,False,False,True,False,computed_total_slot_anomaly_obstruction,16|21|5|3,16|16|16|16|16,none,0,0,True,,
widened_enumeration,r2|2|2|5|6_u0,5,0,2|2|2|5|6,3|3|3|6|7,17,22,4,0,none,True,True,False,False,True,False,computed_total_slot_anomaly_obstruction,17|22|5|0,17|17|17|17|17,none,0,0,True,,
widened_enumeration,r2|2|2|5|6_u1,5,1,2|2|2|5|6,3|3|3|6|7,17,22,4,0,none,True,True,False,False,True,False,computed_total_slot_anomaly_obstruction,17|22|5|1,17|17|17|17|17,none,0,0,True,,
widened_enumeration,r2|2|2|5|6_u2,5,2,2|2|2|5|6,3|3|3|6|7,17,22,4,0,none,True,True,False,False,True,False,computed_total_slot_anomaly_obstruction,17|22|5|2,17|17|17|17|17,none,0,0,True,,
widened_enumeration,r2|2|2|5|6_u3,5,3,2|2|2|5|6,3|3|3|6|7,17,22,4,0,none,True,True,False,False,True,False,computed_total_slot_anomaly_obstruction,17|22|5|3,17|17|17|17|17,none,0,0,True,,
widened_enumeration,r2|2|2|6|6_u0,5,0,2|2|2|6|6,3|3|3|7|7,18,23,4,0,none,True,True,False,False,True,False,computed_total_slot_anomaly_obstruction,18|23|5|0,18|18|18|18|18,none,0,0,True,,
widened_enumeration,r2|2|2|6|6_u1,5,1,2|2|2|6|6,3|3|3|7|7,18,23,4,0,none,True,True,False,False,True,False,computed_total_slot_anomaly_obstruction,18|23|5|1,18|18|18|18|18,none,0,0,True,,
widened_enumeration,r2|2|2|6|6_u2,5,2,2|2|2|6|6,3|3|3|7|7,18,23,4,0,none,True,True,False,False,True,False,computed_total_slot_anomaly_obstruction,18|23|5|2,18|18|18|18|18,none,0,0,True,,
widened_enumeration,r2|2|2|6|6_u3,5,3,2|2|2|6|6,3|3|3|7|7,18,23,4,0,none,True,True,False,False,True,False,computed_total_slot_anomaly_obstruction,18|23|5|3,18|18|18|18|18,none,0,0,True,,
widened_enumeration,r2|2|3|3|3_u0,5,0,2|2|3|3|3,3|3|4|4|4,13,18,4,0,none,True,True,False,False,True,False,computed_total_slot_anomaly_obstruction,13|18|5|0,13|13|13|13|13,none,0,0,True,,
widened_enumeration,r2|2|3|3|3_u1,5,1,2|2|3|3|3,3|3|4|4|4,13,18,4,0,none,True,True,False,False,True,False,computed_total_slot_anomaly_obstruction,13|18|5|1,13|13|13|13|13,none,0,0,True,,
widened_enumeration,r2|2|3|3|3_u2,5,2,2|2|3|3|3,3|3|4|4|4,13,18,4,0,none,True,True,False,False,True,False,computed_total_slot_anomaly_obstruction,13|18|5|2,13|13|13|13|13,none,0,0,True,,
widened_enumeration,r2|2|3|3|3_u3,5,3,2|2|3|3|3,3|3|4|4|4,13,18,4,0,none,True,True,False,False,True,False,computed_total_slot_anomaly_obstruction,13|18|5|3,13|13|13|13|13,none,0,0,True,,
widened_enumeration,r2|2|3|3|4_u0,5,0,2|2|3|3|4,3|3|4|4|5,14,19,4,0,none,True,True,False,False,True,False,computed_total_slot_anomaly_obstruction,14|19|5|0,14|14|14|14|14,none,0,0,True,,
widened_enumeration,r2|2|3|3|4_u1,5,1,2|2|3|3|4,3|3|4|4|5,14,19,4,0,none,True,True,False,False,True,False,computed_total_slot_anomaly_obstruction,14|19|5|1,14|14|14|14|14,none,0,0,True,,
widened_enumeration,r2|2|3|3|4_u2,5,2,2|2|3|3|4,3|3|4|4|5,14,19,4,0,none,True,True,False,False,True,False,computed_total_slot_anomaly_obstruction,14|19|5|2,14|14|14|14|14,none,0,0,True,,
widened_enumeration,r2|2|3|3|4_u3,5,3,2|2|3|3|4,3|3|4|4|5,14,19,4,0,none,True,True,False,False,True,False,computed_total_slot_anomaly_obstruction,14|19|5|3,14|14|14|14|14,none,0,0,True,,
widened_enumeration,r2|2|3|3|5_u0,5,0,2|2|3|3|5,3|3|4|4|6,15,20,4,0,none,True,True,False,False,True,False,computed_total_slot_anomaly_obstruction,15|20|5|0,15|15|15|15|15,none,0,0,True,,
widened_enumeration,r2|2|3|3|5_u1,5,1,2|2|3|3|5,3|3|4|4|6,15,20,4,0,none,True,True,False,False,True,False,computed_total_slot_anomaly_obstruction,15|20|5|1,15|15|15|15|15,none,0,0,True,,
widened_enumeration,r2|2|3|3|5_u2,5,2,2|2|3|3|5,3|3|4|4|6,15,20,4,0,none,True,True,False,False,True,False,computed_total_slot_anomaly_obstruction,15|20|5|2,15|15|15|15|15,none,0,0,True,,
widened_enumeration,r2|2|3|3|5_u3,5,3,2|2|3|3|5,3|3|4|4|6,15,20,4,0,none,True,True,False,False,True,False,computed_total_slot_anomaly_obstruction,15|20|5|3,15|15|15|15|15,none,0,0,True,,
widened_enumeration,r2|2|3|3|6_u0,5,0,2|2|3|3|6,3|3|4|4|7,16,21,4,0,none,True,True,False,False,True,False,computed_total_slot_anomaly_obstruction,16|21|5|0,16|16|16|16|16,none,0,0,True,,
widened_enumeration,r2|2|3|3|6_u1,5,1,2|2|3|3|6,3|3|4|4|7,16,21,4,0,none,True,True,False,False,True,False,computed_total_slot_anomaly_obstruction,16|21|5|1,16|16|16|16|16,none,0,0,True,,
widened_enumeration,r2|2|3|3|6_u2,5,2,2|2|3|3|6,3|3|4|4|7,16,21,4,0,none,True,True,False,False,True,False,computed_total_slot_anomaly_obstruction,16|21|5|2,16|16|16|16|16,none,0,0,True,,
widened_enumeration,r2|2|3|3|6_u3,5,3,2|2|3|3|6,3|3|4|4|7,16,21,4,0,none,True,True,False,False,True,False,computed_total_slot_anomaly_obstruction,16|21|5|3,16|16|16|16|16,none,0,0,True,,
widened_enumeration,r2|2|3|4|4_u0,5,0,2|2|3|4|4,3|3|4|5|5,15,20,4,0,none,True,True,False,False,True,False,computed_total_slot_anomaly_obstruction,15|20|5|0,15|15|15|15|15,none,0,0,True,,
widened_enumeration,r2|2|3|4|4_u1,5,1,2|2|3|4|4,3|3|4|5|5,15,20,4,0,none,True,True,False,False,True,False,computed_total_slot_anomaly_obstruction,15|20|5|1,15|15|15|15|15,none,0,0,True,,
widened_enumeration,r2|2|3|4|4_u2,5,2,2|2|3|4|4,3|3|4|5|5,15,20,4,0,none,True,True,False,False,True,False,computed_total_slot_anomaly_obstruction,15|20|5|2,15|15|15|15|15,none,0,0,True,,
widened_enumeration,r2|2|3|4|4_u3,5,3,2|2|3|4|4,3|3|4|5|5,15,20,4,0,none,True,True,False,False,True,False,computed_total_slot_anomaly_obstruction,15|20|5|3,15|15|15|15|15,none,0,0,True,,
widened_enumeration,r2|2|3|4|5_u0,5,0,2|2|3|4|5,3|3|4|5|6,16,21,4,0,none,True,True,False,False,True,False,computed_total_slot_anomaly_obstruction,16|21|5|0,16|16|16|16|16,none,0,0,True,,
widened_enumeration,r2|2|3|4|5_u1,5,1,2|2|3|4|5,3|3|4|5|6,16,21,4,0,none,True,True,False,False,True,False,computed_total_slot_anomaly_obstruction,16|21|5|1,16|16|16|16|16,none,0,0,True,,
widened_enumeration,r2|2|3|4|5_u2,5,2,2|2|3|4|5,3|3|4|5|6,16,21,4,0,none,True,True,False,False,True,False,computed_total_slot_anomaly_obstruction,16|21|5|2,16|16|16|16|16,none,0,0,True,,
widened_enumeration,r2|2|3|4|5_u3,5,3,2|2|3|4|5,3|3|4|5|6,16,21,4,0,none,True,True,False,False,True,False,computed_total_slot_anomaly_obstruction,16|21|5|3,16|16|16|16|16,none,0,0,True,,
widened_enumeration,r2|2|3|4|6_u0,5,0,2|2|3|4|6,3|3|4|5|7,17,22,4,0,none,True,True,False,False,True,False,computed_total_slot_anomaly_obstruction,17|22|5|0,17|17|17|17|17,none,0,0,True,,
widened_enumeration,r2|2|3|4|6_u1,5,1,2|2|3|4|6,3|3|4|5|7,17,22,4,0,none,True,True,False,False,True,False,computed_total_slot_anomaly_obstruction,17|22|5|1,17|17|17|17|17,none,0,0,True,,
widened_enumeration,r2|2|3|4|6_u2,5,2,2|2|3|4|6,3|3|4|5|7,17,22,4,0,none,True,True,False,False,True,False,computed_total_slot_anomaly_obstruction,17|22|5|2,17|17|17|17|17,none,0,0,True,,
widened_enumeration,r2|2|3|4|6_u3,5,3,2|2|3|4|6,3|3|4|5|7,17,22,4,0,none,True,True,False,False,True,False,computed_total_slot_anomaly_obstruction,17|22|5|3,17|17|17|17|17,none,0,0,True,,
widened_enumeration,r2|2|3|5|5_u0,5,0,2|2|3|5|5,3|3|4|6|6,17,22,4,0,none,True,True,False,False,True,False,computed_total_slot_anomaly_obstruction,17|22|5|0,17|17|17|17|17,none,0,0,True,,
widened_enumeration,r2|2|3|5|5_u1,5,1,2|2|3|5|5,3|3|4|6|6,17,22,4,0,none,True,True,False,False,True,False,computed_total_slot_anomaly_obstruction,17|22|5|1,17|17|17|17|17,none,0,0,True,,
widened_enumeration,r2|2|3|5|5_u2,5,2,2|2|3|5|5,3|3|4|6|6,17,22,4,0,none,True,True,False,False,True,False,computed_total_slot_anomaly_obstruction,17|22|5|2,17|17|17|17|17,none,0,0,True,,
widened_enumeration,r2|2|3|5|5_u3,5,3,2|2|3|5|5,3|3|4|6|6,17,22,4,0,none,True,True,False,False,True,False,computed_total_slot_anomaly_obstruction,17|22|5|3,17|17|17|17|17,none,0,0,True,,
widened_enumeration,r2|2|3|5|6_u0,5,0,2|2|3|5|6,3|3|4|6|7,18,23,4,0,none,True,True,False,False,True,False,computed_total_slot_anomaly_obstruction,18|23|5|0,18|18|18|18|18,none,0,0,True,,
widened_enumeration,r2|2|3|5|6_u1,5,1,2|2|3|5|6,3|3|4|6|7,18,23,4,0,none,True,True,False,False,True,False,computed_total_slot_anomaly_obstruction,18|23|5|1,18|18|18|18|18,none,0,0,True,,
widened_enumeration,r2|2|3|5|6_u2,5,2,2|2|3|5|6,3|3|4|6|7,18,23,4,0,none,True,True,False,False,True,False,computed_total_slot_anomaly_obstruction,18|23|5|2,18|18|18|18|18,none,0,0,True,,
widened_enumeration,r2|2|3|5|6_u3,5,3,2|2|3|5|6,3|3|4|6|7,18,23,4,0,none,True,True,False,False,True,False,computed_total_slot_anomaly_obstruction,18|23|5|3,18|18|18|18|18,none,0,0,True,,
widened_enumeration,r2|2|3|6|6_u0,5,0,2|2|3|6|6,3|3|4|7|7,19,24,4,0,none,True,True,False,False,True,False,computed_total_slot_anomaly_obstruction,19|24|5|0,19|19|19|19|19,none,0,0,True,,
widened_enumeration,r2|2|3|6|6_u1,5,1,2|2|3|6|6,3|3|4|7|7,19,24,4,0,none,True,True,False,False,True,False,computed_total_slot_anomaly_obstruction,19|24|5|1,19|19|19|19|19,none,0,0,True,,
widened_enumeration,r2|2|3|6|6_u2,5,2,2|2|3|6|6,3|3|4|7|7,19,24,4,0,none,True,True,False,False,True,False,computed_total_slot_anomaly_obstruction,19|24|5|2,19|19|19|19|19,none,0,0,True,,
widened_enumeration,r2|2|3|6|6_u3,5,3,2|2|3|6|6,3|3|4|7|7,19,24,4,0,none,True,True,False,False,True,False,computed_total_slot_anomaly_obstruction,19|24|5|3,19|19|19|19|19,none,0,0,True,,
widened_enumeration,r2|2|4|4|4_u0,5,0,2|2|4|4|4,3|3|5|5|5,16,21,4,0,none,True,True,False,False,True,False,computed_total_slot_anomaly_obstruction,16|21|5|0,16|16|16|16|16,none,0,0,True,,
widened_enumeration,r2|2|4|4|4_u1,5,1,2|2|4|4|4,3|3|5|5|5,16,21,4,0,none,True,True,False,False,True,False,computed_total_slot_anomaly_obstruction,16|21|5|1,16|16|16|16|16,none,0,0,True,,
widened_enumeration,r2|2|4|4|4_u2,5,2,2|2|4|4|4,3|3|5|5|5,16,21,4,0,none,True,True,False,False,True,False,computed_total_slot_anomaly_obstruction,16|21|5|2,16|16|16|16|16,none,0,0,True,,
widened_enumeration,r2|2|4|4|4_u3,5,3,2|2|4|4|4,3|3|5|5|5,16,21,4,0,none,True,True,False,False,True,False,computed_total_slot_anomaly_obstruction,16|21|5|3,16|16|16|16|16,none,0,0,True,,
widened_enumeration,r2|2|4|4|5_u0,5,0,2|2|4|4|5,3|3|5|5|6,17,22,4,0,none,True,True,False,False,True,False,computed_total_slot_anomaly_obstruction,17|22|5|0,17|17|17|17|17,none,0,0,True,,
widened_enumeration,r2|2|4|4|5_u1,5,1,2|2|4|4|5,3|3|5|5|6,17,22,4,0,none,True,True,False,False,True,False,computed_total_slot_anomaly_obstruction,17|22|5|1,17|17|17|17|17,none,0,0,True,,
widened_enumeration,r2|2|4|4|5_u2,5,2,2|2|4|4|5,3|3|5|5|6,17,22,4,0,none,True,True,False,False,True,False,computed_total_slot_anomaly_obstruction,17|22|5|2,17|17|17|17|17,none,0,0,True,,
widened_enumeration,r2|2|4|4|5_u3,5,3,2|2|4|4|5,3|3|5|5|6,17,22,4,0,none,True,True,False,False,True,False,computed_total_slot_anomaly_obstruction,17|22|5|3,17|17|17|17|17,none,0,0,True,,
widened_enumeration,r2|2|4|4|6_u0,5,0,2|2|4|4|6,3|3|5|5|7,18,23,4,0,none,True,True,False,False,True,False,computed_total_slot_anomaly_obstruction,18|23|5|0,18|18|18|18|18,none,0,0,True,,
widened_enumeration,r2|2|4|4|6_u1,5,1,2|2|4|4|6,3|3|5|5|7,18,23,4,0,none,True,True,False,False,True,False,computed_total_slot_anomaly_obstruction,18|23|5|1,18|18|18|18|18,none,0,0,True,,
widened_enumeration,r2|2|4|4|6_u2,5,2,2|2|4|4|6,3|3|5|5|7,18,23,4,0,none,True,True,False,False,True,False,computed_total_slot_anomaly_obstruction,18|23|5|2,18|18|18|18|18,none,0,0,True,,
widened_enumeration,r2|2|4|4|6_u3,5,3,2|2|4|4|6,3|3|5|5|7,18,23,4,0,none,True,True,False,False,True,False,computed_total_slot_anomaly_obstruction,18|23|5|3,18|18|18|18|18,none,0,0,True,,
widened_enumeration,r2|2|4|5|5_u0,5,0,2|2|4|5|5,3|3|5|6|6,18,23,4,0,none,True,True,False,False,True,False,computed_total_slot_anomaly_obstruction,18|23|5|0,18|18|18|18|18,none,0,0,True,,
widened_enumeration,r2|2|4|5|5_u1,5,1,2|2|4|5|5,3|3|5|6|6,18,23,4,0,none,True,True,False,False,True,False,computed_total_slot_anomaly_obstruction,18|23|5|1,18|18|18|18|18,none,0,0,True,,
widened_enumeration,r2|2|4|5|5_u2,5,2,2|2|4|5|5,3|3|5|6|6,18,23,4,0,none,True,True,False,False,True,False,computed_total_slot_anomaly_obstruction,18|23|5|2,18|18|18|18|18,none,0,0,True,,
widened_enumeration,r2|2|4|5|5_u3,5,3,2|2|4|5|5,3|3|5|6|6,18,23,4,0,none,True,True,False,False,True,False,computed_total_slot_anomaly_obstruction,18|23|5|3,18|18|18|18|18,none,0,0,True,,
widened_enumeration,r2|2|4|5|6_u0,5,0,2|2|4|5|6,3|3|5|6|7,19,24,4,0,none,True,True,False,False,True,False,computed_total_slot_anomaly_obstruction,19|24|5|0,19|19|19|19|19,none,0,0,True,,
widened_enumeration,r2|2|4|5|6_u1,5,1,2|2|4|5|6,3|3|5|6|7,19,24,4,0,none,True,True,False,False,True,False,computed_total_slot_anomaly_obstruction,19|24|5|1,19|19|19|19|19,none,0,0,True,,
widened_enumeration,r2|2|4|5|6_u2,5,2,2|2|4|5|6,3|3|5|6|7,19,24,4,0,none,True,True,False,False,True,False,computed_total_slot_anomaly_obstruction,19|24|5|2,19|19|19|19|19,none,0,0,True,,
widened_enumeration,r2|2|4|5|6_u3,5,3,2|2|4|5|6,3|3|5|6|7,19,24,4,0,none,True,True,False,False,True,False,computed_total_slot_anomaly_obstruction,19|24|5|3,19|19|19|19|19,none,0,0,True,,
widened_enumeration,r2|2|4|6|6_u0,5,0,2|2|4|6|6,3|3|5|7|7,20,25,4,0,none,True,True,False,False,True,False,computed_total_slot_anomaly_obstruction,20|25|5|0,20|20|20|20|20,none,0,0,True,,
widened_enumeration,r2|2|4|6|6_u1,5,1,2|2|4|6|6,3|3|5|7|7,20,25,4,0,none,True,True,False,False,True,False,computed_total_slot_anomaly_obstruction,20|25|5|1,20|20|20|20|20,none,0,0,True,,
widened_enumeration,r2|2|4|6|6_u2,5,2,2|2|4|6|6,3|3|5|7|7,20,25,4,0,none,True,True,False,False,True,False,computed_total_slot_anomaly_obstruction,20|25|5|2,20|20|20|20|20,none,0,0,True,,
widened_enumeration,r2|2|4|6|6_u3,5,3,2|2|4|6|6,3|3|5|7|7,20,25,4,0,none,True,True,False,False,True,False,computed_total_slot_anomaly_obstruction,20|25|5|3,20|20|20|20|20,none,0,0,True,,
widened_enumeration,r2|2|5|5|5_u0,5,0,2|2|5|5|5,3|3|6|6|6,19,24,4,0,none,True,True,False,False,True,False,computed_total_slot_anomaly_obstruction,19|24|5|0,19|19|19|19|19,none,0,0,True,,
widened_enumeration,r2|2|5|5|5_u1,5,1,2|2|5|5|5,3|3|6|6|6,19,24,4,0,none,True,True,False,False,True,False,computed_total_slot_anomaly_obstruction,19|24|5|1,19|19|19|19|19,none,0,0,True,,
widened_enumeration,r2|2|5|5|5_u2,5,2,2|2|5|5|5,3|3|6|6|6,19,24,4,0,none,True,True,False,False,True,False,computed_total_slot_anomaly_obstruction,19|24|5|2,19|19|19|19|19,none,0,0,True,,
widened_enumeration,r2|2|5|5|5_u3,5,3,2|2|5|5|5,3|3|6|6|6,19,24,4,0,none,True,True,False,False,True,False,computed_total_slot_anomaly_obstruction,19|24|5|3,19|19|19|19|19,none,0,0,True,,
widened_enumeration,r2|2|5|5|6_u0,5,0,2|2|5|5|6,3|3|6|6|7,20,25,4,0,none,True,True,False,False,True,False,computed_total_slot_anomaly_obstruction,20|25|5|0,20|20|20|20|20,none,0,0,True,,
widened_enumeration,r2|2|5|5|6_u1,5,1,2|2|5|5|6,3|3|6|6|7,20,25,4,0,none,True,True,False,False,True,False,computed_total_slot_anomaly_obstruction,20|25|5|1,20|20|20|20|20,none,0,0,True,,
widened_enumeration,r2|2|5|5|6_u2,5,2,2|2|5|5|6,3|3|6|6|7,20,25,4,0,none,True,True,False,False,True,False,computed_total_slot_anomaly_obstruction,20|25|5|2,20|20|20|20|20,none,0,0,True,,
widened_enumeration,r2|2|5|5|6_u3,5,3,2|2|5|5|6,3|3|6|6|7,20,25,4,0,none,True,True,False,False,True,False,computed_total_slot_anomaly_obstruction,20|25|5|3,20|20|20|20|20,none,0,0,True,,
widened_enumeration,r2|2|5|6|6_u0,5,0,2|2|5|6|6,3|3|6|7|7,21,26,4,0,none,True,True,False,False,True,False,computed_total_slot_anomaly_obstruction,21|26|5|0,21|21|21|21|21,none,0,0,True,,
widened_enumeration,r2|2|5|6|6_u1,5,1,2|2|5|6|6,3|3|6|7|7,21,26,4,0,none,True,True,False,False,True,False,computed_total_slot_anomaly_obstruction,21|26|5|1,21|21|21|21|21,none,0,0,True,,
widened_enumeration,r2|2|5|6|6_u2,5,2,2|2|5|6|6,3|3|6|7|7,21,26,4,0,none,True,True,False,False,True,False,computed_total_slot_anomaly_obstruction,21|26|5|2,21|21|21|21|21,none,0,0,True,,
widened_enumeration,r2|2|5|6|6_u3,5,3,2|2|5|6|6,3|3|6|7|7,21,26,4,0,none,True,True,False,False,True,False,computed_total_slot_anomaly_obstruction,21|26|5|3,21|21|21|21|21,none,0,0,True,,
widened_enumeration,r2|2|6|6|6_u0,5,0,2|2|6|6|6,3|3|7|7|7,22,27,4,0,none,True,True,False,False,True,False,computed_total_slot_anomaly_obstruction,22|27|5|0,22|22|22|22|22,none,0,0,True,,
widened_enumeration,r2|2|6|6|6_u1,5,1,2|2|6|6|6,3|3|7|7|7,22,27,4,0,none,True,True,False,False,True,False,computed_total_slot_anomaly_obstruction,22|27|5|1,22|22|22|22|22,none,0,0,True,,
widened_enumeration,r2|2|6|6|6_u2,5,2,2|2|6|6|6,3|3|7|7|7,22,27,4,0,none,True,True,False,False,True,False,computed_total_slot_anomaly_obstruction,22|27|5|2,22|22|22|22|22,none,0,0,True,,
widened_enumeration,r2|2|6|6|6_u3,5,3,2|2|6|6|6,3|3|7|7|7,22,27,4,0,none,True,True,False,False,True,False,computed_total_slot_anomaly_obstruction,22|27|5|3,22|22|22|22|22,none,0,0,True,,
widened_enumeration,r2|3|3|3|3_u0,5,0,2|3|3|3|3,3|4|4|4|4,14,19,4,0,none,True,True,False,False,True,False,computed_total_slot_anomaly_obstruction,14|19|5|0,14|14|14|14|14,none,0,0,True,,
widened_enumeration,r2|3|3|3|3_u1,5,1,2|3|3|3|3,3|4|4|4|4,14,19,4,0,none,True,True,False,False,True,False,computed_total_slot_anomaly_obstruction,14|19|5|1,14|14|14|14|14,none,0,0,True,,
widened_enumeration,r2|3|3|3|3_u2,5,2,2|3|3|3|3,3|4|4|4|4,14,19,4,0,none,True,True,False,False,True,False,computed_total_slot_anomaly_obstruction,14|19|5|2,14|14|14|14|14,none,0,0,True,,
widened_enumeration,r2|3|3|3|3_u3,5,3,2|3|3|3|3,3|4|4|4|4,14,19,4,0,none,True,True,False,False,True,False,computed_total_slot_anomaly_obstruction,14|19|5|3,14|14|14|14|14,none,0,0,True,,
widened_enumeration,r2|3|3|3|4_u0,5,0,2|3|3|3|4,3|4|4|4|5,15,20,4,0,none,True,True,False,False,True,False,computed_total_slot_anomaly_obstruction,15|20|5|0,15|15|15|15|15,none,0,0,True,,
widened_enumeration,r2|3|3|3|4_u1,5,1,2|3|3|3|4,3|4|4|4|5,15,20,4,0,none,True,True,False,False,True,False,computed_total_slot_anomaly_obstruction,15|20|5|1,15|15|15|15|15,none,0,0,True,,
widened_enumeration,r2|3|3|3|4_u2,5,2,2|3|3|3|4,3|4|4|4|5,15,20,4,0,none,True,True,False,False,True,False,computed_total_slot_anomaly_obstruction,15|20|5|2,15|15|15|15|15,none,0,0,True,,
widened_enumeration,r2|3|3|3|4_u3,5,3,2|3|3|3|4,3|4|4|4|5,15,20,4,0,none,True,True,False,False,True,False,computed_total_slot_anomaly_obstruction,15|20|5|3,15|15|15|15|15,none,0,0,True,,
widened_enumeration,r2|3|3|3|5_u0,5,0,2|3|3|3|5,3|4|4|4|6,16,21,4,0,none,True,True,False,False,True,False,computed_total_slot_anomaly_obstruction,16|21|5|0,16|16|16|16|16,none,0,0,True,,
widened_enumeration,r2|3|3|3|5_u1,5,1,2|3|3|3|5,3|4|4|4|6,16,21,4,0,none,True,True,False,False,True,False,computed_total_slot_anomaly_obstruction,16|21|5|1,16|16|16|16|16,none,0,0,True,,
widened_enumeration,r2|3|3|3|5_u2,5,2,2|3|3|3|5,3|4|4|4|6,16,21,4,0,none,True,True,False,False,True,False,computed_total_slot_anomaly_obstruction,16|21|5|2,16|16|16|16|16,none,0,0,True,,
widened_enumeration,r2|3|3|3|5_u3,5,3,2|3|3|3|5,3|4|4|4|6,16,21,4,0,none,True,True,False,False,True,False,computed_total_slot_anomaly_obstruction,16|21|5|3,16|16|16|16|16,none,0,0,True,,
widened_enumeration,r2|3|3|3|6_u0,5,0,2|3|3|3|6,3|4|4|4|7,17,22,4,0,none,True,True,False,False,True,False,computed_total_slot_anomaly_obstruction,17|22|5|0,17|17|17|17|17,none,0,0,True,,
widened_enumeration,r2|3|3|3|6_u1,5,1,2|3|3|3|6,3|4|4|4|7,17,22,4,0,none,True,True,False,False,True,False,computed_total_slot_anomaly_obstruction,17|22|5|1,17|17|17|17|17,none,0,0,True,,
widened_enumeration,r2|3|3|3|6_u2,5,2,2|3|3|3|6,3|4|4|4|7,17,22,4,0,none,True,True,False,False,True,False,computed_total_slot_anomaly_obstruction,17|22|5|2,17|17|17|17|17,none,0,0,True,,
widened_enumeration,r2|3|3|3|6_u3,5,3,2|3|3|3|6,3|4|4|4|7,17,22,4,0,none,True,True,False,False,True,False,computed_total_slot_anomaly_obstruction,17|22|5|3,17|17|17|17|17,none,0,0,True,,
widened_enumeration,r2|3|3|4|4_u0,5,0,2|3|3|4|4,3|4|4|5|5,16,21,4,0,none,True,True,False,False,True,False,computed_total_slot_anomaly_obstruction,16|21|5|0,16|16|16|16|16,none,0,0,True,,
widened_enumeration,r2|3|3|4|4_u1,5,1,2|3|3|4|4,3|4|4|5|5,16,21,4,0,none,True,True,False,False,True,False,computed_total_slot_anomaly_obstruction,16|21|5|1,16|16|16|16|16,none,0,0,True,,
widened_enumeration,r2|3|3|4|4_u2,5,2,2|3|3|4|4,3|4|4|5|5,16,21,4,0,none,True,True,False,False,True,False,computed_total_slot_anomaly_obstruction,16|21|5|2,16|16|16|16|16,none,0,0,True,,
widened_enumeration,r2|3|3|4|4_u3,5,3,2|3|3|4|4,3|4|4|5|5,16,21,4,0,none,True,True,False,False,True,False,computed_total_slot_anomaly_obstruction,16|21|5|3,16|16|16|16|16,none,0,0,True,,
widened_enumeration,r2|3|3|4|5_u0,5,0,2|3|3|4|5,3|4|4|5|6,17,22,4,0,none,True,True,False,False,True,False,computed_total_slot_anomaly_obstruction,17|22|5|0,17|17|17|17|17,none,0,0,True,,
widened_enumeration,r2|3|3|4|5_u1,5,1,2|3|3|4|5,3|4|4|5|6,17,22,4,0,none,True,True,False,False,True,False,computed_total_slot_anomaly_obstruction,17|22|5|1,17|17|17|17|17,none,0,0,True,,
widened_enumeration,r2|3|3|4|5_u2,5,2,2|3|3|4|5,3|4|4|5|6,17,22,4,0,none,True,True,False,False,True,False,computed_total_slot_anomaly_obstruction,17|22|5|2,17|17|17|17|17,none,0,0,True,,
widened_enumeration,r2|3|3|4|5_u3,5,3,2|3|3|4|5,3|4|4|5|6,17,22,4,0,none,True,True,False,False,True,False,computed_total_slot_anomaly_obstruction,17|22|5|3,17|17|17|17|17,none,0,0,True,,
widened_enumeration,r2|3|3|4|6_u0,5,0,2|3|3|4|6,3|4|4|5|7,18,23,4,0,none,True,True,False,False,True,False,computed_total_slot_anomaly_obstruction,18|23|5|0,18|18|18|18|18,none,0,0,True,,
widened_enumeration,r2|3|3|4|6_u1,5,1,2|3|3|4|6,3|4|4|5|7,18,23,4,0,none,True,True,False,False,True,False,computed_total_slot_anomaly_obstruction,18|23|5|1,18|18|18|18|18,none,0,0,True,,
widened_enumeration,r2|3|3|4|6_u2,5,2,2|3|3|4|6,3|4|4|5|7,18,23,4,0,none,True,True,False,False,True,False,computed_total_slot_anomaly_obstruction,18|23|5|2,18|18|18|18|18,none,0,0,True,,
widened_enumeration,r2|3|3|4|6_u3,5,3,2|3|3|4|6,3|4|4|5|7,18,23,4,0,none,True,True,False,False,True,False,computed_total_slot_anomaly_obstruction,18|23|5|3,18|18|18|18|18,none,0,0,True,,
widened_enumeration,r2|3|3|5|5_u0,5,0,2|3|3|5|5,3|4|4|6|6,18,23,4,0,none,True,True,False,False,True,False,computed_total_slot_anomaly_obstruction,18|23|5|0,18|18|18|18|18,none,0,0,True,,
widened_enumeration,r2|3|3|5|5_u1,5,1,2|3|3|5|5,3|4|4|6|6,18,23,4,0,none,True,True,False,False,True,False,computed_total_slot_anomaly_obstruction,18|23|5|1,18|18|18|18|18,none,0,0,True,,
widened_enumeration,r2|3|3|5|5_u2,5,2,2|3|3|5|5,3|4|4|6|6,18,23,4,0,none,True,True,False,False,True,False,computed_total_slot_anomaly_obstruction,18|23|5|2,18|18|18|18|18,none,0,0,True,,
widened_enumeration,r2|3|3|5|5_u3,5,3,2|3|3|5|5,3|4|4|6|6,18,23,4,0,none,True,True,False,False,True,False,computed_total_slot_anomaly_obstruction,18|23|5|3,18|18|18|18|18,none,0,0,True,,
widened_enumeration,r2|3|3|5|6_u0,5,0,2|3|3|5|6,3|4|4|6|7,19,24,4,0,none,True,True,False,False,True,False,computed_total_slot_anomaly_obstruction,19|24|5|0,19|19|19|19|19,none,0,0,True,,
widened_enumeration,r2|3|3|5|6_u1,5,1,2|3|3|5|6,3|4|4|6|7,19,24,4,0,none,True,True,False,False,True,False,computed_total_slot_anomaly_obstruction,19|24|5|1,19|19|19|19|19,none,0,0,True,,
widened_enumeration,r2|3|3|5|6_u2,5,2,2|3|3|5|6,3|4|4|6|7,19,24,4,0,none,True,True,False,False,True,False,computed_total_slot_anomaly_obstruction,19|24|5|2,19|19|19|19|19,none,0,0,True,,
widened_enumeration,r2|3|3|5|6_u3,5,3,2|3|3|5|6,3|4|4|6|7,19,24,4,0,none,True,True,False,False,True,False,computed_total_slot_anomaly_obstruction,19|24|5|3,19|19|19|19|19,none,0,0,True,,
widened_enumeration,r2|3|3|6|6_u0,5,0,2|3|3|6|6,3|4|4|7|7,20,25,4,0,none,True,True,False,False,True,False,computed_total_slot_anomaly_obstruction,20|25|5|0,20|20|20|20|20,none,0,0,True,,
widened_enumeration,r2|3|3|6|6_u1,5,1,2|3|3|6|6,3|4|4|7|7,20,25,4,0,none,True,True,False,False,True,False,computed_total_slot_anomaly_obstruction,20|25|5|1,20|20|20|20|20,none,0,0,True,,
widened_enumeration,r2|3|3|6|6_u2,5,2,2|3|3|6|6,3|4|4|7|7,20,25,4,0,none,True,True,False,False,True,False,computed_total_slot_anomaly_obstruction,20|25|5|2,20|20|20|20|20,none,0,0,True,,
widened_enumeration,r2|3|3|6|6_u3,5,3,2|3|3|6|6,3|4|4|7|7,20,25,4,0,none,True,True,False,False,True,False,computed_total_slot_anomaly_obstruction,20|25|5|3,20|20|20|20|20,none,0,0,True,,
widened_enumeration,r2|3|4|4|4_u0,5,0,2|3|4|4|4,3|4|5|5|5,17,22,4,0,none,True,True,False,False,True,False,computed_total_slot_anomaly_obstruction,17|22|5|0,17|17|17|17|17,none,0,0,True,,
widened_enumeration,r2|3|4|4|4_u1,5,1,2|3|4|4|4,3|4|5|5|5,17,22,4,0,none,True,True,False,False,True,False,computed_total_slot_anomaly_obstruction,17|22|5|1,17|17|17|17|17,none,0,0,True,,
widened_enumeration,r2|3|4|4|4_u2,5,2,2|3|4|4|4,3|4|5|5|5,17,22,4,0,none,True,True,False,False,True,False,computed_total_slot_anomaly_obstruction,17|22|5|2,17|17|17|17|17,none,0,0,True,,
widened_enumeration,r2|3|4|4|4_u3,5,3,2|3|4|4|4,3|4|5|5|5,17,22,4,0,none,True,True,False,False,True,False,computed_total_slot_anomaly_obstruction,17|22|5|3,17|17|17|17|17,none,0,0,True,,
widened_enumeration,r2|3|4|4|5_u0,5,0,2|3|4|4|5,3|4|5|5|6,18,23,4,0,none,True,True,False,False,True,False,computed_total_slot_anomaly_obstruction,18|23|5|0,18|18|18|18|18,none,0,0,True,,
widened_enumeration,r2|3|4|4|5_u1,5,1,2|3|4|4|5,3|4|5|5|6,18,23,4,0,none,True,True,False,False,True,False,computed_total_slot_anomaly_obstruction,18|23|5|1,18|18|18|18|18,none,0,0,True,,
widened_enumeration,r2|3|4|4|5_u2,5,2,2|3|4|4|5,3|4|5|5|6,18,23,4,0,none,True,True,False,False,True,False,computed_total_slot_anomaly_obstruction,18|23|5|2,18|18|18|18|18,none,0,0,True,,
widened_enumeration,r2|3|4|4|5_u3,5,3,2|3|4|4|5,3|4|5|5|6,18,23,4,0,none,True,True,False,False,True,False,computed_total_slot_anomaly_obstruction,18|23|5|3,18|18|18|18|18,none,0,0,True,,
widened_enumeration,r2|3|4|4|6_u0,5,0,2|3|4|4|6,3|4|5|5|7,19,24,4,0,none,True,True,False,False,True,False,computed_total_slot_anomaly_obstruction,19|24|5|0,19|19|19|19|19,none,0,0,True,,
widened_enumeration,r2|3|4|4|6_u1,5,1,2|3|4|4|6,3|4|5|5|7,19,24,4,0,none,True,True,False,False,True,False,computed_total_slot_anomaly_obstruction,19|24|5|1,19|19|19|19|19,none,0,0,True,,
widened_enumeration,r2|3|4|4|6_u2,5,2,2|3|4|4|6,3|4|5|5|7,19,24,4,0,none,True,True,False,False,True,False,computed_total_slot_anomaly_obstruction,19|24|5|2,19|19|19|19|19,none,0,0,True,,
widened_enumeration,r2|3|4|4|6_u3,5,3,2|3|4|4|6,3|4|5|5|7,19,24,4,0,none,True,True,False,False,True,False,computed_total_slot_anomaly_obstruction,19|24|5|3,19|19|19|19|19,none,0,0,True,,
widened_enumeration,r2|3|4|5|5_u0,5,0,2|3|4|5|5,3|4|5|6|6,19,24,4,0,none,True,True,False,False,True,False,computed_total_slot_anomaly_obstruction,19|24|5|0,19|19|19|19|19,none,0,0,True,,
widened_enumeration,r2|3|4|5|5_u1,5,1,2|3|4|5|5,3|4|5|6|6,19,24,4,0,none,True,True,False,False,True,False,computed_total_slot_anomaly_obstruction,19|24|5|1,19|19|19|19|19,none,0,0,True,,
widened_enumeration,r2|3|4|5|5_u2,5,2,2|3|4|5|5,3|4|5|6|6,19,24,4,0,none,True,True,False,False,True,False,computed_total_slot_anomaly_obstruction,19|24|5|2,19|19|19|19|19,none,0,0,True,,
widened_enumeration,r2|3|4|5|5_u3,5,3,2|3|4|5|5,3|4|5|6|6,19,24,4,0,none,True,True,False,False,True,False,computed_total_slot_anomaly_obstruction,19|24|5|3,19|19|19|19|19,none,0,0,True,,
widened_enumeration,r2|3|4|5|6_u0,5,0,2|3|4|5|6,3|4|5|6|7,20,25,4,0,none,True,True,False,False,True,False,computed_total_slot_anomaly_obstruction,20|25|5|0,20|20|20|20|20,none,0,0,True,,
widened_enumeration,r2|3|4|5|6_u1,5,1,2|3|4|5|6,3|4|5|6|7,20,25,4,0,none,True,True,False,False,True,False,computed_total_slot_anomaly_obstruction,20|25|5|1,20|20|20|20|20,none,0,0,True,,
widened_enumeration,r2|3|4|5|6_u2,5,2,2|3|4|5|6,3|4|5|6|7,20,25,4,0,none,True,True,False,False,True,False,computed_total_slot_anomaly_obstruction,20|25|5|2,20|20|20|20|20,none,0,0,True,,
widened_enumeration,r2|3|4|5|6_u3,5,3,2|3|4|5|6,3|4|5|6|7,20,25,4,0,none,True,True,False,False,True,False,computed_total_slot_anomaly_obstruction,20|25|5|3,20|20|20|20|20,none,0,0,True,,
widened_enumeration,r2|3|4|6|6_u0,5,0,2|3|4|6|6,3|4|5|7|7,21,26,4,0,none,True,True,False,False,True,False,computed_total_slot_anomaly_obstruction,21|26|5|0,21|21|21|21|21,none,0,0,True,,
widened_enumeration,r2|3|4|6|6_u1,5,1,2|3|4|6|6,3|4|5|7|7,21,26,4,0,none,True,True,False,False,True,False,computed_total_slot_anomaly_obstruction,21|26|5|1,21|21|21|21|21,none,0,0,True,,
widened_enumeration,r2|3|4|6|6_u2,5,2,2|3|4|6|6,3|4|5|7|7,21,26,4,0,none,True,True,False,False,True,False,computed_total_slot_anomaly_obstruction,21|26|5|2,21|21|21|21|21,none,0,0,True,,
widened_enumeration,r2|3|4|6|6_u3,5,3,2|3|4|6|6,3|4|5|7|7,21,26,4,0,none,True,True,False,False,True,False,computed_total_slot_anomaly_obstruction,21|26|5|3,21|21|21|21|21,none,0,0,True,,
widened_enumeration,r2|3|5|5|5_u0,5,0,2|3|5|5|5,3|4|6|6|6,20,25,4,0,none,True,True,False,False,True,False,computed_total_slot_anomaly_obstruction,20|25|5|0,20|20|20|20|20,none,0,0,True,,
widened_enumeration,r2|3|5|5|5_u1,5,1,2|3|5|5|5,3|4|6|6|6,20,25,4,0,none,True,True,False,False,True,False,computed_total_slot_anomaly_obstruction,20|25|5|1,20|20|20|20|20,none,0,0,True,,
widened_enumeration,r2|3|5|5|5_u2,5,2,2|3|5|5|5,3|4|6|6|6,20,25,4,0,none,True,True,False,False,True,False,computed_total_slot_anomaly_obstruction,20|25|5|2,20|20|20|20|20,none,0,0,True,,
widened_enumeration,r2|3|5|5|5_u3,5,3,2|3|5|5|5,3|4|6|6|6,20,25,4,0,none,True,True,False,False,True,False,computed_total_slot_anomaly_obstruction,20|25|5|3,20|20|20|20|20,none,0,0,True,,
widened_enumeration,r2|3|5|5|6_u0,5,0,2|3|5|5|6,3|4|6|6|7,21,26,4,0,none,True,True,False,False,True,False,computed_total_slot_anomaly_obstruction,21|26|5|0,21|21|21|21|21,none,0,0,True,,
widened_enumeration,r2|3|5|5|6_u1,5,1,2|3|5|5|6,3|4|6|6|7,21,26,4,0,none,True,True,False,False,True,False,computed_total_slot_anomaly_obstruction,21|26|5|1,21|21|21|21|21,none,0,0,True,,
widened_enumeration,r2|3|5|5|6_u2,5,2,2|3|5|5|6,3|4|6|6|7,21,26,4,0,none,True,True,False,False,True,False,computed_total_slot_anomaly_obstruction,21|26|5|2,21|21|21|21|21,none,0,0,True,,
widened_enumeration,r2|3|5|5|6_u3,5,3,2|3|5|5|6,3|4|6|6|7,21,26,4,0,none,True,True,False,False,True,False,computed_total_slot_anomaly_obstruction,21|26|5|3,21|21|21|21|21,none,0,0,True,,
widened_enumeration,r2|3|5|6|6_u0,5,0,2|3|5|6|6,3|4|6|7|7,22,27,4,0,none,True,True,False,False,True,False,computed_total_slot_anomaly_obstruction,22|27|5|0,22|22|22|22|22,none,0,0,True,,
widened_enumeration,r2|3|5|6|6_u1,5,1,2|3|5|6|6,3|4|6|7|7,22,27,4,0,none,True,True,False,False,True,False,computed_total_slot_anomaly_obstruction,22|27|5|1,22|22|22|22|22,none,0,0,True,,
widened_enumeration,r2|3|5|6|6_u2,5,2,2|3|5|6|6,3|4|6|7|7,22,27,4,0,none,True,True,False,False,True,False,computed_total_slot_anomaly_obstruction,22|27|5|2,22|22|22|22|22,none,0,0,True,,
widened_enumeration,r2|3|5|6|6_u3,5,3,2|3|5|6|6,3|4|6|7|7,22,27,4,0,none,True,True,False,False,True,False,computed_total_slot_anomaly_obstruction,22|27|5|3,22|22|22|22|22,none,0,0,True,,
widened_enumeration,r2|3|6|6|6_u0,5,0,2|3|6|6|6,3|4|7|7|7,23,28,4,0,none,True,True,False,False,True,False,computed_total_slot_anomaly_obstruction,23|28|5|0,23|23|23|23|23,none,0,0,True,,
widened_enumeration,r2|3|6|6|6_u1,5,1,2|3|6|6|6,3|4|7|7|7,23,28,4,0,none,True,True,False,False,True,False,computed_total_slot_anomaly_obstruction,23|28|5|1,23|23|23|23|23,none,0,0,True,,
widened_enumeration,r2|3|6|6|6_u2,5,2,2|3|6|6|6,3|4|7|7|7,23,28,4,0,none,True,True,False,False,True,False,computed_total_slot_anomaly_obstruction,23|28|5|2,23|23|23|23|23,none,0,0,True,,
widened_enumeration,r2|3|6|6|6_u3,5,3,2|3|6|6|6,3|4|7|7|7,23,28,4,0,none,True,True,False,False,True,False,computed_total_slot_anomaly_obstruction,23|28|5|3,23|23|23|23|23,none,0,0,True,,
widened_enumeration,r2|4|4|4|4_u0,5,0,2|4|4|4|4,3|5|5|5|5,18,23,4,0,none,True,True,False,False,True,False,computed_total_slot_anomaly_obstruction,18|23|5|0,18|18|18|18|18,none,0,0,True,,
widened_enumeration,r2|4|4|4|4_u1,5,1,2|4|4|4|4,3|5|5|5|5,18,23,4,0,none,True,True,False,False,True,False,computed_total_slot_anomaly_obstruction,18|23|5|1,18|18|18|18|18,none,0,0,True,,
widened_enumeration,r2|4|4|4|4_u2,5,2,2|4|4|4|4,3|5|5|5|5,18,23,4,0,none,True,True,False,False,True,False,computed_total_slot_anomaly_obstruction,18|23|5|2,18|18|18|18|18,none,0,0,True,,
widened_enumeration,r2|4|4|4|4_u3,5,3,2|4|4|4|4,3|5|5|5|5,18,23,4,0,none,True,True,False,False,True,False,computed_total_slot_anomaly_obstruction,18|23|5|3,18|18|18|18|18,none,0,0,True,,
widened_enumeration,r2|4|4|4|5_u0,5,0,2|4|4|4|5,3|5|5|5|6,19,24,4,0,none,True,True,False,False,True,False,computed_total_slot_anomaly_obstruction,19|24|5|0,19|19|19|19|19,none,0,0,True,,
widened_enumeration,r2|4|4|4|5_u1,5,1,2|4|4|4|5,3|5|5|5|6,19,24,4,0,none,True,True,False,False,True,False,computed_total_slot_anomaly_obstruction,19|24|5|1,19|19|19|19|19,none,0,0,True,,
widened_enumeration,r2|4|4|4|5_u2,5,2,2|4|4|4|5,3|5|5|5|6,19,24,4,0,none,True,True,False,False,True,False,computed_total_slot_anomaly_obstruction,19|24|5|2,19|19|19|19|19,none,0,0,True,,
widened_enumeration,r2|4|4|4|5_u3,5,3,2|4|4|4|5,3|5|5|5|6,19,24,4,0,none,True,True,False,False,True,False,computed_total_slot_anomaly_obstruction,19|24|5|3,19|19|19|19|19,none,0,0,True,,
widened_enumeration,r2|4|4|4|6_u0,5,0,2|4|4|4|6,3|5|5|5|7,20,25,4,0,none,True,True,False,False,True,False,computed_total_slot_anomaly_obstruction,20|25|5|0,20|20|20|20|20,none,0,0,True,,
widened_enumeration,r2|4|4|4|6_u1,5,1,2|4|4|4|6,3|5|5|5|7,20,25,4,0,none,True,True,False,False,True,False,computed_total_slot_anomaly_obstruction,20|25|5|1,20|20|20|20|20,none,0,0,True,,
widened_enumeration,r2|4|4|4|6_u2,5,2,2|4|4|4|6,3|5|5|5|7,20,25,4,0,none,True,True,False,False,True,False,computed_total_slot_anomaly_obstruction,20|25|5|2,20|20|20|20|20,none,0,0,True,,
widened_enumeration,r2|4|4|4|6_u3,5,3,2|4|4|4|6,3|5|5|5|7,20,25,4,0,none,True,True,False,False,True,False,computed_total_slot_anomaly_obstruction,20|25|5|3,20|20|20|20|20,none,0,0,True,,
widened_enumeration,r2|4|4|5|5_u0,5,0,2|4|4|5|5,3|5|5|6|6,20,25,4,0,none,True,True,False,False,True,False,computed_total_slot_anomaly_obstruction,20|25|5|0,20|20|20|20|20,none,0,0,True,,
widened_enumeration,r2|4|4|5|5_u1,5,1,2|4|4|5|5,3|5|5|6|6,20,25,4,0,none,True,True,False,False,True,False,computed_total_slot_anomaly_obstruction,20|25|5|1,20|20|20|20|20,none,0,0,True,,
widened_enumeration,r2|4|4|5|5_u2,5,2,2|4|4|5|5,3|5|5|6|6,20,25,4,0,none,True,True,False,False,True,False,computed_total_slot_anomaly_obstruction,20|25|5|2,20|20|20|20|20,none,0,0,True,,
widened_enumeration,r2|4|4|5|5_u3,5,3,2|4|4|5|5,3|5|5|6|6,20,25,4,0,none,True,True,False,False,True,False,computed_total_slot_anomaly_obstruction,20|25|5|3,20|20|20|20|20,none,0,0,True,,
widened_enumeration,r2|4|4|5|6_u0,5,0,2|4|4|5|6,3|5|5|6|7,21,26,4,0,none,True,True,False,False,True,False,computed_total_slot_anomaly_obstruction,21|26|5|0,21|21|21|21|21,none,0,0,True,,
widened_enumeration,r2|4|4|5|6_u1,5,1,2|4|4|5|6,3|5|5|6|7,21,26,4,0,none,True,True,False,False,True,False,computed_total_slot_anomaly_obstruction,21|26|5|1,21|21|21|21|21,none,0,0,True,,
widened_enumeration,r2|4|4|5|6_u2,5,2,2|4|4|5|6,3|5|5|6|7,21,26,4,0,none,True,True,False,False,True,False,computed_total_slot_anomaly_obstruction,21|26|5|2,21|21|21|21|21,none,0,0,True,,
widened_enumeration,r2|4|4|5|6_u3,5,3,2|4|4|5|6,3|5|5|6|7,21,26,4,0,none,True,True,False,False,True,False,computed_total_slot_anomaly_obstruction,21|26|5|3,21|21|21|21|21,none,0,0,True,,
widened_enumeration,r2|4|4|6|6_u0,5,0,2|4|4|6|6,3|5|5|7|7,22,27,4,0,none,True,True,False,False,True,False,computed_total_slot_anomaly_obstruction,22|27|5|0,22|22|22|22|22,none,0,0,True,,
widened_enumeration,r2|4|4|6|6_u1,5,1,2|4|4|6|6,3|5|5|7|7,22,27,4,0,none,True,True,False,False,True,False,computed_total_slot_anomaly_obstruction,22|27|5|1,22|22|22|22|22,none,0,0,True,,
widened_enumeration,r2|4|4|6|6_u2,5,2,2|4|4|6|6,3|5|5|7|7,22,27,4,0,none,True,True,False,False,True,False,computed_total_slot_anomaly_obstruction,22|27|5|2,22|22|22|22|22,none,0,0,True,,
widened_enumeration,r2|4|4|6|6_u3,5,3,2|4|4|6|6,3|5|5|7|7,22,27,4,0,none,True,True,False,False,True,False,computed_total_slot_anomaly_obstruction,22|27|5|3,22|22|22|22|22,none,0,0,True,,
widened_enumeration,r2|4|5|5|5_u0,5,0,2|4|5|5|5,3|5|6|6|6,21,26,4,0,none,True,True,False,False,True,False,computed_total_slot_anomaly_obstruction,21|26|5|0,21|21|21|21|21,none,0,0,True,,
widened_enumeration,r2|4|5|5|5_u1,5,1,2|4|5|5|5,3|5|6|6|6,21,26,4,0,none,True,True,False,False,True,False,computed_total_slot_anomaly_obstruction,21|26|5|1,21|21|21|21|21,none,0,0,True,,
widened_enumeration,r2|4|5|5|5_u2,5,2,2|4|5|5|5,3|5|6|6|6,21,26,4,0,none,True,True,False,False,True,False,computed_total_slot_anomaly_obstruction,21|26|5|2,21|21|21|21|21,none,0,0,True,,
widened_enumeration,r2|4|5|5|5_u3,5,3,2|4|5|5|5,3|5|6|6|6,21,26,4,0,none,True,True,False,False,True,False,computed_total_slot_anomaly_obstruction,21|26|5|3,21|21|21|21|21,none,0,0,True,,
widened_enumeration,r2|4|5|5|6_u0,5,0,2|4|5|5|6,3|5|6|6|7,22,27,4,0,none,True,True,False,False,True,False,computed_total_slot_anomaly_obstruction,22|27|5|0,22|22|22|22|22,none,0,0,True,,
widened_enumeration,r2|4|5|5|6_u1,5,1,2|4|5|5|6,3|5|6|6|7,22,27,4,0,none,True,True,False,False,True,False,computed_total_slot_anomaly_obstruction,22|27|5|1,22|22|22|22|22,none,0,0,True,,
widened_enumeration,r2|4|5|5|6_u2,5,2,2|4|5|5|6,3|5|6|6|7,22,27,4,0,none,True,True,False,False,True,False,computed_total_slot_anomaly_obstruction,22|27|5|2,22|22|22|22|22,none,0,0,True,,
widened_enumeration,r2|4|5|5|6_u3,5,3,2|4|5|5|6,3|5|6|6|7,22,27,4,0,none,True,True,False,False,True,False,computed_total_slot_anomaly_obstruction,22|27|5|3,22|22|22|22|22,none,0,0,True,,
widened_enumeration,r2|4|5|6|6_u0,5,0,2|4|5|6|6,3|5|6|7|7,23,28,4,0,none,True,True,False,False,True,False,computed_total_slot_anomaly_obstruction,23|28|5|0,23|23|23|23|23,none,0,0,True,,
widened_enumeration,r2|4|5|6|6_u1,5,1,2|4|5|6|6,3|5|6|7|7,23,28,4,0,none,True,True,False,False,True,False,computed_total_slot_anomaly_obstruction,23|28|5|1,23|23|23|23|23,none,0,0,True,,
widened_enumeration,r2|4|5|6|6_u2,5,2,2|4|5|6|6,3|5|6|7|7,23,28,4,0,none,True,True,False,False,True,False,computed_total_slot_anomaly_obstruction,23|28|5|2,23|23|23|23|23,none,0,0,True,,
widened_enumeration,r2|4|5|6|6_u3,5,3,2|4|5|6|6,3|5|6|7|7,23,28,4,0,none,True,True,False,False,True,False,computed_total_slot_anomaly_obstruction,23|28|5|3,23|23|23|23|23,none,0,0,True,,
widened_enumeration,r2|4|6|6|6_u0,5,0,2|4|6|6|6,3|5|7|7|7,24,29,4,0,none,True,True,False,False,True,False,computed_total_slot_anomaly_obstruction,24|29|5|0,24|24|24|24|24,none,0,0,True,,
widened_enumeration,r2|4|6|6|6_u1,5,1,2|4|6|6|6,3|5|7|7|7,24,29,4,0,none,True,True,False,False,True,False,computed_total_slot_anomaly_obstruction,24|29|5|1,24|24|24|24|24,none,0,0,True,,
widened_enumeration,r2|4|6|6|6_u2,5,2,2|4|6|6|6,3|5|7|7|7,24,29,4,0,none,True,True,False,False,True,False,computed_total_slot_anomaly_obstruction,24|29|5|2,24|24|24|24|24,none,0,0,True,,
widened_enumeration,r2|4|6|6|6_u3,5,3,2|4|6|6|6,3|5|7|7|7,24,29,4,0,none,True,True,False,False,True,False,computed_total_slot_anomaly_obstruction,24|29|5|3,24|24|24|24|24,none,0,0,True,,
widened_enumeration,r2|5|5|5|5_u0,5,0,2|5|5|5|5,3|6|6|6|6,22,27,4,0,none,True,True,False,False,True,False,computed_total_slot_anomaly_obstruction,22|27|5|0,22|22|22|22|22,none,0,0,True,,
widened_enumeration,r2|5|5|5|5_u1,5,1,2|5|5|5|5,3|6|6|6|6,22,27,4,0,none,True,True,False,False,True,False,computed_total_slot_anomaly_obstruction,22|27|5|1,22|22|22|22|22,none,0,0,True,,
widened_enumeration,r2|5|5|5|5_u2,5,2,2|5|5|5|5,3|6|6|6|6,22,27,4,0,none,True,True,False,False,True,False,computed_total_slot_anomaly_obstruction,22|27|5|2,22|22|22|22|22,none,0,0,True,,
widened_enumeration,r2|5|5|5|5_u3,5,3,2|5|5|5|5,3|6|6|6|6,22,27,4,0,none,True,True,False,False,True,False,computed_total_slot_anomaly_obstruction,22|27|5|3,22|22|22|22|22,none,0,0,True,,
widened_enumeration,r2|5|5|5|6_u0,5,0,2|5|5|5|6,3|6|6|6|7,23,28,4,0,none,True,True,False,False,True,False,computed_total_slot_anomaly_obstruction,23|28|5|0,23|23|23|23|23,none,0,0,True,,
widened_enumeration,r2|5|5|5|6_u1,5,1,2|5|5|5|6,3|6|6|6|7,23,28,4,0,none,True,True,False,False,True,False,computed_total_slot_anomaly_obstruction,23|28|5|1,23|23|23|23|23,none,0,0,True,,
widened_enumeration,r2|5|5|5|6_u2,5,2,2|5|5|5|6,3|6|6|6|7,23,28,4,0,none,True,True,False,False,True,False,computed_total_slot_anomaly_obstruction,23|28|5|2,23|23|23|23|23,none,0,0,True,,
widened_enumeration,r2|5|5|5|6_u3,5,3,2|5|5|5|6,3|6|6|6|7,23,28,4,0,none,True,True,False,False,True,False,computed_total_slot_anomaly_obstruction,23|28|5|3,23|23|23|23|23,none,0,0,True,,
widened_enumeration,r2|5|5|6|6_u0,5,0,2|5|5|6|6,3|6|6|7|7,24,29,4,0,none,True,True,False,False,True,False,computed_total_slot_anomaly_obstruction,24|29|5|0,24|24|24|24|24,none,0,0,True,,
widened_enumeration,r2|5|5|6|6_u1,5,1,2|5|5|6|6,3|6|6|7|7,24,29,4,0,none,True,True,False,False,True,False,computed_total_slot_anomaly_obstruction,24|29|5|1,24|24|24|24|24,none,0,0,True,,
widened_enumeration,r2|5|5|6|6_u2,5,2,2|5|5|6|6,3|6|6|7|7,24,29,4,0,none,True,True,False,False,True,False,computed_total_slot_anomaly_obstruction,24|29|5|2,24|24|24|24|24,none,0,0,True,,
widened_enumeration,r2|5|5|6|6_u3,5,3,2|5|5|6|6,3|6|6|7|7,24,29,4,0,none,True,True,False,False,True,False,computed_total_slot_anomaly_obstruction,24|29|5|3,24|24|24|24|24,none,0,0,True,,
widened_enumeration,r2|5|6|6|6_u0,5,0,2|5|6|6|6,3|6|7|7|7,25,30,4,0,none,True,True,False,False,True,False,computed_total_slot_anomaly_obstruction,25|30|5|0,25|25|25|25|25,none,0,0,True,,
widened_enumeration,r2|5|6|6|6_u1,5,1,2|5|6|6|6,3|6|7|7|7,25,30,4,0,none,True,True,False,False,True,False,computed_total_slot_anomaly_obstruction,25|30|5|1,25|25|25|25|25,none,0,0,True,,
widened_enumeration,r2|5|6|6|6_u2,5,2,2|5|6|6|6,3|6|7|7|7,25,30,4,0,none,True,True,False,False,True,False,computed_total_slot_anomaly_obstruction,25|30|5|2,25|25|25|25|25,none,0,0,True,,
widened_enumeration,r2|5|6|6|6_u3,5,3,2|5|6|6|6,3|6|7|7|7,25,30,4,0,none,True,True,False,False,True,False,computed_total_slot_anomaly_obstruction,25|30|5|3,25|25|25|25|25,none,0,0,True,,
widened_enumeration,r2|6|6|6|6_u0,5,0,2|6|6|6|6,3|7|7|7|7,26,31,4,0,none,True,True,False,False,True,False,computed_total_slot_anomaly_obstruction,26|31|5|0,26|26|26|26|26,none,0,0,True,,
widened_enumeration,r2|6|6|6|6_u1,5,1,2|6|6|6|6,3|7|7|7|7,26,31,4,0,none,True,True,False,False,True,False,computed_total_slot_anomaly_obstruction,26|31|5|1,26|26|26|26|26,none,0,0,True,,
widened_enumeration,r2|6|6|6|6_u2,5,2,2|6|6|6|6,3|7|7|7|7,26,31,4,0,none,True,True,False,False,True,False,computed_total_slot_anomaly_obstruction,26|31|5|2,26|26|26|26|26,none,0,0,True,,
widened_enumeration,r2|6|6|6|6_u3,5,3,2|6|6|6|6,3|7|7|7|7,26,31,4,0,none,True,True,False,False,True,False,computed_total_slot_anomaly_obstruction,26|31|5|3,26|26|26|26|26,none,0,0,True,,
widened_enumeration,r3|3|3|3|3_u0,5,0,3|3|3|3|3,4|4|4|4|4,15,20,4,0,none,True,True,False,False,True,False,computed_total_slot_anomaly_obstruction,15|20|5|0,15|15|15|15|15,none,0,0,True,,
widened_enumeration,r3|3|3|3|3_u1,5,1,3|3|3|3|3,4|4|4|4|4,15,20,4,0,none,True,True,False,False,True,False,computed_total_slot_anomaly_obstruction,15|20|5|1,15|15|15|15|15,none,0,0,True,,
widened_enumeration,r3|3|3|3|3_u2,5,2,3|3|3|3|3,4|4|4|4|4,15,20,4,0,none,True,True,False,False,True,False,computed_total_slot_anomaly_obstruction,15|20|5|2,15|15|15|15|15,none,0,0,True,,
widened_enumeration,r3|3|3|3|3_u3,5,3,3|3|3|3|3,4|4|4|4|4,15,20,4,0,none,True,True,False,False,True,False,computed_total_slot_anomaly_obstruction,15|20|5|3,15|15|15|15|15,none,0,0,True,,
widened_enumeration,r3|3|3|3|4_u0,5,0,3|3|3|3|4,4|4|4|4|5,16,21,4,0,none,True,True,False,False,True,False,computed_total_slot_anomaly_obstruction,16|21|5|0,16|16|16|16|16,none,0,0,True,,
widened_enumeration,r3|3|3|3|4_u1,5,1,3|3|3|3|4,4|4|4|4|5,16,21,4,0,none,True,True,False,False,True,False,computed_total_slot_anomaly_obstruction,16|21|5|1,16|16|16|16|16,none,0,0,True,,
widened_enumeration,r3|3|3|3|4_u2,5,2,3|3|3|3|4,4|4|4|4|5,16,21,4,0,none,True,True,False,False,True,False,computed_total_slot_anomaly_obstruction,16|21|5|2,16|16|16|16|16,none,0,0,True,,
widened_enumeration,r3|3|3|3|4_u3,5,3,3|3|3|3|4,4|4|4|4|5,16,21,4,0,none,True,True,False,False,True,False,computed_total_slot_anomaly_obstruction,16|21|5|3,16|16|16|16|16,none,0,0,True,,
widened_enumeration,r3|3|3|3|5_u0,5,0,3|3|3|3|5,4|4|4|4|6,17,22,4,0,none,True,True,False,False,True,False,computed_total_slot_anomaly_obstruction,17|22|5|0,17|17|17|17|17,none,0,0,True,,
widened_enumeration,r3|3|3|3|5_u1,5,1,3|3|3|3|5,4|4|4|4|6,17,22,4,0,none,True,True,False,False,True,False,computed_total_slot_anomaly_obstruction,17|22|5|1,17|17|17|17|17,none,0,0,True,,
widened_enumeration,r3|3|3|3|5_u2,5,2,3|3|3|3|5,4|4|4|4|6,17,22,4,0,none,True,True,False,False,True,False,computed_total_slot_anomaly_obstruction,17|22|5|2,17|17|17|17|17,none,0,0,True,,
widened_enumeration,r3|3|3|3|5_u3,5,3,3|3|3|3|5,4|4|4|4|6,17,22,4,0,none,True,True,False,False,True,False,computed_total_slot_anomaly_obstruction,17|22|5|3,17|17|17|17|17,none,0,0,True,,
widened_enumeration,r3|3|3|3|6_u0,5,0,3|3|3|3|6,4|4|4|4|7,18,23,4,0,none,True,True,False,False,True,False,computed_total_slot_anomaly_obstruction,18|23|5|0,18|18|18|18|18,none,0,0,True,,
widened_enumeration,r3|3|3|3|6_u1,5,1,3|3|3|3|6,4|4|4|4|7,18,23,4,0,none,True,True,False,False,True,False,computed_total_slot_anomaly_obstruction,18|23|5|1,18|18|18|18|18,none,0,0,True,,
widened_enumeration,r3|3|3|3|6_u2,5,2,3|3|3|3|6,4|4|4|4|7,18,23,4,0,none,True,True,False,False,True,False,computed_total_slot_anomaly_obstruction,18|23|5|2,18|18|18|18|18,none,0,0,True,,
widened_enumeration,r3|3|3|3|6_u3,5,3,3|3|3|3|6,4|4|4|4|7,18,23,4,0,none,True,True,False,False,True,False,computed_total_slot_anomaly_obstruction,18|23|5|3,18|18|18|18|18,none,0,0,True,,
widened_enumeration,r3|3|3|4|4_u0,5,0,3|3|3|4|4,4|4|4|5|5,17,22,4,0,none,True,True,False,False,True,False,computed_total_slot_anomaly_obstruction,17|22|5|0,17|17|17|17|17,none,0,0,True,,
widened_enumeration,r3|3|3|4|4_u1,5,1,3|3|3|4|4,4|4|4|5|5,17,22,4,0,none,True,True,False,False,True,False,computed_total_slot_anomaly_obstruction,17|22|5|1,17|17|17|17|17,none,0,0,True,,
widened_enumeration,r3|3|3|4|4_u2,5,2,3|3|3|4|4,4|4|4|5|5,17,22,4,0,none,True,True,False,False,True,False,computed_total_slot_anomaly_obstruction,17|22|5|2,17|17|17|17|17,none,0,0,True,,
widened_enumeration,r3|3|3|4|4_u3,5,3,3|3|3|4|4,4|4|4|5|5,17,22,4,0,none,True,True,False,False,True,False,computed_total_slot_anomaly_obstruction,17|22|5|3,17|17|17|17|17,none,0,0,True,,
widened_enumeration,r3|3|3|4|5_u0,5,0,3|3|3|4|5,4|4|4|5|6,18,23,4,0,none,True,True,False,False,True,False,computed_total_slot_anomaly_obstruction,18|23|5|0,18|18|18|18|18,none,0,0,True,,
widened_enumeration,r3|3|3|4|5_u1,5,1,3|3|3|4|5,4|4|4|5|6,18,23,4,0,none,True,True,False,False,True,False,computed_total_slot_anomaly_obstruction,18|23|5|1,18|18|18|18|18,none,0,0,True,,
widened_enumeration,r3|3|3|4|5_u2,5,2,3|3|3|4|5,4|4|4|5|6,18,23,4,0,none,True,True,False,False,True,False,computed_total_slot_anomaly_obstruction,18|23|5|2,18|18|18|18|18,none,0,0,True,,
widened_enumeration,r3|3|3|4|5_u3,5,3,3|3|3|4|5,4|4|4|5|6,18,23,4,0,none,True,True,False,False,True,False,computed_total_slot_anomaly_obstruction,18|23|5|3,18|18|18|18|18,none,0,0,True,,
widened_enumeration,r3|3|3|4|6_u0,5,0,3|3|3|4|6,4|4|4|5|7,19,24,4,0,none,True,True,False,False,True,False,computed_total_slot_anomaly_obstruction,19|24|5|0,19|19|19|19|19,none,0,0,True,,
widened_enumeration,r3|3|3|4|6_u1,5,1,3|3|3|4|6,4|4|4|5|7,19,24,4,0,none,True,True,False,False,True,False,computed_total_slot_anomaly_obstruction,19|24|5|1,19|19|19|19|19,none,0,0,True,,
widened_enumeration,r3|3|3|4|6_u2,5,2,3|3|3|4|6,4|4|4|5|7,19,24,4,0,none,True,True,False,False,True,False,computed_total_slot_anomaly_obstruction,19|24|5|2,19|19|19|19|19,none,0,0,True,,
widened_enumeration,r3|3|3|4|6_u3,5,3,3|3|3|4|6,4|4|4|5|7,19,24,4,0,none,True,True,False,False,True,False,computed_total_slot_anomaly_obstruction,19|24|5|3,19|19|19|19|19,none,0,0,True,,
widened_enumeration,r3|3|3|5|5_u0,5,0,3|3|3|5|5,4|4|4|6|6,19,24,4,0,none,True,True,False,False,True,False,computed_total_slot_anomaly_obstruction,19|24|5|0,19|19|19|19|19,none,0,0,True,,
widened_enumeration,r3|3|3|5|5_u1,5,1,3|3|3|5|5,4|4|4|6|6,19,24,4,0,none,True,True,False,False,True,False,computed_total_slot_anomaly_obstruction,19|24|5|1,19|19|19|19|19,none,0,0,True,,
widened_enumeration,r3|3|3|5|5_u2,5,2,3|3|3|5|5,4|4|4|6|6,19,24,4,0,none,True,True,False,False,True,False,computed_total_slot_anomaly_obstruction,19|24|5|2,19|19|19|19|19,none,0,0,True,,
widened_enumeration,r3|3|3|5|5_u3,5,3,3|3|3|5|5,4|4|4|6|6,19,24,4,0,none,True,True,False,False,True,False,computed_total_slot_anomaly_obstruction,19|24|5|3,19|19|19|19|19,none,0,0,True,,
widened_enumeration,r3|3|3|5|6_u0,5,0,3|3|3|5|6,4|4|4|6|7,20,25,4,0,none,True,True,False,False,True,False,computed_total_slot_anomaly_obstruction,20|25|5|0,20|20|20|20|20,none,0,0,True,,
widened_enumeration,r3|3|3|5|6_u1,5,1,3|3|3|5|6,4|4|4|6|7,20,25,4,0,none,True,True,False,False,True,False,computed_total_slot_anomaly_obstruction,20|25|5|1,20|20|20|20|20,none,0,0,True,,
widened_enumeration,r3|3|3|5|6_u2,5,2,3|3|3|5|6,4|4|4|6|7,20,25,4,0,none,True,True,False,False,True,False,computed_total_slot_anomaly_obstruction,20|25|5|2,20|20|20|20|20,none,0,0,True,,
widened_enumeration,r3|3|3|5|6_u3,5,3,3|3|3|5|6,4|4|4|6|7,20,25,4,0,none,True,True,False,False,True,False,computed_total_slot_anomaly_obstruction,20|25|5|3,20|20|20|20|20,none,0,0,True,,
widened_enumeration,r3|3|3|6|6_u0,5,0,3|3|3|6|6,4|4|4|7|7,21,26,4,0,none,True,True,False,False,True,False,computed_total_slot_anomaly_obstruction,21|26|5|0,21|21|21|21|21,none,0,0,True,,
widened_enumeration,r3|3|3|6|6_u1,5,1,3|3|3|6|6,4|4|4|7|7,21,26,4,0,none,True,True,False,False,True,False,computed_total_slot_anomaly_obstruction,21|26|5|1,21|21|21|21|21,none,0,0,True,,
widened_enumeration,r3|3|3|6|6_u2,5,2,3|3|3|6|6,4|4|4|7|7,21,26,4,0,none,True,True,False,False,True,False,computed_total_slot_anomaly_obstruction,21|26|5|2,21|21|21|21|21,none,0,0,True,,
widened_enumeration,r3|3|3|6|6_u3,5,3,3|3|3|6|6,4|4|4|7|7,21,26,4,0,none,True,True,False,False,True,False,computed_total_slot_anomaly_obstruction,21|26|5|3,21|21|21|21|21,none,0,0,True,,
widened_enumeration,r3|3|4|4|4_u0,5,0,3|3|4|4|4,4|4|5|5|5,18,23,4,0,none,True,True,False,False,True,False,computed_total_slot_anomaly_obstruction,18|23|5|0,18|18|18|18|18,none,0,0,True,,
widened_enumeration,r3|3|4|4|4_u1,5,1,3|3|4|4|4,4|4|5|5|5,18,23,4,0,none,True,True,False,False,True,False,computed_total_slot_anomaly_obstruction,18|23|5|1,18|18|18|18|18,none,0,0,True,,
widened_enumeration,r3|3|4|4|4_u2,5,2,3|3|4|4|4,4|4|5|5|5,18,23,4,0,none,True,True,False,False,True,False,computed_total_slot_anomaly_obstruction,18|23|5|2,18|18|18|18|18,none,0,0,True,,
widened_enumeration,r3|3|4|4|4_u3,5,3,3|3|4|4|4,4|4|5|5|5,18,23,4,0,none,True,True,False,False,True,False,computed_total_slot_anomaly_obstruction,18|23|5|3,18|18|18|18|18,none,0,0,True,,
widened_enumeration,r3|3|4|4|5_u0,5,0,3|3|4|4|5,4|4|5|5|6,19,24,4,0,none,True,True,False,False,True,False,computed_total_slot_anomaly_obstruction,19|24|5|0,19|19|19|19|19,none,0,0,True,,
widened_enumeration,r3|3|4|4|5_u1,5,1,3|3|4|4|5,4|4|5|5|6,19,24,4,0,none,True,True,False,False,True,False,computed_total_slot_anomaly_obstruction,19|24|5|1,19|19|19|19|19,none,0,0,True,,
widened_enumeration,r3|3|4|4|5_u2,5,2,3|3|4|4|5,4|4|5|5|6,19,24,4,0,none,True,True,False,False,True,False,computed_total_slot_anomaly_obstruction,19|24|5|2,19|19|19|19|19,none,0,0,True,,
widened_enumeration,r3|3|4|4|5_u3,5,3,3|3|4|4|5,4|4|5|5|6,19,24,4,0,none,True,True,False,False,True,False,computed_total_slot_anomaly_obstruction,19|24|5|3,19|19|19|19|19,none,0,0,True,,
widened_enumeration,r3|3|4|4|6_u0,5,0,3|3|4|4|6,4|4|5|5|7,20,25,4,0,none,True,True,False,False,True,False,computed_total_slot_anomaly_obstruction,20|25|5|0,20|20|20|20|20,none,0,0,True,,
widened_enumeration,r3|3|4|4|6_u1,5,1,3|3|4|4|6,4|4|5|5|7,20,25,4,0,none,True,True,False,False,True,False,computed_total_slot_anomaly_obstruction,20|25|5|1,20|20|20|20|20,none,0,0,True,,
widened_enumeration,r3|3|4|4|6_u2,5,2,3|3|4|4|6,4|4|5|5|7,20,25,4,0,none,True,True,False,False,True,False,computed_total_slot_anomaly_obstruction,20|25|5|2,20|20|20|20|20,none,0,0,True,,
widened_enumeration,r3|3|4|4|6_u3,5,3,3|3|4|4|6,4|4|5|5|7,20,25,4,0,none,True,True,False,False,True,False,computed_total_slot_anomaly_obstruction,20|25|5|3,20|20|20|20|20,none,0,0,True,,
widened_enumeration,r3|3|4|5|5_u0,5,0,3|3|4|5|5,4|4|5|6|6,20,25,4,0,none,True,True,False,False,True,False,computed_total_slot_anomaly_obstruction,20|25|5|0,20|20|20|20|20,none,0,0,True,,
widened_enumeration,r3|3|4|5|5_u1,5,1,3|3|4|5|5,4|4|5|6|6,20,25,4,0,none,True,True,False,False,True,False,computed_total_slot_anomaly_obstruction,20|25|5|1,20|20|20|20|20,none,0,0,True,,
widened_enumeration,r3|3|4|5|5_u2,5,2,3|3|4|5|5,4|4|5|6|6,20,25,4,0,none,True,True,False,False,True,False,computed_total_slot_anomaly_obstruction,20|25|5|2,20|20|20|20|20,none,0,0,True,,
widened_enumeration,r3|3|4|5|5_u3,5,3,3|3|4|5|5,4|4|5|6|6,20,25,4,0,none,True,True,False,False,True,False,computed_total_slot_anomaly_obstruction,20|25|5|3,20|20|20|20|20,none,0,0,True,,
widened_enumeration,r3|3|4|5|6_u0,5,0,3|3|4|5|6,4|4|5|6|7,21,26,4,0,none,True,True,False,False,True,False,computed_total_slot_anomaly_obstruction,21|26|5|0,21|21|21|21|21,none,0,0,True,,
widened_enumeration,r3|3|4|5|6_u1,5,1,3|3|4|5|6,4|4|5|6|7,21,26,4,0,none,True,True,False,False,True,False,computed_total_slot_anomaly_obstruction,21|26|5|1,21|21|21|21|21,none,0,0,True,,
widened_enumeration,r3|3|4|5|6_u2,5,2,3|3|4|5|6,4|4|5|6|7,21,26,4,0,none,True,True,False,False,True,False,computed_total_slot_anomaly_obstruction,21|26|5|2,21|21|21|21|21,none,0,0,True,,
widened_enumeration,r3|3|4|5|6_u3,5,3,3|3|4|5|6,4|4|5|6|7,21,26,4,0,none,True,True,False,False,True,False,computed_total_slot_anomaly_obstruction,21|26|5|3,21|21|21|21|21,none,0,0,True,,
widened_enumeration,r3|3|4|6|6_u0,5,0,3|3|4|6|6,4|4|5|7|7,22,27,4,0,none,True,True,False,False,True,False,computed_total_slot_anomaly_obstruction,22|27|5|0,22|22|22|22|22,none,0,0,True,,
widened_enumeration,r3|3|4|6|6_u1,5,1,3|3|4|6|6,4|4|5|7|7,22,27,4,0,none,True,True,False,False,True,False,computed_total_slot_anomaly_obstruction,22|27|5|1,22|22|22|22|22,none,0,0,True,,
widened_enumeration,r3|3|4|6|6_u2,5,2,3|3|4|6|6,4|4|5|7|7,22,27,4,0,none,True,True,False,False,True,False,computed_total_slot_anomaly_obstruction,22|27|5|2,22|22|22|22|22,none,0,0,True,,
widened_enumeration,r3|3|4|6|6_u3,5,3,3|3|4|6|6,4|4|5|7|7,22,27,4,0,none,True,True,False,False,True,False,computed_total_slot_anomaly_obstruction,22|27|5|3,22|22|22|22|22,none,0,0,True,,
widened_enumeration,r3|3|5|5|5_u0,5,0,3|3|5|5|5,4|4|6|6|6,21,26,4,0,none,True,True,False,False,True,False,computed_total_slot_anomaly_obstruction,21|26|5|0,21|21|21|21|21,none,0,0,True,,
widened_enumeration,r3|3|5|5|5_u1,5,1,3|3|5|5|5,4|4|6|6|6,21,26,4,0,none,True,True,False,False,True,False,computed_total_slot_anomaly_obstruction,21|26|5|1,21|21|21|21|21,none,0,0,True,,
widened_enumeration,r3|3|5|5|5_u2,5,2,3|3|5|5|5,4|4|6|6|6,21,26,4,0,none,True,True,False,False,True,False,computed_total_slot_anomaly_obstruction,21|26|5|2,21|21|21|21|21,none,0,0,True,,
widened_enumeration,r3|3|5|5|5_u3,5,3,3|3|5|5|5,4|4|6|6|6,21,26,4,0,none,True,True,False,False,True,False,computed_total_slot_anomaly_obstruction,21|26|5|3,21|21|21|21|21,none,0,0,True,,
widened_enumeration,r3|3|5|5|6_u0,5,0,3|3|5|5|6,4|4|6|6|7,22,27,4,0,none,True,True,False,False,True,False,computed_total_slot_anomaly_obstruction,22|27|5|0,22|22|22|22|22,none,0,0,True,,
widened_enumeration,r3|3|5|5|6_u1,5,1,3|3|5|5|6,4|4|6|6|7,22,27,4,0,none,True,True,False,False,True,False,computed_total_slot_anomaly_obstruction,22|27|5|1,22|22|22|22|22,none,0,0,True,,
widened_enumeration,r3|3|5|5|6_u2,5,2,3|3|5|5|6,4|4|6|6|7,22,27,4,0,none,True,True,False,False,True,False,computed_total_slot_anomaly_obstruction,22|27|5|2,22|22|22|22|22,none,0,0,True,,
widened_enumeration,r3|3|5|5|6_u3,5,3,3|3|5|5|6,4|4|6|6|7,22,27,4,0,none,True,True,False,False,True,False,computed_total_slot_anomaly_obstruction,22|27|5|3,22|22|22|22|22,none,0,0,True,,
widened_enumeration,r3|3|5|6|6_u0,5,0,3|3|5|6|6,4|4|6|7|7,23,28,4,0,none,True,True,False,False,True,False,computed_total_slot_anomaly_obstruction,23|28|5|0,23|23|23|23|23,none,0,0,True,,
widened_enumeration,r3|3|5|6|6_u1,5,1,3|3|5|6|6,4|4|6|7|7,23,28,4,0,none,True,True,False,False,True,False,computed_total_slot_anomaly_obstruction,23|28|5|1,23|23|23|23|23,none,0,0,True,,
widened_enumeration,r3|3|5|6|6_u2,5,2,3|3|5|6|6,4|4|6|7|7,23,28,4,0,none,True,True,False,False,True,False,computed_total_slot_anomaly_obstruction,23|28|5|2,23|23|23|23|23,none,0,0,True,,
widened_enumeration,r3|3|5|6|6_u3,5,3,3|3|5|6|6,4|4|6|7|7,23,28,4,0,none,True,True,False,False,True,False,computed_total_slot_anomaly_obstruction,23|28|5|3,23|23|23|23|23,none,0,0,True,,
widened_enumeration,r3|3|6|6|6_u0,5,0,3|3|6|6|6,4|4|7|7|7,24,29,4,0,none,True,True,False,False,True,False,computed_total_slot_anomaly_obstruction,24|29|5|0,24|24|24|24|24,none,0,0,True,,
widened_enumeration,r3|3|6|6|6_u1,5,1,3|3|6|6|6,4|4|7|7|7,24,29,4,0,none,True,True,False,False,True,False,computed_total_slot_anomaly_obstruction,24|29|5|1,24|24|24|24|24,none,0,0,True,,
widened_enumeration,r3|3|6|6|6_u2,5,2,3|3|6|6|6,4|4|7|7|7,24,29,4,0,none,True,True,False,False,True,False,computed_total_slot_anomaly_obstruction,24|29|5|2,24|24|24|24|24,none,0,0,True,,
widened_enumeration,r3|3|6|6|6_u3,5,3,3|3|6|6|6,4|4|7|7|7,24,29,4,0,none,True,True,False,False,True,False,computed_total_slot_anomaly_obstruction,24|29|5|3,24|24|24|24|24,none,0,0,True,,
widened_enumeration,r3|4|4|4|4_u0,5,0,3|4|4|4|4,4|5|5|5|5,19,24,4,0,none,True,True,False,False,True,False,computed_total_slot_anomaly_obstruction,19|24|5|0,19|19|19|19|19,none,0,0,True,,
widened_enumeration,r3|4|4|4|4_u1,5,1,3|4|4|4|4,4|5|5|5|5,19,24,4,0,none,True,True,False,False,True,False,computed_total_slot_anomaly_obstruction,19|24|5|1,19|19|19|19|19,none,0,0,True,,
widened_enumeration,r3|4|4|4|4_u2,5,2,3|4|4|4|4,4|5|5|5|5,19,24,4,0,none,True,True,False,False,True,False,computed_total_slot_anomaly_obstruction,19|24|5|2,19|19|19|19|19,none,0,0,True,,
widened_enumeration,r3|4|4|4|4_u3,5,3,3|4|4|4|4,4|5|5|5|5,19,24,4,0,none,True,True,False,False,True,False,computed_total_slot_anomaly_obstruction,19|24|5|3,19|19|19|19|19,none,0,0,True,,
widened_enumeration,r3|4|4|4|5_u0,5,0,3|4|4|4|5,4|5|5|5|6,20,25,4,0,none,True,True,False,False,True,False,computed_total_slot_anomaly_obstruction,20|25|5|0,20|20|20|20|20,none,0,0,True,,
widened_enumeration,r3|4|4|4|5_u1,5,1,3|4|4|4|5,4|5|5|5|6,20,25,4,0,none,True,True,False,False,True,False,computed_total_slot_anomaly_obstruction,20|25|5|1,20|20|20|20|20,none,0,0,True,,
widened_enumeration,r3|4|4|4|5_u2,5,2,3|4|4|4|5,4|5|5|5|6,20,25,4,0,none,True,True,False,False,True,False,computed_total_slot_anomaly_obstruction,20|25|5|2,20|20|20|20|20,none,0,0,True,,
widened_enumeration,r3|4|4|4|5_u3,5,3,3|4|4|4|5,4|5|5|5|6,20,25,4,0,none,True,True,False,False,True,False,computed_total_slot_anomaly_obstruction,20|25|5|3,20|20|20|20|20,none,0,0,True,,
widened_enumeration,r3|4|4|4|6_u0,5,0,3|4|4|4|6,4|5|5|5|7,21,26,4,0,none,True,True,False,False,True,False,computed_total_slot_anomaly_obstruction,21|26|5|0,21|21|21|21|21,none,0,0,True,,
widened_enumeration,r3|4|4|4|6_u1,5,1,3|4|4|4|6,4|5|5|5|7,21,26,4,0,none,True,True,False,False,True,False,computed_total_slot_anomaly_obstruction,21|26|5|1,21|21|21|21|21,none,0,0,True,,
widened_enumeration,r3|4|4|4|6_u2,5,2,3|4|4|4|6,4|5|5|5|7,21,26,4,0,none,True,True,False,False,True,False,computed_total_slot_anomaly_obstruction,21|26|5|2,21|21|21|21|21,none,0,0,True,,
widened_enumeration,r3|4|4|4|6_u3,5,3,3|4|4|4|6,4|5|5|5|7,21,26,4,0,none,True,True,False,False,True,False,computed_total_slot_anomaly_obstruction,21|26|5|3,21|21|21|21|21,none,0,0,True,,
widened_enumeration,r3|4|4|5|5_u0,5,0,3|4|4|5|5,4|5|5|6|6,21,26,4,0,none,True,True,False,False,True,False,computed_total_slot_anomaly_obstruction,21|26|5|0,21|21|21|21|21,none,0,0,True,,
widened_enumeration,r3|4|4|5|5_u1,5,1,3|4|4|5|5,4|5|5|6|6,21,26,4,0,none,True,True,False,False,True,False,computed_total_slot_anomaly_obstruction,21|26|5|1,21|21|21|21|21,none,0,0,True,,
widened_enumeration,r3|4|4|5|5_u2,5,2,3|4|4|5|5,4|5|5|6|6,21,26,4,0,none,True,True,False,False,True,False,computed_total_slot_anomaly_obstruction,21|26|5|2,21|21|21|21|21,none,0,0,True,,
widened_enumeration,r3|4|4|5|5_u3,5,3,3|4|4|5|5,4|5|5|6|6,21,26,4,0,none,True,True,False,False,True,False,computed_total_slot_anomaly_obstruction,21|26|5|3,21|21|21|21|21,none,0,0,True,,
widened_enumeration,r3|4|4|5|6_u0,5,0,3|4|4|5|6,4|5|5|6|7,22,27,4,0,none,True,True,False,False,True,False,computed_total_slot_anomaly_obstruction,22|27|5|0,22|22|22|22|22,none,0,0,True,,
widened_enumeration,r3|4|4|5|6_u1,5,1,3|4|4|5|6,4|5|5|6|7,22,27,4,0,none,True,True,False,False,True,False,computed_total_slot_anomaly_obstruction,22|27|5|1,22|22|22|22|22,none,0,0,True,,
widened_enumeration,r3|4|4|5|6_u2,5,2,3|4|4|5|6,4|5|5|6|7,22,27,4,0,none,True,True,False,False,True,False,computed_total_slot_anomaly_obstruction,22|27|5|2,22|22|22|22|22,none,0,0,True,,
widened_enumeration,r3|4|4|5|6_u3,5,3,3|4|4|5|6,4|5|5|6|7,22,27,4,0,none,True,True,False,False,True,False,computed_total_slot_anomaly_obstruction,22|27|5|3,22|22|22|22|22,none,0,0,True,,
widened_enumeration,r3|4|4|6|6_u0,5,0,3|4|4|6|6,4|5|5|7|7,23,28,4,0,none,True,True,False,False,True,False,computed_total_slot_anomaly_obstruction,23|28|5|0,23|23|23|23|23,none,0,0,True,,
widened_enumeration,r3|4|4|6|6_u1,5,1,3|4|4|6|6,4|5|5|7|7,23,28,4,0,none,True,True,False,False,True,False,computed_total_slot_anomaly_obstruction,23|28|5|1,23|23|23|23|23,none,0,0,True,,
widened_enumeration,r3|4|4|6|6_u2,5,2,3|4|4|6|6,4|5|5|7|7,23,28,4,0,none,True,True,False,False,True,False,computed_total_slot_anomaly_obstruction,23|28|5|2,23|23|23|23|23,none,0,0,True,,
widened_enumeration,r3|4|4|6|6_u3,5,3,3|4|4|6|6,4|5|5|7|7,23,28,4,0,none,True,True,False,False,True,False,computed_total_slot_anomaly_obstruction,23|28|5|3,23|23|23|23|23,none,0,0,True,,
widened_enumeration,r3|4|5|5|5_u0,5,0,3|4|5|5|5,4|5|6|6|6,22,27,4,0,none,True,True,False,False,True,False,computed_total_slot_anomaly_obstruction,22|27|5|0,22|22|22|22|22,none,0,0,True,,
widened_enumeration,r3|4|5|5|5_u1,5,1,3|4|5|5|5,4|5|6|6|6,22,27,4,0,none,True,True,False,False,True,False,computed_total_slot_anomaly_obstruction,22|27|5|1,22|22|22|22|22,none,0,0,True,,
widened_enumeration,r3|4|5|5|5_u2,5,2,3|4|5|5|5,4|5|6|6|6,22,27,4,0,none,True,True,False,False,True,False,computed_total_slot_anomaly_obstruction,22|27|5|2,22|22|22|22|22,none,0,0,True,,
widened_enumeration,r3|4|5|5|5_u3,5,3,3|4|5|5|5,4|5|6|6|6,22,27,4,0,none,True,True,False,False,True,False,computed_total_slot_anomaly_obstruction,22|27|5|3,22|22|22|22|22,none,0,0,True,,
widened_enumeration,r3|4|5|5|6_u0,5,0,3|4|5|5|6,4|5|6|6|7,23,28,4,0,none,True,True,False,False,True,False,computed_total_slot_anomaly_obstruction,23|28|5|0,23|23|23|23|23,none,0,0,True,,
widened_enumeration,r3|4|5|5|6_u1,5,1,3|4|5|5|6,4|5|6|6|7,23,28,4,0,none,True,True,False,False,True,False,computed_total_slot_anomaly_obstruction,23|28|5|1,23|23|23|23|23,none,0,0,True,,
widened_enumeration,r3|4|5|5|6_u2,5,2,3|4|5|5|6,4|5|6|6|7,23,28,4,0,none,True,True,False,False,True,False,computed_total_slot_anomaly_obstruction,23|28|5|2,23|23|23|23|23,none,0,0,True,,
widened_enumeration,r3|4|5|5|6_u3,5,3,3|4|5|5|6,4|5|6|6|7,23,28,4,0,none,True,True,False,False,True,False,computed_total_slot_anomaly_obstruction,23|28|5|3,23|23|23|23|23,none,0,0,True,,
widened_enumeration,r3|4|5|6|6_u0,5,0,3|4|5|6|6,4|5|6|7|7,24,29,4,0,none,True,True,False,False,True,False,computed_total_slot_anomaly_obstruction,24|29|5|0,24|24|24|24|24,none,0,0,True,,
widened_enumeration,r3|4|5|6|6_u1,5,1,3|4|5|6|6,4|5|6|7|7,24,29,4,0,none,True,True,False,False,True,False,computed_total_slot_anomaly_obstruction,24|29|5|1,24|24|24|24|24,none,0,0,True,,
widened_enumeration,r3|4|5|6|6_u2,5,2,3|4|5|6|6,4|5|6|7|7,24,29,4,0,none,True,True,False,False,True,False,computed_total_slot_anomaly_obstruction,24|29|5|2,24|24|24|24|24,none,0,0,True,,
widened_enumeration,r3|4|5|6|6_u3,5,3,3|4|5|6|6,4|5|6|7|7,24,29,4,0,none,True,True,False,False,True,False,computed_total_slot_anomaly_obstruction,24|29|5|3,24|24|24|24|24,none,0,0,True,,
widened_enumeration,r3|4|6|6|6_u0,5,0,3|4|6|6|6,4|5|7|7|7,25,30,4,0,none,True,True,False,False,True,False,computed_total_slot_anomaly_obstruction,25|30|5|0,25|25|25|25|25,none,0,0,True,,
widened_enumeration,r3|4|6|6|6_u1,5,1,3|4|6|6|6,4|5|7|7|7,25,30,4,0,none,True,True,False,False,True,False,computed_total_slot_anomaly_obstruction,25|30|5|1,25|25|25|25|25,none,0,0,True,,
widened_enumeration,r3|4|6|6|6_u2,5,2,3|4|6|6|6,4|5|7|7|7,25,30,4,0,none,True,True,False,False,True,False,computed_total_slot_anomaly_obstruction,25|30|5|2,25|25|25|25|25,none,0,0,True,,
widened_enumeration,r3|4|6|6|6_u3,5,3,3|4|6|6|6,4|5|7|7|7,25,30,4,0,none,True,True,False,False,True,False,computed_total_slot_anomaly_obstruction,25|30|5|3,25|25|25|25|25,none,0,0,True,,
widened_enumeration,r3|5|5|5|5_u0,5,0,3|5|5|5|5,4|6|6|6|6,23,28,4,0,none,True,True,False,False,True,False,computed_total_slot_anomaly_obstruction,23|28|5|0,23|23|23|23|23,none,0,0,True,,
widened_enumeration,r3|5|5|5|5_u1,5,1,3|5|5|5|5,4|6|6|6|6,23,28,4,0,none,True,True,False,False,True,False,computed_total_slot_anomaly_obstruction,23|28|5|1,23|23|23|23|23,none,0,0,True,,
widened_enumeration,r3|5|5|5|5_u2,5,2,3|5|5|5|5,4|6|6|6|6,23,28,4,0,none,True,True,False,False,True,False,computed_total_slot_anomaly_obstruction,23|28|5|2,23|23|23|23|23,none,0,0,True,,
widened_enumeration,r3|5|5|5|5_u3,5,3,3|5|5|5|5,4|6|6|6|6,23,28,4,0,none,True,True,False,False,True,False,computed_total_slot_anomaly_obstruction,23|28|5|3,23|23|23|23|23,none,0,0,True,,
widened_enumeration,r3|5|5|5|6_u0,5,0,3|5|5|5|6,4|6|6|6|7,24,29,4,0,none,True,True,False,False,True,False,computed_total_slot_anomaly_obstruction,24|29|5|0,24|24|24|24|24,none,0,0,True,,
widened_enumeration,r3|5|5|5|6_u1,5,1,3|5|5|5|6,4|6|6|6|7,24,29,4,0,none,True,True,False,False,True,False,computed_total_slot_anomaly_obstruction,24|29|5|1,24|24|24|24|24,none,0,0,True,,
widened_enumeration,r3|5|5|5|6_u2,5,2,3|5|5|5|6,4|6|6|6|7,24,29,4,0,none,True,True,False,False,True,False,computed_total_slot_anomaly_obstruction,24|29|5|2,24|24|24|24|24,none,0,0,True,,
widened_enumeration,r3|5|5|5|6_u3,5,3,3|5|5|5|6,4|6|6|6|7,24,29,4,0,none,True,True,False,False,True,False,computed_total_slot_anomaly_obstruction,24|29|5|3,24|24|24|24|24,none,0,0,True,,
widened_enumeration,r3|5|5|6|6_u0,5,0,3|5|5|6|6,4|6|6|7|7,25,30,4,0,none,True,True,False,False,True,False,computed_total_slot_anomaly_obstruction,25|30|5|0,25|25|25|25|25,none,0,0,True,,
widened_enumeration,r3|5|5|6|6_u1,5,1,3|5|5|6|6,4|6|6|7|7,25,30,4,0,none,True,True,False,False,True,False,computed_total_slot_anomaly_obstruction,25|30|5|1,25|25|25|25|25,none,0,0,True,,
widened_enumeration,r3|5|5|6|6_u2,5,2,3|5|5|6|6,4|6|6|7|7,25,30,4,0,none,True,True,False,False,True,False,computed_total_slot_anomaly_obstruction,25|30|5|2,25|25|25|25|25,none,0,0,True,,
widened_enumeration,r3|5|5|6|6_u3,5,3,3|5|5|6|6,4|6|6|7|7,25,30,4,0,none,True,True,False,False,True,False,computed_total_slot_anomaly_obstruction,25|30|5|3,25|25|25|25|25,none,0,0,True,,
widened_enumeration,r3|5|6|6|6_u0,5,0,3|5|6|6|6,4|6|7|7|7,26,31,4,0,none,True,True,False,False,True,False,computed_total_slot_anomaly_obstruction,26|31|5|0,26|26|26|26|26,none,0,0,True,,
widened_enumeration,r3|5|6|6|6_u1,5,1,3|5|6|6|6,4|6|7|7|7,26,31,4,0,none,True,True,False,False,True,False,computed_total_slot_anomaly_obstruction,26|31|5|1,26|26|26|26|26,none,0,0,True,,
widened_enumeration,r3|5|6|6|6_u2,5,2,3|5|6|6|6,4|6|7|7|7,26,31,4,0,none,True,True,False,False,True,False,computed_total_slot_anomaly_obstruction,26|31|5|2,26|26|26|26|26,none,0,0,True,,
widened_enumeration,r3|5|6|6|6_u3,5,3,3|5|6|6|6,4|6|7|7|7,26,31,4,0,none,True,True,False,False,True,False,computed_total_slot_anomaly_obstruction,26|31|5|3,26|26|26|26|26,none,0,0,True,,
widened_enumeration,r3|6|6|6|6_u0,5,0,3|6|6|6|6,4|7|7|7|7,27,32,4,0,none,True,True,False,False,True,False,computed_total_slot_anomaly_obstruction,27|32|5|0,27|27|27|27|27,none,0,0,True,,
widened_enumeration,r3|6|6|6|6_u1,5,1,3|6|6|6|6,4|7|7|7|7,27,32,4,0,none,True,True,False,False,True,False,computed_total_slot_anomaly_obstruction,27|32|5|1,27|27|27|27|27,none,0,0,True,,
widened_enumeration,r3|6|6|6|6_u2,5,2,3|6|6|6|6,4|7|7|7|7,27,32,4,0,none,True,True,False,False,True,False,computed_total_slot_anomaly_obstruction,27|32|5|2,27|27|27|27|27,none,0,0,True,,
widened_enumeration,r3|6|6|6|6_u3,5,3,3|6|6|6|6,4|7|7|7|7,27,32,4,0,none,True,True,False,False,True,False,computed_total_slot_anomaly_obstruction,27|32|5|3,27|27|27|27|27,none,0,0,True,,
widened_enumeration,r4|4|4|4|4_u0,5,0,4|4|4|4|4,5|5|5|5|5,20,25,4,0,none,True,True,False,False,True,False,computed_total_slot_anomaly_obstruction,20|25|5|0,20|20|20|20|20,none,0,0,True,,
widened_enumeration,r4|4|4|4|4_u1,5,1,4|4|4|4|4,5|5|5|5|5,20,25,4,0,none,True,True,False,False,True,False,computed_total_slot_anomaly_obstruction,20|25|5|1,20|20|20|20|20,none,0,0,True,,
widened_enumeration,r4|4|4|4|4_u2,5,2,4|4|4|4|4,5|5|5|5|5,20,25,4,0,none,True,True,False,False,True,False,computed_total_slot_anomaly_obstruction,20|25|5|2,20|20|20|20|20,none,0,0,True,,
widened_enumeration,r4|4|4|4|4_u3,5,3,4|4|4|4|4,5|5|5|5|5,20,25,4,0,none,True,True,False,False,True,False,computed_total_slot_anomaly_obstruction,20|25|5|3,20|20|20|20|20,none,0,0,True,,
widened_enumeration,r4|4|4|4|5_u0,5,0,4|4|4|4|5,5|5|5|5|6,21,26,4,0,none,True,True,False,False,True,False,computed_total_slot_anomaly_obstruction,21|26|5|0,21|21|21|21|21,none,0,0,True,,
widened_enumeration,r4|4|4|4|5_u1,5,1,4|4|4|4|5,5|5|5|5|6,21,26,4,0,none,True,True,False,False,True,False,computed_total_slot_anomaly_obstruction,21|26|5|1,21|21|21|21|21,none,0,0,True,,
widened_enumeration,r4|4|4|4|5_u2,5,2,4|4|4|4|5,5|5|5|5|6,21,26,4,0,none,True,True,False,False,True,False,computed_total_slot_anomaly_obstruction,21|26|5|2,21|21|21|21|21,none,0,0,True,,
widened_enumeration,r4|4|4|4|5_u3,5,3,4|4|4|4|5,5|5|5|5|6,21,26,4,0,none,True,True,False,False,True,False,computed_total_slot_anomaly_obstruction,21|26|5|3,21|21|21|21|21,none,0,0,True,,
widened_enumeration,r4|4|4|4|6_u0,5,0,4|4|4|4|6,5|5|5|5|7,22,27,4,0,none,True,True,False,False,True,False,computed_total_slot_anomaly_obstruction,22|27|5|0,22|22|22|22|22,none,0,0,True,,
widened_enumeration,r4|4|4|4|6_u1,5,1,4|4|4|4|6,5|5|5|5|7,22,27,4,0,none,True,True,False,False,True,False,computed_total_slot_anomaly_obstruction,22|27|5|1,22|22|22|22|22,none,0,0,True,,
widened_enumeration,r4|4|4|4|6_u2,5,2,4|4|4|4|6,5|5|5|5|7,22,27,4,0,none,True,True,False,False,True,False,computed_total_slot_anomaly_obstruction,22|27|5|2,22|22|22|22|22,none,0,0,True,,
widened_enumeration,r4|4|4|4|6_u3,5,3,4|4|4|4|6,5|5|5|5|7,22,27,4,0,none,True,True,False,False,True,False,computed_total_slot_anomaly_obstruction,22|27|5|3,22|22|22|22|22,none,0,0,True,,
widened_enumeration,r4|4|4|5|5_u0,5,0,4|4|4|5|5,5|5|5|6|6,22,27,4,0,none,True,True,False,False,True,False,computed_total_slot_anomaly_obstruction,22|27|5|0,22|22|22|22|22,none,0,0,True,,
widened_enumeration,r4|4|4|5|5_u1,5,1,4|4|4|5|5,5|5|5|6|6,22,27,4,0,none,True,True,False,False,True,False,computed_total_slot_anomaly_obstruction,22|27|5|1,22|22|22|22|22,none,0,0,True,,
widened_enumeration,r4|4|4|5|5_u2,5,2,4|4|4|5|5,5|5|5|6|6,22,27,4,0,none,True,True,False,False,True,False,computed_total_slot_anomaly_obstruction,22|27|5|2,22|22|22|22|22,none,0,0,True,,
widened_enumeration,r4|4|4|5|5_u3,5,3,4|4|4|5|5,5|5|5|6|6,22,27,4,0,none,True,True,False,False,True,False,computed_total_slot_anomaly_obstruction,22|27|5|3,22|22|22|22|22,none,0,0,True,,
widened_enumeration,r4|4|4|5|6_u0,5,0,4|4|4|5|6,5|5|5|6|7,23,28,4,0,none,True,True,False,False,True,False,computed_total_slot_anomaly_obstruction,23|28|5|0,23|23|23|23|23,none,0,0,True,,
widened_enumeration,r4|4|4|5|6_u1,5,1,4|4|4|5|6,5|5|5|6|7,23,28,4,0,none,True,True,False,False,True,False,computed_total_slot_anomaly_obstruction,23|28|5|1,23|23|23|23|23,none,0,0,True,,
widened_enumeration,r4|4|4|5|6_u2,5,2,4|4|4|5|6,5|5|5|6|7,23,28,4,0,none,True,True,False,False,True,False,computed_total_slot_anomaly_obstruction,23|28|5|2,23|23|23|23|23,none,0,0,True,,
widened_enumeration,r4|4|4|5|6_u3,5,3,4|4|4|5|6,5|5|5|6|7,23,28,4,0,none,True,True,False,False,True,False,computed_total_slot_anomaly_obstruction,23|28|5|3,23|23|23|23|23,none,0,0,True,,
widened_enumeration,r4|4|4|6|6_u0,5,0,4|4|4|6|6,5|5|5|7|7,24,29,4,0,none,True,True,False,False,True,False,computed_total_slot_anomaly_obstruction,24|29|5|0,24|24|24|24|24,none,0,0,True,,
widened_enumeration,r4|4|4|6|6_u1,5,1,4|4|4|6|6,5|5|5|7|7,24,29,4,0,none,True,True,False,False,True,False,computed_total_slot_anomaly_obstruction,24|29|5|1,24|24|24|24|24,none,0,0,True,,
widened_enumeration,r4|4|4|6|6_u2,5,2,4|4|4|6|6,5|5|5|7|7,24,29,4,0,none,True,True,False,False,True,False,computed_total_slot_anomaly_obstruction,24|29|5|2,24|24|24|24|24,none,0,0,True,,
widened_enumeration,r4|4|4|6|6_u3,5,3,4|4|4|6|6,5|5|5|7|7,24,29,4,0,none,True,True,False,False,True,False,computed_total_slot_anomaly_obstruction,24|29|5|3,24|24|24|24|24,none,0,0,True,,
widened_enumeration,r4|4|5|5|5_u0,5,0,4|4|5|5|5,5|5|6|6|6,23,28,4,0,none,True,True,False,False,True,False,computed_total_slot_anomaly_obstruction,23|28|5|0,23|23|23|23|23,none,0,0,True,,
widened_enumeration,r4|4|5|5|5_u1,5,1,4|4|5|5|5,5|5|6|6|6,23,28,4,0,none,True,True,False,False,True,False,computed_total_slot_anomaly_obstruction,23|28|5|1,23|23|23|23|23,none,0,0,True,,
widened_enumeration,r4|4|5|5|5_u2,5,2,4|4|5|5|5,5|5|6|6|6,23,28,4,0,none,True,True,False,False,True,False,computed_total_slot_anomaly_obstruction,23|28|5|2,23|23|23|23|23,none,0,0,True,,
widened_enumeration,r4|4|5|5|5_u3,5,3,4|4|5|5|5,5|5|6|6|6,23,28,4,0,none,True,True,False,False,True,False,computed_total_slot_anomaly_obstruction,23|28|5|3,23|23|23|23|23,none,0,0,True,,
widened_enumeration,r4|4|5|5|6_u0,5,0,4|4|5|5|6,5|5|6|6|7,24,29,4,0,none,True,True,False,False,True,False,computed_total_slot_anomaly_obstruction,24|29|5|0,24|24|24|24|24,none,0,0,True,,
widened_enumeration,r4|4|5|5|6_u1,5,1,4|4|5|5|6,5|5|6|6|7,24,29,4,0,none,True,True,False,False,True,False,computed_total_slot_anomaly_obstruction,24|29|5|1,24|24|24|24|24,none,0,0,True,,
widened_enumeration,r4|4|5|5|6_u2,5,2,4|4|5|5|6,5|5|6|6|7,24,29,4,0,none,True,True,False,False,True,False,computed_total_slot_anomaly_obstruction,24|29|5|2,24|24|24|24|24,none,0,0,True,,
widened_enumeration,r4|4|5|5|6_u3,5,3,4|4|5|5|6,5|5|6|6|7,24,29,4,0,none,True,True,False,False,True,False,computed_total_slot_anomaly_obstruction,24|29|5|3,24|24|24|24|24,none,0,0,True,,
widened_enumeration,r4|4|5|6|6_u0,5,0,4|4|5|6|6,5|5|6|7|7,25,30,4,0,none,True,True,False,False,True,False,computed_total_slot_anomaly_obstruction,25|30|5|0,25|25|25|25|25,none,0,0,True,,
widened_enumeration,r4|4|5|6|6_u1,5,1,4|4|5|6|6,5|5|6|7|7,25,30,4,0,none,True,True,False,False,True,False,computed_total_slot_anomaly_obstruction,25|30|5|1,25|25|25|25|25,none,0,0,True,,
widened_enumeration,r4|4|5|6|6_u2,5,2,4|4|5|6|6,5|5|6|7|7,25,30,4,0,none,True,True,False,False,True,False,computed_total_slot_anomaly_obstruction,25|30|5|2,25|25|25|25|25,none,0,0,True,,
widened_enumeration,r4|4|5|6|6_u3,5,3,4|4|5|6|6,5|5|6|7|7,25,30,4,0,none,True,True,False,False,True,False,computed_total_slot_anomaly_obstruction,25|30|5|3,25|25|25|25|25,none,0,0,True,,
widened_enumeration,r4|4|6|6|6_u0,5,0,4|4|6|6|6,5|5|7|7|7,26,31,4,0,none,True,True,False,False,True,False,computed_total_slot_anomaly_obstruction,26|31|5|0,26|26|26|26|26,none,0,0,True,,
widened_enumeration,r4|4|6|6|6_u1,5,1,4|4|6|6|6,5|5|7|7|7,26,31,4,0,none,True,True,False,False,True,False,computed_total_slot_anomaly_obstruction,26|31|5|1,26|26|26|26|26,none,0,0,True,,
widened_enumeration,r4|4|6|6|6_u2,5,2,4|4|6|6|6,5|5|7|7|7,26,31,4,0,none,True,True,False,False,True,False,computed_total_slot_anomaly_obstruction,26|31|5|2,26|26|26|26|26,none,0,0,True,,
widened_enumeration,r4|4|6|6|6_u3,5,3,4|4|6|6|6,5|5|7|7|7,26,31,4,0,none,True,True,False,False,True,False,computed_total_slot_anomaly_obstruction,26|31|5|3,26|26|26|26|26,none,0,0,True,,
widened_enumeration,r4|5|5|5|5_u0,5,0,4|5|5|5|5,5|6|6|6|6,24,29,4,0,none,True,True,False,False,True,False,computed_total_slot_anomaly_obstruction,24|29|5|0,24|24|24|24|24,none,0,0,True,,
widened_enumeration,r4|5|5|5|5_u1,5,1,4|5|5|5|5,5|6|6|6|6,24,29,4,0,none,True,True,False,False,True,False,computed_total_slot_anomaly_obstruction,24|29|5|1,24|24|24|24|24,none,0,0,True,,
widened_enumeration,r4|5|5|5|5_u2,5,2,4|5|5|5|5,5|6|6|6|6,24,29,4,0,none,True,True,False,False,True,False,computed_total_slot_anomaly_obstruction,24|29|5|2,24|24|24|24|24,none,0,0,True,,
widened_enumeration,r4|5|5|5|5_u3,5,3,4|5|5|5|5,5|6|6|6|6,24,29,4,0,none,True,True,False,False,True,False,computed_total_slot_anomaly_obstruction,24|29|5|3,24|24|24|24|24,none,0,0,True,,
widened_enumeration,r4|5|5|5|6_u0,5,0,4|5|5|5|6,5|6|6|6|7,25,30,4,0,none,True,True,False,False,True,False,computed_total_slot_anomaly_obstruction,25|30|5|0,25|25|25|25|25,none,0,0,True,,
widened_enumeration,r4|5|5|5|6_u1,5,1,4|5|5|5|6,5|6|6|6|7,25,30,4,0,none,True,True,False,False,True,False,computed_total_slot_anomaly_obstruction,25|30|5|1,25|25|25|25|25,none,0,0,True,,
widened_enumeration,r4|5|5|5|6_u2,5,2,4|5|5|5|6,5|6|6|6|7,25,30,4,0,none,True,True,False,False,True,False,computed_total_slot_anomaly_obstruction,25|30|5|2,25|25|25|25|25,none,0,0,True,,
widened_enumeration,r4|5|5|5|6_u3,5,3,4|5|5|5|6,5|6|6|6|7,25,30,4,0,none,True,True,False,False,True,False,computed_total_slot_anomaly_obstruction,25|30|5|3,25|25|25|25|25,none,0,0,True,,
widened_enumeration,r4|5|5|6|6_u0,5,0,4|5|5|6|6,5|6|6|7|7,26,31,4,0,none,True,True,False,False,True,False,computed_total_slot_anomaly_obstruction,26|31|5|0,26|26|26|26|26,none,0,0,True,,
widened_enumeration,r4|5|5|6|6_u1,5,1,4|5|5|6|6,5|6|6|7|7,26,31,4,0,none,True,True,False,False,True,False,computed_total_slot_anomaly_obstruction,26|31|5|1,26|26|26|26|26,none,0,0,True,,
widened_enumeration,r4|5|5|6|6_u2,5,2,4|5|5|6|6,5|6|6|7|7,26,31,4,0,none,True,True,False,False,True,False,computed_total_slot_anomaly_obstruction,26|31|5|2,26|26|26|26|26,none,0,0,True,,
widened_enumeration,r4|5|5|6|6_u3,5,3,4|5|5|6|6,5|6|6|7|7,26,31,4,0,none,True,True,False,False,True,False,computed_total_slot_anomaly_obstruction,26|31|5|3,26|26|26|26|26,none,0,0,True,,
widened_enumeration,r4|5|6|6|6_u0,5,0,4|5|6|6|6,5|6|7|7|7,27,32,4,0,none,True,True,False,False,True,False,computed_total_slot_anomaly_obstruction,27|32|5|0,27|27|27|27|27,none,0,0,True,,
widened_enumeration,r4|5|6|6|6_u1,5,1,4|5|6|6|6,5|6|7|7|7,27,32,4,0,none,True,True,False,False,True,False,computed_total_slot_anomaly_obstruction,27|32|5|1,27|27|27|27|27,none,0,0,True,,
widened_enumeration,r4|5|6|6|6_u2,5,2,4|5|6|6|6,5|6|7|7|7,27,32,4,0,none,True,True,False,False,True,False,computed_total_slot_anomaly_obstruction,27|32|5|2,27|27|27|27|27,none,0,0,True,,
widened_enumeration,r4|5|6|6|6_u3,5,3,4|5|6|6|6,5|6|7|7|7,27,32,4,0,none,True,True,False,False,True,False,computed_total_slot_anomaly_obstruction,27|32|5|3,27|27|27|27|27,none,0,0,True,,
widened_enumeration,r4|6|6|6|6_u0,5,0,4|6|6|6|6,5|7|7|7|7,28,33,4,0,none,True,True,False,False,True,False,computed_total_slot_anomaly_obstruction,28|33|5|0,28|28|28|28|28,none,0,0,True,,
widened_enumeration,r4|6|6|6|6_u1,5,1,4|6|6|6|6,5|7|7|7|7,28,33,4,0,none,True,True,False,False,True,False,computed_total_slot_anomaly_obstruction,28|33|5|1,28|28|28|28|28,none,0,0,True,,
widened_enumeration,r4|6|6|6|6_u2,5,2,4|6|6|6|6,5|7|7|7|7,28,33,4,0,none,True,True,False,False,True,False,computed_total_slot_anomaly_obstruction,28|33|5|2,28|28|28|28|28,none,0,0,True,,
widened_enumeration,r4|6|6|6|6_u3,5,3,4|6|6|6|6,5|7|7|7|7,28,33,4,0,none,True,True,False,False,True,False,computed_total_slot_anomaly_obstruction,28|33|5|3,28|28|28|28|28,none,0,0,True,,
widened_enumeration,r5|5|5|5|5_u0,5,0,5|5|5|5|5,6|6|6|6|6,25,30,4,0,none,True,True,False,False,True,False,computed_total_slot_anomaly_obstruction,25|30|5|0,25|25|25|25|25,none,0,0,True,,
widened_enumeration,r5|5|5|5|5_u1,5,1,5|5|5|5|5,6|6|6|6|6,25,30,4,0,none,True,True,False,False,True,False,computed_total_slot_anomaly_obstruction,25|30|5|1,25|25|25|25|25,none,0,0,True,,
widened_enumeration,r5|5|5|5|5_u2,5,2,5|5|5|5|5,6|6|6|6|6,25,30,4,0,none,True,True,False,False,True,False,computed_total_slot_anomaly_obstruction,25|30|5|2,25|25|25|25|25,none,0,0,True,,
widened_enumeration,r5|5|5|5|5_u3,5,3,5|5|5|5|5,6|6|6|6|6,25,30,4,0,none,True,True,False,False,True,False,computed_total_slot_anomaly_obstruction,25|30|5|3,25|25|25|25|25,none,0,0,True,,
widened_enumeration,r5|5|5|5|6_u0,5,0,5|5|5|5|6,6|6|6|6|7,26,31,4,0,none,True,True,False,False,True,False,computed_total_slot_anomaly_obstruction,26|31|5|0,26|26|26|26|26,none,0,0,True,,
widened_enumeration,r5|5|5|5|6_u1,5,1,5|5|5|5|6,6|6|6|6|7,26,31,4,0,none,True,True,False,False,True,False,computed_total_slot_anomaly_obstruction,26|31|5|1,26|26|26|26|26,none,0,0,True,,
widened_enumeration,r5|5|5|5|6_u2,5,2,5|5|5|5|6,6|6|6|6|7,26,31,4,0,none,True,True,False,False,True,False,computed_total_slot_anomaly_obstruction,26|31|5|2,26|26|26|26|26,none,0,0,True,,
widened_enumeration,r5|5|5|5|6_u3,5,3,5|5|5|5|6,6|6|6|6|7,26,31,4,0,none,True,True,False,False,True,False,computed_total_slot_anomaly_obstruction,26|31|5|3,26|26|26|26|26,none,0,0,True,,
widened_enumeration,r5|5|5|6|6_u0,5,0,5|5|5|6|6,6|6|6|7|7,27,32,4,0,none,True,True,False,False,True,False,computed_total_slot_anomaly_obstruction,27|32|5|0,27|27|27|27|27,none,0,0,True,,
widened_enumeration,r5|5|5|6|6_u1,5,1,5|5|5|6|6,6|6|6|7|7,27,32,4,0,none,True,True,False,False,True,False,computed_total_slot_anomaly_obstruction,27|32|5|1,27|27|27|27|27,none,0,0,True,,
widened_enumeration,r5|5|5|6|6_u2,5,2,5|5|5|6|6,6|6|6|7|7,27,32,4,0,none,True,True,False,False,True,False,computed_total_slot_anomaly_obstruction,27|32|5|2,27|27|27|27|27,none,0,0,True,,
widened_enumeration,r5|5|5|6|6_u3,5,3,5|5|5|6|6,6|6|6|7|7,27,32,4,0,none,True,True,False,False,True,False,computed_total_slot_anomaly_obstruction,27|32|5|3,27|27|27|27|27,none,0,0,True,,
widened_enumeration,r5|5|6|6|6_u0,5,0,5|5|6|6|6,6|6|7|7|7,28,33,4,0,none,True,True,False,False,True,False,computed_total_slot_anomaly_obstruction,28|33|5|0,28|28|28|28|28,none,0,0,True,,
widened_enumeration,r5|5|6|6|6_u1,5,1,5|5|6|6|6,6|6|7|7|7,28,33,4,0,none,True,True,False,False,True,False,computed_total_slot_anomaly_obstruction,28|33|5|1,28|28|28|28|28,none,0,0,True,,
widened_enumeration,r5|5|6|6|6_u2,5,2,5|5|6|6|6,6|6|7|7|7,28,33,4,0,none,True,True,False,False,True,False,computed_total_slot_anomaly_obstruction,28|33|5|2,28|28|28|28|28,none,0,0,True,,
widened_enumeration,r5|5|6|6|6_u3,5,3,5|5|6|6|6,6|6|7|7|7,28,33,4,0,none,True,True,False,False,True,False,computed_total_slot_anomaly_obstruction,28|33|5|3,28|28|28|28|28,none,0,0,True,,
widened_enumeration,r5|6|6|6|6_u0,5,0,5|6|6|6|6,6|7|7|7|7,29,34,4,0,none,True,True,False,False,True,False,computed_total_slot_anomaly_obstruction,29|34|5|0,29|29|29|29|29,none,0,0,True,,
widened_enumeration,r5|6|6|6|6_u1,5,1,5|6|6|6|6,6|7|7|7|7,29,34,4,0,none,True,True,False,False,True,False,computed_total_slot_anomaly_obstruction,29|34|5|1,29|29|29|29|29,none,0,0,True,,
widened_enumeration,r5|6|6|6|6_u2,5,2,5|6|6|6|6,6|7|7|7|7,29,34,4,0,none,True,True,False,False,True,False,computed_total_slot_anomaly_obstruction,29|34|5|2,29|29|29|29|29,none,0,0,True,,
widened_enumeration,r5|6|6|6|6_u3,5,3,5|6|6|6|6,6|7|7|7|7,29,34,4,0,none,True,True,False,False,True,False,computed_total_slot_anomaly_obstruction,29|34|5|3,29|29|29|29|29,none,0,0,True,,
widened_enumeration,r6|6|6|6|6_u0,5,0,6|6|6|6|6,7|7|7|7|7,30,35,4,0,none,True,True,False,False,True,False,computed_total_slot_anomaly_obstruction,30|35|5|0,30|30|30|30|30,none,0,0,True,,
widened_enumeration,r6|6|6|6|6_u1,5,1,6|6|6|6|6,7|7|7|7|7,30,35,4,0,none,True,True,False,False,True,False,computed_total_slot_anomaly_obstruction,30|35|5|1,30|30|30|30|30,none,0,0,True,,
widened_enumeration,r6|6|6|6|6_u2,5,2,6|6|6|6|6,7|7|7|7|7,30,35,4,0,none,True,True,False,False,True,False,computed_total_slot_anomaly_obstruction,30|35|5|2,30|30|30|30|30,none,0,0,True,,
widened_enumeration,r6|6|6|6|6_u3,5,3,6|6|6|6|6,7|7|7|7|7,30,35,4,0,none,True,True,False,False,True,False,computed_total_slot_anomaly_obstruction,30|35|5|3,30|30|30|30|30,none,0,0,True,,
widened_enumeration,r1|1|1|1|1|1_u0,6,0,1|1|1|1|1|1,2|2|2|2|2|2,6,12,5,0,none,False,False,False,False,False,False,chirality_test_failed,6|12|6|0,0|0|0|0|0|0,none,0,0,True,,
widened_enumeration,r1|1|1|1|1|1_u1,6,1,1|1|1|1|1|1,2|2|2|2|2|2,6,12,5,0,none,False,False,False,False,False,False,chirality_test_failed,6|12|6|1,0|0|0|0|0|0,none,0,0,True,,
widened_enumeration,r1|1|1|1|1|1_u2,6,2,1|1|1|1|1|1,2|2|2|2|2|2,6,12,5,0,none,False,False,False,False,False,False,chirality_test_failed,6|12|6|2,0|0|0|0|0|0,none,0,0,True,,
widened_enumeration,r1|1|1|1|1|1_u3,6,3,1|1|1|1|1|1,2|2|2|2|2|2,6,12,5,0,none,False,False,False,False,False,False,chirality_test_failed,6|12|6|3,0|0|0|0|0|0,none,0,0,True,,
widened_enumeration,r1|1|1|1|1|2_u0,6,0,1|1|1|1|1|2,2|2|2|2|2|3,7,13,5,0,none,True,True,False,False,True,False,computed_total_slot_anomaly_obstruction,7|13|6|0,0|0|0|0|0|8,none,0,0,True,,
widened_enumeration,r1|1|1|1|1|2_u1,6,1,1|1|1|1|1|2,2|2|2|2|2|3,7,13,5,0,none,True,True,False,False,True,False,computed_total_slot_anomaly_obstruction,7|13|6|1,0|0|0|0|0|8,none,0,0,True,,
widened_enumeration,r1|1|1|1|1|2_u2,6,2,1|1|1|1|1|2,2|2|2|2|2|3,7,13,5,0,none,True,True,False,False,True,False,computed_total_slot_anomaly_obstruction,7|13|6|2,0|0|0|0|0|8,none,0,0,True,,
widened_enumeration,r1|1|1|1|1|2_u3,6,3,1|1|1|1|1|2,2|2|2|2|2|3,7,13,5,0,none,True,True,False,False,True,False,computed_total_slot_anomaly_obstruction,7|13|6|3,0|0|0|0|0|8,none,0,0,True,,
widened_enumeration,r1|1|1|1|1|3_u0,6,0,1|1|1|1|1|3,2|2|2|2|2|4,8,14,5,0,none,True,True,False,False,False,False,computed_total_slot_anomaly_obstruction,8|14|6|0,0|0|0|0|0|9,none,0,0,True,,
widened_enumeration,r1|1|1|1|1|3_u1,6,1,1|1|1|1|1|3,2|2|2|2|2|4,8,14,5,0,none,True,True,False,False,False,False,computed_total_slot_anomaly_obstruction,8|14|6|1,0|0|0|0|0|9,none,0,0,True,,
widened_enumeration,r1|1|1|1|1|3_u2,6,2,1|1|1|1|1|3,2|2|2|2|2|4,8,14,5,0,none,True,True,False,False,False,False,computed_total_slot_anomaly_obstruction,8|14|6|2,0|0|0|0|0|9,none,0,0,True,,
widened_enumeration,r1|1|1|1|1|3_u3,6,3,1|1|1|1|1|3,2|2|2|2|2|4,8,14,5,0,none,True,True,False,False,False,False,computed_total_slot_anomaly_obstruction,8|14|6|3,0|0|0|0|0|9,none,0,0,True,,
widened_enumeration,r1|1|1|1|1|4_u0,6,0,1|1|1|1|1|4,2|2|2|2|2|5,9,15,5,0,none,True,True,False,False,True,False,computed_total_slot_anomaly_obstruction,9|15|6|0,0|0|0|0|0|10,none,0,0,True,,
widened_enumeration,r1|1|1|1|1|4_u1,6,1,1|1|1|1|1|4,2|2|2|2|2|5,9,15,5,0,none,True,True,False,False,True,False,computed_total_slot_anomaly_obstruction,9|15|6|1,0|0|0|0|0|10,none,0,0,True,,
widened_enumeration,r1|1|1|1|1|4_u2,6,2,1|1|1|1|1|4,2|2|2|2|2|5,9,15,5,0,none,True,True,False,False,True,False,computed_total_slot_anomaly_obstruction,9|15|6|2,0|0|0|0|0|10,none,0,0,True,,
widened_enumeration,r1|1|1|1|1|4_u3,6,3,1|1|1|1|1|4,2|2|2|2|2|5,9,15,5,0,none,True,True,False,False,True,False,computed_total_slot_anomaly_obstruction,9|15|6|3,0|0|0|0|0|10,none,0,0,True,,
widened_enumeration,r1|1|1|1|1|5_u0,6,0,1|1|1|1|1|5,2|2|2|2|2|6,10,16,5,0,none,True,True,False,False,False,False,computed_total_slot_anomaly_obstruction,10|16|6|0,0|0|0|0|0|11,none,0,0,True,,
widened_enumeration,r1|1|1|1|1|5_u1,6,1,1|1|1|1|1|5,2|2|2|2|2|6,10,16,5,0,none,True,True,False,False,False,False,computed_total_slot_anomaly_obstruction,10|16|6|1,0|0|0|0|0|11,none,0,0,True,,
widened_enumeration,r1|1|1|1|1|5_u2,6,2,1|1|1|1|1|5,2|2|2|2|2|6,10,16,5,0,none,True,True,False,False,False,False,computed_total_slot_anomaly_obstruction,10|16|6|2,0|0|0|0|0|11,none,0,0,True,,
widened_enumeration,r1|1|1|1|1|5_u3,6,3,1|1|1|1|1|5,2|2|2|2|2|6,10,16,5,0,none,True,True,False,False,False,False,computed_total_slot_anomaly_obstruction,10|16|6|3,0|0|0|0|0|11,none,0,0,True,,
widened_enumeration,r1|1|1|1|1|6_u0,6,0,1|1|1|1|1|6,2|2|2|2|2|7,11,17,5,0,none,True,True,False,False,True,False,computed_total_slot_anomaly_obstruction,11|17|6|0,0|0|0|0|0|12,none,0,0,True,,
widened_enumeration,r1|1|1|1|1|6_u1,6,1,1|1|1|1|1|6,2|2|2|2|2|7,11,17,5,0,none,True,True,False,False,True,False,computed_total_slot_anomaly_obstruction,11|17|6|1,0|0|0|0|0|12,none,0,0,True,,
widened_enumeration,r1|1|1|1|1|6_u2,6,2,1|1|1|1|1|6,2|2|2|2|2|7,11,17,5,0,none,True,True,False,False,True,False,computed_total_slot_anomaly_obstruction,11|17|6|2,0|0|0|0|0|12,none,0,0,True,,
widened_enumeration,r1|1|1|1|1|6_u3,6,3,1|1|1|1|1|6,2|2|2|2|2|7,11,17,5,0,none,True,True,False,False,True,False,computed_total_slot_anomaly_obstruction,11|17|6|3,0|0|0|0|0|12,none,0,0,True,,
widened_enumeration,r1|1|1|1|2|2_u0,6,0,1|1|1|1|2|2,2|2|2|2|3|3,8,14,5,0,none,True,True,False,False,False,False,computed_total_slot_anomaly_obstruction,8|14|6|0,0|0|0|0|9|9,none,0,0,True,,
widened_enumeration,r1|1|1|1|2|2_u1,6,1,1|1|1|1|2|2,2|2|2|2|3|3,8,14,5,0,none,True,True,False,False,False,False,computed_total_slot_anomaly_obstruction,8|14|6|1,0|0|0|0|9|9,none,0,0,True,,
widened_enumeration,r1|1|1|1|2|2_u2,6,2,1|1|1|1|2|2,2|2|2|2|3|3,8,14,5,0,none,True,True,False,False,False,False,computed_total_slot_anomaly_obstruction,8|14|6|2,0|0|0|0|9|9,none,0,0,True,,
widened_enumeration,r1|1|1|1|2|2_u3,6,3,1|1|1|1|2|2,2|2|2|2|3|3,8,14,5,0,none,True,True,False,False,False,False,computed_total_slot_anomaly_obstruction,8|14|6|3,0|0|0|0|9|9,none,0,0,True,,
widened_enumeration,r1|1|1|1|2|3_u0,6,0,1|1|1|1|2|3,2|2|2|2|3|4,9,15,5,0,none,True,True,False,False,True,False,computed_total_slot_anomaly_obstruction,9|15|6|0,0|0|0|0|10|10,none,0,0,True,,
widened_enumeration,r1|1|1|1|2|3_u1,6,1,1|1|1|1|2|3,2|2|2|2|3|4,9,15,5,0,none,True,True,False,False,True,False,computed_total_slot_anomaly_obstruction,9|15|6|1,0|0|0|0|10|10,none,0,0,True,,
widened_enumeration,r1|1|1|1|2|3_u2,6,2,1|1|1|1|2|3,2|2|2|2|3|4,9,15,5,0,none,True,True,False,False,True,False,computed_total_slot_anomaly_obstruction,9|15|6|2,0|0|0|0|10|10,none,0,0,True,,
widened_enumeration,r1|1|1|1|2|3_u3,6,3,1|1|1|1|2|3,2|2|2|2|3|4,9,15,5,0,none,True,True,False,False,True,False,computed_total_slot_anomaly_obstruction,9|15|6|3,0|0|0|0|10|10,none,0,0,True,,
widened_enumeration,r1|1|1|1|2|4_u0,6,0,1|1|1|1|2|4,2|2|2|2|3|5,10,16,5,0,none,True,True,False,False,False,False,computed_total_slot_anomaly_obstruction,10|16|6|0,0|0|0|0|11|11,none,0,0,True,,
widened_enumeration,r1|1|1|1|2|4_u1,6,1,1|1|1|1|2|4,2|2|2|2|3|5,10,16,5,0,none,True,True,False,False,False,False,computed_total_slot_anomaly_obstruction,10|16|6|1,0|0|0|0|11|11,none,0,0,True,,
widened_enumeration,r1|1|1|1|2|4_u2,6,2,1|1|1|1|2|4,2|2|2|2|3|5,10,16,5,0,none,True,True,False,False,False,False,computed_total_slot_anomaly_obstruction,10|16|6|2,0|0|0|0|11|11,none,0,0,True,,
widened_enumeration,r1|1|1|1|2|4_u3,6,3,1|1|1|1|2|4,2|2|2|2|3|5,10,16,5,0,none,True,True,False,False,False,False,computed_total_slot_anomaly_obstruction,10|16|6|3,0|0|0|0|11|11,none,0,0,True,,
widened_enumeration,r1|1|1|1|2|5_u0,6,0,1|1|1|1|2|5,2|2|2|2|3|6,11,17,5,0,none,True,True,False,False,True,False,computed_total_slot_anomaly_obstruction,11|17|6|0,0|0|0|0|12|12,none,0,0,True,,
widened_enumeration,r1|1|1|1|2|5_u1,6,1,1|1|1|1|2|5,2|2|2|2|3|6,11,17,5,0,none,True,True,False,False,True,False,computed_total_slot_anomaly_obstruction,11|17|6|1,0|0|0|0|12|12,none,0,0,True,,
widened_enumeration,r1|1|1|1|2|5_u2,6,2,1|1|1|1|2|5,2|2|2|2|3|6,11,17,5,0,none,True,True,False,False,True,False,computed_total_slot_anomaly_obstruction,11|17|6|2,0|0|0|0|12|12,none,0,0,True,,
widened_enumeration,r1|1|1|1|2|5_u3,6,3,1|1|1|1|2|5,2|2|2|2|3|6,11,17,5,0,none,True,True,False,False,True,False,computed_total_slot_anomaly_obstruction,11|17|6|3,0|0|0|0|12|12,none,0,0,True,,
widened_enumeration,r1|1|1|1|2|6_u0,6,0,1|1|1|1|2|6,2|2|2|2|3|7,12,18,5,0,none,True,True,False,False,False,False,computed_total_slot_anomaly_obstruction,12|18|6|0,0|0|0|0|13|13,none,0,0,True,,
widened_enumeration,r1|1|1|1|2|6_u1,6,1,1|1|1|1|2|6,2|2|2|2|3|7,12,18,5,0,none,True,True,False,False,False,False,computed_total_slot_anomaly_obstruction,12|18|6|1,0|0|0|0|13|13,none,0,0,True,,
widened_enumeration,r1|1|1|1|2|6_u2,6,2,1|1|1|1|2|6,2|2|2|2|3|7,12,18,5,0,none,True,True,False,False,False,False,computed_total_slot_anomaly_obstruction,12|18|6|2,0|0|0|0|13|13,none,0,0,True,,
widened_enumeration,r1|1|1|1|2|6_u3,6,3,1|1|1|1|2|6,2|2|2|2|3|7,12,18,5,0,none,True,True,False,False,False,False,computed_total_slot_anomaly_obstruction,12|18|6|3,0|0|0|0|13|13,none,0,0,True,,
widened_enumeration,r1|1|1|1|3|3_u0,6,0,1|1|1|1|3|3,2|2|2|2|4|4,10,16,5,0,none,True,True,False,False,False,False,computed_total_slot_anomaly_obstruction,10|16|6|0,0|0|0|0|11|11,none,0,0,True,,
widened_enumeration,r1|1|1|1|3|3_u1,6,1,1|1|1|1|3|3,2|2|2|2|4|4,10,16,5,0,none,True,True,False,False,False,False,computed_total_slot_anomaly_obstruction,10|16|6|1,0|0|0|0|11|11,none,0,0,True,,
widened_enumeration,r1|1|1|1|3|3_u2,6,2,1|1|1|1|3|3,2|2|2|2|4|4,10,16,5,0,none,True,True,False,False,False,False,computed_total_slot_anomaly_obstruction,10|16|6|2,0|0|0|0|11|11,none,0,0,True,,
widened_enumeration,r1|1|1|1|3|3_u3,6,3,1|1|1|1|3|3,2|2|2|2|4|4,10,16,5,0,none,True,True,False,False,False,False,computed_total_slot_anomaly_obstruction,10|16|6|3,0|0|0|0|11|11,none,0,0,True,,
widened_enumeration,r1|1|1|1|3|4_u0,6,0,1|1|1|1|3|4,2|2|2|2|4|5,11,17,5,0,none,True,True,False,False,True,False,computed_total_slot_anomaly_obstruction,11|17|6|0,0|0|0|0|12|12,none,0,0,True,,
widened_enumeration,r1|1|1|1|3|4_u1,6,1,1|1|1|1|3|4,2|2|2|2|4|5,11,17,5,0,none,True,True,False,False,True,False,computed_total_slot_anomaly_obstruction,11|17|6|1,0|0|0|0|12|12,none,0,0,True,,
widened_enumeration,r1|1|1|1|3|4_u2,6,2,1|1|1|1|3|4,2|2|2|2|4|5,11,17,5,0,none,True,True,False,False,True,False,computed_total_slot_anomaly_obstruction,11|17|6|2,0|0|0|0|12|12,none,0,0,True,,
widened_enumeration,r1|1|1|1|3|4_u3,6,3,1|1|1|1|3|4,2|2|2|2|4|5,11,17,5,0,none,True,True,False,False,True,False,computed_total_slot_anomaly_obstruction,11|17|6|3,0|0|0|0|12|12,none,0,0,True,,
widened_enumeration,r1|1|1|1|3|5_u0,6,0,1|1|1|1|3|5,2|2|2|2|4|6,12,18,5,0,none,True,True,False,False,False,False,computed_total_slot_anomaly_obstruction,12|18|6|0,0|0|0|0|13|13,none,0,0,True,,
widened_enumeration,r1|1|1|1|3|5_u1,6,1,1|1|1|1|3|5,2|2|2|2|4|6,12,18,5,0,none,True,True,False,False,False,False,computed_total_slot_anomaly_obstruction,12|18|6|1,0|0|0|0|13|13,none,0,0,True,,
widened_enumeration,r1|1|1|1|3|5_u2,6,2,1|1|1|1|3|5,2|2|2|2|4|6,12,18,5,0,none,True,True,False,False,False,False,computed_total_slot_anomaly_obstruction,12|18|6|2,0|0|0|0|13|13,none,0,0,True,,
widened_enumeration,r1|1|1|1|3|5_u3,6,3,1|1|1|1|3|5,2|2|2|2|4|6,12,18,5,0,none,True,True,False,False,False,False,computed_total_slot_anomaly_obstruction,12|18|6|3,0|0|0|0|13|13,none,0,0,True,,
widened_enumeration,r1|1|1|1|3|6_u0,6,0,1|1|1|1|3|6,2|2|2|2|4|7,13,19,5,0,none,True,True,False,False,True,False,computed_total_slot_anomaly_obstruction,13|19|6|0,0|0|0|0|14|14,none,0,0,True,,
widened_enumeration,r1|1|1|1|3|6_u1,6,1,1|1|1|1|3|6,2|2|2|2|4|7,13,19,5,0,none,True,True,False,False,True,False,computed_total_slot_anomaly_obstruction,13|19|6|1,0|0|0|0|14|14,none,0,0,True,,
widened_enumeration,r1|1|1|1|3|6_u2,6,2,1|1|1|1|3|6,2|2|2|2|4|7,13,19,5,0,none,True,True,False,False,True,False,computed_total_slot_anomaly_obstruction,13|19|6|2,0|0|0|0|14|14,none,0,0,True,,
widened_enumeration,r1|1|1|1|3|6_u3,6,3,1|1|1|1|3|6,2|2|2|2|4|7,13,19,5,0,none,True,True,False,False,True,False,computed_total_slot_anomaly_obstruction,13|19|6|3,0|0|0|0|14|14,none,0,0,True,,
widened_enumeration,r1|1|1|1|4|4_u0,6,0,1|1|1|1|4|4,2|2|2|2|5|5,12,18,5,0,none,True,True,False,False,False,False,computed_total_slot_anomaly_obstruction,12|18|6|0,0|0|0|0|13|13,none,0,0,True,,
widened_enumeration,r1|1|1|1|4|4_u1,6,1,1|1|1|1|4|4,2|2|2|2|5|5,12,18,5,0,none,True,True,False,False,False,False,computed_total_slot_anomaly_obstruction,12|18|6|1,0|0|0|0|13|13,none,0,0,True,,
widened_enumeration,r1|1|1|1|4|4_u2,6,2,1|1|1|1|4|4,2|2|2|2|5|5,12,18,5,0,none,True,True,False,False,False,False,computed_total_slot_anomaly_obstruction,12|18|6|2,0|0|0|0|13|13,none,0,0,True,,
widened_enumeration,r1|1|1|1|4|4_u3,6,3,1|1|1|1|4|4,2|2|2|2|5|5,12,18,5,0,none,True,True,False,False,False,False,computed_total_slot_anomaly_obstruction,12|18|6|3,0|0|0|0|13|13,none,0,0,True,,
widened_enumeration,r1|1|1|1|4|5_u0,6,0,1|1|1|1|4|5,2|2|2|2|5|6,13,19,5,0,none,True,True,False,False,True,False,computed_total_slot_anomaly_obstruction,13|19|6|0,0|0|0|0|14|14,none,0,0,True,,
widened_enumeration,r1|1|1|1|4|5_u1,6,1,1|1|1|1|4|5,2|2|2|2|5|6,13,19,5,0,none,True,True,False,False,True,False,computed_total_slot_anomaly_obstruction,13|19|6|1,0|0|0|0|14|14,none,0,0,True,,
widened_enumeration,r1|1|1|1|4|5_u2,6,2,1|1|1|1|4|5,2|2|2|2|5|6,13,19,5,0,none,True,True,False,False,True,False,computed_total_slot_anomaly_obstruction,13|19|6|2,0|0|0|0|14|14,none,0,0,True,,
widened_enumeration,r1|1|1|1|4|5_u3,6,3,1|1|1|1|4|5,2|2|2|2|5|6,13,19,5,0,none,True,True,False,False,True,False,computed_total_slot_anomaly_obstruction,13|19|6|3,0|0|0|0|14|14,none,0,0,True,,
widened_enumeration,r1|1|1|1|4|6_u0,6,0,1|1|1|1|4|6,2|2|2|2|5|7,14,20,5,0,none,True,True,False,False,False,False,computed_total_slot_anomaly_obstruction,14|20|6|0,0|0|0|0|15|15,none,0,0,True,,
widened_enumeration,r1|1|1|1|4|6_u1,6,1,1|1|1|1|4|6,2|2|2|2|5|7,14,20,5,0,none,True,True,False,False,False,False,computed_total_slot_anomaly_obstruction,14|20|6|1,0|0|0|0|15|15,none,0,0,True,,
widened_enumeration,r1|1|1|1|4|6_u2,6,2,1|1|1|1|4|6,2|2|2|2|5|7,14,20,5,0,none,True,True,False,False,False,False,computed_total_slot_anomaly_obstruction,14|20|6|2,0|0|0|0|15|15,none,0,0,True,,
widened_enumeration,r1|1|1|1|4|6_u3,6,3,1|1|1|1|4|6,2|2|2|2|5|7,14,20,5,0,none,True,True,False,False,False,False,computed_total_slot_anomaly_obstruction,14|20|6|3,0|0|0|0|15|15,none,0,0,True,,
widened_enumeration,r1|1|1|1|5|5_u0,6,0,1|1|1|1|5|5,2|2|2|2|6|6,14,20,5,0,none,True,True,False,False,False,False,computed_total_slot_anomaly_obstruction,14|20|6|0,0|0|0|0|15|15,none,0,0,True,,
widened_enumeration,r1|1|1|1|5|5_u1,6,1,1|1|1|1|5|5,2|2|2|2|6|6,14,20,5,0,none,True,True,False,False,False,False,computed_total_slot_anomaly_obstruction,14|20|6|1,0|0|0|0|15|15,none,0,0,True,,
widened_enumeration,r1|1|1|1|5|5_u2,6,2,1|1|1|1|5|5,2|2|2|2|6|6,14,20,5,0,none,True,True,False,False,False,False,computed_total_slot_anomaly_obstruction,14|20|6|2,0|0|0|0|15|15,none,0,0,True,,
widened_enumeration,r1|1|1|1|5|5_u3,6,3,1|1|1|1|5|5,2|2|2|2|6|6,14,20,5,0,none,True,True,False,False,False,False,computed_total_slot_anomaly_obstruction,14|20|6|3,0|0|0|0|15|15,none,0,0,True,,
widened_enumeration,r1|1|1|1|5|6_u0,6,0,1|1|1|1|5|6,2|2|2|2|6|7,15,21,5,0,none,True,True,False,False,True,False,computed_total_slot_anomaly_obstruction,15|21|6|0,0|0|0|0|16|16,none,0,0,True,,
widened_enumeration,r1|1|1|1|5|6_u1,6,1,1|1|1|1|5|6,2|2|2|2|6|7,15,21,5,0,none,True,True,False,False,True,False,computed_total_slot_anomaly_obstruction,15|21|6|1,0|0|0|0|16|16,none,0,0,True,,
widened_enumeration,r1|1|1|1|5|6_u2,6,2,1|1|1|1|5|6,2|2|2|2|6|7,15,21,5,0,none,True,True,False,False,True,False,computed_total_slot_anomaly_obstruction,15|21|6|2,0|0|0|0|16|16,none,0,0,True,,
widened_enumeration,r1|1|1|1|5|6_u3,6,3,1|1|1|1|5|6,2|2|2|2|6|7,15,21,5,0,none,True,True,False,False,True,False,computed_total_slot_anomaly_obstruction,15|21|6|3,0|0|0|0|16|16,none,0,0,True,,
widened_enumeration,r1|1|1|1|6|6_u0,6,0,1|1|1|1|6|6,2|2|2|2|7|7,16,22,5,0,none,True,True,False,False,False,False,computed_total_slot_anomaly_obstruction,16|22|6|0,0|0|0|0|17|17,none,0,0,True,,
widened_enumeration,r1|1|1|1|6|6_u1,6,1,1|1|1|1|6|6,2|2|2|2|7|7,16,22,5,0,none,True,True,False,False,False,False,computed_total_slot_anomaly_obstruction,16|22|6|1,0|0|0|0|17|17,none,0,0,True,,
widened_enumeration,r1|1|1|1|6|6_u2,6,2,1|1|1|1|6|6,2|2|2|2|7|7,16,22,5,0,none,True,True,False,False,False,False,computed_total_slot_anomaly_obstruction,16|22|6|2,0|0|0|0|17|17,none,0,0,True,,
widened_enumeration,r1|1|1|1|6|6_u3,6,3,1|1|1|1|6|6,2|2|2|2|7|7,16,22,5,0,none,True,True,False,False,False,False,computed_total_slot_anomaly_obstruction,16|22|6|3,0|0|0|0|17|17,none,0,0,True,,
widened_enumeration,r1|1|1|2|2|2_u0,6,0,1|1|1|2|2|2,2|2|2|3|3|3,9,15,5,0,none,True,True,False,False,True,False,computed_total_slot_anomaly_obstruction,9|15|6|0,0|0|0|10|10|10,none,0,0,True,,
widened_enumeration,r1|1|1|2|2|2_u1,6,1,1|1|1|2|2|2,2|2|2|3|3|3,9,15,5,0,none,True,True,False,False,True,False,computed_total_slot_anomaly_obstruction,9|15|6|1,0|0|0|10|10|10,none,0,0,True,,
widened_enumeration,r1|1|1|2|2|2_u2,6,2,1|1|1|2|2|2,2|2|2|3|3|3,9,15,5,0,none,True,True,False,False,True,False,computed_total_slot_anomaly_obstruction,9|15|6|2,0|0|0|10|10|10,none,0,0,True,,
widened_enumeration,r1|1|1|2|2|2_u3,6,3,1|1|1|2|2|2,2|2|2|3|3|3,9,15,5,0,none,True,True,False,False,True,False,computed_total_slot_anomaly_obstruction,9|15|6|3,0|0|0|10|10|10,none,0,0,True,,
widened_enumeration,r1|1|1|2|2|3_u0,6,0,1|1|1|2|2|3,2|2|2|3|3|4,10,16,5,0,none,True,True,False,False,False,False,computed_total_slot_anomaly_obstruction,10|16|6|0,0|0|0|11|11|11,none,0,0,True,,
widened_enumeration,r1|1|1|2|2|3_u1,6,1,1|1|1|2|2|3,2|2|2|3|3|4,10,16,5,0,none,True,True,False,False,False,False,computed_total_slot_anomaly_obstruction,10|16|6|1,0|0|0|11|11|11,none,0,0,True,,
widened_enumeration,r1|1|1|2|2|3_u2,6,2,1|1|1|2|2|3,2|2|2|3|3|4,10,16,5,0,none,True,True,False,False,False,False,computed_total_slot_anomaly_obstruction,10|16|6|2,0|0|0|11|11|11,none,0,0,True,,
widened_enumeration,r1|1|1|2|2|3_u3,6,3,1|1|1|2|2|3,2|2|2|3|3|4,10,16,5,0,none,True,True,False,False,False,False,computed_total_slot_anomaly_obstruction,10|16|6|3,0|0|0|11|11|11,none,0,0,True,,
widened_enumeration,r1|1|1|2|2|4_u0,6,0,1|1|1|2|2|4,2|2|2|3|3|5,11,17,5,0,none,True,True,False,False,True,False,computed_total_slot_anomaly_obstruction,11|17|6|0,0|0|0|12|12|12,none,0,0,True,,
widened_enumeration,r1|1|1|2|2|4_u1,6,1,1|1|1|2|2|4,2|2|2|3|3|5,11,17,5,0,none,True,True,False,False,True,False,computed_total_slot_anomaly_obstruction,11|17|6|1,0|0|0|12|12|12,none,0,0,True,,
widened_enumeration,r1|1|1|2|2|4_u2,6,2,1|1|1|2|2|4,2|2|2|3|3|5,11,17,5,0,none,True,True,False,False,True,False,computed_total_slot_anomaly_obstruction,11|17|6|2,0|0|0|12|12|12,none,0,0,True,,
widened_enumeration,r1|1|1|2|2|4_u3,6,3,1|1|1|2|2|4,2|2|2|3|3|5,11,17,5,0,none,True,True,False,False,True,False,computed_total_slot_anomaly_obstruction,11|17|6|3,0|0|0|12|12|12,none,0,0,True,,
widened_enumeration,r1|1|1|2|2|5_u0,6,0,1|1|1|2|2|5,2|2|2|3|3|6,12,18,5,0,none,True,True,False,False,False,False,computed_total_slot_anomaly_obstruction,12|18|6|0,0|0|0|13|13|13,none,0,0,True,,
widened_enumeration,r1|1|1|2|2|5_u1,6,1,1|1|1|2|2|5,2|2|2|3|3|6,12,18,5,0,none,True,True,False,False,False,False,computed_total_slot_anomaly_obstruction,12|18|6|1,0|0|0|13|13|13,none,0,0,True,,
widened_enumeration,r1|1|1|2|2|5_u2,6,2,1|1|1|2|2|5,2|2|2|3|3|6,12,18,5,0,none,True,True,False,False,False,False,computed_total_slot_anomaly_obstruction,12|18|6|2,0|0|0|13|13|13,none,0,0,True,,
widened_enumeration,r1|1|1|2|2|5_u3,6,3,1|1|1|2|2|5,2|2|2|3|3|6,12,18,5,0,none,True,True,False,False,False,False,computed_total_slot_anomaly_obstruction,12|18|6|3,0|0|0|13|13|13,none,0,0,True,,
widened_enumeration,r1|1|1|2|2|6_u0,6,0,1|1|1|2|2|6,2|2|2|3|3|7,13,19,5,0,none,True,True,False,False,True,False,computed_total_slot_anomaly_obstruction,13|19|6|0,0|0|0|14|14|14,none,0,0,True,,
widened_enumeration,r1|1|1|2|2|6_u1,6,1,1|1|1|2|2|6,2|2|2|3|3|7,13,19,5,0,none,True,True,False,False,True,False,computed_total_slot_anomaly_obstruction,13|19|6|1,0|0|0|14|14|14,none,0,0,True,,
widened_enumeration,r1|1|1|2|2|6_u2,6,2,1|1|1|2|2|6,2|2|2|3|3|7,13,19,5,0,none,True,True,False,False,True,False,computed_total_slot_anomaly_obstruction,13|19|6|2,0|0|0|14|14|14,none,0,0,True,,
widened_enumeration,r1|1|1|2|2|6_u3,6,3,1|1|1|2|2|6,2|2|2|3|3|7,13,19,5,0,none,True,True,False,False,True,False,computed_total_slot_anomaly_obstruction,13|19|6|3,0|0|0|14|14|14,none,0,0,True,,
widened_enumeration,r1|1|1|2|3|3_u0,6,0,1|1|1|2|3|3,2|2|2|3|4|4,11,17,5,0,none,True,True,False,False,True,False,computed_total_slot_anomaly_obstruction,11|17|6|0,0|0|0|12|12|12,none,0,0,True,,
widened_enumeration,r1|1|1|2|3|3_u1,6,1,1|1|1|2|3|3,2|2|2|3|4|4,11,17,5,0,none,True,True,False,False,True,False,computed_total_slot_anomaly_obstruction,11|17|6|1,0|0|0|12|12|12,none,0,0,True,,
widened_enumeration,r1|1|1|2|3|3_u2,6,2,1|1|1|2|3|3,2|2|2|3|4|4,11,17,5,0,none,True,True,False,False,True,False,computed_total_slot_anomaly_obstruction,11|17|6|2,0|0|0|12|12|12,none,0,0,True,,
widened_enumeration,r1|1|1|2|3|3_u3,6,3,1|1|1|2|3|3,2|2|2|3|4|4,11,17,5,0,none,True,True,False,False,True,False,computed_total_slot_anomaly_obstruction,11|17|6|3,0|0|0|12|12|12,none,0,0,True,,
widened_enumeration,r1|1|1|2|3|4_u0,6,0,1|1|1|2|3|4,2|2|2|3|4|5,12,18,5,0,none,True,True,False,False,False,False,computed_total_slot_anomaly_obstruction,12|18|6|0,0|0|0|13|13|13,none,0,0,True,,
widened_enumeration,r1|1|1|2|3|4_u1,6,1,1|1|1|2|3|4,2|2|2|3|4|5,12,18,5,0,none,True,True,False,False,False,False,computed_total_slot_anomaly_obstruction,12|18|6|1,0|0|0|13|13|13,none,0,0,True,,
widened_enumeration,r1|1|1|2|3|4_u2,6,2,1|1|1|2|3|4,2|2|2|3|4|5,12,18,5,0,none,True,True,False,False,False,False,computed_total_slot_anomaly_obstruction,12|18|6|2,0|0|0|13|13|13,none,0,0,True,,
widened_enumeration,r1|1|1|2|3|4_u3,6,3,1|1|1|2|3|4,2|2|2|3|4|5,12,18,5,0,none,True,True,False,False,False,False,computed_total_slot_anomaly_obstruction,12|18|6|3,0|0|0|13|13|13,none,0,0,True,,
widened_enumeration,r1|1|1|2|3|5_u0,6,0,1|1|1|2|3|5,2|2|2|3|4|6,13,19,5,0,none,True,True,False,False,True,False,computed_total_slot_anomaly_obstruction,13|19|6|0,0|0|0|14|14|14,none,0,0,True,,
widened_enumeration,r1|1|1|2|3|5_u1,6,1,1|1|1|2|3|5,2|2|2|3|4|6,13,19,5,0,none,True,True,False,False,True,False,computed_total_slot_anomaly_obstruction,13|19|6|1,0|0|0|14|14|14,none,0,0,True,,
widened_enumeration,r1|1|1|2|3|5_u2,6,2,1|1|1|2|3|5,2|2|2|3|4|6,13,19,5,0,none,True,True,False,False,True,False,computed_total_slot_anomaly_obstruction,13|19|6|2,0|0|0|14|14|14,none,0,0,True,,
widened_enumeration,r1|1|1|2|3|5_u3,6,3,1|1|1|2|3|5,2|2|2|3|4|6,13,19,5,0,none,True,True,False,False,True,False,computed_total_slot_anomaly_obstruction,13|19|6|3,0|0|0|14|14|14,none,0,0,True,,
widened_enumeration,r1|1|1|2|3|6_u0,6,0,1|1|1|2|3|6,2|2|2|3|4|7,14,20,5,0,none,True,True,False,False,False,False,computed_total_slot_anomaly_obstruction,14|20|6|0,0|0|0|15|15|15,none,0,0,True,,
widened_enumeration,r1|1|1|2|3|6_u1,6,1,1|1|1|2|3|6,2|2|2|3|4|7,14,20,5,0,none,True,True,False,False,False,False,computed_total_slot_anomaly_obstruction,14|20|6|1,0|0|0|15|15|15,none,0,0,True,,
widened_enumeration,r1|1|1|2|3|6_u2,6,2,1|1|1|2|3|6,2|2|2|3|4|7,14,20,5,0,none,True,True,False,False,False,False,computed_total_slot_anomaly_obstruction,14|20|6|2,0|0|0|15|15|15,none,0,0,True,,
widened_enumeration,r1|1|1|2|3|6_u3,6,3,1|1|1|2|3|6,2|2|2|3|4|7,14,20,5,0,none,True,True,False,False,False,False,computed_total_slot_anomaly_obstruction,14|20|6|3,0|0|0|15|15|15,none,0,0,True,,
widened_enumeration,r1|1|1|2|4|4_u0,6,0,1|1|1|2|4|4,2|2|2|3|5|5,13,19,5,0,none,True,True,False,False,True,False,computed_total_slot_anomaly_obstruction,13|19|6|0,0|0|0|14|14|14,none,0,0,True,,
widened_enumeration,r1|1|1|2|4|4_u1,6,1,1|1|1|2|4|4,2|2|2|3|5|5,13,19,5,0,none,True,True,False,False,True,False,computed_total_slot_anomaly_obstruction,13|19|6|1,0|0|0|14|14|14,none,0,0,True,,
widened_enumeration,r1|1|1|2|4|4_u2,6,2,1|1|1|2|4|4,2|2|2|3|5|5,13,19,5,0,none,True,True,False,False,True,False,computed_total_slot_anomaly_obstruction,13|19|6|2,0|0|0|14|14|14,none,0,0,True,,
widened_enumeration,r1|1|1|2|4|4_u3,6,3,1|1|1|2|4|4,2|2|2|3|5|5,13,19,5,0,none,True,True,False,False,True,False,computed_total_slot_anomaly_obstruction,13|19|6|3,0|0|0|14|14|14,none,0,0,True,,
widened_enumeration,r1|1|1|2|4|5_u0,6,0,1|1|1|2|4|5,2|2|2|3|5|6,14,20,5,0,none,True,True,False,False,False,False,computed_total_slot_anomaly_obstruction,14|20|6|0,0|0|0|15|15|15,none,0,0,True,,
widened_enumeration,r1|1|1|2|4|5_u1,6,1,1|1|1|2|4|5,2|2|2|3|5|6,14,20,5,0,none,True,True,False,False,False,False,computed_total_slot_anomaly_obstruction,14|20|6|1,0|0|0|15|15|15,none,0,0,True,,
widened_enumeration,r1|1|1|2|4|5_u2,6,2,1|1|1|2|4|5,2|2|2|3|5|6,14,20,5,0,none,True,True,False,False,False,False,computed_total_slot_anomaly_obstruction,14|20|6|2,0|0|0|15|15|15,none,0,0,True,,
widened_enumeration,r1|1|1|2|4|5_u3,6,3,1|1|1|2|4|5,2|2|2|3|5|6,14,20,5,0,none,True,True,False,False,False,False,computed_total_slot_anomaly_obstruction,14|20|6|3,0|0|0|15|15|15,none,0,0,True,,
widened_enumeration,r1|1|1|2|4|6_u0,6,0,1|1|1|2|4|6,2|2|2|3|5|7,15,21,5,0,none,True,True,False,False,True,False,computed_total_slot_anomaly_obstruction,15|21|6|0,0|0|0|16|16|16,none,0,0,True,,
widened_enumeration,r1|1|1|2|4|6_u1,6,1,1|1|1|2|4|6,2|2|2|3|5|7,15,21,5,0,none,True,True,False,False,True,False,computed_total_slot_anomaly_obstruction,15|21|6|1,0|0|0|16|16|16,none,0,0,True,,
widened_enumeration,r1|1|1|2|4|6_u2,6,2,1|1|1|2|4|6,2|2|2|3|5|7,15,21,5,0,none,True,True,False,False,True,False,computed_total_slot_anomaly_obstruction,15|21|6|2,0|0|0|16|16|16,none,0,0,True,,
widened_enumeration,r1|1|1|2|4|6_u3,6,3,1|1|1|2|4|6,2|2|2|3|5|7,15,21,5,0,none,True,True,False,False,True,False,computed_total_slot_anomaly_obstruction,15|21|6|3,0|0|0|16|16|16,none,0,0,True,,
widened_enumeration,r1|1|1|2|5|5_u0,6,0,1|1|1|2|5|5,2|2|2|3|6|6,15,21,5,0,none,True,True,False,False,True,False,computed_total_slot_anomaly_obstruction,15|21|6|0,0|0|0|16|16|16,none,0,0,True,,
widened_enumeration,r1|1|1|2|5|5_u1,6,1,1|1|1|2|5|5,2|2|2|3|6|6,15,21,5,0,none,True,True,False,False,True,False,computed_total_slot_anomaly_obstruction,15|21|6|1,0|0|0|16|16|16,none,0,0,True,,
widened_enumeration,r1|1|1|2|5|5_u2,6,2,1|1|1|2|5|5,2|2|2|3|6|6,15,21,5,0,none,True,True,False,False,True,False,computed_total_slot_anomaly_obstruction,15|21|6|2,0|0|0|16|16|16,none,0,0,True,,
widened_enumeration,r1|1|1|2|5|5_u3,6,3,1|1|1|2|5|5,2|2|2|3|6|6,15,21,5,0,none,True,True,False,False,True,False,computed_total_slot_anomaly_obstruction,15|21|6|3,0|0|0|16|16|16,none,0,0,True,,
widened_enumeration,r1|1|1|2|5|6_u0,6,0,1|1|1|2|5|6,2|2|2|3|6|7,16,22,5,0,none,True,True,False,False,False,False,computed_total_slot_anomaly_obstruction,16|22|6|0,0|0|0|17|17|17,none,0,0,True,,
widened_enumeration,r1|1|1|2|5|6_u1,6,1,1|1|1|2|5|6,2|2|2|3|6|7,16,22,5,0,none,True,True,False,False,False,False,computed_total_slot_anomaly_obstruction,16|22|6|1,0|0|0|17|17|17,none,0,0,True,,
widened_enumeration,r1|1|1|2|5|6_u2,6,2,1|1|1|2|5|6,2|2|2|3|6|7,16,22,5,0,none,True,True,False,False,False,False,computed_total_slot_anomaly_obstruction,16|22|6|2,0|0|0|17|17|17,none,0,0,True,,
widened_enumeration,r1|1|1|2|5|6_u3,6,3,1|1|1|2|5|6,2|2|2|3|6|7,16,22,5,0,none,True,True,False,False,False,False,computed_total_slot_anomaly_obstruction,16|22|6|3,0|0|0|17|17|17,none,0,0,True,,
widened_enumeration,r1|1|1|2|6|6_u0,6,0,1|1|1|2|6|6,2|2|2|3|7|7,17,23,5,0,none,True,True,False,False,True,False,computed_total_slot_anomaly_obstruction,17|23|6|0,0|0|0|18|18|18,none,0,0,True,,
widened_enumeration,r1|1|1|2|6|6_u1,6,1,1|1|1|2|6|6,2|2|2|3|7|7,17,23,5,0,none,True,True,False,False,True,False,computed_total_slot_anomaly_obstruction,17|23|6|1,0|0|0|18|18|18,none,0,0,True,,
widened_enumeration,r1|1|1|2|6|6_u2,6,2,1|1|1|2|6|6,2|2|2|3|7|7,17,23,5,0,none,True,True,False,False,True,False,computed_total_slot_anomaly_obstruction,17|23|6|2,0|0|0|18|18|18,none,0,0,True,,
widened_enumeration,r1|1|1|2|6|6_u3,6,3,1|1|1|2|6|6,2|2|2|3|7|7,17,23,5,0,none,True,True,False,False,True,False,computed_total_slot_anomaly_obstruction,17|23|6|3,0|0|0|18|18|18,none,0,0,True,,
widened_enumeration,r1|1|1|3|3|3_u0,6,0,1|1|1|3|3|3,2|2|2|4|4|4,12,18,5,0,none,True,True,False,False,False,False,computed_total_slot_anomaly_obstruction,12|18|6|0,0|0|0|13|13|13,none,0,0,True,,
widened_enumeration,r1|1|1|3|3|3_u1,6,1,1|1|1|3|3|3,2|2|2|4|4|4,12,18,5,0,none,True,True,False,False,False,False,computed_total_slot_anomaly_obstruction,12|18|6|1,0|0|0|13|13|13,none,0,0,True,,
widened_enumeration,r1|1|1|3|3|3_u2,6,2,1|1|1|3|3|3,2|2|2|4|4|4,12,18,5,0,none,True,True,False,False,False,False,computed_total_slot_anomaly_obstruction,12|18|6|2,0|0|0|13|13|13,none,0,0,True,,
widened_enumeration,r1|1|1|3|3|3_u3,6,3,1|1|1|3|3|3,2|2|2|4|4|4,12,18,5,0,none,True,True,False,False,False,False,computed_total_slot_anomaly_obstruction,12|18|6|3,0|0|0|13|13|13,none,0,0,True,,
widened_enumeration,r1|1|1|3|3|4_u0,6,0,1|1|1|3|3|4,2|2|2|4|4|5,13,19,5,0,none,True,True,False,False,True,False,computed_total_slot_anomaly_obstruction,13|19|6|0,0|0|0|14|14|14,none,0,0,True,,
widened_enumeration,r1|1|1|3|3|4_u1,6,1,1|1|1|3|3|4,2|2|2|4|4|5,13,19,5,0,none,True,True,False,False,True,False,computed_total_slot_anomaly_obstruction,13|19|6|1,0|0|0|14|14|14,none,0,0,True,,
widened_enumeration,r1|1|1|3|3|4_u2,6,2,1|1|1|3|3|4,2|2|2|4|4|5,13,19,5,0,none,True,True,False,False,True,False,computed_total_slot_anomaly_obstruction,13|19|6|2,0|0|0|14|14|14,none,0,0,True,,
widened_enumeration,r1|1|1|3|3|4_u3,6,3,1|1|1|3|3|4,2|2|2|4|4|5,13,19,5,0,none,True,True,False,False,True,False,computed_total_slot_anomaly_obstruction,13|19|6|3,0|0|0|14|14|14,none,0,0,True,,
widened_enumeration,r1|1|1|3|3|5_u0,6,0,1|1|1|3|3|5,2|2|2|4|4|6,14,20,5,0,none,True,True,False,False,False,False,computed_total_slot_anomaly_obstruction,14|20|6|0,0|0|0|15|15|15,none,0,0,True,,
widened_enumeration,r1|1|1|3|3|5_u1,6,1,1|1|1|3|3|5,2|2|2|4|4|6,14,20,5,0,none,True,True,False,False,False,False,computed_total_slot_anomaly_obstruction,14|20|6|1,0|0|0|15|15|15,none,0,0,True,,
widened_enumeration,r1|1|1|3|3|5_u2,6,2,1|1|1|3|3|5,2|2|2|4|4|6,14,20,5,0,none,True,True,False,False,False,False,computed_total_slot_anomaly_obstruction,14|20|6|2,0|0|0|15|15|15,none,0,0,True,,
widened_enumeration,r1|1|1|3|3|5_u3,6,3,1|1|1|3|3|5,2|2|2|4|4|6,14,20,5,0,none,True,True,False,False,False,False,computed_total_slot_anomaly_obstruction,14|20|6|3,0|0|0|15|15|15,none,0,0,True,,
widened_enumeration,r1|1|1|3|3|6_u0,6,0,1|1|1|3|3|6,2|2|2|4|4|7,15,21,5,0,none,True,True,False,False,True,False,computed_total_slot_anomaly_obstruction,15|21|6|0,0|0|0|16|16|16,none,0,0,True,,
widened_enumeration,r1|1|1|3|3|6_u1,6,1,1|1|1|3|3|6,2|2|2|4|4|7,15,21,5,0,none,True,True,False,False,True,False,computed_total_slot_anomaly_obstruction,15|21|6|1,0|0|0|16|16|16,none,0,0,True,,
widened_enumeration,r1|1|1|3|3|6_u2,6,2,1|1|1|3|3|6,2|2|2|4|4|7,15,21,5,0,none,True,True,False,False,True,False,computed_total_slot_anomaly_obstruction,15|21|6|2,0|0|0|16|16|16,none,0,0,True,,
widened_enumeration,r1|1|1|3|3|6_u3,6,3,1|1|1|3|3|6,2|2|2|4|4|7,15,21,5,0,none,True,True,False,False,True,False,computed_total_slot_anomaly_obstruction,15|21|6|3,0|0|0|16|16|16,none,0,0,True,,
widened_enumeration,r1|1|1|3|4|4_u0,6,0,1|1|1|3|4|4,2|2|2|4|5|5,14,20,5,0,none,True,True,False,False,False,False,computed_total_slot_anomaly_obstruction,14|20|6|0,0|0|0|15|15|15,none,0,0,True,,
widened_enumeration,r1|1|1|3|4|4_u1,6,1,1|1|1|3|4|4,2|2|2|4|5|5,14,20,5,0,none,True,True,False,False,False,False,computed_total_slot_anomaly_obstruction,14|20|6|1,0|0|0|15|15|15,none,0,0,True,,
widened_enumeration,r1|1|1|3|4|4_u2,6,2,1|1|1|3|4|4,2|2|2|4|5|5,14,20,5,0,none,True,True,False,False,False,False,computed_total_slot_anomaly_obstruction,14|20|6|2,0|0|0|15|15|15,none,0,0,True,,
widened_enumeration,r1|1|1|3|4|4_u3,6,3,1|1|1|3|4|4,2|2|2|4|5|5,14,20,5,0,none,True,True,False,False,False,False,computed_total_slot_anomaly_obstruction,14|20|6|3,0|0|0|15|15|15,none,0,0,True,,
widened_enumeration,r1|1|1|3|4|5_u0,6,0,1|1|1|3|4|5,2|2|2|4|5|6,15,21,5,0,none,True,True,False,False,True,False,computed_total_slot_anomaly_obstruction,15|21|6|0,0|0|0|16|16|16,none,0,0,True,,
widened_enumeration,r1|1|1|3|4|5_u1,6,1,1|1|1|3|4|5,2|2|2|4|5|6,15,21,5,0,none,True,True,False,False,True,False,computed_total_slot_anomaly_obstruction,15|21|6|1,0|0|0|16|16|16,none,0,0,True,,
widened_enumeration,r1|1|1|3|4|5_u2,6,2,1|1|1|3|4|5,2|2|2|4|5|6,15,21,5,0,none,True,True,False,False,True,False,computed_total_slot_anomaly_obstruction,15|21|6|2,0|0|0|16|16|16,none,0,0,True,,
widened_enumeration,r1|1|1|3|4|5_u3,6,3,1|1|1|3|4|5,2|2|2|4|5|6,15,21,5,0,none,True,True,False,False,True,False,computed_total_slot_anomaly_obstruction,15|21|6|3,0|0|0|16|16|16,none,0,0,True,,
widened_enumeration,r1|1|1|3|4|6_u0,6,0,1|1|1|3|4|6,2|2|2|4|5|7,16,22,5,0,none,True,True,False,False,False,False,computed_total_slot_anomaly_obstruction,16|22|6|0,0|0|0|17|17|17,none,0,0,True,,
widened_enumeration,r1|1|1|3|4|6_u1,6,1,1|1|1|3|4|6,2|2|2|4|5|7,16,22,5,0,none,True,True,False,False,False,False,computed_total_slot_anomaly_obstruction,16|22|6|1,0|0|0|17|17|17,none,0,0,True,,
widened_enumeration,r1|1|1|3|4|6_u2,6,2,1|1|1|3|4|6,2|2|2|4|5|7,16,22,5,0,none,True,True,False,False,False,False,computed_total_slot_anomaly_obstruction,16|22|6|2,0|0|0|17|17|17,none,0,0,True,,
widened_enumeration,r1|1|1|3|4|6_u3,6,3,1|1|1|3|4|6,2|2|2|4|5|7,16,22,5,0,none,True,True,False,False,False,False,computed_total_slot_anomaly_obstruction,16|22|6|3,0|0|0|17|17|17,none,0,0,True,,
widened_enumeration,r1|1|1|3|5|5_u0,6,0,1|1|1|3|5|5,2|2|2|4|6|6,16,22,5,0,none,True,True,False,False,False,False,computed_total_slot_anomaly_obstruction,16|22|6|0,0|0|0|17|17|17,none,0,0,True,,
widened_enumeration,r1|1|1|3|5|5_u1,6,1,1|1|1|3|5|5,2|2|2|4|6|6,16,22,5,0,none,True,True,False,False,False,False,computed_total_slot_anomaly_obstruction,16|22|6|1,0|0|0|17|17|17,none,0,0,True,,
widened_enumeration,r1|1|1|3|5|5_u2,6,2,1|1|1|3|5|5,2|2|2|4|6|6,16,22,5,0,none,True,True,False,False,False,False,computed_total_slot_anomaly_obstruction,16|22|6|2,0|0|0|17|17|17,none,0,0,True,,
widened_enumeration,r1|1|1|3|5|5_u3,6,3,1|1|1|3|5|5,2|2|2|4|6|6,16,22,5,0,none,True,True,False,False,False,False,computed_total_slot_anomaly_obstruction,16|22|6|3,0|0|0|17|17|17,none,0,0,True,,
widened_enumeration,r1|1|1|3|5|6_u0,6,0,1|1|1|3|5|6,2|2|2|4|6|7,17,23,5,0,none,True,True,False,False,True,False,computed_total_slot_anomaly_obstruction,17|23|6|0,0|0|0|18|18|18,none,0,0,True,,
widened_enumeration,r1|1|1|3|5|6_u1,6,1,1|1|1|3|5|6,2|2|2|4|6|7,17,23,5,0,none,True,True,False,False,True,False,computed_total_slot_anomaly_obstruction,17|23|6|1,0|0|0|18|18|18,none,0,0,True,,
widened_enumeration,r1|1|1|3|5|6_u2,6,2,1|1|1|3|5|6,2|2|2|4|6|7,17,23,5,0,none,True,True,False,False,True,False,computed_total_slot_anomaly_obstruction,17|23|6|2,0|0|0|18|18|18,none,0,0,True,,
widened_enumeration,r1|1|1|3|5|6_u3,6,3,1|1|1|3|5|6,2|2|2|4|6|7,17,23,5,0,none,True,True,False,False,True,False,computed_total_slot_anomaly_obstruction,17|23|6|3,0|0|0|18|18|18,none,0,0,True,,
widened_enumeration,r1|1|1|3|6|6_u0,6,0,1|1|1|3|6|6,2|2|2|4|7|7,18,24,5,0,none,True,True,False,False,False,False,computed_total_slot_anomaly_obstruction,18|24|6|0,0|0|0|19|19|19,none,0,0,True,,
widened_enumeration,r1|1|1|3|6|6_u1,6,1,1|1|1|3|6|6,2|2|2|4|7|7,18,24,5,0,none,True,True,False,False,False,False,computed_total_slot_anomaly_obstruction,18|24|6|1,0|0|0|19|19|19,none,0,0,True,,
widened_enumeration,r1|1|1|3|6|6_u2,6,2,1|1|1|3|6|6,2|2|2|4|7|7,18,24,5,0,none,True,True,False,False,False,False,computed_total_slot_anomaly_obstruction,18|24|6|2,0|0|0|19|19|19,none,0,0,True,,
widened_enumeration,r1|1|1|3|6|6_u3,6,3,1|1|1|3|6|6,2|2|2|4|7|7,18,24,5,0,none,True,True,False,False,False,False,computed_total_slot_anomaly_obstruction,18|24|6|3,0|0|0|19|19|19,none,0,0,True,,
widened_enumeration,r1|1|1|4|4|4_u0,6,0,1|1|1|4|4|4,2|2|2|5|5|5,15,21,5,0,none,True,True,False,False,True,False,computed_total_slot_anomaly_obstruction,15|21|6|0,0|0|0|16|16|16,none,0,0,True,,
widened_enumeration,r1|1|1|4|4|4_u1,6,1,1|1|1|4|4|4,2|2|2|5|5|5,15,21,5,0,none,True,True,False,False,True,False,computed_total_slot_anomaly_obstruction,15|21|6|1,0|0|0|16|16|16,none,0,0,True,,
widened_enumeration,r1|1|1|4|4|4_u2,6,2,1|1|1|4|4|4,2|2|2|5|5|5,15,21,5,0,none,True,True,False,False,True,False,computed_total_slot_anomaly_obstruction,15|21|6|2,0|0|0|16|16|16,none,0,0,True,,
widened_enumeration,r1|1|1|4|4|4_u3,6,3,1|1|1|4|4|4,2|2|2|5|5|5,15,21,5,0,none,True,True,False,False,True,False,computed_total_slot_anomaly_obstruction,15|21|6|3,0|0|0|16|16|16,none,0,0,True,,
widened_enumeration,r1|1|1|4|4|5_u0,6,0,1|1|1|4|4|5,2|2|2|5|5|6,16,22,5,0,none,True,True,False,False,False,False,computed_total_slot_anomaly_obstruction,16|22|6|0,0|0|0|17|17|17,none,0,0,True,,
widened_enumeration,r1|1|1|4|4|5_u1,6,1,1|1|1|4|4|5,2|2|2|5|5|6,16,22,5,0,none,True,True,False,False,False,False,computed_total_slot_anomaly_obstruction,16|22|6|1,0|0|0|17|17|17,none,0,0,True,,
widened_enumeration,r1|1|1|4|4|5_u2,6,2,1|1|1|4|4|5,2|2|2|5|5|6,16,22,5,0,none,True,True,False,False,False,False,computed_total_slot_anomaly_obstruction,16|22|6|2,0|0|0|17|17|17,none,0,0,True,,
widened_enumeration,r1|1|1|4|4|5_u3,6,3,1|1|1|4|4|5,2|2|2|5|5|6,16,22,5,0,none,True,True,False,False,False,False,computed_total_slot_anomaly_obstruction,16|22|6|3,0|0|0|17|17|17,none,0,0,True,,
widened_enumeration,r1|1|1|4|4|6_u0,6,0,1|1|1|4|4|6,2|2|2|5|5|7,17,23,5,0,none,True,True,False,False,True,False,computed_total_slot_anomaly_obstruction,17|23|6|0,0|0|0|18|18|18,none,0,0,True,,
widened_enumeration,r1|1|1|4|4|6_u1,6,1,1|1|1|4|4|6,2|2|2|5|5|7,17,23,5,0,none,True,True,False,False,True,False,computed_total_slot_anomaly_obstruction,17|23|6|1,0|0|0|18|18|18,none,0,0,True,,
widened_enumeration,r1|1|1|4|4|6_u2,6,2,1|1|1|4|4|6,2|2|2|5|5|7,17,23,5,0,none,True,True,False,False,True,False,computed_total_slot_anomaly_obstruction,17|23|6|2,0|0|0|18|18|18,none,0,0,True,,
widened_enumeration,r1|1|1|4|4|6_u3,6,3,1|1|1|4|4|6,2|2|2|5|5|7,17,23,5,0,none,True,True,False,False,True,False,computed_total_slot_anomaly_obstruction,17|23|6|3,0|0|0|18|18|18,none,0,0,True,,
widened_enumeration,r1|1|1|4|5|5_u0,6,0,1|1|1|4|5|5,2|2|2|5|6|6,17,23,5,0,none,True,True,False,False,True,False,computed_total_slot_anomaly_obstruction,17|23|6|0,0|0|0|18|18|18,none,0,0,True,,
widened_enumeration,r1|1|1|4|5|5_u1,6,1,1|1|1|4|5|5,2|2|2|5|6|6,17,23,5,0,none,True,True,False,False,True,False,computed_total_slot_anomaly_obstruction,17|23|6|1,0|0|0|18|18|18,none,0,0,True,,
widened_enumeration,r1|1|1|4|5|5_u2,6,2,1|1|1|4|5|5,2|2|2|5|6|6,17,23,5,0,none,True,True,False,False,True,False,computed_total_slot_anomaly_obstruction,17|23|6|2,0|0|0|18|18|18,none,0,0,True,,
widened_enumeration,r1|1|1|4|5|5_u3,6,3,1|1|1|4|5|5,2|2|2|5|6|6,17,23,5,0,none,True,True,False,False,True,False,computed_total_slot_anomaly_obstruction,17|23|6|3,0|0|0|18|18|18,none,0,0,True,,
widened_enumeration,r1|1|1|4|5|6_u0,6,0,1|1|1|4|5|6,2|2|2|5|6|7,18,24,5,0,none,True,True,False,False,False,False,computed_total_slot_anomaly_obstruction,18|24|6|0,0|0|0|19|19|19,none,0,0,True,,
widened_enumeration,r1|1|1|4|5|6_u1,6,1,1|1|1|4|5|6,2|2|2|5|6|7,18,24,5,0,none,True,True,False,False,False,False,computed_total_slot_anomaly_obstruction,18|24|6|1,0|0|0|19|19|19,none,0,0,True,,
widened_enumeration,r1|1|1|4|5|6_u2,6,2,1|1|1|4|5|6,2|2|2|5|6|7,18,24,5,0,none,True,True,False,False,False,False,computed_total_slot_anomaly_obstruction,18|24|6|2,0|0|0|19|19|19,none,0,0,True,,
widened_enumeration,r1|1|1|4|5|6_u3,6,3,1|1|1|4|5|6,2|2|2|5|6|7,18,24,5,0,none,True,True,False,False,False,False,computed_total_slot_anomaly_obstruction,18|24|6|3,0|0|0|19|19|19,none,0,0,True,,
widened_enumeration,r1|1|1|4|6|6_u0,6,0,1|1|1|4|6|6,2|2|2|5|7|7,19,25,5,0,none,True,True,False,False,True,False,computed_total_slot_anomaly_obstruction,19|25|6|0,0|0|0|20|20|20,none,0,0,True,,
widened_enumeration,r1|1|1|4|6|6_u1,6,1,1|1|1|4|6|6,2|2|2|5|7|7,19,25,5,0,none,True,True,False,False,True,False,computed_total_slot_anomaly_obstruction,19|25|6|1,0|0|0|20|20|20,none,0,0,True,,
widened_enumeration,r1|1|1|4|6|6_u2,6,2,1|1|1|4|6|6,2|2|2|5|7|7,19,25,5,0,none,True,True,False,False,True,False,computed_total_slot_anomaly_obstruction,19|25|6|2,0|0|0|20|20|20,none,0,0,True,,
widened_enumeration,r1|1|1|4|6|6_u3,6,3,1|1|1|4|6|6,2|2|2|5|7|7,19,25,5,0,none,True,True,False,False,True,False,computed_total_slot_anomaly_obstruction,19|25|6|3,0|0|0|20|20|20,none,0,0,True,,
widened_enumeration,r1|1|1|5|5|5_u0,6,0,1|1|1|5|5|5,2|2|2|6|6|6,18,24,5,0,none,True,True,False,False,False,False,computed_total_slot_anomaly_obstruction,18|24|6|0,0|0|0|19|19|19,none,0,0,True,,
widened_enumeration,r1|1|1|5|5|5_u1,6,1,1|1|1|5|5|5,2|2|2|6|6|6,18,24,5,0,none,True,True,False,False,False,False,computed_total_slot_anomaly_obstruction,18|24|6|1,0|0|0|19|19|19,none,0,0,True,,
widened_enumeration,r1|1|1|5|5|5_u2,6,2,1|1|1|5|5|5,2|2|2|6|6|6,18,24,5,0,none,True,True,False,False,False,False,computed_total_slot_anomaly_obstruction,18|24|6|2,0|0|0|19|19|19,none,0,0,True,,
widened_enumeration,r1|1|1|5|5|5_u3,6,3,1|1|1|5|5|5,2|2|2|6|6|6,18,24,5,0,none,True,True,False,False,False,False,computed_total_slot_anomaly_obstruction,18|24|6|3,0|0|0|19|19|19,none,0,0,True,,
widened_enumeration,r1|1|1|5|5|6_u0,6,0,1|1|1|5|5|6,2|2|2|6|6|7,19,25,5,0,none,True,True,False,False,True,False,computed_total_slot_anomaly_obstruction,19|25|6|0,0|0|0|20|20|20,none,0,0,True,,
widened_enumeration,r1|1|1|5|5|6_u1,6,1,1|1|1|5|5|6,2|2|2|6|6|7,19,25,5,0,none,True,True,False,False,True,False,computed_total_slot_anomaly_obstruction,19|25|6|1,0|0|0|20|20|20,none,0,0,True,,
widened_enumeration,r1|1|1|5|5|6_u2,6,2,1|1|1|5|5|6,2|2|2|6|6|7,19,25,5,0,none,True,True,False,False,True,False,computed_total_slot_anomaly_obstruction,19|25|6|2,0|0|0|20|20|20,none,0,0,True,,
widened_enumeration,r1|1|1|5|5|6_u3,6,3,1|1|1|5|5|6,2|2|2|6|6|7,19,25,5,0,none,True,True,False,False,True,False,computed_total_slot_anomaly_obstruction,19|25|6|3,0|0|0|20|20|20,none,0,0,True,,
widened_enumeration,r1|1|1|5|6|6_u0,6,0,1|1|1|5|6|6,2|2|2|6|7|7,20,26,5,0,none,True,True,False,False,False,False,computed_total_slot_anomaly_obstruction,20|26|6|0,0|0|0|21|21|21,none,0,0,True,,
widened_enumeration,r1|1|1|5|6|6_u1,6,1,1|1|1|5|6|6,2|2|2|6|7|7,20,26,5,0,none,True,True,False,False,False,False,computed_total_slot_anomaly_obstruction,20|26|6|1,0|0|0|21|21|21,none,0,0,True,,
widened_enumeration,r1|1|1|5|6|6_u2,6,2,1|1|1|5|6|6,2|2|2|6|7|7,20,26,5,0,none,True,True,False,False,False,False,computed_total_slot_anomaly_obstruction,20|26|6|2,0|0|0|21|21|21,none,0,0,True,,
widened_enumeration,r1|1|1|5|6|6_u3,6,3,1|1|1|5|6|6,2|2|2|6|7|7,20,26,5,0,none,True,True,False,False,False,False,computed_total_slot_anomaly_obstruction,20|26|6|3,0|0|0|21|21|21,none,0,0,True,,
widened_enumeration,r1|1|1|6|6|6_u0,6,0,1|1|1|6|6|6,2|2|2|7|7|7,21,27,5,0,none,True,True,False,False,True,False,computed_total_slot_anomaly_obstruction,21|27|6|0,0|0|0|22|22|22,none,0,0,True,,
widened_enumeration,r1|1|1|6|6|6_u1,6,1,1|1|1|6|6|6,2|2|2|7|7|7,21,27,5,0,none,True,True,False,False,True,False,computed_total_slot_anomaly_obstruction,21|27|6|1,0|0|0|22|22|22,none,0,0,True,,
widened_enumeration,r1|1|1|6|6|6_u2,6,2,1|1|1|6|6|6,2|2|2|7|7|7,21,27,5,0,none,True,True,False,False,True,False,computed_total_slot_anomaly_obstruction,21|27|6|2,0|0|0|22|22|22,none,0,0,True,,
widened_enumeration,r1|1|1|6|6|6_u3,6,3,1|1|1|6|6|6,2|2|2|7|7|7,21,27,5,0,none,True,True,False,False,True,False,computed_total_slot_anomaly_obstruction,21|27|6|3,0|0|0|22|22|22,none,0,0,True,,
widened_enumeration,r1|1|2|2|2|2_u0,6,0,1|1|2|2|2|2,2|2|3|3|3|3,10,16,5,0,none,True,True,False,False,False,False,computed_total_slot_anomaly_obstruction,10|16|6|0,0|0|11|11|11|11,none,0,0,True,,
widened_enumeration,r1|1|2|2|2|2_u1,6,1,1|1|2|2|2|2,2|2|3|3|3|3,10,16,5,0,none,True,True,False,False,False,False,computed_total_slot_anomaly_obstruction,10|16|6|1,0|0|11|11|11|11,none,0,0,True,,
widened_enumeration,r1|1|2|2|2|2_u2,6,2,1|1|2|2|2|2,2|2|3|3|3|3,10,16,5,0,none,True,True,False,False,False,False,computed_total_slot_anomaly_obstruction,10|16|6|2,0|0|11|11|11|11,none,0,0,True,,
widened_enumeration,r1|1|2|2|2|2_u3,6,3,1|1|2|2|2|2,2|2|3|3|3|3,10,16,5,0,none,True,True,False,False,False,False,computed_total_slot_anomaly_obstruction,10|16|6|3,0|0|11|11|11|11,none,0,0,True,,
widened_enumeration,r1|1|2|2|2|3_u0,6,0,1|1|2|2|2|3,2|2|3|3|3|4,11,17,5,0,none,True,True,False,False,True,False,computed_total_slot_anomaly_obstruction,11|17|6|0,0|0|12|12|12|12,none,0,0,True,,
widened_enumeration,r1|1|2|2|2|3_u1,6,1,1|1|2|2|2|3,2|2|3|3|3|4,11,17,5,0,none,True,True,False,False,True,False,computed_total_slot_anomaly_obstruction,11|17|6|1,0|0|12|12|12|12,none,0,0,True,,
widened_enumeration,r1|1|2|2|2|3_u2,6,2,1|1|2|2|2|3,2|2|3|3|3|4,11,17,5,0,none,True,True,False,False,True,False,computed_total_slot_anomaly_obstruction,11|17|6|2,0|0|12|12|12|12,none,0,0,True,,
widened_enumeration,r1|1|2|2|2|3_u3,6,3,1|1|2|2|2|3,2|2|3|3|3|4,11,17,5,0,none,True,True,False,False,True,False,computed_total_slot_anomaly_obstruction,11|17|6|3,0|0|12|12|12|12,none,0,0,True,,
widened_enumeration,r1|1|2|2|2|4_u0,6,0,1|1|2|2|2|4,2|2|3|3|3|5,12,18,5,0,none,True,True,False,False,False,False,computed_total_slot_anomaly_obstruction,12|18|6|0,0|0|13|13|13|13,none,0,0,True,,
widened_enumeration,r1|1|2|2|2|4_u1,6,1,1|1|2|2|2|4,2|2|3|3|3|5,12,18,5,0,none,True,True,False,False,False,False,computed_total_slot_anomaly_obstruction,12|18|6|1,0|0|13|13|13|13,none,0,0,True,,
widened_enumeration,r1|1|2|2|2|4_u2,6,2,1|1|2|2|2|4,2|2|3|3|3|5,12,18,5,0,none,True,True,False,False,False,False,computed_total_slot_anomaly_obstruction,12|18|6|2,0|0|13|13|13|13,none,0,0,True,,
widened_enumeration,r1|1|2|2|2|4_u3,6,3,1|1|2|2|2|4,2|2|3|3|3|5,12,18,5,0,none,True,True,False,False,False,False,computed_total_slot_anomaly_obstruction,12|18|6|3,0|0|13|13|13|13,none,0,0,True,,
widened_enumeration,r1|1|2|2|2|5_u0,6,0,1|1|2|2|2|5,2|2|3|3|3|6,13,19,5,0,none,True,True,False,False,True,False,computed_total_slot_anomaly_obstruction,13|19|6|0,0|0|14|14|14|14,none,0,0,True,,
widened_enumeration,r1|1|2|2|2|5_u1,6,1,1|1|2|2|2|5,2|2|3|3|3|6,13,19,5,0,none,True,True,False,False,True,False,computed_total_slot_anomaly_obstruction,13|19|6|1,0|0|14|14|14|14,none,0,0,True,,
widened_enumeration,r1|1|2|2|2|5_u2,6,2,1|1|2|2|2|5,2|2|3|3|3|6,13,19,5,0,none,True,True,False,False,True,False,computed_total_slot_anomaly_obstruction,13|19|6|2,0|0|14|14|14|14,none,0,0,True,,
widened_enumeration,r1|1|2|2|2|5_u3,6,3,1|1|2|2|2|5,2|2|3|3|3|6,13,19,5,0,none,True,True,False,False,True,False,computed_total_slot_anomaly_obstruction,13|19|6|3,0|0|14|14|14|14,none,0,0,True,,
widened_enumeration,r1|1|2|2|2|6_u0,6,0,1|1|2|2|2|6,2|2|3|3|3|7,14,20,5,0,none,True,True,False,False,False,False,computed_total_slot_anomaly_obstruction,14|20|6|0,0|0|15|15|15|15,none,0,0,True,,
widened_enumeration,r1|1|2|2|2|6_u1,6,1,1|1|2|2|2|6,2|2|3|3|3|7,14,20,5,0,none,True,True,False,False,False,False,computed_total_slot_anomaly_obstruction,14|20|6|1,0|0|15|15|15|15,none,0,0,True,,
widened_enumeration,r1|1|2|2|2|6_u2,6,2,1|1|2|2|2|6,2|2|3|3|3|7,14,20,5,0,none,True,True,False,False,False,False,computed_total_slot_anomaly_obstruction,14|20|6|2,0|0|15|15|15|15,none,0,0,True,,
widened_enumeration,r1|1|2|2|2|6_u3,6,3,1|1|2|2|2|6,2|2|3|3|3|7,14,20,5,0,none,True,True,False,False,False,False,computed_total_slot_anomaly_obstruction,14|20|6|3,0|0|15|15|15|15,none,0,0,True,,
widened_enumeration,r1|1|2|2|3|3_u0,6,0,1|1|2|2|3|3,2|2|3|3|4|4,12,18,5,0,none,True,True,False,False,False,False,computed_total_slot_anomaly_obstruction,12|18|6|0,0|0|13|13|13|13,none,0,0,True,,
widened_enumeration,r1|1|2|2|3|3_u1,6,1,1|1|2|2|3|3,2|2|3|3|4|4,12,18,5,0,none,True,True,False,False,False,False,computed_total_slot_anomaly_obstruction,12|18|6|1,0|0|13|13|13|13,none,0,0,True,,
widened_enumeration,r1|1|2|2|3|3_u2,6,2,1|1|2|2|3|3,2|2|3|3|4|4,12,18,5,0,none,True,True,False,False,False,False,computed_total_slot_anomaly_obstruction,12|18|6|2,0|0|13|13|13|13,none,0,0,True,,
widened_enumeration,r1|1|2|2|3|3_u3,6,3,1|1|2|2|3|3,2|2|3|3|4|4,12,18,5,0,none,True,True,False,False,False,False,computed_total_slot_anomaly_obstruction,12|18|6|3,0|0|13|13|13|13,none,0,0,True,,
widened_enumeration,r1|1|2|2|3|4_u0,6,0,1|1|2|2|3|4,2|2|3|3|4|5,13,19,5,0,none,True,True,False,False,True,False,computed_total_slot_anomaly_obstruction,13|19|6|0,0|0|14|14|14|14,none,0,0,True,,
widened_enumeration,r1|1|2|2|3|4_u1,6,1,1|1|2|2|3|4,2|2|3|3|4|5,13,19,5,0,none,True,True,False,False,True,False,computed_total_slot_anomaly_obstruction,13|19|6|1,0|0|14|14|14|14,none,0,0,True,,
widened_enumeration,r1|1|2|2|3|4_u2,6,2,1|1|2|2|3|4,2|2|3|3|4|5,13,19,5,0,none,True,True,False,False,True,False,computed_total_slot_anomaly_obstruction,13|19|6|2,0|0|14|14|14|14,none,0,0,True,,
widened_enumeration,r1|1|2|2|3|4_u3,6,3,1|1|2|2|3|4,2|2|3|3|4|5,13,19,5,0,none,True,True,False,False,True,False,computed_total_slot_anomaly_obstruction,13|19|6|3,0|0|14|14|14|14,none,0,0,True,,
widened_enumeration,r1|1|2|2|3|5_u0,6,0,1|1|2|2|3|5,2|2|3|3|4|6,14,20,5,0,none,True,True,False,False,False,False,computed_total_slot_anomaly_obstruction,14|20|6|0,0|0|15|15|15|15,none,0,0,True,,
widened_enumeration,r1|1|2|2|3|5_u1,6,1,1|1|2|2|3|5,2|2|3|3|4|6,14,20,5,0,none,True,True,False,False,False,False,computed_total_slot_anomaly_obstruction,14|20|6|1,0|0|15|15|15|15,none,0,0,True,,
widened_enumeration,r1|1|2|2|3|5_u2,6,2,1|1|2|2|3|5,2|2|3|3|4|6,14,20,5,0,none,True,True,False,False,False,False,computed_total_slot_anomaly_obstruction,14|20|6|2,0|0|15|15|15|15,none,0,0,True,,
widened_enumeration,r1|1|2|2|3|5_u3,6,3,1|1|2|2|3|5,2|2|3|3|4|6,14,20,5,0,none,True,True,False,False,False,False,computed_total_slot_anomaly_obstruction,14|20|6|3,0|0|15|15|15|15,none,0,0,True,,
widened_enumeration,r1|1|2|2|3|6_u0,6,0,1|1|2|2|3|6,2|2|3|3|4|7,15,21,5,0,none,True,True,False,False,True,False,computed_total_slot_anomaly_obstruction,15|21|6|0,0|0|16|16|16|16,none,0,0,True,,
widened_enumeration,r1|1|2|2|3|6_u1,6,1,1|1|2|2|3|6,2|2|3|3|4|7,15,21,5,0,none,True,True,False,False,True,False,computed_total_slot_anomaly_obstruction,15|21|6|1,0|0|16|16|16|16,none,0,0,True,,
widened_enumeration,r1|1|2|2|3|6_u2,6,2,1|1|2|2|3|6,2|2|3|3|4|7,15,21,5,0,none,True,True,False,False,True,False,computed_total_slot_anomaly_obstruction,15|21|6|2,0|0|16|16|16|16,none,0,0,True,,
widened_enumeration,r1|1|2|2|3|6_u3,6,3,1|1|2|2|3|6,2|2|3|3|4|7,15,21,5,0,none,True,True,False,False,True,False,computed_total_slot_anomaly_obstruction,15|21|6|3,0|0|16|16|16|16,none,0,0,True,,
widened_enumeration,r1|1|2|2|4|4_u0,6,0,1|1|2|2|4|4,2|2|3|3|5|5,14,20,5,0,none,True,True,False,False,False,False,computed_total_slot_anomaly_obstruction,14|20|6|0,0|0|15|15|15|15,none,0,0,True,,
widened_enumeration,r1|1|2|2|4|4_u1,6,1,1|1|2|2|4|4,2|2|3|3|5|5,14,20,5,0,none,True,True,False,False,False,False,computed_total_slot_anomaly_obstruction,14|20|6|1,0|0|15|15|15|15,none,0,0,True,,
widened_enumeration,r1|1|2|2|4|4_u2,6,2,1|1|2|2|4|4,2|2|3|3|5|5,14,20,5,0,none,True,True,False,False,False,False,computed_total_slot_anomaly_obstruction,14|20|6|2,0|0|15|15|15|15,none,0,0,True,,
widened_enumeration,r1|1|2|2|4|4_u3,6,3,1|1|2|2|4|4,2|2|3|3|5|5,14,20,5,0,none,True,True,False,False,False,False,computed_total_slot_anomaly_obstruction,14|20|6|3,0|0|15|15|15|15,none,0,0,True,,
widened_enumeration,r1|1|2|2|4|5_u0,6,0,1|1|2|2|4|5,2|2|3|3|5|6,15,21,5,0,none,True,True,False,False,True,False,computed_total_slot_anomaly_obstruction,15|21|6|0,0|0|16|16|16|16,none,0,0,True,,
widened_enumeration,r1|1|2|2|4|5_u1,6,1,1|1|2|2|4|5,2|2|3|3|5|6,15,21,5,0,none,True,True,False,False,True,False,computed_total_slot_anomaly_obstruction,15|21|6|1,0|0|16|16|16|16,none,0,0,True,,
widened_enumeration,r1|1|2|2|4|5_u2,6,2,1|1|2|2|4|5,2|2|3|3|5|6,15,21,5,0,none,True,True,False,False,True,False,computed_total_slot_anomaly_obstruction,15|21|6|2,0|0|16|16|16|16,none,0,0,True,,
widened_enumeration,r1|1|2|2|4|5_u3,6,3,1|1|2|2|4|5,2|2|3|3|5|6,15,21,5,0,none,True,True,False,False,True,False,computed_total_slot_anomaly_obstruction,15|21|6|3,0|0|16|16|16|16,none,0,0,True,,
widened_enumeration,r1|1|2|2|4|6_u0,6,0,1|1|2|2|4|6,2|2|3|3|5|7,16,22,5,0,none,True,True,False,False,False,False,computed_total_slot_anomaly_obstruction,16|22|6|0,0|0|17|17|17|17,none,0,0,True,,
widened_enumeration,r1|1|2|2|4|6_u1,6,1,1|1|2|2|4|6,2|2|3|3|5|7,16,22,5,0,none,True,True,False,False,False,False,computed_total_slot_anomaly_obstruction,16|22|6|1,0|0|17|17|17|17,none,0,0,True,,
widened_enumeration,r1|1|2|2|4|6_u2,6,2,1|1|2|2|4|6,2|2|3|3|5|7,16,22,5,0,none,True,True,False,False,False,False,computed_total_slot_anomaly_obstruction,16|22|6|2,0|0|17|17|17|17,none,0,0,True,,
widened_enumeration,r1|1|2|2|4|6_u3,6,3,1|1|2|2|4|6,2|2|3|3|5|7,16,22,5,0,none,True,True,False,False,False,False,computed_total_slot_anomaly_obstruction,16|22|6|3,0|0|17|17|17|17,none,0,0,True,,
widened_enumeration,r1|1|2|2|5|5_u0,6,0,1|1|2|2|5|5,2|2|3|3|6|6,16,22,5,0,none,True,True,False,False,False,False,computed_total_slot_anomaly_obstruction,16|22|6|0,0|0|17|17|17|17,none,0,0,True,,
widened_enumeration,r1|1|2|2|5|5_u1,6,1,1|1|2|2|5|5,2|2|3|3|6|6,16,22,5,0,none,True,True,False,False,False,False,computed_total_slot_anomaly_obstruction,16|22|6|1,0|0|17|17|17|17,none,0,0,True,,
widened_enumeration,r1|1|2|2|5|5_u2,6,2,1|1|2|2|5|5,2|2|3|3|6|6,16,22,5,0,none,True,True,False,False,False,False,computed_total_slot_anomaly_obstruction,16|22|6|2,0|0|17|17|17|17,none,0,0,True,,
widened_enumeration,r1|1|2|2|5|5_u3,6,3,1|1|2|2|5|5,2|2|3|3|6|6,16,22,5,0,none,True,True,False,False,False,False,computed_total_slot_anomaly_obstruction,16|22|6|3,0|0|17|17|17|17,none,0,0,True,,
widened_enumeration,r1|1|2|2|5|6_u0,6,0,1|1|2|2|5|6,2|2|3|3|6|7,17,23,5,0,none,True,True,False,False,True,False,computed_total_slot_anomaly_obstruction,17|23|6|0,0|0|18|18|18|18,none,0,0,True,,
widened_enumeration,r1|1|2|2|5|6_u1,6,1,1|1|2|2|5|6,2|2|3|3|6|7,17,23,5,0,none,True,True,False,False,True,False,computed_total_slot_anomaly_obstruction,17|23|6|1,0|0|18|18|18|18,none,0,0,True,,
widened_enumeration,r1|1|2|2|5|6_u2,6,2,1|1|2|2|5|6,2|2|3|3|6|7,17,23,5,0,none,True,True,False,False,True,False,computed_total_slot_anomaly_obstruction,17|23|6|2,0|0|18|18|18|18,none,0,0,True,,
widened_enumeration,r1|1|2|2|5|6_u3,6,3,1|1|2|2|5|6,2|2|3|3|6|7,17,23,5,0,none,True,True,False,False,True,False,computed_total_slot_anomaly_obstruction,17|23|6|3,0|0|18|18|18|18,none,0,0,True,,
widened_enumeration,r1|1|2|2|6|6_u0,6,0,1|1|2|2|6|6,2|2|3|3|7|7,18,24,5,0,none,True,True,False,False,False,False,computed_total_slot_anomaly_obstruction,18|24|6|0,0|0|19|19|19|19,none,0,0,True,,
widened_enumeration,r1|1|2|2|6|6_u1,6,1,1|1|2|2|6|6,2|2|3|3|7|7,18,24,5,0,none,True,True,False,False,False,False,computed_total_slot_anomaly_obstruction,18|24|6|1,0|0|19|19|19|19,none,0,0,True,,
widened_enumeration,r1|1|2|2|6|6_u2,6,2,1|1|2|2|6|6,2|2|3|3|7|7,18,24,5,0,none,True,True,False,False,False,False,computed_total_slot_anomaly_obstruction,18|24|6|2,0|0|19|19|19|19,none,0,0,True,,
widened_enumeration,r1|1|2|2|6|6_u3,6,3,1|1|2|2|6|6,2|2|3|3|7|7,18,24,5,0,none,True,True,False,False,False,False,computed_total_slot_anomaly_obstruction,18|24|6|3,0|0|19|19|19|19,none,0,0,True,,
widened_enumeration,r1|1|2|3|3|3_u0,6,0,1|1|2|3|3|3,2|2|3|4|4|4,13,19,5,0,none,True,True,False,False,True,False,computed_total_slot_anomaly_obstruction,13|19|6|0,0|0|14|14|14|14,none,0,0,True,,
widened_enumeration,r1|1|2|3|3|3_u1,6,1,1|1|2|3|3|3,2|2|3|4|4|4,13,19,5,0,none,True,True,False,False,True,False,computed_total_slot_anomaly_obstruction,13|19|6|1,0|0|14|14|14|14,none,0,0,True,,
widened_enumeration,r1|1|2|3|3|3_u2,6,2,1|1|2|3|3|3,2|2|3|4|4|4,13,19,5,0,none,True,True,False,False,True,False,computed_total_slot_anomaly_obstruction,13|19|6|2,0|0|14|14|14|14,none,0,0,True,,
widened_enumeration,r1|1|2|3|3|3_u3,6,3,1|1|2|3|3|3,2|2|3|4|4|4,13,19,5,0,none,True,True,False,False,True,False,computed_total_slot_anomaly_obstruction,13|19|6|3,0|0|14|14|14|14,none,0,0,True,,
widened_enumeration,r1|1|2|3|3|4_u0,6,0,1|1|2|3|3|4,2|2|3|4|4|5,14,20,5,0,none,True,True,False,False,False,False,computed_total_slot_anomaly_obstruction,14|20|6|0,0|0|15|15|15|15,none,0,0,True,,
widened_enumeration,r1|1|2|3|3|4_u1,6,1,1|1|2|3|3|4,2|2|3|4|4|5,14,20,5,0,none,True,True,False,False,False,False,computed_total_slot_anomaly_obstruction,14|20|6|1,0|0|15|15|15|15,none,0,0,True,,
widened_enumeration,r1|1|2|3|3|4_u2,6,2,1|1|2|3|3|4,2|2|3|4|4|5,14,20,5,0,none,True,True,False,False,False,False,computed_total_slot_anomaly_obstruction,14|20|6|2,0|0|15|15|15|15,none,0,0,True,,
widened_enumeration,r1|1|2|3|3|4_u3,6,3,1|1|2|3|3|4,2|2|3|4|4|5,14,20,5,0,none,True,True,False,False,False,False,computed_total_slot_anomaly_obstruction,14|20|6|3,0|0|15|15|15|15,none,0,0,True,,
widened_enumeration,r1|1|2|3|3|5_u0,6,0,1|1|2|3|3|5,2|2|3|4|4|6,15,21,5,0,none,True,True,False,False,True,False,computed_total_slot_anomaly_obstruction,15|21|6|0,0|0|16|16|16|16,none,0,0,True,,
widened_enumeration,r1|1|2|3|3|5_u1,6,1,1|1|2|3|3|5,2|2|3|4|4|6,15,21,5,0,none,True,True,False,False,True,False,computed_total_slot_anomaly_obstruction,15|21|6|1,0|0|16|16|16|16,none,0,0,True,,
widened_enumeration,r1|1|2|3|3|5_u2,6,2,1|1|2|3|3|5,2|2|3|4|4|6,15,21,5,0,none,True,True,False,False,True,False,computed_total_slot_anomaly_obstruction,15|21|6|2,0|0|16|16|16|16,none,0,0,True,,
widened_enumeration,r1|1|2|3|3|5_u3,6,3,1|1|2|3|3|5,2|2|3|4|4|6,15,21,5,0,none,True,True,False,False,True,False,computed_total_slot_anomaly_obstruction,15|21|6|3,0|0|16|16|16|16,none,0,0,True,,
widened_enumeration,r1|1|2|3|3|6_u0,6,0,1|1|2|3|3|6,2|2|3|4|4|7,16,22,5,0,none,True,True,False,False,False,False,computed_total_slot_anomaly_obstruction,16|22|6|0,0|0|17|17|17|17,none,0,0,True,,
widened_enumeration,r1|1|2|3|3|6_u1,6,1,1|1|2|3|3|6,2|2|3|4|4|7,16,22,5,0,none,True,True,False,False,False,False,computed_total_slot_anomaly_obstruction,16|22|6|1,0|0|17|17|17|17,none,0,0,True,,
widened_enumeration,r1|1|2|3|3|6_u2,6,2,1|1|2|3|3|6,2|2|3|4|4|7,16,22,5,0,none,True,True,False,False,False,False,computed_total_slot_anomaly_obstruction,16|22|6|2,0|0|17|17|17|17,none,0,0,True,,
widened_enumeration,r1|1|2|3|3|6_u3,6,3,1|1|2|3|3|6,2|2|3|4|4|7,16,22,5,0,none,True,True,False,False,False,False,computed_total_slot_anomaly_obstruction,16|22|6|3,0|0|17|17|17|17,none,0,0,True,,
widened_enumeration,r1|1|2|3|4|4_u0,6,0,1|1|2|3|4|4,2|2|3|4|5|5,15,21,5,0,none,True,True,False,False,True,False,computed_total_slot_anomaly_obstruction,15|21|6|0,0|0|16|16|16|16,none,0,0,True,,
widened_enumeration,r1|1|2|3|4|4_u1,6,1,1|1|2|3|4|4,2|2|3|4|5|5,15,21,5,0,none,True,True,False,False,True,False,computed_total_slot_anomaly_obstruction,15|21|6|1,0|0|16|16|16|16,none,0,0,True,,
widened_enumeration,r1|1|2|3|4|4_u2,6,2,1|1|2|3|4|4,2|2|3|4|5|5,15,21,5,0,none,True,True,False,False,True,False,computed_total_slot_anomaly_obstruction,15|21|6|2,0|0|16|16|16|16,none,0,0,True,,
widened_enumeration,r1|1|2|3|4|4_u3,6,3,1|1|2|3|4|4,2|2|3|4|5|5,15,21,5,0,none,True,True,False,False,True,False,computed_total_slot_anomaly_obstruction,15|21|6|3,0|0|16|16|16|16,none,0,0,True,,
widened_enumeration,r1|1|2|3|4|5_u0,6,0,1|1|2|3|4|5,2|2|3|4|5|6,16,22,5,0,none,True,True,False,False,False,False,computed_total_slot_anomaly_obstruction,16|22|6|0,0|0|17|17|17|17,none,0,0,True,,
widened_enumeration,r1|1|2|3|4|5_u1,6,1,1|1|2|3|4|5,2|2|3|4|5|6,16,22,5,0,none,True,True,False,False,False,False,computed_total_slot_anomaly_obstruction,16|22|6|1,0|0|17|17|17|17,none,0,0,True,,
widened_enumeration,r1|1|2|3|4|5_u2,6,2,1|1|2|3|4|5,2|2|3|4|5|6,16,22,5,0,none,True,True,False,False,False,False,computed_total_slot_anomaly_obstruction,16|22|6|2,0|0|17|17|17|17,none,0,0,True,,
widened_enumeration,r1|1|2|3|4|5_u3,6,3,1|1|2|3|4|5,2|2|3|4|5|6,16,22,5,0,none,True,True,False,False,False,False,computed_total_slot_anomaly_obstruction,16|22|6|3,0|0|17|17|17|17,none,0,0,True,,
widened_enumeration,r1|1|2|3|4|6_u0,6,0,1|1|2|3|4|6,2|2|3|4|5|7,17,23,5,0,none,True,True,False,False,True,False,computed_total_slot_anomaly_obstruction,17|23|6|0,0|0|18|18|18|18,none,0,0,True,,
widened_enumeration,r1|1|2|3|4|6_u1,6,1,1|1|2|3|4|6,2|2|3|4|5|7,17,23,5,0,none,True,True,False,False,True,False,computed_total_slot_anomaly_obstruction,17|23|6|1,0|0|18|18|18|18,none,0,0,True,,
widened_enumeration,r1|1|2|3|4|6_u2,6,2,1|1|2|3|4|6,2|2|3|4|5|7,17,23,5,0,none,True,True,False,False,True,False,computed_total_slot_anomaly_obstruction,17|23|6|2,0|0|18|18|18|18,none,0,0,True,,
widened_enumeration,r1|1|2|3|4|6_u3,6,3,1|1|2|3|4|6,2|2|3|4|5|7,17,23,5,0,none,True,True,False,False,True,False,computed_total_slot_anomaly_obstruction,17|23|6|3,0|0|18|18|18|18,none,0,0,True,,
widened_enumeration,r1|1|2|3|5|5_u0,6,0,1|1|2|3|5|5,2|2|3|4|6|6,17,23,5,0,none,True,True,False,False,True,False,computed_total_slot_anomaly_obstruction,17|23|6|0,0|0|18|18|18|18,none,0,0,True,,
widened_enumeration,r1|1|2|3|5|5_u1,6,1,1|1|2|3|5|5,2|2|3|4|6|6,17,23,5,0,none,True,True,False,False,True,False,computed_total_slot_anomaly_obstruction,17|23|6|1,0|0|18|18|18|18,none,0,0,True,,
widened_enumeration,r1|1|2|3|5|5_u2,6,2,1|1|2|3|5|5,2|2|3|4|6|6,17,23,5,0,none,True,True,False,False,True,False,computed_total_slot_anomaly_obstruction,17|23|6|2,0|0|18|18|18|18,none,0,0,True,,
widened_enumeration,r1|1|2|3|5|5_u3,6,3,1|1|2|3|5|5,2|2|3|4|6|6,17,23,5,0,none,True,True,False,False,True,False,computed_total_slot_anomaly_obstruction,17|23|6|3,0|0|18|18|18|18,none,0,0,True,,
widened_enumeration,r1|1|2|3|5|6_u0,6,0,1|1|2|3|5|6,2|2|3|4|6|7,18,24,5,0,none,True,True,False,False,False,False,computed_total_slot_anomaly_obstruction,18|24|6|0,0|0|19|19|19|19,none,0,0,True,,
widened_enumeration,r1|1|2|3|5|6_u1,6,1,1|1|2|3|5|6,2|2|3|4|6|7,18,24,5,0,none,True,True,False,False,False,False,computed_total_slot_anomaly_obstruction,18|24|6|1,0|0|19|19|19|19,none,0,0,True,,
widened_enumeration,r1|1|2|3|5|6_u2,6,2,1|1|2|3|5|6,2|2|3|4|6|7,18,24,5,0,none,True,True,False,False,False,False,computed_total_slot_anomaly_obstruction,18|24|6|2,0|0|19|19|19|19,none,0,0,True,,
widened_enumeration,r1|1|2|3|5|6_u3,6,3,1|1|2|3|5|6,2|2|3|4|6|7,18,24,5,0,none,True,True,False,False,False,False,computed_total_slot_anomaly_obstruction,18|24|6|3,0|0|19|19|19|19,none,0,0,True,,
widened_enumeration,r1|1|2|3|6|6_u0,6,0,1|1|2|3|6|6,2|2|3|4|7|7,19,25,5,0,none,True,True,False,False,True,False,computed_total_slot_anomaly_obstruction,19|25|6|0,0|0|20|20|20|20,none,0,0,True,,
widened_enumeration,r1|1|2|3|6|6_u1,6,1,1|1|2|3|6|6,2|2|3|4|7|7,19,25,5,0,none,True,True,False,False,True,False,computed_total_slot_anomaly_obstruction,19|25|6|1,0|0|20|20|20|20,none,0,0,True,,
widened_enumeration,r1|1|2|3|6|6_u2,6,2,1|1|2|3|6|6,2|2|3|4|7|7,19,25,5,0,none,True,True,False,False,True,False,computed_total_slot_anomaly_obstruction,19|25|6|2,0|0|20|20|20|20,none,0,0,True,,
widened_enumeration,r1|1|2|3|6|6_u3,6,3,1|1|2|3|6|6,2|2|3|4|7|7,19,25,5,0,none,True,True,False,False,True,False,computed_total_slot_anomaly_obstruction,19|25|6|3,0|0|20|20|20|20,none,0,0,True,,
widened_enumeration,r1|1|2|4|4|4_u0,6,0,1|1|2|4|4|4,2|2|3|5|5|5,16,22,5,0,none,True,True,False,False,False,False,computed_total_slot_anomaly_obstruction,16|22|6|0,0|0|17|17|17|17,none,0,0,True,,
widened_enumeration,r1|1|2|4|4|4_u1,6,1,1|1|2|4|4|4,2|2|3|5|5|5,16,22,5,0,none,True,True,False,False,False,False,computed_total_slot_anomaly_obstruction,16|22|6|1,0|0|17|17|17|17,none,0,0,True,,
widened_enumeration,r1|1|2|4|4|4_u2,6,2,1|1|2|4|4|4,2|2|3|5|5|5,16,22,5,0,none,True,True,False,False,False,False,computed_total_slot_anomaly_obstruction,16|22|6|2,0|0|17|17|17|17,none,0,0,True,,
widened_enumeration,r1|1|2|4|4|4_u3,6,3,1|1|2|4|4|4,2|2|3|5|5|5,16,22,5,0,none,True,True,False,False,False,False,computed_total_slot_anomaly_obstruction,16|22|6|3,0|0|17|17|17|17,none,0,0,True,,
widened_enumeration,r1|1|2|4|4|5_u0,6,0,1|1|2|4|4|5,2|2|3|5|5|6,17,23,5,0,none,True,True,False,False,True,False,computed_total_slot_anomaly_obstruction,17|23|6|0,0|0|18|18|18|18,none,0,0,True,,
widened_enumeration,r1|1|2|4|4|5_u1,6,1,1|1|2|4|4|5,2|2|3|5|5|6,17,23,5,0,none,True,True,False,False,True,False,computed_total_slot_anomaly_obstruction,17|23|6|1,0|0|18|18|18|18,none,0,0,True,,
widened_enumeration,r1|1|2|4|4|5_u2,6,2,1|1|2|4|4|5,2|2|3|5|5|6,17,23,5,0,none,True,True,False,False,True,False,computed_total_slot_anomaly_obstruction,17|23|6|2,0|0|18|18|18|18,none,0,0,True,,
widened_enumeration,r1|1|2|4|4|5_u3,6,3,1|1|2|4|4|5,2|2|3|5|5|6,17,23,5,0,none,True,True,False,False,True,False,computed_total_slot_anomaly_obstruction,17|23|6|3,0|0|18|18|18|18,none,0,0,True,,
widened_enumeration,r1|1|2|4|4|6_u0,6,0,1|1|2|4|4|6,2|2|3|5|5|7,18,24,5,0,none,True,True,False,False,False,False,computed_total_slot_anomaly_obstruction,18|24|6|0,0|0|19|19|19|19,none,0,0,True,,
widened_enumeration,r1|1|2|4|4|6_u1,6,1,1|1|2|4|4|6,2|2|3|5|5|7,18,24,5,0,none,True,True,False,False,False,False,computed_total_slot_anomaly_obstruction,18|24|6|1,0|0|19|19|19|19,none,0,0,True,,
widened_enumeration,r1|1|2|4|4|6_u2,6,2,1|1|2|4|4|6,2|2|3|5|5|7,18,24,5,0,none,True,True,False,False,False,False,computed_total_slot_anomaly_obstruction,18|24|6|2,0|0|19|19|19|19,none,0,0,True,,
widened_enumeration,r1|1|2|4|4|6_u3,6,3,1|1|2|4|4|6,2|2|3|5|5|7,18,24,5,0,none,True,True,False,False,False,False,computed_total_slot_anomaly_obstruction,18|24|6|3,0|0|19|19|19|19,none,0,0,True,,
widened_enumeration,r1|1|2|4|5|5_u0,6,0,1|1|2|4|5|5,2|2|3|5|6|6,18,24,5,0,none,True,True,False,False,False,False,computed_total_slot_anomaly_obstruction,18|24|6|0,0|0|19|19|19|19,none,0,0,True,,
widened_enumeration,r1|1|2|4|5|5_u1,6,1,1|1|2|4|5|5,2|2|3|5|6|6,18,24,5,0,none,True,True,False,False,False,False,computed_total_slot_anomaly_obstruction,18|24|6|1,0|0|19|19|19|19,none,0,0,True,,
widened_enumeration,r1|1|2|4|5|5_u2,6,2,1|1|2|4|5|5,2|2|3|5|6|6,18,24,5,0,none,True,True,False,False,False,False,computed_total_slot_anomaly_obstruction,18|24|6|2,0|0|19|19|19|19,none,0,0,True,,
widened_enumeration,r1|1|2|4|5|5_u3,6,3,1|1|2|4|5|5,2|2|3|5|6|6,18,24,5,0,none,True,True,False,False,False,False,computed_total_slot_anomaly_obstruction,18|24|6|3,0|0|19|19|19|19,none,0,0,True,,
widened_enumeration,r1|1|2|4|5|6_u0,6,0,1|1|2|4|5|6,2|2|3|5|6|7,19,25,5,0,none,True,True,False,False,True,False,computed_total_slot_anomaly_obstruction,19|25|6|0,0|0|20|20|20|20,none,0,0,True,,
widened_enumeration,r1|1|2|4|5|6_u1,6,1,1|1|2|4|5|6,2|2|3|5|6|7,19,25,5,0,none,True,True,False,False,True,False,computed_total_slot_anomaly_obstruction,19|25|6|1,0|0|20|20|20|20,none,0,0,True,,
widened_enumeration,r1|1|2|4|5|6_u2,6,2,1|1|2|4|5|6,2|2|3|5|6|7,19,25,5,0,none,True,True,False,False,True,False,computed_total_slot_anomaly_obstruction,19|25|6|2,0|0|20|20|20|20,none,0,0,True,,
widened_enumeration,r1|1|2|4|5|6_u3,6,3,1|1|2|4|5|6,2|2|3|5|6|7,19,25,5,0,none,True,True,False,False,True,False,computed_total_slot_anomaly_obstruction,19|25|6|3,0|0|20|20|20|20,none,0,0,True,,
widened_enumeration,r1|1|2|4|6|6_u0,6,0,1|1|2|4|6|6,2|2|3|5|7|7,20,26,5,0,none,True,True,False,False,False,False,computed_total_slot_anomaly_obstruction,20|26|6|0,0|0|21|21|21|21,none,0,0,True,,
widened_enumeration,r1|1|2|4|6|6_u1,6,1,1|1|2|4|6|6,2|2|3|5|7|7,20,26,5,0,none,True,True,False,False,False,False,computed_total_slot_anomaly_obstruction,20|26|6|1,0|0|21|21|21|21,none,0,0,True,,
widened_enumeration,r1|1|2|4|6|6_u2,6,2,1|1|2|4|6|6,2|2|3|5|7|7,20,26,5,0,none,True,True,False,False,False,False,computed_total_slot_anomaly_obstruction,20|26|6|2,0|0|21|21|21|21,none,0,0,True,,
widened_enumeration,r1|1|2|4|6|6_u3,6,3,1|1|2|4|6|6,2|2|3|5|7|7,20,26,5,0,none,True,True,False,False,False,False,computed_total_slot_anomaly_obstruction,20|26|6|3,0|0|21|21|21|21,none,0,0,True,,
widened_enumeration,r1|1|2|5|5|5_u0,6,0,1|1|2|5|5|5,2|2|3|6|6|6,19,25,5,0,none,True,True,False,False,True,False,computed_total_slot_anomaly_obstruction,19|25|6|0,0|0|20|20|20|20,none,0,0,True,,
widened_enumeration,r1|1|2|5|5|5_u1,6,1,1|1|2|5|5|5,2|2|3|6|6|6,19,25,5,0,none,True,True,False,False,True,False,computed_total_slot_anomaly_obstruction,19|25|6|1,0|0|20|20|20|20,none,0,0,True,,
widened_enumeration,r1|1|2|5|5|5_u2,6,2,1|1|2|5|5|5,2|2|3|6|6|6,19,25,5,0,none,True,True,False,False,True,False,computed_total_slot_anomaly_obstruction,19|25|6|2,0|0|20|20|20|20,none,0,0,True,,
widened_enumeration,r1|1|2|5|5|5_u3,6,3,1|1|2|5|5|5,2|2|3|6|6|6,19,25,5,0,none,True,True,False,False,True,False,computed_total_slot_anomaly_obstruction,19|25|6|3,0|0|20|20|20|20,none,0,0,True,,
widened_enumeration,r1|1|2|5|5|6_u0,6,0,1|1|2|5|5|6,2|2|3|6|6|7,20,26,5,0,none,True,True,False,False,False,False,computed_total_slot_anomaly_obstruction,20|26|6|0,0|0|21|21|21|21,none,0,0,True,,
widened_enumeration,r1|1|2|5|5|6_u1,6,1,1|1|2|5|5|6,2|2|3|6|6|7,20,26,5,0,none,True,True,False,False,False,False,computed_total_slot_anomaly_obstruction,20|26|6|1,0|0|21|21|21|21,none,0,0,True,,
widened_enumeration,r1|1|2|5|5|6_u2,6,2,1|1|2|5|5|6,2|2|3|6|6|7,20,26,5,0,none,True,True,False,False,False,False,computed_total_slot_anomaly_obstruction,20|26|6|2,0|0|21|21|21|21,none,0,0,True,,
widened_enumeration,r1|1|2|5|5|6_u3,6,3,1|1|2|5|5|6,2|2|3|6|6|7,20,26,5,0,none,True,True,False,False,False,False,computed_total_slot_anomaly_obstruction,20|26|6|3,0|0|21|21|21|21,none,0,0,True,,
widened_enumeration,r1|1|2|5|6|6_u0,6,0,1|1|2|5|6|6,2|2|3|6|7|7,21,27,5,0,none,True,True,False,False,True,False,computed_total_slot_anomaly_obstruction,21|27|6|0,0|0|22|22|22|22,none,0,0,True,,
widened_enumeration,r1|1|2|5|6|6_u1,6,1,1|1|2|5|6|6,2|2|3|6|7|7,21,27,5,0,none,True,True,False,False,True,False,computed_total_slot_anomaly_obstruction,21|27|6|1,0|0|22|22|22|22,none,0,0,True,,
widened_enumeration,r1|1|2|5|6|6_u2,6,2,1|1|2|5|6|6,2|2|3|6|7|7,21,27,5,0,none,True,True,False,False,True,False,computed_total_slot_anomaly_obstruction,21|27|6|2,0|0|22|22|22|22,none,0,0,True,,
widened_enumeration,r1|1|2|5|6|6_u3,6,3,1|1|2|5|6|6,2|2|3|6|7|7,21,27,5,0,none,True,True,False,False,True,False,computed_total_slot_anomaly_obstruction,21|27|6|3,0|0|22|22|22|22,none,0,0,True,,
widened_enumeration,r1|1|2|6|6|6_u0,6,0,1|1|2|6|6|6,2|2|3|7|7|7,22,28,5,0,none,True,True,False,False,False,False,computed_total_slot_anomaly_obstruction,22|28|6|0,0|0|23|23|23|23,none,0,0,True,,
widened_enumeration,r1|1|2|6|6|6_u1,6,1,1|1|2|6|6|6,2|2|3|7|7|7,22,28,5,0,none,True,True,False,False,False,False,computed_total_slot_anomaly_obstruction,22|28|6|1,0|0|23|23|23|23,none,0,0,True,,
widened_enumeration,r1|1|2|6|6|6_u2,6,2,1|1|2|6|6|6,2|2|3|7|7|7,22,28,5,0,none,True,True,False,False,False,False,computed_total_slot_anomaly_obstruction,22|28|6|2,0|0|23|23|23|23,none,0,0,True,,
widened_enumeration,r1|1|2|6|6|6_u3,6,3,1|1|2|6|6|6,2|2|3|7|7|7,22,28,5,0,none,True,True,False,False,False,False,computed_total_slot_anomaly_obstruction,22|28|6|3,0|0|23|23|23|23,none,0,0,True,,
widened_enumeration,r1|1|3|3|3|3_u0,6,0,1|1|3|3|3|3,2|2|4|4|4|4,14,20,5,0,none,True,True,False,False,False,False,computed_total_slot_anomaly_obstruction,14|20|6|0,0|0|15|15|15|15,none,0,0,True,,
widened_enumeration,r1|1|3|3|3|3_u1,6,1,1|1|3|3|3|3,2|2|4|4|4|4,14,20,5,0,none,True,True,False,False,False,False,computed_total_slot_anomaly_obstruction,14|20|6|1,0|0|15|15|15|15,none,0,0,True,,
widened_enumeration,r1|1|3|3|3|3_u2,6,2,1|1|3|3|3|3,2|2|4|4|4|4,14,20,5,0,none,True,True,False,False,False,False,computed_total_slot_anomaly_obstruction,14|20|6|2,0|0|15|15|15|15,none,0,0,True,,
widened_enumeration,r1|1|3|3|3|3_u3,6,3,1|1|3|3|3|3,2|2|4|4|4|4,14,20,5,0,none,True,True,False,False,False,False,computed_total_slot_anomaly_obstruction,14|20|6|3,0|0|15|15|15|15,none,0,0,True,,
widened_enumeration,r1|1|3|3|3|4_u0,6,0,1|1|3|3|3|4,2|2|4|4|4|5,15,21,5,0,none,True,True,False,False,True,False,computed_total_slot_anomaly_obstruction,15|21|6|0,0|0|16|16|16|16,none,0,0,True,,
widened_enumeration,r1|1|3|3|3|4_u1,6,1,1|1|3|3|3|4,2|2|4|4|4|5,15,21,5,0,none,True,True,False,False,True,False,computed_total_slot_anomaly_obstruction,15|21|6|1,0|0|16|16|16|16,none,0,0,True,,
widened_enumeration,r1|1|3|3|3|4_u2,6,2,1|1|3|3|3|4,2|2|4|4|4|5,15,21,5,0,none,True,True,False,False,True,False,computed_total_slot_anomaly_obstruction,15|21|6|2,0|0|16|16|16|16,none,0,0,True,,
widened_enumeration,r1|1|3|3|3|4_u3,6,3,1|1|3|3|3|4,2|2|4|4|4|5,15,21,5,0,none,True,True,False,False,True,False,computed_total_slot_anomaly_obstruction,15|21|6|3,0|0|16|16|16|16,none,0,0,True,,
widened_enumeration,r1|1|3|3|3|5_u0,6,0,1|1|3|3|3|5,2|2|4|4|4|6,16,22,5,0,none,True,True,False,False,False,False,computed_total_slot_anomaly_obstruction,16|22|6|0,0|0|17|17|17|17,none,0,0,True,,
widened_enumeration,r1|1|3|3|3|5_u1,6,1,1|1|3|3|3|5,2|2|4|4|4|6,16,22,5,0,none,True,True,False,False,False,False,computed_total_slot_anomaly_obstruction,16|22|6|1,0|0|17|17|17|17,none,0,0,True,,
widened_enumeration,r1|1|3|3|3|5_u2,6,2,1|1|3|3|3|5,2|2|4|4|4|6,16,22,5,0,none,True,True,False,False,False,False,computed_total_slot_anomaly_obstruction,16|22|6|2,0|0|17|17|17|17,none,0,0,True,,
widened_enumeration,r1|1|3|3|3|5_u3,6,3,1|1|3|3|3|5,2|2|4|4|4|6,16,22,5,0,none,True,True,False,False,False,False,computed_total_slot_anomaly_obstruction,16|22|6|3,0|0|17|17|17|17,none,0,0,True,,
widened_enumeration,r1|1|3|3|3|6_u0,6,0,1|1|3|3|3|6,2|2|4|4|4|7,17,23,5,0,none,True,True,False,False,True,False,computed_total_slot_anomaly_obstruction,17|23|6|0,0|0|18|18|18|18,none,0,0,True,,
widened_enumeration,r1|1|3|3|3|6_u1,6,1,1|1|3|3|3|6,2|2|4|4|4|7,17,23,5,0,none,True,True,False,False,True,False,computed_total_slot_anomaly_obstruction,17|23|6|1,0|0|18|18|18|18,none,0,0,True,,
widened_enumeration,r1|1|3|3|3|6_u2,6,2,1|1|3|3|3|6,2|2|4|4|4|7,17,23,5,0,none,True,True,False,False,True,False,computed_total_slot_anomaly_obstruction,17|23|6|2,0|0|18|18|18|18,none,0,0,True,,
widened_enumeration,r1|1|3|3|3|6_u3,6,3,1|1|3|3|3|6,2|2|4|4|4|7,17,23,5,0,none,True,True,False,False,True,False,computed_total_slot_anomaly_obstruction,17|23|6|3,0|0|18|18|18|18,none,0,0,True,,
widened_enumeration,r1|1|3|3|4|4_u0,6,0,1|1|3|3|4|4,2|2|4|4|5|5,16,22,5,0,none,True,True,False,False,False,False,computed_total_slot_anomaly_obstruction,16|22|6|0,0|0|17|17|17|17,none,0,0,True,,
widened_enumeration,r1|1|3|3|4|4_u1,6,1,1|1|3|3|4|4,2|2|4|4|5|5,16,22,5,0,none,True,True,False,False,False,False,computed_total_slot_anomaly_obstruction,16|22|6|1,0|0|17|17|17|17,none,0,0,True,,
widened_enumeration,r1|1|3|3|4|4_u2,6,2,1|1|3|3|4|4,2|2|4|4|5|5,16,22,5,0,none,True,True,False,False,False,False,computed_total_slot_anomaly_obstruction,16|22|6|2,0|0|17|17|17|17,none,0,0,True,,
widened_enumeration,r1|1|3|3|4|4_u3,6,3,1|1|3|3|4|4,2|2|4|4|5|5,16,22,5,0,none,True,True,False,False,False,False,computed_total_slot_anomaly_obstruction,16|22|6|3,0|0|17|17|17|17,none,0,0,True,,
widened_enumeration,r1|1|3|3|4|5_u0,6,0,1|1|3|3|4|5,2|2|4|4|5|6,17,23,5,0,none,True,True,False,False,True,False,computed_total_slot_anomaly_obstruction,17|23|6|0,0|0|18|18|18|18,none,0,0,True,,
widened_enumeration,r1|1|3|3|4|5_u1,6,1,1|1|3|3|4|5,2|2|4|4|5|6,17,23,5,0,none,True,True,False,False,True,False,computed_total_slot_anomaly_obstruction,17|23|6|1,0|0|18|18|18|18,none,0,0,True,,
widened_enumeration,r1|1|3|3|4|5_u2,6,2,1|1|3|3|4|5,2|2|4|4|5|6,17,23,5,0,none,True,True,False,False,True,False,computed_total_slot_anomaly_obstruction,17|23|6|2,0|0|18|18|18|18,none,0,0,True,,
widened_enumeration,r1|1|3|3|4|5_u3,6,3,1|1|3|3|4|5,2|2|4|4|5|6,17,23,5,0,none,True,True,False,False,True,False,computed_total_slot_anomaly_obstruction,17|23|6|3,0|0|18|18|18|18,none,0,0,True,,
widened_enumeration,r1|1|3|3|4|6_u0,6,0,1|1|3|3|4|6,2|2|4|4|5|7,18,24,5,0,none,True,True,False,False,False,False,computed_total_slot_anomaly_obstruction,18|24|6|0,0|0|19|19|19|19,none,0,0,True,,
widened_enumeration,r1|1|3|3|4|6_u1,6,1,1|1|3|3|4|6,2|2|4|4|5|7,18,24,5,0,none,True,True,False,False,False,False,computed_total_slot_anomaly_obstruction,18|24|6|1,0|0|19|19|19|19,none,0,0,True,,
widened_enumeration,r1|1|3|3|4|6_u2,6,2,1|1|3|3|4|6,2|2|4|4|5|7,18,24,5,0,none,True,True,False,False,False,False,computed_total_slot_anomaly_obstruction,18|24|6|2,0|0|19|19|19|19,none,0,0,True,,
widened_enumeration,r1|1|3|3|4|6_u3,6,3,1|1|3|3|4|6,2|2|4|4|5|7,18,24,5,0,none,True,True,False,False,False,False,computed_total_slot_anomaly_obstruction,18|24|6|3,0|0|19|19|19|19,none,0,0,True,,
widened_enumeration,r1|1|3|3|5|5_u0,6,0,1|1|3|3|5|5,2|2|4|4|6|6,18,24,5,0,none,True,True,False,False,False,False,computed_total_slot_anomaly_obstruction,18|24|6|0,0|0|19|19|19|19,none,0,0,True,,
widened_enumeration,r1|1|3|3|5|5_u1,6,1,1|1|3|3|5|5,2|2|4|4|6|6,18,24,5,0,none,True,True,False,False,False,False,computed_total_slot_anomaly_obstruction,18|24|6|1,0|0|19|19|19|19,none,0,0,True,,
widened_enumeration,r1|1|3|3|5|5_u2,6,2,1|1|3|3|5|5,2|2|4|4|6|6,18,24,5,0,none,True,True,False,False,False,False,computed_total_slot_anomaly_obstruction,18|24|6|2,0|0|19|19|19|19,none,0,0,True,,
widened_enumeration,r1|1|3|3|5|5_u3,6,3,1|1|3|3|5|5,2|2|4|4|6|6,18,24,5,0,none,True,True,False,False,False,False,computed_total_slot_anomaly_obstruction,18|24|6|3,0|0|19|19|19|19,none,0,0,True,,
widened_enumeration,r1|1|3|3|5|6_u0,6,0,1|1|3|3|5|6,2|2|4|4|6|7,19,25,5,0,none,True,True,False,False,True,False,computed_total_slot_anomaly_obstruction,19|25|6|0,0|0|20|20|20|20,none,0,0,True,,
widened_enumeration,r1|1|3|3|5|6_u1,6,1,1|1|3|3|5|6,2|2|4|4|6|7,19,25,5,0,none,True,True,False,False,True,False,computed_total_slot_anomaly_obstruction,19|25|6|1,0|0|20|20|20|20,none,0,0,True,,
widened_enumeration,r1|1|3|3|5|6_u2,6,2,1|1|3|3|5|6,2|2|4|4|6|7,19,25,5,0,none,True,True,False,False,True,False,computed_total_slot_anomaly_obstruction,19|25|6|2,0|0|20|20|20|20,none,0,0,True,,
widened_enumeration,r1|1|3|3|5|6_u3,6,3,1|1|3|3|5|6,2|2|4|4|6|7,19,25,5,0,none,True,True,False,False,True,False,computed_total_slot_anomaly_obstruction,19|25|6|3,0|0|20|20|20|20,none,0,0,True,,
widened_enumeration,r1|1|3|3|6|6_u0,6,0,1|1|3|3|6|6,2|2|4|4|7|7,20,26,5,0,none,True,True,False,False,False,False,computed_total_slot_anomaly_obstruction,20|26|6|0,0|0|21|21|21|21,none,0,0,True,,
widened_enumeration,r1|1|3|3|6|6_u1,6,1,1|1|3|3|6|6,2|2|4|4|7|7,20,26,5,0,none,True,True,False,False,False,False,computed_total_slot_anomaly_obstruction,20|26|6|1,0|0|21|21|21|21,none,0,0,True,,
widened_enumeration,r1|1|3|3|6|6_u2,6,2,1|1|3|3|6|6,2|2|4|4|7|7,20,26,5,0,none,True,True,False,False,False,False,computed_total_slot_anomaly_obstruction,20|26|6|2,0|0|21|21|21|21,none,0,0,True,,
widened_enumeration,r1|1|3|3|6|6_u3,6,3,1|1|3|3|6|6,2|2|4|4|7|7,20,26,5,0,none,True,True,False,False,False,False,computed_total_slot_anomaly_obstruction,20|26|6|3,0|0|21|21|21|21,none,0,0,True,,
widened_enumeration,r1|1|3|4|4|4_u0,6,0,1|1|3|4|4|4,2|2|4|5|5|5,17,23,5,0,none,True,True,False,False,True,False,computed_total_slot_anomaly_obstruction,17|23|6|0,0|0|18|18|18|18,none,0,0,True,,
widened_enumeration,r1|1|3|4|4|4_u1,6,1,1|1|3|4|4|4,2|2|4|5|5|5,17,23,5,0,none,True,True,False,False,True,False,computed_total_slot_anomaly_obstruction,17|23|6|1,0|0|18|18|18|18,none,0,0,True,,
widened_enumeration,r1|1|3|4|4|4_u2,6,2,1|1|3|4|4|4,2|2|4|5|5|5,17,23,5,0,none,True,True,False,False,True,False,computed_total_slot_anomaly_obstruction,17|23|6|2,0|0|18|18|18|18,none,0,0,True,,
widened_enumeration,r1|1|3|4|4|4_u3,6,3,1|1|3|4|4|4,2|2|4|5|5|5,17,23,5,0,none,True,True,False,False,True,False,computed_total_slot_anomaly_obstruction,17|23|6|3,0|0|18|18|18|18,none,0,0,True,,
widened_enumeration,r1|1|3|4|4|5_u0,6,0,1|1|3|4|4|5,2|2|4|5|5|6,18,24,5,0,none,True,True,False,False,False,False,computed_total_slot_anomaly_obstruction,18|24|6|0,0|0|19|19|19|19,none,0,0,True,,
widened_enumeration,r1|1|3|4|4|5_u1,6,1,1|1|3|4|4|5,2|2|4|5|5|6,18,24,5,0,none,True,True,False,False,False,False,computed_total_slot_anomaly_obstruction,18|24|6|1,0|0|19|19|19|19,none,0,0,True,,
widened_enumeration,r1|1|3|4|4|5_u2,6,2,1|1|3|4|4|5,2|2|4|5|5|6,18,24,5,0,none,True,True,False,False,False,False,computed_total_slot_anomaly_obstruction,18|24|6|2,0|0|19|19|19|19,none,0,0,True,,
widened_enumeration,r1|1|3|4|4|5_u3,6,3,1|1|3|4|4|5,2|2|4|5|5|6,18,24,5,0,none,True,True,False,False,False,False,computed_total_slot_anomaly_obstruction,18|24|6|3,0|0|19|19|19|19,none,0,0,True,,
widened_enumeration,r1|1|3|4|4|6_u0,6,0,1|1|3|4|4|6,2|2|4|5|5|7,19,25,5,0,none,True,True,False,False,True,False,computed_total_slot_anomaly_obstruction,19|25|6|0,0|0|20|20|20|20,none,0,0,True,,
widened_enumeration,r1|1|3|4|4|6_u1,6,1,1|1|3|4|4|6,2|2|4|5|5|7,19,25,5,0,none,True,True,False,False,True,False,computed_total_slot_anomaly_obstruction,19|25|6|1,0|0|20|20|20|20,none,0,0,True,,
widened_enumeration,r1|1|3|4|4|6_u2,6,2,1|1|3|4|4|6,2|2|4|5|5|7,19,25,5,0,none,True,True,False,False,True,False,computed_total_slot_anomaly_obstruction,19|25|6|2,0|0|20|20|20|20,none,0,0,True,,
widened_enumeration,r1|1|3|4|4|6_u3,6,3,1|1|3|4|4|6,2|2|4|5|5|7,19,25,5,0,none,True,True,False,False,True,False,computed_total_slot_anomaly_obstruction,19|25|6|3,0|0|20|20|20|20,none,0,0,True,,
widened_enumeration,r1|1|3|4|5|5_u0,6,0,1|1|3|4|5|5,2|2|4|5|6|6,19,25,5,0,none,True,True,False,False,True,False,computed_total_slot_anomaly_obstruction,19|25|6|0,0|0|20|20|20|20,none,0,0,True,,
widened_enumeration,r1|1|3|4|5|5_u1,6,1,1|1|3|4|5|5,2|2|4|5|6|6,19,25,5,0,none,True,True,False,False,True,False,computed_total_slot_anomaly_obstruction,19|25|6|1,0|0|20|20|20|20,none,0,0,True,,
widened_enumeration,r1|1|3|4|5|5_u2,6,2,1|1|3|4|5|5,2|2|4|5|6|6,19,25,5,0,none,True,True,False,False,True,False,computed_total_slot_anomaly_obstruction,19|25|6|2,0|0|20|20|20|20,none,0,0,True,,
widened_enumeration,r1|1|3|4|5|5_u3,6,3,1|1|3|4|5|5,2|2|4|5|6|6,19,25,5,0,none,True,True,False,False,True,False,computed_total_slot_anomaly_obstruction,19|25|6|3,0|0|20|20|20|20,none,0,0,True,,
widened_enumeration,r1|1|3|4|5|6_u0,6,0,1|1|3|4|5|6,2|2|4|5|6|7,20,26,5,0,none,True,True,False,False,False,False,computed_total_slot_anomaly_obstruction,20|26|6|0,0|0|21|21|21|21,none,0,0,True,,
widened_enumeration,r1|1|3|4|5|6_u1,6,1,1|1|3|4|5|6,2|2|4|5|6|7,20,26,5,0,none,True,True,False,False,False,False,computed_total_slot_anomaly_obstruction,20|26|6|1,0|0|21|21|21|21,none,0,0,True,,
widened_enumeration,r1|1|3|4|5|6_u2,6,2,1|1|3|4|5|6,2|2|4|5|6|7,20,26,5,0,none,True,True,False,False,False,False,computed_total_slot_anomaly_obstruction,20|26|6|2,0|0|21|21|21|21,none,0,0,True,,
widened_enumeration,r1|1|3|4|5|6_u3,6,3,1|1|3|4|5|6,2|2|4|5|6|7,20,26,5,0,none,True,True,False,False,False,False,computed_total_slot_anomaly_obstruction,20|26|6|3,0|0|21|21|21|21,none,0,0,True,,
widened_enumeration,r1|1|3|4|6|6_u0,6,0,1|1|3|4|6|6,2|2|4|5|7|7,21,27,5,0,none,True,True,False,False,True,False,computed_total_slot_anomaly_obstruction,21|27|6|0,0|0|22|22|22|22,none,0,0,True,,
widened_enumeration,r1|1|3|4|6|6_u1,6,1,1|1|3|4|6|6,2|2|4|5|7|7,21,27,5,0,none,True,True,False,False,True,False,computed_total_slot_anomaly_obstruction,21|27|6|1,0|0|22|22|22|22,none,0,0,True,,
widened_enumeration,r1|1|3|4|6|6_u2,6,2,1|1|3|4|6|6,2|2|4|5|7|7,21,27,5,0,none,True,True,False,False,True,False,computed_total_slot_anomaly_obstruction,21|27|6|2,0|0|22|22|22|22,none,0,0,True,,
widened_enumeration,r1|1|3|4|6|6_u3,6,3,1|1|3|4|6|6,2|2|4|5|7|7,21,27,5,0,none,True,True,False,False,True,False,computed_total_slot_anomaly_obstruction,21|27|6|3,0|0|22|22|22|22,none,0,0,True,,
widened_enumeration,r1|1|3|5|5|5_u0,6,0,1|1|3|5|5|5,2|2|4|6|6|6,20,26,5,0,none,True,True,False,False,False,False,computed_total_slot_anomaly_obstruction,20|26|6|0,0|0|21|21|21|21,none,0,0,True,,
widened_enumeration,r1|1|3|5|5|5_u1,6,1,1|1|3|5|5|5,2|2|4|6|6|6,20,26,5,0,none,True,True,False,False,False,False,computed_total_slot_anomaly_obstruction,20|26|6|1,0|0|21|21|21|21,none,0,0,True,,
widened_enumeration,r1|1|3|5|5|5_u2,6,2,1|1|3|5|5|5,2|2|4|6|6|6,20,26,5,0,none,True,True,False,False,False,False,computed_total_slot_anomaly_obstruction,20|26|6|2,0|0|21|21|21|21,none,0,0,True,,
widened_enumeration,r1|1|3|5|5|5_u3,6,3,1|1|3|5|5|5,2|2|4|6|6|6,20,26,5,0,none,True,True,False,False,False,False,computed_total_slot_anomaly_obstruction,20|26|6|3,0|0|21|21|21|21,none,0,0,True,,
widened_enumeration,r1|1|3|5|5|6_u0,6,0,1|1|3|5|5|6,2|2|4|6|6|7,21,27,5,0,none,True,True,False,False,True,False,computed_total_slot_anomaly_obstruction,21|27|6|0,0|0|22|22|22|22,none,0,0,True,,
widened_enumeration,r1|1|3|5|5|6_u1,6,1,1|1|3|5|5|6,2|2|4|6|6|7,21,27,5,0,none,True,True,False,False,True,False,computed_total_slot_anomaly_obstruction,21|27|6|1,0|0|22|22|22|22,none,0,0,True,,
widened_enumeration,r1|1|3|5|5|6_u2,6,2,1|1|3|5|5|6,2|2|4|6|6|7,21,27,5,0,none,True,True,False,False,True,False,computed_total_slot_anomaly_obstruction,21|27|6|2,0|0|22|22|22|22,none,0,0,True,,
widened_enumeration,r1|1|3|5|5|6_u3,6,3,1|1|3|5|5|6,2|2|4|6|6|7,21,27,5,0,none,True,True,False,False,True,False,computed_total_slot_anomaly_obstruction,21|27|6|3,0|0|22|22|22|22,none,0,0,True,,
widened_enumeration,r1|1|3|5|6|6_u0,6,0,1|1|3|5|6|6,2|2|4|6|7|7,22,28,5,0,none,True,True,False,False,False,False,computed_total_slot_anomaly_obstruction,22|28|6|0,0|0|23|23|23|23,none,0,0,True,,
widened_enumeration,r1|1|3|5|6|6_u1,6,1,1|1|3|5|6|6,2|2|4|6|7|7,22,28,5,0,none,True,True,False,False,False,False,computed_total_slot_anomaly_obstruction,22|28|6|1,0|0|23|23|23|23,none,0,0,True,,
widened_enumeration,r1|1|3|5|6|6_u2,6,2,1|1|3|5|6|6,2|2|4|6|7|7,22,28,5,0,none,True,True,False,False,False,False,computed_total_slot_anomaly_obstruction,22|28|6|2,0|0|23|23|23|23,none,0,0,True,,
widened_enumeration,r1|1|3|5|6|6_u3,6,3,1|1|3|5|6|6,2|2|4|6|7|7,22,28,5,0,none,True,True,False,False,False,False,computed_total_slot_anomaly_obstruction,22|28|6|3,0|0|23|23|23|23,none,0,0,True,,
widened_enumeration,r1|1|3|6|6|6_u0,6,0,1|1|3|6|6|6,2|2|4|7|7|7,23,29,5,0,none,True,True,False,False,True,False,computed_total_slot_anomaly_obstruction,23|29|6|0,0|0|24|24|24|24,none,0,0,True,,
widened_enumeration,r1|1|3|6|6|6_u1,6,1,1|1|3|6|6|6,2|2|4|7|7|7,23,29,5,0,none,True,True,False,False,True,False,computed_total_slot_anomaly_obstruction,23|29|6|1,0|0|24|24|24|24,none,0,0,True,,
widened_enumeration,r1|1|3|6|6|6_u2,6,2,1|1|3|6|6|6,2|2|4|7|7|7,23,29,5,0,none,True,True,False,False,True,False,computed_total_slot_anomaly_obstruction,23|29|6|2,0|0|24|24|24|24,none,0,0,True,,
widened_enumeration,r1|1|3|6|6|6_u3,6,3,1|1|3|6|6|6,2|2|4|7|7|7,23,29,5,0,none,True,True,False,False,True,False,computed_total_slot_anomaly_obstruction,23|29|6|3,0|0|24|24|24|24,none,0,0,True,,
widened_enumeration,r1|1|4|4|4|4_u0,6,0,1|1|4|4|4|4,2|2|5|5|5|5,18,24,5,0,none,True,True,False,False,False,False,computed_total_slot_anomaly_obstruction,18|24|6|0,0|0|19|19|19|19,none,0,0,True,,
widened_enumeration,r1|1|4|4|4|4_u1,6,1,1|1|4|4|4|4,2|2|5|5|5|5,18,24,5,0,none,True,True,False,False,False,False,computed_total_slot_anomaly_obstruction,18|24|6|1,0|0|19|19|19|19,none,0,0,True,,
widened_enumeration,r1|1|4|4|4|4_u2,6,2,1|1|4|4|4|4,2|2|5|5|5|5,18,24,5,0,none,True,True,False,False,False,False,computed_total_slot_anomaly_obstruction,18|24|6|2,0|0|19|19|19|19,none,0,0,True,,
widened_enumeration,r1|1|4|4|4|4_u3,6,3,1|1|4|4|4|4,2|2|5|5|5|5,18,24,5,0,none,True,True,False,False,False,False,computed_total_slot_anomaly_obstruction,18|24|6|3,0|0|19|19|19|19,none,0,0,True,,
widened_enumeration,r1|1|4|4|4|5_u0,6,0,1|1|4|4|4|5,2|2|5|5|5|6,19,25,5,0,none,True,True,False,False,True,False,computed_total_slot_anomaly_obstruction,19|25|6|0,0|0|20|20|20|20,none,0,0,True,,
widened_enumeration,r1|1|4|4|4|5_u1,6,1,1|1|4|4|4|5,2|2|5|5|5|6,19,25,5,0,none,True,True,False,False,True,False,computed_total_slot_anomaly_obstruction,19|25|6|1,0|0|20|20|20|20,none,0,0,True,,
widened_enumeration,r1|1|4|4|4|5_u2,6,2,1|1|4|4|4|5,2|2|5|5|5|6,19,25,5,0,none,True,True,False,False,True,False,computed_total_slot_anomaly_obstruction,19|25|6|2,0|0|20|20|20|20,none,0,0,True,,
widened_enumeration,r1|1|4|4|4|5_u3,6,3,1|1|4|4|4|5,2|2|5|5|5|6,19,25,5,0,none,True,True,False,False,True,False,computed_total_slot_anomaly_obstruction,19|25|6|3,0|0|20|20|20|20,none,0,0,True,,
widened_enumeration,r1|1|4|4|4|6_u0,6,0,1|1|4|4|4|6,2|2|5|5|5|7,20,26,5,0,none,True,True,False,False,False,False,computed_total_slot_anomaly_obstruction,20|26|6|0,0|0|21|21|21|21,none,0,0,True,,
widened_enumeration,r1|1|4|4|4|6_u1,6,1,1|1|4|4|4|6,2|2|5|5|5|7,20,26,5,0,none,True,True,False,False,False,False,computed_total_slot_anomaly_obstruction,20|26|6|1,0|0|21|21|21|21,none,0,0,True,,
widened_enumeration,r1|1|4|4|4|6_u2,6,2,1|1|4|4|4|6,2|2|5|5|5|7,20,26,5,0,none,True,True,False,False,False,False,computed_total_slot_anomaly_obstruction,20|26|6|2,0|0|21|21|21|21,none,0,0,True,,
widened_enumeration,r1|1|4|4|4|6_u3,6,3,1|1|4|4|4|6,2|2|5|5|5|7,20,26,5,0,none,True,True,False,False,False,False,computed_total_slot_anomaly_obstruction,20|26|6|3,0|0|21|21|21|21,none,0,0,True,,
widened_enumeration,r1|1|4|4|5|5_u0,6,0,1|1|4|4|5|5,2|2|5|5|6|6,20,26,5,0,none,True,True,False,False,False,False,computed_total_slot_anomaly_obstruction,20|26|6|0,0|0|21|21|21|21,none,0,0,True,,
widened_enumeration,r1|1|4|4|5|5_u1,6,1,1|1|4|4|5|5,2|2|5|5|6|6,20,26,5,0,none,True,True,False,False,False,False,computed_total_slot_anomaly_obstruction,20|26|6|1,0|0|21|21|21|21,none,0,0,True,,
widened_enumeration,r1|1|4|4|5|5_u2,6,2,1|1|4|4|5|5,2|2|5|5|6|6,20,26,5,0,none,True,True,False,False,False,False,computed_total_slot_anomaly_obstruction,20|26|6|2,0|0|21|21|21|21,none,0,0,True,,
widened_enumeration,r1|1|4|4|5|5_u3,6,3,1|1|4|4|5|5,2|2|5|5|6|6,20,26,5,0,none,True,True,False,False,False,False,computed_total_slot_anomaly_obstruction,20|26|6|3,0|0|21|21|21|21,none,0,0,True,,
widened_enumeration,r1|1|4|4|5|6_u0,6,0,1|1|4|4|5|6,2|2|5|5|6|7,21,27,5,0,none,True,True,False,False,True,False,computed_total_slot_anomaly_obstruction,21|27|6|0,0|0|22|22|22|22,none,0,0,True,,
widened_enumeration,r1|1|4|4|5|6_u1,6,1,1|1|4|4|5|6,2|2|5|5|6|7,21,27,5,0,none,True,True,False,False,True,False,computed_total_slot_anomaly_obstruction,21|27|6|1,0|0|22|22|22|22,none,0,0,True,,
widened_enumeration,r1|1|4|4|5|6_u2,6,2,1|1|4|4|5|6,2|2|5|5|6|7,21,27,5,0,none,True,True,False,False,True,False,computed_total_slot_anomaly_obstruction,21|27|6|2,0|0|22|22|22|22,none,0,0,True,,
widened_enumeration,r1|1|4|4|5|6_u3,6,3,1|1|4|4|5|6,2|2|5|5|6|7,21,27,5,0,none,True,True,False,False,True,False,computed_total_slot_anomaly_obstruction,21|27|6|3,0|0|22|22|22|22,none,0,0,True,,
widened_enumeration,r1|1|4|4|6|6_u0,6,0,1|1|4|4|6|6,2|2|5|5|7|7,22,28,5,0,none,True,True,False,False,False,False,computed_total_slot_anomaly_obstruction,22|28|6|0,0|0|23|23|23|23,none,0,0,True,,
widened_enumeration,r1|1|4|4|6|6_u1,6,1,1|1|4|4|6|6,2|2|5|5|7|7,22,28,5,0,none,True,True,False,False,False,False,computed_total_slot_anomaly_obstruction,22|28|6|1,0|0|23|23|23|23,none,0,0,True,,
widened_enumeration,r1|1|4|4|6|6_u2,6,2,1|1|4|4|6|6,2|2|5|5|7|7,22,28,5,0,none,True,True,False,False,False,False,computed_total_slot_anomaly_obstruction,22|28|6|2,0|0|23|23|23|23,none,0,0,True,,
widened_enumeration,r1|1|4|4|6|6_u3,6,3,1|1|4|4|6|6,2|2|5|5|7|7,22,28,5,0,none,True,True,False,False,False,False,computed_total_slot_anomaly_obstruction,22|28|6|3,0|0|23|23|23|23,none,0,0,True,,
widened_enumeration,r1|1|4|5|5|5_u0,6,0,1|1|4|5|5|5,2|2|5|6|6|6,21,27,5,0,none,True,True,False,False,True,False,computed_total_slot_anomaly_obstruction,21|27|6|0,0|0|22|22|22|22,none,0,0,True,,
widened_enumeration,r1|1|4|5|5|5_u1,6,1,1|1|4|5|5|5,2|2|5|6|6|6,21,27,5,0,none,True,True,False,False,True,False,computed_total_slot_anomaly_obstruction,21|27|6|1,0|0|22|22|22|22,none,0,0,True,,
widened_enumeration,r1|1|4|5|5|5_u2,6,2,1|1|4|5|5|5,2|2|5|6|6|6,21,27,5,0,none,True,True,False,False,True,False,computed_total_slot_anomaly_obstruction,21|27|6|2,0|0|22|22|22|22,none,0,0,True,,
widened_enumeration,r1|1|4|5|5|5_u3,6,3,1|1|4|5|5|5,2|2|5|6|6|6,21,27,5,0,none,True,True,False,False,True,False,computed_total_slot_anomaly_obstruction,21|27|6|3,0|0|22|22|22|22,none,0,0,True,,
widened_enumeration,r1|1|4|5|5|6_u0,6,0,1|1|4|5|5|6,2|2|5|6|6|7,22,28,5,0,none,True,True,False,False,False,False,computed_total_slot_anomaly_obstruction,22|28|6|0,0|0|23|23|23|23,none,0,0,True,,
widened_enumeration,r1|1|4|5|5|6_u1,6,1,1|1|4|5|5|6,2|2|5|6|6|7,22,28,5,0,none,True,True,False,False,False,False,computed_total_slot_anomaly_obstruction,22|28|6|1,0|0|23|23|23|23,none,0,0,True,,
widened_enumeration,r1|1|4|5|5|6_u2,6,2,1|1|4|5|5|6,2|2|5|6|6|7,22,28,5,0,none,True,True,False,False,False,False,computed_total_slot_anomaly_obstruction,22|28|6|2,0|0|23|23|23|23,none,0,0,True,,
widened_enumeration,r1|1|4|5|5|6_u3,6,3,1|1|4|5|5|6,2|2|5|6|6|7,22,28,5,0,none,True,True,False,False,False,False,computed_total_slot_anomaly_obstruction,22|28|6|3,0|0|23|23|23|23,none,0,0,True,,
widened_enumeration,r1|1|4|5|6|6_u0,6,0,1|1|4|5|6|6,2|2|5|6|7|7,23,29,5,0,none,True,True,False,False,True,False,computed_total_slot_anomaly_obstruction,23|29|6|0,0|0|24|24|24|24,none,0,0,True,,
widened_enumeration,r1|1|4|5|6|6_u1,6,1,1|1|4|5|6|6,2|2|5|6|7|7,23,29,5,0,none,True,True,False,False,True,False,computed_total_slot_anomaly_obstruction,23|29|6|1,0|0|24|24|24|24,none,0,0,True,,
widened_enumeration,r1|1|4|5|6|6_u2,6,2,1|1|4|5|6|6,2|2|5|6|7|7,23,29,5,0,none,True,True,False,False,True,False,computed_total_slot_anomaly_obstruction,23|29|6|2,0|0|24|24|24|24,none,0,0,True,,
widened_enumeration,r1|1|4|5|6|6_u3,6,3,1|1|4|5|6|6,2|2|5|6|7|7,23,29,5,0,none,True,True,False,False,True,False,computed_total_slot_anomaly_obstruction,23|29|6|3,0|0|24|24|24|24,none,0,0,True,,
widened_enumeration,r1|1|4|6|6|6_u0,6,0,1|1|4|6|6|6,2|2|5|7|7|7,24,30,5,0,none,True,True,False,False,False,False,computed_total_slot_anomaly_obstruction,24|30|6|0,0|0|25|25|25|25,none,0,0,True,,
widened_enumeration,r1|1|4|6|6|6_u1,6,1,1|1|4|6|6|6,2|2|5|7|7|7,24,30,5,0,none,True,True,False,False,False,False,computed_total_slot_anomaly_obstruction,24|30|6|1,0|0|25|25|25|25,none,0,0,True,,
widened_enumeration,r1|1|4|6|6|6_u2,6,2,1|1|4|6|6|6,2|2|5|7|7|7,24,30,5,0,none,True,True,False,False,False,False,computed_total_slot_anomaly_obstruction,24|30|6|2,0|0|25|25|25|25,none,0,0,True,,
widened_enumeration,r1|1|4|6|6|6_u3,6,3,1|1|4|6|6|6,2|2|5|7|7|7,24,30,5,0,none,True,True,False,False,False,False,computed_total_slot_anomaly_obstruction,24|30|6|3,0|0|25|25|25|25,none,0,0,True,,
widened_enumeration,r1|1|5|5|5|5_u0,6,0,1|1|5|5|5|5,2|2|6|6|6|6,22,28,5,0,none,True,True,False,False,False,False,computed_total_slot_anomaly_obstruction,22|28|6|0,0|0|23|23|23|23,none,0,0,True,,
widened_enumeration,r1|1|5|5|5|5_u1,6,1,1|1|5|5|5|5,2|2|6|6|6|6,22,28,5,0,none,True,True,False,False,False,False,computed_total_slot_anomaly_obstruction,22|28|6|1,0|0|23|23|23|23,none,0,0,True,,
widened_enumeration,r1|1|5|5|5|5_u2,6,2,1|1|5|5|5|5,2|2|6|6|6|6,22,28,5,0,none,True,True,False,False,False,False,computed_total_slot_anomaly_obstruction,22|28|6|2,0|0|23|23|23|23,none,0,0,True,,
widened_enumeration,r1|1|5|5|5|5_u3,6,3,1|1|5|5|5|5,2|2|6|6|6|6,22,28,5,0,none,True,True,False,False,False,False,computed_total_slot_anomaly_obstruction,22|28|6|3,0|0|23|23|23|23,none,0,0,True,,
widened_enumeration,r1|1|5|5|5|6_u0,6,0,1|1|5|5|5|6,2|2|6|6|6|7,23,29,5,0,none,True,True,False,False,True,False,computed_total_slot_anomaly_obstruction,23|29|6|0,0|0|24|24|24|24,none,0,0,True,,
widened_enumeration,r1|1|5|5|5|6_u1,6,1,1|1|5|5|5|6,2|2|6|6|6|7,23,29,5,0,none,True,True,False,False,True,False,computed_total_slot_anomaly_obstruction,23|29|6|1,0|0|24|24|24|24,none,0,0,True,,
widened_enumeration,r1|1|5|5|5|6_u2,6,2,1|1|5|5|5|6,2|2|6|6|6|7,23,29,5,0,none,True,True,False,False,True,False,computed_total_slot_anomaly_obstruction,23|29|6|2,0|0|24|24|24|24,none,0,0,True,,
widened_enumeration,r1|1|5|5|5|6_u3,6,3,1|1|5|5|5|6,2|2|6|6|6|7,23,29,5,0,none,True,True,False,False,True,False,computed_total_slot_anomaly_obstruction,23|29|6|3,0|0|24|24|24|24,none,0,0,True,,
widened_enumeration,r1|1|5|5|6|6_u0,6,0,1|1|5|5|6|6,2|2|6|6|7|7,24,30,5,0,none,True,True,False,False,False,False,computed_total_slot_anomaly_obstruction,24|30|6|0,0|0|25|25|25|25,none,0,0,True,,
widened_enumeration,r1|1|5|5|6|6_u1,6,1,1|1|5|5|6|6,2|2|6|6|7|7,24,30,5,0,none,True,True,False,False,False,False,computed_total_slot_anomaly_obstruction,24|30|6|1,0|0|25|25|25|25,none,0,0,True,,
widened_enumeration,r1|1|5|5|6|6_u2,6,2,1|1|5|5|6|6,2|2|6|6|7|7,24,30,5,0,none,True,True,False,False,False,False,computed_total_slot_anomaly_obstruction,24|30|6|2,0|0|25|25|25|25,none,0,0,True,,
widened_enumeration,r1|1|5|5|6|6_u3,6,3,1|1|5|5|6|6,2|2|6|6|7|7,24,30,5,0,none,True,True,False,False,False,False,computed_total_slot_anomaly_obstruction,24|30|6|3,0|0|25|25|25|25,none,0,0,True,,
widened_enumeration,r1|1|5|6|6|6_u0,6,0,1|1|5|6|6|6,2|2|6|7|7|7,25,31,5,0,none,True,True,False,False,True,False,computed_total_slot_anomaly_obstruction,25|31|6|0,0|0|26|26|26|26,none,0,0,True,,
widened_enumeration,r1|1|5|6|6|6_u1,6,1,1|1|5|6|6|6,2|2|6|7|7|7,25,31,5,0,none,True,True,False,False,True,False,computed_total_slot_anomaly_obstruction,25|31|6|1,0|0|26|26|26|26,none,0,0,True,,
widened_enumeration,r1|1|5|6|6|6_u2,6,2,1|1|5|6|6|6,2|2|6|7|7|7,25,31,5,0,none,True,True,False,False,True,False,computed_total_slot_anomaly_obstruction,25|31|6|2,0|0|26|26|26|26,none,0,0,True,,
widened_enumeration,r1|1|5|6|6|6_u3,6,3,1|1|5|6|6|6,2|2|6|7|7|7,25,31,5,0,none,True,True,False,False,True,False,computed_total_slot_anomaly_obstruction,25|31|6|3,0|0|26|26|26|26,none,0,0,True,,
widened_enumeration,r1|1|6|6|6|6_u0,6,0,1|1|6|6|6|6,2|2|7|7|7|7,26,32,5,0,none,True,True,False,False,False,False,computed_total_slot_anomaly_obstruction,26|32|6|0,0|0|27|27|27|27,none,0,0,True,,
widened_enumeration,r1|1|6|6|6|6_u1,6,1,1|1|6|6|6|6,2|2|7|7|7|7,26,32,5,0,none,True,True,False,False,False,False,computed_total_slot_anomaly_obstruction,26|32|6|1,0|0|27|27|27|27,none,0,0,True,,
widened_enumeration,r1|1|6|6|6|6_u2,6,2,1|1|6|6|6|6,2|2|7|7|7|7,26,32,5,0,none,True,True,False,False,False,False,computed_total_slot_anomaly_obstruction,26|32|6|2,0|0|27|27|27|27,none,0,0,True,,
widened_enumeration,r1|1|6|6|6|6_u3,6,3,1|1|6|6|6|6,2|2|7|7|7|7,26,32,5,0,none,True,True,False,False,False,False,computed_total_slot_anomaly_obstruction,26|32|6|3,0|0|27|27|27|27,none,0,0,True,,
widened_enumeration,r1|2|2|2|2|2_u0,6,0,1|2|2|2|2|2,2|3|3|3|3|3,11,17,5,0,none,True,True,False,False,True,False,computed_total_slot_anomaly_obstruction,11|17|6|0,0|12|12|12|12|12,none,0,0,True,,
widened_enumeration,r1|2|2|2|2|2_u1,6,1,1|2|2|2|2|2,2|3|3|3|3|3,11,17,5,0,none,True,True,False,False,True,False,computed_total_slot_anomaly_obstruction,11|17|6|1,0|12|12|12|12|12,none,0,0,True,,
widened_enumeration,r1|2|2|2|2|2_u2,6,2,1|2|2|2|2|2,2|3|3|3|3|3,11,17,5,0,none,True,True,False,False,True,False,computed_total_slot_anomaly_obstruction,11|17|6|2,0|12|12|12|12|12,none,0,0,True,,
widened_enumeration,r1|2|2|2|2|2_u3,6,3,1|2|2|2|2|2,2|3|3|3|3|3,11,17,5,0,none,True,True,False,False,True,False,computed_total_slot_anomaly_obstruction,11|17|6|3,0|12|12|12|12|12,none,0,0,True,,
widened_enumeration,r1|2|2|2|2|3_u0,6,0,1|2|2|2|2|3,2|3|3|3|3|4,12,18,5,0,none,True,True,False,False,False,False,computed_total_slot_anomaly_obstruction,12|18|6|0,0|13|13|13|13|13,none,0,0,True,,
widened_enumeration,r1|2|2|2|2|3_u1,6,1,1|2|2|2|2|3,2|3|3|3|3|4,12,18,5,0,none,True,True,False,False,False,False,computed_total_slot_anomaly_obstruction,12|18|6|1,0|13|13|13|13|13,none,0,0,True,,
widened_enumeration,r1|2|2|2|2|3_u2,6,2,1|2|2|2|2|3,2|3|3|3|3|4,12,18,5,0,none,True,True,False,False,False,False,computed_total_slot_anomaly_obstruction,12|18|6|2,0|13|13|13|13|13,none,0,0,True,,
widened_enumeration,r1|2|2|2|2|3_u3,6,3,1|2|2|2|2|3,2|3|3|3|3|4,12,18,5,0,none,True,True,False,False,False,False,computed_total_slot_anomaly_obstruction,12|18|6|3,0|13|13|13|13|13,none,0,0,True,,
widened_enumeration,r1|2|2|2|2|4_u0,6,0,1|2|2|2|2|4,2|3|3|3|3|5,13,19,5,0,none,True,True,False,False,True,False,computed_total_slot_anomaly_obstruction,13|19|6|0,0|14|14|14|14|14,none,0,0,True,,
widened_enumeration,r1|2|2|2|2|4_u1,6,1,1|2|2|2|2|4,2|3|3|3|3|5,13,19,5,0,none,True,True,False,False,True,False,computed_total_slot_anomaly_obstruction,13|19|6|1,0|14|14|14|14|14,none,0,0,True,,
widened_enumeration,r1|2|2|2|2|4_u2,6,2,1|2|2|2|2|4,2|3|3|3|3|5,13,19,5,0,none,True,True,False,False,True,False,computed_total_slot_anomaly_obstruction,13|19|6|2,0|14|14|14|14|14,none,0,0,True,,
widened_enumeration,r1|2|2|2|2|4_u3,6,3,1|2|2|2|2|4,2|3|3|3|3|5,13,19,5,0,none,True,True,False,False,True,False,computed_total_slot_anomaly_obstruction,13|19|6|3,0|14|14|14|14|14,none,0,0,True,,
widened_enumeration,r1|2|2|2|2|5_u0,6,0,1|2|2|2|2|5,2|3|3|3|3|6,14,20,5,0,none,True,True,False,False,False,False,computed_total_slot_anomaly_obstruction,14|20|6|0,0|15|15|15|15|15,none,0,0,True,,
widened_enumeration,r1|2|2|2|2|5_u1,6,1,1|2|2|2|2|5,2|3|3|3|3|6,14,20,5,0,none,True,True,False,False,False,False,computed_total_slot_anomaly_obstruction,14|20|6|1,0|15|15|15|15|15,none,0,0,True,,
widened_enumeration,r1|2|2|2|2|5_u2,6,2,1|2|2|2|2|5,2|3|3|3|3|6,14,20,5,0,none,True,True,False,False,False,False,computed_total_slot_anomaly_obstruction,14|20|6|2,0|15|15|15|15|15,none,0,0,True,,
widened_enumeration,r1|2|2|2|2|5_u3,6,3,1|2|2|2|2|5,2|3|3|3|3|6,14,20,5,0,none,True,True,False,False,False,False,computed_total_slot_anomaly_obstruction,14|20|6|3,0|15|15|15|15|15,none,0,0,True,,
widened_enumeration,r1|2|2|2|2|6_u0,6,0,1|2|2|2|2|6,2|3|3|3|3|7,15,21,5,0,none,True,True,False,False,True,False,computed_total_slot_anomaly_obstruction,15|21|6|0,0|16|16|16|16|16,none,0,0,True,,
widened_enumeration,r1|2|2|2|2|6_u1,6,1,1|2|2|2|2|6,2|3|3|3|3|7,15,21,5,0,none,True,True,False,False,True,False,computed_total_slot_anomaly_obstruction,15|21|6|1,0|16|16|16|16|16,none,0,0,True,,
widened_enumeration,r1|2|2|2|2|6_u2,6,2,1|2|2|2|2|6,2|3|3|3|3|7,15,21,5,0,none,True,True,False,False,True,False,computed_total_slot_anomaly_obstruction,15|21|6|2,0|16|16|16|16|16,none,0,0,True,,
widened_enumeration,r1|2|2|2|2|6_u3,6,3,1|2|2|2|2|6,2|3|3|3|3|7,15,21,5,0,none,True,True,False,False,True,False,computed_total_slot_anomaly_obstruction,15|21|6|3,0|16|16|16|16|16,none,0,0,True,,
widened_enumeration,r1|2|2|2|3|3_u0,6,0,1|2|2|2|3|3,2|3|3|3|4|4,13,19,5,0,none,True,True,False,False,True,False,computed_total_slot_anomaly_obstruction,13|19|6|0,0|14|14|14|14|14,none,0,0,True,,
widened_enumeration,r1|2|2|2|3|3_u1,6,1,1|2|2|2|3|3,2|3|3|3|4|4,13,19,5,0,none,True,True,False,False,True,False,computed_total_slot_anomaly_obstruction,13|19|6|1,0|14|14|14|14|14,none,0,0,True,,
widened_enumeration,r1|2|2|2|3|3_u2,6,2,1|2|2|2|3|3,2|3|3|3|4|4,13,19,5,0,none,True,True,False,False,True,False,computed_total_slot_anomaly_obstruction,13|19|6|2,0|14|14|14|14|14,none,0,0,True,,
widened_enumeration,r1|2|2|2|3|3_u3,6,3,1|2|2|2|3|3,2|3|3|3|4|4,13,19,5,0,none,True,True,False,False,True,False,computed_total_slot_anomaly_obstruction,13|19|6|3,0|14|14|14|14|14,none,0,0,True,,
widened_enumeration,r1|2|2|2|3|4_u0,6,0,1|2|2|2|3|4,2|3|3|3|4|5,14,20,5,0,none,True,True,False,False,False,False,computed_total_slot_anomaly_obstruction,14|20|6|0,0|15|15|15|15|15,none,0,0,True,,
widened_enumeration,r1|2|2|2|3|4_u1,6,1,1|2|2|2|3|4,2|3|3|3|4|5,14,20,5,0,none,True,True,False,False,False,False,computed_total_slot_anomaly_obstruction,14|20|6|1,0|15|15|15|15|15,none,0,0,True,,
widened_enumeration,r1|2|2|2|3|4_u2,6,2,1|2|2|2|3|4,2|3|3|3|4|5,14,20,5,0,none,True,True,False,False,False,False,computed_total_slot_anomaly_obstruction,14|20|6|2,0|15|15|15|15|15,none,0,0,True,,
widened_enumeration,r1|2|2|2|3|4_u3,6,3,1|2|2|2|3|4,2|3|3|3|4|5,14,20,5,0,none,True,True,False,False,False,False,computed_total_slot_anomaly_obstruction,14|20|6|3,0|15|15|15|15|15,none,0,0,True,,
widened_enumeration,r1|2|2|2|3|5_u0,6,0,1|2|2|2|3|5,2|3|3|3|4|6,15,21,5,0,none,True,True,False,False,True,False,computed_total_slot_anomaly_obstruction,15|21|6|0,0|16|16|16|16|16,none,0,0,True,,
widened_enumeration,r1|2|2|2|3|5_u1,6,1,1|2|2|2|3|5,2|3|3|3|4|6,15,21,5,0,none,True,True,False,False,True,False,computed_total_slot_anomaly_obstruction,15|21|6|1,0|16|16|16|16|16,none,0,0,True,,
widened_enumeration,r1|2|2|2|3|5_u2,6,2,1|2|2|2|3|5,2|3|3|3|4|6,15,21,5,0,none,True,True,False,False,True,False,computed_total_slot_anomaly_obstruction,15|21|6|2,0|16|16|16|16|16,none,0,0,True,,
widened_enumeration,r1|2|2|2|3|5_u3,6,3,1|2|2|2|3|5,2|3|3|3|4|6,15,21,5,0,none,True,True,False,False,True,False,computed_total_slot_anomaly_obstruction,15|21|6|3,0|16|16|16|16|16,none,0,0,True,,
widened_enumeration,r1|2|2|2|3|6_u0,6,0,1|2|2|2|3|6,2|3|3|3|4|7,16,22,5,0,none,True,True,False,False,False,False,computed_total_slot_anomaly_obstruction,16|22|6|0,0|17|17|17|17|17,none,0,0,True,,
widened_enumeration,r1|2|2|2|3|6_u1,6,1,1|2|2|2|3|6,2|3|3|3|4|7,16,22,5,0,none,True,True,False,False,False,False,computed_total_slot_anomaly_obstruction,16|22|6|1,0|17|17|17|17|17,none,0,0,True,,
widened_enumeration,r1|2|2|2|3|6_u2,6,2,1|2|2|2|3|6,2|3|3|3|4|7,16,22,5,0,none,True,True,False,False,False,False,computed_total_slot_anomaly_obstruction,16|22|6|2,0|17|17|17|17|17,none,0,0,True,,
widened_enumeration,r1|2|2|2|3|6_u3,6,3,1|2|2|2|3|6,2|3|3|3|4|7,16,22,5,0,none,True,True,False,False,False,False,computed_total_slot_anomaly_obstruction,16|22|6|3,0|17|17|17|17|17,none,0,0,True,,
widened_enumeration,r1|2|2|2|4|4_u0,6,0,1|2|2|2|4|4,2|3|3|3|5|5,15,21,5,0,none,True,True,False,False,True,False,computed_total_slot_anomaly_obstruction,15|21|6|0,0|16|16|16|16|16,none,0,0,True,,
widened_enumeration,r1|2|2|2|4|4_u1,6,1,1|2|2|2|4|4,2|3|3|3|5|5,15,21,5,0,none,True,True,False,False,True,False,computed_total_slot_anomaly_obstruction,15|21|6|1,0|16|16|16|16|16,none,0,0,True,,
widened_enumeration,r1|2|2|2|4|4_u2,6,2,1|2|2|2|4|4,2|3|3|3|5|5,15,21,5,0,none,True,True,False,False,True,False,computed_total_slot_anomaly_obstruction,15|21|6|2,0|16|16|16|16|16,none,0,0,True,,
widened_enumeration,r1|2|2|2|4|4_u3,6,3,1|2|2|2|4|4,2|3|3|3|5|5,15,21,5,0,none,True,True,False,False,True,False,computed_total_slot_anomaly_obstruction,15|21|6|3,0|16|16|16|16|16,none,0,0,True,,
widened_enumeration,r1|2|2|2|4|5_u0,6,0,1|2|2|2|4|5,2|3|3|3|5|6,16,22,5,0,none,True,True,False,False,False,False,computed_total_slot_anomaly_obstruction,16|22|6|0,0|17|17|17|17|17,none,0,0,True,,
widened_enumeration,r1|2|2|2|4|5_u1,6,1,1|2|2|2|4|5,2|3|3|3|5|6,16,22,5,0,none,True,True,False,False,False,False,computed_total_slot_anomaly_obstruction,16|22|6|1,0|17|17|17|17|17,none,0,0,True,,
widened_enumeration,r1|2|2|2|4|5_u2,6,2,1|2|2|2|4|5,2|3|3|3|5|6,16,22,5,0,none,True,True,False,False,False,False,computed_total_slot_anomaly_obstruction,16|22|6|2,0|17|17|17|17|17,none,0,0,True,,
widened_enumeration,r1|2|2|2|4|5_u3,6,3,1|2|2|2|4|5,2|3|3|3|5|6,16,22,5,0,none,True,True,False,False,False,False,computed_total_slot_anomaly_obstruction,16|22|6|3,0|17|17|17|17|17,none,0,0,True,,
widened_enumeration,r1|2|2|2|4|6_u0,6,0,1|2|2|2|4|6,2|3|3|3|5|7,17,23,5,0,none,True,True,False,False,True,False,computed_total_slot_anomaly_obstruction,17|23|6|0,0|18|18|18|18|18,none,0,0,True,,
widened_enumeration,r1|2|2|2|4|6_u1,6,1,1|2|2|2|4|6,2|3|3|3|5|7,17,23,5,0,none,True,True,False,False,True,False,computed_total_slot_anomaly_obstruction,17|23|6|1,0|18|18|18|18|18,none,0,0,True,,
widened_enumeration,r1|2|2|2|4|6_u2,6,2,1|2|2|2|4|6,2|3|3|3|5|7,17,23,5,0,none,True,True,False,False,True,False,computed_total_slot_anomaly_obstruction,17|23|6|2,0|18|18|18|18|18,none,0,0,True,,
widened_enumeration,r1|2|2|2|4|6_u3,6,3,1|2|2|2|4|6,2|3|3|3|5|7,17,23,5,0,none,True,True,False,False,True,False,computed_total_slot_anomaly_obstruction,17|23|6|3,0|18|18|18|18|18,none,0,0,True,,
widened_enumeration,r1|2|2|2|5|5_u0,6,0,1|2|2|2|5|5,2|3|3|3|6|6,17,23,5,0,none,True,True,False,False,True,False,computed_total_slot_anomaly_obstruction,17|23|6|0,0|18|18|18|18|18,none,0,0,True,,
widened_enumeration,r1|2|2|2|5|5_u1,6,1,1|2|2|2|5|5,2|3|3|3|6|6,17,23,5,0,none,True,True,False,False,True,False,computed_total_slot_anomaly_obstruction,17|23|6|1,0|18|18|18|18|18,none,0,0,True,,
widened_enumeration,r1|2|2|2|5|5_u2,6,2,1|2|2|2|5|5,2|3|3|3|6|6,17,23,5,0,none,True,True,False,False,True,False,computed_total_slot_anomaly_obstruction,17|23|6|2,0|18|18|18|18|18,none,0,0,True,,
widened_enumeration,r1|2|2|2|5|5_u3,6,3,1|2|2|2|5|5,2|3|3|3|6|6,17,23,5,0,none,True,True,False,False,True,False,computed_total_slot_anomaly_obstruction,17|23|6|3,0|18|18|18|18|18,none,0,0,True,,
widened_enumeration,r1|2|2|2|5|6_u0,6,0,1|2|2|2|5|6,2|3|3|3|6|7,18,24,5,0,none,True,True,False,False,False,False,computed_total_slot_anomaly_obstruction,18|24|6|0,0|19|19|19|19|19,none,0,0,True,,
widened_enumeration,r1|2|2|2|5|6_u1,6,1,1|2|2|2|5|6,2|3|3|3|6|7,18,24,5,0,none,True,True,False,False,False,False,computed_total_slot_anomaly_obstruction,18|24|6|1,0|19|19|19|19|19,none,0,0,True,,
widened_enumeration,r1|2|2|2|5|6_u2,6,2,1|2|2|2|5|6,2|3|3|3|6|7,18,24,5,0,none,True,True,False,False,False,False,computed_total_slot_anomaly_obstruction,18|24|6|2,0|19|19|19|19|19,none,0,0,True,,
widened_enumeration,r1|2|2|2|5|6_u3,6,3,1|2|2|2|5|6,2|3|3|3|6|7,18,24,5,0,none,True,True,False,False,False,False,computed_total_slot_anomaly_obstruction,18|24|6|3,0|19|19|19|19|19,none,0,0,True,,
widened_enumeration,r1|2|2|2|6|6_u0,6,0,1|2|2|2|6|6,2|3|3|3|7|7,19,25,5,0,none,True,True,False,False,True,False,computed_total_slot_anomaly_obstruction,19|25|6|0,0|20|20|20|20|20,none,0,0,True,,
widened_enumeration,r1|2|2|2|6|6_u1,6,1,1|2|2|2|6|6,2|3|3|3|7|7,19,25,5,0,none,True,True,False,False,True,False,computed_total_slot_anomaly_obstruction,19|25|6|1,0|20|20|20|20|20,none,0,0,True,,
widened_enumeration,r1|2|2|2|6|6_u2,6,2,1|2|2|2|6|6,2|3|3|3|7|7,19,25,5,0,none,True,True,False,False,True,False,computed_total_slot_anomaly_obstruction,19|25|6|2,0|20|20|20|20|20,none,0,0,True,,
widened_enumeration,r1|2|2|2|6|6_u3,6,3,1|2|2|2|6|6,2|3|3|3|7|7,19,25,5,0,none,True,True,False,False,True,False,computed_total_slot_anomaly_obstruction,19|25|6|3,0|20|20|20|20|20,none,0,0,True,,
widened_enumeration,r1|2|2|3|3|3_u0,6,0,1|2|2|3|3|3,2|3|3|4|4|4,14,20,5,0,none,True,True,False,False,False,False,computed_total_slot_anomaly_obstruction,14|20|6|0,0|15|15|15|15|15,none,0,0,True,,
widened_enumeration,r1|2|2|3|3|3_u1,6,1,1|2|2|3|3|3,2|3|3|4|4|4,14,20,5,0,none,True,True,False,False,False,False,computed_total_slot_anomaly_obstruction,14|20|6|1,0|15|15|15|15|15,none,0,0,True,,
widened_enumeration,r1|2|2|3|3|3_u2,6,2,1|2|2|3|3|3,2|3|3|4|4|4,14,20,5,0,none,True,True,False,False,False,False,computed_total_slot_anomaly_obstruction,14|20|6|2,0|15|15|15|15|15,none,0,0,True,,
widened_enumeration,r1|2|2|3|3|3_u3,6,3,1|2|2|3|3|3,2|3|3|4|4|4,14,20,5,0,none,True,True,False,False,False,False,computed_total_slot_anomaly_obstruction,14|20|6|3,0|15|15|15|15|15,none,0,0,True,,
widened_enumeration,r1|2|2|3|3|4_u0,6,0,1|2|2|3|3|4,2|3|3|4|4|5,15,21,5,0,none,True,True,False,False,True,False,computed_total_slot_anomaly_obstruction,15|21|6|0,0|16|16|16|16|16,none,0,0,True,,
widened_enumeration,r1|2|2|3|3|4_u1,6,1,1|2|2|3|3|4,2|3|3|4|4|5,15,21,5,0,none,True,True,False,False,True,False,computed_total_slot_anomaly_obstruction,15|21|6|1,0|16|16|16|16|16,none,0,0,True,,
widened_enumeration,r1|2|2|3|3|4_u2,6,2,1|2|2|3|3|4,2|3|3|4|4|5,15,21,5,0,none,True,True,False,False,True,False,computed_total_slot_anomaly_obstruction,15|21|6|2,0|16|16|16|16|16,none,0,0,True,,
widened_enumeration,r1|2|2|3|3|4_u3,6,3,1|2|2|3|3|4,2|3|3|4|4|5,15,21,5,0,none,True,True,False,False,True,False,computed_total_slot_anomaly_obstruction,15|21|6|3,0|16|16|16|16|16,none,0,0,True,,
widened_enumeration,r1|2|2|3|3|5_u0,6,0,1|2|2|3|3|5,2|3|3|4|4|6,16,22,5,0,none,True,True,False,False,False,False,computed_total_slot_anomaly_obstruction,16|22|6|0,0|17|17|17|17|17,none,0,0,True,,
widened_enumeration,r1|2|2|3|3|5_u1,6,1,1|2|2|3|3|5,2|3|3|4|4|6,16,22,5,0,none,True,True,False,False,False,False,computed_total_slot_anomaly_obstruction,16|22|6|1,0|17|17|17|17|17,none,0,0,True,,
widened_enumeration,r1|2|2|3|3|5_u2,6,2,1|2|2|3|3|5,2|3|3|4|4|6,16,22,5,0,none,True,True,False,False,False,False,computed_total_slot_anomaly_obstruction,16|22|6|2,0|17|17|17|17|17,none,0,0,True,,
widened_enumeration,r1|2|2|3|3|5_u3,6,3,1|2|2|3|3|5,2|3|3|4|4|6,16,22,5,0,none,True,True,False,False,False,False,computed_total_slot_anomaly_obstruction,16|22|6|3,0|17|17|17|17|17,none,0,0,True,,
widened_enumeration,r1|2|2|3|3|6_u0,6,0,1|2|2|3|3|6,2|3|3|4|4|7,17,23,5,0,none,True,True,False,False,True,False,computed_total_slot_anomaly_obstruction,17|23|6|0,0|18|18|18|18|18,none,0,0,True,,
widened_enumeration,r1|2|2|3|3|6_u1,6,1,1|2|2|3|3|6,2|3|3|4|4|7,17,23,5,0,none,True,True,False,False,True,False,computed_total_slot_anomaly_obstruction,17|23|6|1,0|18|18|18|18|18,none,0,0,True,,
widened_enumeration,r1|2|2|3|3|6_u2,6,2,1|2|2|3|3|6,2|3|3|4|4|7,17,23,5,0,none,True,True,False,False,True,False,computed_total_slot_anomaly_obstruction,17|23|6|2,0|18|18|18|18|18,none,0,0,True,,
widened_enumeration,r1|2|2|3|3|6_u3,6,3,1|2|2|3|3|6,2|3|3|4|4|7,17,23,5,0,none,True,True,False,False,True,False,computed_total_slot_anomaly_obstruction,17|23|6|3,0|18|18|18|18|18,none,0,0,True,,
widened_enumeration,r1|2|2|3|4|4_u0,6,0,1|2|2|3|4|4,2|3|3|4|5|5,16,22,5,0,none,True,True,False,False,False,False,computed_total_slot_anomaly_obstruction,16|22|6|0,0|17|17|17|17|17,none,0,0,True,,
widened_enumeration,r1|2|2|3|4|4_u1,6,1,1|2|2|3|4|4,2|3|3|4|5|5,16,22,5,0,none,True,True,False,False,False,False,computed_total_slot_anomaly_obstruction,16|22|6|1,0|17|17|17|17|17,none,0,0,True,,
widened_enumeration,r1|2|2|3|4|4_u2,6,2,1|2|2|3|4|4,2|3|3|4|5|5,16,22,5,0,none,True,True,False,False,False,False,computed_total_slot_anomaly_obstruction,16|22|6|2,0|17|17|17|17|17,none,0,0,True,,
widened_enumeration,r1|2|2|3|4|4_u3,6,3,1|2|2|3|4|4,2|3|3|4|5|5,16,22,5,0,none,True,True,False,False,False,False,computed_total_slot_anomaly_obstruction,16|22|6|3,0|17|17|17|17|17,none,0,0,True,,
widened_enumeration,r1|2|2|3|4|5_u0,6,0,1|2|2|3|4|5,2|3|3|4|5|6,17,23,5,0,none,True,True,False,False,True,False,computed_total_slot_anomaly_obstruction,17|23|6|0,0|18|18|18|18|18,none,0,0,True,,
widened_enumeration,r1|2|2|3|4|5_u1,6,1,1|2|2|3|4|5,2|3|3|4|5|6,17,23,5,0,none,True,True,False,False,True,False,computed_total_slot_anomaly_obstruction,17|23|6|1,0|18|18|18|18|18,none,0,0,True,,
widened_enumeration,r1|2|2|3|4|5_u2,6,2,1|2|2|3|4|5,2|3|3|4|5|6,17,23,5,0,none,True,True,False,False,True,False,computed_total_slot_anomaly_obstruction,17|23|6|2,0|18|18|18|18|18,none,0,0,True,,
widened_enumeration,r1|2|2|3|4|5_u3,6,3,1|2|2|3|4|5,2|3|3|4|5|6,17,23,5,0,none,True,True,False,False,True,False,computed_total_slot_anomaly_obstruction,17|23|6|3,0|18|18|18|18|18,none,0,0,True,,
widened_enumeration,r1|2|2|3|4|6_u0,6,0,1|2|2|3|4|6,2|3|3|4|5|7,18,24,5,0,none,True,True,False,False,False,False,computed_total_slot_anomaly_obstruction,18|24|6|0,0|19|19|19|19|19,none,0,0,True,,
widened_enumeration,r1|2|2|3|4|6_u1,6,1,1|2|2|3|4|6,2|3|3|4|5|7,18,24,5,0,none,True,True,False,False,False,False,computed_total_slot_anomaly_obstruction,18|24|6|1,0|19|19|19|19|19,none,0,0,True,,
widened_enumeration,r1|2|2|3|4|6_u2,6,2,1|2|2|3|4|6,2|3|3|4|5|7,18,24,5,0,none,True,True,False,False,False,False,computed_total_slot_anomaly_obstruction,18|24|6|2,0|19|19|19|19|19,none,0,0,True,,
widened_enumeration,r1|2|2|3|4|6_u3,6,3,1|2|2|3|4|6,2|3|3|4|5|7,18,24,5,0,none,True,True,False,False,False,False,computed_total_slot_anomaly_obstruction,18|24|6|3,0|19|19|19|19|19,none,0,0,True,,
widened_enumeration,r1|2|2|3|5|5_u0,6,0,1|2|2|3|5|5,2|3|3|4|6|6,18,24,5,0,none,True,True,False,False,False,False,computed_total_slot_anomaly_obstruction,18|24|6|0,0|19|19|19|19|19,none,0,0,True,,
widened_enumeration,r1|2|2|3|5|5_u1,6,1,1|2|2|3|5|5,2|3|3|4|6|6,18,24,5,0,none,True,True,False,False,False,False,computed_total_slot_anomaly_obstruction,18|24|6|1,0|19|19|19|19|19,none,0,0,True,,
widened_enumeration,r1|2|2|3|5|5_u2,6,2,1|2|2|3|5|5,2|3|3|4|6|6,18,24,5,0,none,True,True,False,False,False,False,computed_total_slot_anomaly_obstruction,18|24|6|2,0|19|19|19|19|19,none,0,0,True,,
widened_enumeration,r1|2|2|3|5|5_u3,6,3,1|2|2|3|5|5,2|3|3|4|6|6,18,24,5,0,none,True,True,False,False,False,False,computed_total_slot_anomaly_obstruction,18|24|6|3,0|19|19|19|19|19,none,0,0,True,,
widened_enumeration,r1|2|2|3|5|6_u0,6,0,1|2|2|3|5|6,2|3|3|4|6|7,19,25,5,0,none,True,True,False,False,True,False,computed_total_slot_anomaly_obstruction,19|25|6|0,0|20|20|20|20|20,none,0,0,True,,
widened_enumeration,r1|2|2|3|5|6_u1,6,1,1|2|2|3|5|6,2|3|3|4|6|7,19,25,5,0,none,True,True,False,False,True,False,computed_total_slot_anomaly_obstruction,19|25|6|1,0|20|20|20|20|20,none,0,0,True,,
widened_enumeration,r1|2|2|3|5|6_u2,6,2,1|2|2|3|5|6,2|3|3|4|6|7,19,25,5,0,none,True,True,False,False,True,False,computed_total_slot_anomaly_obstruction,19|25|6|2,0|20|20|20|20|20,none,0,0,True,,
widened_enumeration,r1|2|2|3|5|6_u3,6,3,1|2|2|3|5|6,2|3|3|4|6|7,19,25,5,0,none,True,True,False,False,True,False,computed_total_slot_anomaly_obstruction,19|25|6|3,0|20|20|20|20|20,none,0,0,True,,
widened_enumeration,r1|2|2|3|6|6_u0,6,0,1|2|2|3|6|6,2|3|3|4|7|7,20,26,5,0,none,True,True,False,False,False,False,computed_total_slot_anomaly_obstruction,20|26|6|0,0|21|21|21|21|21,none,0,0,True,,
widened_enumeration,r1|2|2|3|6|6_u1,6,1,1|2|2|3|6|6,2|3|3|4|7|7,20,26,5,0,none,True,True,False,False,False,False,computed_total_slot_anomaly_obstruction,20|26|6|1,0|21|21|21|21|21,none,0,0,True,,
widened_enumeration,r1|2|2|3|6|6_u2,6,2,1|2|2|3|6|6,2|3|3|4|7|7,20,26,5,0,none,True,True,False,False,False,False,computed_total_slot_anomaly_obstruction,20|26|6|2,0|21|21|21|21|21,none,0,0,True,,
widened_enumeration,r1|2|2|3|6|6_u3,6,3,1|2|2|3|6|6,2|3|3|4|7|7,20,26,5,0,none,True,True,False,False,False,False,computed_total_slot_anomaly_obstruction,20|26|6|3,0|21|21|21|21|21,none,0,0,True,,
widened_enumeration,r1|2|2|4|4|4_u0,6,0,1|2|2|4|4|4,2|3|3|5|5|5,17,23,5,0,none,True,True,False,False,True,False,computed_total_slot_anomaly_obstruction,17|23|6|0,0|18|18|18|18|18,none,0,0,True,,
widened_enumeration,r1|2|2|4|4|4_u1,6,1,1|2|2|4|4|4,2|3|3|5|5|5,17,23,5,0,none,True,True,False,False,True,False,computed_total_slot_anomaly_obstruction,17|23|6|1,0|18|18|18|18|18,none,0,0,True,,
widened_enumeration,r1|2|2|4|4|4_u2,6,2,1|2|2|4|4|4,2|3|3|5|5|5,17,23,5,0,none,True,True,False,False,True,False,computed_total_slot_anomaly_obstruction,17|23|6|2,0|18|18|18|18|18,none,0,0,True,,
widened_enumeration,r1|2|2|4|4|4_u3,6,3,1|2|2|4|4|4,2|3|3|5|5|5,17,23,5,0,none,True,True,False,False,True,False,computed_total_slot_anomaly_obstruction,17|23|6|3,0|18|18|18|18|18,none,0,0,True,,
widened_enumeration,r1|2|2|4|4|5_u0,6,0,1|2|2|4|4|5,2|3|3|5|5|6,18,24,5,0,none,True,True,False,False,False,False,computed_total_slot_anomaly_obstruction,18|24|6|0,0|19|19|19|19|19,none,0,0,True,,
widened_enumeration,r1|2|2|4|4|5_u1,6,1,1|2|2|4|4|5,2|3|3|5|5|6,18,24,5,0,none,True,True,False,False,False,False,computed_total_slot_anomaly_obstruction,18|24|6|1,0|19|19|19|19|19,none,0,0,True,,
widened_enumeration,r1|2|2|4|4|5_u2,6,2,1|2|2|4|4|5,2|3|3|5|5|6,18,24,5,0,none,True,True,False,False,False,False,computed_total_slot_anomaly_obstruction,18|24|6|2,0|19|19|19|19|19,none,0,0,True,,
widened_enumeration,r1|2|2|4|4|5_u3,6,3,1|2|2|4|4|5,2|3|3|5|5|6,18,24,5,0,none,True,True,False,False,False,False,computed_total_slot_anomaly_obstruction,18|24|6|3,0|19|19|19|19|19,none,0,0,True,,
widened_enumeration,r1|2|2|4|4|6_u0,6,0,1|2|2|4|4|6,2|3|3|5|5|7,19,25,5,0,none,True,True,False,False,True,False,computed_total_slot_anomaly_obstruction,19|25|6|0,0|20|20|20|20|20,none,0,0,True,,
widened_enumeration,r1|2|2|4|4|6_u1,6,1,1|2|2|4|4|6,2|3|3|5|5|7,19,25,5,0,none,True,True,False,False,True,False,computed_total_slot_anomaly_obstruction,19|25|6|1,0|20|20|20|20|20,none,0,0,True,,
widened_enumeration,r1|2|2|4|4|6_u2,6,2,1|2|2|4|4|6,2|3|3|5|5|7,19,25,5,0,none,True,True,False,False,True,False,computed_total_slot_anomaly_obstruction,19|25|6|2,0|20|20|20|20|20,none,0,0,True,,
widened_enumeration,r1|2|2|4|4|6_u3,6,3,1|2|2|4|4|6,2|3|3|5|5|7,19,25,5,0,none,True,True,False,False,True,False,computed_total_slot_anomaly_obstruction,19|25|6|3,0|20|20|20|20|20,none,0,0,True,,
widened_enumeration,r1|2|2|4|5|5_u0,6,0,1|2|2|4|5|5,2|3|3|5|6|6,19,25,5,0,none,True,True,False,False,True,False,computed_total_slot_anomaly_obstruction,19|25|6|0,0|20|20|20|20|20,none,0,0,True,,
widened_enumeration,r1|2|2|4|5|5_u1,6,1,1|2|2|4|5|5,2|3|3|5|6|6,19,25,5,0,none,True,True,False,False,True,False,computed_total_slot_anomaly_obstruction,19|25|6|1,0|20|20|20|20|20,none,0,0,True,,
widened_enumeration,r1|2|2|4|5|5_u2,6,2,1|2|2|4|5|5,2|3|3|5|6|6,19,25,5,0,none,True,True,False,False,True,False,computed_total_slot_anomaly_obstruction,19|25|6|2,0|20|20|20|20|20,none,0,0,True,,
widened_enumeration,r1|2|2|4|5|5_u3,6,3,1|2|2|4|5|5,2|3|3|5|6|6,19,25,5,0,none,True,True,False,False,True,False,computed_total_slot_anomaly_obstruction,19|25|6|3,0|20|20|20|20|20,none,0,0,True,,
widened_enumeration,r1|2|2|4|5|6_u0,6,0,1|2|2|4|5|6,2|3|3|5|6|7,20,26,5,0,none,True,True,False,False,False,False,computed_total_slot_anomaly_obstruction,20|26|6|0,0|21|21|21|21|21,none,0,0,True,,
widened_enumeration,r1|2|2|4|5|6_u1,6,1,1|2|2|4|5|6,2|3|3|5|6|7,20,26,5,0,none,True,True,False,False,False,False,computed_total_slot_anomaly_obstruction,20|26|6|1,0|21|21|21|21|21,none,0,0,True,,
widened_enumeration,r1|2|2|4|5|6_u2,6,2,1|2|2|4|5|6,2|3|3|5|6|7,20,26,5,0,none,True,True,False,False,False,False,computed_total_slot_anomaly_obstruction,20|26|6|2,0|21|21|21|21|21,none,0,0,True,,
widened_enumeration,r1|2|2|4|5|6_u3,6,3,1|2|2|4|5|6,2|3|3|5|6|7,20,26,5,0,none,True,True,False,False,False,False,computed_total_slot_anomaly_obstruction,20|26|6|3,0|21|21|21|21|21,none,0,0,True,,
widened_enumeration,r1|2|2|4|6|6_u0,6,0,1|2|2|4|6|6,2|3|3|5|7|7,21,27,5,0,none,True,True,False,False,True,False,computed_total_slot_anomaly_obstruction,21|27|6|0,0|22|22|22|22|22,none,0,0,True,,
widened_enumeration,r1|2|2|4|6|6_u1,6,1,1|2|2|4|6|6,2|3|3|5|7|7,21,27,5,0,none,True,True,False,False,True,False,computed_total_slot_anomaly_obstruction,21|27|6|1,0|22|22|22|22|22,none,0,0,True,,
widened_enumeration,r1|2|2|4|6|6_u2,6,2,1|2|2|4|6|6,2|3|3|5|7|7,21,27,5,0,none,True,True,False,False,True,False,computed_total_slot_anomaly_obstruction,21|27|6|2,0|22|22|22|22|22,none,0,0,True,,
widened_enumeration,r1|2|2|4|6|6_u3,6,3,1|2|2|4|6|6,2|3|3|5|7|7,21,27,5,0,none,True,True,False,False,True,False,computed_total_slot_anomaly_obstruction,21|27|6|3,0|22|22|22|22|22,none,0,0,True,,
widened_enumeration,r1|2|2|5|5|5_u0,6,0,1|2|2|5|5|5,2|3|3|6|6|6,20,26,5,0,none,True,True,False,False,False,False,computed_total_slot_anomaly_obstruction,20|26|6|0,0|21|21|21|21|21,none,0,0,True,,
widened_enumeration,r1|2|2|5|5|5_u1,6,1,1|2|2|5|5|5,2|3|3|6|6|6,20,26,5,0,none,True,True,False,False,False,False,computed_total_slot_anomaly_obstruction,20|26|6|1,0|21|21|21|21|21,none,0,0,True,,
widened_enumeration,r1|2|2|5|5|5_u2,6,2,1|2|2|5|5|5,2|3|3|6|6|6,20,26,5,0,none,True,True,False,False,False,False,computed_total_slot_anomaly_obstruction,20|26|6|2,0|21|21|21|21|21,none,0,0,True,,
widened_enumeration,r1|2|2|5|5|5_u3,6,3,1|2|2|5|5|5,2|3|3|6|6|6,20,26,5,0,none,True,True,False,False,False,False,computed_total_slot_anomaly_obstruction,20|26|6|3,0|21|21|21|21|21,none,0,0,True,,
widened_enumeration,r1|2|2|5|5|6_u0,6,0,1|2|2|5|5|6,2|3|3|6|6|7,21,27,5,0,none,True,True,False,False,True,False,computed_total_slot_anomaly_obstruction,21|27|6|0,0|22|22|22|22|22,none,0,0,True,,
widened_enumeration,r1|2|2|5|5|6_u1,6,1,1|2|2|5|5|6,2|3|3|6|6|7,21,27,5,0,none,True,True,False,False,True,False,computed_total_slot_anomaly_obstruction,21|27|6|1,0|22|22|22|22|22,none,0,0,True,,
widened_enumeration,r1|2|2|5|5|6_u2,6,2,1|2|2|5|5|6,2|3|3|6|6|7,21,27,5,0,none,True,True,False,False,True,False,computed_total_slot_anomaly_obstruction,21|27|6|2,0|22|22|22|22|22,none,0,0,True,,
widened_enumeration,r1|2|2|5|5|6_u3,6,3,1|2|2|5|5|6,2|3|3|6|6|7,21,27,5,0,none,True,True,False,False,True,False,computed_total_slot_anomaly_obstruction,21|27|6|3,0|22|22|22|22|22,none,0,0,True,,
widened_enumeration,r1|2|2|5|6|6_u0,6,0,1|2|2|5|6|6,2|3|3|6|7|7,22,28,5,0,none,True,True,False,False,False,False,computed_total_slot_anomaly_obstruction,22|28|6|0,0|23|23|23|23|23,none,0,0,True,,
widened_enumeration,r1|2|2|5|6|6_u1,6,1,1|2|2|5|6|6,2|3|3|6|7|7,22,28,5,0,none,True,True,False,False,False,False,computed_total_slot_anomaly_obstruction,22|28|6|1,0|23|23|23|23|23,none,0,0,True,,
widened_enumeration,r1|2|2|5|6|6_u2,6,2,1|2|2|5|6|6,2|3|3|6|7|7,22,28,5,0,none,True,True,False,False,False,False,computed_total_slot_anomaly_obstruction,22|28|6|2,0|23|23|23|23|23,none,0,0,True,,
widened_enumeration,r1|2|2|5|6|6_u3,6,3,1|2|2|5|6|6,2|3|3|6|7|7,22,28,5,0,none,True,True,False,False,False,False,computed_total_slot_anomaly_obstruction,22|28|6|3,0|23|23|23|23|23,none,0,0,True,,
widened_enumeration,r1|2|2|6|6|6_u0,6,0,1|2|2|6|6|6,2|3|3|7|7|7,23,29,5,0,none,True,True,False,False,True,False,computed_total_slot_anomaly_obstruction,23|29|6|0,0|24|24|24|24|24,none,0,0,True,,
widened_enumeration,r1|2|2|6|6|6_u1,6,1,1|2|2|6|6|6,2|3|3|7|7|7,23,29,5,0,none,True,True,False,False,True,False,computed_total_slot_anomaly_obstruction,23|29|6|1,0|24|24|24|24|24,none,0,0,True,,
widened_enumeration,r1|2|2|6|6|6_u2,6,2,1|2|2|6|6|6,2|3|3|7|7|7,23,29,5,0,none,True,True,False,False,True,False,computed_total_slot_anomaly_obstruction,23|29|6|2,0|24|24|24|24|24,none,0,0,True,,
widened_enumeration,r1|2|2|6|6|6_u3,6,3,1|2|2|6|6|6,2|3|3|7|7|7,23,29,5,0,none,True,True,False,False,True,False,computed_total_slot_anomaly_obstruction,23|29|6|3,0|24|24|24|24|24,none,0,0,True,,
widened_enumeration,r1|2|3|3|3|3_u0,6,0,1|2|3|3|3|3,2|3|4|4|4|4,15,21,5,0,none,True,True,False,False,True,False,computed_total_slot_anomaly_obstruction,15|21|6|0,0|16|16|16|16|16,none,0,0,True,,
widened_enumeration,r1|2|3|3|3|3_u1,6,1,1|2|3|3|3|3,2|3|4|4|4|4,15,21,5,0,none,True,True,False,False,True,False,computed_total_slot_anomaly_obstruction,15|21|6|1,0|16|16|16|16|16,none,0,0,True,,
widened_enumeration,r1|2|3|3|3|3_u2,6,2,1|2|3|3|3|3,2|3|4|4|4|4,15,21,5,0,none,True,True,False,False,True,False,computed_total_slot_anomaly_obstruction,15|21|6|2,0|16|16|16|16|16,none,0,0,True,,
widened_enumeration,r1|2|3|3|3|3_u3,6,3,1|2|3|3|3|3,2|3|4|4|4|4,15,21,5,0,none,True,True,False,False,True,False,computed_total_slot_anomaly_obstruction,15|21|6|3,0|16|16|16|16|16,none,0,0,True,,
widened_enumeration,r1|2|3|3|3|4_u0,6,0,1|2|3|3|3|4,2|3|4|4|4|5,16,22,5,0,none,True,True,False,False,False,False,computed_total_slot_anomaly_obstruction,16|22|6|0,0|17|17|17|17|17,none,0,0,True,,
widened_enumeration,r1|2|3|3|3|4_u1,6,1,1|2|3|3|3|4,2|3|4|4|4|5,16,22,5,0,none,True,True,False,False,False,False,computed_total_slot_anomaly_obstruction,16|22|6|1,0|17|17|17|17|17,none,0,0,True,,
widened_enumeration,r1|2|3|3|3|4_u2,6,2,1|2|3|3|3|4,2|3|4|4|4|5,16,22,5,0,none,True,True,False,False,False,False,computed_total_slot_anomaly_obstruction,16|22|6|2,0|17|17|17|17|17,none,0,0,True,,
widened_enumeration,r1|2|3|3|3|4_u3,6,3,1|2|3|3|3|4,2|3|4|4|4|5,16,22,5,0,none,True,True,False,False,False,False,computed_total_slot_anomaly_obstruction,16|22|6|3,0|17|17|17|17|17,none,0,0,True,,
widened_enumeration,r1|2|3|3|3|5_u0,6,0,1|2|3|3|3|5,2|3|4|4|4|6,17,23,5,0,none,True,True,False,False,True,False,computed_total_slot_anomaly_obstruction,17|23|6|0,0|18|18|18|18|18,none,0,0,True,,
widened_enumeration,r1|2|3|3|3|5_u1,6,1,1|2|3|3|3|5,2|3|4|4|4|6,17,23,5,0,none,True,True,False,False,True,False,computed_total_slot_anomaly_obstruction,17|23|6|1,0|18|18|18|18|18,none,0,0,True,,
widened_enumeration,r1|2|3|3|3|5_u2,6,2,1|2|3|3|3|5,2|3|4|4|4|6,17,23,5,0,none,True,True,False,False,True,False,computed_total_slot_anomaly_obstruction,17|23|6|2,0|18|18|18|18|18,none,0,0,True,,
widened_enumeration,r1|2|3|3|3|5_u3,6,3,1|2|3|3|3|5,2|3|4|4|4|6,17,23,5,0,none,True,True,False,False,True,False,computed_total_slot_anomaly_obstruction,17|23|6|3,0|18|18|18|18|18,none,0,0,True,,
widened_enumeration,r1|2|3|3|3|6_u0,6,0,1|2|3|3|3|6,2|3|4|4|4|7,18,24,5,0,none,True,True,False,False,False,False,computed_total_slot_anomaly_obstruction,18|24|6|0,0|19|19|19|19|19,none,0,0,True,,
widened_enumeration,r1|2|3|3|3|6_u1,6,1,1|2|3|3|3|6,2|3|4|4|4|7,18,24,5,0,none,True,True,False,False,False,False,computed_total_slot_anomaly_obstruction,18|24|6|1,0|19|19|19|19|19,none,0,0,True,,
widened_enumeration,r1|2|3|3|3|6_u2,6,2,1|2|3|3|3|6,2|3|4|4|4|7,18,24,5,0,none,True,True,False,False,False,False,computed_total_slot_anomaly_obstruction,18|24|6|2,0|19|19|19|19|19,none,0,0,True,,
widened_enumeration,r1|2|3|3|3|6_u3,6,3,1|2|3|3|3|6,2|3|4|4|4|7,18,24,5,0,none,True,True,False,False,False,False,computed_total_slot_anomaly_obstruction,18|24|6|3,0|19|19|19|19|19,none,0,0,True,,
widened_enumeration,r1|2|3|3|4|4_u0,6,0,1|2|3|3|4|4,2|3|4|4|5|5,17,23,5,0,none,True,True,False,False,True,False,computed_total_slot_anomaly_obstruction,17|23|6|0,0|18|18|18|18|18,none,0,0,True,,
widened_enumeration,r1|2|3|3|4|4_u1,6,1,1|2|3|3|4|4,2|3|4|4|5|5,17,23,5,0,none,True,True,False,False,True,False,computed_total_slot_anomaly_obstruction,17|23|6|1,0|18|18|18|18|18,none,0,0,True,,
widened_enumeration,r1|2|3|3|4|4_u2,6,2,1|2|3|3|4|4,2|3|4|4|5|5,17,23,5,0,none,True,True,False,False,True,False,computed_total_slot_anomaly_obstruction,17|23|6|2,0|18|18|18|18|18,none,0,0,True,,
widened_enumeration,r1|2|3|3|4|4_u3,6,3,1|2|3|3|4|4,2|3|4|4|5|5,17,23,5,0,none,True,True,False,False,True,False,computed_total_slot_anomaly_obstruction,17|23|6|3,0|18|18|18|18|18,none,0,0,True,,
widened_enumeration,r1|2|3|3|4|5_u0,6,0,1|2|3|3|4|5,2|3|4|4|5|6,18,24,5,0,none,True,True,False,False,False,False,computed_total_slot_anomaly_obstruction,18|24|6|0,0|19|19|19|19|19,none,0,0,True,,
widened_enumeration,r1|2|3|3|4|5_u1,6,1,1|2|3|3|4|5,2|3|4|4|5|6,18,24,5,0,none,True,True,False,False,False,False,computed_total_slot_anomaly_obstruction,18|24|6|1,0|19|19|19|19|19,none,0,0,True,,
widened_enumeration,r1|2|3|3|4|5_u2,6,2,1|2|3|3|4|5,2|3|4|4|5|6,18,24,5,0,none,True,True,False,False,False,False,computed_total_slot_anomaly_obstruction,18|24|6|2,0|19|19|19|19|19,none,0,0,True,,
widened_enumeration,r1|2|3|3|4|5_u3,6,3,1|2|3|3|4|5,2|3|4|4|5|6,18,24,5,0,none,True,True,False,False,False,False,computed_total_slot_anomaly_obstruction,18|24|6|3,0|19|19|19|19|19,none,0,0,True,,
widened_enumeration,r1|2|3|3|4|6_u0,6,0,1|2|3|3|4|6,2|3|4|4|5|7,19,25,5,0,none,True,True,False,False,True,False,computed_total_slot_anomaly_obstruction,19|25|6|0,0|20|20|20|20|20,none,0,0,True,,
widened_enumeration,r1|2|3|3|4|6_u1,6,1,1|2|3|3|4|6,2|3|4|4|5|7,19,25,5,0,none,True,True,False,False,True,False,computed_total_slot_anomaly_obstruction,19|25|6|1,0|20|20|20|20|20,none,0,0,True,,
widened_enumeration,r1|2|3|3|4|6_u2,6,2,1|2|3|3|4|6,2|3|4|4|5|7,19,25,5,0,none,True,True,False,False,True,False,computed_total_slot_anomaly_obstruction,19|25|6|2,0|20|20|20|20|20,none,0,0,True,,
widened_enumeration,r1|2|3|3|4|6_u3,6,3,1|2|3|3|4|6,2|3|4|4|5|7,19,25,5,0,none,True,True,False,False,True,False,computed_total_slot_anomaly_obstruction,19|25|6|3,0|20|20|20|20|20,none,0,0,True,,
widened_enumeration,r1|2|3|3|5|5_u0,6,0,1|2|3|3|5|5,2|3|4|4|6|6,19,25,5,0,none,True,True,False,False,True,False,computed_total_slot_anomaly_obstruction,19|25|6|0,0|20|20|20|20|20,none,0,0,True,,
widened_enumeration,r1|2|3|3|5|5_u1,6,1,1|2|3|3|5|5,2|3|4|4|6|6,19,25,5,0,none,True,True,False,False,True,False,computed_total_slot_anomaly_obstruction,19|25|6|1,0|20|20|20|20|20,none,0,0,True,,
widened_enumeration,r1|2|3|3|5|5_u2,6,2,1|2|3|3|5|5,2|3|4|4|6|6,19,25,5,0,none,True,True,False,False,True,False,computed_total_slot_anomaly_obstruction,19|25|6|2,0|20|20|20|20|20,none,0,0,True,,
widened_enumeration,r1|2|3|3|5|5_u3,6,3,1|2|3|3|5|5,2|3|4|4|6|6,19,25,5,0,none,True,True,False,False,True,False,computed_total_slot_anomaly_obstruction,19|25|6|3,0|20|20|20|20|20,none,0,0,True,,
widened_enumeration,r1|2|3|3|5|6_u0,6,0,1|2|3|3|5|6,2|3|4|4|6|7,20,26,5,0,none,True,True,False,False,False,False,computed_total_slot_anomaly_obstruction,20|26|6|0,0|21|21|21|21|21,none,0,0,True,,
widened_enumeration,r1|2|3|3|5|6_u1,6,1,1|2|3|3|5|6,2|3|4|4|6|7,20,26,5,0,none,True,True,False,False,False,False,computed_total_slot_anomaly_obstruction,20|26|6|1,0|21|21|21|21|21,none,0,0,True,,
widened_enumeration,r1|2|3|3|5|6_u2,6,2,1|2|3|3|5|6,2|3|4|4|6|7,20,26,5,0,none,True,True,False,False,False,False,computed_total_slot_anomaly_obstruction,20|26|6|2,0|21|21|21|21|21,none,0,0,True,,
widened_enumeration,r1|2|3|3|5|6_u3,6,3,1|2|3|3|5|6,2|3|4|4|6|7,20,26,5,0,none,True,True,False,False,False,False,computed_total_slot_anomaly_obstruction,20|26|6|3,0|21|21|21|21|21,none,0,0,True,,
widened_enumeration,r1|2|3|3|6|6_u0,6,0,1|2|3|3|6|6,2|3|4|4|7|7,21,27,5,0,none,True,True,False,False,True,False,computed_total_slot_anomaly_obstruction,21|27|6|0,0|22|22|22|22|22,none,0,0,True,,
widened_enumeration,r1|2|3|3|6|6_u1,6,1,1|2|3|3|6|6,2|3|4|4|7|7,21,27,5,0,none,True,True,False,False,True,False,computed_total_slot_anomaly_obstruction,21|27|6|1,0|22|22|22|22|22,none,0,0,True,,
widened_enumeration,r1|2|3|3|6|6_u2,6,2,1|2|3|3|6|6,2|3|4|4|7|7,21,27,5,0,none,True,True,False,False,True,False,computed_total_slot_anomaly_obstruction,21|27|6|2,0|22|22|22|22|22,none,0,0,True,,
widened_enumeration,r1|2|3|3|6|6_u3,6,3,1|2|3|3|6|6,2|3|4|4|7|7,21,27,5,0,none,True,True,False,False,True,False,computed_total_slot_anomaly_obstruction,21|27|6|3,0|22|22|22|22|22,none,0,0,True,,
widened_enumeration,r1|2|3|4|4|4_u0,6,0,1|2|3|4|4|4,2|3|4|5|5|5,18,24,5,0,none,True,True,False,False,False,False,computed_total_slot_anomaly_obstruction,18|24|6|0,0|19|19|19|19|19,none,0,0,True,,
widened_enumeration,r1|2|3|4|4|4_u1,6,1,1|2|3|4|4|4,2|3|4|5|5|5,18,24,5,0,none,True,True,False,False,False,False,computed_total_slot_anomaly_obstruction,18|24|6|1,0|19|19|19|19|19,none,0,0,True,,
widened_enumeration,r1|2|3|4|4|4_u2,6,2,1|2|3|4|4|4,2|3|4|5|5|5,18,24,5,0,none,True,True,False,False,False,False,computed_total_slot_anomaly_obstruction,18|24|6|2,0|19|19|19|19|19,none,0,0,True,,
widened_enumeration,r1|2|3|4|4|4_u3,6,3,1|2|3|4|4|4,2|3|4|5|5|5,18,24,5,0,none,True,True,False,False,False,False,computed_total_slot_anomaly_obstruction,18|24|6|3,0|19|19|19|19|19,none,0,0,True,,
widened_enumeration,r1|2|3|4|4|5_u0,6,0,1|2|3|4|4|5,2|3|4|5|5|6,19,25,5,0,none,True,True,False,False,True,False,computed_total_slot_anomaly_obstruction,19|25|6|0,0|20|20|20|20|20,none,0,0,True,,
widened_enumeration,r1|2|3|4|4|5_u1,6,1,1|2|3|4|4|5,2|3|4|5|5|6,19,25,5,0,none,True,True,False,False,True,False,computed_total_slot_anomaly_obstruction,19|25|6|1,0|20|20|20|20|20,none,0,0,True,,
widened_enumeration,r1|2|3|4|4|5_u2,6,2,1|2|3|4|4|5,2|3|4|5|5|6,19,25,5,0,none,True,True,False,False,True,False,computed_total_slot_anomaly_obstruction,19|25|6|2,0|20|20|20|20|20,none,0,0,True,,
widened_enumeration,r1|2|3|4|4|5_u3,6,3,1|2|3|4|4|5,2|3|4|5|5|6,19,25,5,0,none,True,True,False,False,True,False,computed_total_slot_anomaly_obstruction,19|25|6|3,0|20|20|20|20|20,none,0,0,True,,
widened_enumeration,r1|2|3|4|4|6_u0,6,0,1|2|3|4|4|6,2|3|4|5|5|7,20,26,5,0,none,True,True,False,False,False,False,computed_total_slot_anomaly_obstruction,20|26|6|0,0|21|21|21|21|21,none,0,0,True,,
widened_enumeration,r1|2|3|4|4|6_u1,6,1,1|2|3|4|4|6,2|3|4|5|5|7,20,26,5,0,none,True,True,False,False,False,False,computed_total_slot_anomaly_obstruction,20|26|6|1,0|21|21|21|21|21,none,0,0,True,,
widened_enumeration,r1|2|3|4|4|6_u2,6,2,1|2|3|4|4|6,2|3|4|5|5|7,20,26,5,0,none,True,True,False,False,False,False,computed_total_slot_anomaly_obstruction,20|26|6|2,0|21|21|21|21|21,none,0,0,True,,
widened_enumeration,r1|2|3|4|4|6_u3,6,3,1|2|3|4|4|6,2|3|4|5|5|7,20,26,5,0,none,True,True,False,False,False,False,computed_total_slot_anomaly_obstruction,20|26|6|3,0|21|21|21|21|21,none,0,0,True,,
widened_enumeration,r1|2|3|4|5|5_u0,6,0,1|2|3|4|5|5,2|3|4|5|6|6,20,26,5,0,none,True,True,False,False,False,False,computed_total_slot_anomaly_obstruction,20|26|6|0,0|21|21|21|21|21,none,0,0,True,,
widened_enumeration,r1|2|3|4|5|5_u1,6,1,1|2|3|4|5|5,2|3|4|5|6|6,20,26,5,0,none,True,True,False,False,False,False,computed_total_slot_anomaly_obstruction,20|26|6|1,0|21|21|21|21|21,none,0,0,True,,
widened_enumeration,r1|2|3|4|5|5_u2,6,2,1|2|3|4|5|5,2|3|4|5|6|6,20,26,5,0,none,True,True,False,False,False,False,computed_total_slot_anomaly_obstruction,20|26|6|2,0|21|21|21|21|21,none,0,0,True,,
widened_enumeration,r1|2|3|4|5|5_u3,6,3,1|2|3|4|5|5,2|3|4|5|6|6,20,26,5,0,none,True,True,False,False,False,False,computed_total_slot_anomaly_obstruction,20|26|6|3,0|21|21|21|21|21,none,0,0,True,,
widened_enumeration,r1|2|3|4|5|6_u0,6,0,1|2|3|4|5|6,2|3|4|5|6|7,21,27,5,0,none,True,True,False,False,True,False,computed_total_slot_anomaly_obstruction,21|27|6|0,0|22|22|22|22|22,none,0,0,True,,
widened_enumeration,r1|2|3|4|5|6_u1,6,1,1|2|3|4|5|6,2|3|4|5|6|7,21,27,5,0,none,True,True,False,False,True,False,computed_total_slot_anomaly_obstruction,21|27|6|1,0|22|22|22|22|22,none,0,0,True,,
widened_enumeration,r1|2|3|4|5|6_u2,6,2,1|2|3|4|5|6,2|3|4|5|6|7,21,27,5,0,none,True,True,False,False,True,False,computed_total_slot_anomaly_obstruction,21|27|6|2,0|22|22|22|22|22,none,0,0,True,,
widened_enumeration,r1|2|3|4|5|6_u3,6,3,1|2|3|4|5|6,2|3|4|5|6|7,21,27,5,0,none,True,True,False,False,True,False,computed_total_slot_anomaly_obstruction,21|27|6|3,0|22|22|22|22|22,none,0,0,True,,
widened_enumeration,r1|2|3|4|6|6_u0,6,0,1|2|3|4|6|6,2|3|4|5|7|7,22,28,5,0,none,True,True,False,False,False,False,computed_total_slot_anomaly_obstruction,22|28|6|0,0|23|23|23|23|23,none,0,0,True,,
widened_enumeration,r1|2|3|4|6|6_u1,6,1,1|2|3|4|6|6,2|3|4|5|7|7,22,28,5,0,none,True,True,False,False,False,False,computed_total_slot_anomaly_obstruction,22|28|6|1,0|23|23|23|23|23,none,0,0,True,,
widened_enumeration,r1|2|3|4|6|6_u2,6,2,1|2|3|4|6|6,2|3|4|5|7|7,22,28,5,0,none,True,True,False,False,False,False,computed_total_slot_anomaly_obstruction,22|28|6|2,0|23|23|23|23|23,none,0,0,True,,
widened_enumeration,r1|2|3|4|6|6_u3,6,3,1|2|3|4|6|6,2|3|4|5|7|7,22,28,5,0,none,True,True,False,False,False,False,computed_total_slot_anomaly_obstruction,22|28|6|3,0|23|23|23|23|23,none,0,0,True,,
widened_enumeration,r1|2|3|5|5|5_u0,6,0,1|2|3|5|5|5,2|3|4|6|6|6,21,27,5,0,none,True,True,False,False,True,False,computed_total_slot_anomaly_obstruction,21|27|6|0,0|22|22|22|22|22,none,0,0,True,,
widened_enumeration,r1|2|3|5|5|5_u1,6,1,1|2|3|5|5|5,2|3|4|6|6|6,21,27,5,0,none,True,True,False,False,True,False,computed_total_slot_anomaly_obstruction,21|27|6|1,0|22|22|22|22|22,none,0,0,True,,
widened_enumeration,r1|2|3|5|5|5_u2,6,2,1|2|3|5|5|5,2|3|4|6|6|6,21,27,5,0,none,True,True,False,False,True,False,computed_total_slot_anomaly_obstruction,21|27|6|2,0|22|22|22|22|22,none,0,0,True,,
widened_enumeration,r1|2|3|5|5|5_u3,6,3,1|2|3|5|5|5,2|3|4|6|6|6,21,27,5,0,none,True,True,False,False,True,False,computed_total_slot_anomaly_obstruction,21|27|6|3,0|22|22|22|22|22,none,0,0,True,,
widened_enumeration,r1|2|3|5|5|6_u0,6,0,1|2|3|5|5|6,2|3|4|6|6|7,22,28,5,0,none,True,True,False,False,False,False,computed_total_slot_anomaly_obstruction,22|28|6|0,0|23|23|23|23|23,none,0,0,True,,
widened_enumeration,r1|2|3|5|5|6_u1,6,1,1|2|3|5|5|6,2|3|4|6|6|7,22,28,5,0,none,True,True,False,False,False,False,computed_total_slot_anomaly_obstruction,22|28|6|1,0|23|23|23|23|23,none,0,0,True,,
widened_enumeration,r1|2|3|5|5|6_u2,6,2,1|2|3|5|5|6,2|3|4|6|6|7,22,28,5,0,none,True,True,False,False,False,False,computed_total_slot_anomaly_obstruction,22|28|6|2,0|23|23|23|23|23,none,0,0,True,,
widened_enumeration,r1|2|3|5|5|6_u3,6,3,1|2|3|5|5|6,2|3|4|6|6|7,22,28,5,0,none,True,True,False,False,False,False,computed_total_slot_anomaly_obstruction,22|28|6|3,0|23|23|23|23|23,none,0,0,True,,
widened_enumeration,r1|2|3|5|6|6_u0,6,0,1|2|3|5|6|6,2|3|4|6|7|7,23,29,5,0,none,True,True,False,False,True,False,computed_total_slot_anomaly_obstruction,23|29|6|0,0|24|24|24|24|24,none,0,0,True,,
widened_enumeration,r1|2|3|5|6|6_u1,6,1,1|2|3|5|6|6,2|3|4|6|7|7,23,29,5,0,none,True,True,False,False,True,False,computed_total_slot_anomaly_obstruction,23|29|6|1,0|24|24|24|24|24,none,0,0,True,,
widened_enumeration,r1|2|3|5|6|6_u2,6,2,1|2|3|5|6|6,2|3|4|6|7|7,23,29,5,0,none,True,True,False,False,True,False,computed_total_slot_anomaly_obstruction,23|29|6|2,0|24|24|24|24|24,none,0,0,True,,
widened_enumeration,r1|2|3|5|6|6_u3,6,3,1|2|3|5|6|6,2|3|4|6|7|7,23,29,5,0,none,True,True,False,False,True,False,computed_total_slot_anomaly_obstruction,23|29|6|3,0|24|24|24|24|24,none,0,0,True,,
widened_enumeration,r1|2|3|6|6|6_u0,6,0,1|2|3|6|6|6,2|3|4|7|7|7,24,30,5,0,none,True,True,False,False,False,False,computed_total_slot_anomaly_obstruction,24|30|6|0,0|25|25|25|25|25,none,0,0,True,,
widened_enumeration,r1|2|3|6|6|6_u1,6,1,1|2|3|6|6|6,2|3|4|7|7|7,24,30,5,0,none,True,True,False,False,False,False,computed_total_slot_anomaly_obstruction,24|30|6|1,0|25|25|25|25|25,none,0,0,True,,
widened_enumeration,r1|2|3|6|6|6_u2,6,2,1|2|3|6|6|6,2|3|4|7|7|7,24,30,5,0,none,True,True,False,False,False,False,computed_total_slot_anomaly_obstruction,24|30|6|2,0|25|25|25|25|25,none,0,0,True,,
widened_enumeration,r1|2|3|6|6|6_u3,6,3,1|2|3|6|6|6,2|3|4|7|7|7,24,30,5,0,none,True,True,False,False,False,False,computed_total_slot_anomaly_obstruction,24|30|6|3,0|25|25|25|25|25,none,0,0,True,,
widened_enumeration,r1|2|4|4|4|4_u0,6,0,1|2|4|4|4|4,2|3|5|5|5|5,19,25,5,0,none,True,True,False,False,True,False,computed_total_slot_anomaly_obstruction,19|25|6|0,0|20|20|20|20|20,none,0,0,True,,
widened_enumeration,r1|2|4|4|4|4_u1,6,1,1|2|4|4|4|4,2|3|5|5|5|5,19,25,5,0,none,True,True,False,False,True,False,computed_total_slot_anomaly_obstruction,19|25|6|1,0|20|20|20|20|20,none,0,0,True,,
widened_enumeration,r1|2|4|4|4|4_u2,6,2,1|2|4|4|4|4,2|3|5|5|5|5,19,25,5,0,none,True,True,False,False,True,False,computed_total_slot_anomaly_obstruction,19|25|6|2,0|20|20|20|20|20,none,0,0,True,,
widened_enumeration,r1|2|4|4|4|4_u3,6,3,1|2|4|4|4|4,2|3|5|5|5|5,19,25,5,0,none,True,True,False,False,True,False,computed_total_slot_anomaly_obstruction,19|25|6|3,0|20|20|20|20|20,none,0,0,True,,
widened_enumeration,r1|2|4|4|4|5_u0,6,0,1|2|4|4|4|5,2|3|5|5|5|6,20,26,5,0,none,True,True,False,False,False,False,computed_total_slot_anomaly_obstruction,20|26|6|0,0|21|21|21|21|21,none,0,0,True,,
widened_enumeration,r1|2|4|4|4|5_u1,6,1,1|2|4|4|4|5,2|3|5|5|5|6,20,26,5,0,none,True,True,False,False,False,False,computed_total_slot_anomaly_obstruction,20|26|6|1,0|21|21|21|21|21,none,0,0,True,,
widened_enumeration,r1|2|4|4|4|5_u2,6,2,1|2|4|4|4|5,2|3|5|5|5|6,20,26,5,0,none,True,True,False,False,False,False,computed_total_slot_anomaly_obstruction,20|26|6|2,0|21|21|21|21|21,none,0,0,True,,
widened_enumeration,r1|2|4|4|4|5_u3,6,3,1|2|4|4|4|5,2|3|5|5|5|6,20,26,5,0,none,True,True,False,False,False,False,computed_total_slot_anomaly_obstruction,20|26|6|3,0|21|21|21|21|21,none,0,0,True,,
widened_enumeration,r1|2|4|4|4|6_u0,6,0,1|2|4|4|4|6,2|3|5|5|5|7,21,27,5,0,none,True,True,False,False,True,False,computed_total_slot_anomaly_obstruction,21|27|6|0,0|22|22|22|22|22,none,0,0,True,,
widened_enumeration,r1|2|4|4|4|6_u1,6,1,1|2|4|4|4|6,2|3|5|5|5|7,21,27,5,0,none,True,True,False,False,True,False,computed_total_slot_anomaly_obstruction,21|27|6|1,0|22|22|22|22|22,none,0,0,True,,
widened_enumeration,r1|2|4|4|4|6_u2,6,2,1|2|4|4|4|6,2|3|5|5|5|7,21,27,5,0,none,True,True,False,False,True,False,computed_total_slot_anomaly_obstruction,21|27|6|2,0|22|22|22|22|22,none,0,0,True,,
widened_enumeration,r1|2|4|4|4|6_u3,6,3,1|2|4|4|4|6,2|3|5|5|5|7,21,27,5,0,none,True,True,False,False,True,False,computed_total_slot_anomaly_obstruction,21|27|6|3,0|22|22|22|22|22,none,0,0,True,,
widened_enumeration,r1|2|4|4|5|5_u0,6,0,1|2|4|4|5|5,2|3|5|5|6|6,21,27,5,0,none,True,True,False,False,True,False,computed_total_slot_anomaly_obstruction,21|27|6|0,0|22|22|22|22|22,none,0,0,True,,
widened_enumeration,r1|2|4|4|5|5_u1,6,1,1|2|4|4|5|5,2|3|5|5|6|6,21,27,5,0,none,True,True,False,False,True,False,computed_total_slot_anomaly_obstruction,21|27|6|1,0|22|22|22|22|22,none,0,0,True,,
widened_enumeration,r1|2|4|4|5|5_u2,6,2,1|2|4|4|5|5,2|3|5|5|6|6,21,27,5,0,none,True,True,False,False,True,False,computed_total_slot_anomaly_obstruction,21|27|6|2,0|22|22|22|22|22,none,0,0,True,,
widened_enumeration,r1|2|4|4|5|5_u3,6,3,1|2|4|4|5|5,2|3|5|5|6|6,21,27,5,0,none,True,True,False,False,True,False,computed_total_slot_anomaly_obstruction,21|27|6|3,0|22|22|22|22|22,none,0,0,True,,
widened_enumeration,r1|2|4|4|5|6_u0,6,0,1|2|4|4|5|6,2|3|5|5|6|7,22,28,5,0,none,True,True,False,False,False,False,computed_total_slot_anomaly_obstruction,22|28|6|0,0|23|23|23|23|23,none,0,0,True,,
widened_enumeration,r1|2|4|4|5|6_u1,6,1,1|2|4|4|5|6,2|3|5|5|6|7,22,28,5,0,none,True,True,False,False,False,False,computed_total_slot_anomaly_obstruction,22|28|6|1,0|23|23|23|23|23,none,0,0,True,,
widened_enumeration,r1|2|4|4|5|6_u2,6,2,1|2|4|4|5|6,2|3|5|5|6|7,22,28,5,0,none,True,True,False,False,False,False,computed_total_slot_anomaly_obstruction,22|28|6|2,0|23|23|23|23|23,none,0,0,True,,
widened_enumeration,r1|2|4|4|5|6_u3,6,3,1|2|4|4|5|6,2|3|5|5|6|7,22,28,5,0,none,True,True,False,False,False,False,computed_total_slot_anomaly_obstruction,22|28|6|3,0|23|23|23|23|23,none,0,0,True,,
widened_enumeration,r1|2|4|4|6|6_u0,6,0,1|2|4|4|6|6,2|3|5|5|7|7,23,29,5,0,none,True,True,False,False,True,False,computed_total_slot_anomaly_obstruction,23|29|6|0,0|24|24|24|24|24,none,0,0,True,,
widened_enumeration,r1|2|4|4|6|6_u1,6,1,1|2|4|4|6|6,2|3|5|5|7|7,23,29,5,0,none,True,True,False,False,True,False,computed_total_slot_anomaly_obstruction,23|29|6|1,0|24|24|24|24|24,none,0,0,True,,
widened_enumeration,r1|2|4|4|6|6_u2,6,2,1|2|4|4|6|6,2|3|5|5|7|7,23,29,5,0,none,True,True,False,False,True,False,computed_total_slot_anomaly_obstruction,23|29|6|2,0|24|24|24|24|24,none,0,0,True,,
widened_enumeration,r1|2|4|4|6|6_u3,6,3,1|2|4|4|6|6,2|3|5|5|7|7,23,29,5,0,none,True,True,False,False,True,False,computed_total_slot_anomaly_obstruction,23|29|6|3,0|24|24|24|24|24,none,0,0,True,,
widened_enumeration,r1|2|4|5|5|5_u0,6,0,1|2|4|5|5|5,2|3|5|6|6|6,22,28,5,0,none,True,True,False,False,False,False,computed_total_slot_anomaly_obstruction,22|28|6|0,0|23|23|23|23|23,none,0,0,True,,
widened_enumeration,r1|2|4|5|5|5_u1,6,1,1|2|4|5|5|5,2|3|5|6|6|6,22,28,5,0,none,True,True,False,False,False,False,computed_total_slot_anomaly_obstruction,22|28|6|1,0|23|23|23|23|23,none,0,0,True,,
widened_enumeration,r1|2|4|5|5|5_u2,6,2,1|2|4|5|5|5,2|3|5|6|6|6,22,28,5,0,none,True,True,False,False,False,False,computed_total_slot_anomaly_obstruction,22|28|6|2,0|23|23|23|23|23,none,0,0,True,,
widened_enumeration,r1|2|4|5|5|5_u3,6,3,1|2|4|5|5|5,2|3|5|6|6|6,22,28,5,0,none,True,True,False,False,False,False,computed_total_slot_anomaly_obstruction,22|28|6|3,0|23|23|23|23|23,none,0,0,True,,
widened_enumeration,r1|2|4|5|5|6_u0,6,0,1|2|4|5|5|6,2|3|5|6|6|7,23,29,5,0,none,True,True,False,False,True,False,computed_total_slot_anomaly_obstruction,23|29|6|0,0|24|24|24|24|24,none,0,0,True,,
widened_enumeration,r1|2|4|5|5|6_u1,6,1,1|2|4|5|5|6,2|3|5|6|6|7,23,29,5,0,none,True,True,False,False,True,False,computed_total_slot_anomaly_obstruction,23|29|6|1,0|24|24|24|24|24,none,0,0,True,,
widened_enumeration,r1|2|4|5|5|6_u2,6,2,1|2|4|5|5|6,2|3|5|6|6|7,23,29,5,0,none,True,True,False,False,True,False,computed_total_slot_anomaly_obstruction,23|29|6|2,0|24|24|24|24|24,none,0,0,True,,
widened_enumeration,r1|2|4|5|5|6_u3,6,3,1|2|4|5|5|6,2|3|5|6|6|7,23,29,5,0,none,True,True,False,False,True,False,computed_total_slot_anomaly_obstruction,23|29|6|3,0|24|24|24|24|24,none,0,0,True,,
widened_enumeration,r1|2|4|5|6|6_u0,6,0,1|2|4|5|6|6,2|3|5|6|7|7,24,30,5,0,none,True,True,False,False,False,False,computed_total_slot_anomaly_obstruction,24|30|6|0,0|25|25|25|25|25,none,0,0,True,,
widened_enumeration,r1|2|4|5|6|6_u1,6,1,1|2|4|5|6|6,2|3|5|6|7|7,24,30,5,0,none,True,True,False,False,False,False,computed_total_slot_anomaly_obstruction,24|30|6|1,0|25|25|25|25|25,none,0,0,True,,
widened_enumeration,r1|2|4|5|6|6_u2,6,2,1|2|4|5|6|6,2|3|5|6|7|7,24,30,5,0,none,True,True,False,False,False,False,computed_total_slot_anomaly_obstruction,24|30|6|2,0|25|25|25|25|25,none,0,0,True,,
widened_enumeration,r1|2|4|5|6|6_u3,6,3,1|2|4|5|6|6,2|3|5|6|7|7,24,30,5,0,none,True,True,False,False,False,False,computed_total_slot_anomaly_obstruction,24|30|6|3,0|25|25|25|25|25,none,0,0,True,,
widened_enumeration,r1|2|4|6|6|6_u0,6,0,1|2|4|6|6|6,2|3|5|7|7|7,25,31,5,0,none,True,True,False,False,True,False,computed_total_slot_anomaly_obstruction,25|31|6|0,0|26|26|26|26|26,none,0,0,True,,
widened_enumeration,r1|2|4|6|6|6_u1,6,1,1|2|4|6|6|6,2|3|5|7|7|7,25,31,5,0,none,True,True,False,False,True,False,computed_total_slot_anomaly_obstruction,25|31|6|1,0|26|26|26|26|26,none,0,0,True,,
widened_enumeration,r1|2|4|6|6|6_u2,6,2,1|2|4|6|6|6,2|3|5|7|7|7,25,31,5,0,none,True,True,False,False,True,False,computed_total_slot_anomaly_obstruction,25|31|6|2,0|26|26|26|26|26,none,0,0,True,,
widened_enumeration,r1|2|4|6|6|6_u3,6,3,1|2|4|6|6|6,2|3|5|7|7|7,25,31,5,0,none,True,True,False,False,True,False,computed_total_slot_anomaly_obstruction,25|31|6|3,0|26|26|26|26|26,none,0,0,True,,
widened_enumeration,r1|2|5|5|5|5_u0,6,0,1|2|5|5|5|5,2|3|6|6|6|6,23,29,5,0,none,True,True,False,False,True,False,computed_total_slot_anomaly_obstruction,23|29|6|0,0|24|24|24|24|24,none,0,0,True,,
widened_enumeration,r1|2|5|5|5|5_u1,6,1,1|2|5|5|5|5,2|3|6|6|6|6,23,29,5,0,none,True,True,False,False,True,False,computed_total_slot_anomaly_obstruction,23|29|6|1,0|24|24|24|24|24,none,0,0,True,,
widened_enumeration,r1|2|5|5|5|5_u2,6,2,1|2|5|5|5|5,2|3|6|6|6|6,23,29,5,0,none,True,True,False,False,True,False,computed_total_slot_anomaly_obstruction,23|29|6|2,0|24|24|24|24|24,none,0,0,True,,
widened_enumeration,r1|2|5|5|5|5_u3,6,3,1|2|5|5|5|5,2|3|6|6|6|6,23,29,5,0,none,True,True,False,False,True,False,computed_total_slot_anomaly_obstruction,23|29|6|3,0|24|24|24|24|24,none,0,0,True,,
widened_enumeration,r1|2|5|5|5|6_u0,6,0,1|2|5|5|5|6,2|3|6|6|6|7,24,30,5,0,none,True,True,False,False,False,False,computed_total_slot_anomaly_obstruction,24|30|6|0,0|25|25|25|25|25,none,0,0,True,,
widened_enumeration,r1|2|5|5|5|6_u1,6,1,1|2|5|5|5|6,2|3|6|6|6|7,24,30,5,0,none,True,True,False,False,False,False,computed_total_slot_anomaly_obstruction,24|30|6|1,0|25|25|25|25|25,none,0,0,True,,
widened_enumeration,r1|2|5|5|5|6_u2,6,2,1|2|5|5|5|6,2|3|6|6|6|7,24,30,5,0,none,True,True,False,False,False,False,computed_total_slot_anomaly_obstruction,24|30|6|2,0|25|25|25|25|25,none,0,0,True,,
widened_enumeration,r1|2|5|5|5|6_u3,6,3,1|2|5|5|5|6,2|3|6|6|6|7,24,30,5,0,none,True,True,False,False,False,False,computed_total_slot_anomaly_obstruction,24|30|6|3,0|25|25|25|25|25,none,0,0,True,,
widened_enumeration,r1|2|5|5|6|6_u0,6,0,1|2|5|5|6|6,2|3|6|6|7|7,25,31,5,0,none,True,True,False,False,True,False,computed_total_slot_anomaly_obstruction,25|31|6|0,0|26|26|26|26|26,none,0,0,True,,
widened_enumeration,r1|2|5|5|6|6_u1,6,1,1|2|5|5|6|6,2|3|6|6|7|7,25,31,5,0,none,True,True,False,False,True,False,computed_total_slot_anomaly_obstruction,25|31|6|1,0|26|26|26|26|26,none,0,0,True,,
widened_enumeration,r1|2|5|5|6|6_u2,6,2,1|2|5|5|6|6,2|3|6|6|7|7,25,31,5,0,none,True,True,False,False,True,False,computed_total_slot_anomaly_obstruction,25|31|6|2,0|26|26|26|26|26,none,0,0,True,,
widened_enumeration,r1|2|5|5|6|6_u3,6,3,1|2|5|5|6|6,2|3|6|6|7|7,25,31,5,0,none,True,True,False,False,True,False,computed_total_slot_anomaly_obstruction,25|31|6|3,0|26|26|26|26|26,none,0,0,True,,
widened_enumeration,r1|2|5|6|6|6_u0,6,0,1|2|5|6|6|6,2|3|6|7|7|7,26,32,5,0,none,True,True,False,False,False,False,computed_total_slot_anomaly_obstruction,26|32|6|0,0|27|27|27|27|27,none,0,0,True,,
widened_enumeration,r1|2|5|6|6|6_u1,6,1,1|2|5|6|6|6,2|3|6|7|7|7,26,32,5,0,none,True,True,False,False,False,False,computed_total_slot_anomaly_obstruction,26|32|6|1,0|27|27|27|27|27,none,0,0,True,,
widened_enumeration,r1|2|5|6|6|6_u2,6,2,1|2|5|6|6|6,2|3|6|7|7|7,26,32,5,0,none,True,True,False,False,False,False,computed_total_slot_anomaly_obstruction,26|32|6|2,0|27|27|27|27|27,none,0,0,True,,
widened_enumeration,r1|2|5|6|6|6_u3,6,3,1|2|5|6|6|6,2|3|6|7|7|7,26,32,5,0,none,True,True,False,False,False,False,computed_total_slot_anomaly_obstruction,26|32|6|3,0|27|27|27|27|27,none,0,0,True,,
widened_enumeration,r1|2|6|6|6|6_u0,6,0,1|2|6|6|6|6,2|3|7|7|7|7,27,33,5,0,none,True,True,False,False,True,False,computed_total_slot_anomaly_obstruction,27|33|6|0,0|28|28|28|28|28,none,0,0,True,,
widened_enumeration,r1|2|6|6|6|6_u1,6,1,1|2|6|6|6|6,2|3|7|7|7|7,27,33,5,0,none,True,True,False,False,True,False,computed_total_slot_anomaly_obstruction,27|33|6|1,0|28|28|28|28|28,none,0,0,True,,
widened_enumeration,r1|2|6|6|6|6_u2,6,2,1|2|6|6|6|6,2|3|7|7|7|7,27,33,5,0,none,True,True,False,False,True,False,computed_total_slot_anomaly_obstruction,27|33|6|2,0|28|28|28|28|28,none,0,0,True,,
widened_enumeration,r1|2|6|6|6|6_u3,6,3,1|2|6|6|6|6,2|3|7|7|7|7,27,33,5,0,none,True,True,False,False,True,False,computed_total_slot_anomaly_obstruction,27|33|6|3,0|28|28|28|28|28,none,0,0,True,,
widened_enumeration,r1|3|3|3|3|3_u0,6,0,1|3|3|3|3|3,2|4|4|4|4|4,16,22,5,0,none,True,True,False,False,False,False,computed_total_slot_anomaly_obstruction,16|22|6|0,0|17|17|17|17|17,none,0,0,True,,
widened_enumeration,r1|3|3|3|3|3_u1,6,1,1|3|3|3|3|3,2|4|4|4|4|4,16,22,5,0,none,True,True,False,False,False,False,computed_total_slot_anomaly_obstruction,16|22|6|1,0|17|17|17|17|17,none,0,0,True,,
widened_enumeration,r1|3|3|3|3|3_u2,6,2,1|3|3|3|3|3,2|4|4|4|4|4,16,22,5,0,none,True,True,False,False,False,False,computed_total_slot_anomaly_obstruction,16|22|6|2,0|17|17|17|17|17,none,0,0,True,,
widened_enumeration,r1|3|3|3|3|3_u3,6,3,1|3|3|3|3|3,2|4|4|4|4|4,16,22,5,0,none,True,True,False,False,False,False,computed_total_slot_anomaly_obstruction,16|22|6|3,0|17|17|17|17|17,none,0,0,True,,
widened_enumeration,r1|3|3|3|3|4_u0,6,0,1|3|3|3|3|4,2|4|4|4|4|5,17,23,5,0,none,True,True,False,False,True,False,computed_total_slot_anomaly_obstruction,17|23|6|0,0|18|18|18|18|18,none,0,0,True,,
widened_enumeration,r1|3|3|3|3|4_u1,6,1,1|3|3|3|3|4,2|4|4|4|4|5,17,23,5,0,none,True,True,False,False,True,False,computed_total_slot_anomaly_obstruction,17|23|6|1,0|18|18|18|18|18,none,0,0,True,,
widened_enumeration,r1|3|3|3|3|4_u2,6,2,1|3|3|3|3|4,2|4|4|4|4|5,17,23,5,0,none,True,True,False,False,True,False,computed_total_slot_anomaly_obstruction,17|23|6|2,0|18|18|18|18|18,none,0,0,True,,
widened_enumeration,r1|3|3|3|3|4_u3,6,3,1|3|3|3|3|4,2|4|4|4|4|5,17,23,5,0,none,True,True,False,False,True,False,computed_total_slot_anomaly_obstruction,17|23|6|3,0|18|18|18|18|18,none,0,0,True,,
widened_enumeration,r1|3|3|3|3|5_u0,6,0,1|3|3|3|3|5,2|4|4|4|4|6,18,24,5,0,none,True,True,False,False,False,False,computed_total_slot_anomaly_obstruction,18|24|6|0,0|19|19|19|19|19,none,0,0,True,,
widened_enumeration,r1|3|3|3|3|5_u1,6,1,1|3|3|3|3|5,2|4|4|4|4|6,18,24,5,0,none,True,True,False,False,False,False,computed_total_slot_anomaly_obstruction,18|24|6|1,0|19|19|19|19|19,none,0,0,True,,
widened_enumeration,r1|3|3|3|3|5_u2,6,2,1|3|3|3|3|5,2|4|4|4|4|6,18,24,5,0,none,True,True,False,False,False,False,computed_total_slot_anomaly_obstruction,18|24|6|2,0|19|19|19|19|19,none,0,0,True,,
widened_enumeration,r1|3|3|3|3|5_u3,6,3,1|3|3|3|3|5,2|4|4|4|4|6,18,24,5,0,none,True,True,False,False,False,False,computed_total_slot_anomaly_obstruction,18|24|6|3,0|19|19|19|19|19,none,0,0,True,,
widened_enumeration,r1|3|3|3|3|6_u0,6,0,1|3|3|3|3|6,2|4|4|4|4|7,19,25,5,0,none,True,True,False,False,True,False,computed_total_slot_anomaly_obstruction,19|25|6|0,0|20|20|20|20|20,none,0,0,True,,
widened_enumeration,r1|3|3|3|3|6_u1,6,1,1|3|3|3|3|6,2|4|4|4|4|7,19,25,5,0,none,True,True,False,False,True,False,computed_total_slot_anomaly_obstruction,19|25|6|1,0|20|20|20|20|20,none,0,0,True,,
widened_enumeration,r1|3|3|3|3|6_u2,6,2,1|3|3|3|3|6,2|4|4|4|4|7,19,25,5,0,none,True,True,False,False,True,False,computed_total_slot_anomaly_obstruction,19|25|6|2,0|20|20|20|20|20,none,0,0,True,,
widened_enumeration,r1|3|3|3|3|6_u3,6,3,1|3|3|3|3|6,2|4|4|4|4|7,19,25,5,0,none,True,True,False,False,True,False,computed_total_slot_anomaly_obstruction,19|25|6|3,0|20|20|20|20|20,none,0,0,True,,
widened_enumeration,r1|3|3|3|4|4_u0,6,0,1|3|3|3|4|4,2|4|4|4|5|5,18,24,5,0,none,True,True,False,False,False,False,computed_total_slot_anomaly_obstruction,18|24|6|0,0|19|19|19|19|19,none,0,0,True,,
widened_enumeration,r1|3|3|3|4|4_u1,6,1,1|3|3|3|4|4,2|4|4|4|5|5,18,24,5,0,none,True,True,False,False,False,False,computed_total_slot_anomaly_obstruction,18|24|6|1,0|19|19|19|19|19,none,0,0,True,,
widened_enumeration,r1|3|3|3|4|4_u2,6,2,1|3|3|3|4|4,2|4|4|4|5|5,18,24,5,0,none,True,True,False,False,False,False,computed_total_slot_anomaly_obstruction,18|24|6|2,0|19|19|19|19|19,none,0,0,True,,
widened_enumeration,r1|3|3|3|4|4_u3,6,3,1|3|3|3|4|4,2|4|4|4|5|5,18,24,5,0,none,True,True,False,False,False,False,computed_total_slot_anomaly_obstruction,18|24|6|3,0|19|19|19|19|19,none,0,0,True,,
widened_enumeration,r1|3|3|3|4|5_u0,6,0,1|3|3|3|4|5,2|4|4|4|5|6,19,25,5,0,none,True,True,False,False,True,False,computed_total_slot_anomaly_obstruction,19|25|6|0,0|20|20|20|20|20,none,0,0,True,,
widened_enumeration,r1|3|3|3|4|5_u1,6,1,1|3|3|3|4|5,2|4|4|4|5|6,19,25,5,0,none,True,True,False,False,True,False,computed_total_slot_anomaly_obstruction,19|25|6|1,0|20|20|20|20|20,none,0,0,True,,
widened_enumeration,r1|3|3|3|4|5_u2,6,2,1|3|3|3|4|5,2|4|4|4|5|6,19,25,5,0,none,True,True,False,False,True,False,computed_total_slot_anomaly_obstruction,19|25|6|2,0|20|20|20|20|20,none,0,0,True,,
widened_enumeration,r1|3|3|3|4|5_u3,6,3,1|3|3|3|4|5,2|4|4|4|5|6,19,25,5,0,none,True,True,False,False,True,False,computed_total_slot_anomaly_obstruction,19|25|6|3,0|20|20|20|20|20,none,0,0,True,,
widened_enumeration,r1|3|3|3|4|6_u0,6,0,1|3|3|3|4|6,2|4|4|4|5|7,20,26,5,0,none,True,True,False,False,False,False,computed_total_slot_anomaly_obstruction,20|26|6|0,0|21|21|21|21|21,none,0,0,True,,
widened_enumeration,r1|3|3|3|4|6_u1,6,1,1|3|3|3|4|6,2|4|4|4|5|7,20,26,5,0,none,True,True,False,False,False,False,computed_total_slot_anomaly_obstruction,20|26|6|1,0|21|21|21|21|21,none,0,0,True,,
widened_enumeration,r1|3|3|3|4|6_u2,6,2,1|3|3|3|4|6,2|4|4|4|5|7,20,26,5,0,none,True,True,False,False,False,False,computed_total_slot_anomaly_obstruction,20|26|6|2,0|21|21|21|21|21,none,0,0,True,,
widened_enumeration,r1|3|3|3|4|6_u3,6,3,1|3|3|3|4|6,2|4|4|4|5|7,20,26,5,0,none,True,True,False,False,False,False,computed_total_slot_anomaly_obstruction,20|26|6|3,0|21|21|21|21|21,none,0,0,True,,
widened_enumeration,r1|3|3|3|5|5_u0,6,0,1|3|3|3|5|5,2|4|4|4|6|6,20,26,5,0,none,True,True,False,False,False,False,computed_total_slot_anomaly_obstruction,20|26|6|0,0|21|21|21|21|21,none,0,0,True,,
widened_enumeration,r1|3|3|3|5|5_u1,6,1,1|3|3|3|5|5,2|4|4|4|6|6,20,26,5,0,none,True,True,False,False,False,False,computed_total_slot_anomaly_obstruction,20|26|6|1,0|21|21|21|21|21,none,0,0,True,,
widened_enumeration,r1|3|3|3|5|5_u2,6,2,1|3|3|3|5|5,2|4|4|4|6|6,20,26,5,0,none,True,True,False,False,False,False,computed_total_slot_anomaly_obstruction,20|26|6|2,0|21|21|21|21|21,none,0,0,True,,
widened_enumeration,r1|3|3|3|5|5_u3,6,3,1|3|3|3|5|5,2|4|4|4|6|6,20,26,5,0,none,True,True,False,False,False,False,computed_total_slot_anomaly_obstruction,20|26|6|3,0|21|21|21|21|21,none,0,0,True,,
widened_enumeration,r1|3|3|3|5|6_u0,6,0,1|3|3|3|5|6,2|4|4|4|6|7,21,27,5,0,none,True,True,False,False,True,False,computed_total_slot_anomaly_obstruction,21|27|6|0,0|22|22|22|22|22,none,0,0,True,,
widened_enumeration,r1|3|3|3|5|6_u1,6,1,1|3|3|3|5|6,2|4|4|4|6|7,21,27,5,0,none,True,True,False,False,True,False,computed_total_slot_anomaly_obstruction,21|27|6|1,0|22|22|22|22|22,none,0,0,True,,
widened_enumeration,r1|3|3|3|5|6_u2,6,2,1|3|3|3|5|6,2|4|4|4|6|7,21,27,5,0,none,True,True,False,False,True,False,computed_total_slot_anomaly_obstruction,21|27|6|2,0|22|22|22|22|22,none,0,0,True,,
widened_enumeration,r1|3|3|3|5|6_u3,6,3,1|3|3|3|5|6,2|4|4|4|6|7,21,27,5,0,none,True,True,False,False,True,False,computed_total_slot_anomaly_obstruction,21|27|6|3,0|22|22|22|22|22,none,0,0,True,,
widened_enumeration,r1|3|3|3|6|6_u0,6,0,1|3|3|3|6|6,2|4|4|4|7|7,22,28,5,0,none,True,True,False,False,False,False,computed_total_slot_anomaly_obstruction,22|28|6|0,0|23|23|23|23|23,none,0,0,True,,
widened_enumeration,r1|3|3|3|6|6_u1,6,1,1|3|3|3|6|6,2|4|4|4|7|7,22,28,5,0,none,True,True,False,False,False,False,computed_total_slot_anomaly_obstruction,22|28|6|1,0|23|23|23|23|23,none,0,0,True,,
widened_enumeration,r1|3|3|3|6|6_u2,6,2,1|3|3|3|6|6,2|4|4|4|7|7,22,28,5,0,none,True,True,False,False,False,False,computed_total_slot_anomaly_obstruction,22|28|6|2,0|23|23|23|23|23,none,0,0,True,,
widened_enumeration,r1|3|3|3|6|6_u3,6,3,1|3|3|3|6|6,2|4|4|4|7|7,22,28,5,0,none,True,True,False,False,False,False,computed_total_slot_anomaly_obstruction,22|28|6|3,0|23|23|23|23|23,none,0,0,True,,
widened_enumeration,r1|3|3|4|4|4_u0,6,0,1|3|3|4|4|4,2|4|4|5|5|5,19,25,5,0,none,True,True,False,False,True,False,computed_total_slot_anomaly_obstruction,19|25|6|0,0|20|20|20|20|20,none,0,0,True,,
widened_enumeration,r1|3|3|4|4|4_u1,6,1,1|3|3|4|4|4,2|4|4|5|5|5,19,25,5,0,none,True,True,False,False,True,False,computed_total_slot_anomaly_obstruction,19|25|6|1,0|20|20|20|20|20,none,0,0,True,,
widened_enumeration,r1|3|3|4|4|4_u2,6,2,1|3|3|4|4|4,2|4|4|5|5|5,19,25,5,0,none,True,True,False,False,True,False,computed_total_slot_anomaly_obstruction,19|25|6|2,0|20|20|20|20|20,none,0,0,True,,
widened_enumeration,r1|3|3|4|4|4_u3,6,3,1|3|3|4|4|4,2|4|4|5|5|5,19,25,5,0,none,True,True,False,False,True,False,computed_total_slot_anomaly_obstruction,19|25|6|3,0|20|20|20|20|20,none,0,0,True,,
widened_enumeration,r1|3|3|4|4|5_u0,6,0,1|3|3|4|4|5,2|4|4|5|5|6,20,26,5,0,none,True,True,False,False,False,False,computed_total_slot_anomaly_obstruction,20|26|6|0,0|21|21|21|21|21,none,0,0,True,,
widened_enumeration,r1|3|3|4|4|5_u1,6,1,1|3|3|4|4|5,2|4|4|5|5|6,20,26,5,0,none,True,True,False,False,False,False,computed_total_slot_anomaly_obstruction,20|26|6|1,0|21|21|21|21|21,none,0,0,True,,
widened_enumeration,r1|3|3|4|4|5_u2,6,2,1|3|3|4|4|5,2|4|4|5|5|6,20,26,5,0,none,True,True,False,False,False,False,computed_total_slot_anomaly_obstruction,20|26|6|2,0|21|21|21|21|21,none,0,0,True,,
widened_enumeration,r1|3|3|4|4|5_u3,6,3,1|3|3|4|4|5,2|4|4|5|5|6,20,26,5,0,none,True,True,False,False,False,False,computed_total_slot_anomaly_obstruction,20|26|6|3,0|21|21|21|21|21,none,0,0,True,,
widened_enumeration,r1|3|3|4|4|6_u0,6,0,1|3|3|4|4|6,2|4|4|5|5|7,21,27,5,0,none,True,True,False,False,True,False,computed_total_slot_anomaly_obstruction,21|27|6|0,0|22|22|22|22|22,none,0,0,True,,
widened_enumeration,r1|3|3|4|4|6_u1,6,1,1|3|3|4|4|6,2|4|4|5|5|7,21,27,5,0,none,True,True,False,False,True,False,computed_total_slot_anomaly_obstruction,21|27|6|1,0|22|22|22|22|22,none,0,0,True,,
widened_enumeration,r1|3|3|4|4|6_u2,6,2,1|3|3|4|4|6,2|4|4|5|5|7,21,27,5,0,none,True,True,False,False,True,False,computed_total_slot_anomaly_obstruction,21|27|6|2,0|22|22|22|22|22,none,0,0,True,,
widened_enumeration,r1|3|3|4|4|6_u3,6,3,1|3|3|4|4|6,2|4|4|5|5|7,21,27,5,0,none,True,True,False,False,True,False,computed_total_slot_anomaly_obstruction,21|27|6|3,0|22|22|22|22|22,none,0,0,True,,
widened_enumeration,r1|3|3|4|5|5_u0,6,0,1|3|3|4|5|5,2|4|4|5|6|6,21,27,5,0,none,True,True,False,False,True,False,computed_total_slot_anomaly_obstruction,21|27|6|0,0|22|22|22|22|22,none,0,0,True,,
widened_enumeration,r1|3|3|4|5|5_u1,6,1,1|3|3|4|5|5,2|4|4|5|6|6,21,27,5,0,none,True,True,False,False,True,False,computed_total_slot_anomaly_obstruction,21|27|6|1,0|22|22|22|22|22,none,0,0,True,,
widened_enumeration,r1|3|3|4|5|5_u2,6,2,1|3|3|4|5|5,2|4|4|5|6|6,21,27,5,0,none,True,True,False,False,True,False,computed_total_slot_anomaly_obstruction,21|27|6|2,0|22|22|22|22|22,none,0,0,True,,
widened_enumeration,r1|3|3|4|5|5_u3,6,3,1|3|3|4|5|5,2|4|4|5|6|6,21,27,5,0,none,True,True,False,False,True,False,computed_total_slot_anomaly_obstruction,21|27|6|3,0|22|22|22|22|22,none,0,0,True,,
widened_enumeration,r1|3|3|4|5|6_u0,6,0,1|3|3|4|5|6,2|4|4|5|6|7,22,28,5,0,none,True,True,False,False,False,False,computed_total_slot_anomaly_obstruction,22|28|6|0,0|23|23|23|23|23,none,0,0,True,,
widened_enumeration,r1|3|3|4|5|6_u1,6,1,1|3|3|4|5|6,2|4|4|5|6|7,22,28,5,0,none,True,True,False,False,False,False,computed_total_slot_anomaly_obstruction,22|28|6|1,0|23|23|23|23|23,none,0,0,True,,
widened_enumeration,r1|3|3|4|5|6_u2,6,2,1|3|3|4|5|6,2|4|4|5|6|7,22,28,5,0,none,True,True,False,False,False,False,computed_total_slot_anomaly_obstruction,22|28|6|2,0|23|23|23|23|23,none,0,0,True,,
widened_enumeration,r1|3|3|4|5|6_u3,6,3,1|3|3|4|5|6,2|4|4|5|6|7,22,28,5,0,none,True,True,False,False,False,False,computed_total_slot_anomaly_obstruction,22|28|6|3,0|23|23|23|23|23,none,0,0,True,,
widened_enumeration,r1|3|3|4|6|6_u0,6,0,1|3|3|4|6|6,2|4|4|5|7|7,23,29,5,0,none,True,True,False,False,True,False,computed_total_slot_anomaly_obstruction,23|29|6|0,0|24|24|24|24|24,none,0,0,True,,
widened_enumeration,r1|3|3|4|6|6_u1,6,1,1|3|3|4|6|6,2|4|4|5|7|7,23,29,5,0,none,True,True,False,False,True,False,computed_total_slot_anomaly_obstruction,23|29|6|1,0|24|24|24|24|24,none,0,0,True,,
widened_enumeration,r1|3|3|4|6|6_u2,6,2,1|3|3|4|6|6,2|4|4|5|7|7,23,29,5,0,none,True,True,False,False,True,False,computed_total_slot_anomaly_obstruction,23|29|6|2,0|24|24|24|24|24,none,0,0,True,,
widened_enumeration,r1|3|3|4|6|6_u3,6,3,1|3|3|4|6|6,2|4|4|5|7|7,23,29,5,0,none,True,True,False,False,True,False,computed_total_slot_anomaly_obstruction,23|29|6|3,0|24|24|24|24|24,none,0,0,True,,
widened_enumeration,r1|3|3|5|5|5_u0,6,0,1|3|3|5|5|5,2|4|4|6|6|6,22,28,5,0,none,True,True,False,False,False,False,computed_total_slot_anomaly_obstruction,22|28|6|0,0|23|23|23|23|23,none,0,0,True,,
widened_enumeration,r1|3|3|5|5|5_u1,6,1,1|3|3|5|5|5,2|4|4|6|6|6,22,28,5,0,none,True,True,False,False,False,False,computed_total_slot_anomaly_obstruction,22|28|6|1,0|23|23|23|23|23,none,0,0,True,,
widened_enumeration,r1|3|3|5|5|5_u2,6,2,1|3|3|5|5|5,2|4|4|6|6|6,22,28,5,0,none,True,True,False,False,False,False,computed_total_slot_anomaly_obstruction,22|28|6|2,0|23|23|23|23|23,none,0,0,True,,
widened_enumeration,r1|3|3|5|5|5_u3,6,3,1|3|3|5|5|5,2|4|4|6|6|6,22,28,5,0,none,True,True,False,False,False,False,computed_total_slot_anomaly_obstruction,22|28|6|3,0|23|23|23|23|23,none,0,0,True,,
widened_enumeration,r1|3|3|5|5|6_u0,6,0,1|3|3|5|5|6,2|4|4|6|6|7,23,29,5,0,none,True,True,False,False,True,False,computed_total_slot_anomaly_obstruction,23|29|6|0,0|24|24|24|24|24,none,0,0,True,,
widened_enumeration,r1|3|3|5|5|6_u1,6,1,1|3|3|5|5|6,2|4|4|6|6|7,23,29,5,0,none,True,True,False,False,True,False,computed_total_slot_anomaly_obstruction,23|29|6|1,0|24|24|24|24|24,none,0,0,True,,
widened_enumeration,r1|3|3|5|5|6_u2,6,2,1|3|3|5|5|6,2|4|4|6|6|7,23,29,5,0,none,True,True,False,False,True,False,computed_total_slot_anomaly_obstruction,23|29|6|2,0|24|24|24|24|24,none,0,0,True,,
widened_enumeration,r1|3|3|5|5|6_u3,6,3,1|3|3|5|5|6,2|4|4|6|6|7,23,29,5,0,none,True,True,False,False,True,False,computed_total_slot_anomaly_obstruction,23|29|6|3,0|24|24|24|24|24,none,0,0,True,,
widened_enumeration,r1|3|3|5|6|6_u0,6,0,1|3|3|5|6|6,2|4|4|6|7|7,24,30,5,0,none,True,True,False,False,False,False,computed_total_slot_anomaly_obstruction,24|30|6|0,0|25|25|25|25|25,none,0,0,True,,
widened_enumeration,r1|3|3|5|6|6_u1,6,1,1|3|3|5|6|6,2|4|4|6|7|7,24,30,5,0,none,True,True,False,False,False,False,computed_total_slot_anomaly_obstruction,24|30|6|1,0|25|25|25|25|25,none,0,0,True,,
widened_enumeration,r1|3|3|5|6|6_u2,6,2,1|3|3|5|6|6,2|4|4|6|7|7,24,30,5,0,none,True,True,False,False,False,False,computed_total_slot_anomaly_obstruction,24|30|6|2,0|25|25|25|25|25,none,0,0,True,,
widened_enumeration,r1|3|3|5|6|6_u3,6,3,1|3|3|5|6|6,2|4|4|6|7|7,24,30,5,0,none,True,True,False,False,False,False,computed_total_slot_anomaly_obstruction,24|30|6|3,0|25|25|25|25|25,none,0,0,True,,
widened_enumeration,r1|3|3|6|6|6_u0,6,0,1|3|3|6|6|6,2|4|4|7|7|7,25,31,5,0,none,True,True,False,False,True,False,computed_total_slot_anomaly_obstruction,25|31|6|0,0|26|26|26|26|26,none,0,0,True,,
widened_enumeration,r1|3|3|6|6|6_u1,6,1,1|3|3|6|6|6,2|4|4|7|7|7,25,31,5,0,none,True,True,False,False,True,False,computed_total_slot_anomaly_obstruction,25|31|6|1,0|26|26|26|26|26,none,0,0,True,,
widened_enumeration,r1|3|3|6|6|6_u2,6,2,1|3|3|6|6|6,2|4|4|7|7|7,25,31,5,0,none,True,True,False,False,True,False,computed_total_slot_anomaly_obstruction,25|31|6|2,0|26|26|26|26|26,none,0,0,True,,
widened_enumeration,r1|3|3|6|6|6_u3,6,3,1|3|3|6|6|6,2|4|4|7|7|7,25,31,5,0,none,True,True,False,False,True,False,computed_total_slot_anomaly_obstruction,25|31|6|3,0|26|26|26|26|26,none,0,0,True,,
widened_enumeration,r1|3|4|4|4|4_u0,6,0,1|3|4|4|4|4,2|4|5|5|5|5,20,26,5,0,none,True,True,False,False,False,False,computed_total_slot_anomaly_obstruction,20|26|6|0,0|21|21|21|21|21,none,0,0,True,,
widened_enumeration,r1|3|4|4|4|4_u1,6,1,1|3|4|4|4|4,2|4|5|5|5|5,20,26,5,0,none,True,True,False,False,False,False,computed_total_slot_anomaly_obstruction,20|26|6|1,0|21|21|21|21|21,none,0,0,True,,
widened_enumeration,r1|3|4|4|4|4_u2,6,2,1|3|4|4|4|4,2|4|5|5|5|5,20,26,5,0,none,True,True,False,False,False,False,computed_total_slot_anomaly_obstruction,20|26|6|2,0|21|21|21|21|21,none,0,0,True,,
widened_enumeration,r1|3|4|4|4|4_u3,6,3,1|3|4|4|4|4,2|4|5|5|5|5,20,26,5,0,none,True,True,False,False,False,False,computed_total_slot_anomaly_obstruction,20|26|6|3,0|21|21|21|21|21,none,0,0,True,,
widened_enumeration,r1|3|4|4|4|5_u0,6,0,1|3|4|4|4|5,2|4|5|5|5|6,21,27,5,0,none,True,True,False,False,True,False,computed_total_slot_anomaly_obstruction,21|27|6|0,0|22|22|22|22|22,none,0,0,True,,
widened_enumeration,r1|3|4|4|4|5_u1,6,1,1|3|4|4|4|5,2|4|5|5|5|6,21,27,5,0,none,True,True,False,False,True,False,computed_total_slot_anomaly_obstruction,21|27|6|1,0|22|22|22|22|22,none,0,0,True,,
widened_enumeration,r1|3|4|4|4|5_u2,6,2,1|3|4|4|4|5,2|4|5|5|5|6,21,27,5,0,none,True,True,False,False,True,False,computed_total_slot_anomaly_obstruction,21|27|6|2,0|22|22|22|22|22,none,0,0,True,,
widened_enumeration,r1|3|4|4|4|5_u3,6,3,1|3|4|4|4|5,2|4|5|5|5|6,21,27,5,0,none,True,True,False,False,True,False,computed_total_slot_anomaly_obstruction,21|27|6|3,0|22|22|22|22|22,none,0,0,True,,
widened_enumeration,r1|3|4|4|4|6_u0,6,0,1|3|4|4|4|6,2|4|5|5|5|7,22,28,5,0,none,True,True,False,False,False,False,computed_total_slot_anomaly_obstruction,22|28|6|0,0|23|23|23|23|23,none,0,0,True,,
widened_enumeration,r1|3|4|4|4|6_u1,6,1,1|3|4|4|4|6,2|4|5|5|5|7,22,28,5,0,none,True,True,False,False,False,False,computed_total_slot_anomaly_obstruction,22|28|6|1,0|23|23|23|23|23,none,0,0,True,,
widened_enumeration,r1|3|4|4|4|6_u2,6,2,1|3|4|4|4|6,2|4|5|5|5|7,22,28,5,0,none,True,True,False,False,False,False,computed_total_slot_anomaly_obstruction,22|28|6|2,0|23|23|23|23|23,none,0,0,True,,
widened_enumeration,r1|3|4|4|4|6_u3,6,3,1|3|4|4|4|6,2|4|5|5|5|7,22,28,5,0,none,True,True,False,False,False,False,computed_total_slot_anomaly_obstruction,22|28|6|3,0|23|23|23|23|23,none,0,0,True,,
widened_enumeration,r1|3|4|4|5|5_u0,6,0,1|3|4|4|5|5,2|4|5|5|6|6,22,28,5,0,none,True,True,False,False,False,False,computed_total_slot_anomaly_obstruction,22|28|6|0,0|23|23|23|23|23,none,0,0,True,,
widened_enumeration,r1|3|4|4|5|5_u1,6,1,1|3|4|4|5|5,2|4|5|5|6|6,22,28,5,0,none,True,True,False,False,False,False,computed_total_slot_anomaly_obstruction,22|28|6|1,0|23|23|23|23|23,none,0,0,True,,
widened_enumeration,r1|3|4|4|5|5_u2,6,2,1|3|4|4|5|5,2|4|5|5|6|6,22,28,5,0,none,True,True,False,False,False,False,computed_total_slot_anomaly_obstruction,22|28|6|2,0|23|23|23|23|23,none,0,0,True,,
widened_enumeration,r1|3|4|4|5|5_u3,6,3,1|3|4|4|5|5,2|4|5|5|6|6,22,28,5,0,none,True,True,False,False,False,False,computed_total_slot_anomaly_obstruction,22|28|6|3,0|23|23|23|23|23,none,0,0,True,,
widened_enumeration,r1|3|4|4|5|6_u0,6,0,1|3|4|4|5|6,2|4|5|5|6|7,23,29,5,0,none,True,True,False,False,True,False,computed_total_slot_anomaly_obstruction,23|29|6|0,0|24|24|24|24|24,none,0,0,True,,
widened_enumeration,r1|3|4|4|5|6_u1,6,1,1|3|4|4|5|6,2|4|5|5|6|7,23,29,5,0,none,True,True,False,False,True,False,computed_total_slot_anomaly_obstruction,23|29|6|1,0|24|24|24|24|24,none,0,0,True,,
widened_enumeration,r1|3|4|4|5|6_u2,6,2,1|3|4|4|5|6,2|4|5|5|6|7,23,29,5,0,none,True,True,False,False,True,False,computed_total_slot_anomaly_obstruction,23|29|6|2,0|24|24|24|24|24,none,0,0,True,,
widened_enumeration,r1|3|4|4|5|6_u3,6,3,1|3|4|4|5|6,2|4|5|5|6|7,23,29,5,0,none,True,True,False,False,True,False,computed_total_slot_anomaly_obstruction,23|29|6|3,0|24|24|24|24|24,none,0,0,True,,
widened_enumeration,r1|3|4|4|6|6_u0,6,0,1|3|4|4|6|6,2|4|5|5|7|7,24,30,5,0,none,True,True,False,False,False,False,computed_total_slot_anomaly_obstruction,24|30|6|0,0|25|25|25|25|25,none,0,0,True,,
widened_enumeration,r1|3|4|4|6|6_u1,6,1,1|3|4|4|6|6,2|4|5|5|7|7,24,30,5,0,none,True,True,False,False,False,False,computed_total_slot_anomaly_obstruction,24|30|6|1,0|25|25|25|25|25,none,0,0,True,,
widened_enumeration,r1|3|4|4|6|6_u2,6,2,1|3|4|4|6|6,2|4|5|5|7|7,24,30,5,0,none,True,True,False,False,False,False,computed_total_slot_anomaly_obstruction,24|30|6|2,0|25|25|25|25|25,none,0,0,True,,
widened_enumeration,r1|3|4|4|6|6_u3,6,3,1|3|4|4|6|6,2|4|5|5|7|7,24,30,5,0,none,True,True,False,False,False,False,computed_total_slot_anomaly_obstruction,24|30|6|3,0|25|25|25|25|25,none,0,0,True,,
widened_enumeration,r1|3|4|5|5|5_u0,6,0,1|3|4|5|5|5,2|4|5|6|6|6,23,29,5,0,none,True,True,False,False,True,False,computed_total_slot_anomaly_obstruction,23|29|6|0,0|24|24|24|24|24,none,0,0,True,,
widened_enumeration,r1|3|4|5|5|5_u1,6,1,1|3|4|5|5|5,2|4|5|6|6|6,23,29,5,0,none,True,True,False,False,True,False,computed_total_slot_anomaly_obstruction,23|29|6|1,0|24|24|24|24|24,none,0,0,True,,
widened_enumeration,r1|3|4|5|5|5_u2,6,2,1|3|4|5|5|5,2|4|5|6|6|6,23,29,5,0,none,True,True,False,False,True,False,computed_total_slot_anomaly_obstruction,23|29|6|2,0|24|24|24|24|24,none,0,0,True,,
widened_enumeration,r1|3|4|5|5|5_u3,6,3,1|3|4|5|5|5,2|4|5|6|6|6,23,29,5,0,none,True,True,False,False,True,False,computed_total_slot_anomaly_obstruction,23|29|6|3,0|24|24|24|24|24,none,0,0,True,,
widened_enumeration,r1|3|4|5|5|6_u0,6,0,1|3|4|5|5|6,2|4|5|6|6|7,24,30,5,0,none,True,True,False,False,False,False,computed_total_slot_anomaly_obstruction,24|30|6|0,0|25|25|25|25|25,none,0,0,True,,
widened_enumeration,r1|3|4|5|5|6_u1,6,1,1|3|4|5|5|6,2|4|5|6|6|7,24,30,5,0,none,True,True,False,False,False,False,computed_total_slot_anomaly_obstruction,24|30|6|1,0|25|25|25|25|25,none,0,0,True,,
widened_enumeration,r1|3|4|5|5|6_u2,6,2,1|3|4|5|5|6,2|4|5|6|6|7,24,30,5,0,none,True,True,False,False,False,False,computed_total_slot_anomaly_obstruction,24|30|6|2,0|25|25|25|25|25,none,0,0,True,,
widened_enumeration,r1|3|4|5|5|6_u3,6,3,1|3|4|5|5|6,2|4|5|6|6|7,24,30,5,0,none,True,True,False,False,False,False,computed_total_slot_anomaly_obstruction,24|30|6|3,0|25|25|25|25|25,none,0,0,True,,
widened_enumeration,r1|3|4|5|6|6_u0,6,0,1|3|4|5|6|6,2|4|5|6|7|7,25,31,5,0,none,True,True,False,False,True,False,computed_total_slot_anomaly_obstruction,25|31|6|0,0|26|26|26|26|26,none,0,0,True,,
widened_enumeration,r1|3|4|5|6|6_u1,6,1,1|3|4|5|6|6,2|4|5|6|7|7,25,31,5,0,none,True,True,False,False,True,False,computed_total_slot_anomaly_obstruction,25|31|6|1,0|26|26|26|26|26,none,0,0,True,,
widened_enumeration,r1|3|4|5|6|6_u2,6,2,1|3|4|5|6|6,2|4|5|6|7|7,25,31,5,0,none,True,True,False,False,True,False,computed_total_slot_anomaly_obstruction,25|31|6|2,0|26|26|26|26|26,none,0,0,True,,
widened_enumeration,r1|3|4|5|6|6_u3,6,3,1|3|4|5|6|6,2|4|5|6|7|7,25,31,5,0,none,True,True,False,False,True,False,computed_total_slot_anomaly_obstruction,25|31|6|3,0|26|26|26|26|26,none,0,0,True,,
widened_enumeration,r1|3|4|6|6|6_u0,6,0,1|3|4|6|6|6,2|4|5|7|7|7,26,32,5,0,none,True,True,False,False,False,False,computed_total_slot_anomaly_obstruction,26|32|6|0,0|27|27|27|27|27,none,0,0,True,,
widened_enumeration,r1|3|4|6|6|6_u1,6,1,1|3|4|6|6|6,2|4|5|7|7|7,26,32,5,0,none,True,True,False,False,False,False,computed_total_slot_anomaly_obstruction,26|32|6|1,0|27|27|27|27|27,none,0,0,True,,
widened_enumeration,r1|3|4|6|6|6_u2,6,2,1|3|4|6|6|6,2|4|5|7|7|7,26,32,5,0,none,True,True,False,False,False,False,computed_total_slot_anomaly_obstruction,26|32|6|2,0|27|27|27|27|27,none,0,0,True,,
widened_enumeration,r1|3|4|6|6|6_u3,6,3,1|3|4|6|6|6,2|4|5|7|7|7,26,32,5,0,none,True,True,False,False,False,False,computed_total_slot_anomaly_obstruction,26|32|6|3,0|27|27|27|27|27,none,0,0,True,,
widened_enumeration,r1|3|5|5|5|5_u0,6,0,1|3|5|5|5|5,2|4|6|6|6|6,24,30,5,0,none,True,True,False,False,False,False,computed_total_slot_anomaly_obstruction,24|30|6|0,0|25|25|25|25|25,none,0,0,True,,
widened_enumeration,r1|3|5|5|5|5_u1,6,1,1|3|5|5|5|5,2|4|6|6|6|6,24,30,5,0,none,True,True,False,False,False,False,computed_total_slot_anomaly_obstruction,24|30|6|1,0|25|25|25|25|25,none,0,0,True,,
widened_enumeration,r1|3|5|5|5|5_u2,6,2,1|3|5|5|5|5,2|4|6|6|6|6,24,30,5,0,none,True,True,False,False,False,False,computed_total_slot_anomaly_obstruction,24|30|6|2,0|25|25|25|25|25,none,0,0,True,,
widened_enumeration,r1|3|5|5|5|5_u3,6,3,1|3|5|5|5|5,2|4|6|6|6|6,24,30,5,0,none,True,True,False,False,False,False,computed_total_slot_anomaly_obstruction,24|30|6|3,0|25|25|25|25|25,none,0,0,True,,
widened_enumeration,r1|3|5|5|5|6_u0,6,0,1|3|5|5|5|6,2|4|6|6|6|7,25,31,5,0,none,True,True,False,False,True,False,computed_total_slot_anomaly_obstruction,25|31|6|0,0|26|26|26|26|26,none,0,0,True,,
widened_enumeration,r1|3|5|5|5|6_u1,6,1,1|3|5|5|5|6,2|4|6|6|6|7,25,31,5,0,none,True,True,False,False,True,False,computed_total_slot_anomaly_obstruction,25|31|6|1,0|26|26|26|26|26,none,0,0,True,,
widened_enumeration,r1|3|5|5|5|6_u2,6,2,1|3|5|5|5|6,2|4|6|6|6|7,25,31,5,0,none,True,True,False,False,True,False,computed_total_slot_anomaly_obstruction,25|31|6|2,0|26|26|26|26|26,none,0,0,True,,
widened_enumeration,r1|3|5|5|5|6_u3,6,3,1|3|5|5|5|6,2|4|6|6|6|7,25,31,5,0,none,True,True,False,False,True,False,computed_total_slot_anomaly_obstruction,25|31|6|3,0|26|26|26|26|26,none,0,0,True,,
widened_enumeration,r1|3|5|5|6|6_u0,6,0,1|3|5|5|6|6,2|4|6|6|7|7,26,32,5,0,none,True,True,False,False,False,False,computed_total_slot_anomaly_obstruction,26|32|6|0,0|27|27|27|27|27,none,0,0,True,,
widened_enumeration,r1|3|5|5|6|6_u1,6,1,1|3|5|5|6|6,2|4|6|6|7|7,26,32,5,0,none,True,True,False,False,False,False,computed_total_slot_anomaly_obstruction,26|32|6|1,0|27|27|27|27|27,none,0,0,True,,
widened_enumeration,r1|3|5|5|6|6_u2,6,2,1|3|5|5|6|6,2|4|6|6|7|7,26,32,5,0,none,True,True,False,False,False,False,computed_total_slot_anomaly_obstruction,26|32|6|2,0|27|27|27|27|27,none,0,0,True,,
widened_enumeration,r1|3|5|5|6|6_u3,6,3,1|3|5|5|6|6,2|4|6|6|7|7,26,32,5,0,none,True,True,False,False,False,False,computed_total_slot_anomaly_obstruction,26|32|6|3,0|27|27|27|27|27,none,0,0,True,,
widened_enumeration,r1|3|5|6|6|6_u0,6,0,1|3|5|6|6|6,2|4|6|7|7|7,27,33,5,0,none,True,True,False,False,True,False,computed_total_slot_anomaly_obstruction,27|33|6|0,0|28|28|28|28|28,none,0,0,True,,
widened_enumeration,r1|3|5|6|6|6_u1,6,1,1|3|5|6|6|6,2|4|6|7|7|7,27,33,5,0,none,True,True,False,False,True,False,computed_total_slot_anomaly_obstruction,27|33|6|1,0|28|28|28|28|28,none,0,0,True,,
widened_enumeration,r1|3|5|6|6|6_u2,6,2,1|3|5|6|6|6,2|4|6|7|7|7,27,33,5,0,none,True,True,False,False,True,False,computed_total_slot_anomaly_obstruction,27|33|6|2,0|28|28|28|28|28,none,0,0,True,,
widened_enumeration,r1|3|5|6|6|6_u3,6,3,1|3|5|6|6|6,2|4|6|7|7|7,27,33,5,0,none,True,True,False,False,True,False,computed_total_slot_anomaly_obstruction,27|33|6|3,0|28|28|28|28|28,none,0,0,True,,
widened_enumeration,r1|3|6|6|6|6_u0,6,0,1|3|6|6|6|6,2|4|7|7|7|7,28,34,5,0,none,True,True,False,False,False,False,computed_total_slot_anomaly_obstruction,28|34|6|0,0|29|29|29|29|29,none,0,0,True,,
widened_enumeration,r1|3|6|6|6|6_u1,6,1,1|3|6|6|6|6,2|4|7|7|7|7,28,34,5,0,none,True,True,False,False,False,False,computed_total_slot_anomaly_obstruction,28|34|6|1,0|29|29|29|29|29,none,0,0,True,,
widened_enumeration,r1|3|6|6|6|6_u2,6,2,1|3|6|6|6|6,2|4|7|7|7|7,28,34,5,0,none,True,True,False,False,False,False,computed_total_slot_anomaly_obstruction,28|34|6|2,0|29|29|29|29|29,none,0,0,True,,
widened_enumeration,r1|3|6|6|6|6_u3,6,3,1|3|6|6|6|6,2|4|7|7|7|7,28,34,5,0,none,True,True,False,False,False,False,computed_total_slot_anomaly_obstruction,28|34|6|3,0|29|29|29|29|29,none,0,0,True,,
widened_enumeration,r1|4|4|4|4|4_u0,6,0,1|4|4|4|4|4,2|5|5|5|5|5,21,27,5,0,none,True,True,False,False,True,False,computed_total_slot_anomaly_obstruction,21|27|6|0,0|22|22|22|22|22,none,0,0,True,,
widened_enumeration,r1|4|4|4|4|4_u1,6,1,1|4|4|4|4|4,2|5|5|5|5|5,21,27,5,0,none,True,True,False,False,True,False,computed_total_slot_anomaly_obstruction,21|27|6|1,0|22|22|22|22|22,none,0,0,True,,
widened_enumeration,r1|4|4|4|4|4_u2,6,2,1|4|4|4|4|4,2|5|5|5|5|5,21,27,5,0,none,True,True,False,False,True,False,computed_total_slot_anomaly_obstruction,21|27|6|2,0|22|22|22|22|22,none,0,0,True,,
widened_enumeration,r1|4|4|4|4|4_u3,6,3,1|4|4|4|4|4,2|5|5|5|5|5,21,27,5,0,none,True,True,False,False,True,False,computed_total_slot_anomaly_obstruction,21|27|6|3,0|22|22|22|22|22,none,0,0,True,,
widened_enumeration,r1|4|4|4|4|5_u0,6,0,1|4|4|4|4|5,2|5|5|5|5|6,22,28,5,0,none,True,True,False,False,False,False,computed_total_slot_anomaly_obstruction,22|28|6|0,0|23|23|23|23|23,none,0,0,True,,
widened_enumeration,r1|4|4|4|4|5_u1,6,1,1|4|4|4|4|5,2|5|5|5|5|6,22,28,5,0,none,True,True,False,False,False,False,computed_total_slot_anomaly_obstruction,22|28|6|1,0|23|23|23|23|23,none,0,0,True,,
widened_enumeration,r1|4|4|4|4|5_u2,6,2,1|4|4|4|4|5,2|5|5|5|5|6,22,28,5,0,none,True,True,False,False,False,False,computed_total_slot_anomaly_obstruction,22|28|6|2,0|23|23|23|23|23,none,0,0,True,,
widened_enumeration,r1|4|4|4|4|5_u3,6,3,1|4|4|4|4|5,2|5|5|5|5|6,22,28,5,0,none,True,True,False,False,False,False,computed_total_slot_anomaly_obstruction,22|28|6|3,0|23|23|23|23|23,none,0,0,True,,
widened_enumeration,r1|4|4|4|4|6_u0,6,0,1|4|4|4|4|6,2|5|5|5|5|7,23,29,5,0,none,True,True,False,False,True,False,computed_total_slot_anomaly_obstruction,23|29|6|0,0|24|24|24|24|24,none,0,0,True,,
widened_enumeration,r1|4|4|4|4|6_u1,6,1,1|4|4|4|4|6,2|5|5|5|5|7,23,29,5,0,none,True,True,False,False,True,False,computed_total_slot_anomaly_obstruction,23|29|6|1,0|24|24|24|24|24,none,0,0,True,,
widened_enumeration,r1|4|4|4|4|6_u2,6,2,1|4|4|4|4|6,2|5|5|5|5|7,23,29,5,0,none,True,True,False,False,True,False,computed_total_slot_anomaly_obstruction,23|29|6|2,0|24|24|24|24|24,none,0,0,True,,
widened_enumeration,r1|4|4|4|4|6_u3,6,3,1|4|4|4|4|6,2|5|5|5|5|7,23,29,5,0,none,True,True,False,False,True,False,computed_total_slot_anomaly_obstruction,23|29|6|3,0|24|24|24|24|24,none,0,0,True,,
widened_enumeration,r1|4|4|4|5|5_u0,6,0,1|4|4|4|5|5,2|5|5|5|6|6,23,29,5,0,none,True,True,False,False,True,False,computed_total_slot_anomaly_obstruction,23|29|6|0,0|24|24|24|24|24,none,0,0,True,,
widened_enumeration,r1|4|4|4|5|5_u1,6,1,1|4|4|4|5|5,2|5|5|5|6|6,23,29,5,0,none,True,True,False,False,True,False,computed_total_slot_anomaly_obstruction,23|29|6|1,0|24|24|24|24|24,none,0,0,True,,
widened_enumeration,r1|4|4|4|5|5_u2,6,2,1|4|4|4|5|5,2|5|5|5|6|6,23,29,5,0,none,True,True,False,False,True,False,computed_total_slot_anomaly_obstruction,23|29|6|2,0|24|24|24|24|24,none,0,0,True,,
widened_enumeration,r1|4|4|4|5|5_u3,6,3,1|4|4|4|5|5,2|5|5|5|6|6,23,29,5,0,none,True,True,False,False,True,False,computed_total_slot_anomaly_obstruction,23|29|6|3,0|24|24|24|24|24,none,0,0,True,,
widened_enumeration,r1|4|4|4|5|6_u0,6,0,1|4|4|4|5|6,2|5|5|5|6|7,24,30,5,0,none,True,True,False,False,False,False,computed_total_slot_anomaly_obstruction,24|30|6|0,0|25|25|25|25|25,none,0,0,True,,
widened_enumeration,r1|4|4|4|5|6_u1,6,1,1|4|4|4|5|6,2|5|5|5|6|7,24,30,5,0,none,True,True,False,False,False,False,computed_total_slot_anomaly_obstruction,24|30|6|1,0|25|25|25|25|25,none,0,0,True,,
widened_enumeration,r1|4|4|4|5|6_u2,6,2,1|4|4|4|5|6,2|5|5|5|6|7,24,30,5,0,none,True,True,False,False,False,False,computed_total_slot_anomaly_obstruction,24|30|6|2,0|25|25|25|25|25,none,0,0,True,,
widened_enumeration,r1|4|4|4|5|6_u3,6,3,1|4|4|4|5|6,2|5|5|5|6|7,24,30,5,0,none,True,True,False,False,False,False,computed_total_slot_anomaly_obstruction,24|30|6|3,0|25|25|25|25|25,none,0,0,True,,
widened_enumeration,r1|4|4|4|6|6_u0,6,0,1|4|4|4|6|6,2|5|5|5|7|7,25,31,5,0,none,True,True,False,False,True,False,computed_total_slot_anomaly_obstruction,25|31|6|0,0|26|26|26|26|26,none,0,0,True,,
widened_enumeration,r1|4|4|4|6|6_u1,6,1,1|4|4|4|6|6,2|5|5|5|7|7,25,31,5,0,none,True,True,False,False,True,False,computed_total_slot_anomaly_obstruction,25|31|6|1,0|26|26|26|26|26,none,0,0,True,,
widened_enumeration,r1|4|4|4|6|6_u2,6,2,1|4|4|4|6|6,2|5|5|5|7|7,25,31,5,0,none,True,True,False,False,True,False,computed_total_slot_anomaly_obstruction,25|31|6|2,0|26|26|26|26|26,none,0,0,True,,
widened_enumeration,r1|4|4|4|6|6_u3,6,3,1|4|4|4|6|6,2|5|5|5|7|7,25,31,5,0,none,True,True,False,False,True,False,computed_total_slot_anomaly_obstruction,25|31|6|3,0|26|26|26|26|26,none,0,0,True,,
widened_enumeration,r1|4|4|5|5|5_u0,6,0,1|4|4|5|5|5,2|5|5|6|6|6,24,30,5,0,none,True,True,False,False,False,False,computed_total_slot_anomaly_obstruction,24|30|6|0,0|25|25|25|25|25,none,0,0,True,,
widened_enumeration,r1|4|4|5|5|5_u1,6,1,1|4|4|5|5|5,2|5|5|6|6|6,24,30,5,0,none,True,True,False,False,False,False,computed_total_slot_anomaly_obstruction,24|30|6|1,0|25|25|25|25|25,none,0,0,True,,
widened_enumeration,r1|4|4|5|5|5_u2,6,2,1|4|4|5|5|5,2|5|5|6|6|6,24,30,5,0,none,True,True,False,False,False,False,computed_total_slot_anomaly_obstruction,24|30|6|2,0|25|25|25|25|25,none,0,0,True,,
widened_enumeration,r1|4|4|5|5|5_u3,6,3,1|4|4|5|5|5,2|5|5|6|6|6,24,30,5,0,none,True,True,False,False,False,False,computed_total_slot_anomaly_obstruction,24|30|6|3,0|25|25|25|25|25,none,0,0,True,,
widened_enumeration,r1|4|4|5|5|6_u0,6,0,1|4|4|5|5|6,2|5|5|6|6|7,25,31,5,0,none,True,True,False,False,True,False,computed_total_slot_anomaly_obstruction,25|31|6|0,0|26|26|26|26|26,none,0,0,True,,
widened_enumeration,r1|4|4|5|5|6_u1,6,1,1|4|4|5|5|6,2|5|5|6|6|7,25,31,5,0,none,True,True,False,False,True,False,computed_total_slot_anomaly_obstruction,25|31|6|1,0|26|26|26|26|26,none,0,0,True,,
widened_enumeration,r1|4|4|5|5|6_u2,6,2,1|4|4|5|5|6,2|5|5|6|6|7,25,31,5,0,none,True,True,False,False,True,False,computed_total_slot_anomaly_obstruction,25|31|6|2,0|26|26|26|26|26,none,0,0,True,,
widened_enumeration,r1|4|4|5|5|6_u3,6,3,1|4|4|5|5|6,2|5|5|6|6|7,25,31,5,0,none,True,True,False,False,True,False,computed_total_slot_anomaly_obstruction,25|31|6|3,0|26|26|26|26|26,none,0,0,True,,
widened_enumeration,r1|4|4|5|6|6_u0,6,0,1|4|4|5|6|6,2|5|5|6|7|7,26,32,5,0,none,True,True,False,False,False,False,computed_total_slot_anomaly_obstruction,26|32|6|0,0|27|27|27|27|27,none,0,0,True,,
widened_enumeration,r1|4|4|5|6|6_u1,6,1,1|4|4|5|6|6,2|5|5|6|7|7,26,32,5,0,none,True,True,False,False,False,False,computed_total_slot_anomaly_obstruction,26|32|6|1,0|27|27|27|27|27,none,0,0,True,,
widened_enumeration,r1|4|4|5|6|6_u2,6,2,1|4|4|5|6|6,2|5|5|6|7|7,26,32,5,0,none,True,True,False,False,False,False,computed_total_slot_anomaly_obstruction,26|32|6|2,0|27|27|27|27|27,none,0,0,True,,
widened_enumeration,r1|4|4|5|6|6_u3,6,3,1|4|4|5|6|6,2|5|5|6|7|7,26,32,5,0,none,True,True,False,False,False,False,computed_total_slot_anomaly_obstruction,26|32|6|3,0|27|27|27|27|27,none,0,0,True,,
widened_enumeration,r1|4|4|6|6|6_u0,6,0,1|4|4|6|6|6,2|5|5|7|7|7,27,33,5,0,none,True,True,False,False,True,False,computed_total_slot_anomaly_obstruction,27|33|6|0,0|28|28|28|28|28,none,0,0,True,,
widened_enumeration,r1|4|4|6|6|6_u1,6,1,1|4|4|6|6|6,2|5|5|7|7|7,27,33,5,0,none,True,True,False,False,True,False,computed_total_slot_anomaly_obstruction,27|33|6|1,0|28|28|28|28|28,none,0,0,True,,
widened_enumeration,r1|4|4|6|6|6_u2,6,2,1|4|4|6|6|6,2|5|5|7|7|7,27,33,5,0,none,True,True,False,False,True,False,computed_total_slot_anomaly_obstruction,27|33|6|2,0|28|28|28|28|28,none,0,0,True,,
widened_enumeration,r1|4|4|6|6|6_u3,6,3,1|4|4|6|6|6,2|5|5|7|7|7,27,33,5,0,none,True,True,False,False,True,False,computed_total_slot_anomaly_obstruction,27|33|6|3,0|28|28|28|28|28,none,0,0,True,,
widened_enumeration,r1|4|5|5|5|5_u0,6,0,1|4|5|5|5|5,2|5|6|6|6|6,25,31,5,0,none,True,True,False,False,True,False,computed_total_slot_anomaly_obstruction,25|31|6|0,0|26|26|26|26|26,none,0,0,True,,
widened_enumeration,r1|4|5|5|5|5_u1,6,1,1|4|5|5|5|5,2|5|6|6|6|6,25,31,5,0,none,True,True,False,False,True,False,computed_total_slot_anomaly_obstruction,25|31|6|1,0|26|26|26|26|26,none,0,0,True,,
widened_enumeration,r1|4|5|5|5|5_u2,6,2,1|4|5|5|5|5,2|5|6|6|6|6,25,31,5,0,none,True,True,False,False,True,False,computed_total_slot_anomaly_obstruction,25|31|6|2,0|26|26|26|26|26,none,0,0,True,,
widened_enumeration,r1|4|5|5|5|5_u3,6,3,1|4|5|5|5|5,2|5|6|6|6|6,25,31,5,0,none,True,True,False,False,True,False,computed_total_slot_anomaly_obstruction,25|31|6|3,0|26|26|26|26|26,none,0,0,True,,
widened_enumeration,r1|4|5|5|5|6_u0,6,0,1|4|5|5|5|6,2|5|6|6|6|7,26,32,5,0,none,True,True,False,False,False,False,computed_total_slot_anomaly_obstruction,26|32|6|0,0|27|27|27|27|27,none,0,0,True,,
widened_enumeration,r1|4|5|5|5|6_u1,6,1,1|4|5|5|5|6,2|5|6|6|6|7,26,32,5,0,none,True,True,False,False,False,False,computed_total_slot_anomaly_obstruction,26|32|6|1,0|27|27|27|27|27,none,0,0,True,,
widened_enumeration,r1|4|5|5|5|6_u2,6,2,1|4|5|5|5|6,2|5|6|6|6|7,26,32,5,0,none,True,True,False,False,False,False,computed_total_slot_anomaly_obstruction,26|32|6|2,0|27|27|27|27|27,none,0,0,True,,
widened_enumeration,r1|4|5|5|5|6_u3,6,3,1|4|5|5|5|6,2|5|6|6|6|7,26,32,5,0,none,True,True,False,False,False,False,computed_total_slot_anomaly_obstruction,26|32|6|3,0|27|27|27|27|27,none,0,0,True,,
widened_enumeration,r1|4|5|5|6|6_u0,6,0,1|4|5|5|6|6,2|5|6|6|7|7,27,33,5,0,none,True,True,False,False,True,False,computed_total_slot_anomaly_obstruction,27|33|6|0,0|28|28|28|28|28,none,0,0,True,,
widened_enumeration,r1|4|5|5|6|6_u1,6,1,1|4|5|5|6|6,2|5|6|6|7|7,27,33,5,0,none,True,True,False,False,True,False,computed_total_slot_anomaly_obstruction,27|33|6|1,0|28|28|28|28|28,none,0,0,True,,
widened_enumeration,r1|4|5|5|6|6_u2,6,2,1|4|5|5|6|6,2|5|6|6|7|7,27,33,5,0,none,True,True,False,False,True,False,computed_total_slot_anomaly_obstruction,27|33|6|2,0|28|28|28|28|28,none,0,0,True,,
widened_enumeration,r1|4|5|5|6|6_u3,6,3,1|4|5|5|6|6,2|5|6|6|7|7,27,33,5,0,none,True,True,False,False,True,False,computed_total_slot_anomaly_obstruction,27|33|6|3,0|28|28|28|28|28,none,0,0,True,,
widened_enumeration,r1|4|5|6|6|6_u0,6,0,1|4|5|6|6|6,2|5|6|7|7|7,28,34,5,0,none,True,True,False,False,False,False,computed_total_slot_anomaly_obstruction,28|34|6|0,0|29|29|29|29|29,none,0,0,True,,
widened_enumeration,r1|4|5|6|6|6_u1,6,1,1|4|5|6|6|6,2|5|6|7|7|7,28,34,5,0,none,True,True,False,False,False,False,computed_total_slot_anomaly_obstruction,28|34|6|1,0|29|29|29|29|29,none,0,0,True,,
widened_enumeration,r1|4|5|6|6|6_u2,6,2,1|4|5|6|6|6,2|5|6|7|7|7,28,34,5,0,none,True,True,False,False,False,False,computed_total_slot_anomaly_obstruction,28|34|6|2,0|29|29|29|29|29,none,0,0,True,,
widened_enumeration,r1|4|5|6|6|6_u3,6,3,1|4|5|6|6|6,2|5|6|7|7|7,28,34,5,0,none,True,True,False,False,False,False,computed_total_slot_anomaly_obstruction,28|34|6|3,0|29|29|29|29|29,none,0,0,True,,
widened_enumeration,r1|4|6|6|6|6_u0,6,0,1|4|6|6|6|6,2|5|7|7|7|7,29,35,5,0,none,True,True,False,False,True,False,computed_total_slot_anomaly_obstruction,29|35|6|0,0|30|30|30|30|30,none,0,0,True,,
widened_enumeration,r1|4|6|6|6|6_u1,6,1,1|4|6|6|6|6,2|5|7|7|7|7,29,35,5,0,none,True,True,False,False,True,False,computed_total_slot_anomaly_obstruction,29|35|6|1,0|30|30|30|30|30,none,0,0,True,,
widened_enumeration,r1|4|6|6|6|6_u2,6,2,1|4|6|6|6|6,2|5|7|7|7|7,29,35,5,0,none,True,True,False,False,True,False,computed_total_slot_anomaly_obstruction,29|35|6|2,0|30|30|30|30|30,none,0,0,True,,
widened_enumeration,r1|4|6|6|6|6_u3,6,3,1|4|6|6|6|6,2|5|7|7|7|7,29,35,5,0,none,True,True,False,False,True,False,computed_total_slot_anomaly_obstruction,29|35|6|3,0|30|30|30|30|30,none,0,0,True,,
widened_enumeration,r1|5|5|5|5|5_u0,6,0,1|5|5|5|5|5,2|6|6|6|6|6,26,32,5,0,none,True,True,False,False,False,False,computed_total_slot_anomaly_obstruction,26|32|6|0,0|27|27|27|27|27,none,0,0,True,,
widened_enumeration,r1|5|5|5|5|5_u1,6,1,1|5|5|5|5|5,2|6|6|6|6|6,26,32,5,0,none,True,True,False,False,False,False,computed_total_slot_anomaly_obstruction,26|32|6|1,0|27|27|27|27|27,none,0,0,True,,
widened_enumeration,r1|5|5|5|5|5_u2,6,2,1|5|5|5|5|5,2|6|6|6|6|6,26,32,5,0,none,True,True,False,False,False,False,computed_total_slot_anomaly_obstruction,26|32|6|2,0|27|27|27|27|27,none,0,0,True,,
widened_enumeration,r1|5|5|5|5|5_u3,6,3,1|5|5|5|5|5,2|6|6|6|6|6,26,32,5,0,none,True,True,False,False,False,False,computed_total_slot_anomaly_obstruction,26|32|6|3,0|27|27|27|27|27,none,0,0,True,,
widened_enumeration,r1|5|5|5|5|6_u0,6,0,1|5|5|5|5|6,2|6|6|6|6|7,27,33,5,0,none,True,True,False,False,True,False,computed_total_slot_anomaly_obstruction,27|33|6|0,0|28|28|28|28|28,none,0,0,True,,
widened_enumeration,r1|5|5|5|5|6_u1,6,1,1|5|5|5|5|6,2|6|6|6|6|7,27,33,5,0,none,True,True,False,False,True,False,computed_total_slot_anomaly_obstruction,27|33|6|1,0|28|28|28|28|28,none,0,0,True,,
widened_enumeration,r1|5|5|5|5|6_u2,6,2,1|5|5|5|5|6,2|6|6|6|6|7,27,33,5,0,none,True,True,False,False,True,False,computed_total_slot_anomaly_obstruction,27|33|6|2,0|28|28|28|28|28,none,0,0,True,,
widened_enumeration,r1|5|5|5|5|6_u3,6,3,1|5|5|5|5|6,2|6|6|6|6|7,27,33,5,0,none,True,True,False,False,True,False,computed_total_slot_anomaly_obstruction,27|33|6|3,0|28|28|28|28|28,none,0,0,True,,
widened_enumeration,r1|5|5|5|6|6_u0,6,0,1|5|5|5|6|6,2|6|6|6|7|7,28,34,5,0,none,True,True,False,False,False,False,computed_total_slot_anomaly_obstruction,28|34|6|0,0|29|29|29|29|29,none,0,0,True,,
widened_enumeration,r1|5|5|5|6|6_u1,6,1,1|5|5|5|6|6,2|6|6|6|7|7,28,34,5,0,none,True,True,False,False,False,False,computed_total_slot_anomaly_obstruction,28|34|6|1,0|29|29|29|29|29,none,0,0,True,,
widened_enumeration,r1|5|5|5|6|6_u2,6,2,1|5|5|5|6|6,2|6|6|6|7|7,28,34,5,0,none,True,True,False,False,False,False,computed_total_slot_anomaly_obstruction,28|34|6|2,0|29|29|29|29|29,none,0,0,True,,
widened_enumeration,r1|5|5|5|6|6_u3,6,3,1|5|5|5|6|6,2|6|6|6|7|7,28,34,5,0,none,True,True,False,False,False,False,computed_total_slot_anomaly_obstruction,28|34|6|3,0|29|29|29|29|29,none,0,0,True,,
widened_enumeration,r1|5|5|6|6|6_u0,6,0,1|5|5|6|6|6,2|6|6|7|7|7,29,35,5,0,none,True,True,False,False,True,False,computed_total_slot_anomaly_obstruction,29|35|6|0,0|30|30|30|30|30,none,0,0,True,,
widened_enumeration,r1|5|5|6|6|6_u1,6,1,1|5|5|6|6|6,2|6|6|7|7|7,29,35,5,0,none,True,True,False,False,True,False,computed_total_slot_anomaly_obstruction,29|35|6|1,0|30|30|30|30|30,none,0,0,True,,
widened_enumeration,r1|5|5|6|6|6_u2,6,2,1|5|5|6|6|6,2|6|6|7|7|7,29,35,5,0,none,True,True,False,False,True,False,computed_total_slot_anomaly_obstruction,29|35|6|2,0|30|30|30|30|30,none,0,0,True,,
widened_enumeration,r1|5|5|6|6|6_u3,6,3,1|5|5|6|6|6,2|6|6|7|7|7,29,35,5,0,none,True,True,False,False,True,False,computed_total_slot_anomaly_obstruction,29|35|6|3,0|30|30|30|30|30,none,0,0,True,,
widened_enumeration,r1|5|6|6|6|6_u0,6,0,1|5|6|6|6|6,2|6|7|7|7|7,30,36,5,0,none,True,True,False,False,False,False,computed_total_slot_anomaly_obstruction,30|36|6|0,0|31|31|31|31|31,none,0,0,True,,
widened_enumeration,r1|5|6|6|6|6_u1,6,1,1|5|6|6|6|6,2|6|7|7|7|7,30,36,5,0,none,True,True,False,False,False,False,computed_total_slot_anomaly_obstruction,30|36|6|1,0|31|31|31|31|31,none,0,0,True,,
widened_enumeration,r1|5|6|6|6|6_u2,6,2,1|5|6|6|6|6,2|6|7|7|7|7,30,36,5,0,none,True,True,False,False,False,False,computed_total_slot_anomaly_obstruction,30|36|6|2,0|31|31|31|31|31,none,0,0,True,,
widened_enumeration,r1|5|6|6|6|6_u3,6,3,1|5|6|6|6|6,2|6|7|7|7|7,30,36,5,0,none,True,True,False,False,False,False,computed_total_slot_anomaly_obstruction,30|36|6|3,0|31|31|31|31|31,none,0,0,True,,
widened_enumeration,r1|6|6|6|6|6_u0,6,0,1|6|6|6|6|6,2|7|7|7|7|7,31,37,5,0,none,True,True,False,False,True,False,computed_total_slot_anomaly_obstruction,31|37|6|0,0|32|32|32|32|32,none,0,0,True,,
widened_enumeration,r1|6|6|6|6|6_u1,6,1,1|6|6|6|6|6,2|7|7|7|7|7,31,37,5,0,none,True,True,False,False,True,False,computed_total_slot_anomaly_obstruction,31|37|6|1,0|32|32|32|32|32,none,0,0,True,,
widened_enumeration,r1|6|6|6|6|6_u2,6,2,1|6|6|6|6|6,2|7|7|7|7|7,31,37,5,0,none,True,True,False,False,True,False,computed_total_slot_anomaly_obstruction,31|37|6|2,0|32|32|32|32|32,none,0,0,True,,
widened_enumeration,r1|6|6|6|6|6_u3,6,3,1|6|6|6|6|6,2|7|7|7|7|7,31,37,5,0,none,True,True,False,False,True,False,computed_total_slot_anomaly_obstruction,31|37|6|3,0|32|32|32|32|32,none,0,0,True,,
widened_enumeration,r2|2|2|2|2|2_u0,6,0,2|2|2|2|2|2,3|3|3|3|3|3,12,18,5,0,none,True,True,False,False,True,False,computed_total_slot_anomaly_obstruction,12|18|6|0,13|13|13|13|13|13,none,0,0,True,,
widened_enumeration,r2|2|2|2|2|2_u1,6,1,2|2|2|2|2|2,3|3|3|3|3|3,12,18,5,0,none,True,True,False,False,True,False,computed_total_slot_anomaly_obstruction,12|18|6|1,13|13|13|13|13|13,none,0,0,True,,
widened_enumeration,r2|2|2|2|2|2_u2,6,2,2|2|2|2|2|2,3|3|3|3|3|3,12,18,5,0,none,True,True,False,False,True,False,computed_total_slot_anomaly_obstruction,12|18|6|2,13|13|13|13|13|13,none,0,0,True,,
widened_enumeration,r2|2|2|2|2|2_u3,6,3,2|2|2|2|2|2,3|3|3|3|3|3,12,18,5,0,none,True,True,False,False,True,False,computed_total_slot_anomaly_obstruction,12|18|6|3,13|13|13|13|13|13,none,0,0,True,,
widened_enumeration,r2|2|2|2|2|3_u0,6,0,2|2|2|2|2|3,3|3|3|3|3|4,13,19,5,0,none,True,True,False,False,True,False,computed_total_slot_anomaly_obstruction,13|19|6|0,14|14|14|14|14|14,none,0,0,True,,
widened_enumeration,r2|2|2|2|2|3_u1,6,1,2|2|2|2|2|3,3|3|3|3|3|4,13,19,5,0,none,True,True,False,False,True,False,computed_total_slot_anomaly_obstruction,13|19|6|1,14|14|14|14|14|14,none,0,0,True,,
widened_enumeration,r2|2|2|2|2|3_u2,6,2,2|2|2|2|2|3,3|3|3|3|3|4,13,19,5,0,none,True,True,False,False,True,False,computed_total_slot_anomaly_obstruction,13|19|6|2,14|14|14|14|14|14,none,0,0,True,,
widened_enumeration,r2|2|2|2|2|3_u3,6,3,2|2|2|2|2|3,3|3|3|3|3|4,13,19,5,0,none,True,True,False,False,True,False,computed_total_slot_anomaly_obstruction,13|19|6|3,14|14|14|14|14|14,none,0,0,True,,
widened_enumeration,r2|2|2|2|2|4_u0,6,0,2|2|2|2|2|4,3|3|3|3|3|5,14,20,5,0,none,True,True,False,False,True,False,computed_total_slot_anomaly_obstruction,14|20|6|0,15|15|15|15|15|15,none,0,0,True,,
widened_enumeration,r2|2|2|2|2|4_u1,6,1,2|2|2|2|2|4,3|3|3|3|3|5,14,20,5,0,none,True,True,False,False,True,False,computed_total_slot_anomaly_obstruction,14|20|6|1,15|15|15|15|15|15,none,0,0,True,,
widened_enumeration,r2|2|2|2|2|4_u2,6,2,2|2|2|2|2|4,3|3|3|3|3|5,14,20,5,0,none,True,True,False,False,True,False,computed_total_slot_anomaly_obstruction,14|20|6|2,15|15|15|15|15|15,none,0,0,True,,
widened_enumeration,r2|2|2|2|2|4_u3,6,3,2|2|2|2|2|4,3|3|3|3|3|5,14,20,5,0,none,True,True,False,False,True,False,computed_total_slot_anomaly_obstruction,14|20|6|3,15|15|15|15|15|15,none,0,0,True,,
widened_enumeration,r2|2|2|2|2|5_u0,6,0,2|2|2|2|2|5,3|3|3|3|3|6,15,21,5,0,none,True,True,False,False,True,False,computed_total_slot_anomaly_obstruction,15|21|6|0,16|16|16|16|16|16,none,0,0,True,,
widened_enumeration,r2|2|2|2|2|5_u1,6,1,2|2|2|2|2|5,3|3|3|3|3|6,15,21,5,0,none,True,True,False,False,True,False,computed_total_slot_anomaly_obstruction,15|21|6|1,16|16|16|16|16|16,none,0,0,True,,
widened_enumeration,r2|2|2|2|2|5_u2,6,2,2|2|2|2|2|5,3|3|3|3|3|6,15,21,5,0,none,True,True,False,False,True,False,computed_total_slot_anomaly_obstruction,15|21|6|2,16|16|16|16|16|16,none,0,0,True,,
widened_enumeration,r2|2|2|2|2|5_u3,6,3,2|2|2|2|2|5,3|3|3|3|3|6,15,21,5,0,none,True,True,False,False,True,False,computed_total_slot_anomaly_obstruction,15|21|6|3,16|16|16|16|16|16,none,0,0,True,,
widened_enumeration,r2|2|2|2|2|6_u0,6,0,2|2|2|2|2|6,3|3|3|3|3|7,16,22,5,0,none,True,True,False,False,True,False,computed_total_slot_anomaly_obstruction,16|22|6|0,17|17|17|17|17|17,none,0,0,True,,
widened_enumeration,r2|2|2|2|2|6_u1,6,1,2|2|2|2|2|6,3|3|3|3|3|7,16,22,5,0,none,True,True,False,False,True,False,computed_total_slot_anomaly_obstruction,16|22|6|1,17|17|17|17|17|17,none,0,0,True,,
widened_enumeration,r2|2|2|2|2|6_u2,6,2,2|2|2|2|2|6,3|3|3|3|3|7,16,22,5,0,none,True,True,False,False,True,False,computed_total_slot_anomaly_obstruction,16|22|6|2,17|17|17|17|17|17,none,0,0,True,,
widened_enumeration,r2|2|2|2|2|6_u3,6,3,2|2|2|2|2|6,3|3|3|3|3|7,16,22,5,0,none,True,True,False,False,True,False,computed_total_slot_anomaly_obstruction,16|22|6|3,17|17|17|17|17|17,none,0,0,True,,
widened_enumeration,r2|2|2|2|3|3_u0,6,0,2|2|2|2|3|3,3|3|3|3|4|4,14,20,5,0,none,True,True,False,False,True,False,computed_total_slot_anomaly_obstruction,14|20|6|0,15|15|15|15|15|15,none,0,0,True,,
widened_enumeration,r2|2|2|2|3|3_u1,6,1,2|2|2|2|3|3,3|3|3|3|4|4,14,20,5,0,none,True,True,False,False,True,False,computed_total_slot_anomaly_obstruction,14|20|6|1,15|15|15|15|15|15,none,0,0,True,,
widened_enumeration,r2|2|2|2|3|3_u2,6,2,2|2|2|2|3|3,3|3|3|3|4|4,14,20,5,0,none,True,True,False,False,True,False,computed_total_slot_anomaly_obstruction,14|20|6|2,15|15|15|15|15|15,none,0,0,True,,
widened_enumeration,r2|2|2|2|3|3_u3,6,3,2|2|2|2|3|3,3|3|3|3|4|4,14,20,5,0,none,True,True,False,False,True,False,computed_total_slot_anomaly_obstruction,14|20|6|3,15|15|15|15|15|15,none,0,0,True,,
widened_enumeration,r2|2|2|2|3|4_u0,6,0,2|2|2|2|3|4,3|3|3|3|4|5,15,21,5,0,none,True,True,False,False,True,False,computed_total_slot_anomaly_obstruction,15|21|6|0,16|16|16|16|16|16,none,0,0,True,,
widened_enumeration,r2|2|2|2|3|4_u1,6,1,2|2|2|2|3|4,3|3|3|3|4|5,15,21,5,0,none,True,True,False,False,True,False,computed_total_slot_anomaly_obstruction,15|21|6|1,16|16|16|16|16|16,none,0,0,True,,
widened_enumeration,r2|2|2|2|3|4_u2,6,2,2|2|2|2|3|4,3|3|3|3|4|5,15,21,5,0,none,True,True,False,False,True,False,computed_total_slot_anomaly_obstruction,15|21|6|2,16|16|16|16|16|16,none,0,0,True,,
widened_enumeration,r2|2|2|2|3|4_u3,6,3,2|2|2|2|3|4,3|3|3|3|4|5,15,21,5,0,none,True,True,False,False,True,False,computed_total_slot_anomaly_obstruction,15|21|6|3,16|16|16|16|16|16,none,0,0,True,,
widened_enumeration,r2|2|2|2|3|5_u0,6,0,2|2|2|2|3|5,3|3|3|3|4|6,16,22,5,0,none,True,True,False,False,True,False,computed_total_slot_anomaly_obstruction,16|22|6|0,17|17|17|17|17|17,none,0,0,True,,
widened_enumeration,r2|2|2|2|3|5_u1,6,1,2|2|2|2|3|5,3|3|3|3|4|6,16,22,5,0,none,True,True,False,False,True,False,computed_total_slot_anomaly_obstruction,16|22|6|1,17|17|17|17|17|17,none,0,0,True,,
widened_enumeration,r2|2|2|2|3|5_u2,6,2,2|2|2|2|3|5,3|3|3|3|4|6,16,22,5,0,none,True,True,False,False,True,False,computed_total_slot_anomaly_obstruction,16|22|6|2,17|17|17|17|17|17,none,0,0,True,,
widened_enumeration,r2|2|2|2|3|5_u3,6,3,2|2|2|2|3|5,3|3|3|3|4|6,16,22,5,0,none,True,True,False,False,True,False,computed_total_slot_anomaly_obstruction,16|22|6|3,17|17|17|17|17|17,none,0,0,True,,
widened_enumeration,r2|2|2|2|3|6_u0,6,0,2|2|2|2|3|6,3|3|3|3|4|7,17,23,5,0,none,True,True,False,False,True,False,computed_total_slot_anomaly_obstruction,17|23|6|0,18|18|18|18|18|18,none,0,0,True,,
widened_enumeration,r2|2|2|2|3|6_u1,6,1,2|2|2|2|3|6,3|3|3|3|4|7,17,23,5,0,none,True,True,False,False,True,False,computed_total_slot_anomaly_obstruction,17|23|6|1,18|18|18|18|18|18,none,0,0,True,,
widened_enumeration,r2|2|2|2|3|6_u2,6,2,2|2|2|2|3|6,3|3|3|3|4|7,17,23,5,0,none,True,True,False,False,True,False,computed_total_slot_anomaly_obstruction,17|23|6|2,18|18|18|18|18|18,none,0,0,True,,
widened_enumeration,r2|2|2|2|3|6_u3,6,3,2|2|2|2|3|6,3|3|3|3|4|7,17,23,5,0,none,True,True,False,False,True,False,computed_total_slot_anomaly_obstruction,17|23|6|3,18|18|18|18|18|18,none,0,0,True,,
widened_enumeration,r2|2|2|2|4|4_u0,6,0,2|2|2|2|4|4,3|3|3|3|5|5,16,22,5,0,none,True,True,False,False,True,False,computed_total_slot_anomaly_obstruction,16|22|6|0,17|17|17|17|17|17,none,0,0,True,,
widened_enumeration,r2|2|2|2|4|4_u1,6,1,2|2|2|2|4|4,3|3|3|3|5|5,16,22,5,0,none,True,True,False,False,True,False,computed_total_slot_anomaly_obstruction,16|22|6|1,17|17|17|17|17|17,none,0,0,True,,
widened_enumeration,r2|2|2|2|4|4_u2,6,2,2|2|2|2|4|4,3|3|3|3|5|5,16,22,5,0,none,True,True,False,False,True,False,computed_total_slot_anomaly_obstruction,16|22|6|2,17|17|17|17|17|17,none,0,0,True,,
widened_enumeration,r2|2|2|2|4|4_u3,6,3,2|2|2|2|4|4,3|3|3|3|5|5,16,22,5,0,none,True,True,False,False,True,False,computed_total_slot_anomaly_obstruction,16|22|6|3,17|17|17|17|17|17,none,0,0,True,,
widened_enumeration,r2|2|2|2|4|5_u0,6,0,2|2|2|2|4|5,3|3|3|3|5|6,17,23,5,0,none,True,True,False,False,True,False,computed_total_slot_anomaly_obstruction,17|23|6|0,18|18|18|18|18|18,none,0,0,True,,
widened_enumeration,r2|2|2|2|4|5_u1,6,1,2|2|2|2|4|5,3|3|3|3|5|6,17,23,5,0,none,True,True,False,False,True,False,computed_total_slot_anomaly_obstruction,17|23|6|1,18|18|18|18|18|18,none,0,0,True,,
widened_enumeration,r2|2|2|2|4|5_u2,6,2,2|2|2|2|4|5,3|3|3|3|5|6,17,23,5,0,none,True,True,False,False,True,False,computed_total_slot_anomaly_obstruction,17|23|6|2,18|18|18|18|18|18,none,0,0,True,,
widened_enumeration,r2|2|2|2|4|5_u3,6,3,2|2|2|2|4|5,3|3|3|3|5|6,17,23,5,0,none,True,True,False,False,True,False,computed_total_slot_anomaly_obstruction,17|23|6|3,18|18|18|18|18|18,none,0,0,True,,
widened_enumeration,r2|2|2|2|4|6_u0,6,0,2|2|2|2|4|6,3|3|3|3|5|7,18,24,5,0,none,True,True,False,False,True,False,computed_total_slot_anomaly_obstruction,18|24|6|0,19|19|19|19|19|19,none,0,0,True,,
widened_enumeration,r2|2|2|2|4|6_u1,6,1,2|2|2|2|4|6,3|3|3|3|5|7,18,24,5,0,none,True,True,False,False,True,False,computed_total_slot_anomaly_obstruction,18|24|6|1,19|19|19|19|19|19,none,0,0,True,,
widened_enumeration,r2|2|2|2|4|6_u2,6,2,2|2|2|2|4|6,3|3|3|3|5|7,18,24,5,0,none,True,True,False,False,True,False,computed_total_slot_anomaly_obstruction,18|24|6|2,19|19|19|19|19|19,none,0,0,True,,
widened_enumeration,r2|2|2|2|4|6_u3,6,3,2|2|2|2|4|6,3|3|3|3|5|7,18,24,5,0,none,True,True,False,False,True,False,computed_total_slot_anomaly_obstruction,18|24|6|3,19|19|19|19|19|19,none,0,0,True,,
widened_enumeration,r2|2|2|2|5|5_u0,6,0,2|2|2|2|5|5,3|3|3|3|6|6,18,24,5,0,none,True,True,False,False,True,False,computed_total_slot_anomaly_obstruction,18|24|6|0,19|19|19|19|19|19,none,0,0,True,,
widened_enumeration,r2|2|2|2|5|5_u1,6,1,2|2|2|2|5|5,3|3|3|3|6|6,18,24,5,0,none,True,True,False,False,True,False,computed_total_slot_anomaly_obstruction,18|24|6|1,19|19|19|19|19|19,none,0,0,True,,
widened_enumeration,r2|2|2|2|5|5_u2,6,2,2|2|2|2|5|5,3|3|3|3|6|6,18,24,5,0,none,True,True,False,False,True,False,computed_total_slot_anomaly_obstruction,18|24|6|2,19|19|19|19|19|19,none,0,0,True,,
widened_enumeration,r2|2|2|2|5|5_u3,6,3,2|2|2|2|5|5,3|3|3|3|6|6,18,24,5,0,none,True,True,False,False,True,False,computed_total_slot_anomaly_obstruction,18|24|6|3,19|19|19|19|19|19,none,0,0,True,,
widened_enumeration,r2|2|2|2|5|6_u0,6,0,2|2|2|2|5|6,3|3|3|3|6|7,19,25,5,0,none,True,True,False,False,True,False,computed_total_slot_anomaly_obstruction,19|25|6|0,20|20|20|20|20|20,none,0,0,True,,
widened_enumeration,r2|2|2|2|5|6_u1,6,1,2|2|2|2|5|6,3|3|3|3|6|7,19,25,5,0,none,True,True,False,False,True,False,computed_total_slot_anomaly_obstruction,19|25|6|1,20|20|20|20|20|20,none,0,0,True,,
widened_enumeration,r2|2|2|2|5|6_u2,6,2,2|2|2|2|5|6,3|3|3|3|6|7,19,25,5,0,none,True,True,False,False,True,False,computed_total_slot_anomaly_obstruction,19|25|6|2,20|20|20|20|20|20,none,0,0,True,,
widened_enumeration,r2|2|2|2|5|6_u3,6,3,2|2|2|2|5|6,3|3|3|3|6|7,19,25,5,0,none,True,True,False,False,True,False,computed_total_slot_anomaly_obstruction,19|25|6|3,20|20|20|20|20|20,none,0,0,True,,
widened_enumeration,r2|2|2|2|6|6_u0,6,0,2|2|2|2|6|6,3|3|3|3|7|7,20,26,5,0,none,True,True,False,False,True,False,computed_total_slot_anomaly_obstruction,20|26|6|0,21|21|21|21|21|21,none,0,0,True,,
widened_enumeration,r2|2|2|2|6|6_u1,6,1,2|2|2|2|6|6,3|3|3|3|7|7,20,26,5,0,none,True,True,False,False,True,False,computed_total_slot_anomaly_obstruction,20|26|6|1,21|21|21|21|21|21,none,0,0,True,,
widened_enumeration,r2|2|2|2|6|6_u2,6,2,2|2|2|2|6|6,3|3|3|3|7|7,20,26,5,0,none,True,True,False,False,True,False,computed_total_slot_anomaly_obstruction,20|26|6|2,21|21|21|21|21|21,none,0,0,True,,
widened_enumeration,r2|2|2|2|6|6_u3,6,3,2|2|2|2|6|6,3|3|3|3|7|7,20,26,5,0,none,True,True,False,False,True,False,computed_total_slot_anomaly_obstruction,20|26|6|3,21|21|21|21|21|21,none,0,0,True,,
widened_enumeration,r2|2|2|3|3|3_u0,6,0,2|2|2|3|3|3,3|3|3|4|4|4,15,21,5,0,none,True,True,False,False,True,False,computed_total_slot_anomaly_obstruction,15|21|6|0,16|16|16|16|16|16,none,0,0,True,,
widened_enumeration,r2|2|2|3|3|3_u1,6,1,2|2|2|3|3|3,3|3|3|4|4|4,15,21,5,0,none,True,True,False,False,True,False,computed_total_slot_anomaly_obstruction,15|21|6|1,16|16|16|16|16|16,none,0,0,True,,
widened_enumeration,r2|2|2|3|3|3_u2,6,2,2|2|2|3|3|3,3|3|3|4|4|4,15,21,5,0,none,True,True,False,False,True,False,computed_total_slot_anomaly_obstruction,15|21|6|2,16|16|16|16|16|16,none,0,0,True,,
widened_enumeration,r2|2|2|3|3|3_u3,6,3,2|2|2|3|3|3,3|3|3|4|4|4,15,21,5,0,none,True,True,False,False,True,False,computed_total_slot_anomaly_obstruction,15|21|6|3,16|16|16|16|16|16,none,0,0,True,,
widened_enumeration,r2|2|2|3|3|4_u0,6,0,2|2|2|3|3|4,3|3|3|4|4|5,16,22,5,0,none,True,True,False,False,True,False,computed_total_slot_anomaly_obstruction,16|22|6|0,17|17|17|17|17|17,none,0,0,True,,
widened_enumeration,r2|2|2|3|3|4_u1,6,1,2|2|2|3|3|4,3|3|3|4|4|5,16,22,5,0,none,True,True,False,False,True,False,computed_total_slot_anomaly_obstruction,16|22|6|1,17|17|17|17|17|17,none,0,0,True,,
widened_enumeration,r2|2|2|3|3|4_u2,6,2,2|2|2|3|3|4,3|3|3|4|4|5,16,22,5,0,none,True,True,False,False,True,False,computed_total_slot_anomaly_obstruction,16|22|6|2,17|17|17|17|17|17,none,0,0,True,,
widened_enumeration,r2|2|2|3|3|4_u3,6,3,2|2|2|3|3|4,3|3|3|4|4|5,16,22,5,0,none,True,True,False,False,True,False,computed_total_slot_anomaly_obstruction,16|22|6|3,17|17|17|17|17|17,none,0,0,True,,
widened_enumeration,r2|2|2|3|3|5_u0,6,0,2|2|2|3|3|5,3|3|3|4|4|6,17,23,5,0,none,True,True,False,False,True,False,computed_total_slot_anomaly_obstruction,17|23|6|0,18|18|18|18|18|18,none,0,0,True,,
widened_enumeration,r2|2|2|3|3|5_u1,6,1,2|2|2|3|3|5,3|3|3|4|4|6,17,23,5,0,none,True,True,False,False,True,False,computed_total_slot_anomaly_obstruction,17|23|6|1,18|18|18|18|18|18,none,0,0,True,,
widened_enumeration,r2|2|2|3|3|5_u2,6,2,2|2|2|3|3|5,3|3|3|4|4|6,17,23,5,0,none,True,True,False,False,True,False,computed_total_slot_anomaly_obstruction,17|23|6|2,18|18|18|18|18|18,none,0,0,True,,
widened_enumeration,r2|2|2|3|3|5_u3,6,3,2|2|2|3|3|5,3|3|3|4|4|6,17,23,5,0,none,True,True,False,False,True,False,computed_total_slot_anomaly_obstruction,17|23|6|3,18|18|18|18|18|18,none,0,0,True,,
widened_enumeration,r2|2|2|3|3|6_u0,6,0,2|2|2|3|3|6,3|3|3|4|4|7,18,24,5,0,none,True,True,False,False,True,False,computed_total_slot_anomaly_obstruction,18|24|6|0,19|19|19|19|19|19,none,0,0,True,,
widened_enumeration,r2|2|2|3|3|6_u1,6,1,2|2|2|3|3|6,3|3|3|4|4|7,18,24,5,0,none,True,True,False,False,True,False,computed_total_slot_anomaly_obstruction,18|24|6|1,19|19|19|19|19|19,none,0,0,True,,
widened_enumeration,r2|2|2|3|3|6_u2,6,2,2|2|2|3|3|6,3|3|3|4|4|7,18,24,5,0,none,True,True,False,False,True,False,computed_total_slot_anomaly_obstruction,18|24|6|2,19|19|19|19|19|19,none,0,0,True,,
widened_enumeration,r2|2|2|3|3|6_u3,6,3,2|2|2|3|3|6,3|3|3|4|4|7,18,24,5,0,none,True,True,False,False,True,False,computed_total_slot_anomaly_obstruction,18|24|6|3,19|19|19|19|19|19,none,0,0,True,,
widened_enumeration,r2|2|2|3|4|4_u0,6,0,2|2|2|3|4|4,3|3|3|4|5|5,17,23,5,0,none,True,True,False,False,True,False,computed_total_slot_anomaly_obstruction,17|23|6|0,18|18|18|18|18|18,none,0,0,True,,
widened_enumeration,r2|2|2|3|4|4_u1,6,1,2|2|2|3|4|4,3|3|3|4|5|5,17,23,5,0,none,True,True,False,False,True,False,computed_total_slot_anomaly_obstruction,17|23|6|1,18|18|18|18|18|18,none,0,0,True,,
widened_enumeration,r2|2|2|3|4|4_u2,6,2,2|2|2|3|4|4,3|3|3|4|5|5,17,23,5,0,none,True,True,False,False,True,False,computed_total_slot_anomaly_obstruction,17|23|6|2,18|18|18|18|18|18,none,0,0,True,,
widened_enumeration,r2|2|2|3|4|4_u3,6,3,2|2|2|3|4|4,3|3|3|4|5|5,17,23,5,0,none,True,True,False,False,True,False,computed_total_slot_anomaly_obstruction,17|23|6|3,18|18|18|18|18|18,none,0,0,True,,
widened_enumeration,r2|2|2|3|4|5_u0,6,0,2|2|2|3|4|5,3|3|3|4|5|6,18,24,5,0,none,True,True,False,False,True,False,computed_total_slot_anomaly_obstruction,18|24|6|0,19|19|19|19|19|19,none,0,0,True,,
widened_enumeration,r2|2|2|3|4|5_u1,6,1,2|2|2|3|4|5,3|3|3|4|5|6,18,24,5,0,none,True,True,False,False,True,False,computed_total_slot_anomaly_obstruction,18|24|6|1,19|19|19|19|19|19,none,0,0,True,,
widened_enumeration,r2|2|2|3|4|5_u2,6,2,2|2|2|3|4|5,3|3|3|4|5|6,18,24,5,0,none,True,True,False,False,True,False,computed_total_slot_anomaly_obstruction,18|24|6|2,19|19|19|19|19|19,none,0,0,True,,
widened_enumeration,r2|2|2|3|4|5_u3,6,3,2|2|2|3|4|5,3|3|3|4|5|6,18,24,5,0,none,True,True,False,False,True,False,computed_total_slot_anomaly_obstruction,18|24|6|3,19|19|19|19|19|19,none,0,0,True,,
widened_enumeration,r2|2|2|3|4|6_u0,6,0,2|2|2|3|4|6,3|3|3|4|5|7,19,25,5,0,none,True,True,False,False,True,False,computed_total_slot_anomaly_obstruction,19|25|6|0,20|20|20|20|20|20,none,0,0,True,,
widened_enumeration,r2|2|2|3|4|6_u1,6,1,2|2|2|3|4|6,3|3|3|4|5|7,19,25,5,0,none,True,True,False,False,True,False,computed_total_slot_anomaly_obstruction,19|25|6|1,20|20|20|20|20|20,none,0,0,True,,
widened_enumeration,r2|2|2|3|4|6_u2,6,2,2|2|2|3|4|6,3|3|3|4|5|7,19,25,5,0,none,True,True,False,False,True,False,computed_total_slot_anomaly_obstruction,19|25|6|2,20|20|20|20|20|20,none,0,0,True,,
widened_enumeration,r2|2|2|3|4|6_u3,6,3,2|2|2|3|4|6,3|3|3|4|5|7,19,25,5,0,none,True,True,False,False,True,False,computed_total_slot_anomaly_obstruction,19|25|6|3,20|20|20|20|20|20,none,0,0,True,,
widened_enumeration,r2|2|2|3|5|5_u0,6,0,2|2|2|3|5|5,3|3|3|4|6|6,19,25,5,0,none,True,True,False,False,True,False,computed_total_slot_anomaly_obstruction,19|25|6|0,20|20|20|20|20|20,none,0,0,True,,
widened_enumeration,r2|2|2|3|5|5_u1,6,1,2|2|2|3|5|5,3|3|3|4|6|6,19,25,5,0,none,True,True,False,False,True,False,computed_total_slot_anomaly_obstruction,19|25|6|1,20|20|20|20|20|20,none,0,0,True,,
widened_enumeration,r2|2|2|3|5|5_u2,6,2,2|2|2|3|5|5,3|3|3|4|6|6,19,25,5,0,none,True,True,False,False,True,False,computed_total_slot_anomaly_obstruction,19|25|6|2,20|20|20|20|20|20,none,0,0,True,,
widened_enumeration,r2|2|2|3|5|5_u3,6,3,2|2|2|3|5|5,3|3|3|4|6|6,19,25,5,0,none,True,True,False,False,True,False,computed_total_slot_anomaly_obstruction,19|25|6|3,20|20|20|20|20|20,none,0,0,True,,
widened_enumeration,r2|2|2|3|5|6_u0,6,0,2|2|2|3|5|6,3|3|3|4|6|7,20,26,5,0,none,True,True,False,False,True,False,computed_total_slot_anomaly_obstruction,20|26|6|0,21|21|21|21|21|21,none,0,0,True,,
widened_enumeration,r2|2|2|3|5|6_u1,6,1,2|2|2|3|5|6,3|3|3|4|6|7,20,26,5,0,none,True,True,False,False,True,False,computed_total_slot_anomaly_obstruction,20|26|6|1,21|21|21|21|21|21,none,0,0,True,,
widened_enumeration,r2|2|2|3|5|6_u2,6,2,2|2|2|3|5|6,3|3|3|4|6|7,20,26,5,0,none,True,True,False,False,True,False,computed_total_slot_anomaly_obstruction,20|26|6|2,21|21|21|21|21|21,none,0,0,True,,
widened_enumeration,r2|2|2|3|5|6_u3,6,3,2|2|2|3|5|6,3|3|3|4|6|7,20,26,5,0,none,True,True,False,False,True,False,computed_total_slot_anomaly_obstruction,20|26|6|3,21|21|21|21|21|21,none,0,0,True,,
widened_enumeration,r2|2|2|3|6|6_u0,6,0,2|2|2|3|6|6,3|3|3|4|7|7,21,27,5,0,none,True,True,False,False,True,False,computed_total_slot_anomaly_obstruction,21|27|6|0,22|22|22|22|22|22,none,0,0,True,,
widened_enumeration,r2|2|2|3|6|6_u1,6,1,2|2|2|3|6|6,3|3|3|4|7|7,21,27,5,0,none,True,True,False,False,True,False,computed_total_slot_anomaly_obstruction,21|27|6|1,22|22|22|22|22|22,none,0,0,True,,
widened_enumeration,r2|2|2|3|6|6_u2,6,2,2|2|2|3|6|6,3|3|3|4|7|7,21,27,5,0,none,True,True,False,False,True,False,computed_total_slot_anomaly_obstruction,21|27|6|2,22|22|22|22|22|22,none,0,0,True,,
widened_enumeration,r2|2|2|3|6|6_u3,6,3,2|2|2|3|6|6,3|3|3|4|7|7,21,27,5,0,none,True,True,False,False,True,False,computed_total_slot_anomaly_obstruction,21|27|6|3,22|22|22|22|22|22,none,0,0,True,,
widened_enumeration,r2|2|2|4|4|4_u0,6,0,2|2|2|4|4|4,3|3|3|5|5|5,18,24,5,0,none,True,True,False,False,True,False,computed_total_slot_anomaly_obstruction,18|24|6|0,19|19|19|19|19|19,none,0,0,True,,
widened_enumeration,r2|2|2|4|4|4_u1,6,1,2|2|2|4|4|4,3|3|3|5|5|5,18,24,5,0,none,True,True,False,False,True,False,computed_total_slot_anomaly_obstruction,18|24|6|1,19|19|19|19|19|19,none,0,0,True,,
widened_enumeration,r2|2|2|4|4|4_u2,6,2,2|2|2|4|4|4,3|3|3|5|5|5,18,24,5,0,none,True,True,False,False,True,False,computed_total_slot_anomaly_obstruction,18|24|6|2,19|19|19|19|19|19,none,0,0,True,,
widened_enumeration,r2|2|2|4|4|4_u3,6,3,2|2|2|4|4|4,3|3|3|5|5|5,18,24,5,0,none,True,True,False,False,True,False,computed_total_slot_anomaly_obstruction,18|24|6|3,19|19|19|19|19|19,none,0,0,True,,
widened_enumeration,r2|2|2|4|4|5_u0,6,0,2|2|2|4|4|5,3|3|3|5|5|6,19,25,5,0,none,True,True,False,False,True,False,computed_total_slot_anomaly_obstruction,19|25|6|0,20|20|20|20|20|20,none,0,0,True,,
widened_enumeration,r2|2|2|4|4|5_u1,6,1,2|2|2|4|4|5,3|3|3|5|5|6,19,25,5,0,none,True,True,False,False,True,False,computed_total_slot_anomaly_obstruction,19|25|6|1,20|20|20|20|20|20,none,0,0,True,,
widened_enumeration,r2|2|2|4|4|5_u2,6,2,2|2|2|4|4|5,3|3|3|5|5|6,19,25,5,0,none,True,True,False,False,True,False,computed_total_slot_anomaly_obstruction,19|25|6|2,20|20|20|20|20|20,none,0,0,True,,
widened_enumeration,r2|2|2|4|4|5_u3,6,3,2|2|2|4|4|5,3|3|3|5|5|6,19,25,5,0,none,True,True,False,False,True,False,computed_total_slot_anomaly_obstruction,19|25|6|3,20|20|20|20|20|20,none,0,0,True,,
widened_enumeration,r2|2|2|4|4|6_u0,6,0,2|2|2|4|4|6,3|3|3|5|5|7,20,26,5,0,none,True,True,False,False,True,False,computed_total_slot_anomaly_obstruction,20|26|6|0,21|21|21|21|21|21,none,0,0,True,,
widened_enumeration,r2|2|2|4|4|6_u1,6,1,2|2|2|4|4|6,3|3|3|5|5|7,20,26,5,0,none,True,True,False,False,True,False,computed_total_slot_anomaly_obstruction,20|26|6|1,21|21|21|21|21|21,none,0,0,True,,
widened_enumeration,r2|2|2|4|4|6_u2,6,2,2|2|2|4|4|6,3|3|3|5|5|7,20,26,5,0,none,True,True,False,False,True,False,computed_total_slot_anomaly_obstruction,20|26|6|2,21|21|21|21|21|21,none,0,0,True,,
widened_enumeration,r2|2|2|4|4|6_u3,6,3,2|2|2|4|4|6,3|3|3|5|5|7,20,26,5,0,none,True,True,False,False,True,False,computed_total_slot_anomaly_obstruction,20|26|6|3,21|21|21|21|21|21,none,0,0,True,,
widened_enumeration,r2|2|2|4|5|5_u0,6,0,2|2|2|4|5|5,3|3|3|5|6|6,20,26,5,0,none,True,True,False,False,True,False,computed_total_slot_anomaly_obstruction,20|26|6|0,21|21|21|21|21|21,none,0,0,True,,
widened_enumeration,r2|2|2|4|5|5_u1,6,1,2|2|2|4|5|5,3|3|3|5|6|6,20,26,5,0,none,True,True,False,False,True,False,computed_total_slot_anomaly_obstruction,20|26|6|1,21|21|21|21|21|21,none,0,0,True,,
widened_enumeration,r2|2|2|4|5|5_u2,6,2,2|2|2|4|5|5,3|3|3|5|6|6,20,26,5,0,none,True,True,False,False,True,False,computed_total_slot_anomaly_obstruction,20|26|6|2,21|21|21|21|21|21,none,0,0,True,,
widened_enumeration,r2|2|2|4|5|5_u3,6,3,2|2|2|4|5|5,3|3|3|5|6|6,20,26,5,0,none,True,True,False,False,True,False,computed_total_slot_anomaly_obstruction,20|26|6|3,21|21|21|21|21|21,none,0,0,True,,
widened_enumeration,r2|2|2|4|5|6_u0,6,0,2|2|2|4|5|6,3|3|3|5|6|7,21,27,5,0,none,True,True,False,False,True,False,computed_total_slot_anomaly_obstruction,21|27|6|0,22|22|22|22|22|22,none,0,0,True,,
widened_enumeration,r2|2|2|4|5|6_u1,6,1,2|2|2|4|5|6,3|3|3|5|6|7,21,27,5,0,none,True,True,False,False,True,False,computed_total_slot_anomaly_obstruction,21|27|6|1,22|22|22|22|22|22,none,0,0,True,,
widened_enumeration,r2|2|2|4|5|6_u2,6,2,2|2|2|4|5|6,3|3|3|5|6|7,21,27,5,0,none,True,True,False,False,True,False,computed_total_slot_anomaly_obstruction,21|27|6|2,22|22|22|22|22|22,none,0,0,True,,
widened_enumeration,r2|2|2|4|5|6_u3,6,3,2|2|2|4|5|6,3|3|3|5|6|7,21,27,5,0,none,True,True,False,False,True,False,computed_total_slot_anomaly_obstruction,21|27|6|3,22|22|22|22|22|22,none,0,0,True,,
widened_enumeration,r2|2|2|4|6|6_u0,6,0,2|2|2|4|6|6,3|3|3|5|7|7,22,28,5,0,none,True,True,False,False,True,False,computed_total_slot_anomaly_obstruction,22|28|6|0,23|23|23|23|23|23,none,0,0,True,,
widened_enumeration,r2|2|2|4|6|6_u1,6,1,2|2|2|4|6|6,3|3|3|5|7|7,22,28,5,0,none,True,True,False,False,True,False,computed_total_slot_anomaly_obstruction,22|28|6|1,23|23|23|23|23|23,none,0,0,True,,
widened_enumeration,r2|2|2|4|6|6_u2,6,2,2|2|2|4|6|6,3|3|3|5|7|7,22,28,5,0,none,True,True,False,False,True,False,computed_total_slot_anomaly_obstruction,22|28|6|2,23|23|23|23|23|23,none,0,0,True,,
widened_enumeration,r2|2|2|4|6|6_u3,6,3,2|2|2|4|6|6,3|3|3|5|7|7,22,28,5,0,none,True,True,False,False,True,False,computed_total_slot_anomaly_obstruction,22|28|6|3,23|23|23|23|23|23,none,0,0,True,,
widened_enumeration,r2|2|2|5|5|5_u0,6,0,2|2|2|5|5|5,3|3|3|6|6|6,21,27,5,0,none,True,True,False,False,True,False,computed_total_slot_anomaly_obstruction,21|27|6|0,22|22|22|22|22|22,none,0,0,True,,
widened_enumeration,r2|2|2|5|5|5_u1,6,1,2|2|2|5|5|5,3|3|3|6|6|6,21,27,5,0,none,True,True,False,False,True,False,computed_total_slot_anomaly_obstruction,21|27|6|1,22|22|22|22|22|22,none,0,0,True,,
widened_enumeration,r2|2|2|5|5|5_u2,6,2,2|2|2|5|5|5,3|3|3|6|6|6,21,27,5,0,none,True,True,False,False,True,False,computed_total_slot_anomaly_obstruction,21|27|6|2,22|22|22|22|22|22,none,0,0,True,,
widened_enumeration,r2|2|2|5|5|5_u3,6,3,2|2|2|5|5|5,3|3|3|6|6|6,21,27,5,0,none,True,True,False,False,True,False,computed_total_slot_anomaly_obstruction,21|27|6|3,22|22|22|22|22|22,none,0,0,True,,
widened_enumeration,r2|2|2|5|5|6_u0,6,0,2|2|2|5|5|6,3|3|3|6|6|7,22,28,5,0,none,True,True,False,False,True,False,computed_total_slot_anomaly_obstruction,22|28|6|0,23|23|23|23|23|23,none,0,0,True,,
widened_enumeration,r2|2|2|5|5|6_u1,6,1,2|2|2|5|5|6,3|3|3|6|6|7,22,28,5,0,none,True,True,False,False,True,False,computed_total_slot_anomaly_obstruction,22|28|6|1,23|23|23|23|23|23,none,0,0,True,,
widened_enumeration,r2|2|2|5|5|6_u2,6,2,2|2|2|5|5|6,3|3|3|6|6|7,22,28,5,0,none,True,True,False,False,True,False,computed_total_slot_anomaly_obstruction,22|28|6|2,23|23|23|23|23|23,none,0,0,True,,
widened_enumeration,r2|2|2|5|5|6_u3,6,3,2|2|2|5|5|6,3|3|3|6|6|7,22,28,5,0,none,True,True,False,False,True,False,computed_total_slot_anomaly_obstruction,22|28|6|3,23|23|23|23|23|23,none,0,0,True,,
widened_enumeration,r2|2|2|5|6|6_u0,6,0,2|2|2|5|6|6,3|3|3|6|7|7,23,29,5,0,none,True,True,False,False,True,False,computed_total_slot_anomaly_obstruction,23|29|6|0,24|24|24|24|24|24,none,0,0,True,,
widened_enumeration,r2|2|2|5|6|6_u1,6,1,2|2|2|5|6|6,3|3|3|6|7|7,23,29,5,0,none,True,True,False,False,True,False,computed_total_slot_anomaly_obstruction,23|29|6|1,24|24|24|24|24|24,none,0,0,True,,
widened_enumeration,r2|2|2|5|6|6_u2,6,2,2|2|2|5|6|6,3|3|3|6|7|7,23,29,5,0,none,True,True,False,False,True,False,computed_total_slot_anomaly_obstruction,23|29|6|2,24|24|24|24|24|24,none,0,0,True,,
widened_enumeration,r2|2|2|5|6|6_u3,6,3,2|2|2|5|6|6,3|3|3|6|7|7,23,29,5,0,none,True,True,False,False,True,False,computed_total_slot_anomaly_obstruction,23|29|6|3,24|24|24|24|24|24,none,0,0,True,,
widened_enumeration,r2|2|2|6|6|6_u0,6,0,2|2|2|6|6|6,3|3|3|7|7|7,24,30,5,0,none,True,True,False,False,True,False,computed_total_slot_anomaly_obstruction,24|30|6|0,25|25|25|25|25|25,none,0,0,True,,
widened_enumeration,r2|2|2|6|6|6_u1,6,1,2|2|2|6|6|6,3|3|3|7|7|7,24,30,5,0,none,True,True,False,False,True,False,computed_total_slot_anomaly_obstruction,24|30|6|1,25|25|25|25|25|25,none,0,0,True,,
widened_enumeration,r2|2|2|6|6|6_u2,6,2,2|2|2|6|6|6,3|3|3|7|7|7,24,30,5,0,none,True,True,False,False,True,False,computed_total_slot_anomaly_obstruction,24|30|6|2,25|25|25|25|25|25,none,0,0,True,,
widened_enumeration,r2|2|2|6|6|6_u3,6,3,2|2|2|6|6|6,3|3|3|7|7|7,24,30,5,0,none,True,True,False,False,True,False,computed_total_slot_anomaly_obstruction,24|30|6|3,25|25|25|25|25|25,none,0,0,True,,
widened_enumeration,r2|2|3|3|3|3_u0,6,0,2|2|3|3|3|3,3|3|4|4|4|4,16,22,5,0,none,True,True,False,False,True,False,computed_total_slot_anomaly_obstruction,16|22|6|0,17|17|17|17|17|17,none,0,0,True,,
widened_enumeration,r2|2|3|3|3|3_u1,6,1,2|2|3|3|3|3,3|3|4|4|4|4,16,22,5,0,none,True,True,False,False,True,False,computed_total_slot_anomaly_obstruction,16|22|6|1,17|17|17|17|17|17,none,0,0,True,,
widened_enumeration,r2|2|3|3|3|3_u2,6,2,2|2|3|3|3|3,3|3|4|4|4|4,16,22,5,0,none,True,True,False,False,True,False,computed_total_slot_anomaly_obstruction,16|22|6|2,17|17|17|17|17|17,none,0,0,True,,
widened_enumeration,r2|2|3|3|3|3_u3,6,3,2|2|3|3|3|3,3|3|4|4|4|4,16,22,5,0,none,True,True,False,False,True,False,computed_total_slot_anomaly_obstruction,16|22|6|3,17|17|17|17|17|17,none,0,0,True,,
widened_enumeration,r2|2|3|3|3|4_u0,6,0,2|2|3|3|3|4,3|3|4|4|4|5,17,23,5,0,none,True,True,False,False,True,False,computed_total_slot_anomaly_obstruction,17|23|6|0,18|18|18|18|18|18,none,0,0,True,,
widened_enumeration,r2|2|3|3|3|4_u1,6,1,2|2|3|3|3|4,3|3|4|4|4|5,17,23,5,0,none,True,True,False,False,True,False,computed_total_slot_anomaly_obstruction,17|23|6|1,18|18|18|18|18|18,none,0,0,True,,
widened_enumeration,r2|2|3|3|3|4_u2,6,2,2|2|3|3|3|4,3|3|4|4|4|5,17,23,5,0,none,True,True,False,False,True,False,computed_total_slot_anomaly_obstruction,17|23|6|2,18|18|18|18|18|18,none,0,0,True,,
widened_enumeration,r2|2|3|3|3|4_u3,6,3,2|2|3|3|3|4,3|3|4|4|4|5,17,23,5,0,none,True,True,False,False,True,False,computed_total_slot_anomaly_obstruction,17|23|6|3,18|18|18|18|18|18,none,0,0,True,,
widened_enumeration,r2|2|3|3|3|5_u0,6,0,2|2|3|3|3|5,3|3|4|4|4|6,18,24,5,0,none,True,True,False,False,True,False,computed_total_slot_anomaly_obstruction,18|24|6|0,19|19|19|19|19|19,none,0,0,True,,
widened_enumeration,r2|2|3|3|3|5_u1,6,1,2|2|3|3|3|5,3|3|4|4|4|6,18,24,5,0,none,True,True,False,False,True,False,computed_total_slot_anomaly_obstruction,18|24|6|1,19|19|19|19|19|19,none,0,0,True,,
widened_enumeration,r2|2|3|3|3|5_u2,6,2,2|2|3|3|3|5,3|3|4|4|4|6,18,24,5,0,none,True,True,False,False,True,False,computed_total_slot_anomaly_obstruction,18|24|6|2,19|19|19|19|19|19,none,0,0,True,,
widened_enumeration,r2|2|3|3|3|5_u3,6,3,2|2|3|3|3|5,3|3|4|4|4|6,18,24,5,0,none,True,True,False,False,True,False,computed_total_slot_anomaly_obstruction,18|24|6|3,19|19|19|19|19|19,none,0,0,True,,
widened_enumeration,r2|2|3|3|3|6_u0,6,0,2|2|3|3|3|6,3|3|4|4|4|7,19,25,5,0,none,True,True,False,False,True,False,computed_total_slot_anomaly_obstruction,19|25|6|0,20|20|20|20|20|20,none,0,0,True,,
widened_enumeration,r2|2|3|3|3|6_u1,6,1,2|2|3|3|3|6,3|3|4|4|4|7,19,25,5,0,none,True,True,False,False,True,False,computed_total_slot_anomaly_obstruction,19|25|6|1,20|20|20|20|20|20,none,0,0,True,,
widened_enumeration,r2|2|3|3|3|6_u2,6,2,2|2|3|3|3|6,3|3|4|4|4|7,19,25,5,0,none,True,True,False,False,True,False,computed_total_slot_anomaly_obstruction,19|25|6|2,20|20|20|20|20|20,none,0,0,True,,
widened_enumeration,r2|2|3|3|3|6_u3,6,3,2|2|3|3|3|6,3|3|4|4|4|7,19,25,5,0,none,True,True,False,False,True,False,computed_total_slot_anomaly_obstruction,19|25|6|3,20|20|20|20|20|20,none,0,0,True,,
widened_enumeration,r2|2|3|3|4|4_u0,6,0,2|2|3|3|4|4,3|3|4|4|5|5,18,24,5,0,none,True,True,False,False,True,False,computed_total_slot_anomaly_obstruction,18|24|6|0,19|19|19|19|19|19,none,0,0,True,,
widened_enumeration,r2|2|3|3|4|4_u1,6,1,2|2|3|3|4|4,3|3|4|4|5|5,18,24,5,0,none,True,True,False,False,True,False,computed_total_slot_anomaly_obstruction,18|24|6|1,19|19|19|19|19|19,none,0,0,True,,
widened_enumeration,r2|2|3|3|4|4_u2,6,2,2|2|3|3|4|4,3|3|4|4|5|5,18,24,5,0,none,True,True,False,False,True,False,computed_total_slot_anomaly_obstruction,18|24|6|2,19|19|19|19|19|19,none,0,0,True,,
widened_enumeration,r2|2|3|3|4|4_u3,6,3,2|2|3|3|4|4,3|3|4|4|5|5,18,24,5,0,none,True,True,False,False,True,False,computed_total_slot_anomaly_obstruction,18|24|6|3,19|19|19|19|19|19,none,0,0,True,,
widened_enumeration,r2|2|3|3|4|5_u0,6,0,2|2|3|3|4|5,3|3|4|4|5|6,19,25,5,0,none,True,True,False,False,True,False,computed_total_slot_anomaly_obstruction,19|25|6|0,20|20|20|20|20|20,none,0,0,True,,
widened_enumeration,r2|2|3|3|4|5_u1,6,1,2|2|3|3|4|5,3|3|4|4|5|6,19,25,5,0,none,True,True,False,False,True,False,computed_total_slot_anomaly_obstruction,19|25|6|1,20|20|20|20|20|20,none,0,0,True,,
widened_enumeration,r2|2|3|3|4|5_u2,6,2,2|2|3|3|4|5,3|3|4|4|5|6,19,25,5,0,none,True,True,False,False,True,False,computed_total_slot_anomaly_obstruction,19|25|6|2,20|20|20|20|20|20,none,0,0,True,,
widened_enumeration,r2|2|3|3|4|5_u3,6,3,2|2|3|3|4|5,3|3|4|4|5|6,19,25,5,0,none,True,True,False,False,True,False,computed_total_slot_anomaly_obstruction,19|25|6|3,20|20|20|20|20|20,none,0,0,True,,
widened_enumeration,r2|2|3|3|4|6_u0,6,0,2|2|3|3|4|6,3|3|4|4|5|7,20,26,5,0,none,True,True,False,False,True,False,computed_total_slot_anomaly_obstruction,20|26|6|0,21|21|21|21|21|21,none,0,0,True,,
widened_enumeration,r2|2|3|3|4|6_u1,6,1,2|2|3|3|4|6,3|3|4|4|5|7,20,26,5,0,none,True,True,False,False,True,False,computed_total_slot_anomaly_obstruction,20|26|6|1,21|21|21|21|21|21,none,0,0,True,,
widened_enumeration,r2|2|3|3|4|6_u2,6,2,2|2|3|3|4|6,3|3|4|4|5|7,20,26,5,0,none,True,True,False,False,True,False,computed_total_slot_anomaly_obstruction,20|26|6|2,21|21|21|21|21|21,none,0,0,True,,
widened_enumeration,r2|2|3|3|4|6_u3,6,3,2|2|3|3|4|6,3|3|4|4|5|7,20,26,5,0,none,True,True,False,False,True,False,computed_total_slot_anomaly_obstruction,20|26|6|3,21|21|21|21|21|21,none,0,0,True,,
widened_enumeration,r2|2|3|3|5|5_u0,6,0,2|2|3|3|5|5,3|3|4|4|6|6,20,26,5,0,none,True,True,False,False,True,False,computed_total_slot_anomaly_obstruction,20|26|6|0,21|21|21|21|21|21,none,0,0,True,,
widened_enumeration,r2|2|3|3|5|5_u1,6,1,2|2|3|3|5|5,3|3|4|4|6|6,20,26,5,0,none,True,True,False,False,True,False,computed_total_slot_anomaly_obstruction,20|26|6|1,21|21|21|21|21|21,none,0,0,True,,
widened_enumeration,r2|2|3|3|5|5_u2,6,2,2|2|3|3|5|5,3|3|4|4|6|6,20,26,5,0,none,True,True,False,False,True,False,computed_total_slot_anomaly_obstruction,20|26|6|2,21|21|21|21|21|21,none,0,0,True,,
widened_enumeration,r2|2|3|3|5|5_u3,6,3,2|2|3|3|5|5,3|3|4|4|6|6,20,26,5,0,none,True,True,False,False,True,False,computed_total_slot_anomaly_obstruction,20|26|6|3,21|21|21|21|21|21,none,0,0,True,,
widened_enumeration,r2|2|3|3|5|6_u0,6,0,2|2|3|3|5|6,3|3|4|4|6|7,21,27,5,0,none,True,True,False,False,True,False,computed_total_slot_anomaly_obstruction,21|27|6|0,22|22|22|22|22|22,none,0,0,True,,
widened_enumeration,r2|2|3|3|5|6_u1,6,1,2|2|3|3|5|6,3|3|4|4|6|7,21,27,5,0,none,True,True,False,False,True,False,computed_total_slot_anomaly_obstruction,21|27|6|1,22|22|22|22|22|22,none,0,0,True,,
widened_enumeration,r2|2|3|3|5|6_u2,6,2,2|2|3|3|5|6,3|3|4|4|6|7,21,27,5,0,none,True,True,False,False,True,False,computed_total_slot_anomaly_obstruction,21|27|6|2,22|22|22|22|22|22,none,0,0,True,,
widened_enumeration,r2|2|3|3|5|6_u3,6,3,2|2|3|3|5|6,3|3|4|4|6|7,21,27,5,0,none,True,True,False,False,True,False,computed_total_slot_anomaly_obstruction,21|27|6|3,22|22|22|22|22|22,none,0,0,True,,
widened_enumeration,r2|2|3|3|6|6_u0,6,0,2|2|3|3|6|6,3|3|4|4|7|7,22,28,5,0,none,True,True,False,False,True,False,computed_total_slot_anomaly_obstruction,22|28|6|0,23|23|23|23|23|23,none,0,0,True,,
widened_enumeration,r2|2|3|3|6|6_u1,6,1,2|2|3|3|6|6,3|3|4|4|7|7,22,28,5,0,none,True,True,False,False,True,False,computed_total_slot_anomaly_obstruction,22|28|6|1,23|23|23|23|23|23,none,0,0,True,,
widened_enumeration,r2|2|3|3|6|6_u2,6,2,2|2|3|3|6|6,3|3|4|4|7|7,22,28,5,0,none,True,True,False,False,True,False,computed_total_slot_anomaly_obstruction,22|28|6|2,23|23|23|23|23|23,none,0,0,True,,
widened_enumeration,r2|2|3|3|6|6_u3,6,3,2|2|3|3|6|6,3|3|4|4|7|7,22,28,5,0,none,True,True,False,False,True,False,computed_total_slot_anomaly_obstruction,22|28|6|3,23|23|23|23|23|23,none,0,0,True,,
widened_enumeration,r2|2|3|4|4|4_u0,6,0,2|2|3|4|4|4,3|3|4|5|5|5,19,25,5,0,none,True,True,False,False,True,False,computed_total_slot_anomaly_obstruction,19|25|6|0,20|20|20|20|20|20,none,0,0,True,,
widened_enumeration,r2|2|3|4|4|4_u1,6,1,2|2|3|4|4|4,3|3|4|5|5|5,19,25,5,0,none,True,True,False,False,True,False,computed_total_slot_anomaly_obstruction,19|25|6|1,20|20|20|20|20|20,none,0,0,True,,
widened_enumeration,r2|2|3|4|4|4_u2,6,2,2|2|3|4|4|4,3|3|4|5|5|5,19,25,5,0,none,True,True,False,False,True,False,computed_total_slot_anomaly_obstruction,19|25|6|2,20|20|20|20|20|20,none,0,0,True,,
widened_enumeration,r2|2|3|4|4|4_u3,6,3,2|2|3|4|4|4,3|3|4|5|5|5,19,25,5,0,none,True,True,False,False,True,False,computed_total_slot_anomaly_obstruction,19|25|6|3,20|20|20|20|20|20,none,0,0,True,,
widened_enumeration,r2|2|3|4|4|5_u0,6,0,2|2|3|4|4|5,3|3|4|5|5|6,20,26,5,0,none,True,True,False,False,True,False,computed_total_slot_anomaly_obstruction,20|26|6|0,21|21|21|21|21|21,none,0,0,True,,
widened_enumeration,r2|2|3|4|4|5_u1,6,1,2|2|3|4|4|5,3|3|4|5|5|6,20,26,5,0,none,True,True,False,False,True,False,computed_total_slot_anomaly_obstruction,20|26|6|1,21|21|21|21|21|21,none,0,0,True,,
widened_enumeration,r2|2|3|4|4|5_u2,6,2,2|2|3|4|4|5,3|3|4|5|5|6,20,26,5,0,none,True,True,False,False,True,False,computed_total_slot_anomaly_obstruction,20|26|6|2,21|21|21|21|21|21,none,0,0,True,,
widened_enumeration,r2|2|3|4|4|5_u3,6,3,2|2|3|4|4|5,3|3|4|5|5|6,20,26,5,0,none,True,True,False,False,True,False,computed_total_slot_anomaly_obstruction,20|26|6|3,21|21|21|21|21|21,none,0,0,True,,
widened_enumeration,r2|2|3|4|4|6_u0,6,0,2|2|3|4|4|6,3|3|4|5|5|7,21,27,5,0,none,True,True,False,False,True,False,computed_total_slot_anomaly_obstruction,21|27|6|0,22|22|22|22|22|22,none,0,0,True,,
widened_enumeration,r2|2|3|4|4|6_u1,6,1,2|2|3|4|4|6,3|3|4|5|5|7,21,27,5,0,none,True,True,False,False,True,False,computed_total_slot_anomaly_obstruction,21|27|6|1,22|22|22|22|22|22,none,0,0,True,,
widened_enumeration,r2|2|3|4|4|6_u2,6,2,2|2|3|4|4|6,3|3|4|5|5|7,21,27,5,0,none,True,True,False,False,True,False,computed_total_slot_anomaly_obstruction,21|27|6|2,22|22|22|22|22|22,none,0,0,True,,
widened_enumeration,r2|2|3|4|4|6_u3,6,3,2|2|3|4|4|6,3|3|4|5|5|7,21,27,5,0,none,True,True,False,False,True,False,computed_total_slot_anomaly_obstruction,21|27|6|3,22|22|22|22|22|22,none,0,0,True,,
widened_enumeration,r2|2|3|4|5|5_u0,6,0,2|2|3|4|5|5,3|3|4|5|6|6,21,27,5,0,none,True,True,False,False,True,False,computed_total_slot_anomaly_obstruction,21|27|6|0,22|22|22|22|22|22,none,0,0,True,,
widened_enumeration,r2|2|3|4|5|5_u1,6,1,2|2|3|4|5|5,3|3|4|5|6|6,21,27,5,0,none,True,True,False,False,True,False,computed_total_slot_anomaly_obstruction,21|27|6|1,22|22|22|22|22|22,none,0,0,True,,
widened_enumeration,r2|2|3|4|5|5_u2,6,2,2|2|3|4|5|5,3|3|4|5|6|6,21,27,5,0,none,True,True,False,False,True,False,computed_total_slot_anomaly_obstruction,21|27|6|2,22|22|22|22|22|22,none,0,0,True,,
widened_enumeration,r2|2|3|4|5|5_u3,6,3,2|2|3|4|5|5,3|3|4|5|6|6,21,27,5,0,none,True,True,False,False,True,False,computed_total_slot_anomaly_obstruction,21|27|6|3,22|22|22|22|22|22,none,0,0,True,,
widened_enumeration,r2|2|3|4|5|6_u0,6,0,2|2|3|4|5|6,3|3|4|5|6|7,22,28,5,0,none,True,True,False,False,True,False,computed_total_slot_anomaly_obstruction,22|28|6|0,23|23|23|23|23|23,none,0,0,True,,
widened_enumeration,r2|2|3|4|5|6_u1,6,1,2|2|3|4|5|6,3|3|4|5|6|7,22,28,5,0,none,True,True,False,False,True,False,computed_total_slot_anomaly_obstruction,22|28|6|1,23|23|23|23|23|23,none,0,0,True,,
widened_enumeration,r2|2|3|4|5|6_u2,6,2,2|2|3|4|5|6,3|3|4|5|6|7,22,28,5,0,none,True,True,False,False,True,False,computed_total_slot_anomaly_obstruction,22|28|6|2,23|23|23|23|23|23,none,0,0,True,,
widened_enumeration,r2|2|3|4|5|6_u3,6,3,2|2|3|4|5|6,3|3|4|5|6|7,22,28,5,0,none,True,True,False,False,True,False,computed_total_slot_anomaly_obstruction,22|28|6|3,23|23|23|23|23|23,none,0,0,True,,
widened_enumeration,r2|2|3|4|6|6_u0,6,0,2|2|3|4|6|6,3|3|4|5|7|7,23,29,5,0,none,True,True,False,False,True,False,computed_total_slot_anomaly_obstruction,23|29|6|0,24|24|24|24|24|24,none,0,0,True,,
widened_enumeration,r2|2|3|4|6|6_u1,6,1,2|2|3|4|6|6,3|3|4|5|7|7,23,29,5,0,none,True,True,False,False,True,False,computed_total_slot_anomaly_obstruction,23|29|6|1,24|24|24|24|24|24,none,0,0,True,,
widened_enumeration,r2|2|3|4|6|6_u2,6,2,2|2|3|4|6|6,3|3|4|5|7|7,23,29,5,0,none,True,True,False,False,True,False,computed_total_slot_anomaly_obstruction,23|29|6|2,24|24|24|24|24|24,none,0,0,True,,
widened_enumeration,r2|2|3|4|6|6_u3,6,3,2|2|3|4|6|6,3|3|4|5|7|7,23,29,5,0,none,True,True,False,False,True,False,computed_total_slot_anomaly_obstruction,23|29|6|3,24|24|24|24|24|24,none,0,0,True,,
widened_enumeration,r2|2|3|5|5|5_u0,6,0,2|2|3|5|5|5,3|3|4|6|6|6,22,28,5,0,none,True,True,False,False,True,False,computed_total_slot_anomaly_obstruction,22|28|6|0,23|23|23|23|23|23,none,0,0,True,,
widened_enumeration,r2|2|3|5|5|5_u1,6,1,2|2|3|5|5|5,3|3|4|6|6|6,22,28,5,0,none,True,True,False,False,True,False,computed_total_slot_anomaly_obstruction,22|28|6|1,23|23|23|23|23|23,none,0,0,True,,
widened_enumeration,r2|2|3|5|5|5_u2,6,2,2|2|3|5|5|5,3|3|4|6|6|6,22,28,5,0,none,True,True,False,False,True,False,computed_total_slot_anomaly_obstruction,22|28|6|2,23|23|23|23|23|23,none,0,0,True,,
widened_enumeration,r2|2|3|5|5|5_u3,6,3,2|2|3|5|5|5,3|3|4|6|6|6,22,28,5,0,none,True,True,False,False,True,False,computed_total_slot_anomaly_obstruction,22|28|6|3,23|23|23|23|23|23,none,0,0,True,,
widened_enumeration,r2|2|3|5|5|6_u0,6,0,2|2|3|5|5|6,3|3|4|6|6|7,23,29,5,0,none,True,True,False,False,True,False,computed_total_slot_anomaly_obstruction,23|29|6|0,24|24|24|24|24|24,none,0,0,True,,
widened_enumeration,r2|2|3|5|5|6_u1,6,1,2|2|3|5|5|6,3|3|4|6|6|7,23,29,5,0,none,True,True,False,False,True,False,computed_total_slot_anomaly_obstruction,23|29|6|1,24|24|24|24|24|24,none,0,0,True,,
widened_enumeration,r2|2|3|5|5|6_u2,6,2,2|2|3|5|5|6,3|3|4|6|6|7,23,29,5,0,none,True,True,False,False,True,False,computed_total_slot_anomaly_obstruction,23|29|6|2,24|24|24|24|24|24,none,0,0,True,,
widened_enumeration,r2|2|3|5|5|6_u3,6,3,2|2|3|5|5|6,3|3|4|6|6|7,23,29,5,0,none,True,True,False,False,True,False,computed_total_slot_anomaly_obstruction,23|29|6|3,24|24|24|24|24|24,none,0,0,True,,
widened_enumeration,r2|2|3|5|6|6_u0,6,0,2|2|3|5|6|6,3|3|4|6|7|7,24,30,5,0,none,True,True,False,False,True,False,computed_total_slot_anomaly_obstruction,24|30|6|0,25|25|25|25|25|25,none,0,0,True,,
widened_enumeration,r2|2|3|5|6|6_u1,6,1,2|2|3|5|6|6,3|3|4|6|7|7,24,30,5,0,none,True,True,False,False,True,False,computed_total_slot_anomaly_obstruction,24|30|6|1,25|25|25|25|25|25,none,0,0,True,,
widened_enumeration,r2|2|3|5|6|6_u2,6,2,2|2|3|5|6|6,3|3|4|6|7|7,24,30,5,0,none,True,True,False,False,True,False,computed_total_slot_anomaly_obstruction,24|30|6|2,25|25|25|25|25|25,none,0,0,True,,
widened_enumeration,r2|2|3|5|6|6_u3,6,3,2|2|3|5|6|6,3|3|4|6|7|7,24,30,5,0,none,True,True,False,False,True,False,computed_total_slot_anomaly_obstruction,24|30|6|3,25|25|25|25|25|25,none,0,0,True,,
widened_enumeration,r2|2|3|6|6|6_u0,6,0,2|2|3|6|6|6,3|3|4|7|7|7,25,31,5,0,none,True,True,False,False,True,False,computed_total_slot_anomaly_obstruction,25|31|6|0,26|26|26|26|26|26,none,0,0,True,,
widened_enumeration,r2|2|3|6|6|6_u1,6,1,2|2|3|6|6|6,3|3|4|7|7|7,25,31,5,0,none,True,True,False,False,True,False,computed_total_slot_anomaly_obstruction,25|31|6|1,26|26|26|26|26|26,none,0,0,True,,
widened_enumeration,r2|2|3|6|6|6_u2,6,2,2|2|3|6|6|6,3|3|4|7|7|7,25,31,5,0,none,True,True,False,False,True,False,computed_total_slot_anomaly_obstruction,25|31|6|2,26|26|26|26|26|26,none,0,0,True,,
widened_enumeration,r2|2|3|6|6|6_u3,6,3,2|2|3|6|6|6,3|3|4|7|7|7,25,31,5,0,none,True,True,False,False,True,False,computed_total_slot_anomaly_obstruction,25|31|6|3,26|26|26|26|26|26,none,0,0,True,,
widened_enumeration,r2|2|4|4|4|4_u0,6,0,2|2|4|4|4|4,3|3|5|5|5|5,20,26,5,0,none,True,True,False,False,True,False,computed_total_slot_anomaly_obstruction,20|26|6|0,21|21|21|21|21|21,none,0,0,True,,
widened_enumeration,r2|2|4|4|4|4_u1,6,1,2|2|4|4|4|4,3|3|5|5|5|5,20,26,5,0,none,True,True,False,False,True,False,computed_total_slot_anomaly_obstruction,20|26|6|1,21|21|21|21|21|21,none,0,0,True,,
widened_enumeration,r2|2|4|4|4|4_u2,6,2,2|2|4|4|4|4,3|3|5|5|5|5,20,26,5,0,none,True,True,False,False,True,False,computed_total_slot_anomaly_obstruction,20|26|6|2,21|21|21|21|21|21,none,0,0,True,,
widened_enumeration,r2|2|4|4|4|4_u3,6,3,2|2|4|4|4|4,3|3|5|5|5|5,20,26,5,0,none,True,True,False,False,True,False,computed_total_slot_anomaly_obstruction,20|26|6|3,21|21|21|21|21|21,none,0,0,True,,
widened_enumeration,r2|2|4|4|4|5_u0,6,0,2|2|4|4|4|5,3|3|5|5|5|6,21,27,5,0,none,True,True,False,False,True,False,computed_total_slot_anomaly_obstruction,21|27|6|0,22|22|22|22|22|22,none,0,0,True,,
widened_enumeration,r2|2|4|4|4|5_u1,6,1,2|2|4|4|4|5,3|3|5|5|5|6,21,27,5,0,none,True,True,False,False,True,False,computed_total_slot_anomaly_obstruction,21|27|6|1,22|22|22|22|22|22,none,0,0,True,,
widened_enumeration,r2|2|4|4|4|5_u2,6,2,2|2|4|4|4|5,3|3|5|5|5|6,21,27,5,0,none,True,True,False,False,True,False,computed_total_slot_anomaly_obstruction,21|27|6|2,22|22|22|22|22|22,none,0,0,True,,
widened_enumeration,r2|2|4|4|4|5_u3,6,3,2|2|4|4|4|5,3|3|5|5|5|6,21,27,5,0,none,True,True,False,False,True,False,computed_total_slot_anomaly_obstruction,21|27|6|3,22|22|22|22|22|22,none,0,0,True,,
widened_enumeration,r2|2|4|4|4|6_u0,6,0,2|2|4|4|4|6,3|3|5|5|5|7,22,28,5,0,none,True,True,False,False,True,False,computed_total_slot_anomaly_obstruction,22|28|6|0,23|23|23|23|23|23,none,0,0,True,,
widened_enumeration,r2|2|4|4|4|6_u1,6,1,2|2|4|4|4|6,3|3|5|5|5|7,22,28,5,0,none,True,True,False,False,True,False,computed_total_slot_anomaly_obstruction,22|28|6|1,23|23|23|23|23|23,none,0,0,True,,
widened_enumeration,r2|2|4|4|4|6_u2,6,2,2|2|4|4|4|6,3|3|5|5|5|7,22,28,5,0,none,True,True,False,False,True,False,computed_total_slot_anomaly_obstruction,22|28|6|2,23|23|23|23|23|23,none,0,0,True,,
widened_enumeration,r2|2|4|4|4|6_u3,6,3,2|2|4|4|4|6,3|3|5|5|5|7,22,28,5,0,none,True,True,False,False,True,False,computed_total_slot_anomaly_obstruction,22|28|6|3,23|23|23|23|23|23,none,0,0,True,,
widened_enumeration,r2|2|4|4|5|5_u0,6,0,2|2|4|4|5|5,3|3|5|5|6|6,22,28,5,0,none,True,True,False,False,True,False,computed_total_slot_anomaly_obstruction,22|28|6|0,23|23|23|23|23|23,none,0,0,True,,
widened_enumeration,r2|2|4|4|5|5_u1,6,1,2|2|4|4|5|5,3|3|5|5|6|6,22,28,5,0,none,True,True,False,False,True,False,computed_total_slot_anomaly_obstruction,22|28|6|1,23|23|23|23|23|23,none,0,0,True,,
widened_enumeration,r2|2|4|4|5|5_u2,6,2,2|2|4|4|5|5,3|3|5|5|6|6,22,28,5,0,none,True,True,False,False,True,False,computed_total_slot_anomaly_obstruction,22|28|6|2,23|23|23|23|23|23,none,0,0,True,,
widened_enumeration,r2|2|4|4|5|5_u3,6,3,2|2|4|4|5|5,3|3|5|5|6|6,22,28,5,0,none,True,True,False,False,True,False,computed_total_slot_anomaly_obstruction,22|28|6|3,23|23|23|23|23|23,none,0,0,True,,
widened_enumeration,r2|2|4|4|5|6_u0,6,0,2|2|4|4|5|6,3|3|5|5|6|7,23,29,5,0,none,True,True,False,False,True,False,computed_total_slot_anomaly_obstruction,23|29|6|0,24|24|24|24|24|24,none,0,0,True,,
widened_enumeration,r2|2|4|4|5|6_u1,6,1,2|2|4|4|5|6,3|3|5|5|6|7,23,29,5,0,none,True,True,False,False,True,False,computed_total_slot_anomaly_obstruction,23|29|6|1,24|24|24|24|24|24,none,0,0,True,,
widened_enumeration,r2|2|4|4|5|6_u2,6,2,2|2|4|4|5|6,3|3|5|5|6|7,23,29,5,0,none,True,True,False,False,True,False,computed_total_slot_anomaly_obstruction,23|29|6|2,24|24|24|24|24|24,none,0,0,True,,
widened_enumeration,r2|2|4|4|5|6_u3,6,3,2|2|4|4|5|6,3|3|5|5|6|7,23,29,5,0,none,True,True,False,False,True,False,computed_total_slot_anomaly_obstruction,23|29|6|3,24|24|24|24|24|24,none,0,0,True,,
widened_enumeration,r2|2|4|4|6|6_u0,6,0,2|2|4|4|6|6,3|3|5|5|7|7,24,30,5,0,none,True,True,False,False,True,False,computed_total_slot_anomaly_obstruction,24|30|6|0,25|25|25|25|25|25,none,0,0,True,,
widened_enumeration,r2|2|4|4|6|6_u1,6,1,2|2|4|4|6|6,3|3|5|5|7|7,24,30,5,0,none,True,True,False,False,True,False,computed_total_slot_anomaly_obstruction,24|30|6|1,25|25|25|25|25|25,none,0,0,True,,
widened_enumeration,r2|2|4|4|6|6_u2,6,2,2|2|4|4|6|6,3|3|5|5|7|7,24,30,5,0,none,True,True,False,False,True,False,computed_total_slot_anomaly_obstruction,24|30|6|2,25|25|25|25|25|25,none,0,0,True,,
widened_enumeration,r2|2|4|4|6|6_u3,6,3,2|2|4|4|6|6,3|3|5|5|7|7,24,30,5,0,none,True,True,False,False,True,False,computed_total_slot_anomaly_obstruction,24|30|6|3,25|25|25|25|25|25,none,0,0,True,,
widened_enumeration,r2|2|4|5|5|5_u0,6,0,2|2|4|5|5|5,3|3|5|6|6|6,23,29,5,0,none,True,True,False,False,True,False,computed_total_slot_anomaly_obstruction,23|29|6|0,24|24|24|24|24|24,none,0,0,True,,
widened_enumeration,r2|2|4|5|5|5_u1,6,1,2|2|4|5|5|5,3|3|5|6|6|6,23,29,5,0,none,True,True,False,False,True,False,computed_total_slot_anomaly_obstruction,23|29|6|1,24|24|24|24|24|24,none,0,0,True,,
widened_enumeration,r2|2|4|5|5|5_u2,6,2,2|2|4|5|5|5,3|3|5|6|6|6,23,29,5,0,none,True,True,False,False,True,False,computed_total_slot_anomaly_obstruction,23|29|6|2,24|24|24|24|24|24,none,0,0,True,,
widened_enumeration,r2|2|4|5|5|5_u3,6,3,2|2|4|5|5|5,3|3|5|6|6|6,23,29,5,0,none,True,True,False,False,True,False,computed_total_slot_anomaly_obstruction,23|29|6|3,24|24|24|24|24|24,none,0,0,True,,
widened_enumeration,r2|2|4|5|5|6_u0,6,0,2|2|4|5|5|6,3|3|5|6|6|7,24,30,5,0,none,True,True,False,False,True,False,computed_total_slot_anomaly_obstruction,24|30|6|0,25|25|25|25|25|25,none,0,0,True,,
widened_enumeration,r2|2|4|5|5|6_u1,6,1,2|2|4|5|5|6,3|3|5|6|6|7,24,30,5,0,none,True,True,False,False,True,False,computed_total_slot_anomaly_obstruction,24|30|6|1,25|25|25|25|25|25,none,0,0,True,,
widened_enumeration,r2|2|4|5|5|6_u2,6,2,2|2|4|5|5|6,3|3|5|6|6|7,24,30,5,0,none,True,True,False,False,True,False,computed_total_slot_anomaly_obstruction,24|30|6|2,25|25|25|25|25|25,none,0,0,True,,
widened_enumeration,r2|2|4|5|5|6_u3,6,3,2|2|4|5|5|6,3|3|5|6|6|7,24,30,5,0,none,True,True,False,False,True,False,computed_total_slot_anomaly_obstruction,24|30|6|3,25|25|25|25|25|25,none,0,0,True,,
widened_enumeration,r2|2|4|5|6|6_u0,6,0,2|2|4|5|6|6,3|3|5|6|7|7,25,31,5,0,none,True,True,False,False,True,False,computed_total_slot_anomaly_obstruction,25|31|6|0,26|26|26|26|26|26,none,0,0,True,,
widened_enumeration,r2|2|4|5|6|6_u1,6,1,2|2|4|5|6|6,3|3|5|6|7|7,25,31,5,0,none,True,True,False,False,True,False,computed_total_slot_anomaly_obstruction,25|31|6|1,26|26|26|26|26|26,none,0,0,True,,
widened_enumeration,r2|2|4|5|6|6_u2,6,2,2|2|4|5|6|6,3|3|5|6|7|7,25,31,5,0,none,True,True,False,False,True,False,computed_total_slot_anomaly_obstruction,25|31|6|2,26|26|26|26|26|26,none,0,0,True,,
widened_enumeration,r2|2|4|5|6|6_u3,6,3,2|2|4|5|6|6,3|3|5|6|7|7,25,31,5,0,none,True,True,False,False,True,False,computed_total_slot_anomaly_obstruction,25|31|6|3,26|26|26|26|26|26,none,0,0,True,,
widened_enumeration,r2|2|4|6|6|6_u0,6,0,2|2|4|6|6|6,3|3|5|7|7|7,26,32,5,0,none,True,True,False,False,True,False,computed_total_slot_anomaly_obstruction,26|32|6|0,27|27|27|27|27|27,none,0,0,True,,
widened_enumeration,r2|2|4|6|6|6_u1,6,1,2|2|4|6|6|6,3|3|5|7|7|7,26,32,5,0,none,True,True,False,False,True,False,computed_total_slot_anomaly_obstruction,26|32|6|1,27|27|27|27|27|27,none,0,0,True,,
widened_enumeration,r2|2|4|6|6|6_u2,6,2,2|2|4|6|6|6,3|3|5|7|7|7,26,32,5,0,none,True,True,False,False,True,False,computed_total_slot_anomaly_obstruction,26|32|6|2,27|27|27|27|27|27,none,0,0,True,,
widened_enumeration,r2|2|4|6|6|6_u3,6,3,2|2|4|6|6|6,3|3|5|7|7|7,26,32,5,0,none,True,True,False,False,True,False,computed_total_slot_anomaly_obstruction,26|32|6|3,27|27|27|27|27|27,none,0,0,True,,
widened_enumeration,r2|2|5|5|5|5_u0,6,0,2|2|5|5|5|5,3|3|6|6|6|6,24,30,5,0,none,True,True,False,False,True,False,computed_total_slot_anomaly_obstruction,24|30|6|0,25|25|25|25|25|25,none,0,0,True,,
widened_enumeration,r2|2|5|5|5|5_u1,6,1,2|2|5|5|5|5,3|3|6|6|6|6,24,30,5,0,none,True,True,False,False,True,False,computed_total_slot_anomaly_obstruction,24|30|6|1,25|25|25|25|25|25,none,0,0,True,,
widened_enumeration,r2|2|5|5|5|5_u2,6,2,2|2|5|5|5|5,3|3|6|6|6|6,24,30,5,0,none,True,True,False,False,True,False,computed_total_slot_anomaly_obstruction,24|30|6|2,25|25|25|25|25|25,none,0,0,True,,
widened_enumeration,r2|2|5|5|5|5_u3,6,3,2|2|5|5|5|5,3|3|6|6|6|6,24,30,5,0,none,True,True,False,False,True,False,computed_total_slot_anomaly_obstruction,24|30|6|3,25|25|25|25|25|25,none,0,0,True,,
widened_enumeration,r2|2|5|5|5|6_u0,6,0,2|2|5|5|5|6,3|3|6|6|6|7,25,31,5,0,none,True,True,False,False,True,False,computed_total_slot_anomaly_obstruction,25|31|6|0,26|26|26|26|26|26,none,0,0,True,,
widened_enumeration,r2|2|5|5|5|6_u1,6,1,2|2|5|5|5|6,3|3|6|6|6|7,25,31,5,0,none,True,True,False,False,True,False,computed_total_slot_anomaly_obstruction,25|31|6|1,26|26|26|26|26|26,none,0,0,True,,
widened_enumeration,r2|2|5|5|5|6_u2,6,2,2|2|5|5|5|6,3|3|6|6|6|7,25,31,5,0,none,True,True,False,False,True,False,computed_total_slot_anomaly_obstruction,25|31|6|2,26|26|26|26|26|26,none,0,0,True,,
widened_enumeration,r2|2|5|5|5|6_u3,6,3,2|2|5|5|5|6,3|3|6|6|6|7,25,31,5,0,none,True,True,False,False,True,False,computed_total_slot_anomaly_obstruction,25|31|6|3,26|26|26|26|26|26,none,0,0,True,,
widened_enumeration,r2|2|5|5|6|6_u0,6,0,2|2|5|5|6|6,3|3|6|6|7|7,26,32,5,0,none,True,True,False,False,True,False,computed_total_slot_anomaly_obstruction,26|32|6|0,27|27|27|27|27|27,none,0,0,True,,
widened_enumeration,r2|2|5|5|6|6_u1,6,1,2|2|5|5|6|6,3|3|6|6|7|7,26,32,5,0,none,True,True,False,False,True,False,computed_total_slot_anomaly_obstruction,26|32|6|1,27|27|27|27|27|27,none,0,0,True,,
widened_enumeration,r2|2|5|5|6|6_u2,6,2,2|2|5|5|6|6,3|3|6|6|7|7,26,32,5,0,none,True,True,False,False,True,False,computed_total_slot_anomaly_obstruction,26|32|6|2,27|27|27|27|27|27,none,0,0,True,,
widened_enumeration,r2|2|5|5|6|6_u3,6,3,2|2|5|5|6|6,3|3|6|6|7|7,26,32,5,0,none,True,True,False,False,True,False,computed_total_slot_anomaly_obstruction,26|32|6|3,27|27|27|27|27|27,none,0,0,True,,
widened_enumeration,r2|2|5|6|6|6_u0,6,0,2|2|5|6|6|6,3|3|6|7|7|7,27,33,5,0,none,True,True,False,False,True,False,computed_total_slot_anomaly_obstruction,27|33|6|0,28|28|28|28|28|28,none,0,0,True,,
widened_enumeration,r2|2|5|6|6|6_u1,6,1,2|2|5|6|6|6,3|3|6|7|7|7,27,33,5,0,none,True,True,False,False,True,False,computed_total_slot_anomaly_obstruction,27|33|6|1,28|28|28|28|28|28,none,0,0,True,,
widened_enumeration,r2|2|5|6|6|6_u2,6,2,2|2|5|6|6|6,3|3|6|7|7|7,27,33,5,0,none,True,True,False,False,True,False,computed_total_slot_anomaly_obstruction,27|33|6|2,28|28|28|28|28|28,none,0,0,True,,
widened_enumeration,r2|2|5|6|6|6_u3,6,3,2|2|5|6|6|6,3|3|6|7|7|7,27,33,5,0,none,True,True,False,False,True,False,computed_total_slot_anomaly_obstruction,27|33|6|3,28|28|28|28|28|28,none,0,0,True,,
widened_enumeration,r2|2|6|6|6|6_u0,6,0,2|2|6|6|6|6,3|3|7|7|7|7,28,34,5,0,none,True,True,False,False,True,False,computed_total_slot_anomaly_obstruction,28|34|6|0,29|29|29|29|29|29,none,0,0,True,,
widened_enumeration,r2|2|6|6|6|6_u1,6,1,2|2|6|6|6|6,3|3|7|7|7|7,28,34,5,0,none,True,True,False,False,True,False,computed_total_slot_anomaly_obstruction,28|34|6|1,29|29|29|29|29|29,none,0,0,True,,
widened_enumeration,r2|2|6|6|6|6_u2,6,2,2|2|6|6|6|6,3|3|7|7|7|7,28,34,5,0,none,True,True,False,False,True,False,computed_total_slot_anomaly_obstruction,28|34|6|2,29|29|29|29|29|29,none,0,0,True,,
widened_enumeration,r2|2|6|6|6|6_u3,6,3,2|2|6|6|6|6,3|3|7|7|7|7,28,34,5,0,none,True,True,False,False,True,False,computed_total_slot_anomaly_obstruction,28|34|6|3,29|29|29|29|29|29,none,0,0,True,,
widened_enumeration,r2|3|3|3|3|3_u0,6,0,2|3|3|3|3|3,3|4|4|4|4|4,17,23,5,0,none,True,True,False,False,True,False,computed_total_slot_anomaly_obstruction,17|23|6|0,18|18|18|18|18|18,none,0,0,True,,
widened_enumeration,r2|3|3|3|3|3_u1,6,1,2|3|3|3|3|3,3|4|4|4|4|4,17,23,5,0,none,True,True,False,False,True,False,computed_total_slot_anomaly_obstruction,17|23|6|1,18|18|18|18|18|18,none,0,0,True,,
widened_enumeration,r2|3|3|3|3|3_u2,6,2,2|3|3|3|3|3,3|4|4|4|4|4,17,23,5,0,none,True,True,False,False,True,False,computed_total_slot_anomaly_obstruction,17|23|6|2,18|18|18|18|18|18,none,0,0,True,,
widened_enumeration,r2|3|3|3|3|3_u3,6,3,2|3|3|3|3|3,3|4|4|4|4|4,17,23,5,0,none,True,True,False,False,True,False,computed_total_slot_anomaly_obstruction,17|23|6|3,18|18|18|18|18|18,none,0,0,True,,
widened_enumeration,r2|3|3|3|3|4_u0,6,0,2|3|3|3|3|4,3|4|4|4|4|5,18,24,5,0,none,True,True,False,False,True,False,computed_total_slot_anomaly_obstruction,18|24|6|0,19|19|19|19|19|19,none,0,0,True,,
widened_enumeration,r2|3|3|3|3|4_u1,6,1,2|3|3|3|3|4,3|4|4|4|4|5,18,24,5,0,none,True,True,False,False,True,False,computed_total_slot_anomaly_obstruction,18|24|6|1,19|19|19|19|19|19,none,0,0,True,,
widened_enumeration,r2|3|3|3|3|4_u2,6,2,2|3|3|3|3|4,3|4|4|4|4|5,18,24,5,0,none,True,True,False,False,True,False,computed_total_slot_anomaly_obstruction,18|24|6|2,19|19|19|19|19|19,none,0,0,True,,
widened_enumeration,r2|3|3|3|3|4_u3,6,3,2|3|3|3|3|4,3|4|4|4|4|5,18,24,5,0,none,True,True,False,False,True,False,computed_total_slot_anomaly_obstruction,18|24|6|3,19|19|19|19|19|19,none,0,0,True,,
widened_enumeration,r2|3|3|3|3|5_u0,6,0,2|3|3|3|3|5,3|4|4|4|4|6,19,25,5,0,none,True,True,False,False,True,False,computed_total_slot_anomaly_obstruction,19|25|6|0,20|20|20|20|20|20,none,0,0,True,,
widened_enumeration,r2|3|3|3|3|5_u1,6,1,2|3|3|3|3|5,3|4|4|4|4|6,19,25,5,0,none,True,True,False,False,True,False,computed_total_slot_anomaly_obstruction,19|25|6|1,20|20|20|20|20|20,none,0,0,True,,
widened_enumeration,r2|3|3|3|3|5_u2,6,2,2|3|3|3|3|5,3|4|4|4|4|6,19,25,5,0,none,True,True,False,False,True,False,computed_total_slot_anomaly_obstruction,19|25|6|2,20|20|20|20|20|20,none,0,0,True,,
widened_enumeration,r2|3|3|3|3|5_u3,6,3,2|3|3|3|3|5,3|4|4|4|4|6,19,25,5,0,none,True,True,False,False,True,False,computed_total_slot_anomaly_obstruction,19|25|6|3,20|20|20|20|20|20,none,0,0,True,,
widened_enumeration,r2|3|3|3|3|6_u0,6,0,2|3|3|3|3|6,3|4|4|4|4|7,20,26,5,0,none,True,True,False,False,True,False,computed_total_slot_anomaly_obstruction,20|26|6|0,21|21|21|21|21|21,none,0,0,True,,
widened_enumeration,r2|3|3|3|3|6_u1,6,1,2|3|3|3|3|6,3|4|4|4|4|7,20,26,5,0,none,True,True,False,False,True,False,computed_total_slot_anomaly_obstruction,20|26|6|1,21|21|21|21|21|21,none,0,0,True,,
widened_enumeration,r2|3|3|3|3|6_u2,6,2,2|3|3|3|3|6,3|4|4|4|4|7,20,26,5,0,none,True,True,False,False,True,False,computed_total_slot_anomaly_obstruction,20|26|6|2,21|21|21|21|21|21,none,0,0,True,,
widened_enumeration,r2|3|3|3|3|6_u3,6,3,2|3|3|3|3|6,3|4|4|4|4|7,20,26,5,0,none,True,True,False,False,True,False,computed_total_slot_anomaly_obstruction,20|26|6|3,21|21|21|21|21|21,none,0,0,True,,
widened_enumeration,r2|3|3|3|4|4_u0,6,0,2|3|3|3|4|4,3|4|4|4|5|5,19,25,5,0,none,True,True,False,False,True,False,computed_total_slot_anomaly_obstruction,19|25|6|0,20|20|20|20|20|20,none,0,0,True,,
widened_enumeration,r2|3|3|3|4|4_u1,6,1,2|3|3|3|4|4,3|4|4|4|5|5,19,25,5,0,none,True,True,False,False,True,False,computed_total_slot_anomaly_obstruction,19|25|6|1,20|20|20|20|20|20,none,0,0,True,,
widened_enumeration,r2|3|3|3|4|4_u2,6,2,2|3|3|3|4|4,3|4|4|4|5|5,19,25,5,0,none,True,True,False,False,True,False,computed_total_slot_anomaly_obstruction,19|25|6|2,20|20|20|20|20|20,none,0,0,True,,
widened_enumeration,r2|3|3|3|4|4_u3,6,3,2|3|3|3|4|4,3|4|4|4|5|5,19,25,5,0,none,True,True,False,False,True,False,computed_total_slot_anomaly_obstruction,19|25|6|3,20|20|20|20|20|20,none,0,0,True,,
widened_enumeration,r2|3|3|3|4|5_u0,6,0,2|3|3|3|4|5,3|4|4|4|5|6,20,26,5,0,none,True,True,False,False,True,False,computed_total_slot_anomaly_obstruction,20|26|6|0,21|21|21|21|21|21,none,0,0,True,,
widened_enumeration,r2|3|3|3|4|5_u1,6,1,2|3|3|3|4|5,3|4|4|4|5|6,20,26,5,0,none,True,True,False,False,True,False,computed_total_slot_anomaly_obstruction,20|26|6|1,21|21|21|21|21|21,none,0,0,True,,
widened_enumeration,r2|3|3|3|4|5_u2,6,2,2|3|3|3|4|5,3|4|4|4|5|6,20,26,5,0,none,True,True,False,False,True,False,computed_total_slot_anomaly_obstruction,20|26|6|2,21|21|21|21|21|21,none,0,0,True,,
widened_enumeration,r2|3|3|3|4|5_u3,6,3,2|3|3|3|4|5,3|4|4|4|5|6,20,26,5,0,none,True,True,False,False,True,False,computed_total_slot_anomaly_obstruction,20|26|6|3,21|21|21|21|21|21,none,0,0,True,,
widened_enumeration,r2|3|3|3|4|6_u0,6,0,2|3|3|3|4|6,3|4|4|4|5|7,21,27,5,0,none,True,True,False,False,True,False,computed_total_slot_anomaly_obstruction,21|27|6|0,22|22|22|22|22|22,none,0,0,True,,
widened_enumeration,r2|3|3|3|4|6_u1,6,1,2|3|3|3|4|6,3|4|4|4|5|7,21,27,5,0,none,True,True,False,False,True,False,computed_total_slot_anomaly_obstruction,21|27|6|1,22|22|22|22|22|22,none,0,0,True,,
widened_enumeration,r2|3|3|3|4|6_u2,6,2,2|3|3|3|4|6,3|4|4|4|5|7,21,27,5,0,none,True,True,False,False,True,False,computed_total_slot_anomaly_obstruction,21|27|6|2,22|22|22|22|22|22,none,0,0,True,,
widened_enumeration,r2|3|3|3|4|6_u3,6,3,2|3|3|3|4|6,3|4|4|4|5|7,21,27,5,0,none,True,True,False,False,True,False,computed_total_slot_anomaly_obstruction,21|27|6|3,22|22|22|22|22|22,none,0,0,True,,
widened_enumeration,r2|3|3|3|5|5_u0,6,0,2|3|3|3|5|5,3|4|4|4|6|6,21,27,5,0,none,True,True,False,False,True,False,computed_total_slot_anomaly_obstruction,21|27|6|0,22|22|22|22|22|22,none,0,0,True,,
widened_enumeration,r2|3|3|3|5|5_u1,6,1,2|3|3|3|5|5,3|4|4|4|6|6,21,27,5,0,none,True,True,False,False,True,False,computed_total_slot_anomaly_obstruction,21|27|6|1,22|22|22|22|22|22,none,0,0,True,,
widened_enumeration,r2|3|3|3|5|5_u2,6,2,2|3|3|3|5|5,3|4|4|4|6|6,21,27,5,0,none,True,True,False,False,True,False,computed_total_slot_anomaly_obstruction,21|27|6|2,22|22|22|22|22|22,none,0,0,True,,
widened_enumeration,r2|3|3|3|5|5_u3,6,3,2|3|3|3|5|5,3|4|4|4|6|6,21,27,5,0,none,True,True,False,False,True,False,computed_total_slot_anomaly_obstruction,21|27|6|3,22|22|22|22|22|22,none,0,0,True,,
widened_enumeration,r2|3|3|3|5|6_u0,6,0,2|3|3|3|5|6,3|4|4|4|6|7,22,28,5,0,none,True,True,False,False,True,False,computed_total_slot_anomaly_obstruction,22|28|6|0,23|23|23|23|23|23,none,0,0,True,,
widened_enumeration,r2|3|3|3|5|6_u1,6,1,2|3|3|3|5|6,3|4|4|4|6|7,22,28,5,0,none,True,True,False,False,True,False,computed_total_slot_anomaly_obstruction,22|28|6|1,23|23|23|23|23|23,none,0,0,True,,
widened_enumeration,r2|3|3|3|5|6_u2,6,2,2|3|3|3|5|6,3|4|4|4|6|7,22,28,5,0,none,True,True,False,False,True,False,computed_total_slot_anomaly_obstruction,22|28|6|2,23|23|23|23|23|23,none,0,0,True,,
widened_enumeration,r2|3|3|3|5|6_u3,6,3,2|3|3|3|5|6,3|4|4|4|6|7,22,28,5,0,none,True,True,False,False,True,False,computed_total_slot_anomaly_obstruction,22|28|6|3,23|23|23|23|23|23,none,0,0,True,,
widened_enumeration,r2|3|3|3|6|6_u0,6,0,2|3|3|3|6|6,3|4|4|4|7|7,23,29,5,0,none,True,True,False,False,True,False,computed_total_slot_anomaly_obstruction,23|29|6|0,24|24|24|24|24|24,none,0,0,True,,
widened_enumeration,r2|3|3|3|6|6_u1,6,1,2|3|3|3|6|6,3|4|4|4|7|7,23,29,5,0,none,True,True,False,False,True,False,computed_total_slot_anomaly_obstruction,23|29|6|1,24|24|24|24|24|24,none,0,0,True,,
widened_enumeration,r2|3|3|3|6|6_u2,6,2,2|3|3|3|6|6,3|4|4|4|7|7,23,29,5,0,none,True,True,False,False,True,False,computed_total_slot_anomaly_obstruction,23|29|6|2,24|24|24|24|24|24,none,0,0,True,,
widened_enumeration,r2|3|3|3|6|6_u3,6,3,2|3|3|3|6|6,3|4|4|4|7|7,23,29,5,0,none,True,True,False,False,True,False,computed_total_slot_anomaly_obstruction,23|29|6|3,24|24|24|24|24|24,none,0,0,True,,
widened_enumeration,r2|3|3|4|4|4_u0,6,0,2|3|3|4|4|4,3|4|4|5|5|5,20,26,5,0,none,True,True,False,False,True,False,computed_total_slot_anomaly_obstruction,20|26|6|0,21|21|21|21|21|21,none,0,0,True,,
widened_enumeration,r2|3|3|4|4|4_u1,6,1,2|3|3|4|4|4,3|4|4|5|5|5,20,26,5,0,none,True,True,False,False,True,False,computed_total_slot_anomaly_obstruction,20|26|6|1,21|21|21|21|21|21,none,0,0,True,,
widened_enumeration,r2|3|3|4|4|4_u2,6,2,2|3|3|4|4|4,3|4|4|5|5|5,20,26,5,0,none,True,True,False,False,True,False,computed_total_slot_anomaly_obstruction,20|26|6|2,21|21|21|21|21|21,none,0,0,True,,
widened_enumeration,r2|3|3|4|4|4_u3,6,3,2|3|3|4|4|4,3|4|4|5|5|5,20,26,5,0,none,True,True,False,False,True,False,computed_total_slot_anomaly_obstruction,20|26|6|3,21|21|21|21|21|21,none,0,0,True,,
widened_enumeration,r2|3|3|4|4|5_u0,6,0,2|3|3|4|4|5,3|4|4|5|5|6,21,27,5,0,none,True,True,False,False,True,False,computed_total_slot_anomaly_obstruction,21|27|6|0,22|22|22|22|22|22,none,0,0,True,,
widened_enumeration,r2|3|3|4|4|5_u1,6,1,2|3|3|4|4|5,3|4|4|5|5|6,21,27,5,0,none,True,True,False,False,True,False,computed_total_slot_anomaly_obstruction,21|27|6|1,22|22|22|22|22|22,none,0,0,True,,
widened_enumeration,r2|3|3|4|4|5_u2,6,2,2|3|3|4|4|5,3|4|4|5|5|6,21,27,5,0,none,True,True,False,False,True,False,computed_total_slot_anomaly_obstruction,21|27|6|2,22|22|22|22|22|22,none,0,0,True,,
widened_enumeration,r2|3|3|4|4|5_u3,6,3,2|3|3|4|4|5,3|4|4|5|5|6,21,27,5,0,none,True,True,False,False,True,False,computed_total_slot_anomaly_obstruction,21|27|6|3,22|22|22|22|22|22,none,0,0,True,,
widened_enumeration,r2|3|3|4|4|6_u0,6,0,2|3|3|4|4|6,3|4|4|5|5|7,22,28,5,0,none,True,True,False,False,True,False,computed_total_slot_anomaly_obstruction,22|28|6|0,23|23|23|23|23|23,none,0,0,True,,
widened_enumeration,r2|3|3|4|4|6_u1,6,1,2|3|3|4|4|6,3|4|4|5|5|7,22,28,5,0,none,True,True,False,False,True,False,computed_total_slot_anomaly_obstruction,22|28|6|1,23|23|23|23|23|23,none,0,0,True,,
widened_enumeration,r2|3|3|4|4|6_u2,6,2,2|3|3|4|4|6,3|4|4|5|5|7,22,28,5,0,none,True,True,False,False,True,False,computed_total_slot_anomaly_obstruction,22|28|6|2,23|23|23|23|23|23,none,0,0,True,,
widened_enumeration,r2|3|3|4|4|6_u3,6,3,2|3|3|4|4|6,3|4|4|5|5|7,22,28,5,0,none,True,True,False,False,True,False,computed_total_slot_anomaly_obstruction,22|28|6|3,23|23|23|23|23|23,none,0,0,True,,
widened_enumeration,r2|3|3|4|5|5_u0,6,0,2|3|3|4|5|5,3|4|4|5|6|6,22,28,5,0,none,True,True,False,False,True,False,computed_total_slot_anomaly_obstruction,22|28|6|0,23|23|23|23|23|23,none,0,0,True,,
widened_enumeration,r2|3|3|4|5|5_u1,6,1,2|3|3|4|5|5,3|4|4|5|6|6,22,28,5,0,none,True,True,False,False,True,False,computed_total_slot_anomaly_obstruction,22|28|6|1,23|23|23|23|23|23,none,0,0,True,,
widened_enumeration,r2|3|3|4|5|5_u2,6,2,2|3|3|4|5|5,3|4|4|5|6|6,22,28,5,0,none,True,True,False,False,True,False,computed_total_slot_anomaly_obstruction,22|28|6|2,23|23|23|23|23|23,none,0,0,True,,
widened_enumeration,r2|3|3|4|5|5_u3,6,3,2|3|3|4|5|5,3|4|4|5|6|6,22,28,5,0,none,True,True,False,False,True,False,computed_total_slot_anomaly_obstruction,22|28|6|3,23|23|23|23|23|23,none,0,0,True,,
widened_enumeration,r2|3|3|4|5|6_u0,6,0,2|3|3|4|5|6,3|4|4|5|6|7,23,29,5,0,none,True,True,False,False,True,False,computed_total_slot_anomaly_obstruction,23|29|6|0,24|24|24|24|24|24,none,0,0,True,,
widened_enumeration,r2|3|3|4|5|6_u1,6,1,2|3|3|4|5|6,3|4|4|5|6|7,23,29,5,0,none,True,True,False,False,True,False,computed_total_slot_anomaly_obstruction,23|29|6|1,24|24|24|24|24|24,none,0,0,True,,
widened_enumeration,r2|3|3|4|5|6_u2,6,2,2|3|3|4|5|6,3|4|4|5|6|7,23,29,5,0,none,True,True,False,False,True,False,computed_total_slot_anomaly_obstruction,23|29|6|2,24|24|24|24|24|24,none,0,0,True,,
widened_enumeration,r2|3|3|4|5|6_u3,6,3,2|3|3|4|5|6,3|4|4|5|6|7,23,29,5,0,none,True,True,False,False,True,False,computed_total_slot_anomaly_obstruction,23|29|6|3,24|24|24|24|24|24,none,0,0,True,,
widened_enumeration,r2|3|3|4|6|6_u0,6,0,2|3|3|4|6|6,3|4|4|5|7|7,24,30,5,0,none,True,True,False,False,True,False,computed_total_slot_anomaly_obstruction,24|30|6|0,25|25|25|25|25|25,none,0,0,True,,
widened_enumeration,r2|3|3|4|6|6_u1,6,1,2|3|3|4|6|6,3|4|4|5|7|7,24,30,5,0,none,True,True,False,False,True,False,computed_total_slot_anomaly_obstruction,24|30|6|1,25|25|25|25|25|25,none,0,0,True,,
widened_enumeration,r2|3|3|4|6|6_u2,6,2,2|3|3|4|6|6,3|4|4|5|7|7,24,30,5,0,none,True,True,False,False,True,False,computed_total_slot_anomaly_obstruction,24|30|6|2,25|25|25|25|25|25,none,0,0,True,,
widened_enumeration,r2|3|3|4|6|6_u3,6,3,2|3|3|4|6|6,3|4|4|5|7|7,24,30,5,0,none,True,True,False,False,True,False,computed_total_slot_anomaly_obstruction,24|30|6|3,25|25|25|25|25|25,none,0,0,True,,
widened_enumeration,r2|3|3|5|5|5_u0,6,0,2|3|3|5|5|5,3|4|4|6|6|6,23,29,5,0,none,True,True,False,False,True,False,computed_total_slot_anomaly_obstruction,23|29|6|0,24|24|24|24|24|24,none,0,0,True,,
widened_enumeration,r2|3|3|5|5|5_u1,6,1,2|3|3|5|5|5,3|4|4|6|6|6,23,29,5,0,none,True,True,False,False,True,False,computed_total_slot_anomaly_obstruction,23|29|6|1,24|24|24|24|24|24,none,0,0,True,,
widened_enumeration,r2|3|3|5|5|5_u2,6,2,2|3|3|5|5|5,3|4|4|6|6|6,23,29,5,0,none,True,True,False,False,True,False,computed_total_slot_anomaly_obstruction,23|29|6|2,24|24|24|24|24|24,none,0,0,True,,
widened_enumeration,r2|3|3|5|5|5_u3,6,3,2|3|3|5|5|5,3|4|4|6|6|6,23,29,5,0,none,True,True,False,False,True,False,computed_total_slot_anomaly_obstruction,23|29|6|3,24|24|24|24|24|24,none,0,0,True,,
widened_enumeration,r2|3|3|5|5|6_u0,6,0,2|3|3|5|5|6,3|4|4|6|6|7,24,30,5,0,none,True,True,False,False,True,False,computed_total_slot_anomaly_obstruction,24|30|6|0,25|25|25|25|25|25,none,0,0,True,,
widened_enumeration,r2|3|3|5|5|6_u1,6,1,2|3|3|5|5|6,3|4|4|6|6|7,24,30,5,0,none,True,True,False,False,True,False,computed_total_slot_anomaly_obstruction,24|30|6|1,25|25|25|25|25|25,none,0,0,True,,
widened_enumeration,r2|3|3|5|5|6_u2,6,2,2|3|3|5|5|6,3|4|4|6|6|7,24,30,5,0,none,True,True,False,False,True,False,computed_total_slot_anomaly_obstruction,24|30|6|2,25|25|25|25|25|25,none,0,0,True,,
widened_enumeration,r2|3|3|5|5|6_u3,6,3,2|3|3|5|5|6,3|4|4|6|6|7,24,30,5,0,none,True,True,False,False,True,False,computed_total_slot_anomaly_obstruction,24|30|6|3,25|25|25|25|25|25,none,0,0,True,,
widened_enumeration,r2|3|3|5|6|6_u0,6,0,2|3|3|5|6|6,3|4|4|6|7|7,25,31,5,0,none,True,True,False,False,True,False,computed_total_slot_anomaly_obstruction,25|31|6|0,26|26|26|26|26|26,none,0,0,True,,
widened_enumeration,r2|3|3|5|6|6_u1,6,1,2|3|3|5|6|6,3|4|4|6|7|7,25,31,5,0,none,True,True,False,False,True,False,computed_total_slot_anomaly_obstruction,25|31|6|1,26|26|26|26|26|26,none,0,0,True,,
widened_enumeration,r2|3|3|5|6|6_u2,6,2,2|3|3|5|6|6,3|4|4|6|7|7,25,31,5,0,none,True,True,False,False,True,False,computed_total_slot_anomaly_obstruction,25|31|6|2,26|26|26|26|26|26,none,0,0,True,,
widened_enumeration,r2|3|3|5|6|6_u3,6,3,2|3|3|5|6|6,3|4|4|6|7|7,25,31,5,0,none,True,True,False,False,True,False,computed_total_slot_anomaly_obstruction,25|31|6|3,26|26|26|26|26|26,none,0,0,True,,
widened_enumeration,r2|3|3|6|6|6_u0,6,0,2|3|3|6|6|6,3|4|4|7|7|7,26,32,5,0,none,True,True,False,False,True,False,computed_total_slot_anomaly_obstruction,26|32|6|0,27|27|27|27|27|27,none,0,0,True,,
widened_enumeration,r2|3|3|6|6|6_u1,6,1,2|3|3|6|6|6,3|4|4|7|7|7,26,32,5,0,none,True,True,False,False,True,False,computed_total_slot_anomaly_obstruction,26|32|6|1,27|27|27|27|27|27,none,0,0,True,,
widened_enumeration,r2|3|3|6|6|6_u2,6,2,2|3|3|6|6|6,3|4|4|7|7|7,26,32,5,0,none,True,True,False,False,True,False,computed_total_slot_anomaly_obstruction,26|32|6|2,27|27|27|27|27|27,none,0,0,True,,
widened_enumeration,r2|3|3|6|6|6_u3,6,3,2|3|3|6|6|6,3|4|4|7|7|7,26,32,5,0,none,True,True,False,False,True,False,computed_total_slot_anomaly_obstruction,26|32|6|3,27|27|27|27|27|27,none,0,0,True,,
widened_enumeration,r2|3|4|4|4|4_u0,6,0,2|3|4|4|4|4,3|4|5|5|5|5,21,27,5,0,none,True,True,False,False,True,False,computed_total_slot_anomaly_obstruction,21|27|6|0,22|22|22|22|22|22,none,0,0,True,,
widened_enumeration,r2|3|4|4|4|4_u1,6,1,2|3|4|4|4|4,3|4|5|5|5|5,21,27,5,0,none,True,True,False,False,True,False,computed_total_slot_anomaly_obstruction,21|27|6|1,22|22|22|22|22|22,none,0,0,True,,
widened_enumeration,r2|3|4|4|4|4_u2,6,2,2|3|4|4|4|4,3|4|5|5|5|5,21,27,5,0,none,True,True,False,False,True,False,computed_total_slot_anomaly_obstruction,21|27|6|2,22|22|22|22|22|22,none,0,0,True,,
widened_enumeration,r2|3|4|4|4|4_u3,6,3,2|3|4|4|4|4,3|4|5|5|5|5,21,27,5,0,none,True,True,False,False,True,False,computed_total_slot_anomaly_obstruction,21|27|6|3,22|22|22|22|22|22,none,0,0,True,,
widened_enumeration,r2|3|4|4|4|5_u0,6,0,2|3|4|4|4|5,3|4|5|5|5|6,22,28,5,0,none,True,True,False,False,True,False,computed_total_slot_anomaly_obstruction,22|28|6|0,23|23|23|23|23|23,none,0,0,True,,
widened_enumeration,r2|3|4|4|4|5_u1,6,1,2|3|4|4|4|5,3|4|5|5|5|6,22,28,5,0,none,True,True,False,False,True,False,computed_total_slot_anomaly_obstruction,22|28|6|1,23|23|23|23|23|23,none,0,0,True,,
widened_enumeration,r2|3|4|4|4|5_u2,6,2,2|3|4|4|4|5,3|4|5|5|5|6,22,28,5,0,none,True,True,False,False,True,False,computed_total_slot_anomaly_obstruction,22|28|6|2,23|23|23|23|23|23,none,0,0,True,,
widened_enumeration,r2|3|4|4|4|5_u3,6,3,2|3|4|4|4|5,3|4|5|5|5|6,22,28,5,0,none,True,True,False,False,True,False,computed_total_slot_anomaly_obstruction,22|28|6|3,23|23|23|23|23|23,none,0,0,True,,
widened_enumeration,r2|3|4|4|4|6_u0,6,0,2|3|4|4|4|6,3|4|5|5|5|7,23,29,5,0,none,True,True,False,False,True,False,computed_total_slot_anomaly_obstruction,23|29|6|0,24|24|24|24|24|24,none,0,0,True,,
widened_enumeration,r2|3|4|4|4|6_u1,6,1,2|3|4|4|4|6,3|4|5|5|5|7,23,29,5,0,none,True,True,False,False,True,False,computed_total_slot_anomaly_obstruction,23|29|6|1,24|24|24|24|24|24,none,0,0,True,,
widened_enumeration,r2|3|4|4|4|6_u2,6,2,2|3|4|4|4|6,3|4|5|5|5|7,23,29,5,0,none,True,True,False,False,True,False,computed_total_slot_anomaly_obstruction,23|29|6|2,24|24|24|24|24|24,none,0,0,True,,
widened_enumeration,r2|3|4|4|4|6_u3,6,3,2|3|4|4|4|6,3|4|5|5|5|7,23,29,5,0,none,True,True,False,False,True,False,computed_total_slot_anomaly_obstruction,23|29|6|3,24|24|24|24|24|24,none,0,0,True,,
widened_enumeration,r2|3|4|4|5|5_u0,6,0,2|3|4|4|5|5,3|4|5|5|6|6,23,29,5,0,none,True,True,False,False,True,False,computed_total_slot_anomaly_obstruction,23|29|6|0,24|24|24|24|24|24,none,0,0,True,,
widened_enumeration,r2|3|4|4|5|5_u1,6,1,2|3|4|4|5|5,3|4|5|5|6|6,23,29,5,0,none,True,True,False,False,True,False,computed_total_slot_anomaly_obstruction,23|29|6|1,24|24|24|24|24|24,none,0,0,True,,
widened_enumeration,r2|3|4|4|5|5_u2,6,2,2|3|4|4|5|5,3|4|5|5|6|6,23,29,5,0,none,True,True,False,False,True,False,computed_total_slot_anomaly_obstruction,23|29|6|2,24|24|24|24|24|24,none,0,0,True,,
widened_enumeration,r2|3|4|4|5|5_u3,6,3,2|3|4|4|5|5,3|4|5|5|6|6,23,29,5,0,none,True,True,False,False,True,False,computed_total_slot_anomaly_obstruction,23|29|6|3,24|24|24|24|24|24,none,0,0,True,,
widened_enumeration,r2|3|4|4|5|6_u0,6,0,2|3|4|4|5|6,3|4|5|5|6|7,24,30,5,0,none,True,True,False,False,True,False,computed_total_slot_anomaly_obstruction,24|30|6|0,25|25|25|25|25|25,none,0,0,True,,
widened_enumeration,r2|3|4|4|5|6_u1,6,1,2|3|4|4|5|6,3|4|5|5|6|7,24,30,5,0,none,True,True,False,False,True,False,computed_total_slot_anomaly_obstruction,24|30|6|1,25|25|25|25|25|25,none,0,0,True,,
widened_enumeration,r2|3|4|4|5|6_u2,6,2,2|3|4|4|5|6,3|4|5|5|6|7,24,30,5,0,none,True,True,False,False,True,False,computed_total_slot_anomaly_obstruction,24|30|6|2,25|25|25|25|25|25,none,0,0,True,,
widened_enumeration,r2|3|4|4|5|6_u3,6,3,2|3|4|4|5|6,3|4|5|5|6|7,24,30,5,0,none,True,True,False,False,True,False,computed_total_slot_anomaly_obstruction,24|30|6|3,25|25|25|25|25|25,none,0,0,True,,
widened_enumeration,r2|3|4|4|6|6_u0,6,0,2|3|4|4|6|6,3|4|5|5|7|7,25,31,5,0,none,True,True,False,False,True,False,computed_total_slot_anomaly_obstruction,25|31|6|0,26|26|26|26|26|26,none,0,0,True,,
widened_enumeration,r2|3|4|4|6|6_u1,6,1,2|3|4|4|6|6,3|4|5|5|7|7,25,31,5,0,none,True,True,False,False,True,False,computed_total_slot_anomaly_obstruction,25|31|6|1,26|26|26|26|26|26,none,0,0,True,,
widened_enumeration,r2|3|4|4|6|6_u2,6,2,2|3|4|4|6|6,3|4|5|5|7|7,25,31,5,0,none,True,True,False,False,True,False,computed_total_slot_anomaly_obstruction,25|31|6|2,26|26|26|26|26|26,none,0,0,True,,
widened_enumeration,r2|3|4|4|6|6_u3,6,3,2|3|4|4|6|6,3|4|5|5|7|7,25,31,5,0,none,True,True,False,False,True,False,computed_total_slot_anomaly_obstruction,25|31|6|3,26|26|26|26|26|26,none,0,0,True,,
widened_enumeration,r2|3|4|5|5|5_u0,6,0,2|3|4|5|5|5,3|4|5|6|6|6,24,30,5,0,none,True,True,False,False,True,False,computed_total_slot_anomaly_obstruction,24|30|6|0,25|25|25|25|25|25,none,0,0,True,,
widened_enumeration,r2|3|4|5|5|5_u1,6,1,2|3|4|5|5|5,3|4|5|6|6|6,24,30,5,0,none,True,True,False,False,True,False,computed_total_slot_anomaly_obstruction,24|30|6|1,25|25|25|25|25|25,none,0,0,True,,
widened_enumeration,r2|3|4|5|5|5_u2,6,2,2|3|4|5|5|5,3|4|5|6|6|6,24,30,5,0,none,True,True,False,False,True,False,computed_total_slot_anomaly_obstruction,24|30|6|2,25|25|25|25|25|25,none,0,0,True,,
widened_enumeration,r2|3|4|5|5|5_u3,6,3,2|3|4|5|5|5,3|4|5|6|6|6,24,30,5,0,none,True,True,False,False,True,False,computed_total_slot_anomaly_obstruction,24|30|6|3,25|25|25|25|25|25,none,0,0,True,,
widened_enumeration,r2|3|4|5|5|6_u0,6,0,2|3|4|5|5|6,3|4|5|6|6|7,25,31,5,0,none,True,True,False,False,True,False,computed_total_slot_anomaly_obstruction,25|31|6|0,26|26|26|26|26|26,none,0,0,True,,
widened_enumeration,r2|3|4|5|5|6_u1,6,1,2|3|4|5|5|6,3|4|5|6|6|7,25,31,5,0,none,True,True,False,False,True,False,computed_total_slot_anomaly_obstruction,25|31|6|1,26|26|26|26|26|26,none,0,0,True,,
widened_enumeration,r2|3|4|5|5|6_u2,6,2,2|3|4|5|5|6,3|4|5|6|6|7,25,31,5,0,none,True,True,False,False,True,False,computed_total_slot_anomaly_obstruction,25|31|6|2,26|26|26|26|26|26,none,0,0,True,,
widened_enumeration,r2|3|4|5|5|6_u3,6,3,2|3|4|5|5|6,3|4|5|6|6|7,25,31,5,0,none,True,True,False,False,True,False,computed_total_slot_anomaly_obstruction,25|31|6|3,26|26|26|26|26|26,none,0,0,True,,
widened_enumeration,r2|3|4|5|6|6_u0,6,0,2|3|4|5|6|6,3|4|5|6|7|7,26,32,5,0,none,True,True,False,False,True,False,computed_total_slot_anomaly_obstruction,26|32|6|0,27|27|27|27|27|27,none,0,0,True,,
widened_enumeration,r2|3|4|5|6|6_u1,6,1,2|3|4|5|6|6,3|4|5|6|7|7,26,32,5,0,none,True,True,False,False,True,False,computed_total_slot_anomaly_obstruction,26|32|6|1,27|27|27|27|27|27,none,0,0,True,,
widened_enumeration,r2|3|4|5|6|6_u2,6,2,2|3|4|5|6|6,3|4|5|6|7|7,26,32,5,0,none,True,True,False,False,True,False,computed_total_slot_anomaly_obstruction,26|32|6|2,27|27|27|27|27|27,none,0,0,True,,
widened_enumeration,r2|3|4|5|6|6_u3,6,3,2|3|4|5|6|6,3|4|5|6|7|7,26,32,5,0,none,True,True,False,False,True,False,computed_total_slot_anomaly_obstruction,26|32|6|3,27|27|27|27|27|27,none,0,0,True,,
widened_enumeration,r2|3|4|6|6|6_u0,6,0,2|3|4|6|6|6,3|4|5|7|7|7,27,33,5,0,none,True,True,False,False,True,False,computed_total_slot_anomaly_obstruction,27|33|6|0,28|28|28|28|28|28,none,0,0,True,,
widened_enumeration,r2|3|4|6|6|6_u1,6,1,2|3|4|6|6|6,3|4|5|7|7|7,27,33,5,0,none,True,True,False,False,True,False,computed_total_slot_anomaly_obstruction,27|33|6|1,28|28|28|28|28|28,none,0,0,True,,
widened_enumeration,r2|3|4|6|6|6_u2,6,2,2|3|4|6|6|6,3|4|5|7|7|7,27,33,5,0,none,True,True,False,False,True,False,computed_total_slot_anomaly_obstruction,27|33|6|2,28|28|28|28|28|28,none,0,0,True,,
widened_enumeration,r2|3|4|6|6|6_u3,6,3,2|3|4|6|6|6,3|4|5|7|7|7,27,33,5,0,none,True,True,False,False,True,False,computed_total_slot_anomaly_obstruction,27|33|6|3,28|28|28|28|28|28,none,0,0,True,,
widened_enumeration,r2|3|5|5|5|5_u0,6,0,2|3|5|5|5|5,3|4|6|6|6|6,25,31,5,0,none,True,True,False,False,True,False,computed_total_slot_anomaly_obstruction,25|31|6|0,26|26|26|26|26|26,none,0,0,True,,
widened_enumeration,r2|3|5|5|5|5_u1,6,1,2|3|5|5|5|5,3|4|6|6|6|6,25,31,5,0,none,True,True,False,False,True,False,computed_total_slot_anomaly_obstruction,25|31|6|1,26|26|26|26|26|26,none,0,0,True,,
widened_enumeration,r2|3|5|5|5|5_u2,6,2,2|3|5|5|5|5,3|4|6|6|6|6,25,31,5,0,none,True,True,False,False,True,False,computed_total_slot_anomaly_obstruction,25|31|6|2,26|26|26|26|26|26,none,0,0,True,,
widened_enumeration,r2|3|5|5|5|5_u3,6,3,2|3|5|5|5|5,3|4|6|6|6|6,25,31,5,0,none,True,True,False,False,True,False,computed_total_slot_anomaly_obstruction,25|31|6|3,26|26|26|26|26|26,none,0,0,True,,
widened_enumeration,r2|3|5|5|5|6_u0,6,0,2|3|5|5|5|6,3|4|6|6|6|7,26,32,5,0,none,True,True,False,False,True,False,computed_total_slot_anomaly_obstruction,26|32|6|0,27|27|27|27|27|27,none,0,0,True,,
widened_enumeration,r2|3|5|5|5|6_u1,6,1,2|3|5|5|5|6,3|4|6|6|6|7,26,32,5,0,none,True,True,False,False,True,False,computed_total_slot_anomaly_obstruction,26|32|6|1,27|27|27|27|27|27,none,0,0,True,,
widened_enumeration,r2|3|5|5|5|6_u2,6,2,2|3|5|5|5|6,3|4|6|6|6|7,26,32,5,0,none,True,True,False,False,True,False,computed_total_slot_anomaly_obstruction,26|32|6|2,27|27|27|27|27|27,none,0,0,True,,
widened_enumeration,r2|3|5|5|5|6_u3,6,3,2|3|5|5|5|6,3|4|6|6|6|7,26,32,5,0,none,True,True,False,False,True,False,computed_total_slot_anomaly_obstruction,26|32|6|3,27|27|27|27|27|27,none,0,0,True,,
widened_enumeration,r2|3|5|5|6|6_u0,6,0,2|3|5|5|6|6,3|4|6|6|7|7,27,33,5,0,none,True,True,False,False,True,False,computed_total_slot_anomaly_obstruction,27|33|6|0,28|28|28|28|28|28,none,0,0,True,,
widened_enumeration,r2|3|5|5|6|6_u1,6,1,2|3|5|5|6|6,3|4|6|6|7|7,27,33,5,0,none,True,True,False,False,True,False,computed_total_slot_anomaly_obstruction,27|33|6|1,28|28|28|28|28|28,none,0,0,True,,
widened_enumeration,r2|3|5|5|6|6_u2,6,2,2|3|5|5|6|6,3|4|6|6|7|7,27,33,5,0,none,True,True,False,False,True,False,computed_total_slot_anomaly_obstruction,27|33|6|2,28|28|28|28|28|28,none,0,0,True,,
widened_enumeration,r2|3|5|5|6|6_u3,6,3,2|3|5|5|6|6,3|4|6|6|7|7,27,33,5,0,none,True,True,False,False,True,False,computed_total_slot_anomaly_obstruction,27|33|6|3,28|28|28|28|28|28,none,0,0,True,,
widened_enumeration,r2|3|5|6|6|6_u0,6,0,2|3|5|6|6|6,3|4|6|7|7|7,28,34,5,0,none,True,True,False,False,True,False,computed_total_slot_anomaly_obstruction,28|34|6|0,29|29|29|29|29|29,none,0,0,True,,
widened_enumeration,r2|3|5|6|6|6_u1,6,1,2|3|5|6|6|6,3|4|6|7|7|7,28,34,5,0,none,True,True,False,False,True,False,computed_total_slot_anomaly_obstruction,28|34|6|1,29|29|29|29|29|29,none,0,0,True,,
widened_enumeration,r2|3|5|6|6|6_u2,6,2,2|3|5|6|6|6,3|4|6|7|7|7,28,34,5,0,none,True,True,False,False,True,False,computed_total_slot_anomaly_obstruction,28|34|6|2,29|29|29|29|29|29,none,0,0,True,,
widened_enumeration,r2|3|5|6|6|6_u3,6,3,2|3|5|6|6|6,3|4|6|7|7|7,28,34,5,0,none,True,True,False,False,True,False,computed_total_slot_anomaly_obstruction,28|34|6|3,29|29|29|29|29|29,none,0,0,True,,
widened_enumeration,r2|3|6|6|6|6_u0,6,0,2|3|6|6|6|6,3|4|7|7|7|7,29,35,5,0,none,True,True,False,False,True,False,computed_total_slot_anomaly_obstruction,29|35|6|0,30|30|30|30|30|30,none,0,0,True,,
widened_enumeration,r2|3|6|6|6|6_u1,6,1,2|3|6|6|6|6,3|4|7|7|7|7,29,35,5,0,none,True,True,False,False,True,False,computed_total_slot_anomaly_obstruction,29|35|6|1,30|30|30|30|30|30,none,0,0,True,,
widened_enumeration,r2|3|6|6|6|6_u2,6,2,2|3|6|6|6|6,3|4|7|7|7|7,29,35,5,0,none,True,True,False,False,True,False,computed_total_slot_anomaly_obstruction,29|35|6|2,30|30|30|30|30|30,none,0,0,True,,
widened_enumeration,r2|3|6|6|6|6_u3,6,3,2|3|6|6|6|6,3|4|7|7|7|7,29,35,5,0,none,True,True,False,False,True,False,computed_total_slot_anomaly_obstruction,29|35|6|3,30|30|30|30|30|30,none,0,0,True,,
widened_enumeration,r2|4|4|4|4|4_u0,6,0,2|4|4|4|4|4,3|5|5|5|5|5,22,28,5,0,none,True,True,False,False,True,False,computed_total_slot_anomaly_obstruction,22|28|6|0,23|23|23|23|23|23,none,0,0,True,,
widened_enumeration,r2|4|4|4|4|4_u1,6,1,2|4|4|4|4|4,3|5|5|5|5|5,22,28,5,0,none,True,True,False,False,True,False,computed_total_slot_anomaly_obstruction,22|28|6|1,23|23|23|23|23|23,none,0,0,True,,
widened_enumeration,r2|4|4|4|4|4_u2,6,2,2|4|4|4|4|4,3|5|5|5|5|5,22,28,5,0,none,True,True,False,False,True,False,computed_total_slot_anomaly_obstruction,22|28|6|2,23|23|23|23|23|23,none,0,0,True,,
widened_enumeration,r2|4|4|4|4|4_u3,6,3,2|4|4|4|4|4,3|5|5|5|5|5,22,28,5,0,none,True,True,False,False,True,False,computed_total_slot_anomaly_obstruction,22|28|6|3,23|23|23|23|23|23,none,0,0,True,,
widened_enumeration,r2|4|4|4|4|5_u0,6,0,2|4|4|4|4|5,3|5|5|5|5|6,23,29,5,0,none,True,True,False,False,True,False,computed_total_slot_anomaly_obstruction,23|29|6|0,24|24|24|24|24|24,none,0,0,True,,
widened_enumeration,r2|4|4|4|4|5_u1,6,1,2|4|4|4|4|5,3|5|5|5|5|6,23,29,5,0,none,True,True,False,False,True,False,computed_total_slot_anomaly_obstruction,23|29|6|1,24|24|24|24|24|24,none,0,0,True,,
widened_enumeration,r2|4|4|4|4|5_u2,6,2,2|4|4|4|4|5,3|5|5|5|5|6,23,29,5,0,none,True,True,False,False,True,False,computed_total_slot_anomaly_obstruction,23|29|6|2,24|24|24|24|24|24,none,0,0,True,,
widened_enumeration,r2|4|4|4|4|5_u3,6,3,2|4|4|4|4|5,3|5|5|5|5|6,23,29,5,0,none,True,True,False,False,True,False,computed_total_slot_anomaly_obstruction,23|29|6|3,24|24|24|24|24|24,none,0,0,True,,
widened_enumeration,r2|4|4|4|4|6_u0,6,0,2|4|4|4|4|6,3|5|5|5|5|7,24,30,5,0,none,True,True,False,False,True,False,computed_total_slot_anomaly_obstruction,24|30|6|0,25|25|25|25|25|25,none,0,0,True,,
widened_enumeration,r2|4|4|4|4|6_u1,6,1,2|4|4|4|4|6,3|5|5|5|5|7,24,30,5,0,none,True,True,False,False,True,False,computed_total_slot_anomaly_obstruction,24|30|6|1,25|25|25|25|25|25,none,0,0,True,,
widened_enumeration,r2|4|4|4|4|6_u2,6,2,2|4|4|4|4|6,3|5|5|5|5|7,24,30,5,0,none,True,True,False,False,True,False,computed_total_slot_anomaly_obstruction,24|30|6|2,25|25|25|25|25|25,none,0,0,True,,
widened_enumeration,r2|4|4|4|4|6_u3,6,3,2|4|4|4|4|6,3|5|5|5|5|7,24,30,5,0,none,True,True,False,False,True,False,computed_total_slot_anomaly_obstruction,24|30|6|3,25|25|25|25|25|25,none,0,0,True,,
widened_enumeration,r2|4|4|4|5|5_u0,6,0,2|4|4|4|5|5,3|5|5|5|6|6,24,30,5,0,none,True,True,False,False,True,False,computed_total_slot_anomaly_obstruction,24|30|6|0,25|25|25|25|25|25,none,0,0,True,,
widened_enumeration,r2|4|4|4|5|5_u1,6,1,2|4|4|4|5|5,3|5|5|5|6|6,24,30,5,0,none,True,True,False,False,True,False,computed_total_slot_anomaly_obstruction,24|30|6|1,25|25|25|25|25|25,none,0,0,True,,
widened_enumeration,r2|4|4|4|5|5_u2,6,2,2|4|4|4|5|5,3|5|5|5|6|6,24,30,5,0,none,True,True,False,False,True,False,computed_total_slot_anomaly_obstruction,24|30|6|2,25|25|25|25|25|25,none,0,0,True,,
widened_enumeration,r2|4|4|4|5|5_u3,6,3,2|4|4|4|5|5,3|5|5|5|6|6,24,30,5,0,none,True,True,False,False,True,False,computed_total_slot_anomaly_obstruction,24|30|6|3,25|25|25|25|25|25,none,0,0,True,,
widened_enumeration,r2|4|4|4|5|6_u0,6,0,2|4|4|4|5|6,3|5|5|5|6|7,25,31,5,0,none,True,True,False,False,True,False,computed_total_slot_anomaly_obstruction,25|31|6|0,26|26|26|26|26|26,none,0,0,True,,
widened_enumeration,r2|4|4|4|5|6_u1,6,1,2|4|4|4|5|6,3|5|5|5|6|7,25,31,5,0,none,True,True,False,False,True,False,computed_total_slot_anomaly_obstruction,25|31|6|1,26|26|26|26|26|26,none,0,0,True,,
widened_enumeration,r2|4|4|4|5|6_u2,6,2,2|4|4|4|5|6,3|5|5|5|6|7,25,31,5,0,none,True,True,False,False,True,False,computed_total_slot_anomaly_obstruction,25|31|6|2,26|26|26|26|26|26,none,0,0,True,,
widened_enumeration,r2|4|4|4|5|6_u3,6,3,2|4|4|4|5|6,3|5|5|5|6|7,25,31,5,0,none,True,True,False,False,True,False,computed_total_slot_anomaly_obstruction,25|31|6|3,26|26|26|26|26|26,none,0,0,True,,
widened_enumeration,r2|4|4|4|6|6_u0,6,0,2|4|4|4|6|6,3|5|5|5|7|7,26,32,5,0,none,True,True,False,False,True,False,computed_total_slot_anomaly_obstruction,26|32|6|0,27|27|27|27|27|27,none,0,0,True,,
widened_enumeration,r2|4|4|4|6|6_u1,6,1,2|4|4|4|6|6,3|5|5|5|7|7,26,32,5,0,none,True,True,False,False,True,False,computed_total_slot_anomaly_obstruction,26|32|6|1,27|27|27|27|27|27,none,0,0,True,,
widened_enumeration,r2|4|4|4|6|6_u2,6,2,2|4|4|4|6|6,3|5|5|5|7|7,26,32,5,0,none,True,True,False,False,True,False,computed_total_slot_anomaly_obstruction,26|32|6|2,27|27|27|27|27|27,none,0,0,True,,
widened_enumeration,r2|4|4|4|6|6_u3,6,3,2|4|4|4|6|6,3|5|5|5|7|7,26,32,5,0,none,True,True,False,False,True,False,computed_total_slot_anomaly_obstruction,26|32|6|3,27|27|27|27|27|27,none,0,0,True,,
widened_enumeration,r2|4|4|5|5|5_u0,6,0,2|4|4|5|5|5,3|5|5|6|6|6,25,31,5,0,none,True,True,False,False,True,False,computed_total_slot_anomaly_obstruction,25|31|6|0,26|26|26|26|26|26,none,0,0,True,,
widened_enumeration,r2|4|4|5|5|5_u1,6,1,2|4|4|5|5|5,3|5|5|6|6|6,25,31,5,0,none,True,True,False,False,True,False,computed_total_slot_anomaly_obstruction,25|31|6|1,26|26|26|26|26|26,none,0,0,True,,
widened_enumeration,r2|4|4|5|5|5_u2,6,2,2|4|4|5|5|5,3|5|5|6|6|6,25,31,5,0,none,True,True,False,False,True,False,computed_total_slot_anomaly_obstruction,25|31|6|2,26|26|26|26|26|26,none,0,0,True,,
widened_enumeration,r2|4|4|5|5|5_u3,6,3,2|4|4|5|5|5,3|5|5|6|6|6,25,31,5,0,none,True,True,False,False,True,False,computed_total_slot_anomaly_obstruction,25|31|6|3,26|26|26|26|26|26,none,0,0,True,,
widened_enumeration,r2|4|4|5|5|6_u0,6,0,2|4|4|5|5|6,3|5|5|6|6|7,26,32,5,0,none,True,True,False,False,True,False,computed_total_slot_anomaly_obstruction,26|32|6|0,27|27|27|27|27|27,none,0,0,True,,
widened_enumeration,r2|4|4|5|5|6_u1,6,1,2|4|4|5|5|6,3|5|5|6|6|7,26,32,5,0,none,True,True,False,False,True,False,computed_total_slot_anomaly_obstruction,26|32|6|1,27|27|27|27|27|27,none,0,0,True,,
widened_enumeration,r2|4|4|5|5|6_u2,6,2,2|4|4|5|5|6,3|5|5|6|6|7,26,32,5,0,none,True,True,False,False,True,False,computed_total_slot_anomaly_obstruction,26|32|6|2,27|27|27|27|27|27,none,0,0,True,,
widened_enumeration,r2|4|4|5|5|6_u3,6,3,2|4|4|5|5|6,3|5|5|6|6|7,26,32,5,0,none,True,True,False,False,True,False,computed_total_slot_anomaly_obstruction,26|32|6|3,27|27|27|27|27|27,none,0,0,True,,
widened_enumeration,r2|4|4|5|6|6_u0,6,0,2|4|4|5|6|6,3|5|5|6|7|7,27,33,5,0,none,True,True,False,False,True,False,computed_total_slot_anomaly_obstruction,27|33|6|0,28|28|28|28|28|28,none,0,0,True,,
widened_enumeration,r2|4|4|5|6|6_u1,6,1,2|4|4|5|6|6,3|5|5|6|7|7,27,33,5,0,none,True,True,False,False,True,False,computed_total_slot_anomaly_obstruction,27|33|6|1,28|28|28|28|28|28,none,0,0,True,,
widened_enumeration,r2|4|4|5|6|6_u2,6,2,2|4|4|5|6|6,3|5|5|6|7|7,27,33,5,0,none,True,True,False,False,True,False,computed_total_slot_anomaly_obstruction,27|33|6|2,28|28|28|28|28|28,none,0,0,True,,
widened_enumeration,r2|4|4|5|6|6_u3,6,3,2|4|4|5|6|6,3|5|5|6|7|7,27,33,5,0,none,True,True,False,False,True,False,computed_total_slot_anomaly_obstruction,27|33|6|3,28|28|28|28|28|28,none,0,0,True,,
widened_enumeration,r2|4|4|6|6|6_u0,6,0,2|4|4|6|6|6,3|5|5|7|7|7,28,34,5,0,none,True,True,False,False,True,False,computed_total_slot_anomaly_obstruction,28|34|6|0,29|29|29|29|29|29,none,0,0,True,,
widened_enumeration,r2|4|4|6|6|6_u1,6,1,2|4|4|6|6|6,3|5|5|7|7|7,28,34,5,0,none,True,True,False,False,True,False,computed_total_slot_anomaly_obstruction,28|34|6|1,29|29|29|29|29|29,none,0,0,True,,
widened_enumeration,r2|4|4|6|6|6_u2,6,2,2|4|4|6|6|6,3|5|5|7|7|7,28,34,5,0,none,True,True,False,False,True,False,computed_total_slot_anomaly_obstruction,28|34|6|2,29|29|29|29|29|29,none,0,0,True,,
widened_enumeration,r2|4|4|6|6|6_u3,6,3,2|4|4|6|6|6,3|5|5|7|7|7,28,34,5,0,none,True,True,False,False,True,False,computed_total_slot_anomaly_obstruction,28|34|6|3,29|29|29|29|29|29,none,0,0,True,,
widened_enumeration,r2|4|5|5|5|5_u0,6,0,2|4|5|5|5|5,3|5|6|6|6|6,26,32,5,0,none,True,True,False,False,True,False,computed_total_slot_anomaly_obstruction,26|32|6|0,27|27|27|27|27|27,none,0,0,True,,
widened_enumeration,r2|4|5|5|5|5_u1,6,1,2|4|5|5|5|5,3|5|6|6|6|6,26,32,5,0,none,True,True,False,False,True,False,computed_total_slot_anomaly_obstruction,26|32|6|1,27|27|27|27|27|27,none,0,0,True,,
widened_enumeration,r2|4|5|5|5|5_u2,6,2,2|4|5|5|5|5,3|5|6|6|6|6,26,32,5,0,none,True,True,False,False,True,False,computed_total_slot_anomaly_obstruction,26|32|6|2,27|27|27|27|27|27,none,0,0,True,,
widened_enumeration,r2|4|5|5|5|5_u3,6,3,2|4|5|5|5|5,3|5|6|6|6|6,26,32,5,0,none,True,True,False,False,True,False,computed_total_slot_anomaly_obstruction,26|32|6|3,27|27|27|27|27|27,none,0,0,True,,
widened_enumeration,r2|4|5|5|5|6_u0,6,0,2|4|5|5|5|6,3|5|6|6|6|7,27,33,5,0,none,True,True,False,False,True,False,computed_total_slot_anomaly_obstruction,27|33|6|0,28|28|28|28|28|28,none,0,0,True,,
widened_enumeration,r2|4|5|5|5|6_u1,6,1,2|4|5|5|5|6,3|5|6|6|6|7,27,33,5,0,none,True,True,False,False,True,False,computed_total_slot_anomaly_obstruction,27|33|6|1,28|28|28|28|28|28,none,0,0,True,,
widened_enumeration,r2|4|5|5|5|6_u2,6,2,2|4|5|5|5|6,3|5|6|6|6|7,27,33,5,0,none,True,True,False,False,True,False,computed_total_slot_anomaly_obstruction,27|33|6|2,28|28|28|28|28|28,none,0,0,True,,
widened_enumeration,r2|4|5|5|5|6_u3,6,3,2|4|5|5|5|6,3|5|6|6|6|7,27,33,5,0,none,True,True,False,False,True,False,computed_total_slot_anomaly_obstruction,27|33|6|3,28|28|28|28|28|28,none,0,0,True,,
widened_enumeration,r2|4|5|5|6|6_u0,6,0,2|4|5|5|6|6,3|5|6|6|7|7,28,34,5,0,none,True,True,False,False,True,False,computed_total_slot_anomaly_obstruction,28|34|6|0,29|29|29|29|29|29,none,0,0,True,,
widened_enumeration,r2|4|5|5|6|6_u1,6,1,2|4|5|5|6|6,3|5|6|6|7|7,28,34,5,0,none,True,True,False,False,True,False,computed_total_slot_anomaly_obstruction,28|34|6|1,29|29|29|29|29|29,none,0,0,True,,
widened_enumeration,r2|4|5|5|6|6_u2,6,2,2|4|5|5|6|6,3|5|6|6|7|7,28,34,5,0,none,True,True,False,False,True,False,computed_total_slot_anomaly_obstruction,28|34|6|2,29|29|29|29|29|29,none,0,0,True,,
widened_enumeration,r2|4|5|5|6|6_u3,6,3,2|4|5|5|6|6,3|5|6|6|7|7,28,34,5,0,none,True,True,False,False,True,False,computed_total_slot_anomaly_obstruction,28|34|6|3,29|29|29|29|29|29,none,0,0,True,,
widened_enumeration,r2|4|5|6|6|6_u0,6,0,2|4|5|6|6|6,3|5|6|7|7|7,29,35,5,0,none,True,True,False,False,True,False,computed_total_slot_anomaly_obstruction,29|35|6|0,30|30|30|30|30|30,none,0,0,True,,
widened_enumeration,r2|4|5|6|6|6_u1,6,1,2|4|5|6|6|6,3|5|6|7|7|7,29,35,5,0,none,True,True,False,False,True,False,computed_total_slot_anomaly_obstruction,29|35|6|1,30|30|30|30|30|30,none,0,0,True,,
widened_enumeration,r2|4|5|6|6|6_u2,6,2,2|4|5|6|6|6,3|5|6|7|7|7,29,35,5,0,none,True,True,False,False,True,False,computed_total_slot_anomaly_obstruction,29|35|6|2,30|30|30|30|30|30,none,0,0,True,,
widened_enumeration,r2|4|5|6|6|6_u3,6,3,2|4|5|6|6|6,3|5|6|7|7|7,29,35,5,0,none,True,True,False,False,True,False,computed_total_slot_anomaly_obstruction,29|35|6|3,30|30|30|30|30|30,none,0,0,True,,
widened_enumeration,r2|4|6|6|6|6_u0,6,0,2|4|6|6|6|6,3|5|7|7|7|7,30,36,5,0,none,True,True,False,False,True,False,computed_total_slot_anomaly_obstruction,30|36|6|0,31|31|31|31|31|31,none,0,0,True,,
widened_enumeration,r2|4|6|6|6|6_u1,6,1,2|4|6|6|6|6,3|5|7|7|7|7,30,36,5,0,none,True,True,False,False,True,False,computed_total_slot_anomaly_obstruction,30|36|6|1,31|31|31|31|31|31,none,0,0,True,,
widened_enumeration,r2|4|6|6|6|6_u2,6,2,2|4|6|6|6|6,3|5|7|7|7|7,30,36,5,0,none,True,True,False,False,True,False,computed_total_slot_anomaly_obstruction,30|36|6|2,31|31|31|31|31|31,none,0,0,True,,
widened_enumeration,r2|4|6|6|6|6_u3,6,3,2|4|6|6|6|6,3|5|7|7|7|7,30,36,5,0,none,True,True,False,False,True,False,computed_total_slot_anomaly_obstruction,30|36|6|3,31|31|31|31|31|31,none,0,0,True,,
widened_enumeration,r2|5|5|5|5|5_u0,6,0,2|5|5|5|5|5,3|6|6|6|6|6,27,33,5,0,none,True,True,False,False,True,False,computed_total_slot_anomaly_obstruction,27|33|6|0,28|28|28|28|28|28,none,0,0,True,,
widened_enumeration,r2|5|5|5|5|5_u1,6,1,2|5|5|5|5|5,3|6|6|6|6|6,27,33,5,0,none,True,True,False,False,True,False,computed_total_slot_anomaly_obstruction,27|33|6|1,28|28|28|28|28|28,none,0,0,True,,
widened_enumeration,r2|5|5|5|5|5_u2,6,2,2|5|5|5|5|5,3|6|6|6|6|6,27,33,5,0,none,True,True,False,False,True,False,computed_total_slot_anomaly_obstruction,27|33|6|2,28|28|28|28|28|28,none,0,0,True,,
widened_enumeration,r2|5|5|5|5|5_u3,6,3,2|5|5|5|5|5,3|6|6|6|6|6,27,33,5,0,none,True,True,False,False,True,False,computed_total_slot_anomaly_obstruction,27|33|6|3,28|28|28|28|28|28,none,0,0,True,,
widened_enumeration,r2|5|5|5|5|6_u0,6,0,2|5|5|5|5|6,3|6|6|6|6|7,28,34,5,0,none,True,True,False,False,True,False,computed_total_slot_anomaly_obstruction,28|34|6|0,29|29|29|29|29|29,none,0,0,True,,
widened_enumeration,r2|5|5|5|5|6_u1,6,1,2|5|5|5|5|6,3|6|6|6|6|7,28,34,5,0,none,True,True,False,False,True,False,computed_total_slot_anomaly_obstruction,28|34|6|1,29|29|29|29|29|29,none,0,0,True,,
widened_enumeration,r2|5|5|5|5|6_u2,6,2,2|5|5|5|5|6,3|6|6|6|6|7,28,34,5,0,none,True,True,False,False,True,False,computed_total_slot_anomaly_obstruction,28|34|6|2,29|29|29|29|29|29,none,0,0,True,,
widened_enumeration,r2|5|5|5|5|6_u3,6,3,2|5|5|5|5|6,3|6|6|6|6|7,28,34,5,0,none,True,True,False,False,True,False,computed_total_slot_anomaly_obstruction,28|34|6|3,29|29|29|29|29|29,none,0,0,True,,
widened_enumeration,r2|5|5|5|6|6_u0,6,0,2|5|5|5|6|6,3|6|6|6|7|7,29,35,5,0,none,True,True,False,False,True,False,computed_total_slot_anomaly_obstruction,29|35|6|0,30|30|30|30|30|30,none,0,0,True,,
widened_enumeration,r2|5|5|5|6|6_u1,6,1,2|5|5|5|6|6,3|6|6|6|7|7,29,35,5,0,none,True,True,False,False,True,False,computed_total_slot_anomaly_obstruction,29|35|6|1,30|30|30|30|30|30,none,0,0,True,,
widened_enumeration,r2|5|5|5|6|6_u2,6,2,2|5|5|5|6|6,3|6|6|6|7|7,29,35,5,0,none,True,True,False,False,True,False,computed_total_slot_anomaly_obstruction,29|35|6|2,30|30|30|30|30|30,none,0,0,True,,
widened_enumeration,r2|5|5|5|6|6_u3,6,3,2|5|5|5|6|6,3|6|6|6|7|7,29,35,5,0,none,True,True,False,False,True,False,computed_total_slot_anomaly_obstruction,29|35|6|3,30|30|30|30|30|30,none,0,0,True,,
widened_enumeration,r2|5|5|6|6|6_u0,6,0,2|5|5|6|6|6,3|6|6|7|7|7,30,36,5,0,none,True,True,False,False,True,False,computed_total_slot_anomaly_obstruction,30|36|6|0,31|31|31|31|31|31,none,0,0,True,,
widened_enumeration,r2|5|5|6|6|6_u1,6,1,2|5|5|6|6|6,3|6|6|7|7|7,30,36,5,0,none,True,True,False,False,True,False,computed_total_slot_anomaly_obstruction,30|36|6|1,31|31|31|31|31|31,none,0,0,True,,
widened_enumeration,r2|5|5|6|6|6_u2,6,2,2|5|5|6|6|6,3|6|6|7|7|7,30,36,5,0,none,True,True,False,False,True,False,computed_total_slot_anomaly_obstruction,30|36|6|2,31|31|31|31|31|31,none,0,0,True,,
widened_enumeration,r2|5|5|6|6|6_u3,6,3,2|5|5|6|6|6,3|6|6|7|7|7,30,36,5,0,none,True,True,False,False,True,False,computed_total_slot_anomaly_obstruction,30|36|6|3,31|31|31|31|31|31,none,0,0,True,,
widened_enumeration,r2|5|6|6|6|6_u0,6,0,2|5|6|6|6|6,3|6|7|7|7|7,31,37,5,0,none,True,True,False,False,True,False,computed_total_slot_anomaly_obstruction,31|37|6|0,32|32|32|32|32|32,none,0,0,True,,
widened_enumeration,r2|5|6|6|6|6_u1,6,1,2|5|6|6|6|6,3|6|7|7|7|7,31,37,5,0,none,True,True,False,False,True,False,computed_total_slot_anomaly_obstruction,31|37|6|1,32|32|32|32|32|32,none,0,0,True,,
widened_enumeration,r2|5|6|6|6|6_u2,6,2,2|5|6|6|6|6,3|6|7|7|7|7,31,37,5,0,none,True,True,False,False,True,False,computed_total_slot_anomaly_obstruction,31|37|6|2,32|32|32|32|32|32,none,0,0,True,,
widened_enumeration,r2|5|6|6|6|6_u3,6,3,2|5|6|6|6|6,3|6|7|7|7|7,31,37,5,0,none,True,True,False,False,True,False,computed_total_slot_anomaly_obstruction,31|37|6|3,32|32|32|32|32|32,none,0,0,True,,
widened_enumeration,r2|6|6|6|6|6_u0,6,0,2|6|6|6|6|6,3|7|7|7|7|7,32,38,5,0,none,True,True,False,False,True,False,computed_total_slot_anomaly_obstruction,32|38|6|0,33|33|33|33|33|33,none,0,0,True,,
widened_enumeration,r2|6|6|6|6|6_u1,6,1,2|6|6|6|6|6,3|7|7|7|7|7,32,38,5,0,none,True,True,False,False,True,False,computed_total_slot_anomaly_obstruction,32|38|6|1,33|33|33|33|33|33,none,0,0,True,,
widened_enumeration,r2|6|6|6|6|6_u2,6,2,2|6|6|6|6|6,3|7|7|7|7|7,32,38,5,0,none,True,True,False,False,True,False,computed_total_slot_anomaly_obstruction,32|38|6|2,33|33|33|33|33|33,none,0,0,True,,
widened_enumeration,r2|6|6|6|6|6_u3,6,3,2|6|6|6|6|6,3|7|7|7|7|7,32,38,5,0,none,True,True,False,False,True,False,computed_total_slot_anomaly_obstruction,32|38|6|3,33|33|33|33|33|33,none,0,0,True,,
widened_enumeration,r3|3|3|3|3|3_u0,6,0,3|3|3|3|3|3,4|4|4|4|4|4,18,24,5,0,none,True,True,False,False,True,False,computed_total_slot_anomaly_obstruction,18|24|6|0,19|19|19|19|19|19,none,0,0,True,,
widened_enumeration,r3|3|3|3|3|3_u1,6,1,3|3|3|3|3|3,4|4|4|4|4|4,18,24,5,0,none,True,True,False,False,True,False,computed_total_slot_anomaly_obstruction,18|24|6|1,19|19|19|19|19|19,none,0,0,True,,
widened_enumeration,r3|3|3|3|3|3_u2,6,2,3|3|3|3|3|3,4|4|4|4|4|4,18,24,5,0,none,True,True,False,False,True,False,computed_total_slot_anomaly_obstruction,18|24|6|2,19|19|19|19|19|19,none,0,0,True,,
widened_enumeration,r3|3|3|3|3|3_u3,6,3,3|3|3|3|3|3,4|4|4|4|4|4,18,24,5,0,none,True,True,False,False,True,False,computed_total_slot_anomaly_obstruction,18|24|6|3,19|19|19|19|19|19,none,0,0,True,,
widened_enumeration,r3|3|3|3|3|4_u0,6,0,3|3|3|3|3|4,4|4|4|4|4|5,19,25,5,0,none,True,True,False,False,True,False,computed_total_slot_anomaly_obstruction,19|25|6|0,20|20|20|20|20|20,none,0,0,True,,
widened_enumeration,r3|3|3|3|3|4_u1,6,1,3|3|3|3|3|4,4|4|4|4|4|5,19,25,5,0,none,True,True,False,False,True,False,computed_total_slot_anomaly_obstruction,19|25|6|1,20|20|20|20|20|20,none,0,0,True,,
widened_enumeration,r3|3|3|3|3|4_u2,6,2,3|3|3|3|3|4,4|4|4|4|4|5,19,25,5,0,none,True,True,False,False,True,False,computed_total_slot_anomaly_obstruction,19|25|6|2,20|20|20|20|20|20,none,0,0,True,,
widened_enumeration,r3|3|3|3|3|4_u3,6,3,3|3|3|3|3|4,4|4|4|4|4|5,19,25,5,0,none,True,True,False,False,True,False,computed_total_slot_anomaly_obstruction,19|25|6|3,20|20|20|20|20|20,none,0,0,True,,
widened_enumeration,r3|3|3|3|3|5_u0,6,0,3|3|3|3|3|5,4|4|4|4|4|6,20,26,5,0,none,True,True,False,False,True,False,computed_total_slot_anomaly_obstruction,20|26|6|0,21|21|21|21|21|21,none,0,0,True,,
widened_enumeration,r3|3|3|3|3|5_u1,6,1,3|3|3|3|3|5,4|4|4|4|4|6,20,26,5,0,none,True,True,False,False,True,False,computed_total_slot_anomaly_obstruction,20|26|6|1,21|21|21|21|21|21,none,0,0,True,,
widened_enumeration,r3|3|3|3|3|5_u2,6,2,3|3|3|3|3|5,4|4|4|4|4|6,20,26,5,0,none,True,True,False,False,True,False,computed_total_slot_anomaly_obstruction,20|26|6|2,21|21|21|21|21|21,none,0,0,True,,
widened_enumeration,r3|3|3|3|3|5_u3,6,3,3|3|3|3|3|5,4|4|4|4|4|6,20,26,5,0,none,True,True,False,False,True,False,computed_total_slot_anomaly_obstruction,20|26|6|3,21|21|21|21|21|21,none,0,0,True,,
widened_enumeration,r3|3|3|3|3|6_u0,6,0,3|3|3|3|3|6,4|4|4|4|4|7,21,27,5,0,none,True,True,False,False,True,False,computed_total_slot_anomaly_obstruction,21|27|6|0,22|22|22|22|22|22,none,0,0,True,,
widened_enumeration,r3|3|3|3|3|6_u1,6,1,3|3|3|3|3|6,4|4|4|4|4|7,21,27,5,0,none,True,True,False,False,True,False,computed_total_slot_anomaly_obstruction,21|27|6|1,22|22|22|22|22|22,none,0,0,True,,
widened_enumeration,r3|3|3|3|3|6_u2,6,2,3|3|3|3|3|6,4|4|4|4|4|7,21,27,5,0,none,True,True,False,False,True,False,computed_total_slot_anomaly_obstruction,21|27|6|2,22|22|22|22|22|22,none,0,0,True,,
widened_enumeration,r3|3|3|3|3|6_u3,6,3,3|3|3|3|3|6,4|4|4|4|4|7,21,27,5,0,none,True,True,False,False,True,False,computed_total_slot_anomaly_obstruction,21|27|6|3,22|22|22|22|22|22,none,0,0,True,,
widened_enumeration,r3|3|3|3|4|4_u0,6,0,3|3|3|3|4|4,4|4|4|4|5|5,20,26,5,0,none,True,True,False,False,True,False,computed_total_slot_anomaly_obstruction,20|26|6|0,21|21|21|21|21|21,none,0,0,True,,
widened_enumeration,r3|3|3|3|4|4_u1,6,1,3|3|3|3|4|4,4|4|4|4|5|5,20,26,5,0,none,True,True,False,False,True,False,computed_total_slot_anomaly_obstruction,20|26|6|1,21|21|21|21|21|21,none,0,0,True,,
widened_enumeration,r3|3|3|3|4|4_u2,6,2,3|3|3|3|4|4,4|4|4|4|5|5,20,26,5,0,none,True,True,False,False,True,False,computed_total_slot_anomaly_obstruction,20|26|6|2,21|21|21|21|21|21,none,0,0,True,,
widened_enumeration,r3|3|3|3|4|4_u3,6,3,3|3|3|3|4|4,4|4|4|4|5|5,20,26,5,0,none,True,True,False,False,True,False,computed_total_slot_anomaly_obstruction,20|26|6|3,21|21|21|21|21|21,none,0,0,True,,
widened_enumeration,r3|3|3|3|4|5_u0,6,0,3|3|3|3|4|5,4|4|4|4|5|6,21,27,5,0,none,True,True,False,False,True,False,computed_total_slot_anomaly_obstruction,21|27|6|0,22|22|22|22|22|22,none,0,0,True,,
widened_enumeration,r3|3|3|3|4|5_u1,6,1,3|3|3|3|4|5,4|4|4|4|5|6,21,27,5,0,none,True,True,False,False,True,False,computed_total_slot_anomaly_obstruction,21|27|6|1,22|22|22|22|22|22,none,0,0,True,,
widened_enumeration,r3|3|3|3|4|5_u2,6,2,3|3|3|3|4|5,4|4|4|4|5|6,21,27,5,0,none,True,True,False,False,True,False,computed_total_slot_anomaly_obstruction,21|27|6|2,22|22|22|22|22|22,none,0,0,True,,
widened_enumeration,r3|3|3|3|4|5_u3,6,3,3|3|3|3|4|5,4|4|4|4|5|6,21,27,5,0,none,True,True,False,False,True,False,computed_total_slot_anomaly_obstruction,21|27|6|3,22|22|22|22|22|22,none,0,0,True,,
widened_enumeration,r3|3|3|3|4|6_u0,6,0,3|3|3|3|4|6,4|4|4|4|5|7,22,28,5,0,none,True,True,False,False,True,False,computed_total_slot_anomaly_obstruction,22|28|6|0,23|23|23|23|23|23,none,0,0,True,,
widened_enumeration,r3|3|3|3|4|6_u1,6,1,3|3|3|3|4|6,4|4|4|4|5|7,22,28,5,0,none,True,True,False,False,True,False,computed_total_slot_anomaly_obstruction,22|28|6|1,23|23|23|23|23|23,none,0,0,True,,
widened_enumeration,r3|3|3|3|4|6_u2,6,2,3|3|3|3|4|6,4|4|4|4|5|7,22,28,5,0,none,True,True,False,False,True,False,computed_total_slot_anomaly_obstruction,22|28|6|2,23|23|23|23|23|23,none,0,0,True,,
widened_enumeration,r3|3|3|3|4|6_u3,6,3,3|3|3|3|4|6,4|4|4|4|5|7,22,28,5,0,none,True,True,False,False,True,False,computed_total_slot_anomaly_obstruction,22|28|6|3,23|23|23|23|23|23,none,0,0,True,,
widened_enumeration,r3|3|3|3|5|5_u0,6,0,3|3|3|3|5|5,4|4|4|4|6|6,22,28,5,0,none,True,True,False,False,True,False,computed_total_slot_anomaly_obstruction,22|28|6|0,23|23|23|23|23|23,none,0,0,True,,
widened_enumeration,r3|3|3|3|5|5_u1,6,1,3|3|3|3|5|5,4|4|4|4|6|6,22,28,5,0,none,True,True,False,False,True,False,computed_total_slot_anomaly_obstruction,22|28|6|1,23|23|23|23|23|23,none,0,0,True,,
widened_enumeration,r3|3|3|3|5|5_u2,6,2,3|3|3|3|5|5,4|4|4|4|6|6,22,28,5,0,none,True,True,False,False,True,False,computed_total_slot_anomaly_obstruction,22|28|6|2,23|23|23|23|23|23,none,0,0,True,,
widened_enumeration,r3|3|3|3|5|5_u3,6,3,3|3|3|3|5|5,4|4|4|4|6|6,22,28,5,0,none,True,True,False,False,True,False,computed_total_slot_anomaly_obstruction,22|28|6|3,23|23|23|23|23|23,none,0,0,True,,
widened_enumeration,r3|3|3|3|5|6_u0,6,0,3|3|3|3|5|6,4|4|4|4|6|7,23,29,5,0,none,True,True,False,False,True,False,computed_total_slot_anomaly_obstruction,23|29|6|0,24|24|24|24|24|24,none,0,0,True,,
widened_enumeration,r3|3|3|3|5|6_u1,6,1,3|3|3|3|5|6,4|4|4|4|6|7,23,29,5,0,none,True,True,False,False,True,False,computed_total_slot_anomaly_obstruction,23|29|6|1,24|24|24|24|24|24,none,0,0,True,,
widened_enumeration,r3|3|3|3|5|6_u2,6,2,3|3|3|3|5|6,4|4|4|4|6|7,23,29,5,0,none,True,True,False,False,True,False,computed_total_slot_anomaly_obstruction,23|29|6|2,24|24|24|24|24|24,none,0,0,True,,
widened_enumeration,r3|3|3|3|5|6_u3,6,3,3|3|3|3|5|6,4|4|4|4|6|7,23,29,5,0,none,True,True,False,False,True,False,computed_total_slot_anomaly_obstruction,23|29|6|3,24|24|24|24|24|24,none,0,0,True,,
widened_enumeration,r3|3|3|3|6|6_u0,6,0,3|3|3|3|6|6,4|4|4|4|7|7,24,30,5,0,none,True,True,False,False,True,False,computed_total_slot_anomaly_obstruction,24|30|6|0,25|25|25|25|25|25,none,0,0,True,,
widened_enumeration,r3|3|3|3|6|6_u1,6,1,3|3|3|3|6|6,4|4|4|4|7|7,24,30,5,0,none,True,True,False,False,True,False,computed_total_slot_anomaly_obstruction,24|30|6|1,25|25|25|25|25|25,none,0,0,True,,
widened_enumeration,r3|3|3|3|6|6_u2,6,2,3|3|3|3|6|6,4|4|4|4|7|7,24,30,5,0,none,True,True,False,False,True,False,computed_total_slot_anomaly_obstruction,24|30|6|2,25|25|25|25|25|25,none,0,0,True,,
widened_enumeration,r3|3|3|3|6|6_u3,6,3,3|3|3|3|6|6,4|4|4|4|7|7,24,30,5,0,none,True,True,False,False,True,False,computed_total_slot_anomaly_obstruction,24|30|6|3,25|25|25|25|25|25,none,0,0,True,,
widened_enumeration,r3|3|3|4|4|4_u0,6,0,3|3|3|4|4|4,4|4|4|5|5|5,21,27,5,0,none,True,True,False,False,True,False,computed_total_slot_anomaly_obstruction,21|27|6|0,22|22|22|22|22|22,none,0,0,True,,
widened_enumeration,r3|3|3|4|4|4_u1,6,1,3|3|3|4|4|4,4|4|4|5|5|5,21,27,5,0,none,True,True,False,False,True,False,computed_total_slot_anomaly_obstruction,21|27|6|1,22|22|22|22|22|22,none,0,0,True,,
widened_enumeration,r3|3|3|4|4|4_u2,6,2,3|3|3|4|4|4,4|4|4|5|5|5,21,27,5,0,none,True,True,False,False,True,False,computed_total_slot_anomaly_obstruction,21|27|6|2,22|22|22|22|22|22,none,0,0,True,,
widened_enumeration,r3|3|3|4|4|4_u3,6,3,3|3|3|4|4|4,4|4|4|5|5|5,21,27,5,0,none,True,True,False,False,True,False,computed_total_slot_anomaly_obstruction,21|27|6|3,22|22|22|22|22|22,none,0,0,True,,
widened_enumeration,r3|3|3|4|4|5_u0,6,0,3|3|3|4|4|5,4|4|4|5|5|6,22,28,5,0,none,True,True,False,False,True,False,computed_total_slot_anomaly_obstruction,22|28|6|0,23|23|23|23|23|23,none,0,0,True,,
widened_enumeration,r3|3|3|4|4|5_u1,6,1,3|3|3|4|4|5,4|4|4|5|5|6,22,28,5,0,none,True,True,False,False,True,False,computed_total_slot_anomaly_obstruction,22|28|6|1,23|23|23|23|23|23,none,0,0,True,,
widened_enumeration,r3|3|3|4|4|5_u2,6,2,3|3|3|4|4|5,4|4|4|5|5|6,22,28,5,0,none,True,True,False,False,True,False,computed_total_slot_anomaly_obstruction,22|28|6|2,23|23|23|23|23|23,none,0,0,True,,
widened_enumeration,r3|3|3|4|4|5_u3,6,3,3|3|3|4|4|5,4|4|4|5|5|6,22,28,5,0,none,True,True,False,False,True,False,computed_total_slot_anomaly_obstruction,22|28|6|3,23|23|23|23|23|23,none,0,0,True,,
widened_enumeration,r3|3|3|4|4|6_u0,6,0,3|3|3|4|4|6,4|4|4|5|5|7,23,29,5,0,none,True,True,False,False,True,False,computed_total_slot_anomaly_obstruction,23|29|6|0,24|24|24|24|24|24,none,0,0,True,,
widened_enumeration,r3|3|3|4|4|6_u1,6,1,3|3|3|4|4|6,4|4|4|5|5|7,23,29,5,0,none,True,True,False,False,True,False,computed_total_slot_anomaly_obstruction,23|29|6|1,24|24|24|24|24|24,none,0,0,True,,
widened_enumeration,r3|3|3|4|4|6_u2,6,2,3|3|3|4|4|6,4|4|4|5|5|7,23,29,5,0,none,True,True,False,False,True,False,computed_total_slot_anomaly_obstruction,23|29|6|2,24|24|24|24|24|24,none,0,0,True,,
widened_enumeration,r3|3|3|4|4|6_u3,6,3,3|3|3|4|4|6,4|4|4|5|5|7,23,29,5,0,none,True,True,False,False,True,False,computed_total_slot_anomaly_obstruction,23|29|6|3,24|24|24|24|24|24,none,0,0,True,,
widened_enumeration,r3|3|3|4|5|5_u0,6,0,3|3|3|4|5|5,4|4|4|5|6|6,23,29,5,0,none,True,True,False,False,True,False,computed_total_slot_anomaly_obstruction,23|29|6|0,24|24|24|24|24|24,none,0,0,True,,
widened_enumeration,r3|3|3|4|5|5_u1,6,1,3|3|3|4|5|5,4|4|4|5|6|6,23,29,5,0,none,True,True,False,False,True,False,computed_total_slot_anomaly_obstruction,23|29|6|1,24|24|24|24|24|24,none,0,0,True,,
widened_enumeration,r3|3|3|4|5|5_u2,6,2,3|3|3|4|5|5,4|4|4|5|6|6,23,29,5,0,none,True,True,False,False,True,False,computed_total_slot_anomaly_obstruction,23|29|6|2,24|24|24|24|24|24,none,0,0,True,,
widened_enumeration,r3|3|3|4|5|5_u3,6,3,3|3|3|4|5|5,4|4|4|5|6|6,23,29,5,0,none,True,True,False,False,True,False,computed_total_slot_anomaly_obstruction,23|29|6|3,24|24|24|24|24|24,none,0,0,True,,
widened_enumeration,r3|3|3|4|5|6_u0,6,0,3|3|3|4|5|6,4|4|4|5|6|7,24,30,5,0,none,True,True,False,False,True,False,computed_total_slot_anomaly_obstruction,24|30|6|0,25|25|25|25|25|25,none,0,0,True,,
widened_enumeration,r3|3|3|4|5|6_u1,6,1,3|3|3|4|5|6,4|4|4|5|6|7,24,30,5,0,none,True,True,False,False,True,False,computed_total_slot_anomaly_obstruction,24|30|6|1,25|25|25|25|25|25,none,0,0,True,,
widened_enumeration,r3|3|3|4|5|6_u2,6,2,3|3|3|4|5|6,4|4|4|5|6|7,24,30,5,0,none,True,True,False,False,True,False,computed_total_slot_anomaly_obstruction,24|30|6|2,25|25|25|25|25|25,none,0,0,True,,
widened_enumeration,r3|3|3|4|5|6_u3,6,3,3|3|3|4|5|6,4|4|4|5|6|7,24,30,5,0,none,True,True,False,False,True,False,computed_total_slot_anomaly_obstruction,24|30|6|3,25|25|25|25|25|25,none,0,0,True,,
widened_enumeration,r3|3|3|4|6|6_u0,6,0,3|3|3|4|6|6,4|4|4|5|7|7,25,31,5,0,none,True,True,False,False,True,False,computed_total_slot_anomaly_obstruction,25|31|6|0,26|26|26|26|26|26,none,0,0,True,,
widened_enumeration,r3|3|3|4|6|6_u1,6,1,3|3|3|4|6|6,4|4|4|5|7|7,25,31,5,0,none,True,True,False,False,True,False,computed_total_slot_anomaly_obstruction,25|31|6|1,26|26|26|26|26|26,none,0,0,True,,
widened_enumeration,r3|3|3|4|6|6_u2,6,2,3|3|3|4|6|6,4|4|4|5|7|7,25,31,5,0,none,True,True,False,False,True,False,computed_total_slot_anomaly_obstruction,25|31|6|2,26|26|26|26|26|26,none,0,0,True,,
widened_enumeration,r3|3|3|4|6|6_u3,6,3,3|3|3|4|6|6,4|4|4|5|7|7,25,31,5,0,none,True,True,False,False,True,False,computed_total_slot_anomaly_obstruction,25|31|6|3,26|26|26|26|26|26,none,0,0,True,,
widened_enumeration,r3|3|3|5|5|5_u0,6,0,3|3|3|5|5|5,4|4|4|6|6|6,24,30,5,0,none,True,True,False,False,True,False,computed_total_slot_anomaly_obstruction,24|30|6|0,25|25|25|25|25|25,none,0,0,True,,
widened_enumeration,r3|3|3|5|5|5_u1,6,1,3|3|3|5|5|5,4|4|4|6|6|6,24,30,5,0,none,True,True,False,False,True,False,computed_total_slot_anomaly_obstruction,24|30|6|1,25|25|25|25|25|25,none,0,0,True,,
widened_enumeration,r3|3|3|5|5|5_u2,6,2,3|3|3|5|5|5,4|4|4|6|6|6,24,30,5,0,none,True,True,False,False,True,False,computed_total_slot_anomaly_obstruction,24|30|6|2,25|25|25|25|25|25,none,0,0,True,,
widened_enumeration,r3|3|3|5|5|5_u3,6,3,3|3|3|5|5|5,4|4|4|6|6|6,24,30,5,0,none,True,True,False,False,True,False,computed_total_slot_anomaly_obstruction,24|30|6|3,25|25|25|25|25|25,none,0,0,True,,
widened_enumeration,r3|3|3|5|5|6_u0,6,0,3|3|3|5|5|6,4|4|4|6|6|7,25,31,5,0,none,True,True,False,False,True,False,computed_total_slot_anomaly_obstruction,25|31|6|0,26|26|26|26|26|26,none,0,0,True,,
widened_enumeration,r3|3|3|5|5|6_u1,6,1,3|3|3|5|5|6,4|4|4|6|6|7,25,31,5,0,none,True,True,False,False,True,False,computed_total_slot_anomaly_obstruction,25|31|6|1,26|26|26|26|26|26,none,0,0,True,,
widened_enumeration,r3|3|3|5|5|6_u2,6,2,3|3|3|5|5|6,4|4|4|6|6|7,25,31,5,0,none,True,True,False,False,True,False,computed_total_slot_anomaly_obstruction,25|31|6|2,26|26|26|26|26|26,none,0,0,True,,
widened_enumeration,r3|3|3|5|5|6_u3,6,3,3|3|3|5|5|6,4|4|4|6|6|7,25,31,5,0,none,True,True,False,False,True,False,computed_total_slot_anomaly_obstruction,25|31|6|3,26|26|26|26|26|26,none,0,0,True,,
widened_enumeration,r3|3|3|5|6|6_u0,6,0,3|3|3|5|6|6,4|4|4|6|7|7,26,32,5,0,none,True,True,False,False,True,False,computed_total_slot_anomaly_obstruction,26|32|6|0,27|27|27|27|27|27,none,0,0,True,,
widened_enumeration,r3|3|3|5|6|6_u1,6,1,3|3|3|5|6|6,4|4|4|6|7|7,26,32,5,0,none,True,True,False,False,True,False,computed_total_slot_anomaly_obstruction,26|32|6|1,27|27|27|27|27|27,none,0,0,True,,
widened_enumeration,r3|3|3|5|6|6_u2,6,2,3|3|3|5|6|6,4|4|4|6|7|7,26,32,5,0,none,True,True,False,False,True,False,computed_total_slot_anomaly_obstruction,26|32|6|2,27|27|27|27|27|27,none,0,0,True,,
widened_enumeration,r3|3|3|5|6|6_u3,6,3,3|3|3|5|6|6,4|4|4|6|7|7,26,32,5,0,none,True,True,False,False,True,False,computed_total_slot_anomaly_obstruction,26|32|6|3,27|27|27|27|27|27,none,0,0,True,,
widened_enumeration,r3|3|3|6|6|6_u0,6,0,3|3|3|6|6|6,4|4|4|7|7|7,27,33,5,0,none,True,True,False,False,True,False,computed_total_slot_anomaly_obstruction,27|33|6|0,28|28|28|28|28|28,none,0,0,True,,
widened_enumeration,r3|3|3|6|6|6_u1,6,1,3|3|3|6|6|6,4|4|4|7|7|7,27,33,5,0,none,True,True,False,False,True,False,computed_total_slot_anomaly_obstruction,27|33|6|1,28|28|28|28|28|28,none,0,0,True,,
widened_enumeration,r3|3|3|6|6|6_u2,6,2,3|3|3|6|6|6,4|4|4|7|7|7,27,33,5,0,none,True,True,False,False,True,False,computed_total_slot_anomaly_obstruction,27|33|6|2,28|28|28|28|28|28,none,0,0,True,,
widened_enumeration,r3|3|3|6|6|6_u3,6,3,3|3|3|6|6|6,4|4|4|7|7|7,27,33,5,0,none,True,True,False,False,True,False,computed_total_slot_anomaly_obstruction,27|33|6|3,28|28|28|28|28|28,none,0,0,True,,
widened_enumeration,r3|3|4|4|4|4_u0,6,0,3|3|4|4|4|4,4|4|5|5|5|5,22,28,5,0,none,True,True,False,False,True,False,computed_total_slot_anomaly_obstruction,22|28|6|0,23|23|23|23|23|23,none,0,0,True,,
widened_enumeration,r3|3|4|4|4|4_u1,6,1,3|3|4|4|4|4,4|4|5|5|5|5,22,28,5,0,none,True,True,False,False,True,False,computed_total_slot_anomaly_obstruction,22|28|6|1,23|23|23|23|23|23,none,0,0,True,,
widened_enumeration,r3|3|4|4|4|4_u2,6,2,3|3|4|4|4|4,4|4|5|5|5|5,22,28,5,0,none,True,True,False,False,True,False,computed_total_slot_anomaly_obstruction,22|28|6|2,23|23|23|23|23|23,none,0,0,True,,
widened_enumeration,r3|3|4|4|4|4_u3,6,3,3|3|4|4|4|4,4|4|5|5|5|5,22,28,5,0,none,True,True,False,False,True,False,computed_total_slot_anomaly_obstruction,22|28|6|3,23|23|23|23|23|23,none,0,0,True,,
widened_enumeration,r3|3|4|4|4|5_u0,6,0,3|3|4|4|4|5,4|4|5|5|5|6,23,29,5,0,none,True,True,False,False,True,False,computed_total_slot_anomaly_obstruction,23|29|6|0,24|24|24|24|24|24,none,0,0,True,,
widened_enumeration,r3|3|4|4|4|5_u1,6,1,3|3|4|4|4|5,4|4|5|5|5|6,23,29,5,0,none,True,True,False,False,True,False,computed_total_slot_anomaly_obstruction,23|29|6|1,24|24|24|24|24|24,none,0,0,True,,
widened_enumeration,r3|3|4|4|4|5_u2,6,2,3|3|4|4|4|5,4|4|5|5|5|6,23,29,5,0,none,True,True,False,False,True,False,computed_total_slot_anomaly_obstruction,23|29|6|2,24|24|24|24|24|24,none,0,0,True,,
widened_enumeration,r3|3|4|4|4|5_u3,6,3,3|3|4|4|4|5,4|4|5|5|5|6,23,29,5,0,none,True,True,False,False,True,False,computed_total_slot_anomaly_obstruction,23|29|6|3,24|24|24|24|24|24,none,0,0,True,,
widened_enumeration,r3|3|4|4|4|6_u0,6,0,3|3|4|4|4|6,4|4|5|5|5|7,24,30,5,0,none,True,True,False,False,True,False,computed_total_slot_anomaly_obstruction,24|30|6|0,25|25|25|25|25|25,none,0,0,True,,
widened_enumeration,r3|3|4|4|4|6_u1,6,1,3|3|4|4|4|6,4|4|5|5|5|7,24,30,5,0,none,True,True,False,False,True,False,computed_total_slot_anomaly_obstruction,24|30|6|1,25|25|25|25|25|25,none,0,0,True,,
widened_enumeration,r3|3|4|4|4|6_u2,6,2,3|3|4|4|4|6,4|4|5|5|5|7,24,30,5,0,none,True,True,False,False,True,False,computed_total_slot_anomaly_obstruction,24|30|6|2,25|25|25|25|25|25,none,0,0,True,,
widened_enumeration,r3|3|4|4|4|6_u3,6,3,3|3|4|4|4|6,4|4|5|5|5|7,24,30,5,0,none,True,True,False,False,True,False,computed_total_slot_anomaly_obstruction,24|30|6|3,25|25|25|25|25|25,none,0,0,True,,
widened_enumeration,r3|3|4|4|5|5_u0,6,0,3|3|4|4|5|5,4|4|5|5|6|6,24,30,5,0,none,True,True,False,False,True,False,computed_total_slot_anomaly_obstruction,24|30|6|0,25|25|25|25|25|25,none,0,0,True,,
widened_enumeration,r3|3|4|4|5|5_u1,6,1,3|3|4|4|5|5,4|4|5|5|6|6,24,30,5,0,none,True,True,False,False,True,False,computed_total_slot_anomaly_obstruction,24|30|6|1,25|25|25|25|25|25,none,0,0,True,,
widened_enumeration,r3|3|4|4|5|5_u2,6,2,3|3|4|4|5|5,4|4|5|5|6|6,24,30,5,0,none,True,True,False,False,True,False,computed_total_slot_anomaly_obstruction,24|30|6|2,25|25|25|25|25|25,none,0,0,True,,
widened_enumeration,r3|3|4|4|5|5_u3,6,3,3|3|4|4|5|5,4|4|5|5|6|6,24,30,5,0,none,True,True,False,False,True,False,computed_total_slot_anomaly_obstruction,24|30|6|3,25|25|25|25|25|25,none,0,0,True,,
widened_enumeration,r3|3|4|4|5|6_u0,6,0,3|3|4|4|5|6,4|4|5|5|6|7,25,31,5,0,none,True,True,False,False,True,False,computed_total_slot_anomaly_obstruction,25|31|6|0,26|26|26|26|26|26,none,0,0,True,,
widened_enumeration,r3|3|4|4|5|6_u1,6,1,3|3|4|4|5|6,4|4|5|5|6|7,25,31,5,0,none,True,True,False,False,True,False,computed_total_slot_anomaly_obstruction,25|31|6|1,26|26|26|26|26|26,none,0,0,True,,
widened_enumeration,r3|3|4|4|5|6_u2,6,2,3|3|4|4|5|6,4|4|5|5|6|7,25,31,5,0,none,True,True,False,False,True,False,computed_total_slot_anomaly_obstruction,25|31|6|2,26|26|26|26|26|26,none,0,0,True,,
widened_enumeration,r3|3|4|4|5|6_u3,6,3,3|3|4|4|5|6,4|4|5|5|6|7,25,31,5,0,none,True,True,False,False,True,False,computed_total_slot_anomaly_obstruction,25|31|6|3,26|26|26|26|26|26,none,0,0,True,,
widened_enumeration,r3|3|4|4|6|6_u0,6,0,3|3|4|4|6|6,4|4|5|5|7|7,26,32,5,0,none,True,True,False,False,True,False,computed_total_slot_anomaly_obstruction,26|32|6|0,27|27|27|27|27|27,none,0,0,True,,
widened_enumeration,r3|3|4|4|6|6_u1,6,1,3|3|4|4|6|6,4|4|5|5|7|7,26,32,5,0,none,True,True,False,False,True,False,computed_total_slot_anomaly_obstruction,26|32|6|1,27|27|27|27|27|27,none,0,0,True,,
widened_enumeration,r3|3|4|4|6|6_u2,6,2,3|3|4|4|6|6,4|4|5|5|7|7,26,32,5,0,none,True,True,False,False,True,False,computed_total_slot_anomaly_obstruction,26|32|6|2,27|27|27|27|27|27,none,0,0,True,,
widened_enumeration,r3|3|4|4|6|6_u3,6,3,3|3|4|4|6|6,4|4|5|5|7|7,26,32,5,0,none,True,True,False,False,True,False,computed_total_slot_anomaly_obstruction,26|32|6|3,27|27|27|27|27|27,none,0,0,True,,
widened_enumeration,r3|3|4|5|5|5_u0,6,0,3|3|4|5|5|5,4|4|5|6|6|6,25,31,5,0,none,True,True,False,False,True,False,computed_total_slot_anomaly_obstruction,25|31|6|0,26|26|26|26|26|26,none,0,0,True,,
widened_enumeration,r3|3|4|5|5|5_u1,6,1,3|3|4|5|5|5,4|4|5|6|6|6,25,31,5,0,none,True,True,False,False,True,False,computed_total_slot_anomaly_obstruction,25|31|6|1,26|26|26|26|26|26,none,0,0,True,,
widened_enumeration,r3|3|4|5|5|5_u2,6,2,3|3|4|5|5|5,4|4|5|6|6|6,25,31,5,0,none,True,True,False,False,True,False,computed_total_slot_anomaly_obstruction,25|31|6|2,26|26|26|26|26|26,none,0,0,True,,
widened_enumeration,r3|3|4|5|5|5_u3,6,3,3|3|4|5|5|5,4|4|5|6|6|6,25,31,5,0,none,True,True,False,False,True,False,computed_total_slot_anomaly_obstruction,25|31|6|3,26|26|26|26|26|26,none,0,0,True,,
widened_enumeration,r3|3|4|5|5|6_u0,6,0,3|3|4|5|5|6,4|4|5|6|6|7,26,32,5,0,none,True,True,False,False,True,False,computed_total_slot_anomaly_obstruction,26|32|6|0,27|27|27|27|27|27,none,0,0,True,,
widened_enumeration,r3|3|4|5|5|6_u1,6,1,3|3|4|5|5|6,4|4|5|6|6|7,26,32,5,0,none,True,True,False,False,True,False,computed_total_slot_anomaly_obstruction,26|32|6|1,27|27|27|27|27|27,none,0,0,True,,
widened_enumeration,r3|3|4|5|5|6_u2,6,2,3|3|4|5|5|6,4|4|5|6|6|7,26,32,5,0,none,True,True,False,False,True,False,computed_total_slot_anomaly_obstruction,26|32|6|2,27|27|27|27|27|27,none,0,0,True,,
widened_enumeration,r3|3|4|5|5|6_u3,6,3,3|3|4|5|5|6,4|4|5|6|6|7,26,32,5,0,none,True,True,False,False,True,False,computed_total_slot_anomaly_obstruction,26|32|6|3,27|27|27|27|27|27,none,0,0,True,,
widened_enumeration,r3|3|4|5|6|6_u0,6,0,3|3|4|5|6|6,4|4|5|6|7|7,27,33,5,0,none,True,True,False,False,True,False,computed_total_slot_anomaly_obstruction,27|33|6|0,28|28|28|28|28|28,none,0,0,True,,
widened_enumeration,r3|3|4|5|6|6_u1,6,1,3|3|4|5|6|6,4|4|5|6|7|7,27,33,5,0,none,True,True,False,False,True,False,computed_total_slot_anomaly_obstruction,27|33|6|1,28|28|28|28|28|28,none,0,0,True,,
widened_enumeration,r3|3|4|5|6|6_u2,6,2,3|3|4|5|6|6,4|4|5|6|7|7,27,33,5,0,none,True,True,False,False,True,False,computed_total_slot_anomaly_obstruction,27|33|6|2,28|28|28|28|28|28,none,0,0,True,,
widened_enumeration,r3|3|4|5|6|6_u3,6,3,3|3|4|5|6|6,4|4|5|6|7|7,27,33,5,0,none,True,True,False,False,True,False,computed_total_slot_anomaly_obstruction,27|33|6|3,28|28|28|28|28|28,none,0,0,True,,
widened_enumeration,r3|3|4|6|6|6_u0,6,0,3|3|4|6|6|6,4|4|5|7|7|7,28,34,5,0,none,True,True,False,False,True,False,computed_total_slot_anomaly_obstruction,28|34|6|0,29|29|29|29|29|29,none,0,0,True,,
widened_enumeration,r3|3|4|6|6|6_u1,6,1,3|3|4|6|6|6,4|4|5|7|7|7,28,34,5,0,none,True,True,False,False,True,False,computed_total_slot_anomaly_obstruction,28|34|6|1,29|29|29|29|29|29,none,0,0,True,,
widened_enumeration,r3|3|4|6|6|6_u2,6,2,3|3|4|6|6|6,4|4|5|7|7|7,28,34,5,0,none,True,True,False,False,True,False,computed_total_slot_anomaly_obstruction,28|34|6|2,29|29|29|29|29|29,none,0,0,True,,
widened_enumeration,r3|3|4|6|6|6_u3,6,3,3|3|4|6|6|6,4|4|5|7|7|7,28,34,5,0,none,True,True,False,False,True,False,computed_total_slot_anomaly_obstruction,28|34|6|3,29|29|29|29|29|29,none,0,0,True,,
widened_enumeration,r3|3|5|5|5|5_u0,6,0,3|3|5|5|5|5,4|4|6|6|6|6,26,32,5,0,none,True,True,False,False,True,False,computed_total_slot_anomaly_obstruction,26|32|6|0,27|27|27|27|27|27,none,0,0,True,,
widened_enumeration,r3|3|5|5|5|5_u1,6,1,3|3|5|5|5|5,4|4|6|6|6|6,26,32,5,0,none,True,True,False,False,True,False,computed_total_slot_anomaly_obstruction,26|32|6|1,27|27|27|27|27|27,none,0,0,True,,
widened_enumeration,r3|3|5|5|5|5_u2,6,2,3|3|5|5|5|5,4|4|6|6|6|6,26,32,5,0,none,True,True,False,False,True,False,computed_total_slot_anomaly_obstruction,26|32|6|2,27|27|27|27|27|27,none,0,0,True,,
widened_enumeration,r3|3|5|5|5|5_u3,6,3,3|3|5|5|5|5,4|4|6|6|6|6,26,32,5,0,none,True,True,False,False,True,False,computed_total_slot_anomaly_obstruction,26|32|6|3,27|27|27|27|27|27,none,0,0,True,,
widened_enumeration,r3|3|5|5|5|6_u0,6,0,3|3|5|5|5|6,4|4|6|6|6|7,27,33,5,0,none,True,True,False,False,True,False,computed_total_slot_anomaly_obstruction,27|33|6|0,28|28|28|28|28|28,none,0,0,True,,
widened_enumeration,r3|3|5|5|5|6_u1,6,1,3|3|5|5|5|6,4|4|6|6|6|7,27,33,5,0,none,True,True,False,False,True,False,computed_total_slot_anomaly_obstruction,27|33|6|1,28|28|28|28|28|28,none,0,0,True,,
widened_enumeration,r3|3|5|5|5|6_u2,6,2,3|3|5|5|5|6,4|4|6|6|6|7,27,33,5,0,none,True,True,False,False,True,False,computed_total_slot_anomaly_obstruction,27|33|6|2,28|28|28|28|28|28,none,0,0,True,,
widened_enumeration,r3|3|5|5|5|6_u3,6,3,3|3|5|5|5|6,4|4|6|6|6|7,27,33,5,0,none,True,True,False,False,True,False,computed_total_slot_anomaly_obstruction,27|33|6|3,28|28|28|28|28|28,none,0,0,True,,
widened_enumeration,r3|3|5|5|6|6_u0,6,0,3|3|5|5|6|6,4|4|6|6|7|7,28,34,5,0,none,True,True,False,False,True,False,computed_total_slot_anomaly_obstruction,28|34|6|0,29|29|29|29|29|29,none,0,0,True,,
widened_enumeration,r3|3|5|5|6|6_u1,6,1,3|3|5|5|6|6,4|4|6|6|7|7,28,34,5,0,none,True,True,False,False,True,False,computed_total_slot_anomaly_obstruction,28|34|6|1,29|29|29|29|29|29,none,0,0,True,,
widened_enumeration,r3|3|5|5|6|6_u2,6,2,3|3|5|5|6|6,4|4|6|6|7|7,28,34,5,0,none,True,True,False,False,True,False,computed_total_slot_anomaly_obstruction,28|34|6|2,29|29|29|29|29|29,none,0,0,True,,
widened_enumeration,r3|3|5|5|6|6_u3,6,3,3|3|5|5|6|6,4|4|6|6|7|7,28,34,5,0,none,True,True,False,False,True,False,computed_total_slot_anomaly_obstruction,28|34|6|3,29|29|29|29|29|29,none,0,0,True,,
widened_enumeration,r3|3|5|6|6|6_u0,6,0,3|3|5|6|6|6,4|4|6|7|7|7,29,35,5,0,none,True,True,False,False,True,False,computed_total_slot_anomaly_obstruction,29|35|6|0,30|30|30|30|30|30,none,0,0,True,,
widened_enumeration,r3|3|5|6|6|6_u1,6,1,3|3|5|6|6|6,4|4|6|7|7|7,29,35,5,0,none,True,True,False,False,True,False,computed_total_slot_anomaly_obstruction,29|35|6|1,30|30|30|30|30|30,none,0,0,True,,
widened_enumeration,r3|3|5|6|6|6_u2,6,2,3|3|5|6|6|6,4|4|6|7|7|7,29,35,5,0,none,True,True,False,False,True,False,computed_total_slot_anomaly_obstruction,29|35|6|2,30|30|30|30|30|30,none,0,0,True,,
widened_enumeration,r3|3|5|6|6|6_u3,6,3,3|3|5|6|6|6,4|4|6|7|7|7,29,35,5,0,none,True,True,False,False,True,False,computed_total_slot_anomaly_obstruction,29|35|6|3,30|30|30|30|30|30,none,0,0,True,,
widened_enumeration,r3|3|6|6|6|6_u0,6,0,3|3|6|6|6|6,4|4|7|7|7|7,30,36,5,0,none,True,True,False,False,True,False,computed_total_slot_anomaly_obstruction,30|36|6|0,31|31|31|31|31|31,none,0,0,True,,
widened_enumeration,r3|3|6|6|6|6_u1,6,1,3|3|6|6|6|6,4|4|7|7|7|7,30,36,5,0,none,True,True,False,False,True,False,computed_total_slot_anomaly_obstruction,30|36|6|1,31|31|31|31|31|31,none,0,0,True,,
widened_enumeration,r3|3|6|6|6|6_u2,6,2,3|3|6|6|6|6,4|4|7|7|7|7,30,36,5,0,none,True,True,False,False,True,False,computed_total_slot_anomaly_obstruction,30|36|6|2,31|31|31|31|31|31,none,0,0,True,,
widened_enumeration,r3|3|6|6|6|6_u3,6,3,3|3|6|6|6|6,4|4|7|7|7|7,30,36,5,0,none,True,True,False,False,True,False,computed_total_slot_anomaly_obstruction,30|36|6|3,31|31|31|31|31|31,none,0,0,True,,
widened_enumeration,r3|4|4|4|4|4_u0,6,0,3|4|4|4|4|4,4|5|5|5|5|5,23,29,5,0,none,True,True,False,False,True,False,computed_total_slot_anomaly_obstruction,23|29|6|0,24|24|24|24|24|24,none,0,0,True,,
widened_enumeration,r3|4|4|4|4|4_u1,6,1,3|4|4|4|4|4,4|5|5|5|5|5,23,29,5,0,none,True,True,False,False,True,False,computed_total_slot_anomaly_obstruction,23|29|6|1,24|24|24|24|24|24,none,0,0,True,,
widened_enumeration,r3|4|4|4|4|4_u2,6,2,3|4|4|4|4|4,4|5|5|5|5|5,23,29,5,0,none,True,True,False,False,True,False,computed_total_slot_anomaly_obstruction,23|29|6|2,24|24|24|24|24|24,none,0,0,True,,
widened_enumeration,r3|4|4|4|4|4_u3,6,3,3|4|4|4|4|4,4|5|5|5|5|5,23,29,5,0,none,True,True,False,False,True,False,computed_total_slot_anomaly_obstruction,23|29|6|3,24|24|24|24|24|24,none,0,0,True,,
widened_enumeration,r3|4|4|4|4|5_u0,6,0,3|4|4|4|4|5,4|5|5|5|5|6,24,30,5,0,none,True,True,False,False,True,False,computed_total_slot_anomaly_obstruction,24|30|6|0,25|25|25|25|25|25,none,0,0,True,,
widened_enumeration,r3|4|4|4|4|5_u1,6,1,3|4|4|4|4|5,4|5|5|5|5|6,24,30,5,0,none,True,True,False,False,True,False,computed_total_slot_anomaly_obstruction,24|30|6|1,25|25|25|25|25|25,none,0,0,True,,
widened_enumeration,r3|4|4|4|4|5_u2,6,2,3|4|4|4|4|5,4|5|5|5|5|6,24,30,5,0,none,True,True,False,False,True,False,computed_total_slot_anomaly_obstruction,24|30|6|2,25|25|25|25|25|25,none,0,0,True,,
widened_enumeration,r3|4|4|4|4|5_u3,6,3,3|4|4|4|4|5,4|5|5|5|5|6,24,30,5,0,none,True,True,False,False,True,False,computed_total_slot_anomaly_obstruction,24|30|6|3,25|25|25|25|25|25,none,0,0,True,,
widened_enumeration,r3|4|4|4|4|6_u0,6,0,3|4|4|4|4|6,4|5|5|5|5|7,25,31,5,0,none,True,True,False,False,True,False,computed_total_slot_anomaly_obstruction,25|31|6|0,26|26|26|26|26|26,none,0,0,True,,
widened_enumeration,r3|4|4|4|4|6_u1,6,1,3|4|4|4|4|6,4|5|5|5|5|7,25,31,5,0,none,True,True,False,False,True,False,computed_total_slot_anomaly_obstruction,25|31|6|1,26|26|26|26|26|26,none,0,0,True,,
widened_enumeration,r3|4|4|4|4|6_u2,6,2,3|4|4|4|4|6,4|5|5|5|5|7,25,31,5,0,none,True,True,False,False,True,False,computed_total_slot_anomaly_obstruction,25|31|6|2,26|26|26|26|26|26,none,0,0,True,,
widened_enumeration,r3|4|4|4|4|6_u3,6,3,3|4|4|4|4|6,4|5|5|5|5|7,25,31,5,0,none,True,True,False,False,True,False,computed_total_slot_anomaly_obstruction,25|31|6|3,26|26|26|26|26|26,none,0,0,True,,
widened_enumeration,r3|4|4|4|5|5_u0,6,0,3|4|4|4|5|5,4|5|5|5|6|6,25,31,5,0,none,True,True,False,False,True,False,computed_total_slot_anomaly_obstruction,25|31|6|0,26|26|26|26|26|26,none,0,0,True,,
widened_enumeration,r3|4|4|4|5|5_u1,6,1,3|4|4|4|5|5,4|5|5|5|6|6,25,31,5,0,none,True,True,False,False,True,False,computed_total_slot_anomaly_obstruction,25|31|6|1,26|26|26|26|26|26,none,0,0,True,,
widened_enumeration,r3|4|4|4|5|5_u2,6,2,3|4|4|4|5|5,4|5|5|5|6|6,25,31,5,0,none,True,True,False,False,True,False,computed_total_slot_anomaly_obstruction,25|31|6|2,26|26|26|26|26|26,none,0,0,True,,
widened_enumeration,r3|4|4|4|5|5_u3,6,3,3|4|4|4|5|5,4|5|5|5|6|6,25,31,5,0,none,True,True,False,False,True,False,computed_total_slot_anomaly_obstruction,25|31|6|3,26|26|26|26|26|26,none,0,0,True,,
widened_enumeration,r3|4|4|4|5|6_u0,6,0,3|4|4|4|5|6,4|5|5|5|6|7,26,32,5,0,none,True,True,False,False,True,False,computed_total_slot_anomaly_obstruction,26|32|6|0,27|27|27|27|27|27,none,0,0,True,,
widened_enumeration,r3|4|4|4|5|6_u1,6,1,3|4|4|4|5|6,4|5|5|5|6|7,26,32,5,0,none,True,True,False,False,True,False,computed_total_slot_anomaly_obstruction,26|32|6|1,27|27|27|27|27|27,none,0,0,True,,
widened_enumeration,r3|4|4|4|5|6_u2,6,2,3|4|4|4|5|6,4|5|5|5|6|7,26,32,5,0,none,True,True,False,False,True,False,computed_total_slot_anomaly_obstruction,26|32|6|2,27|27|27|27|27|27,none,0,0,True,,
widened_enumeration,r3|4|4|4|5|6_u3,6,3,3|4|4|4|5|6,4|5|5|5|6|7,26,32,5,0,none,True,True,False,False,True,False,computed_total_slot_anomaly_obstruction,26|32|6|3,27|27|27|27|27|27,none,0,0,True,,
widened_enumeration,r3|4|4|4|6|6_u0,6,0,3|4|4|4|6|6,4|5|5|5|7|7,27,33,5,0,none,True,True,False,False,True,False,computed_total_slot_anomaly_obstruction,27|33|6|0,28|28|28|28|28|28,none,0,0,True,,
widened_enumeration,r3|4|4|4|6|6_u1,6,1,3|4|4|4|6|6,4|5|5|5|7|7,27,33,5,0,none,True,True,False,False,True,False,computed_total_slot_anomaly_obstruction,27|33|6|1,28|28|28|28|28|28,none,0,0,True,,
widened_enumeration,r3|4|4|4|6|6_u2,6,2,3|4|4|4|6|6,4|5|5|5|7|7,27,33,5,0,none,True,True,False,False,True,False,computed_total_slot_anomaly_obstruction,27|33|6|2,28|28|28|28|28|28,none,0,0,True,,
widened_enumeration,r3|4|4|4|6|6_u3,6,3,3|4|4|4|6|6,4|5|5|5|7|7,27,33,5,0,none,True,True,False,False,True,False,computed_total_slot_anomaly_obstruction,27|33|6|3,28|28|28|28|28|28,none,0,0,True,,
widened_enumeration,r3|4|4|5|5|5_u0,6,0,3|4|4|5|5|5,4|5|5|6|6|6,26,32,5,0,none,True,True,False,False,True,False,computed_total_slot_anomaly_obstruction,26|32|6|0,27|27|27|27|27|27,none,0,0,True,,
widened_enumeration,r3|4|4|5|5|5_u1,6,1,3|4|4|5|5|5,4|5|5|6|6|6,26,32,5,0,none,True,True,False,False,True,False,computed_total_slot_anomaly_obstruction,26|32|6|1,27|27|27|27|27|27,none,0,0,True,,
widened_enumeration,r3|4|4|5|5|5_u2,6,2,3|4|4|5|5|5,4|5|5|6|6|6,26,32,5,0,none,True,True,False,False,True,False,computed_total_slot_anomaly_obstruction,26|32|6|2,27|27|27|27|27|27,none,0,0,True,,
widened_enumeration,r3|4|4|5|5|5_u3,6,3,3|4|4|5|5|5,4|5|5|6|6|6,26,32,5,0,none,True,True,False,False,True,False,computed_total_slot_anomaly_obstruction,26|32|6|3,27|27|27|27|27|27,none,0,0,True,,
widened_enumeration,r3|4|4|5|5|6_u0,6,0,3|4|4|5|5|6,4|5|5|6|6|7,27,33,5,0,none,True,True,False,False,True,False,computed_total_slot_anomaly_obstruction,27|33|6|0,28|28|28|28|28|28,none,0,0,True,,
widened_enumeration,r3|4|4|5|5|6_u1,6,1,3|4|4|5|5|6,4|5|5|6|6|7,27,33,5,0,none,True,True,False,False,True,False,computed_total_slot_anomaly_obstruction,27|33|6|1,28|28|28|28|28|28,none,0,0,True,,
widened_enumeration,r3|4|4|5|5|6_u2,6,2,3|4|4|5|5|6,4|5|5|6|6|7,27,33,5,0,none,True,True,False,False,True,False,computed_total_slot_anomaly_obstruction,27|33|6|2,28|28|28|28|28|28,none,0,0,True,,
widened_enumeration,r3|4|4|5|5|6_u3,6,3,3|4|4|5|5|6,4|5|5|6|6|7,27,33,5,0,none,True,True,False,False,True,False,computed_total_slot_anomaly_obstruction,27|33|6|3,28|28|28|28|28|28,none,0,0,True,,
widened_enumeration,r3|4|4|5|6|6_u0,6,0,3|4|4|5|6|6,4|5|5|6|7|7,28,34,5,0,none,True,True,False,False,True,False,computed_total_slot_anomaly_obstruction,28|34|6|0,29|29|29|29|29|29,none,0,0,True,,
widened_enumeration,r3|4|4|5|6|6_u1,6,1,3|4|4|5|6|6,4|5|5|6|7|7,28,34,5,0,none,True,True,False,False,True,False,computed_total_slot_anomaly_obstruction,28|34|6|1,29|29|29|29|29|29,none,0,0,True,,
widened_enumeration,r3|4|4|5|6|6_u2,6,2,3|4|4|5|6|6,4|5|5|6|7|7,28,34,5,0,none,True,True,False,False,True,False,computed_total_slot_anomaly_obstruction,28|34|6|2,29|29|29|29|29|29,none,0,0,True,,
widened_enumeration,r3|4|4|5|6|6_u3,6,3,3|4|4|5|6|6,4|5|5|6|7|7,28,34,5,0,none,True,True,False,False,True,False,computed_total_slot_anomaly_obstruction,28|34|6|3,29|29|29|29|29|29,none,0,0,True,,
widened_enumeration,r3|4|4|6|6|6_u0,6,0,3|4|4|6|6|6,4|5|5|7|7|7,29,35,5,0,none,True,True,False,False,True,False,computed_total_slot_anomaly_obstruction,29|35|6|0,30|30|30|30|30|30,none,0,0,True,,
widened_enumeration,r3|4|4|6|6|6_u1,6,1,3|4|4|6|6|6,4|5|5|7|7|7,29,35,5,0,none,True,True,False,False,True,False,computed_total_slot_anomaly_obstruction,29|35|6|1,30|30|30|30|30|30,none,0,0,True,,
widened_enumeration,r3|4|4|6|6|6_u2,6,2,3|4|4|6|6|6,4|5|5|7|7|7,29,35,5,0,none,True,True,False,False,True,False,computed_total_slot_anomaly_obstruction,29|35|6|2,30|30|30|30|30|30,none,0,0,True,,
widened_enumeration,r3|4|4|6|6|6_u3,6,3,3|4|4|6|6|6,4|5|5|7|7|7,29,35,5,0,none,True,True,False,False,True,False,computed_total_slot_anomaly_obstruction,29|35|6|3,30|30|30|30|30|30,none,0,0,True,,
widened_enumeration,r3|4|5|5|5|5_u0,6,0,3|4|5|5|5|5,4|5|6|6|6|6,27,33,5,0,none,True,True,False,False,True,False,computed_total_slot_anomaly_obstruction,27|33|6|0,28|28|28|28|28|28,none,0,0,True,,
widened_enumeration,r3|4|5|5|5|5_u1,6,1,3|4|5|5|5|5,4|5|6|6|6|6,27,33,5,0,none,True,True,False,False,True,False,computed_total_slot_anomaly_obstruction,27|33|6|1,28|28|28|28|28|28,none,0,0,True,,
widened_enumeration,r3|4|5|5|5|5_u2,6,2,3|4|5|5|5|5,4|5|6|6|6|6,27,33,5,0,none,True,True,False,False,True,False,computed_total_slot_anomaly_obstruction,27|33|6|2,28|28|28|28|28|28,none,0,0,True,,
widened_enumeration,r3|4|5|5|5|5_u3,6,3,3|4|5|5|5|5,4|5|6|6|6|6,27,33,5,0,none,True,True,False,False,True,False,computed_total_slot_anomaly_obstruction,27|33|6|3,28|28|28|28|28|28,none,0,0,True,,
widened_enumeration,r3|4|5|5|5|6_u0,6,0,3|4|5|5|5|6,4|5|6|6|6|7,28,34,5,0,none,True,True,False,False,True,False,computed_total_slot_anomaly_obstruction,28|34|6|0,29|29|29|29|29|29,none,0,0,True,,
widened_enumeration,r3|4|5|5|5|6_u1,6,1,3|4|5|5|5|6,4|5|6|6|6|7,28,34,5,0,none,True,True,False,False,True,False,computed_total_slot_anomaly_obstruction,28|34|6|1,29|29|29|29|29|29,none,0,0,True,,
widened_enumeration,r3|4|5|5|5|6_u2,6,2,3|4|5|5|5|6,4|5|6|6|6|7,28,34,5,0,none,True,True,False,False,True,False,computed_total_slot_anomaly_obstruction,28|34|6|2,29|29|29|29|29|29,none,0,0,True,,
widened_enumeration,r3|4|5|5|5|6_u3,6,3,3|4|5|5|5|6,4|5|6|6|6|7,28,34,5,0,none,True,True,False,False,True,False,computed_total_slot_anomaly_obstruction,28|34|6|3,29|29|29|29|29|29,none,0,0,True,,
widened_enumeration,r3|4|5|5|6|6_u0,6,0,3|4|5|5|6|6,4|5|6|6|7|7,29,35,5,0,none,True,True,False,False,True,False,computed_total_slot_anomaly_obstruction,29|35|6|0,30|30|30|30|30|30,none,0,0,True,,
widened_enumeration,r3|4|5|5|6|6_u1,6,1,3|4|5|5|6|6,4|5|6|6|7|7,29,35,5,0,none,True,True,False,False,True,False,computed_total_slot_anomaly_obstruction,29|35|6|1,30|30|30|30|30|30,none,0,0,True,,
widened_enumeration,r3|4|5|5|6|6_u2,6,2,3|4|5|5|6|6,4|5|6|6|7|7,29,35,5,0,none,True,True,False,False,True,False,computed_total_slot_anomaly_obstruction,29|35|6|2,30|30|30|30|30|30,none,0,0,True,,
widened_enumeration,r3|4|5|5|6|6_u3,6,3,3|4|5|5|6|6,4|5|6|6|7|7,29,35,5,0,none,True,True,False,False,True,False,computed_total_slot_anomaly_obstruction,29|35|6|3,30|30|30|30|30|30,none,0,0,True,,
widened_enumeration,r3|4|5|6|6|6_u0,6,0,3|4|5|6|6|6,4|5|6|7|7|7,30,36,5,0,none,True,True,False,False,True,False,computed_total_slot_anomaly_obstruction,30|36|6|0,31|31|31|31|31|31,none,0,0,True,,
widened_enumeration,r3|4|5|6|6|6_u1,6,1,3|4|5|6|6|6,4|5|6|7|7|7,30,36,5,0,none,True,True,False,False,True,False,computed_total_slot_anomaly_obstruction,30|36|6|1,31|31|31|31|31|31,none,0,0,True,,
widened_enumeration,r3|4|5|6|6|6_u2,6,2,3|4|5|6|6|6,4|5|6|7|7|7,30,36,5,0,none,True,True,False,False,True,False,computed_total_slot_anomaly_obstruction,30|36|6|2,31|31|31|31|31|31,none,0,0,True,,
widened_enumeration,r3|4|5|6|6|6_u3,6,3,3|4|5|6|6|6,4|5|6|7|7|7,30,36,5,0,none,True,True,False,False,True,False,computed_total_slot_anomaly_obstruction,30|36|6|3,31|31|31|31|31|31,none,0,0,True,,
widened_enumeration,r3|4|6|6|6|6_u0,6,0,3|4|6|6|6|6,4|5|7|7|7|7,31,37,5,0,none,True,True,False,False,True,False,computed_total_slot_anomaly_obstruction,31|37|6|0,32|32|32|32|32|32,none,0,0,True,,
widened_enumeration,r3|4|6|6|6|6_u1,6,1,3|4|6|6|6|6,4|5|7|7|7|7,31,37,5,0,none,True,True,False,False,True,False,computed_total_slot_anomaly_obstruction,31|37|6|1,32|32|32|32|32|32,none,0,0,True,,
widened_enumeration,r3|4|6|6|6|6_u2,6,2,3|4|6|6|6|6,4|5|7|7|7|7,31,37,5,0,none,True,True,False,False,True,False,computed_total_slot_anomaly_obstruction,31|37|6|2,32|32|32|32|32|32,none,0,0,True,,
widened_enumeration,r3|4|6|6|6|6_u3,6,3,3|4|6|6|6|6,4|5|7|7|7|7,31,37,5,0,none,True,True,False,False,True,False,computed_total_slot_anomaly_obstruction,31|37|6|3,32|32|32|32|32|32,none,0,0,True,,
widened_enumeration,r3|5|5|5|5|5_u0,6,0,3|5|5|5|5|5,4|6|6|6|6|6,28,34,5,0,none,True,True,False,False,True,False,computed_total_slot_anomaly_obstruction,28|34|6|0,29|29|29|29|29|29,none,0,0,True,,
widened_enumeration,r3|5|5|5|5|5_u1,6,1,3|5|5|5|5|5,4|6|6|6|6|6,28,34,5,0,none,True,True,False,False,True,False,computed_total_slot_anomaly_obstruction,28|34|6|1,29|29|29|29|29|29,none,0,0,True,,
widened_enumeration,r3|5|5|5|5|5_u2,6,2,3|5|5|5|5|5,4|6|6|6|6|6,28,34,5,0,none,True,True,False,False,True,False,computed_total_slot_anomaly_obstruction,28|34|6|2,29|29|29|29|29|29,none,0,0,True,,
widened_enumeration,r3|5|5|5|5|5_u3,6,3,3|5|5|5|5|5,4|6|6|6|6|6,28,34,5,0,none,True,True,False,False,True,False,computed_total_slot_anomaly_obstruction,28|34|6|3,29|29|29|29|29|29,none,0,0,True,,
widened_enumeration,r3|5|5|5|5|6_u0,6,0,3|5|5|5|5|6,4|6|6|6|6|7,29,35,5,0,none,True,True,False,False,True,False,computed_total_slot_anomaly_obstruction,29|35|6|0,30|30|30|30|30|30,none,0,0,True,,
widened_enumeration,r3|5|5|5|5|6_u1,6,1,3|5|5|5|5|6,4|6|6|6|6|7,29,35,5,0,none,True,True,False,False,True,False,computed_total_slot_anomaly_obstruction,29|35|6|1,30|30|30|30|30|30,none,0,0,True,,
widened_enumeration,r3|5|5|5|5|6_u2,6,2,3|5|5|5|5|6,4|6|6|6|6|7,29,35,5,0,none,True,True,False,False,True,False,computed_total_slot_anomaly_obstruction,29|35|6|2,30|30|30|30|30|30,none,0,0,True,,
widened_enumeration,r3|5|5|5|5|6_u3,6,3,3|5|5|5|5|6,4|6|6|6|6|7,29,35,5,0,none,True,True,False,False,True,False,computed_total_slot_anomaly_obstruction,29|35|6|3,30|30|30|30|30|30,none,0,0,True,,
widened_enumeration,r3|5|5|5|6|6_u0,6,0,3|5|5|5|6|6,4|6|6|6|7|7,30,36,5,0,none,True,True,False,False,True,False,computed_total_slot_anomaly_obstruction,30|36|6|0,31|31|31|31|31|31,none,0,0,True,,
widened_enumeration,r3|5|5|5|6|6_u1,6,1,3|5|5|5|6|6,4|6|6|6|7|7,30,36,5,0,none,True,True,False,False,True,False,computed_total_slot_anomaly_obstruction,30|36|6|1,31|31|31|31|31|31,none,0,0,True,,
widened_enumeration,r3|5|5|5|6|6_u2,6,2,3|5|5|5|6|6,4|6|6|6|7|7,30,36,5,0,none,True,True,False,False,True,False,computed_total_slot_anomaly_obstruction,30|36|6|2,31|31|31|31|31|31,none,0,0,True,,
widened_enumeration,r3|5|5|5|6|6_u3,6,3,3|5|5|5|6|6,4|6|6|6|7|7,30,36,5,0,none,True,True,False,False,True,False,computed_total_slot_anomaly_obstruction,30|36|6|3,31|31|31|31|31|31,none,0,0,True,,
widened_enumeration,r3|5|5|6|6|6_u0,6,0,3|5|5|6|6|6,4|6|6|7|7|7,31,37,5,0,none,True,True,False,False,True,False,computed_total_slot_anomaly_obstruction,31|37|6|0,32|32|32|32|32|32,none,0,0,True,,
widened_enumeration,r3|5|5|6|6|6_u1,6,1,3|5|5|6|6|6,4|6|6|7|7|7,31,37,5,0,none,True,True,False,False,True,False,computed_total_slot_anomaly_obstruction,31|37|6|1,32|32|32|32|32|32,none,0,0,True,,
widened_enumeration,r3|5|5|6|6|6_u2,6,2,3|5|5|6|6|6,4|6|6|7|7|7,31,37,5,0,none,True,True,False,False,True,False,computed_total_slot_anomaly_obstruction,31|37|6|2,32|32|32|32|32|32,none,0,0,True,,
widened_enumeration,r3|5|5|6|6|6_u3,6,3,3|5|5|6|6|6,4|6|6|7|7|7,31,37,5,0,none,True,True,False,False,True,False,computed_total_slot_anomaly_obstruction,31|37|6|3,32|32|32|32|32|32,none,0,0,True,,
widened_enumeration,r3|5|6|6|6|6_u0,6,0,3|5|6|6|6|6,4|6|7|7|7|7,32,38,5,0,none,True,True,False,False,True,False,computed_total_slot_anomaly_obstruction,32|38|6|0,33|33|33|33|33|33,none,0,0,True,,
widened_enumeration,r3|5|6|6|6|6_u1,6,1,3|5|6|6|6|6,4|6|7|7|7|7,32,38,5,0,none,True,True,False,False,True,False,computed_total_slot_anomaly_obstruction,32|38|6|1,33|33|33|33|33|33,none,0,0,True,,
widened_enumeration,r3|5|6|6|6|6_u2,6,2,3|5|6|6|6|6,4|6|7|7|7|7,32,38,5,0,none,True,True,False,False,True,False,computed_total_slot_anomaly_obstruction,32|38|6|2,33|33|33|33|33|33,none,0,0,True,,
widened_enumeration,r3|5|6|6|6|6_u3,6,3,3|5|6|6|6|6,4|6|7|7|7|7,32,38,5,0,none,True,True,False,False,True,False,computed_total_slot_anomaly_obstruction,32|38|6|3,33|33|33|33|33|33,none,0,0,True,,
widened_enumeration,r3|6|6|6|6|6_u0,6,0,3|6|6|6|6|6,4|7|7|7|7|7,33,39,5,0,none,True,True,False,False,True,False,computed_total_slot_anomaly_obstruction,33|39|6|0,34|34|34|34|34|34,none,0,0,True,,
widened_enumeration,r3|6|6|6|6|6_u1,6,1,3|6|6|6|6|6,4|7|7|7|7|7,33,39,5,0,none,True,True,False,False,True,False,computed_total_slot_anomaly_obstruction,33|39|6|1,34|34|34|34|34|34,none,0,0,True,,
widened_enumeration,r3|6|6|6|6|6_u2,6,2,3|6|6|6|6|6,4|7|7|7|7|7,33,39,5,0,none,True,True,False,False,True,False,computed_total_slot_anomaly_obstruction,33|39|6|2,34|34|34|34|34|34,none,0,0,True,,
widened_enumeration,r3|6|6|6|6|6_u3,6,3,3|6|6|6|6|6,4|7|7|7|7|7,33,39,5,0,none,True,True,False,False,True,False,computed_total_slot_anomaly_obstruction,33|39|6|3,34|34|34|34|34|34,none,0,0,True,,
widened_enumeration,r4|4|4|4|4|4_u0,6,0,4|4|4|4|4|4,5|5|5|5|5|5,24,30,5,0,none,True,True,False,False,True,False,computed_total_slot_anomaly_obstruction,24|30|6|0,25|25|25|25|25|25,none,0,0,True,,
widened_enumeration,r4|4|4|4|4|4_u1,6,1,4|4|4|4|4|4,5|5|5|5|5|5,24,30,5,0,none,True,True,False,False,True,False,computed_total_slot_anomaly_obstruction,24|30|6|1,25|25|25|25|25|25,none,0,0,True,,
widened_enumeration,r4|4|4|4|4|4_u2,6,2,4|4|4|4|4|4,5|5|5|5|5|5,24,30,5,0,none,True,True,False,False,True,False,computed_total_slot_anomaly_obstruction,24|30|6|2,25|25|25|25|25|25,none,0,0,True,,
widened_enumeration,r4|4|4|4|4|4_u3,6,3,4|4|4|4|4|4,5|5|5|5|5|5,24,30,5,0,none,True,True,False,False,True,False,computed_total_slot_anomaly_obstruction,24|30|6|3,25|25|25|25|25|25,none,0,0,True,,
widened_enumeration,r4|4|4|4|4|5_u0,6,0,4|4|4|4|4|5,5|5|5|5|5|6,25,31,5,0,none,True,True,False,False,True,False,computed_total_slot_anomaly_obstruction,25|31|6|0,26|26|26|26|26|26,none,0,0,True,,
widened_enumeration,r4|4|4|4|4|5_u1,6,1,4|4|4|4|4|5,5|5|5|5|5|6,25,31,5,0,none,True,True,False,False,True,False,computed_total_slot_anomaly_obstruction,25|31|6|1,26|26|26|26|26|26,none,0,0,True,,
widened_enumeration,r4|4|4|4|4|5_u2,6,2,4|4|4|4|4|5,5|5|5|5|5|6,25,31,5,0,none,True,True,False,False,True,False,computed_total_slot_anomaly_obstruction,25|31|6|2,26|26|26|26|26|26,none,0,0,True,,
widened_enumeration,r4|4|4|4|4|5_u3,6,3,4|4|4|4|4|5,5|5|5|5|5|6,25,31,5,0,none,True,True,False,False,True,False,computed_total_slot_anomaly_obstruction,25|31|6|3,26|26|26|26|26|26,none,0,0,True,,
widened_enumeration,r4|4|4|4|4|6_u0,6,0,4|4|4|4|4|6,5|5|5|5|5|7,26,32,5,0,none,True,True,False,False,True,False,computed_total_slot_anomaly_obstruction,26|32|6|0,27|27|27|27|27|27,none,0,0,True,,
widened_enumeration,r4|4|4|4|4|6_u1,6,1,4|4|4|4|4|6,5|5|5|5|5|7,26,32,5,0,none,True,True,False,False,True,False,computed_total_slot_anomaly_obstruction,26|32|6|1,27|27|27|27|27|27,none,0,0,True,,
widened_enumeration,r4|4|4|4|4|6_u2,6,2,4|4|4|4|4|6,5|5|5|5|5|7,26,32,5,0,none,True,True,False,False,True,False,computed_total_slot_anomaly_obstruction,26|32|6|2,27|27|27|27|27|27,none,0,0,True,,
widened_enumeration,r4|4|4|4|4|6_u3,6,3,4|4|4|4|4|6,5|5|5|5|5|7,26,32,5,0,none,True,True,False,False,True,False,computed_total_slot_anomaly_obstruction,26|32|6|3,27|27|27|27|27|27,none,0,0,True,,
widened_enumeration,r4|4|4|4|5|5_u0,6,0,4|4|4|4|5|5,5|5|5|5|6|6,26,32,5,0,none,True,True,False,False,True,False,computed_total_slot_anomaly_obstruction,26|32|6|0,27|27|27|27|27|27,none,0,0,True,,
widened_enumeration,r4|4|4|4|5|5_u1,6,1,4|4|4|4|5|5,5|5|5|5|6|6,26,32,5,0,none,True,True,False,False,True,False,computed_total_slot_anomaly_obstruction,26|32|6|1,27|27|27|27|27|27,none,0,0,True,,
widened_enumeration,r4|4|4|4|5|5_u2,6,2,4|4|4|4|5|5,5|5|5|5|6|6,26,32,5,0,none,True,True,False,False,True,False,computed_total_slot_anomaly_obstruction,26|32|6|2,27|27|27|27|27|27,none,0,0,True,,
widened_enumeration,r4|4|4|4|5|5_u3,6,3,4|4|4|4|5|5,5|5|5|5|6|6,26,32,5,0,none,True,True,False,False,True,False,computed_total_slot_anomaly_obstruction,26|32|6|3,27|27|27|27|27|27,none,0,0,True,,
widened_enumeration,r4|4|4|4|5|6_u0,6,0,4|4|4|4|5|6,5|5|5|5|6|7,27,33,5,0,none,True,True,False,False,True,False,computed_total_slot_anomaly_obstruction,27|33|6|0,28|28|28|28|28|28,none,0,0,True,,
widened_enumeration,r4|4|4|4|5|6_u1,6,1,4|4|4|4|5|6,5|5|5|5|6|7,27,33,5,0,none,True,True,False,False,True,False,computed_total_slot_anomaly_obstruction,27|33|6|1,28|28|28|28|28|28,none,0,0,True,,
widened_enumeration,r4|4|4|4|5|6_u2,6,2,4|4|4|4|5|6,5|5|5|5|6|7,27,33,5,0,none,True,True,False,False,True,False,computed_total_slot_anomaly_obstruction,27|33|6|2,28|28|28|28|28|28,none,0,0,True,,
widened_enumeration,r4|4|4|4|5|6_u3,6,3,4|4|4|4|5|6,5|5|5|5|6|7,27,33,5,0,none,True,True,False,False,True,False,computed_total_slot_anomaly_obstruction,27|33|6|3,28|28|28|28|28|28,none,0,0,True,,
widened_enumeration,r4|4|4|4|6|6_u0,6,0,4|4|4|4|6|6,5|5|5|5|7|7,28,34,5,0,none,True,True,False,False,True,False,computed_total_slot_anomaly_obstruction,28|34|6|0,29|29|29|29|29|29,none,0,0,True,,
widened_enumeration,r4|4|4|4|6|6_u1,6,1,4|4|4|4|6|6,5|5|5|5|7|7,28,34,5,0,none,True,True,False,False,True,False,computed_total_slot_anomaly_obstruction,28|34|6|1,29|29|29|29|29|29,none,0,0,True,,
widened_enumeration,r4|4|4|4|6|6_u2,6,2,4|4|4|4|6|6,5|5|5|5|7|7,28,34,5,0,none,True,True,False,False,True,False,computed_total_slot_anomaly_obstruction,28|34|6|2,29|29|29|29|29|29,none,0,0,True,,
widened_enumeration,r4|4|4|4|6|6_u3,6,3,4|4|4|4|6|6,5|5|5|5|7|7,28,34,5,0,none,True,True,False,False,True,False,computed_total_slot_anomaly_obstruction,28|34|6|3,29|29|29|29|29|29,none,0,0,True,,
widened_enumeration,r4|4|4|5|5|5_u0,6,0,4|4|4|5|5|5,5|5|5|6|6|6,27,33,5,0,none,True,True,False,False,True,False,computed_total_slot_anomaly_obstruction,27|33|6|0,28|28|28|28|28|28,none,0,0,True,,
widened_enumeration,r4|4|4|5|5|5_u1,6,1,4|4|4|5|5|5,5|5|5|6|6|6,27,33,5,0,none,True,True,False,False,True,False,computed_total_slot_anomaly_obstruction,27|33|6|1,28|28|28|28|28|28,none,0,0,True,,
widened_enumeration,r4|4|4|5|5|5_u2,6,2,4|4|4|5|5|5,5|5|5|6|6|6,27,33,5,0,none,True,True,False,False,True,False,computed_total_slot_anomaly_obstruction,27|33|6|2,28|28|28|28|28|28,none,0,0,True,,
widened_enumeration,r4|4|4|5|5|5_u3,6,3,4|4|4|5|5|5,5|5|5|6|6|6,27,33,5,0,none,True,True,False,False,True,False,computed_total_slot_anomaly_obstruction,27|33|6|3,28|28|28|28|28|28,none,0,0,True,,
widened_enumeration,r4|4|4|5|5|6_u0,6,0,4|4|4|5|5|6,5|5|5|6|6|7,28,34,5,0,none,True,True,False,False,True,False,computed_total_slot_anomaly_obstruction,28|34|6|0,29|29|29|29|29|29,none,0,0,True,,
widened_enumeration,r4|4|4|5|5|6_u1,6,1,4|4|4|5|5|6,5|5|5|6|6|7,28,34,5,0,none,True,True,False,False,True,False,computed_total_slot_anomaly_obstruction,28|34|6|1,29|29|29|29|29|29,none,0,0,True,,
widened_enumeration,r4|4|4|5|5|6_u2,6,2,4|4|4|5|5|6,5|5|5|6|6|7,28,34,5,0,none,True,True,False,False,True,False,computed_total_slot_anomaly_obstruction,28|34|6|2,29|29|29|29|29|29,none,0,0,True,,
widened_enumeration,r4|4|4|5|5|6_u3,6,3,4|4|4|5|5|6,5|5|5|6|6|7,28,34,5,0,none,True,True,False,False,True,False,computed_total_slot_anomaly_obstruction,28|34|6|3,29|29|29|29|29|29,none,0,0,True,,
widened_enumeration,r4|4|4|5|6|6_u0,6,0,4|4|4|5|6|6,5|5|5|6|7|7,29,35,5,0,none,True,True,False,False,True,False,computed_total_slot_anomaly_obstruction,29|35|6|0,30|30|30|30|30|30,none,0,0,True,,
widened_enumeration,r4|4|4|5|6|6_u1,6,1,4|4|4|5|6|6,5|5|5|6|7|7,29,35,5,0,none,True,True,False,False,True,False,computed_total_slot_anomaly_obstruction,29|35|6|1,30|30|30|30|30|30,none,0,0,True,,
widened_enumeration,r4|4|4|5|6|6_u2,6,2,4|4|4|5|6|6,5|5|5|6|7|7,29,35,5,0,none,True,True,False,False,True,False,computed_total_slot_anomaly_obstruction,29|35|6|2,30|30|30|30|30|30,none,0,0,True,,
widened_enumeration,r4|4|4|5|6|6_u3,6,3,4|4|4|5|6|6,5|5|5|6|7|7,29,35,5,0,none,True,True,False,False,True,False,computed_total_slot_anomaly_obstruction,29|35|6|3,30|30|30|30|30|30,none,0,0,True,,
widened_enumeration,r4|4|4|6|6|6_u0,6,0,4|4|4|6|6|6,5|5|5|7|7|7,30,36,5,0,none,True,True,False,False,True,False,computed_total_slot_anomaly_obstruction,30|36|6|0,31|31|31|31|31|31,none,0,0,True,,
widened_enumeration,r4|4|4|6|6|6_u1,6,1,4|4|4|6|6|6,5|5|5|7|7|7,30,36,5,0,none,True,True,False,False,True,False,computed_total_slot_anomaly_obstruction,30|36|6|1,31|31|31|31|31|31,none,0,0,True,,
widened_enumeration,r4|4|4|6|6|6_u2,6,2,4|4|4|6|6|6,5|5|5|7|7|7,30,36,5,0,none,True,True,False,False,True,False,computed_total_slot_anomaly_obstruction,30|36|6|2,31|31|31|31|31|31,none,0,0,True,,
widened_enumeration,r4|4|4|6|6|6_u3,6,3,4|4|4|6|6|6,5|5|5|7|7|7,30,36,5,0,none,True,True,False,False,True,False,computed_total_slot_anomaly_obstruction,30|36|6|3,31|31|31|31|31|31,none,0,0,True,,
widened_enumeration,r4|4|5|5|5|5_u0,6,0,4|4|5|5|5|5,5|5|6|6|6|6,28,34,5,0,none,True,True,False,False,True,False,computed_total_slot_anomaly_obstruction,28|34|6|0,29|29|29|29|29|29,none,0,0,True,,
widened_enumeration,r4|4|5|5|5|5_u1,6,1,4|4|5|5|5|5,5|5|6|6|6|6,28,34,5,0,none,True,True,False,False,True,False,computed_total_slot_anomaly_obstruction,28|34|6|1,29|29|29|29|29|29,none,0,0,True,,
widened_enumeration,r4|4|5|5|5|5_u2,6,2,4|4|5|5|5|5,5|5|6|6|6|6,28,34,5,0,none,True,True,False,False,True,False,computed_total_slot_anomaly_obstruction,28|34|6|2,29|29|29|29|29|29,none,0,0,True,,
widened_enumeration,r4|4|5|5|5|5_u3,6,3,4|4|5|5|5|5,5|5|6|6|6|6,28,34,5,0,none,True,True,False,False,True,False,computed_total_slot_anomaly_obstruction,28|34|6|3,29|29|29|29|29|29,none,0,0,True,,
widened_enumeration,r4|4|5|5|5|6_u0,6,0,4|4|5|5|5|6,5|5|6|6|6|7,29,35,5,0,none,True,True,False,False,True,False,computed_total_slot_anomaly_obstruction,29|35|6|0,30|30|30|30|30|30,none,0,0,True,,
widened_enumeration,r4|4|5|5|5|6_u1,6,1,4|4|5|5|5|6,5|5|6|6|6|7,29,35,5,0,none,True,True,False,False,True,False,computed_total_slot_anomaly_obstruction,29|35|6|1,30|30|30|30|30|30,none,0,0,True,,
widened_enumeration,r4|4|5|5|5|6_u2,6,2,4|4|5|5|5|6,5|5|6|6|6|7,29,35,5,0,none,True,True,False,False,True,False,computed_total_slot_anomaly_obstruction,29|35|6|2,30|30|30|30|30|30,none,0,0,True,,
widened_enumeration,r4|4|5|5|5|6_u3,6,3,4|4|5|5|5|6,5|5|6|6|6|7,29,35,5,0,none,True,True,False,False,True,False,computed_total_slot_anomaly_obstruction,29|35|6|3,30|30|30|30|30|30,none,0,0,True,,
widened_enumeration,r4|4|5|5|6|6_u0,6,0,4|4|5|5|6|6,5|5|6|6|7|7,30,36,5,0,none,True,True,False,False,True,False,computed_total_slot_anomaly_obstruction,30|36|6|0,31|31|31|31|31|31,none,0,0,True,,
widened_enumeration,r4|4|5|5|6|6_u1,6,1,4|4|5|5|6|6,5|5|6|6|7|7,30,36,5,0,none,True,True,False,False,True,False,computed_total_slot_anomaly_obstruction,30|36|6|1,31|31|31|31|31|31,none,0,0,True,,
widened_enumeration,r4|4|5|5|6|6_u2,6,2,4|4|5|5|6|6,5|5|6|6|7|7,30,36,5,0,none,True,True,False,False,True,False,computed_total_slot_anomaly_obstruction,30|36|6|2,31|31|31|31|31|31,none,0,0,True,,
widened_enumeration,r4|4|5|5|6|6_u3,6,3,4|4|5|5|6|6,5|5|6|6|7|7,30,36,5,0,none,True,True,False,False,True,False,computed_total_slot_anomaly_obstruction,30|36|6|3,31|31|31|31|31|31,none,0,0,True,,
widened_enumeration,r4|4|5|6|6|6_u0,6,0,4|4|5|6|6|6,5|5|6|7|7|7,31,37,5,0,none,True,True,False,False,True,False,computed_total_slot_anomaly_obstruction,31|37|6|0,32|32|32|32|32|32,none,0,0,True,,
widened_enumeration,r4|4|5|6|6|6_u1,6,1,4|4|5|6|6|6,5|5|6|7|7|7,31,37,5,0,none,True,True,False,False,True,False,computed_total_slot_anomaly_obstruction,31|37|6|1,32|32|32|32|32|32,none,0,0,True,,
widened_enumeration,r4|4|5|6|6|6_u2,6,2,4|4|5|6|6|6,5|5|6|7|7|7,31,37,5,0,none,True,True,False,False,True,False,computed_total_slot_anomaly_obstruction,31|37|6|2,32|32|32|32|32|32,none,0,0,True,,
widened_enumeration,r4|4|5|6|6|6_u3,6,3,4|4|5|6|6|6,5|5|6|7|7|7,31,37,5,0,none,True,True,False,False,True,False,computed_total_slot_anomaly_obstruction,31|37|6|3,32|32|32|32|32|32,none,0,0,True,,
widened_enumeration,r4|4|6|6|6|6_u0,6,0,4|4|6|6|6|6,5|5|7|7|7|7,32,38,5,0,none,True,True,False,False,True,False,computed_total_slot_anomaly_obstruction,32|38|6|0,33|33|33|33|33|33,none,0,0,True,,
widened_enumeration,r4|4|6|6|6|6_u1,6,1,4|4|6|6|6|6,5|5|7|7|7|7,32,38,5,0,none,True,True,False,False,True,False,computed_total_slot_anomaly_obstruction,32|38|6|1,33|33|33|33|33|33,none,0,0,True,,
widened_enumeration,r4|4|6|6|6|6_u2,6,2,4|4|6|6|6|6,5|5|7|7|7|7,32,38,5,0,none,True,True,False,False,True,False,computed_total_slot_anomaly_obstruction,32|38|6|2,33|33|33|33|33|33,none,0,0,True,,
widened_enumeration,r4|4|6|6|6|6_u3,6,3,4|4|6|6|6|6,5|5|7|7|7|7,32,38,5,0,none,True,True,False,False,True,False,computed_total_slot_anomaly_obstruction,32|38|6|3,33|33|33|33|33|33,none,0,0,True,,
widened_enumeration,r4|5|5|5|5|5_u0,6,0,4|5|5|5|5|5,5|6|6|6|6|6,29,35,5,0,none,True,True,False,False,True,False,computed_total_slot_anomaly_obstruction,29|35|6|0,30|30|30|30|30|30,none,0,0,True,,
widened_enumeration,r4|5|5|5|5|5_u1,6,1,4|5|5|5|5|5,5|6|6|6|6|6,29,35,5,0,none,True,True,False,False,True,False,computed_total_slot_anomaly_obstruction,29|35|6|1,30|30|30|30|30|30,none,0,0,True,,
widened_enumeration,r4|5|5|5|5|5_u2,6,2,4|5|5|5|5|5,5|6|6|6|6|6,29,35,5,0,none,True,True,False,False,True,False,computed_total_slot_anomaly_obstruction,29|35|6|2,30|30|30|30|30|30,none,0,0,True,,
widened_enumeration,r4|5|5|5|5|5_u3,6,3,4|5|5|5|5|5,5|6|6|6|6|6,29,35,5,0,none,True,True,False,False,True,False,computed_total_slot_anomaly_obstruction,29|35|6|3,30|30|30|30|30|30,none,0,0,True,,
widened_enumeration,r4|5|5|5|5|6_u0,6,0,4|5|5|5|5|6,5|6|6|6|6|7,30,36,5,0,none,True,True,False,False,True,False,computed_total_slot_anomaly_obstruction,30|36|6|0,31|31|31|31|31|31,none,0,0,True,,
widened_enumeration,r4|5|5|5|5|6_u1,6,1,4|5|5|5|5|6,5|6|6|6|6|7,30,36,5,0,none,True,True,False,False,True,False,computed_total_slot_anomaly_obstruction,30|36|6|1,31|31|31|31|31|31,none,0,0,True,,
widened_enumeration,r4|5|5|5|5|6_u2,6,2,4|5|5|5|5|6,5|6|6|6|6|7,30,36,5,0,none,True,True,False,False,True,False,computed_total_slot_anomaly_obstruction,30|36|6|2,31|31|31|31|31|31,none,0,0,True,,
widened_enumeration,r4|5|5|5|5|6_u3,6,3,4|5|5|5|5|6,5|6|6|6|6|7,30,36,5,0,none,True,True,False,False,True,False,computed_total_slot_anomaly_obstruction,30|36|6|3,31|31|31|31|31|31,none,0,0,True,,
widened_enumeration,r4|5|5|5|6|6_u0,6,0,4|5|5|5|6|6,5|6|6|6|7|7,31,37,5,0,none,True,True,False,False,True,False,computed_total_slot_anomaly_obstruction,31|37|6|0,32|32|32|32|32|32,none,0,0,True,,
widened_enumeration,r4|5|5|5|6|6_u1,6,1,4|5|5|5|6|6,5|6|6|6|7|7,31,37,5,0,none,True,True,False,False,True,False,computed_total_slot_anomaly_obstruction,31|37|6|1,32|32|32|32|32|32,none,0,0,True,,
widened_enumeration,r4|5|5|5|6|6_u2,6,2,4|5|5|5|6|6,5|6|6|6|7|7,31,37,5,0,none,True,True,False,False,True,False,computed_total_slot_anomaly_obstruction,31|37|6|2,32|32|32|32|32|32,none,0,0,True,,
widened_enumeration,r4|5|5|5|6|6_u3,6,3,4|5|5|5|6|6,5|6|6|6|7|7,31,37,5,0,none,True,True,False,False,True,False,computed_total_slot_anomaly_obstruction,31|37|6|3,32|32|32|32|32|32,none,0,0,True,,
widened_enumeration,r4|5|5|6|6|6_u0,6,0,4|5|5|6|6|6,5|6|6|7|7|7,32,38,5,0,none,True,True,False,False,True,False,computed_total_slot_anomaly_obstruction,32|38|6|0,33|33|33|33|33|33,none,0,0,True,,
widened_enumeration,r4|5|5|6|6|6_u1,6,1,4|5|5|6|6|6,5|6|6|7|7|7,32,38,5,0,none,True,True,False,False,True,False,computed_total_slot_anomaly_obstruction,32|38|6|1,33|33|33|33|33|33,none,0,0,True,,
widened_enumeration,r4|5|5|6|6|6_u2,6,2,4|5|5|6|6|6,5|6|6|7|7|7,32,38,5,0,none,True,True,False,False,True,False,computed_total_slot_anomaly_obstruction,32|38|6|2,33|33|33|33|33|33,none,0,0,True,,
widened_enumeration,r4|5|5|6|6|6_u3,6,3,4|5|5|6|6|6,5|6|6|7|7|7,32,38,5,0,none,True,True,False,False,True,False,computed_total_slot_anomaly_obstruction,32|38|6|3,33|33|33|33|33|33,none,0,0,True,,
widened_enumeration,r4|5|6|6|6|6_u0,6,0,4|5|6|6|6|6,5|6|7|7|7|7,33,39,5,0,none,True,True,False,False,True,False,computed_total_slot_anomaly_obstruction,33|39|6|0,34|34|34|34|34|34,none,0,0,True,,
widened_enumeration,r4|5|6|6|6|6_u1,6,1,4|5|6|6|6|6,5|6|7|7|7|7,33,39,5,0,none,True,True,False,False,True,False,computed_total_slot_anomaly_obstruction,33|39|6|1,34|34|34|34|34|34,none,0,0,True,,
widened_enumeration,r4|5|6|6|6|6_u2,6,2,4|5|6|6|6|6,5|6|7|7|7|7,33,39,5,0,none,True,True,False,False,True,False,computed_total_slot_anomaly_obstruction,33|39|6|2,34|34|34|34|34|34,none,0,0,True,,
widened_enumeration,r4|5|6|6|6|6_u3,6,3,4|5|6|6|6|6,5|6|7|7|7|7,33,39,5,0,none,True,True,False,False,True,False,computed_total_slot_anomaly_obstruction,33|39|6|3,34|34|34|34|34|34,none,0,0,True,,
widened_enumeration,r4|6|6|6|6|6_u0,6,0,4|6|6|6|6|6,5|7|7|7|7|7,34,40,5,0,none,True,True,False,False,True,False,computed_total_slot_anomaly_obstruction,34|40|6|0,35|35|35|35|35|35,none,0,0,True,,
widened_enumeration,r4|6|6|6|6|6_u1,6,1,4|6|6|6|6|6,5|7|7|7|7|7,34,40,5,0,none,True,True,False,False,True,False,computed_total_slot_anomaly_obstruction,34|40|6|1,35|35|35|35|35|35,none,0,0,True,,
widened_enumeration,r4|6|6|6|6|6_u2,6,2,4|6|6|6|6|6,5|7|7|7|7|7,34,40,5,0,none,True,True,False,False,True,False,computed_total_slot_anomaly_obstruction,34|40|6|2,35|35|35|35|35|35,none,0,0,True,,
widened_enumeration,r4|6|6|6|6|6_u3,6,3,4|6|6|6|6|6,5|7|7|7|7|7,34,40,5,0,none,True,True,False,False,True,False,computed_total_slot_anomaly_obstruction,34|40|6|3,35|35|35|35|35|35,none,0,0,True,,
widened_enumeration,r5|5|5|5|5|5_u0,6,0,5|5|5|5|5|5,6|6|6|6|6|6,30,36,5,0,none,True,True,False,False,True,False,computed_total_slot_anomaly_obstruction,30|36|6|0,31|31|31|31|31|31,none,0,0,True,,
widened_enumeration,r5|5|5|5|5|5_u1,6,1,5|5|5|5|5|5,6|6|6|6|6|6,30,36,5,0,none,True,True,False,False,True,False,computed_total_slot_anomaly_obstruction,30|36|6|1,31|31|31|31|31|31,none,0,0,True,,
widened_enumeration,r5|5|5|5|5|5_u2,6,2,5|5|5|5|5|5,6|6|6|6|6|6,30,36,5,0,none,True,True,False,False,True,False,computed_total_slot_anomaly_obstruction,30|36|6|2,31|31|31|31|31|31,none,0,0,True,,
widened_enumeration,r5|5|5|5|5|5_u3,6,3,5|5|5|5|5|5,6|6|6|6|6|6,30,36,5,0,none,True,True,False,False,True,False,computed_total_slot_anomaly_obstruction,30|36|6|3,31|31|31|31|31|31,none,0,0,True,,
widened_enumeration,r5|5|5|5|5|6_u0,6,0,5|5|5|5|5|6,6|6|6|6|6|7,31,37,5,0,none,True,True,False,False,True,False,computed_total_slot_anomaly_obstruction,31|37|6|0,32|32|32|32|32|32,none,0,0,True,,
widened_enumeration,r5|5|5|5|5|6_u1,6,1,5|5|5|5|5|6,6|6|6|6|6|7,31,37,5,0,none,True,True,False,False,True,False,computed_total_slot_anomaly_obstruction,31|37|6|1,32|32|32|32|32|32,none,0,0,True,,
widened_enumeration,r5|5|5|5|5|6_u2,6,2,5|5|5|5|5|6,6|6|6|6|6|7,31,37,5,0,none,True,True,False,False,True,False,computed_total_slot_anomaly_obstruction,31|37|6|2,32|32|32|32|32|32,none,0,0,True,,
widened_enumeration,r5|5|5|5|5|6_u3,6,3,5|5|5|5|5|6,6|6|6|6|6|7,31,37,5,0,none,True,True,False,False,True,False,computed_total_slot_anomaly_obstruction,31|37|6|3,32|32|32|32|32|32,none,0,0,True,,
widened_enumeration,r5|5|5|5|6|6_u0,6,0,5|5|5|5|6|6,6|6|6|6|7|7,32,38,5,0,none,True,True,False,False,True,False,computed_total_slot_anomaly_obstruction,32|38|6|0,33|33|33|33|33|33,none,0,0,True,,
widened_enumeration,r5|5|5|5|6|6_u1,6,1,5|5|5|5|6|6,6|6|6|6|7|7,32,38,5,0,none,True,True,False,False,True,False,computed_total_slot_anomaly_obstruction,32|38|6|1,33|33|33|33|33|33,none,0,0,True,,
widened_enumeration,r5|5|5|5|6|6_u2,6,2,5|5|5|5|6|6,6|6|6|6|7|7,32,38,5,0,none,True,True,False,False,True,False,computed_total_slot_anomaly_obstruction,32|38|6|2,33|33|33|33|33|33,none,0,0,True,,
widened_enumeration,r5|5|5|5|6|6_u3,6,3,5|5|5|5|6|6,6|6|6|6|7|7,32,38,5,0,none,True,True,False,False,True,False,computed_total_slot_anomaly_obstruction,32|38|6|3,33|33|33|33|33|33,none,0,0,True,,
widened_enumeration,r5|5|5|6|6|6_u0,6,0,5|5|5|6|6|6,6|6|6|7|7|7,33,39,5,0,none,True,True,False,False,True,False,computed_total_slot_anomaly_obstruction,33|39|6|0,34|34|34|34|34|34,none,0,0,True,,
widened_enumeration,r5|5|5|6|6|6_u1,6,1,5|5|5|6|6|6,6|6|6|7|7|7,33,39,5,0,none,True,True,False,False,True,False,computed_total_slot_anomaly_obstruction,33|39|6|1,34|34|34|34|34|34,none,0,0,True,,
widened_enumeration,r5|5|5|6|6|6_u2,6,2,5|5|5|6|6|6,6|6|6|7|7|7,33,39,5,0,none,True,True,False,False,True,False,computed_total_slot_anomaly_obstruction,33|39|6|2,34|34|34|34|34|34,none,0,0,True,,
widened_enumeration,r5|5|5|6|6|6_u3,6,3,5|5|5|6|6|6,6|6|6|7|7|7,33,39,5,0,none,True,True,False,False,True,False,computed_total_slot_anomaly_obstruction,33|39|6|3,34|34|34|34|34|34,none,0,0,True,,
widened_enumeration,r5|5|6|6|6|6_u0,6,0,5|5|6|6|6|6,6|6|7|7|7|7,34,40,5,0,none,True,True,False,False,True,False,computed_total_slot_anomaly_obstruction,34|40|6|0,35|35|35|35|35|35,none,0,0,True,,
widened_enumeration,r5|5|6|6|6|6_u1,6,1,5|5|6|6|6|6,6|6|7|7|7|7,34,40,5,0,none,True,True,False,False,True,False,computed_total_slot_anomaly_obstruction,34|40|6|1,35|35|35|35|35|35,none,0,0,True,,
widened_enumeration,r5|5|6|6|6|6_u2,6,2,5|5|6|6|6|6,6|6|7|7|7|7,34,40,5,0,none,True,True,False,False,True,False,computed_total_slot_anomaly_obstruction,34|40|6|2,35|35|35|35|35|35,none,0,0,True,,
widened_enumeration,r5|5|6|6|6|6_u3,6,3,5|5|6|6|6|6,6|6|7|7|7|7,34,40,5,0,none,True,True,False,False,True,False,computed_total_slot_anomaly_obstruction,34|40|6|3,35|35|35|35|35|35,none,0,0,True,,
widened_enumeration,r5|6|6|6|6|6_u0,6,0,5|6|6|6|6|6,6|7|7|7|7|7,35,41,5,0,none,True,True,False,False,True,False,computed_total_slot_anomaly_obstruction,35|41|6|0,36|36|36|36|36|36,none,0,0,True,,
widened_enumeration,r5|6|6|6|6|6_u1,6,1,5|6|6|6|6|6,6|7|7|7|7|7,35,41,5,0,none,True,True,False,False,True,False,computed_total_slot_anomaly_obstruction,35|41|6|1,36|36|36|36|36|36,none,0,0,True,,
widened_enumeration,r5|6|6|6|6|6_u2,6,2,5|6|6|6|6|6,6|7|7|7|7|7,35,41,5,0,none,True,True,False,False,True,False,computed_total_slot_anomaly_obstruction,35|41|6|2,36|36|36|36|36|36,none,0,0,True,,
widened_enumeration,r5|6|6|6|6|6_u3,6,3,5|6|6|6|6|6,6|7|7|7|7|7,35,41,5,0,none,True,True,False,False,True,False,computed_total_slot_anomaly_obstruction,35|41|6|3,36|36|36|36|36|36,none,0,0,True,,
widened_enumeration,r6|6|6|6|6|6_u0,6,0,6|6|6|6|6|6,7|7|7|7|7|7,36,42,5,0,none,True,True,False,False,True,False,computed_total_slot_anomaly_obstruction,36|42|6|0,37|37|37|37|37|37,none,0,0,True,,
widened_enumeration,r6|6|6|6|6|6_u1,6,1,6|6|6|6|6|6,7|7|7|7|7|7,36,42,5,0,none,True,True,False,False,True,False,computed_total_slot_anomaly_obstruction,36|42|6|1,37|37|37|37|37|37,none,0,0,True,,
widened_enumeration,r6|6|6|6|6|6_u2,6,2,6|6|6|6|6|6,7|7|7|7|7|7,36,42,5,0,none,True,True,False,False,True,False,computed_total_slot_anomaly_obstruction,36|42|6|2,37|37|37|37|37|37,none,0,0,True,,
widened_enumeration,r6|6|6|6|6|6_u3,6,3,6|6|6|6|6|6,7|7|7|7|7|7,36,42,5,0,none,True,True,False,False,True,False,computed_total_slot_anomaly_obstruction,36|42|6|3,37|37|37|37|37|37,none,0,0,True,,
known_alternative,SU(5),1,0,4,5,4,5,,,,,,,,,True,,4|5|1|0,,,,,True,antisym_plus_dual,admitted_but_nonminimal_under_rank_first
known_alternative,SO(10),1,0,5,10,5,10,,,,,,,,,True,,5|10|1|0,,,,,True,single_spinor_pattern,admitted_but_nonminimal_under_rank_first
known_alternative,SU(6)_chiral_example,1,0,5,6,5,6,,,,,,,,,True,,5|6|1|0,,,,,True,antisym_plus_antifundamentals,admitted_but_nonminimal_under_rank_first
