q_key,fiber_size,readout_values,obstruction_pairs
g0|r0|1|t0|u0|v0|True|True|True|True|True,3,outside_small_selector:2;small_ratio_outside_high_sensitivity:1,2
g0|r0|1|t0|u0|v1|True|True|True|True|True,3,outside_small_selector:2;small_ratio_outside_high_sensitivity:1,2
g0|r0|1|t0|u0|v2|True|True|True|True|True,3,outside_small_selector:2;small_ratio_outside_high_sensitivity:1,2
g0|r0|1|t0|u1|v0|True|True|True|True|True,3,outside_small_selector:2;small_ratio_outside_high_sensitivity:1,2
g0|r0|1|t0|u1|v1|True|True|True|True|True,3,outside_small_selector:2;small_ratio_outside_high_sensitivity:1,2
g0|r0|1|t0|u1|v2|True|True|True|True|True,3,outside_small_selector:2;small_ratio_outside_high_sensitivity:1,2
g0|r0|1|t0|u2|v0|True|True|True|True|False,3,outside_small_selector:2;small_ratio_outside_high_sensitivity:1,2
g0|r0|1|t0|u2|v1|True|True|True|True|False,3,outside_small_selector:2;small_ratio_outside_high_sensitivity:1,2
g0|r0|1|t0|u2|v2|True|True|True|True|False,3,outside_small_selector:2;small_ratio_outside_high_sensitivity:1,2
g0|r0|1|t1|u0|v0|True|True|True|True|True,3,outside_small_selector:2;small_ratio_outside_high_sensitivity:1,2
g0|r0|1|t1|u0|v1|True|True|True|True|True,3,outside_small_selector:2;small_ratio_outside_high_sensitivity:1,2
g0|r0|1|t1|u0|v2|True|True|True|True|True,3,outside_small_selector:2;small_ratio_outside_high_sensitivity:1,2
g0|r0|1|t1|u1|v0|True|True|True|True|True,3,outside_small_selector:2;small_ratio_outside_high_sensitivity:1,2
g0|r0|1|t1|u1|v1|True|True|True|True|True,3,outside_small_selector:2;small_ratio_outside_high_sensitivity:1,2
g0|r0|1|t1|u1|v2|True|True|True|True|True,3,outside_small_selector:2;small_ratio_outside_high_sensitivity:1,2
g0|r0|1|t1|u2|v0|True|True|True|True|False,3,outside_small_selector:2;small_ratio_outside_high_sensitivity:1,2
g0|r0|1|t1|u2|v1|True|True|True|True|False,3,outside_small_selector:2;small_ratio_outside_high_sensitivity:1,2
g0|r0|1|t1|u2|v2|True|True|True|True|False,3,outside_small_selector:2;small_ratio_outside_high_sensitivity:1,2
g0|r0|1|t2|u0|v0|True|True|True|False|True,3,outside_small_selector:2;small_ratio_outside_high_sensitivity:1,2
g0|r0|1|t2|u0|v1|True|True|True|False|True,3,outside_small_selector:2;small_ratio_outside_high_sensitivity:1,2
g0|r0|1|t2|u0|v2|True|True|True|False|True,3,outside_small_selector:2;small_ratio_outside_high_sensitivity:1,2
g0|r0|1|t2|u1|v0|True|True|True|False|False,3,outside_small_selector:2;small_ratio_outside_high_sensitivity:1,2
g0|r0|1|t2|u1|v1|True|True|True|False|False,3,outside_small_selector:2;small_ratio_outside_high_sensitivity:1,2
g0|r0|1|t2|u1|v2|True|True|True|False|False,3,outside_small_selector:2;small_ratio_outside_high_sensitivity:1,2
g0|r0|1|t2|u2|v0|True|True|True|False|False,3,outside_small_selector:2;small_ratio_outside_high_sensitivity:1,2
g0|r0|1|t2|u2|v1|True|True|True|False|False,3,outside_small_selector:2;small_ratio_outside_high_sensitivity:1,2
g0|r0|1|t2|u2|v2|True|True|True|False|False,3,outside_small_selector:2;small_ratio_outside_high_sensitivity:1,2
g0|r0|1|t3|u0|v0|True|True|True|True|True,3,outside_small_selector:2;small_ratio_outside_high_sensitivity:1,2
g0|r0|1|t3|u0|v1|True|True|True|True|True,3,outside_small_selector:2;small_ratio_outside_high_sensitivity:1,2
g0|r0|1|t3|u0|v2|True|True|True|True|True,3,outside_small_selector:2;small_ratio_outside_high_sensitivity:1,2
g0|r0|1|t3|u1|v0|True|True|True|True|True,3,outside_small_selector:2;small_ratio_outside_high_sensitivity:1,2
g0|r0|1|t3|u1|v1|True|True|True|True|True,3,outside_small_selector:2;small_ratio_outside_high_sensitivity:1,2
g0|r0|1|t3|u1|v2|True|True|True|True|True,3,outside_small_selector:2;small_ratio_outside_high_sensitivity:1,2
g0|r0|1|t3|u2|v0|True|True|True|True|False,3,outside_small_selector:2;small_ratio_outside_high_sensitivity:1,2
g0|r0|1|t3|u2|v1|True|True|True|True|False,3,outside_small_selector:2;small_ratio_outside_high_sensitivity:1,2
g0|r0|1|t3|u2|v2|True|True|True|True|False,3,outside_small_selector:2;small_ratio_outside_high_sensitivity:1,2
g0|r0|2|t0|u0|v0|True|True|False|True|True,3,outside_small_selector:2;small_selector_region:1,2
g0|r0|2|t0|u0|v1|True|True|False|True|True,3,outside_small_selector:2;small_selector_region:1,2
g0|r0|2|t0|u0|v2|True|True|False|True|True,3,outside_small_selector:2;small_selector_region:1,2
g0|r0|2|t0|u1|v0|True|True|False|True|True,3,outside_small_selector:2;small_selector_region:1,2
g0|r0|2|t0|u1|v1|True|True|False|True|True,3,outside_small_selector:2;small_selector_region:1,2
g0|r0|2|t0|u1|v2|True|True|False|True|True,3,outside_small_selector:2;small_selector_region:1,2
g0|r0|2|t0|u2|v0|True|True|False|True|False,3,outside_small_selector:2;small_selector_region:1,2
g0|r0|2|t0|u2|v1|True|True|False|True|False,3,outside_small_selector:2;small_selector_region:1,2
g0|r0|2|t0|u2|v2|True|True|False|True|False,3,outside_small_selector:2;small_selector_region:1,2
g0|r0|2|t1|u0|v0|True|True|False|True|True,3,outside_small_selector:2;small_ratio_outside_high_sensitivity:1,2
g0|r0|2|t1|u0|v1|True|True|False|True|True,3,outside_small_selector:2;small_ratio_outside_high_sensitivity:1,2
g0|r0|2|t1|u0|v2|True|True|False|True|True,3,outside_small_selector:2;small_ratio_outside_high_sensitivity:1,2
g0|r0|2|t1|u1|v0|True|True|False|True|True,3,outside_small_selector:2;small_ratio_outside_high_sensitivity:1,2
g0|r0|2|t1|u1|v1|True|True|False|True|True,3,outside_small_selector:2;small_ratio_outside_high_sensitivity:1,2
g0|r0|2|t1|u1|v2|True|True|False|True|True,3,outside_small_selector:2;small_ratio_outside_high_sensitivity:1,2
g0|r0|2|t1|u2|v0|True|True|False|True|False,3,outside_small_selector:2;small_ratio_outside_high_sensitivity:1,2
g0|r0|2|t1|u2|v1|True|True|False|True|False,3,outside_small_selector:2;small_ratio_outside_high_sensitivity:1,2
g0|r0|2|t1|u2|v2|True|True|False|True|False,3,outside_small_selector:2;small_ratio_outside_high_sensitivity:1,2
g0|r0|2|t2|u0|v0|True|True|False|False|True,3,outside_small_selector:2;small_ratio_outside_high_sensitivity:1,2
g0|r0|2|t2|u0|v1|True|True|False|False|True,3,outside_small_selector:2;small_ratio_outside_high_sensitivity:1,2
g0|r0|2|t2|u0|v2|True|True|False|False|True,3,outside_small_selector:2;small_ratio_outside_high_sensitivity:1,2
g0|r0|2|t2|u1|v0|True|True|False|False|False,3,outside_small_selector:2;small_ratio_outside_high_sensitivity:1,2
g0|r0|2|t2|u1|v1|True|True|False|False|False,3,outside_small_selector:2;small_ratio_outside_high_sensitivity:1,2
g0|r0|2|t2|u1|v2|True|True|False|False|False,3,outside_small_selector:2;small_ratio_outside_high_sensitivity:1,2
g0|r0|2|t2|u2|v0|True|True|False|False|False,3,outside_small_selector:2;small_ratio_outside_high_sensitivity:1,2
g0|r0|2|t2|u2|v1|True|True|False|False|False,3,outside_small_selector:2;small_ratio_outside_high_sensitivity:1,2
g0|r0|2|t2|u2|v2|True|True|False|False|False,3,outside_small_selector:2;small_ratio_outside_high_sensitivity:1,2
g0|r0|2|t3|u0|v0|True|True|False|True|True,3,outside_small_selector:2;small_ratio_outside_high_sensitivity:1,2
g0|r0|2|t3|u0|v1|True|True|False|True|True,3,outside_small_selector:2;small_ratio_outside_high_sensitivity:1,2
g0|r0|2|t3|u0|v2|True|True|False|True|True,3,outside_small_selector:2;small_ratio_outside_high_sensitivity:1,2
g0|r0|2|t3|u1|v0|True|True|False|True|True,3,outside_small_selector:2;small_ratio_outside_high_sensitivity:1,2
g0|r0|2|t3|u1|v1|True|True|False|True|True,3,outside_small_selector:2;small_ratio_outside_high_sensitivity:1,2
g0|r0|2|t3|u1|v2|True|True|False|True|True,3,outside_small_selector:2;small_ratio_outside_high_sensitivity:1,2
g0|r0|2|t3|u2|v0|True|True|False|True|False,3,outside_small_selector:2;small_ratio_outside_high_sensitivity:1,2
g0|r0|2|t3|u2|v1|True|True|False|True|False,3,outside_small_selector:2;small_ratio_outside_high_sensitivity:1,2
g0|r0|2|t3|u2|v2|True|True|False|True|False,3,outside_small_selector:2;small_ratio_outside_high_sensitivity:1,2
g0|r0|3|t0|u0|v0|True|True|True|True|True,3,outside_small_selector:2;small_selector_region:1,2
g0|r0|3|t0|u0|v1|True|True|True|True|True,3,outside_small_selector:2;small_selector_region:1,2
g0|r0|3|t0|u0|v2|True|True|True|True|True,3,outside_small_selector:2;small_selector_region:1,2
g0|r0|3|t0|u1|v0|True|True|True|True|True,3,outside_small_selector:2;small_selector_region:1,2
g0|r0|3|t0|u1|v1|True|True|True|True|True,3,outside_small_selector:2;small_selector_region:1,2
g0|r0|3|t0|u1|v2|True|True|True|True|True,3,outside_small_selector:2;small_selector_region:1,2
g0|r0|3|t0|u2|v0|True|True|True|True|False,3,outside_small_selector:2;small_selector_region:1,2
g0|r0|3|t0|u2|v1|True|True|True|True|False,3,outside_small_selector:2;small_selector_region:1,2
g0|r0|3|t0|u2|v2|True|True|True|True|False,3,outside_small_selector:2;small_selector_region:1,2
g0|r0|3|t1|u0|v0|True|True|True|False|True,3,outside_small_selector:2;small_ratio_outside_high_sensitivity:1,2
g0|r0|3|t1|u0|v1|True|True|True|False|True,3,outside_small_selector:2;small_ratio_outside_high_sensitivity:1,2
g0|r0|3|t1|u0|v2|True|True|True|False|True,3,outside_small_selector:2;small_ratio_outside_high_sensitivity:1,2
g0|r0|3|t1|u1|v0|True|True|True|False|True,3,outside_small_selector:2;small_ratio_outside_high_sensitivity:1,2
g0|r0|3|t1|u1|v1|True|True|True|False|True,3,outside_small_selector:2;small_ratio_outside_high_sensitivity:1,2
g0|r0|3|t1|u1|v2|True|True|True|False|True,3,outside_small_selector:2;small_ratio_outside_high_sensitivity:1,2
g0|r0|3|t1|u2|v0|True|True|True|False|False,3,outside_small_selector:2;small_ratio_outside_high_sensitivity:1,2
g0|r0|3|t1|u2|v1|True|True|True|False|False,3,outside_small_selector:2;small_ratio_outside_high_sensitivity:1,2
g0|r0|3|t1|u2|v2|True|True|True|False|False,3,outside_small_selector:2;small_ratio_outside_high_sensitivity:1,2
g0|r0|3|t2|u0|v0|True|True|True|False|True,3,outside_small_selector:2;small_ratio_outside_high_sensitivity:1,2
g0|r0|3|t2|u0|v1|True|True|True|False|True,3,outside_small_selector:2;small_ratio_outside_high_sensitivity:1,2
g0|r0|3|t2|u0|v2|True|True|True|False|True,3,outside_small_selector:2;small_ratio_outside_high_sensitivity:1,2
g0|r0|3|t2|u1|v0|True|True|True|False|False,3,outside_small_selector:2;small_ratio_outside_high_sensitivity:1,2
g0|r0|3|t2|u1|v1|True|True|True|False|False,3,outside_small_selector:2;small_ratio_outside_high_sensitivity:1,2
g0|r0|3|t2|u1|v2|True|True|True|False|False,3,outside_small_selector:2;small_ratio_outside_high_sensitivity:1,2
g0|r0|3|t2|u2|v0|True|True|True|False|False,3,outside_small_selector:2;small_ratio_outside_high_sensitivity:1,2
g0|r0|3|t2|u2|v1|True|True|True|False|False,3,outside_small_selector:2;small_ratio_outside_high_sensitivity:1,2
g0|r0|3|t2|u2|v2|True|True|True|False|False,3,outside_small_selector:2;small_ratio_outside_high_sensitivity:1,2
g0|r0|3|t3|u0|v0|True|True|True|True|True,3,outside_small_selector:2;small_ratio_outside_high_sensitivity:1,2
g0|r0|3|t3|u0|v1|True|True|True|True|True,3,outside_small_selector:2;small_ratio_outside_high_sensitivity:1,2
g0|r0|3|t3|u0|v2|True|True|True|True|True,3,outside_small_selector:2;small_ratio_outside_high_sensitivity:1,2
g0|r0|3|t3|u1|v0|True|True|True|True|True,3,outside_small_selector:2;small_ratio_outside_high_sensitivity:1,2
g0|r0|3|t3|u1|v1|True|True|True|True|True,3,outside_small_selector:2;small_ratio_outside_high_sensitivity:1,2
g0|r0|3|t3|u1|v2|True|True|True|True|True,3,outside_small_selector:2;small_ratio_outside_high_sensitivity:1,2
g0|r0|3|t3|u2|v0|True|True|True|True|False,3,outside_small_selector:2;small_ratio_outside_high_sensitivity:1,2
g0|r0|3|t3|u2|v1|True|True|True|True|False,3,outside_small_selector:2;small_ratio_outside_high_sensitivity:1,2
g0|r0|3|t3|u2|v2|True|True|True|True|False,3,outside_small_selector:2;small_ratio_outside_high_sensitivity:1,2
g0|r0|4|t0|u0|v0|True|True|False|True|True,3,outside_small_selector:2;small_selector_region:1,2
g0|r0|4|t0|u0|v1|True|True|False|True|True,3,outside_small_selector:2;small_selector_region:1,2
g0|r0|4|t0|u0|v2|True|True|False|True|True,3,outside_small_selector:2;small_selector_region:1,2
g0|r0|4|t0|u1|v0|True|True|False|True|True,3,outside_small_selector:2;small_selector_region:1,2
g0|r0|4|t0|u1|v1|True|True|False|True|True,3,outside_small_selector:2;small_selector_region:1,2
g0|r0|4|t0|u1|v2|True|True|False|True|True,3,outside_small_selector:2;small_selector_region:1,2
g0|r0|4|t0|u2|v0|True|True|False|True|False,3,outside_small_selector:2;small_selector_region:1,2
g0|r0|4|t0|u2|v1|True|True|False|True|False,3,outside_small_selector:2;small_selector_region:1,2
g0|r0|4|t0|u2|v2|True|True|False|True|False,3,outside_small_selector:2;small_selector_region:1,2
g0|r0|4|t1|u0|v0|True|True|False|False|True,3,outside_small_selector:2;small_ratio_outside_high_sensitivity:1,2
g0|r0|4|t1|u0|v1|True|True|False|False|True,3,outside_small_selector:2;small_ratio_outside_high_sensitivity:1,2
g0|r0|4|t1|u0|v2|True|True|False|False|True,3,outside_small_selector:2;small_ratio_outside_high_sensitivity:1,2
g0|r0|4|t1|u1|v0|True|True|False|False|True,3,outside_small_selector:2;small_ratio_outside_high_sensitivity:1,2
g0|r0|4|t1|u1|v1|True|True|False|False|True,3,outside_small_selector:2;small_ratio_outside_high_sensitivity:1,2
g0|r0|4|t1|u1|v2|True|True|False|False|True,3,outside_small_selector:2;small_ratio_outside_high_sensitivity:1,2
g0|r0|4|t1|u2|v0|True|True|False|False|False,3,outside_small_selector:2;small_ratio_outside_high_sensitivity:1,2
g0|r0|4|t1|u2|v1|True|True|False|False|False,3,outside_small_selector:2;small_ratio_outside_high_sensitivity:1,2
g0|r0|4|t1|u2|v2|True|True|False|False|False,3,outside_small_selector:2;small_ratio_outside_high_sensitivity:1,2
g0|r0|4|t2|u0|v0|True|True|False|False|True,3,outside_small_selector:2;small_ratio_outside_high_sensitivity:1,2
g0|r0|4|t2|u0|v1|True|True|False|False|True,3,outside_small_selector:2;small_ratio_outside_high_sensitivity:1,2
g0|r0|4|t2|u0|v2|True|True|False|False|True,3,outside_small_selector:2;small_ratio_outside_high_sensitivity:1,2
g0|r0|4|t2|u1|v0|True|True|False|False|False,3,outside_small_selector:2;small_ratio_outside_high_sensitivity:1,2
g0|r0|4|t2|u1|v1|True|True|False|False|False,3,outside_small_selector:2;small_ratio_outside_high_sensitivity:1,2
g0|r0|4|t2|u1|v2|True|True|False|False|False,3,outside_small_selector:2;small_ratio_outside_high_sensitivity:1,2
g0|r0|4|t2|u2|v0|True|True|False|False|False,3,outside_small_selector:2;small_ratio_outside_high_sensitivity:1,2
g0|r0|4|t2|u2|v1|True|True|False|False|False,3,outside_small_selector:2;small_ratio_outside_high_sensitivity:1,2
g0|r0|4|t2|u2|v2|True|True|False|False|False,3,outside_small_selector:2;small_ratio_outside_high_sensitivity:1,2
g0|r0|4|t3|u0|v0|True|True|False|True|True,3,outside_small_selector:2;small_ratio_outside_high_sensitivity:1,2
g0|r0|4|t3|u0|v1|True|True|False|True|True,3,outside_small_selector:2;small_ratio_outside_high_sensitivity:1,2
g0|r0|4|t3|u0|v2|True|True|False|True|True,3,outside_small_selector:2;small_ratio_outside_high_sensitivity:1,2
g0|r0|4|t3|u1|v0|True|True|False|True|True,3,outside_small_selector:2;small_ratio_outside_high_sensitivity:1,2
g0|r0|4|t3|u1|v1|True|True|False|True|True,3,outside_small_selector:2;small_ratio_outside_high_sensitivity:1,2
g0|r0|4|t3|u1|v2|True|True|False|True|True,3,outside_small_selector:2;small_ratio_outside_high_sensitivity:1,2
g0|r0|4|t3|u2|v0|True|True|False|True|False,3,outside_small_selector:2;small_ratio_outside_high_sensitivity:1,2
g0|r0|4|t3|u2|v1|True|True|False|True|False,3,outside_small_selector:2;small_ratio_outside_high_sensitivity:1,2
g0|r0|4|t3|u2|v2|True|True|False|True|False,3,outside_small_selector:2;small_ratio_outside_high_sensitivity:1,2
g0|r0|5|t0|u0|v0|True|True|True|True|True,3,outside_small_selector:2;small_selector_region:1,2
g0|r0|5|t0|u0|v1|True|True|True|True|True,3,outside_small_selector:2;small_selector_region:1,2
g0|r0|5|t0|u0|v2|True|True|True|True|True,3,outside_small_selector:2;small_selector_region:1,2
g0|r0|5|t0|u1|v0|True|True|True|True|True,3,outside_small_selector:2;small_selector_region:1,2
g0|r0|5|t0|u1|v1|True|True|True|True|True,3,outside_small_selector:2;small_selector_region:1,2
g0|r0|5|t0|u1|v2|True|True|True|True|True,3,outside_small_selector:2;small_selector_region:1,2
g0|r0|5|t0|u2|v0|True|True|True|True|False,3,outside_small_selector:2;small_selector_region:1,2
g0|r0|5|t0|u2|v1|True|True|True|True|False,3,outside_small_selector:2;small_selector_region:1,2
g0|r0|5|t0|u2|v2|True|True|True|True|False,3,outside_small_selector:2;small_selector_region:1,2
g0|r0|5|t1|u0|v0|True|True|True|False|True,3,outside_small_selector:2;small_ratio_outside_high_sensitivity:1,2
g0|r0|5|t1|u0|v1|True|True|True|False|True,3,outside_small_selector:2;small_ratio_outside_high_sensitivity:1,2
g0|r0|5|t1|u0|v2|True|True|True|False|True,3,outside_small_selector:2;small_ratio_outside_high_sensitivity:1,2
g0|r0|5|t1|u1|v0|True|True|True|False|True,3,outside_small_selector:2;small_ratio_outside_high_sensitivity:1,2
g0|r0|5|t1|u1|v1|True|True|True|False|True,3,outside_small_selector:2;small_ratio_outside_high_sensitivity:1,2
g0|r0|5|t1|u1|v2|True|True|True|False|True,3,outside_small_selector:2;small_ratio_outside_high_sensitivity:1,2
g0|r0|5|t1|u2|v0|True|True|True|False|False,3,outside_small_selector:2;small_ratio_outside_high_sensitivity:1,2
g0|r0|5|t1|u2|v1|True|True|True|False|False,3,outside_small_selector:2;small_ratio_outside_high_sensitivity:1,2
g0|r0|5|t1|u2|v2|True|True|True|False|False,3,outside_small_selector:2;small_ratio_outside_high_sensitivity:1,2
g0|r0|5|t2|u0|v0|True|True|True|False|True,3,outside_small_selector:2;small_ratio_outside_high_sensitivity:1,2
g0|r0|5|t2|u0|v1|True|True|True|False|True,3,outside_small_selector:2;small_ratio_outside_high_sensitivity:1,2
g0|r0|5|t2|u0|v2|True|True|True|False|True,3,outside_small_selector:2;small_ratio_outside_high_sensitivity:1,2
g0|r0|5|t2|u1|v0|True|True|True|False|False,3,outside_small_selector:2;small_ratio_outside_high_sensitivity:1,2
g0|r0|5|t2|u1|v1|True|True|True|False|False,3,outside_small_selector:2;small_ratio_outside_high_sensitivity:1,2
g0|r0|5|t2|u1|v2|True|True|True|False|False,3,outside_small_selector:2;small_ratio_outside_high_sensitivity:1,2
g0|r0|5|t2|u2|v0|True|True|True|False|False,3,outside_small_selector:2;small_ratio_outside_high_sensitivity:1,2
g0|r0|5|t2|u2|v1|True|True|True|False|False,3,outside_small_selector:2;small_ratio_outside_high_sensitivity:1,2
g0|r0|5|t2|u2|v2|True|True|True|False|False,3,outside_small_selector:2;small_ratio_outside_high_sensitivity:1,2
g0|r0|5|t3|u0|v0|True|True|True|True|True,3,outside_small_selector:2;small_ratio_outside_high_sensitivity:1,2
g0|r0|5|t3|u0|v1|True|True|True|True|True,3,outside_small_selector:2;small_ratio_outside_high_sensitivity:1,2
g0|r0|5|t3|u0|v2|True|True|True|True|True,3,outside_small_selector:2;small_ratio_outside_high_sensitivity:1,2
g0|r0|5|t3|u1|v0|True|True|True|True|True,3,outside_small_selector:2;small_ratio_outside_high_sensitivity:1,2
g0|r0|5|t3|u1|v1|True|True|True|True|True,3,outside_small_selector:2;small_ratio_outside_high_sensitivity:1,2
g0|r0|5|t3|u1|v2|True|True|True|True|True,3,outside_small_selector:2;small_ratio_outside_high_sensitivity:1,2
g0|r0|5|t3|u2|v0|True|True|True|True|False,3,outside_small_selector:2;small_ratio_outside_high_sensitivity:1,2
g0|r0|5|t3|u2|v1|True|True|True|True|False,3,outside_small_selector:2;small_ratio_outside_high_sensitivity:1,2
g0|r0|5|t3|u2|v2|True|True|True|True|False,3,outside_small_selector:2;small_ratio_outside_high_sensitivity:1,2
g0|r1|1|t0|u0|v0|False|True|True|True|True,3,outside_small_selector:2;small_ratio_outside_high_sensitivity:1,2
g0|r1|1|t0|u0|v1|False|True|True|True|True,3,outside_small_selector:2;small_ratio_outside_high_sensitivity:1,2
g0|r1|1|t0|u0|v2|False|True|True|True|True,3,outside_small_selector:2;small_ratio_outside_high_sensitivity:1,2
g0|r1|1|t0|u1|v0|False|True|True|True|True,3,outside_small_selector:2;small_ratio_outside_high_sensitivity:1,2
g0|r1|1|t0|u1|v1|False|True|True|True|True,3,outside_small_selector:2;small_ratio_outside_high_sensitivity:1,2
g0|r1|1|t0|u1|v2|False|True|True|True|True,3,outside_small_selector:2;small_ratio_outside_high_sensitivity:1,2
g0|r1|1|t0|u2|v0|False|True|True|True|False,3,outside_small_selector:2;small_ratio_outside_high_sensitivity:1,2
g0|r1|1|t0|u2|v1|False|True|True|True|False,3,outside_small_selector:2;small_ratio_outside_high_sensitivity:1,2
g0|r1|1|t0|u2|v2|False|True|True|True|False,3,outside_small_selector:2;small_ratio_outside_high_sensitivity:1,2
g0|r1|1|t1|u0|v0|False|True|True|True|True,3,outside_small_selector:2;small_ratio_outside_high_sensitivity:1,2
g0|r1|1|t1|u0|v1|False|True|True|True|True,3,outside_small_selector:2;small_ratio_outside_high_sensitivity:1,2
g0|r1|1|t1|u0|v2|False|True|True|True|True,3,outside_small_selector:2;small_ratio_outside_high_sensitivity:1,2
g0|r1|1|t1|u1|v0|False|True|True|True|True,3,outside_small_selector:2;small_ratio_outside_high_sensitivity:1,2
g0|r1|1|t1|u1|v1|False|True|True|True|True,3,outside_small_selector:2;small_ratio_outside_high_sensitivity:1,2
g0|r1|1|t1|u1|v2|False|True|True|True|True,3,outside_small_selector:2;small_ratio_outside_high_sensitivity:1,2
g0|r1|1|t1|u2|v0|False|True|True|True|False,3,outside_small_selector:2;small_ratio_outside_high_sensitivity:1,2
g0|r1|1|t1|u2|v1|False|True|True|True|False,3,outside_small_selector:2;small_ratio_outside_high_sensitivity:1,2
g0|r1|1|t1|u2|v2|False|True|True|True|False,3,outside_small_selector:2;small_ratio_outside_high_sensitivity:1,2
g0|r1|1|t2|u0|v0|False|True|True|False|True,3,outside_small_selector:2;small_ratio_outside_high_sensitivity:1,2
g0|r1|1|t2|u0|v1|False|True|True|False|True,3,outside_small_selector:2;small_ratio_outside_high_sensitivity:1,2
g0|r1|1|t2|u0|v2|False|True|True|False|True,3,outside_small_selector:2;small_ratio_outside_high_sensitivity:1,2
g0|r1|1|t2|u1|v0|False|True|True|False|False,3,outside_small_selector:2;small_ratio_outside_high_sensitivity:1,2
g0|r1|1|t2|u1|v1|False|True|True|False|False,3,outside_small_selector:2;small_ratio_outside_high_sensitivity:1,2
g0|r1|1|t2|u1|v2|False|True|True|False|False,3,outside_small_selector:2;small_ratio_outside_high_sensitivity:1,2
g0|r1|1|t2|u2|v0|False|True|True|False|False,3,outside_small_selector:2;small_ratio_outside_high_sensitivity:1,2
g0|r1|1|t2|u2|v1|False|True|True|False|False,3,outside_small_selector:2;small_ratio_outside_high_sensitivity:1,2
g0|r1|1|t2|u2|v2|False|True|True|False|False,3,outside_small_selector:2;small_ratio_outside_high_sensitivity:1,2
g0|r1|1|t3|u0|v0|False|True|True|True|True,3,outside_small_selector:2;small_ratio_outside_high_sensitivity:1,2
g0|r1|1|t3|u0|v1|False|True|True|True|True,3,outside_small_selector:2;small_ratio_outside_high_sensitivity:1,2
g0|r1|1|t3|u0|v2|False|True|True|True|True,3,outside_small_selector:2;small_ratio_outside_high_sensitivity:1,2
g0|r1|1|t3|u1|v0|False|True|True|True|True,3,outside_small_selector:2;small_ratio_outside_high_sensitivity:1,2
g0|r1|1|t3|u1|v1|False|True|True|True|True,3,outside_small_selector:2;small_ratio_outside_high_sensitivity:1,2
g0|r1|1|t3|u1|v2|False|True|True|True|True,3,outside_small_selector:2;small_ratio_outside_high_sensitivity:1,2
g0|r1|1|t3|u2|v0|False|True|True|True|False,3,outside_small_selector:2;small_ratio_outside_high_sensitivity:1,2
g0|r1|1|t3|u2|v1|False|True|True|True|False,3,outside_small_selector:2;small_ratio_outside_high_sensitivity:1,2
g0|r1|1|t3|u2|v2|False|True|True|True|False,3,outside_small_selector:2;small_ratio_outside_high_sensitivity:1,2
g0|r1|2|t0|u0|v0|False|True|False|True|True,3,outside_small_selector:2;small_ratio_outside_high_sensitivity:1,2
g0|r1|2|t0|u0|v1|False|True|False|True|True,3,outside_small_selector:2;small_ratio_outside_high_sensitivity:1,2
g0|r1|2|t0|u0|v2|False|True|False|True|True,3,outside_small_selector:2;small_ratio_outside_high_sensitivity:1,2
g0|r1|2|t0|u1|v0|False|True|False|True|True,3,outside_small_selector:2;small_ratio_outside_high_sensitivity:1,2
g0|r1|2|t0|u1|v1|False|True|False|True|True,3,outside_small_selector:2;small_ratio_outside_high_sensitivity:1,2
g0|r1|2|t0|u1|v2|False|True|False|True|True,3,outside_small_selector:2;small_ratio_outside_high_sensitivity:1,2
g0|r1|2|t0|u2|v0|False|True|False|True|False,3,outside_small_selector:2;small_ratio_outside_high_sensitivity:1,2
g0|r1|2|t0|u2|v1|False|True|False|True|False,3,outside_small_selector:2;small_ratio_outside_high_sensitivity:1,2
g0|r1|2|t0|u2|v2|False|True|False|True|False,3,outside_small_selector:2;small_ratio_outside_high_sensitivity:1,2
g0|r1|2|t1|u0|v0|False|True|False|True|True,3,outside_small_selector:2;small_ratio_outside_high_sensitivity:1,2
g0|r1|2|t1|u0|v1|False|True|False|True|True,3,outside_small_selector:2;small_ratio_outside_high_sensitivity:1,2
g0|r1|2|t1|u0|v2|False|True|False|True|True,3,outside_small_selector:2;small_ratio_outside_high_sensitivity:1,2
g0|r1|2|t1|u1|v0|False|True|False|True|True,3,outside_small_selector:2;small_ratio_outside_high_sensitivity:1,2
g0|r1|2|t1|u1|v1|False|True|False|True|True,3,outside_small_selector:2;small_ratio_outside_high_sensitivity:1,2
g0|r1|2|t1|u1|v2|False|True|False|True|True,3,outside_small_selector:2;small_ratio_outside_high_sensitivity:1,2
g0|r1|2|t1|u2|v0|False|True|False|True|False,3,outside_small_selector:2;small_ratio_outside_high_sensitivity:1,2
g0|r1|2|t1|u2|v1|False|True|False|True|False,3,outside_small_selector:2;small_ratio_outside_high_sensitivity:1,2
g0|r1|2|t1|u2|v2|False|True|False|True|False,3,outside_small_selector:2;small_ratio_outside_high_sensitivity:1,2
g0|r1|2|t2|u0|v0|False|True|False|False|True,3,outside_small_selector:2;small_ratio_outside_high_sensitivity:1,2
g0|r1|2|t2|u0|v1|False|True|False|False|True,3,outside_small_selector:2;small_ratio_outside_high_sensitivity:1,2
g0|r1|2|t2|u0|v2|False|True|False|False|True,3,outside_small_selector:2;small_ratio_outside_high_sensitivity:1,2
g0|r1|2|t2|u1|v0|False|True|False|False|False,3,outside_small_selector:2;small_ratio_outside_high_sensitivity:1,2
g0|r1|2|t2|u1|v1|False|True|False|False|False,3,outside_small_selector:2;small_ratio_outside_high_sensitivity:1,2
g0|r1|2|t2|u1|v2|False|True|False|False|False,3,outside_small_selector:2;small_ratio_outside_high_sensitivity:1,2
g0|r1|2|t2|u2|v0|False|True|False|False|False,3,outside_small_selector:2;small_ratio_outside_high_sensitivity:1,2
g0|r1|2|t2|u2|v1|False|True|False|False|False,3,outside_small_selector:2;small_ratio_outside_high_sensitivity:1,2
g0|r1|2|t2|u2|v2|False|True|False|False|False,3,outside_small_selector:2;small_ratio_outside_high_sensitivity:1,2
g0|r1|2|t3|u0|v0|False|True|False|True|True,3,outside_small_selector:2;small_ratio_outside_high_sensitivity:1,2
g0|r1|2|t3|u0|v1|False|True|False|True|True,3,outside_small_selector:2;small_ratio_outside_high_sensitivity:1,2
g0|r1|2|t3|u0|v2|False|True|False|True|True,3,outside_small_selector:2;small_ratio_outside_high_sensitivity:1,2
g0|r1|2|t3|u1|v0|False|True|False|True|True,3,outside_small_selector:2;small_ratio_outside_high_sensitivity:1,2
g0|r1|2|t3|u1|v1|False|True|False|True|True,3,outside_small_selector:2;small_ratio_outside_high_sensitivity:1,2
g0|r1|2|t3|u1|v2|False|True|False|True|True,3,outside_small_selector:2;small_ratio_outside_high_sensitivity:1,2
g0|r1|2|t3|u2|v0|False|True|False|True|False,3,outside_small_selector:2;small_ratio_outside_high_sensitivity:1,2
g0|r1|2|t3|u2|v1|False|True|False|True|False,3,outside_small_selector:2;small_ratio_outside_high_sensitivity:1,2
g0|r1|2|t3|u2|v2|False|True|False|True|False,3,outside_small_selector:2;small_ratio_outside_high_sensitivity:1,2
g0|r1|3|t0|u0|v0|False|True|True|True|True,3,outside_small_selector:2;small_selector_region:1,2
g0|r1|3|t0|u0|v1|False|True|True|True|True,3,outside_small_selector:2;small_selector_region:1,2
g0|r1|3|t0|u0|v2|False|True|True|True|True,3,outside_small_selector:2;small_selector_region:1,2
g0|r1|3|t0|u1|v0|False|True|True|True|True,3,outside_small_selector:2;small_selector_region:1,2
g0|r1|3|t0|u1|v1|False|True|True|True|True,3,outside_small_selector:2;small_selector_region:1,2
g0|r1|3|t0|u1|v2|False|True|True|True|True,3,outside_small_selector:2;small_selector_region:1,2
g0|r1|3|t0|u2|v0|False|True|True|True|False,3,outside_small_selector:2;small_selector_region:1,2
g0|r1|3|t0|u2|v1|False|True|True|True|False,3,outside_small_selector:2;small_selector_region:1,2
g0|r1|3|t0|u2|v2|False|True|True|True|False,3,outside_small_selector:2;small_selector_region:1,2
g0|r1|3|t1|u0|v0|False|True|True|False|True,3,outside_small_selector:2;small_ratio_outside_high_sensitivity:1,2
g0|r1|3|t1|u0|v1|False|True|True|False|True,3,outside_small_selector:2;small_ratio_outside_high_sensitivity:1,2
g0|r1|3|t1|u0|v2|False|True|True|False|True,3,outside_small_selector:2;small_ratio_outside_high_sensitivity:1,2
g0|r1|3|t1|u1|v0|False|True|True|False|True,3,outside_small_selector:2;small_ratio_outside_high_sensitivity:1,2
g0|r1|3|t1|u1|v1|False|True|True|False|True,3,outside_small_selector:2;small_ratio_outside_high_sensitivity:1,2
g0|r1|3|t1|u1|v2|False|True|True|False|True,3,outside_small_selector:2;small_ratio_outside_high_sensitivity:1,2
g0|r1|3|t1|u2|v0|False|True|True|False|False,3,outside_small_selector:2;small_ratio_outside_high_sensitivity:1,2
g0|r1|3|t1|u2|v1|False|True|True|False|False,3,outside_small_selector:2;small_ratio_outside_high_sensitivity:1,2
g0|r1|3|t1|u2|v2|False|True|True|False|False,3,outside_small_selector:2;small_ratio_outside_high_sensitivity:1,2
g0|r1|3|t2|u0|v0|False|True|True|False|True,3,outside_small_selector:2;small_ratio_outside_high_sensitivity:1,2
g0|r1|3|t2|u0|v1|False|True|True|False|True,3,outside_small_selector:2;small_ratio_outside_high_sensitivity:1,2
g0|r1|3|t2|u0|v2|False|True|True|False|True,3,outside_small_selector:2;small_ratio_outside_high_sensitivity:1,2
g0|r1|3|t2|u1|v0|False|True|True|False|False,3,outside_small_selector:2;small_ratio_outside_high_sensitivity:1,2
g0|r1|3|t2|u1|v1|False|True|True|False|False,3,outside_small_selector:2;small_ratio_outside_high_sensitivity:1,2
g0|r1|3|t2|u1|v2|False|True|True|False|False,3,outside_small_selector:2;small_ratio_outside_high_sensitivity:1,2
g0|r1|3|t2|u2|v0|False|True|True|False|False,3,outside_small_selector:2;small_ratio_outside_high_sensitivity:1,2
g0|r1|3|t2|u2|v1|False|True|True|False|False,3,outside_small_selector:2;small_ratio_outside_high_sensitivity:1,2
g0|r1|3|t2|u2|v2|False|True|True|False|False,3,outside_small_selector:2;small_ratio_outside_high_sensitivity:1,2
g0|r1|3|t3|u0|v0|False|True|True|True|True,3,outside_small_selector:2;small_ratio_outside_high_sensitivity:1,2
g0|r1|3|t3|u0|v1|False|True|True|True|True,3,outside_small_selector:2;small_ratio_outside_high_sensitivity:1,2
g0|r1|3|t3|u0|v2|False|True|True|True|True,3,outside_small_selector:2;small_ratio_outside_high_sensitivity:1,2
g0|r1|3|t3|u1|v0|False|True|True|True|True,3,outside_small_selector:2;small_ratio_outside_high_sensitivity:1,2
g0|r1|3|t3|u1|v1|False|True|True|True|True,3,outside_small_selector:2;small_ratio_outside_high_sensitivity:1,2
g0|r1|3|t3|u1|v2|False|True|True|True|True,3,outside_small_selector:2;small_ratio_outside_high_sensitivity:1,2
g0|r1|3|t3|u2|v0|False|True|True|True|False,3,outside_small_selector:2;small_ratio_outside_high_sensitivity:1,2
g0|r1|3|t3|u2|v1|False|True|True|True|False,3,outside_small_selector:2;small_ratio_outside_high_sensitivity:1,2
g0|r1|3|t3|u2|v2|False|True|True|True|False,3,outside_small_selector:2;small_ratio_outside_high_sensitivity:1,2
g0|r1|4|t0|u0|v0|False|True|False|True|True,3,outside_small_selector:2;small_selector_region:1,2
g0|r1|4|t0|u0|v1|False|True|False|True|True,3,outside_small_selector:2;small_selector_region:1,2
g0|r1|4|t0|u0|v2|False|True|False|True|True,3,outside_small_selector:2;small_selector_region:1,2
g0|r1|4|t0|u1|v0|False|True|False|True|True,3,outside_small_selector:2;small_selector_region:1,2
g0|r1|4|t0|u1|v1|False|True|False|True|True,3,outside_small_selector:2;small_selector_region:1,2
g0|r1|4|t0|u1|v2|False|True|False|True|True,3,outside_small_selector:2;small_selector_region:1,2
g0|r1|4|t0|u2|v0|False|True|False|True|False,3,outside_small_selector:2;small_selector_region:1,2
g0|r1|4|t0|u2|v1|False|True|False|True|False,3,outside_small_selector:2;small_selector_region:1,2
g0|r1|4|t0|u2|v2|False|True|False|True|False,3,outside_small_selector:2;small_selector_region:1,2
g0|r1|4|t1|u0|v0|False|True|False|False|True,3,outside_small_selector:2;small_ratio_outside_high_sensitivity:1,2
g0|r1|4|t1|u0|v1|False|True|False|False|True,3,outside_small_selector:2;small_ratio_outside_high_sensitivity:1,2
g0|r1|4|t1|u0|v2|False|True|False|False|True,3,outside_small_selector:2;small_ratio_outside_high_sensitivity:1,2
g0|r1|4|t1|u1|v0|False|True|False|False|True,3,outside_small_selector:2;small_ratio_outside_high_sensitivity:1,2
g0|r1|4|t1|u1|v1|False|True|False|False|True,3,outside_small_selector:2;small_ratio_outside_high_sensitivity:1,2
g0|r1|4|t1|u1|v2|False|True|False|False|True,3,outside_small_selector:2;small_ratio_outside_high_sensitivity:1,2
g0|r1|4|t1|u2|v0|False|True|False|False|False,3,outside_small_selector:2;small_ratio_outside_high_sensitivity:1,2
g0|r1|4|t1|u2|v1|False|True|False|False|False,3,outside_small_selector:2;small_ratio_outside_high_sensitivity:1,2
g0|r1|4|t1|u2|v2|False|True|False|False|False,3,outside_small_selector:2;small_ratio_outside_high_sensitivity:1,2
g0|r1|4|t2|u0|v0|False|True|False|False|True,3,outside_small_selector:2;small_ratio_outside_high_sensitivity:1,2
g0|r1|4|t2|u0|v1|False|True|False|False|True,3,outside_small_selector:2;small_ratio_outside_high_sensitivity:1,2
g0|r1|4|t2|u0|v2|False|True|False|False|True,3,outside_small_selector:2;small_ratio_outside_high_sensitivity:1,2
g0|r1|4|t2|u1|v0|False|True|False|False|False,3,outside_small_selector:2;small_ratio_outside_high_sensitivity:1,2
g0|r1|4|t2|u1|v1|False|True|False|False|False,3,outside_small_selector:2;small_ratio_outside_high_sensitivity:1,2
g0|r1|4|t2|u1|v2|False|True|False|False|False,3,outside_small_selector:2;small_ratio_outside_high_sensitivity:1,2
g0|r1|4|t2|u2|v0|False|True|False|False|False,3,outside_small_selector:2;small_ratio_outside_high_sensitivity:1,2
g0|r1|4|t2|u2|v1|False|True|False|False|False,3,outside_small_selector:2;small_ratio_outside_high_sensitivity:1,2
g0|r1|4|t2|u2|v2|False|True|False|False|False,3,outside_small_selector:2;small_ratio_outside_high_sensitivity:1,2
g0|r1|4|t3|u0|v0|False|True|False|True|True,3,outside_small_selector:2;small_ratio_outside_high_sensitivity:1,2
g0|r1|4|t3|u0|v1|False|True|False|True|True,3,outside_small_selector:2;small_ratio_outside_high_sensitivity:1,2
g0|r1|4|t3|u0|v2|False|True|False|True|True,3,outside_small_selector:2;small_ratio_outside_high_sensitivity:1,2
g0|r1|4|t3|u1|v0|False|True|False|True|True,3,outside_small_selector:2;small_ratio_outside_high_sensitivity:1,2
g0|r1|4|t3|u1|v1|False|True|False|True|True,3,outside_small_selector:2;small_ratio_outside_high_sensitivity:1,2
g0|r1|4|t3|u1|v2|False|True|False|True|True,3,outside_small_selector:2;small_ratio_outside_high_sensitivity:1,2
g0|r1|4|t3|u2|v0|False|True|False|True|False,3,outside_small_selector:2;small_ratio_outside_high_sensitivity:1,2
g0|r1|4|t3|u2|v1|False|True|False|True|False,3,outside_small_selector:2;small_ratio_outside_high_sensitivity:1,2
g0|r1|4|t3|u2|v2|False|True|False|True|False,3,outside_small_selector:2;small_ratio_outside_high_sensitivity:1,2
g0|r1|5|t0|u0|v0|False|True|True|True|True,3,outside_small_selector:2;small_selector_region:1,2
g0|r1|5|t0|u0|v1|False|True|True|True|True,3,outside_small_selector:2;small_selector_region:1,2
g0|r1|5|t0|u0|v2|False|True|True|True|True,3,outside_small_selector:2;small_selector_region:1,2
g0|r1|5|t0|u1|v0|False|True|True|True|True,3,outside_small_selector:2;small_selector_region:1,2
g0|r1|5|t0|u1|v1|False|True|True|True|True,3,outside_small_selector:2;small_selector_region:1,2
g0|r1|5|t0|u1|v2|False|True|True|True|True,3,outside_small_selector:2;small_selector_region:1,2
g0|r1|5|t0|u2|v0|False|True|True|True|False,3,outside_small_selector:2;small_selector_region:1,2
g0|r1|5|t0|u2|v1|False|True|True|True|False,3,outside_small_selector:2;small_selector_region:1,2
g0|r1|5|t0|u2|v2|False|True|True|True|False,3,outside_small_selector:2;small_selector_region:1,2
g0|r1|5|t1|u0|v0|False|True|True|False|True,3,outside_small_selector:2;small_ratio_outside_high_sensitivity:1,2
g0|r1|5|t1|u0|v1|False|True|True|False|True,3,outside_small_selector:2;small_ratio_outside_high_sensitivity:1,2
g0|r1|5|t1|u0|v2|False|True|True|False|True,3,outside_small_selector:2;small_ratio_outside_high_sensitivity:1,2
g0|r1|5|t1|u1|v0|False|True|True|False|True,3,outside_small_selector:2;small_ratio_outside_high_sensitivity:1,2
g0|r1|5|t1|u1|v1|False|True|True|False|True,3,outside_small_selector:2;small_ratio_outside_high_sensitivity:1,2
g0|r1|5|t1|u1|v2|False|True|True|False|True,3,outside_small_selector:2;small_ratio_outside_high_sensitivity:1,2
g0|r1|5|t1|u2|v0|False|True|True|False|False,3,outside_small_selector:2;small_ratio_outside_high_sensitivity:1,2
g0|r1|5|t1|u2|v1|False|True|True|False|False,3,outside_small_selector:2;small_ratio_outside_high_sensitivity:1,2
g0|r1|5|t1|u2|v2|False|True|True|False|False,3,outside_small_selector:2;small_ratio_outside_high_sensitivity:1,2
g0|r1|5|t2|u0|v0|False|True|True|False|True,3,outside_small_selector:2;small_ratio_outside_high_sensitivity:1,2
g0|r1|5|t2|u0|v1|False|True|True|False|True,3,outside_small_selector:2;small_ratio_outside_high_sensitivity:1,2
g0|r1|5|t2|u0|v2|False|True|True|False|True,3,outside_small_selector:2;small_ratio_outside_high_sensitivity:1,2
g0|r1|5|t2|u1|v0|False|True|True|False|False,3,outside_small_selector:2;small_ratio_outside_high_sensitivity:1,2
g0|r1|5|t2|u1|v1|False|True|True|False|False,3,outside_small_selector:2;small_ratio_outside_high_sensitivity:1,2
g0|r1|5|t2|u1|v2|False|True|True|False|False,3,outside_small_selector:2;small_ratio_outside_high_sensitivity:1,2
g0|r1|5|t2|u2|v0|False|True|True|False|False,3,outside_small_selector:2;small_ratio_outside_high_sensitivity:1,2
g0|r1|5|t2|u2|v1|False|True|True|False|False,3,outside_small_selector:2;small_ratio_outside_high_sensitivity:1,2
g0|r1|5|t2|u2|v2|False|True|True|False|False,3,outside_small_selector:2;small_ratio_outside_high_sensitivity:1,2
g0|r1|5|t3|u0|v0|False|True|True|True|True,3,outside_small_selector:2;small_ratio_outside_high_sensitivity:1,2
g0|r1|5|t3|u0|v1|False|True|True|True|True,3,outside_small_selector:2;small_ratio_outside_high_sensitivity:1,2
g0|r1|5|t3|u0|v2|False|True|True|True|True,3,outside_small_selector:2;small_ratio_outside_high_sensitivity:1,2
g0|r1|5|t3|u1|v0|False|True|True|True|True,3,outside_small_selector:2;small_ratio_outside_high_sensitivity:1,2
g0|r1|5|t3|u1|v1|False|True|True|True|True,3,outside_small_selector:2;small_ratio_outside_high_sensitivity:1,2
g0|r1|5|t3|u1|v2|False|True|True|True|True,3,outside_small_selector:2;small_ratio_outside_high_sensitivity:1,2
g0|r1|5|t3|u2|v0|False|True|True|True|False,3,outside_small_selector:2;small_ratio_outside_high_sensitivity:1,2
g0|r1|5|t3|u2|v1|False|True|True|True|False,3,outside_small_selector:2;small_ratio_outside_high_sensitivity:1,2
g0|r1|5|t3|u2|v2|False|True|True|True|False,3,outside_small_selector:2;small_ratio_outside_high_sensitivity:1,2
g0|r2|1|t0|u0|v0|False|False|True|False|True,3,outside_small_selector:2;small_ratio_outside_high_sensitivity:1,2
g0|r2|1|t0|u0|v1|False|False|True|False|True,3,outside_small_selector:2;small_ratio_outside_high_sensitivity:1,2
g0|r2|1|t0|u0|v2|False|False|True|False|True,3,outside_small_selector:2;small_ratio_outside_high_sensitivity:1,2
g0|r2|1|t0|u1|v0|False|False|True|False|True,3,outside_small_selector:2;small_ratio_outside_high_sensitivity:1,2
g0|r2|1|t0|u1|v1|False|False|True|False|True,3,outside_small_selector:2;small_ratio_outside_high_sensitivity:1,2
g0|r2|1|t0|u1|v2|False|False|True|False|True,3,outside_small_selector:2;small_ratio_outside_high_sensitivity:1,2
g0|r2|1|t0|u2|v0|False|False|True|False|False,3,outside_small_selector:2;small_ratio_outside_high_sensitivity:1,2
g0|r2|1|t0|u2|v1|False|False|True|False|False,3,outside_small_selector:2;small_ratio_outside_high_sensitivity:1,2
g0|r2|1|t0|u2|v2|False|False|True|False|False,3,outside_small_selector:2;small_ratio_outside_high_sensitivity:1,2
g0|r2|1|t1|u0|v0|False|False|True|False|True,3,outside_small_selector:2;small_ratio_outside_high_sensitivity:1,2
g0|r2|1|t1|u0|v1|False|False|True|False|True,3,outside_small_selector:2;small_ratio_outside_high_sensitivity:1,2
g0|r2|1|t1|u0|v2|False|False|True|False|True,3,outside_small_selector:2;small_ratio_outside_high_sensitivity:1,2
g0|r2|1|t1|u1|v0|False|False|True|False|True,3,outside_small_selector:2;small_ratio_outside_high_sensitivity:1,2
g0|r2|1|t1|u1|v1|False|False|True|False|True,3,outside_small_selector:2;small_ratio_outside_high_sensitivity:1,2
g0|r2|1|t1|u1|v2|False|False|True|False|True,3,outside_small_selector:2;small_ratio_outside_high_sensitivity:1,2
g0|r2|1|t1|u2|v0|False|False|True|False|False,3,outside_small_selector:2;small_ratio_outside_high_sensitivity:1,2
g0|r2|1|t1|u2|v1|False|False|True|False|False,3,outside_small_selector:2;small_ratio_outside_high_sensitivity:1,2
g0|r2|1|t1|u2|v2|False|False|True|False|False,3,outside_small_selector:2;small_ratio_outside_high_sensitivity:1,2
g0|r2|1|t2|u0|v0|False|False|True|True|True,3,outside_small_selector:2;small_ratio_outside_high_sensitivity:1,2
g0|r2|1|t2|u0|v1|False|False|True|True|True,3,outside_small_selector:2;small_ratio_outside_high_sensitivity:1,2
g0|r2|1|t2|u0|v2|False|False|True|True|True,3,outside_small_selector:2;small_ratio_outside_high_sensitivity:1,2
g0|r2|1|t2|u1|v0|False|False|True|True|False,3,outside_small_selector:2;small_ratio_outside_high_sensitivity:1,2
g0|r2|1|t2|u1|v1|False|False|True|True|False,3,outside_small_selector:2;small_ratio_outside_high_sensitivity:1,2
g0|r2|1|t2|u1|v2|False|False|True|True|False,3,outside_small_selector:2;small_ratio_outside_high_sensitivity:1,2
g0|r2|1|t2|u2|v0|False|False|True|True|False,3,outside_small_selector:2;small_ratio_outside_high_sensitivity:1,2
g0|r2|1|t2|u2|v1|False|False|True|True|False,3,outside_small_selector:2;small_ratio_outside_high_sensitivity:1,2
g0|r2|1|t2|u2|v2|False|False|True|True|False,3,outside_small_selector:2;small_ratio_outside_high_sensitivity:1,2
g0|r2|1|t3|u0|v0|False|False|True|True|True,3,outside_small_selector:2;small_ratio_outside_high_sensitivity:1,2
g0|r2|1|t3|u0|v1|False|False|True|True|True,3,outside_small_selector:2;small_ratio_outside_high_sensitivity:1,2
g0|r2|1|t3|u0|v2|False|False|True|True|True,3,outside_small_selector:2;small_ratio_outside_high_sensitivity:1,2
g0|r2|1|t3|u1|v0|False|False|True|True|True,3,outside_small_selector:2;small_ratio_outside_high_sensitivity:1,2
g0|r2|1|t3|u1|v1|False|False|True|True|True,3,outside_small_selector:2;small_ratio_outside_high_sensitivity:1,2
g0|r2|1|t3|u1|v2|False|False|True|True|True,3,outside_small_selector:2;small_ratio_outside_high_sensitivity:1,2
g0|r2|1|t3|u2|v0|False|False|True|True|False,3,outside_small_selector:2;small_ratio_outside_high_sensitivity:1,2
g0|r2|1|t3|u2|v1|False|False|True|True|False,3,outside_small_selector:2;small_ratio_outside_high_sensitivity:1,2
g0|r2|1|t3|u2|v2|False|False|True|True|False,3,outside_small_selector:2;small_ratio_outside_high_sensitivity:1,2
g0|r2|2|t0|u0|v0|False|False|False|False|True,3,outside_small_selector:2;small_ratio_outside_high_sensitivity:1,2
g0|r2|2|t0|u0|v1|False|False|False|False|True,3,outside_small_selector:2;small_ratio_outside_high_sensitivity:1,2
g0|r2|2|t0|u0|v2|False|False|False|False|True,3,outside_small_selector:2;small_ratio_outside_high_sensitivity:1,2
g0|r2|2|t0|u1|v0|False|False|False|False|True,3,outside_small_selector:2;small_ratio_outside_high_sensitivity:1,2
g0|r2|2|t0|u1|v1|False|False|False|False|True,3,outside_small_selector:2;small_ratio_outside_high_sensitivity:1,2
g0|r2|2|t0|u1|v2|False|False|False|False|True,3,outside_small_selector:2;small_ratio_outside_high_sensitivity:1,2
g0|r2|2|t0|u2|v0|False|False|False|False|False,3,outside_small_selector:2;small_ratio_outside_high_sensitivity:1,2
g0|r2|2|t0|u2|v1|False|False|False|False|False,3,outside_small_selector:2;small_ratio_outside_high_sensitivity:1,2
g0|r2|2|t0|u2|v2|False|False|False|False|False,3,outside_small_selector:2;small_ratio_outside_high_sensitivity:1,2
g0|r2|2|t1|u0|v0|False|False|False|False|True,3,outside_small_selector:2;small_ratio_outside_high_sensitivity:1,2
g0|r2|2|t1|u0|v1|False|False|False|False|True,3,outside_small_selector:2;small_ratio_outside_high_sensitivity:1,2
g0|r2|2|t1|u0|v2|False|False|False|False|True,3,outside_small_selector:2;small_ratio_outside_high_sensitivity:1,2
g0|r2|2|t1|u1|v0|False|False|False|False|True,3,outside_small_selector:2;small_ratio_outside_high_sensitivity:1,2
g0|r2|2|t1|u1|v1|False|False|False|False|True,3,outside_small_selector:2;small_ratio_outside_high_sensitivity:1,2
g0|r2|2|t1|u1|v2|False|False|False|False|True,3,outside_small_selector:2;small_ratio_outside_high_sensitivity:1,2
g0|r2|2|t1|u2|v0|False|False|False|False|False,3,outside_small_selector:2;small_ratio_outside_high_sensitivity:1,2
g0|r2|2|t1|u2|v1|False|False|False|False|False,3,outside_small_selector:2;small_ratio_outside_high_sensitivity:1,2
g0|r2|2|t1|u2|v2|False|False|False|False|False,3,outside_small_selector:2;small_ratio_outside_high_sensitivity:1,2
g0|r2|2|t2|u0|v0|False|False|False|True|True,3,outside_small_selector:2;small_ratio_outside_high_sensitivity:1,2
g0|r2|2|t2|u0|v1|False|False|False|True|True,3,outside_small_selector:2;small_ratio_outside_high_sensitivity:1,2
g0|r2|2|t2|u0|v2|False|False|False|True|True,3,outside_small_selector:2;small_ratio_outside_high_sensitivity:1,2
g0|r2|2|t2|u1|v0|False|False|False|True|False,3,outside_small_selector:2;small_ratio_outside_high_sensitivity:1,2
g0|r2|2|t2|u1|v1|False|False|False|True|False,3,outside_small_selector:2;small_ratio_outside_high_sensitivity:1,2
g0|r2|2|t2|u1|v2|False|False|False|True|False,3,outside_small_selector:2;small_ratio_outside_high_sensitivity:1,2
g0|r2|2|t2|u2|v0|False|False|False|True|False,3,outside_small_selector:2;small_ratio_outside_high_sensitivity:1,2
g0|r2|2|t2|u2|v1|False|False|False|True|False,3,outside_small_selector:2;small_ratio_outside_high_sensitivity:1,2
g0|r2|2|t2|u2|v2|False|False|False|True|False,3,outside_small_selector:2;small_ratio_outside_high_sensitivity:1,2
g0|r2|2|t3|u0|v0|False|False|False|True|True,3,outside_small_selector:2;small_ratio_outside_high_sensitivity:1,2
g0|r2|2|t3|u0|v1|False|False|False|True|True,3,outside_small_selector:2;small_ratio_outside_high_sensitivity:1,2
g0|r2|2|t3|u0|v2|False|False|False|True|True,3,outside_small_selector:2;small_ratio_outside_high_sensitivity:1,2
g0|r2|2|t3|u1|v0|False|False|False|True|True,3,outside_small_selector:2;small_ratio_outside_high_sensitivity:1,2
g0|r2|2|t3|u1|v1|False|False|False|True|True,3,outside_small_selector:2;small_ratio_outside_high_sensitivity:1,2
g0|r2|2|t3|u1|v2|False|False|False|True|True,3,outside_small_selector:2;small_ratio_outside_high_sensitivity:1,2
g0|r2|2|t3|u2|v0|False|False|False|True|False,3,outside_small_selector:2;small_ratio_outside_high_sensitivity:1,2
g0|r2|2|t3|u2|v1|False|False|False|True|False,3,outside_small_selector:2;small_ratio_outside_high_sensitivity:1,2
g0|r2|2|t3|u2|v2|False|False|False|True|False,3,outside_small_selector:2;small_ratio_outside_high_sensitivity:1,2
g0|r2|3|t0|u0|v0|False|False|True|False|True,3,outside_small_selector:2;small_selector_region:1,2
g0|r2|3|t0|u0|v1|False|False|True|False|True,3,outside_small_selector:2;small_selector_region:1,2
g0|r2|3|t0|u0|v2|False|False|True|False|True,3,outside_small_selector:2;small_selector_region:1,2
g0|r2|3|t0|u1|v0|False|False|True|False|True,3,outside_small_selector:2;small_selector_region:1,2
g0|r2|3|t0|u1|v1|False|False|True|False|True,3,outside_small_selector:2;small_selector_region:1,2
g0|r2|3|t0|u1|v2|False|False|True|False|True,3,outside_small_selector:2;small_selector_region:1,2
g0|r2|3|t0|u2|v0|False|False|True|False|False,3,outside_small_selector:2;small_selector_region:1,2
g0|r2|3|t0|u2|v1|False|False|True|False|False,3,outside_small_selector:2;small_selector_region:1,2
g0|r2|3|t0|u2|v2|False|False|True|False|False,3,outside_small_selector:2;small_selector_region:1,2
g0|r2|3|t1|u0|v0|False|False|True|False|True,3,outside_small_selector:2;small_ratio_outside_high_sensitivity:1,2
g0|r2|3|t1|u0|v1|False|False|True|False|True,3,outside_small_selector:2;small_ratio_outside_high_sensitivity:1,2
g0|r2|3|t1|u0|v2|False|False|True|False|True,3,outside_small_selector:2;small_ratio_outside_high_sensitivity:1,2
g0|r2|3|t1|u1|v0|False|False|True|False|True,3,outside_small_selector:2;small_ratio_outside_high_sensitivity:1,2
g0|r2|3|t1|u1|v1|False|False|True|False|True,3,outside_small_selector:2;small_ratio_outside_high_sensitivity:1,2
g0|r2|3|t1|u1|v2|False|False|True|False|True,3,outside_small_selector:2;small_ratio_outside_high_sensitivity:1,2
g0|r2|3|t1|u2|v0|False|False|True|False|False,3,outside_small_selector:2;small_ratio_outside_high_sensitivity:1,2
g0|r2|3|t1|u2|v1|False|False|True|False|False,3,outside_small_selector:2;small_ratio_outside_high_sensitivity:1,2
g0|r2|3|t1|u2|v2|False|False|True|False|False,3,outside_small_selector:2;small_ratio_outside_high_sensitivity:1,2
g0|r2|3|t2|u0|v0|False|False|True|True|True,3,outside_small_selector:2;small_ratio_outside_high_sensitivity:1,2
g0|r2|3|t2|u0|v1|False|False|True|True|True,3,outside_small_selector:2;small_ratio_outside_high_sensitivity:1,2
g0|r2|3|t2|u0|v2|False|False|True|True|True,3,outside_small_selector:2;small_ratio_outside_high_sensitivity:1,2
g0|r2|3|t2|u1|v0|False|False|True|True|False,3,outside_small_selector:2;small_ratio_outside_high_sensitivity:1,2
g0|r2|3|t2|u1|v1|False|False|True|True|False,3,outside_small_selector:2;small_ratio_outside_high_sensitivity:1,2
g0|r2|3|t2|u1|v2|False|False|True|True|False,3,outside_small_selector:2;small_ratio_outside_high_sensitivity:1,2
g0|r2|3|t2|u2|v0|False|False|True|True|False,3,outside_small_selector:2;small_ratio_outside_high_sensitivity:1,2
g0|r2|3|t2|u2|v1|False|False|True|True|False,3,outside_small_selector:2;small_ratio_outside_high_sensitivity:1,2
g0|r2|3|t2|u2|v2|False|False|True|True|False,3,outside_small_selector:2;small_ratio_outside_high_sensitivity:1,2
g0|r2|3|t3|u0|v0|False|False|True|True|True,3,outside_small_selector:2;small_ratio_outside_high_sensitivity:1,2
g0|r2|3|t3|u0|v1|False|False|True|True|True,3,outside_small_selector:2;small_ratio_outside_high_sensitivity:1,2
g0|r2|3|t3|u0|v2|False|False|True|True|True,3,outside_small_selector:2;small_ratio_outside_high_sensitivity:1,2
g0|r2|3|t3|u1|v0|False|False|True|True|True,3,outside_small_selector:2;small_ratio_outside_high_sensitivity:1,2
g0|r2|3|t3|u1|v1|False|False|True|True|True,3,outside_small_selector:2;small_ratio_outside_high_sensitivity:1,2
g0|r2|3|t3|u1|v2|False|False|True|True|True,3,outside_small_selector:2;small_ratio_outside_high_sensitivity:1,2
g0|r2|3|t3|u2|v0|False|False|True|True|False,3,outside_small_selector:2;small_ratio_outside_high_sensitivity:1,2
g0|r2|3|t3|u2|v1|False|False|True|True|False,3,outside_small_selector:2;small_ratio_outside_high_sensitivity:1,2
g0|r2|3|t3|u2|v2|False|False|True|True|False,3,outside_small_selector:2;small_ratio_outside_high_sensitivity:1,2
g0|r2|4|t0|u0|v0|False|False|False|False|True,3,outside_small_selector:2;small_selector_region:1,2
g0|r2|4|t0|u0|v1|False|False|False|False|True,3,outside_small_selector:2;small_selector_region:1,2
g0|r2|4|t0|u0|v2|False|False|False|False|True,3,outside_small_selector:2;small_selector_region:1,2
g0|r2|4|t0|u1|v0|False|False|False|False|True,3,outside_small_selector:2;small_selector_region:1,2
g0|r2|4|t0|u1|v1|False|False|False|False|True,3,outside_small_selector:2;small_selector_region:1,2
g0|r2|4|t0|u1|v2|False|False|False|False|True,3,outside_small_selector:2;small_selector_region:1,2
g0|r2|4|t0|u2|v0|False|False|False|False|False,3,outside_small_selector:2;small_selector_region:1,2
g0|r2|4|t0|u2|v1|False|False|False|False|False,3,outside_small_selector:2;small_selector_region:1,2
g0|r2|4|t0|u2|v2|False|False|False|False|False,3,outside_small_selector:2;small_selector_region:1,2
g0|r2|4|t1|u0|v0|False|False|False|False|True,3,outside_small_selector:2;small_ratio_outside_high_sensitivity:1,2
g0|r2|4|t1|u0|v1|False|False|False|False|True,3,outside_small_selector:2;small_ratio_outside_high_sensitivity:1,2
g0|r2|4|t1|u0|v2|False|False|False|False|True,3,outside_small_selector:2;small_ratio_outside_high_sensitivity:1,2
g0|r2|4|t1|u1|v0|False|False|False|False|True,3,outside_small_selector:2;small_ratio_outside_high_sensitivity:1,2
g0|r2|4|t1|u1|v1|False|False|False|False|True,3,outside_small_selector:2;small_ratio_outside_high_sensitivity:1,2
g0|r2|4|t1|u1|v2|False|False|False|False|True,3,outside_small_selector:2;small_ratio_outside_high_sensitivity:1,2
g0|r2|4|t1|u2|v0|False|False|False|False|False,3,outside_small_selector:2;small_ratio_outside_high_sensitivity:1,2
g0|r2|4|t1|u2|v1|False|False|False|False|False,3,outside_small_selector:2;small_ratio_outside_high_sensitivity:1,2
g0|r2|4|t1|u2|v2|False|False|False|False|False,3,outside_small_selector:2;small_ratio_outside_high_sensitivity:1,2
g0|r2|4|t2|u0|v0|False|False|False|True|True,3,outside_small_selector:2;small_ratio_outside_high_sensitivity:1,2
g0|r2|4|t2|u0|v1|False|False|False|True|True,3,outside_small_selector:2;small_ratio_outside_high_sensitivity:1,2
g0|r2|4|t2|u0|v2|False|False|False|True|True,3,outside_small_selector:2;small_ratio_outside_high_sensitivity:1,2
g0|r2|4|t2|u1|v0|False|False|False|True|False,3,outside_small_selector:2;small_ratio_outside_high_sensitivity:1,2
g0|r2|4|t2|u1|v1|False|False|False|True|False,3,outside_small_selector:2;small_ratio_outside_high_sensitivity:1,2
g0|r2|4|t2|u1|v2|False|False|False|True|False,3,outside_small_selector:2;small_ratio_outside_high_sensitivity:1,2
g0|r2|4|t2|u2|v0|False|False|False|True|False,3,outside_small_selector:2;small_ratio_outside_high_sensitivity:1,2
g0|r2|4|t2|u2|v1|False|False|False|True|False,3,outside_small_selector:2;small_ratio_outside_high_sensitivity:1,2
g0|r2|4|t2|u2|v2|False|False|False|True|False,3,outside_small_selector:2;small_ratio_outside_high_sensitivity:1,2
g0|r2|4|t3|u0|v0|False|False|False|True|True,3,outside_small_selector:2;small_ratio_outside_high_sensitivity:1,2
g0|r2|4|t3|u0|v1|False|False|False|True|True,3,outside_small_selector:2;small_ratio_outside_high_sensitivity:1,2
g0|r2|4|t3|u0|v2|False|False|False|True|True,3,outside_small_selector:2;small_ratio_outside_high_sensitivity:1,2
g0|r2|4|t3|u1|v0|False|False|False|True|True,3,outside_small_selector:2;small_ratio_outside_high_sensitivity:1,2
g0|r2|4|t3|u1|v1|False|False|False|True|True,3,outside_small_selector:2;small_ratio_outside_high_sensitivity:1,2
g0|r2|4|t3|u1|v2|False|False|False|True|True,3,outside_small_selector:2;small_ratio_outside_high_sensitivity:1,2
g0|r2|4|t3|u2|v0|False|False|False|True|False,3,outside_small_selector:2;small_ratio_outside_high_sensitivity:1,2
g0|r2|4|t3|u2|v1|False|False|False|True|False,3,outside_small_selector:2;small_ratio_outside_high_sensitivity:1,2
g0|r2|4|t3|u2|v2|False|False|False|True|False,3,outside_small_selector:2;small_ratio_outside_high_sensitivity:1,2
g0|r2|5|t0|u0|v0|False|False|True|False|True,3,outside_small_selector:2;small_selector_region:1,2
g0|r2|5|t0|u0|v1|False|False|True|False|True,3,outside_small_selector:2;small_selector_region:1,2
g0|r2|5|t0|u0|v2|False|False|True|False|True,3,outside_small_selector:2;small_selector_region:1,2
g0|r2|5|t0|u1|v0|False|False|True|False|True,3,outside_small_selector:2;small_selector_region:1,2
g0|r2|5|t0|u1|v1|False|False|True|False|True,3,outside_small_selector:2;small_selector_region:1,2
g0|r2|5|t0|u1|v2|False|False|True|False|True,3,outside_small_selector:2;small_selector_region:1,2
g0|r2|5|t0|u2|v0|False|False|True|False|False,3,outside_small_selector:2;small_selector_region:1,2
g0|r2|5|t0|u2|v1|False|False|True|False|False,3,outside_small_selector:2;small_selector_region:1,2
g0|r2|5|t0|u2|v2|False|False|True|False|False,3,outside_small_selector:2;small_selector_region:1,2
g0|r2|5|t1|u0|v0|False|False|True|False|True,3,outside_small_selector:2;small_ratio_outside_high_sensitivity:1,2
g0|r2|5|t1|u0|v1|False|False|True|False|True,3,outside_small_selector:2;small_ratio_outside_high_sensitivity:1,2
g0|r2|5|t1|u0|v2|False|False|True|False|True,3,outside_small_selector:2;small_ratio_outside_high_sensitivity:1,2
g0|r2|5|t1|u1|v0|False|False|True|False|True,3,outside_small_selector:2;small_ratio_outside_high_sensitivity:1,2
g0|r2|5|t1|u1|v1|False|False|True|False|True,3,outside_small_selector:2;small_ratio_outside_high_sensitivity:1,2
g0|r2|5|t1|u1|v2|False|False|True|False|True,3,outside_small_selector:2;small_ratio_outside_high_sensitivity:1,2
g0|r2|5|t1|u2|v0|False|False|True|False|False,3,outside_small_selector:2;small_ratio_outside_high_sensitivity:1,2
g0|r2|5|t1|u2|v1|False|False|True|False|False,3,outside_small_selector:2;small_ratio_outside_high_sensitivity:1,2
g0|r2|5|t1|u2|v2|False|False|True|False|False,3,outside_small_selector:2;small_ratio_outside_high_sensitivity:1,2
g0|r2|5|t2|u0|v0|False|False|True|False|True,3,outside_small_selector:2;small_ratio_outside_high_sensitivity:1,2
g0|r2|5|t2|u0|v1|False|False|True|False|True,3,outside_small_selector:2;small_ratio_outside_high_sensitivity:1,2
g0|r2|5|t2|u0|v2|False|False|True|False|True,3,outside_small_selector:2;small_ratio_outside_high_sensitivity:1,2
g0|r2|5|t2|u1|v0|False|False|True|False|False,3,outside_small_selector:2;small_ratio_outside_high_sensitivity:1,2
g0|r2|5|t2|u1|v1|False|False|True|False|False,3,outside_small_selector:2;small_ratio_outside_high_sensitivity:1,2
g0|r2|5|t2|u1|v2|False|False|True|False|False,3,outside_small_selector:2;small_ratio_outside_high_sensitivity:1,2
g0|r2|5|t2|u2|v0|False|False|True|False|False,3,outside_small_selector:2;small_ratio_outside_high_sensitivity:1,2
g0|r2|5|t2|u2|v1|False|False|True|False|False,3,outside_small_selector:2;small_ratio_outside_high_sensitivity:1,2
g0|r2|5|t2|u2|v2|False|False|True|False|False,3,outside_small_selector:2;small_ratio_outside_high_sensitivity:1,2
g0|r2|5|t3|u0|v0|False|False|True|True|True,3,outside_small_selector:2;small_ratio_outside_high_sensitivity:1,2
g0|r2|5|t3|u0|v1|False|False|True|True|True,3,outside_small_selector:2;small_ratio_outside_high_sensitivity:1,2
g0|r2|5|t3|u0|v2|False|False|True|True|True,3,outside_small_selector:2;small_ratio_outside_high_sensitivity:1,2
g0|r2|5|t3|u1|v0|False|False|True|True|True,3,outside_small_selector:2;small_ratio_outside_high_sensitivity:1,2
g0|r2|5|t3|u1|v1|False|False|True|True|True,3,outside_small_selector:2;small_ratio_outside_high_sensitivity:1,2
g0|r2|5|t3|u1|v2|False|False|True|True|True,3,outside_small_selector:2;small_ratio_outside_high_sensitivity:1,2
g0|r2|5|t3|u2|v0|False|False|True|True|False,3,outside_small_selector:2;small_ratio_outside_high_sensitivity:1,2
g0|r2|5|t3|u2|v1|False|False|True|True|False,3,outside_small_selector:2;small_ratio_outside_high_sensitivity:1,2
g0|r2|5|t3|u2|v2|False|False|True|True|False,3,outside_small_selector:2;small_ratio_outside_high_sensitivity:1,2
g0|r3|1|t0|u0|v0|True|True|True|True|True,3,outside_small_selector:2;small_ratio_outside_high_sensitivity:1,2
g0|r3|1|t0|u0|v1|True|True|True|True|True,3,outside_small_selector:2;small_ratio_outside_high_sensitivity:1,2
g0|r3|1|t0|u0|v2|True|True|True|True|True,3,outside_small_selector:2;small_ratio_outside_high_sensitivity:1,2
g0|r3|1|t0|u1|v0|True|True|True|True|True,3,outside_small_selector:2;small_ratio_outside_high_sensitivity:1,2
g0|r3|1|t0|u1|v1|True|True|True|True|True,3,outside_small_selector:2;small_ratio_outside_high_sensitivity:1,2
g0|r3|1|t0|u1|v2|True|True|True|True|True,3,outside_small_selector:2;small_ratio_outside_high_sensitivity:1,2
g0|r3|1|t0|u2|v0|True|True|True|True|False,3,outside_small_selector:2;small_ratio_outside_high_sensitivity:1,2
g0|r3|1|t0|u2|v1|True|True|True|True|False,3,outside_small_selector:2;small_ratio_outside_high_sensitivity:1,2
g0|r3|1|t0|u2|v2|True|True|True|True|False,3,outside_small_selector:2;small_ratio_outside_high_sensitivity:1,2
g0|r3|1|t1|u0|v0|True|True|True|True|True,3,outside_small_selector:2;small_ratio_outside_high_sensitivity:1,2
g0|r3|1|t1|u0|v1|True|True|True|True|True,3,outside_small_selector:2;small_ratio_outside_high_sensitivity:1,2
g0|r3|1|t1|u0|v2|True|True|True|True|True,3,outside_small_selector:2;small_ratio_outside_high_sensitivity:1,2
g0|r3|1|t1|u1|v0|True|True|True|True|True,3,outside_small_selector:2;small_ratio_outside_high_sensitivity:1,2
g0|r3|1|t1|u1|v1|True|True|True|True|True,3,outside_small_selector:2;small_ratio_outside_high_sensitivity:1,2
g0|r3|1|t1|u1|v2|True|True|True|True|True,3,outside_small_selector:2;small_ratio_outside_high_sensitivity:1,2
g0|r3|1|t1|u2|v0|True|True|True|True|False,3,outside_small_selector:2;small_ratio_outside_high_sensitivity:1,2
g0|r3|1|t1|u2|v1|True|True|True|True|False,3,outside_small_selector:2;small_ratio_outside_high_sensitivity:1,2
g0|r3|1|t1|u2|v2|True|True|True|True|False,3,outside_small_selector:2;small_ratio_outside_high_sensitivity:1,2
g0|r3|1|t2|u0|v0|True|True|True|True|True,3,outside_small_selector:2;small_ratio_outside_high_sensitivity:1,2
g0|r3|1|t2|u0|v1|True|True|True|True|True,3,outside_small_selector:2;small_ratio_outside_high_sensitivity:1,2
g0|r3|1|t2|u0|v2|True|True|True|True|True,3,outside_small_selector:2;small_ratio_outside_high_sensitivity:1,2
g0|r3|1|t2|u1|v0|True|True|True|True|False,3,outside_small_selector:2;small_ratio_outside_high_sensitivity:1,2
g0|r3|1|t2|u1|v1|True|True|True|True|False,3,outside_small_selector:2;small_ratio_outside_high_sensitivity:1,2
g0|r3|1|t2|u1|v2|True|True|True|True|False,3,outside_small_selector:2;small_ratio_outside_high_sensitivity:1,2
g0|r3|1|t2|u2|v0|True|True|True|True|False,3,outside_small_selector:2;small_ratio_outside_high_sensitivity:1,2
g0|r3|1|t2|u2|v1|True|True|True|True|False,3,outside_small_selector:2;small_ratio_outside_high_sensitivity:1,2
g0|r3|1|t2|u2|v2|True|True|True|True|False,3,outside_small_selector:2;small_ratio_outside_high_sensitivity:1,2
g0|r3|1|t3|u0|v0|True|True|True|True|True,3,outside_small_selector:2;small_ratio_outside_high_sensitivity:1,2
g0|r3|1|t3|u0|v1|True|True|True|True|True,3,outside_small_selector:2;small_ratio_outside_high_sensitivity:1,2
g0|r3|1|t3|u0|v2|True|True|True|True|True,3,outside_small_selector:2;small_ratio_outside_high_sensitivity:1,2
g0|r3|1|t3|u1|v0|True|True|True|True|True,3,outside_small_selector:2;small_ratio_outside_high_sensitivity:1,2
g0|r3|1|t3|u1|v1|True|True|True|True|True,3,outside_small_selector:2;small_ratio_outside_high_sensitivity:1,2
g0|r3|1|t3|u1|v2|True|True|True|True|True,3,outside_small_selector:2;small_ratio_outside_high_sensitivity:1,2
g0|r3|1|t3|u2|v0|True|True|True|True|False,3,outside_small_selector:2;small_ratio_outside_high_sensitivity:1,2
g0|r3|1|t3|u2|v1|True|True|True|True|False,3,outside_small_selector:2;small_ratio_outside_high_sensitivity:1,2
g0|r3|1|t3|u2|v2|True|True|True|True|False,3,outside_small_selector:2;small_ratio_outside_high_sensitivity:1,2
g0|r3|2|t0|u0|v0|True|True|False|True|True,3,outside_small_selector:2;small_selector_region:1,2
g0|r3|2|t0|u0|v1|True|True|False|True|True,3,outside_small_selector:2;small_selector_region:1,2
g0|r3|2|t0|u0|v2|True|True|False|True|True,3,outside_small_selector:2;small_selector_region:1,2
g0|r3|2|t0|u1|v0|True|True|False|True|True,3,outside_small_selector:2;small_selector_region:1,2
g0|r3|2|t0|u1|v1|True|True|False|True|True,3,outside_small_selector:2;small_selector_region:1,2
g0|r3|2|t0|u1|v2|True|True|False|True|True,3,outside_small_selector:2;small_selector_region:1,2
g0|r3|2|t0|u2|v0|True|True|False|True|False,3,outside_small_selector:2;small_selector_region:1,2
g0|r3|2|t0|u2|v1|True|True|False|True|False,3,outside_small_selector:2;small_selector_region:1,2
g0|r3|2|t0|u2|v2|True|True|False|True|False,3,outside_small_selector:2;small_selector_region:1,2
g0|r3|2|t1|u0|v0|True|True|False|True|True,3,outside_small_selector:2;small_ratio_outside_high_sensitivity:1,2
g0|r3|2|t1|u0|v1|True|True|False|True|True,3,outside_small_selector:2;small_ratio_outside_high_sensitivity:1,2
g0|r3|2|t1|u0|v2|True|True|False|True|True,3,outside_small_selector:2;small_ratio_outside_high_sensitivity:1,2
g0|r3|2|t1|u1|v0|True|True|False|True|True,3,outside_small_selector:2;small_ratio_outside_high_sensitivity:1,2
g0|r3|2|t1|u1|v1|True|True|False|True|True,3,outside_small_selector:2;small_ratio_outside_high_sensitivity:1,2
g0|r3|2|t1|u1|v2|True|True|False|True|True,3,outside_small_selector:2;small_ratio_outside_high_sensitivity:1,2
g0|r3|2|t1|u2|v0|True|True|False|True|False,3,outside_small_selector:2;small_ratio_outside_high_sensitivity:1,2
g0|r3|2|t1|u2|v1|True|True|False|True|False,3,outside_small_selector:2;small_ratio_outside_high_sensitivity:1,2
g0|r3|2|t1|u2|v2|True|True|False|True|False,3,outside_small_selector:2;small_ratio_outside_high_sensitivity:1,2
g0|r3|2|t2|u0|v0|True|True|False|True|True,3,outside_small_selector:2;small_ratio_outside_high_sensitivity:1,2
g0|r3|2|t2|u0|v1|True|True|False|True|True,3,outside_small_selector:2;small_ratio_outside_high_sensitivity:1,2
g0|r3|2|t2|u0|v2|True|True|False|True|True,3,outside_small_selector:2;small_ratio_outside_high_sensitivity:1,2
g0|r3|2|t2|u1|v0|True|True|False|True|False,3,outside_small_selector:2;small_ratio_outside_high_sensitivity:1,2
g0|r3|2|t2|u1|v1|True|True|False|True|False,3,outside_small_selector:2;small_ratio_outside_high_sensitivity:1,2
g0|r3|2|t2|u1|v2|True|True|False|True|False,3,outside_small_selector:2;small_ratio_outside_high_sensitivity:1,2
g0|r3|2|t2|u2|v0|True|True|False|True|False,3,outside_small_selector:2;small_ratio_outside_high_sensitivity:1,2
g0|r3|2|t2|u2|v1|True|True|False|True|False,3,outside_small_selector:2;small_ratio_outside_high_sensitivity:1,2
g0|r3|2|t2|u2|v2|True|True|False|True|False,3,outside_small_selector:2;small_ratio_outside_high_sensitivity:1,2
g0|r3|2|t3|u0|v0|True|True|False|True|True,3,outside_small_selector:2;small_ratio_outside_high_sensitivity:1,2
g0|r3|2|t3|u0|v1|True|True|False|True|True,3,outside_small_selector:2;small_ratio_outside_high_sensitivity:1,2
g0|r3|2|t3|u0|v2|True|True|False|True|True,3,outside_small_selector:2;small_ratio_outside_high_sensitivity:1,2
g0|r3|2|t3|u1|v0|True|True|False|True|True,3,outside_small_selector:2;small_ratio_outside_high_sensitivity:1,2
g0|r3|2|t3|u1|v1|True|True|False|True|True,3,outside_small_selector:2;small_ratio_outside_high_sensitivity:1,2
g0|r3|2|t3|u1|v2|True|True|False|True|True,3,outside_small_selector:2;small_ratio_outside_high_sensitivity:1,2
g0|r3|2|t3|u2|v0|True|True|False|True|False,3,outside_small_selector:2;small_ratio_outside_high_sensitivity:1,2
g0|r3|2|t3|u2|v1|True|True|False|True|False,3,outside_small_selector:2;small_ratio_outside_high_sensitivity:1,2
g0|r3|2|t3|u2|v2|True|True|False|True|False,3,outside_small_selector:2;small_ratio_outside_high_sensitivity:1,2
g0|r3|3|t0|u0|v0|True|True|True|True|True,3,outside_small_selector:2;small_selector_region:1,2
g0|r3|3|t0|u0|v1|True|True|True|True|True,3,outside_small_selector:2;small_selector_region:1,2
g0|r3|3|t0|u0|v2|True|True|True|True|True,3,outside_small_selector:2;small_selector_region:1,2
g0|r3|3|t0|u1|v0|True|True|True|True|True,3,outside_small_selector:2;small_selector_region:1,2
g0|r3|3|t0|u1|v1|True|True|True|True|True,3,outside_small_selector:2;small_selector_region:1,2
g0|r3|3|t0|u1|v2|True|True|True|True|True,3,outside_small_selector:2;small_selector_region:1,2
g0|r3|3|t0|u2|v0|True|True|True|True|False,3,outside_small_selector:2;small_selector_region:1,2
g0|r3|3|t0|u2|v1|True|True|True|True|False,3,outside_small_selector:2;small_selector_region:1,2
g0|r3|3|t0|u2|v2|True|True|True|True|False,3,outside_small_selector:2;small_selector_region:1,2
g0|r3|3|t1|u0|v0|True|True|True|False|True,3,outside_small_selector:2;small_ratio_outside_high_sensitivity:1,2
g0|r3|3|t1|u0|v1|True|True|True|False|True,3,outside_small_selector:2;small_ratio_outside_high_sensitivity:1,2
g0|r3|3|t1|u0|v2|True|True|True|False|True,3,outside_small_selector:2;small_ratio_outside_high_sensitivity:1,2
g0|r3|3|t1|u1|v0|True|True|True|False|True,3,outside_small_selector:2;small_ratio_outside_high_sensitivity:1,2
g0|r3|3|t1|u1|v1|True|True|True|False|True,3,outside_small_selector:2;small_ratio_outside_high_sensitivity:1,2
g0|r3|3|t1|u1|v2|True|True|True|False|True,3,outside_small_selector:2;small_ratio_outside_high_sensitivity:1,2
g0|r3|3|t1|u2|v0|True|True|True|False|False,3,outside_small_selector:2;small_ratio_outside_high_sensitivity:1,2
g0|r3|3|t1|u2|v1|True|True|True|False|False,3,outside_small_selector:2;small_ratio_outside_high_sensitivity:1,2
g0|r3|3|t1|u2|v2|True|True|True|False|False,3,outside_small_selector:2;small_ratio_outside_high_sensitivity:1,2
g0|r3|3|t2|u0|v0|True|True|True|True|True,3,outside_small_selector:2;small_ratio_outside_high_sensitivity:1,2
g0|r3|3|t2|u0|v1|True|True|True|True|True,3,outside_small_selector:2;small_ratio_outside_high_sensitivity:1,2
g0|r3|3|t2|u0|v2|True|True|True|True|True,3,outside_small_selector:2;small_ratio_outside_high_sensitivity:1,2
g0|r3|3|t2|u1|v0|True|True|True|True|False,3,outside_small_selector:2;small_ratio_outside_high_sensitivity:1,2
g0|r3|3|t2|u1|v1|True|True|True|True|False,3,outside_small_selector:2;small_ratio_outside_high_sensitivity:1,2
g0|r3|3|t2|u1|v2|True|True|True|True|False,3,outside_small_selector:2;small_ratio_outside_high_sensitivity:1,2
g0|r3|3|t2|u2|v0|True|True|True|True|False,3,outside_small_selector:2;small_ratio_outside_high_sensitivity:1,2
g0|r3|3|t2|u2|v1|True|True|True|True|False,3,outside_small_selector:2;small_ratio_outside_high_sensitivity:1,2
g0|r3|3|t2|u2|v2|True|True|True|True|False,3,outside_small_selector:2;small_ratio_outside_high_sensitivity:1,2
g0|r3|3|t3|u0|v0|True|True|True|True|True,3,outside_small_selector:2;small_ratio_outside_high_sensitivity:1,2
g0|r3|3|t3|u0|v1|True|True|True|True|True,3,outside_small_selector:2;small_ratio_outside_high_sensitivity:1,2
g0|r3|3|t3|u0|v2|True|True|True|True|True,3,outside_small_selector:2;small_ratio_outside_high_sensitivity:1,2
g0|r3|3|t3|u1|v0|True|True|True|True|True,3,outside_small_selector:2;small_ratio_outside_high_sensitivity:1,2
g0|r3|3|t3|u1|v1|True|True|True|True|True,3,outside_small_selector:2;small_ratio_outside_high_sensitivity:1,2
g0|r3|3|t3|u1|v2|True|True|True|True|True,3,outside_small_selector:2;small_ratio_outside_high_sensitivity:1,2
g0|r3|3|t3|u2|v0|True|True|True|True|False,3,outside_small_selector:2;small_ratio_outside_high_sensitivity:1,2
g0|r3|3|t3|u2|v1|True|True|True|True|False,3,outside_small_selector:2;small_ratio_outside_high_sensitivity:1,2
g0|r3|3|t3|u2|v2|True|True|True|True|False,3,outside_small_selector:2;small_ratio_outside_high_sensitivity:1,2
g0|r3|4|t0|u0|v0|True|True|False|True|True,3,outside_small_selector:2;small_selector_region:1,2
g0|r3|4|t0|u0|v1|True|True|False|True|True,3,outside_small_selector:2;small_selector_region:1,2
g0|r3|4|t0|u0|v2|True|True|False|True|True,3,outside_small_selector:2;small_selector_region:1,2
g0|r3|4|t0|u1|v0|True|True|False|True|True,3,outside_small_selector:2;small_selector_region:1,2
g0|r3|4|t0|u1|v1|True|True|False|True|True,3,outside_small_selector:2;small_selector_region:1,2
g0|r3|4|t0|u1|v2|True|True|False|True|True,3,outside_small_selector:2;small_selector_region:1,2
g0|r3|4|t0|u2|v0|True|True|False|True|False,3,outside_small_selector:2;small_selector_region:1,2
g0|r3|4|t0|u2|v1|True|True|False|True|False,3,outside_small_selector:2;small_selector_region:1,2
g0|r3|4|t0|u2|v2|True|True|False|True|False,3,outside_small_selector:2;small_selector_region:1,2
g0|r3|4|t1|u0|v0|True|True|False|False|True,3,outside_small_selector:2;small_ratio_outside_high_sensitivity:1,2
g0|r3|4|t1|u0|v1|True|True|False|False|True,3,outside_small_selector:2;small_ratio_outside_high_sensitivity:1,2
g0|r3|4|t1|u0|v2|True|True|False|False|True,3,outside_small_selector:2;small_ratio_outside_high_sensitivity:1,2
g0|r3|4|t1|u1|v0|True|True|False|False|True,3,outside_small_selector:2;small_ratio_outside_high_sensitivity:1,2
g0|r3|4|t1|u1|v1|True|True|False|False|True,3,outside_small_selector:2;small_ratio_outside_high_sensitivity:1,2
g0|r3|4|t1|u1|v2|True|True|False|False|True,3,outside_small_selector:2;small_ratio_outside_high_sensitivity:1,2
g0|r3|4|t1|u2|v0|True|True|False|False|False,3,outside_small_selector:2;small_ratio_outside_high_sensitivity:1,2
g0|r3|4|t1|u2|v1|True|True|False|False|False,3,outside_small_selector:2;small_ratio_outside_high_sensitivity:1,2
g0|r3|4|t1|u2|v2|True|True|False|False|False,3,outside_small_selector:2;small_ratio_outside_high_sensitivity:1,2
g0|r3|4|t2|u0|v0|True|True|False|True|True,3,outside_small_selector:2;small_ratio_outside_high_sensitivity:1,2
g0|r3|4|t2|u0|v1|True|True|False|True|True,3,outside_small_selector:2;small_ratio_outside_high_sensitivity:1,2
g0|r3|4|t2|u0|v2|True|True|False|True|True,3,outside_small_selector:2;small_ratio_outside_high_sensitivity:1,2
g0|r3|4|t2|u1|v0|True|True|False|True|False,3,outside_small_selector:2;small_ratio_outside_high_sensitivity:1,2
g0|r3|4|t2|u1|v1|True|True|False|True|False,3,outside_small_selector:2;small_ratio_outside_high_sensitivity:1,2
g0|r3|4|t2|u1|v2|True|True|False|True|False,3,outside_small_selector:2;small_ratio_outside_high_sensitivity:1,2
g0|r3|4|t2|u2|v0|True|True|False|True|False,3,outside_small_selector:2;small_ratio_outside_high_sensitivity:1,2
g0|r3|4|t2|u2|v1|True|True|False|True|False,3,outside_small_selector:2;small_ratio_outside_high_sensitivity:1,2
g0|r3|4|t2|u2|v2|True|True|False|True|False,3,outside_small_selector:2;small_ratio_outside_high_sensitivity:1,2
g0|r3|4|t3|u0|v0|True|True|False|True|True,3,outside_small_selector:2;small_ratio_outside_high_sensitivity:1,2
g0|r3|4|t3|u0|v1|True|True|False|True|True,3,outside_small_selector:2;small_ratio_outside_high_sensitivity:1,2
g0|r3|4|t3|u0|v2|True|True|False|True|True,3,outside_small_selector:2;small_ratio_outside_high_sensitivity:1,2
g0|r3|4|t3|u1|v0|True|True|False|True|True,3,outside_small_selector:2;small_ratio_outside_high_sensitivity:1,2
g0|r3|4|t3|u1|v1|True|True|False|True|True,3,outside_small_selector:2;small_ratio_outside_high_sensitivity:1,2
g0|r3|4|t3|u1|v2|True|True|False|True|True,3,outside_small_selector:2;small_ratio_outside_high_sensitivity:1,2
g0|r3|4|t3|u2|v0|True|True|False|True|False,3,outside_small_selector:2;small_ratio_outside_high_sensitivity:1,2
g0|r3|4|t3|u2|v1|True|True|False|True|False,3,outside_small_selector:2;small_ratio_outside_high_sensitivity:1,2
g0|r3|4|t3|u2|v2|True|True|False|True|False,3,outside_small_selector:2;small_ratio_outside_high_sensitivity:1,2
g0|r3|5|t0|u0|v0|True|True|True|True|True,3,outside_small_selector:2;small_selector_region:1,2
g0|r3|5|t0|u0|v1|True|True|True|True|True,3,outside_small_selector:2;small_selector_region:1,2
g0|r3|5|t0|u0|v2|True|True|True|True|True,3,outside_small_selector:2;small_selector_region:1,2
g0|r3|5|t0|u1|v0|True|True|True|True|True,3,outside_small_selector:2;small_selector_region:1,2
g0|r3|5|t0|u1|v1|True|True|True|True|True,3,outside_small_selector:2;small_selector_region:1,2
g0|r3|5|t0|u1|v2|True|True|True|True|True,3,outside_small_selector:2;small_selector_region:1,2
g0|r3|5|t0|u2|v0|True|True|True|True|False,3,outside_small_selector:2;small_selector_region:1,2
g0|r3|5|t0|u2|v1|True|True|True|True|False,3,outside_small_selector:2;small_selector_region:1,2
g0|r3|5|t0|u2|v2|True|True|True|True|False,3,outside_small_selector:2;small_selector_region:1,2
g0|r3|5|t1|u0|v0|True|True|True|False|True,3,outside_small_selector:2;small_ratio_outside_high_sensitivity:1,2
g0|r3|5|t1|u0|v1|True|True|True|False|True,3,outside_small_selector:2;small_ratio_outside_high_sensitivity:1,2
g0|r3|5|t1|u0|v2|True|True|True|False|True,3,outside_small_selector:2;small_ratio_outside_high_sensitivity:1,2
g0|r3|5|t1|u1|v0|True|True|True|False|True,3,outside_small_selector:2;small_ratio_outside_high_sensitivity:1,2
g0|r3|5|t1|u1|v1|True|True|True|False|True,3,outside_small_selector:2;small_ratio_outside_high_sensitivity:1,2
g0|r3|5|t1|u1|v2|True|True|True|False|True,3,outside_small_selector:2;small_ratio_outside_high_sensitivity:1,2
g0|r3|5|t1|u2|v0|True|True|True|False|False,3,outside_small_selector:2;small_ratio_outside_high_sensitivity:1,2
g0|r3|5|t1|u2|v1|True|True|True|False|False,3,outside_small_selector:2;small_ratio_outside_high_sensitivity:1,2
g0|r3|5|t1|u2|v2|True|True|True|False|False,3,outside_small_selector:2;small_ratio_outside_high_sensitivity:1,2
g0|r3|5|t2|u0|v0|True|True|True|False|True,3,outside_small_selector:2;small_ratio_outside_high_sensitivity:1,2
g0|r3|5|t2|u0|v1|True|True|True|False|True,3,outside_small_selector:2;small_ratio_outside_high_sensitivity:1,2
g0|r3|5|t2|u0|v2|True|True|True|False|True,3,outside_small_selector:2;small_ratio_outside_high_sensitivity:1,2
g0|r3|5|t2|u1|v0|True|True|True|False|False,3,outside_small_selector:2;small_ratio_outside_high_sensitivity:1,2
g0|r3|5|t2|u1|v1|True|True|True|False|False,3,outside_small_selector:2;small_ratio_outside_high_sensitivity:1,2
g0|r3|5|t2|u1|v2|True|True|True|False|False,3,outside_small_selector:2;small_ratio_outside_high_sensitivity:1,2
g0|r3|5|t2|u2|v0|True|True|True|False|False,3,outside_small_selector:2;small_ratio_outside_high_sensitivity:1,2
g0|r3|5|t2|u2|v1|True|True|True|False|False,3,outside_small_selector:2;small_ratio_outside_high_sensitivity:1,2
g0|r3|5|t2|u2|v2|True|True|True|False|False,3,outside_small_selector:2;small_ratio_outside_high_sensitivity:1,2
g0|r3|5|t3|u0|v0|True|True|True|True|True,3,outside_small_selector:2;small_ratio_outside_high_sensitivity:1,2
g0|r3|5|t3|u0|v1|True|True|True|True|True,3,outside_small_selector:2;small_ratio_outside_high_sensitivity:1,2
g0|r3|5|t3|u0|v2|True|True|True|True|True,3,outside_small_selector:2;small_ratio_outside_high_sensitivity:1,2
g0|r3|5|t3|u1|v0|True|True|True|True|True,3,outside_small_selector:2;small_ratio_outside_high_sensitivity:1,2
g0|r3|5|t3|u1|v1|True|True|True|True|True,3,outside_small_selector:2;small_ratio_outside_high_sensitivity:1,2
g0|r3|5|t3|u1|v2|True|True|True|True|True,3,outside_small_selector:2;small_ratio_outside_high_sensitivity:1,2
g0|r3|5|t3|u2|v0|True|True|True|True|False,3,outside_small_selector:2;small_ratio_outside_high_sensitivity:1,2
g0|r3|5|t3|u2|v1|True|True|True|True|False,3,outside_small_selector:2;small_ratio_outside_high_sensitivity:1,2
g0|r3|5|t3|u2|v2|True|True|True|True|False,3,outside_small_selector:2;small_ratio_outside_high_sensitivity:1,2
g1|r0|1|t0|u0|v0|False|False|False|True|True,3,outside_small_selector:2;small_ratio_outside_high_sensitivity:1,2
g1|r0|1|t0|u0|v1|False|False|False|True|True,3,outside_small_selector:2;small_ratio_outside_high_sensitivity:1,2
g1|r0|1|t0|u0|v2|False|False|False|True|True,3,outside_small_selector:2;small_ratio_outside_high_sensitivity:1,2
g1|r0|1|t0|u1|v0|False|False|False|True|True,3,outside_small_selector:2;small_ratio_outside_high_sensitivity:1,2
g1|r0|1|t0|u1|v1|False|False|False|True|True,3,outside_small_selector:2;small_ratio_outside_high_sensitivity:1,2
g1|r0|1|t0|u1|v2|False|False|False|True|True,3,outside_small_selector:2;small_ratio_outside_high_sensitivity:1,2
g1|r0|1|t0|u2|v0|False|False|False|True|False,3,outside_small_selector:2;small_ratio_outside_high_sensitivity:1,2
g1|r0|1|t0|u2|v1|False|False|False|True|False,3,outside_small_selector:2;small_ratio_outside_high_sensitivity:1,2
g1|r0|1|t0|u2|v2|False|False|False|True|False,3,outside_small_selector:2;small_ratio_outside_high_sensitivity:1,2
g1|r0|1|t1|u0|v0|False|False|False|True|True,3,outside_small_selector:2;small_ratio_outside_high_sensitivity:1,2
g1|r0|1|t1|u0|v1|False|False|False|True|True,3,outside_small_selector:2;small_ratio_outside_high_sensitivity:1,2
g1|r0|1|t1|u0|v2|False|False|False|True|True,3,outside_small_selector:2;small_ratio_outside_high_sensitivity:1,2
g1|r0|1|t1|u1|v0|False|False|False|True|False,3,outside_small_selector:2;small_ratio_outside_high_sensitivity:1,2
g1|r0|1|t1|u1|v1|False|False|False|True|False,3,outside_small_selector:2;small_ratio_outside_high_sensitivity:1,2
g1|r0|1|t1|u1|v2|False|False|False|True|False,3,outside_small_selector:2;small_ratio_outside_high_sensitivity:1,2
g1|r0|1|t1|u2|v0|False|False|False|True|False,3,outside_small_selector:2;small_ratio_outside_high_sensitivity:1,2
g1|r0|1|t1|u2|v1|False|False|False|True|False,3,outside_small_selector:2;small_ratio_outside_high_sensitivity:1,2
g1|r0|1|t1|u2|v2|False|False|False|True|False,3,outside_small_selector:2;small_ratio_outside_high_sensitivity:1,2
g1|r0|1|t2|u0|v0|False|False|False|False|True,3,outside_small_selector:2;small_ratio_outside_high_sensitivity:1,2
g1|r0|1|t2|u0|v1|False|False|False|False|True,3,outside_small_selector:2;small_ratio_outside_high_sensitivity:1,2
g1|r0|1|t2|u0|v2|False|False|False|False|True,3,outside_small_selector:2;small_ratio_outside_high_sensitivity:1,2
g1|r0|1|t2|u1|v0|False|False|False|False|False,3,outside_small_selector:2;small_ratio_outside_high_sensitivity:1,2
g1|r0|1|t2|u1|v1|False|False|False|False|False,3,outside_small_selector:2;small_ratio_outside_high_sensitivity:1,2
g1|r0|1|t2|u1|v2|False|False|False|False|False,3,outside_small_selector:2;small_ratio_outside_high_sensitivity:1,2
g1|r0|1|t2|u2|v0|False|False|False|False|False,3,outside_small_selector:2;small_ratio_outside_high_sensitivity:1,2
g1|r0|1|t2|u2|v1|False|False|False|False|False,3,outside_small_selector:2;small_ratio_outside_high_sensitivity:1,2
g1|r0|1|t2|u2|v2|False|False|False|False|False,3,outside_small_selector:2;small_ratio_outside_high_sensitivity:1,2
g1|r0|1|t3|u0|v0|False|False|False|True|True,3,outside_small_selector:2;small_ratio_outside_high_sensitivity:1,2
g1|r0|1|t3|u0|v1|False|False|False|True|True,3,outside_small_selector:2;small_ratio_outside_high_sensitivity:1,2
g1|r0|1|t3|u0|v2|False|False|False|True|True,3,outside_small_selector:2;small_ratio_outside_high_sensitivity:1,2
g1|r0|1|t3|u1|v0|False|False|False|True|False,3,outside_small_selector:2;small_ratio_outside_high_sensitivity:1,2
g1|r0|1|t3|u1|v1|False|False|False|True|False,3,outside_small_selector:2;small_ratio_outside_high_sensitivity:1,2
g1|r0|1|t3|u1|v2|False|False|False|True|False,3,outside_small_selector:2;small_ratio_outside_high_sensitivity:1,2
g1|r0|1|t3|u2|v0|False|False|False|True|False,3,outside_small_selector:2;small_ratio_outside_high_sensitivity:1,2
g1|r0|1|t3|u2|v1|False|False|False|True|False,3,outside_small_selector:2;small_ratio_outside_high_sensitivity:1,2
g1|r0|1|t3|u2|v2|False|False|False|True|False,3,outside_small_selector:2;small_ratio_outside_high_sensitivity:1,2
g1|r0|2|t0|u0|v0|False|False|True|True|True,3,outside_small_selector:2;small_ratio_outside_high_sensitivity:1,2
g1|r0|2|t0|u0|v1|False|False|True|True|True,3,outside_small_selector:2;small_ratio_outside_high_sensitivity:1,2
g1|r0|2|t0|u0|v2|False|False|True|True|True,3,outside_small_selector:2;small_ratio_outside_high_sensitivity:1,2
g1|r0|2|t0|u1|v0|False|False|True|True|True,3,outside_small_selector:2;small_ratio_outside_high_sensitivity:1,2
g1|r0|2|t0|u1|v1|False|False|True|True|True,3,outside_small_selector:2;small_ratio_outside_high_sensitivity:1,2
g1|r0|2|t0|u1|v2|False|False|True|True|True,3,outside_small_selector:2;small_ratio_outside_high_sensitivity:1,2
g1|r0|2|t0|u2|v0|False|False|True|True|False,3,outside_small_selector:2;small_ratio_outside_high_sensitivity:1,2
g1|r0|2|t0|u2|v1|False|False|True|True|False,3,outside_small_selector:2;small_ratio_outside_high_sensitivity:1,2
g1|r0|2|t0|u2|v2|False|False|True|True|False,3,outside_small_selector:2;small_ratio_outside_high_sensitivity:1,2
g1|r0|2|t1|u0|v0|False|False|True|True|True,3,outside_small_selector:2;small_ratio_outside_high_sensitivity:1,2
g1|r0|2|t1|u0|v1|False|False|True|True|True,3,outside_small_selector:2;small_ratio_outside_high_sensitivity:1,2
g1|r0|2|t1|u0|v2|False|False|True|True|True,3,outside_small_selector:2;small_ratio_outside_high_sensitivity:1,2
g1|r0|2|t1|u1|v0|False|False|True|True|False,3,outside_small_selector:2;small_ratio_outside_high_sensitivity:1,2
g1|r0|2|t1|u1|v1|False|False|True|True|False,3,outside_small_selector:2;small_ratio_outside_high_sensitivity:1,2
g1|r0|2|t1|u1|v2|False|False|True|True|False,3,outside_small_selector:2;small_ratio_outside_high_sensitivity:1,2
g1|r0|2|t1|u2|v0|False|False|True|True|False,3,outside_small_selector:2;small_ratio_outside_high_sensitivity:1,2
g1|r0|2|t1|u2|v1|False|False|True|True|False,3,outside_small_selector:2;small_ratio_outside_high_sensitivity:1,2
g1|r0|2|t1|u2|v2|False|False|True|True|False,3,outside_small_selector:2;small_ratio_outside_high_sensitivity:1,2
g1|r0|2|t2|u0|v0|False|False|True|False|True,3,outside_small_selector:2;small_ratio_outside_high_sensitivity:1,2
g1|r0|2|t2|u0|v1|False|False|True|False|True,3,outside_small_selector:2;small_ratio_outside_high_sensitivity:1,2
g1|r0|2|t2|u0|v2|False|False|True|False|True,3,outside_small_selector:2;small_ratio_outside_high_sensitivity:1,2
g1|r0|2|t2|u1|v0|False|False|True|False|False,3,outside_small_selector:2;small_ratio_outside_high_sensitivity:1,2
g1|r0|2|t2|u1|v1|False|False|True|False|False,3,outside_small_selector:2;small_ratio_outside_high_sensitivity:1,2
g1|r0|2|t2|u1|v2|False|False|True|False|False,3,outside_small_selector:2;small_ratio_outside_high_sensitivity:1,2
g1|r0|2|t2|u2|v0|False|False|True|False|False,3,outside_small_selector:2;small_ratio_outside_high_sensitivity:1,2
g1|r0|2|t2|u2|v1|False|False|True|False|False,3,outside_small_selector:2;small_ratio_outside_high_sensitivity:1,2
g1|r0|2|t2|u2|v2|False|False|True|False|False,3,outside_small_selector:2;small_ratio_outside_high_sensitivity:1,2
g1|r0|2|t3|u0|v0|False|False|True|True|True,3,outside_small_selector:2;small_ratio_outside_high_sensitivity:1,2
g1|r0|2|t3|u0|v1|False|False|True|True|True,3,outside_small_selector:2;small_ratio_outside_high_sensitivity:1,2
g1|r0|2|t3|u0|v2|False|False|True|True|True,3,outside_small_selector:2;small_ratio_outside_high_sensitivity:1,2
g1|r0|2|t3|u1|v0|False|False|True|True|False,3,outside_small_selector:2;small_ratio_outside_high_sensitivity:1,2
g1|r0|2|t3|u1|v1|False|False|True|True|False,3,outside_small_selector:2;small_ratio_outside_high_sensitivity:1,2
g1|r0|2|t3|u1|v2|False|False|True|True|False,3,outside_small_selector:2;small_ratio_outside_high_sensitivity:1,2
g1|r0|2|t3|u2|v0|False|False|True|True|False,3,outside_small_selector:2;small_ratio_outside_high_sensitivity:1,2
g1|r0|2|t3|u2|v1|False|False|True|True|False,3,outside_small_selector:2;small_ratio_outside_high_sensitivity:1,2
g1|r0|2|t3|u2|v2|False|False|True|True|False,3,outside_small_selector:2;small_ratio_outside_high_sensitivity:1,2
g1|r0|3|t0|u0|v0|False|False|False|True|True,3,outside_small_selector:2;small_ratio_outside_high_sensitivity:1,2
g1|r0|3|t0|u0|v1|False|False|False|True|True,3,outside_small_selector:2;small_ratio_outside_high_sensitivity:1,2
g1|r0|3|t0|u0|v2|False|False|False|True|True,3,outside_small_selector:2;small_ratio_outside_high_sensitivity:1,2
g1|r0|3|t0|u1|v0|False|False|False|True|True,3,outside_small_selector:2;small_ratio_outside_high_sensitivity:1,2
g1|r0|3|t0|u1|v1|False|False|False|True|True,3,outside_small_selector:2;small_ratio_outside_high_sensitivity:1,2
g1|r0|3|t0|u1|v2|False|False|False|True|True,3,outside_small_selector:2;small_ratio_outside_high_sensitivity:1,2
g1|r0|3|t0|u2|v0|False|False|False|True|False,3,outside_small_selector:2;small_ratio_outside_high_sensitivity:1,2
g1|r0|3|t0|u2|v1|False|False|False|True|False,3,outside_small_selector:2;small_ratio_outside_high_sensitivity:1,2
g1|r0|3|t0|u2|v2|False|False|False|True|False,3,outside_small_selector:2;small_ratio_outside_high_sensitivity:1,2
g1|r0|3|t1|u0|v0|False|False|False|False|True,3,outside_small_selector:2;small_ratio_outside_high_sensitivity:1,2
g1|r0|3|t1|u0|v1|False|False|False|False|True,3,outside_small_selector:2;small_ratio_outside_high_sensitivity:1,2
g1|r0|3|t1|u0|v2|False|False|False|False|True,3,outside_small_selector:2;small_ratio_outside_high_sensitivity:1,2
g1|r0|3|t1|u1|v0|False|False|False|False|False,3,outside_small_selector:2;small_ratio_outside_high_sensitivity:1,2
g1|r0|3|t1|u1|v1|False|False|False|False|False,3,outside_small_selector:2;small_ratio_outside_high_sensitivity:1,2
g1|r0|3|t1|u1|v2|False|False|False|False|False,3,outside_small_selector:2;small_ratio_outside_high_sensitivity:1,2
g1|r0|3|t1|u2|v0|False|False|False|False|False,3,outside_small_selector:2;small_ratio_outside_high_sensitivity:1,2
g1|r0|3|t1|u2|v1|False|False|False|False|False,3,outside_small_selector:2;small_ratio_outside_high_sensitivity:1,2
g1|r0|3|t1|u2|v2|False|False|False|False|False,3,outside_small_selector:2;small_ratio_outside_high_sensitivity:1,2
g1|r0|3|t2|u0|v0|False|False|False|False|True,3,outside_small_selector:2;small_ratio_outside_high_sensitivity:1,2
g1|r0|3|t2|u0|v1|False|False|False|False|True,3,outside_small_selector:2;small_ratio_outside_high_sensitivity:1,2
g1|r0|3|t2|u0|v2|False|False|False|False|True,3,outside_small_selector:2;small_ratio_outside_high_sensitivity:1,2
g1|r0|3|t2|u1|v0|False|False|False|False|False,3,outside_small_selector:2;small_ratio_outside_high_sensitivity:1,2
g1|r0|3|t2|u1|v1|False|False|False|False|False,3,outside_small_selector:2;small_ratio_outside_high_sensitivity:1,2
g1|r0|3|t2|u1|v2|False|False|False|False|False,3,outside_small_selector:2;small_ratio_outside_high_sensitivity:1,2
g1|r0|3|t2|u2|v0|False|False|False|False|False,3,outside_small_selector:2;small_ratio_outside_high_sensitivity:1,2
g1|r0|3|t2|u2|v1|False|False|False|False|False,3,outside_small_selector:2;small_ratio_outside_high_sensitivity:1,2
g1|r0|3|t2|u2|v2|False|False|False|False|False,3,outside_small_selector:2;small_ratio_outside_high_sensitivity:1,2
g1|r0|3|t3|u0|v0|False|False|False|True|True,3,outside_small_selector:2;small_ratio_outside_high_sensitivity:1,2
g1|r0|3|t3|u0|v1|False|False|False|True|True,3,outside_small_selector:2;small_ratio_outside_high_sensitivity:1,2
g1|r0|3|t3|u0|v2|False|False|False|True|True,3,outside_small_selector:2;small_ratio_outside_high_sensitivity:1,2
g1|r0|3|t3|u1|v0|False|False|False|True|False,3,outside_small_selector:2;small_ratio_outside_high_sensitivity:1,2
g1|r0|3|t3|u1|v1|False|False|False|True|False,3,outside_small_selector:2;small_ratio_outside_high_sensitivity:1,2
g1|r0|3|t3|u1|v2|False|False|False|True|False,3,outside_small_selector:2;small_ratio_outside_high_sensitivity:1,2
g1|r0|3|t3|u2|v0|False|False|False|True|False,3,outside_small_selector:2;small_ratio_outside_high_sensitivity:1,2
g1|r0|3|t3|u2|v1|False|False|False|True|False,3,outside_small_selector:2;small_ratio_outside_high_sensitivity:1,2
g1|r0|3|t3|u2|v2|False|False|False|True|False,3,outside_small_selector:2;small_ratio_outside_high_sensitivity:1,2
g1|r0|4|t0|u0|v0|False|False|True|True|True,3,outside_small_selector:2;small_ratio_outside_high_sensitivity:1,2
g1|r0|4|t0|u0|v1|False|False|True|True|True,3,outside_small_selector:2;small_ratio_outside_high_sensitivity:1,2
g1|r0|4|t0|u0|v2|False|False|True|True|True,3,outside_small_selector:2;small_ratio_outside_high_sensitivity:1,2
g1|r0|4|t0|u1|v0|False|False|True|True|True,3,outside_small_selector:2;small_ratio_outside_high_sensitivity:1,2
g1|r0|4|t0|u1|v1|False|False|True|True|True,3,outside_small_selector:2;small_ratio_outside_high_sensitivity:1,2
g1|r0|4|t0|u1|v2|False|False|True|True|True,3,outside_small_selector:2;small_ratio_outside_high_sensitivity:1,2
g1|r0|4|t0|u2|v0|False|False|True|True|False,3,outside_small_selector:2;small_ratio_outside_high_sensitivity:1,2
g1|r0|4|t0|u2|v1|False|False|True|True|False,3,outside_small_selector:2;small_ratio_outside_high_sensitivity:1,2
g1|r0|4|t0|u2|v2|False|False|True|True|False,3,outside_small_selector:2;small_ratio_outside_high_sensitivity:1,2
g1|r0|4|t1|u0|v0|False|False|True|False|True,3,outside_small_selector:2;small_ratio_outside_high_sensitivity:1,2
g1|r0|4|t1|u0|v1|False|False|True|False|True,3,outside_small_selector:2;small_ratio_outside_high_sensitivity:1,2
g1|r0|4|t1|u0|v2|False|False|True|False|True,3,outside_small_selector:2;small_ratio_outside_high_sensitivity:1,2
g1|r0|4|t1|u1|v0|False|False|True|False|False,3,outside_small_selector:2;small_ratio_outside_high_sensitivity:1,2
g1|r0|4|t1|u1|v1|False|False|True|False|False,3,outside_small_selector:2;small_ratio_outside_high_sensitivity:1,2
g1|r0|4|t1|u1|v2|False|False|True|False|False,3,outside_small_selector:2;small_ratio_outside_high_sensitivity:1,2
g1|r0|4|t1|u2|v0|False|False|True|False|False,3,outside_small_selector:2;small_ratio_outside_high_sensitivity:1,2
g1|r0|4|t1|u2|v1|False|False|True|False|False,3,outside_small_selector:2;small_ratio_outside_high_sensitivity:1,2
g1|r0|4|t1|u2|v2|False|False|True|False|False,3,outside_small_selector:2;small_ratio_outside_high_sensitivity:1,2
g1|r0|4|t2|u0|v0|False|False|True|False|True,3,outside_small_selector:2;small_ratio_outside_high_sensitivity:1,2
g1|r0|4|t2|u0|v1|False|False|True|False|True,3,outside_small_selector:2;small_ratio_outside_high_sensitivity:1,2
g1|r0|4|t2|u0|v2|False|False|True|False|True,3,outside_small_selector:2;small_ratio_outside_high_sensitivity:1,2
g1|r0|4|t2|u1|v0|False|False|True|False|False,3,outside_small_selector:2;small_ratio_outside_high_sensitivity:1,2
g1|r0|4|t2|u1|v1|False|False|True|False|False,3,outside_small_selector:2;small_ratio_outside_high_sensitivity:1,2
g1|r0|4|t2|u1|v2|False|False|True|False|False,3,outside_small_selector:2;small_ratio_outside_high_sensitivity:1,2
g1|r0|4|t2|u2|v0|False|False|True|False|False,3,outside_small_selector:2;small_ratio_outside_high_sensitivity:1,2
g1|r0|4|t2|u2|v1|False|False|True|False|False,3,outside_small_selector:2;small_ratio_outside_high_sensitivity:1,2
g1|r0|4|t2|u2|v2|False|False|True|False|False,3,outside_small_selector:2;small_ratio_outside_high_sensitivity:1,2
g1|r0|4|t3|u0|v0|False|False|True|True|True,3,outside_small_selector:2;small_ratio_outside_high_sensitivity:1,2
g1|r0|4|t3|u0|v1|False|False|True|True|True,3,outside_small_selector:2;small_ratio_outside_high_sensitivity:1,2
g1|r0|4|t3|u0|v2|False|False|True|True|True,3,outside_small_selector:2;small_ratio_outside_high_sensitivity:1,2
g1|r0|4|t3|u1|v0|False|False|True|True|False,3,outside_small_selector:2;small_ratio_outside_high_sensitivity:1,2
g1|r0|4|t3|u1|v1|False|False|True|True|False,3,outside_small_selector:2;small_ratio_outside_high_sensitivity:1,2
g1|r0|4|t3|u1|v2|False|False|True|True|False,3,outside_small_selector:2;small_ratio_outside_high_sensitivity:1,2
g1|r0|4|t3|u2|v0|False|False|True|True|False,3,outside_small_selector:2;small_ratio_outside_high_sensitivity:1,2
g1|r0|4|t3|u2|v1|False|False|True|True|False,3,outside_small_selector:2;small_ratio_outside_high_sensitivity:1,2
g1|r0|4|t3|u2|v2|False|False|True|True|False,3,outside_small_selector:2;small_ratio_outside_high_sensitivity:1,2
g1|r0|5|t0|u0|v0|False|False|False|True|True,3,outside_small_selector:2;small_selector_region:1,2
g1|r0|5|t0|u0|v1|False|False|False|True|True,3,outside_small_selector:2;small_selector_region:1,2
g1|r0|5|t0|u0|v2|False|False|False|True|True,3,outside_small_selector:2;small_selector_region:1,2
g1|r0|5|t0|u1|v0|False|False|False|True|True,3,outside_small_selector:2;small_selector_region:1,2
g1|r0|5|t0|u1|v1|False|False|False|True|True,3,outside_small_selector:2;small_selector_region:1,2
g1|r0|5|t0|u1|v2|False|False|False|True|True,3,outside_small_selector:2;small_selector_region:1,2
g1|r0|5|t0|u2|v0|False|False|False|True|False,3,outside_small_selector:2;small_selector_region:1,2
g1|r0|5|t0|u2|v1|False|False|False|True|False,3,outside_small_selector:2;small_selector_region:1,2
g1|r0|5|t0|u2|v2|False|False|False|True|False,3,outside_small_selector:2;small_selector_region:1,2
g1|r0|5|t1|u0|v0|False|False|False|False|True,3,outside_small_selector:2;small_ratio_outside_high_sensitivity:1,2
g1|r0|5|t1|u0|v1|False|False|False|False|True,3,outside_small_selector:2;small_ratio_outside_high_sensitivity:1,2
g1|r0|5|t1|u0|v2|False|False|False|False|True,3,outside_small_selector:2;small_ratio_outside_high_sensitivity:1,2
g1|r0|5|t1|u1|v0|False|False|False|False|False,3,outside_small_selector:2;small_ratio_outside_high_sensitivity:1,2
g1|r0|5|t1|u1|v1|False|False|False|False|False,3,outside_small_selector:2;small_ratio_outside_high_sensitivity:1,2
g1|r0|5|t1|u1|v2|False|False|False|False|False,3,outside_small_selector:2;small_ratio_outside_high_sensitivity:1,2
g1|r0|5|t1|u2|v0|False|False|False|False|False,3,outside_small_selector:2;small_ratio_outside_high_sensitivity:1,2
g1|r0|5|t1|u2|v1|False|False|False|False|False,3,outside_small_selector:2;small_ratio_outside_high_sensitivity:1,2
g1|r0|5|t1|u2|v2|False|False|False|False|False,3,outside_small_selector:2;small_ratio_outside_high_sensitivity:1,2
g1|r0|5|t2|u0|v0|False|False|False|False|True,3,outside_small_selector:2;small_ratio_outside_high_sensitivity:1,2
g1|r0|5|t2|u0|v1|False|False|False|False|True,3,outside_small_selector:2;small_ratio_outside_high_sensitivity:1,2
g1|r0|5|t2|u0|v2|False|False|False|False|True,3,outside_small_selector:2;small_ratio_outside_high_sensitivity:1,2
g1|r0|5|t2|u1|v0|False|False|False|False|False,3,outside_small_selector:2;small_ratio_outside_high_sensitivity:1,2
g1|r0|5|t2|u1|v1|False|False|False|False|False,3,outside_small_selector:2;small_ratio_outside_high_sensitivity:1,2
g1|r0|5|t2|u1|v2|False|False|False|False|False,3,outside_small_selector:2;small_ratio_outside_high_sensitivity:1,2
g1|r0|5|t2|u2|v0|False|False|False|False|False,3,outside_small_selector:2;small_ratio_outside_high_sensitivity:1,2
g1|r0|5|t2|u2|v1|False|False|False|False|False,3,outside_small_selector:2;small_ratio_outside_high_sensitivity:1,2
g1|r0|5|t2|u2|v2|False|False|False|False|False,3,outside_small_selector:2;small_ratio_outside_high_sensitivity:1,2
g1|r0|5|t3|u0|v0|False|False|False|True|True,3,outside_small_selector:2;small_ratio_outside_high_sensitivity:1,2
g1|r0|5|t3|u0|v1|False|False|False|True|True,3,outside_small_selector:2;small_ratio_outside_high_sensitivity:1,2
g1|r0|5|t3|u0|v2|False|False|False|True|True,3,outside_small_selector:2;small_ratio_outside_high_sensitivity:1,2
g1|r0|5|t3|u1|v0|False|False|False|True|False,3,outside_small_selector:2;small_ratio_outside_high_sensitivity:1,2
g1|r0|5|t3|u1|v1|False|False|False|True|False,3,outside_small_selector:2;small_ratio_outside_high_sensitivity:1,2
g1|r0|5|t3|u1|v2|False|False|False|True|False,3,outside_small_selector:2;small_ratio_outside_high_sensitivity:1,2
g1|r0|5|t3|u2|v0|False|False|False|True|False,3,outside_small_selector:2;small_ratio_outside_high_sensitivity:1,2
g1|r0|5|t3|u2|v1|False|False|False|True|False,3,outside_small_selector:2;small_ratio_outside_high_sensitivity:1,2
g1|r0|5|t3|u2|v2|False|False|False|True|False,3,outside_small_selector:2;small_ratio_outside_high_sensitivity:1,2
g1|r1|1|t0|u0|v0|True|True|False|True|True,3,outside_small_selector:2;small_ratio_outside_high_sensitivity:1,2
g1|r1|1|t0|u0|v1|True|True|False|True|True,3,outside_small_selector:2;small_ratio_outside_high_sensitivity:1,2
g1|r1|1|t0|u0|v2|True|True|False|True|True,3,outside_small_selector:2;small_ratio_outside_high_sensitivity:1,2
g1|r1|1|t0|u1|v0|True|True|False|True|True,3,outside_small_selector:2;small_ratio_outside_high_sensitivity:1,2
g1|r1|1|t0|u1|v1|True|True|False|True|True,3,outside_small_selector:2;small_ratio_outside_high_sensitivity:1,2
g1|r1|1|t0|u1|v2|True|True|False|True|True,3,outside_small_selector:2;small_ratio_outside_high_sensitivity:1,2
g1|r1|1|t0|u2|v0|True|True|False|True|False,3,outside_small_selector:2;small_ratio_outside_high_sensitivity:1,2
g1|r1|1|t0|u2|v1|True|True|False|True|False,3,outside_small_selector:2;small_ratio_outside_high_sensitivity:1,2
g1|r1|1|t0|u2|v2|True|True|False|True|False,3,outside_small_selector:2;small_ratio_outside_high_sensitivity:1,2
g1|r1|1|t1|u0|v0|True|True|False|True|True,3,outside_small_selector:2;small_ratio_outside_high_sensitivity:1,2
g1|r1|1|t1|u0|v1|True|True|False|True|True,3,outside_small_selector:2;small_ratio_outside_high_sensitivity:1,2
g1|r1|1|t1|u0|v2|True|True|False|True|True,3,outside_small_selector:2;small_ratio_outside_high_sensitivity:1,2
g1|r1|1|t1|u1|v0|True|True|False|True|False,3,outside_small_selector:2;small_ratio_outside_high_sensitivity:1,2
g1|r1|1|t1|u1|v1|True|True|False|True|False,3,outside_small_selector:2;small_ratio_outside_high_sensitivity:1,2
g1|r1|1|t1|u1|v2|True|True|False|True|False,3,outside_small_selector:2;small_ratio_outside_high_sensitivity:1,2
g1|r1|1|t1|u2|v0|True|True|False|True|False,3,outside_small_selector:2;small_ratio_outside_high_sensitivity:1,2
g1|r1|1|t1|u2|v1|True|True|False|True|False,3,outside_small_selector:2;small_ratio_outside_high_sensitivity:1,2
g1|r1|1|t1|u2|v2|True|True|False|True|False,3,outside_small_selector:2;small_ratio_outside_high_sensitivity:1,2
g1|r1|1|t2|u0|v0|True|True|False|False|True,3,outside_small_selector:2;small_ratio_outside_high_sensitivity:1,2
g1|r1|1|t2|u0|v1|True|True|False|False|True,3,outside_small_selector:2;small_ratio_outside_high_sensitivity:1,2
g1|r1|1|t2|u0|v2|True|True|False|False|True,3,outside_small_selector:2;small_ratio_outside_high_sensitivity:1,2
g1|r1|1|t2|u1|v0|True|True|False|False|False,3,outside_small_selector:2;small_ratio_outside_high_sensitivity:1,2
g1|r1|1|t2|u1|v1|True|True|False|False|False,3,outside_small_selector:2;small_ratio_outside_high_sensitivity:1,2
g1|r1|1|t2|u1|v2|True|True|False|False|False,3,outside_small_selector:2;small_ratio_outside_high_sensitivity:1,2
g1|r1|1|t2|u2|v0|True|True|False|False|False,3,outside_small_selector:2;small_ratio_outside_high_sensitivity:1,2
g1|r1|1|t2|u2|v1|True|True|False|False|False,3,outside_small_selector:2;small_ratio_outside_high_sensitivity:1,2
g1|r1|1|t2|u2|v2|True|True|False|False|False,3,outside_small_selector:2;small_ratio_outside_high_sensitivity:1,2
g1|r1|1|t3|u0|v0|True|True|False|True|True,3,outside_small_selector:2;small_ratio_outside_high_sensitivity:1,2
g1|r1|1|t3|u0|v1|True|True|False|True|True,3,outside_small_selector:2;small_ratio_outside_high_sensitivity:1,2
g1|r1|1|t3|u0|v2|True|True|False|True|True,3,outside_small_selector:2;small_ratio_outside_high_sensitivity:1,2
g1|r1|1|t3|u1|v0|True|True|False|True|False,3,outside_small_selector:2;small_ratio_outside_high_sensitivity:1,2
g1|r1|1|t3|u1|v1|True|True|False|True|False,3,outside_small_selector:2;small_ratio_outside_high_sensitivity:1,2
g1|r1|1|t3|u1|v2|True|True|False|True|False,3,outside_small_selector:2;small_ratio_outside_high_sensitivity:1,2
g1|r1|1|t3|u2|v0|True|True|False|True|False,3,outside_small_selector:2;small_ratio_outside_high_sensitivity:1,2
g1|r1|1|t3|u2|v1|True|True|False|True|False,3,outside_small_selector:2;small_ratio_outside_high_sensitivity:1,2
g1|r1|1|t3|u2|v2|True|True|False|True|False,3,outside_small_selector:2;small_ratio_outside_high_sensitivity:1,2
g1|r1|2|t0|u0|v0|True|True|True|True|True,3,outside_small_selector:2;small_ratio_outside_high_sensitivity:1,2
g1|r1|2|t0|u0|v1|True|True|True|True|True,3,outside_small_selector:2;small_ratio_outside_high_sensitivity:1,2
g1|r1|2|t0|u0|v2|True|True|True|True|True,3,outside_small_selector:2;small_ratio_outside_high_sensitivity:1,2
g1|r1|2|t0|u1|v0|True|True|True|True|True,3,outside_small_selector:2;small_ratio_outside_high_sensitivity:1,2
g1|r1|2|t0|u1|v1|True|True|True|True|True,3,outside_small_selector:2;small_ratio_outside_high_sensitivity:1,2
g1|r1|2|t0|u1|v2|True|True|True|True|True,3,outside_small_selector:2;small_ratio_outside_high_sensitivity:1,2
g1|r1|2|t0|u2|v0|True|True|True|True|False,3,outside_small_selector:2;small_ratio_outside_high_sensitivity:1,2
g1|r1|2|t0|u2|v1|True|True|True|True|False,3,outside_small_selector:2;small_ratio_outside_high_sensitivity:1,2
g1|r1|2|t0|u2|v2|True|True|True|True|False,3,outside_small_selector:2;small_ratio_outside_high_sensitivity:1,2
g1|r1|2|t1|u0|v0|True|True|True|True|True,3,outside_small_selector:2;small_ratio_outside_high_sensitivity:1,2
g1|r1|2|t1|u0|v1|True|True|True|True|True,3,outside_small_selector:2;small_ratio_outside_high_sensitivity:1,2
g1|r1|2|t1|u0|v2|True|True|True|True|True,3,outside_small_selector:2;small_ratio_outside_high_sensitivity:1,2
g1|r1|2|t1|u1|v0|True|True|True|True|False,3,outside_small_selector:2;small_ratio_outside_high_sensitivity:1,2
g1|r1|2|t1|u1|v1|True|True|True|True|False,3,outside_small_selector:2;small_ratio_outside_high_sensitivity:1,2
g1|r1|2|t1|u1|v2|True|True|True|True|False,3,outside_small_selector:2;small_ratio_outside_high_sensitivity:1,2
g1|r1|2|t1|u2|v0|True|True|True|True|False,3,outside_small_selector:2;small_ratio_outside_high_sensitivity:1,2
g1|r1|2|t1|u2|v1|True|True|True|True|False,3,outside_small_selector:2;small_ratio_outside_high_sensitivity:1,2
g1|r1|2|t1|u2|v2|True|True|True|True|False,3,outside_small_selector:2;small_ratio_outside_high_sensitivity:1,2
g1|r1|2|t2|u0|v0|True|True|True|False|True,3,outside_small_selector:2;small_ratio_outside_high_sensitivity:1,2
g1|r1|2|t2|u0|v1|True|True|True|False|True,3,outside_small_selector:2;small_ratio_outside_high_sensitivity:1,2
g1|r1|2|t2|u0|v2|True|True|True|False|True,3,outside_small_selector:2;small_ratio_outside_high_sensitivity:1,2
g1|r1|2|t2|u1|v0|True|True|True|False|False,3,outside_small_selector:2;small_ratio_outside_high_sensitivity:1,2
g1|r1|2|t2|u1|v1|True|True|True|False|False,3,outside_small_selector:2;small_ratio_outside_high_sensitivity:1,2
g1|r1|2|t2|u1|v2|True|True|True|False|False,3,outside_small_selector:2;small_ratio_outside_high_sensitivity:1,2
g1|r1|2|t2|u2|v0|True|True|True|False|False,3,outside_small_selector:2;small_ratio_outside_high_sensitivity:1,2
g1|r1|2|t2|u2|v1|True|True|True|False|False,3,outside_small_selector:2;small_ratio_outside_high_sensitivity:1,2
g1|r1|2|t2|u2|v2|True|True|True|False|False,3,outside_small_selector:2;small_ratio_outside_high_sensitivity:1,2
g1|r1|2|t3|u0|v0|True|True|True|True|True,3,outside_small_selector:2;small_ratio_outside_high_sensitivity:1,2
g1|r1|2|t3|u0|v1|True|True|True|True|True,3,outside_small_selector:2;small_ratio_outside_high_sensitivity:1,2
g1|r1|2|t3|u0|v2|True|True|True|True|True,3,outside_small_selector:2;small_ratio_outside_high_sensitivity:1,2
g1|r1|2|t3|u1|v0|True|True|True|True|False,3,outside_small_selector:2;small_ratio_outside_high_sensitivity:1,2
g1|r1|2|t3|u1|v1|True|True|True|True|False,3,outside_small_selector:2;small_ratio_outside_high_sensitivity:1,2
g1|r1|2|t3|u1|v2|True|True|True|True|False,3,outside_small_selector:2;small_ratio_outside_high_sensitivity:1,2
g1|r1|2|t3|u2|v0|True|True|True|True|False,3,outside_small_selector:2;small_ratio_outside_high_sensitivity:1,2
g1|r1|2|t3|u2|v1|True|True|True|True|False,3,outside_small_selector:2;small_ratio_outside_high_sensitivity:1,2
g1|r1|2|t3|u2|v2|True|True|True|True|False,3,outside_small_selector:2;small_ratio_outside_high_sensitivity:1,2
g1|r1|3|t0|u0|v0|True|True|False|True|True,3,outside_small_selector:2;small_ratio_outside_high_sensitivity:1,2
g1|r1|3|t0|u0|v1|True|True|False|True|True,3,outside_small_selector:2;small_ratio_outside_high_sensitivity:1,2
g1|r1|3|t0|u0|v2|True|True|False|True|True,3,outside_small_selector:2;small_ratio_outside_high_sensitivity:1,2
g1|r1|3|t0|u1|v0|True|True|False|True|True,3,outside_small_selector:2;small_ratio_outside_high_sensitivity:1,2
g1|r1|3|t0|u1|v1|True|True|False|True|True,3,outside_small_selector:2;small_ratio_outside_high_sensitivity:1,2
g1|r1|3|t0|u1|v2|True|True|False|True|True,3,outside_small_selector:2;small_ratio_outside_high_sensitivity:1,2
g1|r1|3|t0|u2|v0|True|True|False|True|False,3,outside_small_selector:2;small_ratio_outside_high_sensitivity:1,2
g1|r1|3|t0|u2|v1|True|True|False|True|False,3,outside_small_selector:2;small_ratio_outside_high_sensitivity:1,2
g1|r1|3|t0|u2|v2|True|True|False|True|False,3,outside_small_selector:2;small_ratio_outside_high_sensitivity:1,2
g1|r1|3|t1|u0|v0|True|True|False|False|True,3,outside_small_selector:2;small_ratio_outside_high_sensitivity:1,2
g1|r1|3|t1|u0|v1|True|True|False|False|True,3,outside_small_selector:2;small_ratio_outside_high_sensitivity:1,2
g1|r1|3|t1|u0|v2|True|True|False|False|True,3,outside_small_selector:2;small_ratio_outside_high_sensitivity:1,2
g1|r1|3|t1|u1|v0|True|True|False|False|False,3,outside_small_selector:2;small_ratio_outside_high_sensitivity:1,2
g1|r1|3|t1|u1|v1|True|True|False|False|False,3,outside_small_selector:2;small_ratio_outside_high_sensitivity:1,2
g1|r1|3|t1|u1|v2|True|True|False|False|False,3,outside_small_selector:2;small_ratio_outside_high_sensitivity:1,2
g1|r1|3|t1|u2|v0|True|True|False|False|False,3,outside_small_selector:2;small_ratio_outside_high_sensitivity:1,2
g1|r1|3|t1|u2|v1|True|True|False|False|False,3,outside_small_selector:2;small_ratio_outside_high_sensitivity:1,2
g1|r1|3|t1|u2|v2|True|True|False|False|False,3,outside_small_selector:2;small_ratio_outside_high_sensitivity:1,2
g1|r1|3|t2|u0|v0|True|True|False|False|True,3,outside_small_selector:2;small_ratio_outside_high_sensitivity:1,2
g1|r1|3|t2|u0|v1|True|True|False|False|True,3,outside_small_selector:2;small_ratio_outside_high_sensitivity:1,2
g1|r1|3|t2|u0|v2|True|True|False|False|True,3,outside_small_selector:2;small_ratio_outside_high_sensitivity:1,2
g1|r1|3|t2|u1|v0|True|True|False|False|False,3,outside_small_selector:2;small_ratio_outside_high_sensitivity:1,2
g1|r1|3|t2|u1|v1|True|True|False|False|False,3,outside_small_selector:2;small_ratio_outside_high_sensitivity:1,2
g1|r1|3|t2|u1|v2|True|True|False|False|False,3,outside_small_selector:2;small_ratio_outside_high_sensitivity:1,2
g1|r1|3|t2|u2|v0|True|True|False|False|False,3,outside_small_selector:2;small_ratio_outside_high_sensitivity:1,2
g1|r1|3|t2|u2|v1|True|True|False|False|False,3,outside_small_selector:2;small_ratio_outside_high_sensitivity:1,2
g1|r1|3|t2|u2|v2|True|True|False|False|False,3,outside_small_selector:2;small_ratio_outside_high_sensitivity:1,2
g1|r1|3|t3|u0|v0|True|True|False|True|True,3,outside_small_selector:2;small_ratio_outside_high_sensitivity:1,2
g1|r1|3|t3|u0|v1|True|True|False|True|True,3,outside_small_selector:2;small_ratio_outside_high_sensitivity:1,2
g1|r1|3|t3|u0|v2|True|True|False|True|True,3,outside_small_selector:2;small_ratio_outside_high_sensitivity:1,2
g1|r1|3|t3|u1|v0|True|True|False|True|False,3,outside_small_selector:2;small_ratio_outside_high_sensitivity:1,2
g1|r1|3|t3|u1|v1|True|True|False|True|False,3,outside_small_selector:2;small_ratio_outside_high_sensitivity:1,2
g1|r1|3|t3|u1|v2|True|True|False|True|False,3,outside_small_selector:2;small_ratio_outside_high_sensitivity:1,2
g1|r1|3|t3|u2|v0|True|True|False|True|False,3,outside_small_selector:2;small_ratio_outside_high_sensitivity:1,2
g1|r1|3|t3|u2|v1|True|True|False|True|False,3,outside_small_selector:2;small_ratio_outside_high_sensitivity:1,2
g1|r1|3|t3|u2|v2|True|True|False|True|False,3,outside_small_selector:2;small_ratio_outside_high_sensitivity:1,2
g1|r1|4|t0|u0|v0|True|True|True|True|True,3,outside_small_selector:2;small_ratio_outside_high_sensitivity:1,2
g1|r1|4|t0|u0|v1|True|True|True|True|True,3,outside_small_selector:2;small_ratio_outside_high_sensitivity:1,2
g1|r1|4|t0|u0|v2|True|True|True|True|True,3,outside_small_selector:2;small_ratio_outside_high_sensitivity:1,2
g1|r1|4|t0|u1|v0|True|True|True|True|True,3,outside_small_selector:2;small_ratio_outside_high_sensitivity:1,2
g1|r1|4|t0|u1|v1|True|True|True|True|True,3,outside_small_selector:2;small_ratio_outside_high_sensitivity:1,2
g1|r1|4|t0|u1|v2|True|True|True|True|True,3,outside_small_selector:2;small_ratio_outside_high_sensitivity:1,2
g1|r1|4|t0|u2|v0|True|True|True|True|False,3,outside_small_selector:2;small_ratio_outside_high_sensitivity:1,2
g1|r1|4|t0|u2|v1|True|True|True|True|False,3,outside_small_selector:2;small_ratio_outside_high_sensitivity:1,2
g1|r1|4|t0|u2|v2|True|True|True|True|False,3,outside_small_selector:2;small_ratio_outside_high_sensitivity:1,2
g1|r1|4|t1|u0|v0|True|True|True|False|True,3,outside_small_selector:2;small_ratio_outside_high_sensitivity:1,2
g1|r1|4|t1|u0|v1|True|True|True|False|True,3,outside_small_selector:2;small_ratio_outside_high_sensitivity:1,2
g1|r1|4|t1|u0|v2|True|True|True|False|True,3,outside_small_selector:2;small_ratio_outside_high_sensitivity:1,2
g1|r1|4|t1|u1|v0|True|True|True|False|False,3,outside_small_selector:2;small_ratio_outside_high_sensitivity:1,2
g1|r1|4|t1|u1|v1|True|True|True|False|False,3,outside_small_selector:2;small_ratio_outside_high_sensitivity:1,2
g1|r1|4|t1|u1|v2|True|True|True|False|False,3,outside_small_selector:2;small_ratio_outside_high_sensitivity:1,2
g1|r1|4|t1|u2|v0|True|True|True|False|False,3,outside_small_selector:2;small_ratio_outside_high_sensitivity:1,2
g1|r1|4|t1|u2|v1|True|True|True|False|False,3,outside_small_selector:2;small_ratio_outside_high_sensitivity:1,2
g1|r1|4|t1|u2|v2|True|True|True|False|False,3,outside_small_selector:2;small_ratio_outside_high_sensitivity:1,2
g1|r1|4|t2|u0|v0|True|True|True|False|True,3,outside_small_selector:2;small_ratio_outside_high_sensitivity:1,2
g1|r1|4|t2|u0|v1|True|True|True|False|True,3,outside_small_selector:2;small_ratio_outside_high_sensitivity:1,2
g1|r1|4|t2|u0|v2|True|True|True|False|True,3,outside_small_selector:2;small_ratio_outside_high_sensitivity:1,2
g1|r1|4|t2|u1|v0|True|True|True|False|False,3,outside_small_selector:2;small_ratio_outside_high_sensitivity:1,2
g1|r1|4|t2|u1|v1|True|True|True|False|False,3,outside_small_selector:2;small_ratio_outside_high_sensitivity:1,2
g1|r1|4|t2|u1|v2|True|True|True|False|False,3,outside_small_selector:2;small_ratio_outside_high_sensitivity:1,2
g1|r1|4|t2|u2|v0|True|True|True|False|False,3,outside_small_selector:2;small_ratio_outside_high_sensitivity:1,2
g1|r1|4|t2|u2|v1|True|True|True|False|False,3,outside_small_selector:2;small_ratio_outside_high_sensitivity:1,2
g1|r1|4|t2|u2|v2|True|True|True|False|False,3,outside_small_selector:2;small_ratio_outside_high_sensitivity:1,2
g1|r1|4|t3|u0|v0|True|True|True|True|True,3,outside_small_selector:2;small_ratio_outside_high_sensitivity:1,2
g1|r1|4|t3|u0|v1|True|True|True|True|True,3,outside_small_selector:2;small_ratio_outside_high_sensitivity:1,2
g1|r1|4|t3|u0|v2|True|True|True|True|True,3,outside_small_selector:2;small_ratio_outside_high_sensitivity:1,2
g1|r1|4|t3|u1|v0|True|True|True|True|False,3,outside_small_selector:2;small_ratio_outside_high_sensitivity:1,2
g1|r1|4|t3|u1|v1|True|True|True|True|False,3,outside_small_selector:2;small_ratio_outside_high_sensitivity:1,2
g1|r1|4|t3|u1|v2|True|True|True|True|False,3,outside_small_selector:2;small_ratio_outside_high_sensitivity:1,2
g1|r1|4|t3|u2|v0|True|True|True|True|False,3,outside_small_selector:2;small_ratio_outside_high_sensitivity:1,2
g1|r1|4|t3|u2|v1|True|True|True|True|False,3,outside_small_selector:2;small_ratio_outside_high_sensitivity:1,2
g1|r1|4|t3|u2|v2|True|True|True|True|False,3,outside_small_selector:2;small_ratio_outside_high_sensitivity:1,2
g1|r1|5|t0|u0|v0|True|True|False|True|True,3,outside_small_selector:2;small_selector_region:1,2
g1|r1|5|t0|u0|v1|True|True|False|True|True,3,outside_small_selector:2;small_selector_region:1,2
g1|r1|5|t0|u0|v2|True|True|False|True|True,3,outside_small_selector:2;small_selector_region:1,2
g1|r1|5|t0|u1|v0|True|True|False|True|True,3,outside_small_selector:2;small_selector_region:1,2
g1|r1|5|t0|u1|v1|True|True|False|True|True,3,outside_small_selector:2;small_selector_region:1,2
g1|r1|5|t0|u1|v2|True|True|False|True|True,3,outside_small_selector:2;small_selector_region:1,2
g1|r1|5|t0|u2|v0|True|True|False|True|False,3,outside_small_selector:2;small_selector_region:1,2
g1|r1|5|t0|u2|v1|True|True|False|True|False,3,outside_small_selector:2;small_selector_region:1,2
g1|r1|5|t0|u2|v2|True|True|False|True|False,3,outside_small_selector:2;small_selector_region:1,2
g1|r1|5|t1|u0|v0|True|True|False|False|True,3,outside_small_selector:2;small_ratio_outside_high_sensitivity:1,2
g1|r1|5|t1|u0|v1|True|True|False|False|True,3,outside_small_selector:2;small_ratio_outside_high_sensitivity:1,2
g1|r1|5|t1|u0|v2|True|True|False|False|True,3,outside_small_selector:2;small_ratio_outside_high_sensitivity:1,2
g1|r1|5|t1|u1|v0|True|True|False|False|False,3,outside_small_selector:2;small_ratio_outside_high_sensitivity:1,2
g1|r1|5|t1|u1|v1|True|True|False|False|False,3,outside_small_selector:2;small_ratio_outside_high_sensitivity:1,2
g1|r1|5|t1|u1|v2|True|True|False|False|False,3,outside_small_selector:2;small_ratio_outside_high_sensitivity:1,2
g1|r1|5|t1|u2|v0|True|True|False|False|False,3,outside_small_selector:2;small_ratio_outside_high_sensitivity:1,2
g1|r1|5|t1|u2|v1|True|True|False|False|False,3,outside_small_selector:2;small_ratio_outside_high_sensitivity:1,2
g1|r1|5|t1|u2|v2|True|True|False|False|False,3,outside_small_selector:2;small_ratio_outside_high_sensitivity:1,2
g1|r1|5|t2|u0|v0|True|True|False|False|True,3,outside_small_selector:2;small_ratio_outside_high_sensitivity:1,2
g1|r1|5|t2|u0|v1|True|True|False|False|True,3,outside_small_selector:2;small_ratio_outside_high_sensitivity:1,2
g1|r1|5|t2|u0|v2|True|True|False|False|True,3,outside_small_selector:2;small_ratio_outside_high_sensitivity:1,2
g1|r1|5|t2|u1|v0|True|True|False|False|False,3,outside_small_selector:2;small_ratio_outside_high_sensitivity:1,2
g1|r1|5|t2|u1|v1|True|True|False|False|False,3,outside_small_selector:2;small_ratio_outside_high_sensitivity:1,2
g1|r1|5|t2|u1|v2|True|True|False|False|False,3,outside_small_selector:2;small_ratio_outside_high_sensitivity:1,2
g1|r1|5|t2|u2|v0|True|True|False|False|False,3,outside_small_selector:2;small_ratio_outside_high_sensitivity:1,2
g1|r1|5|t2|u2|v1|True|True|False|False|False,3,outside_small_selector:2;small_ratio_outside_high_sensitivity:1,2
g1|r1|5|t2|u2|v2|True|True|False|False|False,3,outside_small_selector:2;small_ratio_outside_high_sensitivity:1,2
g1|r1|5|t3|u0|v0|True|True|False|True|True,3,outside_small_selector:2;small_ratio_outside_high_sensitivity:1,2
g1|r1|5|t3|u0|v1|True|True|False|True|True,3,outside_small_selector:2;small_ratio_outside_high_sensitivity:1,2
g1|r1|5|t3|u0|v2|True|True|False|True|True,3,outside_small_selector:2;small_ratio_outside_high_sensitivity:1,2
g1|r1|5|t3|u1|v0|True|True|False|True|False,3,outside_small_selector:2;small_ratio_outside_high_sensitivity:1,2
g1|r1|5|t3|u1|v1|True|True|False|True|False,3,outside_small_selector:2;small_ratio_outside_high_sensitivity:1,2
g1|r1|5|t3|u1|v2|True|True|False|True|False,3,outside_small_selector:2;small_ratio_outside_high_sensitivity:1,2
g1|r1|5|t3|u2|v0|True|True|False|True|False,3,outside_small_selector:2;small_ratio_outside_high_sensitivity:1,2
g1|r1|5|t3|u2|v1|True|True|False|True|False,3,outside_small_selector:2;small_ratio_outside_high_sensitivity:1,2
g1|r1|5|t3|u2|v2|True|True|False|True|False,3,outside_small_selector:2;small_ratio_outside_high_sensitivity:1,2
g1|r2|1|t0|u0|v0|False|True|False|False|True,3,outside_small_selector:2;small_ratio_outside_high_sensitivity:1,2
g1|r2|1|t0|u0|v1|False|True|False|False|True,3,outside_small_selector:2;small_ratio_outside_high_sensitivity:1,2
g1|r2|1|t0|u0|v2|False|True|False|False|True,3,outside_small_selector:2;small_ratio_outside_high_sensitivity:1,2
g1|r2|1|t0|u1|v0|False|True|False|False|False,3,outside_small_selector:2;small_ratio_outside_high_sensitivity:1,2
g1|r2|1|t0|u1|v1|False|True|False|False|False,3,outside_small_selector:2;small_ratio_outside_high_sensitivity:1,2
g1|r2|1|t0|u1|v2|False|True|False|False|False,3,outside_small_selector:2;small_ratio_outside_high_sensitivity:1,2
g1|r2|1|t0|u2|v0|False|True|False|False|False,3,outside_small_selector:2;small_ratio_outside_high_sensitivity:1,2
g1|r2|1|t0|u2|v1|False|True|False|False|False,3,outside_small_selector:2;small_ratio_outside_high_sensitivity:1,2
g1|r2|1|t0|u2|v2|False|True|False|False|False,3,outside_small_selector:2;small_ratio_outside_high_sensitivity:1,2
g1|r2|1|t1|u0|v0|False|True|False|False|True,3,outside_small_selector:2;small_ratio_outside_high_sensitivity:1,2
g1|r2|1|t1|u0|v1|False|True|False|False|True,3,outside_small_selector:2;small_ratio_outside_high_sensitivity:1,2
g1|r2|1|t1|u0|v2|False|True|False|False|True,3,outside_small_selector:2;small_ratio_outside_high_sensitivity:1,2
g1|r2|1|t1|u1|v0|False|True|False|False|False,3,outside_small_selector:2;small_ratio_outside_high_sensitivity:1,2
g1|r2|1|t1|u1|v1|False|True|False|False|False,3,outside_small_selector:2;small_ratio_outside_high_sensitivity:1,2
g1|r2|1|t1|u1|v2|False|True|False|False|False,3,outside_small_selector:2;small_ratio_outside_high_sensitivity:1,2
g1|r2|1|t1|u2|v0|False|True|False|False|False,3,outside_small_selector:2;small_ratio_outside_high_sensitivity:1,2
g1|r2|1|t1|u2|v1|False|True|False|False|False,3,outside_small_selector:2;small_ratio_outside_high_sensitivity:1,2
g1|r2|1|t1|u2|v2|False|True|False|False|False,3,outside_small_selector:2;small_ratio_outside_high_sensitivity:1,2
g1|r2|1|t2|u0|v0|False|True|False|True|True,3,outside_small_selector:2;small_ratio_outside_high_sensitivity:1,2
g1|r2|1|t2|u0|v1|False|True|False|True|True,3,outside_small_selector:2;small_ratio_outside_high_sensitivity:1,2
g1|r2|1|t2|u0|v2|False|True|False|True|True,3,outside_small_selector:2;small_ratio_outside_high_sensitivity:1,2
g1|r2|1|t2|u1|v0|False|True|False|True|False,3,outside_small_selector:2;small_ratio_outside_high_sensitivity:1,2
g1|r2|1|t2|u1|v1|False|True|False|True|False,3,outside_small_selector:2;small_ratio_outside_high_sensitivity:1,2
g1|r2|1|t2|u1|v2|False|True|False|True|False,3,outside_small_selector:2;small_ratio_outside_high_sensitivity:1,2
g1|r2|1|t2|u2|v0|False|True|False|True|False,3,outside_small_selector:2;small_ratio_outside_high_sensitivity:1,2
g1|r2|1|t2|u2|v1|False|True|False|True|False,3,outside_small_selector:2;small_ratio_outside_high_sensitivity:1,2
g1|r2|1|t2|u2|v2|False|True|False|True|False,3,outside_small_selector:2;small_ratio_outside_high_sensitivity:1,2
g1|r2|1|t3|u0|v0|False|True|False|True|True,3,outside_small_selector:2;small_ratio_outside_high_sensitivity:1,2
g1|r2|1|t3|u0|v1|False|True|False|True|True,3,outside_small_selector:2;small_ratio_outside_high_sensitivity:1,2
g1|r2|1|t3|u0|v2|False|True|False|True|True,3,outside_small_selector:2;small_ratio_outside_high_sensitivity:1,2
g1|r2|1|t3|u1|v0|False|True|False|True|False,3,outside_small_selector:2;small_ratio_outside_high_sensitivity:1,2
g1|r2|1|t3|u1|v1|False|True|False|True|False,3,outside_small_selector:2;small_ratio_outside_high_sensitivity:1,2
g1|r2|1|t3|u1|v2|False|True|False|True|False,3,outside_small_selector:2;small_ratio_outside_high_sensitivity:1,2
g1|r2|1|t3|u2|v0|False|True|False|True|False,3,outside_small_selector:2;small_ratio_outside_high_sensitivity:1,2
g1|r2|1|t3|u2|v1|False|True|False|True|False,3,outside_small_selector:2;small_ratio_outside_high_sensitivity:1,2
g1|r2|1|t3|u2|v2|False|True|False|True|False,3,outside_small_selector:2;small_ratio_outside_high_sensitivity:1,2
g1|r2|2|t0|u0|v0|False|True|True|False|True,3,outside_small_selector:2;small_ratio_outside_high_sensitivity:1,2
g1|r2|2|t0|u0|v1|False|True|True|False|True,3,outside_small_selector:2;small_ratio_outside_high_sensitivity:1,2
g1|r2|2|t0|u0|v2|False|True|True|False|True,3,outside_small_selector:2;small_ratio_outside_high_sensitivity:1,2
g1|r2|2|t0|u1|v0|False|True|True|False|False,3,outside_small_selector:2;small_ratio_outside_high_sensitivity:1,2
g1|r2|2|t0|u1|v1|False|True|True|False|False,3,outside_small_selector:2;small_ratio_outside_high_sensitivity:1,2
g1|r2|2|t0|u1|v2|False|True|True|False|False,3,outside_small_selector:2;small_ratio_outside_high_sensitivity:1,2
g1|r2|2|t0|u2|v0|False|True|True|False|False,3,outside_small_selector:2;small_ratio_outside_high_sensitivity:1,2
g1|r2|2|t0|u2|v1|False|True|True|False|False,3,outside_small_selector:2;small_ratio_outside_high_sensitivity:1,2
g1|r2|2|t0|u2|v2|False|True|True|False|False,3,outside_small_selector:2;small_ratio_outside_high_sensitivity:1,2
g1|r2|2|t1|u0|v0|False|True|True|False|True,3,outside_small_selector:2;small_ratio_outside_high_sensitivity:1,2
g1|r2|2|t1|u0|v1|False|True|True|False|True,3,outside_small_selector:2;small_ratio_outside_high_sensitivity:1,2
g1|r2|2|t1|u0|v2|False|True|True|False|True,3,outside_small_selector:2;small_ratio_outside_high_sensitivity:1,2
g1|r2|2|t1|u1|v0|False|True|True|False|False,3,outside_small_selector:2;small_ratio_outside_high_sensitivity:1,2
g1|r2|2|t1|u1|v1|False|True|True|False|False,3,outside_small_selector:2;small_ratio_outside_high_sensitivity:1,2
g1|r2|2|t1|u1|v2|False|True|True|False|False,3,outside_small_selector:2;small_ratio_outside_high_sensitivity:1,2
g1|r2|2|t1|u2|v0|False|True|True|False|False,3,outside_small_selector:2;small_ratio_outside_high_sensitivity:1,2
g1|r2|2|t1|u2|v1|False|True|True|False|False,3,outside_small_selector:2;small_ratio_outside_high_sensitivity:1,2
g1|r2|2|t1|u2|v2|False|True|True|False|False,3,outside_small_selector:2;small_ratio_outside_high_sensitivity:1,2
g1|r2|2|t2|u0|v0|False|True|True|True|True,3,outside_small_selector:2;small_ratio_outside_high_sensitivity:1,2
g1|r2|2|t2|u0|v1|False|True|True|True|True,3,outside_small_selector:2;small_ratio_outside_high_sensitivity:1,2
g1|r2|2|t2|u0|v2|False|True|True|True|True,3,outside_small_selector:2;small_ratio_outside_high_sensitivity:1,2
g1|r2|2|t2|u1|v0|False|True|True|True|False,3,outside_small_selector:2;small_ratio_outside_high_sensitivity:1,2
g1|r2|2|t2|u1|v1|False|True|True|True|False,3,outside_small_selector:2;small_ratio_outside_high_sensitivity:1,2
g1|r2|2|t2|u1|v2|False|True|True|True|False,3,outside_small_selector:2;small_ratio_outside_high_sensitivity:1,2
g1|r2|2|t2|u2|v0|False|True|True|True|False,3,outside_small_selector:2;small_ratio_outside_high_sensitivity:1,2
g1|r2|2|t2|u2|v1|False|True|True|True|False,3,outside_small_selector:2;small_ratio_outside_high_sensitivity:1,2
g1|r2|2|t2|u2|v2|False|True|True|True|False,3,outside_small_selector:2;small_ratio_outside_high_sensitivity:1,2
g1|r2|2|t3|u0|v0|False|True|True|True|True,3,outside_small_selector:2;small_ratio_outside_high_sensitivity:1,2
g1|r2|2|t3|u0|v1|False|True|True|True|True,3,outside_small_selector:2;small_ratio_outside_high_sensitivity:1,2
g1|r2|2|t3|u0|v2|False|True|True|True|True,3,outside_small_selector:2;small_ratio_outside_high_sensitivity:1,2
g1|r2|2|t3|u1|v0|False|True|True|True|False,3,outside_small_selector:2;small_ratio_outside_high_sensitivity:1,2
g1|r2|2|t3|u1|v1|False|True|True|True|False,3,outside_small_selector:2;small_ratio_outside_high_sensitivity:1,2
g1|r2|2|t3|u1|v2|False|True|True|True|False,3,outside_small_selector:2;small_ratio_outside_high_sensitivity:1,2
g1|r2|2|t3|u2|v0|False|True|True|True|False,3,outside_small_selector:2;small_ratio_outside_high_sensitivity:1,2
g1|r2|2|t3|u2|v1|False|True|True|True|False,3,outside_small_selector:2;small_ratio_outside_high_sensitivity:1,2
g1|r2|2|t3|u2|v2|False|True|True|True|False,3,outside_small_selector:2;small_ratio_outside_high_sensitivity:1,2
g1|r2|3|t0|u0|v0|False|True|False|False|True,3,outside_small_selector:2;small_ratio_outside_high_sensitivity:1,2
g1|r2|3|t0|u0|v1|False|True|False|False|True,3,outside_small_selector:2;small_ratio_outside_high_sensitivity:1,2
g1|r2|3|t0|u0|v2|False|True|False|False|True,3,outside_small_selector:2;small_ratio_outside_high_sensitivity:1,2
g1|r2|3|t0|u1|v0|False|True|False|False|False,3,outside_small_selector:2;small_ratio_outside_high_sensitivity:1,2
g1|r2|3|t0|u1|v1|False|True|False|False|False,3,outside_small_selector:2;small_ratio_outside_high_sensitivity:1,2
g1|r2|3|t0|u1|v2|False|True|False|False|False,3,outside_small_selector:2;small_ratio_outside_high_sensitivity:1,2
g1|r2|3|t0|u2|v0|False|True|False|False|False,3,outside_small_selector:2;small_ratio_outside_high_sensitivity:1,2
g1|r2|3|t0|u2|v1|False|True|False|False|False,3,outside_small_selector:2;small_ratio_outside_high_sensitivity:1,2
g1|r2|3|t0|u2|v2|False|True|False|False|False,3,outside_small_selector:2;small_ratio_outside_high_sensitivity:1,2
g1|r2|3|t1|u0|v0|False|True|False|False|True,3,outside_small_selector:2;small_ratio_outside_high_sensitivity:1,2
g1|r2|3|t1|u0|v1|False|True|False|False|True,3,outside_small_selector:2;small_ratio_outside_high_sensitivity:1,2
g1|r2|3|t1|u0|v2|False|True|False|False|True,3,outside_small_selector:2;small_ratio_outside_high_sensitivity:1,2
g1|r2|3|t1|u1|v0|False|True|False|False|False,3,outside_small_selector:2;small_ratio_outside_high_sensitivity:1,2
g1|r2|3|t1|u1|v1|False|True|False|False|False,3,outside_small_selector:2;small_ratio_outside_high_sensitivity:1,2
g1|r2|3|t1|u1|v2|False|True|False|False|False,3,outside_small_selector:2;small_ratio_outside_high_sensitivity:1,2
g1|r2|3|t1|u2|v0|False|True|False|False|False,3,outside_small_selector:2;small_ratio_outside_high_sensitivity:1,2
g1|r2|3|t1|u2|v1|False|True|False|False|False,3,outside_small_selector:2;small_ratio_outside_high_sensitivity:1,2
g1|r2|3|t1|u2|v2|False|True|False|False|False,3,outside_small_selector:2;small_ratio_outside_high_sensitivity:1,2
g1|r2|3|t2|u0|v0|False|True|False|True|True,3,outside_small_selector:2;small_ratio_outside_high_sensitivity:1,2
g1|r2|3|t2|u0|v1|False|True|False|True|True,3,outside_small_selector:2;small_ratio_outside_high_sensitivity:1,2
g1|r2|3|t2|u0|v2|False|True|False|True|True,3,outside_small_selector:2;small_ratio_outside_high_sensitivity:1,2
g1|r2|3|t2|u1|v0|False|True|False|True|False,3,outside_small_selector:2;small_ratio_outside_high_sensitivity:1,2
g1|r2|3|t2|u1|v1|False|True|False|True|False,3,outside_small_selector:2;small_ratio_outside_high_sensitivity:1,2
g1|r2|3|t2|u1|v2|False|True|False|True|False,3,outside_small_selector:2;small_ratio_outside_high_sensitivity:1,2
g1|r2|3|t2|u2|v0|False|True|False|True|False,3,outside_small_selector:2;small_ratio_outside_high_sensitivity:1,2
g1|r2|3|t2|u2|v1|False|True|False|True|False,3,outside_small_selector:2;small_ratio_outside_high_sensitivity:1,2
g1|r2|3|t2|u2|v2|False|True|False|True|False,3,outside_small_selector:2;small_ratio_outside_high_sensitivity:1,2
g1|r2|3|t3|u0|v0|False|True|False|True|True,3,outside_small_selector:2;small_ratio_outside_high_sensitivity:1,2
g1|r2|3|t3|u0|v1|False|True|False|True|True,3,outside_small_selector:2;small_ratio_outside_high_sensitivity:1,2
g1|r2|3|t3|u0|v2|False|True|False|True|True,3,outside_small_selector:2;small_ratio_outside_high_sensitivity:1,2
g1|r2|3|t3|u1|v0|False|True|False|True|False,3,outside_small_selector:2;small_ratio_outside_high_sensitivity:1,2
g1|r2|3|t3|u1|v1|False|True|False|True|False,3,outside_small_selector:2;small_ratio_outside_high_sensitivity:1,2
g1|r2|3|t3|u1|v2|False|True|False|True|False,3,outside_small_selector:2;small_ratio_outside_high_sensitivity:1,2
g1|r2|3|t3|u2|v0|False|True|False|True|False,3,outside_small_selector:2;small_ratio_outside_high_sensitivity:1,2
g1|r2|3|t3|u2|v1|False|True|False|True|False,3,outside_small_selector:2;small_ratio_outside_high_sensitivity:1,2
g1|r2|3|t3|u2|v2|False|True|False|True|False,3,outside_small_selector:2;small_ratio_outside_high_sensitivity:1,2
g1|r2|4|t0|u0|v0|False|True|True|False|True,3,outside_small_selector:2;small_ratio_outside_high_sensitivity:1,2
g1|r2|4|t0|u0|v1|False|True|True|False|True,3,outside_small_selector:2;small_ratio_outside_high_sensitivity:1,2
g1|r2|4|t0|u0|v2|False|True|True|False|True,3,outside_small_selector:2;small_ratio_outside_high_sensitivity:1,2
g1|r2|4|t0|u1|v0|False|True|True|False|False,3,outside_small_selector:2;small_ratio_outside_high_sensitivity:1,2
g1|r2|4|t0|u1|v1|False|True|True|False|False,3,outside_small_selector:2;small_ratio_outside_high_sensitivity:1,2
g1|r2|4|t0|u1|v2|False|True|True|False|False,3,outside_small_selector:2;small_ratio_outside_high_sensitivity:1,2
g1|r2|4|t0|u2|v0|False|True|True|False|False,3,outside_small_selector:2;small_ratio_outside_high_sensitivity:1,2
g1|r2|4|t0|u2|v1|False|True|True|False|False,3,outside_small_selector:2;small_ratio_outside_high_sensitivity:1,2
g1|r2|4|t0|u2|v2|False|True|True|False|False,3,outside_small_selector:2;small_ratio_outside_high_sensitivity:1,2
g1|r2|4|t1|u0|v0|False|True|True|False|True,3,outside_small_selector:2;small_ratio_outside_high_sensitivity:1,2
g1|r2|4|t1|u0|v1|False|True|True|False|True,3,outside_small_selector:2;small_ratio_outside_high_sensitivity:1,2
g1|r2|4|t1|u0|v2|False|True|True|False|True,3,outside_small_selector:2;small_ratio_outside_high_sensitivity:1,2
g1|r2|4|t1|u1|v0|False|True|True|False|False,3,outside_small_selector:2;small_ratio_outside_high_sensitivity:1,2
g1|r2|4|t1|u1|v1|False|True|True|False|False,3,outside_small_selector:2;small_ratio_outside_high_sensitivity:1,2
g1|r2|4|t1|u1|v2|False|True|True|False|False,3,outside_small_selector:2;small_ratio_outside_high_sensitivity:1,2
g1|r2|4|t1|u2|v0|False|True|True|False|False,3,outside_small_selector:2;small_ratio_outside_high_sensitivity:1,2
g1|r2|4|t1|u2|v1|False|True|True|False|False,3,outside_small_selector:2;small_ratio_outside_high_sensitivity:1,2
g1|r2|4|t1|u2|v2|False|True|True|False|False,3,outside_small_selector:2;small_ratio_outside_high_sensitivity:1,2
g1|r2|4|t2|u0|v0|False|True|True|True|True,3,outside_small_selector:2;small_ratio_outside_high_sensitivity:1,2
g1|r2|4|t2|u0|v1|False|True|True|True|True,3,outside_small_selector:2;small_ratio_outside_high_sensitivity:1,2
g1|r2|4|t2|u0|v2|False|True|True|True|True,3,outside_small_selector:2;small_ratio_outside_high_sensitivity:1,2
g1|r2|4|t2|u1|v0|False|True|True|True|False,3,outside_small_selector:2;small_ratio_outside_high_sensitivity:1,2
g1|r2|4|t2|u1|v1|False|True|True|True|False,3,outside_small_selector:2;small_ratio_outside_high_sensitivity:1,2
g1|r2|4|t2|u1|v2|False|True|True|True|False,3,outside_small_selector:2;small_ratio_outside_high_sensitivity:1,2
g1|r2|4|t2|u2|v0|False|True|True|True|False,3,outside_small_selector:2;small_ratio_outside_high_sensitivity:1,2
g1|r2|4|t2|u2|v1|False|True|True|True|False,3,outside_small_selector:2;small_ratio_outside_high_sensitivity:1,2
g1|r2|4|t2|u2|v2|False|True|True|True|False,3,outside_small_selector:2;small_ratio_outside_high_sensitivity:1,2
g1|r2|4|t3|u0|v0|False|True|True|True|True,3,outside_small_selector:2;small_ratio_outside_high_sensitivity:1,2
g1|r2|4|t3|u0|v1|False|True|True|True|True,3,outside_small_selector:2;small_ratio_outside_high_sensitivity:1,2
g1|r2|4|t3|u0|v2|False|True|True|True|True,3,outside_small_selector:2;small_ratio_outside_high_sensitivity:1,2
g1|r2|4|t3|u1|v0|False|True|True|True|False,3,outside_small_selector:2;small_ratio_outside_high_sensitivity:1,2
g1|r2|4|t3|u1|v1|False|True|True|True|False,3,outside_small_selector:2;small_ratio_outside_high_sensitivity:1,2
g1|r2|4|t3|u1|v2|False|True|True|True|False,3,outside_small_selector:2;small_ratio_outside_high_sensitivity:1,2
g1|r2|4|t3|u2|v0|False|True|True|True|False,3,outside_small_selector:2;small_ratio_outside_high_sensitivity:1,2
g1|r2|4|t3|u2|v1|False|True|True|True|False,3,outside_small_selector:2;small_ratio_outside_high_sensitivity:1,2
g1|r2|4|t3|u2|v2|False|True|True|True|False,3,outside_small_selector:2;small_ratio_outside_high_sensitivity:1,2
g1|r2|5|t0|u0|v0|False|True|False|False|True,3,outside_small_selector:2;small_selector_region:1,2
g1|r2|5|t0|u0|v1|False|True|False|False|True,3,outside_small_selector:2;small_selector_region:1,2
g1|r2|5|t0|u0|v2|False|True|False|False|True,3,outside_small_selector:2;small_selector_region:1,2
g1|r2|5|t0|u1|v0|False|True|False|False|False,3,outside_small_selector:2;small_selector_region:1,2
g1|r2|5|t0|u1|v1|False|True|False|False|False,3,outside_small_selector:2;small_selector_region:1,2
g1|r2|5|t0|u1|v2|False|True|False|False|False,3,outside_small_selector:2;small_selector_region:1,2
g1|r2|5|t0|u2|v0|False|True|False|False|False,3,outside_small_selector:2;small_selector_region:1,2
g1|r2|5|t0|u2|v1|False|True|False|False|False,3,outside_small_selector:2;small_selector_region:1,2
g1|r2|5|t0|u2|v2|False|True|False|False|False,3,outside_small_selector:2;small_selector_region:1,2
g1|r2|5|t1|u0|v0|False|True|False|False|True,3,outside_small_selector:2;small_ratio_outside_high_sensitivity:1,2
g1|r2|5|t1|u0|v1|False|True|False|False|True,3,outside_small_selector:2;small_ratio_outside_high_sensitivity:1,2
g1|r2|5|t1|u0|v2|False|True|False|False|True,3,outside_small_selector:2;small_ratio_outside_high_sensitivity:1,2
g1|r2|5|t1|u1|v0|False|True|False|False|False,3,outside_small_selector:2;small_ratio_outside_high_sensitivity:1,2
g1|r2|5|t1|u1|v1|False|True|False|False|False,3,outside_small_selector:2;small_ratio_outside_high_sensitivity:1,2
g1|r2|5|t1|u1|v2|False|True|False|False|False,3,outside_small_selector:2;small_ratio_outside_high_sensitivity:1,2
g1|r2|5|t1|u2|v0|False|True|False|False|False,3,outside_small_selector:2;small_ratio_outside_high_sensitivity:1,2
g1|r2|5|t1|u2|v1|False|True|False|False|False,3,outside_small_selector:2;small_ratio_outside_high_sensitivity:1,2
g1|r2|5|t1|u2|v2|False|True|False|False|False,3,outside_small_selector:2;small_ratio_outside_high_sensitivity:1,2
g1|r2|5|t2|u0|v0|False|True|False|False|True,3,outside_small_selector:2;small_ratio_outside_high_sensitivity:1,2
g1|r2|5|t2|u0|v1|False|True|False|False|True,3,outside_small_selector:2;small_ratio_outside_high_sensitivity:1,2
g1|r2|5|t2|u0|v2|False|True|False|False|True,3,outside_small_selector:2;small_ratio_outside_high_sensitivity:1,2
g1|r2|5|t2|u1|v0|False|True|False|False|False,3,outside_small_selector:2;small_ratio_outside_high_sensitivity:1,2
g1|r2|5|t2|u1|v1|False|True|False|False|False,3,outside_small_selector:2;small_ratio_outside_high_sensitivity:1,2
g1|r2|5|t2|u1|v2|False|True|False|False|False,3,outside_small_selector:2;small_ratio_outside_high_sensitivity:1,2
g1|r2|5|t2|u2|v0|False|True|False|False|False,3,outside_small_selector:2;small_ratio_outside_high_sensitivity:1,2
g1|r2|5|t2|u2|v1|False|True|False|False|False,3,outside_small_selector:2;small_ratio_outside_high_sensitivity:1,2
g1|r2|5|t2|u2|v2|False|True|False|False|False,3,outside_small_selector:2;small_ratio_outside_high_sensitivity:1,2
g1|r2|5|t3|u0|v0|False|True|False|True|True,3,outside_small_selector:2;small_ratio_outside_high_sensitivity:1,2
g1|r2|5|t3|u0|v1|False|True|False|True|True,3,outside_small_selector:2;small_ratio_outside_high_sensitivity:1,2
g1|r2|5|t3|u0|v2|False|True|False|True|True,3,outside_small_selector:2;small_ratio_outside_high_sensitivity:1,2
g1|r2|5|t3|u1|v0|False|True|False|True|False,3,outside_small_selector:2;small_ratio_outside_high_sensitivity:1,2
g1|r2|5|t3|u1|v1|False|True|False|True|False,3,outside_small_selector:2;small_ratio_outside_high_sensitivity:1,2
g1|r2|5|t3|u1|v2|False|True|False|True|False,3,outside_small_selector:2;small_ratio_outside_high_sensitivity:1,2
g1|r2|5|t3|u2|v0|False|True|False|True|False,3,outside_small_selector:2;small_ratio_outside_high_sensitivity:1,2
g1|r2|5|t3|u2|v1|False|True|False|True|False,3,outside_small_selector:2;small_ratio_outside_high_sensitivity:1,2
g1|r2|5|t3|u2|v2|False|True|False|True|False,3,outside_small_selector:2;small_ratio_outside_high_sensitivity:1,2
g1|r3|1|t0|u0|v0|False|True|False|True|True,3,outside_small_selector:2;small_ratio_outside_high_sensitivity:1,2
g1|r3|1|t0|u0|v1|False|True|False|True|True,3,outside_small_selector:2;small_ratio_outside_high_sensitivity:1,2
g1|r3|1|t0|u0|v2|False|True|False|True|True,3,outside_small_selector:2;small_ratio_outside_high_sensitivity:1,2
g1|r3|1|t0|u1|v0|False|True|False|True|True,3,outside_small_selector:2;small_ratio_outside_high_sensitivity:1,2
g1|r3|1|t0|u1|v1|False|True|False|True|True,3,outside_small_selector:2;small_ratio_outside_high_sensitivity:1,2
g1|r3|1|t0|u1|v2|False|True|False|True|True,3,outside_small_selector:2;small_ratio_outside_high_sensitivity:1,2
g1|r3|1|t0|u2|v0|False|True|False|True|False,3,outside_small_selector:2;small_ratio_outside_high_sensitivity:1,2
g1|r3|1|t0|u2|v1|False|True|False|True|False,3,outside_small_selector:2;small_ratio_outside_high_sensitivity:1,2
g1|r3|1|t0|u2|v2|False|True|False|True|False,3,outside_small_selector:2;small_ratio_outside_high_sensitivity:1,2
g1|r3|1|t1|u0|v0|False|True|False|True|True,3,outside_small_selector:2;small_ratio_outside_high_sensitivity:1,2
g1|r3|1|t1|u0|v1|False|True|False|True|True,3,outside_small_selector:2;small_ratio_outside_high_sensitivity:1,2
g1|r3|1|t1|u0|v2|False|True|False|True|True,3,outside_small_selector:2;small_ratio_outside_high_sensitivity:1,2
g1|r3|1|t1|u1|v0|False|True|False|True|False,3,outside_small_selector:2;small_ratio_outside_high_sensitivity:1,2
g1|r3|1|t1|u1|v1|False|True|False|True|False,3,outside_small_selector:2;small_ratio_outside_high_sensitivity:1,2
g1|r3|1|t1|u1|v2|False|True|False|True|False,3,outside_small_selector:2;small_ratio_outside_high_sensitivity:1,2
g1|r3|1|t1|u2|v0|False|True|False|True|False,3,outside_small_selector:2;small_ratio_outside_high_sensitivity:1,2
g1|r3|1|t1|u2|v1|False|True|False|True|False,3,outside_small_selector:2;small_ratio_outside_high_sensitivity:1,2
g1|r3|1|t1|u2|v2|False|True|False|True|False,3,outside_small_selector:2;small_ratio_outside_high_sensitivity:1,2
g1|r3|1|t2|u0|v0|False|True|False|True|True,3,outside_small_selector:2;small_ratio_outside_high_sensitivity:1,2
g1|r3|1|t2|u0|v1|False|True|False|True|True,3,outside_small_selector:2;small_ratio_outside_high_sensitivity:1,2
g1|r3|1|t2|u0|v2|False|True|False|True|True,3,outside_small_selector:2;small_ratio_outside_high_sensitivity:1,2
g1|r3|1|t2|u1|v0|False|True|False|True|False,3,outside_small_selector:2;small_ratio_outside_high_sensitivity:1,2
g1|r3|1|t2|u1|v1|False|True|False|True|False,3,outside_small_selector:2;small_ratio_outside_high_sensitivity:1,2
g1|r3|1|t2|u1|v2|False|True|False|True|False,3,outside_small_selector:2;small_ratio_outside_high_sensitivity:1,2
g1|r3|1|t2|u2|v0|False|True|False|True|False,3,outside_small_selector:2;small_ratio_outside_high_sensitivity:1,2
g1|r3|1|t2|u2|v1|False|True|False|True|False,3,outside_small_selector:2;small_ratio_outside_high_sensitivity:1,2
g1|r3|1|t2|u2|v2|False|True|False|True|False,3,outside_small_selector:2;small_ratio_outside_high_sensitivity:1,2
g1|r3|1|t3|u0|v0|False|True|False|True|True,3,outside_small_selector:2;small_ratio_outside_high_sensitivity:1,2
g1|r3|1|t3|u0|v1|False|True|False|True|True,3,outside_small_selector:2;small_ratio_outside_high_sensitivity:1,2
g1|r3|1|t3|u0|v2|False|True|False|True|True,3,outside_small_selector:2;small_ratio_outside_high_sensitivity:1,2
g1|r3|1|t3|u1|v0|False|True|False|True|False,3,outside_small_selector:2;small_ratio_outside_high_sensitivity:1,2
g1|r3|1|t3|u1|v1|False|True|False|True|False,3,outside_small_selector:2;small_ratio_outside_high_sensitivity:1,2
g1|r3|1|t3|u1|v2|False|True|False|True|False,3,outside_small_selector:2;small_ratio_outside_high_sensitivity:1,2
g1|r3|1|t3|u2|v0|False|True|False|True|False,3,outside_small_selector:2;small_ratio_outside_high_sensitivity:1,2
g1|r3|1|t3|u2|v1|False|True|False|True|False,3,outside_small_selector:2;small_ratio_outside_high_sensitivity:1,2
g1|r3|1|t3|u2|v2|False|True|False|True|False,3,outside_small_selector:2;small_ratio_outside_high_sensitivity:1,2
g1|r3|2|t0|u0|v0|False|True|True|True|True,3,outside_small_selector:2;small_ratio_outside_high_sensitivity:1,2
g1|r3|2|t0|u0|v1|False|True|True|True|True,3,outside_small_selector:2;small_ratio_outside_high_sensitivity:1,2
g1|r3|2|t0|u0|v2|False|True|True|True|True,3,outside_small_selector:2;small_ratio_outside_high_sensitivity:1,2
g1|r3|2|t0|u1|v0|False|True|True|True|True,3,outside_small_selector:2;small_ratio_outside_high_sensitivity:1,2
g1|r3|2|t0|u1|v1|False|True|True|True|True,3,outside_small_selector:2;small_ratio_outside_high_sensitivity:1,2
g1|r3|2|t0|u1|v2|False|True|True|True|True,3,outside_small_selector:2;small_ratio_outside_high_sensitivity:1,2
g1|r3|2|t0|u2|v0|False|True|True|True|False,3,outside_small_selector:2;small_ratio_outside_high_sensitivity:1,2
g1|r3|2|t0|u2|v1|False|True|True|True|False,3,outside_small_selector:2;small_ratio_outside_high_sensitivity:1,2
g1|r3|2|t0|u2|v2|False|True|True|True|False,3,outside_small_selector:2;small_ratio_outside_high_sensitivity:1,2
g1|r3|2|t1|u0|v0|False|True|True|True|True,3,outside_small_selector:2;small_ratio_outside_high_sensitivity:1,2
g1|r3|2|t1|u0|v1|False|True|True|True|True,3,outside_small_selector:2;small_ratio_outside_high_sensitivity:1,2
g1|r3|2|t1|u0|v2|False|True|True|True|True,3,outside_small_selector:2;small_ratio_outside_high_sensitivity:1,2
g1|r3|2|t1|u1|v0|False|True|True|True|False,3,outside_small_selector:2;small_ratio_outside_high_sensitivity:1,2
g1|r3|2|t1|u1|v1|False|True|True|True|False,3,outside_small_selector:2;small_ratio_outside_high_sensitivity:1,2
g1|r3|2|t1|u1|v2|False|True|True|True|False,3,outside_small_selector:2;small_ratio_outside_high_sensitivity:1,2
g1|r3|2|t1|u2|v0|False|True|True|True|False,3,outside_small_selector:2;small_ratio_outside_high_sensitivity:1,2
g1|r3|2|t1|u2|v1|False|True|True|True|False,3,outside_small_selector:2;small_ratio_outside_high_sensitivity:1,2
g1|r3|2|t1|u2|v2|False|True|True|True|False,3,outside_small_selector:2;small_ratio_outside_high_sensitivity:1,2
g1|r3|2|t2|u0|v0|False|True|True|True|True,3,outside_small_selector:2;small_ratio_outside_high_sensitivity:1,2
g1|r3|2|t2|u0|v1|False|True|True|True|True,3,outside_small_selector:2;small_ratio_outside_high_sensitivity:1,2
g1|r3|2|t2|u0|v2|False|True|True|True|True,3,outside_small_selector:2;small_ratio_outside_high_sensitivity:1,2
g1|r3|2|t2|u1|v0|False|True|True|True|False,3,outside_small_selector:2;small_ratio_outside_high_sensitivity:1,2
g1|r3|2|t2|u1|v1|False|True|True|True|False,3,outside_small_selector:2;small_ratio_outside_high_sensitivity:1,2
g1|r3|2|t2|u1|v2|False|True|True|True|False,3,outside_small_selector:2;small_ratio_outside_high_sensitivity:1,2
g1|r3|2|t2|u2|v0|False|True|True|True|False,3,outside_small_selector:2;small_ratio_outside_high_sensitivity:1,2
g1|r3|2|t2|u2|v1|False|True|True|True|False,3,outside_small_selector:2;small_ratio_outside_high_sensitivity:1,2
g1|r3|2|t2|u2|v2|False|True|True|True|False,3,outside_small_selector:2;small_ratio_outside_high_sensitivity:1,2
g1|r3|2|t3|u0|v0|False|True|True|True|True,3,outside_small_selector:2;small_ratio_outside_high_sensitivity:1,2
g1|r3|2|t3|u0|v1|False|True|True|True|True,3,outside_small_selector:2;small_ratio_outside_high_sensitivity:1,2
g1|r3|2|t3|u0|v2|False|True|True|True|True,3,outside_small_selector:2;small_ratio_outside_high_sensitivity:1,2
g1|r3|2|t3|u1|v0|False|True|True|True|False,3,outside_small_selector:2;small_ratio_outside_high_sensitivity:1,2
g1|r3|2|t3|u1|v1|False|True|True|True|False,3,outside_small_selector:2;small_ratio_outside_high_sensitivity:1,2
g1|r3|2|t3|u1|v2|False|True|True|True|False,3,outside_small_selector:2;small_ratio_outside_high_sensitivity:1,2
g1|r3|2|t3|u2|v0|False|True|True|True|False,3,outside_small_selector:2;small_ratio_outside_high_sensitivity:1,2
g1|r3|2|t3|u2|v1|False|True|True|True|False,3,outside_small_selector:2;small_ratio_outside_high_sensitivity:1,2
g1|r3|2|t3|u2|v2|False|True|True|True|False,3,outside_small_selector:2;small_ratio_outside_high_sensitivity:1,2
g1|r3|3|t0|u0|v0|False|True|False|True|True,3,outside_small_selector:2;small_ratio_outside_high_sensitivity:1,2
g1|r3|3|t0|u0|v1|False|True|False|True|True,3,outside_small_selector:2;small_ratio_outside_high_sensitivity:1,2
g1|r3|3|t0|u0|v2|False|True|False|True|True,3,outside_small_selector:2;small_ratio_outside_high_sensitivity:1,2
g1|r3|3|t0|u1|v0|False|True|False|True|True,3,outside_small_selector:2;small_ratio_outside_high_sensitivity:1,2
g1|r3|3|t0|u1|v1|False|True|False|True|True,3,outside_small_selector:2;small_ratio_outside_high_sensitivity:1,2
g1|r3|3|t0|u1|v2|False|True|False|True|True,3,outside_small_selector:2;small_ratio_outside_high_sensitivity:1,2
g1|r3|3|t0|u2|v0|False|True|False|True|False,3,outside_small_selector:2;small_ratio_outside_high_sensitivity:1,2
g1|r3|3|t0|u2|v1|False|True|False|True|False,3,outside_small_selector:2;small_ratio_outside_high_sensitivity:1,2
g1|r3|3|t0|u2|v2|False|True|False|True|False,3,outside_small_selector:2;small_ratio_outside_high_sensitivity:1,2
g1|r3|3|t1|u0|v0|False|True|False|False|True,3,outside_small_selector:2;small_ratio_outside_high_sensitivity:1,2
g1|r3|3|t1|u0|v1|False|True|False|False|True,3,outside_small_selector:2;small_ratio_outside_high_sensitivity:1,2
g1|r3|3|t1|u0|v2|False|True|False|False|True,3,outside_small_selector:2;small_ratio_outside_high_sensitivity:1,2
g1|r3|3|t1|u1|v0|False|True|False|False|False,3,outside_small_selector:2;small_ratio_outside_high_sensitivity:1,2
g1|r3|3|t1|u1|v1|False|True|False|False|False,3,outside_small_selector:2;small_ratio_outside_high_sensitivity:1,2
g1|r3|3|t1|u1|v2|False|True|False|False|False,3,outside_small_selector:2;small_ratio_outside_high_sensitivity:1,2
g1|r3|3|t1|u2|v0|False|True|False|False|False,3,outside_small_selector:2;small_ratio_outside_high_sensitivity:1,2
g1|r3|3|t1|u2|v1|False|True|False|False|False,3,outside_small_selector:2;small_ratio_outside_high_sensitivity:1,2
g1|r3|3|t1|u2|v2|False|True|False|False|False,3,outside_small_selector:2;small_ratio_outside_high_sensitivity:1,2
g1|r3|3|t2|u0|v0|False|True|False|True|True,3,outside_small_selector:2;small_ratio_outside_high_sensitivity:1,2
g1|r3|3|t2|u0|v1|False|True|False|True|True,3,outside_small_selector:2;small_ratio_outside_high_sensitivity:1,2
g1|r3|3|t2|u0|v2|False|True|False|True|True,3,outside_small_selector:2;small_ratio_outside_high_sensitivity:1,2
g1|r3|3|t2|u1|v0|False|True|False|True|False,3,outside_small_selector:2;small_ratio_outside_high_sensitivity:1,2
g1|r3|3|t2|u1|v1|False|True|False|True|False,3,outside_small_selector:2;small_ratio_outside_high_sensitivity:1,2
g1|r3|3|t2|u1|v2|False|True|False|True|False,3,outside_small_selector:2;small_ratio_outside_high_sensitivity:1,2
g1|r3|3|t2|u2|v0|False|True|False|True|False,3,outside_small_selector:2;small_ratio_outside_high_sensitivity:1,2
g1|r3|3|t2|u2|v1|False|True|False|True|False,3,outside_small_selector:2;small_ratio_outside_high_sensitivity:1,2
g1|r3|3|t2|u2|v2|False|True|False|True|False,3,outside_small_selector:2;small_ratio_outside_high_sensitivity:1,2
g1|r3|3|t3|u0|v0|False|True|False|True|True,3,outside_small_selector:2;small_ratio_outside_high_sensitivity:1,2
g1|r3|3|t3|u0|v1|False|True|False|True|True,3,outside_small_selector:2;small_ratio_outside_high_sensitivity:1,2
g1|r3|3|t3|u0|v2|False|True|False|True|True,3,outside_small_selector:2;small_ratio_outside_high_sensitivity:1,2
g1|r3|3|t3|u1|v0|False|True|False|True|False,3,outside_small_selector:2;small_ratio_outside_high_sensitivity:1,2
g1|r3|3|t3|u1|v1|False|True|False|True|False,3,outside_small_selector:2;small_ratio_outside_high_sensitivity:1,2
g1|r3|3|t3|u1|v2|False|True|False|True|False,3,outside_small_selector:2;small_ratio_outside_high_sensitivity:1,2
g1|r3|3|t3|u2|v0|False|True|False|True|False,3,outside_small_selector:2;small_ratio_outside_high_sensitivity:1,2
g1|r3|3|t3|u2|v1|False|True|False|True|False,3,outside_small_selector:2;small_ratio_outside_high_sensitivity:1,2
g1|r3|3|t3|u2|v2|False|True|False|True|False,3,outside_small_selector:2;small_ratio_outside_high_sensitivity:1,2
g1|r3|4|t0|u0|v0|False|True|True|True|True,3,outside_small_selector:2;small_ratio_outside_high_sensitivity:1,2
g1|r3|4|t0|u0|v1|False|True|True|True|True,3,outside_small_selector:2;small_ratio_outside_high_sensitivity:1,2
g1|r3|4|t0|u0|v2|False|True|True|True|True,3,outside_small_selector:2;small_ratio_outside_high_sensitivity:1,2
g1|r3|4|t0|u1|v0|False|True|True|True|True,3,outside_small_selector:2;small_ratio_outside_high_sensitivity:1,2
g1|r3|4|t0|u1|v1|False|True|True|True|True,3,outside_small_selector:2;small_ratio_outside_high_sensitivity:1,2
g1|r3|4|t0|u1|v2|False|True|True|True|True,3,outside_small_selector:2;small_ratio_outside_high_sensitivity:1,2
g1|r3|4|t0|u2|v0|False|True|True|True|False,3,outside_small_selector:2;small_ratio_outside_high_sensitivity:1,2
g1|r3|4|t0|u2|v1|False|True|True|True|False,3,outside_small_selector:2;small_ratio_outside_high_sensitivity:1,2
g1|r3|4|t0|u2|v2|False|True|True|True|False,3,outside_small_selector:2;small_ratio_outside_high_sensitivity:1,2
g1|r3|4|t1|u0|v0|False|True|True|False|True,3,outside_small_selector:2;small_ratio_outside_high_sensitivity:1,2
g1|r3|4|t1|u0|v1|False|True|True|False|True,3,outside_small_selector:2;small_ratio_outside_high_sensitivity:1,2
g1|r3|4|t1|u0|v2|False|True|True|False|True,3,outside_small_selector:2;small_ratio_outside_high_sensitivity:1,2
g1|r3|4|t1|u1|v0|False|True|True|False|False,3,outside_small_selector:2;small_ratio_outside_high_sensitivity:1,2
g1|r3|4|t1|u1|v1|False|True|True|False|False,3,outside_small_selector:2;small_ratio_outside_high_sensitivity:1,2
g1|r3|4|t1|u1|v2|False|True|True|False|False,3,outside_small_selector:2;small_ratio_outside_high_sensitivity:1,2
g1|r3|4|t1|u2|v0|False|True|True|False|False,3,outside_small_selector:2;small_ratio_outside_high_sensitivity:1,2
g1|r3|4|t1|u2|v1|False|True|True|False|False,3,outside_small_selector:2;small_ratio_outside_high_sensitivity:1,2
g1|r3|4|t1|u2|v2|False|True|True|False|False,3,outside_small_selector:2;small_ratio_outside_high_sensitivity:1,2
g1|r3|4|t2|u0|v0|False|True|True|True|True,3,outside_small_selector:2;small_ratio_outside_high_sensitivity:1,2
g1|r3|4|t2|u0|v1|False|True|True|True|True,3,outside_small_selector:2;small_ratio_outside_high_sensitivity:1,2
g1|r3|4|t2|u0|v2|False|True|True|True|True,3,outside_small_selector:2;small_ratio_outside_high_sensitivity:1,2
g1|r3|4|t2|u1|v0|False|True|True|True|False,3,outside_small_selector:2;small_ratio_outside_high_sensitivity:1,2
g1|r3|4|t2|u1|v1|False|True|True|True|False,3,outside_small_selector:2;small_ratio_outside_high_sensitivity:1,2
g1|r3|4|t2|u1|v2|False|True|True|True|False,3,outside_small_selector:2;small_ratio_outside_high_sensitivity:1,2
g1|r3|4|t2|u2|v0|False|True|True|True|False,3,outside_small_selector:2;small_ratio_outside_high_sensitivity:1,2
g1|r3|4|t2|u2|v1|False|True|True|True|False,3,outside_small_selector:2;small_ratio_outside_high_sensitivity:1,2
g1|r3|4|t2|u2|v2|False|True|True|True|False,3,outside_small_selector:2;small_ratio_outside_high_sensitivity:1,2
g1|r3|4|t3|u0|v0|False|True|True|True|True,3,outside_small_selector:2;small_ratio_outside_high_sensitivity:1,2
g1|r3|4|t3|u0|v1|False|True|True|True|True,3,outside_small_selector:2;small_ratio_outside_high_sensitivity:1,2
g1|r3|4|t3|u0|v2|False|True|True|True|True,3,outside_small_selector:2;small_ratio_outside_high_sensitivity:1,2
g1|r3|4|t3|u1|v0|False|True|True|True|False,3,outside_small_selector:2;small_ratio_outside_high_sensitivity:1,2
g1|r3|4|t3|u1|v1|False|True|True|True|False,3,outside_small_selector:2;small_ratio_outside_high_sensitivity:1,2
g1|r3|4|t3|u1|v2|False|True|True|True|False,3,outside_small_selector:2;small_ratio_outside_high_sensitivity:1,2
g1|r3|4|t3|u2|v0|False|True|True|True|False,3,outside_small_selector:2;small_ratio_outside_high_sensitivity:1,2
g1|r3|4|t3|u2|v1|False|True|True|True|False,3,outside_small_selector:2;small_ratio_outside_high_sensitivity:1,2
g1|r3|4|t3|u2|v2|False|True|True|True|False,3,outside_small_selector:2;small_ratio_outside_high_sensitivity:1,2
g1|r3|5|t0|u0|v0|False|True|False|True|True,3,outside_small_selector:2;small_selector_region:1,2
g1|r3|5|t0|u0|v1|False|True|False|True|True,3,outside_small_selector:2;small_selector_region:1,2
g1|r3|5|t0|u0|v2|False|True|False|True|True,3,outside_small_selector:2;small_selector_region:1,2
g1|r3|5|t0|u1|v0|False|True|False|True|True,3,outside_small_selector:2;small_selector_region:1,2
g1|r3|5|t0|u1|v1|False|True|False|True|True,3,outside_small_selector:2;small_selector_region:1,2
g1|r3|5|t0|u1|v2|False|True|False|True|True,3,outside_small_selector:2;small_selector_region:1,2
g1|r3|5|t0|u2|v0|False|True|False|True|False,3,outside_small_selector:2;small_selector_region:1,2
g1|r3|5|t0|u2|v1|False|True|False|True|False,3,outside_small_selector:2;small_selector_region:1,2
g1|r3|5|t0|u2|v2|False|True|False|True|False,3,outside_small_selector:2;small_selector_region:1,2
g1|r3|5|t1|u0|v0|False|True|False|False|True,3,outside_small_selector:2;small_ratio_outside_high_sensitivity:1,2
g1|r3|5|t1|u0|v1|False|True|False|False|True,3,outside_small_selector:2;small_ratio_outside_high_sensitivity:1,2
g1|r3|5|t1|u0|v2|False|True|False|False|True,3,outside_small_selector:2;small_ratio_outside_high_sensitivity:1,2
g1|r3|5|t1|u1|v0|False|True|False|False|False,3,outside_small_selector:2;small_ratio_outside_high_sensitivity:1,2
g1|r3|5|t1|u1|v1|False|True|False|False|False,3,outside_small_selector:2;small_ratio_outside_high_sensitivity:1,2
g1|r3|5|t1|u1|v2|False|True|False|False|False,3,outside_small_selector:2;small_ratio_outside_high_sensitivity:1,2
g1|r3|5|t1|u2|v0|False|True|False|False|False,3,outside_small_selector:2;small_ratio_outside_high_sensitivity:1,2
g1|r3|5|t1|u2|v1|False|True|False|False|False,3,outside_small_selector:2;small_ratio_outside_high_sensitivity:1,2
g1|r3|5|t1|u2|v2|False|True|False|False|False,3,outside_small_selector:2;small_ratio_outside_high_sensitivity:1,2
g1|r3|5|t2|u0|v0|False|True|False|False|True,3,outside_small_selector:2;small_ratio_outside_high_sensitivity:1,2
g1|r3|5|t2|u0|v1|False|True|False|False|True,3,outside_small_selector:2;small_ratio_outside_high_sensitivity:1,2
g1|r3|5|t2|u0|v2|False|True|False|False|True,3,outside_small_selector:2;small_ratio_outside_high_sensitivity:1,2
g1|r3|5|t2|u1|v0|False|True|False|False|False,3,outside_small_selector:2;small_ratio_outside_high_sensitivity:1,2
g1|r3|5|t2|u1|v1|False|True|False|False|False,3,outside_small_selector:2;small_ratio_outside_high_sensitivity:1,2
g1|r3|5|t2|u1|v2|False|True|False|False|False,3,outside_small_selector:2;small_ratio_outside_high_sensitivity:1,2
g1|r3|5|t2|u2|v0|False|True|False|False|False,3,outside_small_selector:2;small_ratio_outside_high_sensitivity:1,2
g1|r3|5|t2|u2|v1|False|True|False|False|False,3,outside_small_selector:2;small_ratio_outside_high_sensitivity:1,2
g1|r3|5|t2|u2|v2|False|True|False|False|False,3,outside_small_selector:2;small_ratio_outside_high_sensitivity:1,2
g1|r3|5|t3|u0|v0|False|True|False|True|True,3,outside_small_selector:2;small_ratio_outside_high_sensitivity:1,2
g1|r3|5|t3|u0|v1|False|True|False|True|True,3,outside_small_selector:2;small_ratio_outside_high_sensitivity:1,2
g1|r3|5|t3|u0|v2|False|True|False|True|True,3,outside_small_selector:2;small_ratio_outside_high_sensitivity:1,2
g1|r3|5|t3|u1|v0|False|True|False|True|False,3,outside_small_selector:2;small_ratio_outside_high_sensitivity:1,2
g1|r3|5|t3|u1|v1|False|True|False|True|False,3,outside_small_selector:2;small_ratio_outside_high_sensitivity:1,2
g1|r3|5|t3|u1|v2|False|True|False|True|False,3,outside_small_selector:2;small_ratio_outside_high_sensitivity:1,2
g1|r3|5|t3|u2|v0|False|True|False|True|False,3,outside_small_selector:2;small_ratio_outside_high_sensitivity:1,2
g1|r3|5|t3|u2|v1|False|True|False|True|False,3,outside_small_selector:2;small_ratio_outside_high_sensitivity:1,2
g1|r3|5|t3|u2|v2|False|True|False|True|False,3,outside_small_selector:2;small_ratio_outside_high_sensitivity:1,2
g2|r0|1|t0|u0|v0|False|True|True|True|True,3,outside_small_selector:2;small_selector_region:1,2
g2|r0|1|t0|u0|v1|False|True|True|True|True,3,outside_small_selector:2;small_selector_region:1,2
g2|r0|1|t0|u0|v2|False|True|True|True|True,3,outside_small_selector:2;small_selector_region:1,2
g2|r0|1|t0|u1|v0|False|True|True|True|True,3,outside_small_selector:2;small_selector_region:1,2
g2|r0|1|t0|u1|v1|False|True|True|True|True,3,outside_small_selector:2;small_selector_region:1,2
g2|r0|1|t0|u1|v2|False|True|True|True|True,3,outside_small_selector:2;small_selector_region:1,2
g2|r0|1|t0|u2|v0|False|True|True|True|False,3,outside_small_selector:2;small_selector_region:1,2
g2|r0|1|t0|u2|v1|False|True|True|True|False,3,outside_small_selector:2;small_selector_region:1,2
g2|r0|1|t0|u2|v2|False|True|True|True|False,3,outside_small_selector:2;small_selector_region:1,2
g2|r0|1|t1|u0|v0|False|True|True|True|True,3,outside_small_selector:2;small_ratio_outside_high_sensitivity:1,2
g2|r0|1|t1|u0|v1|False|True|True|True|True,3,outside_small_selector:2;small_ratio_outside_high_sensitivity:1,2
g2|r0|1|t1|u0|v2|False|True|True|True|True,3,outside_small_selector:2;small_ratio_outside_high_sensitivity:1,2
g2|r0|1|t1|u1|v0|False|True|True|True|True,3,outside_small_selector:2;small_ratio_outside_high_sensitivity:1,2
g2|r0|1|t1|u1|v1|False|True|True|True|True,3,outside_small_selector:2;small_ratio_outside_high_sensitivity:1,2
g2|r0|1|t1|u1|v2|False|True|True|True|True,3,outside_small_selector:2;small_ratio_outside_high_sensitivity:1,2
g2|r0|1|t1|u2|v0|False|True|True|True|False,3,outside_small_selector:2;small_ratio_outside_high_sensitivity:1,2
g2|r0|1|t1|u2|v1|False|True|True|True|False,3,outside_small_selector:2;small_ratio_outside_high_sensitivity:1,2
g2|r0|1|t1|u2|v2|False|True|True|True|False,3,outside_small_selector:2;small_ratio_outside_high_sensitivity:1,2
g2|r0|1|t2|u0|v0|False|True|True|False|True,3,outside_small_selector:2;small_ratio_outside_high_sensitivity:1,2
g2|r0|1|t2|u0|v1|False|True|True|False|True,3,outside_small_selector:2;small_ratio_outside_high_sensitivity:1,2
g2|r0|1|t2|u0|v2|False|True|True|False|True,3,outside_small_selector:2;small_ratio_outside_high_sensitivity:1,2
g2|r0|1|t2|u1|v0|False|True|True|False|True,3,outside_small_selector:2;small_ratio_outside_high_sensitivity:1,2
g2|r0|1|t2|u1|v1|False|True|True|False|True,3,outside_small_selector:2;small_ratio_outside_high_sensitivity:1,2
g2|r0|1|t2|u1|v2|False|True|True|False|True,3,outside_small_selector:2;small_ratio_outside_high_sensitivity:1,2
g2|r0|1|t2|u2|v0|False|True|True|False|False,3,outside_small_selector:2;small_ratio_outside_high_sensitivity:1,2
g2|r0|1|t2|u2|v1|False|True|True|False|False,3,outside_small_selector:2;small_ratio_outside_high_sensitivity:1,2
g2|r0|1|t2|u2|v2|False|True|True|False|False,3,outside_small_selector:2;small_ratio_outside_high_sensitivity:1,2
g2|r0|1|t3|u0|v0|False|True|True|True|True,3,outside_small_selector:2;small_ratio_outside_high_sensitivity:1,2
g2|r0|1|t3|u0|v1|False|True|True|True|True,3,outside_small_selector:2;small_ratio_outside_high_sensitivity:1,2
g2|r0|1|t3|u0|v2|False|True|True|True|True,3,outside_small_selector:2;small_ratio_outside_high_sensitivity:1,2
g2|r0|1|t3|u1|v0|False|True|True|True|True,3,outside_small_selector:2;small_ratio_outside_high_sensitivity:1,2
g2|r0|1|t3|u1|v1|False|True|True|True|True,3,outside_small_selector:2;small_ratio_outside_high_sensitivity:1,2
g2|r0|1|t3|u1|v2|False|True|True|True|True,3,outside_small_selector:2;small_ratio_outside_high_sensitivity:1,2
g2|r0|1|t3|u2|v0|False|True|True|True|False,3,outside_small_selector:2;small_ratio_outside_high_sensitivity:1,2
g2|r0|1|t3|u2|v1|False|True|True|True|False,3,outside_small_selector:2;small_ratio_outside_high_sensitivity:1,2
g2|r0|1|t3|u2|v2|False|True|True|True|False,3,outside_small_selector:2;small_ratio_outside_high_sensitivity:1,2
g2|r0|2|t0|u0|v0|False|True|False|True|True,3,outside_small_selector:2;small_selector_region:1,2
g2|r0|2|t0|u0|v1|False|True|False|True|True,3,outside_small_selector:2;small_selector_region:1,2
g2|r0|2|t0|u0|v2|False|True|False|True|True,3,outside_small_selector:2;small_selector_region:1,2
g2|r0|2|t0|u1|v0|False|True|False|True|True,3,outside_small_selector:2;small_selector_region:1,2
g2|r0|2|t0|u1|v1|False|True|False|True|True,3,outside_small_selector:2;small_selector_region:1,2
g2|r0|2|t0|u1|v2|False|True|False|True|True,3,outside_small_selector:2;small_selector_region:1,2
g2|r0|2|t0|u2|v0|False|True|False|True|False,3,outside_small_selector:2;small_selector_region:1,2
g2|r0|2|t0|u2|v1|False|True|False|True|False,3,outside_small_selector:2;small_selector_region:1,2
g2|r0|2|t0|u2|v2|False|True|False|True|False,3,outside_small_selector:2;small_selector_region:1,2
g2|r0|2|t1|u0|v0|False|True|False|True|True,3,outside_small_selector:2;small_ratio_outside_high_sensitivity:1,2
g2|r0|2|t1|u0|v1|False|True|False|True|True,3,outside_small_selector:2;small_ratio_outside_high_sensitivity:1,2
g2|r0|2|t1|u0|v2|False|True|False|True|True,3,outside_small_selector:2;small_ratio_outside_high_sensitivity:1,2
g2|r0|2|t1|u1|v0|False|True|False|True|True,3,outside_small_selector:2;small_ratio_outside_high_sensitivity:1,2
g2|r0|2|t1|u1|v1|False|True|False|True|True,3,outside_small_selector:2;small_ratio_outside_high_sensitivity:1,2
g2|r0|2|t1|u1|v2|False|True|False|True|True,3,outside_small_selector:2;small_ratio_outside_high_sensitivity:1,2
g2|r0|2|t1|u2|v0|False|True|False|True|False,3,outside_small_selector:2;small_ratio_outside_high_sensitivity:1,2
g2|r0|2|t1|u2|v1|False|True|False|True|False,3,outside_small_selector:2;small_ratio_outside_high_sensitivity:1,2
g2|r0|2|t1|u2|v2|False|True|False|True|False,3,outside_small_selector:2;small_ratio_outside_high_sensitivity:1,2
g2|r0|2|t2|u0|v0|False|True|False|False|True,3,outside_small_selector:2;small_ratio_outside_high_sensitivity:1,2
g2|r0|2|t2|u0|v1|False|True|False|False|True,3,outside_small_selector:2;small_ratio_outside_high_sensitivity:1,2
g2|r0|2|t2|u0|v2|False|True|False|False|True,3,outside_small_selector:2;small_ratio_outside_high_sensitivity:1,2
g2|r0|2|t2|u1|v0|False|True|False|False|True,3,outside_small_selector:2;small_ratio_outside_high_sensitivity:1,2
g2|r0|2|t2|u1|v1|False|True|False|False|True,3,outside_small_selector:2;small_ratio_outside_high_sensitivity:1,2
g2|r0|2|t2|u1|v2|False|True|False|False|True,3,outside_small_selector:2;small_ratio_outside_high_sensitivity:1,2
g2|r0|2|t2|u2|v0|False|True|False|False|False,3,outside_small_selector:2;small_ratio_outside_high_sensitivity:1,2
g2|r0|2|t2|u2|v1|False|True|False|False|False,3,outside_small_selector:2;small_ratio_outside_high_sensitivity:1,2
g2|r0|2|t2|u2|v2|False|True|False|False|False,3,outside_small_selector:2;small_ratio_outside_high_sensitivity:1,2
g2|r0|2|t3|u0|v0|False|True|False|True|True,3,outside_small_selector:2;small_ratio_outside_high_sensitivity:1,2
g2|r0|2|t3|u0|v1|False|True|False|True|True,3,outside_small_selector:2;small_ratio_outside_high_sensitivity:1,2
g2|r0|2|t3|u0|v2|False|True|False|True|True,3,outside_small_selector:2;small_ratio_outside_high_sensitivity:1,2
g2|r0|2|t3|u1|v0|False|True|False|True|True,3,outside_small_selector:2;small_ratio_outside_high_sensitivity:1,2
g2|r0|2|t3|u1|v1|False|True|False|True|True,3,outside_small_selector:2;small_ratio_outside_high_sensitivity:1,2
g2|r0|2|t3|u1|v2|False|True|False|True|True,3,outside_small_selector:2;small_ratio_outside_high_sensitivity:1,2
g2|r0|2|t3|u2|v0|False|True|False|True|False,3,outside_small_selector:2;small_ratio_outside_high_sensitivity:1,2
g2|r0|2|t3|u2|v1|False|True|False|True|False,3,outside_small_selector:2;small_ratio_outside_high_sensitivity:1,2
g2|r0|2|t3|u2|v2|False|True|False|True|False,3,outside_small_selector:2;small_ratio_outside_high_sensitivity:1,2
g2|r0|3|t0|u0|v0|False|True|True|True|True,3,outside_small_selector:2;small_selector_region:1,2
g2|r0|3|t0|u0|v1|False|True|True|True|True,3,outside_small_selector:2;small_selector_region:1,2
g2|r0|3|t0|u0|v2|False|True|True|True|True,3,outside_small_selector:2;small_selector_region:1,2
g2|r0|3|t0|u1|v0|False|True|True|True|True,3,outside_small_selector:2;small_selector_region:1,2
g2|r0|3|t0|u1|v1|False|True|True|True|True,3,outside_small_selector:2;small_selector_region:1,2
g2|r0|3|t0|u1|v2|False|True|True|True|True,3,outside_small_selector:2;small_selector_region:1,2
g2|r0|3|t0|u2|v0|False|True|True|True|False,3,outside_small_selector:2;small_selector_region:1,2
g2|r0|3|t0|u2|v1|False|True|True|True|False,3,outside_small_selector:2;small_selector_region:1,2
g2|r0|3|t0|u2|v2|False|True|True|True|False,3,outside_small_selector:2;small_selector_region:1,2
g2|r0|3|t1|u0|v0|False|True|True|False|True,3,outside_small_selector:2;small_ratio_outside_high_sensitivity:1,2
g2|r0|3|t1|u0|v1|False|True|True|False|True,3,outside_small_selector:2;small_ratio_outside_high_sensitivity:1,2
g2|r0|3|t1|u0|v2|False|True|True|False|True,3,outside_small_selector:2;small_ratio_outside_high_sensitivity:1,2
g2|r0|3|t1|u1|v0|False|True|True|False|True,3,outside_small_selector:2;small_ratio_outside_high_sensitivity:1,2
g2|r0|3|t1|u1|v1|False|True|True|False|True,3,outside_small_selector:2;small_ratio_outside_high_sensitivity:1,2
g2|r0|3|t1|u1|v2|False|True|True|False|True,3,outside_small_selector:2;small_ratio_outside_high_sensitivity:1,2
g2|r0|3|t1|u2|v0|False|True|True|False|False,3,outside_small_selector:2;small_ratio_outside_high_sensitivity:1,2
g2|r0|3|t1|u2|v1|False|True|True|False|False,3,outside_small_selector:2;small_ratio_outside_high_sensitivity:1,2
g2|r0|3|t1|u2|v2|False|True|True|False|False,3,outside_small_selector:2;small_ratio_outside_high_sensitivity:1,2
g2|r0|3|t2|u0|v0|False|True|True|False|True,3,outside_small_selector:2;small_ratio_outside_high_sensitivity:1,2
g2|r0|3|t2|u0|v1|False|True|True|False|True,3,outside_small_selector:2;small_ratio_outside_high_sensitivity:1,2
g2|r0|3|t2|u0|v2|False|True|True|False|True,3,outside_small_selector:2;small_ratio_outside_high_sensitivity:1,2
g2|r0|3|t2|u1|v0|False|True|True|False|True,3,outside_small_selector:2;small_ratio_outside_high_sensitivity:1,2
g2|r0|3|t2|u1|v1|False|True|True|False|True,3,outside_small_selector:2;small_ratio_outside_high_sensitivity:1,2
g2|r0|3|t2|u1|v2|False|True|True|False|True,3,outside_small_selector:2;small_ratio_outside_high_sensitivity:1,2
g2|r0|3|t2|u2|v0|False|True|True|False|False,3,outside_small_selector:2;small_ratio_outside_high_sensitivity:1,2
g2|r0|3|t2|u2|v1|False|True|True|False|False,3,outside_small_selector:2;small_ratio_outside_high_sensitivity:1,2
g2|r0|3|t2|u2|v2|False|True|True|False|False,3,outside_small_selector:2;small_ratio_outside_high_sensitivity:1,2
g2|r0|3|t3|u0|v0|False|True|True|True|True,3,outside_small_selector:2;small_ratio_outside_high_sensitivity:1,2
g2|r0|3|t3|u0|v1|False|True|True|True|True,3,outside_small_selector:2;small_ratio_outside_high_sensitivity:1,2
g2|r0|3|t3|u0|v2|False|True|True|True|True,3,outside_small_selector:2;small_ratio_outside_high_sensitivity:1,2
g2|r0|3|t3|u1|v0|False|True|True|True|True,3,outside_small_selector:2;small_ratio_outside_high_sensitivity:1,2
g2|r0|3|t3|u1|v1|False|True|True|True|True,3,outside_small_selector:2;small_ratio_outside_high_sensitivity:1,2
g2|r0|3|t3|u1|v2|False|True|True|True|True,3,outside_small_selector:2;small_ratio_outside_high_sensitivity:1,2
g2|r0|3|t3|u2|v0|False|True|True|True|False,3,outside_small_selector:2;small_ratio_outside_high_sensitivity:1,2
g2|r0|3|t3|u2|v1|False|True|True|True|False,3,outside_small_selector:2;small_ratio_outside_high_sensitivity:1,2
g2|r0|3|t3|u2|v2|False|True|True|True|False,3,outside_small_selector:2;small_ratio_outside_high_sensitivity:1,2
g2|r0|4|t0|u0|v0|False|True|False|True|True,3,outside_small_selector:2;small_selector_region:1,2
g2|r0|4|t0|u0|v1|False|True|False|True|True,3,outside_small_selector:2;small_selector_region:1,2
g2|r0|4|t0|u0|v2|False|True|False|True|True,3,outside_small_selector:2;small_selector_region:1,2
g2|r0|4|t0|u1|v0|False|True|False|True|True,3,outside_small_selector:2;small_selector_region:1,2
g2|r0|4|t0|u1|v1|False|True|False|True|True,3,outside_small_selector:2;small_selector_region:1,2
g2|r0|4|t0|u1|v2|False|True|False|True|True,3,outside_small_selector:2;small_selector_region:1,2
g2|r0|4|t0|u2|v0|False|True|False|True|False,3,outside_small_selector:2;small_selector_region:1,2
g2|r0|4|t0|u2|v1|False|True|False|True|False,3,outside_small_selector:2;small_selector_region:1,2
g2|r0|4|t0|u2|v2|False|True|False|True|False,3,outside_small_selector:2;small_selector_region:1,2
g2|r0|4|t1|u0|v0|False|True|False|False|True,3,outside_small_selector:2;small_ratio_outside_high_sensitivity:1,2
g2|r0|4|t1|u0|v1|False|True|False|False|True,3,outside_small_selector:2;small_ratio_outside_high_sensitivity:1,2
g2|r0|4|t1|u0|v2|False|True|False|False|True,3,outside_small_selector:2;small_ratio_outside_high_sensitivity:1,2
g2|r0|4|t1|u1|v0|False|True|False|False|True,3,outside_small_selector:2;small_ratio_outside_high_sensitivity:1,2
g2|r0|4|t1|u1|v1|False|True|False|False|True,3,outside_small_selector:2;small_ratio_outside_high_sensitivity:1,2
g2|r0|4|t1|u1|v2|False|True|False|False|True,3,outside_small_selector:2;small_ratio_outside_high_sensitivity:1,2
g2|r0|4|t1|u2|v0|False|True|False|False|False,3,outside_small_selector:2;small_ratio_outside_high_sensitivity:1,2
g2|r0|4|t1|u2|v1|False|True|False|False|False,3,outside_small_selector:2;small_ratio_outside_high_sensitivity:1,2
g2|r0|4|t1|u2|v2|False|True|False|False|False,3,outside_small_selector:2;small_ratio_outside_high_sensitivity:1,2
g2|r0|4|t2|u0|v0|False|True|False|False|True,3,outside_small_selector:2;small_ratio_outside_high_sensitivity:1,2
g2|r0|4|t2|u0|v1|False|True|False|False|True,3,outside_small_selector:2;small_ratio_outside_high_sensitivity:1,2
g2|r0|4|t2|u0|v2|False|True|False|False|True,3,outside_small_selector:2;small_ratio_outside_high_sensitivity:1,2
g2|r0|4|t2|u1|v0|False|True|False|False|True,3,outside_small_selector:2;small_ratio_outside_high_sensitivity:1,2
g2|r0|4|t2|u1|v1|False|True|False|False|True,3,outside_small_selector:2;small_ratio_outside_high_sensitivity:1,2
g2|r0|4|t2|u1|v2|False|True|False|False|True,3,outside_small_selector:2;small_ratio_outside_high_sensitivity:1,2
g2|r0|4|t2|u2|v0|False|True|False|False|False,3,outside_small_selector:2;small_ratio_outside_high_sensitivity:1,2
g2|r0|4|t2|u2|v1|False|True|False|False|False,3,outside_small_selector:2;small_ratio_outside_high_sensitivity:1,2
g2|r0|4|t2|u2|v2|False|True|False|False|False,3,outside_small_selector:2;small_ratio_outside_high_sensitivity:1,2
g2|r0|4|t3|u0|v0|False|True|False|True|True,3,outside_small_selector:2;small_ratio_outside_high_sensitivity:1,2
g2|r0|4|t3|u0|v1|False|True|False|True|True,3,outside_small_selector:2;small_ratio_outside_high_sensitivity:1,2
g2|r0|4|t3|u0|v2|False|True|False|True|True,3,outside_small_selector:2;small_ratio_outside_high_sensitivity:1,2
g2|r0|4|t3|u1|v0|False|True|False|True|True,3,outside_small_selector:2;small_ratio_outside_high_sensitivity:1,2
g2|r0|4|t3|u1|v1|False|True|False|True|True,3,outside_small_selector:2;small_ratio_outside_high_sensitivity:1,2
g2|r0|4|t3|u1|v2|False|True|False|True|True,3,outside_small_selector:2;small_ratio_outside_high_sensitivity:1,2
g2|r0|4|t3|u2|v0|False|True|False|True|False,3,outside_small_selector:2;small_ratio_outside_high_sensitivity:1,2
g2|r0|4|t3|u2|v1|False|True|False|True|False,3,outside_small_selector:2;small_ratio_outside_high_sensitivity:1,2
g2|r0|4|t3|u2|v2|False|True|False|True|False,3,outside_small_selector:2;small_ratio_outside_high_sensitivity:1,2
g2|r0|5|t0|u0|v0|False|True|True|True|True,3,outside_small_selector:2;small_selector_region:1,2
g2|r0|5|t0|u0|v1|False|True|True|True|True,3,outside_small_selector:2;small_selector_region:1,2
g2|r0|5|t0|u0|v2|False|True|True|True|True,3,outside_small_selector:2;small_selector_region:1,2
g2|r0|5|t0|u1|v0|False|True|True|True|True,3,outside_small_selector:2;small_selector_region:1,2
g2|r0|5|t0|u1|v1|False|True|True|True|True,3,outside_small_selector:2;small_selector_region:1,2
g2|r0|5|t0|u1|v2|False|True|True|True|True,3,outside_small_selector:2;small_selector_region:1,2
g2|r0|5|t0|u2|v0|False|True|True|True|False,3,outside_small_selector:2;small_selector_region:1,2
g2|r0|5|t0|u2|v1|False|True|True|True|False,3,outside_small_selector:2;small_selector_region:1,2
g2|r0|5|t0|u2|v2|False|True|True|True|False,3,outside_small_selector:2;small_selector_region:1,2
g2|r0|5|t1|u0|v0|False|True|True|False|True,3,outside_small_selector:2;small_ratio_outside_high_sensitivity:1,2
g2|r0|5|t1|u0|v1|False|True|True|False|True,3,outside_small_selector:2;small_ratio_outside_high_sensitivity:1,2
g2|r0|5|t1|u0|v2|False|True|True|False|True,3,outside_small_selector:2;small_ratio_outside_high_sensitivity:1,2
g2|r0|5|t1|u1|v0|False|True|True|False|True,3,outside_small_selector:2;small_ratio_outside_high_sensitivity:1,2
g2|r0|5|t1|u1|v1|False|True|True|False|True,3,outside_small_selector:2;small_ratio_outside_high_sensitivity:1,2
g2|r0|5|t1|u1|v2|False|True|True|False|True,3,outside_small_selector:2;small_ratio_outside_high_sensitivity:1,2
g2|r0|5|t1|u2|v0|False|True|True|False|False,3,outside_small_selector:2;small_ratio_outside_high_sensitivity:1,2
g2|r0|5|t1|u2|v1|False|True|True|False|False,3,outside_small_selector:2;small_ratio_outside_high_sensitivity:1,2
g2|r0|5|t1|u2|v2|False|True|True|False|False,3,outside_small_selector:2;small_ratio_outside_high_sensitivity:1,2
g2|r0|5|t2|u0|v0|False|True|True|False|True,3,outside_small_selector:2;small_ratio_outside_high_sensitivity:1,2
g2|r0|5|t2|u0|v1|False|True|True|False|True,3,outside_small_selector:2;small_ratio_outside_high_sensitivity:1,2
g2|r0|5|t2|u0|v2|False|True|True|False|True,3,outside_small_selector:2;small_ratio_outside_high_sensitivity:1,2
g2|r0|5|t2|u1|v0|False|True|True|False|True,3,outside_small_selector:2;small_ratio_outside_high_sensitivity:1,2
g2|r0|5|t2|u1|v1|False|True|True|False|True,3,outside_small_selector:2;small_ratio_outside_high_sensitivity:1,2
g2|r0|5|t2|u1|v2|False|True|True|False|True,3,outside_small_selector:2;small_ratio_outside_high_sensitivity:1,2
g2|r0|5|t2|u2|v0|False|True|True|False|False,3,outside_small_selector:2;small_ratio_outside_high_sensitivity:1,2
g2|r0|5|t2|u2|v1|False|True|True|False|False,3,outside_small_selector:2;small_ratio_outside_high_sensitivity:1,2
g2|r0|5|t2|u2|v2|False|True|True|False|False,3,outside_small_selector:2;small_ratio_outside_high_sensitivity:1,2
g2|r0|5|t3|u0|v0|False|True|True|True|True,3,outside_small_selector:2;small_ratio_outside_high_sensitivity:1,2
g2|r0|5|t3|u0|v1|False|True|True|True|True,3,outside_small_selector:2;small_ratio_outside_high_sensitivity:1,2
g2|r0|5|t3|u0|v2|False|True|True|True|True,3,outside_small_selector:2;small_ratio_outside_high_sensitivity:1,2
g2|r0|5|t3|u1|v0|False|True|True|True|True,3,outside_small_selector:2;small_ratio_outside_high_sensitivity:1,2
g2|r0|5|t3|u1|v1|False|True|True|True|True,3,outside_small_selector:2;small_ratio_outside_high_sensitivity:1,2
g2|r0|5|t3|u1|v2|False|True|True|True|True,3,outside_small_selector:2;small_ratio_outside_high_sensitivity:1,2
g2|r0|5|t3|u2|v0|False|True|True|True|False,3,outside_small_selector:2;small_ratio_outside_high_sensitivity:1,2
g2|r0|5|t3|u2|v1|False|True|True|True|False,3,outside_small_selector:2;small_ratio_outside_high_sensitivity:1,2
g2|r0|5|t3|u2|v2|False|True|True|True|False,3,outside_small_selector:2;small_ratio_outside_high_sensitivity:1,2
g2|r1|1|t0|u0|v0|False|False|True|True|True,3,outside_small_selector:2;small_selector_region:1,2
g2|r1|1|t0|u0|v1|False|False|True|True|True,3,outside_small_selector:2;small_selector_region:1,2
g2|r1|1|t0|u0|v2|False|False|True|True|True,3,outside_small_selector:2;small_selector_region:1,2
g2|r1|1|t0|u1|v0|False|False|True|True|False,3,outside_small_selector:2;small_selector_region:1,2
g2|r1|1|t0|u1|v1|False|False|True|True|False,3,outside_small_selector:2;small_selector_region:1,2
g2|r1|1|t0|u1|v2|False|False|True|True|False,3,outside_small_selector:2;small_selector_region:1,2
g2|r1|1|t0|u2|v0|False|False|True|True|False,3,outside_small_selector:2;small_selector_region:1,2
g2|r1|1|t0|u2|v1|False|False|True|True|False,3,outside_small_selector:2;small_selector_region:1,2
g2|r1|1|t0|u2|v2|False|False|True|True|False,3,outside_small_selector:2;small_selector_region:1,2
g2|r1|1|t1|u0|v0|False|False|True|True|True,3,outside_small_selector:2;small_ratio_outside_high_sensitivity:1,2
g2|r1|1|t1|u0|v1|False|False|True|True|True,3,outside_small_selector:2;small_ratio_outside_high_sensitivity:1,2
g2|r1|1|t1|u0|v2|False|False|True|True|True,3,outside_small_selector:2;small_ratio_outside_high_sensitivity:1,2
g2|r1|1|t1|u1|v0|False|False|True|True|False,3,outside_small_selector:2;small_ratio_outside_high_sensitivity:1,2
g2|r1|1|t1|u1|v1|False|False|True|True|False,3,outside_small_selector:2;small_ratio_outside_high_sensitivity:1,2
g2|r1|1|t1|u1|v2|False|False|True|True|False,3,outside_small_selector:2;small_ratio_outside_high_sensitivity:1,2
g2|r1|1|t1|u2|v0|False|False|True|True|False,3,outside_small_selector:2;small_ratio_outside_high_sensitivity:1,2
g2|r1|1|t1|u2|v1|False|False|True|True|False,3,outside_small_selector:2;small_ratio_outside_high_sensitivity:1,2
g2|r1|1|t1|u2|v2|False|False|True|True|False,3,outside_small_selector:2;small_ratio_outside_high_sensitivity:1,2
g2|r1|1|t2|u0|v0|False|False|True|False|True,3,outside_small_selector:2;small_ratio_outside_high_sensitivity:1,2
g2|r1|1|t2|u0|v1|False|False|True|False|True,3,outside_small_selector:2;small_ratio_outside_high_sensitivity:1,2
g2|r1|1|t2|u0|v2|False|False|True|False|True,3,outside_small_selector:2;small_ratio_outside_high_sensitivity:1,2
g2|r1|1|t2|u1|v0|False|False|True|False|False,3,outside_small_selector:2;small_ratio_outside_high_sensitivity:1,2
g2|r1|1|t2|u1|v1|False|False|True|False|False,3,outside_small_selector:2;small_ratio_outside_high_sensitivity:1,2
g2|r1|1|t2|u1|v2|False|False|True|False|False,3,outside_small_selector:2;small_ratio_outside_high_sensitivity:1,2
g2|r1|1|t2|u2|v0|False|False|True|False|False,3,outside_small_selector:2;small_ratio_outside_high_sensitivity:1,2
g2|r1|1|t2|u2|v1|False|False|True|False|False,3,outside_small_selector:2;small_ratio_outside_high_sensitivity:1,2
g2|r1|1|t2|u2|v2|False|False|True|False|False,3,outside_small_selector:2;small_ratio_outside_high_sensitivity:1,2
g2|r1|1|t3|u0|v0|False|False|True|True|True,3,outside_small_selector:2;small_ratio_outside_high_sensitivity:1,2
g2|r1|1|t3|u0|v1|False|False|True|True|True,3,outside_small_selector:2;small_ratio_outside_high_sensitivity:1,2
g2|r1|1|t3|u0|v2|False|False|True|True|True,3,outside_small_selector:2;small_ratio_outside_high_sensitivity:1,2
g2|r1|1|t3|u1|v0|False|False|True|True|False,3,outside_small_selector:2;small_ratio_outside_high_sensitivity:1,2
g2|r1|1|t3|u1|v1|False|False|True|True|False,3,outside_small_selector:2;small_ratio_outside_high_sensitivity:1,2
g2|r1|1|t3|u1|v2|False|False|True|True|False,3,outside_small_selector:2;small_ratio_outside_high_sensitivity:1,2
g2|r1|1|t3|u2|v0|False|False|True|True|False,3,outside_small_selector:2;small_ratio_outside_high_sensitivity:1,2
g2|r1|1|t3|u2|v1|False|False|True|True|False,3,outside_small_selector:2;small_ratio_outside_high_sensitivity:1,2
g2|r1|1|t3|u2|v2|False|False|True|True|False,3,outside_small_selector:2;small_ratio_outside_high_sensitivity:1,2
g2|r1|2|t0|u0|v0|False|False|False|True|True,3,outside_small_selector:2;small_selector_region:1,2
g2|r1|2|t0|u0|v1|False|False|False|True|True,3,outside_small_selector:2;small_selector_region:1,2
g2|r1|2|t0|u0|v2|False|False|False|True|True,3,outside_small_selector:2;small_selector_region:1,2
g2|r1|2|t0|u1|v0|False|False|False|True|False,3,outside_small_selector:2;small_selector_region:1,2
g2|r1|2|t0|u1|v1|False|False|False|True|False,3,outside_small_selector:2;small_selector_region:1,2
g2|r1|2|t0|u1|v2|False|False|False|True|False,3,outside_small_selector:2;small_selector_region:1,2
g2|r1|2|t0|u2|v0|False|False|False|True|False,3,outside_small_selector:2;small_selector_region:1,2
g2|r1|2|t0|u2|v1|False|False|False|True|False,3,outside_small_selector:2;small_selector_region:1,2
g2|r1|2|t0|u2|v2|False|False|False|True|False,3,outside_small_selector:2;small_selector_region:1,2
g2|r1|2|t1|u0|v0|False|False|False|True|True,3,outside_small_selector:2;small_ratio_outside_high_sensitivity:1,2
g2|r1|2|t1|u0|v1|False|False|False|True|True,3,outside_small_selector:2;small_ratio_outside_high_sensitivity:1,2
g2|r1|2|t1|u0|v2|False|False|False|True|True,3,outside_small_selector:2;small_ratio_outside_high_sensitivity:1,2
g2|r1|2|t1|u1|v0|False|False|False|True|False,3,outside_small_selector:2;small_ratio_outside_high_sensitivity:1,2
g2|r1|2|t1|u1|v1|False|False|False|True|False,3,outside_small_selector:2;small_ratio_outside_high_sensitivity:1,2
g2|r1|2|t1|u1|v2|False|False|False|True|False,3,outside_small_selector:2;small_ratio_outside_high_sensitivity:1,2
g2|r1|2|t1|u2|v0|False|False|False|True|False,3,outside_small_selector:2;small_ratio_outside_high_sensitivity:1,2
g2|r1|2|t1|u2|v1|False|False|False|True|False,3,outside_small_selector:2;small_ratio_outside_high_sensitivity:1,2
g2|r1|2|t1|u2|v2|False|False|False|True|False,3,outside_small_selector:2;small_ratio_outside_high_sensitivity:1,2
g2|r1|2|t2|u0|v0|False|False|False|False|True,3,outside_small_selector:2;small_ratio_outside_high_sensitivity:1,2
g2|r1|2|t2|u0|v1|False|False|False|False|True,3,outside_small_selector:2;small_ratio_outside_high_sensitivity:1,2
g2|r1|2|t2|u0|v2|False|False|False|False|True,3,outside_small_selector:2;small_ratio_outside_high_sensitivity:1,2
g2|r1|2|t2|u1|v0|False|False|False|False|False,3,outside_small_selector:2;small_ratio_outside_high_sensitivity:1,2
g2|r1|2|t2|u1|v1|False|False|False|False|False,3,outside_small_selector:2;small_ratio_outside_high_sensitivity:1,2
g2|r1|2|t2|u1|v2|False|False|False|False|False,3,outside_small_selector:2;small_ratio_outside_high_sensitivity:1,2
g2|r1|2|t2|u2|v0|False|False|False|False|False,3,outside_small_selector:2;small_ratio_outside_high_sensitivity:1,2
g2|r1|2|t2|u2|v1|False|False|False|False|False,3,outside_small_selector:2;small_ratio_outside_high_sensitivity:1,2
g2|r1|2|t2|u2|v2|False|False|False|False|False,3,outside_small_selector:2;small_ratio_outside_high_sensitivity:1,2
g2|r1|2|t3|u0|v0|False|False|False|True|True,3,outside_small_selector:2;small_ratio_outside_high_sensitivity:1,2
g2|r1|2|t3|u0|v1|False|False|False|True|True,3,outside_small_selector:2;small_ratio_outside_high_sensitivity:1,2
g2|r1|2|t3|u0|v2|False|False|False|True|True,3,outside_small_selector:2;small_ratio_outside_high_sensitivity:1,2
g2|r1|2|t3|u1|v0|False|False|False|True|False,3,outside_small_selector:2;small_ratio_outside_high_sensitivity:1,2
g2|r1|2|t3|u1|v1|False|False|False|True|False,3,outside_small_selector:2;small_ratio_outside_high_sensitivity:1,2
g2|r1|2|t3|u1|v2|False|False|False|True|False,3,outside_small_selector:2;small_ratio_outside_high_sensitivity:1,2
g2|r1|2|t3|u2|v0|False|False|False|True|False,3,outside_small_selector:2;small_ratio_outside_high_sensitivity:1,2
g2|r1|2|t3|u2|v1|False|False|False|True|False,3,outside_small_selector:2;small_ratio_outside_high_sensitivity:1,2
g2|r1|2|t3|u2|v2|False|False|False|True|False,3,outside_small_selector:2;small_ratio_outside_high_sensitivity:1,2
g2|r1|3|t0|u0|v0|False|False|True|True|True,3,outside_small_selector:2;small_selector_region:1,2
g2|r1|3|t0|u0|v1|False|False|True|True|True,3,outside_small_selector:2;small_selector_region:1,2
g2|r1|3|t0|u0|v2|False|False|True|True|True,3,outside_small_selector:2;small_selector_region:1,2
g2|r1|3|t0|u1|v0|False|False|True|True|False,3,outside_small_selector:2;small_selector_region:1,2
g2|r1|3|t0|u1|v1|False|False|True|True|False,3,outside_small_selector:2;small_selector_region:1,2
g2|r1|3|t0|u1|v2|False|False|True|True|False,3,outside_small_selector:2;small_selector_region:1,2
g2|r1|3|t0|u2|v0|False|False|True|True|False,3,outside_small_selector:2;small_selector_region:1,2
g2|r1|3|t0|u2|v1|False|False|True|True|False,3,outside_small_selector:2;small_selector_region:1,2
g2|r1|3|t0|u2|v2|False|False|True|True|False,3,outside_small_selector:2;small_selector_region:1,2
g2|r1|3|t1|u0|v0|False|False|True|False|True,3,outside_small_selector:2;small_ratio_outside_high_sensitivity:1,2
g2|r1|3|t1|u0|v1|False|False|True|False|True,3,outside_small_selector:2;small_ratio_outside_high_sensitivity:1,2
g2|r1|3|t1|u0|v2|False|False|True|False|True,3,outside_small_selector:2;small_ratio_outside_high_sensitivity:1,2
g2|r1|3|t1|u1|v0|False|False|True|False|False,3,outside_small_selector:2;small_ratio_outside_high_sensitivity:1,2
g2|r1|3|t1|u1|v1|False|False|True|False|False,3,outside_small_selector:2;small_ratio_outside_high_sensitivity:1,2
g2|r1|3|t1|u1|v2|False|False|True|False|False,3,outside_small_selector:2;small_ratio_outside_high_sensitivity:1,2
g2|r1|3|t1|u2|v0|False|False|True|False|False,3,outside_small_selector:2;small_ratio_outside_high_sensitivity:1,2
g2|r1|3|t1|u2|v1|False|False|True|False|False,3,outside_small_selector:2;small_ratio_outside_high_sensitivity:1,2
g2|r1|3|t1|u2|v2|False|False|True|False|False,3,outside_small_selector:2;small_ratio_outside_high_sensitivity:1,2
g2|r1|3|t2|u0|v0|False|False|True|False|True,3,outside_small_selector:2;small_ratio_outside_high_sensitivity:1,2
g2|r1|3|t2|u0|v1|False|False|True|False|True,3,outside_small_selector:2;small_ratio_outside_high_sensitivity:1,2
g2|r1|3|t2|u0|v2|False|False|True|False|True,3,outside_small_selector:2;small_ratio_outside_high_sensitivity:1,2
g2|r1|3|t2|u1|v0|False|False|True|False|False,3,outside_small_selector:2;small_ratio_outside_high_sensitivity:1,2
g2|r1|3|t2|u1|v1|False|False|True|False|False,3,outside_small_selector:2;small_ratio_outside_high_sensitivity:1,2
g2|r1|3|t2|u1|v2|False|False|True|False|False,3,outside_small_selector:2;small_ratio_outside_high_sensitivity:1,2
g2|r1|3|t2|u2|v0|False|False|True|False|False,3,outside_small_selector:2;small_ratio_outside_high_sensitivity:1,2
g2|r1|3|t2|u2|v1|False|False|True|False|False,3,outside_small_selector:2;small_ratio_outside_high_sensitivity:1,2
g2|r1|3|t2|u2|v2|False|False|True|False|False,3,outside_small_selector:2;small_ratio_outside_high_sensitivity:1,2
g2|r1|3|t3|u0|v0|False|False|True|True|True,3,outside_small_selector:2;small_ratio_outside_high_sensitivity:1,2
g2|r1|3|t3|u0|v1|False|False|True|True|True,3,outside_small_selector:2;small_ratio_outside_high_sensitivity:1,2
g2|r1|3|t3|u0|v2|False|False|True|True|True,3,outside_small_selector:2;small_ratio_outside_high_sensitivity:1,2
g2|r1|3|t3|u1|v0|False|False|True|True|False,3,outside_small_selector:2;small_ratio_outside_high_sensitivity:1,2
g2|r1|3|t3|u1|v1|False|False|True|True|False,3,outside_small_selector:2;small_ratio_outside_high_sensitivity:1,2
g2|r1|3|t3|u1|v2|False|False|True|True|False,3,outside_small_selector:2;small_ratio_outside_high_sensitivity:1,2
g2|r1|3|t3|u2|v0|False|False|True|True|False,3,outside_small_selector:2;small_ratio_outside_high_sensitivity:1,2
g2|r1|3|t3|u2|v1|False|False|True|True|False,3,outside_small_selector:2;small_ratio_outside_high_sensitivity:1,2
g2|r1|3|t3|u2|v2|False|False|True|True|False,3,outside_small_selector:2;small_ratio_outside_high_sensitivity:1,2
g2|r1|4|t0|u0|v0|False|False|False|True|True,3,outside_small_selector:2;small_selector_region:1,2
g2|r1|4|t0|u0|v1|False|False|False|True|True,3,outside_small_selector:2;small_selector_region:1,2
g2|r1|4|t0|u0|v2|False|False|False|True|True,3,outside_small_selector:2;small_selector_region:1,2
g2|r1|4|t0|u1|v0|False|False|False|True|False,3,outside_small_selector:2;small_selector_region:1,2
g2|r1|4|t0|u1|v1|False|False|False|True|False,3,outside_small_selector:2;small_selector_region:1,2
g2|r1|4|t0|u1|v2|False|False|False|True|False,3,outside_small_selector:2;small_selector_region:1,2
g2|r1|4|t0|u2|v0|False|False|False|True|False,3,outside_small_selector:2;small_selector_region:1,2
g2|r1|4|t0|u2|v1|False|False|False|True|False,3,outside_small_selector:2;small_selector_region:1,2
g2|r1|4|t0|u2|v2|False|False|False|True|False,3,outside_small_selector:2;small_selector_region:1,2
g2|r1|4|t1|u0|v0|False|False|False|False|True,3,outside_small_selector:2;small_ratio_outside_high_sensitivity:1,2
g2|r1|4|t1|u0|v1|False|False|False|False|True,3,outside_small_selector:2;small_ratio_outside_high_sensitivity:1,2
g2|r1|4|t1|u0|v2|False|False|False|False|True,3,outside_small_selector:2;small_ratio_outside_high_sensitivity:1,2
g2|r1|4|t1|u1|v0|False|False|False|False|False,3,outside_small_selector:2;small_ratio_outside_high_sensitivity:1,2
g2|r1|4|t1|u1|v1|False|False|False|False|False,3,outside_small_selector:2;small_ratio_outside_high_sensitivity:1,2
g2|r1|4|t1|u1|v2|False|False|False|False|False,3,outside_small_selector:2;small_ratio_outside_high_sensitivity:1,2
g2|r1|4|t1|u2|v0|False|False|False|False|False,3,outside_small_selector:2;small_ratio_outside_high_sensitivity:1,2
g2|r1|4|t1|u2|v1|False|False|False|False|False,3,outside_small_selector:2;small_ratio_outside_high_sensitivity:1,2
g2|r1|4|t1|u2|v2|False|False|False|False|False,3,outside_small_selector:2;small_ratio_outside_high_sensitivity:1,2
g2|r1|4|t2|u0|v0|False|False|False|False|True,3,outside_small_selector:2;small_ratio_outside_high_sensitivity:1,2
g2|r1|4|t2|u0|v1|False|False|False|False|True,3,outside_small_selector:2;small_ratio_outside_high_sensitivity:1,2
g2|r1|4|t2|u0|v2|False|False|False|False|True,3,outside_small_selector:2;small_ratio_outside_high_sensitivity:1,2
g2|r1|4|t2|u1|v0|False|False|False|False|False,3,outside_small_selector:2;small_ratio_outside_high_sensitivity:1,2
g2|r1|4|t2|u1|v1|False|False|False|False|False,3,outside_small_selector:2;small_ratio_outside_high_sensitivity:1,2
g2|r1|4|t2|u1|v2|False|False|False|False|False,3,outside_small_selector:2;small_ratio_outside_high_sensitivity:1,2
g2|r1|4|t2|u2|v0|False|False|False|False|False,3,outside_small_selector:2;small_ratio_outside_high_sensitivity:1,2
g2|r1|4|t2|u2|v1|False|False|False|False|False,3,outside_small_selector:2;small_ratio_outside_high_sensitivity:1,2
g2|r1|4|t2|u2|v2|False|False|False|False|False,3,outside_small_selector:2;small_ratio_outside_high_sensitivity:1,2
g2|r1|4|t3|u0|v0|False|False|False|True|True,3,outside_small_selector:2;small_ratio_outside_high_sensitivity:1,2
g2|r1|4|t3|u0|v1|False|False|False|True|True,3,outside_small_selector:2;small_ratio_outside_high_sensitivity:1,2
g2|r1|4|t3|u0|v2|False|False|False|True|True,3,outside_small_selector:2;small_ratio_outside_high_sensitivity:1,2
g2|r1|4|t3|u1|v0|False|False|False|True|False,3,outside_small_selector:2;small_ratio_outside_high_sensitivity:1,2
g2|r1|4|t3|u1|v1|False|False|False|True|False,3,outside_small_selector:2;small_ratio_outside_high_sensitivity:1,2
g2|r1|4|t3|u1|v2|False|False|False|True|False,3,outside_small_selector:2;small_ratio_outside_high_sensitivity:1,2
g2|r1|4|t3|u2|v0|False|False|False|True|False,3,outside_small_selector:2;small_ratio_outside_high_sensitivity:1,2
g2|r1|4|t3|u2|v1|False|False|False|True|False,3,outside_small_selector:2;small_ratio_outside_high_sensitivity:1,2
g2|r1|4|t3|u2|v2|False|False|False|True|False,3,outside_small_selector:2;small_ratio_outside_high_sensitivity:1,2
g2|r1|5|t0|u0|v0|False|False|True|True|True,3,outside_small_selector:2;small_selector_region:1,2
g2|r1|5|t0|u0|v1|False|False|True|True|True,3,outside_small_selector:2;small_selector_region:1,2
g2|r1|5|t0|u0|v2|False|False|True|True|True,3,outside_small_selector:2;small_selector_region:1,2
g2|r1|5|t0|u1|v0|False|False|True|True|False,3,outside_small_selector:2;small_selector_region:1,2
g2|r1|5|t0|u1|v1|False|False|True|True|False,3,outside_small_selector:2;small_selector_region:1,2
g2|r1|5|t0|u1|v2|False|False|True|True|False,3,outside_small_selector:2;small_selector_region:1,2
g2|r1|5|t0|u2|v0|False|False|True|True|False,3,outside_small_selector:2;small_selector_region:1,2
g2|r1|5|t0|u2|v1|False|False|True|True|False,3,outside_small_selector:2;small_selector_region:1,2
g2|r1|5|t0|u2|v2|False|False|True|True|False,3,outside_small_selector:2;small_selector_region:1,2
g2|r1|5|t1|u0|v0|False|False|True|False|True,3,outside_small_selector:2;small_ratio_outside_high_sensitivity:1,2
g2|r1|5|t1|u0|v1|False|False|True|False|True,3,outside_small_selector:2;small_ratio_outside_high_sensitivity:1,2
g2|r1|5|t1|u0|v2|False|False|True|False|True,3,outside_small_selector:2;small_ratio_outside_high_sensitivity:1,2
g2|r1|5|t1|u1|v0|False|False|True|False|False,3,outside_small_selector:2;small_ratio_outside_high_sensitivity:1,2
g2|r1|5|t1|u1|v1|False|False|True|False|False,3,outside_small_selector:2;small_ratio_outside_high_sensitivity:1,2
g2|r1|5|t1|u1|v2|False|False|True|False|False,3,outside_small_selector:2;small_ratio_outside_high_sensitivity:1,2
g2|r1|5|t1|u2|v0|False|False|True|False|False,3,outside_small_selector:2;small_ratio_outside_high_sensitivity:1,2
g2|r1|5|t1|u2|v1|False|False|True|False|False,3,outside_small_selector:2;small_ratio_outside_high_sensitivity:1,2
g2|r1|5|t1|u2|v2|False|False|True|False|False,3,outside_small_selector:2;small_ratio_outside_high_sensitivity:1,2
g2|r1|5|t2|u0|v0|False|False|True|False|True,3,outside_small_selector:2;small_ratio_outside_high_sensitivity:1,2
g2|r1|5|t2|u0|v1|False|False|True|False|True,3,outside_small_selector:2;small_ratio_outside_high_sensitivity:1,2
g2|r1|5|t2|u0|v2|False|False|True|False|True,3,outside_small_selector:2;small_ratio_outside_high_sensitivity:1,2
g2|r1|5|t2|u1|v0|False|False|True|False|False,3,outside_small_selector:2;small_ratio_outside_high_sensitivity:1,2
g2|r1|5|t2|u1|v1|False|False|True|False|False,3,outside_small_selector:2;small_ratio_outside_high_sensitivity:1,2
g2|r1|5|t2|u1|v2|False|False|True|False|False,3,outside_small_selector:2;small_ratio_outside_high_sensitivity:1,2
g2|r1|5|t2|u2|v0|False|False|True|False|False,3,outside_small_selector:2;small_ratio_outside_high_sensitivity:1,2
g2|r1|5|t2|u2|v1|False|False|True|False|False,3,outside_small_selector:2;small_ratio_outside_high_sensitivity:1,2
g2|r1|5|t2|u2|v2|False|False|True|False|False,3,outside_small_selector:2;small_ratio_outside_high_sensitivity:1,2
g2|r1|5|t3|u0|v0|False|False|True|True|True,3,outside_small_selector:2;small_ratio_outside_high_sensitivity:1,2
g2|r1|5|t3|u0|v1|False|False|True|True|True,3,outside_small_selector:2;small_ratio_outside_high_sensitivity:1,2
g2|r1|5|t3|u0|v2|False|False|True|True|True,3,outside_small_selector:2;small_ratio_outside_high_sensitivity:1,2
g2|r1|5|t3|u1|v0|False|False|True|True|False,3,outside_small_selector:2;small_ratio_outside_high_sensitivity:1,2
g2|r1|5|t3|u1|v1|False|False|True|True|False,3,outside_small_selector:2;small_ratio_outside_high_sensitivity:1,2
g2|r1|5|t3|u1|v2|False|False|True|True|False,3,outside_small_selector:2;small_ratio_outside_high_sensitivity:1,2
g2|r1|5|t3|u2|v0|False|False|True|True|False,3,outside_small_selector:2;small_ratio_outside_high_sensitivity:1,2
g2|r1|5|t3|u2|v1|False|False|True|True|False,3,outside_small_selector:2;small_ratio_outside_high_sensitivity:1,2
g2|r1|5|t3|u2|v2|False|False|True|True|False,3,outside_small_selector:2;small_ratio_outside_high_sensitivity:1,2
g2|r2|1|t0|u0|v0|True|True|True|False|True,3,outside_small_selector:2;small_selector_region:1,2
g2|r2|1|t0|u0|v1|True|True|True|False|True,3,outside_small_selector:2;small_selector_region:1,2
g2|r2|1|t0|u0|v2|True|True|True|False|True,3,outside_small_selector:2;small_selector_region:1,2
g2|r2|1|t0|u1|v0|True|True|True|False|True,3,outside_small_selector:2;small_selector_region:1,2
g2|r2|1|t0|u1|v1|True|True|True|False|True,3,outside_small_selector:2;small_selector_region:1,2
g2|r2|1|t0|u1|v2|True|True|True|False|True,3,outside_small_selector:2;small_selector_region:1,2
g2|r2|1|t0|u2|v0|True|True|True|False|True,3,outside_small_selector:2;small_selector_region:1,2
g2|r2|1|t0|u2|v1|True|True|True|False|True,3,outside_small_selector:2;small_selector_region:1,2
g2|r2|1|t0|u2|v2|True|True|True|False|True,3,outside_small_selector:2;small_selector_region:1,2
g2|r2|1|t1|u0|v0|True|True|True|False|True,3,outside_small_selector:2;small_ratio_outside_high_sensitivity:1,2
g2|r2|1|t1|u0|v1|True|True|True|False|True,3,outside_small_selector:2;small_ratio_outside_high_sensitivity:1,2
g2|r2|1|t1|u0|v2|True|True|True|False|True,3,outside_small_selector:2;small_ratio_outside_high_sensitivity:1,2
g2|r2|1|t1|u1|v0|True|True|True|False|True,3,outside_small_selector:2;small_ratio_outside_high_sensitivity:1,2
g2|r2|1|t1|u1|v1|True|True|True|False|True,3,outside_small_selector:2;small_ratio_outside_high_sensitivity:1,2
g2|r2|1|t1|u1|v2|True|True|True|False|True,3,outside_small_selector:2;small_ratio_outside_high_sensitivity:1,2
g2|r2|1|t1|u2|v0|True|True|True|False|False,3,outside_small_selector:2;small_ratio_outside_high_sensitivity:1,2
g2|r2|1|t1|u2|v1|True|True|True|False|False,3,outside_small_selector:2;small_ratio_outside_high_sensitivity:1,2
g2|r2|1|t1|u2|v2|True|True|True|False|False,3,outside_small_selector:2;small_ratio_outside_high_sensitivity:1,2
g2|r2|1|t2|u0|v0|True|True|True|True|True,3,outside_small_selector:2;small_ratio_outside_high_sensitivity:1,2
g2|r2|1|t2|u0|v1|True|True|True|True|True,3,outside_small_selector:2;small_ratio_outside_high_sensitivity:1,2
g2|r2|1|t2|u0|v2|True|True|True|True|True,3,outside_small_selector:2;small_ratio_outside_high_sensitivity:1,2
g2|r2|1|t2|u1|v0|True|True|True|True|True,3,outside_small_selector:2;small_ratio_outside_high_sensitivity:1,2
g2|r2|1|t2|u1|v1|True|True|True|True|True,3,outside_small_selector:2;small_ratio_outside_high_sensitivity:1,2
g2|r2|1|t2|u1|v2|True|True|True|True|True,3,outside_small_selector:2;small_ratio_outside_high_sensitivity:1,2
g2|r2|1|t2|u2|v0|True|True|True|True|False,3,outside_small_selector:2;small_ratio_outside_high_sensitivity:1,2
g2|r2|1|t2|u2|v1|True|True|True|True|False,3,outside_small_selector:2;small_ratio_outside_high_sensitivity:1,2
g2|r2|1|t2|u2|v2|True|True|True|True|False,3,outside_small_selector:2;small_ratio_outside_high_sensitivity:1,2
g2|r2|1|t3|u0|v0|True|True|True|True|True,3,outside_small_selector:2;small_ratio_outside_high_sensitivity:1,2
g2|r2|1|t3|u0|v1|True|True|True|True|True,3,outside_small_selector:2;small_ratio_outside_high_sensitivity:1,2
g2|r2|1|t3|u0|v2|True|True|True|True|True,3,outside_small_selector:2;small_ratio_outside_high_sensitivity:1,2
g2|r2|1|t3|u1|v0|True|True|True|True|True,3,outside_small_selector:2;small_ratio_outside_high_sensitivity:1,2
g2|r2|1|t3|u1|v1|True|True|True|True|True,3,outside_small_selector:2;small_ratio_outside_high_sensitivity:1,2
g2|r2|1|t3|u1|v2|True|True|True|True|True,3,outside_small_selector:2;small_ratio_outside_high_sensitivity:1,2
g2|r2|1|t3|u2|v0|True|True|True|True|False,3,outside_small_selector:2;small_ratio_outside_high_sensitivity:1,2
g2|r2|1|t3|u2|v1|True|True|True|True|False,3,outside_small_selector:2;small_ratio_outside_high_sensitivity:1,2
g2|r2|1|t3|u2|v2|True|True|True|True|False,3,outside_small_selector:2;small_ratio_outside_high_sensitivity:1,2
g2|r2|2|t0|u0|v0|True|True|False|False|True,3,outside_small_selector:2;small_selector_region:1,2
g2|r2|2|t0|u0|v1|True|True|False|False|True,3,outside_small_selector:2;small_selector_region:1,2
g2|r2|2|t0|u0|v2|True|True|False|False|True,3,outside_small_selector:2;small_selector_region:1,2
g2|r2|2|t0|u1|v0|True|True|False|False|True,3,outside_small_selector:2;small_selector_region:1,2
g2|r2|2|t0|u1|v1|True|True|False|False|True,3,outside_small_selector:2;small_selector_region:1,2
g2|r2|2|t0|u1|v2|True|True|False|False|True,3,outside_small_selector:2;small_selector_region:1,2
g2|r2|2|t0|u2|v0|True|True|False|False|True,3,outside_small_selector:2;small_selector_region:1,2
g2|r2|2|t0|u2|v1|True|True|False|False|True,3,outside_small_selector:2;small_selector_region:1,2
g2|r2|2|t0|u2|v2|True|True|False|False|True,3,outside_small_selector:2;small_selector_region:1,2
g2|r2|2|t1|u0|v0|True|True|False|False|True,3,outside_small_selector:2;small_ratio_outside_high_sensitivity:1,2
g2|r2|2|t1|u0|v1|True|True|False|False|True,3,outside_small_selector:2;small_ratio_outside_high_sensitivity:1,2
g2|r2|2|t1|u0|v2|True|True|False|False|True,3,outside_small_selector:2;small_ratio_outside_high_sensitivity:1,2
g2|r2|2|t1|u1|v0|True|True|False|False|True,3,outside_small_selector:2;small_ratio_outside_high_sensitivity:1,2
g2|r2|2|t1|u1|v1|True|True|False|False|True,3,outside_small_selector:2;small_ratio_outside_high_sensitivity:1,2
g2|r2|2|t1|u1|v2|True|True|False|False|True,3,outside_small_selector:2;small_ratio_outside_high_sensitivity:1,2
g2|r2|2|t1|u2|v0|True|True|False|False|False,3,outside_small_selector:2;small_ratio_outside_high_sensitivity:1,2
g2|r2|2|t1|u2|v1|True|True|False|False|False,3,outside_small_selector:2;small_ratio_outside_high_sensitivity:1,2
g2|r2|2|t1|u2|v2|True|True|False|False|False,3,outside_small_selector:2;small_ratio_outside_high_sensitivity:1,2
g2|r2|2|t2|u0|v0|True|True|False|True|True,3,outside_small_selector:2;small_ratio_outside_high_sensitivity:1,2
g2|r2|2|t2|u0|v1|True|True|False|True|True,3,outside_small_selector:2;small_ratio_outside_high_sensitivity:1,2
g2|r2|2|t2|u0|v2|True|True|False|True|True,3,outside_small_selector:2;small_ratio_outside_high_sensitivity:1,2
g2|r2|2|t2|u1|v0|True|True|False|True|True,3,outside_small_selector:2;small_ratio_outside_high_sensitivity:1,2
g2|r2|2|t2|u1|v1|True|True|False|True|True,3,outside_small_selector:2;small_ratio_outside_high_sensitivity:1,2
g2|r2|2|t2|u1|v2|True|True|False|True|True,3,outside_small_selector:2;small_ratio_outside_high_sensitivity:1,2
g2|r2|2|t2|u2|v0|True|True|False|True|False,3,outside_small_selector:2;small_ratio_outside_high_sensitivity:1,2
g2|r2|2|t2|u2|v1|True|True|False|True|False,3,outside_small_selector:2;small_ratio_outside_high_sensitivity:1,2
g2|r2|2|t2|u2|v2|True|True|False|True|False,3,outside_small_selector:2;small_ratio_outside_high_sensitivity:1,2
g2|r2|2|t3|u0|v0|True|True|False|True|True,3,outside_small_selector:2;small_ratio_outside_high_sensitivity:1,2
g2|r2|2|t3|u0|v1|True|True|False|True|True,3,outside_small_selector:2;small_ratio_outside_high_sensitivity:1,2
g2|r2|2|t3|u0|v2|True|True|False|True|True,3,outside_small_selector:2;small_ratio_outside_high_sensitivity:1,2
g2|r2|2|t3|u1|v0|True|True|False|True|True,3,outside_small_selector:2;small_ratio_outside_high_sensitivity:1,2
g2|r2|2|t3|u1|v1|True|True|False|True|True,3,outside_small_selector:2;small_ratio_outside_high_sensitivity:1,2
g2|r2|2|t3|u1|v2|True|True|False|True|True,3,outside_small_selector:2;small_ratio_outside_high_sensitivity:1,2
g2|r2|2|t3|u2|v0|True|True|False|True|False,3,outside_small_selector:2;small_ratio_outside_high_sensitivity:1,2
g2|r2|2|t3|u2|v1|True|True|False|True|False,3,outside_small_selector:2;small_ratio_outside_high_sensitivity:1,2
g2|r2|2|t3|u2|v2|True|True|False|True|False,3,outside_small_selector:2;small_ratio_outside_high_sensitivity:1,2
g2|r2|3|t0|u0|v0|True|True|True|False|True,3,outside_small_selector:2;small_selector_region:1,2
g2|r2|3|t0|u0|v1|True|True|True|False|True,3,outside_small_selector:2;small_selector_region:1,2
g2|r2|3|t0|u0|v2|True|True|True|False|True,3,outside_small_selector:2;small_selector_region:1,2
g2|r2|3|t0|u1|v0|True|True|True|False|True,3,outside_small_selector:2;small_selector_region:1,2
g2|r2|3|t0|u1|v1|True|True|True|False|True,3,outside_small_selector:2;small_selector_region:1,2
g2|r2|3|t0|u1|v2|True|True|True|False|True,3,outside_small_selector:2;small_selector_region:1,2
g2|r2|3|t0|u2|v0|True|True|True|False|True,3,outside_small_selector:2;small_selector_region:1,2
g2|r2|3|t0|u2|v1|True|True|True|False|True,3,outside_small_selector:2;small_selector_region:1,2
g2|r2|3|t0|u2|v2|True|True|True|False|True,3,outside_small_selector:2;small_selector_region:1,2
g2|r2|3|t1|u0|v0|True|True|True|False|True,3,outside_small_selector:2;small_ratio_outside_high_sensitivity:1,2
g2|r2|3|t1|u0|v1|True|True|True|False|True,3,outside_small_selector:2;small_ratio_outside_high_sensitivity:1,2
g2|r2|3|t1|u0|v2|True|True|True|False|True,3,outside_small_selector:2;small_ratio_outside_high_sensitivity:1,2
g2|r2|3|t1|u1|v0|True|True|True|False|True,3,outside_small_selector:2;small_ratio_outside_high_sensitivity:1,2
g2|r2|3|t1|u1|v1|True|True|True|False|True,3,outside_small_selector:2;small_ratio_outside_high_sensitivity:1,2
g2|r2|3|t1|u1|v2|True|True|True|False|True,3,outside_small_selector:2;small_ratio_outside_high_sensitivity:1,2
g2|r2|3|t1|u2|v0|True|True|True|False|False,3,outside_small_selector:2;small_ratio_outside_high_sensitivity:1,2
g2|r2|3|t1|u2|v1|True|True|True|False|False,3,outside_small_selector:2;small_ratio_outside_high_sensitivity:1,2
g2|r2|3|t1|u2|v2|True|True|True|False|False,3,outside_small_selector:2;small_ratio_outside_high_sensitivity:1,2
g2|r2|3|t2|u0|v0|True|True|True|True|True,3,outside_small_selector:2;small_ratio_outside_high_sensitivity:1,2
g2|r2|3|t2|u0|v1|True|True|True|True|True,3,outside_small_selector:2;small_ratio_outside_high_sensitivity:1,2
g2|r2|3|t2|u0|v2|True|True|True|True|True,3,outside_small_selector:2;small_ratio_outside_high_sensitivity:1,2
g2|r2|3|t2|u1|v0|True|True|True|True|True,3,outside_small_selector:2;small_ratio_outside_high_sensitivity:1,2
g2|r2|3|t2|u1|v1|True|True|True|True|True,3,outside_small_selector:2;small_ratio_outside_high_sensitivity:1,2
g2|r2|3|t2|u1|v2|True|True|True|True|True,3,outside_small_selector:2;small_ratio_outside_high_sensitivity:1,2
g2|r2|3|t2|u2|v0|True|True|True|True|False,3,outside_small_selector:2;small_ratio_outside_high_sensitivity:1,2
g2|r2|3|t2|u2|v1|True|True|True|True|False,3,outside_small_selector:2;small_ratio_outside_high_sensitivity:1,2
g2|r2|3|t2|u2|v2|True|True|True|True|False,3,outside_small_selector:2;small_ratio_outside_high_sensitivity:1,2
g2|r2|3|t3|u0|v0|True|True|True|True|True,3,outside_small_selector:2;small_ratio_outside_high_sensitivity:1,2
g2|r2|3|t3|u0|v1|True|True|True|True|True,3,outside_small_selector:2;small_ratio_outside_high_sensitivity:1,2
g2|r2|3|t3|u0|v2|True|True|True|True|True,3,outside_small_selector:2;small_ratio_outside_high_sensitivity:1,2
g2|r2|3|t3|u1|v0|True|True|True|True|True,3,outside_small_selector:2;small_ratio_outside_high_sensitivity:1,2
g2|r2|3|t3|u1|v1|True|True|True|True|True,3,outside_small_selector:2;small_ratio_outside_high_sensitivity:1,2
g2|r2|3|t3|u1|v2|True|True|True|True|True,3,outside_small_selector:2;small_ratio_outside_high_sensitivity:1,2
g2|r2|3|t3|u2|v0|True|True|True|True|False,3,outside_small_selector:2;small_ratio_outside_high_sensitivity:1,2
g2|r2|3|t3|u2|v1|True|True|True|True|False,3,outside_small_selector:2;small_ratio_outside_high_sensitivity:1,2
g2|r2|3|t3|u2|v2|True|True|True|True|False,3,outside_small_selector:2;small_ratio_outside_high_sensitivity:1,2
g2|r2|4|t0|u0|v0|True|True|False|False|True,3,outside_small_selector:2;small_selector_region:1,2
g2|r2|4|t0|u0|v1|True|True|False|False|True,3,outside_small_selector:2;small_selector_region:1,2
g2|r2|4|t0|u0|v2|True|True|False|False|True,3,outside_small_selector:2;small_selector_region:1,2
g2|r2|4|t0|u1|v0|True|True|False|False|True,3,outside_small_selector:2;small_selector_region:1,2
g2|r2|4|t0|u1|v1|True|True|False|False|True,3,outside_small_selector:2;small_selector_region:1,2
g2|r2|4|t0|u1|v2|True|True|False|False|True,3,outside_small_selector:2;small_selector_region:1,2
g2|r2|4|t0|u2|v0|True|True|False|False|True,3,outside_small_selector:2;small_selector_region:1,2
g2|r2|4|t0|u2|v1|True|True|False|False|True,3,outside_small_selector:2;small_selector_region:1,2
g2|r2|4|t0|u2|v2|True|True|False|False|True,3,outside_small_selector:2;small_selector_region:1,2
g2|r2|4|t1|u0|v0|True|True|False|False|True,3,outside_small_selector:2;small_ratio_outside_high_sensitivity:1,2
g2|r2|4|t1|u0|v1|True|True|False|False|True,3,outside_small_selector:2;small_ratio_outside_high_sensitivity:1,2
g2|r2|4|t1|u0|v2|True|True|False|False|True,3,outside_small_selector:2;small_ratio_outside_high_sensitivity:1,2
g2|r2|4|t1|u1|v0|True|True|False|False|True,3,outside_small_selector:2;small_ratio_outside_high_sensitivity:1,2
g2|r2|4|t1|u1|v1|True|True|False|False|True,3,outside_small_selector:2;small_ratio_outside_high_sensitivity:1,2
g2|r2|4|t1|u1|v2|True|True|False|False|True,3,outside_small_selector:2;small_ratio_outside_high_sensitivity:1,2
g2|r2|4|t1|u2|v0|True|True|False|False|False,3,outside_small_selector:2;small_ratio_outside_high_sensitivity:1,2
g2|r2|4|t1|u2|v1|True|True|False|False|False,3,outside_small_selector:2;small_ratio_outside_high_sensitivity:1,2
g2|r2|4|t1|u2|v2|True|True|False|False|False,3,outside_small_selector:2;small_ratio_outside_high_sensitivity:1,2
g2|r2|4|t2|u0|v0|True|True|False|True|True,3,outside_small_selector:2;small_ratio_outside_high_sensitivity:1,2
g2|r2|4|t2|u0|v1|True|True|False|True|True,3,outside_small_selector:2;small_ratio_outside_high_sensitivity:1,2
g2|r2|4|t2|u0|v2|True|True|False|True|True,3,outside_small_selector:2;small_ratio_outside_high_sensitivity:1,2
g2|r2|4|t2|u1|v0|True|True|False|True|True,3,outside_small_selector:2;small_ratio_outside_high_sensitivity:1,2
g2|r2|4|t2|u1|v1|True|True|False|True|True,3,outside_small_selector:2;small_ratio_outside_high_sensitivity:1,2
g2|r2|4|t2|u1|v2|True|True|False|True|True,3,outside_small_selector:2;small_ratio_outside_high_sensitivity:1,2
g2|r2|4|t2|u2|v0|True|True|False|True|False,3,outside_small_selector:2;small_ratio_outside_high_sensitivity:1,2
g2|r2|4|t2|u2|v1|True|True|False|True|False,3,outside_small_selector:2;small_ratio_outside_high_sensitivity:1,2
g2|r2|4|t2|u2|v2|True|True|False|True|False,3,outside_small_selector:2;small_ratio_outside_high_sensitivity:1,2
g2|r2|4|t3|u0|v0|True|True|False|True|True,3,outside_small_selector:2;small_ratio_outside_high_sensitivity:1,2
g2|r2|4|t3|u0|v1|True|True|False|True|True,3,outside_small_selector:2;small_ratio_outside_high_sensitivity:1,2
g2|r2|4|t3|u0|v2|True|True|False|True|True,3,outside_small_selector:2;small_ratio_outside_high_sensitivity:1,2
g2|r2|4|t3|u1|v0|True|True|False|True|True,3,outside_small_selector:2;small_ratio_outside_high_sensitivity:1,2
g2|r2|4|t3|u1|v1|True|True|False|True|True,3,outside_small_selector:2;small_ratio_outside_high_sensitivity:1,2
g2|r2|4|t3|u1|v2|True|True|False|True|True,3,outside_small_selector:2;small_ratio_outside_high_sensitivity:1,2
g2|r2|4|t3|u2|v0|True|True|False|True|False,3,outside_small_selector:2;small_ratio_outside_high_sensitivity:1,2
g2|r2|4|t3|u2|v1|True|True|False|True|False,3,outside_small_selector:2;small_ratio_outside_high_sensitivity:1,2
g2|r2|4|t3|u2|v2|True|True|False|True|False,3,outside_small_selector:2;small_ratio_outside_high_sensitivity:1,2
g2|r2|5|t0|u0|v0|True|True|True|False|True,3,outside_small_selector:2;small_selector_region:1,2
g2|r2|5|t0|u0|v1|True|True|True|False|True,3,outside_small_selector:2;small_selector_region:1,2
g2|r2|5|t0|u0|v2|True|True|True|False|True,3,outside_small_selector:2;small_selector_region:1,2
g2|r2|5|t0|u1|v0|True|True|True|False|True,3,outside_small_selector:2;small_selector_region:1,2
g2|r2|5|t0|u1|v1|True|True|True|False|True,3,outside_small_selector:2;small_selector_region:1,2
g2|r2|5|t0|u1|v2|True|True|True|False|True,3,outside_small_selector:2;small_selector_region:1,2
g2|r2|5|t0|u2|v0|True|True|True|False|True,3,outside_small_selector:2;small_selector_region:1,2
g2|r2|5|t0|u2|v1|True|True|True|False|True,3,outside_small_selector:2;small_selector_region:1,2
g2|r2|5|t0|u2|v2|True|True|True|False|True,3,outside_small_selector:2;small_selector_region:1,2
g2|r2|5|t1|u0|v0|True|True|True|False|True,3,outside_small_selector:2;small_ratio_outside_high_sensitivity:1,2
g2|r2|5|t1|u0|v1|True|True|True|False|True,3,outside_small_selector:2;small_ratio_outside_high_sensitivity:1,2
g2|r2|5|t1|u0|v2|True|True|True|False|True,3,outside_small_selector:2;small_ratio_outside_high_sensitivity:1,2
g2|r2|5|t1|u1|v0|True|True|True|False|True,3,outside_small_selector:2;small_ratio_outside_high_sensitivity:1,2
g2|r2|5|t1|u1|v1|True|True|True|False|True,3,outside_small_selector:2;small_ratio_outside_high_sensitivity:1,2
g2|r2|5|t1|u1|v2|True|True|True|False|True,3,outside_small_selector:2;small_ratio_outside_high_sensitivity:1,2
g2|r2|5|t1|u2|v0|True|True|True|False|False,3,outside_small_selector:2;small_ratio_outside_high_sensitivity:1,2
g2|r2|5|t1|u2|v1|True|True|True|False|False,3,outside_small_selector:2;small_ratio_outside_high_sensitivity:1,2
g2|r2|5|t1|u2|v2|True|True|True|False|False,3,outside_small_selector:2;small_ratio_outside_high_sensitivity:1,2
g2|r2|5|t2|u0|v0|True|True|True|False|True,3,outside_small_selector:2;small_ratio_outside_high_sensitivity:1,2
g2|r2|5|t2|u0|v1|True|True|True|False|True,3,outside_small_selector:2;small_ratio_outside_high_sensitivity:1,2
g2|r2|5|t2|u0|v2|True|True|True|False|True,3,outside_small_selector:2;small_ratio_outside_high_sensitivity:1,2
g2|r2|5|t2|u1|v0|True|True|True|False|True,3,outside_small_selector:2;small_ratio_outside_high_sensitivity:1,2
g2|r2|5|t2|u1|v1|True|True|True|False|True,3,outside_small_selector:2;small_ratio_outside_high_sensitivity:1,2
g2|r2|5|t2|u1|v2|True|True|True|False|True,3,outside_small_selector:2;small_ratio_outside_high_sensitivity:1,2
g2|r2|5|t2|u2|v0|True|True|True|False|False,3,outside_small_selector:2;small_ratio_outside_high_sensitivity:1,2
g2|r2|5|t2|u2|v1|True|True|True|False|False,3,outside_small_selector:2;small_ratio_outside_high_sensitivity:1,2
g2|r2|5|t2|u2|v2|True|True|True|False|False,3,outside_small_selector:2;small_ratio_outside_high_sensitivity:1,2
g2|r2|5|t3|u0|v0|True|True|True|True|True,3,outside_small_selector:2;small_ratio_outside_high_sensitivity:1,2
g2|r2|5|t3|u0|v1|True|True|True|True|True,3,outside_small_selector:2;small_ratio_outside_high_sensitivity:1,2
g2|r2|5|t3|u0|v2|True|True|True|True|True,3,outside_small_selector:2;small_ratio_outside_high_sensitivity:1,2
g2|r2|5|t3|u1|v0|True|True|True|True|True,3,outside_small_selector:2;small_ratio_outside_high_sensitivity:1,2
g2|r2|5|t3|u1|v1|True|True|True|True|True,3,outside_small_selector:2;small_ratio_outside_high_sensitivity:1,2
g2|r2|5|t3|u1|v2|True|True|True|True|True,3,outside_small_selector:2;small_ratio_outside_high_sensitivity:1,2
g2|r2|5|t3|u2|v0|True|True|True|True|False,3,outside_small_selector:2;small_ratio_outside_high_sensitivity:1,2
g2|r2|5|t3|u2|v1|True|True|True|True|False,3,outside_small_selector:2;small_ratio_outside_high_sensitivity:1,2
g2|r2|5|t3|u2|v2|True|True|True|True|False,3,outside_small_selector:2;small_ratio_outside_high_sensitivity:1,2
g2|r3|1|t0|u0|v0|False|False|True|True|True,3,outside_small_selector:2;small_selector_region:1,2
g2|r3|1|t0|u0|v1|False|False|True|True|True,3,outside_small_selector:2;small_selector_region:1,2
g2|r3|1|t0|u0|v2|False|False|True|True|True,3,outside_small_selector:2;small_selector_region:1,2
g2|r3|1|t0|u1|v0|False|False|True|True|True,3,outside_small_selector:2;small_selector_region:1,2
g2|r3|1|t0|u1|v1|False|False|True|True|True,3,outside_small_selector:2;small_selector_region:1,2
g2|r3|1|t0|u1|v2|False|False|True|True|True,3,outside_small_selector:2;small_selector_region:1,2
g2|r3|1|t0|u2|v0|False|False|True|True|False,3,outside_small_selector:2;small_selector_region:1,2
g2|r3|1|t0|u2|v1|False|False|True|True|False,3,outside_small_selector:2;small_selector_region:1,2
g2|r3|1|t0|u2|v2|False|False|True|True|False,3,outside_small_selector:2;small_selector_region:1,2
g2|r3|1|t1|u0|v0|False|False|True|True|True,3,outside_small_selector:2;small_ratio_outside_high_sensitivity:1,2
g2|r3|1|t1|u0|v1|False|False|True|True|True,3,outside_small_selector:2;small_ratio_outside_high_sensitivity:1,2
g2|r3|1|t1|u0|v2|False|False|True|True|True,3,outside_small_selector:2;small_ratio_outside_high_sensitivity:1,2
g2|r3|1|t1|u1|v0|False|False|True|True|True,3,outside_small_selector:2;small_ratio_outside_high_sensitivity:1,2
g2|r3|1|t1|u1|v1|False|False|True|True|True,3,outside_small_selector:2;small_ratio_outside_high_sensitivity:1,2
g2|r3|1|t1|u1|v2|False|False|True|True|True,3,outside_small_selector:2;small_ratio_outside_high_sensitivity:1,2
g2|r3|1|t1|u2|v0|False|False|True|True|False,3,outside_small_selector:2;small_ratio_outside_high_sensitivity:1,2
g2|r3|1|t1|u2|v1|False|False|True|True|False,3,outside_small_selector:2;small_ratio_outside_high_sensitivity:1,2
g2|r3|1|t1|u2|v2|False|False|True|True|False,3,outside_small_selector:2;small_ratio_outside_high_sensitivity:1,2
g2|r3|1|t2|u0|v0|False|False|True|True|True,3,outside_small_selector:2;small_ratio_outside_high_sensitivity:1,2
g2|r3|1|t2|u0|v1|False|False|True|True|True,3,outside_small_selector:2;small_ratio_outside_high_sensitivity:1,2
g2|r3|1|t2|u0|v2|False|False|True|True|True,3,outside_small_selector:2;small_ratio_outside_high_sensitivity:1,2
g2|r3|1|t2|u1|v0|False|False|True|True|True,3,outside_small_selector:2;small_ratio_outside_high_sensitivity:1,2
g2|r3|1|t2|u1|v1|False|False|True|True|True,3,outside_small_selector:2;small_ratio_outside_high_sensitivity:1,2
g2|r3|1|t2|u1|v2|False|False|True|True|True,3,outside_small_selector:2;small_ratio_outside_high_sensitivity:1,2
g2|r3|1|t2|u2|v0|False|False|True|True|False,3,outside_small_selector:2;small_ratio_outside_high_sensitivity:1,2
g2|r3|1|t2|u2|v1|False|False|True|True|False,3,outside_small_selector:2;small_ratio_outside_high_sensitivity:1,2
g2|r3|1|t2|u2|v2|False|False|True|True|False,3,outside_small_selector:2;small_ratio_outside_high_sensitivity:1,2
g2|r3|1|t3|u0|v0|False|False|True|True|True,3,outside_small_selector:2;small_ratio_outside_high_sensitivity:1,2
g2|r3|1|t3|u0|v1|False|False|True|True|True,3,outside_small_selector:2;small_ratio_outside_high_sensitivity:1,2
g2|r3|1|t3|u0|v2|False|False|True|True|True,3,outside_small_selector:2;small_ratio_outside_high_sensitivity:1,2
g2|r3|1|t3|u1|v0|False|False|True|True|True,3,outside_small_selector:2;small_ratio_outside_high_sensitivity:1,2
g2|r3|1|t3|u1|v1|False|False|True|True|True,3,outside_small_selector:2;small_ratio_outside_high_sensitivity:1,2
g2|r3|1|t3|u1|v2|False|False|True|True|True,3,outside_small_selector:2;small_ratio_outside_high_sensitivity:1,2
g2|r3|1|t3|u2|v0|False|False|True|True|False,3,outside_small_selector:2;small_ratio_outside_high_sensitivity:1,2
g2|r3|1|t3|u2|v1|False|False|True|True|False,3,outside_small_selector:2;small_ratio_outside_high_sensitivity:1,2
g2|r3|1|t3|u2|v2|False|False|True|True|False,3,outside_small_selector:2;small_ratio_outside_high_sensitivity:1,2
g2|r3|2|t0|u0|v0|False|False|False|True|True,3,outside_small_selector:2;small_selector_region:1,2
g2|r3|2|t0|u0|v1|False|False|False|True|True,3,outside_small_selector:2;small_selector_region:1,2
g2|r3|2|t0|u0|v2|False|False|False|True|True,3,outside_small_selector:2;small_selector_region:1,2
g2|r3|2|t0|u1|v0|False|False|False|True|True,3,outside_small_selector:2;small_selector_region:1,2
g2|r3|2|t0|u1|v1|False|False|False|True|True,3,outside_small_selector:2;small_selector_region:1,2
g2|r3|2|t0|u1|v2|False|False|False|True|True,3,outside_small_selector:2;small_selector_region:1,2
g2|r3|2|t0|u2|v0|False|False|False|True|False,3,outside_small_selector:2;small_selector_region:1,2
g2|r3|2|t0|u2|v1|False|False|False|True|False,3,outside_small_selector:2;small_selector_region:1,2
g2|r3|2|t0|u2|v2|False|False|False|True|False,3,outside_small_selector:2;small_selector_region:1,2
g2|r3|2|t1|u0|v0|False|False|False|True|True,3,outside_small_selector:2;small_ratio_outside_high_sensitivity:1,2
g2|r3|2|t1|u0|v1|False|False|False|True|True,3,outside_small_selector:2;small_ratio_outside_high_sensitivity:1,2
g2|r3|2|t1|u0|v2|False|False|False|True|True,3,outside_small_selector:2;small_ratio_outside_high_sensitivity:1,2
g2|r3|2|t1|u1|v0|False|False|False|True|True,3,outside_small_selector:2;small_ratio_outside_high_sensitivity:1,2
g2|r3|2|t1|u1|v1|False|False|False|True|True,3,outside_small_selector:2;small_ratio_outside_high_sensitivity:1,2
g2|r3|2|t1|u1|v2|False|False|False|True|True,3,outside_small_selector:2;small_ratio_outside_high_sensitivity:1,2
g2|r3|2|t1|u2|v0|False|False|False|True|False,3,outside_small_selector:2;small_ratio_outside_high_sensitivity:1,2
g2|r3|2|t1|u2|v1|False|False|False|True|False,3,outside_small_selector:2;small_ratio_outside_high_sensitivity:1,2
g2|r3|2|t1|u2|v2|False|False|False|True|False,3,outside_small_selector:2;small_ratio_outside_high_sensitivity:1,2
g2|r3|2|t2|u0|v0|False|False|False|True|True,3,outside_small_selector:2;small_ratio_outside_high_sensitivity:1,2
g2|r3|2|t2|u0|v1|False|False|False|True|True,3,outside_small_selector:2;small_ratio_outside_high_sensitivity:1,2
g2|r3|2|t2|u0|v2|False|False|False|True|True,3,outside_small_selector:2;small_ratio_outside_high_sensitivity:1,2
g2|r3|2|t2|u1|v0|False|False|False|True|True,3,outside_small_selector:2;small_ratio_outside_high_sensitivity:1,2
g2|r3|2|t2|u1|v1|False|False|False|True|True,3,outside_small_selector:2;small_ratio_outside_high_sensitivity:1,2
g2|r3|2|t2|u1|v2|False|False|False|True|True,3,outside_small_selector:2;small_ratio_outside_high_sensitivity:1,2
g2|r3|2|t2|u2|v0|False|False|False|True|False,3,outside_small_selector:2;small_ratio_outside_high_sensitivity:1,2
g2|r3|2|t2|u2|v1|False|False|False|True|False,3,outside_small_selector:2;small_ratio_outside_high_sensitivity:1,2
g2|r3|2|t2|u2|v2|False|False|False|True|False,3,outside_small_selector:2;small_ratio_outside_high_sensitivity:1,2
g2|r3|2|t3|u0|v0|False|False|False|True|True,3,outside_small_selector:2;small_ratio_outside_high_sensitivity:1,2
g2|r3|2|t3|u0|v1|False|False|False|True|True,3,outside_small_selector:2;small_ratio_outside_high_sensitivity:1,2
g2|r3|2|t3|u0|v2|False|False|False|True|True,3,outside_small_selector:2;small_ratio_outside_high_sensitivity:1,2
g2|r3|2|t3|u1|v0|False|False|False|True|True,3,outside_small_selector:2;small_ratio_outside_high_sensitivity:1,2
g2|r3|2|t3|u1|v1|False|False|False|True|True,3,outside_small_selector:2;small_ratio_outside_high_sensitivity:1,2
g2|r3|2|t3|u1|v2|False|False|False|True|True,3,outside_small_selector:2;small_ratio_outside_high_sensitivity:1,2
g2|r3|2|t3|u2|v0|False|False|False|True|False,3,outside_small_selector:2;small_ratio_outside_high_sensitivity:1,2
g2|r3|2|t3|u2|v1|False|False|False|True|False,3,outside_small_selector:2;small_ratio_outside_high_sensitivity:1,2
g2|r3|2|t3|u2|v2|False|False|False|True|False,3,outside_small_selector:2;small_ratio_outside_high_sensitivity:1,2
g2|r3|3|t0|u0|v0|False|False|True|True|True,3,outside_small_selector:2;small_selector_region:1,2
g2|r3|3|t0|u0|v1|False|False|True|True|True,3,outside_small_selector:2;small_selector_region:1,2
g2|r3|3|t0|u0|v2|False|False|True|True|True,3,outside_small_selector:2;small_selector_region:1,2
g2|r3|3|t0|u1|v0|False|False|True|True|True,3,outside_small_selector:2;small_selector_region:1,2
g2|r3|3|t0|u1|v1|False|False|True|True|True,3,outside_small_selector:2;small_selector_region:1,2
g2|r3|3|t0|u1|v2|False|False|True|True|True,3,outside_small_selector:2;small_selector_region:1,2
g2|r3|3|t0|u2|v0|False|False|True|True|False,3,outside_small_selector:2;small_selector_region:1,2
g2|r3|3|t0|u2|v1|False|False|True|True|False,3,outside_small_selector:2;small_selector_region:1,2
g2|r3|3|t0|u2|v2|False|False|True|True|False,3,outside_small_selector:2;small_selector_region:1,2
g2|r3|3|t1|u0|v0|False|False|True|False|True,3,outside_small_selector:2;small_ratio_outside_high_sensitivity:1,2
g2|r3|3|t1|u0|v1|False|False|True|False|True,3,outside_small_selector:2;small_ratio_outside_high_sensitivity:1,2
g2|r3|3|t1|u0|v2|False|False|True|False|True,3,outside_small_selector:2;small_ratio_outside_high_sensitivity:1,2
g2|r3|3|t1|u1|v0|False|False|True|False|True,3,outside_small_selector:2;small_ratio_outside_high_sensitivity:1,2
g2|r3|3|t1|u1|v1|False|False|True|False|True,3,outside_small_selector:2;small_ratio_outside_high_sensitivity:1,2
g2|r3|3|t1|u1|v2|False|False|True|False|True,3,outside_small_selector:2;small_ratio_outside_high_sensitivity:1,2
g2|r3|3|t1|u2|v0|False|False|True|False|False,3,outside_small_selector:2;small_ratio_outside_high_sensitivity:1,2
g2|r3|3|t1|u2|v1|False|False|True|False|False,3,outside_small_selector:2;small_ratio_outside_high_sensitivity:1,2
g2|r3|3|t1|u2|v2|False|False|True|False|False,3,outside_small_selector:2;small_ratio_outside_high_sensitivity:1,2
g2|r3|3|t2|u0|v0|False|False|True|True|True,3,outside_small_selector:2;small_ratio_outside_high_sensitivity:1,2
g2|r3|3|t2|u0|v1|False|False|True|True|True,3,outside_small_selector:2;small_ratio_outside_high_sensitivity:1,2
g2|r3|3|t2|u0|v2|False|False|True|True|True,3,outside_small_selector:2;small_ratio_outside_high_sensitivity:1,2
g2|r3|3|t2|u1|v0|False|False|True|True|True,3,outside_small_selector:2;small_ratio_outside_high_sensitivity:1,2
g2|r3|3|t2|u1|v1|False|False|True|True|True,3,outside_small_selector:2;small_ratio_outside_high_sensitivity:1,2
g2|r3|3|t2|u1|v2|False|False|True|True|True,3,outside_small_selector:2;small_ratio_outside_high_sensitivity:1,2
g2|r3|3|t2|u2|v0|False|False|True|True|False,3,outside_small_selector:2;small_ratio_outside_high_sensitivity:1,2
g2|r3|3|t2|u2|v1|False|False|True|True|False,3,outside_small_selector:2;small_ratio_outside_high_sensitivity:1,2
g2|r3|3|t2|u2|v2|False|False|True|True|False,3,outside_small_selector:2;small_ratio_outside_high_sensitivity:1,2
g2|r3|3|t3|u0|v0|False|False|True|True|True,3,outside_small_selector:2;small_ratio_outside_high_sensitivity:1,2
g2|r3|3|t3|u0|v1|False|False|True|True|True,3,outside_small_selector:2;small_ratio_outside_high_sensitivity:1,2
g2|r3|3|t3|u0|v2|False|False|True|True|True,3,outside_small_selector:2;small_ratio_outside_high_sensitivity:1,2
g2|r3|3|t3|u1|v0|False|False|True|True|True,3,outside_small_selector:2;small_ratio_outside_high_sensitivity:1,2
g2|r3|3|t3|u1|v1|False|False|True|True|True,3,outside_small_selector:2;small_ratio_outside_high_sensitivity:1,2
g2|r3|3|t3|u1|v2|False|False|True|True|True,3,outside_small_selector:2;small_ratio_outside_high_sensitivity:1,2
g2|r3|3|t3|u2|v0|False|False|True|True|False,3,outside_small_selector:2;small_ratio_outside_high_sensitivity:1,2
g2|r3|3|t3|u2|v1|False|False|True|True|False,3,outside_small_selector:2;small_ratio_outside_high_sensitivity:1,2
g2|r3|3|t3|u2|v2|False|False|True|True|False,3,outside_small_selector:2;small_ratio_outside_high_sensitivity:1,2
g2|r3|4|t0|u0|v0|False|False|False|True|True,3,outside_small_selector:2;small_selector_region:1,2
g2|r3|4|t0|u0|v1|False|False|False|True|True,3,outside_small_selector:2;small_selector_region:1,2
g2|r3|4|t0|u0|v2|False|False|False|True|True,3,outside_small_selector:2;small_selector_region:1,2
g2|r3|4|t0|u1|v0|False|False|False|True|True,3,outside_small_selector:2;small_selector_region:1,2
g2|r3|4|t0|u1|v1|False|False|False|True|True,3,outside_small_selector:2;small_selector_region:1,2
g2|r3|4|t0|u1|v2|False|False|False|True|True,3,outside_small_selector:2;small_selector_region:1,2
g2|r3|4|t0|u2|v0|False|False|False|True|False,3,outside_small_selector:2;small_selector_region:1,2
g2|r3|4|t0|u2|v1|False|False|False|True|False,3,outside_small_selector:2;small_selector_region:1,2
g2|r3|4|t0|u2|v2|False|False|False|True|False,3,outside_small_selector:2;small_selector_region:1,2
g2|r3|4|t1|u0|v0|False|False|False|False|True,3,outside_small_selector:2;small_ratio_outside_high_sensitivity:1,2
g2|r3|4|t1|u0|v1|False|False|False|False|True,3,outside_small_selector:2;small_ratio_outside_high_sensitivity:1,2
g2|r3|4|t1|u0|v2|False|False|False|False|True,3,outside_small_selector:2;small_ratio_outside_high_sensitivity:1,2
g2|r3|4|t1|u1|v0|False|False|False|False|True,3,outside_small_selector:2;small_ratio_outside_high_sensitivity:1,2
g2|r3|4|t1|u1|v1|False|False|False|False|True,3,outside_small_selector:2;small_ratio_outside_high_sensitivity:1,2
g2|r3|4|t1|u1|v2|False|False|False|False|True,3,outside_small_selector:2;small_ratio_outside_high_sensitivity:1,2
g2|r3|4|t1|u2|v0|False|False|False|False|False,3,outside_small_selector:2;small_ratio_outside_high_sensitivity:1,2
g2|r3|4|t1|u2|v1|False|False|False|False|False,3,outside_small_selector:2;small_ratio_outside_high_sensitivity:1,2
g2|r3|4|t1|u2|v2|False|False|False|False|False,3,outside_small_selector:2;small_ratio_outside_high_sensitivity:1,2
g2|r3|4|t2|u0|v0|False|False|False|True|True,3,outside_small_selector:2;small_ratio_outside_high_sensitivity:1,2
g2|r3|4|t2|u0|v1|False|False|False|True|True,3,outside_small_selector:2;small_ratio_outside_high_sensitivity:1,2
g2|r3|4|t2|u0|v2|False|False|False|True|True,3,outside_small_selector:2;small_ratio_outside_high_sensitivity:1,2
g2|r3|4|t2|u1|v0|False|False|False|True|True,3,outside_small_selector:2;small_ratio_outside_high_sensitivity:1,2
g2|r3|4|t2|u1|v1|False|False|False|True|True,3,outside_small_selector:2;small_ratio_outside_high_sensitivity:1,2
g2|r3|4|t2|u1|v2|False|False|False|True|True,3,outside_small_selector:2;small_ratio_outside_high_sensitivity:1,2
g2|r3|4|t2|u2|v0|False|False|False|True|False,3,outside_small_selector:2;small_ratio_outside_high_sensitivity:1,2
g2|r3|4|t2|u2|v1|False|False|False|True|False,3,outside_small_selector:2;small_ratio_outside_high_sensitivity:1,2
g2|r3|4|t2|u2|v2|False|False|False|True|False,3,outside_small_selector:2;small_ratio_outside_high_sensitivity:1,2
g2|r3|4|t3|u0|v0|False|False|False|True|True,3,outside_small_selector:2;small_ratio_outside_high_sensitivity:1,2
g2|r3|4|t3|u0|v1|False|False|False|True|True,3,outside_small_selector:2;small_ratio_outside_high_sensitivity:1,2
g2|r3|4|t3|u0|v2|False|False|False|True|True,3,outside_small_selector:2;small_ratio_outside_high_sensitivity:1,2
g2|r3|4|t3|u1|v0|False|False|False|True|True,3,outside_small_selector:2;small_ratio_outside_high_sensitivity:1,2
g2|r3|4|t3|u1|v1|False|False|False|True|True,3,outside_small_selector:2;small_ratio_outside_high_sensitivity:1,2
g2|r3|4|t3|u1|v2|False|False|False|True|True,3,outside_small_selector:2;small_ratio_outside_high_sensitivity:1,2
g2|r3|4|t3|u2|v0|False|False|False|True|False,3,outside_small_selector:2;small_ratio_outside_high_sensitivity:1,2
g2|r3|4|t3|u2|v1|False|False|False|True|False,3,outside_small_selector:2;small_ratio_outside_high_sensitivity:1,2
g2|r3|4|t3|u2|v2|False|False|False|True|False,3,outside_small_selector:2;small_ratio_outside_high_sensitivity:1,2
g2|r3|5|t0|u0|v0|False|False|True|True|True,3,outside_small_selector:2;small_selector_region:1,2
g2|r3|5|t0|u0|v1|False|False|True|True|True,3,outside_small_selector:2;small_selector_region:1,2
g2|r3|5|t0|u0|v2|False|False|True|True|True,3,outside_small_selector:2;small_selector_region:1,2
g2|r3|5|t0|u1|v0|False|False|True|True|True,3,outside_small_selector:2;small_selector_region:1,2
g2|r3|5|t0|u1|v1|False|False|True|True|True,3,outside_small_selector:2;small_selector_region:1,2
g2|r3|5|t0|u1|v2|False|False|True|True|True,3,outside_small_selector:2;small_selector_region:1,2
g2|r3|5|t0|u2|v0|False|False|True|True|False,3,outside_small_selector:2;small_selector_region:1,2
g2|r3|5|t0|u2|v1|False|False|True|True|False,3,outside_small_selector:2;small_selector_region:1,2
g2|r3|5|t0|u2|v2|False|False|True|True|False,3,outside_small_selector:2;small_selector_region:1,2
g2|r3|5|t1|u0|v0|False|False|True|False|True,3,outside_small_selector:2;small_ratio_outside_high_sensitivity:1,2
g2|r3|5|t1|u0|v1|False|False|True|False|True,3,outside_small_selector:2;small_ratio_outside_high_sensitivity:1,2
g2|r3|5|t1|u0|v2|False|False|True|False|True,3,outside_small_selector:2;small_ratio_outside_high_sensitivity:1,2
g2|r3|5|t1|u1|v0|False|False|True|False|True,3,outside_small_selector:2;small_ratio_outside_high_sensitivity:1,2
g2|r3|5|t1|u1|v1|False|False|True|False|True,3,outside_small_selector:2;small_ratio_outside_high_sensitivity:1,2
g2|r3|5|t1|u1|v2|False|False|True|False|True,3,outside_small_selector:2;small_ratio_outside_high_sensitivity:1,2
g2|r3|5|t1|u2|v0|False|False|True|False|False,3,outside_small_selector:2;small_ratio_outside_high_sensitivity:1,2
g2|r3|5|t1|u2|v1|False|False|True|False|False,3,outside_small_selector:2;small_ratio_outside_high_sensitivity:1,2
g2|r3|5|t1|u2|v2|False|False|True|False|False,3,outside_small_selector:2;small_ratio_outside_high_sensitivity:1,2
g2|r3|5|t2|u0|v0|False|False|True|False|True,3,outside_small_selector:2;small_ratio_outside_high_sensitivity:1,2
g2|r3|5|t2|u0|v1|False|False|True|False|True,3,outside_small_selector:2;small_ratio_outside_high_sensitivity:1,2
g2|r3|5|t2|u0|v2|False|False|True|False|True,3,outside_small_selector:2;small_ratio_outside_high_sensitivity:1,2
g2|r3|5|t2|u1|v0|False|False|True|False|True,3,outside_small_selector:2;small_ratio_outside_high_sensitivity:1,2
g2|r3|5|t2|u1|v1|False|False|True|False|True,3,outside_small_selector:2;small_ratio_outside_high_sensitivity:1,2
g2|r3|5|t2|u1|v2|False|False|True|False|True,3,outside_small_selector:2;small_ratio_outside_high_sensitivity:1,2
g2|r3|5|t2|u2|v0|False|False|True|False|False,3,outside_small_selector:2;small_ratio_outside_high_sensitivity:1,2
g2|r3|5|t2|u2|v1|False|False|True|False|False,3,outside_small_selector:2;small_ratio_outside_high_sensitivity:1,2
g2|r3|5|t2|u2|v2|False|False|True|False|False,3,outside_small_selector:2;small_ratio_outside_high_sensitivity:1,2
g2|r3|5|t3|u0|v0|False|False|True|True|True,3,outside_small_selector:2;small_ratio_outside_high_sensitivity:1,2
g2|r3|5|t3|u0|v1|False|False|True|True|True,3,outside_small_selector:2;small_ratio_outside_high_sensitivity:1,2
g2|r3|5|t3|u0|v2|False|False|True|True|True,3,outside_small_selector:2;small_ratio_outside_high_sensitivity:1,2
g2|r3|5|t3|u1|v0|False|False|True|True|True,3,outside_small_selector:2;small_ratio_outside_high_sensitivity:1,2
g2|r3|5|t3|u1|v1|False|False|True|True|True,3,outside_small_selector:2;small_ratio_outside_high_sensitivity:1,2
g2|r3|5|t3|u1|v2|False|False|True|True|True,3,outside_small_selector:2;small_ratio_outside_high_sensitivity:1,2
g2|r3|5|t3|u2|v0|False|False|True|True|False,3,outside_small_selector:2;small_ratio_outside_high_sensitivity:1,2
g2|r3|5|t3|u2|v1|False|False|True|True|False,3,outside_small_selector:2;small_ratio_outside_high_sensitivity:1,2
g2|r3|5|t3|u2|v2|False|False|True|True|False,3,outside_small_selector:2;small_ratio_outside_high_sensitivity:1,2
g3|r0|1|t0|u0|v0|True|True|True|True|True,3,outside_small_selector:2;small_ratio_outside_high_sensitivity:1,2
g3|r0|1|t0|u0|v1|True|True|True|True|True,3,outside_small_selector:2;small_ratio_outside_high_sensitivity:1,2
g3|r0|1|t0|u0|v2|True|True|True|True|True,3,outside_small_selector:2;small_ratio_outside_high_sensitivity:1,2
g3|r0|1|t0|u1|v0|True|True|True|True|False,3,outside_small_selector:2;small_ratio_outside_high_sensitivity:1,2
g3|r0|1|t0|u1|v1|True|True|True|True|False,3,outside_small_selector:2;small_ratio_outside_high_sensitivity:1,2
g3|r0|1|t0|u1|v2|True|True|True|True|False,3,outside_small_selector:2;small_ratio_outside_high_sensitivity:1,2
g3|r0|1|t0|u2|v0|True|True|True|True|False,3,outside_small_selector:2;small_ratio_outside_high_sensitivity:1,2
g3|r0|1|t0|u2|v1|True|True|True|True|False,3,outside_small_selector:2;small_ratio_outside_high_sensitivity:1,2
g3|r0|1|t0|u2|v2|True|True|True|True|False,3,outside_small_selector:2;small_ratio_outside_high_sensitivity:1,2
g3|r0|1|t1|u0|v0|True|True|True|True|True,3,outside_small_selector:2;small_ratio_outside_high_sensitivity:1,2
g3|r0|1|t1|u0|v1|True|True|True|True|True,3,outside_small_selector:2;small_ratio_outside_high_sensitivity:1,2
g3|r0|1|t1|u0|v2|True|True|True|True|True,3,outside_small_selector:2;small_ratio_outside_high_sensitivity:1,2
g3|r0|1|t1|u1|v0|True|True|True|True|False,3,outside_small_selector:2;small_ratio_outside_high_sensitivity:1,2
g3|r0|1|t1|u1|v1|True|True|True|True|False,3,outside_small_selector:2;small_ratio_outside_high_sensitivity:1,2
g3|r0|1|t1|u1|v2|True|True|True|True|False,3,outside_small_selector:2;small_ratio_outside_high_sensitivity:1,2
g3|r0|1|t1|u2|v0|True|True|True|True|False,3,outside_small_selector:2;small_ratio_outside_high_sensitivity:1,2
g3|r0|1|t1|u2|v1|True|True|True|True|False,3,outside_small_selector:2;small_ratio_outside_high_sensitivity:1,2
g3|r0|1|t1|u2|v2|True|True|True|True|False,3,outside_small_selector:2;small_ratio_outside_high_sensitivity:1,2
g3|r0|1|t2|u0|v0|True|True|True|False|False,3,outside_small_selector:2;small_ratio_outside_high_sensitivity:1,2
g3|r0|1|t2|u0|v1|True|True|True|False|False,3,outside_small_selector:2;small_ratio_outside_high_sensitivity:1,2
g3|r0|1|t2|u0|v2|True|True|True|False|False,3,outside_small_selector:2;small_ratio_outside_high_sensitivity:1,2
g3|r0|1|t2|u1|v0|True|True|True|False|False,3,outside_small_selector:2;small_ratio_outside_high_sensitivity:1,2
g3|r0|1|t2|u1|v1|True|True|True|False|False,3,outside_small_selector:2;small_ratio_outside_high_sensitivity:1,2
g3|r0|1|t2|u1|v2|True|True|True|False|False,3,outside_small_selector:2;small_ratio_outside_high_sensitivity:1,2
g3|r0|1|t2|u2|v0|True|True|True|False|False,3,outside_small_selector:2;small_ratio_outside_high_sensitivity:1,2
g3|r0|1|t2|u2|v1|True|True|True|False|False,3,outside_small_selector:2;small_ratio_outside_high_sensitivity:1,2
g3|r0|1|t2|u2|v2|True|True|True|False|False,3,outside_small_selector:2;small_ratio_outside_high_sensitivity:1,2
g3|r0|1|t3|u0|v0|True|True|True|True|True,3,outside_small_selector:2;small_ratio_outside_high_sensitivity:1,2
g3|r0|1|t3|u0|v1|True|True|True|True|True,3,outside_small_selector:2;small_ratio_outside_high_sensitivity:1,2
g3|r0|1|t3|u0|v2|True|True|True|True|True,3,outside_small_selector:2;small_ratio_outside_high_sensitivity:1,2
g3|r0|1|t3|u1|v0|True|True|True|True|False,3,outside_small_selector:2;small_ratio_outside_high_sensitivity:1,2
g3|r0|1|t3|u1|v1|True|True|True|True|False,3,outside_small_selector:2;small_ratio_outside_high_sensitivity:1,2
g3|r0|1|t3|u1|v2|True|True|True|True|False,3,outside_small_selector:2;small_ratio_outside_high_sensitivity:1,2
g3|r0|1|t3|u2|v0|True|True|True|True|False,3,outside_small_selector:2;small_ratio_outside_high_sensitivity:1,2
g3|r0|1|t3|u2|v1|True|True|True|True|False,3,outside_small_selector:2;small_ratio_outside_high_sensitivity:1,2
g3|r0|1|t3|u2|v2|True|True|True|True|False,3,outside_small_selector:2;small_ratio_outside_high_sensitivity:1,2
g3|r0|2|t0|u0|v0|True|True|False|True|True,3,outside_small_selector:2;small_ratio_outside_high_sensitivity:1,2
g3|r0|2|t0|u0|v1|True|True|False|True|True,3,outside_small_selector:2;small_ratio_outside_high_sensitivity:1,2
g3|r0|2|t0|u0|v2|True|True|False|True|True,3,outside_small_selector:2;small_ratio_outside_high_sensitivity:1,2
g3|r0|2|t0|u1|v0|True|True|False|True|False,3,outside_small_selector:2;small_ratio_outside_high_sensitivity:1,2
g3|r0|2|t0|u1|v1|True|True|False|True|False,3,outside_small_selector:2;small_ratio_outside_high_sensitivity:1,2
g3|r0|2|t0|u1|v2|True|True|False|True|False,3,outside_small_selector:2;small_ratio_outside_high_sensitivity:1,2
g3|r0|2|t0|u2|v0|True|True|False|True|False,3,outside_small_selector:2;small_ratio_outside_high_sensitivity:1,2
g3|r0|2|t0|u2|v1|True|True|False|True|False,3,outside_small_selector:2;small_ratio_outside_high_sensitivity:1,2
g3|r0|2|t0|u2|v2|True|True|False|True|False,3,outside_small_selector:2;small_ratio_outside_high_sensitivity:1,2
g3|r0|2|t1|u0|v0|True|True|False|True|True,3,outside_small_selector:2;small_ratio_outside_high_sensitivity:1,2
g3|r0|2|t1|u0|v1|True|True|False|True|True,3,outside_small_selector:2;small_ratio_outside_high_sensitivity:1,2
g3|r0|2|t1|u0|v2|True|True|False|True|True,3,outside_small_selector:2;small_ratio_outside_high_sensitivity:1,2
g3|r0|2|t1|u1|v0|True|True|False|True|False,3,outside_small_selector:2;small_ratio_outside_high_sensitivity:1,2
g3|r0|2|t1|u1|v1|True|True|False|True|False,3,outside_small_selector:2;small_ratio_outside_high_sensitivity:1,2
g3|r0|2|t1|u1|v2|True|True|False|True|False,3,outside_small_selector:2;small_ratio_outside_high_sensitivity:1,2
g3|r0|2|t1|u2|v0|True|True|False|True|False,3,outside_small_selector:2;small_ratio_outside_high_sensitivity:1,2
g3|r0|2|t1|u2|v1|True|True|False|True|False,3,outside_small_selector:2;small_ratio_outside_high_sensitivity:1,2
g3|r0|2|t1|u2|v2|True|True|False|True|False,3,outside_small_selector:2;small_ratio_outside_high_sensitivity:1,2
g3|r0|2|t2|u0|v0|True|True|False|False|False,3,outside_small_selector:2;small_ratio_outside_high_sensitivity:1,2
g3|r0|2|t2|u0|v1|True|True|False|False|False,3,outside_small_selector:2;small_ratio_outside_high_sensitivity:1,2
g3|r0|2|t2|u0|v2|True|True|False|False|False,3,outside_small_selector:2;small_ratio_outside_high_sensitivity:1,2
g3|r0|2|t2|u1|v0|True|True|False|False|False,3,outside_small_selector:2;small_ratio_outside_high_sensitivity:1,2
g3|r0|2|t2|u1|v1|True|True|False|False|False,3,outside_small_selector:2;small_ratio_outside_high_sensitivity:1,2
g3|r0|2|t2|u1|v2|True|True|False|False|False,3,outside_small_selector:2;small_ratio_outside_high_sensitivity:1,2
g3|r0|2|t2|u2|v0|True|True|False|False|False,3,outside_small_selector:2;small_ratio_outside_high_sensitivity:1,2
g3|r0|2|t2|u2|v1|True|True|False|False|False,3,outside_small_selector:2;small_ratio_outside_high_sensitivity:1,2
g3|r0|2|t2|u2|v2|True|True|False|False|False,3,outside_small_selector:2;small_ratio_outside_high_sensitivity:1,2
g3|r0|2|t3|u0|v0|True|True|False|True|True,3,outside_small_selector:2;small_ratio_outside_high_sensitivity:1,2
g3|r0|2|t3|u0|v1|True|True|False|True|True,3,outside_small_selector:2;small_ratio_outside_high_sensitivity:1,2
g3|r0|2|t3|u0|v2|True|True|False|True|True,3,outside_small_selector:2;small_ratio_outside_high_sensitivity:1,2
g3|r0|2|t3|u1|v0|True|True|False|True|False,3,outside_small_selector:2;small_ratio_outside_high_sensitivity:1,2
g3|r0|2|t3|u1|v1|True|True|False|True|False,3,outside_small_selector:2;small_ratio_outside_high_sensitivity:1,2
g3|r0|2|t3|u1|v2|True|True|False|True|False,3,outside_small_selector:2;small_ratio_outside_high_sensitivity:1,2
g3|r0|2|t3|u2|v0|True|True|False|True|False,3,outside_small_selector:2;small_ratio_outside_high_sensitivity:1,2
g3|r0|2|t3|u2|v1|True|True|False|True|False,3,outside_small_selector:2;small_ratio_outside_high_sensitivity:1,2
g3|r0|2|t3|u2|v2|True|True|False|True|False,3,outside_small_selector:2;small_ratio_outside_high_sensitivity:1,2
g3|r0|3|t0|u0|v0|True|True|True|True|True,3,outside_small_selector:2;small_ratio_outside_high_sensitivity:1,2
g3|r0|3|t0|u0|v1|True|True|True|True|True,3,outside_small_selector:2;small_ratio_outside_high_sensitivity:1,2
g3|r0|3|t0|u0|v2|True|True|True|True|True,3,outside_small_selector:2;small_ratio_outside_high_sensitivity:1,2
g3|r0|3|t0|u1|v0|True|True|True|True|False,3,outside_small_selector:2;small_ratio_outside_high_sensitivity:1,2
g3|r0|3|t0|u1|v1|True|True|True|True|False,3,outside_small_selector:2;small_ratio_outside_high_sensitivity:1,2
g3|r0|3|t0|u1|v2|True|True|True|True|False,3,outside_small_selector:2;small_ratio_outside_high_sensitivity:1,2
g3|r0|3|t0|u2|v0|True|True|True|True|False,3,outside_small_selector:2;small_ratio_outside_high_sensitivity:1,2
g3|r0|3|t0|u2|v1|True|True|True|True|False,3,outside_small_selector:2;small_ratio_outside_high_sensitivity:1,2
g3|r0|3|t0|u2|v2|True|True|True|True|False,3,outside_small_selector:2;small_ratio_outside_high_sensitivity:1,2
g3|r0|3|t1|u0|v0|True|True|True|False|True,3,outside_small_selector:2;small_ratio_outside_high_sensitivity:1,2
g3|r0|3|t1|u0|v1|True|True|True|False|True,3,outside_small_selector:2;small_ratio_outside_high_sensitivity:1,2
g3|r0|3|t1|u0|v2|True|True|True|False|True,3,outside_small_selector:2;small_ratio_outside_high_sensitivity:1,2
g3|r0|3|t1|u1|v0|True|True|True|False|False,3,outside_small_selector:2;small_ratio_outside_high_sensitivity:1,2
g3|r0|3|t1|u1|v1|True|True|True|False|False,3,outside_small_selector:2;small_ratio_outside_high_sensitivity:1,2
g3|r0|3|t1|u1|v2|True|True|True|False|False,3,outside_small_selector:2;small_ratio_outside_high_sensitivity:1,2
g3|r0|3|t1|u2|v0|True|True|True|False|False,3,outside_small_selector:2;small_ratio_outside_high_sensitivity:1,2
g3|r0|3|t1|u2|v1|True|True|True|False|False,3,outside_small_selector:2;small_ratio_outside_high_sensitivity:1,2
g3|r0|3|t1|u2|v2|True|True|True|False|False,3,outside_small_selector:2;small_ratio_outside_high_sensitivity:1,2
g3|r0|3|t2|u0|v0|True|True|True|False|False,3,outside_small_selector:2;small_ratio_outside_high_sensitivity:1,2
g3|r0|3|t2|u0|v1|True|True|True|False|False,3,outside_small_selector:2;small_ratio_outside_high_sensitivity:1,2
g3|r0|3|t2|u0|v2|True|True|True|False|False,3,outside_small_selector:2;small_ratio_outside_high_sensitivity:1,2
g3|r0|3|t2|u1|v0|True|True|True|False|False,3,outside_small_selector:2;small_ratio_outside_high_sensitivity:1,2
g3|r0|3|t2|u1|v1|True|True|True|False|False,3,outside_small_selector:2;small_ratio_outside_high_sensitivity:1,2
g3|r0|3|t2|u1|v2|True|True|True|False|False,3,outside_small_selector:2;small_ratio_outside_high_sensitivity:1,2
g3|r0|3|t2|u2|v0|True|True|True|False|False,3,outside_small_selector:2;small_ratio_outside_high_sensitivity:1,2
g3|r0|3|t2|u2|v1|True|True|True|False|False,3,outside_small_selector:2;small_ratio_outside_high_sensitivity:1,2
g3|r0|3|t2|u2|v2|True|True|True|False|False,3,outside_small_selector:2;small_ratio_outside_high_sensitivity:1,2
g3|r0|3|t3|u0|v0|True|True|True|True|True,3,outside_small_selector:2;small_ratio_outside_high_sensitivity:1,2
g3|r0|3|t3|u0|v1|True|True|True|True|True,3,outside_small_selector:2;small_ratio_outside_high_sensitivity:1,2
g3|r0|3|t3|u0|v2|True|True|True|True|True,3,outside_small_selector:2;small_ratio_outside_high_sensitivity:1,2
g3|r0|3|t3|u1|v0|True|True|True|True|False,3,outside_small_selector:2;small_ratio_outside_high_sensitivity:1,2
g3|r0|3|t3|u1|v1|True|True|True|True|False,3,outside_small_selector:2;small_ratio_outside_high_sensitivity:1,2
g3|r0|3|t3|u1|v2|True|True|True|True|False,3,outside_small_selector:2;small_ratio_outside_high_sensitivity:1,2
g3|r0|3|t3|u2|v0|True|True|True|True|False,3,outside_small_selector:2;small_ratio_outside_high_sensitivity:1,2
g3|r0|3|t3|u2|v1|True|True|True|True|False,3,outside_small_selector:2;small_ratio_outside_high_sensitivity:1,2
g3|r0|3|t3|u2|v2|True|True|True|True|False,3,outside_small_selector:2;small_ratio_outside_high_sensitivity:1,2
g3|r0|4|t0|u0|v0|True|True|False|True|True,3,outside_small_selector:2;small_ratio_outside_high_sensitivity:1,2
g3|r0|4|t0|u0|v1|True|True|False|True|True,3,outside_small_selector:2;small_ratio_outside_high_sensitivity:1,2
g3|r0|4|t0|u0|v2|True|True|False|True|True,3,outside_small_selector:2;small_ratio_outside_high_sensitivity:1,2
g3|r0|4|t0|u1|v0|True|True|False|True|False,3,outside_small_selector:2;small_ratio_outside_high_sensitivity:1,2
g3|r0|4|t0|u1|v1|True|True|False|True|False,3,outside_small_selector:2;small_ratio_outside_high_sensitivity:1,2
g3|r0|4|t0|u1|v2|True|True|False|True|False,3,outside_small_selector:2;small_ratio_outside_high_sensitivity:1,2
g3|r0|4|t0|u2|v0|True|True|False|True|False,3,outside_small_selector:2;small_ratio_outside_high_sensitivity:1,2
g3|r0|4|t0|u2|v1|True|True|False|True|False,3,outside_small_selector:2;small_ratio_outside_high_sensitivity:1,2
g3|r0|4|t0|u2|v2|True|True|False|True|False,3,outside_small_selector:2;small_ratio_outside_high_sensitivity:1,2
g3|r0|4|t1|u0|v0|True|True|False|False|True,3,outside_small_selector:2;small_ratio_outside_high_sensitivity:1,2
g3|r0|4|t1|u0|v1|True|True|False|False|True,3,outside_small_selector:2;small_ratio_outside_high_sensitivity:1,2
g3|r0|4|t1|u0|v2|True|True|False|False|True,3,outside_small_selector:2;small_ratio_outside_high_sensitivity:1,2
g3|r0|4|t1|u1|v0|True|True|False|False|False,3,outside_small_selector:2;small_ratio_outside_high_sensitivity:1,2
g3|r0|4|t1|u1|v1|True|True|False|False|False,3,outside_small_selector:2;small_ratio_outside_high_sensitivity:1,2
g3|r0|4|t1|u1|v2|True|True|False|False|False,3,outside_small_selector:2;small_ratio_outside_high_sensitivity:1,2
g3|r0|4|t1|u2|v0|True|True|False|False|False,3,outside_small_selector:2;small_ratio_outside_high_sensitivity:1,2
g3|r0|4|t1|u2|v1|True|True|False|False|False,3,outside_small_selector:2;small_ratio_outside_high_sensitivity:1,2
g3|r0|4|t1|u2|v2|True|True|False|False|False,3,outside_small_selector:2;small_ratio_outside_high_sensitivity:1,2
g3|r0|4|t2|u0|v0|True|True|False|False|False,3,outside_small_selector:2;small_ratio_outside_high_sensitivity:1,2
g3|r0|4|t2|u0|v1|True|True|False|False|False,3,outside_small_selector:2;small_ratio_outside_high_sensitivity:1,2
g3|r0|4|t2|u0|v2|True|True|False|False|False,3,outside_small_selector:2;small_ratio_outside_high_sensitivity:1,2
g3|r0|4|t2|u1|v0|True|True|False|False|False,3,outside_small_selector:2;small_ratio_outside_high_sensitivity:1,2
g3|r0|4|t2|u1|v1|True|True|False|False|False,3,outside_small_selector:2;small_ratio_outside_high_sensitivity:1,2
g3|r0|4|t2|u1|v2|True|True|False|False|False,3,outside_small_selector:2;small_ratio_outside_high_sensitivity:1,2
g3|r0|4|t2|u2|v0|True|True|False|False|False,3,outside_small_selector:2;small_ratio_outside_high_sensitivity:1,2
g3|r0|4|t2|u2|v1|True|True|False|False|False,3,outside_small_selector:2;small_ratio_outside_high_sensitivity:1,2
g3|r0|4|t2|u2|v2|True|True|False|False|False,3,outside_small_selector:2;small_ratio_outside_high_sensitivity:1,2
g3|r0|4|t3|u0|v0|True|True|False|True|True,3,outside_small_selector:2;small_ratio_outside_high_sensitivity:1,2
g3|r0|4|t3|u0|v1|True|True|False|True|True,3,outside_small_selector:2;small_ratio_outside_high_sensitivity:1,2
g3|r0|4|t3|u0|v2|True|True|False|True|True,3,outside_small_selector:2;small_ratio_outside_high_sensitivity:1,2
g3|r0|4|t3|u1|v0|True|True|False|True|False,3,outside_small_selector:2;small_ratio_outside_high_sensitivity:1,2
g3|r0|4|t3|u1|v1|True|True|False|True|False,3,outside_small_selector:2;small_ratio_outside_high_sensitivity:1,2
g3|r0|4|t3|u1|v2|True|True|False|True|False,3,outside_small_selector:2;small_ratio_outside_high_sensitivity:1,2
g3|r0|4|t3|u2|v0|True|True|False|True|False,3,outside_small_selector:2;small_ratio_outside_high_sensitivity:1,2
g3|r0|4|t3|u2|v1|True|True|False|True|False,3,outside_small_selector:2;small_ratio_outside_high_sensitivity:1,2
g3|r0|4|t3|u2|v2|True|True|False|True|False,3,outside_small_selector:2;small_ratio_outside_high_sensitivity:1,2
g3|r0|5|t0|u0|v0|True|True|True|True|True,3,outside_small_selector:2;small_ratio_outside_high_sensitivity:1,2
g3|r0|5|t0|u0|v1|True|True|True|True|True,3,outside_small_selector:2;small_ratio_outside_high_sensitivity:1,2
g3|r0|5|t0|u0|v2|True|True|True|True|True,3,outside_small_selector:2;small_ratio_outside_high_sensitivity:1,2
g3|r0|5|t0|u1|v0|True|True|True|True|False,3,outside_small_selector:2;small_ratio_outside_high_sensitivity:1,2
g3|r0|5|t0|u1|v1|True|True|True|True|False,3,outside_small_selector:2;small_ratio_outside_high_sensitivity:1,2
g3|r0|5|t0|u1|v2|True|True|True|True|False,3,outside_small_selector:2;small_ratio_outside_high_sensitivity:1,2
g3|r0|5|t0|u2|v0|True|True|True|True|False,3,outside_small_selector:2;small_ratio_outside_high_sensitivity:1,2
g3|r0|5|t0|u2|v1|True|True|True|True|False,3,outside_small_selector:2;small_ratio_outside_high_sensitivity:1,2
g3|r0|5|t0|u2|v2|True|True|True|True|False,3,outside_small_selector:2;small_ratio_outside_high_sensitivity:1,2
g3|r0|5|t1|u0|v0|True|True|True|False|True,3,outside_small_selector:2;small_ratio_outside_high_sensitivity:1,2
g3|r0|5|t1|u0|v1|True|True|True|False|True,3,outside_small_selector:2;small_ratio_outside_high_sensitivity:1,2
g3|r0|5|t1|u0|v2|True|True|True|False|True,3,outside_small_selector:2;small_ratio_outside_high_sensitivity:1,2
g3|r0|5|t1|u1|v0|True|True|True|False|False,3,outside_small_selector:2;small_ratio_outside_high_sensitivity:1,2
g3|r0|5|t1|u1|v1|True|True|True|False|False,3,outside_small_selector:2;small_ratio_outside_high_sensitivity:1,2
g3|r0|5|t1|u1|v2|True|True|True|False|False,3,outside_small_selector:2;small_ratio_outside_high_sensitivity:1,2
g3|r0|5|t1|u2|v0|True|True|True|False|False,3,outside_small_selector:2;small_ratio_outside_high_sensitivity:1,2
g3|r0|5|t1|u2|v1|True|True|True|False|False,3,outside_small_selector:2;small_ratio_outside_high_sensitivity:1,2
g3|r0|5|t1|u2|v2|True|True|True|False|False,3,outside_small_selector:2;small_ratio_outside_high_sensitivity:1,2
g3|r0|5|t2|u0|v0|True|True|True|False|False,3,outside_small_selector:2;small_ratio_outside_high_sensitivity:1,2
g3|r0|5|t2|u0|v1|True|True|True|False|False,3,outside_small_selector:2;small_ratio_outside_high_sensitivity:1,2
g3|r0|5|t2|u0|v2|True|True|True|False|False,3,outside_small_selector:2;small_ratio_outside_high_sensitivity:1,2
g3|r0|5|t2|u1|v0|True|True|True|False|False,3,outside_small_selector:2;small_ratio_outside_high_sensitivity:1,2
g3|r0|5|t2|u1|v1|True|True|True|False|False,3,outside_small_selector:2;small_ratio_outside_high_sensitivity:1,2
g3|r0|5|t2|u1|v2|True|True|True|False|False,3,outside_small_selector:2;small_ratio_outside_high_sensitivity:1,2
g3|r0|5|t2|u2|v0|True|True|True|False|False,3,outside_small_selector:2;small_ratio_outside_high_sensitivity:1,2
g3|r0|5|t2|u2|v1|True|True|True|False|False,3,outside_small_selector:2;small_ratio_outside_high_sensitivity:1,2
g3|r0|5|t2|u2|v2|True|True|True|False|False,3,outside_small_selector:2;small_ratio_outside_high_sensitivity:1,2
g3|r0|5|t3|u0|v0|True|True|True|True|True,3,outside_small_selector:2;small_ratio_outside_high_sensitivity:1,2
g3|r0|5|t3|u0|v1|True|True|True|True|True,3,outside_small_selector:2;small_ratio_outside_high_sensitivity:1,2
g3|r0|5|t3|u0|v2|True|True|True|True|True,3,outside_small_selector:2;small_ratio_outside_high_sensitivity:1,2
g3|r0|5|t3|u1|v0|True|True|True|True|False,3,outside_small_selector:2;small_ratio_outside_high_sensitivity:1,2
g3|r0|5|t3|u1|v1|True|True|True|True|False,3,outside_small_selector:2;small_ratio_outside_high_sensitivity:1,2
g3|r0|5|t3|u1|v2|True|True|True|True|False,3,outside_small_selector:2;small_ratio_outside_high_sensitivity:1,2
g3|r0|5|t3|u2|v0|True|True|True|True|False,3,outside_small_selector:2;small_ratio_outside_high_sensitivity:1,2
g3|r0|5|t3|u2|v1|True|True|True|True|False,3,outside_small_selector:2;small_ratio_outside_high_sensitivity:1,2
g3|r0|5|t3|u2|v2|True|True|True|True|False,3,outside_small_selector:2;small_ratio_outside_high_sensitivity:1,2
g3|r1|1|t0|u0|v0|False|True|True|True|True,3,outside_small_selector:2;small_ratio_outside_high_sensitivity:1,2
g3|r1|1|t0|u0|v1|False|True|True|True|True,3,outside_small_selector:2;small_ratio_outside_high_sensitivity:1,2
g3|r1|1|t0|u0|v2|False|True|True|True|True,3,outside_small_selector:2;small_ratio_outside_high_sensitivity:1,2
g3|r1|1|t0|u1|v0|False|True|True|True|False,3,outside_small_selector:2;small_ratio_outside_high_sensitivity:1,2
g3|r1|1|t0|u1|v1|False|True|True|True|False,3,outside_small_selector:2;small_ratio_outside_high_sensitivity:1,2
g3|r1|1|t0|u1|v2|False|True|True|True|False,3,outside_small_selector:2;small_ratio_outside_high_sensitivity:1,2
g3|r1|1|t0|u2|v0|False|True|True|True|False,3,outside_small_selector:2;small_ratio_outside_high_sensitivity:1,2
g3|r1|1|t0|u2|v1|False|True|True|True|False,3,outside_small_selector:2;small_ratio_outside_high_sensitivity:1,2
g3|r1|1|t0|u2|v2|False|True|True|True|False,3,outside_small_selector:2;small_ratio_outside_high_sensitivity:1,2
g3|r1|1|t1|u0|v0|False|True|True|True|True,3,outside_small_selector:2;small_ratio_outside_high_sensitivity:1,2
g3|r1|1|t1|u0|v1|False|True|True|True|True,3,outside_small_selector:2;small_ratio_outside_high_sensitivity:1,2
g3|r1|1|t1|u0|v2|False|True|True|True|True,3,outside_small_selector:2;small_ratio_outside_high_sensitivity:1,2
g3|r1|1|t1|u1|v0|False|True|True|True|False,3,outside_small_selector:2;small_ratio_outside_high_sensitivity:1,2
g3|r1|1|t1|u1|v1|False|True|True|True|False,3,outside_small_selector:2;small_ratio_outside_high_sensitivity:1,2
g3|r1|1|t1|u1|v2|False|True|True|True|False,3,outside_small_selector:2;small_ratio_outside_high_sensitivity:1,2
g3|r1|1|t1|u2|v0|False|True|True|True|False,3,outside_small_selector:2;small_ratio_outside_high_sensitivity:1,2
g3|r1|1|t1|u2|v1|False|True|True|True|False,3,outside_small_selector:2;small_ratio_outside_high_sensitivity:1,2
g3|r1|1|t1|u2|v2|False|True|True|True|False,3,outside_small_selector:2;small_ratio_outside_high_sensitivity:1,2
g3|r1|1|t2|u0|v0|False|True|True|False|False,3,outside_small_selector:2;small_ratio_outside_high_sensitivity:1,2
g3|r1|1|t2|u0|v1|False|True|True|False|False,3,outside_small_selector:2;small_ratio_outside_high_sensitivity:1,2
g3|r1|1|t2|u0|v2|False|True|True|False|False,3,outside_small_selector:2;small_ratio_outside_high_sensitivity:1,2
g3|r1|1|t2|u1|v0|False|True|True|False|False,3,outside_small_selector:2;small_ratio_outside_high_sensitivity:1,2
g3|r1|1|t2|u1|v1|False|True|True|False|False,3,outside_small_selector:2;small_ratio_outside_high_sensitivity:1,2
g3|r1|1|t2|u1|v2|False|True|True|False|False,3,outside_small_selector:2;small_ratio_outside_high_sensitivity:1,2
g3|r1|1|t2|u2|v0|False|True|True|False|False,3,outside_small_selector:2;small_ratio_outside_high_sensitivity:1,2
g3|r1|1|t2|u2|v1|False|True|True|False|False,3,outside_small_selector:2;small_ratio_outside_high_sensitivity:1,2
g3|r1|1|t2|u2|v2|False|True|True|False|False,3,outside_small_selector:2;small_ratio_outside_high_sensitivity:1,2
g3|r1|1|t3|u0|v0|False|True|True|True|True,3,outside_small_selector:2;small_ratio_outside_high_sensitivity:1,2
g3|r1|1|t3|u0|v1|False|True|True|True|True,3,outside_small_selector:2;small_ratio_outside_high_sensitivity:1,2
g3|r1|1|t3|u0|v2|False|True|True|True|True,3,outside_small_selector:2;small_ratio_outside_high_sensitivity:1,2
g3|r1|1|t3|u1|v0|False|True|True|True|False,3,outside_small_selector:2;small_ratio_outside_high_sensitivity:1,2
g3|r1|1|t3|u1|v1|False|True|True|True|False,3,outside_small_selector:2;small_ratio_outside_high_sensitivity:1,2
g3|r1|1|t3|u1|v2|False|True|True|True|False,3,outside_small_selector:2;small_ratio_outside_high_sensitivity:1,2
g3|r1|1|t3|u2|v0|False|True|True|True|False,3,outside_small_selector:2;small_ratio_outside_high_sensitivity:1,2
g3|r1|1|t3|u2|v1|False|True|True|True|False,3,outside_small_selector:2;small_ratio_outside_high_sensitivity:1,2
g3|r1|1|t3|u2|v2|False|True|True|True|False,3,outside_small_selector:2;small_ratio_outside_high_sensitivity:1,2
g3|r1|2|t0|u0|v0|False|True|False|True|True,3,outside_small_selector:2;small_ratio_outside_high_sensitivity:1,2
g3|r1|2|t0|u0|v1|False|True|False|True|True,3,outside_small_selector:2;small_ratio_outside_high_sensitivity:1,2
g3|r1|2|t0|u0|v2|False|True|False|True|True,3,outside_small_selector:2;small_ratio_outside_high_sensitivity:1,2
g3|r1|2|t0|u1|v0|False|True|False|True|False,3,outside_small_selector:2;small_ratio_outside_high_sensitivity:1,2
g3|r1|2|t0|u1|v1|False|True|False|True|False,3,outside_small_selector:2;small_ratio_outside_high_sensitivity:1,2
g3|r1|2|t0|u1|v2|False|True|False|True|False,3,outside_small_selector:2;small_ratio_outside_high_sensitivity:1,2
g3|r1|2|t0|u2|v0|False|True|False|True|False,3,outside_small_selector:2;small_ratio_outside_high_sensitivity:1,2
g3|r1|2|t0|u2|v1|False|True|False|True|False,3,outside_small_selector:2;small_ratio_outside_high_sensitivity:1,2
g3|r1|2|t0|u2|v2|False|True|False|True|False,3,outside_small_selector:2;small_ratio_outside_high_sensitivity:1,2
g3|r1|2|t1|u0|v0|False|True|False|True|True,3,outside_small_selector:2;small_ratio_outside_high_sensitivity:1,2
g3|r1|2|t1|u0|v1|False|True|False|True|True,3,outside_small_selector:2;small_ratio_outside_high_sensitivity:1,2
g3|r1|2|t1|u0|v2|False|True|False|True|True,3,outside_small_selector:2;small_ratio_outside_high_sensitivity:1,2
g3|r1|2|t1|u1|v0|False|True|False|True|False,3,outside_small_selector:2;small_ratio_outside_high_sensitivity:1,2
g3|r1|2|t1|u1|v1|False|True|False|True|False,3,outside_small_selector:2;small_ratio_outside_high_sensitivity:1,2
g3|r1|2|t1|u1|v2|False|True|False|True|False,3,outside_small_selector:2;small_ratio_outside_high_sensitivity:1,2
g3|r1|2|t1|u2|v0|False|True|False|True|False,3,outside_small_selector:2;small_ratio_outside_high_sensitivity:1,2
g3|r1|2|t1|u2|v1|False|True|False|True|False,3,outside_small_selector:2;small_ratio_outside_high_sensitivity:1,2
g3|r1|2|t1|u2|v2|False|True|False|True|False,3,outside_small_selector:2;small_ratio_outside_high_sensitivity:1,2
g3|r1|2|t2|u0|v0|False|True|False|False|False,3,outside_small_selector:2;small_ratio_outside_high_sensitivity:1,2
g3|r1|2|t2|u0|v1|False|True|False|False|False,3,outside_small_selector:2;small_ratio_outside_high_sensitivity:1,2
g3|r1|2|t2|u0|v2|False|True|False|False|False,3,outside_small_selector:2;small_ratio_outside_high_sensitivity:1,2
g3|r1|2|t2|u1|v0|False|True|False|False|False,3,outside_small_selector:2;small_ratio_outside_high_sensitivity:1,2
g3|r1|2|t2|u1|v1|False|True|False|False|False,3,outside_small_selector:2;small_ratio_outside_high_sensitivity:1,2
g3|r1|2|t2|u1|v2|False|True|False|False|False,3,outside_small_selector:2;small_ratio_outside_high_sensitivity:1,2
g3|r1|2|t2|u2|v0|False|True|False|False|False,3,outside_small_selector:2;small_ratio_outside_high_sensitivity:1,2
g3|r1|2|t2|u2|v1|False|True|False|False|False,3,outside_small_selector:2;small_ratio_outside_high_sensitivity:1,2
g3|r1|2|t2|u2|v2|False|True|False|False|False,3,outside_small_selector:2;small_ratio_outside_high_sensitivity:1,2
g3|r1|2|t3|u0|v0|False|True|False|True|True,3,outside_small_selector:2;small_ratio_outside_high_sensitivity:1,2
g3|r1|2|t3|u0|v1|False|True|False|True|True,3,outside_small_selector:2;small_ratio_outside_high_sensitivity:1,2
g3|r1|2|t3|u0|v2|False|True|False|True|True,3,outside_small_selector:2;small_ratio_outside_high_sensitivity:1,2
g3|r1|2|t3|u1|v0|False|True|False|True|False,3,outside_small_selector:2;small_ratio_outside_high_sensitivity:1,2
g3|r1|2|t3|u1|v1|False|True|False|True|False,3,outside_small_selector:2;small_ratio_outside_high_sensitivity:1,2
g3|r1|2|t3|u1|v2|False|True|False|True|False,3,outside_small_selector:2;small_ratio_outside_high_sensitivity:1,2
g3|r1|2|t3|u2|v0|False|True|False|True|False,3,outside_small_selector:2;small_ratio_outside_high_sensitivity:1,2
g3|r1|2|t3|u2|v1|False|True|False|True|False,3,outside_small_selector:2;small_ratio_outside_high_sensitivity:1,2
g3|r1|2|t3|u2|v2|False|True|False|True|False,3,outside_small_selector:2;small_ratio_outside_high_sensitivity:1,2
g3|r1|3|t0|u0|v0|False|True|True|True|True,3,outside_small_selector:2;small_ratio_outside_high_sensitivity:1,2
g3|r1|3|t0|u0|v1|False|True|True|True|True,3,outside_small_selector:2;small_ratio_outside_high_sensitivity:1,2
g3|r1|3|t0|u0|v2|False|True|True|True|True,3,outside_small_selector:2;small_ratio_outside_high_sensitivity:1,2
g3|r1|3|t0|u1|v0|False|True|True|True|False,3,outside_small_selector:2;small_ratio_outside_high_sensitivity:1,2
g3|r1|3|t0|u1|v1|False|True|True|True|False,3,outside_small_selector:2;small_ratio_outside_high_sensitivity:1,2
g3|r1|3|t0|u1|v2|False|True|True|True|False,3,outside_small_selector:2;small_ratio_outside_high_sensitivity:1,2
g3|r1|3|t0|u2|v0|False|True|True|True|False,3,outside_small_selector:2;small_ratio_outside_high_sensitivity:1,2
g3|r1|3|t0|u2|v1|False|True|True|True|False,3,outside_small_selector:2;small_ratio_outside_high_sensitivity:1,2
g3|r1|3|t0|u2|v2|False|True|True|True|False,3,outside_small_selector:2;small_ratio_outside_high_sensitivity:1,2
g3|r1|3|t1|u0|v0|False|True|True|False|True,3,outside_small_selector:2;small_ratio_outside_high_sensitivity:1,2
g3|r1|3|t1|u0|v1|False|True|True|False|True,3,outside_small_selector:2;small_ratio_outside_high_sensitivity:1,2
g3|r1|3|t1|u0|v2|False|True|True|False|True,3,outside_small_selector:2;small_ratio_outside_high_sensitivity:1,2
g3|r1|3|t1|u1|v0|False|True|True|False|False,3,outside_small_selector:2;small_ratio_outside_high_sensitivity:1,2
g3|r1|3|t1|u1|v1|False|True|True|False|False,3,outside_small_selector:2;small_ratio_outside_high_sensitivity:1,2
g3|r1|3|t1|u1|v2|False|True|True|False|False,3,outside_small_selector:2;small_ratio_outside_high_sensitivity:1,2
g3|r1|3|t1|u2|v0|False|True|True|False|False,3,outside_small_selector:2;small_ratio_outside_high_sensitivity:1,2
g3|r1|3|t1|u2|v1|False|True|True|False|False,3,outside_small_selector:2;small_ratio_outside_high_sensitivity:1,2
g3|r1|3|t1|u2|v2|False|True|True|False|False,3,outside_small_selector:2;small_ratio_outside_high_sensitivity:1,2
g3|r1|3|t2|u0|v0|False|True|True|False|False,3,outside_small_selector:2;small_ratio_outside_high_sensitivity:1,2
g3|r1|3|t2|u0|v1|False|True|True|False|False,3,outside_small_selector:2;small_ratio_outside_high_sensitivity:1,2
g3|r1|3|t2|u0|v2|False|True|True|False|False,3,outside_small_selector:2;small_ratio_outside_high_sensitivity:1,2
g3|r1|3|t2|u1|v0|False|True|True|False|False,3,outside_small_selector:2;small_ratio_outside_high_sensitivity:1,2
g3|r1|3|t2|u1|v1|False|True|True|False|False,3,outside_small_selector:2;small_ratio_outside_high_sensitivity:1,2
g3|r1|3|t2|u1|v2|False|True|True|False|False,3,outside_small_selector:2;small_ratio_outside_high_sensitivity:1,2
g3|r1|3|t2|u2|v0|False|True|True|False|False,3,outside_small_selector:2;small_ratio_outside_high_sensitivity:1,2
g3|r1|3|t2|u2|v1|False|True|True|False|False,3,outside_small_selector:2;small_ratio_outside_high_sensitivity:1,2
g3|r1|3|t2|u2|v2|False|True|True|False|False,3,outside_small_selector:2;small_ratio_outside_high_sensitivity:1,2
g3|r1|3|t3|u0|v0|False|True|True|True|True,3,outside_small_selector:2;small_ratio_outside_high_sensitivity:1,2
g3|r1|3|t3|u0|v1|False|True|True|True|True,3,outside_small_selector:2;small_ratio_outside_high_sensitivity:1,2
g3|r1|3|t3|u0|v2|False|True|True|True|True,3,outside_small_selector:2;small_ratio_outside_high_sensitivity:1,2
g3|r1|3|t3|u1|v0|False|True|True|True|False,3,outside_small_selector:2;small_ratio_outside_high_sensitivity:1,2
g3|r1|3|t3|u1|v1|False|True|True|True|False,3,outside_small_selector:2;small_ratio_outside_high_sensitivity:1,2
g3|r1|3|t3|u1|v2|False|True|True|True|False,3,outside_small_selector:2;small_ratio_outside_high_sensitivity:1,2
g3|r1|3|t3|u2|v0|False|True|True|True|False,3,outside_small_selector:2;small_ratio_outside_high_sensitivity:1,2
g3|r1|3|t3|u2|v1|False|True|True|True|False,3,outside_small_selector:2;small_ratio_outside_high_sensitivity:1,2
g3|r1|3|t3|u2|v2|False|True|True|True|False,3,outside_small_selector:2;small_ratio_outside_high_sensitivity:1,2
g3|r1|4|t0|u0|v0|False|True|False|True|True,3,outside_small_selector:2;small_ratio_outside_high_sensitivity:1,2
g3|r1|4|t0|u0|v1|False|True|False|True|True,3,outside_small_selector:2;small_ratio_outside_high_sensitivity:1,2
g3|r1|4|t0|u0|v2|False|True|False|True|True,3,outside_small_selector:2;small_ratio_outside_high_sensitivity:1,2
g3|r1|4|t0|u1|v0|False|True|False|True|False,3,outside_small_selector:2;small_ratio_outside_high_sensitivity:1,2
g3|r1|4|t0|u1|v1|False|True|False|True|False,3,outside_small_selector:2;small_ratio_outside_high_sensitivity:1,2
g3|r1|4|t0|u1|v2|False|True|False|True|False,3,outside_small_selector:2;small_ratio_outside_high_sensitivity:1,2
g3|r1|4|t0|u2|v0|False|True|False|True|False,3,outside_small_selector:2;small_ratio_outside_high_sensitivity:1,2
g3|r1|4|t0|u2|v1|False|True|False|True|False,3,outside_small_selector:2;small_ratio_outside_high_sensitivity:1,2
g3|r1|4|t0|u2|v2|False|True|False|True|False,3,outside_small_selector:2;small_ratio_outside_high_sensitivity:1,2
g3|r1|4|t1|u0|v0|False|True|False|False|True,3,outside_small_selector:2;small_ratio_outside_high_sensitivity:1,2
g3|r1|4|t1|u0|v1|False|True|False|False|True,3,outside_small_selector:2;small_ratio_outside_high_sensitivity:1,2
g3|r1|4|t1|u0|v2|False|True|False|False|True,3,outside_small_selector:2;small_ratio_outside_high_sensitivity:1,2
g3|r1|4|t1|u1|v0|False|True|False|False|False,3,outside_small_selector:2;small_ratio_outside_high_sensitivity:1,2
g3|r1|4|t1|u1|v1|False|True|False|False|False,3,outside_small_selector:2;small_ratio_outside_high_sensitivity:1,2
g3|r1|4|t1|u1|v2|False|True|False|False|False,3,outside_small_selector:2;small_ratio_outside_high_sensitivity:1,2
g3|r1|4|t1|u2|v0|False|True|False|False|False,3,outside_small_selector:2;small_ratio_outside_high_sensitivity:1,2
g3|r1|4|t1|u2|v1|False|True|False|False|False,3,outside_small_selector:2;small_ratio_outside_high_sensitivity:1,2
g3|r1|4|t1|u2|v2|False|True|False|False|False,3,outside_small_selector:2;small_ratio_outside_high_sensitivity:1,2
g3|r1|4|t2|u0|v0|False|True|False|False|False,3,outside_small_selector:2;small_ratio_outside_high_sensitivity:1,2
g3|r1|4|t2|u0|v1|False|True|False|False|False,3,outside_small_selector:2;small_ratio_outside_high_sensitivity:1,2
g3|r1|4|t2|u0|v2|False|True|False|False|False,3,outside_small_selector:2;small_ratio_outside_high_sensitivity:1,2
g3|r1|4|t2|u1|v0|False|True|False|False|False,3,outside_small_selector:2;small_ratio_outside_high_sensitivity:1,2
g3|r1|4|t2|u1|v1|False|True|False|False|False,3,outside_small_selector:2;small_ratio_outside_high_sensitivity:1,2
g3|r1|4|t2|u1|v2|False|True|False|False|False,3,outside_small_selector:2;small_ratio_outside_high_sensitivity:1,2
g3|r1|4|t2|u2|v0|False|True|False|False|False,3,outside_small_selector:2;small_ratio_outside_high_sensitivity:1,2
g3|r1|4|t2|u2|v1|False|True|False|False|False,3,outside_small_selector:2;small_ratio_outside_high_sensitivity:1,2
g3|r1|4|t2|u2|v2|False|True|False|False|False,3,outside_small_selector:2;small_ratio_outside_high_sensitivity:1,2
g3|r1|4|t3|u0|v0|False|True|False|True|True,3,outside_small_selector:2;small_ratio_outside_high_sensitivity:1,2
g3|r1|4|t3|u0|v1|False|True|False|True|True,3,outside_small_selector:2;small_ratio_outside_high_sensitivity:1,2
g3|r1|4|t3|u0|v2|False|True|False|True|True,3,outside_small_selector:2;small_ratio_outside_high_sensitivity:1,2
g3|r1|4|t3|u1|v0|False|True|False|True|False,3,outside_small_selector:2;small_ratio_outside_high_sensitivity:1,2
g3|r1|4|t3|u1|v1|False|True|False|True|False,3,outside_small_selector:2;small_ratio_outside_high_sensitivity:1,2
g3|r1|4|t3|u1|v2|False|True|False|True|False,3,outside_small_selector:2;small_ratio_outside_high_sensitivity:1,2
g3|r1|4|t3|u2|v0|False|True|False|True|False,3,outside_small_selector:2;small_ratio_outside_high_sensitivity:1,2
g3|r1|4|t3|u2|v1|False|True|False|True|False,3,outside_small_selector:2;small_ratio_outside_high_sensitivity:1,2
g3|r1|4|t3|u2|v2|False|True|False|True|False,3,outside_small_selector:2;small_ratio_outside_high_sensitivity:1,2
g3|r1|5|t0|u0|v0|False|True|True|True|True,3,outside_small_selector:2;small_ratio_outside_high_sensitivity:1,2
g3|r1|5|t0|u0|v1|False|True|True|True|True,3,outside_small_selector:2;small_ratio_outside_high_sensitivity:1,2
g3|r1|5|t0|u0|v2|False|True|True|True|True,3,outside_small_selector:2;small_ratio_outside_high_sensitivity:1,2
g3|r1|5|t0|u1|v0|False|True|True|True|False,3,outside_small_selector:2;small_ratio_outside_high_sensitivity:1,2
g3|r1|5|t0|u1|v1|False|True|True|True|False,3,outside_small_selector:2;small_ratio_outside_high_sensitivity:1,2
g3|r1|5|t0|u1|v2|False|True|True|True|False,3,outside_small_selector:2;small_ratio_outside_high_sensitivity:1,2
g3|r1|5|t0|u2|v0|False|True|True|True|False,3,outside_small_selector:2;small_ratio_outside_high_sensitivity:1,2
g3|r1|5|t0|u2|v1|False|True|True|True|False,3,outside_small_selector:2;small_ratio_outside_high_sensitivity:1,2
g3|r1|5|t0|u2|v2|False|True|True|True|False,3,outside_small_selector:2;small_ratio_outside_high_sensitivity:1,2
g3|r1|5|t1|u0|v0|False|True|True|False|True,3,outside_small_selector:2;small_ratio_outside_high_sensitivity:1,2
g3|r1|5|t1|u0|v1|False|True|True|False|True,3,outside_small_selector:2;small_ratio_outside_high_sensitivity:1,2
g3|r1|5|t1|u0|v2|False|True|True|False|True,3,outside_small_selector:2;small_ratio_outside_high_sensitivity:1,2
g3|r1|5|t1|u1|v0|False|True|True|False|False,3,outside_small_selector:2;small_ratio_outside_high_sensitivity:1,2
g3|r1|5|t1|u1|v1|False|True|True|False|False,3,outside_small_selector:2;small_ratio_outside_high_sensitivity:1,2
g3|r1|5|t1|u1|v2|False|True|True|False|False,3,outside_small_selector:2;small_ratio_outside_high_sensitivity:1,2
g3|r1|5|t1|u2|v0|False|True|True|False|False,3,outside_small_selector:2;small_ratio_outside_high_sensitivity:1,2
g3|r1|5|t1|u2|v1|False|True|True|False|False,3,outside_small_selector:2;small_ratio_outside_high_sensitivity:1,2
g3|r1|5|t1|u2|v2|False|True|True|False|False,3,outside_small_selector:2;small_ratio_outside_high_sensitivity:1,2
g3|r1|5|t2|u0|v0|False|True|True|False|False,3,outside_small_selector:2;small_ratio_outside_high_sensitivity:1,2
g3|r1|5|t2|u0|v1|False|True|True|False|False,3,outside_small_selector:2;small_ratio_outside_high_sensitivity:1,2
g3|r1|5|t2|u0|v2|False|True|True|False|False,3,outside_small_selector:2;small_ratio_outside_high_sensitivity:1,2
g3|r1|5|t2|u1|v0|False|True|True|False|False,3,outside_small_selector:2;small_ratio_outside_high_sensitivity:1,2
g3|r1|5|t2|u1|v1|False|True|True|False|False,3,outside_small_selector:2;small_ratio_outside_high_sensitivity:1,2
g3|r1|5|t2|u1|v2|False|True|True|False|False,3,outside_small_selector:2;small_ratio_outside_high_sensitivity:1,2
g3|r1|5|t2|u2|v0|False|True|True|False|False,3,outside_small_selector:2;small_ratio_outside_high_sensitivity:1,2
g3|r1|5|t2|u2|v1|False|True|True|False|False,3,outside_small_selector:2;small_ratio_outside_high_sensitivity:1,2
g3|r1|5|t2|u2|v2|False|True|True|False|False,3,outside_small_selector:2;small_ratio_outside_high_sensitivity:1,2
g3|r1|5|t3|u0|v0|False|True|True|True|True,3,outside_small_selector:2;small_ratio_outside_high_sensitivity:1,2
g3|r1|5|t3|u0|v1|False|True|True|True|True,3,outside_small_selector:2;small_ratio_outside_high_sensitivity:1,2
g3|r1|5|t3|u0|v2|False|True|True|True|True,3,outside_small_selector:2;small_ratio_outside_high_sensitivity:1,2
g3|r1|5|t3|u1|v0|False|True|True|True|False,3,outside_small_selector:2;small_ratio_outside_high_sensitivity:1,2
g3|r1|5|t3|u1|v1|False|True|True|True|False,3,outside_small_selector:2;small_ratio_outside_high_sensitivity:1,2
g3|r1|5|t3|u1|v2|False|True|True|True|False,3,outside_small_selector:2;small_ratio_outside_high_sensitivity:1,2
g3|r1|5|t3|u2|v0|False|True|True|True|False,3,outside_small_selector:2;small_ratio_outside_high_sensitivity:1,2
g3|r1|5|t3|u2|v1|False|True|True|True|False,3,outside_small_selector:2;small_ratio_outside_high_sensitivity:1,2
g3|r1|5|t3|u2|v2|False|True|True|True|False,3,outside_small_selector:2;small_ratio_outside_high_sensitivity:1,2
g3|r2|1|t0|u0|v0|False|True|True|False|True,3,outside_small_selector:2;small_ratio_outside_high_sensitivity:1,2
g3|r2|1|t0|u0|v1|False|True|True|False|True,3,outside_small_selector:2;small_ratio_outside_high_sensitivity:1,2
g3|r2|1|t0|u0|v2|False|True|True|False|True,3,outside_small_selector:2;small_ratio_outside_high_sensitivity:1,2
g3|r2|1|t0|u1|v0|False|True|True|False|False,3,outside_small_selector:2;small_ratio_outside_high_sensitivity:1,2
g3|r2|1|t0|u1|v1|False|True|True|False|False,3,outside_small_selector:2;small_ratio_outside_high_sensitivity:1,2
g3|r2|1|t0|u1|v2|False|True|True|False|False,3,outside_small_selector:2;small_ratio_outside_high_sensitivity:1,2
g3|r2|1|t0|u2|v0|False|True|True|False|False,3,outside_small_selector:2;small_ratio_outside_high_sensitivity:1,2
g3|r2|1|t0|u2|v1|False|True|True|False|False,3,outside_small_selector:2;small_ratio_outside_high_sensitivity:1,2
g3|r2|1|t0|u2|v2|False|True|True|False|False,3,outside_small_selector:2;small_ratio_outside_high_sensitivity:1,2
g3|r2|1|t1|u0|v0|False|True|True|False|True,3,outside_small_selector:2;small_ratio_outside_high_sensitivity:1,2
g3|r2|1|t1|u0|v1|False|True|True|False|True,3,outside_small_selector:2;small_ratio_outside_high_sensitivity:1,2
g3|r2|1|t1|u0|v2|False|True|True|False|True,3,outside_small_selector:2;small_ratio_outside_high_sensitivity:1,2
g3|r2|1|t1|u1|v0|False|True|True|False|False,3,outside_small_selector:2;small_ratio_outside_high_sensitivity:1,2
g3|r2|1|t1|u1|v1|False|True|True|False|False,3,outside_small_selector:2;small_ratio_outside_high_sensitivity:1,2
g3|r2|1|t1|u1|v2|False|True|True|False|False,3,outside_small_selector:2;small_ratio_outside_high_sensitivity:1,2
g3|r2|1|t1|u2|v0|False|True|True|False|False,3,outside_small_selector:2;small_ratio_outside_high_sensitivity:1,2
g3|r2|1|t1|u2|v1|False|True|True|False|False,3,outside_small_selector:2;small_ratio_outside_high_sensitivity:1,2
g3|r2|1|t1|u2|v2|False|True|True|False|False,3,outside_small_selector:2;small_ratio_outside_high_sensitivity:1,2
g3|r2|1|t2|u0|v0|False|True|True|True|False,3,outside_small_selector:2;small_ratio_outside_high_sensitivity:1,2
g3|r2|1|t2|u0|v1|False|True|True|True|False,3,outside_small_selector:2;small_ratio_outside_high_sensitivity:1,2
g3|r2|1|t2|u0|v2|False|True|True|True|False,3,outside_small_selector:2;small_ratio_outside_high_sensitivity:1,2
g3|r2|1|t2|u1|v0|False|True|True|True|False,3,outside_small_selector:2;small_ratio_outside_high_sensitivity:1,2
g3|r2|1|t2|u1|v1|False|True|True|True|False,3,outside_small_selector:2;small_ratio_outside_high_sensitivity:1,2
g3|r2|1|t2|u1|v2|False|True|True|True|False,3,outside_small_selector:2;small_ratio_outside_high_sensitivity:1,2
g3|r2|1|t2|u2|v0|False|True|True|True|False,3,outside_small_selector:2;small_ratio_outside_high_sensitivity:1,2
g3|r2|1|t2|u2|v1|False|True|True|True|False,3,outside_small_selector:2;small_ratio_outside_high_sensitivity:1,2
g3|r2|1|t2|u2|v2|False|True|True|True|False,3,outside_small_selector:2;small_ratio_outside_high_sensitivity:1,2
g3|r2|1|t3|u0|v0|False|True|True|True|True,3,outside_small_selector:2;small_ratio_outside_high_sensitivity:1,2
g3|r2|1|t3|u0|v1|False|True|True|True|True,3,outside_small_selector:2;small_ratio_outside_high_sensitivity:1,2
g3|r2|1|t3|u0|v2|False|True|True|True|True,3,outside_small_selector:2;small_ratio_outside_high_sensitivity:1,2
g3|r2|1|t3|u1|v0|False|True|True|True|False,3,outside_small_selector:2;small_ratio_outside_high_sensitivity:1,2
g3|r2|1|t3|u1|v1|False|True|True|True|False,3,outside_small_selector:2;small_ratio_outside_high_sensitivity:1,2
g3|r2|1|t3|u1|v2|False|True|True|True|False,3,outside_small_selector:2;small_ratio_outside_high_sensitivity:1,2
g3|r2|1|t3|u2|v0|False|True|True|True|False,3,outside_small_selector:2;small_ratio_outside_high_sensitivity:1,2
g3|r2|1|t3|u2|v1|False|True|True|True|False,3,outside_small_selector:2;small_ratio_outside_high_sensitivity:1,2
g3|r2|1|t3|u2|v2|False|True|True|True|False,3,outside_small_selector:2;small_ratio_outside_high_sensitivity:1,2
g3|r2|2|t0|u0|v0|False|True|False|False|True,3,outside_small_selector:2;small_ratio_outside_high_sensitivity:1,2
g3|r2|2|t0|u0|v1|False|True|False|False|True,3,outside_small_selector:2;small_ratio_outside_high_sensitivity:1,2
g3|r2|2|t0|u0|v2|False|True|False|False|True,3,outside_small_selector:2;small_ratio_outside_high_sensitivity:1,2
g3|r2|2|t0|u1|v0|False|True|False|False|False,3,outside_small_selector:2;small_ratio_outside_high_sensitivity:1,2
g3|r2|2|t0|u1|v1|False|True|False|False|False,3,outside_small_selector:2;small_ratio_outside_high_sensitivity:1,2
g3|r2|2|t0|u1|v2|False|True|False|False|False,3,outside_small_selector:2;small_ratio_outside_high_sensitivity:1,2
g3|r2|2|t0|u2|v0|False|True|False|False|False,3,outside_small_selector:2;small_ratio_outside_high_sensitivity:1,2
g3|r2|2|t0|u2|v1|False|True|False|False|False,3,outside_small_selector:2;small_ratio_outside_high_sensitivity:1,2
g3|r2|2|t0|u2|v2|False|True|False|False|False,3,outside_small_selector:2;small_ratio_outside_high_sensitivity:1,2
g3|r2|2|t1|u0|v0|False|True|False|False|True,3,outside_small_selector:2;small_ratio_outside_high_sensitivity:1,2
g3|r2|2|t1|u0|v1|False|True|False|False|True,3,outside_small_selector:2;small_ratio_outside_high_sensitivity:1,2
g3|r2|2|t1|u0|v2|False|True|False|False|True,3,outside_small_selector:2;small_ratio_outside_high_sensitivity:1,2
g3|r2|2|t1|u1|v0|False|True|False|False|False,3,outside_small_selector:2;small_ratio_outside_high_sensitivity:1,2
g3|r2|2|t1|u1|v1|False|True|False|False|False,3,outside_small_selector:2;small_ratio_outside_high_sensitivity:1,2
g3|r2|2|t1|u1|v2|False|True|False|False|False,3,outside_small_selector:2;small_ratio_outside_high_sensitivity:1,2
g3|r2|2|t1|u2|v0|False|True|False|False|False,3,outside_small_selector:2;small_ratio_outside_high_sensitivity:1,2
g3|r2|2|t1|u2|v1|False|True|False|False|False,3,outside_small_selector:2;small_ratio_outside_high_sensitivity:1,2
g3|r2|2|t1|u2|v2|False|True|False|False|False,3,outside_small_selector:2;small_ratio_outside_high_sensitivity:1,2
g3|r2|2|t2|u0|v0|False|True|False|True|False,3,outside_small_selector:2;small_ratio_outside_high_sensitivity:1,2
g3|r2|2|t2|u0|v1|False|True|False|True|False,3,outside_small_selector:2;small_ratio_outside_high_sensitivity:1,2
g3|r2|2|t2|u0|v2|False|True|False|True|False,3,outside_small_selector:2;small_ratio_outside_high_sensitivity:1,2
g3|r2|2|t2|u1|v0|False|True|False|True|False,3,outside_small_selector:2;small_ratio_outside_high_sensitivity:1,2
g3|r2|2|t2|u1|v1|False|True|False|True|False,3,outside_small_selector:2;small_ratio_outside_high_sensitivity:1,2
g3|r2|2|t2|u1|v2|False|True|False|True|False,3,outside_small_selector:2;small_ratio_outside_high_sensitivity:1,2
g3|r2|2|t2|u2|v0|False|True|False|True|False,3,outside_small_selector:2;small_ratio_outside_high_sensitivity:1,2
g3|r2|2|t2|u2|v1|False|True|False|True|False,3,outside_small_selector:2;small_ratio_outside_high_sensitivity:1,2
g3|r2|2|t2|u2|v2|False|True|False|True|False,3,outside_small_selector:2;small_ratio_outside_high_sensitivity:1,2
g3|r2|2|t3|u0|v0|False|True|False|True|True,3,outside_small_selector:2;small_ratio_outside_high_sensitivity:1,2
g3|r2|2|t3|u0|v1|False|True|False|True|True,3,outside_small_selector:2;small_ratio_outside_high_sensitivity:1,2
g3|r2|2|t3|u0|v2|False|True|False|True|True,3,outside_small_selector:2;small_ratio_outside_high_sensitivity:1,2
g3|r2|2|t3|u1|v0|False|True|False|True|False,3,outside_small_selector:2;small_ratio_outside_high_sensitivity:1,2
g3|r2|2|t3|u1|v1|False|True|False|True|False,3,outside_small_selector:2;small_ratio_outside_high_sensitivity:1,2
g3|r2|2|t3|u1|v2|False|True|False|True|False,3,outside_small_selector:2;small_ratio_outside_high_sensitivity:1,2
g3|r2|2|t3|u2|v0|False|True|False|True|False,3,outside_small_selector:2;small_ratio_outside_high_sensitivity:1,2
g3|r2|2|t3|u2|v1|False|True|False|True|False,3,outside_small_selector:2;small_ratio_outside_high_sensitivity:1,2
g3|r2|2|t3|u2|v2|False|True|False|True|False,3,outside_small_selector:2;small_ratio_outside_high_sensitivity:1,2
g3|r2|3|t0|u0|v0|False|True|True|False|True,3,outside_small_selector:2;small_ratio_outside_high_sensitivity:1,2
g3|r2|3|t0|u0|v1|False|True|True|False|True,3,outside_small_selector:2;small_ratio_outside_high_sensitivity:1,2
g3|r2|3|t0|u0|v2|False|True|True|False|True,3,outside_small_selector:2;small_ratio_outside_high_sensitivity:1,2
g3|r2|3|t0|u1|v0|False|True|True|False|False,3,outside_small_selector:2;small_ratio_outside_high_sensitivity:1,2
g3|r2|3|t0|u1|v1|False|True|True|False|False,3,outside_small_selector:2;small_ratio_outside_high_sensitivity:1,2
g3|r2|3|t0|u1|v2|False|True|True|False|False,3,outside_small_selector:2;small_ratio_outside_high_sensitivity:1,2
g3|r2|3|t0|u2|v0|False|True|True|False|False,3,outside_small_selector:2;small_ratio_outside_high_sensitivity:1,2
g3|r2|3|t0|u2|v1|False|True|True|False|False,3,outside_small_selector:2;small_ratio_outside_high_sensitivity:1,2
g3|r2|3|t0|u2|v2|False|True|True|False|False,3,outside_small_selector:2;small_ratio_outside_high_sensitivity:1,2
g3|r2|3|t1|u0|v0|False|True|True|False|True,3,outside_small_selector:2;small_ratio_outside_high_sensitivity:1,2
g3|r2|3|t1|u0|v1|False|True|True|False|True,3,outside_small_selector:2;small_ratio_outside_high_sensitivity:1,2
g3|r2|3|t1|u0|v2|False|True|True|False|True,3,outside_small_selector:2;small_ratio_outside_high_sensitivity:1,2
g3|r2|3|t1|u1|v0|False|True|True|False|False,3,outside_small_selector:2;small_ratio_outside_high_sensitivity:1,2
g3|r2|3|t1|u1|v1|False|True|True|False|False,3,outside_small_selector:2;small_ratio_outside_high_sensitivity:1,2
g3|r2|3|t1|u1|v2|False|True|True|False|False,3,outside_small_selector:2;small_ratio_outside_high_sensitivity:1,2
g3|r2|3|t1|u2|v0|False|True|True|False|False,3,outside_small_selector:2;small_ratio_outside_high_sensitivity:1,2
g3|r2|3|t1|u2|v1|False|True|True|False|False,3,outside_small_selector:2;small_ratio_outside_high_sensitivity:1,2
g3|r2|3|t1|u2|v2|False|True|True|False|False,3,outside_small_selector:2;small_ratio_outside_high_sensitivity:1,2
g3|r2|3|t2|u0|v0|False|True|True|True|False,3,outside_small_selector:2;small_ratio_outside_high_sensitivity:1,2
g3|r2|3|t2|u0|v1|False|True|True|True|False,3,outside_small_selector:2;small_ratio_outside_high_sensitivity:1,2
g3|r2|3|t2|u0|v2|False|True|True|True|False,3,outside_small_selector:2;small_ratio_outside_high_sensitivity:1,2
g3|r2|3|t2|u1|v0|False|True|True|True|False,3,outside_small_selector:2;small_ratio_outside_high_sensitivity:1,2
g3|r2|3|t2|u1|v1|False|True|True|True|False,3,outside_small_selector:2;small_ratio_outside_high_sensitivity:1,2
g3|r2|3|t2|u1|v2|False|True|True|True|False,3,outside_small_selector:2;small_ratio_outside_high_sensitivity:1,2
g3|r2|3|t2|u2|v0|False|True|True|True|False,3,outside_small_selector:2;small_ratio_outside_high_sensitivity:1,2
g3|r2|3|t2|u2|v1|False|True|True|True|False,3,outside_small_selector:2;small_ratio_outside_high_sensitivity:1,2
g3|r2|3|t2|u2|v2|False|True|True|True|False,3,outside_small_selector:2;small_ratio_outside_high_sensitivity:1,2
g3|r2|3|t3|u0|v0|False|True|True|True|True,3,outside_small_selector:2;small_ratio_outside_high_sensitivity:1,2
g3|r2|3|t3|u0|v1|False|True|True|True|True,3,outside_small_selector:2;small_ratio_outside_high_sensitivity:1,2
g3|r2|3|t3|u0|v2|False|True|True|True|True,3,outside_small_selector:2;small_ratio_outside_high_sensitivity:1,2
g3|r2|3|t3|u1|v0|False|True|True|True|False,3,outside_small_selector:2;small_ratio_outside_high_sensitivity:1,2
g3|r2|3|t3|u1|v1|False|True|True|True|False,3,outside_small_selector:2;small_ratio_outside_high_sensitivity:1,2
g3|r2|3|t3|u1|v2|False|True|True|True|False,3,outside_small_selector:2;small_ratio_outside_high_sensitivity:1,2
g3|r2|3|t3|u2|v0|False|True|True|True|False,3,outside_small_selector:2;small_ratio_outside_high_sensitivity:1,2
g3|r2|3|t3|u2|v1|False|True|True|True|False,3,outside_small_selector:2;small_ratio_outside_high_sensitivity:1,2
g3|r2|3|t3|u2|v2|False|True|True|True|False,3,outside_small_selector:2;small_ratio_outside_high_sensitivity:1,2
g3|r2|4|t0|u0|v0|False|True|False|False|True,3,outside_small_selector:2;small_ratio_outside_high_sensitivity:1,2
g3|r2|4|t0|u0|v1|False|True|False|False|True,3,outside_small_selector:2;small_ratio_outside_high_sensitivity:1,2
g3|r2|4|t0|u0|v2|False|True|False|False|True,3,outside_small_selector:2;small_ratio_outside_high_sensitivity:1,2
g3|r2|4|t0|u1|v0|False|True|False|False|False,3,outside_small_selector:2;small_ratio_outside_high_sensitivity:1,2
g3|r2|4|t0|u1|v1|False|True|False|False|False,3,outside_small_selector:2;small_ratio_outside_high_sensitivity:1,2
g3|r2|4|t0|u1|v2|False|True|False|False|False,3,outside_small_selector:2;small_ratio_outside_high_sensitivity:1,2
g3|r2|4|t0|u2|v0|False|True|False|False|False,3,outside_small_selector:2;small_ratio_outside_high_sensitivity:1,2
g3|r2|4|t0|u2|v1|False|True|False|False|False,3,outside_small_selector:2;small_ratio_outside_high_sensitivity:1,2
g3|r2|4|t0|u2|v2|False|True|False|False|False,3,outside_small_selector:2;small_ratio_outside_high_sensitivity:1,2
g3|r2|4|t1|u0|v0|False|True|False|False|True,3,outside_small_selector:2;small_ratio_outside_high_sensitivity:1,2
g3|r2|4|t1|u0|v1|False|True|False|False|True,3,outside_small_selector:2;small_ratio_outside_high_sensitivity:1,2
g3|r2|4|t1|u0|v2|False|True|False|False|True,3,outside_small_selector:2;small_ratio_outside_high_sensitivity:1,2
g3|r2|4|t1|u1|v0|False|True|False|False|False,3,outside_small_selector:2;small_ratio_outside_high_sensitivity:1,2
g3|r2|4|t1|u1|v1|False|True|False|False|False,3,outside_small_selector:2;small_ratio_outside_high_sensitivity:1,2
g3|r2|4|t1|u1|v2|False|True|False|False|False,3,outside_small_selector:2;small_ratio_outside_high_sensitivity:1,2
g3|r2|4|t1|u2|v0|False|True|False|False|False,3,outside_small_selector:2;small_ratio_outside_high_sensitivity:1,2
g3|r2|4|t1|u2|v1|False|True|False|False|False,3,outside_small_selector:2;small_ratio_outside_high_sensitivity:1,2
g3|r2|4|t1|u2|v2|False|True|False|False|False,3,outside_small_selector:2;small_ratio_outside_high_sensitivity:1,2
g3|r2|4|t2|u0|v0|False|True|False|True|False,3,outside_small_selector:2;small_ratio_outside_high_sensitivity:1,2
g3|r2|4|t2|u0|v1|False|True|False|True|False,3,outside_small_selector:2;small_ratio_outside_high_sensitivity:1,2
g3|r2|4|t2|u0|v2|False|True|False|True|False,3,outside_small_selector:2;small_ratio_outside_high_sensitivity:1,2
g3|r2|4|t2|u1|v0|False|True|False|True|False,3,outside_small_selector:2;small_ratio_outside_high_sensitivity:1,2
g3|r2|4|t2|u1|v1|False|True|False|True|False,3,outside_small_selector:2;small_ratio_outside_high_sensitivity:1,2
g3|r2|4|t2|u1|v2|False|True|False|True|False,3,outside_small_selector:2;small_ratio_outside_high_sensitivity:1,2
g3|r2|4|t2|u2|v0|False|True|False|True|False,3,outside_small_selector:2;small_ratio_outside_high_sensitivity:1,2
g3|r2|4|t2|u2|v1|False|True|False|True|False,3,outside_small_selector:2;small_ratio_outside_high_sensitivity:1,2
g3|r2|4|t2|u2|v2|False|True|False|True|False,3,outside_small_selector:2;small_ratio_outside_high_sensitivity:1,2
g3|r2|4|t3|u0|v0|False|True|False|True|True,3,outside_small_selector:2;small_ratio_outside_high_sensitivity:1,2
g3|r2|4|t3|u0|v1|False|True|False|True|True,3,outside_small_selector:2;small_ratio_outside_high_sensitivity:1,2
g3|r2|4|t3|u0|v2|False|True|False|True|True,3,outside_small_selector:2;small_ratio_outside_high_sensitivity:1,2
g3|r2|4|t3|u1|v0|False|True|False|True|False,3,outside_small_selector:2;small_ratio_outside_high_sensitivity:1,2
g3|r2|4|t3|u1|v1|False|True|False|True|False,3,outside_small_selector:2;small_ratio_outside_high_sensitivity:1,2
g3|r2|4|t3|u1|v2|False|True|False|True|False,3,outside_small_selector:2;small_ratio_outside_high_sensitivity:1,2
g3|r2|4|t3|u2|v0|False|True|False|True|False,3,outside_small_selector:2;small_ratio_outside_high_sensitivity:1,2
g3|r2|4|t3|u2|v1|False|True|False|True|False,3,outside_small_selector:2;small_ratio_outside_high_sensitivity:1,2
g3|r2|4|t3|u2|v2|False|True|False|True|False,3,outside_small_selector:2;small_ratio_outside_high_sensitivity:1,2
g3|r2|5|t0|u0|v0|False|True|True|False|True,3,outside_small_selector:2;small_ratio_outside_high_sensitivity:1,2
g3|r2|5|t0|u0|v1|False|True|True|False|True,3,outside_small_selector:2;small_ratio_outside_high_sensitivity:1,2
g3|r2|5|t0|u0|v2|False|True|True|False|True,3,outside_small_selector:2;small_ratio_outside_high_sensitivity:1,2
g3|r2|5|t0|u1|v0|False|True|True|False|False,3,outside_small_selector:2;small_ratio_outside_high_sensitivity:1,2
g3|r2|5|t0|u1|v1|False|True|True|False|False,3,outside_small_selector:2;small_ratio_outside_high_sensitivity:1,2
g3|r2|5|t0|u1|v2|False|True|True|False|False,3,outside_small_selector:2;small_ratio_outside_high_sensitivity:1,2
g3|r2|5|t0|u2|v0|False|True|True|False|False,3,outside_small_selector:2;small_ratio_outside_high_sensitivity:1,2
g3|r2|5|t0|u2|v1|False|True|True|False|False,3,outside_small_selector:2;small_ratio_outside_high_sensitivity:1,2
g3|r2|5|t0|u2|v2|False|True|True|False|False,3,outside_small_selector:2;small_ratio_outside_high_sensitivity:1,2
g3|r2|5|t1|u0|v0|False|True|True|False|True,3,outside_small_selector:2;small_ratio_outside_high_sensitivity:1,2
g3|r2|5|t1|u0|v1|False|True|True|False|True,3,outside_small_selector:2;small_ratio_outside_high_sensitivity:1,2
g3|r2|5|t1|u0|v2|False|True|True|False|True,3,outside_small_selector:2;small_ratio_outside_high_sensitivity:1,2
g3|r2|5|t1|u1|v0|False|True|True|False|False,3,outside_small_selector:2;small_ratio_outside_high_sensitivity:1,2
g3|r2|5|t1|u1|v1|False|True|True|False|False,3,outside_small_selector:2;small_ratio_outside_high_sensitivity:1,2
g3|r2|5|t1|u1|v2|False|True|True|False|False,3,outside_small_selector:2;small_ratio_outside_high_sensitivity:1,2
g3|r2|5|t1|u2|v0|False|True|True|False|False,3,outside_small_selector:2;small_ratio_outside_high_sensitivity:1,2
g3|r2|5|t1|u2|v1|False|True|True|False|False,3,outside_small_selector:2;small_ratio_outside_high_sensitivity:1,2
g3|r2|5|t1|u2|v2|False|True|True|False|False,3,outside_small_selector:2;small_ratio_outside_high_sensitivity:1,2
g3|r2|5|t2|u0|v0|False|True|True|False|False,3,outside_small_selector:2;small_ratio_outside_high_sensitivity:1,2
g3|r2|5|t2|u0|v1|False|True|True|False|False,3,outside_small_selector:2;small_ratio_outside_high_sensitivity:1,2
g3|r2|5|t2|u0|v2|False|True|True|False|False,3,outside_small_selector:2;small_ratio_outside_high_sensitivity:1,2
g3|r2|5|t2|u1|v0|False|True|True|False|False,3,outside_small_selector:2;small_ratio_outside_high_sensitivity:1,2
g3|r2|5|t2|u1|v1|False|True|True|False|False,3,outside_small_selector:2;small_ratio_outside_high_sensitivity:1,2
g3|r2|5|t2|u1|v2|False|True|True|False|False,3,outside_small_selector:2;small_ratio_outside_high_sensitivity:1,2
g3|r2|5|t2|u2|v0|False|True|True|False|False,3,outside_small_selector:2;small_ratio_outside_high_sensitivity:1,2
g3|r2|5|t2|u2|v1|False|True|True|False|False,3,outside_small_selector:2;small_ratio_outside_high_sensitivity:1,2
g3|r2|5|t2|u2|v2|False|True|True|False|False,3,outside_small_selector:2;small_ratio_outside_high_sensitivity:1,2
g3|r2|5|t3|u0|v0|False|True|True|True|True,3,outside_small_selector:2;small_ratio_outside_high_sensitivity:1,2
g3|r2|5|t3|u0|v1|False|True|True|True|True,3,outside_small_selector:2;small_ratio_outside_high_sensitivity:1,2
g3|r2|5|t3|u0|v2|False|True|True|True|True,3,outside_small_selector:2;small_ratio_outside_high_sensitivity:1,2
g3|r2|5|t3|u1|v0|False|True|True|True|False,3,outside_small_selector:2;small_ratio_outside_high_sensitivity:1,2
g3|r2|5|t3|u1|v1|False|True|True|True|False,3,outside_small_selector:2;small_ratio_outside_high_sensitivity:1,2
g3|r2|5|t3|u1|v2|False|True|True|True|False,3,outside_small_selector:2;small_ratio_outside_high_sensitivity:1,2
g3|r2|5|t3|u2|v0|False|True|True|True|False,3,outside_small_selector:2;small_ratio_outside_high_sensitivity:1,2
g3|r2|5|t3|u2|v1|False|True|True|True|False,3,outside_small_selector:2;small_ratio_outside_high_sensitivity:1,2
g3|r2|5|t3|u2|v2|False|True|True|True|False,3,outside_small_selector:2;small_ratio_outside_high_sensitivity:1,2
g3|r3|1|t0|u0|v0|True|True|True|True|True,3,outside_small_selector:2;small_ratio_outside_high_sensitivity:1,2
g3|r3|1|t0|u0|v1|True|True|True|True|True,3,outside_small_selector:2;small_ratio_outside_high_sensitivity:1,2
g3|r3|1|t0|u0|v2|True|True|True|True|True,3,outside_small_selector:2;small_ratio_outside_high_sensitivity:1,2
g3|r3|1|t0|u1|v0|True|True|True|True|False,3,outside_small_selector:2;small_ratio_outside_high_sensitivity:1,2
g3|r3|1|t0|u1|v1|True|True|True|True|False,3,outside_small_selector:2;small_ratio_outside_high_sensitivity:1,2
g3|r3|1|t0|u1|v2|True|True|True|True|False,3,outside_small_selector:2;small_ratio_outside_high_sensitivity:1,2
g3|r3|1|t0|u2|v0|True|True|True|True|False,3,outside_small_selector:2;small_ratio_outside_high_sensitivity:1,2
g3|r3|1|t0|u2|v1|True|True|True|True|False,3,outside_small_selector:2;small_ratio_outside_high_sensitivity:1,2
g3|r3|1|t0|u2|v2|True|True|True|True|False,3,outside_small_selector:2;small_ratio_outside_high_sensitivity:1,2
g3|r3|1|t1|u0|v0|True|True|True|True|True,3,outside_small_selector:2;small_ratio_outside_high_sensitivity:1,2
g3|r3|1|t1|u0|v1|True|True|True|True|True,3,outside_small_selector:2;small_ratio_outside_high_sensitivity:1,2
g3|r3|1|t1|u0|v2|True|True|True|True|True,3,outside_small_selector:2;small_ratio_outside_high_sensitivity:1,2
g3|r3|1|t1|u1|v0|True|True|True|True|False,3,outside_small_selector:2;small_ratio_outside_high_sensitivity:1,2
g3|r3|1|t1|u1|v1|True|True|True|True|False,3,outside_small_selector:2;small_ratio_outside_high_sensitivity:1,2
g3|r3|1|t1|u1|v2|True|True|True|True|False,3,outside_small_selector:2;small_ratio_outside_high_sensitivity:1,2
g3|r3|1|t1|u2|v0|True|True|True|True|False,3,outside_small_selector:2;small_ratio_outside_high_sensitivity:1,2
g3|r3|1|t1|u2|v1|True|True|True|True|False,3,outside_small_selector:2;small_ratio_outside_high_sensitivity:1,2
g3|r3|1|t1|u2|v2|True|True|True|True|False,3,outside_small_selector:2;small_ratio_outside_high_sensitivity:1,2
g3|r3|1|t2|u0|v0|True|True|True|True|False,3,outside_small_selector:2;small_ratio_outside_high_sensitivity:1,2
g3|r3|1|t2|u0|v1|True|True|True|True|False,3,outside_small_selector:2;small_ratio_outside_high_sensitivity:1,2
g3|r3|1|t2|u0|v2|True|True|True|True|False,3,outside_small_selector:2;small_ratio_outside_high_sensitivity:1,2
g3|r3|1|t2|u1|v0|True|True|True|True|False,3,outside_small_selector:2;small_ratio_outside_high_sensitivity:1,2
g3|r3|1|t2|u1|v1|True|True|True|True|False,3,outside_small_selector:2;small_ratio_outside_high_sensitivity:1,2
g3|r3|1|t2|u1|v2|True|True|True|True|False,3,outside_small_selector:2;small_ratio_outside_high_sensitivity:1,2
g3|r3|1|t2|u2|v0|True|True|True|True|False,3,outside_small_selector:2;small_ratio_outside_high_sensitivity:1,2
g3|r3|1|t2|u2|v1|True|True|True|True|False,3,outside_small_selector:2;small_ratio_outside_high_sensitivity:1,2
g3|r3|1|t2|u2|v2|True|True|True|True|False,3,outside_small_selector:2;small_ratio_outside_high_sensitivity:1,2
g3|r3|1|t3|u0|v0|True|True|True|True|True,3,outside_small_selector:2;small_ratio_outside_high_sensitivity:1,2
g3|r3|1|t3|u0|v1|True|True|True|True|True,3,outside_small_selector:2;small_ratio_outside_high_sensitivity:1,2
g3|r3|1|t3|u0|v2|True|True|True|True|True,3,outside_small_selector:2;small_ratio_outside_high_sensitivity:1,2
g3|r3|1|t3|u1|v0|True|True|True|True|False,3,outside_small_selector:2;small_ratio_outside_high_sensitivity:1,2
g3|r3|1|t3|u1|v1|True|True|True|True|False,3,outside_small_selector:2;small_ratio_outside_high_sensitivity:1,2
g3|r3|1|t3|u1|v2|True|True|True|True|False,3,outside_small_selector:2;small_ratio_outside_high_sensitivity:1,2
g3|r3|1|t3|u2|v0|True|True|True|True|False,3,outside_small_selector:2;small_ratio_outside_high_sensitivity:1,2
g3|r3|1|t3|u2|v1|True|True|True|True|False,3,outside_small_selector:2;small_ratio_outside_high_sensitivity:1,2
g3|r3|1|t3|u2|v2|True|True|True|True|False,3,outside_small_selector:2;small_ratio_outside_high_sensitivity:1,2
g3|r3|2|t0|u0|v0|True|True|False|True|True,3,outside_small_selector:2;small_ratio_outside_high_sensitivity:1,2
g3|r3|2|t0|u0|v1|True|True|False|True|True,3,outside_small_selector:2;small_ratio_outside_high_sensitivity:1,2
g3|r3|2|t0|u0|v2|True|True|False|True|True,3,outside_small_selector:2;small_ratio_outside_high_sensitivity:1,2
g3|r3|2|t0|u1|v0|True|True|False|True|False,3,outside_small_selector:2;small_ratio_outside_high_sensitivity:1,2
g3|r3|2|t0|u1|v1|True|True|False|True|False,3,outside_small_selector:2;small_ratio_outside_high_sensitivity:1,2
g3|r3|2|t0|u1|v2|True|True|False|True|False,3,outside_small_selector:2;small_ratio_outside_high_sensitivity:1,2
g3|r3|2|t0|u2|v0|True|True|False|True|False,3,outside_small_selector:2;small_ratio_outside_high_sensitivity:1,2
g3|r3|2|t0|u2|v1|True|True|False|True|False,3,outside_small_selector:2;small_ratio_outside_high_sensitivity:1,2
g3|r3|2|t0|u2|v2|True|True|False|True|False,3,outside_small_selector:2;small_ratio_outside_high_sensitivity:1,2
g3|r3|2|t1|u0|v0|True|True|False|True|True,3,outside_small_selector:2;small_ratio_outside_high_sensitivity:1,2
g3|r3|2|t1|u0|v1|True|True|False|True|True,3,outside_small_selector:2;small_ratio_outside_high_sensitivity:1,2
g3|r3|2|t1|u0|v2|True|True|False|True|True,3,outside_small_selector:2;small_ratio_outside_high_sensitivity:1,2
g3|r3|2|t1|u1|v0|True|True|False|True|False,3,outside_small_selector:2;small_ratio_outside_high_sensitivity:1,2
g3|r3|2|t1|u1|v1|True|True|False|True|False,3,outside_small_selector:2;small_ratio_outside_high_sensitivity:1,2
g3|r3|2|t1|u1|v2|True|True|False|True|False,3,outside_small_selector:2;small_ratio_outside_high_sensitivity:1,2
g3|r3|2|t1|u2|v0|True|True|False|True|False,3,outside_small_selector:2;small_ratio_outside_high_sensitivity:1,2
g3|r3|2|t1|u2|v1|True|True|False|True|False,3,outside_small_selector:2;small_ratio_outside_high_sensitivity:1,2
g3|r3|2|t1|u2|v2|True|True|False|True|False,3,outside_small_selector:2;small_ratio_outside_high_sensitivity:1,2
g3|r3|2|t2|u0|v0|True|True|False|True|False,3,outside_small_selector:2;small_ratio_outside_high_sensitivity:1,2
g3|r3|2|t2|u0|v1|True|True|False|True|False,3,outside_small_selector:2;small_ratio_outside_high_sensitivity:1,2
g3|r3|2|t2|u0|v2|True|True|False|True|False,3,outside_small_selector:2;small_ratio_outside_high_sensitivity:1,2
g3|r3|2|t2|u1|v0|True|True|False|True|False,3,outside_small_selector:2;small_ratio_outside_high_sensitivity:1,2
g3|r3|2|t2|u1|v1|True|True|False|True|False,3,outside_small_selector:2;small_ratio_outside_high_sensitivity:1,2
g3|r3|2|t2|u1|v2|True|True|False|True|False,3,outside_small_selector:2;small_ratio_outside_high_sensitivity:1,2
g3|r3|2|t2|u2|v0|True|True|False|True|False,3,outside_small_selector:2;small_ratio_outside_high_sensitivity:1,2
g3|r3|2|t2|u2|v1|True|True|False|True|False,3,outside_small_selector:2;small_ratio_outside_high_sensitivity:1,2
g3|r3|2|t2|u2|v2|True|True|False|True|False,3,outside_small_selector:2;small_ratio_outside_high_sensitivity:1,2
g3|r3|2|t3|u0|v0|True|True|False|True|True,3,outside_small_selector:2;small_ratio_outside_high_sensitivity:1,2
g3|r3|2|t3|u0|v1|True|True|False|True|True,3,outside_small_selector:2;small_ratio_outside_high_sensitivity:1,2
g3|r3|2|t3|u0|v2|True|True|False|True|True,3,outside_small_selector:2;small_ratio_outside_high_sensitivity:1,2
g3|r3|2|t3|u1|v0|True|True|False|True|False,3,outside_small_selector:2;small_ratio_outside_high_sensitivity:1,2
g3|r3|2|t3|u1|v1|True|True|False|True|False,3,outside_small_selector:2;small_ratio_outside_high_sensitivity:1,2
g3|r3|2|t3|u1|v2|True|True|False|True|False,3,outside_small_selector:2;small_ratio_outside_high_sensitivity:1,2
g3|r3|2|t3|u2|v0|True|True|False|True|False,3,outside_small_selector:2;small_ratio_outside_high_sensitivity:1,2
g3|r3|2|t3|u2|v1|True|True|False|True|False,3,outside_small_selector:2;small_ratio_outside_high_sensitivity:1,2
g3|r3|2|t3|u2|v2|True|True|False|True|False,3,outside_small_selector:2;small_ratio_outside_high_sensitivity:1,2
g3|r3|3|t0|u0|v0|True|True|True|True|True,3,outside_small_selector:2;small_ratio_outside_high_sensitivity:1,2
g3|r3|3|t0|u0|v1|True|True|True|True|True,3,outside_small_selector:2;small_ratio_outside_high_sensitivity:1,2
g3|r3|3|t0|u0|v2|True|True|True|True|True,3,outside_small_selector:2;small_ratio_outside_high_sensitivity:1,2
g3|r3|3|t0|u1|v0|True|True|True|True|False,3,outside_small_selector:2;small_ratio_outside_high_sensitivity:1,2
g3|r3|3|t0|u1|v1|True|True|True|True|False,3,outside_small_selector:2;small_ratio_outside_high_sensitivity:1,2
g3|r3|3|t0|u1|v2|True|True|True|True|False,3,outside_small_selector:2;small_ratio_outside_high_sensitivity:1,2
g3|r3|3|t0|u2|v0|True|True|True|True|False,3,outside_small_selector:2;small_ratio_outside_high_sensitivity:1,2
g3|r3|3|t0|u2|v1|True|True|True|True|False,3,outside_small_selector:2;small_ratio_outside_high_sensitivity:1,2
g3|r3|3|t0|u2|v2|True|True|True|True|False,3,outside_small_selector:2;small_ratio_outside_high_sensitivity:1,2
g3|r3|3|t1|u0|v0|True|True|True|False|True,3,outside_small_selector:2;small_ratio_outside_high_sensitivity:1,2
g3|r3|3|t1|u0|v1|True|True|True|False|True,3,outside_small_selector:2;small_ratio_outside_high_sensitivity:1,2
g3|r3|3|t1|u0|v2|True|True|True|False|True,3,outside_small_selector:2;small_ratio_outside_high_sensitivity:1,2
g3|r3|3|t1|u1|v0|True|True|True|False|False,3,outside_small_selector:2;small_ratio_outside_high_sensitivity:1,2
g3|r3|3|t1|u1|v1|True|True|True|False|False,3,outside_small_selector:2;small_ratio_outside_high_sensitivity:1,2
g3|r3|3|t1|u1|v2|True|True|True|False|False,3,outside_small_selector:2;small_ratio_outside_high_sensitivity:1,2
g3|r3|3|t1|u2|v0|True|True|True|False|False,3,outside_small_selector:2;small_ratio_outside_high_sensitivity:1,2
g3|r3|3|t1|u2|v1|True|True|True|False|False,3,outside_small_selector:2;small_ratio_outside_high_sensitivity:1,2
g3|r3|3|t1|u2|v2|True|True|True|False|False,3,outside_small_selector:2;small_ratio_outside_high_sensitivity:1,2
g3|r3|3|t2|u0|v0|True|True|True|True|False,3,outside_small_selector:2;small_ratio_outside_high_sensitivity:1,2
g3|r3|3|t2|u0|v1|True|True|True|True|False,3,outside_small_selector:2;small_ratio_outside_high_sensitivity:1,2
g3|r3|3|t2|u0|v2|True|True|True|True|False,3,outside_small_selector:2;small_ratio_outside_high_sensitivity:1,2
g3|r3|3|t2|u1|v0|True|True|True|True|False,3,outside_small_selector:2;small_ratio_outside_high_sensitivity:1,2
g3|r3|3|t2|u1|v1|True|True|True|True|False,3,outside_small_selector:2;small_ratio_outside_high_sensitivity:1,2
g3|r3|3|t2|u1|v2|True|True|True|True|False,3,outside_small_selector:2;small_ratio_outside_high_sensitivity:1,2
g3|r3|3|t2|u2|v0|True|True|True|True|False,3,outside_small_selector:2;small_ratio_outside_high_sensitivity:1,2
g3|r3|3|t2|u2|v1|True|True|True|True|False,3,outside_small_selector:2;small_ratio_outside_high_sensitivity:1,2
g3|r3|3|t2|u2|v2|True|True|True|True|False,3,outside_small_selector:2;small_ratio_outside_high_sensitivity:1,2
g3|r3|3|t3|u0|v0|True|True|True|True|True,3,outside_small_selector:2;small_ratio_outside_high_sensitivity:1,2
g3|r3|3|t3|u0|v1|True|True|True|True|True,3,outside_small_selector:2;small_ratio_outside_high_sensitivity:1,2
g3|r3|3|t3|u0|v2|True|True|True|True|True,3,outside_small_selector:2;small_ratio_outside_high_sensitivity:1,2
g3|r3|3|t3|u1|v0|True|True|True|True|False,3,outside_small_selector:2;small_ratio_outside_high_sensitivity:1,2
g3|r3|3|t3|u1|v1|True|True|True|True|False,3,outside_small_selector:2;small_ratio_outside_high_sensitivity:1,2
g3|r3|3|t3|u1|v2|True|True|True|True|False,3,outside_small_selector:2;small_ratio_outside_high_sensitivity:1,2
g3|r3|3|t3|u2|v0|True|True|True|True|False,3,outside_small_selector:2;small_ratio_outside_high_sensitivity:1,2
g3|r3|3|t3|u2|v1|True|True|True|True|False,3,outside_small_selector:2;small_ratio_outside_high_sensitivity:1,2
g3|r3|3|t3|u2|v2|True|True|True|True|False,3,outside_small_selector:2;small_ratio_outside_high_sensitivity:1,2
g3|r3|4|t0|u0|v0|True|True|False|True|True,3,outside_small_selector:2;small_ratio_outside_high_sensitivity:1,2
g3|r3|4|t0|u0|v1|True|True|False|True|True,3,outside_small_selector:2;small_ratio_outside_high_sensitivity:1,2
g3|r3|4|t0|u0|v2|True|True|False|True|True,3,outside_small_selector:2;small_ratio_outside_high_sensitivity:1,2
g3|r3|4|t0|u1|v0|True|True|False|True|False,3,outside_small_selector:2;small_ratio_outside_high_sensitivity:1,2
g3|r3|4|t0|u1|v1|True|True|False|True|False,3,outside_small_selector:2;small_ratio_outside_high_sensitivity:1,2
g3|r3|4|t0|u1|v2|True|True|False|True|False,3,outside_small_selector:2;small_ratio_outside_high_sensitivity:1,2
g3|r3|4|t0|u2|v0|True|True|False|True|False,3,outside_small_selector:2;small_ratio_outside_high_sensitivity:1,2
g3|r3|4|t0|u2|v1|True|True|False|True|False,3,outside_small_selector:2;small_ratio_outside_high_sensitivity:1,2
g3|r3|4|t0|u2|v2|True|True|False|True|False,3,outside_small_selector:2;small_ratio_outside_high_sensitivity:1,2
g3|r3|4|t1|u0|v0|True|True|False|False|True,3,outside_small_selector:2;small_ratio_outside_high_sensitivity:1,2
g3|r3|4|t1|u0|v1|True|True|False|False|True,3,outside_small_selector:2;small_ratio_outside_high_sensitivity:1,2
g3|r3|4|t1|u0|v2|True|True|False|False|True,3,outside_small_selector:2;small_ratio_outside_high_sensitivity:1,2
g3|r3|4|t1|u1|v0|True|True|False|False|False,3,outside_small_selector:2;small_ratio_outside_high_sensitivity:1,2
g3|r3|4|t1|u1|v1|True|True|False|False|False,3,outside_small_selector:2;small_ratio_outside_high_sensitivity:1,2
g3|r3|4|t1|u1|v2|True|True|False|False|False,3,outside_small_selector:2;small_ratio_outside_high_sensitivity:1,2
g3|r3|4|t1|u2|v0|True|True|False|False|False,3,outside_small_selector:2;small_ratio_outside_high_sensitivity:1,2
g3|r3|4|t1|u2|v1|True|True|False|False|False,3,outside_small_selector:2;small_ratio_outside_high_sensitivity:1,2
g3|r3|4|t1|u2|v2|True|True|False|False|False,3,outside_small_selector:2;small_ratio_outside_high_sensitivity:1,2
g3|r3|4|t2|u0|v0|True|True|False|True|False,3,outside_small_selector:2;small_ratio_outside_high_sensitivity:1,2
g3|r3|4|t2|u0|v1|True|True|False|True|False,3,outside_small_selector:2;small_ratio_outside_high_sensitivity:1,2
g3|r3|4|t2|u0|v2|True|True|False|True|False,3,outside_small_selector:2;small_ratio_outside_high_sensitivity:1,2
g3|r3|4|t2|u1|v0|True|True|False|True|False,3,outside_small_selector:2;small_ratio_outside_high_sensitivity:1,2
g3|r3|4|t2|u1|v1|True|True|False|True|False,3,outside_small_selector:2;small_ratio_outside_high_sensitivity:1,2
g3|r3|4|t2|u1|v2|True|True|False|True|False,3,outside_small_selector:2;small_ratio_outside_high_sensitivity:1,2
g3|r3|4|t2|u2|v0|True|True|False|True|False,3,outside_small_selector:2;small_ratio_outside_high_sensitivity:1,2
g3|r3|4|t2|u2|v1|True|True|False|True|False,3,outside_small_selector:2;small_ratio_outside_high_sensitivity:1,2
g3|r3|4|t2|u2|v2|True|True|False|True|False,3,outside_small_selector:2;small_ratio_outside_high_sensitivity:1,2
g3|r3|4|t3|u0|v0|True|True|False|True|True,3,outside_small_selector:2;small_ratio_outside_high_sensitivity:1,2
g3|r3|4|t3|u0|v1|True|True|False|True|True,3,outside_small_selector:2;small_ratio_outside_high_sensitivity:1,2
g3|r3|4|t3|u0|v2|True|True|False|True|True,3,outside_small_selector:2;small_ratio_outside_high_sensitivity:1,2
g3|r3|4|t3|u1|v0|True|True|False|True|False,3,outside_small_selector:2;small_ratio_outside_high_sensitivity:1,2
g3|r3|4|t3|u1|v1|True|True|False|True|False,3,outside_small_selector:2;small_ratio_outside_high_sensitivity:1,2
g3|r3|4|t3|u1|v2|True|True|False|True|False,3,outside_small_selector:2;small_ratio_outside_high_sensitivity:1,2
g3|r3|4|t3|u2|v0|True|True|False|True|False,3,outside_small_selector:2;small_ratio_outside_high_sensitivity:1,2
g3|r3|4|t3|u2|v1|True|True|False|True|False,3,outside_small_selector:2;small_ratio_outside_high_sensitivity:1,2
g3|r3|4|t3|u2|v2|True|True|False|True|False,3,outside_small_selector:2;small_ratio_outside_high_sensitivity:1,2
g3|r3|5|t0|u0|v0|True|True|True|True|True,3,outside_small_selector:2;small_ratio_outside_high_sensitivity:1,2
g3|r3|5|t0|u0|v1|True|True|True|True|True,3,outside_small_selector:2;small_ratio_outside_high_sensitivity:1,2
g3|r3|5|t0|u0|v2|True|True|True|True|True,3,outside_small_selector:2;small_ratio_outside_high_sensitivity:1,2
g3|r3|5|t0|u1|v0|True|True|True|True|False,3,outside_small_selector:2;small_ratio_outside_high_sensitivity:1,2
g3|r3|5|t0|u1|v1|True|True|True|True|False,3,outside_small_selector:2;small_ratio_outside_high_sensitivity:1,2
g3|r3|5|t0|u1|v2|True|True|True|True|False,3,outside_small_selector:2;small_ratio_outside_high_sensitivity:1,2
g3|r3|5|t0|u2|v0|True|True|True|True|False,3,outside_small_selector:2;small_ratio_outside_high_sensitivity:1,2
g3|r3|5|t0|u2|v1|True|True|True|True|False,3,outside_small_selector:2;small_ratio_outside_high_sensitivity:1,2
g3|r3|5|t0|u2|v2|True|True|True|True|False,3,outside_small_selector:2;small_ratio_outside_high_sensitivity:1,2
g3|r3|5|t1|u0|v0|True|True|True|False|True,3,outside_small_selector:2;small_ratio_outside_high_sensitivity:1,2
g3|r3|5|t1|u0|v1|True|True|True|False|True,3,outside_small_selector:2;small_ratio_outside_high_sensitivity:1,2
g3|r3|5|t1|u0|v2|True|True|True|False|True,3,outside_small_selector:2;small_ratio_outside_high_sensitivity:1,2
g3|r3|5|t1|u1|v0|True|True|True|False|False,3,outside_small_selector:2;small_ratio_outside_high_sensitivity:1,2
g3|r3|5|t1|u1|v1|True|True|True|False|False,3,outside_small_selector:2;small_ratio_outside_high_sensitivity:1,2
g3|r3|5|t1|u1|v2|True|True|True|False|False,3,outside_small_selector:2;small_ratio_outside_high_sensitivity:1,2
g3|r3|5|t1|u2|v0|True|True|True|False|False,3,outside_small_selector:2;small_ratio_outside_high_sensitivity:1,2
g3|r3|5|t1|u2|v1|True|True|True|False|False,3,outside_small_selector:2;small_ratio_outside_high_sensitivity:1,2
g3|r3|5|t1|u2|v2|True|True|True|False|False,3,outside_small_selector:2;small_ratio_outside_high_sensitivity:1,2
g3|r3|5|t2|u0|v0|True|True|True|False|False,3,outside_small_selector:2;small_ratio_outside_high_sensitivity:1,2
g3|r3|5|t2|u0|v1|True|True|True|False|False,3,outside_small_selector:2;small_ratio_outside_high_sensitivity:1,2
g3|r3|5|t2|u0|v2|True|True|True|False|False,3,outside_small_selector:2;small_ratio_outside_high_sensitivity:1,2
g3|r3|5|t2|u1|v0|True|True|True|False|False,3,outside_small_selector:2;small_ratio_outside_high_sensitivity:1,2
g3|r3|5|t2|u1|v1|True|True|True|False|False,3,outside_small_selector:2;small_ratio_outside_high_sensitivity:1,2
g3|r3|5|t2|u1|v2|True|True|True|False|False,3,outside_small_selector:2;small_ratio_outside_high_sensitivity:1,2
g3|r3|5|t2|u2|v0|True|True|True|False|False,3,outside_small_selector:2;small_ratio_outside_high_sensitivity:1,2
g3|r3|5|t2|u2|v1|True|True|True|False|False,3,outside_small_selector:2;small_ratio_outside_high_sensitivity:1,2
g3|r3|5|t2|u2|v2|True|True|True|False|False,3,outside_small_selector:2;small_ratio_outside_high_sensitivity:1,2
g3|r3|5|t3|u0|v0|True|True|True|True|True,3,outside_small_selector:2;small_ratio_outside_high_sensitivity:1,2
g3|r3|5|t3|u0|v1|True|True|True|True|True,3,outside_small_selector:2;small_ratio_outside_high_sensitivity:1,2
g3|r3|5|t3|u0|v2|True|True|True|True|True,3,outside_small_selector:2;small_ratio_outside_high_sensitivity:1,2
g3|r3|5|t3|u1|v0|True|True|True|True|False,3,outside_small_selector:2;small_ratio_outside_high_sensitivity:1,2
g3|r3|5|t3|u1|v1|True|True|True|True|False,3,outside_small_selector:2;small_ratio_outside_high_sensitivity:1,2
g3|r3|5|t3|u1|v2|True|True|True|True|False,3,outside_small_selector:2;small_ratio_outside_high_sensitivity:1,2
g3|r3|5|t3|u2|v0|True|True|True|True|False,3,outside_small_selector:2;small_ratio_outside_high_sensitivity:1,2
g3|r3|5|t3|u2|v1|True|True|True|True|False,3,outside_small_selector:2;small_ratio_outside_high_sensitivity:1,2
g3|r3|5|t3|u2|v2|True|True|True|True|False,3,outside_small_selector:2;small_ratio_outside_high_sensitivity:1,2
