dimensions,support_key,atomic_package,no_spectator_action,primitive_charge_orbit,currency_score,audit_axis_count,l1_shadow_price,nonzero_audit_terms,charge_span,is_target_reference,support_score
2,antisym2:-1 + singlet:1,True,True,True,2|4|4|2,2,4,4,2,False,2|2|1|1
2,antisym2:1 + singlet:-1,True,True,True,2|4|4|2,2,4,4,2,False,2|2|1|1
2|2,antisym2xsinglet:-1 + singletxantisym2:1,True,True,True,2|4|4|2,2,4,4,2,False,2|2|2|2
2|2,antisym2xsinglet:1 + singletxantisym2:-1,True,True,True,2|4|4|2,2,4,4,2,False,2|2|2|2
2,adjoint:-1 + sym2:1,True,True,True,3|20|6|2,3,20,6,2,False,2|6|1|1
2,adjoint:1 + sym2:-1,True,True,True,3|20|6|2,3,20,6,2,False,2|6|1|1
2,antifund:-1 + antifund:1,True,True,True,4|10|8|2,4,10,8,2,False,2|4|1|1
2,fund:-1 + fund:1,True,True,True,4|10|8|2,4,10,8,2,False,2|4|1|1
3,antifund:0 + antisym2:0 + fund:-1 + fund:1,True,True,True,4|18|10|2,4,18,10,2,False,4|12|2|1
2|2,antifundxantifund:-1 + antifundxantifund:1,True,True,True,4|24|8|2,4,24,8,2,False,2|8|2|2
2|2,antifundxantifund:-1 + antifundxfund:1,True,True,True,4|24|8|2,4,24,8,2,False,2|8|2|2
2|2,antifundxantifund:-1 + fundxantifund:1,True,True,True,4|24|8|2,4,24,8,2,False,2|8|2|2
2|2,antifundxantifund:1 + antifundxfund:-1,True,True,True,4|24|8|2,4,24,8,2,False,2|8|2|2
2|2,antifundxantifund:1 + fundxantifund:-1,True,True,True,4|24|8|2,4,24,8,2,False,2|8|2|2
2|2,antifundxfund:-1 + antifundxfund:1,True,True,True,4|24|8|2,4,24,8,2,False,2|8|2|2
2|2,antifundxfund:-1 + fundxfund:1,True,True,True,4|24|8|2,4,24,8,2,False,2|8|2|2
2|2,antifundxfund:1 + fundxfund:-1,True,True,True,4|24|8|2,4,24,8,2,False,2|8|2|2
2|2,fundxantifund:-1 + fundxantifund:1,True,True,True,4|24|8|2,4,24,8,2,False,2|8|2|2
2|2,fundxantifund:-1 + fundxfund:1,True,True,True,4|24|8|2,4,24,8,2,False,2|8|2|2
2|2,fundxantifund:1 + fundxfund:-1,True,True,True,4|24|8|2,4,24,8,2,False,2|8|2|2
2|2,fundxfund:-1 + fundxfund:1,True,True,True,4|24|8|2,4,24,8,2,False,2|8|2|2
2|4,antisym2xsinglet:-1 + singletxantifund:1 + singletxantisym2:-1 + singletxfund:1 + singletxsinglet:-1,True,True,True,4|38|15|2,4,38,15,2,False,5|16|4|2
2|4,antisym2xsinglet:1 + singletxantifund:-1 + singletxantisym2:1 + singletxfund:-1 + singletxsinglet:1,True,True,True,4|38|15|2,4,38,15,2,False,5|16|4|2
3,antifund:-1 + antifund:1 + fund:-2 + fund:2,True,True,True,4|82|16|4,4,82,16,4,False,4|12|2|1
3,antifund:-1 + antisym2:1 + fund:-2 + fund:2,True,True,True,4|82|16|4,4,82,16,4,False,4|12|2|1
3,antifund:-2 + antifund:2 + fund:-1 + fund:1,True,True,True,4|82|16|4,4,82,16,4,False,4|12|2|1
3,antifund:-2 + antisym2:2 + fund:-1 + fund:1,True,True,True,4|82|16|4,4,82,16,4,False,4|12|2|1
3,antifund:1 + antisym2:-1 + fund:-2 + fund:2,True,True,True,4|82|16|4,4,82,16,4,False,4|12|2|1
3,antifund:2 + antisym2:-2 + fund:-1 + fund:1,True,True,True,4|82|16|4,4,82,16,4,False,4|12|2|1
3,antisym2:-1 + antisym2:1 + fund:-2 + fund:2,True,True,True,4|82|16|4,4,82,16,4,False,4|12|2|1
3,antisym2:-2 + antisym2:2 + fund:-1 + fund:1,True,True,True,4|82|16|4,4,82,16,4,False,4|12|2|1
2|4,antisym2xsinglet:-1 + antisym2xsinglet:3 + singletxantifund:-2 + singletxantisym2:1 + singletxfund:0,True,True,True,4|90|12|5,4,90,12,5,False,5|16|4|2
2|4,antisym2xsinglet:-1 + antisym2xsinglet:3 + singletxantifund:0 + singletxantisym2:1 + singletxfund:-2,True,True,True,4|90|12|5,4,90,12,5,False,5|16|4|2
2|4,antisym2xsinglet:-1 + singletxantifund:-2 + singletxantisym2:1 + singletxfund:0 + singletxsinglet:3,True,True,True,4|90|12|5,4,90,12,5,False,5|16|4|2
2|4,antisym2xsinglet:-1 + singletxantifund:0 + singletxantisym2:1 + singletxfund:-2 + singletxsinglet:3,True,True,True,4|90|12|5,4,90,12,5,False,5|16|4|2
2|4,antisym2xsinglet:-3 + antisym2xsinglet:1 + singletxantifund:0 + singletxantisym2:-1 + singletxfund:2,True,True,True,4|90|12|5,4,90,12,5,False,5|16|4|2
2|4,antisym2xsinglet:-3 + antisym2xsinglet:1 + singletxantifund:2 + singletxantisym2:-1 + singletxfund:0,True,True,True,4|90|12|5,4,90,12,5,False,5|16|4|2
2|4,antisym2xsinglet:-3 + singletxantifund:0 + singletxantisym2:-1 + singletxfund:2 + singletxsinglet:1,True,True,True,4|90|12|5,4,90,12,5,False,5|16|4|2
2|4,antisym2xsinglet:-3 + singletxantifund:2 + singletxantisym2:-1 + singletxfund:0 + singletxsinglet:1,True,True,True,4|90|12|5,4,90,12,5,False,5|16|4|2
2|4,antisym2xsinglet:1 + singletxantifund:0 + singletxantisym2:-1 + singletxfund:2 + singletxsinglet:-3,True,True,True,4|90|12|5,4,90,12,5,False,5|16|4|2
2|4,antisym2xsinglet:1 + singletxantifund:2 + singletxantisym2:-1 + singletxfund:0 + singletxsinglet:-3,True,True,True,4|90|12|5,4,90,12,5,False,5|16|4|2
2|4,antisym2xsinglet:3 + singletxantifund:-2 + singletxantisym2:1 + singletxfund:0 + singletxsinglet:-1,True,True,True,4|90|12|5,4,90,12,5,False,5|16|4|2
2|4,antisym2xsinglet:3 + singletxantifund:0 + singletxantisym2:1 + singletxfund:-2 + singletxsinglet:-1,True,True,True,4|90|12|5,4,90,12,5,False,5|16|4|2
4,antifund:-2 + antisym2:1 + fund:0 + singlet:-1 + singlet:3,True,True,True,4|90|12|5,4,90,12,5,False,5|16|3|1
4,antifund:0 + antisym2:-1 + fund:2 + singlet:-3 + singlet:1,True,True,True,4|90|12|5,4,90,12,5,False,5|16|3|1
4,antifund:0 + antisym2:1 + fund:-2 + singlet:-1 + singlet:3,True,True,True,4|90|12|5,4,90,12,5,False,5|16|3|1
4,antifund:2 + antisym2:-1 + fund:0 + singlet:-3 + singlet:1,True,True,True,4|90|12|5,4,90,12,5,False,5|16|3|1
2|2,adjointxsinglet:-1 + antifundxantifund:2 + antisym2xsinglet:-3 + antisym2xsinglet:1 + singletxadjoint:-1,True,True,True,4|100|14|5,4,100,14,5,False,5|12|2|2
2|2,adjointxsinglet:-1 + antifundxantifund:2 + antisym2xsinglet:-3 + antisym2xsinglet:1 + singletxsym2:-1,True,True,True,4|100|14|5,4,100,14,5,False,5|12|2|2
2|2,adjointxsinglet:-1 + antifundxantifund:2 + antisym2xsinglet:-3 + singletxadjoint:-1 + singletxantisym2:1,True,True,True,4|100|14|5,4,100,14,5,False,5|12|2|2
2|2,adjointxsinglet:-1 + antifundxantifund:2 + antisym2xsinglet:-3 + singletxadjoint:-1 + singletxsinglet:1,True,True,True,4|100|14|5,4,100,14,5,False,5|12|2|2
2|2,adjointxsinglet:-1 + antifundxantifund:2 + antisym2xsinglet:-3 + singletxantisym2:1 + singletxsym2:-1,True,True,True,4|100|14|5,4,100,14,5,False,5|12|2|2
2|2,adjointxsinglet:-1 + antifundxantifund:2 + antisym2xsinglet:-3 + singletxsinglet:1 + singletxsym2:-1,True,True,True,4|100|14|5,4,100,14,5,False,5|12|2|2
2|2,adjointxsinglet:-1 + antifundxantifund:2 + antisym2xsinglet:1 + singletxadjoint:-1 + singletxantisym2:-3,True,True,True,4|100|14|5,4,100,14,5,False,5|12|2|2
2|2,adjointxsinglet:-1 + antifundxantifund:2 + antisym2xsinglet:1 + singletxadjoint:-1 + singletxsinglet:-3,True,True,True,4|100|14|5,4,100,14,5,False,5|12|2|2
2|2,adjointxsinglet:-1 + antifundxantifund:2 + antisym2xsinglet:1 + singletxantisym2:-3 + singletxsym2:-1,True,True,True,4|100|14|5,4,100,14,5,False,5|12|2|2
2|2,adjointxsinglet:-1 + antifundxantifund:2 + antisym2xsinglet:1 + singletxsinglet:-3 + singletxsym2:-1,True,True,True,4|100|14|5,4,100,14,5,False,5|12|2|2
2|2,adjointxsinglet:-1 + antifundxantifund:2 + singletxadjoint:-1 + singletxantisym2:-3 + singletxantisym2:1,True,True,True,4|100|14|5,4,100,14,5,False,5|12|2|2
2|2,adjointxsinglet:-1 + antifundxantifund:2 + singletxadjoint:-1 + singletxantisym2:-3 + singletxsinglet:1,True,True,True,4|100|14|5,4,100,14,5,False,5|12|2|2
2|2,adjointxsinglet:-1 + antifundxantifund:2 + singletxadjoint:-1 + singletxantisym2:1 + singletxsinglet:-3,True,True,True,4|100|14|5,4,100,14,5,False,5|12|2|2
2|2,adjointxsinglet:-1 + antifundxantifund:2 + singletxadjoint:-1 + singletxsinglet:-3 + singletxsinglet:1,True,True,True,4|100|14|5,4,100,14,5,False,5|12|2|2
2|2,adjointxsinglet:-1 + antifundxantifund:2 + singletxantisym2:-3 + singletxantisym2:1 + singletxsym2:-1,True,True,True,4|100|14|5,4,100,14,5,False,5|12|2|2
2|2,adjointxsinglet:-1 + antifundxantifund:2 + singletxantisym2:-3 + singletxsinglet:1 + singletxsym2:-1,True,True,True,4|100|14|5,4,100,14,5,False,5|12|2|2
2|2,adjointxsinglet:-1 + antifundxantifund:2 + singletxantisym2:1 + singletxsinglet:-3 + singletxsym2:-1,True,True,True,4|100|14|5,4,100,14,5,False,5|12|2|2
2|2,adjointxsinglet:-1 + antifundxantifund:2 + singletxsinglet:-3 + singletxsinglet:1 + singletxsym2:-1,True,True,True,4|100|14|5,4,100,14,5,False,5|12|2|2
2|2,adjointxsinglet:-1 + antifundxfund:2 + antisym2xsinglet:-3 + antisym2xsinglet:1 + singletxadjoint:-1,True,True,True,4|100|14|5,4,100,14,5,False,5|12|2|2
2|2,adjointxsinglet:-1 + antifundxfund:2 + antisym2xsinglet:-3 + antisym2xsinglet:1 + singletxsym2:-1,True,True,True,4|100|14|5,4,100,14,5,False,5|12|2|2
2|2,adjointxsinglet:-1 + antifundxfund:2 + antisym2xsinglet:-3 + singletxadjoint:-1 + singletxantisym2:1,True,True,True,4|100|14|5,4,100,14,5,False,5|12|2|2
2|2,adjointxsinglet:-1 + antifundxfund:2 + antisym2xsinglet:-3 + singletxadjoint:-1 + singletxsinglet:1,True,True,True,4|100|14|5,4,100,14,5,False,5|12|2|2
2|2,adjointxsinglet:-1 + antifundxfund:2 + antisym2xsinglet:-3 + singletxantisym2:1 + singletxsym2:-1,True,True,True,4|100|14|5,4,100,14,5,False,5|12|2|2
2|2,adjointxsinglet:-1 + antifundxfund:2 + antisym2xsinglet:-3 + singletxsinglet:1 + singletxsym2:-1,True,True,True,4|100|14|5,4,100,14,5,False,5|12|2|2
2|2,adjointxsinglet:-1 + antifundxfund:2 + antisym2xsinglet:1 + singletxadjoint:-1 + singletxantisym2:-3,True,True,True,4|100|14|5,4,100,14,5,False,5|12|2|2
2|2,adjointxsinglet:-1 + antifundxfund:2 + antisym2xsinglet:1 + singletxadjoint:-1 + singletxsinglet:-3,True,True,True,4|100|14|5,4,100,14,5,False,5|12|2|2
2|2,adjointxsinglet:-1 + antifundxfund:2 + antisym2xsinglet:1 + singletxantisym2:-3 + singletxsym2:-1,True,True,True,4|100|14|5,4,100,14,5,False,5|12|2|2
2|2,adjointxsinglet:-1 + antifundxfund:2 + antisym2xsinglet:1 + singletxsinglet:-3 + singletxsym2:-1,True,True,True,4|100|14|5,4,100,14,5,False,5|12|2|2
2|2,adjointxsinglet:-1 + antifundxfund:2 + singletxadjoint:-1 + singletxantisym2:-3 + singletxantisym2:1,True,True,True,4|100|14|5,4,100,14,5,False,5|12|2|2
2|2,adjointxsinglet:-1 + antifundxfund:2 + singletxadjoint:-1 + singletxantisym2:-3 + singletxsinglet:1,True,True,True,4|100|14|5,4,100,14,5,False,5|12|2|2
2|2,adjointxsinglet:-1 + antifundxfund:2 + singletxadjoint:-1 + singletxantisym2:1 + singletxsinglet:-3,True,True,True,4|100|14|5,4,100,14,5,False,5|12|2|2
2|2,adjointxsinglet:-1 + antifundxfund:2 + singletxadjoint:-1 + singletxsinglet:-3 + singletxsinglet:1,True,True,True,4|100|14|5,4,100,14,5,False,5|12|2|2
2|2,adjointxsinglet:-1 + antifundxfund:2 + singletxantisym2:-3 + singletxantisym2:1 + singletxsym2:-1,True,True,True,4|100|14|5,4,100,14,5,False,5|12|2|2
2|2,adjointxsinglet:-1 + antifundxfund:2 + singletxantisym2:-3 + singletxsinglet:1 + singletxsym2:-1,True,True,True,4|100|14|5,4,100,14,5,False,5|12|2|2
2|2,adjointxsinglet:-1 + antifundxfund:2 + singletxantisym2:1 + singletxsinglet:-3 + singletxsym2:-1,True,True,True,4|100|14|5,4,100,14,5,False,5|12|2|2
2|2,adjointxsinglet:-1 + antifundxfund:2 + singletxsinglet:-3 + singletxsinglet:1 + singletxsym2:-1,True,True,True,4|100|14|5,4,100,14,5,False,5|12|2|2
2|2,adjointxsinglet:-1 + antisym2xsinglet:-3 + antisym2xsinglet:1 + fundxantifund:2 + singletxadjoint:-1,True,True,True,4|100|14|5,4,100,14,5,False,5|12|2|2
2|2,adjointxsinglet:-1 + antisym2xsinglet:-3 + antisym2xsinglet:1 + fundxantifund:2 + singletxsym2:-1,True,True,True,4|100|14|5,4,100,14,5,False,5|12|2|2
2|2,adjointxsinglet:-1 + antisym2xsinglet:-3 + antisym2xsinglet:1 + fundxfund:2 + singletxadjoint:-1,True,True,True,4|100|14|5,4,100,14,5,False,5|12|2|2
2|2,adjointxsinglet:-1 + antisym2xsinglet:-3 + antisym2xsinglet:1 + fundxfund:2 + singletxsym2:-1,True,True,True,4|100|14|5,4,100,14,5,False,5|12|2|2
2|2,adjointxsinglet:-1 + antisym2xsinglet:-3 + fundxantifund:2 + singletxadjoint:-1 + singletxantisym2:1,True,True,True,4|100|14|5,4,100,14,5,False,5|12|2|2
2|2,adjointxsinglet:-1 + antisym2xsinglet:-3 + fundxantifund:2 + singletxadjoint:-1 + singletxsinglet:1,True,True,True,4|100|14|5,4,100,14,5,False,5|12|2|2
2|2,adjointxsinglet:-1 + antisym2xsinglet:-3 + fundxantifund:2 + singletxantisym2:1 + singletxsym2:-1,True,True,True,4|100|14|5,4,100,14,5,False,5|12|2|2
2|2,adjointxsinglet:-1 + antisym2xsinglet:-3 + fundxantifund:2 + singletxsinglet:1 + singletxsym2:-1,True,True,True,4|100|14|5,4,100,14,5,False,5|12|2|2
2|2,adjointxsinglet:-1 + antisym2xsinglet:-3 + fundxfund:2 + singletxadjoint:-1 + singletxantisym2:1,True,True,True,4|100|14|5,4,100,14,5,False,5|12|2|2
2|2,adjointxsinglet:-1 + antisym2xsinglet:-3 + fundxfund:2 + singletxadjoint:-1 + singletxsinglet:1,True,True,True,4|100|14|5,4,100,14,5,False,5|12|2|2
2|2,adjointxsinglet:-1 + antisym2xsinglet:-3 + fundxfund:2 + singletxantisym2:1 + singletxsym2:-1,True,True,True,4|100|14|5,4,100,14,5,False,5|12|2|2
2|2,adjointxsinglet:-1 + antisym2xsinglet:-3 + fundxfund:2 + singletxsinglet:1 + singletxsym2:-1,True,True,True,4|100|14|5,4,100,14,5,False,5|12|2|2
2|2,adjointxsinglet:-1 + antisym2xsinglet:1 + fundxantifund:2 + singletxadjoint:-1 + singletxantisym2:-3,True,True,True,4|100|14|5,4,100,14,5,False,5|12|2|2
2|2,adjointxsinglet:-1 + antisym2xsinglet:1 + fundxantifund:2 + singletxadjoint:-1 + singletxsinglet:-3,True,True,True,4|100|14|5,4,100,14,5,False,5|12|2|2
2|2,adjointxsinglet:-1 + antisym2xsinglet:1 + fundxantifund:2 + singletxantisym2:-3 + singletxsym2:-1,True,True,True,4|100|14|5,4,100,14,5,False,5|12|2|2
2|2,adjointxsinglet:-1 + antisym2xsinglet:1 + fundxantifund:2 + singletxsinglet:-3 + singletxsym2:-1,True,True,True,4|100|14|5,4,100,14,5,False,5|12|2|2
2|2,adjointxsinglet:-1 + antisym2xsinglet:1 + fundxfund:2 + singletxadjoint:-1 + singletxantisym2:-3,True,True,True,4|100|14|5,4,100,14,5,False,5|12|2|2
2|2,adjointxsinglet:-1 + antisym2xsinglet:1 + fundxfund:2 + singletxadjoint:-1 + singletxsinglet:-3,True,True,True,4|100|14|5,4,100,14,5,False,5|12|2|2
2|2,adjointxsinglet:-1 + antisym2xsinglet:1 + fundxfund:2 + singletxantisym2:-3 + singletxsym2:-1,True,True,True,4|100|14|5,4,100,14,5,False,5|12|2|2
2|2,adjointxsinglet:-1 + antisym2xsinglet:1 + fundxfund:2 + singletxsinglet:-3 + singletxsym2:-1,True,True,True,4|100|14|5,4,100,14,5,False,5|12|2|2
2|2,adjointxsinglet:-1 + fundxantifund:2 + singletxadjoint:-1 + singletxantisym2:-3 + singletxantisym2:1,True,True,True,4|100|14|5,4,100,14,5,False,5|12|2|2
2|2,adjointxsinglet:-1 + fundxantifund:2 + singletxadjoint:-1 + singletxantisym2:-3 + singletxsinglet:1,True,True,True,4|100|14|5,4,100,14,5,False,5|12|2|2
2|2,adjointxsinglet:-1 + fundxantifund:2 + singletxadjoint:-1 + singletxantisym2:1 + singletxsinglet:-3,True,True,True,4|100|14|5,4,100,14,5,False,5|12|2|2
2|2,adjointxsinglet:-1 + fundxantifund:2 + singletxadjoint:-1 + singletxsinglet:-3 + singletxsinglet:1,True,True,True,4|100|14|5,4,100,14,5,False,5|12|2|2
2|2,adjointxsinglet:-1 + fundxantifund:2 + singletxantisym2:-3 + singletxantisym2:1 + singletxsym2:-1,True,True,True,4|100|14|5,4,100,14,5,False,5|12|2|2
2|2,adjointxsinglet:-1 + fundxantifund:2 + singletxantisym2:-3 + singletxsinglet:1 + singletxsym2:-1,True,True,True,4|100|14|5,4,100,14,5,False,5|12|2|2
2|2,adjointxsinglet:-1 + fundxantifund:2 + singletxantisym2:1 + singletxsinglet:-3 + singletxsym2:-1,True,True,True,4|100|14|5,4,100,14,5,False,5|12|2|2
2|2,adjointxsinglet:-1 + fundxantifund:2 + singletxsinglet:-3 + singletxsinglet:1 + singletxsym2:-1,True,True,True,4|100|14|5,4,100,14,5,False,5|12|2|2
2|2,adjointxsinglet:-1 + fundxfund:2 + singletxadjoint:-1 + singletxantisym2:-3 + singletxantisym2:1,True,True,True,4|100|14|5,4,100,14,5,False,5|12|2|2
2|2,adjointxsinglet:-1 + fundxfund:2 + singletxadjoint:-1 + singletxantisym2:-3 + singletxsinglet:1,True,True,True,4|100|14|5,4,100,14,5,False,5|12|2|2
2|2,adjointxsinglet:-1 + fundxfund:2 + singletxadjoint:-1 + singletxantisym2:1 + singletxsinglet:-3,True,True,True,4|100|14|5,4,100,14,5,False,5|12|2|2
2|2,adjointxsinglet:-1 + fundxfund:2 + singletxadjoint:-1 + singletxsinglet:-3 + singletxsinglet:1,True,True,True,4|100|14|5,4,100,14,5,False,5|12|2|2
2|2,adjointxsinglet:-1 + fundxfund:2 + singletxantisym2:-3 + singletxantisym2:1 + singletxsym2:-1,True,True,True,4|100|14|5,4,100,14,5,False,5|12|2|2
2|2,adjointxsinglet:-1 + fundxfund:2 + singletxantisym2:-3 + singletxsinglet:1 + singletxsym2:-1,True,True,True,4|100|14|5,4,100,14,5,False,5|12|2|2
2|2,adjointxsinglet:-1 + fundxfund:2 + singletxantisym2:1 + singletxsinglet:-3 + singletxsym2:-1,True,True,True,4|100|14|5,4,100,14,5,False,5|12|2|2
2|2,adjointxsinglet:-1 + fundxfund:2 + singletxsinglet:-3 + singletxsinglet:1 + singletxsym2:-1,True,True,True,4|100|14|5,4,100,14,5,False,5|12|2|2
2|2,adjointxsinglet:1 + antifundxantifund:-2 + antisym2xsinglet:-1 + antisym2xsinglet:3 + singletxadjoint:1,True,True,True,4|100|14|5,4,100,14,5,False,5|12|2|2
2|2,adjointxsinglet:1 + antifundxantifund:-2 + antisym2xsinglet:-1 + antisym2xsinglet:3 + singletxsym2:1,True,True,True,4|100|14|5,4,100,14,5,False,5|12|2|2
2|2,adjointxsinglet:1 + antifundxantifund:-2 + antisym2xsinglet:-1 + singletxadjoint:1 + singletxantisym2:3,True,True,True,4|100|14|5,4,100,14,5,False,5|12|2|2
2|2,adjointxsinglet:1 + antifundxantifund:-2 + antisym2xsinglet:-1 + singletxadjoint:1 + singletxsinglet:3,True,True,True,4|100|14|5,4,100,14,5,False,5|12|2|2
2|2,adjointxsinglet:1 + antifundxantifund:-2 + antisym2xsinglet:-1 + singletxantisym2:3 + singletxsym2:1,True,True,True,4|100|14|5,4,100,14,5,False,5|12|2|2
2|2,adjointxsinglet:1 + antifundxantifund:-2 + antisym2xsinglet:-1 + singletxsinglet:3 + singletxsym2:1,True,True,True,4|100|14|5,4,100,14,5,False,5|12|2|2
2|2,adjointxsinglet:1 + antifundxantifund:-2 + antisym2xsinglet:3 + singletxadjoint:1 + singletxantisym2:-1,True,True,True,4|100|14|5,4,100,14,5,False,5|12|2|2
2|2,adjointxsinglet:1 + antifundxantifund:-2 + antisym2xsinglet:3 + singletxadjoint:1 + singletxsinglet:-1,True,True,True,4|100|14|5,4,100,14,5,False,5|12|2|2
2|2,adjointxsinglet:1 + antifundxantifund:-2 + antisym2xsinglet:3 + singletxantisym2:-1 + singletxsym2:1,True,True,True,4|100|14|5,4,100,14,5,False,5|12|2|2
2|2,adjointxsinglet:1 + antifundxantifund:-2 + antisym2xsinglet:3 + singletxsinglet:-1 + singletxsym2:1,True,True,True,4|100|14|5,4,100,14,5,False,5|12|2|2
2|2,adjointxsinglet:1 + antifundxantifund:-2 + singletxadjoint:1 + singletxantisym2:-1 + singletxantisym2:3,True,True,True,4|100|14|5,4,100,14,5,False,5|12|2|2
2|2,adjointxsinglet:1 + antifundxantifund:-2 + singletxadjoint:1 + singletxantisym2:-1 + singletxsinglet:3,True,True,True,4|100|14|5,4,100,14,5,False,5|12|2|2
2|2,adjointxsinglet:1 + antifundxantifund:-2 + singletxadjoint:1 + singletxantisym2:3 + singletxsinglet:-1,True,True,True,4|100|14|5,4,100,14,5,False,5|12|2|2
2|2,adjointxsinglet:1 + antifundxantifund:-2 + singletxadjoint:1 + singletxsinglet:-1 + singletxsinglet:3,True,True,True,4|100|14|5,4,100,14,5,False,5|12|2|2
2|2,adjointxsinglet:1 + antifundxantifund:-2 + singletxantisym2:-1 + singletxantisym2:3 + singletxsym2:1,True,True,True,4|100|14|5,4,100,14,5,False,5|12|2|2
2|2,adjointxsinglet:1 + antifundxantifund:-2 + singletxantisym2:-1 + singletxsinglet:3 + singletxsym2:1,True,True,True,4|100|14|5,4,100,14,5,False,5|12|2|2
2|2,adjointxsinglet:1 + antifundxantifund:-2 + singletxantisym2:3 + singletxsinglet:-1 + singletxsym2:1,True,True,True,4|100|14|5,4,100,14,5,False,5|12|2|2
2|2,adjointxsinglet:1 + antifundxantifund:-2 + singletxsinglet:-1 + singletxsinglet:3 + singletxsym2:1,True,True,True,4|100|14|5,4,100,14,5,False,5|12|2|2
2|2,adjointxsinglet:1 + antifundxfund:-2 + antisym2xsinglet:-1 + antisym2xsinglet:3 + singletxadjoint:1,True,True,True,4|100|14|5,4,100,14,5,False,5|12|2|2
2|2,adjointxsinglet:1 + antifundxfund:-2 + antisym2xsinglet:-1 + antisym2xsinglet:3 + singletxsym2:1,True,True,True,4|100|14|5,4,100,14,5,False,5|12|2|2
2|2,adjointxsinglet:1 + antifundxfund:-2 + antisym2xsinglet:-1 + singletxadjoint:1 + singletxantisym2:3,True,True,True,4|100|14|5,4,100,14,5,False,5|12|2|2
2|2,adjointxsinglet:1 + antifundxfund:-2 + antisym2xsinglet:-1 + singletxadjoint:1 + singletxsinglet:3,True,True,True,4|100|14|5,4,100,14,5,False,5|12|2|2
2|2,adjointxsinglet:1 + antifundxfund:-2 + antisym2xsinglet:-1 + singletxantisym2:3 + singletxsym2:1,True,True,True,4|100|14|5,4,100,14,5,False,5|12|2|2
2|2,adjointxsinglet:1 + antifundxfund:-2 + antisym2xsinglet:-1 + singletxsinglet:3 + singletxsym2:1,True,True,True,4|100|14|5,4,100,14,5,False,5|12|2|2
2|2,adjointxsinglet:1 + antifundxfund:-2 + antisym2xsinglet:3 + singletxadjoint:1 + singletxantisym2:-1,True,True,True,4|100|14|5,4,100,14,5,False,5|12|2|2
2|2,adjointxsinglet:1 + antifundxfund:-2 + antisym2xsinglet:3 + singletxadjoint:1 + singletxsinglet:-1,True,True,True,4|100|14|5,4,100,14,5,False,5|12|2|2
2|2,adjointxsinglet:1 + antifundxfund:-2 + antisym2xsinglet:3 + singletxantisym2:-1 + singletxsym2:1,True,True,True,4|100|14|5,4,100,14,5,False,5|12|2|2
2|2,adjointxsinglet:1 + antifundxfund:-2 + antisym2xsinglet:3 + singletxsinglet:-1 + singletxsym2:1,True,True,True,4|100|14|5,4,100,14,5,False,5|12|2|2
2|2,adjointxsinglet:1 + antifundxfund:-2 + singletxadjoint:1 + singletxantisym2:-1 + singletxantisym2:3,True,True,True,4|100|14|5,4,100,14,5,False,5|12|2|2
2|2,adjointxsinglet:1 + antifundxfund:-2 + singletxadjoint:1 + singletxantisym2:-1 + singletxsinglet:3,True,True,True,4|100|14|5,4,100,14,5,False,5|12|2|2
2|2,adjointxsinglet:1 + antifundxfund:-2 + singletxadjoint:1 + singletxantisym2:3 + singletxsinglet:-1,True,True,True,4|100|14|5,4,100,14,5,False,5|12|2|2
2|2,adjointxsinglet:1 + antifundxfund:-2 + singletxadjoint:1 + singletxsinglet:-1 + singletxsinglet:3,True,True,True,4|100|14|5,4,100,14,5,False,5|12|2|2
2|2,adjointxsinglet:1 + antifundxfund:-2 + singletxantisym2:-1 + singletxantisym2:3 + singletxsym2:1,True,True,True,4|100|14|5,4,100,14,5,False,5|12|2|2
2|2,adjointxsinglet:1 + antifundxfund:-2 + singletxantisym2:-1 + singletxsinglet:3 + singletxsym2:1,True,True,True,4|100|14|5,4,100,14,5,False,5|12|2|2
2|2,adjointxsinglet:1 + antifundxfund:-2 + singletxantisym2:3 + singletxsinglet:-1 + singletxsym2:1,True,True,True,4|100|14|5,4,100,14,5,False,5|12|2|2
2|2,adjointxsinglet:1 + antifundxfund:-2 + singletxsinglet:-1 + singletxsinglet:3 + singletxsym2:1,True,True,True,4|100|14|5,4,100,14,5,False,5|12|2|2
2|2,adjointxsinglet:1 + antisym2xsinglet:-1 + antisym2xsinglet:3 + fundxantifund:-2 + singletxadjoint:1,True,True,True,4|100|14|5,4,100,14,5,False,5|12|2|2
2|2,adjointxsinglet:1 + antisym2xsinglet:-1 + antisym2xsinglet:3 + fundxantifund:-2 + singletxsym2:1,True,True,True,4|100|14|5,4,100,14,5,False,5|12|2|2
2|2,adjointxsinglet:1 + antisym2xsinglet:-1 + antisym2xsinglet:3 + fundxfund:-2 + singletxadjoint:1,True,True,True,4|100|14|5,4,100,14,5,False,5|12|2|2
2|2,adjointxsinglet:1 + antisym2xsinglet:-1 + antisym2xsinglet:3 + fundxfund:-2 + singletxsym2:1,True,True,True,4|100|14|5,4,100,14,5,False,5|12|2|2
2|2,adjointxsinglet:1 + antisym2xsinglet:-1 + fundxantifund:-2 + singletxadjoint:1 + singletxantisym2:3,True,True,True,4|100|14|5,4,100,14,5,False,5|12|2|2
2|2,adjointxsinglet:1 + antisym2xsinglet:-1 + fundxantifund:-2 + singletxadjoint:1 + singletxsinglet:3,True,True,True,4|100|14|5,4,100,14,5,False,5|12|2|2
2|2,adjointxsinglet:1 + antisym2xsinglet:-1 + fundxantifund:-2 + singletxantisym2:3 + singletxsym2:1,True,True,True,4|100|14|5,4,100,14,5,False,5|12|2|2
2|2,adjointxsinglet:1 + antisym2xsinglet:-1 + fundxantifund:-2 + singletxsinglet:3 + singletxsym2:1,True,True,True,4|100|14|5,4,100,14,5,False,5|12|2|2
2|2,adjointxsinglet:1 + antisym2xsinglet:-1 + fundxfund:-2 + singletxadjoint:1 + singletxantisym2:3,True,True,True,4|100|14|5,4,100,14,5,False,5|12|2|2
2|2,adjointxsinglet:1 + antisym2xsinglet:-1 + fundxfund:-2 + singletxadjoint:1 + singletxsinglet:3,True,True,True,4|100|14|5,4,100,14,5,False,5|12|2|2
2|2,adjointxsinglet:1 + antisym2xsinglet:-1 + fundxfund:-2 + singletxantisym2:3 + singletxsym2:1,True,True,True,4|100|14|5,4,100,14,5,False,5|12|2|2
2|2,adjointxsinglet:1 + antisym2xsinglet:-1 + fundxfund:-2 + singletxsinglet:3 + singletxsym2:1,True,True,True,4|100|14|5,4,100,14,5,False,5|12|2|2
2|2,adjointxsinglet:1 + antisym2xsinglet:3 + fundxantifund:-2 + singletxadjoint:1 + singletxantisym2:-1,True,True,True,4|100|14|5,4,100,14,5,False,5|12|2|2
2|2,adjointxsinglet:1 + antisym2xsinglet:3 + fundxantifund:-2 + singletxadjoint:1 + singletxsinglet:-1,True,True,True,4|100|14|5,4,100,14,5,False,5|12|2|2
2|2,adjointxsinglet:1 + antisym2xsinglet:3 + fundxantifund:-2 + singletxantisym2:-1 + singletxsym2:1,True,True,True,4|100|14|5,4,100,14,5,False,5|12|2|2
2|2,adjointxsinglet:1 + antisym2xsinglet:3 + fundxantifund:-2 + singletxsinglet:-1 + singletxsym2:1,True,True,True,4|100|14|5,4,100,14,5,False,5|12|2|2
2|2,adjointxsinglet:1 + antisym2xsinglet:3 + fundxfund:-2 + singletxadjoint:1 + singletxantisym2:-1,True,True,True,4|100|14|5,4,100,14,5,False,5|12|2|2
2|2,adjointxsinglet:1 + antisym2xsinglet:3 + fundxfund:-2 + singletxadjoint:1 + singletxsinglet:-1,True,True,True,4|100|14|5,4,100,14,5,False,5|12|2|2
2|2,adjointxsinglet:1 + antisym2xsinglet:3 + fundxfund:-2 + singletxantisym2:-1 + singletxsym2:1,True,True,True,4|100|14|5,4,100,14,5,False,5|12|2|2
2|2,adjointxsinglet:1 + antisym2xsinglet:3 + fundxfund:-2 + singletxsinglet:-1 + singletxsym2:1,True,True,True,4|100|14|5,4,100,14,5,False,5|12|2|2
2|2,adjointxsinglet:1 + fundxantifund:-2 + singletxadjoint:1 + singletxantisym2:-1 + singletxantisym2:3,True,True,True,4|100|14|5,4,100,14,5,False,5|12|2|2
2|2,adjointxsinglet:1 + fundxantifund:-2 + singletxadjoint:1 + singletxantisym2:-1 + singletxsinglet:3,True,True,True,4|100|14|5,4,100,14,5,False,5|12|2|2
2|2,adjointxsinglet:1 + fundxantifund:-2 + singletxadjoint:1 + singletxantisym2:3 + singletxsinglet:-1,True,True,True,4|100|14|5,4,100,14,5,False,5|12|2|2
2|2,adjointxsinglet:1 + fundxantifund:-2 + singletxadjoint:1 + singletxsinglet:-1 + singletxsinglet:3,True,True,True,4|100|14|5,4,100,14,5,False,5|12|2|2
2|2,adjointxsinglet:1 + fundxantifund:-2 + singletxantisym2:-1 + singletxantisym2:3 + singletxsym2:1,True,True,True,4|100|14|5,4,100,14,5,False,5|12|2|2
2|2,adjointxsinglet:1 + fundxantifund:-2 + singletxantisym2:-1 + singletxsinglet:3 + singletxsym2:1,True,True,True,4|100|14|5,4,100,14,5,False,5|12|2|2
2|2,adjointxsinglet:1 + fundxantifund:-2 + singletxantisym2:3 + singletxsinglet:-1 + singletxsym2:1,True,True,True,4|100|14|5,4,100,14,5,False,5|12|2|2
2|2,adjointxsinglet:1 + fundxantifund:-2 + singletxsinglet:-1 + singletxsinglet:3 + singletxsym2:1,True,True,True,4|100|14|5,4,100,14,5,False,5|12|2|2
2|2,adjointxsinglet:1 + fundxfund:-2 + singletxadjoint:1 + singletxantisym2:-1 + singletxantisym2:3,True,True,True,4|100|14|5,4,100,14,5,False,5|12|2|2
2|2,adjointxsinglet:1 + fundxfund:-2 + singletxadjoint:1 + singletxantisym2:-1 + singletxsinglet:3,True,True,True,4|100|14|5,4,100,14,5,False,5|12|2|2
2|2,adjointxsinglet:1 + fundxfund:-2 + singletxadjoint:1 + singletxantisym2:3 + singletxsinglet:-1,True,True,True,4|100|14|5,4,100,14,5,False,5|12|2|2
2|2,adjointxsinglet:1 + fundxfund:-2 + singletxadjoint:1 + singletxsinglet:-1 + singletxsinglet:3,True,True,True,4|100|14|5,4,100,14,5,False,5|12|2|2
2|2,adjointxsinglet:1 + fundxfund:-2 + singletxantisym2:-1 + singletxantisym2:3 + singletxsym2:1,True,True,True,4|100|14|5,4,100,14,5,False,5|12|2|2
2|2,adjointxsinglet:1 + fundxfund:-2 + singletxantisym2:-1 + singletxsinglet:3 + singletxsym2:1,True,True,True,4|100|14|5,4,100,14,5,False,5|12|2|2
2|2,adjointxsinglet:1 + fundxfund:-2 + singletxantisym2:3 + singletxsinglet:-1 + singletxsym2:1,True,True,True,4|100|14|5,4,100,14,5,False,5|12|2|2
2|2,adjointxsinglet:1 + fundxfund:-2 + singletxsinglet:-1 + singletxsinglet:3 + singletxsym2:1,True,True,True,4|100|14|5,4,100,14,5,False,5|12|2|2
2|2,antifundxantifund:-2 + antisym2xsinglet:-1 + antisym2xsinglet:3 + singletxadjoint:1 + sym2xsinglet:1,True,True,True,4|100|14|5,4,100,14,5,False,5|12|2|2
2|2,antifundxantifund:-2 + antisym2xsinglet:-1 + antisym2xsinglet:3 + singletxsym2:1 + sym2xsinglet:1,True,True,True,4|100|14|5,4,100,14,5,False,5|12|2|2
2|2,antifundxantifund:-2 + antisym2xsinglet:-1 + singletxadjoint:1 + singletxantisym2:3 + sym2xsinglet:1,True,True,True,4|100|14|5,4,100,14,5,False,5|12|2|2
2|2,antifundxantifund:-2 + antisym2xsinglet:-1 + singletxadjoint:1 + singletxsinglet:3 + sym2xsinglet:1,True,True,True,4|100|14|5,4,100,14,5,False,5|12|2|2
2|2,antifundxantifund:-2 + antisym2xsinglet:-1 + singletxantisym2:3 + singletxsym2:1 + sym2xsinglet:1,True,True,True,4|100|14|5,4,100,14,5,False,5|12|2|2
2|2,antifundxantifund:-2 + antisym2xsinglet:-1 + singletxsinglet:3 + singletxsym2:1 + sym2xsinglet:1,True,True,True,4|100|14|5,4,100,14,5,False,5|12|2|2
2|2,antifundxantifund:-2 + antisym2xsinglet:3 + singletxadjoint:1 + singletxantisym2:-1 + sym2xsinglet:1,True,True,True,4|100|14|5,4,100,14,5,False,5|12|2|2
2|2,antifundxantifund:-2 + antisym2xsinglet:3 + singletxadjoint:1 + singletxsinglet:-1 + sym2xsinglet:1,True,True,True,4|100|14|5,4,100,14,5,False,5|12|2|2
2|2,antifundxantifund:-2 + antisym2xsinglet:3 + singletxantisym2:-1 + singletxsym2:1 + sym2xsinglet:1,True,True,True,4|100|14|5,4,100,14,5,False,5|12|2|2
2|2,antifundxantifund:-2 + antisym2xsinglet:3 + singletxsinglet:-1 + singletxsym2:1 + sym2xsinglet:1,True,True,True,4|100|14|5,4,100,14,5,False,5|12|2|2
2|2,antifundxantifund:-2 + singletxadjoint:1 + singletxantisym2:-1 + singletxantisym2:3 + sym2xsinglet:1,True,True,True,4|100|14|5,4,100,14,5,False,5|12|2|2
2|2,antifundxantifund:-2 + singletxadjoint:1 + singletxantisym2:-1 + singletxsinglet:3 + sym2xsinglet:1,True,True,True,4|100|14|5,4,100,14,5,False,5|12|2|2
2|2,antifundxantifund:-2 + singletxadjoint:1 + singletxantisym2:3 + singletxsinglet:-1 + sym2xsinglet:1,True,True,True,4|100|14|5,4,100,14,5,False,5|12|2|2
2|2,antifundxantifund:-2 + singletxadjoint:1 + singletxsinglet:-1 + singletxsinglet:3 + sym2xsinglet:1,True,True,True,4|100|14|5,4,100,14,5,False,5|12|2|2
2|2,antifundxantifund:-2 + singletxantisym2:-1 + singletxantisym2:3 + singletxsym2:1 + sym2xsinglet:1,True,True,True,4|100|14|5,4,100,14,5,False,5|12|2|2
2|2,antifundxantifund:-2 + singletxantisym2:-1 + singletxsinglet:3 + singletxsym2:1 + sym2xsinglet:1,True,True,True,4|100|14|5,4,100,14,5,False,5|12|2|2
2|2,antifundxantifund:-2 + singletxantisym2:3 + singletxsinglet:-1 + singletxsym2:1 + sym2xsinglet:1,True,True,True,4|100|14|5,4,100,14,5,False,5|12|2|2
2|2,antifundxantifund:-2 + singletxsinglet:-1 + singletxsinglet:3 + singletxsym2:1 + sym2xsinglet:1,True,True,True,4|100|14|5,4,100,14,5,False,5|12|2|2
2|2,antifundxantifund:2 + antisym2xsinglet:-3 + antisym2xsinglet:1 + singletxadjoint:-1 + sym2xsinglet:-1,True,True,True,4|100|14|5,4,100,14,5,False,5|12|2|2
2|2,antifundxantifund:2 + antisym2xsinglet:-3 + antisym2xsinglet:1 + singletxsym2:-1 + sym2xsinglet:-1,True,True,True,4|100|14|5,4,100,14,5,False,5|12|2|2
2|2,antifundxantifund:2 + antisym2xsinglet:-3 + singletxadjoint:-1 + singletxantisym2:1 + sym2xsinglet:-1,True,True,True,4|100|14|5,4,100,14,5,False,5|12|2|2
2|2,antifundxantifund:2 + antisym2xsinglet:-3 + singletxadjoint:-1 + singletxsinglet:1 + sym2xsinglet:-1,True,True,True,4|100|14|5,4,100,14,5,False,5|12|2|2
2|2,antifundxantifund:2 + antisym2xsinglet:-3 + singletxantisym2:1 + singletxsym2:-1 + sym2xsinglet:-1,True,True,True,4|100|14|5,4,100,14,5,False,5|12|2|2
2|2,antifundxantifund:2 + antisym2xsinglet:-3 + singletxsinglet:1 + singletxsym2:-1 + sym2xsinglet:-1,True,True,True,4|100|14|5,4,100,14,5,False,5|12|2|2
2|2,antifundxantifund:2 + antisym2xsinglet:1 + singletxadjoint:-1 + singletxantisym2:-3 + sym2xsinglet:-1,True,True,True,4|100|14|5,4,100,14,5,False,5|12|2|2
2|2,antifundxantifund:2 + antisym2xsinglet:1 + singletxadjoint:-1 + singletxsinglet:-3 + sym2xsinglet:-1,True,True,True,4|100|14|5,4,100,14,5,False,5|12|2|2
2|2,antifundxantifund:2 + antisym2xsinglet:1 + singletxantisym2:-3 + singletxsym2:-1 + sym2xsinglet:-1,True,True,True,4|100|14|5,4,100,14,5,False,5|12|2|2
2|2,antifundxantifund:2 + antisym2xsinglet:1 + singletxsinglet:-3 + singletxsym2:-1 + sym2xsinglet:-1,True,True,True,4|100|14|5,4,100,14,5,False,5|12|2|2
2|2,antifundxantifund:2 + singletxadjoint:-1 + singletxantisym2:-3 + singletxantisym2:1 + sym2xsinglet:-1,True,True,True,4|100|14|5,4,100,14,5,False,5|12|2|2
2|2,antifundxantifund:2 + singletxadjoint:-1 + singletxantisym2:-3 + singletxsinglet:1 + sym2xsinglet:-1,True,True,True,4|100|14|5,4,100,14,5,False,5|12|2|2
2|2,antifundxantifund:2 + singletxadjoint:-1 + singletxantisym2:1 + singletxsinglet:-3 + sym2xsinglet:-1,True,True,True,4|100|14|5,4,100,14,5,False,5|12|2|2
2|2,antifundxantifund:2 + singletxadjoint:-1 + singletxsinglet:-3 + singletxsinglet:1 + sym2xsinglet:-1,True,True,True,4|100|14|5,4,100,14,5,False,5|12|2|2
2|2,antifundxantifund:2 + singletxantisym2:-3 + singletxantisym2:1 + singletxsym2:-1 + sym2xsinglet:-1,True,True,True,4|100|14|5,4,100,14,5,False,5|12|2|2
2|2,antifundxantifund:2 + singletxantisym2:-3 + singletxsinglet:1 + singletxsym2:-1 + sym2xsinglet:-1,True,True,True,4|100|14|5,4,100,14,5,False,5|12|2|2
2|2,antifundxantifund:2 + singletxantisym2:1 + singletxsinglet:-3 + singletxsym2:-1 + sym2xsinglet:-1,True,True,True,4|100|14|5,4,100,14,5,False,5|12|2|2
2|2,antifundxantifund:2 + singletxsinglet:-3 + singletxsinglet:1 + singletxsym2:-1 + sym2xsinglet:-1,True,True,True,4|100|14|5,4,100,14,5,False,5|12|2|2
2|2,antifundxfund:-2 + antisym2xsinglet:-1 + antisym2xsinglet:3 + singletxadjoint:1 + sym2xsinglet:1,True,True,True,4|100|14|5,4,100,14,5,False,5|12|2|2
2|2,antifundxfund:-2 + antisym2xsinglet:-1 + antisym2xsinglet:3 + singletxsym2:1 + sym2xsinglet:1,True,True,True,4|100|14|5,4,100,14,5,False,5|12|2|2
2|2,antifundxfund:-2 + antisym2xsinglet:-1 + singletxadjoint:1 + singletxantisym2:3 + sym2xsinglet:1,True,True,True,4|100|14|5,4,100,14,5,False,5|12|2|2
2|2,antifundxfund:-2 + antisym2xsinglet:-1 + singletxadjoint:1 + singletxsinglet:3 + sym2xsinglet:1,True,True,True,4|100|14|5,4,100,14,5,False,5|12|2|2
2|2,antifundxfund:-2 + antisym2xsinglet:-1 + singletxantisym2:3 + singletxsym2:1 + sym2xsinglet:1,True,True,True,4|100|14|5,4,100,14,5,False,5|12|2|2
2|2,antifundxfund:-2 + antisym2xsinglet:-1 + singletxsinglet:3 + singletxsym2:1 + sym2xsinglet:1,True,True,True,4|100|14|5,4,100,14,5,False,5|12|2|2
2|2,antifundxfund:-2 + antisym2xsinglet:3 + singletxadjoint:1 + singletxantisym2:-1 + sym2xsinglet:1,True,True,True,4|100|14|5,4,100,14,5,False,5|12|2|2
2|2,antifundxfund:-2 + antisym2xsinglet:3 + singletxadjoint:1 + singletxsinglet:-1 + sym2xsinglet:1,True,True,True,4|100|14|5,4,100,14,5,False,5|12|2|2
2|2,antifundxfund:-2 + antisym2xsinglet:3 + singletxantisym2:-1 + singletxsym2:1 + sym2xsinglet:1,True,True,True,4|100|14|5,4,100,14,5,False,5|12|2|2
2|2,antifundxfund:-2 + antisym2xsinglet:3 + singletxsinglet:-1 + singletxsym2:1 + sym2xsinglet:1,True,True,True,4|100|14|5,4,100,14,5,False,5|12|2|2
2|2,antifundxfund:-2 + singletxadjoint:1 + singletxantisym2:-1 + singletxantisym2:3 + sym2xsinglet:1,True,True,True,4|100|14|5,4,100,14,5,False,5|12|2|2
2|2,antifundxfund:-2 + singletxadjoint:1 + singletxantisym2:-1 + singletxsinglet:3 + sym2xsinglet:1,True,True,True,4|100|14|5,4,100,14,5,False,5|12|2|2
2|2,antifundxfund:-2 + singletxadjoint:1 + singletxantisym2:3 + singletxsinglet:-1 + sym2xsinglet:1,True,True,True,4|100|14|5,4,100,14,5,False,5|12|2|2
2|2,antifundxfund:-2 + singletxadjoint:1 + singletxsinglet:-1 + singletxsinglet:3 + sym2xsinglet:1,True,True,True,4|100|14|5,4,100,14,5,False,5|12|2|2
2|2,antifundxfund:-2 + singletxantisym2:-1 + singletxantisym2:3 + singletxsym2:1 + sym2xsinglet:1,True,True,True,4|100|14|5,4,100,14,5,False,5|12|2|2
2|2,antifundxfund:-2 + singletxantisym2:-1 + singletxsinglet:3 + singletxsym2:1 + sym2xsinglet:1,True,True,True,4|100|14|5,4,100,14,5,False,5|12|2|2
2|2,antifundxfund:-2 + singletxantisym2:3 + singletxsinglet:-1 + singletxsym2:1 + sym2xsinglet:1,True,True,True,4|100|14|5,4,100,14,5,False,5|12|2|2
2|2,antifundxfund:-2 + singletxsinglet:-1 + singletxsinglet:3 + singletxsym2:1 + sym2xsinglet:1,True,True,True,4|100|14|5,4,100,14,5,False,5|12|2|2
2|2,antifundxfund:2 + antisym2xsinglet:-3 + antisym2xsinglet:1 + singletxadjoint:-1 + sym2xsinglet:-1,True,True,True,4|100|14|5,4,100,14,5,False,5|12|2|2
2|2,antifundxfund:2 + antisym2xsinglet:-3 + antisym2xsinglet:1 + singletxsym2:-1 + sym2xsinglet:-1,True,True,True,4|100|14|5,4,100,14,5,False,5|12|2|2
2|2,antifundxfund:2 + antisym2xsinglet:-3 + singletxadjoint:-1 + singletxantisym2:1 + sym2xsinglet:-1,True,True,True,4|100|14|5,4,100,14,5,False,5|12|2|2
2|2,antifundxfund:2 + antisym2xsinglet:-3 + singletxadjoint:-1 + singletxsinglet:1 + sym2xsinglet:-1,True,True,True,4|100|14|5,4,100,14,5,False,5|12|2|2
2|2,antifundxfund:2 + antisym2xsinglet:-3 + singletxantisym2:1 + singletxsym2:-1 + sym2xsinglet:-1,True,True,True,4|100|14|5,4,100,14,5,False,5|12|2|2
2|2,antifundxfund:2 + antisym2xsinglet:-3 + singletxsinglet:1 + singletxsym2:-1 + sym2xsinglet:-1,True,True,True,4|100|14|5,4,100,14,5,False,5|12|2|2
2|2,antifundxfund:2 + antisym2xsinglet:1 + singletxadjoint:-1 + singletxantisym2:-3 + sym2xsinglet:-1,True,True,True,4|100|14|5,4,100,14,5,False,5|12|2|2
2|2,antifundxfund:2 + antisym2xsinglet:1 + singletxadjoint:-1 + singletxsinglet:-3 + sym2xsinglet:-1,True,True,True,4|100|14|5,4,100,14,5,False,5|12|2|2
2|2,antifundxfund:2 + antisym2xsinglet:1 + singletxantisym2:-3 + singletxsym2:-1 + sym2xsinglet:-1,True,True,True,4|100|14|5,4,100,14,5,False,5|12|2|2
2|2,antifundxfund:2 + antisym2xsinglet:1 + singletxsinglet:-3 + singletxsym2:-1 + sym2xsinglet:-1,True,True,True,4|100|14|5,4,100,14,5,False,5|12|2|2
2|2,antifundxfund:2 + singletxadjoint:-1 + singletxantisym2:-3 + singletxantisym2:1 + sym2xsinglet:-1,True,True,True,4|100|14|5,4,100,14,5,False,5|12|2|2
2|2,antifundxfund:2 + singletxadjoint:-1 + singletxantisym2:-3 + singletxsinglet:1 + sym2xsinglet:-1,True,True,True,4|100|14|5,4,100,14,5,False,5|12|2|2
2|2,antifundxfund:2 + singletxadjoint:-1 + singletxantisym2:1 + singletxsinglet:-3 + sym2xsinglet:-1,True,True,True,4|100|14|5,4,100,14,5,False,5|12|2|2
2|2,antifundxfund:2 + singletxadjoint:-1 + singletxsinglet:-3 + singletxsinglet:1 + sym2xsinglet:-1,True,True,True,4|100|14|5,4,100,14,5,False,5|12|2|2
2|2,antifundxfund:2 + singletxantisym2:-3 + singletxantisym2:1 + singletxsym2:-1 + sym2xsinglet:-1,True,True,True,4|100|14|5,4,100,14,5,False,5|12|2|2
2|2,antifundxfund:2 + singletxantisym2:-3 + singletxsinglet:1 + singletxsym2:-1 + sym2xsinglet:-1,True,True,True,4|100|14|5,4,100,14,5,False,5|12|2|2
2|2,antifundxfund:2 + singletxantisym2:1 + singletxsinglet:-3 + singletxsym2:-1 + sym2xsinglet:-1,True,True,True,4|100|14|5,4,100,14,5,False,5|12|2|2
2|2,antifundxfund:2 + singletxsinglet:-3 + singletxsinglet:1 + singletxsym2:-1 + sym2xsinglet:-1,True,True,True,4|100|14|5,4,100,14,5,False,5|12|2|2
2|2,antisym2xsinglet:-1 + antisym2xsinglet:3 + fundxantifund:-2 + singletxadjoint:1 + sym2xsinglet:1,True,True,True,4|100|14|5,4,100,14,5,False,5|12|2|2
2|2,antisym2xsinglet:-1 + antisym2xsinglet:3 + fundxantifund:-2 + singletxsym2:1 + sym2xsinglet:1,True,True,True,4|100|14|5,4,100,14,5,False,5|12|2|2
2|2,antisym2xsinglet:-1 + antisym2xsinglet:3 + fundxfund:-2 + singletxadjoint:1 + sym2xsinglet:1,True,True,True,4|100|14|5,4,100,14,5,False,5|12|2|2
2|2,antisym2xsinglet:-1 + antisym2xsinglet:3 + fundxfund:-2 + singletxsym2:1 + sym2xsinglet:1,True,True,True,4|100|14|5,4,100,14,5,False,5|12|2|2
2|2,antisym2xsinglet:-1 + fundxantifund:-2 + singletxadjoint:1 + singletxantisym2:3 + sym2xsinglet:1,True,True,True,4|100|14|5,4,100,14,5,False,5|12|2|2
2|2,antisym2xsinglet:-1 + fundxantifund:-2 + singletxadjoint:1 + singletxsinglet:3 + sym2xsinglet:1,True,True,True,4|100|14|5,4,100,14,5,False,5|12|2|2
2|2,antisym2xsinglet:-1 + fundxantifund:-2 + singletxantisym2:3 + singletxsym2:1 + sym2xsinglet:1,True,True,True,4|100|14|5,4,100,14,5,False,5|12|2|2
2|2,antisym2xsinglet:-1 + fundxantifund:-2 + singletxsinglet:3 + singletxsym2:1 + sym2xsinglet:1,True,True,True,4|100|14|5,4,100,14,5,False,5|12|2|2
2|2,antisym2xsinglet:-1 + fundxfund:-2 + singletxadjoint:1 + singletxantisym2:3 + sym2xsinglet:1,True,True,True,4|100|14|5,4,100,14,5,False,5|12|2|2
2|2,antisym2xsinglet:-1 + fundxfund:-2 + singletxadjoint:1 + singletxsinglet:3 + sym2xsinglet:1,True,True,True,4|100|14|5,4,100,14,5,False,5|12|2|2
2|2,antisym2xsinglet:-1 + fundxfund:-2 + singletxantisym2:3 + singletxsym2:1 + sym2xsinglet:1,True,True,True,4|100|14|5,4,100,14,5,False,5|12|2|2
2|2,antisym2xsinglet:-1 + fundxfund:-2 + singletxsinglet:3 + singletxsym2:1 + sym2xsinglet:1,True,True,True,4|100|14|5,4,100,14,5,False,5|12|2|2
2|2,antisym2xsinglet:-3 + antisym2xsinglet:1 + fundxantifund:2 + singletxadjoint:-1 + sym2xsinglet:-1,True,True,True,4|100|14|5,4,100,14,5,False,5|12|2|2
2|2,antisym2xsinglet:-3 + antisym2xsinglet:1 + fundxantifund:2 + singletxsym2:-1 + sym2xsinglet:-1,True,True,True,4|100|14|5,4,100,14,5,False,5|12|2|2
2|2,antisym2xsinglet:-3 + antisym2xsinglet:1 + fundxfund:2 + singletxadjoint:-1 + sym2xsinglet:-1,True,True,True,4|100|14|5,4,100,14,5,False,5|12|2|2
2|2,antisym2xsinglet:-3 + antisym2xsinglet:1 + fundxfund:2 + singletxsym2:-1 + sym2xsinglet:-1,True,True,True,4|100|14|5,4,100,14,5,False,5|12|2|2
2|2,antisym2xsinglet:-3 + fundxantifund:2 + singletxadjoint:-1 + singletxantisym2:1 + sym2xsinglet:-1,True,True,True,4|100|14|5,4,100,14,5,False,5|12|2|2
2|2,antisym2xsinglet:-3 + fundxantifund:2 + singletxadjoint:-1 + singletxsinglet:1 + sym2xsinglet:-1,True,True,True,4|100|14|5,4,100,14,5,False,5|12|2|2
2|2,antisym2xsinglet:-3 + fundxantifund:2 + singletxantisym2:1 + singletxsym2:-1 + sym2xsinglet:-1,True,True,True,4|100|14|5,4,100,14,5,False,5|12|2|2
2|2,antisym2xsinglet:-3 + fundxantifund:2 + singletxsinglet:1 + singletxsym2:-1 + sym2xsinglet:-1,True,True,True,4|100|14|5,4,100,14,5,False,5|12|2|2
2|2,antisym2xsinglet:-3 + fundxfund:2 + singletxadjoint:-1 + singletxantisym2:1 + sym2xsinglet:-1,True,True,True,4|100|14|5,4,100,14,5,False,5|12|2|2
2|2,antisym2xsinglet:-3 + fundxfund:2 + singletxadjoint:-1 + singletxsinglet:1 + sym2xsinglet:-1,True,True,True,4|100|14|5,4,100,14,5,False,5|12|2|2
2|2,antisym2xsinglet:-3 + fundxfund:2 + singletxantisym2:1 + singletxsym2:-1 + sym2xsinglet:-1,True,True,True,4|100|14|5,4,100,14,5,False,5|12|2|2
2|2,antisym2xsinglet:-3 + fundxfund:2 + singletxsinglet:1 + singletxsym2:-1 + sym2xsinglet:-1,True,True,True,4|100|14|5,4,100,14,5,False,5|12|2|2
2|2,antisym2xsinglet:1 + fundxantifund:2 + singletxadjoint:-1 + singletxantisym2:-3 + sym2xsinglet:-1,True,True,True,4|100|14|5,4,100,14,5,False,5|12|2|2
2|2,antisym2xsinglet:1 + fundxantifund:2 + singletxadjoint:-1 + singletxsinglet:-3 + sym2xsinglet:-1,True,True,True,4|100|14|5,4,100,14,5,False,5|12|2|2
2|2,antisym2xsinglet:1 + fundxantifund:2 + singletxantisym2:-3 + singletxsym2:-1 + sym2xsinglet:-1,True,True,True,4|100|14|5,4,100,14,5,False,5|12|2|2
2|2,antisym2xsinglet:1 + fundxantifund:2 + singletxsinglet:-3 + singletxsym2:-1 + sym2xsinglet:-1,True,True,True,4|100|14|5,4,100,14,5,False,5|12|2|2
2|2,antisym2xsinglet:1 + fundxfund:2 + singletxadjoint:-1 + singletxantisym2:-3 + sym2xsinglet:-1,True,True,True,4|100|14|5,4,100,14,5,False,5|12|2|2
2|2,antisym2xsinglet:1 + fundxfund:2 + singletxadjoint:-1 + singletxsinglet:-3 + sym2xsinglet:-1,True,True,True,4|100|14|5,4,100,14,5,False,5|12|2|2
2|2,antisym2xsinglet:1 + fundxfund:2 + singletxantisym2:-3 + singletxsym2:-1 + sym2xsinglet:-1,True,True,True,4|100|14|5,4,100,14,5,False,5|12|2|2
2|2,antisym2xsinglet:1 + fundxfund:2 + singletxsinglet:-3 + singletxsym2:-1 + sym2xsinglet:-1,True,True,True,4|100|14|5,4,100,14,5,False,5|12|2|2
2|2,antisym2xsinglet:3 + fundxantifund:-2 + singletxadjoint:1 + singletxantisym2:-1 + sym2xsinglet:1,True,True,True,4|100|14|5,4,100,14,5,False,5|12|2|2
2|2,antisym2xsinglet:3 + fundxantifund:-2 + singletxadjoint:1 + singletxsinglet:-1 + sym2xsinglet:1,True,True,True,4|100|14|5,4,100,14,5,False,5|12|2|2
2|2,antisym2xsinglet:3 + fundxantifund:-2 + singletxantisym2:-1 + singletxsym2:1 + sym2xsinglet:1,True,True,True,4|100|14|5,4,100,14,5,False,5|12|2|2
2|2,antisym2xsinglet:3 + fundxantifund:-2 + singletxsinglet:-1 + singletxsym2:1 + sym2xsinglet:1,True,True,True,4|100|14|5,4,100,14,5,False,5|12|2|2
2|2,antisym2xsinglet:3 + fundxfund:-2 + singletxadjoint:1 + singletxantisym2:-1 + sym2xsinglet:1,True,True,True,4|100|14|5,4,100,14,5,False,5|12|2|2
2|2,antisym2xsinglet:3 + fundxfund:-2 + singletxadjoint:1 + singletxsinglet:-1 + sym2xsinglet:1,True,True,True,4|100|14|5,4,100,14,5,False,5|12|2|2
2|2,antisym2xsinglet:3 + fundxfund:-2 + singletxantisym2:-1 + singletxsym2:1 + sym2xsinglet:1,True,True,True,4|100|14|5,4,100,14,5,False,5|12|2|2
2|2,antisym2xsinglet:3 + fundxfund:-2 + singletxsinglet:-1 + singletxsym2:1 + sym2xsinglet:1,True,True,True,4|100|14|5,4,100,14,5,False,5|12|2|2
2|2,fundxantifund:-2 + singletxadjoint:1 + singletxantisym2:-1 + singletxantisym2:3 + sym2xsinglet:1,True,True,True,4|100|14|5,4,100,14,5,False,5|12|2|2
2|2,fundxantifund:-2 + singletxadjoint:1 + singletxantisym2:-1 + singletxsinglet:3 + sym2xsinglet:1,True,True,True,4|100|14|5,4,100,14,5,False,5|12|2|2
2|2,fundxantifund:-2 + singletxadjoint:1 + singletxantisym2:3 + singletxsinglet:-1 + sym2xsinglet:1,True,True,True,4|100|14|5,4,100,14,5,False,5|12|2|2
2|2,fundxantifund:-2 + singletxadjoint:1 + singletxsinglet:-1 + singletxsinglet:3 + sym2xsinglet:1,True,True,True,4|100|14|5,4,100,14,5,False,5|12|2|2
2|2,fundxantifund:-2 + singletxantisym2:-1 + singletxantisym2:3 + singletxsym2:1 + sym2xsinglet:1,True,True,True,4|100|14|5,4,100,14,5,False,5|12|2|2
2|2,fundxantifund:-2 + singletxantisym2:-1 + singletxsinglet:3 + singletxsym2:1 + sym2xsinglet:1,True,True,True,4|100|14|5,4,100,14,5,False,5|12|2|2
2|2,fundxantifund:-2 + singletxantisym2:3 + singletxsinglet:-1 + singletxsym2:1 + sym2xsinglet:1,True,True,True,4|100|14|5,4,100,14,5,False,5|12|2|2
2|2,fundxantifund:-2 + singletxsinglet:-1 + singletxsinglet:3 + singletxsym2:1 + sym2xsinglet:1,True,True,True,4|100|14|5,4,100,14,5,False,5|12|2|2
2|2,fundxantifund:2 + singletxadjoint:-1 + singletxantisym2:-3 + singletxantisym2:1 + sym2xsinglet:-1,True,True,True,4|100|14|5,4,100,14,5,False,5|12|2|2
2|2,fundxantifund:2 + singletxadjoint:-1 + singletxantisym2:-3 + singletxsinglet:1 + sym2xsinglet:-1,True,True,True,4|100|14|5,4,100,14,5,False,5|12|2|2
2|2,fundxantifund:2 + singletxadjoint:-1 + singletxantisym2:1 + singletxsinglet:-3 + sym2xsinglet:-1,True,True,True,4|100|14|5,4,100,14,5,False,5|12|2|2
2|2,fundxantifund:2 + singletxadjoint:-1 + singletxsinglet:-3 + singletxsinglet:1 + sym2xsinglet:-1,True,True,True,4|100|14|5,4,100,14,5,False,5|12|2|2
2|2,fundxantifund:2 + singletxantisym2:-3 + singletxantisym2:1 + singletxsym2:-1 + sym2xsinglet:-1,True,True,True,4|100|14|5,4,100,14,5,False,5|12|2|2
2|2,fundxantifund:2 + singletxantisym2:-3 + singletxsinglet:1 + singletxsym2:-1 + sym2xsinglet:-1,True,True,True,4|100|14|5,4,100,14,5,False,5|12|2|2
2|2,fundxantifund:2 + singletxantisym2:1 + singletxsinglet:-3 + singletxsym2:-1 + sym2xsinglet:-1,True,True,True,4|100|14|5,4,100,14,5,False,5|12|2|2
2|2,fundxantifund:2 + singletxsinglet:-3 + singletxsinglet:1 + singletxsym2:-1 + sym2xsinglet:-1,True,True,True,4|100|14|5,4,100,14,5,False,5|12|2|2
2|2,fundxfund:-2 + singletxadjoint:1 + singletxantisym2:-1 + singletxantisym2:3 + sym2xsinglet:1,True,True,True,4|100|14|5,4,100,14,5,False,5|12|2|2
2|2,fundxfund:-2 + singletxadjoint:1 + singletxantisym2:-1 + singletxsinglet:3 + sym2xsinglet:1,True,True,True,4|100|14|5,4,100,14,5,False,5|12|2|2
2|2,fundxfund:-2 + singletxadjoint:1 + singletxantisym2:3 + singletxsinglet:-1 + sym2xsinglet:1,True,True,True,4|100|14|5,4,100,14,5,False,5|12|2|2
2|2,fundxfund:-2 + singletxadjoint:1 + singletxsinglet:-1 + singletxsinglet:3 + sym2xsinglet:1,True,True,True,4|100|14|5,4,100,14,5,False,5|12|2|2
2|2,fundxfund:-2 + singletxantisym2:-1 + singletxantisym2:3 + singletxsym2:1 + sym2xsinglet:1,True,True,True,4|100|14|5,4,100,14,5,False,5|12|2|2
2|2,fundxfund:-2 + singletxantisym2:-1 + singletxsinglet:3 + singletxsym2:1 + sym2xsinglet:1,True,True,True,4|100|14|5,4,100,14,5,False,5|12|2|2
2|2,fundxfund:-2 + singletxantisym2:3 + singletxsinglet:-1 + singletxsym2:1 + sym2xsinglet:1,True,True,True,4|100|14|5,4,100,14,5,False,5|12|2|2
2|2,fundxfund:-2 + singletxsinglet:-1 + singletxsinglet:3 + singletxsym2:1 + sym2xsinglet:1,True,True,True,4|100|14|5,4,100,14,5,False,5|12|2|2
2|2,fundxfund:2 + singletxadjoint:-1 + singletxantisym2:-3 + singletxantisym2:1 + sym2xsinglet:-1,True,True,True,4|100|14|5,4,100,14,5,False,5|12|2|2
2|2,fundxfund:2 + singletxadjoint:-1 + singletxantisym2:-3 + singletxsinglet:1 + sym2xsinglet:-1,True,True,True,4|100|14|5,4,100,14,5,False,5|12|2|2
2|2,fundxfund:2 + singletxadjoint:-1 + singletxantisym2:1 + singletxsinglet:-3 + sym2xsinglet:-1,True,True,True,4|100|14|5,4,100,14,5,False,5|12|2|2
2|2,fundxfund:2 + singletxadjoint:-1 + singletxsinglet:-3 + singletxsinglet:1 + sym2xsinglet:-1,True,True,True,4|100|14|5,4,100,14,5,False,5|12|2|2
2|2,fundxfund:2 + singletxantisym2:-3 + singletxantisym2:1 + singletxsym2:-1 + sym2xsinglet:-1,True,True,True,4|100|14|5,4,100,14,5,False,5|12|2|2
2|2,fundxfund:2 + singletxantisym2:-3 + singletxsinglet:1 + singletxsym2:-1 + sym2xsinglet:-1,True,True,True,4|100|14|5,4,100,14,5,False,5|12|2|2
2|2,fundxfund:2 + singletxantisym2:1 + singletxsinglet:-3 + singletxsym2:-1 + sym2xsinglet:-1,True,True,True,4|100|14|5,4,100,14,5,False,5|12|2|2
2|2,fundxfund:2 + singletxsinglet:-3 + singletxsinglet:1 + singletxsym2:-1 + sym2xsinglet:-1,True,True,True,4|100|14|5,4,100,14,5,False,5|12|2|2
4,antifund:-1 + antifund:1 + fund:-2 + fund:2,True,True,True,4|106|16|4,4,106,16,4,False,4|16|3|1
4,antifund:-2 + antifund:2 + fund:-1 + fund:1,True,True,True,4|106|16|4,4,106,16,4,False,4|16|3|1
2|2,adjointxsinglet:-1 + adjointxsinglet:2 + antifundxantifund:-2 + antisym2xsinglet:2 + singletxadjoint:1,True,True,True,4|116|15|4,4,116,15,4,False,5|14|2|2
2|2,adjointxsinglet:-1 + adjointxsinglet:2 + antifundxantifund:-2 + antisym2xsinglet:2 + singletxsym2:1,True,True,True,4|116|15|4,4,116,15,4,False,5|14|2|2
2|2,adjointxsinglet:-1 + adjointxsinglet:2 + antifundxantifund:-2 + singletxadjoint:1 + singletxantisym2:2,True,True,True,4|116|15|4,4,116,15,4,False,5|14|2|2
2|2,adjointxsinglet:-1 + adjointxsinglet:2 + antifundxantifund:-2 + singletxadjoint:1 + singletxsinglet:2,True,True,True,4|116|15|4,4,116,15,4,False,5|14|2|2
2|2,adjointxsinglet:-1 + adjointxsinglet:2 + antifundxantifund:-2 + singletxantisym2:2 + singletxsym2:1,True,True,True,4|116|15|4,4,116,15,4,False,5|14|2|2
2|2,adjointxsinglet:-1 + adjointxsinglet:2 + antifundxantifund:-2 + singletxsinglet:2 + singletxsym2:1,True,True,True,4|116|15|4,4,116,15,4,False,5|14|2|2
2|2,adjointxsinglet:-1 + adjointxsinglet:2 + antifundxfund:-2 + antisym2xsinglet:2 + singletxadjoint:1,True,True,True,4|116|15|4,4,116,15,4,False,5|14|2|2
2|2,adjointxsinglet:-1 + adjointxsinglet:2 + antifundxfund:-2 + antisym2xsinglet:2 + singletxsym2:1,True,True,True,4|116|15|4,4,116,15,4,False,5|14|2|2
2|2,adjointxsinglet:-1 + adjointxsinglet:2 + antifundxfund:-2 + singletxadjoint:1 + singletxantisym2:2,True,True,True,4|116|15|4,4,116,15,4,False,5|14|2|2
2|2,adjointxsinglet:-1 + adjointxsinglet:2 + antifundxfund:-2 + singletxadjoint:1 + singletxsinglet:2,True,True,True,4|116|15|4,4,116,15,4,False,5|14|2|2
2|2,adjointxsinglet:-1 + adjointxsinglet:2 + antifundxfund:-2 + singletxantisym2:2 + singletxsym2:1,True,True,True,4|116|15|4,4,116,15,4,False,5|14|2|2
2|2,adjointxsinglet:-1 + adjointxsinglet:2 + antifundxfund:-2 + singletxsinglet:2 + singletxsym2:1,True,True,True,4|116|15|4,4,116,15,4,False,5|14|2|2
2|2,adjointxsinglet:-1 + adjointxsinglet:2 + antisym2xsinglet:2 + fundxantifund:-2 + singletxadjoint:1,True,True,True,4|116|15|4,4,116,15,4,False,5|14|2|2
2|2,adjointxsinglet:-1 + adjointxsinglet:2 + antisym2xsinglet:2 + fundxantifund:-2 + singletxsym2:1,True,True,True,4|116|15|4,4,116,15,4,False,5|14|2|2
2|2,adjointxsinglet:-1 + adjointxsinglet:2 + antisym2xsinglet:2 + fundxfund:-2 + singletxadjoint:1,True,True,True,4|116|15|4,4,116,15,4,False,5|14|2|2
2|2,adjointxsinglet:-1 + adjointxsinglet:2 + antisym2xsinglet:2 + fundxfund:-2 + singletxsym2:1,True,True,True,4|116|15|4,4,116,15,4,False,5|14|2|2
2|2,adjointxsinglet:-1 + adjointxsinglet:2 + fundxantifund:-2 + singletxadjoint:1 + singletxantisym2:2,True,True,True,4|116|15|4,4,116,15,4,False,5|14|2|2
2|2,adjointxsinglet:-1 + adjointxsinglet:2 + fundxantifund:-2 + singletxadjoint:1 + singletxsinglet:2,True,True,True,4|116|15|4,4,116,15,4,False,5|14|2|2
2|2,adjointxsinglet:-1 + adjointxsinglet:2 + fundxantifund:-2 + singletxantisym2:2 + singletxsym2:1,True,True,True,4|116|15|4,4,116,15,4,False,5|14|2|2
2|2,adjointxsinglet:-1 + adjointxsinglet:2 + fundxantifund:-2 + singletxsinglet:2 + singletxsym2:1,True,True,True,4|116|15|4,4,116,15,4,False,5|14|2|2
2|2,adjointxsinglet:-1 + adjointxsinglet:2 + fundxfund:-2 + singletxadjoint:1 + singletxantisym2:2,True,True,True,4|116|15|4,4,116,15,4,False,5|14|2|2
2|2,adjointxsinglet:-1 + adjointxsinglet:2 + fundxfund:-2 + singletxadjoint:1 + singletxsinglet:2,True,True,True,4|116|15|4,4,116,15,4,False,5|14|2|2
2|2,adjointxsinglet:-1 + adjointxsinglet:2 + fundxfund:-2 + singletxantisym2:2 + singletxsym2:1,True,True,True,4|116|15|4,4,116,15,4,False,5|14|2|2
2|2,adjointxsinglet:-1 + adjointxsinglet:2 + fundxfund:-2 + singletxsinglet:2 + singletxsym2:1,True,True,True,4|116|15|4,4,116,15,4,False,5|14|2|2
2|2,adjointxsinglet:-1 + antifundxantifund:-2 + antisym2xsinglet:2 + singletxadjoint:1 + sym2xsinglet:2,True,True,True,4|116|15|4,4,116,15,4,False,5|14|2|2
2|2,adjointxsinglet:-1 + antifundxantifund:-2 + antisym2xsinglet:2 + singletxsym2:1 + sym2xsinglet:2,True,True,True,4|116|15|4,4,116,15,4,False,5|14|2|2
2|2,adjointxsinglet:-1 + antifundxantifund:-2 + singletxadjoint:1 + singletxantisym2:2 + sym2xsinglet:2,True,True,True,4|116|15|4,4,116,15,4,False,5|14|2|2
2|2,adjointxsinglet:-1 + antifundxantifund:-2 + singletxadjoint:1 + singletxsinglet:2 + sym2xsinglet:2,True,True,True,4|116|15|4,4,116,15,4,False,5|14|2|2
2|2,adjointxsinglet:-1 + antifundxantifund:-2 + singletxantisym2:2 + singletxsym2:1 + sym2xsinglet:2,True,True,True,4|116|15|4,4,116,15,4,False,5|14|2|2
2|2,adjointxsinglet:-1 + antifundxantifund:-2 + singletxsinglet:2 + singletxsym2:1 + sym2xsinglet:2,True,True,True,4|116|15|4,4,116,15,4,False,5|14|2|2
2|2,adjointxsinglet:-1 + antifundxantifund:2 + antisym2xsinglet:-2 + singletxadjoint:-2 + singletxadjoint:1,True,True,True,4|116|15|4,4,116,15,4,False,5|14|2|2
2|2,adjointxsinglet:-1 + antifundxantifund:2 + antisym2xsinglet:-2 + singletxadjoint:-2 + singletxsym2:1,True,True,True,4|116|15|4,4,116,15,4,False,5|14|2|2
2|2,adjointxsinglet:-1 + antifundxantifund:2 + antisym2xsinglet:-2 + singletxadjoint:1 + singletxsym2:-2,True,True,True,4|116|15|4,4,116,15,4,False,5|14|2|2
2|2,adjointxsinglet:-1 + antifundxantifund:2 + antisym2xsinglet:-2 + singletxsym2:-2 + singletxsym2:1,True,True,True,4|116|15|4,4,116,15,4,False,5|14|2|2
2|2,adjointxsinglet:-1 + antifundxantifund:2 + singletxadjoint:-2 + singletxadjoint:1 + singletxantisym2:-2,True,True,True,4|116|15|4,4,116,15,4,False,5|14|2|2
2|2,adjointxsinglet:-1 + antifundxantifund:2 + singletxadjoint:-2 + singletxadjoint:1 + singletxsinglet:-2,True,True,True,4|116|15|4,4,116,15,4,False,5|14|2|2
2|2,adjointxsinglet:-1 + antifundxantifund:2 + singletxadjoint:-2 + singletxantisym2:-2 + singletxsym2:1,True,True,True,4|116|15|4,4,116,15,4,False,5|14|2|2
2|2,adjointxsinglet:-1 + antifundxantifund:2 + singletxadjoint:-2 + singletxsinglet:-2 + singletxsym2:1,True,True,True,4|116|15|4,4,116,15,4,False,5|14|2|2
2|2,adjointxsinglet:-1 + antifundxantifund:2 + singletxadjoint:1 + singletxantisym2:-2 + singletxsym2:-2,True,True,True,4|116|15|4,4,116,15,4,False,5|14|2|2
2|2,adjointxsinglet:-1 + antifundxantifund:2 + singletxadjoint:1 + singletxsinglet:-2 + singletxsym2:-2,True,True,True,4|116|15|4,4,116,15,4,False,5|14|2|2
2|2,adjointxsinglet:-1 + antifundxantifund:2 + singletxantisym2:-2 + singletxsym2:-2 + singletxsym2:1,True,True,True,4|116|15|4,4,116,15,4,False,5|14|2|2
2|2,adjointxsinglet:-1 + antifundxantifund:2 + singletxsinglet:-2 + singletxsym2:-2 + singletxsym2:1,True,True,True,4|116|15|4,4,116,15,4,False,5|14|2|2
2|2,adjointxsinglet:-1 + antifundxfund:-2 + antisym2xsinglet:2 + singletxadjoint:1 + sym2xsinglet:2,True,True,True,4|116|15|4,4,116,15,4,False,5|14|2|2
2|2,adjointxsinglet:-1 + antifundxfund:-2 + antisym2xsinglet:2 + singletxsym2:1 + sym2xsinglet:2,True,True,True,4|116|15|4,4,116,15,4,False,5|14|2|2
2|2,adjointxsinglet:-1 + antifundxfund:-2 + singletxadjoint:1 + singletxantisym2:2 + sym2xsinglet:2,True,True,True,4|116|15|4,4,116,15,4,False,5|14|2|2
2|2,adjointxsinglet:-1 + antifundxfund:-2 + singletxadjoint:1 + singletxsinglet:2 + sym2xsinglet:2,True,True,True,4|116|15|4,4,116,15,4,False,5|14|2|2
2|2,adjointxsinglet:-1 + antifundxfund:-2 + singletxantisym2:2 + singletxsym2:1 + sym2xsinglet:2,True,True,True,4|116|15|4,4,116,15,4,False,5|14|2|2
2|2,adjointxsinglet:-1 + antifundxfund:-2 + singletxsinglet:2 + singletxsym2:1 + sym2xsinglet:2,True,True,True,4|116|15|4,4,116,15,4,False,5|14|2|2
2|2,adjointxsinglet:-1 + antifundxfund:2 + antisym2xsinglet:-2 + singletxadjoint:-2 + singletxadjoint:1,True,True,True,4|116|15|4,4,116,15,4,False,5|14|2|2
2|2,adjointxsinglet:-1 + antifundxfund:2 + antisym2xsinglet:-2 + singletxadjoint:-2 + singletxsym2:1,True,True,True,4|116|15|4,4,116,15,4,False,5|14|2|2
2|2,adjointxsinglet:-1 + antifundxfund:2 + antisym2xsinglet:-2 + singletxadjoint:1 + singletxsym2:-2,True,True,True,4|116|15|4,4,116,15,4,False,5|14|2|2
2|2,adjointxsinglet:-1 + antifundxfund:2 + antisym2xsinglet:-2 + singletxsym2:-2 + singletxsym2:1,True,True,True,4|116|15|4,4,116,15,4,False,5|14|2|2
2|2,adjointxsinglet:-1 + antifundxfund:2 + singletxadjoint:-2 + singletxadjoint:1 + singletxantisym2:-2,True,True,True,4|116|15|4,4,116,15,4,False,5|14|2|2
2|2,adjointxsinglet:-1 + antifundxfund:2 + singletxadjoint:-2 + singletxadjoint:1 + singletxsinglet:-2,True,True,True,4|116|15|4,4,116,15,4,False,5|14|2|2
2|2,adjointxsinglet:-1 + antifundxfund:2 + singletxadjoint:-2 + singletxantisym2:-2 + singletxsym2:1,True,True,True,4|116|15|4,4,116,15,4,False,5|14|2|2
2|2,adjointxsinglet:-1 + antifundxfund:2 + singletxadjoint:-2 + singletxsinglet:-2 + singletxsym2:1,True,True,True,4|116|15|4,4,116,15,4,False,5|14|2|2
2|2,adjointxsinglet:-1 + antifundxfund:2 + singletxadjoint:1 + singletxantisym2:-2 + singletxsym2:-2,True,True,True,4|116|15|4,4,116,15,4,False,5|14|2|2
2|2,adjointxsinglet:-1 + antifundxfund:2 + singletxadjoint:1 + singletxsinglet:-2 + singletxsym2:-2,True,True,True,4|116|15|4,4,116,15,4,False,5|14|2|2
2|2,adjointxsinglet:-1 + antifundxfund:2 + singletxantisym2:-2 + singletxsym2:-2 + singletxsym2:1,True,True,True,4|116|15|4,4,116,15,4,False,5|14|2|2
2|2,adjointxsinglet:-1 + antifundxfund:2 + singletxsinglet:-2 + singletxsym2:-2 + singletxsym2:1,True,True,True,4|116|15|4,4,116,15,4,False,5|14|2|2
2|2,adjointxsinglet:-1 + antisym2xsinglet:-2 + fundxantifund:2 + singletxadjoint:-2 + singletxadjoint:1,True,True,True,4|116|15|4,4,116,15,4,False,5|14|2|2
2|2,adjointxsinglet:-1 + antisym2xsinglet:-2 + fundxantifund:2 + singletxadjoint:-2 + singletxsym2:1,True,True,True,4|116|15|4,4,116,15,4,False,5|14|2|2
2|2,adjointxsinglet:-1 + antisym2xsinglet:-2 + fundxantifund:2 + singletxadjoint:1 + singletxsym2:-2,True,True,True,4|116|15|4,4,116,15,4,False,5|14|2|2
2|2,adjointxsinglet:-1 + antisym2xsinglet:-2 + fundxantifund:2 + singletxsym2:-2 + singletxsym2:1,True,True,True,4|116|15|4,4,116,15,4,False,5|14|2|2
2|2,adjointxsinglet:-1 + antisym2xsinglet:-2 + fundxfund:2 + singletxadjoint:-2 + singletxadjoint:1,True,True,True,4|116|15|4,4,116,15,4,False,5|14|2|2
2|2,adjointxsinglet:-1 + antisym2xsinglet:-2 + fundxfund:2 + singletxadjoint:-2 + singletxsym2:1,True,True,True,4|116|15|4,4,116,15,4,False,5|14|2|2
2|2,adjointxsinglet:-1 + antisym2xsinglet:-2 + fundxfund:2 + singletxadjoint:1 + singletxsym2:-2,True,True,True,4|116|15|4,4,116,15,4,False,5|14|2|2
2|2,adjointxsinglet:-1 + antisym2xsinglet:-2 + fundxfund:2 + singletxsym2:-2 + singletxsym2:1,True,True,True,4|116|15|4,4,116,15,4,False,5|14|2|2
2|2,adjointxsinglet:-1 + antisym2xsinglet:2 + fundxantifund:-2 + singletxadjoint:1 + sym2xsinglet:2,True,True,True,4|116|15|4,4,116,15,4,False,5|14|2|2
2|2,adjointxsinglet:-1 + antisym2xsinglet:2 + fundxantifund:-2 + singletxsym2:1 + sym2xsinglet:2,True,True,True,4|116|15|4,4,116,15,4,False,5|14|2|2
2|2,adjointxsinglet:-1 + antisym2xsinglet:2 + fundxfund:-2 + singletxadjoint:1 + sym2xsinglet:2,True,True,True,4|116|15|4,4,116,15,4,False,5|14|2|2
2|2,adjointxsinglet:-1 + antisym2xsinglet:2 + fundxfund:-2 + singletxsym2:1 + sym2xsinglet:2,True,True,True,4|116|15|4,4,116,15,4,False,5|14|2|2
2|2,adjointxsinglet:-1 + fundxantifund:-2 + singletxadjoint:1 + singletxantisym2:2 + sym2xsinglet:2,True,True,True,4|116|15|4,4,116,15,4,False,5|14|2|2
2|2,adjointxsinglet:-1 + fundxantifund:-2 + singletxadjoint:1 + singletxsinglet:2 + sym2xsinglet:2,True,True,True,4|116|15|4,4,116,15,4,False,5|14|2|2
2|2,adjointxsinglet:-1 + fundxantifund:-2 + singletxantisym2:2 + singletxsym2:1 + sym2xsinglet:2,True,True,True,4|116|15|4,4,116,15,4,False,5|14|2|2
2|2,adjointxsinglet:-1 + fundxantifund:-2 + singletxsinglet:2 + singletxsym2:1 + sym2xsinglet:2,True,True,True,4|116|15|4,4,116,15,4,False,5|14|2|2
2|2,adjointxsinglet:-1 + fundxantifund:2 + singletxadjoint:-2 + singletxadjoint:1 + singletxantisym2:-2,True,True,True,4|116|15|4,4,116,15,4,False,5|14|2|2
2|2,adjointxsinglet:-1 + fundxantifund:2 + singletxadjoint:-2 + singletxadjoint:1 + singletxsinglet:-2,True,True,True,4|116|15|4,4,116,15,4,False,5|14|2|2
2|2,adjointxsinglet:-1 + fundxantifund:2 + singletxadjoint:-2 + singletxantisym2:-2 + singletxsym2:1,True,True,True,4|116|15|4,4,116,15,4,False,5|14|2|2
2|2,adjointxsinglet:-1 + fundxantifund:2 + singletxadjoint:-2 + singletxsinglet:-2 + singletxsym2:1,True,True,True,4|116|15|4,4,116,15,4,False,5|14|2|2
2|2,adjointxsinglet:-1 + fundxantifund:2 + singletxadjoint:1 + singletxantisym2:-2 + singletxsym2:-2,True,True,True,4|116|15|4,4,116,15,4,False,5|14|2|2
2|2,adjointxsinglet:-1 + fundxantifund:2 + singletxadjoint:1 + singletxsinglet:-2 + singletxsym2:-2,True,True,True,4|116|15|4,4,116,15,4,False,5|14|2|2
2|2,adjointxsinglet:-1 + fundxantifund:2 + singletxantisym2:-2 + singletxsym2:-2 + singletxsym2:1,True,True,True,4|116|15|4,4,116,15,4,False,5|14|2|2
2|2,adjointxsinglet:-1 + fundxantifund:2 + singletxsinglet:-2 + singletxsym2:-2 + singletxsym2:1,True,True,True,4|116|15|4,4,116,15,4,False,5|14|2|2
2|2,adjointxsinglet:-1 + fundxfund:-2 + singletxadjoint:1 + singletxantisym2:2 + sym2xsinglet:2,True,True,True,4|116|15|4,4,116,15,4,False,5|14|2|2
2|2,adjointxsinglet:-1 + fundxfund:-2 + singletxadjoint:1 + singletxsinglet:2 + sym2xsinglet:2,True,True,True,4|116|15|4,4,116,15,4,False,5|14|2|2
2|2,adjointxsinglet:-1 + fundxfund:-2 + singletxantisym2:2 + singletxsym2:1 + sym2xsinglet:2,True,True,True,4|116|15|4,4,116,15,4,False,5|14|2|2
2|2,adjointxsinglet:-1 + fundxfund:-2 + singletxsinglet:2 + singletxsym2:1 + sym2xsinglet:2,True,True,True,4|116|15|4,4,116,15,4,False,5|14|2|2
2|2,adjointxsinglet:-1 + fundxfund:2 + singletxadjoint:-2 + singletxadjoint:1 + singletxantisym2:-2,True,True,True,4|116|15|4,4,116,15,4,False,5|14|2|2
2|2,adjointxsinglet:-1 + fundxfund:2 + singletxadjoint:-2 + singletxadjoint:1 + singletxsinglet:-2,True,True,True,4|116|15|4,4,116,15,4,False,5|14|2|2
2|2,adjointxsinglet:-1 + fundxfund:2 + singletxadjoint:-2 + singletxantisym2:-2 + singletxsym2:1,True,True,True,4|116|15|4,4,116,15,4,False,5|14|2|2
2|2,adjointxsinglet:-1 + fundxfund:2 + singletxadjoint:-2 + singletxsinglet:-2 + singletxsym2:1,True,True,True,4|116|15|4,4,116,15,4,False,5|14|2|2
2|2,adjointxsinglet:-1 + fundxfund:2 + singletxadjoint:1 + singletxantisym2:-2 + singletxsym2:-2,True,True,True,4|116|15|4,4,116,15,4,False,5|14|2|2
2|2,adjointxsinglet:-1 + fundxfund:2 + singletxadjoint:1 + singletxsinglet:-2 + singletxsym2:-2,True,True,True,4|116|15|4,4,116,15,4,False,5|14|2|2
2|2,adjointxsinglet:-1 + fundxfund:2 + singletxantisym2:-2 + singletxsym2:-2 + singletxsym2:1,True,True,True,4|116|15|4,4,116,15,4,False,5|14|2|2
2|2,adjointxsinglet:-1 + fundxfund:2 + singletxsinglet:-2 + singletxsym2:-2 + singletxsym2:1,True,True,True,4|116|15|4,4,116,15,4,False,5|14|2|2
2|2,adjointxsinglet:-2 + adjointxsinglet:1 + antifundxantifund:2 + antisym2xsinglet:-2 + singletxadjoint:-1,True,True,True,4|116|15|4,4,116,15,4,False,5|14|2|2
2|2,adjointxsinglet:-2 + adjointxsinglet:1 + antifundxantifund:2 + antisym2xsinglet:-2 + singletxsym2:-1,True,True,True,4|116|15|4,4,116,15,4,False,5|14|2|2
2|2,adjointxsinglet:-2 + adjointxsinglet:1 + antifundxantifund:2 + singletxadjoint:-1 + singletxantisym2:-2,True,True,True,4|116|15|4,4,116,15,4,False,5|14|2|2
2|2,adjointxsinglet:-2 + adjointxsinglet:1 + antifundxantifund:2 + singletxadjoint:-1 + singletxsinglet:-2,True,True,True,4|116|15|4,4,116,15,4,False,5|14|2|2
2|2,adjointxsinglet:-2 + adjointxsinglet:1 + antifundxantifund:2 + singletxantisym2:-2 + singletxsym2:-1,True,True,True,4|116|15|4,4,116,15,4,False,5|14|2|2
2|2,adjointxsinglet:-2 + adjointxsinglet:1 + antifundxantifund:2 + singletxsinglet:-2 + singletxsym2:-1,True,True,True,4|116|15|4,4,116,15,4,False,5|14|2|2
2|2,adjointxsinglet:-2 + adjointxsinglet:1 + antifundxfund:2 + antisym2xsinglet:-2 + singletxadjoint:-1,True,True,True,4|116|15|4,4,116,15,4,False,5|14|2|2
2|2,adjointxsinglet:-2 + adjointxsinglet:1 + antifundxfund:2 + antisym2xsinglet:-2 + singletxsym2:-1,True,True,True,4|116|15|4,4,116,15,4,False,5|14|2|2
2|2,adjointxsinglet:-2 + adjointxsinglet:1 + antifundxfund:2 + singletxadjoint:-1 + singletxantisym2:-2,True,True,True,4|116|15|4,4,116,15,4,False,5|14|2|2
2|2,adjointxsinglet:-2 + adjointxsinglet:1 + antifundxfund:2 + singletxadjoint:-1 + singletxsinglet:-2,True,True,True,4|116|15|4,4,116,15,4,False,5|14|2|2
2|2,adjointxsinglet:-2 + adjointxsinglet:1 + antifundxfund:2 + singletxantisym2:-2 + singletxsym2:-1,True,True,True,4|116|15|4,4,116,15,4,False,5|14|2|2
2|2,adjointxsinglet:-2 + adjointxsinglet:1 + antifundxfund:2 + singletxsinglet:-2 + singletxsym2:-1,True,True,True,4|116|15|4,4,116,15,4,False,5|14|2|2
2|2,adjointxsinglet:-2 + adjointxsinglet:1 + antisym2xsinglet:-2 + fundxantifund:2 + singletxadjoint:-1,True,True,True,4|116|15|4,4,116,15,4,False,5|14|2|2
2|2,adjointxsinglet:-2 + adjointxsinglet:1 + antisym2xsinglet:-2 + fundxantifund:2 + singletxsym2:-1,True,True,True,4|116|15|4,4,116,15,4,False,5|14|2|2
2|2,adjointxsinglet:-2 + adjointxsinglet:1 + antisym2xsinglet:-2 + fundxfund:2 + singletxadjoint:-1,True,True,True,4|116|15|4,4,116,15,4,False,5|14|2|2
2|2,adjointxsinglet:-2 + adjointxsinglet:1 + antisym2xsinglet:-2 + fundxfund:2 + singletxsym2:-1,True,True,True,4|116|15|4,4,116,15,4,False,5|14|2|2
2|2,adjointxsinglet:-2 + adjointxsinglet:1 + fundxantifund:2 + singletxadjoint:-1 + singletxantisym2:-2,True,True,True,4|116|15|4,4,116,15,4,False,5|14|2|2
2|2,adjointxsinglet:-2 + adjointxsinglet:1 + fundxantifund:2 + singletxadjoint:-1 + singletxsinglet:-2,True,True,True,4|116|15|4,4,116,15,4,False,5|14|2|2
2|2,adjointxsinglet:-2 + adjointxsinglet:1 + fundxantifund:2 + singletxantisym2:-2 + singletxsym2:-1,True,True,True,4|116|15|4,4,116,15,4,False,5|14|2|2
2|2,adjointxsinglet:-2 + adjointxsinglet:1 + fundxantifund:2 + singletxsinglet:-2 + singletxsym2:-1,True,True,True,4|116|15|4,4,116,15,4,False,5|14|2|2
2|2,adjointxsinglet:-2 + adjointxsinglet:1 + fundxfund:2 + singletxadjoint:-1 + singletxantisym2:-2,True,True,True,4|116|15|4,4,116,15,4,False,5|14|2|2
2|2,adjointxsinglet:-2 + adjointxsinglet:1 + fundxfund:2 + singletxadjoint:-1 + singletxsinglet:-2,True,True,True,4|116|15|4,4,116,15,4,False,5|14|2|2
2|2,adjointxsinglet:-2 + adjointxsinglet:1 + fundxfund:2 + singletxantisym2:-2 + singletxsym2:-1,True,True,True,4|116|15|4,4,116,15,4,False,5|14|2|2
2|2,adjointxsinglet:-2 + adjointxsinglet:1 + fundxfund:2 + singletxsinglet:-2 + singletxsym2:-1,True,True,True,4|116|15|4,4,116,15,4,False,5|14|2|2
2|2,adjointxsinglet:-2 + antifundxantifund:2 + antisym2xsinglet:-2 + singletxadjoint:-1 + sym2xsinglet:1,True,True,True,4|116|15|4,4,116,15,4,False,5|14|2|2
2|2,adjointxsinglet:-2 + antifundxantifund:2 + antisym2xsinglet:-2 + singletxsym2:-1 + sym2xsinglet:1,True,True,True,4|116|15|4,4,116,15,4,False,5|14|2|2
2|2,adjointxsinglet:-2 + antifundxantifund:2 + singletxadjoint:-1 + singletxantisym2:-2 + sym2xsinglet:1,True,True,True,4|116|15|4,4,116,15,4,False,5|14|2|2
2|2,adjointxsinglet:-2 + antifundxantifund:2 + singletxadjoint:-1 + singletxsinglet:-2 + sym2xsinglet:1,True,True,True,4|116|15|4,4,116,15,4,False,5|14|2|2
2|2,adjointxsinglet:-2 + antifundxantifund:2 + singletxantisym2:-2 + singletxsym2:-1 + sym2xsinglet:1,True,True,True,4|116|15|4,4,116,15,4,False,5|14|2|2
2|2,adjointxsinglet:-2 + antifundxantifund:2 + singletxsinglet:-2 + singletxsym2:-1 + sym2xsinglet:1,True,True,True,4|116|15|4,4,116,15,4,False,5|14|2|2
2|2,adjointxsinglet:-2 + antifundxfund:2 + antisym2xsinglet:-2 + singletxadjoint:-1 + sym2xsinglet:1,True,True,True,4|116|15|4,4,116,15,4,False,5|14|2|2
2|2,adjointxsinglet:-2 + antifundxfund:2 + antisym2xsinglet:-2 + singletxsym2:-1 + sym2xsinglet:1,True,True,True,4|116|15|4,4,116,15,4,False,5|14|2|2
2|2,adjointxsinglet:-2 + antifundxfund:2 + singletxadjoint:-1 + singletxantisym2:-2 + sym2xsinglet:1,True,True,True,4|116|15|4,4,116,15,4,False,5|14|2|2
2|2,adjointxsinglet:-2 + antifundxfund:2 + singletxadjoint:-1 + singletxsinglet:-2 + sym2xsinglet:1,True,True,True,4|116|15|4,4,116,15,4,False,5|14|2|2
2|2,adjointxsinglet:-2 + antifundxfund:2 + singletxantisym2:-2 + singletxsym2:-1 + sym2xsinglet:1,True,True,True,4|116|15|4,4,116,15,4,False,5|14|2|2
2|2,adjointxsinglet:-2 + antifundxfund:2 + singletxsinglet:-2 + singletxsym2:-1 + sym2xsinglet:1,True,True,True,4|116|15|4,4,116,15,4,False,5|14|2|2
2|2,adjointxsinglet:-2 + antisym2xsinglet:-2 + fundxantifund:2 + singletxadjoint:-1 + sym2xsinglet:1,True,True,True,4|116|15|4,4,116,15,4,False,5|14|2|2
2|2,adjointxsinglet:-2 + antisym2xsinglet:-2 + fundxantifund:2 + singletxsym2:-1 + sym2xsinglet:1,True,True,True,4|116|15|4,4,116,15,4,False,5|14|2|2
2|2,adjointxsinglet:-2 + antisym2xsinglet:-2 + fundxfund:2 + singletxadjoint:-1 + sym2xsinglet:1,True,True,True,4|116|15|4,4,116,15,4,False,5|14|2|2
2|2,adjointxsinglet:-2 + antisym2xsinglet:-2 + fundxfund:2 + singletxsym2:-1 + sym2xsinglet:1,True,True,True,4|116|15|4,4,116,15,4,False,5|14|2|2
2|2,adjointxsinglet:-2 + fundxantifund:2 + singletxadjoint:-1 + singletxantisym2:-2 + sym2xsinglet:1,True,True,True,4|116|15|4,4,116,15,4,False,5|14|2|2
2|2,adjointxsinglet:-2 + fundxantifund:2 + singletxadjoint:-1 + singletxsinglet:-2 + sym2xsinglet:1,True,True,True,4|116|15|4,4,116,15,4,False,5|14|2|2
2|2,adjointxsinglet:-2 + fundxantifund:2 + singletxantisym2:-2 + singletxsym2:-1 + sym2xsinglet:1,True,True,True,4|116|15|4,4,116,15,4,False,5|14|2|2
2|2,adjointxsinglet:-2 + fundxantifund:2 + singletxsinglet:-2 + singletxsym2:-1 + sym2xsinglet:1,True,True,True,4|116|15|4,4,116,15,4,False,5|14|2|2
2|2,adjointxsinglet:-2 + fundxfund:2 + singletxadjoint:-1 + singletxantisym2:-2 + sym2xsinglet:1,True,True,True,4|116|15|4,4,116,15,4,False,5|14|2|2
2|2,adjointxsinglet:-2 + fundxfund:2 + singletxadjoint:-1 + singletxsinglet:-2 + sym2xsinglet:1,True,True,True,4|116|15|4,4,116,15,4,False,5|14|2|2
2|2,adjointxsinglet:-2 + fundxfund:2 + singletxantisym2:-2 + singletxsym2:-1 + sym2xsinglet:1,True,True,True,4|116|15|4,4,116,15,4,False,5|14|2|2
2|2,adjointxsinglet:-2 + fundxfund:2 + singletxsinglet:-2 + singletxsym2:-1 + sym2xsinglet:1,True,True,True,4|116|15|4,4,116,15,4,False,5|14|2|2
2|2,adjointxsinglet:1 + antifundxantifund:-2 + antisym2xsinglet:2 + singletxadjoint:-1 + singletxadjoint:2,True,True,True,4|116|15|4,4,116,15,4,False,5|14|2|2
2|2,adjointxsinglet:1 + antifundxantifund:-2 + antisym2xsinglet:2 + singletxadjoint:-1 + singletxsym2:2,True,True,True,4|116|15|4,4,116,15,4,False,5|14|2|2
2|2,adjointxsinglet:1 + antifundxantifund:-2 + antisym2xsinglet:2 + singletxadjoint:2 + singletxsym2:-1,True,True,True,4|116|15|4,4,116,15,4,False,5|14|2|2
2|2,adjointxsinglet:1 + antifundxantifund:-2 + antisym2xsinglet:2 + singletxsym2:-1 + singletxsym2:2,True,True,True,4|116|15|4,4,116,15,4,False,5|14|2|2
2|2,adjointxsinglet:1 + antifundxantifund:-2 + singletxadjoint:-1 + singletxadjoint:2 + singletxantisym2:2,True,True,True,4|116|15|4,4,116,15,4,False,5|14|2|2
2|2,adjointxsinglet:1 + antifundxantifund:-2 + singletxadjoint:-1 + singletxadjoint:2 + singletxsinglet:2,True,True,True,4|116|15|4,4,116,15,4,False,5|14|2|2
2|2,adjointxsinglet:1 + antifundxantifund:-2 + singletxadjoint:-1 + singletxantisym2:2 + singletxsym2:2,True,True,True,4|116|15|4,4,116,15,4,False,5|14|2|2
2|2,adjointxsinglet:1 + antifundxantifund:-2 + singletxadjoint:-1 + singletxsinglet:2 + singletxsym2:2,True,True,True,4|116|15|4,4,116,15,4,False,5|14|2|2
2|2,adjointxsinglet:1 + antifundxantifund:-2 + singletxadjoint:2 + singletxantisym2:2 + singletxsym2:-1,True,True,True,4|116|15|4,4,116,15,4,False,5|14|2|2
2|2,adjointxsinglet:1 + antifundxantifund:-2 + singletxadjoint:2 + singletxsinglet:2 + singletxsym2:-1,True,True,True,4|116|15|4,4,116,15,4,False,5|14|2|2
2|2,adjointxsinglet:1 + antifundxantifund:-2 + singletxantisym2:2 + singletxsym2:-1 + singletxsym2:2,True,True,True,4|116|15|4,4,116,15,4,False,5|14|2|2
2|2,adjointxsinglet:1 + antifundxantifund:-2 + singletxsinglet:2 + singletxsym2:-1 + singletxsym2:2,True,True,True,4|116|15|4,4,116,15,4,False,5|14|2|2
2|2,adjointxsinglet:1 + antifundxantifund:2 + antisym2xsinglet:-2 + singletxadjoint:-1 + sym2xsinglet:-2,True,True,True,4|116|15|4,4,116,15,4,False,5|14|2|2
2|2,adjointxsinglet:1 + antifundxantifund:2 + antisym2xsinglet:-2 + singletxsym2:-1 + sym2xsinglet:-2,True,True,True,4|116|15|4,4,116,15,4,False,5|14|2|2
2|2,adjointxsinglet:1 + antifundxantifund:2 + singletxadjoint:-1 + singletxantisym2:-2 + sym2xsinglet:-2,True,True,True,4|116|15|4,4,116,15,4,False,5|14|2|2
2|2,adjointxsinglet:1 + antifundxantifund:2 + singletxadjoint:-1 + singletxsinglet:-2 + sym2xsinglet:-2,True,True,True,4|116|15|4,4,116,15,4,False,5|14|2|2
2|2,adjointxsinglet:1 + antifundxantifund:2 + singletxantisym2:-2 + singletxsym2:-1 + sym2xsinglet:-2,True,True,True,4|116|15|4,4,116,15,4,False,5|14|2|2
2|2,adjointxsinglet:1 + antifundxantifund:2 + singletxsinglet:-2 + singletxsym2:-1 + sym2xsinglet:-2,True,True,True,4|116|15|4,4,116,15,4,False,5|14|2|2
2|2,adjointxsinglet:1 + antifundxfund:-2 + antisym2xsinglet:2 + singletxadjoint:-1 + singletxadjoint:2,True,True,True,4|116|15|4,4,116,15,4,False,5|14|2|2
2|2,adjointxsinglet:1 + antifundxfund:-2 + antisym2xsinglet:2 + singletxadjoint:-1 + singletxsym2:2,True,True,True,4|116|15|4,4,116,15,4,False,5|14|2|2
2|2,adjointxsinglet:1 + antifundxfund:-2 + antisym2xsinglet:2 + singletxadjoint:2 + singletxsym2:-1,True,True,True,4|116|15|4,4,116,15,4,False,5|14|2|2
2|2,adjointxsinglet:1 + antifundxfund:-2 + antisym2xsinglet:2 + singletxsym2:-1 + singletxsym2:2,True,True,True,4|116|15|4,4,116,15,4,False,5|14|2|2
2|2,adjointxsinglet:1 + antifundxfund:-2 + singletxadjoint:-1 + singletxadjoint:2 + singletxantisym2:2,True,True,True,4|116|15|4,4,116,15,4,False,5|14|2|2
2|2,adjointxsinglet:1 + antifundxfund:-2 + singletxadjoint:-1 + singletxadjoint:2 + singletxsinglet:2,True,True,True,4|116|15|4,4,116,15,4,False,5|14|2|2
2|2,adjointxsinglet:1 + antifundxfund:-2 + singletxadjoint:-1 + singletxantisym2:2 + singletxsym2:2,True,True,True,4|116|15|4,4,116,15,4,False,5|14|2|2
2|2,adjointxsinglet:1 + antifundxfund:-2 + singletxadjoint:-1 + singletxsinglet:2 + singletxsym2:2,True,True,True,4|116|15|4,4,116,15,4,False,5|14|2|2
2|2,adjointxsinglet:1 + antifundxfund:-2 + singletxadjoint:2 + singletxantisym2:2 + singletxsym2:-1,True,True,True,4|116|15|4,4,116,15,4,False,5|14|2|2
2|2,adjointxsinglet:1 + antifundxfund:-2 + singletxadjoint:2 + singletxsinglet:2 + singletxsym2:-1,True,True,True,4|116|15|4,4,116,15,4,False,5|14|2|2
2|2,adjointxsinglet:1 + antifundxfund:-2 + singletxantisym2:2 + singletxsym2:-1 + singletxsym2:2,True,True,True,4|116|15|4,4,116,15,4,False,5|14|2|2
2|2,adjointxsinglet:1 + antifundxfund:-2 + singletxsinglet:2 + singletxsym2:-1 + singletxsym2:2,True,True,True,4|116|15|4,4,116,15,4,False,5|14|2|2
2|2,adjointxsinglet:1 + antifundxfund:2 + antisym2xsinglet:-2 + singletxadjoint:-1 + sym2xsinglet:-2,True,True,True,4|116|15|4,4,116,15,4,False,5|14|2|2
2|2,adjointxsinglet:1 + antifundxfund:2 + antisym2xsinglet:-2 + singletxsym2:-1 + sym2xsinglet:-2,True,True,True,4|116|15|4,4,116,15,4,False,5|14|2|2
2|2,adjointxsinglet:1 + antifundxfund:2 + singletxadjoint:-1 + singletxantisym2:-2 + sym2xsinglet:-2,True,True,True,4|116|15|4,4,116,15,4,False,5|14|2|2
2|2,adjointxsinglet:1 + antifundxfund:2 + singletxadjoint:-1 + singletxsinglet:-2 + sym2xsinglet:-2,True,True,True,4|116|15|4,4,116,15,4,False,5|14|2|2
2|2,adjointxsinglet:1 + antifundxfund:2 + singletxantisym2:-2 + singletxsym2:-1 + sym2xsinglet:-2,True,True,True,4|116|15|4,4,116,15,4,False,5|14|2|2
2|2,adjointxsinglet:1 + antifundxfund:2 + singletxsinglet:-2 + singletxsym2:-1 + sym2xsinglet:-2,True,True,True,4|116|15|4,4,116,15,4,False,5|14|2|2
2|2,adjointxsinglet:1 + antisym2xsinglet:-2 + fundxantifund:2 + singletxadjoint:-1 + sym2xsinglet:-2,True,True,True,4|116|15|4,4,116,15,4,False,5|14|2|2
2|2,adjointxsinglet:1 + antisym2xsinglet:-2 + fundxantifund:2 + singletxsym2:-1 + sym2xsinglet:-2,True,True,True,4|116|15|4,4,116,15,4,False,5|14|2|2
2|2,adjointxsinglet:1 + antisym2xsinglet:-2 + fundxfund:2 + singletxadjoint:-1 + sym2xsinglet:-2,True,True,True,4|116|15|4,4,116,15,4,False,5|14|2|2
2|2,adjointxsinglet:1 + antisym2xsinglet:-2 + fundxfund:2 + singletxsym2:-1 + sym2xsinglet:-2,True,True,True,4|116|15|4,4,116,15,4,False,5|14|2|2
2|2,adjointxsinglet:1 + antisym2xsinglet:2 + fundxantifund:-2 + singletxadjoint:-1 + singletxadjoint:2,True,True,True,4|116|15|4,4,116,15,4,False,5|14|2|2
2|2,adjointxsinglet:1 + antisym2xsinglet:2 + fundxantifund:-2 + singletxadjoint:-1 + singletxsym2:2,True,True,True,4|116|15|4,4,116,15,4,False,5|14|2|2
2|2,adjointxsinglet:1 + antisym2xsinglet:2 + fundxantifund:-2 + singletxadjoint:2 + singletxsym2:-1,True,True,True,4|116|15|4,4,116,15,4,False,5|14|2|2
2|2,adjointxsinglet:1 + antisym2xsinglet:2 + fundxantifund:-2 + singletxsym2:-1 + singletxsym2:2,True,True,True,4|116|15|4,4,116,15,4,False,5|14|2|2
2|2,adjointxsinglet:1 + antisym2xsinglet:2 + fundxfund:-2 + singletxadjoint:-1 + singletxadjoint:2,True,True,True,4|116|15|4,4,116,15,4,False,5|14|2|2
2|2,adjointxsinglet:1 + antisym2xsinglet:2 + fundxfund:-2 + singletxadjoint:-1 + singletxsym2:2,True,True,True,4|116|15|4,4,116,15,4,False,5|14|2|2
2|2,adjointxsinglet:1 + antisym2xsinglet:2 + fundxfund:-2 + singletxadjoint:2 + singletxsym2:-1,True,True,True,4|116|15|4,4,116,15,4,False,5|14|2|2
2|2,adjointxsinglet:1 + antisym2xsinglet:2 + fundxfund:-2 + singletxsym2:-1 + singletxsym2:2,True,True,True,4|116|15|4,4,116,15,4,False,5|14|2|2
2|2,adjointxsinglet:1 + fundxantifund:-2 + singletxadjoint:-1 + singletxadjoint:2 + singletxantisym2:2,True,True,True,4|116|15|4,4,116,15,4,False,5|14|2|2
2|2,adjointxsinglet:1 + fundxantifund:-2 + singletxadjoint:-1 + singletxadjoint:2 + singletxsinglet:2,True,True,True,4|116|15|4,4,116,15,4,False,5|14|2|2
2|2,adjointxsinglet:1 + fundxantifund:-2 + singletxadjoint:-1 + singletxantisym2:2 + singletxsym2:2,True,True,True,4|116|15|4,4,116,15,4,False,5|14|2|2
2|2,adjointxsinglet:1 + fundxantifund:-2 + singletxadjoint:-1 + singletxsinglet:2 + singletxsym2:2,True,True,True,4|116|15|4,4,116,15,4,False,5|14|2|2
2|2,adjointxsinglet:1 + fundxantifund:-2 + singletxadjoint:2 + singletxantisym2:2 + singletxsym2:-1,True,True,True,4|116|15|4,4,116,15,4,False,5|14|2|2
2|2,adjointxsinglet:1 + fundxantifund:-2 + singletxadjoint:2 + singletxsinglet:2 + singletxsym2:-1,True,True,True,4|116|15|4,4,116,15,4,False,5|14|2|2
2|2,adjointxsinglet:1 + fundxantifund:-2 + singletxantisym2:2 + singletxsym2:-1 + singletxsym2:2,True,True,True,4|116|15|4,4,116,15,4,False,5|14|2|2
2|2,adjointxsinglet:1 + fundxantifund:-2 + singletxsinglet:2 + singletxsym2:-1 + singletxsym2:2,True,True,True,4|116|15|4,4,116,15,4,False,5|14|2|2
2|2,adjointxsinglet:1 + fundxantifund:2 + singletxadjoint:-1 + singletxantisym2:-2 + sym2xsinglet:-2,True,True,True,4|116|15|4,4,116,15,4,False,5|14|2|2
2|2,adjointxsinglet:1 + fundxantifund:2 + singletxadjoint:-1 + singletxsinglet:-2 + sym2xsinglet:-2,True,True,True,4|116|15|4,4,116,15,4,False,5|14|2|2
2|2,adjointxsinglet:1 + fundxantifund:2 + singletxantisym2:-2 + singletxsym2:-1 + sym2xsinglet:-2,True,True,True,4|116|15|4,4,116,15,4,False,5|14|2|2
2|2,adjointxsinglet:1 + fundxantifund:2 + singletxsinglet:-2 + singletxsym2:-1 + sym2xsinglet:-2,True,True,True,4|116|15|4,4,116,15,4,False,5|14|2|2
2|2,adjointxsinglet:1 + fundxfund:-2 + singletxadjoint:-1 + singletxadjoint:2 + singletxantisym2:2,True,True,True,4|116|15|4,4,116,15,4,False,5|14|2|2
2|2,adjointxsinglet:1 + fundxfund:-2 + singletxadjoint:-1 + singletxadjoint:2 + singletxsinglet:2,True,True,True,4|116|15|4,4,116,15,4,False,5|14|2|2
2|2,adjointxsinglet:1 + fundxfund:-2 + singletxadjoint:-1 + singletxantisym2:2 + singletxsym2:2,True,True,True,4|116|15|4,4,116,15,4,False,5|14|2|2
2|2,adjointxsinglet:1 + fundxfund:-2 + singletxadjoint:-1 + singletxsinglet:2 + singletxsym2:2,True,True,True,4|116|15|4,4,116,15,4,False,5|14|2|2
2|2,adjointxsinglet:1 + fundxfund:-2 + singletxadjoint:2 + singletxantisym2:2 + singletxsym2:-1,True,True,True,4|116|15|4,4,116,15,4,False,5|14|2|2
2|2,adjointxsinglet:1 + fundxfund:-2 + singletxadjoint:2 + singletxsinglet:2 + singletxsym2:-1,True,True,True,4|116|15|4,4,116,15,4,False,5|14|2|2
2|2,adjointxsinglet:1 + fundxfund:-2 + singletxantisym2:2 + singletxsym2:-1 + singletxsym2:2,True,True,True,4|116|15|4,4,116,15,4,False,5|14|2|2
2|2,adjointxsinglet:1 + fundxfund:-2 + singletxsinglet:2 + singletxsym2:-1 + singletxsym2:2,True,True,True,4|116|15|4,4,116,15,4,False,5|14|2|2
2|2,adjointxsinglet:1 + fundxfund:2 + singletxadjoint:-1 + singletxantisym2:-2 + sym2xsinglet:-2,True,True,True,4|116|15|4,4,116,15,4,False,5|14|2|2
2|2,adjointxsinglet:1 + fundxfund:2 + singletxadjoint:-1 + singletxsinglet:-2 + sym2xsinglet:-2,True,True,True,4|116|15|4,4,116,15,4,False,5|14|2|2
2|2,adjointxsinglet:1 + fundxfund:2 + singletxantisym2:-2 + singletxsym2:-1 + sym2xsinglet:-2,True,True,True,4|116|15|4,4,116,15,4,False,5|14|2|2
2|2,adjointxsinglet:1 + fundxfund:2 + singletxsinglet:-2 + singletxsym2:-1 + sym2xsinglet:-2,True,True,True,4|116|15|4,4,116,15,4,False,5|14|2|2
2|2,adjointxsinglet:2 + antifundxantifund:-2 + antisym2xsinglet:2 + singletxadjoint:1 + sym2xsinglet:-1,True,True,True,4|116|15|4,4,116,15,4,False,5|14|2|2
2|2,adjointxsinglet:2 + antifundxantifund:-2 + antisym2xsinglet:2 + singletxsym2:1 + sym2xsinglet:-1,True,True,True,4|116|15|4,4,116,15,4,False,5|14|2|2
2|2,adjointxsinglet:2 + antifundxantifund:-2 + singletxadjoint:1 + singletxantisym2:2 + sym2xsinglet:-1,True,True,True,4|116|15|4,4,116,15,4,False,5|14|2|2
2|2,adjointxsinglet:2 + antifundxantifund:-2 + singletxadjoint:1 + singletxsinglet:2 + sym2xsinglet:-1,True,True,True,4|116|15|4,4,116,15,4,False,5|14|2|2
2|2,adjointxsinglet:2 + antifundxantifund:-2 + singletxantisym2:2 + singletxsym2:1 + sym2xsinglet:-1,True,True,True,4|116|15|4,4,116,15,4,False,5|14|2|2
2|2,adjointxsinglet:2 + antifundxantifund:-2 + singletxsinglet:2 + singletxsym2:1 + sym2xsinglet:-1,True,True,True,4|116|15|4,4,116,15,4,False,5|14|2|2
2|2,adjointxsinglet:2 + antifundxfund:-2 + antisym2xsinglet:2 + singletxadjoint:1 + sym2xsinglet:-1,True,True,True,4|116|15|4,4,116,15,4,False,5|14|2|2
2|2,adjointxsinglet:2 + antifundxfund:-2 + antisym2xsinglet:2 + singletxsym2:1 + sym2xsinglet:-1,True,True,True,4|116|15|4,4,116,15,4,False,5|14|2|2
2|2,adjointxsinglet:2 + antifundxfund:-2 + singletxadjoint:1 + singletxantisym2:2 + sym2xsinglet:-1,True,True,True,4|116|15|4,4,116,15,4,False,5|14|2|2
2|2,adjointxsinglet:2 + antifundxfund:-2 + singletxadjoint:1 + singletxsinglet:2 + sym2xsinglet:-1,True,True,True,4|116|15|4,4,116,15,4,False,5|14|2|2
2|2,adjointxsinglet:2 + antifundxfund:-2 + singletxantisym2:2 + singletxsym2:1 + sym2xsinglet:-1,True,True,True,4|116|15|4,4,116,15,4,False,5|14|2|2
2|2,adjointxsinglet:2 + antifundxfund:-2 + singletxsinglet:2 + singletxsym2:1 + sym2xsinglet:-1,True,True,True,4|116|15|4,4,116,15,4,False,5|14|2|2
2|2,adjointxsinglet:2 + antisym2xsinglet:2 + fundxantifund:-2 + singletxadjoint:1 + sym2xsinglet:-1,True,True,True,4|116|15|4,4,116,15,4,False,5|14|2|2
2|2,adjointxsinglet:2 + antisym2xsinglet:2 + fundxantifund:-2 + singletxsym2:1 + sym2xsinglet:-1,True,True,True,4|116|15|4,4,116,15,4,False,5|14|2|2
2|2,adjointxsinglet:2 + antisym2xsinglet:2 + fundxfund:-2 + singletxadjoint:1 + sym2xsinglet:-1,True,True,True,4|116|15|4,4,116,15,4,False,5|14|2|2
2|2,adjointxsinglet:2 + antisym2xsinglet:2 + fundxfund:-2 + singletxsym2:1 + sym2xsinglet:-1,True,True,True,4|116|15|4,4,116,15,4,False,5|14|2|2
2|2,adjointxsinglet:2 + fundxantifund:-2 + singletxadjoint:1 + singletxantisym2:2 + sym2xsinglet:-1,True,True,True,4|116|15|4,4,116,15,4,False,5|14|2|2
2|2,adjointxsinglet:2 + fundxantifund:-2 + singletxadjoint:1 + singletxsinglet:2 + sym2xsinglet:-1,True,True,True,4|116|15|4,4,116,15,4,False,5|14|2|2
2|2,adjointxsinglet:2 + fundxantifund:-2 + singletxantisym2:2 + singletxsym2:1 + sym2xsinglet:-1,True,True,True,4|116|15|4,4,116,15,4,False,5|14|2|2
2|2,adjointxsinglet:2 + fundxantifund:-2 + singletxsinglet:2 + singletxsym2:1 + sym2xsinglet:-1,True,True,True,4|116|15|4,4,116,15,4,False,5|14|2|2
2|2,adjointxsinglet:2 + fundxfund:-2 + singletxadjoint:1 + singletxantisym2:2 + sym2xsinglet:-1,True,True,True,4|116|15|4,4,116,15,4,False,5|14|2|2
2|2,adjointxsinglet:2 + fundxfund:-2 + singletxadjoint:1 + singletxsinglet:2 + sym2xsinglet:-1,True,True,True,4|116|15|4,4,116,15,4,False,5|14|2|2
2|2,adjointxsinglet:2 + fundxfund:-2 + singletxantisym2:2 + singletxsym2:1 + sym2xsinglet:-1,True,True,True,4|116|15|4,4,116,15,4,False,5|14|2|2
2|2,adjointxsinglet:2 + fundxfund:-2 + singletxsinglet:2 + singletxsym2:1 + sym2xsinglet:-1,True,True,True,4|116|15|4,4,116,15,4,False,5|14|2|2
2|2,antifundxantifund:-2 + antisym2xsinglet:2 + singletxadjoint:-1 + singletxadjoint:2 + sym2xsinglet:1,True,True,True,4|116|15|4,4,116,15,4,False,5|14|2|2
2|2,antifundxantifund:-2 + antisym2xsinglet:2 + singletxadjoint:-1 + singletxsym2:2 + sym2xsinglet:1,True,True,True,4|116|15|4,4,116,15,4,False,5|14|2|2
2|2,antifundxantifund:-2 + antisym2xsinglet:2 + singletxadjoint:1 + sym2xsinglet:-1 + sym2xsinglet:2,True,True,True,4|116|15|4,4,116,15,4,False,5|14|2|2
2|2,antifundxantifund:-2 + antisym2xsinglet:2 + singletxadjoint:2 + singletxsym2:-1 + sym2xsinglet:1,True,True,True,4|116|15|4,4,116,15,4,False,5|14|2|2
2|2,antifundxantifund:-2 + antisym2xsinglet:2 + singletxsym2:-1 + singletxsym2:2 + sym2xsinglet:1,True,True,True,4|116|15|4,4,116,15,4,False,5|14|2|2
2|2,antifundxantifund:-2 + antisym2xsinglet:2 + singletxsym2:1 + sym2xsinglet:-1 + sym2xsinglet:2,True,True,True,4|116|15|4,4,116,15,4,False,5|14|2|2
2|2,antifundxantifund:-2 + singletxadjoint:-1 + singletxadjoint:2 + singletxantisym2:2 + sym2xsinglet:1,True,True,True,4|116|15|4,4,116,15,4,False,5|14|2|2
2|2,antifundxantifund:-2 + singletxadjoint:-1 + singletxadjoint:2 + singletxsinglet:2 + sym2xsinglet:1,True,True,True,4|116|15|4,4,116,15,4,False,5|14|2|2
2|2,antifundxantifund:-2 + singletxadjoint:-1 + singletxantisym2:2 + singletxsym2:2 + sym2xsinglet:1,True,True,True,4|116|15|4,4,116,15,4,False,5|14|2|2
2|2,antifundxantifund:-2 + singletxadjoint:-1 + singletxsinglet:2 + singletxsym2:2 + sym2xsinglet:1,True,True,True,4|116|15|4,4,116,15,4,False,5|14|2|2
2|2,antifundxantifund:-2 + singletxadjoint:1 + singletxantisym2:2 + sym2xsinglet:-1 + sym2xsinglet:2,True,True,True,4|116|15|4,4,116,15,4,False,5|14|2|2
2|2,antifundxantifund:-2 + singletxadjoint:1 + singletxsinglet:2 + sym2xsinglet:-1 + sym2xsinglet:2,True,True,True,4|116|15|4,4,116,15,4,False,5|14|2|2
2|2,antifundxantifund:-2 + singletxadjoint:2 + singletxantisym2:2 + singletxsym2:-1 + sym2xsinglet:1,True,True,True,4|116|15|4,4,116,15,4,False,5|14|2|2
2|2,antifundxantifund:-2 + singletxadjoint:2 + singletxsinglet:2 + singletxsym2:-1 + sym2xsinglet:1,True,True,True,4|116|15|4,4,116,15,4,False,5|14|2|2
2|2,antifundxantifund:-2 + singletxantisym2:2 + singletxsym2:-1 + singletxsym2:2 + sym2xsinglet:1,True,True,True,4|116|15|4,4,116,15,4,False,5|14|2|2
2|2,antifundxantifund:-2 + singletxantisym2:2 + singletxsym2:1 + sym2xsinglet:-1 + sym2xsinglet:2,True,True,True,4|116|15|4,4,116,15,4,False,5|14|2|2
2|2,antifundxantifund:-2 + singletxsinglet:2 + singletxsym2:-1 + singletxsym2:2 + sym2xsinglet:1,True,True,True,4|116|15|4,4,116,15,4,False,5|14|2|2
2|2,antifundxantifund:-2 + singletxsinglet:2 + singletxsym2:1 + sym2xsinglet:-1 + sym2xsinglet:2,True,True,True,4|116|15|4,4,116,15,4,False,5|14|2|2
2|2,antifundxantifund:2 + antisym2xsinglet:-2 + singletxadjoint:-1 + sym2xsinglet:-2 + sym2xsinglet:1,True,True,True,4|116|15|4,4,116,15,4,False,5|14|2|2
2|2,antifundxantifund:2 + antisym2xsinglet:-2 + singletxadjoint:-2 + singletxadjoint:1 + sym2xsinglet:-1,True,True,True,4|116|15|4,4,116,15,4,False,5|14|2|2
2|2,antifundxantifund:2 + antisym2xsinglet:-2 + singletxadjoint:-2 + singletxsym2:1 + sym2xsinglet:-1,True,True,True,4|116|15|4,4,116,15,4,False,5|14|2|2
2|2,antifundxantifund:2 + antisym2xsinglet:-2 + singletxadjoint:1 + singletxsym2:-2 + sym2xsinglet:-1,True,True,True,4|116|15|4,4,116,15,4,False,5|14|2|2
2|2,antifundxantifund:2 + antisym2xsinglet:-2 + singletxsym2:-1 + sym2xsinglet:-2 + sym2xsinglet:1,True,True,True,4|116|15|4,4,116,15,4,False,5|14|2|2
2|2,antifundxantifund:2 + antisym2xsinglet:-2 + singletxsym2:-2 + singletxsym2:1 + sym2xsinglet:-1,True,True,True,4|116|15|4,4,116,15,4,False,5|14|2|2
2|2,antifundxantifund:2 + singletxadjoint:-1 + singletxantisym2:-2 + sym2xsinglet:-2 + sym2xsinglet:1,True,True,True,4|116|15|4,4,116,15,4,False,5|14|2|2
2|2,antifundxantifund:2 + singletxadjoint:-1 + singletxsinglet:-2 + sym2xsinglet:-2 + sym2xsinglet:1,True,True,True,4|116|15|4,4,116,15,4,False,5|14|2|2
2|2,antifundxantifund:2 + singletxadjoint:-2 + singletxadjoint:1 + singletxantisym2:-2 + sym2xsinglet:-1,True,True,True,4|116|15|4,4,116,15,4,False,5|14|2|2
2|2,antifundxantifund:2 + singletxadjoint:-2 + singletxadjoint:1 + singletxsinglet:-2 + sym2xsinglet:-1,True,True,True,4|116|15|4,4,116,15,4,False,5|14|2|2
2|2,antifundxantifund:2 + singletxadjoint:-2 + singletxantisym2:-2 + singletxsym2:1 + sym2xsinglet:-1,True,True,True,4|116|15|4,4,116,15,4,False,5|14|2|2
2|2,antifundxantifund:2 + singletxadjoint:-2 + singletxsinglet:-2 + singletxsym2:1 + sym2xsinglet:-1,True,True,True,4|116|15|4,4,116,15,4,False,5|14|2|2
2|2,antifundxantifund:2 + singletxadjoint:1 + singletxantisym2:-2 + singletxsym2:-2 + sym2xsinglet:-1,True,True,True,4|116|15|4,4,116,15,4,False,5|14|2|2
2|2,antifundxantifund:2 + singletxadjoint:1 + singletxsinglet:-2 + singletxsym2:-2 + sym2xsinglet:-1,True,True,True,4|116|15|4,4,116,15,4,False,5|14|2|2
2|2,antifundxantifund:2 + singletxantisym2:-2 + singletxsym2:-1 + sym2xsinglet:-2 + sym2xsinglet:1,True,True,True,4|116|15|4,4,116,15,4,False,5|14|2|2
2|2,antifundxantifund:2 + singletxantisym2:-2 + singletxsym2:-2 + singletxsym2:1 + sym2xsinglet:-1,True,True,True,4|116|15|4,4,116,15,4,False,5|14|2|2
2|2,antifundxantifund:2 + singletxsinglet:-2 + singletxsym2:-1 + sym2xsinglet:-2 + sym2xsinglet:1,True,True,True,4|116|15|4,4,116,15,4,False,5|14|2|2
2|2,antifundxantifund:2 + singletxsinglet:-2 + singletxsym2:-2 + singletxsym2:1 + sym2xsinglet:-1,True,True,True,4|116|15|4,4,116,15,4,False,5|14|2|2
2|2,antifundxfund:-2 + antisym2xsinglet:2 + singletxadjoint:-1 + singletxadjoint:2 + sym2xsinglet:1,True,True,True,4|116|15|4,4,116,15,4,False,5|14|2|2
2|2,antifundxfund:-2 + antisym2xsinglet:2 + singletxadjoint:-1 + singletxsym2:2 + sym2xsinglet:1,True,True,True,4|116|15|4,4,116,15,4,False,5|14|2|2
2|2,antifundxfund:-2 + antisym2xsinglet:2 + singletxadjoint:1 + sym2xsinglet:-1 + sym2xsinglet:2,True,True,True,4|116|15|4,4,116,15,4,False,5|14|2|2
2|2,antifundxfund:-2 + antisym2xsinglet:2 + singletxadjoint:2 + singletxsym2:-1 + sym2xsinglet:1,True,True,True,4|116|15|4,4,116,15,4,False,5|14|2|2
2|2,antifundxfund:-2 + antisym2xsinglet:2 + singletxsym2:-1 + singletxsym2:2 + sym2xsinglet:1,True,True,True,4|116|15|4,4,116,15,4,False,5|14|2|2
2|2,antifundxfund:-2 + antisym2xsinglet:2 + singletxsym2:1 + sym2xsinglet:-1 + sym2xsinglet:2,True,True,True,4|116|15|4,4,116,15,4,False,5|14|2|2
2|2,antifundxfund:-2 + singletxadjoint:-1 + singletxadjoint:2 + singletxantisym2:2 + sym2xsinglet:1,True,True,True,4|116|15|4,4,116,15,4,False,5|14|2|2
2|2,antifundxfund:-2 + singletxadjoint:-1 + singletxadjoint:2 + singletxsinglet:2 + sym2xsinglet:1,True,True,True,4|116|15|4,4,116,15,4,False,5|14|2|2
2|2,antifundxfund:-2 + singletxadjoint:-1 + singletxantisym2:2 + singletxsym2:2 + sym2xsinglet:1,True,True,True,4|116|15|4,4,116,15,4,False,5|14|2|2
2|2,antifundxfund:-2 + singletxadjoint:-1 + singletxsinglet:2 + singletxsym2:2 + sym2xsinglet:1,True,True,True,4|116|15|4,4,116,15,4,False,5|14|2|2
2|2,antifundxfund:-2 + singletxadjoint:1 + singletxantisym2:2 + sym2xsinglet:-1 + sym2xsinglet:2,True,True,True,4|116|15|4,4,116,15,4,False,5|14|2|2
2|2,antifundxfund:-2 + singletxadjoint:1 + singletxsinglet:2 + sym2xsinglet:-1 + sym2xsinglet:2,True,True,True,4|116|15|4,4,116,15,4,False,5|14|2|2
2|2,antifundxfund:-2 + singletxadjoint:2 + singletxantisym2:2 + singletxsym2:-1 + sym2xsinglet:1,True,True,True,4|116|15|4,4,116,15,4,False,5|14|2|2
2|2,antifundxfund:-2 + singletxadjoint:2 + singletxsinglet:2 + singletxsym2:-1 + sym2xsinglet:1,True,True,True,4|116|15|4,4,116,15,4,False,5|14|2|2
2|2,antifundxfund:-2 + singletxantisym2:2 + singletxsym2:-1 + singletxsym2:2 + sym2xsinglet:1,True,True,True,4|116|15|4,4,116,15,4,False,5|14|2|2
2|2,antifundxfund:-2 + singletxantisym2:2 + singletxsym2:1 + sym2xsinglet:-1 + sym2xsinglet:2,True,True,True,4|116|15|4,4,116,15,4,False,5|14|2|2
2|2,antifundxfund:-2 + singletxsinglet:2 + singletxsym2:-1 + singletxsym2:2 + sym2xsinglet:1,True,True,True,4|116|15|4,4,116,15,4,False,5|14|2|2
2|2,antifundxfund:-2 + singletxsinglet:2 + singletxsym2:1 + sym2xsinglet:-1 + sym2xsinglet:2,True,True,True,4|116|15|4,4,116,15,4,False,5|14|2|2
2|2,antifundxfund:2 + antisym2xsinglet:-2 + singletxadjoint:-1 + sym2xsinglet:-2 + sym2xsinglet:1,True,True,True,4|116|15|4,4,116,15,4,False,5|14|2|2
2|2,antifundxfund:2 + antisym2xsinglet:-2 + singletxadjoint:-2 + singletxadjoint:1 + sym2xsinglet:-1,True,True,True,4|116|15|4,4,116,15,4,False,5|14|2|2
2|2,antifundxfund:2 + antisym2xsinglet:-2 + singletxadjoint:-2 + singletxsym2:1 + sym2xsinglet:-1,True,True,True,4|116|15|4,4,116,15,4,False,5|14|2|2
2|2,antifundxfund:2 + antisym2xsinglet:-2 + singletxadjoint:1 + singletxsym2:-2 + sym2xsinglet:-1,True,True,True,4|116|15|4,4,116,15,4,False,5|14|2|2
2|2,antifundxfund:2 + antisym2xsinglet:-2 + singletxsym2:-1 + sym2xsinglet:-2 + sym2xsinglet:1,True,True,True,4|116|15|4,4,116,15,4,False,5|14|2|2
2|2,antifundxfund:2 + antisym2xsinglet:-2 + singletxsym2:-2 + singletxsym2:1 + sym2xsinglet:-1,True,True,True,4|116|15|4,4,116,15,4,False,5|14|2|2
2|2,antifundxfund:2 + singletxadjoint:-1 + singletxantisym2:-2 + sym2xsinglet:-2 + sym2xsinglet:1,True,True,True,4|116|15|4,4,116,15,4,False,5|14|2|2
2|2,antifundxfund:2 + singletxadjoint:-1 + singletxsinglet:-2 + sym2xsinglet:-2 + sym2xsinglet:1,True,True,True,4|116|15|4,4,116,15,4,False,5|14|2|2
2|2,antifundxfund:2 + singletxadjoint:-2 + singletxadjoint:1 + singletxantisym2:-2 + sym2xsinglet:-1,True,True,True,4|116|15|4,4,116,15,4,False,5|14|2|2
2|2,antifundxfund:2 + singletxadjoint:-2 + singletxadjoint:1 + singletxsinglet:-2 + sym2xsinglet:-1,True,True,True,4|116|15|4,4,116,15,4,False,5|14|2|2
2|2,antifundxfund:2 + singletxadjoint:-2 + singletxantisym2:-2 + singletxsym2:1 + sym2xsinglet:-1,True,True,True,4|116|15|4,4,116,15,4,False,5|14|2|2
2|2,antifundxfund:2 + singletxadjoint:-2 + singletxsinglet:-2 + singletxsym2:1 + sym2xsinglet:-1,True,True,True,4|116|15|4,4,116,15,4,False,5|14|2|2
2|2,antifundxfund:2 + singletxadjoint:1 + singletxantisym2:-2 + singletxsym2:-2 + sym2xsinglet:-1,True,True,True,4|116|15|4,4,116,15,4,False,5|14|2|2
2|2,antifundxfund:2 + singletxadjoint:1 + singletxsinglet:-2 + singletxsym2:-2 + sym2xsinglet:-1,True,True,True,4|116|15|4,4,116,15,4,False,5|14|2|2
2|2,antifundxfund:2 + singletxantisym2:-2 + singletxsym2:-1 + sym2xsinglet:-2 + sym2xsinglet:1,True,True,True,4|116|15|4,4,116,15,4,False,5|14|2|2
2|2,antifundxfund:2 + singletxantisym2:-2 + singletxsym2:-2 + singletxsym2:1 + sym2xsinglet:-1,True,True,True,4|116|15|4,4,116,15,4,False,5|14|2|2
2|2,antifundxfund:2 + singletxsinglet:-2 + singletxsym2:-1 + sym2xsinglet:-2 + sym2xsinglet:1,True,True,True,4|116|15|4,4,116,15,4,False,5|14|2|2
2|2,antifundxfund:2 + singletxsinglet:-2 + singletxsym2:-2 + singletxsym2:1 + sym2xsinglet:-1,True,True,True,4|116|15|4,4,116,15,4,False,5|14|2|2
2|2,antisym2xsinglet:-2 + fundxantifund:2 + singletxadjoint:-1 + sym2xsinglet:-2 + sym2xsinglet:1,True,True,True,4|116|15|4,4,116,15,4,False,5|14|2|2
2|2,antisym2xsinglet:-2 + fundxantifund:2 + singletxadjoint:-2 + singletxadjoint:1 + sym2xsinglet:-1,True,True,True,4|116|15|4,4,116,15,4,False,5|14|2|2
2|2,antisym2xsinglet:-2 + fundxantifund:2 + singletxadjoint:-2 + singletxsym2:1 + sym2xsinglet:-1,True,True,True,4|116|15|4,4,116,15,4,False,5|14|2|2
2|2,antisym2xsinglet:-2 + fundxantifund:2 + singletxadjoint:1 + singletxsym2:-2 + sym2xsinglet:-1,True,True,True,4|116|15|4,4,116,15,4,False,5|14|2|2
2|2,antisym2xsinglet:-2 + fundxantifund:2 + singletxsym2:-1 + sym2xsinglet:-2 + sym2xsinglet:1,True,True,True,4|116|15|4,4,116,15,4,False,5|14|2|2
2|2,antisym2xsinglet:-2 + fundxantifund:2 + singletxsym2:-2 + singletxsym2:1 + sym2xsinglet:-1,True,True,True,4|116|15|4,4,116,15,4,False,5|14|2|2
2|2,antisym2xsinglet:-2 + fundxfund:2 + singletxadjoint:-1 + sym2xsinglet:-2 + sym2xsinglet:1,True,True,True,4|116|15|4,4,116,15,4,False,5|14|2|2
2|2,antisym2xsinglet:-2 + fundxfund:2 + singletxadjoint:-2 + singletxadjoint:1 + sym2xsinglet:-1,True,True,True,4|116|15|4,4,116,15,4,False,5|14|2|2
2|2,antisym2xsinglet:-2 + fundxfund:2 + singletxadjoint:-2 + singletxsym2:1 + sym2xsinglet:-1,True,True,True,4|116|15|4,4,116,15,4,False,5|14|2|2
2|2,antisym2xsinglet:-2 + fundxfund:2 + singletxadjoint:1 + singletxsym2:-2 + sym2xsinglet:-1,True,True,True,4|116|15|4,4,116,15,4,False,5|14|2|2
2|2,antisym2xsinglet:-2 + fundxfund:2 + singletxsym2:-1 + sym2xsinglet:-2 + sym2xsinglet:1,True,True,True,4|116|15|4,4,116,15,4,False,5|14|2|2
2|2,antisym2xsinglet:-2 + fundxfund:2 + singletxsym2:-2 + singletxsym2:1 + sym2xsinglet:-1,True,True,True,4|116|15|4,4,116,15,4,False,5|14|2|2
2|2,antisym2xsinglet:2 + fundxantifund:-2 + singletxadjoint:-1 + singletxadjoint:2 + sym2xsinglet:1,True,True,True,4|116|15|4,4,116,15,4,False,5|14|2|2
2|2,antisym2xsinglet:2 + fundxantifund:-2 + singletxadjoint:-1 + singletxsym2:2 + sym2xsinglet:1,True,True,True,4|116|15|4,4,116,15,4,False,5|14|2|2
2|2,antisym2xsinglet:2 + fundxantifund:-2 + singletxadjoint:1 + sym2xsinglet:-1 + sym2xsinglet:2,True,True,True,4|116|15|4,4,116,15,4,False,5|14|2|2
2|2,antisym2xsinglet:2 + fundxantifund:-2 + singletxadjoint:2 + singletxsym2:-1 + sym2xsinglet:1,True,True,True,4|116|15|4,4,116,15,4,False,5|14|2|2
2|2,antisym2xsinglet:2 + fundxantifund:-2 + singletxsym2:-1 + singletxsym2:2 + sym2xsinglet:1,True,True,True,4|116|15|4,4,116,15,4,False,5|14|2|2
2|2,antisym2xsinglet:2 + fundxantifund:-2 + singletxsym2:1 + sym2xsinglet:-1 + sym2xsinglet:2,True,True,True,4|116|15|4,4,116,15,4,False,5|14|2|2
2|2,antisym2xsinglet:2 + fundxfund:-2 + singletxadjoint:-1 + singletxadjoint:2 + sym2xsinglet:1,True,True,True,4|116|15|4,4,116,15,4,False,5|14|2|2
2|2,antisym2xsinglet:2 + fundxfund:-2 + singletxadjoint:-1 + singletxsym2:2 + sym2xsinglet:1,True,True,True,4|116|15|4,4,116,15,4,False,5|14|2|2
2|2,antisym2xsinglet:2 + fundxfund:-2 + singletxadjoint:1 + sym2xsinglet:-1 + sym2xsinglet:2,True,True,True,4|116|15|4,4,116,15,4,False,5|14|2|2
2|2,antisym2xsinglet:2 + fundxfund:-2 + singletxadjoint:2 + singletxsym2:-1 + sym2xsinglet:1,True,True,True,4|116|15|4,4,116,15,4,False,5|14|2|2
2|2,antisym2xsinglet:2 + fundxfund:-2 + singletxsym2:-1 + singletxsym2:2 + sym2xsinglet:1,True,True,True,4|116|15|4,4,116,15,4,False,5|14|2|2
2|2,antisym2xsinglet:2 + fundxfund:-2 + singletxsym2:1 + sym2xsinglet:-1 + sym2xsinglet:2,True,True,True,4|116|15|4,4,116,15,4,False,5|14|2|2
2|2,fundxantifund:-2 + singletxadjoint:-1 + singletxadjoint:2 + singletxantisym2:2 + sym2xsinglet:1,True,True,True,4|116|15|4,4,116,15,4,False,5|14|2|2
2|2,fundxantifund:-2 + singletxadjoint:-1 + singletxadjoint:2 + singletxsinglet:2 + sym2xsinglet:1,True,True,True,4|116|15|4,4,116,15,4,False,5|14|2|2
2|2,fundxantifund:-2 + singletxadjoint:-1 + singletxantisym2:2 + singletxsym2:2 + sym2xsinglet:1,True,True,True,4|116|15|4,4,116,15,4,False,5|14|2|2
2|2,fundxantifund:-2 + singletxadjoint:-1 + singletxsinglet:2 + singletxsym2:2 + sym2xsinglet:1,True,True,True,4|116|15|4,4,116,15,4,False,5|14|2|2
2|2,fundxantifund:-2 + singletxadjoint:1 + singletxantisym2:2 + sym2xsinglet:-1 + sym2xsinglet:2,True,True,True,4|116|15|4,4,116,15,4,False,5|14|2|2
2|2,fundxantifund:-2 + singletxadjoint:1 + singletxsinglet:2 + sym2xsinglet:-1 + sym2xsinglet:2,True,True,True,4|116|15|4,4,116,15,4,False,5|14|2|2
2|2,fundxantifund:-2 + singletxadjoint:2 + singletxantisym2:2 + singletxsym2:-1 + sym2xsinglet:1,True,True,True,4|116|15|4,4,116,15,4,False,5|14|2|2
2|2,fundxantifund:-2 + singletxadjoint:2 + singletxsinglet:2 + singletxsym2:-1 + sym2xsinglet:1,True,True,True,4|116|15|4,4,116,15,4,False,5|14|2|2
2|2,fundxantifund:-2 + singletxantisym2:2 + singletxsym2:-1 + singletxsym2:2 + sym2xsinglet:1,True,True,True,4|116|15|4,4,116,15,4,False,5|14|2|2
2|2,fundxantifund:-2 + singletxantisym2:2 + singletxsym2:1 + sym2xsinglet:-1 + sym2xsinglet:2,True,True,True,4|116|15|4,4,116,15,4,False,5|14|2|2
2|2,fundxantifund:-2 + singletxsinglet:2 + singletxsym2:-1 + singletxsym2:2 + sym2xsinglet:1,True,True,True,4|116|15|4,4,116,15,4,False,5|14|2|2
2|2,fundxantifund:-2 + singletxsinglet:2 + singletxsym2:1 + sym2xsinglet:-1 + sym2xsinglet:2,True,True,True,4|116|15|4,4,116,15,4,False,5|14|2|2
2|2,fundxantifund:2 + singletxadjoint:-1 + singletxantisym2:-2 + sym2xsinglet:-2 + sym2xsinglet:1,True,True,True,4|116|15|4,4,116,15,4,False,5|14|2|2
2|2,fundxantifund:2 + singletxadjoint:-1 + singletxsinglet:-2 + sym2xsinglet:-2 + sym2xsinglet:1,True,True,True,4|116|15|4,4,116,15,4,False,5|14|2|2
2|2,fundxantifund:2 + singletxadjoint:-2 + singletxadjoint:1 + singletxantisym2:-2 + sym2xsinglet:-1,True,True,True,4|116|15|4,4,116,15,4,False,5|14|2|2
2|2,fundxantifund:2 + singletxadjoint:-2 + singletxadjoint:1 + singletxsinglet:-2 + sym2xsinglet:-1,True,True,True,4|116|15|4,4,116,15,4,False,5|14|2|2
2|2,fundxantifund:2 + singletxadjoint:-2 + singletxantisym2:-2 + singletxsym2:1 + sym2xsinglet:-1,True,True,True,4|116|15|4,4,116,15,4,False,5|14|2|2
2|2,fundxantifund:2 + singletxadjoint:-2 + singletxsinglet:-2 + singletxsym2:1 + sym2xsinglet:-1,True,True,True,4|116|15|4,4,116,15,4,False,5|14|2|2
2|2,fundxantifund:2 + singletxadjoint:1 + singletxantisym2:-2 + singletxsym2:-2 + sym2xsinglet:-1,True,True,True,4|116|15|4,4,116,15,4,False,5|14|2|2
2|2,fundxantifund:2 + singletxadjoint:1 + singletxsinglet:-2 + singletxsym2:-2 + sym2xsinglet:-1,True,True,True,4|116|15|4,4,116,15,4,False,5|14|2|2
2|2,fundxantifund:2 + singletxantisym2:-2 + singletxsym2:-1 + sym2xsinglet:-2 + sym2xsinglet:1,True,True,True,4|116|15|4,4,116,15,4,False,5|14|2|2
2|2,fundxantifund:2 + singletxantisym2:-2 + singletxsym2:-2 + singletxsym2:1 + sym2xsinglet:-1,True,True,True,4|116|15|4,4,116,15,4,False,5|14|2|2
2|2,fundxantifund:2 + singletxsinglet:-2 + singletxsym2:-1 + sym2xsinglet:-2 + sym2xsinglet:1,True,True,True,4|116|15|4,4,116,15,4,False,5|14|2|2
2|2,fundxantifund:2 + singletxsinglet:-2 + singletxsym2:-2 + singletxsym2:1 + sym2xsinglet:-1,True,True,True,4|116|15|4,4,116,15,4,False,5|14|2|2
2|2,fundxfund:-2 + singletxadjoint:-1 + singletxadjoint:2 + singletxantisym2:2 + sym2xsinglet:1,True,True,True,4|116|15|4,4,116,15,4,False,5|14|2|2
2|2,fundxfund:-2 + singletxadjoint:-1 + singletxadjoint:2 + singletxsinglet:2 + sym2xsinglet:1,True,True,True,4|116|15|4,4,116,15,4,False,5|14|2|2
2|2,fundxfund:-2 + singletxadjoint:-1 + singletxantisym2:2 + singletxsym2:2 + sym2xsinglet:1,True,True,True,4|116|15|4,4,116,15,4,False,5|14|2|2
2|2,fundxfund:-2 + singletxadjoint:-1 + singletxsinglet:2 + singletxsym2:2 + sym2xsinglet:1,True,True,True,4|116|15|4,4,116,15,4,False,5|14|2|2
2|2,fundxfund:-2 + singletxadjoint:1 + singletxantisym2:2 + sym2xsinglet:-1 + sym2xsinglet:2,True,True,True,4|116|15|4,4,116,15,4,False,5|14|2|2
2|2,fundxfund:-2 + singletxadjoint:1 + singletxsinglet:2 + sym2xsinglet:-1 + sym2xsinglet:2,True,True,True,4|116|15|4,4,116,15,4,False,5|14|2|2
2|2,fundxfund:-2 + singletxadjoint:2 + singletxantisym2:2 + singletxsym2:-1 + sym2xsinglet:1,True,True,True,4|116|15|4,4,116,15,4,False,5|14|2|2
2|2,fundxfund:-2 + singletxadjoint:2 + singletxsinglet:2 + singletxsym2:-1 + sym2xsinglet:1,True,True,True,4|116|15|4,4,116,15,4,False,5|14|2|2
2|2,fundxfund:-2 + singletxantisym2:2 + singletxsym2:-1 + singletxsym2:2 + sym2xsinglet:1,True,True,True,4|116|15|4,4,116,15,4,False,5|14|2|2
2|2,fundxfund:-2 + singletxantisym2:2 + singletxsym2:1 + sym2xsinglet:-1 + sym2xsinglet:2,True,True,True,4|116|15|4,4,116,15,4,False,5|14|2|2
2|2,fundxfund:-2 + singletxsinglet:2 + singletxsym2:-1 + singletxsym2:2 + sym2xsinglet:1,True,True,True,4|116|15|4,4,116,15,4,False,5|14|2|2
2|2,fundxfund:-2 + singletxsinglet:2 + singletxsym2:1 + sym2xsinglet:-1 + sym2xsinglet:2,True,True,True,4|116|15|4,4,116,15,4,False,5|14|2|2
2|2,fundxfund:2 + singletxadjoint:-1 + singletxantisym2:-2 + sym2xsinglet:-2 + sym2xsinglet:1,True,True,True,4|116|15|4,4,116,15,4,False,5|14|2|2
2|2,fundxfund:2 + singletxadjoint:-1 + singletxsinglet:-2 + sym2xsinglet:-2 + sym2xsinglet:1,True,True,True,4|116|15|4,4,116,15,4,False,5|14|2|2
2|2,fundxfund:2 + singletxadjoint:-2 + singletxadjoint:1 + singletxantisym2:-2 + sym2xsinglet:-1,True,True,True,4|116|15|4,4,116,15,4,False,5|14|2|2
2|2,fundxfund:2 + singletxadjoint:-2 + singletxadjoint:1 + singletxsinglet:-2 + sym2xsinglet:-1,True,True,True,4|116|15|4,4,116,15,4,False,5|14|2|2
2|2,fundxfund:2 + singletxadjoint:-2 + singletxantisym2:-2 + singletxsym2:1 + sym2xsinglet:-1,True,True,True,4|116|15|4,4,116,15,4,False,5|14|2|2
2|2,fundxfund:2 + singletxadjoint:-2 + singletxsinglet:-2 + singletxsym2:1 + sym2xsinglet:-1,True,True,True,4|116|15|4,4,116,15,4,False,5|14|2|2
2|2,fundxfund:2 + singletxadjoint:1 + singletxantisym2:-2 + singletxsym2:-2 + sym2xsinglet:-1,True,True,True,4|116|15|4,4,116,15,4,False,5|14|2|2
2|2,fundxfund:2 + singletxadjoint:1 + singletxsinglet:-2 + singletxsym2:-2 + sym2xsinglet:-1,True,True,True,4|116|15|4,4,116,15,4,False,5|14|2|2
2|2,fundxfund:2 + singletxantisym2:-2 + singletxsym2:-1 + sym2xsinglet:-2 + sym2xsinglet:1,True,True,True,4|116|15|4,4,116,15,4,False,5|14|2|2
2|2,fundxfund:2 + singletxantisym2:-2 + singletxsym2:-2 + singletxsym2:1 + sym2xsinglet:-1,True,True,True,4|116|15|4,4,116,15,4,False,5|14|2|2
2|2,fundxfund:2 + singletxsinglet:-2 + singletxsym2:-1 + sym2xsinglet:-2 + sym2xsinglet:1,True,True,True,4|116|15|4,4,116,15,4,False,5|14|2|2
2|2,fundxfund:2 + singletxsinglet:-2 + singletxsym2:-2 + singletxsym2:1 + sym2xsinglet:-1,True,True,True,4|116|15|4,4,116,15,4,False,5|14|2|2
3,antifund:-1 + antifund:1 + fund:-3 + fund:3,True,True,True,4|204|16|6,4,204,16,6,False,4|12|2|1
3,antifund:-1 + antisym2:1 + fund:-3 + fund:3,True,True,True,4|204|16|6,4,204,16,6,False,4|12|2|1
3,antifund:-3 + antifund:3 + fund:-1 + fund:1,True,True,True,4|204|16|6,4,204,16,6,False,4|12|2|1
3,antifund:-3 + antisym2:3 + fund:-1 + fund:1,True,True,True,4|204|16|6,4,204,16,6,False,4|12|2|1
3,antifund:1 + antisym2:-1 + fund:-3 + fund:3,True,True,True,4|204|16|6,4,204,16,6,False,4|12|2|1
3,antifund:3 + antisym2:-3 + fund:-1 + fund:1,True,True,True,4|204|16|6,4,204,16,6,False,4|12|2|1
3,antisym2:-1 + antisym2:1 + fund:-3 + fund:3,True,True,True,4|204|16|6,4,204,16,6,False,4|12|2|1
3,antisym2:-3 + antisym2:3 + fund:-1 + fund:1,True,True,True,4|204|16|6,4,204,16,6,False,4|12|2|1
3,antifund:-2 + antifund:2 + fund:-3 + fund:3,True,True,True,4|254|16|6,4,254,16,6,False,4|12|2|1
3,antifund:-2 + antisym2:2 + fund:-3 + fund:3,True,True,True,4|254|16|6,4,254,16,6,False,4|12|2|1
3,antifund:-3 + antifund:3 + fund:-2 + fund:2,True,True,True,4|254|16|6,4,254,16,6,False,4|12|2|1
3,antifund:-3 + antisym2:3 + fund:-2 + fund:2,True,True,True,4|254|16|6,4,254,16,6,False,4|12|2|1
3,antifund:2 + antisym2:-2 + fund:-3 + fund:3,True,True,True,4|254|16|6,4,254,16,6,False,4|12|2|1
3,antifund:3 + antisym2:-3 + fund:-2 + fund:2,True,True,True,4|254|16|6,4,254,16,6,False,4|12|2|1
3,antisym2:-2 + antisym2:2 + fund:-3 + fund:3,True,True,True,4|254|16|6,4,254,16,6,False,4|12|2|1
3,antisym2:-3 + antisym2:3 + fund:-2 + fund:2,True,True,True,4|254|16|6,4,254,16,6,False,4|12|2|1
2|4,antisym2xsinglet:-4 + singletxantifund:1 + singletxantisym2:-2 + singletxfund:3,True,True,True,4|266|13|7,4,266,13,7,False,4|15|4|2
2|4,antisym2xsinglet:-4 + singletxantifund:3 + singletxantisym2:-2 + singletxfund:1,True,True,True,4|266|13|7,4,266,13,7,False,4|15|4|2
2|4,antisym2xsinglet:4 + singletxantifund:-1 + singletxantisym2:2 + singletxfund:-3,True,True,True,4|266|13|7,4,266,13,7,False,4|15|4|2
2|4,antisym2xsinglet:4 + singletxantifund:-3 + singletxantisym2:2 + singletxfund:-1,True,True,True,4|266|13|7,4,266,13,7,False,4|15|4|2
4,antifund:-1 + antisym2:2 + fund:-3 + singlet:4,True,True,True,4|266|13|7,4,266,13,7,False,4|15|3|1
4,antifund:-3 + antisym2:2 + fund:-1 + singlet:4,True,True,True,4|266|13|7,4,266,13,7,False,4|15|3|1
4,antifund:1 + antisym2:-2 + fund:3 + singlet:-4,True,True,True,4|266|13|7,4,266,13,7,False,4|15|3|1
4,antifund:3 + antisym2:-2 + fund:1 + singlet:-4,True,True,True,4|266|13|7,4,266,13,7,False,4|15|3|1
4,antifund:-1 + antifund:1 + fund:-3 + fund:3,True,True,True,4|268|16|6,4,268,16,6,False,4|16|3|1
4,antifund:-3 + antifund:3 + fund:-1 + fund:1,True,True,True,4|268|16|6,4,268,16,6,False,4|16|3|1
2|2,adjointxsinglet:-2 + antifundxantifund:1 + antifundxantifund:3 + antisym2xsinglet:-4 + singletxadjoint:-2,True,True,True,4|288|16|7,4,288,16,7,False,5|15|2|2
2|2,adjointxsinglet:-2 + antifundxantifund:1 + antifundxantifund:3 + antisym2xsinglet:-4 + singletxsym2:-2,True,True,True,4|288|16|7,4,288,16,7,False,5|15|2|2
2|2,adjointxsinglet:-2 + antifundxantifund:1 + antifundxantifund:3 + singletxadjoint:-2 + singletxantisym2:-4,True,True,True,4|288|16|7,4,288,16,7,False,5|15|2|2
2|2,adjointxsinglet:-2 + antifundxantifund:1 + antifundxantifund:3 + singletxadjoint:-2 + singletxsinglet:-4,True,True,True,4|288|16|7,4,288,16,7,False,5|15|2|2
2|2,adjointxsinglet:-2 + antifundxantifund:1 + antifundxantifund:3 + singletxantisym2:-4 + singletxsym2:-2,True,True,True,4|288|16|7,4,288,16,7,False,5|15|2|2
2|2,adjointxsinglet:-2 + antifundxantifund:1 + antifundxantifund:3 + singletxsinglet:-4 + singletxsym2:-2,True,True,True,4|288|16|7,4,288,16,7,False,5|15|2|2
2|2,adjointxsinglet:-2 + antifundxantifund:1 + antifundxfund:3 + antisym2xsinglet:-4 + singletxadjoint:-2,True,True,True,4|288|16|7,4,288,16,7,False,5|15|2|2
2|2,adjointxsinglet:-2 + antifundxantifund:1 + antifundxfund:3 + antisym2xsinglet:-4 + singletxsym2:-2,True,True,True,4|288|16|7,4,288,16,7,False,5|15|2|2
2|2,adjointxsinglet:-2 + antifundxantifund:1 + antifundxfund:3 + singletxadjoint:-2 + singletxantisym2:-4,True,True,True,4|288|16|7,4,288,16,7,False,5|15|2|2
2|2,adjointxsinglet:-2 + antifundxantifund:1 + antifundxfund:3 + singletxadjoint:-2 + singletxsinglet:-4,True,True,True,4|288|16|7,4,288,16,7,False,5|15|2|2
2|2,adjointxsinglet:-2 + antifundxantifund:1 + antifundxfund:3 + singletxantisym2:-4 + singletxsym2:-2,True,True,True,4|288|16|7,4,288,16,7,False,5|15|2|2
2|2,adjointxsinglet:-2 + antifundxantifund:1 + antifundxfund:3 + singletxsinglet:-4 + singletxsym2:-2,True,True,True,4|288|16|7,4,288,16,7,False,5|15|2|2
2|2,adjointxsinglet:-2 + antifundxantifund:1 + antisym2xsinglet:-4 + fundxantifund:3 + singletxadjoint:-2,True,True,True,4|288|16|7,4,288,16,7,False,5|15|2|2
2|2,adjointxsinglet:-2 + antifundxantifund:1 + antisym2xsinglet:-4 + fundxantifund:3 + singletxsym2:-2,True,True,True,4|288|16|7,4,288,16,7,False,5|15|2|2
2|2,adjointxsinglet:-2 + antifundxantifund:1 + antisym2xsinglet:-4 + fundxfund:3 + singletxadjoint:-2,True,True,True,4|288|16|7,4,288,16,7,False,5|15|2|2
2|2,adjointxsinglet:-2 + antifundxantifund:1 + antisym2xsinglet:-4 + fundxfund:3 + singletxsym2:-2,True,True,True,4|288|16|7,4,288,16,7,False,5|15|2|2
2|2,adjointxsinglet:-2 + antifundxantifund:1 + fundxantifund:3 + singletxadjoint:-2 + singletxantisym2:-4,True,True,True,4|288|16|7,4,288,16,7,False,5|15|2|2
2|2,adjointxsinglet:-2 + antifundxantifund:1 + fundxantifund:3 + singletxadjoint:-2 + singletxsinglet:-4,True,True,True,4|288|16|7,4,288,16,7,False,5|15|2|2
2|2,adjointxsinglet:-2 + antifundxantifund:1 + fundxantifund:3 + singletxantisym2:-4 + singletxsym2:-2,True,True,True,4|288|16|7,4,288,16,7,False,5|15|2|2
2|2,adjointxsinglet:-2 + antifundxantifund:1 + fundxantifund:3 + singletxsinglet:-4 + singletxsym2:-2,True,True,True,4|288|16|7,4,288,16,7,False,5|15|2|2
2|2,adjointxsinglet:-2 + antifundxantifund:1 + fundxfund:3 + singletxadjoint:-2 + singletxantisym2:-4,True,True,True,4|288|16|7,4,288,16,7,False,5|15|2|2
2|2,adjointxsinglet:-2 + antifundxantifund:1 + fundxfund:3 + singletxadjoint:-2 + singletxsinglet:-4,True,True,True,4|288|16|7,4,288,16,7,False,5|15|2|2
2|2,adjointxsinglet:-2 + antifundxantifund:1 + fundxfund:3 + singletxantisym2:-4 + singletxsym2:-2,True,True,True,4|288|16|7,4,288,16,7,False,5|15|2|2
2|2,adjointxsinglet:-2 + antifundxantifund:1 + fundxfund:3 + singletxsinglet:-4 + singletxsym2:-2,True,True,True,4|288|16|7,4,288,16,7,False,5|15|2|2
2|2,adjointxsinglet:-2 + antifundxantifund:3 + antifundxfund:1 + antisym2xsinglet:-4 + singletxadjoint:-2,True,True,True,4|288|16|7,4,288,16,7,False,5|15|2|2
2|2,adjointxsinglet:-2 + antifundxantifund:3 + antifundxfund:1 + antisym2xsinglet:-4 + singletxsym2:-2,True,True,True,4|288|16|7,4,288,16,7,False,5|15|2|2
2|2,adjointxsinglet:-2 + antifundxantifund:3 + antifundxfund:1 + singletxadjoint:-2 + singletxantisym2:-4,True,True,True,4|288|16|7,4,288,16,7,False,5|15|2|2
2|2,adjointxsinglet:-2 + antifundxantifund:3 + antifundxfund:1 + singletxadjoint:-2 + singletxsinglet:-4,True,True,True,4|288|16|7,4,288,16,7,False,5|15|2|2
2|2,adjointxsinglet:-2 + antifundxantifund:3 + antifundxfund:1 + singletxantisym2:-4 + singletxsym2:-2,True,True,True,4|288|16|7,4,288,16,7,False,5|15|2|2
2|2,adjointxsinglet:-2 + antifundxantifund:3 + antifundxfund:1 + singletxsinglet:-4 + singletxsym2:-2,True,True,True,4|288|16|7,4,288,16,7,False,5|15|2|2
2|2,adjointxsinglet:-2 + antifundxantifund:3 + antisym2xsinglet:-4 + fundxantifund:1 + singletxadjoint:-2,True,True,True,4|288|16|7,4,288,16,7,False,5|15|2|2
2|2,adjointxsinglet:-2 + antifundxantifund:3 + antisym2xsinglet:-4 + fundxantifund:1 + singletxsym2:-2,True,True,True,4|288|16|7,4,288,16,7,False,5|15|2|2
2|2,adjointxsinglet:-2 + antifundxantifund:3 + antisym2xsinglet:-4 + fundxfund:1 + singletxadjoint:-2,True,True,True,4|288|16|7,4,288,16,7,False,5|15|2|2
2|2,adjointxsinglet:-2 + antifundxantifund:3 + antisym2xsinglet:-4 + fundxfund:1 + singletxsym2:-2,True,True,True,4|288|16|7,4,288,16,7,False,5|15|2|2
2|2,adjointxsinglet:-2 + antifundxantifund:3 + fundxantifund:1 + singletxadjoint:-2 + singletxantisym2:-4,True,True,True,4|288|16|7,4,288,16,7,False,5|15|2|2
2|2,adjointxsinglet:-2 + antifundxantifund:3 + fundxantifund:1 + singletxadjoint:-2 + singletxsinglet:-4,True,True,True,4|288|16|7,4,288,16,7,False,5|15|2|2
2|2,adjointxsinglet:-2 + antifundxantifund:3 + fundxantifund:1 + singletxantisym2:-4 + singletxsym2:-2,True,True,True,4|288|16|7,4,288,16,7,False,5|15|2|2
2|2,adjointxsinglet:-2 + antifundxantifund:3 + fundxantifund:1 + singletxsinglet:-4 + singletxsym2:-2,True,True,True,4|288|16|7,4,288,16,7,False,5|15|2|2
2|2,adjointxsinglet:-2 + antifundxantifund:3 + fundxfund:1 + singletxadjoint:-2 + singletxantisym2:-4,True,True,True,4|288|16|7,4,288,16,7,False,5|15|2|2
2|2,adjointxsinglet:-2 + antifundxantifund:3 + fundxfund:1 + singletxadjoint:-2 + singletxsinglet:-4,True,True,True,4|288|16|7,4,288,16,7,False,5|15|2|2
2|2,adjointxsinglet:-2 + antifundxantifund:3 + fundxfund:1 + singletxantisym2:-4 + singletxsym2:-2,True,True,True,4|288|16|7,4,288,16,7,False,5|15|2|2
2|2,adjointxsinglet:-2 + antifundxantifund:3 + fundxfund:1 + singletxsinglet:-4 + singletxsym2:-2,True,True,True,4|288|16|7,4,288,16,7,False,5|15|2|2
2|2,adjointxsinglet:-2 + antifundxfund:1 + antifundxfund:3 + antisym2xsinglet:-4 + singletxadjoint:-2,True,True,True,4|288|16|7,4,288,16,7,False,5|15|2|2
2|2,adjointxsinglet:-2 + antifundxfund:1 + antifundxfund:3 + antisym2xsinglet:-4 + singletxsym2:-2,True,True,True,4|288|16|7,4,288,16,7,False,5|15|2|2
2|2,adjointxsinglet:-2 + antifundxfund:1 + antifundxfund:3 + singletxadjoint:-2 + singletxantisym2:-4,True,True,True,4|288|16|7,4,288,16,7,False,5|15|2|2
2|2,adjointxsinglet:-2 + antifundxfund:1 + antifundxfund:3 + singletxadjoint:-2 + singletxsinglet:-4,True,True,True,4|288|16|7,4,288,16,7,False,5|15|2|2
2|2,adjointxsinglet:-2 + antifundxfund:1 + antifundxfund:3 + singletxantisym2:-4 + singletxsym2:-2,True,True,True,4|288|16|7,4,288,16,7,False,5|15|2|2
2|2,adjointxsinglet:-2 + antifundxfund:1 + antifundxfund:3 + singletxsinglet:-4 + singletxsym2:-2,True,True,True,4|288|16|7,4,288,16,7,False,5|15|2|2
2|2,adjointxsinglet:-2 + antifundxfund:1 + antisym2xsinglet:-4 + fundxantifund:3 + singletxadjoint:-2,True,True,True,4|288|16|7,4,288,16,7,False,5|15|2|2
2|2,adjointxsinglet:-2 + antifundxfund:1 + antisym2xsinglet:-4 + fundxantifund:3 + singletxsym2:-2,True,True,True,4|288|16|7,4,288,16,7,False,5|15|2|2
2|2,adjointxsinglet:-2 + antifundxfund:1 + antisym2xsinglet:-4 + fundxfund:3 + singletxadjoint:-2,True,True,True,4|288|16|7,4,288,16,7,False,5|15|2|2
2|2,adjointxsinglet:-2 + antifundxfund:1 + antisym2xsinglet:-4 + fundxfund:3 + singletxsym2:-2,True,True,True,4|288|16|7,4,288,16,7,False,5|15|2|2
2|2,adjointxsinglet:-2 + antifundxfund:1 + fundxantifund:3 + singletxadjoint:-2 + singletxantisym2:-4,True,True,True,4|288|16|7,4,288,16,7,False,5|15|2|2
2|2,adjointxsinglet:-2 + antifundxfund:1 + fundxantifund:3 + singletxadjoint:-2 + singletxsinglet:-4,True,True,True,4|288|16|7,4,288,16,7,False,5|15|2|2
2|2,adjointxsinglet:-2 + antifundxfund:1 + fundxantifund:3 + singletxantisym2:-4 + singletxsym2:-2,True,True,True,4|288|16|7,4,288,16,7,False,5|15|2|2
2|2,adjointxsinglet:-2 + antifundxfund:1 + fundxantifund:3 + singletxsinglet:-4 + singletxsym2:-2,True,True,True,4|288|16|7,4,288,16,7,False,5|15|2|2
2|2,adjointxsinglet:-2 + antifundxfund:1 + fundxfund:3 + singletxadjoint:-2 + singletxantisym2:-4,True,True,True,4|288|16|7,4,288,16,7,False,5|15|2|2
2|2,adjointxsinglet:-2 + antifundxfund:1 + fundxfund:3 + singletxadjoint:-2 + singletxsinglet:-4,True,True,True,4|288|16|7,4,288,16,7,False,5|15|2|2
2|2,adjointxsinglet:-2 + antifundxfund:1 + fundxfund:3 + singletxantisym2:-4 + singletxsym2:-2,True,True,True,4|288|16|7,4,288,16,7,False,5|15|2|2
2|2,adjointxsinglet:-2 + antifundxfund:1 + fundxfund:3 + singletxsinglet:-4 + singletxsym2:-2,True,True,True,4|288|16|7,4,288,16,7,False,5|15|2|2
2|2,adjointxsinglet:-2 + antifundxfund:3 + antisym2xsinglet:-4 + fundxantifund:1 + singletxadjoint:-2,True,True,True,4|288|16|7,4,288,16,7,False,5|15|2|2
2|2,adjointxsinglet:-2 + antifundxfund:3 + antisym2xsinglet:-4 + fundxantifund:1 + singletxsym2:-2,True,True,True,4|288|16|7,4,288,16,7,False,5|15|2|2
2|2,adjointxsinglet:-2 + antifundxfund:3 + antisym2xsinglet:-4 + fundxfund:1 + singletxadjoint:-2,True,True,True,4|288|16|7,4,288,16,7,False,5|15|2|2
2|2,adjointxsinglet:-2 + antifundxfund:3 + antisym2xsinglet:-4 + fundxfund:1 + singletxsym2:-2,True,True,True,4|288|16|7,4,288,16,7,False,5|15|2|2
2|2,adjointxsinglet:-2 + antifundxfund:3 + fundxantifund:1 + singletxadjoint:-2 + singletxantisym2:-4,True,True,True,4|288|16|7,4,288,16,7,False,5|15|2|2
2|2,adjointxsinglet:-2 + antifundxfund:3 + fundxantifund:1 + singletxadjoint:-2 + singletxsinglet:-4,True,True,True,4|288|16|7,4,288,16,7,False,5|15|2|2
2|2,adjointxsinglet:-2 + antifundxfund:3 + fundxantifund:1 + singletxantisym2:-4 + singletxsym2:-2,True,True,True,4|288|16|7,4,288,16,7,False,5|15|2|2
2|2,adjointxsinglet:-2 + antifundxfund:3 + fundxantifund:1 + singletxsinglet:-4 + singletxsym2:-2,True,True,True,4|288|16|7,4,288,16,7,False,5|15|2|2
2|2,adjointxsinglet:-2 + antifundxfund:3 + fundxfund:1 + singletxadjoint:-2 + singletxantisym2:-4,True,True,True,4|288|16|7,4,288,16,7,False,5|15|2|2
2|2,adjointxsinglet:-2 + antifundxfund:3 + fundxfund:1 + singletxadjoint:-2 + singletxsinglet:-4,True,True,True,4|288|16|7,4,288,16,7,False,5|15|2|2
2|2,adjointxsinglet:-2 + antifundxfund:3 + fundxfund:1 + singletxantisym2:-4 + singletxsym2:-2,True,True,True,4|288|16|7,4,288,16,7,False,5|15|2|2
2|2,adjointxsinglet:-2 + antifundxfund:3 + fundxfund:1 + singletxsinglet:-4 + singletxsym2:-2,True,True,True,4|288|16|7,4,288,16,7,False,5|15|2|2
2|2,adjointxsinglet:-2 + antisym2xsinglet:-4 + fundxantifund:1 + fundxantifund:3 + singletxadjoint:-2,True,True,True,4|288|16|7,4,288,16,7,False,5|15|2|2
2|2,adjointxsinglet:-2 + antisym2xsinglet:-4 + fundxantifund:1 + fundxantifund:3 + singletxsym2:-2,True,True,True,4|288|16|7,4,288,16,7,False,5|15|2|2
2|2,adjointxsinglet:-2 + antisym2xsinglet:-4 + fundxantifund:1 + fundxfund:3 + singletxadjoint:-2,True,True,True,4|288|16|7,4,288,16,7,False,5|15|2|2
2|2,adjointxsinglet:-2 + antisym2xsinglet:-4 + fundxantifund:1 + fundxfund:3 + singletxsym2:-2,True,True,True,4|288|16|7,4,288,16,7,False,5|15|2|2
2|2,adjointxsinglet:-2 + antisym2xsinglet:-4 + fundxantifund:3 + fundxfund:1 + singletxadjoint:-2,True,True,True,4|288|16|7,4,288,16,7,False,5|15|2|2
2|2,adjointxsinglet:-2 + antisym2xsinglet:-4 + fundxantifund:3 + fundxfund:1 + singletxsym2:-2,True,True,True,4|288|16|7,4,288,16,7,False,5|15|2|2
2|2,adjointxsinglet:-2 + antisym2xsinglet:-4 + fundxfund:1 + fundxfund:3 + singletxadjoint:-2,True,True,True,4|288|16|7,4,288,16,7,False,5|15|2|2
2|2,adjointxsinglet:-2 + antisym2xsinglet:-4 + fundxfund:1 + fundxfund:3 + singletxsym2:-2,True,True,True,4|288|16|7,4,288,16,7,False,5|15|2|2
2|2,adjointxsinglet:-2 + fundxantifund:1 + fundxantifund:3 + singletxadjoint:-2 + singletxantisym2:-4,True,True,True,4|288|16|7,4,288,16,7,False,5|15|2|2
2|2,adjointxsinglet:-2 + fundxantifund:1 + fundxantifund:3 + singletxadjoint:-2 + singletxsinglet:-4,True,True,True,4|288|16|7,4,288,16,7,False,5|15|2|2
2|2,adjointxsinglet:-2 + fundxantifund:1 + fundxantifund:3 + singletxantisym2:-4 + singletxsym2:-2,True,True,True,4|288|16|7,4,288,16,7,False,5|15|2|2
2|2,adjointxsinglet:-2 + fundxantifund:1 + fundxantifund:3 + singletxsinglet:-4 + singletxsym2:-2,True,True,True,4|288|16|7,4,288,16,7,False,5|15|2|2
2|2,adjointxsinglet:-2 + fundxantifund:1 + fundxfund:3 + singletxadjoint:-2 + singletxantisym2:-4,True,True,True,4|288|16|7,4,288,16,7,False,5|15|2|2
2|2,adjointxsinglet:-2 + fundxantifund:1 + fundxfund:3 + singletxadjoint:-2 + singletxsinglet:-4,True,True,True,4|288|16|7,4,288,16,7,False,5|15|2|2
2|2,adjointxsinglet:-2 + fundxantifund:1 + fundxfund:3 + singletxantisym2:-4 + singletxsym2:-2,True,True,True,4|288|16|7,4,288,16,7,False,5|15|2|2
2|2,adjointxsinglet:-2 + fundxantifund:1 + fundxfund:3 + singletxsinglet:-4 + singletxsym2:-2,True,True,True,4|288|16|7,4,288,16,7,False,5|15|2|2
2|2,adjointxsinglet:-2 + fundxantifund:3 + fundxfund:1 + singletxadjoint:-2 + singletxantisym2:-4,True,True,True,4|288|16|7,4,288,16,7,False,5|15|2|2
2|2,adjointxsinglet:-2 + fundxantifund:3 + fundxfund:1 + singletxadjoint:-2 + singletxsinglet:-4,True,True,True,4|288|16|7,4,288,16,7,False,5|15|2|2
2|2,adjointxsinglet:-2 + fundxantifund:3 + fundxfund:1 + singletxantisym2:-4 + singletxsym2:-2,True,True,True,4|288|16|7,4,288,16,7,False,5|15|2|2
2|2,adjointxsinglet:-2 + fundxantifund:3 + fundxfund:1 + singletxsinglet:-4 + singletxsym2:-2,True,True,True,4|288|16|7,4,288,16,7,False,5|15|2|2
2|2,adjointxsinglet:-2 + fundxfund:1 + fundxfund:3 + singletxadjoint:-2 + singletxantisym2:-4,True,True,True,4|288|16|7,4,288,16,7,False,5|15|2|2
2|2,adjointxsinglet:-2 + fundxfund:1 + fundxfund:3 + singletxadjoint:-2 + singletxsinglet:-4,True,True,True,4|288|16|7,4,288,16,7,False,5|15|2|2
2|2,adjointxsinglet:-2 + fundxfund:1 + fundxfund:3 + singletxantisym2:-4 + singletxsym2:-2,True,True,True,4|288|16|7,4,288,16,7,False,5|15|2|2
2|2,adjointxsinglet:-2 + fundxfund:1 + fundxfund:3 + singletxsinglet:-4 + singletxsym2:-2,True,True,True,4|288|16|7,4,288,16,7,False,5|15|2|2
2|2,adjointxsinglet:2 + antifundxantifund:-1 + antifundxantifund:-3 + antisym2xsinglet:4 + singletxadjoint:2,True,True,True,4|288|16|7,4,288,16,7,False,5|15|2|2
2|2,adjointxsinglet:2 + antifundxantifund:-1 + antifundxantifund:-3 + antisym2xsinglet:4 + singletxsym2:2,True,True,True,4|288|16|7,4,288,16,7,False,5|15|2|2
2|2,adjointxsinglet:2 + antifundxantifund:-1 + antifundxantifund:-3 + singletxadjoint:2 + singletxantisym2:4,True,True,True,4|288|16|7,4,288,16,7,False,5|15|2|2
2|2,adjointxsinglet:2 + antifundxantifund:-1 + antifundxantifund:-3 + singletxadjoint:2 + singletxsinglet:4,True,True,True,4|288|16|7,4,288,16,7,False,5|15|2|2
2|2,adjointxsinglet:2 + antifundxantifund:-1 + antifundxantifund:-3 + singletxantisym2:4 + singletxsym2:2,True,True,True,4|288|16|7,4,288,16,7,False,5|15|2|2
2|2,adjointxsinglet:2 + antifundxantifund:-1 + antifundxantifund:-3 + singletxsinglet:4 + singletxsym2:2,True,True,True,4|288|16|7,4,288,16,7,False,5|15|2|2
2|2,adjointxsinglet:2 + antifundxantifund:-1 + antifundxfund:-3 + antisym2xsinglet:4 + singletxadjoint:2,True,True,True,4|288|16|7,4,288,16,7,False,5|15|2|2
2|2,adjointxsinglet:2 + antifundxantifund:-1 + antifundxfund:-3 + antisym2xsinglet:4 + singletxsym2:2,True,True,True,4|288|16|7,4,288,16,7,False,5|15|2|2
2|2,adjointxsinglet:2 + antifundxantifund:-1 + antifundxfund:-3 + singletxadjoint:2 + singletxantisym2:4,True,True,True,4|288|16|7,4,288,16,7,False,5|15|2|2
2|2,adjointxsinglet:2 + antifundxantifund:-1 + antifundxfund:-3 + singletxadjoint:2 + singletxsinglet:4,True,True,True,4|288|16|7,4,288,16,7,False,5|15|2|2
2|2,adjointxsinglet:2 + antifundxantifund:-1 + antifundxfund:-3 + singletxantisym2:4 + singletxsym2:2,True,True,True,4|288|16|7,4,288,16,7,False,5|15|2|2
2|2,adjointxsinglet:2 + antifundxantifund:-1 + antifundxfund:-3 + singletxsinglet:4 + singletxsym2:2,True,True,True,4|288|16|7,4,288,16,7,False,5|15|2|2
2|2,adjointxsinglet:2 + antifundxantifund:-1 + antisym2xsinglet:4 + fundxantifund:-3 + singletxadjoint:2,True,True,True,4|288|16|7,4,288,16,7,False,5|15|2|2
2|2,adjointxsinglet:2 + antifundxantifund:-1 + antisym2xsinglet:4 + fundxantifund:-3 + singletxsym2:2,True,True,True,4|288|16|7,4,288,16,7,False,5|15|2|2
2|2,adjointxsinglet:2 + antifundxantifund:-1 + antisym2xsinglet:4 + fundxfund:-3 + singletxadjoint:2,True,True,True,4|288|16|7,4,288,16,7,False,5|15|2|2
2|2,adjointxsinglet:2 + antifundxantifund:-1 + antisym2xsinglet:4 + fundxfund:-3 + singletxsym2:2,True,True,True,4|288|16|7,4,288,16,7,False,5|15|2|2
2|2,adjointxsinglet:2 + antifundxantifund:-1 + fundxantifund:-3 + singletxadjoint:2 + singletxantisym2:4,True,True,True,4|288|16|7,4,288,16,7,False,5|15|2|2
2|2,adjointxsinglet:2 + antifundxantifund:-1 + fundxantifund:-3 + singletxadjoint:2 + singletxsinglet:4,True,True,True,4|288|16|7,4,288,16,7,False,5|15|2|2
2|2,adjointxsinglet:2 + antifundxantifund:-1 + fundxantifund:-3 + singletxantisym2:4 + singletxsym2:2,True,True,True,4|288|16|7,4,288,16,7,False,5|15|2|2
2|2,adjointxsinglet:2 + antifundxantifund:-1 + fundxantifund:-3 + singletxsinglet:4 + singletxsym2:2,True,True,True,4|288|16|7,4,288,16,7,False,5|15|2|2
2|2,adjointxsinglet:2 + antifundxantifund:-1 + fundxfund:-3 + singletxadjoint:2 + singletxantisym2:4,True,True,True,4|288|16|7,4,288,16,7,False,5|15|2|2
2|2,adjointxsinglet:2 + antifundxantifund:-1 + fundxfund:-3 + singletxadjoint:2 + singletxsinglet:4,True,True,True,4|288|16|7,4,288,16,7,False,5|15|2|2
2|2,adjointxsinglet:2 + antifundxantifund:-1 + fundxfund:-3 + singletxantisym2:4 + singletxsym2:2,True,True,True,4|288|16|7,4,288,16,7,False,5|15|2|2
2|2,adjointxsinglet:2 + antifundxantifund:-1 + fundxfund:-3 + singletxsinglet:4 + singletxsym2:2,True,True,True,4|288|16|7,4,288,16,7,False,5|15|2|2
2|2,adjointxsinglet:2 + antifundxantifund:-3 + antifundxfund:-1 + antisym2xsinglet:4 + singletxadjoint:2,True,True,True,4|288|16|7,4,288,16,7,False,5|15|2|2
2|2,adjointxsinglet:2 + antifundxantifund:-3 + antifundxfund:-1 + antisym2xsinglet:4 + singletxsym2:2,True,True,True,4|288|16|7,4,288,16,7,False,5|15|2|2
2|2,adjointxsinglet:2 + antifundxantifund:-3 + antifundxfund:-1 + singletxadjoint:2 + singletxantisym2:4,True,True,True,4|288|16|7,4,288,16,7,False,5|15|2|2
2|2,adjointxsinglet:2 + antifundxantifund:-3 + antifundxfund:-1 + singletxadjoint:2 + singletxsinglet:4,True,True,True,4|288|16|7,4,288,16,7,False,5|15|2|2
2|2,adjointxsinglet:2 + antifundxantifund:-3 + antifundxfund:-1 + singletxantisym2:4 + singletxsym2:2,True,True,True,4|288|16|7,4,288,16,7,False,5|15|2|2
2|2,adjointxsinglet:2 + antifundxantifund:-3 + antifundxfund:-1 + singletxsinglet:4 + singletxsym2:2,True,True,True,4|288|16|7,4,288,16,7,False,5|15|2|2
2|2,adjointxsinglet:2 + antifundxantifund:-3 + antisym2xsinglet:4 + fundxantifund:-1 + singletxadjoint:2,True,True,True,4|288|16|7,4,288,16,7,False,5|15|2|2
2|2,adjointxsinglet:2 + antifundxantifund:-3 + antisym2xsinglet:4 + fundxantifund:-1 + singletxsym2:2,True,True,True,4|288|16|7,4,288,16,7,False,5|15|2|2
2|2,adjointxsinglet:2 + antifundxantifund:-3 + antisym2xsinglet:4 + fundxfund:-1 + singletxadjoint:2,True,True,True,4|288|16|7,4,288,16,7,False,5|15|2|2
2|2,adjointxsinglet:2 + antifundxantifund:-3 + antisym2xsinglet:4 + fundxfund:-1 + singletxsym2:2,True,True,True,4|288|16|7,4,288,16,7,False,5|15|2|2
2|2,adjointxsinglet:2 + antifundxantifund:-3 + fundxantifund:-1 + singletxadjoint:2 + singletxantisym2:4,True,True,True,4|288|16|7,4,288,16,7,False,5|15|2|2
2|2,adjointxsinglet:2 + antifundxantifund:-3 + fundxantifund:-1 + singletxadjoint:2 + singletxsinglet:4,True,True,True,4|288|16|7,4,288,16,7,False,5|15|2|2
2|2,adjointxsinglet:2 + antifundxantifund:-3 + fundxantifund:-1 + singletxantisym2:4 + singletxsym2:2,True,True,True,4|288|16|7,4,288,16,7,False,5|15|2|2
2|2,adjointxsinglet:2 + antifundxantifund:-3 + fundxantifund:-1 + singletxsinglet:4 + singletxsym2:2,True,True,True,4|288|16|7,4,288,16,7,False,5|15|2|2
2|2,adjointxsinglet:2 + antifundxantifund:-3 + fundxfund:-1 + singletxadjoint:2 + singletxantisym2:4,True,True,True,4|288|16|7,4,288,16,7,False,5|15|2|2
2|2,adjointxsinglet:2 + antifundxantifund:-3 + fundxfund:-1 + singletxadjoint:2 + singletxsinglet:4,True,True,True,4|288|16|7,4,288,16,7,False,5|15|2|2
2|2,adjointxsinglet:2 + antifundxantifund:-3 + fundxfund:-1 + singletxantisym2:4 + singletxsym2:2,True,True,True,4|288|16|7,4,288,16,7,False,5|15|2|2
2|2,adjointxsinglet:2 + antifundxantifund:-3 + fundxfund:-1 + singletxsinglet:4 + singletxsym2:2,True,True,True,4|288|16|7,4,288,16,7,False,5|15|2|2
2|2,adjointxsinglet:2 + antifundxfund:-1 + antifundxfund:-3 + antisym2xsinglet:4 + singletxadjoint:2,True,True,True,4|288|16|7,4,288,16,7,False,5|15|2|2
2|2,adjointxsinglet:2 + antifundxfund:-1 + antifundxfund:-3 + antisym2xsinglet:4 + singletxsym2:2,True,True,True,4|288|16|7,4,288,16,7,False,5|15|2|2
2|2,adjointxsinglet:2 + antifundxfund:-1 + antifundxfund:-3 + singletxadjoint:2 + singletxantisym2:4,True,True,True,4|288|16|7,4,288,16,7,False,5|15|2|2
2|2,adjointxsinglet:2 + antifundxfund:-1 + antifundxfund:-3 + singletxadjoint:2 + singletxsinglet:4,True,True,True,4|288|16|7,4,288,16,7,False,5|15|2|2
2|2,adjointxsinglet:2 + antifundxfund:-1 + antifundxfund:-3 + singletxantisym2:4 + singletxsym2:2,True,True,True,4|288|16|7,4,288,16,7,False,5|15|2|2
2|2,adjointxsinglet:2 + antifundxfund:-1 + antifundxfund:-3 + singletxsinglet:4 + singletxsym2:2,True,True,True,4|288|16|7,4,288,16,7,False,5|15|2|2
2|2,adjointxsinglet:2 + antifundxfund:-1 + antisym2xsinglet:4 + fundxantifund:-3 + singletxadjoint:2,True,True,True,4|288|16|7,4,288,16,7,False,5|15|2|2
2|2,adjointxsinglet:2 + antifundxfund:-1 + antisym2xsinglet:4 + fundxantifund:-3 + singletxsym2:2,True,True,True,4|288|16|7,4,288,16,7,False,5|15|2|2
2|2,adjointxsinglet:2 + antifundxfund:-1 + antisym2xsinglet:4 + fundxfund:-3 + singletxadjoint:2,True,True,True,4|288|16|7,4,288,16,7,False,5|15|2|2
2|2,adjointxsinglet:2 + antifundxfund:-1 + antisym2xsinglet:4 + fundxfund:-3 + singletxsym2:2,True,True,True,4|288|16|7,4,288,16,7,False,5|15|2|2
2|2,adjointxsinglet:2 + antifundxfund:-1 + fundxantifund:-3 + singletxadjoint:2 + singletxantisym2:4,True,True,True,4|288|16|7,4,288,16,7,False,5|15|2|2
2|2,adjointxsinglet:2 + antifundxfund:-1 + fundxantifund:-3 + singletxadjoint:2 + singletxsinglet:4,True,True,True,4|288|16|7,4,288,16,7,False,5|15|2|2
2|2,adjointxsinglet:2 + antifundxfund:-1 + fundxantifund:-3 + singletxantisym2:4 + singletxsym2:2,True,True,True,4|288|16|7,4,288,16,7,False,5|15|2|2
2|2,adjointxsinglet:2 + antifundxfund:-1 + fundxantifund:-3 + singletxsinglet:4 + singletxsym2:2,True,True,True,4|288|16|7,4,288,16,7,False,5|15|2|2
2|2,adjointxsinglet:2 + antifundxfund:-1 + fundxfund:-3 + singletxadjoint:2 + singletxantisym2:4,True,True,True,4|288|16|7,4,288,16,7,False,5|15|2|2
2|2,adjointxsinglet:2 + antifundxfund:-1 + fundxfund:-3 + singletxadjoint:2 + singletxsinglet:4,True,True,True,4|288|16|7,4,288,16,7,False,5|15|2|2
2|2,adjointxsinglet:2 + antifundxfund:-1 + fundxfund:-3 + singletxantisym2:4 + singletxsym2:2,True,True,True,4|288|16|7,4,288,16,7,False,5|15|2|2
2|2,adjointxsinglet:2 + antifundxfund:-1 + fundxfund:-3 + singletxsinglet:4 + singletxsym2:2,True,True,True,4|288|16|7,4,288,16,7,False,5|15|2|2
2|2,adjointxsinglet:2 + antifundxfund:-3 + antisym2xsinglet:4 + fundxantifund:-1 + singletxadjoint:2,True,True,True,4|288|16|7,4,288,16,7,False,5|15|2|2
2|2,adjointxsinglet:2 + antifundxfund:-3 + antisym2xsinglet:4 + fundxantifund:-1 + singletxsym2:2,True,True,True,4|288|16|7,4,288,16,7,False,5|15|2|2
2|2,adjointxsinglet:2 + antifundxfund:-3 + antisym2xsinglet:4 + fundxfund:-1 + singletxadjoint:2,True,True,True,4|288|16|7,4,288,16,7,False,5|15|2|2
2|2,adjointxsinglet:2 + antifundxfund:-3 + antisym2xsinglet:4 + fundxfund:-1 + singletxsym2:2,True,True,True,4|288|16|7,4,288,16,7,False,5|15|2|2
2|2,adjointxsinglet:2 + antifundxfund:-3 + fundxantifund:-1 + singletxadjoint:2 + singletxantisym2:4,True,True,True,4|288|16|7,4,288,16,7,False,5|15|2|2
2|2,adjointxsinglet:2 + antifundxfund:-3 + fundxantifund:-1 + singletxadjoint:2 + singletxsinglet:4,True,True,True,4|288|16|7,4,288,16,7,False,5|15|2|2
2|2,adjointxsinglet:2 + antifundxfund:-3 + fundxantifund:-1 + singletxantisym2:4 + singletxsym2:2,True,True,True,4|288|16|7,4,288,16,7,False,5|15|2|2
2|2,adjointxsinglet:2 + antifundxfund:-3 + fundxantifund:-1 + singletxsinglet:4 + singletxsym2:2,True,True,True,4|288|16|7,4,288,16,7,False,5|15|2|2
2|2,adjointxsinglet:2 + antifundxfund:-3 + fundxfund:-1 + singletxadjoint:2 + singletxantisym2:4,True,True,True,4|288|16|7,4,288,16,7,False,5|15|2|2
2|2,adjointxsinglet:2 + antifundxfund:-3 + fundxfund:-1 + singletxadjoint:2 + singletxsinglet:4,True,True,True,4|288|16|7,4,288,16,7,False,5|15|2|2
2|2,adjointxsinglet:2 + antifundxfund:-3 + fundxfund:-1 + singletxantisym2:4 + singletxsym2:2,True,True,True,4|288|16|7,4,288,16,7,False,5|15|2|2
2|2,adjointxsinglet:2 + antifundxfund:-3 + fundxfund:-1 + singletxsinglet:4 + singletxsym2:2,True,True,True,4|288|16|7,4,288,16,7,False,5|15|2|2
2|2,adjointxsinglet:2 + antisym2xsinglet:4 + fundxantifund:-1 + fundxantifund:-3 + singletxadjoint:2,True,True,True,4|288|16|7,4,288,16,7,False,5|15|2|2
2|2,adjointxsinglet:2 + antisym2xsinglet:4 + fundxantifund:-1 + fundxantifund:-3 + singletxsym2:2,True,True,True,4|288|16|7,4,288,16,7,False,5|15|2|2
2|2,adjointxsinglet:2 + antisym2xsinglet:4 + fundxantifund:-1 + fundxfund:-3 + singletxadjoint:2,True,True,True,4|288|16|7,4,288,16,7,False,5|15|2|2
2|2,adjointxsinglet:2 + antisym2xsinglet:4 + fundxantifund:-1 + fundxfund:-3 + singletxsym2:2,True,True,True,4|288|16|7,4,288,16,7,False,5|15|2|2
2|2,adjointxsinglet:2 + antisym2xsinglet:4 + fundxantifund:-3 + fundxfund:-1 + singletxadjoint:2,True,True,True,4|288|16|7,4,288,16,7,False,5|15|2|2
2|2,adjointxsinglet:2 + antisym2xsinglet:4 + fundxantifund:-3 + fundxfund:-1 + singletxsym2:2,True,True,True,4|288|16|7,4,288,16,7,False,5|15|2|2
2|2,adjointxsinglet:2 + antisym2xsinglet:4 + fundxfund:-1 + fundxfund:-3 + singletxadjoint:2,True,True,True,4|288|16|7,4,288,16,7,False,5|15|2|2
2|2,adjointxsinglet:2 + antisym2xsinglet:4 + fundxfund:-1 + fundxfund:-3 + singletxsym2:2,True,True,True,4|288|16|7,4,288,16,7,False,5|15|2|2
2|2,adjointxsinglet:2 + fundxantifund:-1 + fundxantifund:-3 + singletxadjoint:2 + singletxantisym2:4,True,True,True,4|288|16|7,4,288,16,7,False,5|15|2|2
2|2,adjointxsinglet:2 + fundxantifund:-1 + fundxantifund:-3 + singletxadjoint:2 + singletxsinglet:4,True,True,True,4|288|16|7,4,288,16,7,False,5|15|2|2
2|2,adjointxsinglet:2 + fundxantifund:-1 + fundxantifund:-3 + singletxantisym2:4 + singletxsym2:2,True,True,True,4|288|16|7,4,288,16,7,False,5|15|2|2
2|2,adjointxsinglet:2 + fundxantifund:-1 + fundxantifund:-3 + singletxsinglet:4 + singletxsym2:2,True,True,True,4|288|16|7,4,288,16,7,False,5|15|2|2
2|2,adjointxsinglet:2 + fundxantifund:-1 + fundxfund:-3 + singletxadjoint:2 + singletxantisym2:4,True,True,True,4|288|16|7,4,288,16,7,False,5|15|2|2
2|2,adjointxsinglet:2 + fundxantifund:-1 + fundxfund:-3 + singletxadjoint:2 + singletxsinglet:4,True,True,True,4|288|16|7,4,288,16,7,False,5|15|2|2
2|2,adjointxsinglet:2 + fundxantifund:-1 + fundxfund:-3 + singletxantisym2:4 + singletxsym2:2,True,True,True,4|288|16|7,4,288,16,7,False,5|15|2|2
2|2,adjointxsinglet:2 + fundxantifund:-1 + fundxfund:-3 + singletxsinglet:4 + singletxsym2:2,True,True,True,4|288|16|7,4,288,16,7,False,5|15|2|2
2|2,adjointxsinglet:2 + fundxantifund:-3 + fundxfund:-1 + singletxadjoint:2 + singletxantisym2:4,True,True,True,4|288|16|7,4,288,16,7,False,5|15|2|2
2|2,adjointxsinglet:2 + fundxantifund:-3 + fundxfund:-1 + singletxadjoint:2 + singletxsinglet:4,True,True,True,4|288|16|7,4,288,16,7,False,5|15|2|2
2|2,adjointxsinglet:2 + fundxantifund:-3 + fundxfund:-1 + singletxantisym2:4 + singletxsym2:2,True,True,True,4|288|16|7,4,288,16,7,False,5|15|2|2
2|2,adjointxsinglet:2 + fundxantifund:-3 + fundxfund:-1 + singletxsinglet:4 + singletxsym2:2,True,True,True,4|288|16|7,4,288,16,7,False,5|15|2|2
2|2,adjointxsinglet:2 + fundxfund:-1 + fundxfund:-3 + singletxadjoint:2 + singletxantisym2:4,True,True,True,4|288|16|7,4,288,16,7,False,5|15|2|2
2|2,adjointxsinglet:2 + fundxfund:-1 + fundxfund:-3 + singletxadjoint:2 + singletxsinglet:4,True,True,True,4|288|16|7,4,288,16,7,False,5|15|2|2
2|2,adjointxsinglet:2 + fundxfund:-1 + fundxfund:-3 + singletxantisym2:4 + singletxsym2:2,True,True,True,4|288|16|7,4,288,16,7,False,5|15|2|2
2|2,adjointxsinglet:2 + fundxfund:-1 + fundxfund:-3 + singletxsinglet:4 + singletxsym2:2,True,True,True,4|288|16|7,4,288,16,7,False,5|15|2|2
2|2,antifundxantifund:-1 + antifundxantifund:-3 + antisym2xsinglet:4 + singletxadjoint:2 + sym2xsinglet:2,True,True,True,4|288|16|7,4,288,16,7,False,5|15|2|2
2|2,antifundxantifund:-1 + antifundxantifund:-3 + antisym2xsinglet:4 + singletxsym2:2 + sym2xsinglet:2,True,True,True,4|288|16|7,4,288,16,7,False,5|15|2|2
2|2,antifundxantifund:-1 + antifundxantifund:-3 + singletxadjoint:2 + singletxantisym2:4 + sym2xsinglet:2,True,True,True,4|288|16|7,4,288,16,7,False,5|15|2|2
2|2,antifundxantifund:-1 + antifundxantifund:-3 + singletxadjoint:2 + singletxsinglet:4 + sym2xsinglet:2,True,True,True,4|288|16|7,4,288,16,7,False,5|15|2|2
2|2,antifundxantifund:-1 + antifundxantifund:-3 + singletxantisym2:4 + singletxsym2:2 + sym2xsinglet:2,True,True,True,4|288|16|7,4,288,16,7,False,5|15|2|2
2|2,antifundxantifund:-1 + antifundxantifund:-3 + singletxsinglet:4 + singletxsym2:2 + sym2xsinglet:2,True,True,True,4|288|16|7,4,288,16,7,False,5|15|2|2
2|2,antifundxantifund:-1 + antifundxfund:-3 + antisym2xsinglet:4 + singletxadjoint:2 + sym2xsinglet:2,True,True,True,4|288|16|7,4,288,16,7,False,5|15|2|2
2|2,antifundxantifund:-1 + antifundxfund:-3 + antisym2xsinglet:4 + singletxsym2:2 + sym2xsinglet:2,True,True,True,4|288|16|7,4,288,16,7,False,5|15|2|2
2|2,antifundxantifund:-1 + antifundxfund:-3 + singletxadjoint:2 + singletxantisym2:4 + sym2xsinglet:2,True,True,True,4|288|16|7,4,288,16,7,False,5|15|2|2
2|2,antifundxantifund:-1 + antifundxfund:-3 + singletxadjoint:2 + singletxsinglet:4 + sym2xsinglet:2,True,True,True,4|288|16|7,4,288,16,7,False,5|15|2|2
2|2,antifundxantifund:-1 + antifundxfund:-3 + singletxantisym2:4 + singletxsym2:2 + sym2xsinglet:2,True,True,True,4|288|16|7,4,288,16,7,False,5|15|2|2
2|2,antifundxantifund:-1 + antifundxfund:-3 + singletxsinglet:4 + singletxsym2:2 + sym2xsinglet:2,True,True,True,4|288|16|7,4,288,16,7,False,5|15|2|2
2|2,antifundxantifund:-1 + antisym2xsinglet:4 + fundxantifund:-3 + singletxadjoint:2 + sym2xsinglet:2,True,True,True,4|288|16|7,4,288,16,7,False,5|15|2|2
2|2,antifundxantifund:-1 + antisym2xsinglet:4 + fundxantifund:-3 + singletxsym2:2 + sym2xsinglet:2,True,True,True,4|288|16|7,4,288,16,7,False,5|15|2|2
2|2,antifundxantifund:-1 + antisym2xsinglet:4 + fundxfund:-3 + singletxadjoint:2 + sym2xsinglet:2,True,True,True,4|288|16|7,4,288,16,7,False,5|15|2|2
2|2,antifundxantifund:-1 + antisym2xsinglet:4 + fundxfund:-3 + singletxsym2:2 + sym2xsinglet:2,True,True,True,4|288|16|7,4,288,16,7,False,5|15|2|2
2|2,antifundxantifund:-1 + fundxantifund:-3 + singletxadjoint:2 + singletxantisym2:4 + sym2xsinglet:2,True,True,True,4|288|16|7,4,288,16,7,False,5|15|2|2
2|2,antifundxantifund:-1 + fundxantifund:-3 + singletxadjoint:2 + singletxsinglet:4 + sym2xsinglet:2,True,True,True,4|288|16|7,4,288,16,7,False,5|15|2|2
2|2,antifundxantifund:-1 + fundxantifund:-3 + singletxantisym2:4 + singletxsym2:2 + sym2xsinglet:2,True,True,True,4|288|16|7,4,288,16,7,False,5|15|2|2
2|2,antifundxantifund:-1 + fundxantifund:-3 + singletxsinglet:4 + singletxsym2:2 + sym2xsinglet:2,True,True,True,4|288|16|7,4,288,16,7,False,5|15|2|2
2|2,antifundxantifund:-1 + fundxfund:-3 + singletxadjoint:2 + singletxantisym2:4 + sym2xsinglet:2,True,True,True,4|288|16|7,4,288,16,7,False,5|15|2|2
2|2,antifundxantifund:-1 + fundxfund:-3 + singletxadjoint:2 + singletxsinglet:4 + sym2xsinglet:2,True,True,True,4|288|16|7,4,288,16,7,False,5|15|2|2
2|2,antifundxantifund:-1 + fundxfund:-3 + singletxantisym2:4 + singletxsym2:2 + sym2xsinglet:2,True,True,True,4|288|16|7,4,288,16,7,False,5|15|2|2
2|2,antifundxantifund:-1 + fundxfund:-3 + singletxsinglet:4 + singletxsym2:2 + sym2xsinglet:2,True,True,True,4|288|16|7,4,288,16,7,False,5|15|2|2
2|2,antifundxantifund:-3 + antifundxfund:-1 + antisym2xsinglet:4 + singletxadjoint:2 + sym2xsinglet:2,True,True,True,4|288|16|7,4,288,16,7,False,5|15|2|2
2|2,antifundxantifund:-3 + antifundxfund:-1 + antisym2xsinglet:4 + singletxsym2:2 + sym2xsinglet:2,True,True,True,4|288|16|7,4,288,16,7,False,5|15|2|2
2|2,antifundxantifund:-3 + antifundxfund:-1 + singletxadjoint:2 + singletxantisym2:4 + sym2xsinglet:2,True,True,True,4|288|16|7,4,288,16,7,False,5|15|2|2
2|2,antifundxantifund:-3 + antifundxfund:-1 + singletxadjoint:2 + singletxsinglet:4 + sym2xsinglet:2,True,True,True,4|288|16|7,4,288,16,7,False,5|15|2|2
2|2,antifundxantifund:-3 + antifundxfund:-1 + singletxantisym2:4 + singletxsym2:2 + sym2xsinglet:2,True,True,True,4|288|16|7,4,288,16,7,False,5|15|2|2
2|2,antifundxantifund:-3 + antifundxfund:-1 + singletxsinglet:4 + singletxsym2:2 + sym2xsinglet:2,True,True,True,4|288|16|7,4,288,16,7,False,5|15|2|2
2|2,antifundxantifund:-3 + antisym2xsinglet:4 + fundxantifund:-1 + singletxadjoint:2 + sym2xsinglet:2,True,True,True,4|288|16|7,4,288,16,7,False,5|15|2|2
2|2,antifundxantifund:-3 + antisym2xsinglet:4 + fundxantifund:-1 + singletxsym2:2 + sym2xsinglet:2,True,True,True,4|288|16|7,4,288,16,7,False,5|15|2|2
2|2,antifundxantifund:-3 + antisym2xsinglet:4 + fundxfund:-1 + singletxadjoint:2 + sym2xsinglet:2,True,True,True,4|288|16|7,4,288,16,7,False,5|15|2|2
2|2,antifundxantifund:-3 + antisym2xsinglet:4 + fundxfund:-1 + singletxsym2:2 + sym2xsinglet:2,True,True,True,4|288|16|7,4,288,16,7,False,5|15|2|2
2|2,antifundxantifund:-3 + fundxantifund:-1 + singletxadjoint:2 + singletxantisym2:4 + sym2xsinglet:2,True,True,True,4|288|16|7,4,288,16,7,False,5|15|2|2
2|2,antifundxantifund:-3 + fundxantifund:-1 + singletxadjoint:2 + singletxsinglet:4 + sym2xsinglet:2,True,True,True,4|288|16|7,4,288,16,7,False,5|15|2|2
2|2,antifundxantifund:-3 + fundxantifund:-1 + singletxantisym2:4 + singletxsym2:2 + sym2xsinglet:2,True,True,True,4|288|16|7,4,288,16,7,False,5|15|2|2
2|2,antifundxantifund:-3 + fundxantifund:-1 + singletxsinglet:4 + singletxsym2:2 + sym2xsinglet:2,True,True,True,4|288|16|7,4,288,16,7,False,5|15|2|2
2|2,antifundxantifund:-3 + fundxfund:-1 + singletxadjoint:2 + singletxantisym2:4 + sym2xsinglet:2,True,True,True,4|288|16|7,4,288,16,7,False,5|15|2|2
2|2,antifundxantifund:-3 + fundxfund:-1 + singletxadjoint:2 + singletxsinglet:4 + sym2xsinglet:2,True,True,True,4|288|16|7,4,288,16,7,False,5|15|2|2
2|2,antifundxantifund:-3 + fundxfund:-1 + singletxantisym2:4 + singletxsym2:2 + sym2xsinglet:2,True,True,True,4|288|16|7,4,288,16,7,False,5|15|2|2
2|2,antifundxantifund:-3 + fundxfund:-1 + singletxsinglet:4 + singletxsym2:2 + sym2xsinglet:2,True,True,True,4|288|16|7,4,288,16,7,False,5|15|2|2
2|2,antifundxantifund:1 + antifundxantifund:3 + antisym2xsinglet:-4 + singletxadjoint:-2 + sym2xsinglet:-2,True,True,True,4|288|16|7,4,288,16,7,False,5|15|2|2
2|2,antifundxantifund:1 + antifundxantifund:3 + antisym2xsinglet:-4 + singletxsym2:-2 + sym2xsinglet:-2,True,True,True,4|288|16|7,4,288,16,7,False,5|15|2|2
2|2,antifundxantifund:1 + antifundxantifund:3 + singletxadjoint:-2 + singletxantisym2:-4 + sym2xsinglet:-2,True,True,True,4|288|16|7,4,288,16,7,False,5|15|2|2
2|2,antifundxantifund:1 + antifundxantifund:3 + singletxadjoint:-2 + singletxsinglet:-4 + sym2xsinglet:-2,True,True,True,4|288|16|7,4,288,16,7,False,5|15|2|2
2|2,antifundxantifund:1 + antifundxantifund:3 + singletxantisym2:-4 + singletxsym2:-2 + sym2xsinglet:-2,True,True,True,4|288|16|7,4,288,16,7,False,5|15|2|2
2|2,antifundxantifund:1 + antifundxantifund:3 + singletxsinglet:-4 + singletxsym2:-2 + sym2xsinglet:-2,True,True,True,4|288|16|7,4,288,16,7,False,5|15|2|2
2|2,antifundxantifund:1 + antifundxfund:3 + antisym2xsinglet:-4 + singletxadjoint:-2 + sym2xsinglet:-2,True,True,True,4|288|16|7,4,288,16,7,False,5|15|2|2
2|2,antifundxantifund:1 + antifundxfund:3 + antisym2xsinglet:-4 + singletxsym2:-2 + sym2xsinglet:-2,True,True,True,4|288|16|7,4,288,16,7,False,5|15|2|2
2|2,antifundxantifund:1 + antifundxfund:3 + singletxadjoint:-2 + singletxantisym2:-4 + sym2xsinglet:-2,True,True,True,4|288|16|7,4,288,16,7,False,5|15|2|2
2|2,antifundxantifund:1 + antifundxfund:3 + singletxadjoint:-2 + singletxsinglet:-4 + sym2xsinglet:-2,True,True,True,4|288|16|7,4,288,16,7,False,5|15|2|2
2|2,antifundxantifund:1 + antifundxfund:3 + singletxantisym2:-4 + singletxsym2:-2 + sym2xsinglet:-2,True,True,True,4|288|16|7,4,288,16,7,False,5|15|2|2
2|2,antifundxantifund:1 + antifundxfund:3 + singletxsinglet:-4 + singletxsym2:-2 + sym2xsinglet:-2,True,True,True,4|288|16|7,4,288,16,7,False,5|15|2|2
2|2,antifundxantifund:1 + antisym2xsinglet:-4 + fundxantifund:3 + singletxadjoint:-2 + sym2xsinglet:-2,True,True,True,4|288|16|7,4,288,16,7,False,5|15|2|2
2|2,antifundxantifund:1 + antisym2xsinglet:-4 + fundxantifund:3 + singletxsym2:-2 + sym2xsinglet:-2,True,True,True,4|288|16|7,4,288,16,7,False,5|15|2|2
2|2,antifundxantifund:1 + antisym2xsinglet:-4 + fundxfund:3 + singletxadjoint:-2 + sym2xsinglet:-2,True,True,True,4|288|16|7,4,288,16,7,False,5|15|2|2
2|2,antifundxantifund:1 + antisym2xsinglet:-4 + fundxfund:3 + singletxsym2:-2 + sym2xsinglet:-2,True,True,True,4|288|16|7,4,288,16,7,False,5|15|2|2
2|2,antifundxantifund:1 + fundxantifund:3 + singletxadjoint:-2 + singletxantisym2:-4 + sym2xsinglet:-2,True,True,True,4|288|16|7,4,288,16,7,False,5|15|2|2
2|2,antifundxantifund:1 + fundxantifund:3 + singletxadjoint:-2 + singletxsinglet:-4 + sym2xsinglet:-2,True,True,True,4|288|16|7,4,288,16,7,False,5|15|2|2
2|2,antifundxantifund:1 + fundxantifund:3 + singletxantisym2:-4 + singletxsym2:-2 + sym2xsinglet:-2,True,True,True,4|288|16|7,4,288,16,7,False,5|15|2|2
2|2,antifundxantifund:1 + fundxantifund:3 + singletxsinglet:-4 + singletxsym2:-2 + sym2xsinglet:-2,True,True,True,4|288|16|7,4,288,16,7,False,5|15|2|2
2|2,antifundxantifund:1 + fundxfund:3 + singletxadjoint:-2 + singletxantisym2:-4 + sym2xsinglet:-2,True,True,True,4|288|16|7,4,288,16,7,False,5|15|2|2
2|2,antifundxantifund:1 + fundxfund:3 + singletxadjoint:-2 + singletxsinglet:-4 + sym2xsinglet:-2,True,True,True,4|288|16|7,4,288,16,7,False,5|15|2|2
2|2,antifundxantifund:1 + fundxfund:3 + singletxantisym2:-4 + singletxsym2:-2 + sym2xsinglet:-2,True,True,True,4|288|16|7,4,288,16,7,False,5|15|2|2
2|2,antifundxantifund:1 + fundxfund:3 + singletxsinglet:-4 + singletxsym2:-2 + sym2xsinglet:-2,True,True,True,4|288|16|7,4,288,16,7,False,5|15|2|2
2|2,antifundxantifund:3 + antifundxfund:1 + antisym2xsinglet:-4 + singletxadjoint:-2 + sym2xsinglet:-2,True,True,True,4|288|16|7,4,288,16,7,False,5|15|2|2
2|2,antifundxantifund:3 + antifundxfund:1 + antisym2xsinglet:-4 + singletxsym2:-2 + sym2xsinglet:-2,True,True,True,4|288|16|7,4,288,16,7,False,5|15|2|2
2|2,antifundxantifund:3 + antifundxfund:1 + singletxadjoint:-2 + singletxantisym2:-4 + sym2xsinglet:-2,True,True,True,4|288|16|7,4,288,16,7,False,5|15|2|2
2|2,antifundxantifund:3 + antifundxfund:1 + singletxadjoint:-2 + singletxsinglet:-4 + sym2xsinglet:-2,True,True,True,4|288|16|7,4,288,16,7,False,5|15|2|2
2|2,antifundxantifund:3 + antifundxfund:1 + singletxantisym2:-4 + singletxsym2:-2 + sym2xsinglet:-2,True,True,True,4|288|16|7,4,288,16,7,False,5|15|2|2
2|2,antifundxantifund:3 + antifundxfund:1 + singletxsinglet:-4 + singletxsym2:-2 + sym2xsinglet:-2,True,True,True,4|288|16|7,4,288,16,7,False,5|15|2|2
2|2,antifundxantifund:3 + antisym2xsinglet:-4 + fundxantifund:1 + singletxadjoint:-2 + sym2xsinglet:-2,True,True,True,4|288|16|7,4,288,16,7,False,5|15|2|2
2|2,antifundxantifund:3 + antisym2xsinglet:-4 + fundxantifund:1 + singletxsym2:-2 + sym2xsinglet:-2,True,True,True,4|288|16|7,4,288,16,7,False,5|15|2|2
2|2,antifundxantifund:3 + antisym2xsinglet:-4 + fundxfund:1 + singletxadjoint:-2 + sym2xsinglet:-2,True,True,True,4|288|16|7,4,288,16,7,False,5|15|2|2
2|2,antifundxantifund:3 + antisym2xsinglet:-4 + fundxfund:1 + singletxsym2:-2 + sym2xsinglet:-2,True,True,True,4|288|16|7,4,288,16,7,False,5|15|2|2
2|2,antifundxantifund:3 + fundxantifund:1 + singletxadjoint:-2 + singletxantisym2:-4 + sym2xsinglet:-2,True,True,True,4|288|16|7,4,288,16,7,False,5|15|2|2
2|2,antifundxantifund:3 + fundxantifund:1 + singletxadjoint:-2 + singletxsinglet:-4 + sym2xsinglet:-2,True,True,True,4|288|16|7,4,288,16,7,False,5|15|2|2
2|2,antifundxantifund:3 + fundxantifund:1 + singletxantisym2:-4 + singletxsym2:-2 + sym2xsinglet:-2,True,True,True,4|288|16|7,4,288,16,7,False,5|15|2|2
2|2,antifundxantifund:3 + fundxantifund:1 + singletxsinglet:-4 + singletxsym2:-2 + sym2xsinglet:-2,True,True,True,4|288|16|7,4,288,16,7,False,5|15|2|2
2|2,antifundxantifund:3 + fundxfund:1 + singletxadjoint:-2 + singletxantisym2:-4 + sym2xsinglet:-2,True,True,True,4|288|16|7,4,288,16,7,False,5|15|2|2
2|2,antifundxantifund:3 + fundxfund:1 + singletxadjoint:-2 + singletxsinglet:-4 + sym2xsinglet:-2,True,True,True,4|288|16|7,4,288,16,7,False,5|15|2|2
2|2,antifundxantifund:3 + fundxfund:1 + singletxantisym2:-4 + singletxsym2:-2 + sym2xsinglet:-2,True,True,True,4|288|16|7,4,288,16,7,False,5|15|2|2
2|2,antifundxantifund:3 + fundxfund:1 + singletxsinglet:-4 + singletxsym2:-2 + sym2xsinglet:-2,True,True,True,4|288|16|7,4,288,16,7,False,5|15|2|2
2|2,antifundxfund:-1 + antifundxfund:-3 + antisym2xsinglet:4 + singletxadjoint:2 + sym2xsinglet:2,True,True,True,4|288|16|7,4,288,16,7,False,5|15|2|2
2|2,antifundxfund:-1 + antifundxfund:-3 + antisym2xsinglet:4 + singletxsym2:2 + sym2xsinglet:2,True,True,True,4|288|16|7,4,288,16,7,False,5|15|2|2
2|2,antifundxfund:-1 + antifundxfund:-3 + singletxadjoint:2 + singletxantisym2:4 + sym2xsinglet:2,True,True,True,4|288|16|7,4,288,16,7,False,5|15|2|2
2|2,antifundxfund:-1 + antifundxfund:-3 + singletxadjoint:2 + singletxsinglet:4 + sym2xsinglet:2,True,True,True,4|288|16|7,4,288,16,7,False,5|15|2|2
2|2,antifundxfund:-1 + antifundxfund:-3 + singletxantisym2:4 + singletxsym2:2 + sym2xsinglet:2,True,True,True,4|288|16|7,4,288,16,7,False,5|15|2|2
2|2,antifundxfund:-1 + antifundxfund:-3 + singletxsinglet:4 + singletxsym2:2 + sym2xsinglet:2,True,True,True,4|288|16|7,4,288,16,7,False,5|15|2|2
2|2,antifundxfund:-1 + antisym2xsinglet:4 + fundxantifund:-3 + singletxadjoint:2 + sym2xsinglet:2,True,True,True,4|288|16|7,4,288,16,7,False,5|15|2|2
2|2,antifundxfund:-1 + antisym2xsinglet:4 + fundxantifund:-3 + singletxsym2:2 + sym2xsinglet:2,True,True,True,4|288|16|7,4,288,16,7,False,5|15|2|2
2|2,antifundxfund:-1 + antisym2xsinglet:4 + fundxfund:-3 + singletxadjoint:2 + sym2xsinglet:2,True,True,True,4|288|16|7,4,288,16,7,False,5|15|2|2
2|2,antifundxfund:-1 + antisym2xsinglet:4 + fundxfund:-3 + singletxsym2:2 + sym2xsinglet:2,True,True,True,4|288|16|7,4,288,16,7,False,5|15|2|2
2|2,antifundxfund:-1 + fundxantifund:-3 + singletxadjoint:2 + singletxantisym2:4 + sym2xsinglet:2,True,True,True,4|288|16|7,4,288,16,7,False,5|15|2|2
2|2,antifundxfund:-1 + fundxantifund:-3 + singletxadjoint:2 + singletxsinglet:4 + sym2xsinglet:2,True,True,True,4|288|16|7,4,288,16,7,False,5|15|2|2
2|2,antifundxfund:-1 + fundxantifund:-3 + singletxantisym2:4 + singletxsym2:2 + sym2xsinglet:2,True,True,True,4|288|16|7,4,288,16,7,False,5|15|2|2
2|2,antifundxfund:-1 + fundxantifund:-3 + singletxsinglet:4 + singletxsym2:2 + sym2xsinglet:2,True,True,True,4|288|16|7,4,288,16,7,False,5|15|2|2
2|2,antifundxfund:-1 + fundxfund:-3 + singletxadjoint:2 + singletxantisym2:4 + sym2xsinglet:2,True,True,True,4|288|16|7,4,288,16,7,False,5|15|2|2
2|2,antifundxfund:-1 + fundxfund:-3 + singletxadjoint:2 + singletxsinglet:4 + sym2xsinglet:2,True,True,True,4|288|16|7,4,288,16,7,False,5|15|2|2
2|2,antifundxfund:-1 + fundxfund:-3 + singletxantisym2:4 + singletxsym2:2 + sym2xsinglet:2,True,True,True,4|288|16|7,4,288,16,7,False,5|15|2|2
2|2,antifundxfund:-1 + fundxfund:-3 + singletxsinglet:4 + singletxsym2:2 + sym2xsinglet:2,True,True,True,4|288|16|7,4,288,16,7,False,5|15|2|2
2|2,antifundxfund:-3 + antisym2xsinglet:4 + fundxantifund:-1 + singletxadjoint:2 + sym2xsinglet:2,True,True,True,4|288|16|7,4,288,16,7,False,5|15|2|2
2|2,antifundxfund:-3 + antisym2xsinglet:4 + fundxantifund:-1 + singletxsym2:2 + sym2xsinglet:2,True,True,True,4|288|16|7,4,288,16,7,False,5|15|2|2
2|2,antifundxfund:-3 + antisym2xsinglet:4 + fundxfund:-1 + singletxadjoint:2 + sym2xsinglet:2,True,True,True,4|288|16|7,4,288,16,7,False,5|15|2|2
2|2,antifundxfund:-3 + antisym2xsinglet:4 + fundxfund:-1 + singletxsym2:2 + sym2xsinglet:2,True,True,True,4|288|16|7,4,288,16,7,False,5|15|2|2
2|2,antifundxfund:-3 + fundxantifund:-1 + singletxadjoint:2 + singletxantisym2:4 + sym2xsinglet:2,True,True,True,4|288|16|7,4,288,16,7,False,5|15|2|2
2|2,antifundxfund:-3 + fundxantifund:-1 + singletxadjoint:2 + singletxsinglet:4 + sym2xsinglet:2,True,True,True,4|288|16|7,4,288,16,7,False,5|15|2|2
2|2,antifundxfund:-3 + fundxantifund:-1 + singletxantisym2:4 + singletxsym2:2 + sym2xsinglet:2,True,True,True,4|288|16|7,4,288,16,7,False,5|15|2|2
2|2,antifundxfund:-3 + fundxantifund:-1 + singletxsinglet:4 + singletxsym2:2 + sym2xsinglet:2,True,True,True,4|288|16|7,4,288,16,7,False,5|15|2|2
2|2,antifundxfund:-3 + fundxfund:-1 + singletxadjoint:2 + singletxantisym2:4 + sym2xsinglet:2,True,True,True,4|288|16|7,4,288,16,7,False,5|15|2|2
2|2,antifundxfund:-3 + fundxfund:-1 + singletxadjoint:2 + singletxsinglet:4 + sym2xsinglet:2,True,True,True,4|288|16|7,4,288,16,7,False,5|15|2|2
2|2,antifundxfund:-3 + fundxfund:-1 + singletxantisym2:4 + singletxsym2:2 + sym2xsinglet:2,True,True,True,4|288|16|7,4,288,16,7,False,5|15|2|2
2|2,antifundxfund:-3 + fundxfund:-1 + singletxsinglet:4 + singletxsym2:2 + sym2xsinglet:2,True,True,True,4|288|16|7,4,288,16,7,False,5|15|2|2
2|2,antifundxfund:1 + antifundxfund:3 + antisym2xsinglet:-4 + singletxadjoint:-2 + sym2xsinglet:-2,True,True,True,4|288|16|7,4,288,16,7,False,5|15|2|2
2|2,antifundxfund:1 + antifundxfund:3 + antisym2xsinglet:-4 + singletxsym2:-2 + sym2xsinglet:-2,True,True,True,4|288|16|7,4,288,16,7,False,5|15|2|2
2|2,antifundxfund:1 + antifundxfund:3 + singletxadjoint:-2 + singletxantisym2:-4 + sym2xsinglet:-2,True,True,True,4|288|16|7,4,288,16,7,False,5|15|2|2
2|2,antifundxfund:1 + antifundxfund:3 + singletxadjoint:-2 + singletxsinglet:-4 + sym2xsinglet:-2,True,True,True,4|288|16|7,4,288,16,7,False,5|15|2|2
2|2,antifundxfund:1 + antifundxfund:3 + singletxantisym2:-4 + singletxsym2:-2 + sym2xsinglet:-2,True,True,True,4|288|16|7,4,288,16,7,False,5|15|2|2
2|2,antifundxfund:1 + antifundxfund:3 + singletxsinglet:-4 + singletxsym2:-2 + sym2xsinglet:-2,True,True,True,4|288|16|7,4,288,16,7,False,5|15|2|2
2|2,antifundxfund:1 + antisym2xsinglet:-4 + fundxantifund:3 + singletxadjoint:-2 + sym2xsinglet:-2,True,True,True,4|288|16|7,4,288,16,7,False,5|15|2|2
2|2,antifundxfund:1 + antisym2xsinglet:-4 + fundxantifund:3 + singletxsym2:-2 + sym2xsinglet:-2,True,True,True,4|288|16|7,4,288,16,7,False,5|15|2|2
2|2,antifundxfund:1 + antisym2xsinglet:-4 + fundxfund:3 + singletxadjoint:-2 + sym2xsinglet:-2,True,True,True,4|288|16|7,4,288,16,7,False,5|15|2|2
2|2,antifundxfund:1 + antisym2xsinglet:-4 + fundxfund:3 + singletxsym2:-2 + sym2xsinglet:-2,True,True,True,4|288|16|7,4,288,16,7,False,5|15|2|2
2|2,antifundxfund:1 + fundxantifund:3 + singletxadjoint:-2 + singletxantisym2:-4 + sym2xsinglet:-2,True,True,True,4|288|16|7,4,288,16,7,False,5|15|2|2
2|2,antifundxfund:1 + fundxantifund:3 + singletxadjoint:-2 + singletxsinglet:-4 + sym2xsinglet:-2,True,True,True,4|288|16|7,4,288,16,7,False,5|15|2|2
2|2,antifundxfund:1 + fundxantifund:3 + singletxantisym2:-4 + singletxsym2:-2 + sym2xsinglet:-2,True,True,True,4|288|16|7,4,288,16,7,False,5|15|2|2
2|2,antifundxfund:1 + fundxantifund:3 + singletxsinglet:-4 + singletxsym2:-2 + sym2xsinglet:-2,True,True,True,4|288|16|7,4,288,16,7,False,5|15|2|2
2|2,antifundxfund:1 + fundxfund:3 + singletxadjoint:-2 + singletxantisym2:-4 + sym2xsinglet:-2,True,True,True,4|288|16|7,4,288,16,7,False,5|15|2|2
2|2,antifundxfund:1 + fundxfund:3 + singletxadjoint:-2 + singletxsinglet:-4 + sym2xsinglet:-2,True,True,True,4|288|16|7,4,288,16,7,False,5|15|2|2
2|2,antifundxfund:1 + fundxfund:3 + singletxantisym2:-4 + singletxsym2:-2 + sym2xsinglet:-2,True,True,True,4|288|16|7,4,288,16,7,False,5|15|2|2
2|2,antifundxfund:1 + fundxfund:3 + singletxsinglet:-4 + singletxsym2:-2 + sym2xsinglet:-2,True,True,True,4|288|16|7,4,288,16,7,False,5|15|2|2
2|2,antifundxfund:3 + antisym2xsinglet:-4 + fundxantifund:1 + singletxadjoint:-2 + sym2xsinglet:-2,True,True,True,4|288|16|7,4,288,16,7,False,5|15|2|2
2|2,antifundxfund:3 + antisym2xsinglet:-4 + fundxantifund:1 + singletxsym2:-2 + sym2xsinglet:-2,True,True,True,4|288|16|7,4,288,16,7,False,5|15|2|2
2|2,antifundxfund:3 + antisym2xsinglet:-4 + fundxfund:1 + singletxadjoint:-2 + sym2xsinglet:-2,True,True,True,4|288|16|7,4,288,16,7,False,5|15|2|2
2|2,antifundxfund:3 + antisym2xsinglet:-4 + fundxfund:1 + singletxsym2:-2 + sym2xsinglet:-2,True,True,True,4|288|16|7,4,288,16,7,False,5|15|2|2
2|2,antifundxfund:3 + fundxantifund:1 + singletxadjoint:-2 + singletxantisym2:-4 + sym2xsinglet:-2,True,True,True,4|288|16|7,4,288,16,7,False,5|15|2|2
2|2,antifundxfund:3 + fundxantifund:1 + singletxadjoint:-2 + singletxsinglet:-4 + sym2xsinglet:-2,True,True,True,4|288|16|7,4,288,16,7,False,5|15|2|2
2|2,antifundxfund:3 + fundxantifund:1 + singletxantisym2:-4 + singletxsym2:-2 + sym2xsinglet:-2,True,True,True,4|288|16|7,4,288,16,7,False,5|15|2|2
2|2,antifundxfund:3 + fundxantifund:1 + singletxsinglet:-4 + singletxsym2:-2 + sym2xsinglet:-2,True,True,True,4|288|16|7,4,288,16,7,False,5|15|2|2
2|2,antifundxfund:3 + fundxfund:1 + singletxadjoint:-2 + singletxantisym2:-4 + sym2xsinglet:-2,True,True,True,4|288|16|7,4,288,16,7,False,5|15|2|2
2|2,antifundxfund:3 + fundxfund:1 + singletxadjoint:-2 + singletxsinglet:-4 + sym2xsinglet:-2,True,True,True,4|288|16|7,4,288,16,7,False,5|15|2|2
2|2,antifundxfund:3 + fundxfund:1 + singletxantisym2:-4 + singletxsym2:-2 + sym2xsinglet:-2,True,True,True,4|288|16|7,4,288,16,7,False,5|15|2|2
2|2,antifundxfund:3 + fundxfund:1 + singletxsinglet:-4 + singletxsym2:-2 + sym2xsinglet:-2,True,True,True,4|288|16|7,4,288,16,7,False,5|15|2|2
2|2,antisym2xsinglet:-4 + fundxantifund:1 + fundxantifund:3 + singletxadjoint:-2 + sym2xsinglet:-2,True,True,True,4|288|16|7,4,288,16,7,False,5|15|2|2
2|2,antisym2xsinglet:-4 + fundxantifund:1 + fundxantifund:3 + singletxsym2:-2 + sym2xsinglet:-2,True,True,True,4|288|16|7,4,288,16,7,False,5|15|2|2
2|2,antisym2xsinglet:-4 + fundxantifund:1 + fundxfund:3 + singletxadjoint:-2 + sym2xsinglet:-2,True,True,True,4|288|16|7,4,288,16,7,False,5|15|2|2
2|2,antisym2xsinglet:-4 + fundxantifund:1 + fundxfund:3 + singletxsym2:-2 + sym2xsinglet:-2,True,True,True,4|288|16|7,4,288,16,7,False,5|15|2|2
2|2,antisym2xsinglet:-4 + fundxantifund:3 + fundxfund:1 + singletxadjoint:-2 + sym2xsinglet:-2,True,True,True,4|288|16|7,4,288,16,7,False,5|15|2|2
2|2,antisym2xsinglet:-4 + fundxantifund:3 + fundxfund:1 + singletxsym2:-2 + sym2xsinglet:-2,True,True,True,4|288|16|7,4,288,16,7,False,5|15|2|2
2|2,antisym2xsinglet:-4 + fundxfund:1 + fundxfund:3 + singletxadjoint:-2 + sym2xsinglet:-2,True,True,True,4|288|16|7,4,288,16,7,False,5|15|2|2
2|2,antisym2xsinglet:-4 + fundxfund:1 + fundxfund:3 + singletxsym2:-2 + sym2xsinglet:-2,True,True,True,4|288|16|7,4,288,16,7,False,5|15|2|2
2|2,antisym2xsinglet:4 + fundxantifund:-1 + fundxantifund:-3 + singletxadjoint:2 + sym2xsinglet:2,True,True,True,4|288|16|7,4,288,16,7,False,5|15|2|2
2|2,antisym2xsinglet:4 + fundxantifund:-1 + fundxantifund:-3 + singletxsym2:2 + sym2xsinglet:2,True,True,True,4|288|16|7,4,288,16,7,False,5|15|2|2
2|2,antisym2xsinglet:4 + fundxantifund:-1 + fundxfund:-3 + singletxadjoint:2 + sym2xsinglet:2,True,True,True,4|288|16|7,4,288,16,7,False,5|15|2|2
2|2,antisym2xsinglet:4 + fundxantifund:-1 + fundxfund:-3 + singletxsym2:2 + sym2xsinglet:2,True,True,True,4|288|16|7,4,288,16,7,False,5|15|2|2
2|2,antisym2xsinglet:4 + fundxantifund:-3 + fundxfund:-1 + singletxadjoint:2 + sym2xsinglet:2,True,True,True,4|288|16|7,4,288,16,7,False,5|15|2|2
2|2,antisym2xsinglet:4 + fundxantifund:-3 + fundxfund:-1 + singletxsym2:2 + sym2xsinglet:2,True,True,True,4|288|16|7,4,288,16,7,False,5|15|2|2
2|2,antisym2xsinglet:4 + fundxfund:-1 + fundxfund:-3 + singletxadjoint:2 + sym2xsinglet:2,True,True,True,4|288|16|7,4,288,16,7,False,5|15|2|2
2|2,antisym2xsinglet:4 + fundxfund:-1 + fundxfund:-3 + singletxsym2:2 + sym2xsinglet:2,True,True,True,4|288|16|7,4,288,16,7,False,5|15|2|2
2|2,fundxantifund:-1 + fundxantifund:-3 + singletxadjoint:2 + singletxantisym2:4 + sym2xsinglet:2,True,True,True,4|288|16|7,4,288,16,7,False,5|15|2|2
2|2,fundxantifund:-1 + fundxantifund:-3 + singletxadjoint:2 + singletxsinglet:4 + sym2xsinglet:2,True,True,True,4|288|16|7,4,288,16,7,False,5|15|2|2
2|2,fundxantifund:-1 + fundxantifund:-3 + singletxantisym2:4 + singletxsym2:2 + sym2xsinglet:2,True,True,True,4|288|16|7,4,288,16,7,False,5|15|2|2
2|2,fundxantifund:-1 + fundxantifund:-3 + singletxsinglet:4 + singletxsym2:2 + sym2xsinglet:2,True,True,True,4|288|16|7,4,288,16,7,False,5|15|2|2
2|2,fundxantifund:-1 + fundxfund:-3 + singletxadjoint:2 + singletxantisym2:4 + sym2xsinglet:2,True,True,True,4|288|16|7,4,288,16,7,False,5|15|2|2
2|2,fundxantifund:-1 + fundxfund:-3 + singletxadjoint:2 + singletxsinglet:4 + sym2xsinglet:2,True,True,True,4|288|16|7,4,288,16,7,False,5|15|2|2
2|2,fundxantifund:-1 + fundxfund:-3 + singletxantisym2:4 + singletxsym2:2 + sym2xsinglet:2,True,True,True,4|288|16|7,4,288,16,7,False,5|15|2|2
2|2,fundxantifund:-1 + fundxfund:-3 + singletxsinglet:4 + singletxsym2:2 + sym2xsinglet:2,True,True,True,4|288|16|7,4,288,16,7,False,5|15|2|2
2|2,fundxantifund:-3 + fundxfund:-1 + singletxadjoint:2 + singletxantisym2:4 + sym2xsinglet:2,True,True,True,4|288|16|7,4,288,16,7,False,5|15|2|2
2|2,fundxantifund:-3 + fundxfund:-1 + singletxadjoint:2 + singletxsinglet:4 + sym2xsinglet:2,True,True,True,4|288|16|7,4,288,16,7,False,5|15|2|2
2|2,fundxantifund:-3 + fundxfund:-1 + singletxantisym2:4 + singletxsym2:2 + sym2xsinglet:2,True,True,True,4|288|16|7,4,288,16,7,False,5|15|2|2
2|2,fundxantifund:-3 + fundxfund:-1 + singletxsinglet:4 + singletxsym2:2 + sym2xsinglet:2,True,True,True,4|288|16|7,4,288,16,7,False,5|15|2|2
2|2,fundxantifund:1 + fundxantifund:3 + singletxadjoint:-2 + singletxantisym2:-4 + sym2xsinglet:-2,True,True,True,4|288|16|7,4,288,16,7,False,5|15|2|2
2|2,fundxantifund:1 + fundxantifund:3 + singletxadjoint:-2 + singletxsinglet:-4 + sym2xsinglet:-2,True,True,True,4|288|16|7,4,288,16,7,False,5|15|2|2
2|2,fundxantifund:1 + fundxantifund:3 + singletxantisym2:-4 + singletxsym2:-2 + sym2xsinglet:-2,True,True,True,4|288|16|7,4,288,16,7,False,5|15|2|2
2|2,fundxantifund:1 + fundxantifund:3 + singletxsinglet:-4 + singletxsym2:-2 + sym2xsinglet:-2,True,True,True,4|288|16|7,4,288,16,7,False,5|15|2|2
2|2,fundxantifund:1 + fundxfund:3 + singletxadjoint:-2 + singletxantisym2:-4 + sym2xsinglet:-2,True,True,True,4|288|16|7,4,288,16,7,False,5|15|2|2
2|2,fundxantifund:1 + fundxfund:3 + singletxadjoint:-2 + singletxsinglet:-4 + sym2xsinglet:-2,True,True,True,4|288|16|7,4,288,16,7,False,5|15|2|2
2|2,fundxantifund:1 + fundxfund:3 + singletxantisym2:-4 + singletxsym2:-2 + sym2xsinglet:-2,True,True,True,4|288|16|7,4,288,16,7,False,5|15|2|2
2|2,fundxantifund:1 + fundxfund:3 + singletxsinglet:-4 + singletxsym2:-2 + sym2xsinglet:-2,True,True,True,4|288|16|7,4,288,16,7,False,5|15|2|2
2|2,fundxantifund:3 + fundxfund:1 + singletxadjoint:-2 + singletxantisym2:-4 + sym2xsinglet:-2,True,True,True,4|288|16|7,4,288,16,7,False,5|15|2|2
2|2,fundxantifund:3 + fundxfund:1 + singletxadjoint:-2 + singletxsinglet:-4 + sym2xsinglet:-2,True,True,True,4|288|16|7,4,288,16,7,False,5|15|2|2
2|2,fundxantifund:3 + fundxfund:1 + singletxantisym2:-4 + singletxsym2:-2 + sym2xsinglet:-2,True,True,True,4|288|16|7,4,288,16,7,False,5|15|2|2
2|2,fundxantifund:3 + fundxfund:1 + singletxsinglet:-4 + singletxsym2:-2 + sym2xsinglet:-2,True,True,True,4|288|16|7,4,288,16,7,False,5|15|2|2
2|2,fundxfund:-1 + fundxfund:-3 + singletxadjoint:2 + singletxantisym2:4 + sym2xsinglet:2,True,True,True,4|288|16|7,4,288,16,7,False,5|15|2|2
2|2,fundxfund:-1 + fundxfund:-3 + singletxadjoint:2 + singletxsinglet:4 + sym2xsinglet:2,True,True,True,4|288|16|7,4,288,16,7,False,5|15|2|2
2|2,fundxfund:-1 + fundxfund:-3 + singletxantisym2:4 + singletxsym2:2 + sym2xsinglet:2,True,True,True,4|288|16|7,4,288,16,7,False,5|15|2|2
2|2,fundxfund:-1 + fundxfund:-3 + singletxsinglet:4 + singletxsym2:2 + sym2xsinglet:2,True,True,True,4|288|16|7,4,288,16,7,False,5|15|2|2
2|2,fundxfund:1 + fundxfund:3 + singletxadjoint:-2 + singletxantisym2:-4 + sym2xsinglet:-2,True,True,True,4|288|16|7,4,288,16,7,False,5|15|2|2
2|2,fundxfund:1 + fundxfund:3 + singletxadjoint:-2 + singletxsinglet:-4 + sym2xsinglet:-2,True,True,True,4|288|16|7,4,288,16,7,False,5|15|2|2
2|2,fundxfund:1 + fundxfund:3 + singletxantisym2:-4 + singletxsym2:-2 + sym2xsinglet:-2,True,True,True,4|288|16|7,4,288,16,7,False,5|15|2|2
2|2,fundxfund:1 + fundxfund:3 + singletxsinglet:-4 + singletxsym2:-2 + sym2xsinglet:-2,True,True,True,4|288|16|7,4,288,16,7,False,5|15|2|2
4,antifund:-2 + antifund:2 + fund:-3 + fund:3,True,True,True,4|334|16|6,4,334,16,6,False,4|16|3|1
4,antifund:-3 + antifund:3 + fund:-2 + fund:2,True,True,True,4|334|16|6,4,334,16,6,False,4|16|3|1
3,antifund:-1 + antifund:1 + fund:-4 + fund:4,True,True,True,4|434|16|8,4,434,16,8,False,4|12|2|1
3,antifund:-1 + antisym2:1 + fund:-4 + fund:4,True,True,True,4|434|16|8,4,434,16,8,False,4|12|2|1
3,antifund:-4 + antifund:4 + fund:-1 + fund:1,True,True,True,4|434|16|8,4,434,16,8,False,4|12|2|1
3,antifund:-4 + antisym2:4 + fund:-1 + fund:1,True,True,True,4|434|16|8,4,434,16,8,False,4|12|2|1
3,antifund:1 + antisym2:-1 + fund:-4 + fund:4,True,True,True,4|434|16|8,4,434,16,8,False,4|12|2|1
3,antifund:4 + antisym2:-4 + fund:-1 + fund:1,True,True,True,4|434|16|8,4,434,16,8,False,4|12|2|1
3,antisym2:-1 + antisym2:1 + fund:-4 + fund:4,True,True,True,4|434|16|8,4,434,16,8,False,4|12|2|1
3,antisym2:-4 + antisym2:4 + fund:-1 + fund:1,True,True,True,4|434|16|8,4,434,16,8,False,4|12|2|1
4,antifund:-1 + antifund:1 + fund:-4 + fund:4,True,True,True,4|574|16|8,4,574,16,8,False,4|16|3|1
4,antifund:-4 + antifund:4 + fund:-1 + fund:1,True,True,True,4|574|16|8,4,574,16,8,False,4|16|3|1
3,antifund:-3 + antifund:3 + fund:-4 + fund:4,True,True,True,4|606|16|8,4,606,16,8,False,4|12|2|1
3,antifund:-3 + antisym2:3 + fund:-4 + fund:4,True,True,True,4|606|16|8,4,606,16,8,False,4|12|2|1
3,antifund:-4 + antifund:4 + fund:-3 + fund:3,True,True,True,4|606|16|8,4,606,16,8,False,4|12|2|1
3,antifund:-4 + antisym2:4 + fund:-3 + fund:3,True,True,True,4|606|16|8,4,606,16,8,False,4|12|2|1
3,antifund:3 + antisym2:-3 + fund:-4 + fund:4,True,True,True,4|606|16|8,4,606,16,8,False,4|12|2|1
3,antifund:4 + antisym2:-4 + fund:-3 + fund:3,True,True,True,4|606|16|8,4,606,16,8,False,4|12|2|1
3,antisym2:-3 + antisym2:3 + fund:-4 + fund:4,True,True,True,4|606|16|8,4,606,16,8,False,4|12|2|1
3,antisym2:-4 + antisym2:4 + fund:-3 + fund:3,True,True,True,4|606|16|8,4,606,16,8,False,4|12|2|1
4,antifund:-3 + antifund:3 + fund:-4 + fund:4,True,True,True,4|802|16|8,4,802,16,8,False,4|16|3|1
4,antifund:-4 + antifund:4 + fund:-3 + fund:3,True,True,True,4|802|16|8,4,802,16,8,False,4|16|3|1
3,antifund:-1 + antifund:1 + fund:-6 + fund:6,True,True,True,4|1362|16|12,4,1362,16,12,False,4|12|2|1
3,antifund:-1 + antisym2:1 + fund:-6 + fund:6,True,True,True,4|1362|16|12,4,1362,16,12,False,4|12|2|1
3,antifund:-6 + antifund:6 + fund:-1 + fund:1,True,True,True,4|1362|16|12,4,1362,16,12,False,4|12|2|1
3,antifund:-6 + antisym2:6 + fund:-1 + fund:1,True,True,True,4|1362|16|12,4,1362,16,12,False,4|12|2|1
3,antifund:1 + antisym2:-1 + fund:-6 + fund:6,True,True,True,4|1362|16|12,4,1362,16,12,False,4|12|2|1
3,antifund:6 + antisym2:-6 + fund:-1 + fund:1,True,True,True,4|1362|16|12,4,1362,16,12,False,4|12|2|1
3,antisym2:-1 + antisym2:1 + fund:-6 + fund:6,True,True,True,4|1362|16|12,4,1362,16,12,False,4|12|2|1
3,antisym2:-6 + antisym2:6 + fund:-1 + fund:1,True,True,True,4|1362|16|12,4,1362,16,12,False,4|12|2|1
4,antifund:-1 + antifund:1 + fund:-6 + fund:6,True,True,True,4|1810|16|12,4,1810,16,12,False,4|16|3|1
4,antifund:-6 + antifund:6 + fund:-1 + fund:1,True,True,True,4|1810|16|12,4,1810,16,12,False,4|16|3|1
2|3,antifundxantifund:0 + antifundxsinglet:0 + singletxfund:-1 + singletxfund:1,True,True,True,5|18|11|2,5,18,11,2,False,4|14|3|2
2|3,antifundxantifund:0 + fundxsinglet:0 + singletxfund:-1 + singletxfund:1,True,True,True,5|18|11|2,5,18,11,2,False,4|14|3|2
2|3,antifundxfund:0 + antifundxsinglet:0 + singletxantifund:-1 + singletxantifund:1,True,True,True,5|18|11|2,5,18,11,2,False,4|14|3|2
2|3,antifundxfund:0 + antifundxsinglet:0 + singletxantifund:-1 + singletxantisym2:1,True,True,True,5|18|11|2,5,18,11,2,False,4|14|3|2
2|3,antifundxfund:0 + antifundxsinglet:0 + singletxantifund:1 + singletxantisym2:-1,True,True,True,5|18|11|2,5,18,11,2,False,4|14|3|2
2|3,antifundxfund:0 + antifundxsinglet:0 + singletxantisym2:-1 + singletxantisym2:1,True,True,True,5|18|11|2,5,18,11,2,False,4|14|3|2
2|3,antifundxfund:0 + fundxsinglet:0 + singletxantifund:-1 + singletxantifund:1,True,True,True,5|18|11|2,5,18,11,2,False,4|14|3|2
2|3,antifundxfund:0 + fundxsinglet:0 + singletxantifund:-1 + singletxantisym2:1,True,True,True,5|18|11|2,5,18,11,2,False,4|14|3|2
2|3,antifundxfund:0 + fundxsinglet:0 + singletxantifund:1 + singletxantisym2:-1,True,True,True,5|18|11|2,5,18,11,2,False,4|14|3|2
2|3,antifundxfund:0 + fundxsinglet:0 + singletxantisym2:-1 + singletxantisym2:1,True,True,True,5|18|11|2,5,18,11,2,False,4|14|3|2
2|3,antifundxsinglet:0 + fundxantifund:0 + singletxfund:-1 + singletxfund:1,True,True,True,5|18|11|2,5,18,11,2,False,4|14|3|2
2|3,antifundxsinglet:0 + fundxfund:0 + singletxantifund:-1 + singletxantifund:1,True,True,True,5|18|11|2,5,18,11,2,False,4|14|3|2
2|3,antifundxsinglet:0 + fundxfund:0 + singletxantifund:-1 + singletxantisym2:1,True,True,True,5|18|11|2,5,18,11,2,False,4|14|3|2
2|3,antifundxsinglet:0 + fundxfund:0 + singletxantifund:1 + singletxantisym2:-1,True,True,True,5|18|11|2,5,18,11,2,False,4|14|3|2
2|3,antifundxsinglet:0 + fundxfund:0 + singletxantisym2:-1 + singletxantisym2:1,True,True,True,5|18|11|2,5,18,11,2,False,4|14|3|2
2|3,fundxantifund:0 + fundxsinglet:0 + singletxfund:-1 + singletxfund:1,True,True,True,5|18|11|2,5,18,11,2,False,4|14|3|2
2|3,fundxfund:0 + fundxsinglet:0 + singletxantifund:-1 + singletxantifund:1,True,True,True,5|18|11|2,5,18,11,2,False,4|14|3|2
2|3,fundxfund:0 + fundxsinglet:0 + singletxantifund:-1 + singletxantisym2:1,True,True,True,5|18|11|2,5,18,11,2,False,4|14|3|2
2|3,fundxfund:0 + fundxsinglet:0 + singletxantifund:1 + singletxantisym2:-1,True,True,True,5|18|11|2,5,18,11,2,False,4|14|3|2
2|3,fundxfund:0 + fundxsinglet:0 + singletxantisym2:-1 + singletxantisym2:1,True,True,True,5|18|11|2,5,18,11,2,False,4|14|3|2
2|2,adjointxsinglet:-1 + antifundxantifund:2 + antisym2xsinglet:3 + singletxantifund:-1 + singletxantifund:-3,True,True,True,5|156|17|6,5,156,17,6,False,5|12|2|2
2|2,adjointxsinglet:-1 + antifundxantifund:2 + antisym2xsinglet:3 + singletxantifund:-1 + singletxfund:-3,True,True,True,5|156|17|6,5,156,17,6,False,5|12|2|2
2|2,adjointxsinglet:-1 + antifundxantifund:2 + antisym2xsinglet:3 + singletxantifund:-3 + singletxfund:-1,True,True,True,5|156|17|6,5,156,17,6,False,5|12|2|2
2|2,adjointxsinglet:-1 + antifundxantifund:2 + antisym2xsinglet:3 + singletxfund:-1 + singletxfund:-3,True,True,True,5|156|17|6,5,156,17,6,False,5|12|2|2
2|2,adjointxsinglet:-1 + antifundxantifund:2 + singletxantifund:-1 + singletxantifund:-3 + singletxantisym2:3,True,True,True,5|156|17|6,5,156,17,6,False,5|12|2|2
2|2,adjointxsinglet:-1 + antifundxantifund:2 + singletxantifund:-1 + singletxantifund:-3 + singletxsinglet:3,True,True,True,5|156|17|6,5,156,17,6,False,5|12|2|2
2|2,adjointxsinglet:-1 + antifundxantifund:2 + singletxantifund:-1 + singletxantisym2:3 + singletxfund:-3,True,True,True,5|156|17|6,5,156,17,6,False,5|12|2|2
2|2,adjointxsinglet:-1 + antifundxantifund:2 + singletxantifund:-1 + singletxfund:-3 + singletxsinglet:3,True,True,True,5|156|17|6,5,156,17,6,False,5|12|2|2
2|2,adjointxsinglet:-1 + antifundxantifund:2 + singletxantifund:-3 + singletxantisym2:3 + singletxfund:-1,True,True,True,5|156|17|6,5,156,17,6,False,5|12|2|2
2|2,adjointxsinglet:-1 + antifundxantifund:2 + singletxantifund:-3 + singletxfund:-1 + singletxsinglet:3,True,True,True,5|156|17|6,5,156,17,6,False,5|12|2|2
2|2,adjointxsinglet:-1 + antifundxantifund:2 + singletxantisym2:3 + singletxfund:-1 + singletxfund:-3,True,True,True,5|156|17|6,5,156,17,6,False,5|12|2|2
2|2,adjointxsinglet:-1 + antifundxantifund:2 + singletxfund:-1 + singletxfund:-3 + singletxsinglet:3,True,True,True,5|156|17|6,5,156,17,6,False,5|12|2|2
2|2,adjointxsinglet:-1 + antifundxfund:2 + antisym2xsinglet:3 + singletxantifund:-1 + singletxantifund:-3,True,True,True,5|156|17|6,5,156,17,6,False,5|12|2|2
2|2,adjointxsinglet:-1 + antifundxfund:2 + antisym2xsinglet:3 + singletxantifund:-1 + singletxfund:-3,True,True,True,5|156|17|6,5,156,17,6,False,5|12|2|2
2|2,adjointxsinglet:-1 + antifundxfund:2 + antisym2xsinglet:3 + singletxantifund:-3 + singletxfund:-1,True,True,True,5|156|17|6,5,156,17,6,False,5|12|2|2
2|2,adjointxsinglet:-1 + antifundxfund:2 + antisym2xsinglet:3 + singletxfund:-1 + singletxfund:-3,True,True,True,5|156|17|6,5,156,17,6,False,5|12|2|2
2|2,adjointxsinglet:-1 + antifundxfund:2 + singletxantifund:-1 + singletxantifund:-3 + singletxantisym2:3,True,True,True,5|156|17|6,5,156,17,6,False,5|12|2|2
2|2,adjointxsinglet:-1 + antifundxfund:2 + singletxantifund:-1 + singletxantifund:-3 + singletxsinglet:3,True,True,True,5|156|17|6,5,156,17,6,False,5|12|2|2
2|2,adjointxsinglet:-1 + antifundxfund:2 + singletxantifund:-1 + singletxantisym2:3 + singletxfund:-3,True,True,True,5|156|17|6,5,156,17,6,False,5|12|2|2
2|2,adjointxsinglet:-1 + antifundxfund:2 + singletxantifund:-1 + singletxfund:-3 + singletxsinglet:3,True,True,True,5|156|17|6,5,156,17,6,False,5|12|2|2
2|2,adjointxsinglet:-1 + antifundxfund:2 + singletxantifund:-3 + singletxantisym2:3 + singletxfund:-1,True,True,True,5|156|17|6,5,156,17,6,False,5|12|2|2
2|2,adjointxsinglet:-1 + antifundxfund:2 + singletxantifund:-3 + singletxfund:-1 + singletxsinglet:3,True,True,True,5|156|17|6,5,156,17,6,False,5|12|2|2
2|2,adjointxsinglet:-1 + antifundxfund:2 + singletxantisym2:3 + singletxfund:-1 + singletxfund:-3,True,True,True,5|156|17|6,5,156,17,6,False,5|12|2|2
2|2,adjointxsinglet:-1 + antifundxfund:2 + singletxfund:-1 + singletxfund:-3 + singletxsinglet:3,True,True,True,5|156|17|6,5,156,17,6,False,5|12|2|2
2|2,adjointxsinglet:-1 + antisym2xsinglet:3 + fundxantifund:2 + singletxantifund:-1 + singletxantifund:-3,True,True,True,5|156|17|6,5,156,17,6,False,5|12|2|2
2|2,adjointxsinglet:-1 + antisym2xsinglet:3 + fundxantifund:2 + singletxantifund:-1 + singletxfund:-3,True,True,True,5|156|17|6,5,156,17,6,False,5|12|2|2
2|2,adjointxsinglet:-1 + antisym2xsinglet:3 + fundxantifund:2 + singletxantifund:-3 + singletxfund:-1,True,True,True,5|156|17|6,5,156,17,6,False,5|12|2|2
2|2,adjointxsinglet:-1 + antisym2xsinglet:3 + fundxantifund:2 + singletxfund:-1 + singletxfund:-3,True,True,True,5|156|17|6,5,156,17,6,False,5|12|2|2
2|2,adjointxsinglet:-1 + antisym2xsinglet:3 + fundxfund:2 + singletxantifund:-1 + singletxantifund:-3,True,True,True,5|156|17|6,5,156,17,6,False,5|12|2|2
2|2,adjointxsinglet:-1 + antisym2xsinglet:3 + fundxfund:2 + singletxantifund:-1 + singletxfund:-3,True,True,True,5|156|17|6,5,156,17,6,False,5|12|2|2
2|2,adjointxsinglet:-1 + antisym2xsinglet:3 + fundxfund:2 + singletxantifund:-3 + singletxfund:-1,True,True,True,5|156|17|6,5,156,17,6,False,5|12|2|2
2|2,adjointxsinglet:-1 + antisym2xsinglet:3 + fundxfund:2 + singletxfund:-1 + singletxfund:-3,True,True,True,5|156|17|6,5,156,17,6,False,5|12|2|2
2|2,adjointxsinglet:-1 + fundxantifund:2 + singletxantifund:-1 + singletxantifund:-3 + singletxantisym2:3,True,True,True,5|156|17|6,5,156,17,6,False,5|12|2|2
2|2,adjointxsinglet:-1 + fundxantifund:2 + singletxantifund:-1 + singletxantifund:-3 + singletxsinglet:3,True,True,True,5|156|17|6,5,156,17,6,False,5|12|2|2
2|2,adjointxsinglet:-1 + fundxantifund:2 + singletxantifund:-1 + singletxantisym2:3 + singletxfund:-3,True,True,True,5|156|17|6,5,156,17,6,False,5|12|2|2
2|2,adjointxsinglet:-1 + fundxantifund:2 + singletxantifund:-1 + singletxfund:-3 + singletxsinglet:3,True,True,True,5|156|17|6,5,156,17,6,False,5|12|2|2
2|2,adjointxsinglet:-1 + fundxantifund:2 + singletxantifund:-3 + singletxantisym2:3 + singletxfund:-1,True,True,True,5|156|17|6,5,156,17,6,False,5|12|2|2
2|2,adjointxsinglet:-1 + fundxantifund:2 + singletxantifund:-3 + singletxfund:-1 + singletxsinglet:3,True,True,True,5|156|17|6,5,156,17,6,False,5|12|2|2
2|2,adjointxsinglet:-1 + fundxantifund:2 + singletxantisym2:3 + singletxfund:-1 + singletxfund:-3,True,True,True,5|156|17|6,5,156,17,6,False,5|12|2|2
2|2,adjointxsinglet:-1 + fundxantifund:2 + singletxfund:-1 + singletxfund:-3 + singletxsinglet:3,True,True,True,5|156|17|6,5,156,17,6,False,5|12|2|2
2|2,adjointxsinglet:-1 + fundxfund:2 + singletxantifund:-1 + singletxantifund:-3 + singletxantisym2:3,True,True,True,5|156|17|6,5,156,17,6,False,5|12|2|2
2|2,adjointxsinglet:-1 + fundxfund:2 + singletxantifund:-1 + singletxantifund:-3 + singletxsinglet:3,True,True,True,5|156|17|6,5,156,17,6,False,5|12|2|2
2|2,adjointxsinglet:-1 + fundxfund:2 + singletxantifund:-1 + singletxantisym2:3 + singletxfund:-3,True,True,True,5|156|17|6,5,156,17,6,False,5|12|2|2
2|2,adjointxsinglet:-1 + fundxfund:2 + singletxantifund:-1 + singletxfund:-3 + singletxsinglet:3,True,True,True,5|156|17|6,5,156,17,6,False,5|12|2|2
2|2,adjointxsinglet:-1 + fundxfund:2 + singletxantifund:-3 + singletxantisym2:3 + singletxfund:-1,True,True,True,5|156|17|6,5,156,17,6,False,5|12|2|2
2|2,adjointxsinglet:-1 + fundxfund:2 + singletxantifund:-3 + singletxfund:-1 + singletxsinglet:3,True,True,True,5|156|17|6,5,156,17,6,False,5|12|2|2
2|2,adjointxsinglet:-1 + fundxfund:2 + singletxantisym2:3 + singletxfund:-1 + singletxfund:-3,True,True,True,5|156|17|6,5,156,17,6,False,5|12|2|2
2|2,adjointxsinglet:-1 + fundxfund:2 + singletxfund:-1 + singletxfund:-3 + singletxsinglet:3,True,True,True,5|156|17|6,5,156,17,6,False,5|12|2|2
2|2,adjointxsinglet:1 + antifundxantifund:-2 + antisym2xsinglet:-3 + singletxantifund:1 + singletxantifund:3,True,True,True,5|156|17|6,5,156,17,6,False,5|12|2|2
2|2,adjointxsinglet:1 + antifundxantifund:-2 + antisym2xsinglet:-3 + singletxantifund:1 + singletxfund:3,True,True,True,5|156|17|6,5,156,17,6,False,5|12|2|2
2|2,adjointxsinglet:1 + antifundxantifund:-2 + antisym2xsinglet:-3 + singletxantifund:3 + singletxfund:1,True,True,True,5|156|17|6,5,156,17,6,False,5|12|2|2
2|2,adjointxsinglet:1 + antifundxantifund:-2 + antisym2xsinglet:-3 + singletxfund:1 + singletxfund:3,True,True,True,5|156|17|6,5,156,17,6,False,5|12|2|2
2|2,adjointxsinglet:1 + antifundxantifund:-2 + singletxantifund:1 + singletxantifund:3 + singletxantisym2:-3,True,True,True,5|156|17|6,5,156,17,6,False,5|12|2|2
2|2,adjointxsinglet:1 + antifundxantifund:-2 + singletxantifund:1 + singletxantifund:3 + singletxsinglet:-3,True,True,True,5|156|17|6,5,156,17,6,False,5|12|2|2
2|2,adjointxsinglet:1 + antifundxantifund:-2 + singletxantifund:1 + singletxantisym2:-3 + singletxfund:3,True,True,True,5|156|17|6,5,156,17,6,False,5|12|2|2
2|2,adjointxsinglet:1 + antifundxantifund:-2 + singletxantifund:1 + singletxfund:3 + singletxsinglet:-3,True,True,True,5|156|17|6,5,156,17,6,False,5|12|2|2
2|2,adjointxsinglet:1 + antifundxantifund:-2 + singletxantifund:3 + singletxantisym2:-3 + singletxfund:1,True,True,True,5|156|17|6,5,156,17,6,False,5|12|2|2
2|2,adjointxsinglet:1 + antifundxantifund:-2 + singletxantifund:3 + singletxfund:1 + singletxsinglet:-3,True,True,True,5|156|17|6,5,156,17,6,False,5|12|2|2
2|2,adjointxsinglet:1 + antifundxantifund:-2 + singletxantisym2:-3 + singletxfund:1 + singletxfund:3,True,True,True,5|156|17|6,5,156,17,6,False,5|12|2|2
2|2,adjointxsinglet:1 + antifundxantifund:-2 + singletxfund:1 + singletxfund:3 + singletxsinglet:-3,True,True,True,5|156|17|6,5,156,17,6,False,5|12|2|2
2|2,adjointxsinglet:1 + antifundxfund:-2 + antisym2xsinglet:-3 + singletxantifund:1 + singletxantifund:3,True,True,True,5|156|17|6,5,156,17,6,False,5|12|2|2
2|2,adjointxsinglet:1 + antifundxfund:-2 + antisym2xsinglet:-3 + singletxantifund:1 + singletxfund:3,True,True,True,5|156|17|6,5,156,17,6,False,5|12|2|2
2|2,adjointxsinglet:1 + antifundxfund:-2 + antisym2xsinglet:-3 + singletxantifund:3 + singletxfund:1,True,True,True,5|156|17|6,5,156,17,6,False,5|12|2|2
2|2,adjointxsinglet:1 + antifundxfund:-2 + antisym2xsinglet:-3 + singletxfund:1 + singletxfund:3,True,True,True,5|156|17|6,5,156,17,6,False,5|12|2|2
2|2,adjointxsinglet:1 + antifundxfund:-2 + singletxantifund:1 + singletxantifund:3 + singletxantisym2:-3,True,True,True,5|156|17|6,5,156,17,6,False,5|12|2|2
2|2,adjointxsinglet:1 + antifundxfund:-2 + singletxantifund:1 + singletxantifund:3 + singletxsinglet:-3,True,True,True,5|156|17|6,5,156,17,6,False,5|12|2|2
2|2,adjointxsinglet:1 + antifundxfund:-2 + singletxantifund:1 + singletxantisym2:-3 + singletxfund:3,True,True,True,5|156|17|6,5,156,17,6,False,5|12|2|2
2|2,adjointxsinglet:1 + antifundxfund:-2 + singletxantifund:1 + singletxfund:3 + singletxsinglet:-3,True,True,True,5|156|17|6,5,156,17,6,False,5|12|2|2
2|2,adjointxsinglet:1 + antifundxfund:-2 + singletxantifund:3 + singletxantisym2:-3 + singletxfund:1,True,True,True,5|156|17|6,5,156,17,6,False,5|12|2|2
2|2,adjointxsinglet:1 + antifundxfund:-2 + singletxantifund:3 + singletxfund:1 + singletxsinglet:-3,True,True,True,5|156|17|6,5,156,17,6,False,5|12|2|2
2|2,adjointxsinglet:1 + antifundxfund:-2 + singletxantisym2:-3 + singletxfund:1 + singletxfund:3,True,True,True,5|156|17|6,5,156,17,6,False,5|12|2|2
2|2,adjointxsinglet:1 + antifundxfund:-2 + singletxfund:1 + singletxfund:3 + singletxsinglet:-3,True,True,True,5|156|17|6,5,156,17,6,False,5|12|2|2
2|2,adjointxsinglet:1 + antisym2xsinglet:-3 + fundxantifund:-2 + singletxantifund:1 + singletxantifund:3,True,True,True,5|156|17|6,5,156,17,6,False,5|12|2|2
2|2,adjointxsinglet:1 + antisym2xsinglet:-3 + fundxantifund:-2 + singletxantifund:1 + singletxfund:3,True,True,True,5|156|17|6,5,156,17,6,False,5|12|2|2
2|2,adjointxsinglet:1 + antisym2xsinglet:-3 + fundxantifund:-2 + singletxantifund:3 + singletxfund:1,True,True,True,5|156|17|6,5,156,17,6,False,5|12|2|2
2|2,adjointxsinglet:1 + antisym2xsinglet:-3 + fundxantifund:-2 + singletxfund:1 + singletxfund:3,True,True,True,5|156|17|6,5,156,17,6,False,5|12|2|2
2|2,adjointxsinglet:1 + antisym2xsinglet:-3 + fundxfund:-2 + singletxantifund:1 + singletxantifund:3,True,True,True,5|156|17|6,5,156,17,6,False,5|12|2|2
2|2,adjointxsinglet:1 + antisym2xsinglet:-3 + fundxfund:-2 + singletxantifund:1 + singletxfund:3,True,True,True,5|156|17|6,5,156,17,6,False,5|12|2|2
2|2,adjointxsinglet:1 + antisym2xsinglet:-3 + fundxfund:-2 + singletxantifund:3 + singletxfund:1,True,True,True,5|156|17|6,5,156,17,6,False,5|12|2|2
2|2,adjointxsinglet:1 + antisym2xsinglet:-3 + fundxfund:-2 + singletxfund:1 + singletxfund:3,True,True,True,5|156|17|6,5,156,17,6,False,5|12|2|2
2|2,adjointxsinglet:1 + fundxantifund:-2 + singletxantifund:1 + singletxantifund:3 + singletxantisym2:-3,True,True,True,5|156|17|6,5,156,17,6,False,5|12|2|2
2|2,adjointxsinglet:1 + fundxantifund:-2 + singletxantifund:1 + singletxantifund:3 + singletxsinglet:-3,True,True,True,5|156|17|6,5,156,17,6,False,5|12|2|2
2|2,adjointxsinglet:1 + fundxantifund:-2 + singletxantifund:1 + singletxantisym2:-3 + singletxfund:3,True,True,True,5|156|17|6,5,156,17,6,False,5|12|2|2
2|2,adjointxsinglet:1 + fundxantifund:-2 + singletxantifund:1 + singletxfund:3 + singletxsinglet:-3,True,True,True,5|156|17|6,5,156,17,6,False,5|12|2|2
2|2,adjointxsinglet:1 + fundxantifund:-2 + singletxantifund:3 + singletxantisym2:-3 + singletxfund:1,True,True,True,5|156|17|6,5,156,17,6,False,5|12|2|2
2|2,adjointxsinglet:1 + fundxantifund:-2 + singletxantifund:3 + singletxfund:1 + singletxsinglet:-3,True,True,True,5|156|17|6,5,156,17,6,False,5|12|2|2
2|2,adjointxsinglet:1 + fundxantifund:-2 + singletxantisym2:-3 + singletxfund:1 + singletxfund:3,True,True,True,5|156|17|6,5,156,17,6,False,5|12|2|2
2|2,adjointxsinglet:1 + fundxantifund:-2 + singletxfund:1 + singletxfund:3 + singletxsinglet:-3,True,True,True,5|156|17|6,5,156,17,6,False,5|12|2|2
2|2,adjointxsinglet:1 + fundxfund:-2 + singletxantifund:1 + singletxantifund:3 + singletxantisym2:-3,True,True,True,5|156|17|6,5,156,17,6,False,5|12|2|2
2|2,adjointxsinglet:1 + fundxfund:-2 + singletxantifund:1 + singletxantifund:3 + singletxsinglet:-3,True,True,True,5|156|17|6,5,156,17,6,False,5|12|2|2
2|2,adjointxsinglet:1 + fundxfund:-2 + singletxantifund:1 + singletxantisym2:-3 + singletxfund:3,True,True,True,5|156|17|6,5,156,17,6,False,5|12|2|2
2|2,adjointxsinglet:1 + fundxfund:-2 + singletxantifund:1 + singletxfund:3 + singletxsinglet:-3,True,True,True,5|156|17|6,5,156,17,6,False,5|12|2|2
2|2,adjointxsinglet:1 + fundxfund:-2 + singletxantifund:3 + singletxantisym2:-3 + singletxfund:1,True,True,True,5|156|17|6,5,156,17,6,False,5|12|2|2
2|2,adjointxsinglet:1 + fundxfund:-2 + singletxantifund:3 + singletxfund:1 + singletxsinglet:-3,True,True,True,5|156|17|6,5,156,17,6,False,5|12|2|2
2|2,adjointxsinglet:1 + fundxfund:-2 + singletxantisym2:-3 + singletxfund:1 + singletxfund:3,True,True,True,5|156|17|6,5,156,17,6,False,5|12|2|2
2|2,adjointxsinglet:1 + fundxfund:-2 + singletxfund:1 + singletxfund:3 + singletxsinglet:-3,True,True,True,5|156|17|6,5,156,17,6,False,5|12|2|2
2|2,antifundxantifund:-2 + antifundxsinglet:1 + antifundxsinglet:3 + antisym2xsinglet:-3 + singletxadjoint:1,True,True,True,5|156|17|6,5,156,17,6,False,5|12|2|2
2|2,antifundxantifund:-2 + antifundxsinglet:1 + antifundxsinglet:3 + antisym2xsinglet:-3 + singletxsym2:1,True,True,True,5|156|17|6,5,156,17,6,False,5|12|2|2
2|2,antifundxantifund:-2 + antifundxsinglet:1 + antifundxsinglet:3 + singletxadjoint:1 + singletxantisym2:-3,True,True,True,5|156|17|6,5,156,17,6,False,5|12|2|2
2|2,antifundxantifund:-2 + antifundxsinglet:1 + antifundxsinglet:3 + singletxadjoint:1 + singletxsinglet:-3,True,True,True,5|156|17|6,5,156,17,6,False,5|12|2|2
2|2,antifundxantifund:-2 + antifundxsinglet:1 + antifundxsinglet:3 + singletxantisym2:-3 + singletxsym2:1,True,True,True,5|156|17|6,5,156,17,6,False,5|12|2|2
2|2,antifundxantifund:-2 + antifundxsinglet:1 + antifundxsinglet:3 + singletxsinglet:-3 + singletxsym2:1,True,True,True,5|156|17|6,5,156,17,6,False,5|12|2|2
2|2,antifundxantifund:-2 + antifundxsinglet:1 + antisym2xsinglet:-3 + fundxsinglet:3 + singletxadjoint:1,True,True,True,5|156|17|6,5,156,17,6,False,5|12|2|2
2|2,antifundxantifund:-2 + antifundxsinglet:1 + antisym2xsinglet:-3 + fundxsinglet:3 + singletxsym2:1,True,True,True,5|156|17|6,5,156,17,6,False,5|12|2|2
2|2,antifundxantifund:-2 + antifundxsinglet:1 + fundxsinglet:3 + singletxadjoint:1 + singletxantisym2:-3,True,True,True,5|156|17|6,5,156,17,6,False,5|12|2|2
2|2,antifundxantifund:-2 + antifundxsinglet:1 + fundxsinglet:3 + singletxadjoint:1 + singletxsinglet:-3,True,True,True,5|156|17|6,5,156,17,6,False,5|12|2|2
2|2,antifundxantifund:-2 + antifundxsinglet:1 + fundxsinglet:3 + singletxantisym2:-3 + singletxsym2:1,True,True,True,5|156|17|6,5,156,17,6,False,5|12|2|2
2|2,antifundxantifund:-2 + antifundxsinglet:1 + fundxsinglet:3 + singletxsinglet:-3 + singletxsym2:1,True,True,True,5|156|17|6,5,156,17,6,False,5|12|2|2
2|2,antifundxantifund:-2 + antifundxsinglet:3 + antisym2xsinglet:-3 + fundxsinglet:1 + singletxadjoint:1,True,True,True,5|156|17|6,5,156,17,6,False,5|12|2|2
2|2,antifundxantifund:-2 + antifundxsinglet:3 + antisym2xsinglet:-3 + fundxsinglet:1 + singletxsym2:1,True,True,True,5|156|17|6,5,156,17,6,False,5|12|2|2
2|2,antifundxantifund:-2 + antifundxsinglet:3 + fundxsinglet:1 + singletxadjoint:1 + singletxantisym2:-3,True,True,True,5|156|17|6,5,156,17,6,False,5|12|2|2
2|2,antifundxantifund:-2 + antifundxsinglet:3 + fundxsinglet:1 + singletxadjoint:1 + singletxsinglet:-3,True,True,True,5|156|17|6,5,156,17,6,False,5|12|2|2
2|2,antifundxantifund:-2 + antifundxsinglet:3 + fundxsinglet:1 + singletxantisym2:-3 + singletxsym2:1,True,True,True,5|156|17|6,5,156,17,6,False,5|12|2|2
2|2,antifundxantifund:-2 + antifundxsinglet:3 + fundxsinglet:1 + singletxsinglet:-3 + singletxsym2:1,True,True,True,5|156|17|6,5,156,17,6,False,5|12|2|2
2|2,antifundxantifund:-2 + antisym2xsinglet:-3 + fundxsinglet:1 + fundxsinglet:3 + singletxadjoint:1,True,True,True,5|156|17|6,5,156,17,6,False,5|12|2|2
2|2,antifundxantifund:-2 + antisym2xsinglet:-3 + fundxsinglet:1 + fundxsinglet:3 + singletxsym2:1,True,True,True,5|156|17|6,5,156,17,6,False,5|12|2|2
2|2,antifundxantifund:-2 + antisym2xsinglet:-3 + singletxantifund:1 + singletxantifund:3 + sym2xsinglet:1,True,True,True,5|156|17|6,5,156,17,6,False,5|12|2|2
2|2,antifundxantifund:-2 + antisym2xsinglet:-3 + singletxantifund:1 + singletxfund:3 + sym2xsinglet:1,True,True,True,5|156|17|6,5,156,17,6,False,5|12|2|2
2|2,antifundxantifund:-2 + antisym2xsinglet:-3 + singletxantifund:3 + singletxfund:1 + sym2xsinglet:1,True,True,True,5|156|17|6,5,156,17,6,False,5|12|2|2
2|2,antifundxantifund:-2 + antisym2xsinglet:-3 + singletxfund:1 + singletxfund:3 + sym2xsinglet:1,True,True,True,5|156|17|6,5,156,17,6,False,5|12|2|2
2|2,antifundxantifund:-2 + fundxsinglet:1 + fundxsinglet:3 + singletxadjoint:1 + singletxantisym2:-3,True,True,True,5|156|17|6,5,156,17,6,False,5|12|2|2
2|2,antifundxantifund:-2 + fundxsinglet:1 + fundxsinglet:3 + singletxadjoint:1 + singletxsinglet:-3,True,True,True,5|156|17|6,5,156,17,6,False,5|12|2|2
2|2,antifundxantifund:-2 + fundxsinglet:1 + fundxsinglet:3 + singletxantisym2:-3 + singletxsym2:1,True,True,True,5|156|17|6,5,156,17,6,False,5|12|2|2
2|2,antifundxantifund:-2 + fundxsinglet:1 + fundxsinglet:3 + singletxsinglet:-3 + singletxsym2:1,True,True,True,5|156|17|6,5,156,17,6,False,5|12|2|2
2|2,antifundxantifund:-2 + singletxantifund:1 + singletxantifund:3 + singletxantisym2:-3 + sym2xsinglet:1,True,True,True,5|156|17|6,5,156,17,6,False,5|12|2|2
2|2,antifundxantifund:-2 + singletxantifund:1 + singletxantifund:3 + singletxsinglet:-3 + sym2xsinglet:1,True,True,True,5|156|17|6,5,156,17,6,False,5|12|2|2
2|2,antifundxantifund:-2 + singletxantifund:1 + singletxantisym2:-3 + singletxfund:3 + sym2xsinglet:1,True,True,True,5|156|17|6,5,156,17,6,False,5|12|2|2
2|2,antifundxantifund:-2 + singletxantifund:1 + singletxfund:3 + singletxsinglet:-3 + sym2xsinglet:1,True,True,True,5|156|17|6,5,156,17,6,False,5|12|2|2
2|2,antifundxantifund:-2 + singletxantifund:3 + singletxantisym2:-3 + singletxfund:1 + sym2xsinglet:1,True,True,True,5|156|17|6,5,156,17,6,False,5|12|2|2
2|2,antifundxantifund:-2 + singletxantifund:3 + singletxfund:1 + singletxsinglet:-3 + sym2xsinglet:1,True,True,True,5|156|17|6,5,156,17,6,False,5|12|2|2
2|2,antifundxantifund:-2 + singletxantisym2:-3 + singletxfund:1 + singletxfund:3 + sym2xsinglet:1,True,True,True,5|156|17|6,5,156,17,6,False,5|12|2|2
2|2,antifundxantifund:-2 + singletxfund:1 + singletxfund:3 + singletxsinglet:-3 + sym2xsinglet:1,True,True,True,5|156|17|6,5,156,17,6,False,5|12|2|2
2|2,antifundxantifund:2 + antifundxsinglet:-1 + antifundxsinglet:-3 + antisym2xsinglet:3 + singletxadjoint:-1,True,True,True,5|156|17|6,5,156,17,6,False,5|12|2|2
2|2,antifundxantifund:2 + antifundxsinglet:-1 + antifundxsinglet:-3 + antisym2xsinglet:3 + singletxsym2:-1,True,True,True,5|156|17|6,5,156,17,6,False,5|12|2|2
2|2,antifundxantifund:2 + antifundxsinglet:-1 + antifundxsinglet:-3 + singletxadjoint:-1 + singletxantisym2:3,True,True,True,5|156|17|6,5,156,17,6,False,5|12|2|2
2|2,antifundxantifund:2 + antifundxsinglet:-1 + antifundxsinglet:-3 + singletxadjoint:-1 + singletxsinglet:3,True,True,True,5|156|17|6,5,156,17,6,False,5|12|2|2
2|2,antifundxantifund:2 + antifundxsinglet:-1 + antifundxsinglet:-3 + singletxantisym2:3 + singletxsym2:-1,True,True,True,5|156|17|6,5,156,17,6,False,5|12|2|2
2|2,antifundxantifund:2 + antifundxsinglet:-1 + antifundxsinglet:-3 + singletxsinglet:3 + singletxsym2:-1,True,True,True,5|156|17|6,5,156,17,6,False,5|12|2|2
2|2,antifundxantifund:2 + antifundxsinglet:-1 + antisym2xsinglet:3 + fundxsinglet:-3 + singletxadjoint:-1,True,True,True,5|156|17|6,5,156,17,6,False,5|12|2|2
2|2,antifundxantifund:2 + antifundxsinglet:-1 + antisym2xsinglet:3 + fundxsinglet:-3 + singletxsym2:-1,True,True,True,5|156|17|6,5,156,17,6,False,5|12|2|2
2|2,antifundxantifund:2 + antifundxsinglet:-1 + fundxsinglet:-3 + singletxadjoint:-1 + singletxantisym2:3,True,True,True,5|156|17|6,5,156,17,6,False,5|12|2|2
2|2,antifundxantifund:2 + antifundxsinglet:-1 + fundxsinglet:-3 + singletxadjoint:-1 + singletxsinglet:3,True,True,True,5|156|17|6,5,156,17,6,False,5|12|2|2
2|2,antifundxantifund:2 + antifundxsinglet:-1 + fundxsinglet:-3 + singletxantisym2:3 + singletxsym2:-1,True,True,True,5|156|17|6,5,156,17,6,False,5|12|2|2
2|2,antifundxantifund:2 + antifundxsinglet:-1 + fundxsinglet:-3 + singletxsinglet:3 + singletxsym2:-1,True,True,True,5|156|17|6,5,156,17,6,False,5|12|2|2
2|2,antifundxantifund:2 + antifundxsinglet:-3 + antisym2xsinglet:3 + fundxsinglet:-1 + singletxadjoint:-1,True,True,True,5|156|17|6,5,156,17,6,False,5|12|2|2
2|2,antifundxantifund:2 + antifundxsinglet:-3 + antisym2xsinglet:3 + fundxsinglet:-1 + singletxsym2:-1,True,True,True,5|156|17|6,5,156,17,6,False,5|12|2|2
2|2,antifundxantifund:2 + antifundxsinglet:-3 + fundxsinglet:-1 + singletxadjoint:-1 + singletxantisym2:3,True,True,True,5|156|17|6,5,156,17,6,False,5|12|2|2
2|2,antifundxantifund:2 + antifundxsinglet:-3 + fundxsinglet:-1 + singletxadjoint:-1 + singletxsinglet:3,True,True,True,5|156|17|6,5,156,17,6,False,5|12|2|2
2|2,antifundxantifund:2 + antifundxsinglet:-3 + fundxsinglet:-1 + singletxantisym2:3 + singletxsym2:-1,True,True,True,5|156|17|6,5,156,17,6,False,5|12|2|2
2|2,antifundxantifund:2 + antifundxsinglet:-3 + fundxsinglet:-1 + singletxsinglet:3 + singletxsym2:-1,True,True,True,5|156|17|6,5,156,17,6,False,5|12|2|2
2|2,antifundxantifund:2 + antisym2xsinglet:3 + fundxsinglet:-1 + fundxsinglet:-3 + singletxadjoint:-1,True,True,True,5|156|17|6,5,156,17,6,False,5|12|2|2
2|2,antifundxantifund:2 + antisym2xsinglet:3 + fundxsinglet:-1 + fundxsinglet:-3 + singletxsym2:-1,True,True,True,5|156|17|6,5,156,17,6,False,5|12|2|2
2|2,antifundxantifund:2 + antisym2xsinglet:3 + singletxantifund:-1 + singletxantifund:-3 + sym2xsinglet:-1,True,True,True,5|156|17|6,5,156,17,6,False,5|12|2|2
2|2,antifundxantifund:2 + antisym2xsinglet:3 + singletxantifund:-1 + singletxfund:-3 + sym2xsinglet:-1,True,True,True,5|156|17|6,5,156,17,6,False,5|12|2|2
2|2,antifundxantifund:2 + antisym2xsinglet:3 + singletxantifund:-3 + singletxfund:-1 + sym2xsinglet:-1,True,True,True,5|156|17|6,5,156,17,6,False,5|12|2|2
2|2,antifundxantifund:2 + antisym2xsinglet:3 + singletxfund:-1 + singletxfund:-3 + sym2xsinglet:-1,True,True,True,5|156|17|6,5,156,17,6,False,5|12|2|2
2|2,antifundxantifund:2 + fundxsinglet:-1 + fundxsinglet:-3 + singletxadjoint:-1 + singletxantisym2:3,True,True,True,5|156|17|6,5,156,17,6,False,5|12|2|2
2|2,antifundxantifund:2 + fundxsinglet:-1 + fundxsinglet:-3 + singletxadjoint:-1 + singletxsinglet:3,True,True,True,5|156|17|6,5,156,17,6,False,5|12|2|2
2|2,antifundxantifund:2 + fundxsinglet:-1 + fundxsinglet:-3 + singletxantisym2:3 + singletxsym2:-1,True,True,True,5|156|17|6,5,156,17,6,False,5|12|2|2
2|2,antifundxantifund:2 + fundxsinglet:-1 + fundxsinglet:-3 + singletxsinglet:3 + singletxsym2:-1,True,True,True,5|156|17|6,5,156,17,6,False,5|12|2|2
2|2,antifundxantifund:2 + singletxantifund:-1 + singletxantifund:-3 + singletxantisym2:3 + sym2xsinglet:-1,True,True,True,5|156|17|6,5,156,17,6,False,5|12|2|2
2|2,antifundxantifund:2 + singletxantifund:-1 + singletxantifund:-3 + singletxsinglet:3 + sym2xsinglet:-1,True,True,True,5|156|17|6,5,156,17,6,False,5|12|2|2
2|2,antifundxantifund:2 + singletxantifund:-1 + singletxantisym2:3 + singletxfund:-3 + sym2xsinglet:-1,True,True,True,5|156|17|6,5,156,17,6,False,5|12|2|2
2|2,antifundxantifund:2 + singletxantifund:-1 + singletxfund:-3 + singletxsinglet:3 + sym2xsinglet:-1,True,True,True,5|156|17|6,5,156,17,6,False,5|12|2|2
2|2,antifundxantifund:2 + singletxantifund:-3 + singletxantisym2:3 + singletxfund:-1 + sym2xsinglet:-1,True,True,True,5|156|17|6,5,156,17,6,False,5|12|2|2
2|2,antifundxantifund:2 + singletxantifund:-3 + singletxfund:-1 + singletxsinglet:3 + sym2xsinglet:-1,True,True,True,5|156|17|6,5,156,17,6,False,5|12|2|2
2|2,antifundxantifund:2 + singletxantisym2:3 + singletxfund:-1 + singletxfund:-3 + sym2xsinglet:-1,True,True,True,5|156|17|6,5,156,17,6,False,5|12|2|2
2|2,antifundxantifund:2 + singletxfund:-1 + singletxfund:-3 + singletxsinglet:3 + sym2xsinglet:-1,True,True,True,5|156|17|6,5,156,17,6,False,5|12|2|2
2|2,antifundxfund:-2 + antifundxsinglet:1 + antifundxsinglet:3 + antisym2xsinglet:-3 + singletxadjoint:1,True,True,True,5|156|17|6,5,156,17,6,False,5|12|2|2
2|2,antifundxfund:-2 + antifundxsinglet:1 + antifundxsinglet:3 + antisym2xsinglet:-3 + singletxsym2:1,True,True,True,5|156|17|6,5,156,17,6,False,5|12|2|2
2|2,antifundxfund:-2 + antifundxsinglet:1 + antifundxsinglet:3 + singletxadjoint:1 + singletxantisym2:-3,True,True,True,5|156|17|6,5,156,17,6,False,5|12|2|2
2|2,antifundxfund:-2 + antifundxsinglet:1 + antifundxsinglet:3 + singletxadjoint:1 + singletxsinglet:-3,True,True,True,5|156|17|6,5,156,17,6,False,5|12|2|2
2|2,antifundxfund:-2 + antifundxsinglet:1 + antifundxsinglet:3 + singletxantisym2:-3 + singletxsym2:1,True,True,True,5|156|17|6,5,156,17,6,False,5|12|2|2
2|2,antifundxfund:-2 + antifundxsinglet:1 + antifundxsinglet:3 + singletxsinglet:-3 + singletxsym2:1,True,True,True,5|156|17|6,5,156,17,6,False,5|12|2|2
2|2,antifundxfund:-2 + antifundxsinglet:1 + antisym2xsinglet:-3 + fundxsinglet:3 + singletxadjoint:1,True,True,True,5|156|17|6,5,156,17,6,False,5|12|2|2
2|2,antifundxfund:-2 + antifundxsinglet:1 + antisym2xsinglet:-3 + fundxsinglet:3 + singletxsym2:1,True,True,True,5|156|17|6,5,156,17,6,False,5|12|2|2
2|2,antifundxfund:-2 + antifundxsinglet:1 + fundxsinglet:3 + singletxadjoint:1 + singletxantisym2:-3,True,True,True,5|156|17|6,5,156,17,6,False,5|12|2|2
2|2,antifundxfund:-2 + antifundxsinglet:1 + fundxsinglet:3 + singletxadjoint:1 + singletxsinglet:-3,True,True,True,5|156|17|6,5,156,17,6,False,5|12|2|2
2|2,antifundxfund:-2 + antifundxsinglet:1 + fundxsinglet:3 + singletxantisym2:-3 + singletxsym2:1,True,True,True,5|156|17|6,5,156,17,6,False,5|12|2|2
2|2,antifundxfund:-2 + antifundxsinglet:1 + fundxsinglet:3 + singletxsinglet:-3 + singletxsym2:1,True,True,True,5|156|17|6,5,156,17,6,False,5|12|2|2
2|2,antifundxfund:-2 + antifundxsinglet:3 + antisym2xsinglet:-3 + fundxsinglet:1 + singletxadjoint:1,True,True,True,5|156|17|6,5,156,17,6,False,5|12|2|2
2|2,antifundxfund:-2 + antifundxsinglet:3 + antisym2xsinglet:-3 + fundxsinglet:1 + singletxsym2:1,True,True,True,5|156|17|6,5,156,17,6,False,5|12|2|2
2|2,antifundxfund:-2 + antifundxsinglet:3 + fundxsinglet:1 + singletxadjoint:1 + singletxantisym2:-3,True,True,True,5|156|17|6,5,156,17,6,False,5|12|2|2
2|2,antifundxfund:-2 + antifundxsinglet:3 + fundxsinglet:1 + singletxadjoint:1 + singletxsinglet:-3,True,True,True,5|156|17|6,5,156,17,6,False,5|12|2|2
2|2,antifundxfund:-2 + antifundxsinglet:3 + fundxsinglet:1 + singletxantisym2:-3 + singletxsym2:1,True,True,True,5|156|17|6,5,156,17,6,False,5|12|2|2
2|2,antifundxfund:-2 + antifundxsinglet:3 + fundxsinglet:1 + singletxsinglet:-3 + singletxsym2:1,True,True,True,5|156|17|6,5,156,17,6,False,5|12|2|2
2|2,antifundxfund:-2 + antisym2xsinglet:-3 + fundxsinglet:1 + fundxsinglet:3 + singletxadjoint:1,True,True,True,5|156|17|6,5,156,17,6,False,5|12|2|2
2|2,antifundxfund:-2 + antisym2xsinglet:-3 + fundxsinglet:1 + fundxsinglet:3 + singletxsym2:1,True,True,True,5|156|17|6,5,156,17,6,False,5|12|2|2
2|2,antifundxfund:-2 + antisym2xsinglet:-3 + singletxantifund:1 + singletxantifund:3 + sym2xsinglet:1,True,True,True,5|156|17|6,5,156,17,6,False,5|12|2|2
2|2,antifundxfund:-2 + antisym2xsinglet:-3 + singletxantifund:1 + singletxfund:3 + sym2xsinglet:1,True,True,True,5|156|17|6,5,156,17,6,False,5|12|2|2
2|2,antifundxfund:-2 + antisym2xsinglet:-3 + singletxantifund:3 + singletxfund:1 + sym2xsinglet:1,True,True,True,5|156|17|6,5,156,17,6,False,5|12|2|2
2|2,antifundxfund:-2 + antisym2xsinglet:-3 + singletxfund:1 + singletxfund:3 + sym2xsinglet:1,True,True,True,5|156|17|6,5,156,17,6,False,5|12|2|2
2|2,antifundxfund:-2 + fundxsinglet:1 + fundxsinglet:3 + singletxadjoint:1 + singletxantisym2:-3,True,True,True,5|156|17|6,5,156,17,6,False,5|12|2|2
2|2,antifundxfund:-2 + fundxsinglet:1 + fundxsinglet:3 + singletxadjoint:1 + singletxsinglet:-3,True,True,True,5|156|17|6,5,156,17,6,False,5|12|2|2
2|2,antifundxfund:-2 + fundxsinglet:1 + fundxsinglet:3 + singletxantisym2:-3 + singletxsym2:1,True,True,True,5|156|17|6,5,156,17,6,False,5|12|2|2
2|2,antifundxfund:-2 + fundxsinglet:1 + fundxsinglet:3 + singletxsinglet:-3 + singletxsym2:1,True,True,True,5|156|17|6,5,156,17,6,False,5|12|2|2
2|2,antifundxfund:-2 + singletxantifund:1 + singletxantifund:3 + singletxantisym2:-3 + sym2xsinglet:1,True,True,True,5|156|17|6,5,156,17,6,False,5|12|2|2
2|2,antifundxfund:-2 + singletxantifund:1 + singletxantifund:3 + singletxsinglet:-3 + sym2xsinglet:1,True,True,True,5|156|17|6,5,156,17,6,False,5|12|2|2
2|2,antifundxfund:-2 + singletxantifund:1 + singletxantisym2:-3 + singletxfund:3 + sym2xsinglet:1,True,True,True,5|156|17|6,5,156,17,6,False,5|12|2|2
2|2,antifundxfund:-2 + singletxantifund:1 + singletxfund:3 + singletxsinglet:-3 + sym2xsinglet:1,True,True,True,5|156|17|6,5,156,17,6,False,5|12|2|2
2|2,antifundxfund:-2 + singletxantifund:3 + singletxantisym2:-3 + singletxfund:1 + sym2xsinglet:1,True,True,True,5|156|17|6,5,156,17,6,False,5|12|2|2
2|2,antifundxfund:-2 + singletxantifund:3 + singletxfund:1 + singletxsinglet:-3 + sym2xsinglet:1,True,True,True,5|156|17|6,5,156,17,6,False,5|12|2|2
2|2,antifundxfund:-2 + singletxantisym2:-3 + singletxfund:1 + singletxfund:3 + sym2xsinglet:1,True,True,True,5|156|17|6,5,156,17,6,False,5|12|2|2
2|2,antifundxfund:-2 + singletxfund:1 + singletxfund:3 + singletxsinglet:-3 + sym2xsinglet:1,True,True,True,5|156|17|6,5,156,17,6,False,5|12|2|2
2|2,antifundxfund:2 + antifundxsinglet:-1 + antifundxsinglet:-3 + antisym2xsinglet:3 + singletxadjoint:-1,True,True,True,5|156|17|6,5,156,17,6,False,5|12|2|2
2|2,antifundxfund:2 + antifundxsinglet:-1 + antifundxsinglet:-3 + antisym2xsinglet:3 + singletxsym2:-1,True,True,True,5|156|17|6,5,156,17,6,False,5|12|2|2
2|2,antifundxfund:2 + antifundxsinglet:-1 + antifundxsinglet:-3 + singletxadjoint:-1 + singletxantisym2:3,True,True,True,5|156|17|6,5,156,17,6,False,5|12|2|2
2|2,antifundxfund:2 + antifundxsinglet:-1 + antifundxsinglet:-3 + singletxadjoint:-1 + singletxsinglet:3,True,True,True,5|156|17|6,5,156,17,6,False,5|12|2|2
2|2,antifundxfund:2 + antifundxsinglet:-1 + antifundxsinglet:-3 + singletxantisym2:3 + singletxsym2:-1,True,True,True,5|156|17|6,5,156,17,6,False,5|12|2|2
2|2,antifundxfund:2 + antifundxsinglet:-1 + antifundxsinglet:-3 + singletxsinglet:3 + singletxsym2:-1,True,True,True,5|156|17|6,5,156,17,6,False,5|12|2|2
2|2,antifundxfund:2 + antifundxsinglet:-1 + antisym2xsinglet:3 + fundxsinglet:-3 + singletxadjoint:-1,True,True,True,5|156|17|6,5,156,17,6,False,5|12|2|2
2|2,antifundxfund:2 + antifundxsinglet:-1 + antisym2xsinglet:3 + fundxsinglet:-3 + singletxsym2:-1,True,True,True,5|156|17|6,5,156,17,6,False,5|12|2|2
2|2,antifundxfund:2 + antifundxsinglet:-1 + fundxsinglet:-3 + singletxadjoint:-1 + singletxantisym2:3,True,True,True,5|156|17|6,5,156,17,6,False,5|12|2|2
2|2,antifundxfund:2 + antifundxsinglet:-1 + fundxsinglet:-3 + singletxadjoint:-1 + singletxsinglet:3,True,True,True,5|156|17|6,5,156,17,6,False,5|12|2|2
2|2,antifundxfund:2 + antifundxsinglet:-1 + fundxsinglet:-3 + singletxantisym2:3 + singletxsym2:-1,True,True,True,5|156|17|6,5,156,17,6,False,5|12|2|2
2|2,antifundxfund:2 + antifundxsinglet:-1 + fundxsinglet:-3 + singletxsinglet:3 + singletxsym2:-1,True,True,True,5|156|17|6,5,156,17,6,False,5|12|2|2
2|2,antifundxfund:2 + antifundxsinglet:-3 + antisym2xsinglet:3 + fundxsinglet:-1 + singletxadjoint:-1,True,True,True,5|156|17|6,5,156,17,6,False,5|12|2|2
2|2,antifundxfund:2 + antifundxsinglet:-3 + antisym2xsinglet:3 + fundxsinglet:-1 + singletxsym2:-1,True,True,True,5|156|17|6,5,156,17,6,False,5|12|2|2
2|2,antifundxfund:2 + antifundxsinglet:-3 + fundxsinglet:-1 + singletxadjoint:-1 + singletxantisym2:3,True,True,True,5|156|17|6,5,156,17,6,False,5|12|2|2
2|2,antifundxfund:2 + antifundxsinglet:-3 + fundxsinglet:-1 + singletxadjoint:-1 + singletxsinglet:3,True,True,True,5|156|17|6,5,156,17,6,False,5|12|2|2
2|2,antifundxfund:2 + antifundxsinglet:-3 + fundxsinglet:-1 + singletxantisym2:3 + singletxsym2:-1,True,True,True,5|156|17|6,5,156,17,6,False,5|12|2|2
2|2,antifundxfund:2 + antifundxsinglet:-3 + fundxsinglet:-1 + singletxsinglet:3 + singletxsym2:-1,True,True,True,5|156|17|6,5,156,17,6,False,5|12|2|2
2|2,antifundxfund:2 + antisym2xsinglet:3 + fundxsinglet:-1 + fundxsinglet:-3 + singletxadjoint:-1,True,True,True,5|156|17|6,5,156,17,6,False,5|12|2|2
2|2,antifundxfund:2 + antisym2xsinglet:3 + fundxsinglet:-1 + fundxsinglet:-3 + singletxsym2:-1,True,True,True,5|156|17|6,5,156,17,6,False,5|12|2|2
2|2,antifundxfund:2 + antisym2xsinglet:3 + singletxantifund:-1 + singletxantifund:-3 + sym2xsinglet:-1,True,True,True,5|156|17|6,5,156,17,6,False,5|12|2|2
2|2,antifundxfund:2 + antisym2xsinglet:3 + singletxantifund:-1 + singletxfund:-3 + sym2xsinglet:-1,True,True,True,5|156|17|6,5,156,17,6,False,5|12|2|2
2|2,antifundxfund:2 + antisym2xsinglet:3 + singletxantifund:-3 + singletxfund:-1 + sym2xsinglet:-1,True,True,True,5|156|17|6,5,156,17,6,False,5|12|2|2
2|2,antifundxfund:2 + antisym2xsinglet:3 + singletxfund:-1 + singletxfund:-3 + sym2xsinglet:-1,True,True,True,5|156|17|6,5,156,17,6,False,5|12|2|2
2|2,antifundxfund:2 + fundxsinglet:-1 + fundxsinglet:-3 + singletxadjoint:-1 + singletxantisym2:3,True,True,True,5|156|17|6,5,156,17,6,False,5|12|2|2
2|2,antifundxfund:2 + fundxsinglet:-1 + fundxsinglet:-3 + singletxadjoint:-1 + singletxsinglet:3,True,True,True,5|156|17|6,5,156,17,6,False,5|12|2|2
2|2,antifundxfund:2 + fundxsinglet:-1 + fundxsinglet:-3 + singletxantisym2:3 + singletxsym2:-1,True,True,True,5|156|17|6,5,156,17,6,False,5|12|2|2
2|2,antifundxfund:2 + fundxsinglet:-1 + fundxsinglet:-3 + singletxsinglet:3 + singletxsym2:-1,True,True,True,5|156|17|6,5,156,17,6,False,5|12|2|2
2|2,antifundxfund:2 + singletxantifund:-1 + singletxantifund:-3 + singletxantisym2:3 + sym2xsinglet:-1,True,True,True,5|156|17|6,5,156,17,6,False,5|12|2|2
2|2,antifundxfund:2 + singletxantifund:-1 + singletxantifund:-3 + singletxsinglet:3 + sym2xsinglet:-1,True,True,True,5|156|17|6,5,156,17,6,False,5|12|2|2
2|2,antifundxfund:2 + singletxantifund:-1 + singletxantisym2:3 + singletxfund:-3 + sym2xsinglet:-1,True,True,True,5|156|17|6,5,156,17,6,False,5|12|2|2
2|2,antifundxfund:2 + singletxantifund:-1 + singletxfund:-3 + singletxsinglet:3 + sym2xsinglet:-1,True,True,True,5|156|17|6,5,156,17,6,False,5|12|2|2
2|2,antifundxfund:2 + singletxantifund:-3 + singletxantisym2:3 + singletxfund:-1 + sym2xsinglet:-1,True,True,True,5|156|17|6,5,156,17,6,False,5|12|2|2
2|2,antifundxfund:2 + singletxantifund:-3 + singletxfund:-1 + singletxsinglet:3 + sym2xsinglet:-1,True,True,True,5|156|17|6,5,156,17,6,False,5|12|2|2
2|2,antifundxfund:2 + singletxantisym2:3 + singletxfund:-1 + singletxfund:-3 + sym2xsinglet:-1,True,True,True,5|156|17|6,5,156,17,6,False,5|12|2|2
2|2,antifundxfund:2 + singletxfund:-1 + singletxfund:-3 + singletxsinglet:3 + sym2xsinglet:-1,True,True,True,5|156|17|6,5,156,17,6,False,5|12|2|2
2|2,antifundxsinglet:-1 + antifundxsinglet:-3 + antisym2xsinglet:3 + fundxantifund:2 + singletxadjoint:-1,True,True,True,5|156|17|6,5,156,17,6,False,5|12|2|2
2|2,antifundxsinglet:-1 + antifundxsinglet:-3 + antisym2xsinglet:3 + fundxantifund:2 + singletxsym2:-1,True,True,True,5|156|17|6,5,156,17,6,False,5|12|2|2
2|2,antifundxsinglet:-1 + antifundxsinglet:-3 + antisym2xsinglet:3 + fundxfund:2 + singletxadjoint:-1,True,True,True,5|156|17|6,5,156,17,6,False,5|12|2|2
2|2,antifundxsinglet:-1 + antifundxsinglet:-3 + antisym2xsinglet:3 + fundxfund:2 + singletxsym2:-1,True,True,True,5|156|17|6,5,156,17,6,False,5|12|2|2
2|2,antifundxsinglet:-1 + antifundxsinglet:-3 + fundxantifund:2 + singletxadjoint:-1 + singletxantisym2:3,True,True,True,5|156|17|6,5,156,17,6,False,5|12|2|2
2|2,antifundxsinglet:-1 + antifundxsinglet:-3 + fundxantifund:2 + singletxadjoint:-1 + singletxsinglet:3,True,True,True,5|156|17|6,5,156,17,6,False,5|12|2|2
2|2,antifundxsinglet:-1 + antifundxsinglet:-3 + fundxantifund:2 + singletxantisym2:3 + singletxsym2:-1,True,True,True,5|156|17|6,5,156,17,6,False,5|12|2|2
2|2,antifundxsinglet:-1 + antifundxsinglet:-3 + fundxantifund:2 + singletxsinglet:3 + singletxsym2:-1,True,True,True,5|156|17|6,5,156,17,6,False,5|12|2|2
2|2,antifundxsinglet:-1 + antifundxsinglet:-3 + fundxfund:2 + singletxadjoint:-1 + singletxantisym2:3,True,True,True,5|156|17|6,5,156,17,6,False,5|12|2|2
2|2,antifundxsinglet:-1 + antifundxsinglet:-3 + fundxfund:2 + singletxadjoint:-1 + singletxsinglet:3,True,True,True,5|156|17|6,5,156,17,6,False,5|12|2|2
2|2,antifundxsinglet:-1 + antifundxsinglet:-3 + fundxfund:2 + singletxantisym2:3 + singletxsym2:-1,True,True,True,5|156|17|6,5,156,17,6,False,5|12|2|2
2|2,antifundxsinglet:-1 + antifundxsinglet:-3 + fundxfund:2 + singletxsinglet:3 + singletxsym2:-1,True,True,True,5|156|17|6,5,156,17,6,False,5|12|2|2
2|2,antifundxsinglet:-1 + antisym2xsinglet:3 + fundxantifund:2 + fundxsinglet:-3 + singletxadjoint:-1,True,True,True,5|156|17|6,5,156,17,6,False,5|12|2|2
2|2,antifundxsinglet:-1 + antisym2xsinglet:3 + fundxantifund:2 + fundxsinglet:-3 + singletxsym2:-1,True,True,True,5|156|17|6,5,156,17,6,False,5|12|2|2
2|2,antifundxsinglet:-1 + antisym2xsinglet:3 + fundxfund:2 + fundxsinglet:-3 + singletxadjoint:-1,True,True,True,5|156|17|6,5,156,17,6,False,5|12|2|2
2|2,antifundxsinglet:-1 + antisym2xsinglet:3 + fundxfund:2 + fundxsinglet:-3 + singletxsym2:-1,True,True,True,5|156|17|6,5,156,17,6,False,5|12|2|2
2|2,antifundxsinglet:-1 + fundxantifund:2 + fundxsinglet:-3 + singletxadjoint:-1 + singletxantisym2:3,True,True,True,5|156|17|6,5,156,17,6,False,5|12|2|2
2|2,antifundxsinglet:-1 + fundxantifund:2 + fundxsinglet:-3 + singletxadjoint:-1 + singletxsinglet:3,True,True,True,5|156|17|6,5,156,17,6,False,5|12|2|2
2|2,antifundxsinglet:-1 + fundxantifund:2 + fundxsinglet:-3 + singletxantisym2:3 + singletxsym2:-1,True,True,True,5|156|17|6,5,156,17,6,False,5|12|2|2
2|2,antifundxsinglet:-1 + fundxantifund:2 + fundxsinglet:-3 + singletxsinglet:3 + singletxsym2:-1,True,True,True,5|156|17|6,5,156,17,6,False,5|12|2|2
2|2,antifundxsinglet:-1 + fundxfund:2 + fundxsinglet:-3 + singletxadjoint:-1 + singletxantisym2:3,True,True,True,5|156|17|6,5,156,17,6,False,5|12|2|2
2|2,antifundxsinglet:-1 + fundxfund:2 + fundxsinglet:-3 + singletxadjoint:-1 + singletxsinglet:3,True,True,True,5|156|17|6,5,156,17,6,False,5|12|2|2
2|2,antifundxsinglet:-1 + fundxfund:2 + fundxsinglet:-3 + singletxantisym2:3 + singletxsym2:-1,True,True,True,5|156|17|6,5,156,17,6,False,5|12|2|2
2|2,antifundxsinglet:-1 + fundxfund:2 + fundxsinglet:-3 + singletxsinglet:3 + singletxsym2:-1,True,True,True,5|156|17|6,5,156,17,6,False,5|12|2|2
2|2,antifundxsinglet:-3 + antisym2xsinglet:3 + fundxantifund:2 + fundxsinglet:-1 + singletxadjoint:-1,True,True,True,5|156|17|6,5,156,17,6,False,5|12|2|2
2|2,antifundxsinglet:-3 + antisym2xsinglet:3 + fundxantifund:2 + fundxsinglet:-1 + singletxsym2:-1,True,True,True,5|156|17|6,5,156,17,6,False,5|12|2|2
2|2,antifundxsinglet:-3 + antisym2xsinglet:3 + fundxfund:2 + fundxsinglet:-1 + singletxadjoint:-1,True,True,True,5|156|17|6,5,156,17,6,False,5|12|2|2
2|2,antifundxsinglet:-3 + antisym2xsinglet:3 + fundxfund:2 + fundxsinglet:-1 + singletxsym2:-1,True,True,True,5|156|17|6,5,156,17,6,False,5|12|2|2
2|2,antifundxsinglet:-3 + fundxantifund:2 + fundxsinglet:-1 + singletxadjoint:-1 + singletxantisym2:3,True,True,True,5|156|17|6,5,156,17,6,False,5|12|2|2
2|2,antifundxsinglet:-3 + fundxantifund:2 + fundxsinglet:-1 + singletxadjoint:-1 + singletxsinglet:3,True,True,True,5|156|17|6,5,156,17,6,False,5|12|2|2
2|2,antifundxsinglet:-3 + fundxantifund:2 + fundxsinglet:-1 + singletxantisym2:3 + singletxsym2:-1,True,True,True,5|156|17|6,5,156,17,6,False,5|12|2|2
2|2,antifundxsinglet:-3 + fundxantifund:2 + fundxsinglet:-1 + singletxsinglet:3 + singletxsym2:-1,True,True,True,5|156|17|6,5,156,17,6,False,5|12|2|2
2|2,antifundxsinglet:-3 + fundxfund:2 + fundxsinglet:-1 + singletxadjoint:-1 + singletxantisym2:3,True,True,True,5|156|17|6,5,156,17,6,False,5|12|2|2
2|2,antifundxsinglet:-3 + fundxfund:2 + fundxsinglet:-1 + singletxadjoint:-1 + singletxsinglet:3,True,True,True,5|156|17|6,5,156,17,6,False,5|12|2|2
2|2,antifundxsinglet:-3 + fundxfund:2 + fundxsinglet:-1 + singletxantisym2:3 + singletxsym2:-1,True,True,True,5|156|17|6,5,156,17,6,False,5|12|2|2
2|2,antifundxsinglet:-3 + fundxfund:2 + fundxsinglet:-1 + singletxsinglet:3 + singletxsym2:-1,True,True,True,5|156|17|6,5,156,17,6,False,5|12|2|2
2|2,antifundxsinglet:1 + antifundxsinglet:3 + antisym2xsinglet:-3 + fundxantifund:-2 + singletxadjoint:1,True,True,True,5|156|17|6,5,156,17,6,False,5|12|2|2
2|2,antifundxsinglet:1 + antifundxsinglet:3 + antisym2xsinglet:-3 + fundxantifund:-2 + singletxsym2:1,True,True,True,5|156|17|6,5,156,17,6,False,5|12|2|2
2|2,antifundxsinglet:1 + antifundxsinglet:3 + antisym2xsinglet:-3 + fundxfund:-2 + singletxadjoint:1,True,True,True,5|156|17|6,5,156,17,6,False,5|12|2|2
2|2,antifundxsinglet:1 + antifundxsinglet:3 + antisym2xsinglet:-3 + fundxfund:-2 + singletxsym2:1,True,True,True,5|156|17|6,5,156,17,6,False,5|12|2|2
2|2,antifundxsinglet:1 + antifundxsinglet:3 + fundxantifund:-2 + singletxadjoint:1 + singletxantisym2:-3,True,True,True,5|156|17|6,5,156,17,6,False,5|12|2|2
2|2,antifundxsinglet:1 + antifundxsinglet:3 + fundxantifund:-2 + singletxadjoint:1 + singletxsinglet:-3,True,True,True,5|156|17|6,5,156,17,6,False,5|12|2|2
2|2,antifundxsinglet:1 + antifundxsinglet:3 + fundxantifund:-2 + singletxantisym2:-3 + singletxsym2:1,True,True,True,5|156|17|6,5,156,17,6,False,5|12|2|2
2|2,antifundxsinglet:1 + antifundxsinglet:3 + fundxantifund:-2 + singletxsinglet:-3 + singletxsym2:1,True,True,True,5|156|17|6,5,156,17,6,False,5|12|2|2
2|2,antifundxsinglet:1 + antifundxsinglet:3 + fundxfund:-2 + singletxadjoint:1 + singletxantisym2:-3,True,True,True,5|156|17|6,5,156,17,6,False,5|12|2|2
2|2,antifundxsinglet:1 + antifundxsinglet:3 + fundxfund:-2 + singletxadjoint:1 + singletxsinglet:-3,True,True,True,5|156|17|6,5,156,17,6,False,5|12|2|2
2|2,antifundxsinglet:1 + antifundxsinglet:3 + fundxfund:-2 + singletxantisym2:-3 + singletxsym2:1,True,True,True,5|156|17|6,5,156,17,6,False,5|12|2|2
2|2,antifundxsinglet:1 + antifundxsinglet:3 + fundxfund:-2 + singletxsinglet:-3 + singletxsym2:1,True,True,True,5|156|17|6,5,156,17,6,False,5|12|2|2
2|2,antifundxsinglet:1 + antisym2xsinglet:-3 + fundxantifund:-2 + fundxsinglet:3 + singletxadjoint:1,True,True,True,5|156|17|6,5,156,17,6,False,5|12|2|2
2|2,antifundxsinglet:1 + antisym2xsinglet:-3 + fundxantifund:-2 + fundxsinglet:3 + singletxsym2:1,True,True,True,5|156|17|6,5,156,17,6,False,5|12|2|2
2|2,antifundxsinglet:1 + antisym2xsinglet:-3 + fundxfund:-2 + fundxsinglet:3 + singletxadjoint:1,True,True,True,5|156|17|6,5,156,17,6,False,5|12|2|2
2|2,antifundxsinglet:1 + antisym2xsinglet:-3 + fundxfund:-2 + fundxsinglet:3 + singletxsym2:1,True,True,True,5|156|17|6,5,156,17,6,False,5|12|2|2
2|2,antifundxsinglet:1 + fundxantifund:-2 + fundxsinglet:3 + singletxadjoint:1 + singletxantisym2:-3,True,True,True,5|156|17|6,5,156,17,6,False,5|12|2|2
2|2,antifundxsinglet:1 + fundxantifund:-2 + fundxsinglet:3 + singletxadjoint:1 + singletxsinglet:-3,True,True,True,5|156|17|6,5,156,17,6,False,5|12|2|2
2|2,antifundxsinglet:1 + fundxantifund:-2 + fundxsinglet:3 + singletxantisym2:-3 + singletxsym2:1,True,True,True,5|156|17|6,5,156,17,6,False,5|12|2|2
2|2,antifundxsinglet:1 + fundxantifund:-2 + fundxsinglet:3 + singletxsinglet:-3 + singletxsym2:1,True,True,True,5|156|17|6,5,156,17,6,False,5|12|2|2
2|2,antifundxsinglet:1 + fundxfund:-2 + fundxsinglet:3 + singletxadjoint:1 + singletxantisym2:-3,True,True,True,5|156|17|6,5,156,17,6,False,5|12|2|2
2|2,antifundxsinglet:1 + fundxfund:-2 + fundxsinglet:3 + singletxadjoint:1 + singletxsinglet:-3,True,True,True,5|156|17|6,5,156,17,6,False,5|12|2|2
2|2,antifundxsinglet:1 + fundxfund:-2 + fundxsinglet:3 + singletxantisym2:-3 + singletxsym2:1,True,True,True,5|156|17|6,5,156,17,6,False,5|12|2|2
2|2,antifundxsinglet:1 + fundxfund:-2 + fundxsinglet:3 + singletxsinglet:-3 + singletxsym2:1,True,True,True,5|156|17|6,5,156,17,6,False,5|12|2|2
2|2,antifundxsinglet:3 + antisym2xsinglet:-3 + fundxantifund:-2 + fundxsinglet:1 + singletxadjoint:1,True,True,True,5|156|17|6,5,156,17,6,False,5|12|2|2
2|2,antifundxsinglet:3 + antisym2xsinglet:-3 + fundxantifund:-2 + fundxsinglet:1 + singletxsym2:1,True,True,True,5|156|17|6,5,156,17,6,False,5|12|2|2
2|2,antifundxsinglet:3 + antisym2xsinglet:-3 + fundxfund:-2 + fundxsinglet:1 + singletxadjoint:1,True,True,True,5|156|17|6,5,156,17,6,False,5|12|2|2
2|2,antifundxsinglet:3 + antisym2xsinglet:-3 + fundxfund:-2 + fundxsinglet:1 + singletxsym2:1,True,True,True,5|156|17|6,5,156,17,6,False,5|12|2|2
2|2,antifundxsinglet:3 + fundxantifund:-2 + fundxsinglet:1 + singletxadjoint:1 + singletxantisym2:-3,True,True,True,5|156|17|6,5,156,17,6,False,5|12|2|2
2|2,antifundxsinglet:3 + fundxantifund:-2 + fundxsinglet:1 + singletxadjoint:1 + singletxsinglet:-3,True,True,True,5|156|17|6,5,156,17,6,False,5|12|2|2
2|2,antifundxsinglet:3 + fundxantifund:-2 + fundxsinglet:1 + singletxantisym2:-3 + singletxsym2:1,True,True,True,5|156|17|6,5,156,17,6,False,5|12|2|2
2|2,antifundxsinglet:3 + fundxantifund:-2 + fundxsinglet:1 + singletxsinglet:-3 + singletxsym2:1,True,True,True,5|156|17|6,5,156,17,6,False,5|12|2|2
2|2,antifundxsinglet:3 + fundxfund:-2 + fundxsinglet:1 + singletxadjoint:1 + singletxantisym2:-3,True,True,True,5|156|17|6,5,156,17,6,False,5|12|2|2
2|2,antifundxsinglet:3 + fundxfund:-2 + fundxsinglet:1 + singletxadjoint:1 + singletxsinglet:-3,True,True,True,5|156|17|6,5,156,17,6,False,5|12|2|2
2|2,antifundxsinglet:3 + fundxfund:-2 + fundxsinglet:1 + singletxantisym2:-3 + singletxsym2:1,True,True,True,5|156|17|6,5,156,17,6,False,5|12|2|2
2|2,antifundxsinglet:3 + fundxfund:-2 + fundxsinglet:1 + singletxsinglet:-3 + singletxsym2:1,True,True,True,5|156|17|6,5,156,17,6,False,5|12|2|2
2|2,antisym2xsinglet:-3 + fundxantifund:-2 + fundxsinglet:1 + fundxsinglet:3 + singletxadjoint:1,True,True,True,5|156|17|6,5,156,17,6,False,5|12|2|2
2|2,antisym2xsinglet:-3 + fundxantifund:-2 + fundxsinglet:1 + fundxsinglet:3 + singletxsym2:1,True,True,True,5|156|17|6,5,156,17,6,False,5|12|2|2
2|2,antisym2xsinglet:-3 + fundxantifund:-2 + singletxantifund:1 + singletxantifund:3 + sym2xsinglet:1,True,True,True,5|156|17|6,5,156,17,6,False,5|12|2|2
2|2,antisym2xsinglet:-3 + fundxantifund:-2 + singletxantifund:1 + singletxfund:3 + sym2xsinglet:1,True,True,True,5|156|17|6,5,156,17,6,False,5|12|2|2
2|2,antisym2xsinglet:-3 + fundxantifund:-2 + singletxantifund:3 + singletxfund:1 + sym2xsinglet:1,True,True,True,5|156|17|6,5,156,17,6,False,5|12|2|2
2|2,antisym2xsinglet:-3 + fundxantifund:-2 + singletxfund:1 + singletxfund:3 + sym2xsinglet:1,True,True,True,5|156|17|6,5,156,17,6,False,5|12|2|2
2|2,antisym2xsinglet:-3 + fundxfund:-2 + fundxsinglet:1 + fundxsinglet:3 + singletxadjoint:1,True,True,True,5|156|17|6,5,156,17,6,False,5|12|2|2
2|2,antisym2xsinglet:-3 + fundxfund:-2 + fundxsinglet:1 + fundxsinglet:3 + singletxsym2:1,True,True,True,5|156|17|6,5,156,17,6,False,5|12|2|2
2|2,antisym2xsinglet:-3 + fundxfund:-2 + singletxantifund:1 + singletxantifund:3 + sym2xsinglet:1,True,True,True,5|156|17|6,5,156,17,6,False,5|12|2|2
2|2,antisym2xsinglet:-3 + fundxfund:-2 + singletxantifund:1 + singletxfund:3 + sym2xsinglet:1,True,True,True,5|156|17|6,5,156,17,6,False,5|12|2|2
2|2,antisym2xsinglet:-3 + fundxfund:-2 + singletxantifund:3 + singletxfund:1 + sym2xsinglet:1,True,True,True,5|156|17|6,5,156,17,6,False,5|12|2|2
2|2,antisym2xsinglet:-3 + fundxfund:-2 + singletxfund:1 + singletxfund:3 + sym2xsinglet:1,True,True,True,5|156|17|6,5,156,17,6,False,5|12|2|2
2|2,antisym2xsinglet:3 + fundxantifund:2 + fundxsinglet:-1 + fundxsinglet:-3 + singletxadjoint:-1,True,True,True,5|156|17|6,5,156,17,6,False,5|12|2|2
2|2,antisym2xsinglet:3 + fundxantifund:2 + fundxsinglet:-1 + fundxsinglet:-3 + singletxsym2:-1,True,True,True,5|156|17|6,5,156,17,6,False,5|12|2|2
2|2,antisym2xsinglet:3 + fundxantifund:2 + singletxantifund:-1 + singletxantifund:-3 + sym2xsinglet:-1,True,True,True,5|156|17|6,5,156,17,6,False,5|12|2|2
2|2,antisym2xsinglet:3 + fundxantifund:2 + singletxantifund:-1 + singletxfund:-3 + sym2xsinglet:-1,True,True,True,5|156|17|6,5,156,17,6,False,5|12|2|2
2|2,antisym2xsinglet:3 + fundxantifund:2 + singletxantifund:-3 + singletxfund:-1 + sym2xsinglet:-1,True,True,True,5|156|17|6,5,156,17,6,False,5|12|2|2
2|2,antisym2xsinglet:3 + fundxantifund:2 + singletxfund:-1 + singletxfund:-3 + sym2xsinglet:-1,True,True,True,5|156|17|6,5,156,17,6,False,5|12|2|2
2|2,antisym2xsinglet:3 + fundxfund:2 + fundxsinglet:-1 + fundxsinglet:-3 + singletxadjoint:-1,True,True,True,5|156|17|6,5,156,17,6,False,5|12|2|2
2|2,antisym2xsinglet:3 + fundxfund:2 + fundxsinglet:-1 + fundxsinglet:-3 + singletxsym2:-1,True,True,True,5|156|17|6,5,156,17,6,False,5|12|2|2
2|2,antisym2xsinglet:3 + fundxfund:2 + singletxantifund:-1 + singletxantifund:-3 + sym2xsinglet:-1,True,True,True,5|156|17|6,5,156,17,6,False,5|12|2|2
2|2,antisym2xsinglet:3 + fundxfund:2 + singletxantifund:-1 + singletxfund:-3 + sym2xsinglet:-1,True,True,True,5|156|17|6,5,156,17,6,False,5|12|2|2
2|2,antisym2xsinglet:3 + fundxfund:2 + singletxantifund:-3 + singletxfund:-1 + sym2xsinglet:-1,True,True,True,5|156|17|6,5,156,17,6,False,5|12|2|2
2|2,antisym2xsinglet:3 + fundxfund:2 + singletxfund:-1 + singletxfund:-3 + sym2xsinglet:-1,True,True,True,5|156|17|6,5,156,17,6,False,5|12|2|2
2|2,fundxantifund:-2 + fundxsinglet:1 + fundxsinglet:3 + singletxadjoint:1 + singletxantisym2:-3,True,True,True,5|156|17|6,5,156,17,6,False,5|12|2|2
2|2,fundxantifund:-2 + fundxsinglet:1 + fundxsinglet:3 + singletxadjoint:1 + singletxsinglet:-3,True,True,True,5|156|17|6,5,156,17,6,False,5|12|2|2
2|2,fundxantifund:-2 + fundxsinglet:1 + fundxsinglet:3 + singletxantisym2:-3 + singletxsym2:1,True,True,True,5|156|17|6,5,156,17,6,False,5|12|2|2
2|2,fundxantifund:-2 + fundxsinglet:1 + fundxsinglet:3 + singletxsinglet:-3 + singletxsym2:1,True,True,True,5|156|17|6,5,156,17,6,False,5|12|2|2
2|2,fundxantifund:-2 + singletxantifund:1 + singletxantifund:3 + singletxantisym2:-3 + sym2xsinglet:1,True,True,True,5|156|17|6,5,156,17,6,False,5|12|2|2
2|2,fundxantifund:-2 + singletxantifund:1 + singletxantifund:3 + singletxsinglet:-3 + sym2xsinglet:1,True,True,True,5|156|17|6,5,156,17,6,False,5|12|2|2
2|2,fundxantifund:-2 + singletxantifund:1 + singletxantisym2:-3 + singletxfund:3 + sym2xsinglet:1,True,True,True,5|156|17|6,5,156,17,6,False,5|12|2|2
2|2,fundxantifund:-2 + singletxantifund:1 + singletxfund:3 + singletxsinglet:-3 + sym2xsinglet:1,True,True,True,5|156|17|6,5,156,17,6,False,5|12|2|2
2|2,fundxantifund:-2 + singletxantifund:3 + singletxantisym2:-3 + singletxfund:1 + sym2xsinglet:1,True,True,True,5|156|17|6,5,156,17,6,False,5|12|2|2
2|2,fundxantifund:-2 + singletxantifund:3 + singletxfund:1 + singletxsinglet:-3 + sym2xsinglet:1,True,True,True,5|156|17|6,5,156,17,6,False,5|12|2|2
2|2,fundxantifund:-2 + singletxantisym2:-3 + singletxfund:1 + singletxfund:3 + sym2xsinglet:1,True,True,True,5|156|17|6,5,156,17,6,False,5|12|2|2
2|2,fundxantifund:-2 + singletxfund:1 + singletxfund:3 + singletxsinglet:-3 + sym2xsinglet:1,True,True,True,5|156|17|6,5,156,17,6,False,5|12|2|2
2|2,fundxantifund:2 + fundxsinglet:-1 + fundxsinglet:-3 + singletxadjoint:-1 + singletxantisym2:3,True,True,True,5|156|17|6,5,156,17,6,False,5|12|2|2
2|2,fundxantifund:2 + fundxsinglet:-1 + fundxsinglet:-3 + singletxadjoint:-1 + singletxsinglet:3,True,True,True,5|156|17|6,5,156,17,6,False,5|12|2|2
2|2,fundxantifund:2 + fundxsinglet:-1 + fundxsinglet:-3 + singletxantisym2:3 + singletxsym2:-1,True,True,True,5|156|17|6,5,156,17,6,False,5|12|2|2
2|2,fundxantifund:2 + fundxsinglet:-1 + fundxsinglet:-3 + singletxsinglet:3 + singletxsym2:-1,True,True,True,5|156|17|6,5,156,17,6,False,5|12|2|2
2|2,fundxantifund:2 + singletxantifund:-1 + singletxantifund:-3 + singletxantisym2:3 + sym2xsinglet:-1,True,True,True,5|156|17|6,5,156,17,6,False,5|12|2|2
2|2,fundxantifund:2 + singletxantifund:-1 + singletxantifund:-3 + singletxsinglet:3 + sym2xsinglet:-1,True,True,True,5|156|17|6,5,156,17,6,False,5|12|2|2
2|2,fundxantifund:2 + singletxantifund:-1 + singletxantisym2:3 + singletxfund:-3 + sym2xsinglet:-1,True,True,True,5|156|17|6,5,156,17,6,False,5|12|2|2
2|2,fundxantifund:2 + singletxantifund:-1 + singletxfund:-3 + singletxsinglet:3 + sym2xsinglet:-1,True,True,True,5|156|17|6,5,156,17,6,False,5|12|2|2
2|2,fundxantifund:2 + singletxantifund:-3 + singletxantisym2:3 + singletxfund:-1 + sym2xsinglet:-1,True,True,True,5|156|17|6,5,156,17,6,False,5|12|2|2
2|2,fundxantifund:2 + singletxantifund:-3 + singletxfund:-1 + singletxsinglet:3 + sym2xsinglet:-1,True,True,True,5|156|17|6,5,156,17,6,False,5|12|2|2
2|2,fundxantifund:2 + singletxantisym2:3 + singletxfund:-1 + singletxfund:-3 + sym2xsinglet:-1,True,True,True,5|156|17|6,5,156,17,6,False,5|12|2|2
2|2,fundxantifund:2 + singletxfund:-1 + singletxfund:-3 + singletxsinglet:3 + sym2xsinglet:-1,True,True,True,5|156|17|6,5,156,17,6,False,5|12|2|2
2|2,fundxfund:-2 + fundxsinglet:1 + fundxsinglet:3 + singletxadjoint:1 + singletxantisym2:-3,True,True,True,5|156|17|6,5,156,17,6,False,5|12|2|2
2|2,fundxfund:-2 + fundxsinglet:1 + fundxsinglet:3 + singletxadjoint:1 + singletxsinglet:-3,True,True,True,5|156|17|6,5,156,17,6,False,5|12|2|2
2|2,fundxfund:-2 + fundxsinglet:1 + fundxsinglet:3 + singletxantisym2:-3 + singletxsym2:1,True,True,True,5|156|17|6,5,156,17,6,False,5|12|2|2
2|2,fundxfund:-2 + fundxsinglet:1 + fundxsinglet:3 + singletxsinglet:-3 + singletxsym2:1,True,True,True,5|156|17|6,5,156,17,6,False,5|12|2|2
2|2,fundxfund:-2 + singletxantifund:1 + singletxantifund:3 + singletxantisym2:-3 + sym2xsinglet:1,True,True,True,5|156|17|6,5,156,17,6,False,5|12|2|2
2|2,fundxfund:-2 + singletxantifund:1 + singletxantifund:3 + singletxsinglet:-3 + sym2xsinglet:1,True,True,True,5|156|17|6,5,156,17,6,False,5|12|2|2
2|2,fundxfund:-2 + singletxantifund:1 + singletxantisym2:-3 + singletxfund:3 + sym2xsinglet:1,True,True,True,5|156|17|6,5,156,17,6,False,5|12|2|2
2|2,fundxfund:-2 + singletxantifund:1 + singletxfund:3 + singletxsinglet:-3 + sym2xsinglet:1,True,True,True,5|156|17|6,5,156,17,6,False,5|12|2|2
2|2,fundxfund:-2 + singletxantifund:3 + singletxantisym2:-3 + singletxfund:1 + sym2xsinglet:1,True,True,True,5|156|17|6,5,156,17,6,False,5|12|2|2
2|2,fundxfund:-2 + singletxantifund:3 + singletxfund:1 + singletxsinglet:-3 + sym2xsinglet:1,True,True,True,5|156|17|6,5,156,17,6,False,5|12|2|2
2|2,fundxfund:-2 + singletxantisym2:-3 + singletxfund:1 + singletxfund:3 + sym2xsinglet:1,True,True,True,5|156|17|6,5,156,17,6,False,5|12|2|2
2|2,fundxfund:-2 + singletxfund:1 + singletxfund:3 + singletxsinglet:-3 + sym2xsinglet:1,True,True,True,5|156|17|6,5,156,17,6,False,5|12|2|2
2|2,fundxfund:2 + fundxsinglet:-1 + fundxsinglet:-3 + singletxadjoint:-1 + singletxantisym2:3,True,True,True,5|156|17|6,5,156,17,6,False,5|12|2|2
2|2,fundxfund:2 + fundxsinglet:-1 + fundxsinglet:-3 + singletxadjoint:-1 + singletxsinglet:3,True,True,True,5|156|17|6,5,156,17,6,False,5|12|2|2
2|2,fundxfund:2 + fundxsinglet:-1 + fundxsinglet:-3 + singletxantisym2:3 + singletxsym2:-1,True,True,True,5|156|17|6,5,156,17,6,False,5|12|2|2
2|2,fundxfund:2 + fundxsinglet:-1 + fundxsinglet:-3 + singletxsinglet:3 + singletxsym2:-1,True,True,True,5|156|17|6,5,156,17,6,False,5|12|2|2
2|2,fundxfund:2 + singletxantifund:-1 + singletxantifund:-3 + singletxantisym2:3 + sym2xsinglet:-1,True,True,True,5|156|17|6,5,156,17,6,False,5|12|2|2
2|2,fundxfund:2 + singletxantifund:-1 + singletxantifund:-3 + singletxsinglet:3 + sym2xsinglet:-1,True,True,True,5|156|17|6,5,156,17,6,False,5|12|2|2
2|2,fundxfund:2 + singletxantifund:-1 + singletxantisym2:3 + singletxfund:-3 + sym2xsinglet:-1,True,True,True,5|156|17|6,5,156,17,6,False,5|12|2|2
2|2,fundxfund:2 + singletxantifund:-1 + singletxfund:-3 + singletxsinglet:3 + sym2xsinglet:-1,True,True,True,5|156|17|6,5,156,17,6,False,5|12|2|2
2|2,fundxfund:2 + singletxantifund:-3 + singletxantisym2:3 + singletxfund:-1 + sym2xsinglet:-1,True,True,True,5|156|17|6,5,156,17,6,False,5|12|2|2
2|2,fundxfund:2 + singletxantifund:-3 + singletxfund:-1 + singletxsinglet:3 + sym2xsinglet:-1,True,True,True,5|156|17|6,5,156,17,6,False,5|12|2|2
2|2,fundxfund:2 + singletxantisym2:3 + singletxfund:-1 + singletxfund:-3 + sym2xsinglet:-1,True,True,True,5|156|17|6,5,156,17,6,False,5|12|2|2
2|2,fundxfund:2 + singletxfund:-1 + singletxfund:-3 + singletxsinglet:3 + sym2xsinglet:-1,True,True,True,5|156|17|6,5,156,17,6,False,5|12|2|2
2|3,antifundxantifund:-1 + antifundxfund:1,True,True,True,6|38|12|2,6,38,12,2,False,2|12|3|2
2|3,antifundxantifund:1 + antifundxfund:-1,True,True,True,6|38|12|2,6,38,12,2,False,2|12|3|2
2|3,fundxantifund:-1 + fundxfund:1,True,True,True,6|38|12|2,6,38,12,2,False,2|12|3|2
2|3,fundxantifund:1 + fundxfund:-1,True,True,True,6|38|12|2,6,38,12,2,False,2|12|3|2
2|3,antifundxantifund:-1 + antifundxantifund:1 + antifundxfund:0 + fundxfund:0,True,True,True,6|42|16|2,6,42,16,2,False,4|24|3|2
2|3,antifundxantifund:-1 + antifundxfund:0 + fundxantifund:1 + fundxfund:0,True,True,True,6|42|16|2,6,42,16,2,False,4|24|3|2
2|3,antifundxantifund:0 + antifundxfund:-1 + antifundxfund:1 + fundxantifund:0,True,True,True,6|42|16|2,6,42,16,2,False,4|24|3|2
2|3,antifundxantifund:0 + antifundxfund:-1 + fundxantifund:0 + fundxfund:1,True,True,True,6|42|16|2,6,42,16,2,False,4|24|3|2
2|3,antifundxantifund:0 + antifundxfund:1 + fundxantifund:0 + fundxfund:-1,True,True,True,6|42|16|2,6,42,16,2,False,4|24|3|2
2|3,antifundxantifund:0 + fundxantifund:0 + fundxfund:-1 + fundxfund:1,True,True,True,6|42|16|2,6,42,16,2,False,4|24|3|2
2|3,antifundxantifund:1 + antifundxfund:0 + fundxantifund:-1 + fundxfund:0,True,True,True,6|42|16|2,6,42,16,2,False,4|24|3|2
2|3,antifundxfund:0 + fundxantifund:-1 + fundxantifund:1 + fundxfund:0,True,True,True,6|42|16|2,6,42,16,2,False,4|24|3|2
2|3,antifundxantifund:-1 + antifundxantifund:1 + antifundxfund:-2 + antifundxfund:2,True,True,True,6|182|24|4,6,182,24,4,False,4|24|3|2
2|3,antifundxantifund:-1 + antifundxantifund:1 + antifundxfund:-2 + fundxfund:2,True,True,True,6|182|24|4,6,182,24,4,False,4|24|3|2
2|3,antifundxantifund:-1 + antifundxantifund:1 + antifundxfund:2 + fundxfund:-2,True,True,True,6|182|24|4,6,182,24,4,False,4|24|3|2
2|3,antifundxantifund:-1 + antifundxantifund:1 + fundxfund:-2 + fundxfund:2,True,True,True,6|182|24|4,6,182,24,4,False,4|24|3|2
2|3,antifundxantifund:-1 + antifundxfund:-2 + antifundxfund:2 + fundxantifund:1,True,True,True,6|182|24|4,6,182,24,4,False,4|24|3|2
2|3,antifundxantifund:-1 + antifundxfund:-2 + fundxantifund:1 + fundxfund:2,True,True,True,6|182|24|4,6,182,24,4,False,4|24|3|2
2|3,antifundxantifund:-1 + antifundxfund:2 + fundxantifund:1 + fundxfund:-2,True,True,True,6|182|24|4,6,182,24,4,False,4|24|3|2
2|3,antifundxantifund:-1 + fundxantifund:1 + fundxfund:-2 + fundxfund:2,True,True,True,6|182|24|4,6,182,24,4,False,4|24|3|2
2|3,antifundxantifund:-2 + antifundxantifund:2 + antifundxfund:-1 + antifundxfund:1,True,True,True,6|182|24|4,6,182,24,4,False,4|24|3|2
2|3,antifundxantifund:-2 + antifundxantifund:2 + antifundxfund:-1 + fundxfund:1,True,True,True,6|182|24|4,6,182,24,4,False,4|24|3|2
2|3,antifundxantifund:-2 + antifundxantifund:2 + antifundxfund:1 + fundxfund:-1,True,True,True,6|182|24|4,6,182,24,4,False,4|24|3|2
2|3,antifundxantifund:-2 + antifundxantifund:2 + fundxfund:-1 + fundxfund:1,True,True,True,6|182|24|4,6,182,24,4,False,4|24|3|2
2|3,antifundxantifund:-2 + antifundxfund:-1 + antifundxfund:1 + fundxantifund:2,True,True,True,6|182|24|4,6,182,24,4,False,4|24|3|2
2|3,antifundxantifund:-2 + antifundxfund:-1 + fundxantifund:2 + fundxfund:1,True,True,True,6|182|24|4,6,182,24,4,False,4|24|3|2
2|3,antifundxantifund:-2 + antifundxfund:1 + fundxantifund:2 + fundxfund:-1,True,True,True,6|182|24|4,6,182,24,4,False,4|24|3|2
2|3,antifundxantifund:-2 + fundxantifund:2 + fundxfund:-1 + fundxfund:1,True,True,True,6|182|24|4,6,182,24,4,False,4|24|3|2
2|3,antifundxantifund:1 + antifundxfund:-2 + antifundxfund:2 + fundxantifund:-1,True,True,True,6|182|24|4,6,182,24,4,False,4|24|3|2
2|3,antifundxantifund:1 + antifundxfund:-2 + fundxantifund:-1 + fundxfund:2,True,True,True,6|182|24|4,6,182,24,4,False,4|24|3|2
2|3,antifundxantifund:1 + antifundxfund:2 + fundxantifund:-1 + fundxfund:-2,True,True,True,6|182|24|4,6,182,24,4,False,4|24|3|2
2|3,antifundxantifund:1 + fundxantifund:-1 + fundxfund:-2 + fundxfund:2,True,True,True,6|182|24|4,6,182,24,4,False,4|24|3|2
2|3,antifundxantifund:2 + antifundxfund:-1 + antifundxfund:1 + fundxantifund:-2,True,True,True,6|182|24|4,6,182,24,4,False,4|24|3|2
2|3,antifundxantifund:2 + antifundxfund:-1 + fundxantifund:-2 + fundxfund:1,True,True,True,6|182|24|4,6,182,24,4,False,4|24|3|2
2|3,antifundxantifund:2 + antifundxfund:1 + fundxantifund:-2 + fundxfund:-1,True,True,True,6|182|24|4,6,182,24,4,False,4|24|3|2
2|3,antifundxantifund:2 + fundxantifund:-2 + fundxfund:-1 + fundxfund:1,True,True,True,6|182|24|4,6,182,24,4,False,4|24|3|2
2|3,antifundxfund:-1 + antifundxfund:1 + fundxantifund:-2 + fundxantifund:2,True,True,True,6|182|24|4,6,182,24,4,False,4|24|3|2
2|3,antifundxfund:-1 + fundxantifund:-2 + fundxantifund:2 + fundxfund:1,True,True,True,6|182|24|4,6,182,24,4,False,4|24|3|2
2|3,antifundxfund:-2 + antifundxfund:2 + fundxantifund:-1 + fundxantifund:1,True,True,True,6|182|24|4,6,182,24,4,False,4|24|3|2
2|3,antifundxfund:-2 + fundxantifund:-1 + fundxantifund:1 + fundxfund:2,True,True,True,6|182|24|4,6,182,24,4,False,4|24|3|2
2|3,antifundxfund:1 + fundxantifund:-2 + fundxantifund:2 + fundxfund:-1,True,True,True,6|182|24|4,6,182,24,4,False,4|24|3|2
2|3,antifundxfund:2 + fundxantifund:-1 + fundxantifund:1 + fundxfund:-2,True,True,True,6|182|24|4,6,182,24,4,False,4|24|3|2
2|3,fundxantifund:-1 + fundxantifund:1 + fundxfund:-2 + fundxfund:2,True,True,True,6|182|24|4,6,182,24,4,False,4|24|3|2
2|3,fundxantifund:-2 + fundxantifund:2 + fundxfund:-1 + fundxfund:1,True,True,True,6|182|24|4,6,182,24,4,False,4|24|3|2
2|3,antifundxantifund:-1 + antifundxantifund:1 + antifundxfund:-3 + antifundxfund:3,True,True,True,6|432|24|6,6,432,24,6,False,4|24|3|2
2|3,antifundxantifund:-1 + antifundxantifund:1 + antifundxfund:-3 + fundxfund:3,True,True,True,6|432|24|6,6,432,24,6,False,4|24|3|2
2|3,antifundxantifund:-1 + antifundxantifund:1 + antifundxfund:3 + fundxfund:-3,True,True,True,6|432|24|6,6,432,24,6,False,4|24|3|2
2|3,antifundxantifund:-1 + antifundxantifund:1 + fundxfund:-3 + fundxfund:3,True,True,True,6|432|24|6,6,432,24,6,False,4|24|3|2
2|3,antifundxantifund:-1 + antifundxfund:-3 + antifundxfund:3 + fundxantifund:1,True,True,True,6|432|24|6,6,432,24,6,False,4|24|3|2
2|3,antifundxantifund:-1 + antifundxfund:-3 + fundxantifund:1 + fundxfund:3,True,True,True,6|432|24|6,6,432,24,6,False,4|24|3|2
2|3,antifundxantifund:-1 + antifundxfund:3 + fundxantifund:1 + fundxfund:-3,True,True,True,6|432|24|6,6,432,24,6,False,4|24|3|2
2|3,antifundxantifund:-1 + fundxantifund:1 + fundxfund:-3 + fundxfund:3,True,True,True,6|432|24|6,6,432,24,6,False,4|24|3|2
2|3,antifundxantifund:-3 + antifundxantifund:3 + antifundxfund:-1 + antifundxfund:1,True,True,True,6|432|24|6,6,432,24,6,False,4|24|3|2
2|3,antifundxantifund:-3 + antifundxantifund:3 + antifundxfund:-1 + fundxfund:1,True,True,True,6|432|24|6,6,432,24,6,False,4|24|3|2
2|3,antifundxantifund:-3 + antifundxantifund:3 + antifundxfund:1 + fundxfund:-1,True,True,True,6|432|24|6,6,432,24,6,False,4|24|3|2
2|3,antifundxantifund:-3 + antifundxantifund:3 + fundxfund:-1 + fundxfund:1,True,True,True,6|432|24|6,6,432,24,6,False,4|24|3|2
2|3,antifundxantifund:-3 + antifundxfund:-1 + antifundxfund:1 + fundxantifund:3,True,True,True,6|432|24|6,6,432,24,6,False,4|24|3|2
2|3,antifundxantifund:-3 + antifundxfund:-1 + fundxantifund:3 + fundxfund:1,True,True,True,6|432|24|6,6,432,24,6,False,4|24|3|2
2|3,antifundxantifund:-3 + antifundxfund:1 + fundxantifund:3 + fundxfund:-1,True,True,True,6|432|24|6,6,432,24,6,False,4|24|3|2
2|3,antifundxantifund:-3 + fundxantifund:3 + fundxfund:-1 + fundxfund:1,True,True,True,6|432|24|6,6,432,24,6,False,4|24|3|2
2|3,antifundxantifund:1 + antifundxfund:-3 + antifundxfund:3 + fundxantifund:-1,True,True,True,6|432|24|6,6,432,24,6,False,4|24|3|2
2|3,antifundxantifund:1 + antifundxfund:-3 + fundxantifund:-1 + fundxfund:3,True,True,True,6|432|24|6,6,432,24,6,False,4|24|3|2
2|3,antifundxantifund:1 + antifundxfund:3 + fundxantifund:-1 + fundxfund:-3,True,True,True,6|432|24|6,6,432,24,6,False,4|24|3|2
2|3,antifundxantifund:1 + fundxantifund:-1 + fundxfund:-3 + fundxfund:3,True,True,True,6|432|24|6,6,432,24,6,False,4|24|3|2
2|3,antifundxantifund:3 + antifundxfund:-1 + antifundxfund:1 + fundxantifund:-3,True,True,True,6|432|24|6,6,432,24,6,False,4|24|3|2
2|3,antifundxantifund:3 + antifundxfund:-1 + fundxantifund:-3 + fundxfund:1,True,True,True,6|432|24|6,6,432,24,6,False,4|24|3|2
2|3,antifundxantifund:3 + antifundxfund:1 + fundxantifund:-3 + fundxfund:-1,True,True,True,6|432|24|6,6,432,24,6,False,4|24|3|2
2|3,antifundxantifund:3 + fundxantifund:-3 + fundxfund:-1 + fundxfund:1,True,True,True,6|432|24|6,6,432,24,6,False,4|24|3|2
2|3,antifundxfund:-1 + antifundxfund:1 + fundxantifund:-3 + fundxantifund:3,True,True,True,6|432|24|6,6,432,24,6,False,4|24|3|2
2|3,antifundxfund:-1 + fundxantifund:-3 + fundxantifund:3 + fundxfund:1,True,True,True,6|432|24|6,6,432,24,6,False,4|24|3|2
2|3,antifundxfund:-3 + antifundxfund:3 + fundxantifund:-1 + fundxantifund:1,True,True,True,6|432|24|6,6,432,24,6,False,4|24|3|2
2|3,antifundxfund:-3 + fundxantifund:-1 + fundxantifund:1 + fundxfund:3,True,True,True,6|432|24|6,6,432,24,6,False,4|24|3|2
2|3,antifundxfund:1 + fundxantifund:-3 + fundxantifund:3 + fundxfund:-1,True,True,True,6|432|24|6,6,432,24,6,False,4|24|3|2
2|3,antifundxfund:3 + fundxantifund:-1 + fundxantifund:1 + fundxfund:-3,True,True,True,6|432|24|6,6,432,24,6,False,4|24|3|2
2|3,fundxantifund:-1 + fundxantifund:1 + fundxfund:-3 + fundxfund:3,True,True,True,6|432|24|6,6,432,24,6,False,4|24|3|2
2|3,fundxantifund:-3 + fundxantifund:3 + fundxfund:-1 + fundxfund:1,True,True,True,6|432|24|6,6,432,24,6,False,4|24|3|2
2|3,antifundxantifund:-2 + antifundxantifund:2 + antifundxfund:-3 + antifundxfund:3,True,True,True,6|538|24|6,6,538,24,6,False,4|24|3|2
2|3,antifundxantifund:-2 + antifundxantifund:2 + antifundxfund:-3 + fundxfund:3,True,True,True,6|538|24|6,6,538,24,6,False,4|24|3|2
2|3,antifundxantifund:-2 + antifundxantifund:2 + antifundxfund:3 + fundxfund:-3,True,True,True,6|538|24|6,6,538,24,6,False,4|24|3|2
2|3,antifundxantifund:-2 + antifundxantifund:2 + fundxfund:-3 + fundxfund:3,True,True,True,6|538|24|6,6,538,24,6,False,4|24|3|2
2|3,antifundxantifund:-2 + antifundxfund:-3 + antifundxfund:3 + fundxantifund:2,True,True,True,6|538|24|6,6,538,24,6,False,4|24|3|2
2|3,antifundxantifund:-2 + antifundxfund:-3 + fundxantifund:2 + fundxfund:3,True,True,True,6|538|24|6,6,538,24,6,False,4|24|3|2
2|3,antifundxantifund:-2 + antifundxfund:3 + fundxantifund:2 + fundxfund:-3,True,True,True,6|538|24|6,6,538,24,6,False,4|24|3|2
2|3,antifundxantifund:-2 + fundxantifund:2 + fundxfund:-3 + fundxfund:3,True,True,True,6|538|24|6,6,538,24,6,False,4|24|3|2
2|3,antifundxantifund:-3 + antifundxantifund:3 + antifundxfund:-2 + antifundxfund:2,True,True,True,6|538|24|6,6,538,24,6,False,4|24|3|2
2|3,antifundxantifund:-3 + antifundxantifund:3 + antifundxfund:-2 + fundxfund:2,True,True,True,6|538|24|6,6,538,24,6,False,4|24|3|2
2|3,antifundxantifund:-3 + antifundxantifund:3 + antifundxfund:2 + fundxfund:-2,True,True,True,6|538|24|6,6,538,24,6,False,4|24|3|2
2|3,antifundxantifund:-3 + antifundxantifund:3 + fundxfund:-2 + fundxfund:2,True,True,True,6|538|24|6,6,538,24,6,False,4|24|3|2
2|3,antifundxantifund:-3 + antifundxfund:-2 + antifundxfund:2 + fundxantifund:3,True,True,True,6|538|24|6,6,538,24,6,False,4|24|3|2
2|3,antifundxantifund:-3 + antifundxfund:-2 + fundxantifund:3 + fundxfund:2,True,True,True,6|538|24|6,6,538,24,6,False,4|24|3|2
2|3,antifundxantifund:-3 + antifundxfund:2 + fundxantifund:3 + fundxfund:-2,True,True,True,6|538|24|6,6,538,24,6,False,4|24|3|2
2|3,antifundxantifund:-3 + fundxantifund:3 + fundxfund:-2 + fundxfund:2,True,True,True,6|538|24|6,6,538,24,6,False,4|24|3|2
2|3,antifundxantifund:2 + antifundxfund:-3 + antifundxfund:3 + fundxantifund:-2,True,True,True,6|538|24|6,6,538,24,6,False,4|24|3|2
2|3,antifundxantifund:2 + antifundxfund:-3 + fundxantifund:-2 + fundxfund:3,True,True,True,6|538|24|6,6,538,24,6,False,4|24|3|2
2|3,antifundxantifund:2 + antifundxfund:3 + fundxantifund:-2 + fundxfund:-3,True,True,True,6|538|24|6,6,538,24,6,False,4|24|3|2
2|3,antifundxantifund:2 + fundxantifund:-2 + fundxfund:-3 + fundxfund:3,True,True,True,6|538|24|6,6,538,24,6,False,4|24|3|2
2|3,antifundxantifund:3 + antifundxfund:-2 + antifundxfund:2 + fundxantifund:-3,True,True,True,6|538|24|6,6,538,24,6,False,4|24|3|2
2|3,antifundxantifund:3 + antifundxfund:-2 + fundxantifund:-3 + fundxfund:2,True,True,True,6|538|24|6,6,538,24,6,False,4|24|3|2
2|3,antifundxantifund:3 + antifundxfund:2 + fundxantifund:-3 + fundxfund:-2,True,True,True,6|538|24|6,6,538,24,6,False,4|24|3|2
2|3,antifundxantifund:3 + fundxantifund:-3 + fundxfund:-2 + fundxfund:2,True,True,True,6|538|24|6,6,538,24,6,False,4|24|3|2
2|3,antifundxfund:-2 + antifundxfund:2 + fundxantifund:-3 + fundxantifund:3,True,True,True,6|538|24|6,6,538,24,6,False,4|24|3|2
2|3,antifundxfund:-2 + fundxantifund:-3 + fundxantifund:3 + fundxfund:2,True,True,True,6|538|24|6,6,538,24,6,False,4|24|3|2
2|3,antifundxfund:-3 + antifundxfund:3 + fundxantifund:-2 + fundxantifund:2,True,True,True,6|538|24|6,6,538,24,6,False,4|24|3|2
2|3,antifundxfund:-3 + fundxantifund:-2 + fundxantifund:2 + fundxfund:3,True,True,True,6|538|24|6,6,538,24,6,False,4|24|3|2
2|3,antifundxfund:2 + fundxantifund:-3 + fundxantifund:3 + fundxfund:-2,True,True,True,6|538|24|6,6,538,24,6,False,4|24|3|2
2|3,antifundxfund:3 + fundxantifund:-2 + fundxantifund:2 + fundxfund:-3,True,True,True,6|538|24|6,6,538,24,6,False,4|24|3|2
2|3,fundxantifund:-2 + fundxantifund:2 + fundxfund:-3 + fundxfund:3,True,True,True,6|538|24|6,6,538,24,6,False,4|24|3|2
2|3,fundxantifund:-3 + fundxantifund:3 + fundxfund:-2 + fundxfund:2,True,True,True,6|538|24|6,6,538,24,6,False,4|24|3|2
2|3,antifundxantifund:-1 + antifundxsinglet:3 + antisym2xsinglet:-6 + singletxfund:-2 + singletxfund:4,True,True,True,6|546|20|10,6,546,20,10,False,5|15|3|2
2|3,antifundxantifund:-1 + antifundxsinglet:3 + singletxfund:-2 + singletxfund:4 + singletxsinglet:-6,True,True,True,6|546|20|10,6,546,20,10,False,5|15|3|2
2|3,antifundxantifund:-1 + antisym2xsinglet:-6 + fundxsinglet:3 + singletxfund:-2 + singletxfund:4,True,True,True,6|546|20|10,6,546,20,10,False,5|15|3|2
2|3,antifundxantifund:-1 + fundxsinglet:3 + singletxfund:-2 + singletxfund:4 + singletxsinglet:-6,True,True,True,6|546|20|10,6,546,20,10,False,5|15|3|2
2|3,antifundxantifund:1 + antifundxsinglet:-3 + antisym2xsinglet:6 + singletxfund:-4 + singletxfund:2,True,True,True,6|546|20|10,6,546,20,10,False,5|15|3|2
2|3,antifundxantifund:1 + antifundxsinglet:-3 + singletxfund:-4 + singletxfund:2 + singletxsinglet:6,True,True,True,6|546|20|10,6,546,20,10,False,5|15|3|2
2|3,antifundxantifund:1 + antisym2xsinglet:6 + fundxsinglet:-3 + singletxfund:-4 + singletxfund:2,True,True,True,6|546|20|10,6,546,20,10,False,5|15|3|2
2|3,antifundxantifund:1 + fundxsinglet:-3 + singletxfund:-4 + singletxfund:2 + singletxsinglet:6,True,True,True,6|546|20|10,6,546,20,10,False,5|15|3|2
2|3,antifundxfund:-1 + antifundxsinglet:3 + antisym2xsinglet:-6 + singletxantifund:-2 + singletxantifund:4,True,True,True,6|546|20|10,6,546,20,10,False,5|15|3|2
2|3,antifundxfund:-1 + antifundxsinglet:3 + antisym2xsinglet:-6 + singletxantifund:-2 + singletxantisym2:4,True,True,True,6|546|20|10,6,546,20,10,False,5|15|3|2
2|3,antifundxfund:-1 + antifundxsinglet:3 + antisym2xsinglet:-6 + singletxantifund:4 + singletxantisym2:-2,True,True,True,6|546|20|10,6,546,20,10,False,5|15|3|2
2|3,antifundxfund:-1 + antifundxsinglet:3 + antisym2xsinglet:-6 + singletxantisym2:-2 + singletxantisym2:4,True,True,True,6|546|20|10,6,546,20,10,False,5|15|3|2
2|3,antifundxfund:-1 + antifundxsinglet:3 + singletxantifund:-2 + singletxantifund:4 + singletxsinglet:-6,True,True,True,6|546|20|10,6,546,20,10,False,5|15|3|2
2|3,antifundxfund:-1 + antifundxsinglet:3 + singletxantifund:-2 + singletxantisym2:4 + singletxsinglet:-6,True,True,True,6|546|20|10,6,546,20,10,False,5|15|3|2
2|3,antifundxfund:-1 + antifundxsinglet:3 + singletxantifund:4 + singletxantisym2:-2 + singletxsinglet:-6,True,True,True,6|546|20|10,6,546,20,10,False,5|15|3|2
2|3,antifundxfund:-1 + antifundxsinglet:3 + singletxantisym2:-2 + singletxantisym2:4 + singletxsinglet:-6,True,True,True,6|546|20|10,6,546,20,10,False,5|15|3|2
2|3,antifundxfund:-1 + antisym2xsinglet:-6 + fundxsinglet:3 + singletxantifund:-2 + singletxantifund:4,True,True,True,6|546|20|10,6,546,20,10,False,5|15|3|2
2|3,antifundxfund:-1 + antisym2xsinglet:-6 + fundxsinglet:3 + singletxantifund:-2 + singletxantisym2:4,True,True,True,6|546|20|10,6,546,20,10,False,5|15|3|2
2|3,antifundxfund:-1 + antisym2xsinglet:-6 + fundxsinglet:3 + singletxantifund:4 + singletxantisym2:-2,True,True,True,6|546|20|10,6,546,20,10,False,5|15|3|2
2|3,antifundxfund:-1 + antisym2xsinglet:-6 + fundxsinglet:3 + singletxantisym2:-2 + singletxantisym2:4,True,True,True,6|546|20|10,6,546,20,10,False,5|15|3|2
2|3,antifundxfund:-1 + fundxsinglet:3 + singletxantifund:-2 + singletxantifund:4 + singletxsinglet:-6,True,True,True,6|546|20|10,6,546,20,10,False,5|15|3|2
2|3,antifundxfund:-1 + fundxsinglet:3 + singletxantifund:-2 + singletxantisym2:4 + singletxsinglet:-6,True,True,True,6|546|20|10,6,546,20,10,False,5|15|3|2
2|3,antifundxfund:-1 + fundxsinglet:3 + singletxantifund:4 + singletxantisym2:-2 + singletxsinglet:-6,True,True,True,6|546|20|10,6,546,20,10,False,5|15|3|2
2|3,antifundxfund:-1 + fundxsinglet:3 + singletxantisym2:-2 + singletxantisym2:4 + singletxsinglet:-6,True,True,True,6|546|20|10,6,546,20,10,False,5|15|3|2
2|3,antifundxfund:1 + antifundxsinglet:-3 + antisym2xsinglet:6 + singletxantifund:-4 + singletxantifund:2,True,True,True,6|546|20|10,6,546,20,10,False,5|15|3|2
2|3,antifundxfund:1 + antifundxsinglet:-3 + antisym2xsinglet:6 + singletxantifund:-4 + singletxantisym2:2,True,True,True,6|546|20|10,6,546,20,10,False,5|15|3|2
2|3,antifundxfund:1 + antifundxsinglet:-3 + antisym2xsinglet:6 + singletxantifund:2 + singletxantisym2:-4,True,True,True,6|546|20|10,6,546,20,10,False,5|15|3|2
2|3,antifundxfund:1 + antifundxsinglet:-3 + antisym2xsinglet:6 + singletxantisym2:-4 + singletxantisym2:2,True,True,True,6|546|20|10,6,546,20,10,False,5|15|3|2
2|3,antifundxfund:1 + antifundxsinglet:-3 + singletxantifund:-4 + singletxantifund:2 + singletxsinglet:6,True,True,True,6|546|20|10,6,546,20,10,False,5|15|3|2
2|3,antifundxfund:1 + antifundxsinglet:-3 + singletxantifund:-4 + singletxantisym2:2 + singletxsinglet:6,True,True,True,6|546|20|10,6,546,20,10,False,5|15|3|2
2|3,antifundxfund:1 + antifundxsinglet:-3 + singletxantifund:2 + singletxantisym2:-4 + singletxsinglet:6,True,True,True,6|546|20|10,6,546,20,10,False,5|15|3|2
2|3,antifundxfund:1 + antifundxsinglet:-3 + singletxantisym2:-4 + singletxantisym2:2 + singletxsinglet:6,True,True,True,6|546|20|10,6,546,20,10,False,5|15|3|2
2|3,antifundxfund:1 + antisym2xsinglet:6 + fundxsinglet:-3 + singletxantifund:-4 + singletxantifund:2,True,True,True,6|546|20|10,6,546,20,10,False,5|15|3|2
2|3,antifundxfund:1 + antisym2xsinglet:6 + fundxsinglet:-3 + singletxantifund:-4 + singletxantisym2:2,True,True,True,6|546|20|10,6,546,20,10,False,5|15|3|2
2|3,antifundxfund:1 + antisym2xsinglet:6 + fundxsinglet:-3 + singletxantifund:2 + singletxantisym2:-4,True,True,True,6|546|20|10,6,546,20,10,False,5|15|3|2
2|3,antifundxfund:1 + antisym2xsinglet:6 + fundxsinglet:-3 + singletxantisym2:-4 + singletxantisym2:2,True,True,True,6|546|20|10,6,546,20,10,False,5|15|3|2
2|3,antifundxfund:1 + fundxsinglet:-3 + singletxantifund:-4 + singletxantifund:2 + singletxsinglet:6,True,True,True,6|546|20|10,6,546,20,10,False,5|15|3|2
2|3,antifundxfund:1 + fundxsinglet:-3 + singletxantifund:-4 + singletxantisym2:2 + singletxsinglet:6,True,True,True,6|546|20|10,6,546,20,10,False,5|15|3|2
2|3,antifundxfund:1 + fundxsinglet:-3 + singletxantifund:2 + singletxantisym2:-4 + singletxsinglet:6,True,True,True,6|546|20|10,6,546,20,10,False,5|15|3|2
2|3,antifundxfund:1 + fundxsinglet:-3 + singletxantisym2:-4 + singletxantisym2:2 + singletxsinglet:6,True,True,True,6|546|20|10,6,546,20,10,False,5|15|3|2
2|3,antifundxsinglet:-3 + antisym2xsinglet:6 + fundxantifund:1 + singletxfund:-4 + singletxfund:2,True,True,True,6|546|20|10,6,546,20,10,False,5|15|3|2
2|3,antifundxsinglet:-3 + antisym2xsinglet:6 + fundxfund:1 + singletxantifund:-4 + singletxantifund:2,True,True,True,6|546|20|10,6,546,20,10,False,5|15|3|2
2|3,antifundxsinglet:-3 + antisym2xsinglet:6 + fundxfund:1 + singletxantifund:-4 + singletxantisym2:2,True,True,True,6|546|20|10,6,546,20,10,False,5|15|3|2
2|3,antifundxsinglet:-3 + antisym2xsinglet:6 + fundxfund:1 + singletxantifund:2 + singletxantisym2:-4,True,True,True,6|546|20|10,6,546,20,10,False,5|15|3|2
2|3,antifundxsinglet:-3 + antisym2xsinglet:6 + fundxfund:1 + singletxantisym2:-4 + singletxantisym2:2,True,True,True,6|546|20|10,6,546,20,10,False,5|15|3|2
2|3,antifundxsinglet:-3 + fundxantifund:1 + singletxfund:-4 + singletxfund:2 + singletxsinglet:6,True,True,True,6|546|20|10,6,546,20,10,False,5|15|3|2
2|3,antifundxsinglet:-3 + fundxfund:1 + singletxantifund:-4 + singletxantifund:2 + singletxsinglet:6,True,True,True,6|546|20|10,6,546,20,10,False,5|15|3|2
2|3,antifundxsinglet:-3 + fundxfund:1 + singletxantifund:-4 + singletxantisym2:2 + singletxsinglet:6,True,True,True,6|546|20|10,6,546,20,10,False,5|15|3|2
2|3,antifundxsinglet:-3 + fundxfund:1 + singletxantifund:2 + singletxantisym2:-4 + singletxsinglet:6,True,True,True,6|546|20|10,6,546,20,10,False,5|15|3|2
2|3,antifundxsinglet:-3 + fundxfund:1 + singletxantisym2:-4 + singletxantisym2:2 + singletxsinglet:6,True,True,True,6|546|20|10,6,546,20,10,False,5|15|3|2
2|3,antifundxsinglet:3 + antisym2xsinglet:-6 + fundxantifund:-1 + singletxfund:-2 + singletxfund:4,True,True,True,6|546|20|10,6,546,20,10,False,5|15|3|2
2|3,antifundxsinglet:3 + antisym2xsinglet:-6 + fundxfund:-1 + singletxantifund:-2 + singletxantifund:4,True,True,True,6|546|20|10,6,546,20,10,False,5|15|3|2
2|3,antifundxsinglet:3 + antisym2xsinglet:-6 + fundxfund:-1 + singletxantifund:-2 + singletxantisym2:4,True,True,True,6|546|20|10,6,546,20,10,False,5|15|3|2
2|3,antifundxsinglet:3 + antisym2xsinglet:-6 + fundxfund:-1 + singletxantifund:4 + singletxantisym2:-2,True,True,True,6|546|20|10,6,546,20,10,False,5|15|3|2
2|3,antifundxsinglet:3 + antisym2xsinglet:-6 + fundxfund:-1 + singletxantisym2:-2 + singletxantisym2:4,True,True,True,6|546|20|10,6,546,20,10,False,5|15|3|2
2|3,antifundxsinglet:3 + fundxantifund:-1 + singletxfund:-2 + singletxfund:4 + singletxsinglet:-6,True,True,True,6|546|20|10,6,546,20,10,False,5|15|3|2
2|3,antifundxsinglet:3 + fundxfund:-1 + singletxantifund:-2 + singletxantifund:4 + singletxsinglet:-6,True,True,True,6|546|20|10,6,546,20,10,False,5|15|3|2
2|3,antifundxsinglet:3 + fundxfund:-1 + singletxantifund:-2 + singletxantisym2:4 + singletxsinglet:-6,True,True,True,6|546|20|10,6,546,20,10,False,5|15|3|2
2|3,antifundxsinglet:3 + fundxfund:-1 + singletxantifund:4 + singletxantisym2:-2 + singletxsinglet:-6,True,True,True,6|546|20|10,6,546,20,10,False,5|15|3|2
2|3,antifundxsinglet:3 + fundxfund:-1 + singletxantisym2:-2 + singletxantisym2:4 + singletxsinglet:-6,True,True,True,6|546|20|10,6,546,20,10,False,5|15|3|2
2|3,antisym2xsinglet:-6 + fundxantifund:-1 + fundxsinglet:3 + singletxfund:-2 + singletxfund:4,True,True,True,6|546|20|10,6,546,20,10,False,5|15|3|2
2|3,antisym2xsinglet:-6 + fundxfund:-1 + fundxsinglet:3 + singletxantifund:-2 + singletxantifund:4,True,True,True,6|546|20|10,6,546,20,10,False,5|15|3|2
2|3,antisym2xsinglet:-6 + fundxfund:-1 + fundxsinglet:3 + singletxantifund:-2 + singletxantisym2:4,True,True,True,6|546|20|10,6,546,20,10,False,5|15|3|2
2|3,antisym2xsinglet:-6 + fundxfund:-1 + fundxsinglet:3 + singletxantifund:4 + singletxantisym2:-2,True,True,True,6|546|20|10,6,546,20,10,False,5|15|3|2
2|3,antisym2xsinglet:-6 + fundxfund:-1 + fundxsinglet:3 + singletxantisym2:-2 + singletxantisym2:4,True,True,True,6|546|20|10,6,546,20,10,False,5|15|3|2
2|3,antisym2xsinglet:6 + fundxantifund:1 + fundxsinglet:-3 + singletxfund:-4 + singletxfund:2,True,True,True,6|546|20|10,6,546,20,10,False,5|15|3|2
2|3,antisym2xsinglet:6 + fundxfund:1 + fundxsinglet:-3 + singletxantifund:-4 + singletxantifund:2,True,True,True,6|546|20|10,6,546,20,10,False,5|15|3|2
2|3,antisym2xsinglet:6 + fundxfund:1 + fundxsinglet:-3 + singletxantifund:-4 + singletxantisym2:2,True,True,True,6|546|20|10,6,546,20,10,False,5|15|3|2
2|3,antisym2xsinglet:6 + fundxfund:1 + fundxsinglet:-3 + singletxantifund:2 + singletxantisym2:-4,True,True,True,6|546|20|10,6,546,20,10,False,5|15|3|2
2|3,antisym2xsinglet:6 + fundxfund:1 + fundxsinglet:-3 + singletxantisym2:-4 + singletxantisym2:2,True,True,True,6|546|20|10,6,546,20,10,False,5|15|3|2
2|3,fundxantifund:-1 + fundxsinglet:3 + singletxfund:-2 + singletxfund:4 + singletxsinglet:-6,True,True,True,6|546|20|10,6,546,20,10,False,5|15|3|2
2|3,fundxantifund:1 + fundxsinglet:-3 + singletxfund:-4 + singletxfund:2 + singletxsinglet:6,True,True,True,6|546|20|10,6,546,20,10,False,5|15|3|2
2|3,fundxfund:-1 + fundxsinglet:3 + singletxantifund:-2 + singletxantifund:4 + singletxsinglet:-6,True,True,True,6|546|20|10,6,546,20,10,False,5|15|3|2
2|3,fundxfund:-1 + fundxsinglet:3 + singletxantifund:-2 + singletxantisym2:4 + singletxsinglet:-6,True,True,True,6|546|20|10,6,546,20,10,False,5|15|3|2
2|3,fundxfund:-1 + fundxsinglet:3 + singletxantifund:4 + singletxantisym2:-2 + singletxsinglet:-6,True,True,True,6|546|20|10,6,546,20,10,False,5|15|3|2
2|3,fundxfund:-1 + fundxsinglet:3 + singletxantisym2:-2 + singletxantisym2:4 + singletxsinglet:-6,True,True,True,6|546|20|10,6,546,20,10,False,5|15|3|2
2|3,fundxfund:1 + fundxsinglet:-3 + singletxantifund:-4 + singletxantifund:2 + singletxsinglet:6,True,True,True,6|546|20|10,6,546,20,10,True,5|15|3|2
2|3,fundxfund:1 + fundxsinglet:-3 + singletxantifund:-4 + singletxantisym2:2 + singletxsinglet:6,True,True,True,6|546|20|10,6,546,20,10,False,5|15|3|2
2|3,fundxfund:1 + fundxsinglet:-3 + singletxantifund:2 + singletxantisym2:-4 + singletxsinglet:6,True,True,True,6|546|20|10,6,546,20,10,False,5|15|3|2
2|3,fundxfund:1 + fundxsinglet:-3 + singletxantisym2:-4 + singletxantisym2:2 + singletxsinglet:6,True,True,True,6|546|20|10,6,546,20,10,False,5|15|3|2
2|3,antifundxantifund:-1 + antifundxantifund:1 + antifundxfund:-4 + antifundxfund:4,True,True,True,6|898|24|8,6,898,24,8,False,4|24|3|2
2|3,antifundxantifund:-1 + antifundxantifund:1 + antifundxfund:-4 + fundxfund:4,True,True,True,6|898|24|8,6,898,24,8,False,4|24|3|2
2|3,antifundxantifund:-1 + antifundxantifund:1 + antifundxfund:4 + fundxfund:-4,True,True,True,6|898|24|8,6,898,24,8,False,4|24|3|2
2|3,antifundxantifund:-1 + antifundxantifund:1 + fundxfund:-4 + fundxfund:4,True,True,True,6|898|24|8,6,898,24,8,False,4|24|3|2
2|3,antifundxantifund:-1 + antifundxfund:-4 + antifundxfund:4 + fundxantifund:1,True,True,True,6|898|24|8,6,898,24,8,False,4|24|3|2
2|3,antifundxantifund:-1 + antifundxfund:-4 + fundxantifund:1 + fundxfund:4,True,True,True,6|898|24|8,6,898,24,8,False,4|24|3|2
2|3,antifundxantifund:-1 + antifundxfund:4 + fundxantifund:1 + fundxfund:-4,True,True,True,6|898|24|8,6,898,24,8,False,4|24|3|2
2|3,antifundxantifund:-1 + fundxantifund:1 + fundxfund:-4 + fundxfund:4,True,True,True,6|898|24|8,6,898,24,8,False,4|24|3|2
2|3,antifundxantifund:-4 + antifundxantifund:4 + antifundxfund:-1 + antifundxfund:1,True,True,True,6|898|24|8,6,898,24,8,False,4|24|3|2
2|3,antifundxantifund:-4 + antifundxantifund:4 + antifundxfund:-1 + fundxfund:1,True,True,True,6|898|24|8,6,898,24,8,False,4|24|3|2
2|3,antifundxantifund:-4 + antifundxantifund:4 + antifundxfund:1 + fundxfund:-1,True,True,True,6|898|24|8,6,898,24,8,False,4|24|3|2
2|3,antifundxantifund:-4 + antifundxantifund:4 + fundxfund:-1 + fundxfund:1,True,True,True,6|898|24|8,6,898,24,8,False,4|24|3|2
2|3,antifundxantifund:-4 + antifundxfund:-1 + antifundxfund:1 + fundxantifund:4,True,True,True,6|898|24|8,6,898,24,8,False,4|24|3|2
2|3,antifundxantifund:-4 + antifundxfund:-1 + fundxantifund:4 + fundxfund:1,True,True,True,6|898|24|8,6,898,24,8,False,4|24|3|2
2|3,antifundxantifund:-4 + antifundxfund:1 + fundxantifund:4 + fundxfund:-1,True,True,True,6|898|24|8,6,898,24,8,False,4|24|3|2
2|3,antifundxantifund:-4 + fundxantifund:4 + fundxfund:-1 + fundxfund:1,True,True,True,6|898|24|8,6,898,24,8,False,4|24|3|2
2|3,antifundxantifund:1 + antifundxfund:-4 + antifundxfund:4 + fundxantifund:-1,True,True,True,6|898|24|8,6,898,24,8,False,4|24|3|2
2|3,antifundxantifund:1 + antifundxfund:-4 + fundxantifund:-1 + fundxfund:4,True,True,True,6|898|24|8,6,898,24,8,False,4|24|3|2
2|3,antifundxantifund:1 + antifundxfund:4 + fundxantifund:-1 + fundxfund:-4,True,True,True,6|898|24|8,6,898,24,8,False,4|24|3|2
2|3,antifundxantifund:1 + fundxantifund:-1 + fundxfund:-4 + fundxfund:4,True,True,True,6|898|24|8,6,898,24,8,False,4|24|3|2
2|3,antifundxantifund:4 + antifundxfund:-1 + antifundxfund:1 + fundxantifund:-4,True,True,True,6|898|24|8,6,898,24,8,False,4|24|3|2
2|3,antifundxantifund:4 + antifundxfund:-1 + fundxantifund:-4 + fundxfund:1,True,True,True,6|898|24|8,6,898,24,8,False,4|24|3|2
2|3,antifundxantifund:4 + antifundxfund:1 + fundxantifund:-4 + fundxfund:-1,True,True,True,6|898|24|8,6,898,24,8,False,4|24|3|2
2|3,antifundxantifund:4 + fundxantifund:-4 + fundxfund:-1 + fundxfund:1,True,True,True,6|898|24|8,6,898,24,8,False,4|24|3|2
2|3,antifundxfund:-1 + antifundxfund:1 + fundxantifund:-4 + fundxantifund:4,True,True,True,6|898|24|8,6,898,24,8,False,4|24|3|2
2|3,antifundxfund:-1 + fundxantifund:-4 + fundxantifund:4 + fundxfund:1,True,True,True,6|898|24|8,6,898,24,8,False,4|24|3|2
2|3,antifundxfund:-4 + antifundxfund:4 + fundxantifund:-1 + fundxantifund:1,True,True,True,6|898|24|8,6,898,24,8,False,4|24|3|2
2|3,antifundxfund:-4 + fundxantifund:-1 + fundxantifund:1 + fundxfund:4,True,True,True,6|898|24|8,6,898,24,8,False,4|24|3|2
2|3,antifundxfund:1 + fundxantifund:-4 + fundxantifund:4 + fundxfund:-1,True,True,True,6|898|24|8,6,898,24,8,False,4|24|3|2
2|3,antifundxfund:4 + fundxantifund:-1 + fundxantifund:1 + fundxfund:-4,True,True,True,6|898|24|8,6,898,24,8,False,4|24|3|2
2|3,fundxantifund:-1 + fundxantifund:1 + fundxfund:-4 + fundxfund:4,True,True,True,6|898|24|8,6,898,24,8,False,4|24|3|2
2|3,fundxantifund:-4 + fundxantifund:4 + fundxfund:-1 + fundxfund:1,True,True,True,6|898|24|8,6,898,24,8,False,4|24|3|2
2|3,antifundxantifund:-3 + antifundxantifund:3 + antifundxfund:-4 + antifundxfund:4,True,True,True,6|1254|24|8,6,1254,24,8,False,4|24|3|2
2|3,antifundxantifund:-3 + antifundxantifund:3 + antifundxfund:-4 + fundxfund:4,True,True,True,6|1254|24|8,6,1254,24,8,False,4|24|3|2
2|3,antifundxantifund:-3 + antifundxantifund:3 + antifundxfund:4 + fundxfund:-4,True,True,True,6|1254|24|8,6,1254,24,8,False,4|24|3|2
2|3,antifundxantifund:-3 + antifundxantifund:3 + fundxfund:-4 + fundxfund:4,True,True,True,6|1254|24|8,6,1254,24,8,False,4|24|3|2
2|3,antifundxantifund:-3 + antifundxfund:-4 + antifundxfund:4 + fundxantifund:3,True,True,True,6|1254|24|8,6,1254,24,8,False,4|24|3|2
2|3,antifundxantifund:-3 + antifundxfund:-4 + fundxantifund:3 + fundxfund:4,True,True,True,6|1254|24|8,6,1254,24,8,False,4|24|3|2
2|3,antifundxantifund:-3 + antifundxfund:4 + fundxantifund:3 + fundxfund:-4,True,True,True,6|1254|24|8,6,1254,24,8,False,4|24|3|2
2|3,antifundxantifund:-3 + fundxantifund:3 + fundxfund:-4 + fundxfund:4,True,True,True,6|1254|24|8,6,1254,24,8,False,4|24|3|2
2|3,antifundxantifund:-4 + antifundxantifund:4 + antifundxfund:-3 + antifundxfund:3,True,True,True,6|1254|24|8,6,1254,24,8,False,4|24|3|2
2|3,antifundxantifund:-4 + antifundxantifund:4 + antifundxfund:-3 + fundxfund:3,True,True,True,6|1254|24|8,6,1254,24,8,False,4|24|3|2
2|3,antifundxantifund:-4 + antifundxantifund:4 + antifundxfund:3 + fundxfund:-3,True,True,True,6|1254|24|8,6,1254,24,8,False,4|24|3|2
2|3,antifundxantifund:-4 + antifundxantifund:4 + fundxfund:-3 + fundxfund:3,True,True,True,6|1254|24|8,6,1254,24,8,False,4|24|3|2
2|3,antifundxantifund:-4 + antifundxfund:-3 + antifundxfund:3 + fundxantifund:4,True,True,True,6|1254|24|8,6,1254,24,8,False,4|24|3|2
2|3,antifundxantifund:-4 + antifundxfund:-3 + fundxantifund:4 + fundxfund:3,True,True,True,6|1254|24|8,6,1254,24,8,False,4|24|3|2
2|3,antifundxantifund:-4 + antifundxfund:3 + fundxantifund:4 + fundxfund:-3,True,True,True,6|1254|24|8,6,1254,24,8,False,4|24|3|2
2|3,antifundxantifund:-4 + fundxantifund:4 + fundxfund:-3 + fundxfund:3,True,True,True,6|1254|24|8,6,1254,24,8,False,4|24|3|2
2|3,antifundxantifund:3 + antifundxfund:-4 + antifundxfund:4 + fundxantifund:-3,True,True,True,6|1254|24|8,6,1254,24,8,False,4|24|3|2
2|3,antifundxantifund:3 + antifundxfund:-4 + fundxantifund:-3 + fundxfund:4,True,True,True,6|1254|24|8,6,1254,24,8,False,4|24|3|2
2|3,antifundxantifund:3 + antifundxfund:4 + fundxantifund:-3 + fundxfund:-4,True,True,True,6|1254|24|8,6,1254,24,8,False,4|24|3|2
2|3,antifundxantifund:3 + fundxantifund:-3 + fundxfund:-4 + fundxfund:4,True,True,True,6|1254|24|8,6,1254,24,8,False,4|24|3|2
2|3,antifundxantifund:4 + antifundxfund:-3 + antifundxfund:3 + fundxantifund:-4,True,True,True,6|1254|24|8,6,1254,24,8,False,4|24|3|2
2|3,antifundxantifund:4 + antifundxfund:-3 + fundxantifund:-4 + fundxfund:3,True,True,True,6|1254|24|8,6,1254,24,8,False,4|24|3|2
2|3,antifundxantifund:4 + antifundxfund:3 + fundxantifund:-4 + fundxfund:-3,True,True,True,6|1254|24|8,6,1254,24,8,False,4|24|3|2
2|3,antifundxantifund:4 + fundxantifund:-4 + fundxfund:-3 + fundxfund:3,True,True,True,6|1254|24|8,6,1254,24,8,False,4|24|3|2
2|3,antifundxfund:-3 + antifundxfund:3 + fundxantifund:-4 + fundxantifund:4,True,True,True,6|1254|24|8,6,1254,24,8,False,4|24|3|2
2|3,antifundxfund:-3 + fundxantifund:-4 + fundxantifund:4 + fundxfund:3,True,True,True,6|1254|24|8,6,1254,24,8,False,4|24|3|2
2|3,antifundxfund:-4 + antifundxfund:4 + fundxantifund:-3 + fundxantifund:3,True,True,True,6|1254|24|8,6,1254,24,8,False,4|24|3|2
2|3,antifundxfund:-4 + fundxantifund:-3 + fundxantifund:3 + fundxfund:4,True,True,True,6|1254|24|8,6,1254,24,8,False,4|24|3|2
2|3,antifundxfund:3 + fundxantifund:-4 + fundxantifund:4 + fundxfund:-3,True,True,True,6|1254|24|8,6,1254,24,8,False,4|24|3|2
2|3,antifundxfund:4 + fundxantifund:-3 + fundxantifund:3 + fundxfund:-4,True,True,True,6|1254|24|8,6,1254,24,8,False,4|24|3|2
2|3,fundxantifund:-3 + fundxantifund:3 + fundxfund:-4 + fundxfund:4,True,True,True,6|1254|24|8,6,1254,24,8,False,4|24|3|2
2|3,fundxantifund:-4 + fundxantifund:4 + fundxfund:-3 + fundxfund:3,True,True,True,6|1254|24|8,6,1254,24,8,False,4|24|3|2
2|3,antifundxantifund:-1 + antifundxantifund:1 + antifundxfund:-6 + antifundxfund:6,True,True,True,6|2766|24|12,6,2766,24,12,False,4|24|3|2
2|3,antifundxantifund:-1 + antifundxantifund:1 + antifundxfund:-6 + fundxfund:6,True,True,True,6|2766|24|12,6,2766,24,12,False,4|24|3|2
2|3,antifundxantifund:-1 + antifundxantifund:1 + antifundxfund:6 + fundxfund:-6,True,True,True,6|2766|24|12,6,2766,24,12,False,4|24|3|2
2|3,antifundxantifund:-1 + antifundxantifund:1 + fundxfund:-6 + fundxfund:6,True,True,True,6|2766|24|12,6,2766,24,12,False,4|24|3|2
2|3,antifundxantifund:-1 + antifundxfund:-6 + antifundxfund:6 + fundxantifund:1,True,True,True,6|2766|24|12,6,2766,24,12,False,4|24|3|2
2|3,antifundxantifund:-1 + antifundxfund:-6 + fundxantifund:1 + fundxfund:6,True,True,True,6|2766|24|12,6,2766,24,12,False,4|24|3|2
2|3,antifundxantifund:-1 + antifundxfund:6 + fundxantifund:1 + fundxfund:-6,True,True,True,6|2766|24|12,6,2766,24,12,False,4|24|3|2
2|3,antifundxantifund:-1 + fundxantifund:1 + fundxfund:-6 + fundxfund:6,True,True,True,6|2766|24|12,6,2766,24,12,False,4|24|3|2
2|3,antifundxantifund:-6 + antifundxantifund:6 + antifundxfund:-1 + antifundxfund:1,True,True,True,6|2766|24|12,6,2766,24,12,False,4|24|3|2
2|3,antifundxantifund:-6 + antifundxantifund:6 + antifundxfund:-1 + fundxfund:1,True,True,True,6|2766|24|12,6,2766,24,12,False,4|24|3|2
2|3,antifundxantifund:-6 + antifundxantifund:6 + antifundxfund:1 + fundxfund:-1,True,True,True,6|2766|24|12,6,2766,24,12,False,4|24|3|2
2|3,antifundxantifund:-6 + antifundxantifund:6 + fundxfund:-1 + fundxfund:1,True,True,True,6|2766|24|12,6,2766,24,12,False,4|24|3|2
2|3,antifundxantifund:-6 + antifundxfund:-1 + antifundxfund:1 + fundxantifund:6,True,True,True,6|2766|24|12,6,2766,24,12,False,4|24|3|2
2|3,antifundxantifund:-6 + antifundxfund:-1 + fundxantifund:6 + fundxfund:1,True,True,True,6|2766|24|12,6,2766,24,12,False,4|24|3|2
2|3,antifundxantifund:-6 + antifundxfund:1 + fundxantifund:6 + fundxfund:-1,True,True,True,6|2766|24|12,6,2766,24,12,False,4|24|3|2
2|3,antifundxantifund:-6 + fundxantifund:6 + fundxfund:-1 + fundxfund:1,True,True,True,6|2766|24|12,6,2766,24,12,False,4|24|3|2
2|3,antifundxantifund:1 + antifundxfund:-6 + antifundxfund:6 + fundxantifund:-1,True,True,True,6|2766|24|12,6,2766,24,12,False,4|24|3|2
2|3,antifundxantifund:1 + antifundxfund:-6 + fundxantifund:-1 + fundxfund:6,True,True,True,6|2766|24|12,6,2766,24,12,False,4|24|3|2
2|3,antifundxantifund:1 + antifundxfund:6 + fundxantifund:-1 + fundxfund:-6,True,True,True,6|2766|24|12,6,2766,24,12,False,4|24|3|2
2|3,antifundxantifund:1 + fundxantifund:-1 + fundxfund:-6 + fundxfund:6,True,True,True,6|2766|24|12,6,2766,24,12,False,4|24|3|2
2|3,antifundxantifund:6 + antifundxfund:-1 + antifundxfund:1 + fundxantifund:-6,True,True,True,6|2766|24|12,6,2766,24,12,False,4|24|3|2
2|3,antifundxantifund:6 + antifundxfund:-1 + fundxantifund:-6 + fundxfund:1,True,True,True,6|2766|24|12,6,2766,24,12,False,4|24|3|2
2|3,antifundxantifund:6 + antifundxfund:1 + fundxantifund:-6 + fundxfund:-1,True,True,True,6|2766|24|12,6,2766,24,12,False,4|24|3|2
2|3,antifundxantifund:6 + fundxantifund:-6 + fundxfund:-1 + fundxfund:1,True,True,True,6|2766|24|12,6,2766,24,12,False,4|24|3|2
2|3,antifundxfund:-1 + antifundxfund:1 + fundxantifund:-6 + fundxantifund:6,True,True,True,6|2766|24|12,6,2766,24,12,False,4|24|3|2
2|3,antifundxfund:-1 + fundxantifund:-6 + fundxantifund:6 + fundxfund:1,True,True,True,6|2766|24|12,6,2766,24,12,False,4|24|3|2
2|3,antifundxfund:-6 + antifundxfund:6 + fundxantifund:-1 + fundxantifund:1,True,True,True,6|2766|24|12,6,2766,24,12,False,4|24|3|2
2|3,antifundxfund:-6 + fundxantifund:-1 + fundxantifund:1 + fundxfund:6,True,True,True,6|2766|24|12,6,2766,24,12,False,4|24|3|2
2|3,antifundxfund:1 + fundxantifund:-6 + fundxantifund:6 + fundxfund:-1,True,True,True,6|2766|24|12,6,2766,24,12,False,4|24|3|2
2|3,antifundxfund:6 + fundxantifund:-1 + fundxantifund:1 + fundxfund:-6,True,True,True,6|2766|24|12,6,2766,24,12,False,4|24|3|2
2|3,fundxantifund:-1 + fundxantifund:1 + fundxfund:-6 + fundxfund:6,True,True,True,6|2766|24|12,6,2766,24,12,False,4|24|3|2
2|3,fundxantifund:-6 + fundxantifund:6 + fundxfund:-1 + fundxfund:1,True,True,True,6|2766|24|12,6,2766,24,12,False,4|24|3|2
