case_id,mask,region,base_entropy_nats,perturbed_entropy_nats,absolute_difference_nats,base_discarded_probability_mass,perturbed_discarded_probability_mass,base_numerical_rank,perturbed_numerical_rank,preregistered_numerical_allowance_nats,initial_classification,precision_escalated,escalation_dps,escalated_base_entropy_nats,escalated_perturbed_entropy_nats,final_classification
fiber_001,0,EMPTY,0,0,0,0,0,1,1,1e-10,EQUAL_WITHIN_ALLOWANCE,False,,,,EQUAL_WITHIN_ALLOWANCE
fiber_001,1,B0,0.32314193731145463,0.30488144473715351,0.018260492574301124,0,0,2,2,1e-10,SPLIT_BEYOND_ALLOWANCE,False,,,,SPLIT_BEYOND_ALLOWANCE
fiber_001,2,B1,0.11608781254458782,0.11676557900064766,0.00067776645605983898,0,0,2,2,1e-10,SPLIT_BEYOND_ALLOWANCE,False,,,,SPLIT_BEYOND_ALLOWANCE
fiber_001,3,B0|B1,0.41222064751805548,0.39241468486945497,0.019805962648600517,0,0,4,4,1e-10,SPLIT_BEYOND_ALLOWANCE,False,,,,SPLIT_BEYOND_ALLOWANCE
fiber_001,4,B2,0.16372810085079276,0.20189749571892585,0.038169394868133089,0,0,2,2,1e-10,SPLIT_BEYOND_ALLOWANCE,False,,,,SPLIT_BEYOND_ALLOWANCE
fiber_001,5,B0|B2,0.3954526843307194,0.40419594222281391,0.0087432578920945137,0,0,4,4,1e-10,SPLIT_BEYOND_ALLOWANCE,False,,,,SPLIT_BEYOND_ALLOWANCE
fiber_001,6,B1|B2,0.27059759006448036,0.31003691392057575,0.039439323856095387,0,0,4,4,1e-10,SPLIT_BEYOND_ALLOWANCE,False,,,,SPLIT_BEYOND_ALLOWANCE
fiber_001,7,B0|B1|B2,0.46078462319616165,0.46529508157045429,0.0045104583742926474,0,0,8,8,1e-10,SPLIT_BEYOND_ALLOWANCE,False,,,,SPLIT_BEYOND_ALLOWANCE
fiber_001,8,B3,0.19564678529088531,0.19140841173550735,0.0042383735553779556,0,0,2,2,1e-10,SPLIT_BEYOND_ALLOWANCE,False,,,,SPLIT_BEYOND_ALLOWANCE
fiber_001,9,B0|B3,0.40823435152230775,0.40590315713207931,0.0023311943902284415,0,0,4,4,1e-10,SPLIT_BEYOND_ALLOWANCE,False,,,,SPLIT_BEYOND_ALLOWANCE
fiber_001,10,B1|B3,0.2891356822921145,0.28742480572283646,0.0017108765692780414,0,0,4,4,1e-10,SPLIT_BEYOND_ALLOWANCE,False,,,,SPLIT_BEYOND_ALLOWANCE
fiber_001,11,B0|B1|B3,0.45239762572809111,0.44899002797895338,0.0034075977491377363,0,0,8,8,1e-10,SPLIT_BEYOND_ALLOWANCE,False,,,,SPLIT_BEYOND_ALLOWANCE
fiber_001,12,B2|B3,0.30800858661728964,0.33053036075175218,0.022521774134462547,0,0,4,4,1e-10,SPLIT_BEYOND_ALLOWANCE,False,,,,SPLIT_BEYOND_ALLOWANCE
fiber_001,13,B0|B2|B3,0.42555910626440058,0.43794780553845475,0.012388699274054171,0,0,8,8,1e-10,SPLIT_BEYOND_ALLOWANCE,False,,,,SPLIT_BEYOND_ALLOWANCE
fiber_001,14,B1|B2|B3,0.37521187337876666,0.39839530477207102,0.023183431393304366,0,0,8,8,1e-10,SPLIT_BEYOND_ALLOWANCE,False,,,,SPLIT_BEYOND_ALLOWANCE
fiber_001,15,B0|B1|B2|B3,0.43218149760962432,0.44024827593100574,0.0080667783213814181,0,0,16,16,1e-10,SPLIT_BEYOND_ALLOWANCE,False,,,,SPLIT_BEYOND_ALLOWANCE
fiber_001,16,B4,0.30887961133630004,0.30353184155412727,0.0053477697821727732,0,0,2,2,1e-10,SPLIT_BEYOND_ALLOWANCE,False,,,,SPLIT_BEYOND_ALLOWANCE
fiber_001,17,B0|B4,0.35647741777058467,0.37784436748176042,0.021366949711175753,0,0,4,4,1e-10,SPLIT_BEYOND_ALLOWANCE,False,,,,SPLIT_BEYOND_ALLOWANCE
fiber_001,18,B1|B4,0.39517659791486304,0.39520719663191373,3.0598717050689395e-05,0,0,4,4,1e-10,SPLIT_BEYOND_ALLOWANCE,False,,,,SPLIT_BEYOND_ALLOWANCE
fiber_001,19,B0|B1|B4,0.40194884806605458,0.41825984410547207,0.016310996039417491,0,0,8,8,1e-10,SPLIT_BEYOND_ALLOWANCE,False,,,,SPLIT_BEYOND_ALLOWANCE
fiber_001,20,B2|B4,0.40745281152017931,0.42905975480376096,0.021606943283581648,0,0,4,4,1e-10,SPLIT_BEYOND_ALLOWANCE,False,,,,SPLIT_BEYOND_ALLOWANCE
fiber_001,21,B0|B2|B4,0.35128075875466169,0.38771081070705354,0.036430051952391851,0,0,8,8,1e-10,SPLIT_BEYOND_ALLOWANCE,False,,,,SPLIT_BEYOND_ALLOWANCE
fiber_001,22,B1|B2|B4,0.46411381906011639,0.49043501521503685,0.026321196154920457,0,0,8,8,1e-10,SPLIT_BEYOND_ALLOWANCE,False,,,,SPLIT_BEYOND_ALLOWANCE
fiber_001,23,B0|B1|B2|B4,0.36012393923068314,0.38807132103562275,0.027947381804939608,0,0,16,16,1e-10,SPLIT_BEYOND_ALLOWANCE,False,,,,SPLIT_BEYOND_ALLOWANCE
fiber_001,24,B3|B4,0.43440326904146603,0.43193848525212142,0.0024647837893446156,0,0,4,4,1e-10,SPLIT_BEYOND_ALLOWANCE,False,,,,SPLIT_BEYOND_ALLOWANCE
fiber_001,25,B0|B3|B4,0.35427331719673322,0.39868407668806394,0.04441075949133072,0,0,8,8,1e-10,SPLIT_BEYOND_ALLOWANCE,False,,,,SPLIT_BEYOND_ALLOWANCE
fiber_001,26,B1|B3|B4,0.47564916755128933,0.48010848423134328,0.0044593166800539485,0,0,8,8,1e-10,SPLIT_BEYOND_ALLOWANCE,False,,,,SPLIT_BEYOND_ALLOWANCE
fiber_001,27,B0|B1|B3|B4,0.34463657816889809,0.38705992035287923,0.042423342183981139,0,0,16,16,1e-10,SPLIT_BEYOND_ALLOWANCE,False,,,,SPLIT_BEYOND_ALLOWANCE
fiber_001,28,B2|B3|B4,0.46982286088301672,0.47860330202824675,0.0087804411452300224,0,0,8,8,1e-10,SPLIT_BEYOND_ALLOWANCE,False,,,,SPLIT_BEYOND_ALLOWANCE
fiber_001,29,B0|B2|B3|B4,0.27763415427718735,0.32033455663682314,0.042700402359635792,0,0,16,16,1e-10,SPLIT_BEYOND_ALLOWANCE,False,,,,SPLIT_BEYOND_ALLOWANCE
fiber_001,30,B1|B2|B3|B4,0.4729017498272452,0.48474993476276501,0.011848184935519812,0,0,16,16,1e-10,SPLIT_BEYOND_ALLOWANCE,False,,,,SPLIT_BEYOND_ALLOWANCE
fiber_001,31,B0|B1|B2|B3|B4,0.23403892062134196,0.27025363780472778,0.036214717183385814,0,0,8,8,1e-10,SPLIT_BEYOND_ALLOWANCE,False,,,,SPLIT_BEYOND_ALLOWANCE
fiber_001,32,B5,0.0073217621830363915,0.008778579426883695,0.0014568172438473035,0,0,2,2,1e-10,SPLIT_BEYOND_ALLOWANCE,False,,,,SPLIT_BEYOND_ALLOWANCE
fiber_001,33,B0|B5,0.32797645128481856,0.31061306233854763,0.01736338894627093,0,0,4,4,1e-10,SPLIT_BEYOND_ALLOWANCE,False,,,,SPLIT_BEYOND_ALLOWANCE
fiber_001,34,B1|B5,0.12220172524821239,0.12306518419407669,0.00086345894586430105,0,0,4,4,1e-10,SPLIT_BEYOND_ALLOWANCE,False,,,,SPLIT_BEYOND_ALLOWANCE
fiber_001,35,B0|B1|B5,0.41526011828827736,0.39545399119573671,0.019806127092540649,0,0,8,8,1e-10,SPLIT_BEYOND_ALLOWANCE,False,,,,SPLIT_BEYOND_ALLOWANCE
fiber_001,36,B2|B5,0.16968966619264031,0.20925103681033391,0.039561370617693603,0,0,4,4,1e-10,SPLIT_BEYOND_ALLOWANCE,False,,,,SPLIT_BEYOND_ALLOWANCE
fiber_001,37,B0|B2|B5,0.39876122872490688,0.40816769649709239,0.0094064677721855117,0,0,8,8,1e-10,SPLIT_BEYOND_ALLOWANCE,False,,,,SPLIT_BEYOND_ALLOWANCE
fiber_001,38,B1|B2|B5,0.27501467731966189,0.31488480107524908,0.039870123755587183,0,0,8,8,1e-10,SPLIT_BEYOND_ALLOWANCE,False,,,,SPLIT_BEYOND_ALLOWANCE
fiber_001,39,B0|B1|B2|B5,0.46210001772018316,0.46639671990795978,0.0042967021877766132,0,0,16,16,1e-10,SPLIT_BEYOND_ALLOWANCE,False,,,,SPLIT_BEYOND_ALLOWANCE
fiber_001,40,B3|B5,0.20206318178349564,0.19935297500195695,0.0027102067815386877,0,0,4,4,1e-10,SPLIT_BEYOND_ALLOWANCE,False,,,,SPLIT_BEYOND_ALLOWANCE
fiber_001,41,B0|B3|B5,0.41188179434156957,0.41025249332407948,0.0016293010174900924,0,0,8,8,1e-10,SPLIT_BEYOND_ALLOWANCE,False,,,,SPLIT_BEYOND_ALLOWANCE
fiber_001,42,B1|B3|B5,0.29364389856638445,0.2921355860443538,0.0015083125220306526,0,0,8,8,1e-10,SPLIT_BEYOND_ALLOWANCE,False,,,,SPLIT_BEYOND_ALLOWANCE
fiber_001,43,B0|B1|B3|B5,0.45376303936979434,0.45026524841355647,0.0034977909562378673,0,0,16,16,1e-10,SPLIT_BEYOND_ALLOWANCE,False,,,,SPLIT_BEYOND_ALLOWANCE
fiber_001,44,B2|B3|B5,0.31264699170134624,0.33631299851371976,0.023666006812373519,0,0,8,8,1e-10,SPLIT_BEYOND_ALLOWANCE,False,,,,SPLIT_BEYOND_ALLOWANCE
fiber_001,45,B0|B2|B3|B5,0.42702415920182879,0.43962197878287029,0.012597819581041503,0,0,16,16,1e-10,SPLIT_BEYOND_ALLOWANCE,False,,,,SPLIT_BEYOND_ALLOWANCE
fiber_001,46,B1|B2|B3|B5,0.3781574384491253,0.40154894084765758,0.023391502398532271,0,0,16,16,1e-10,SPLIT_BEYOND_ALLOWANCE,False,,,,SPLIT_BEYOND_ALLOWANCE
fiber_001,47,B0|B1|B2|B3|B5,0.43152839968058326,0.43907638196876697,0.0075479822881837078,0,0,8,8,1e-10,SPLIT_BEYOND_ALLOWANCE,False,,,,SPLIT_BEYOND_ALLOWANCE
fiber_001,48,B4|B5,0.31336034769290122,0.30933133469673274,0.0040290129961684795,0,0,4,4,1e-10,SPLIT_BEYOND_ALLOWANCE,False,,,,SPLIT_BEYOND_ALLOWANCE
fiber_001,49,B0|B4|B5,0.35750723925187949,0.37913953643723003,0.021632297185350535,0,0,8,8,1e-10,SPLIT_BEYOND_ALLOWANCE,False,,,,SPLIT_BEYOND_ALLOWANCE
fiber_001,50,B1|B4|B5,0.39788845781766419,0.39825074538327615,0.00036228756561196285,0,0,8,8,1e-10,SPLIT_BEYOND_ALLOWANCE,False,,,,SPLIT_BEYOND_ALLOWANCE
fiber_001,51,B0|B1|B4|B5,0.4010421799783504,0.41700818892314728,0.015966008944796883,0,0,16,16,1e-10,SPLIT_BEYOND_ALLOWANCE,False,,,,SPLIT_BEYOND_ALLOWANCE
fiber_001,52,B2|B4|B5,0.41033148852167312,0.43285688212082768,0.022525393599154564,0,0,8,8,1e-10,SPLIT_BEYOND_ALLOWANCE,False,,,,SPLIT_BEYOND_ALLOWANCE
fiber_001,53,B0|B2|B4|B5,0.35086715857765222,0.38721934652840717,0.036352187950754955,0,0,16,16,1e-10,SPLIT_BEYOND_ALLOWANCE,False,,,,SPLIT_BEYOND_ALLOWANCE
fiber_001,54,B1|B2|B4|B5,0.46504409366170918,0.49153614959534164,0.026492055933632463,0,0,16,16,1e-10,SPLIT_BEYOND_ALLOWANCE,False,,,,SPLIT_BEYOND_ALLOWANCE
fiber_001,55,B0|B1|B2|B4|B5,0.35741188136200591,0.38448271793396194,0.027070836571956025,0,0,8,8,1e-10,SPLIT_BEYOND_ALLOWANCE,False,,,,SPLIT_BEYOND_ALLOWANCE
fiber_001,56,B3|B4|B5,0.4374846479677833,0.4361080304036844,0.0013766175640989031,0,0,8,8,1e-10,SPLIT_BEYOND_ALLOWANCE,False,,,,SPLIT_BEYOND_ALLOWANCE
fiber_001,57,B0|B3|B4|B5,0.3538998315720876,0.39833766612981797,0.044437834557730371,0,0,16,16,1e-10,SPLIT_BEYOND_ALLOWANCE,False,,,,SPLIT_BEYOND_ALLOWANCE
fiber_001,58,B1|B3|B4|B5,0.4764322477996506,0.48107805931125402,0.004645811511603426,0,0,16,16,1e-10,SPLIT_BEYOND_ALLOWANCE,False,,,,SPLIT_BEYOND_ALLOWANCE
fiber_001,59,B0|B1|B3|B4|B5,0.342152589158293,0.38400898341223733,0.041856394253944329,0,0,8,8,1e-10,SPLIT_BEYOND_ALLOWANCE,False,,,,SPLIT_BEYOND_ALLOWANCE
fiber_001,60,B2|B3|B4|B5,0.4711628661696442,0.48055032313309337,0.00938745696344917,0,0,16,16,1e-10,SPLIT_BEYOND_ALLOWANCE,False,,,,SPLIT_BEYOND_ALLOWANCE
fiber_001,61,B0|B2|B3|B4|B5,0.27546758761042911,0.31799081005323548,0.042523222442806374,0,0,8,8,1e-10,SPLIT_BEYOND_ALLOWANCE,False,,,,SPLIT_BEYOND_ALLOWANCE
fiber_001,62,B1|B2|B3|B4|B5,0.47202903758615117,0.48375872378963858,0.011729686203487411,0,0,8,8,1e-10,SPLIT_BEYOND_ALLOWANCE,False,,,,SPLIT_BEYOND_ALLOWANCE
fiber_001,63,B0|B1|B2|B3|B4|B5,0.22987209066279288,0.26507664059943997,0.035204549936647095,0,0,4,4,1e-10,SPLIT_BEYOND_ALLOWANCE,False,,,,SPLIT_BEYOND_ALLOWANCE
fiber_001,64,B6,0.16952912067775772,0.20924137277051971,0.039712252092761996,0,0,2,2,1e-10,SPLIT_BEYOND_ALLOWANCE,False,,,,SPLIT_BEYOND_ALLOWANCE
fiber_001,65,B0|B6,0.4563681804823797,0.47115099173727742,0.014782811254897721,0,0,4,4,1e-10,SPLIT_BEYOND_ALLOWANCE,False,,,,SPLIT_BEYOND_ALLOWANCE
fiber_001,66,B1|B6,0.23035866046119316,0.27731727477499479,0.046958614313801633,0,0,4,4,1e-10,SPLIT_BEYOND_ALLOWANCE,False,,,,SPLIT_BEYOND_ALLOWANCE
fiber_001,67,B0|B1|B6,0.47869614492011936,0.49130806857656373,0.012611923656444368,0,0,8,8,1e-10,SPLIT_BEYOND_ALLOWANCE,False,,,,SPLIT_BEYOND_ALLOWANCE
fiber_001,68,B2|B6,0.29777513289243512,0.34791877080693495,0.050143637914499828,0,0,4,4,1e-10,SPLIT_BEYOND_ALLOWANCE,False,,,,SPLIT_BEYOND_ALLOWANCE
fiber_001,69,B0|B2|B6,0.48179393745442517,0.49332541138245312,0.011531473928027947,0,0,8,8,1e-10,SPLIT_BEYOND_ALLOWANCE,False,,,,SPLIT_BEYOND_ALLOWANCE
fiber_001,70,B1|B2|B6,0.32993007972016131,0.38261335483380232,0.052683275113641015,0,0,8,8,1e-10,SPLIT_BEYOND_ALLOWANCE,False,,,,SPLIT_BEYOND_ALLOWANCE
fiber_001,71,B0|B1|B2|B6,0.46585311627019405,0.47119570044407777,0.0053425841738837243,0,0,16,16,1e-10,SPLIT_BEYOND_ALLOWANCE,False,,,,SPLIT_BEYOND_ALLOWANCE
fiber_001,72,B3|B6,0.33642986707666583,0.36487646991800987,0.028446602841344037,0,0,4,4,1e-10,SPLIT_BEYOND_ALLOWANCE,False,,,,SPLIT_BEYOND_ALLOWANCE
fiber_001,73,B0|B3|B6,0.49664758091105926,0.52137139191257309,0.024723811001513829,0,0,8,8,1e-10,SPLIT_BEYOND_ALLOWANCE,False,,,,SPLIT_BEYOND_ALLOWANCE
fiber_001,74,B1|B3|B6,0.34952956572004634,0.38767769794021772,0.038148132220171382,0,0,8,8,1e-10,SPLIT_BEYOND_ALLOWANCE,False,,,,SPLIT_BEYOND_ALLOWANCE
fiber_001,75,B0|B1|B3|B6,0.46120371853633824,0.48164462153450033,0.020440902998162092,0,0,16,16,1e-10,SPLIT_BEYOND_ALLOWANCE,False,,,,SPLIT_BEYOND_ALLOWANCE
fiber_001,76,B2|B3|B6,0.39866395787054165,0.42089430667871297,0.022230348808171319,0,0,8,8,1e-10,SPLIT_BEYOND_ALLOWANCE,False,,,,SPLIT_BEYOND_ALLOWANCE
fiber_001,77,B0|B2|B3|B6,0.45122063127226619,0.45328055425185287,0.0020599229795866814,0,0,16,16,1e-10,SPLIT_BEYOND_ALLOWANCE,False,,,,SPLIT_BEYOND_ALLOWANCE
fiber_001,78,B1|B2|B3|B6,0.37491644610168329,0.40159556014636588,0.026679114044682595,0,0,16,16,1e-10,SPLIT_BEYOND_ALLOWANCE,False,,,,SPLIT_BEYOND_ALLOWANCE
fiber_001,79,B0|B1|B2|B3|B6,0.37887094906331342,0.37583802151395224,0.0030329275493611862,0,0,8,8,1e-10,SPLIT_BEYOND_ALLOWANCE,False,,,,SPLIT_BEYOND_ALLOWANCE
fiber_001,80,B4|B6,0.3992091953338644,0.41157147284088341,0.012362277507019015,0,0,4,4,1e-10,SPLIT_BEYOND_ALLOWANCE,False,,,,SPLIT_BEYOND_ALLOWANCE
fiber_001,81,B0|B4|B6,0.39896041120976938,0.42432814463432372,0.02536773342455434,0,0,8,8,1e-10,SPLIT_BEYOND_ALLOWANCE,False,,,,SPLIT_BEYOND_ALLOWANCE
fiber_001,82,B1|B4|B6,0.41633698921867451,0.43424704443112139,0.017910055212446874,0,0,8,8,1e-10,SPLIT_BEYOND_ALLOWANCE,False,,,,SPLIT_BEYOND_ALLOWANCE
fiber_001,83,B0|B1|B4|B6,0.34975092959779908,0.37521241969748798,0.025461490099688899,0,0,16,16,1e-10,SPLIT_BEYOND_ALLOWANCE,False,,,,SPLIT_BEYOND_ALLOWANCE
fiber_001,84,B2|B4|B6,0.43786917232858513,0.44324126532380187,0.0053720929952167373,0,0,8,8,1e-10,SPLIT_BEYOND_ALLOWANCE,False,,,,SPLIT_BEYOND_ALLOWANCE
fiber_001,85,B0|B2|B4|B6,0.33163008682518447,0.33578555790339049,0.0041554710782060189,0,0,16,16,1e-10,SPLIT_BEYOND_ALLOWANCE,False,,,,SPLIT_BEYOND_ALLOWANCE
fiber_001,86,B1|B2|B4|B6,0.42029464088532592,0.42835168231127563,0.008057041425949707,0,0,16,16,1e-10,SPLIT_BEYOND_ALLOWANCE,False,,,,SPLIT_BEYOND_ALLOWANCE
fiber_001,87,B0|B1|B2|B4|B6,0.25084747521450107,0.25368738011264508,0.0028399048981440078,0,0,8,8,1e-10,SPLIT_BEYOND_ALLOWANCE,False,,,,SPLIT_BEYOND_ALLOWANCE
fiber_001,88,B3|B4|B6,0.47263466321442749,0.47837132727854448,0.0057366640641169919,0,0,8,8,1e-10,SPLIT_BEYOND_ALLOWANCE,False,,,,SPLIT_BEYOND_ALLOWANCE
fiber_001,89,B0|B3|B4|B6,0.33289334828008565,0.37055560563339429,0.037662257353308637,0,0,16,16,1e-10,SPLIT_BEYOND_ALLOWANCE,False,,,,SPLIT_BEYOND_ALLOWANCE
fiber_001,90,B1|B3|B4|B6,0.43173258777758106,0.44252481333611504,0.010792225558533985,0,0,16,16,1e-10,SPLIT_BEYOND_ALLOWANCE,False,,,,SPLIT_BEYOND_ALLOWANCE
fiber_001,91,B0|B1|B3|B4|B6,0.23845464963847288,0.27629762056540924,0.037842970926936365,0,0,8,8,1e-10,SPLIT_BEYOND_ALLOWANCE,False,,,,SPLIT_BEYOND_ALLOWANCE
fiber_001,92,B2|B3|B4|B6,0.44633403368618035,0.43119239502933976,0.015141638656840595,0,0,16,16,1e-10,SPLIT_BEYOND_ALLOWANCE,False,,,,SPLIT_BEYOND_ALLOWANCE
fiber_001,93,B0|B2|B3|B4|B6,0.19512791837814575,0.1956908164400413,0.00056289806189555036,0,0,8,8,1e-10,SPLIT_BEYOND_ALLOWANCE,False,,,,SPLIT_BEYOND_ALLOWANCE
fiber_001,94,B1|B2|B3|B4|B6,0.37491034775270882,0.36153467227072333,0.013375675481985483,0,0,8,8,1e-10,SPLIT_BEYOND_ALLOWANCE,False,,,,SPLIT_BEYOND_ALLOWANCE
fiber_001,95,B0|B1|B2|B3|B4|B6,0.086191481822414373,0.087870276518591667,0.0016787946961772937,0,0,4,4,1e-10,SPLIT_BEYOND_ALLOWANCE,False,,,,SPLIT_BEYOND_ALLOWANCE
fiber_001,96,B5|B6,0.17487060646987101,0.21579738189020362,0.040926775420332601,0,0,4,4,1e-10,SPLIT_BEYOND_ALLOWANCE,False,,,,SPLIT_BEYOND_ALLOWANCE
fiber_001,97,B0|B5|B6,0.45842217156655413,0.47346810344384199,0.015045931877287866,0,0,8,8,1e-10,SPLIT_BEYOND_ALLOWANCE,False,,,,SPLIT_BEYOND_ALLOWANCE
fiber_001,98,B1|B5|B6,0.23369875857084818,0.28091444120026915,0.047215682629420969,0,0,8,8,1e-10,SPLIT_BEYOND_ALLOWANCE,False,,,,SPLIT_BEYOND_ALLOWANCE
fiber_001,99,B0|B1|B5|B6,0.47847259532239134,0.49059517049556456,0.012122575173173222,0,0,16,16,1e-10,SPLIT_BEYOND_ALLOWANCE,False,,,,SPLIT_BEYOND_ALLOWANCE
fiber_001,100,B2|B5|B6,0.30115391701045102,0.35195365382520094,0.050799736814749918,0,0,8,8,1e-10,SPLIT_BEYOND_ALLOWANCE,False,,,,SPLIT_BEYOND_ALLOWANCE
fiber_001,101,B0|B2|B5|B6,0.48218061252955685,0.49359132029845043,0.01141070776889358,0,0,16,16,1e-10,SPLIT_BEYOND_ALLOWANCE,False,,,,SPLIT_BEYOND_ALLOWANCE
fiber_001,102,B1|B2|B5|B6,0.33146151973876165,0.38431808957321478,0.052856569834453138,0,0,16,16,1e-10,SPLIT_BEYOND_ALLOWANCE,False,,,,SPLIT_BEYOND_ALLOWANCE
fiber_001,103,B0|B1|B2|B5|B6,0.4638275574752756,0.46817966551251322,0.0043521080372376231,0,0,8,8,1e-10,SPLIT_BEYOND_ALLOWANCE,False,,,,SPLIT_BEYOND_ALLOWANCE
fiber_001,104,B3|B5|B6,0.34034331869512563,0.36986467973913228,0.029521361044006655,0,0,8,8,1e-10,SPLIT_BEYOND_ALLOWANCE,False,,,,SPLIT_BEYOND_ALLOWANCE
fiber_001,105,B0|B3|B5|B6,0.49692684452496788,0.52160780318521438,0.024680958660246499,0,0,16,16,1e-10,SPLIT_BEYOND_ALLOWANCE,False,,,,SPLIT_BEYOND_ALLOWANCE
fiber_001,106,B1|B3|B5|B6,0.35114177834140597,0.38939337307428068,0.038251594732874705,0,0,16,16,1e-10,SPLIT_BEYOND_ALLOWANCE,False,,,,SPLIT_BEYOND_ALLOWANCE
fiber_001,107,B0|B1|B3|B5|B6,0.45925681114633832,0.47882827614109846,0.019571464994760146,0,0,8,8,1e-10,SPLIT_BEYOND_ALLOWANCE,False,,,,SPLIT_BEYOND_ALLOWANCE
fiber_001,108,B2|B3|B5|B6,0.40053112359482329,0.42313667364696028,0.022605550052136991,0,0,16,16,1e-10,SPLIT_BEYOND_ALLOWANCE,False,,,,SPLIT_BEYOND_ALLOWANCE
fiber_001,109,B0|B2|B3|B5|B6,0.44969987469973,0.451460194999807,0.0017603203000770007,0,0,8,8,1e-10,SPLIT_BEYOND_ALLOWANCE,False,,,,SPLIT_BEYOND_ALLOWANCE
fiber_001,110,B1|B2|B3|B5|B6,0.37484314889125236,0.40132862145174691,0.02648547256049455,0,0,8,8,1e-10,SPLIT_BEYOND_ALLOWANCE,False,,,,SPLIT_BEYOND_ALLOWANCE
fiber_001,111,B0|B1|B2|B3|B5|B6,0.37517054832227553,0.37087293950367045,0.0042976088186050809,0,0,4,4,1e-10,SPLIT_BEYOND_ALLOWANCE,False,,,,SPLIT_BEYOND_ALLOWANCE
fiber_001,112,B4|B5|B6,0.40093317188560446,0.41399179173790518,0.013058619852300724,0,0,8,8,1e-10,SPLIT_BEYOND_ALLOWANCE,False,,,,SPLIT_BEYOND_ALLOWANCE
fiber_001,113,B0|B4|B5|B6,0.39709679136511411,0.42225781051074401,0.025161019145629904,0,0,16,16,1e-10,SPLIT_BEYOND_ALLOWANCE,False,,,,SPLIT_BEYOND_ALLOWANCE
fiber_001,114,B1|B4|B5|B6,0.41595991220396245,0.43383485726778287,0.017874945063820424,0,0,16,16,1e-10,SPLIT_BEYOND_ALLOWANCE,False,,,,SPLIT_BEYOND_ALLOWANCE
fiber_001,115,B0|B1|B4|B5|B6,0.34602308677763921,0.3703911331208079,0.024368046343168692,0,0,8,8,1e-10,SPLIT_BEYOND_ALLOWANCE,False,,,,SPLIT_BEYOND_ALLOWANCE
fiber_001,116,B2|B4|B5|B6,0.43781681950636303,0.44340233150380731,0.0055855119974442813,0,0,16,16,1e-10,SPLIT_BEYOND_ALLOWANCE,False,,,,SPLIT_BEYOND_ALLOWANCE
fiber_001,117,B0|B2|B4|B5|B6,0.32833794825467588,0.33215845562298668,0.0038205073683107993,0,0,8,8,1e-10,SPLIT_BEYOND_ALLOWANCE,False,,,,SPLIT_BEYOND_ALLOWANCE
fiber_001,118,B1|B2|B4|B5|B6,0.41796473039999327,0.42561084856871667,0.0076461181687234037,0,0,8,8,1e-10,SPLIT_BEYOND_ALLOWANCE,False,,,,SPLIT_BEYOND_ALLOWANCE
fiber_001,119,B0|B1|B2|B4|B5|B6,0.24508865029939325,0.24639609735364693,0.0013074470542536742,0,0,4,4,1e-10,SPLIT_BEYOND_ALLOWANCE,False,,,,SPLIT_BEYOND_ALLOWANCE
fiber_001,120,B3|B4|B5|B6,0.47259737145329173,0.47868510881031506,0.0060877373570233373,0,0,16,16,1e-10,SPLIT_BEYOND_ALLOWANCE,False,,,,SPLIT_BEYOND_ALLOWANCE
fiber_001,121,B0|B3|B4|B5|B6,0.32933230699348326,0.36660347582512343,0.037271168831640167,0,0,8,8,1e-10,SPLIT_BEYOND_ALLOWANCE,False,,,,SPLIT_BEYOND_ALLOWANCE
fiber_001,122,B1|B3|B4|B5|B6,0.42946533704501805,0.43981641378992781,0.01035107674490976,0,0,8,8,1e-10,SPLIT_BEYOND_ALLOWANCE,False,,,,SPLIT_BEYOND_ALLOWANCE
fiber_001,123,B0|B1|B3|B4|B5|B6,0.23302305589415565,0.26955850245657287,0.036535446562417223,0,0,4,4,1e-10,SPLIT_BEYOND_ALLOWANCE,False,,,,SPLIT_BEYOND_ALLOWANCE
fiber_001,124,B2|B3|B4|B5|B6,0.4443486306333802,0.42919467651402904,0.015153954119351165,0,0,8,8,1e-10,SPLIT_BEYOND_ALLOWANCE,False,,,,SPLIT_BEYOND_ALLOWANCE
fiber_001,125,B0|B2|B3|B4|B5|B6,0.18992827229082646,0.19027937567511227,0.00035110338428581689,0,0,4,4,1e-10,SPLIT_BEYOND_ALLOWANCE,False,,,,SPLIT_BEYOND_ALLOWANCE
fiber_001,126,B1|B2|B3|B4|B5|B6,0.37085704413890669,0.35671742498007469,0.014139619158831995,0,0,4,4,1e-10,SPLIT_BEYOND_ALLOWANCE,False,,,,SPLIT_BEYOND_ALLOWANCE
fiber_001,127,B0|B1|B2|B3|B4|B5|B6,0.079299027573334221,0.079545499154945007,0.00024647158161078542,0,0,2,2,1e-10,SPLIT_BEYOND_ALLOWANCE,False,,,,SPLIT_BEYOND_ALLOWANCE
fiber_001,128,B7,0.079299027573334332,0.079545499154945062,0.00024647158161072991,0,0,2,2,1e-10,SPLIT_BEYOND_ALLOWANCE,False,,,,SPLIT_BEYOND_ALLOWANCE
fiber_001,129,B0|B7,0.37085704413890652,0.35671742498007492,0.014139619158831607,0,0,4,4,1e-10,SPLIT_BEYOND_ALLOWANCE,False,,,,SPLIT_BEYOND_ALLOWANCE
fiber_001,130,B1|B7,0.18992827229082632,0.19027937567511222,0.00035110338428590016,0,0,4,4,1e-10,SPLIT_BEYOND_ALLOWANCE,False,,,,SPLIT_BEYOND_ALLOWANCE
fiber_001,131,B0|B1|B7,0.4443486306333802,0.42919467651402921,0.015153954119350999,0,0,8,8,1e-10,SPLIT_BEYOND_ALLOWANCE,False,,,,SPLIT_BEYOND_ALLOWANCE
fiber_001,132,B2|B7,0.23302305589415537,0.2695585024565727,0.036535446562417334,0,0,4,4,1e-10,SPLIT_BEYOND_ALLOWANCE,False,,,,SPLIT_BEYOND_ALLOWANCE
fiber_001,133,B0|B2|B7,0.42946533704501799,0.43981641378992747,0.010351076744909482,0,0,8,8,1e-10,SPLIT_BEYOND_ALLOWANCE,False,,,,SPLIT_BEYOND_ALLOWANCE
fiber_001,134,B1|B2|B7,0.32933230699348315,0.36660347582512354,0.037271168831640389,0,0,8,8,1e-10,SPLIT_BEYOND_ALLOWANCE,False,,,,SPLIT_BEYOND_ALLOWANCE
fiber_001,135,B0|B1|B2|B7,0.47259737145329173,0.47868510881031534,0.0060877373570236148,0,0,16,16,1e-10,SPLIT_BEYOND_ALLOWANCE,False,,,,SPLIT_BEYOND_ALLOWANCE
fiber_001,136,B3|B7,0.24508865029939317,0.24639609735364729,0.0013074470542541183,0,0,4,4,1e-10,SPLIT_BEYOND_ALLOWANCE,False,,,,SPLIT_BEYOND_ALLOWANCE
fiber_001,137,B0|B3|B7,0.41796473039999293,0.42561084856871656,0.0076461181687236257,0,0,8,8,1e-10,SPLIT_BEYOND_ALLOWANCE,False,,,,SPLIT_BEYOND_ALLOWANCE
fiber_001,138,B1|B3|B7,0.32833794825467605,0.33215845562298707,0.0038205073683110213,0,0,8,8,1e-10,SPLIT_BEYOND_ALLOWANCE,False,,,,SPLIT_BEYOND_ALLOWANCE
fiber_001,139,B0|B1|B3|B7,0.43781681950636331,0.44340233150380765,0.0055855119974443368,0,0,16,16,1e-10,SPLIT_BEYOND_ALLOWANCE,False,,,,SPLIT_BEYOND_ALLOWANCE
fiber_001,140,B2|B3|B7,0.3460230867776391,0.37039113312080774,0.024368046343168637,0,0,8,8,1e-10,SPLIT_BEYOND_ALLOWANCE,False,,,,SPLIT_BEYOND_ALLOWANCE
fiber_001,141,B0|B2|B3|B7,0.41595991220396211,0.43383485726778281,0.017874945063820702,0,0,16,16,1e-10,SPLIT_BEYOND_ALLOWANCE,False,,,,SPLIT_BEYOND_ALLOWANCE
fiber_001,142,B1|B2|B3|B7,0.39709679136511394,0.4222578105107439,0.025161019145629959,0,0,16,16,1e-10,SPLIT_BEYOND_ALLOWANCE,False,,,,SPLIT_BEYOND_ALLOWANCE
fiber_001,143,B0|B1|B2|B3|B7,0.40093317188560423,0.41399179173790535,0.013058619852301112,0,0,8,8,1e-10,SPLIT_BEYOND_ALLOWANCE,False,,,,SPLIT_BEYOND_ALLOWANCE
fiber_001,144,B4|B7,0.37517054832227559,0.3708729395036704,0.0042976088186051919,0,0,4,4,1e-10,SPLIT_BEYOND_ALLOWANCE,False,,,,SPLIT_BEYOND_ALLOWANCE
fiber_001,145,B0|B4|B7,0.37484314889125231,0.40132862145174703,0.026485472560494716,0,0,8,8,1e-10,SPLIT_BEYOND_ALLOWANCE,False,,,,SPLIT_BEYOND_ALLOWANCE
fiber_001,146,B1|B4|B7,0.44969987469973016,0.45146019499980683,0.0017603203000766676,0,0,8,8,1e-10,SPLIT_BEYOND_ALLOWANCE,False,,,,SPLIT_BEYOND_ALLOWANCE
fiber_001,147,B0|B1|B4|B7,0.40053112359482324,0.42313667364696012,0.02260555005213688,0,0,16,16,1e-10,SPLIT_BEYOND_ALLOWANCE,False,,,,SPLIT_BEYOND_ALLOWANCE
fiber_001,148,B2|B4|B7,0.45925681114633815,0.47882827614109846,0.019571464994760313,0,0,8,8,1e-10,SPLIT_BEYOND_ALLOWANCE,False,,,,SPLIT_BEYOND_ALLOWANCE
fiber_001,149,B0|B2|B4|B7,0.35114177834140592,0.3893933730742804,0.038251594732874483,0,0,16,16,1e-10,SPLIT_BEYOND_ALLOWANCE,False,,,,SPLIT_BEYOND_ALLOWANCE
fiber_001,150,B1|B2|B4|B7,0.49692684452496821,0.52160780318521471,0.024680958660246499,0,0,16,16,1e-10,SPLIT_BEYOND_ALLOWANCE,False,,,,SPLIT_BEYOND_ALLOWANCE
fiber_001,151,B0|B1|B2|B4|B7,0.34034331869512569,0.36986467973913223,0.029521361044006544,0,0,8,8,1e-10,SPLIT_BEYOND_ALLOWANCE,False,,,,SPLIT_BEYOND_ALLOWANCE
fiber_001,152,B3|B4|B7,0.4638275574752761,0.468179665512513,0.0043521080372369014,0,0,8,8,1e-10,SPLIT_BEYOND_ALLOWANCE,False,,,,SPLIT_BEYOND_ALLOWANCE
fiber_001,153,B0|B3|B4|B7,0.3314615197387617,0.38431808957321467,0.052856569834452971,0,0,16,16,1e-10,SPLIT_BEYOND_ALLOWANCE,False,,,,SPLIT_BEYOND_ALLOWANCE
fiber_001,154,B1|B3|B4|B7,0.48218061252955696,0.49359132029845076,0.011410707768893802,0,0,16,16,1e-10,SPLIT_BEYOND_ALLOWANCE,False,,,,SPLIT_BEYOND_ALLOWANCE
fiber_001,155,B0|B1|B3|B4|B7,0.30115391701045102,0.351953653825201,0.050799736814749974,0,0,8,8,1e-10,SPLIT_BEYOND_ALLOWANCE,False,,,,SPLIT_BEYOND_ALLOWANCE
fiber_001,156,B2|B3|B4|B7,0.478472595322391,0.49059517049556473,0.012122575173173722,0,0,16,16,1e-10,SPLIT_BEYOND_ALLOWANCE,False,,,,SPLIT_BEYOND_ALLOWANCE
fiber_001,157,B0|B2|B3|B4|B7,0.2336987585708484,0.28091444120026937,0.047215682629420969,0,0,8,8,1e-10,SPLIT_BEYOND_ALLOWANCE,False,,,,SPLIT_BEYOND_ALLOWANCE
fiber_001,158,B1|B2|B3|B4|B7,0.45842217156655424,0.47346810344384171,0.015045931877287477,0,0,8,8,1e-10,SPLIT_BEYOND_ALLOWANCE,False,,,,SPLIT_BEYOND_ALLOWANCE
fiber_001,159,B0|B1|B2|B3|B4|B7,0.17487060646987121,0.21579738189020364,0.040926775420332434,0,0,4,4,1e-10,SPLIT_BEYOND_ALLOWANCE,False,,,,SPLIT_BEYOND_ALLOWANCE
fiber_001,160,B5|B7,0.08619148182241447,0.08787027651859175,0.0016787946961772798,0,0,4,4,1e-10,SPLIT_BEYOND_ALLOWANCE,False,,,,SPLIT_BEYOND_ALLOWANCE
fiber_001,161,B0|B5|B7,0.37491034775270865,0.36153467227072317,0.013375675481985483,0,0,8,8,1e-10,SPLIT_BEYOND_ALLOWANCE,False,,,,SPLIT_BEYOND_ALLOWANCE
fiber_001,162,B1|B5|B7,0.19512791837814586,0.19569081644004127,0.00056289806189541158,0,0,8,8,1e-10,SPLIT_BEYOND_ALLOWANCE,False,,,,SPLIT_BEYOND_ALLOWANCE
fiber_001,163,B0|B1|B5|B7,0.44633403368618046,0.43119239502934015,0.015141638656840317,0,0,16,16,1e-10,SPLIT_BEYOND_ALLOWANCE,False,,,,SPLIT_BEYOND_ALLOWANCE
fiber_001,164,B2|B5|B7,0.23845464963847265,0.2762976205654093,0.037842970926936642,0,0,8,8,1e-10,SPLIT_BEYOND_ALLOWANCE,False,,,,SPLIT_BEYOND_ALLOWANCE
fiber_001,165,B0|B2|B5|B7,0.43173258777758106,0.4425248133361151,0.010792225558534041,0,0,16,16,1e-10,SPLIT_BEYOND_ALLOWANCE,False,,,,SPLIT_BEYOND_ALLOWANCE
fiber_001,166,B1|B2|B5|B7,0.33289334828008604,0.37055560563339418,0.037662257353308137,0,0,16,16,1e-10,SPLIT_BEYOND_ALLOWANCE,False,,,,SPLIT_BEYOND_ALLOWANCE
fiber_001,167,B0|B1|B2|B5|B7,0.47263466321442715,0.47837132727854459,0.005736664064117436,0,0,8,8,1e-10,SPLIT_BEYOND_ALLOWANCE,False,,,,SPLIT_BEYOND_ALLOWANCE
fiber_001,168,B3|B5|B7,0.25084747521450085,0.25368738011264497,0.0028399048981441188,0,0,8,8,1e-10,SPLIT_BEYOND_ALLOWANCE,False,,,,SPLIT_BEYOND_ALLOWANCE
fiber_001,169,B0|B3|B5|B7,0.42029464088532587,0.42835168231127585,0.0080570414259499845,0,0,16,16,1e-10,SPLIT_BEYOND_ALLOWANCE,False,,,,SPLIT_BEYOND_ALLOWANCE
fiber_001,170,B1|B3|B5|B7,0.33163008682518436,0.33578555790339049,0.0041554710782061299,0,0,16,16,1e-10,SPLIT_BEYOND_ALLOWANCE,False,,,,SPLIT_BEYOND_ALLOWANCE
fiber_001,171,B0|B1|B3|B5|B7,0.43786917232858541,0.44324126532380198,0.0053720929952165708,0,0,8,8,1e-10,SPLIT_BEYOND_ALLOWANCE,False,,,,SPLIT_BEYOND_ALLOWANCE
fiber_001,172,B2|B3|B5|B7,0.3497509295977988,0.37521241969748792,0.025461490099689121,0,0,16,16,1e-10,SPLIT_BEYOND_ALLOWANCE,False,,,,SPLIT_BEYOND_ALLOWANCE
fiber_001,173,B0|B2|B3|B5|B7,0.41633698921867446,0.4342470444311215,0.01791005521244704,0,0,8,8,1e-10,SPLIT_BEYOND_ALLOWANCE,False,,,,SPLIT_BEYOND_ALLOWANCE
fiber_001,174,B1|B2|B3|B5|B7,0.39896041120976983,0.42432814463432411,0.025367733424554284,0,0,8,8,1e-10,SPLIT_BEYOND_ALLOWANCE,False,,,,SPLIT_BEYOND_ALLOWANCE
fiber_001,175,B0|B1|B2|B3|B5|B7,0.39920919533386451,0.41157147284088352,0.012362277507019015,0,0,4,4,1e-10,SPLIT_BEYOND_ALLOWANCE,False,,,,SPLIT_BEYOND_ALLOWANCE
fiber_001,176,B4|B5|B7,0.3788709490633137,0.37583802151395235,0.0030329275493613528,0,0,8,8,1e-10,SPLIT_BEYOND_ALLOWANCE,False,,,,SPLIT_BEYOND_ALLOWANCE
fiber_001,177,B0|B4|B5|B7,0.37491644610168329,0.40159556014636599,0.026679114044682706,0,0,16,16,1e-10,SPLIT_BEYOND_ALLOWANCE,False,,,,SPLIT_BEYOND_ALLOWANCE
fiber_001,178,B1|B4|B5|B7,0.45122063127226619,0.45328055425185287,0.0020599229795866814,0,0,16,16,1e-10,SPLIT_BEYOND_ALLOWANCE,False,,,,SPLIT_BEYOND_ALLOWANCE
fiber_001,179,B0|B1|B4|B5|B7,0.39866395787054171,0.42089430667871308,0.022230348808171374,0,0,8,8,1e-10,SPLIT_BEYOND_ALLOWANCE,False,,,,SPLIT_BEYOND_ALLOWANCE
fiber_001,180,B2|B4|B5|B7,0.46120371853633829,0.48164462153450061,0.020440902998162314,0,0,16,16,1e-10,SPLIT_BEYOND_ALLOWANCE,False,,,,SPLIT_BEYOND_ALLOWANCE
fiber_001,181,B0|B2|B4|B5|B7,0.34952956572004629,0.38767769794021784,0.038148132220171549,0,0,8,8,1e-10,SPLIT_BEYOND_ALLOWANCE,False,,,,SPLIT_BEYOND_ALLOWANCE
fiber_001,182,B1|B2|B4|B5|B7,0.49664758091105921,0.52137139191257309,0.024723811001513885,0,0,8,8,1e-10,SPLIT_BEYOND_ALLOWANCE,False,,,,SPLIT_BEYOND_ALLOWANCE
fiber_001,183,B0|B1|B2|B4|B5|B7,0.33642986707666567,0.3648764699180097,0.028446602841344037,0,0,4,4,1e-10,SPLIT_BEYOND_ALLOWANCE,False,,,,SPLIT_BEYOND_ALLOWANCE
fiber_001,184,B3|B4|B5|B7,0.46585311627019405,0.47119570044407744,0.0053425841738833912,0,0,16,16,1e-10,SPLIT_BEYOND_ALLOWANCE,False,,,,SPLIT_BEYOND_ALLOWANCE
fiber_001,185,B0|B3|B4|B5|B7,0.3299300797201612,0.3826133548338021,0.052683275113640904,0,0,8,8,1e-10,SPLIT_BEYOND_ALLOWANCE,False,,,,SPLIT_BEYOND_ALLOWANCE
fiber_001,186,B1|B3|B4|B5|B7,0.48179393745442572,0.49332541138245328,0.011531473928027558,0,0,8,8,1e-10,SPLIT_BEYOND_ALLOWANCE,False,,,,SPLIT_BEYOND_ALLOWANCE
fiber_001,187,B0|B1|B3|B4|B5|B7,0.2977751328924349,0.34791877080693495,0.05014363791450005,0,0,4,4,1e-10,SPLIT_BEYOND_ALLOWANCE,False,,,,SPLIT_BEYOND_ALLOWANCE
fiber_001,188,B2|B3|B4|B5|B7,0.47869614492011958,0.49130806857656401,0.012611923656444424,0,0,8,8,1e-10,SPLIT_BEYOND_ALLOWANCE,False,,,,SPLIT_BEYOND_ALLOWANCE
fiber_001,189,B0|B2|B3|B4|B5|B7,0.23035866046119297,0.27731727477499502,0.04695861431380205,0,0,4,4,1e-10,SPLIT_BEYOND_ALLOWANCE,False,,,,SPLIT_BEYOND_ALLOWANCE
fiber_001,190,B1|B2|B3|B4|B5|B7,0.45636818048237981,0.47115099173727748,0.014782811254897665,0,0,4,4,1e-10,SPLIT_BEYOND_ALLOWANCE,False,,,,SPLIT_BEYOND_ALLOWANCE
fiber_001,191,B0|B1|B2|B3|B4|B5|B7,0.16952912067775777,0.20924137277051955,0.039712252092761774,0,0,2,2,1e-10,SPLIT_BEYOND_ALLOWANCE,False,,,,SPLIT_BEYOND_ALLOWANCE
fiber_001,192,B6|B7,0.22987209066279307,0.26507664059943986,0.03520454993664679,0,0,4,4,1e-10,SPLIT_BEYOND_ALLOWANCE,False,,,,SPLIT_BEYOND_ALLOWANCE
fiber_001,193,B0|B6|B7,0.47202903758615122,0.4837587237896383,0.011729686203487077,0,0,8,8,1e-10,SPLIT_BEYOND_ALLOWANCE,False,,,,SPLIT_BEYOND_ALLOWANCE
fiber_001,194,B1|B6|B7,0.27546758761042905,0.31799081005323543,0.042523222442806374,0,0,8,8,1e-10,SPLIT_BEYOND_ALLOWANCE,False,,,,SPLIT_BEYOND_ALLOWANCE
fiber_001,195,B0|B1|B6|B7,0.47116286616964448,0.48055032313309315,0.0093874569634486704,0,0,16,16,1e-10,SPLIT_BEYOND_ALLOWANCE,False,,,,SPLIT_BEYOND_ALLOWANCE
fiber_001,196,B2|B6|B7,0.34215258915829333,0.3840089834122376,0.041856394253944273,0,0,8,8,1e-10,SPLIT_BEYOND_ALLOWANCE,False,,,,SPLIT_BEYOND_ALLOWANCE
fiber_001,197,B0|B2|B6|B7,0.4764322477996506,0.48107805931125358,0.0046458115116029819,0,0,16,16,1e-10,SPLIT_BEYOND_ALLOWANCE,False,,,,SPLIT_BEYOND_ALLOWANCE
fiber_001,198,B1|B2|B6|B7,0.35389983157208715,0.39833766612981814,0.044437834557730982,0,0,16,16,1e-10,SPLIT_BEYOND_ALLOWANCE,False,,,,SPLIT_BEYOND_ALLOWANCE
fiber_001,199,B0|B1|B2|B6|B7,0.43748464796778314,0.43610803040368457,0.0013766175640985701,0,0,8,8,1e-10,SPLIT_BEYOND_ALLOWANCE,False,,,,SPLIT_BEYOND_ALLOWANCE
fiber_001,200,B3|B6|B7,0.3574118813620058,0.38448271793396205,0.027070836571956247,0,0,8,8,1e-10,SPLIT_BEYOND_ALLOWANCE,False,,,,SPLIT_BEYOND_ALLOWANCE
fiber_001,201,B0|B3|B6|B7,0.46504409366170912,0.49153614959534181,0.026492055933632686,0,0,16,16,1e-10,SPLIT_BEYOND_ALLOWANCE,False,,,,SPLIT_BEYOND_ALLOWANCE
fiber_001,202,B1|B3|B6|B7,0.35086715857765188,0.38721934652840739,0.03635218795075551,0,0,16,16,1e-10,SPLIT_BEYOND_ALLOWANCE,False,,,,SPLIT_BEYOND_ALLOWANCE
fiber_001,203,B0|B1|B3|B6|B7,0.41033148852167306,0.43285688212082757,0.022525393599154508,0,0,8,8,1e-10,SPLIT_BEYOND_ALLOWANCE,False,,,,SPLIT_BEYOND_ALLOWANCE
fiber_001,204,B2|B3|B6|B7,0.40104217997835045,0.41700818892314728,0.015966008944796828,0,0,16,16,1e-10,SPLIT_BEYOND_ALLOWANCE,False,,,,SPLIT_BEYOND_ALLOWANCE
fiber_001,205,B0|B2|B3|B6|B7,0.39788845781766446,0.39825074538327659,0.00036228756561212938,0,0,8,8,1e-10,SPLIT_BEYOND_ALLOWANCE,False,,,,SPLIT_BEYOND_ALLOWANCE
fiber_001,206,B1|B2|B3|B6|B7,0.35750723925187916,0.37913953643723031,0.021632297185351146,0,0,8,8,1e-10,SPLIT_BEYOND_ALLOWANCE,False,,,,SPLIT_BEYOND_ALLOWANCE
fiber_001,207,B0|B1|B2|B3|B6|B7,0.31336034769290133,0.30933133469673252,0.0040290129961688126,0,0,4,4,1e-10,SPLIT_BEYOND_ALLOWANCE,False,,,,SPLIT_BEYOND_ALLOWANCE
fiber_001,208,B4|B6|B7,0.43152839968058299,0.43907638196876697,0.0075479822881839853,0,0,8,8,1e-10,SPLIT_BEYOND_ALLOWANCE,False,,,,SPLIT_BEYOND_ALLOWANCE
fiber_001,209,B0|B4|B6|B7,0.37815743844912519,0.40154894084765758,0.023391502398532382,0,0,16,16,1e-10,SPLIT_BEYOND_ALLOWANCE,False,,,,SPLIT_BEYOND_ALLOWANCE
fiber_001,210,B1|B4|B6|B7,0.4270241592018289,0.43962197878287018,0.012597819581041281,0,0,16,16,1e-10,SPLIT_BEYOND_ALLOWANCE,False,,,,SPLIT_BEYOND_ALLOWANCE
fiber_001,211,B0|B1|B4|B6|B7,0.31264699170134597,0.33631299851371976,0.023666006812373797,0,0,8,8,1e-10,SPLIT_BEYOND_ALLOWANCE,False,,,,SPLIT_BEYOND_ALLOWANCE
fiber_001,212,B2|B4|B6|B7,0.45376303936979462,0.45026524841355653,0.0034977909562380893,0,0,16,16,1e-10,SPLIT_BEYOND_ALLOWANCE,False,,,,SPLIT_BEYOND_ALLOWANCE
fiber_001,213,B0|B2|B4|B6|B7,0.2936438985663844,0.2921355860443538,0.0015083125220305971,0,0,8,8,1e-10,SPLIT_BEYOND_ALLOWANCE,False,,,,SPLIT_BEYOND_ALLOWANCE
fiber_001,214,B1|B2|B4|B6|B7,0.41188179434156941,0.41025249332407937,0.0016293010174900369,0,0,8,8,1e-10,SPLIT_BEYOND_ALLOWANCE,False,,,,SPLIT_BEYOND_ALLOWANCE
fiber_001,215,B0|B1|B2|B4|B6|B7,0.20206318178349553,0.19935297500195698,0.0027102067815385489,0,0,4,4,1e-10,SPLIT_BEYOND_ALLOWANCE,False,,,,SPLIT_BEYOND_ALLOWANCE
fiber_001,216,B3|B4|B6|B7,0.46210001772018316,0.46639671990795961,0.0042967021877764466,0,0,16,16,1e-10,SPLIT_BEYOND_ALLOWANCE,False,,,,SPLIT_BEYOND_ALLOWANCE
fiber_001,217,B0|B3|B4|B6|B7,0.27501467731966189,0.31488480107524897,0.039870123755587072,0,0,8,8,1e-10,SPLIT_BEYOND_ALLOWANCE,False,,,,SPLIT_BEYOND_ALLOWANCE
fiber_001,218,B1|B3|B4|B6|B7,0.3987612287249071,0.4081676964970925,0.0094064677721854006,0,0,8,8,1e-10,SPLIT_BEYOND_ALLOWANCE,False,,,,SPLIT_BEYOND_ALLOWANCE
fiber_001,219,B0|B1|B3|B4|B6|B7,0.16968966619264036,0.20925103681033402,0.039561370617693659,0,0,4,4,1e-10,SPLIT_BEYOND_ALLOWANCE,False,,,,SPLIT_BEYOND_ALLOWANCE
fiber_001,220,B2|B3|B4|B6|B7,0.41526011828827725,0.39545399119573665,0.019806127092540593,0,0,8,8,1e-10,SPLIT_BEYOND_ALLOWANCE,False,,,,SPLIT_BEYOND_ALLOWANCE
fiber_001,221,B0|B2|B3|B4|B6|B7,0.12220172524821236,0.12306518419407661,0.00086345894586424554,0,0,4,4,1e-10,SPLIT_BEYOND_ALLOWANCE,False,,,,SPLIT_BEYOND_ALLOWANCE
fiber_001,222,B1|B2|B3|B4|B6|B7,0.32797645128481867,0.3106130623385478,0.017363388946270875,0,0,4,4,1e-10,SPLIT_BEYOND_ALLOWANCE,False,,,,SPLIT_BEYOND_ALLOWANCE
fiber_001,223,B0|B1|B2|B3|B4|B6|B7,0.0073217621830363915,0.008778579426883695,0.0014568172438473035,0,0,2,2,1e-10,SPLIT_BEYOND_ALLOWANCE,False,,,,SPLIT_BEYOND_ALLOWANCE
fiber_001,224,B5|B6|B7,0.23403892062134179,0.270253637804728,0.036214717183386202,0,0,8,8,1e-10,SPLIT_BEYOND_ALLOWANCE,False,,,,SPLIT_BEYOND_ALLOWANCE
fiber_001,225,B0|B5|B6|B7,0.47290174982724514,0.48474993476276484,0.011848184935519701,0,0,16,16,1e-10,SPLIT_BEYOND_ALLOWANCE,False,,,,SPLIT_BEYOND_ALLOWANCE
fiber_001,226,B1|B5|B6|B7,0.27763415427718741,0.32033455663682309,0.042700402359635681,0,0,16,16,1e-10,SPLIT_BEYOND_ALLOWANCE,False,,,,SPLIT_BEYOND_ALLOWANCE
fiber_001,227,B0|B1|B5|B6|B7,0.46982286088301689,0.47860330202824664,0.0087804411452297448,0,0,8,8,1e-10,SPLIT_BEYOND_ALLOWANCE,False,,,,SPLIT_BEYOND_ALLOWANCE
fiber_001,228,B2|B5|B6|B7,0.34463657816889792,0.38705992035287934,0.042423342183981416,0,0,16,16,1e-10,SPLIT_BEYOND_ALLOWANCE,False,,,,SPLIT_BEYOND_ALLOWANCE
fiber_001,229,B0|B2|B5|B6|B7,0.47564916755128889,0.48010848423134328,0.0044593166800543926,0,0,8,8,1e-10,SPLIT_BEYOND_ALLOWANCE,False,,,,SPLIT_BEYOND_ALLOWANCE
fiber_001,230,B1|B2|B5|B6|B7,0.35427331719673316,0.39868407668806377,0.044410759491330609,0,0,8,8,1e-10,SPLIT_BEYOND_ALLOWANCE,False,,,,SPLIT_BEYOND_ALLOWANCE
fiber_001,231,B0|B1|B2|B5|B6|B7,0.43440326904146603,0.43193848525212147,0.0024647837893445601,0,0,4,4,1e-10,SPLIT_BEYOND_ALLOWANCE,False,,,,SPLIT_BEYOND_ALLOWANCE
fiber_001,232,B3|B5|B6|B7,0.36012393923068281,0.3880713210356227,0.027947381804939886,0,0,16,16,1e-10,SPLIT_BEYOND_ALLOWANCE,False,,,,SPLIT_BEYOND_ALLOWANCE
fiber_001,233,B0|B3|B5|B6|B7,0.46411381906011673,0.4904350152150368,0.026321196154920068,0,0,8,8,1e-10,SPLIT_BEYOND_ALLOWANCE,False,,,,SPLIT_BEYOND_ALLOWANCE
fiber_001,234,B1|B3|B5|B6|B7,0.35128075875466158,0.38771081070705349,0.036430051952391906,0,0,8,8,1e-10,SPLIT_BEYOND_ALLOWANCE,False,,,,SPLIT_BEYOND_ALLOWANCE
fiber_001,235,B0|B1|B3|B5|B6|B7,0.40745281152017943,0.42905975480376102,0.021606943283581592,0,0,4,4,1e-10,SPLIT_BEYOND_ALLOWANCE,False,,,,SPLIT_BEYOND_ALLOWANCE
fiber_001,236,B2|B3|B5|B6|B7,0.4019488480660548,0.41825984410547207,0.016310996039417269,0,0,8,8,1e-10,SPLIT_BEYOND_ALLOWANCE,False,,,,SPLIT_BEYOND_ALLOWANCE
fiber_001,237,B0|B2|B3|B5|B6|B7,0.39517659791486348,0.3952071966319135,3.0598717050023261e-05,0,0,4,4,1e-10,SPLIT_BEYOND_ALLOWANCE,False,,,,SPLIT_BEYOND_ALLOWANCE
fiber_001,238,B1|B2|B3|B5|B6|B7,0.35647741777058473,0.37784436748176042,0.021366949711175698,0,0,4,4,1e-10,SPLIT_BEYOND_ALLOWANCE,False,,,,SPLIT_BEYOND_ALLOWANCE
fiber_001,239,B0|B1|B2|B3|B5|B6|B7,0.30887961133630032,0.30353184155412721,0.0053477697821731063,0,0,2,2,1e-10,SPLIT_BEYOND_ALLOWANCE,False,,,,SPLIT_BEYOND_ALLOWANCE
fiber_001,240,B4|B5|B6|B7,0.43218149760962399,0.44024827593100591,0.0080667783213819177,0,0,16,16,1e-10,SPLIT_BEYOND_ALLOWANCE,False,,,,SPLIT_BEYOND_ALLOWANCE
fiber_001,241,B0|B4|B5|B6|B7,0.37521187337876671,0.39839530477207041,0.0231834313933037,0,0,8,8,1e-10,SPLIT_BEYOND_ALLOWANCE,False,,,,SPLIT_BEYOND_ALLOWANCE
fiber_001,242,B1|B4|B5|B6|B7,0.42555910626440119,0.43794780553845475,0.012388699274053561,0,0,8,8,1e-10,SPLIT_BEYOND_ALLOWANCE,False,,,,SPLIT_BEYOND_ALLOWANCE
fiber_001,243,B0|B1|B4|B5|B6|B7,0.30800858661728975,0.33053036075175224,0.022521774134462491,0,0,4,4,1e-10,SPLIT_BEYOND_ALLOWANCE,False,,,,SPLIT_BEYOND_ALLOWANCE
fiber_001,244,B2|B4|B5|B6|B7,0.45239762572809111,0.44899002797895343,0.0034075977491376808,0,0,8,8,1e-10,SPLIT_BEYOND_ALLOWANCE,False,,,,SPLIT_BEYOND_ALLOWANCE
fiber_001,245,B0|B2|B4|B5|B6|B7,0.28913568229211423,0.28742480572283624,0.0017108765692779859,0,0,4,4,1e-10,SPLIT_BEYOND_ALLOWANCE,False,,,,SPLIT_BEYOND_ALLOWANCE
fiber_001,246,B1|B2|B4|B5|B6|B7,0.40823435152230769,0.40590315713207947,0.0023311943902282195,0,0,4,4,1e-10,SPLIT_BEYOND_ALLOWANCE,False,,,,SPLIT_BEYOND_ALLOWANCE
fiber_001,247,B0|B1|B2|B4|B5|B6|B7,0.19564678529088547,0.19140841173550735,0.0042383735553781221,0,0,2,2,1e-10,SPLIT_BEYOND_ALLOWANCE,False,,,,SPLIT_BEYOND_ALLOWANCE
fiber_001,248,B3|B4|B5|B6|B7,0.46078462319616159,0.46529508157045457,0.0045104583742929805,0,0,8,8,1e-10,SPLIT_BEYOND_ALLOWANCE,False,,,,SPLIT_BEYOND_ALLOWANCE
fiber_001,249,B0|B3|B4|B5|B6|B7,0.27059759006448048,0.31003691392057575,0.039439323856095276,0,0,4,4,1e-10,SPLIT_BEYOND_ALLOWANCE,False,,,,SPLIT_BEYOND_ALLOWANCE
fiber_001,250,B1|B3|B4|B5|B6|B7,0.39545268433071951,0.4041959422228138,0.0087432578920942916,0,0,4,4,1e-10,SPLIT_BEYOND_ALLOWANCE,False,,,,SPLIT_BEYOND_ALLOWANCE
fiber_001,251,B0|B1|B3|B4|B5|B6|B7,0.16372810085079281,0.20189749571892596,0.038169394868133144,0,0,2,2,1e-10,SPLIT_BEYOND_ALLOWANCE,False,,,,SPLIT_BEYOND_ALLOWANCE
fiber_001,252,B2|B3|B4|B5|B6|B7,0.41222064751805554,0.39241468486945497,0.019805962648600572,0,0,4,4,1e-10,SPLIT_BEYOND_ALLOWANCE,False,,,,SPLIT_BEYOND_ALLOWANCE
fiber_001,253,B0|B2|B3|B4|B5|B6|B7,0.1160878125445878,0.11676557900064767,0.00067776645605986674,0,0,2,2,1e-10,SPLIT_BEYOND_ALLOWANCE,False,,,,SPLIT_BEYOND_ALLOWANCE
fiber_001,254,B1|B2|B3|B4|B5|B6|B7,0.32314193731145507,0.3048814447371534,0.018260492574301679,0,0,2,2,1e-10,SPLIT_BEYOND_ALLOWANCE,False,,,,SPLIT_BEYOND_ALLOWANCE
fiber_001,255,B0|B1|B2|B3|B4|B5|B6|B7,0,0,0,0,0,1,1,1e-10,EQUAL_WITHIN_ALLOWANCE,False,,,,EQUAL_WITHIN_ALLOWANCE
fiber_002,0,EMPTY,0,0,0,0,0,1,1,1e-10,EQUAL_WITHIN_ALLOWANCE,False,,,,EQUAL_WITHIN_ALLOWANCE
fiber_002,1,B0,0.32314193731145463,0.36219422027338016,0.039052282961925533,0,0,2,2,1e-10,SPLIT_BEYOND_ALLOWANCE,False,,,,SPLIT_BEYOND_ALLOWANCE
fiber_002,2,B1,0.11608781254458782,0.14807668223181147,0.031988869687223656,0,0,2,2,1e-10,SPLIT_BEYOND_ALLOWANCE,False,,,,SPLIT_BEYOND_ALLOWANCE
fiber_002,3,B0|B1,0.41222064751805548,0.46419235346920429,0.051971705951148806,0,0,4,4,1e-10,SPLIT_BEYOND_ALLOWANCE,False,,,,SPLIT_BEYOND_ALLOWANCE
fiber_002,4,B2,0.16372810085079276,0.15499845390704087,0.0087296469437518898,0,0,2,2,1e-10,SPLIT_BEYOND_ALLOWANCE,False,,,,SPLIT_BEYOND_ALLOWANCE
fiber_002,5,B0|B2,0.3954526843307194,0.42953774629201641,0.034085061961297014,0,0,4,4,1e-10,SPLIT_BEYOND_ALLOWANCE,False,,,,SPLIT_BEYOND_ALLOWANCE
fiber_002,6,B1|B2,0.27059759006448036,0.29437604671025369,0.023778456645773327,0,0,4,4,1e-10,SPLIT_BEYOND_ALLOWANCE,False,,,,SPLIT_BEYOND_ALLOWANCE
fiber_002,7,B0|B1|B2,0.46078462319616165,0.50617951276410356,0.04539488956794191,0,0,8,8,1e-10,SPLIT_BEYOND_ALLOWANCE,False,,,,SPLIT_BEYOND_ALLOWANCE
fiber_002,8,B3,0.19564678529088531,0.22074561867515702,0.025098833384271713,0,0,2,2,1e-10,SPLIT_BEYOND_ALLOWANCE,False,,,,SPLIT_BEYOND_ALLOWANCE
fiber_002,9,B0|B3,0.40823435152230775,0.46172128383927996,0.053486932316972213,0,0,4,4,1e-10,SPLIT_BEYOND_ALLOWANCE,False,,,,SPLIT_BEYOND_ALLOWANCE
fiber_002,10,B1|B3,0.2891356822921145,0.34465024750046885,0.055514565208354349,0,0,4,4,1e-10,SPLIT_BEYOND_ALLOWANCE,False,,,,SPLIT_BEYOND_ALLOWANCE
fiber_002,11,B0|B1|B3,0.45239762572809111,0.50980405675863893,0.057406431030547822,0,0,8,8,1e-10,SPLIT_BEYOND_ALLOWANCE,False,,,,SPLIT_BEYOND_ALLOWANCE
fiber_002,12,B2|B3,0.30800858661728964,0.33235899613951664,0.024350409522227001,0,0,4,4,1e-10,SPLIT_BEYOND_ALLOWANCE,False,,,,SPLIT_BEYOND_ALLOWANCE
fiber_002,13,B0|B2|B3,0.42555910626440058,0.47668311203472014,0.051124005770319558,0,0,8,8,1e-10,SPLIT_BEYOND_ALLOWANCE,False,,,,SPLIT_BEYOND_ALLOWANCE
fiber_002,14,B1|B2|B3,0.37521187337876666,0.42725115957076343,0.05203928619199677,0,0,8,8,1e-10,SPLIT_BEYOND_ALLOWANCE,False,,,,SPLIT_BEYOND_ALLOWANCE
fiber_002,15,B0|B1|B2|B3,0.43218149760962432,0.48576045845541149,0.053578960845787171,0,0,16,16,1e-10,SPLIT_BEYOND_ALLOWANCE,False,,,,SPLIT_BEYOND_ALLOWANCE
fiber_002,16,B4,0.30887961133630004,0.339727881008693,0.030848269672392958,0,0,2,2,1e-10,SPLIT_BEYOND_ALLOWANCE,False,,,,SPLIT_BEYOND_ALLOWANCE
fiber_002,17,B0|B4,0.35647741777058467,0.41269773016850303,0.056220312397918359,0,0,4,4,1e-10,SPLIT_BEYOND_ALLOWANCE,False,,,,SPLIT_BEYOND_ALLOWANCE
fiber_002,18,B1|B4,0.39517659791486304,0.45497525428195462,0.059798656367091585,0,0,4,4,1e-10,SPLIT_BEYOND_ALLOWANCE,False,,,,SPLIT_BEYOND_ALLOWANCE
fiber_002,19,B0|B1|B4,0.40194884806605458,0.46399558055982126,0.062046732493766688,0,0,8,8,1e-10,SPLIT_BEYOND_ALLOWANCE,False,,,,SPLIT_BEYOND_ALLOWANCE
fiber_002,20,B2|B4,0.40745281152017931,0.43703097371747057,0.029578162197291258,0,0,4,4,1e-10,SPLIT_BEYOND_ALLOWANCE,False,,,,SPLIT_BEYOND_ALLOWANCE
fiber_002,21,B0|B2|B4,0.35128075875466169,0.40771643299818677,0.05643567424352508,0,0,8,8,1e-10,SPLIT_BEYOND_ALLOWANCE,False,,,,SPLIT_BEYOND_ALLOWANCE
fiber_002,22,B1|B2|B4,0.46411381906011639,0.52243521476727128,0.058321395707154888,0,0,8,8,1e-10,SPLIT_BEYOND_ALLOWANCE,False,,,,SPLIT_BEYOND_ALLOWANCE
fiber_002,23,B0|B1|B2|B4,0.36012393923068314,0.41892368863847429,0.058799749407791146,0,0,16,16,1e-10,SPLIT_BEYOND_ALLOWANCE,False,,,,SPLIT_BEYOND_ALLOWANCE
fiber_002,24,B3|B4,0.43440326904146603,0.4840231730753326,0.049619904033866569,0,0,4,4,1e-10,SPLIT_BEYOND_ALLOWANCE,False,,,,SPLIT_BEYOND_ALLOWANCE
fiber_002,25,B0|B3|B4,0.35427331719673322,0.40937598831634298,0.055102671119609758,0,0,8,8,1e-10,SPLIT_BEYOND_ALLOWANCE,False,,,,SPLIT_BEYOND_ALLOWANCE
fiber_002,26,B1|B3|B4,0.47564916755128933,0.54794967190181287,0.072300504350523542,0,0,8,8,1e-10,SPLIT_BEYOND_ALLOWANCE,False,,,,SPLIT_BEYOND_ALLOWANCE
fiber_002,27,B0|B1|B3|B4,0.34463657816889809,0.39638666401024275,0.051750085841344662,0,0,16,16,1e-10,SPLIT_BEYOND_ALLOWANCE,False,,,,SPLIT_BEYOND_ALLOWANCE
fiber_002,28,B2|B3|B4,0.46982286088301672,0.5217608108456453,0.051937949962628571,0,0,8,8,1e-10,SPLIT_BEYOND_ALLOWANCE,False,,,,SPLIT_BEYOND_ALLOWANCE
fiber_002,29,B0|B2|B3|B4,0.27763415427718735,0.33432792893742136,0.056693774660234009,0,0,16,16,1e-10,SPLIT_BEYOND_ALLOWANCE,False,,,,SPLIT_BEYOND_ALLOWANCE
fiber_002,30,B1|B2|B3|B4,0.4729017498272452,0.54533437534991092,0.072432625522665717,0,0,16,16,1e-10,SPLIT_BEYOND_ALLOWANCE,False,,,,SPLIT_BEYOND_ALLOWANCE
fiber_002,31,B0|B1|B2|B3|B4,0.23403892062134196,0.28391105545139245,0.049872134830050485,0,0,8,8,1e-10,SPLIT_BEYOND_ALLOWANCE,False,,,,SPLIT_BEYOND_ALLOWANCE
fiber_002,32,B5,0.0073217621830363915,0.0080099738589203065,0.00068821167588391501,0,0,2,2,1e-10,SPLIT_BEYOND_ALLOWANCE,False,,,,SPLIT_BEYOND_ALLOWANCE
fiber_002,33,B0|B5,0.32797645128481856,0.36764827205978756,0.039671820774969002,0,0,4,4,1e-10,SPLIT_BEYOND_ALLOWANCE,False,,,,SPLIT_BEYOND_ALLOWANCE
fiber_002,34,B1|B5,0.12220172524821239,0.15424670408584013,0.032044978837627733,0,0,4,4,1e-10,SPLIT_BEYOND_ALLOWANCE,False,,,,SPLIT_BEYOND_ALLOWANCE
fiber_002,35,B0|B1|B5,0.41526011828827736,0.4674504816814426,0.05219036339316524,0,0,8,8,1e-10,SPLIT_BEYOND_ALLOWANCE,False,,,,SPLIT_BEYOND_ALLOWANCE
fiber_002,36,B2|B5,0.16968966619264031,0.16144482853484302,0.0082448376577972937,0,0,4,4,1e-10,SPLIT_BEYOND_ALLOWANCE,False,,,,SPLIT_BEYOND_ALLOWANCE
fiber_002,37,B0|B2|B5,0.39876122872490688,0.4333944118375686,0.034633183112661725,0,0,8,8,1e-10,SPLIT_BEYOND_ALLOWANCE,False,,,,SPLIT_BEYOND_ALLOWANCE
fiber_002,38,B1|B2|B5,0.27501467731966189,0.2987349165492279,0.023720239229566009,0,0,8,8,1e-10,SPLIT_BEYOND_ALLOWANCE,False,,,,SPLIT_BEYOND_ALLOWANCE
fiber_002,39,B0|B1|B2|B5,0.46210001772018316,0.50763727762608024,0.045537259905897076,0,0,16,16,1e-10,SPLIT_BEYOND_ALLOWANCE,False,,,,SPLIT_BEYOND_ALLOWANCE
fiber_002,40,B3|B5,0.20206318178349564,0.22764278068730737,0.025579598903811729,0,0,4,4,1e-10,SPLIT_BEYOND_ALLOWANCE,False,,,,SPLIT_BEYOND_ALLOWANCE
fiber_002,41,B0|B3|B5,0.41188179434156957,0.46568752240161199,0.053805728060042413,0,0,8,8,1e-10,SPLIT_BEYOND_ALLOWANCE,False,,,,SPLIT_BEYOND_ALLOWANCE
fiber_002,42,B1|B3|B5,0.29364389856638445,0.34907994128077618,0.055436042714391731,0,0,8,8,1e-10,SPLIT_BEYOND_ALLOWANCE,False,,,,SPLIT_BEYOND_ALLOWANCE
fiber_002,43,B0|B1|B3|B5,0.45376303936979434,0.51111855029656772,0.057355510926773379,0,0,16,16,1e-10,SPLIT_BEYOND_ALLOWANCE,False,,,,SPLIT_BEYOND_ALLOWANCE
fiber_002,44,B2|B3|B5,0.31264699170134624,0.33724548633738693,0.024598494636040691,0,0,8,8,1e-10,SPLIT_BEYOND_ALLOWANCE,False,,,,SPLIT_BEYOND_ALLOWANCE
fiber_002,45,B0|B2|B3|B5,0.42702415920182879,0.47858838057282982,0.051564221371001029,0,0,16,16,1e-10,SPLIT_BEYOND_ALLOWANCE,False,,,,SPLIT_BEYOND_ALLOWANCE
fiber_002,46,B1|B2|B3|B5,0.3781574384491253,0.43007361383962961,0.051916175390504304,0,0,16,16,1e-10,SPLIT_BEYOND_ALLOWANCE,False,,,,SPLIT_BEYOND_ALLOWANCE
fiber_002,47,B0|B1|B2|B3|B5,0.43152839968058326,0.48508724155784821,0.053558841877264951,0,0,8,8,1e-10,SPLIT_BEYOND_ALLOWANCE,False,,,,SPLIT_BEYOND_ALLOWANCE
fiber_002,48,B4|B5,0.31336034769290122,0.34482750520128502,0.031467157508383803,0,0,4,4,1e-10,SPLIT_BEYOND_ALLOWANCE,False,,,,SPLIT_BEYOND_ALLOWANCE
fiber_002,49,B0|B4|B5,0.35750723925187949,0.41395380812577548,0.056446568873895986,0,0,8,8,1e-10,SPLIT_BEYOND_ALLOWANCE,False,,,,SPLIT_BEYOND_ALLOWANCE
fiber_002,50,B1|B4|B5,0.39788845781766419,0.45772664341220998,0.05983818559454579,0,0,8,8,1e-10,SPLIT_BEYOND_ALLOWANCE,False,,,,SPLIT_BEYOND_ALLOWANCE
fiber_002,51,B0|B1|B4|B5,0.4010421799783504,0.46305812218603992,0.062015942207689523,0,0,16,16,1e-10,SPLIT_BEYOND_ALLOWANCE,False,,,,SPLIT_BEYOND_ALLOWANCE
fiber_002,52,B2|B4|B5,0.41033148852167312,0.44039400813112212,0.030062519609449001,0,0,8,8,1e-10,SPLIT_BEYOND_ALLOWANCE,False,,,,SPLIT_BEYOND_ALLOWANCE
fiber_002,53,B0|B2|B4|B5,0.35086715857765222,0.40758568690259983,0.056718528324947615,0,0,16,16,1e-10,SPLIT_BEYOND_ALLOWANCE,False,,,,SPLIT_BEYOND_ALLOWANCE
fiber_002,54,B1|B2|B4|B5,0.46504409366170918,0.52342857508804874,0.058384481426339563,0,0,16,16,1e-10,SPLIT_BEYOND_ALLOWANCE,False,,,,SPLIT_BEYOND_ALLOWANCE
fiber_002,55,B0|B1|B2|B4|B5,0.35741188136200591,0.41631570025080844,0.058903818888802528,0,0,8,8,1e-10,SPLIT_BEYOND_ALLOWANCE,False,,,,SPLIT_BEYOND_ALLOWANCE
fiber_002,56,B3|B4|B5,0.4374846479677833,0.4875657703716143,0.050081122403831002,0,0,8,8,1e-10,SPLIT_BEYOND_ALLOWANCE,False,,,,SPLIT_BEYOND_ALLOWANCE
fiber_002,57,B0|B3|B4|B5,0.3538998315720876,0.4091947400825614,0.055294908510473806,0,0,16,16,1e-10,SPLIT_BEYOND_ALLOWANCE,False,,,,SPLIT_BEYOND_ALLOWANCE
fiber_002,58,B1|B3|B4|B5,0.4764322477996506,0.54869698387797916,0.072264736078328562,0,0,16,16,1e-10,SPLIT_BEYOND_ALLOWANCE,False,,,,SPLIT_BEYOND_ALLOWANCE
fiber_002,59,B0|B1|B3|B4|B5,0.342152589158293,0.39380228814484253,0.05164969898654953,0,0,8,8,1e-10,SPLIT_BEYOND_ALLOWANCE,False,,,,SPLIT_BEYOND_ALLOWANCE
fiber_002,60,B2|B3|B4|B5,0.4711628661696442,0.52348222576351422,0.052319359593870018,0,0,16,16,1e-10,SPLIT_BEYOND_ALLOWANCE,False,,,,SPLIT_BEYOND_ALLOWANCE
fiber_002,61,B0|B2|B3|B4|B5,0.27546758761042911,0.33242227867006235,0.056954691059633245,0,0,8,8,1e-10,SPLIT_BEYOND_ALLOWANCE,False,,,,SPLIT_BEYOND_ALLOWANCE
fiber_002,62,B1|B2|B3|B4|B5,0.47202903758615117,0.5444478957778015,0.072418858191650337,0,0,8,8,1e-10,SPLIT_BEYOND_ALLOWANCE,False,,,,SPLIT_BEYOND_ALLOWANCE
fiber_002,63,B0|B1|B2|B3|B4|B5,0.22987209066279288,0.27975215117320845,0.049880060510415575,0,0,4,4,1e-10,SPLIT_BEYOND_ALLOWANCE,False,,,,SPLIT_BEYOND_ALLOWANCE
fiber_002,64,B6,0.16952912067775772,0.20687956799755702,0.037350447319799307,0,0,2,2,1e-10,SPLIT_BEYOND_ALLOWANCE,False,,,,SPLIT_BEYOND_ALLOWANCE
fiber_002,65,B0|B6,0.4563681804823797,0.52494771332494727,0.06857953284256757,0,0,4,4,1e-10,SPLIT_BEYOND_ALLOWANCE,False,,,,SPLIT_BEYOND_ALLOWANCE
fiber_002,66,B1|B6,0.23035866046119316,0.28020171144951261,0.049843050988319454,0,0,4,4,1e-10,SPLIT_BEYOND_ALLOWANCE,False,,,,SPLIT_BEYOND_ALLOWANCE
fiber_002,67,B0|B1|B6,0.47869614492011936,0.5346738106939537,0.05597766577383434,0,0,8,8,1e-10,SPLIT_BEYOND_ALLOWANCE,False,,,,SPLIT_BEYOND_ALLOWANCE
fiber_002,68,B2|B6,0.29777513289243512,0.33418955668307915,0.036414423790644024,0,0,4,4,1e-10,SPLIT_BEYOND_ALLOWANCE,False,,,,SPLIT_BEYOND_ALLOWANCE
fiber_002,69,B0|B2|B6,0.48179393745442517,0.54914982837766724,0.067355890923242068,0,0,8,8,1e-10,SPLIT_BEYOND_ALLOWANCE,False,,,,SPLIT_BEYOND_ALLOWANCE
fiber_002,70,B1|B2|B6,0.32993007972016131,0.37633153770925087,0.046401457989089567,0,0,8,8,1e-10,SPLIT_BEYOND_ALLOWANCE,False,,,,SPLIT_BEYOND_ALLOWANCE
fiber_002,71,B0|B1|B2|B6,0.46585311627019405,0.51866723451349805,0.052814118243304009,0,0,16,16,1e-10,SPLIT_BEYOND_ALLOWANCE,False,,,,SPLIT_BEYOND_ALLOWANCE
fiber_002,72,B3|B6,0.33642986707666583,0.39204648479317089,0.055616617716505057,0,0,4,4,1e-10,SPLIT_BEYOND_ALLOWANCE,False,,,,SPLIT_BEYOND_ALLOWANCE
fiber_002,73,B0|B3|B6,0.49664758091105926,0.56634121916571478,0.069693638254655521,0,0,8,8,1e-10,SPLIT_BEYOND_ALLOWANCE,False,,,,SPLIT_BEYOND_ALLOWANCE
fiber_002,74,B1|B3|B6,0.34952956572004634,0.40962826462704544,0.060098698906999093,0,0,8,8,1e-10,SPLIT_BEYOND_ALLOWANCE,False,,,,SPLIT_BEYOND_ALLOWANCE
fiber_002,75,B0|B1|B3|B6,0.46120371853633824,0.50743959318052478,0.046235874644186548,0,0,16,16,1e-10,SPLIT_BEYOND_ALLOWANCE,False,,,,SPLIT_BEYOND_ALLOWANCE
fiber_002,76,B2|B3|B6,0.39866395787054165,0.45799310997822429,0.059329152107682637,0,0,8,8,1e-10,SPLIT_BEYOND_ALLOWANCE,False,,,,SPLIT_BEYOND_ALLOWANCE
fiber_002,77,B0|B2|B3|B6,0.45122063127226619,0.52282241946199748,0.071601788189731286,0,0,16,16,1e-10,SPLIT_BEYOND_ALLOWANCE,False,,,,SPLIT_BEYOND_ALLOWANCE
fiber_002,78,B1|B2|B3|B6,0.37491644610168329,0.43398092366631169,0.059064477564628404,0,0,16,16,1e-10,SPLIT_BEYOND_ALLOWANCE,False,,,,SPLIT_BEYOND_ALLOWANCE
fiber_002,79,B0|B1|B2|B3|B6,0.37887094906331342,0.42517542968760441,0.046304480624290989,0,0,8,8,1e-10,SPLIT_BEYOND_ALLOWANCE,False,,,,SPLIT_BEYOND_ALLOWANCE
fiber_002,80,B4|B6,0.3992091953338644,0.44163334182096253,0.042424146487098136,0,0,4,4,1e-10,SPLIT_BEYOND_ALLOWANCE,False,,,,SPLIT_BEYOND_ALLOWANCE
fiber_002,81,B0|B4|B6,0.39896041120976938,0.45411511188672038,0.055154700676950996,0,0,8,8,1e-10,SPLIT_BEYOND_ALLOWANCE,False,,,,SPLIT_BEYOND_ALLOWANCE
fiber_002,82,B1|B4|B6,0.41633698921867451,0.46435523541751089,0.048018246198836378,0,0,8,8,1e-10,SPLIT_BEYOND_ALLOWANCE,False,,,,SPLIT_BEYOND_ALLOWANCE
fiber_002,83,B0|B1|B4|B6,0.34975092959779908,0.38161526384592492,0.031864334248125847,0,0,16,16,1e-10,SPLIT_BEYOND_ALLOWANCE,False,,,,SPLIT_BEYOND_ALLOWANCE
fiber_002,84,B2|B4|B6,0.43786917232858513,0.48329112884550324,0.045421956516918105,0,0,8,8,1e-10,SPLIT_BEYOND_ALLOWANCE,False,,,,SPLIT_BEYOND_ALLOWANCE
fiber_002,85,B0|B2|B4|B6,0.33163008682518447,0.39102105413348087,0.059390967308296405,0,0,16,16,1e-10,SPLIT_BEYOND_ALLOWANCE,False,,,,SPLIT_BEYOND_ALLOWANCE
fiber_002,86,B1|B2|B4|B6,0.42029464088532592,0.47037803410935042,0.050083393224024497,0,0,16,16,1e-10,SPLIT_BEYOND_ALLOWANCE,False,,,,SPLIT_BEYOND_ALLOWANCE
fiber_002,87,B0|B1|B2|B4|B6,0.25084747521450107,0.28443366191830499,0.033586186703803922,0,0,8,8,1e-10,SPLIT_BEYOND_ALLOWANCE,False,,,,SPLIT_BEYOND_ALLOWANCE
fiber_002,88,B3|B4|B6,0.47263466321442749,0.52171687478478568,0.049082211570358192,0,0,8,8,1e-10,SPLIT_BEYOND_ALLOWANCE,False,,,,SPLIT_BEYOND_ALLOWANCE
fiber_002,89,B0|B3|B4|B6,0.33289334828008565,0.37037852340857658,0.037485175128490922,0,0,16,16,1e-10,SPLIT_BEYOND_ALLOWANCE,False,,,,SPLIT_BEYOND_ALLOWANCE
fiber_002,90,B1|B3|B4|B6,0.43173258777758106,0.4755484324528062,0.043815844675225146,0,0,16,16,1e-10,SPLIT_BEYOND_ALLOWANCE,False,,,,SPLIT_BEYOND_ALLOWANCE
fiber_002,91,B0|B1|B3|B4|B6,0.23845464963847288,0.24696800198319896,0.0085133523447260828,0,0,8,8,1e-10,SPLIT_BEYOND_ALLOWANCE,False,,,,SPLIT_BEYOND_ALLOWANCE
fiber_002,92,B2|B3|B4|B6,0.44633403368618035,0.50281979518845465,0.056485761502274301,0,0,16,16,1e-10,SPLIT_BEYOND_ALLOWANCE,False,,,,SPLIT_BEYOND_ALLOWANCE
fiber_002,93,B0|B2|B3|B4|B6,0.19512791837814575,0.24048681684537238,0.045358898467226627,0,0,8,8,1e-10,SPLIT_BEYOND_ALLOWANCE,False,,,,SPLIT_BEYOND_ALLOWANCE
fiber_002,94,B1|B2|B3|B4|B6,0.37491034775270882,0.42294389995417903,0.048033552201470209,0,0,8,8,1e-10,SPLIT_BEYOND_ALLOWANCE,False,,,,SPLIT_BEYOND_ALLOWANCE
fiber_002,95,B0|B1|B2|B3|B4|B6,0.086191481822414373,0.10170746865290736,0.015515986830492989,0,0,4,4,1e-10,SPLIT_BEYOND_ALLOWANCE,False,,,,SPLIT_BEYOND_ALLOWANCE
fiber_002,96,B5|B6,0.17487060646987101,0.21226687655552801,0.037396270085656991,0,0,4,4,1e-10,SPLIT_BEYOND_ALLOWANCE,False,,,,SPLIT_BEYOND_ALLOWANCE
fiber_002,97,B0|B5|B6,0.45842217156655413,0.52700168675559522,0.068579515189041096,0,0,8,8,1e-10,SPLIT_BEYOND_ALLOWANCE,False,,,,SPLIT_BEYOND_ALLOWANCE
fiber_002,98,B1|B5|B6,0.23369875857084818,0.28328239086831086,0.049583632297462682,0,0,8,8,1e-10,SPLIT_BEYOND_ALLOWANCE,False,,,,SPLIT_BEYOND_ALLOWANCE
fiber_002,99,B0|B1|B5|B6,0.47847259532239134,0.53412195583680955,0.055649360514418211,0,0,16,16,1e-10,SPLIT_BEYOND_ALLOWANCE,False,,,,SPLIT_BEYOND_ALLOWANCE
fiber_002,100,B2|B5|B6,0.30115391701045102,0.33770130296197493,0.036547385951523903,0,0,8,8,1e-10,SPLIT_BEYOND_ALLOWANCE,False,,,,SPLIT_BEYOND_ALLOWANCE
fiber_002,101,B0|B2|B5|B6,0.48218061252955685,0.54964529528869865,0.067464682759141803,0,0,16,16,1e-10,SPLIT_BEYOND_ALLOWANCE,False,,,,SPLIT_BEYOND_ALLOWANCE
fiber_002,102,B1|B2|B5|B6,0.33146151973876165,0.37760318766054013,0.046141667921778484,0,0,16,16,1e-10,SPLIT_BEYOND_ALLOWANCE,False,,,,SPLIT_BEYOND_ALLOWANCE
fiber_002,103,B0|B1|B2|B5|B6,0.4638275574752756,0.51630610752492423,0.052478550049648631,0,0,8,8,1e-10,SPLIT_BEYOND_ALLOWANCE,False,,,,SPLIT_BEYOND_ALLOWANCE
fiber_002,104,B3|B5|B6,0.34034331869512563,0.39586956873627394,0.055526250041148306,0,0,8,8,1e-10,SPLIT_BEYOND_ALLOWANCE,False,,,,SPLIT_BEYOND_ALLOWANCE
fiber_002,105,B0|B3|B5|B6,0.49692684452496788,0.56660189480268153,0.069675050277713646,0,0,16,16,1e-10,SPLIT_BEYOND_ALLOWANCE,False,,,,SPLIT_BEYOND_ALLOWANCE
fiber_002,106,B1|B3|B5|B6,0.35114177834140597,0.41090393320698698,0.059762154865581008,0,0,16,16,1e-10,SPLIT_BEYOND_ALLOWANCE,False,,,,SPLIT_BEYOND_ALLOWANCE
fiber_002,107,B0|B1|B3|B5|B6,0.45925681114633832,0.50504278166497363,0.045785970518635311,0,0,8,8,1e-10,SPLIT_BEYOND_ALLOWANCE,False,,,,SPLIT_BEYOND_ALLOWANCE
fiber_002,108,B2|B3|B5|B6,0.40053112359482329,0.45987105770227854,0.05933993410745525,0,0,16,16,1e-10,SPLIT_BEYOND_ALLOWANCE,False,,,,SPLIT_BEYOND_ALLOWANCE
fiber_002,109,B0|B2|B3|B5|B6,0.44969987469973,0.52133181498527681,0.071631940285546813,0,0,8,8,1e-10,SPLIT_BEYOND_ALLOWANCE,False,,,,SPLIT_BEYOND_ALLOWANCE
fiber_002,110,B1|B2|B3|B5|B6,0.37484314889125236,0.43362183753468725,0.058778688643434884,0,0,8,8,1e-10,SPLIT_BEYOND_ALLOWANCE,False,,,,SPLIT_BEYOND_ALLOWANCE
fiber_002,111,B0|B1|B2|B3|B5|B6,0.37517054832227553,0.42092289327783422,0.045752344955558688,0,0,4,4,1e-10,SPLIT_BEYOND_ALLOWANCE,False,,,,SPLIT_BEYOND_ALLOWANCE
fiber_002,112,B4|B5|B6,0.40093317188560446,0.44340590732040941,0.042472735434804954,0,0,8,8,1e-10,SPLIT_BEYOND_ALLOWANCE,False,,,,SPLIT_BEYOND_ALLOWANCE
fiber_002,113,B0|B4|B5|B6,0.39709679136511411,0.45227930388795284,0.055182512522838734,0,0,16,16,1e-10,SPLIT_BEYOND_ALLOWANCE,False,,,,SPLIT_BEYOND_ALLOWANCE
fiber_002,114,B1|B4|B5|B6,0.41595991220396245,0.46361024964606701,0.047650337442104562,0,0,16,16,1e-10,SPLIT_BEYOND_ALLOWANCE,False,,,,SPLIT_BEYOND_ALLOWANCE
fiber_002,115,B0|B1|B4|B5|B6,0.34602308677763921,0.37757383064898198,0.031550743871342768,0,0,8,8,1e-10,SPLIT_BEYOND_ALLOWANCE,False,,,,SPLIT_BEYOND_ALLOWANCE
fiber_002,116,B2|B4|B5|B6,0.43781681950636303,0.48342416961944717,0.045607350113084144,0,0,16,16,1e-10,SPLIT_BEYOND_ALLOWANCE,False,,,,SPLIT_BEYOND_ALLOWANCE
fiber_002,117,B0|B2|B4|B5|B6,0.32833794825467588,0.38776592861754794,0.059427980362872057,0,0,8,8,1e-10,SPLIT_BEYOND_ALLOWANCE,False,,,,SPLIT_BEYOND_ALLOWANCE
fiber_002,118,B1|B2|B4|B5|B6,0.41796473039999327,0.46773796692483494,0.049773236524841669,0,0,8,8,1e-10,SPLIT_BEYOND_ALLOWANCE,False,,,,SPLIT_BEYOND_ALLOWANCE
fiber_002,119,B0|B1|B2|B4|B5|B6,0.24508865029939325,0.27823860811168677,0.033149957812293518,0,0,4,4,1e-10,SPLIT_BEYOND_ALLOWANCE,False,,,,SPLIT_BEYOND_ALLOWANCE
fiber_002,120,B3|B4|B5|B6,0.47259737145329173,0.52155139740608381,0.04895402595279208,0,0,16,16,1e-10,SPLIT_BEYOND_ALLOWANCE,False,,,,SPLIT_BEYOND_ALLOWANCE
fiber_002,121,B0|B3|B4|B5|B6,0.32933230699348326,0.36682283273447325,0.037490525740989988,0,0,8,8,1e-10,SPLIT_BEYOND_ALLOWANCE,False,,,,SPLIT_BEYOND_ALLOWANCE
fiber_002,122,B1|B3|B4|B5|B6,0.42946533704501805,0.47264406974249995,0.043178732697481903,0,0,8,8,1e-10,SPLIT_BEYOND_ALLOWANCE,False,,,,SPLIT_BEYOND_ALLOWANCE
fiber_002,123,B0|B1|B3|B4|B5|B6,0.23302305589415565,0.24098406321383234,0.0079610073196766939,0,0,4,4,1e-10,SPLIT_BEYOND_ALLOWANCE,False,,,,SPLIT_BEYOND_ALLOWANCE
fiber_002,124,B2|B3|B4|B5|B6,0.4443486306333802,0.5008388590899141,0.056490228456533897,0,0,8,8,1e-10,SPLIT_BEYOND_ALLOWANCE,False,,,,SPLIT_BEYOND_ALLOWANCE
fiber_002,125,B0|B2|B3|B4|B5|B6,0.18992827229082646,0.235351518786519,0.045423246495692543,0,0,4,4,1e-10,SPLIT_BEYOND_ALLOWANCE,False,,,,SPLIT_BEYOND_ALLOWANCE
fiber_002,126,B1|B2|B3|B4|B5|B6,0.37085704413890669,0.41826199761563571,0.047404953476729017,0,0,4,4,1e-10,SPLIT_BEYOND_ALLOWANCE,False,,,,SPLIT_BEYOND_ALLOWANCE
fiber_002,127,B0|B1|B2|B3|B4|B5|B6,0.079299027573334221,0.094121819616670571,0.01482279204333635,0,0,2,2,1e-10,SPLIT_BEYOND_ALLOWANCE,False,,,,SPLIT_BEYOND_ALLOWANCE
fiber_002,128,B7,0.079299027573334332,0.09412181961667053,0.014822792043336197,0,0,2,2,1e-10,SPLIT_BEYOND_ALLOWANCE,False,,,,SPLIT_BEYOND_ALLOWANCE
fiber_002,129,B0|B7,0.37085704413890652,0.41826199761563576,0.047404953476729239,0,0,4,4,1e-10,SPLIT_BEYOND_ALLOWANCE,False,,,,SPLIT_BEYOND_ALLOWANCE
fiber_002,130,B1|B7,0.18992827229082632,0.235351518786519,0.045423246495692682,0,0,4,4,1e-10,SPLIT_BEYOND_ALLOWANCE,False,,,,SPLIT_BEYOND_ALLOWANCE
fiber_002,131,B0|B1|B7,0.4443486306333802,0.50083885908991399,0.056490228456533786,0,0,8,8,1e-10,SPLIT_BEYOND_ALLOWANCE,False,,,,SPLIT_BEYOND_ALLOWANCE
fiber_002,132,B2|B7,0.23302305589415537,0.24098406321383223,0.0079610073196768605,0,0,4,4,1e-10,SPLIT_BEYOND_ALLOWANCE,False,,,,SPLIT_BEYOND_ALLOWANCE
fiber_002,133,B0|B2|B7,0.42946533704501799,0.47264406974250039,0.043178732697482403,0,0,8,8,1e-10,SPLIT_BEYOND_ALLOWANCE,False,,,,SPLIT_BEYOND_ALLOWANCE
fiber_002,134,B1|B2|B7,0.32933230699348315,0.36682283273447303,0.037490525740989877,0,0,8,8,1e-10,SPLIT_BEYOND_ALLOWANCE,False,,,,SPLIT_BEYOND_ALLOWANCE
fiber_002,135,B0|B1|B2|B7,0.47259737145329173,0.52155139740608369,0.048954025952791969,0,0,16,16,1e-10,SPLIT_BEYOND_ALLOWANCE,False,,,,SPLIT_BEYOND_ALLOWANCE
fiber_002,136,B3|B7,0.24508865029939317,0.27823860811168671,0.033149957812293546,0,0,4,4,1e-10,SPLIT_BEYOND_ALLOWANCE,False,,,,SPLIT_BEYOND_ALLOWANCE
fiber_002,137,B0|B3|B7,0.41796473039999293,0.46773796692483494,0.049773236524842002,0,0,8,8,1e-10,SPLIT_BEYOND_ALLOWANCE,False,,,,SPLIT_BEYOND_ALLOWANCE
fiber_002,138,B1|B3|B7,0.32833794825467605,0.38776592861754788,0.059427980362871835,0,0,8,8,1e-10,SPLIT_BEYOND_ALLOWANCE,False,,,,SPLIT_BEYOND_ALLOWANCE
fiber_002,139,B0|B1|B3|B7,0.43781681950636331,0.48342416961944706,0.045607350113083756,0,0,16,16,1e-10,SPLIT_BEYOND_ALLOWANCE,False,,,,SPLIT_BEYOND_ALLOWANCE
fiber_002,140,B2|B3|B7,0.3460230867776391,0.37757383064898209,0.03155074387134299,0,0,8,8,1e-10,SPLIT_BEYOND_ALLOWANCE,False,,,,SPLIT_BEYOND_ALLOWANCE
fiber_002,141,B0|B2|B3|B7,0.41595991220396211,0.46361024964606667,0.047650337442104562,0,0,16,16,1e-10,SPLIT_BEYOND_ALLOWANCE,False,,,,SPLIT_BEYOND_ALLOWANCE
fiber_002,142,B1|B2|B3|B7,0.39709679136511394,0.45227930388795284,0.0551825125228389,0,0,16,16,1e-10,SPLIT_BEYOND_ALLOWANCE,False,,,,SPLIT_BEYOND_ALLOWANCE
fiber_002,143,B0|B1|B2|B3|B7,0.40093317188560423,0.44340590732040952,0.042472735434805287,0,0,8,8,1e-10,SPLIT_BEYOND_ALLOWANCE,False,,,,SPLIT_BEYOND_ALLOWANCE
fiber_002,144,B4|B7,0.37517054832227559,0.42092289327783433,0.045752344955558744,0,0,4,4,1e-10,SPLIT_BEYOND_ALLOWANCE,False,,,,SPLIT_BEYOND_ALLOWANCE
fiber_002,145,B0|B4|B7,0.37484314889125231,0.4336218375346873,0.058778688643434995,0,0,8,8,1e-10,SPLIT_BEYOND_ALLOWANCE,False,,,,SPLIT_BEYOND_ALLOWANCE
fiber_002,146,B1|B4|B7,0.44969987469973016,0.52133181498527714,0.07163194028554698,0,0,8,8,1e-10,SPLIT_BEYOND_ALLOWANCE,False,,,,SPLIT_BEYOND_ALLOWANCE
fiber_002,147,B0|B1|B4|B7,0.40053112359482324,0.45987105770227854,0.059339934107455306,0,0,16,16,1e-10,SPLIT_BEYOND_ALLOWANCE,False,,,,SPLIT_BEYOND_ALLOWANCE
fiber_002,148,B2|B4|B7,0.45925681114633815,0.50504278166497374,0.045785970518635588,0,0,8,8,1e-10,SPLIT_BEYOND_ALLOWANCE,False,,,,SPLIT_BEYOND_ALLOWANCE
fiber_002,149,B0|B2|B4|B7,0.35114177834140592,0.41090393320698732,0.059762154865581396,0,0,16,16,1e-10,SPLIT_BEYOND_ALLOWANCE,False,,,,SPLIT_BEYOND_ALLOWANCE
fiber_002,150,B1|B2|B4|B7,0.49692684452496821,0.56660189480268175,0.069675050277713535,0,0,16,16,1e-10,SPLIT_BEYOND_ALLOWANCE,False,,,,SPLIT_BEYOND_ALLOWANCE
fiber_002,151,B0|B1|B2|B4|B7,0.34034331869512569,0.39586956873627366,0.055526250041147973,0,0,8,8,1e-10,SPLIT_BEYOND_ALLOWANCE,False,,,,SPLIT_BEYOND_ALLOWANCE
fiber_002,152,B3|B4|B7,0.4638275574752761,0.51630610752492456,0.052478550049648465,0,0,8,8,1e-10,SPLIT_BEYOND_ALLOWANCE,False,,,,SPLIT_BEYOND_ALLOWANCE
fiber_002,153,B0|B3|B4|B7,0.3314615197387617,0.37760318766053991,0.046141667921778207,0,0,16,16,1e-10,SPLIT_BEYOND_ALLOWANCE,False,,,,SPLIT_BEYOND_ALLOWANCE
fiber_002,154,B1|B3|B4|B7,0.48218061252955696,0.54964529528869854,0.067464682759141581,0,0,16,16,1e-10,SPLIT_BEYOND_ALLOWANCE,False,,,,SPLIT_BEYOND_ALLOWANCE
fiber_002,155,B0|B1|B3|B4|B7,0.30115391701045102,0.33770130296197498,0.036547385951523959,0,0,8,8,1e-10,SPLIT_BEYOND_ALLOWANCE,False,,,,SPLIT_BEYOND_ALLOWANCE
fiber_002,156,B2|B3|B4|B7,0.478472595322391,0.53412195583680977,0.055649360514418766,0,0,16,16,1e-10,SPLIT_BEYOND_ALLOWANCE,False,,,,SPLIT_BEYOND_ALLOWANCE
fiber_002,157,B0|B2|B3|B4|B7,0.2336987585708484,0.28328239086831064,0.049583632297462238,0,0,8,8,1e-10,SPLIT_BEYOND_ALLOWANCE,False,,,,SPLIT_BEYOND_ALLOWANCE
fiber_002,158,B1|B2|B3|B4|B7,0.45842217156655424,0.52700168675559578,0.06857951518904154,0,0,8,8,1e-10,SPLIT_BEYOND_ALLOWANCE,False,,,,SPLIT_BEYOND_ALLOWANCE
fiber_002,159,B0|B1|B2|B3|B4|B7,0.17487060646987121,0.21226687655552773,0.037396270085656519,0,0,4,4,1e-10,SPLIT_BEYOND_ALLOWANCE,False,,,,SPLIT_BEYOND_ALLOWANCE
fiber_002,160,B5|B7,0.08619148182241447,0.10170746865290732,0.015515986830492851,0,0,4,4,1e-10,SPLIT_BEYOND_ALLOWANCE,False,,,,SPLIT_BEYOND_ALLOWANCE
fiber_002,161,B0|B5|B7,0.37491034775270865,0.42294389995417908,0.048033552201470431,0,0,8,8,1e-10,SPLIT_BEYOND_ALLOWANCE,False,,,,SPLIT_BEYOND_ALLOWANCE
fiber_002,162,B1|B5|B7,0.19512791837814586,0.24048681684537224,0.045358898467226377,0,0,8,8,1e-10,SPLIT_BEYOND_ALLOWANCE,False,,,,SPLIT_BEYOND_ALLOWANCE
fiber_002,163,B0|B1|B5|B7,0.44633403368618046,0.50281979518845499,0.056485761502274523,0,0,16,16,1e-10,SPLIT_BEYOND_ALLOWANCE,False,,,,SPLIT_BEYOND_ALLOWANCE
fiber_002,164,B2|B5|B7,0.23845464963847265,0.24696800198319876,0.0085133523447261106,0,0,8,8,1e-10,SPLIT_BEYOND_ALLOWANCE,False,,,,SPLIT_BEYOND_ALLOWANCE
fiber_002,165,B0|B2|B5|B7,0.43173258777758106,0.4755484324528062,0.043815844675225146,0,0,16,16,1e-10,SPLIT_BEYOND_ALLOWANCE,False,,,,SPLIT_BEYOND_ALLOWANCE
fiber_002,166,B1|B2|B5|B7,0.33289334828008604,0.37037852340857663,0.037485175128490589,0,0,16,16,1e-10,SPLIT_BEYOND_ALLOWANCE,False,,,,SPLIT_BEYOND_ALLOWANCE
fiber_002,167,B0|B1|B2|B5|B7,0.47263466321442715,0.52171687478478512,0.04908221157035797,0,0,8,8,1e-10,SPLIT_BEYOND_ALLOWANCE,False,,,,SPLIT_BEYOND_ALLOWANCE
fiber_002,168,B3|B5|B7,0.25084747521450085,0.28443366191830499,0.033586186703804144,0,0,8,8,1e-10,SPLIT_BEYOND_ALLOWANCE,False,,,,SPLIT_BEYOND_ALLOWANCE
fiber_002,169,B0|B3|B5|B7,0.42029464088532587,0.47037803410935047,0.050083393224024608,0,0,16,16,1e-10,SPLIT_BEYOND_ALLOWANCE,False,,,,SPLIT_BEYOND_ALLOWANCE
fiber_002,170,B1|B3|B5|B7,0.33163008682518436,0.39102105413348109,0.059390967308296738,0,0,16,16,1e-10,SPLIT_BEYOND_ALLOWANCE,False,,,,SPLIT_BEYOND_ALLOWANCE
fiber_002,171,B0|B1|B3|B5|B7,0.43786917232858541,0.48329112884550329,0.045421956516917883,0,0,8,8,1e-10,SPLIT_BEYOND_ALLOWANCE,False,,,,SPLIT_BEYOND_ALLOWANCE
fiber_002,172,B2|B3|B5|B7,0.3497509295977988,0.38161526384592476,0.031864334248125958,0,0,16,16,1e-10,SPLIT_BEYOND_ALLOWANCE,False,,,,SPLIT_BEYOND_ALLOWANCE
fiber_002,173,B0|B2|B3|B5|B7,0.41633698921867446,0.46435523541751139,0.048018246198836934,0,0,8,8,1e-10,SPLIT_BEYOND_ALLOWANCE,False,,,,SPLIT_BEYOND_ALLOWANCE
fiber_002,174,B1|B2|B3|B5|B7,0.39896041120976983,0.45411511188672021,0.055154700676950386,0,0,8,8,1e-10,SPLIT_BEYOND_ALLOWANCE,False,,,,SPLIT_BEYOND_ALLOWANCE
fiber_002,175,B0|B1|B2|B3|B5|B7,0.39920919533386451,0.44163334182096237,0.042424146487097858,0,0,4,4,1e-10,SPLIT_BEYOND_ALLOWANCE,False,,,,SPLIT_BEYOND_ALLOWANCE
fiber_002,176,B4|B5|B7,0.3788709490633137,0.42517542968760447,0.046304480624290767,0,0,8,8,1e-10,SPLIT_BEYOND_ALLOWANCE,False,,,,SPLIT_BEYOND_ALLOWANCE
fiber_002,177,B0|B4|B5|B7,0.37491644610168329,0.43398092366631141,0.059064477564628126,0,0,16,16,1e-10,SPLIT_BEYOND_ALLOWANCE,False,,,,SPLIT_BEYOND_ALLOWANCE
fiber_002,178,B1|B4|B5|B7,0.45122063127226619,0.5228224194619977,0.071601788189731508,0,0,16,16,1e-10,SPLIT_BEYOND_ALLOWANCE,False,,,,SPLIT_BEYOND_ALLOWANCE
fiber_002,179,B0|B1|B4|B5|B7,0.39866395787054171,0.45799310997822412,0.059329152107682415,0,0,8,8,1e-10,SPLIT_BEYOND_ALLOWANCE,False,,,,SPLIT_BEYOND_ALLOWANCE
fiber_002,180,B2|B4|B5|B7,0.46120371853633829,0.50743959318052523,0.046235874644186936,0,0,16,16,1e-10,SPLIT_BEYOND_ALLOWANCE,False,,,,SPLIT_BEYOND_ALLOWANCE
fiber_002,181,B0|B2|B4|B5|B7,0.34952956572004629,0.40962826462704566,0.06009869890699937,0,0,8,8,1e-10,SPLIT_BEYOND_ALLOWANCE,False,,,,SPLIT_BEYOND_ALLOWANCE
fiber_002,182,B1|B2|B4|B5|B7,0.49664758091105921,0.56634121916571523,0.069693638254656021,0,0,8,8,1e-10,SPLIT_BEYOND_ALLOWANCE,False,,,,SPLIT_BEYOND_ALLOWANCE
fiber_002,183,B0|B1|B2|B4|B5|B7,0.33642986707666567,0.39204648479317061,0.055616617716504946,0,0,4,4,1e-10,SPLIT_BEYOND_ALLOWANCE,False,,,,SPLIT_BEYOND_ALLOWANCE
fiber_002,184,B3|B4|B5|B7,0.46585311627019405,0.51866723451349839,0.052814118243304342,0,0,16,16,1e-10,SPLIT_BEYOND_ALLOWANCE,False,,,,SPLIT_BEYOND_ALLOWANCE
fiber_002,185,B0|B3|B4|B5|B7,0.3299300797201612,0.37633153770925115,0.046401457989089956,0,0,8,8,1e-10,SPLIT_BEYOND_ALLOWANCE,False,,,,SPLIT_BEYOND_ALLOWANCE
fiber_002,186,B1|B3|B4|B5|B7,0.48179393745442572,0.54914982837766724,0.067355890923241513,0,0,8,8,1e-10,SPLIT_BEYOND_ALLOWANCE,False,,,,SPLIT_BEYOND_ALLOWANCE
fiber_002,187,B0|B1|B3|B4|B5|B7,0.2977751328924349,0.33418955668307909,0.03641442379064419,0,0,4,4,1e-10,SPLIT_BEYOND_ALLOWANCE,False,,,,SPLIT_BEYOND_ALLOWANCE
fiber_002,188,B2|B3|B4|B5|B7,0.47869614492011958,0.5346738106939537,0.055977665773834118,0,0,8,8,1e-10,SPLIT_BEYOND_ALLOWANCE,False,,,,SPLIT_BEYOND_ALLOWANCE
fiber_002,189,B0|B2|B3|B4|B5|B7,0.23035866046119297,0.28020171144951245,0.049843050988319482,0,0,4,4,1e-10,SPLIT_BEYOND_ALLOWANCE,False,,,,SPLIT_BEYOND_ALLOWANCE
fiber_002,190,B1|B2|B3|B4|B5|B7,0.45636818048237981,0.52494771332494738,0.06857953284256757,0,0,4,4,1e-10,SPLIT_BEYOND_ALLOWANCE,False,,,,SPLIT_BEYOND_ALLOWANCE
fiber_002,191,B0|B1|B2|B3|B4|B5|B7,0.16952912067775777,0.20687956799755713,0.037350447319799362,0,0,2,2,1e-10,SPLIT_BEYOND_ALLOWANCE,False,,,,SPLIT_BEYOND_ALLOWANCE
fiber_002,192,B6|B7,0.22987209066279307,0.27975215117320862,0.049880060510415547,0,0,4,4,1e-10,SPLIT_BEYOND_ALLOWANCE,False,,,,SPLIT_BEYOND_ALLOWANCE
fiber_002,193,B0|B6|B7,0.47202903758615122,0.54444789577780162,0.072418858191650393,0,0,8,8,1e-10,SPLIT_BEYOND_ALLOWANCE,False,,,,SPLIT_BEYOND_ALLOWANCE
fiber_002,194,B1|B6|B7,0.27546758761042905,0.33242227867006241,0.056954691059633356,0,0,8,8,1e-10,SPLIT_BEYOND_ALLOWANCE,False,,,,SPLIT_BEYOND_ALLOWANCE
fiber_002,195,B0|B1|B6|B7,0.47116286616964448,0.52348222576351444,0.052319359593869963,0,0,16,16,1e-10,SPLIT_BEYOND_ALLOWANCE,False,,,,SPLIT_BEYOND_ALLOWANCE
fiber_002,196,B2|B6|B7,0.34215258915829333,0.39380228814484231,0.051649698986548975,0,0,8,8,1e-10,SPLIT_BEYOND_ALLOWANCE,False,,,,SPLIT_BEYOND_ALLOWANCE
fiber_002,197,B0|B2|B6|B7,0.4764322477996506,0.5486969838779796,0.072264736078329006,0,0,16,16,1e-10,SPLIT_BEYOND_ALLOWANCE,False,,,,SPLIT_BEYOND_ALLOWANCE
fiber_002,198,B1|B2|B6|B7,0.35389983157208715,0.40919474008256129,0.055294908510474139,0,0,16,16,1e-10,SPLIT_BEYOND_ALLOWANCE,False,,,,SPLIT_BEYOND_ALLOWANCE
fiber_002,199,B0|B1|B2|B6|B7,0.43748464796778314,0.48756577037161397,0.050081122403830836,0,0,8,8,1e-10,SPLIT_BEYOND_ALLOWANCE,False,,,,SPLIT_BEYOND_ALLOWANCE
fiber_002,200,B3|B6|B7,0.3574118813620058,0.41631570025080872,0.058903818888802917,0,0,8,8,1e-10,SPLIT_BEYOND_ALLOWANCE,False,,,,SPLIT_BEYOND_ALLOWANCE
fiber_002,201,B0|B3|B6|B7,0.46504409366170912,0.52342857508804874,0.058384481426339618,0,0,16,16,1e-10,SPLIT_BEYOND_ALLOWANCE,False,,,,SPLIT_BEYOND_ALLOWANCE
fiber_002,202,B1|B3|B6|B7,0.35086715857765188,0.4075856869026,0.056718528324948114,0,0,16,16,1e-10,SPLIT_BEYOND_ALLOWANCE,False,,,,SPLIT_BEYOND_ALLOWANCE
fiber_002,203,B0|B1|B3|B6|B7,0.41033148852167306,0.44039400813112184,0.030062519609448779,0,0,8,8,1e-10,SPLIT_BEYOND_ALLOWANCE,False,,,,SPLIT_BEYOND_ALLOWANCE
fiber_002,204,B2|B3|B6|B7,0.40104217997835045,0.46305812218603998,0.062015942207689523,0,0,16,16,1e-10,SPLIT_BEYOND_ALLOWANCE,False,,,,SPLIT_BEYOND_ALLOWANCE
fiber_002,205,B0|B2|B3|B6|B7,0.39788845781766446,0.45772664341220975,0.05983818559454529,0,0,8,8,1e-10,SPLIT_BEYOND_ALLOWANCE,False,,,,SPLIT_BEYOND_ALLOWANCE
fiber_002,206,B1|B2|B3|B6|B7,0.35750723925187916,0.41395380812577559,0.05644656887389643,0,0,8,8,1e-10,SPLIT_BEYOND_ALLOWANCE,False,,,,SPLIT_BEYOND_ALLOWANCE
fiber_002,207,B0|B1|B2|B3|B6|B7,0.31336034769290133,0.3448275052012848,0.03146715750838347,0,0,4,4,1e-10,SPLIT_BEYOND_ALLOWANCE,False,,,,SPLIT_BEYOND_ALLOWANCE
fiber_002,208,B4|B6|B7,0.43152839968058299,0.48508724155784766,0.053558841877264673,0,0,8,8,1e-10,SPLIT_BEYOND_ALLOWANCE,False,,,,SPLIT_BEYOND_ALLOWANCE
fiber_002,209,B0|B4|B6|B7,0.37815743844912519,0.43007361383962961,0.051916175390504415,0,0,16,16,1e-10,SPLIT_BEYOND_ALLOWANCE,False,,,,SPLIT_BEYOND_ALLOWANCE
fiber_002,210,B1|B4|B6|B7,0.4270241592018289,0.4785883805728301,0.051564221371001195,0,0,16,16,1e-10,SPLIT_BEYOND_ALLOWANCE,False,,,,SPLIT_BEYOND_ALLOWANCE
fiber_002,211,B0|B1|B4|B6|B7,0.31264699170134597,0.33724548633738716,0.02459849463604119,0,0,8,8,1e-10,SPLIT_BEYOND_ALLOWANCE,False,,,,SPLIT_BEYOND_ALLOWANCE
fiber_002,212,B2|B4|B6|B7,0.45376303936979462,0.51111855029656772,0.057355510926773101,0,0,16,16,1e-10,SPLIT_BEYOND_ALLOWANCE,False,,,,SPLIT_BEYOND_ALLOWANCE
fiber_002,213,B0|B2|B4|B6|B7,0.2936438985663844,0.34907994128077618,0.055436042714391787,0,0,8,8,1e-10,SPLIT_BEYOND_ALLOWANCE,False,,,,SPLIT_BEYOND_ALLOWANCE
fiber_002,214,B1|B2|B4|B6|B7,0.41188179434156941,0.46568752240161171,0.053805728060042302,0,0,8,8,1e-10,SPLIT_BEYOND_ALLOWANCE,False,,,,SPLIT_BEYOND_ALLOWANCE
fiber_002,215,B0|B1|B2|B4|B6|B7,0.20206318178349553,0.22764278068730756,0.025579598903812034,0,0,4,4,1e-10,SPLIT_BEYOND_ALLOWANCE,False,,,,SPLIT_BEYOND_ALLOWANCE
fiber_002,216,B3|B4|B6|B7,0.46210001772018316,0.5076372776260798,0.045537259905896632,0,0,16,16,1e-10,SPLIT_BEYOND_ALLOWANCE,False,,,,SPLIT_BEYOND_ALLOWANCE
fiber_002,217,B0|B3|B4|B6|B7,0.27501467731966189,0.29873491654922807,0.023720239229566176,0,0,8,8,1e-10,SPLIT_BEYOND_ALLOWANCE,False,,,,SPLIT_BEYOND_ALLOWANCE
fiber_002,218,B1|B3|B4|B6|B7,0.3987612287249071,0.43339441183756866,0.034633183112661559,0,0,8,8,1e-10,SPLIT_BEYOND_ALLOWANCE,False,,,,SPLIT_BEYOND_ALLOWANCE
fiber_002,219,B0|B1|B3|B4|B6|B7,0.16968966619264036,0.16144482853484299,0.008244837657797377,0,0,4,4,1e-10,SPLIT_BEYOND_ALLOWANCE,False,,,,SPLIT_BEYOND_ALLOWANCE
fiber_002,220,B2|B3|B4|B6|B7,0.41526011828827725,0.46745048168144226,0.052190363393165018,0,0,8,8,1e-10,SPLIT_BEYOND_ALLOWANCE,False,,,,SPLIT_BEYOND_ALLOWANCE
fiber_002,221,B0|B2|B3|B4|B6|B7,0.12220172524821236,0.15424670408583985,0.032044978837627483,0,0,4,4,1e-10,SPLIT_BEYOND_ALLOWANCE,False,,,,SPLIT_BEYOND_ALLOWANCE
fiber_002,222,B1|B2|B3|B4|B6|B7,0.32797645128481867,0.36764827205978767,0.039671820774969002,0,0,4,4,1e-10,SPLIT_BEYOND_ALLOWANCE,False,,,,SPLIT_BEYOND_ALLOWANCE
fiber_002,223,B0|B1|B2|B3|B4|B6|B7,0.0073217621830363915,0.0080099738589203082,0.00068821167588391675,0,0,2,2,1e-10,SPLIT_BEYOND_ALLOWANCE,False,,,,SPLIT_BEYOND_ALLOWANCE
fiber_002,224,B5|B6|B7,0.23403892062134179,0.28391105545139256,0.049872134830050763,0,0,8,8,1e-10,SPLIT_BEYOND_ALLOWANCE,False,,,,SPLIT_BEYOND_ALLOWANCE
fiber_002,225,B0|B5|B6|B7,0.47290174982724514,0.54533437534991092,0.072432625522665772,0,0,16,16,1e-10,SPLIT_BEYOND_ALLOWANCE,False,,,,SPLIT_BEYOND_ALLOWANCE
fiber_002,226,B1|B5|B6|B7,0.27763415427718741,0.33432792893742125,0.056693774660233842,0,0,16,16,1e-10,SPLIT_BEYOND_ALLOWANCE,False,,,,SPLIT_BEYOND_ALLOWANCE
fiber_002,227,B0|B1|B5|B6|B7,0.46982286088301689,0.52176081084564541,0.051937949962628516,0,0,8,8,1e-10,SPLIT_BEYOND_ALLOWANCE,False,,,,SPLIT_BEYOND_ALLOWANCE
fiber_002,228,B2|B5|B6|B7,0.34463657816889792,0.39638666401024292,0.051750085841344995,0,0,16,16,1e-10,SPLIT_BEYOND_ALLOWANCE,False,,,,SPLIT_BEYOND_ALLOWANCE
fiber_002,229,B0|B2|B5|B6|B7,0.47564916755128889,0.54794967190181265,0.072300504350523764,0,0,8,8,1e-10,SPLIT_BEYOND_ALLOWANCE,False,,,,SPLIT_BEYOND_ALLOWANCE
fiber_002,230,B1|B2|B5|B6|B7,0.35427331719673316,0.40937598831634292,0.055102671119609758,0,0,8,8,1e-10,SPLIT_BEYOND_ALLOWANCE,False,,,,SPLIT_BEYOND_ALLOWANCE
fiber_002,231,B0|B1|B2|B5|B6|B7,0.43440326904146603,0.48402317307533271,0.04961990403386668,0,0,4,4,1e-10,SPLIT_BEYOND_ALLOWANCE,False,,,,SPLIT_BEYOND_ALLOWANCE
fiber_002,232,B3|B5|B6|B7,0.36012393923068281,0.41892368863847429,0.05879974940779148,0,0,16,16,1e-10,SPLIT_BEYOND_ALLOWANCE,False,,,,SPLIT_BEYOND_ALLOWANCE
fiber_002,233,B0|B3|B5|B6|B7,0.46411381906011673,0.52243521476727139,0.058321395707154666,0,0,8,8,1e-10,SPLIT_BEYOND_ALLOWANCE,False,,,,SPLIT_BEYOND_ALLOWANCE
fiber_002,234,B1|B3|B5|B6|B7,0.35128075875466158,0.40771643299818683,0.056435674243525247,0,0,8,8,1e-10,SPLIT_BEYOND_ALLOWANCE,False,,,,SPLIT_BEYOND_ALLOWANCE
fiber_002,235,B0|B1|B3|B5|B6|B7,0.40745281152017943,0.43703097371747057,0.029578162197291147,0,0,4,4,1e-10,SPLIT_BEYOND_ALLOWANCE,False,,,,SPLIT_BEYOND_ALLOWANCE
fiber_002,236,B2|B3|B5|B6|B7,0.4019488480660548,0.46399558055982143,0.062046732493766632,0,0,8,8,1e-10,SPLIT_BEYOND_ALLOWANCE,False,,,,SPLIT_BEYOND_ALLOWANCE
fiber_002,237,B0|B2|B3|B5|B6|B7,0.39517659791486348,0.45497525428195468,0.059798656367091196,0,0,4,4,1e-10,SPLIT_BEYOND_ALLOWANCE,False,,,,SPLIT_BEYOND_ALLOWANCE
fiber_002,238,B1|B2|B3|B5|B6|B7,0.35647741777058473,0.41269773016850292,0.056220312397918193,0,0,4,4,1e-10,SPLIT_BEYOND_ALLOWANCE,False,,,,SPLIT_BEYOND_ALLOWANCE
fiber_002,239,B0|B1|B2|B3|B5|B6|B7,0.30887961133630032,0.33972788100869333,0.030848269672393014,0,0,2,2,1e-10,SPLIT_BEYOND_ALLOWANCE,False,,,,SPLIT_BEYOND_ALLOWANCE
fiber_002,240,B4|B5|B6|B7,0.43218149760962399,0.4857604584554116,0.053578960845787615,0,0,16,16,1e-10,SPLIT_BEYOND_ALLOWANCE,False,,,,SPLIT_BEYOND_ALLOWANCE
fiber_002,241,B0|B4|B5|B6|B7,0.37521187337876671,0.42725115957076343,0.052039286191996714,0,0,8,8,1e-10,SPLIT_BEYOND_ALLOWANCE,False,,,,SPLIT_BEYOND_ALLOWANCE
fiber_002,242,B1|B4|B5|B6|B7,0.42555910626440119,0.47668311203472008,0.051124005770318892,0,0,8,8,1e-10,SPLIT_BEYOND_ALLOWANCE,False,,,,SPLIT_BEYOND_ALLOWANCE
fiber_002,243,B0|B1|B4|B5|B6|B7,0.30800858661728975,0.33235899613951642,0.024350409522226668,0,0,4,4,1e-10,SPLIT_BEYOND_ALLOWANCE,False,,,,SPLIT_BEYOND_ALLOWANCE
fiber_002,244,B2|B4|B5|B6|B7,0.45239762572809111,0.50980405675863893,0.057406431030547822,0,0,8,8,1e-10,SPLIT_BEYOND_ALLOWANCE,False,,,,SPLIT_BEYOND_ALLOWANCE
fiber_002,245,B0|B2|B4|B5|B6|B7,0.28913568229211423,0.34465024750046908,0.055514565208354849,0,0,4,4,1e-10,SPLIT_BEYOND_ALLOWANCE,False,,,,SPLIT_BEYOND_ALLOWANCE
fiber_002,246,B1|B2|B4|B5|B6|B7,0.40823435152230769,0.46172128383928007,0.05348693231697238,0,0,4,4,1e-10,SPLIT_BEYOND_ALLOWANCE,False,,,,SPLIT_BEYOND_ALLOWANCE
fiber_002,247,B0|B1|B2|B4|B5|B6|B7,0.19564678529088547,0.22074561867515702,0.025098833384271546,0,0,2,2,1e-10,SPLIT_BEYOND_ALLOWANCE,False,,,,SPLIT_BEYOND_ALLOWANCE
fiber_002,248,B3|B4|B5|B6|B7,0.46078462319616159,0.50617951276410367,0.045394889567942076,0,0,8,8,1e-10,SPLIT_BEYOND_ALLOWANCE,False,,,,SPLIT_BEYOND_ALLOWANCE
fiber_002,249,B0|B3|B4|B5|B6|B7,0.27059759006448048,0.29437604671025375,0.023778456645773272,0,0,4,4,1e-10,SPLIT_BEYOND_ALLOWANCE,False,,,,SPLIT_BEYOND_ALLOWANCE
fiber_002,250,B1|B3|B4|B5|B6|B7,0.39545268433071951,0.4295377462920163,0.034085061961296792,0,0,4,4,1e-10,SPLIT_BEYOND_ALLOWANCE,False,,,,SPLIT_BEYOND_ALLOWANCE
fiber_002,251,B0|B1|B3|B4|B5|B6|B7,0.16372810085079281,0.15499845390704081,0.0087296469437520008,0,0,2,2,1e-10,SPLIT_BEYOND_ALLOWANCE,False,,,,SPLIT_BEYOND_ALLOWANCE
fiber_002,252,B2|B3|B4|B5|B6|B7,0.41222064751805554,0.46419235346920473,0.051971705951149194,0,0,4,4,1e-10,SPLIT_BEYOND_ALLOWANCE,False,,,,SPLIT_BEYOND_ALLOWANCE
fiber_002,253,B0|B2|B3|B4|B5|B6|B7,0.1160878125445878,0.14807668223181136,0.031988869687223559,0,0,2,2,1e-10,SPLIT_BEYOND_ALLOWANCE,False,,,,SPLIT_BEYOND_ALLOWANCE
fiber_002,254,B1|B2|B3|B4|B5|B6|B7,0.32314193731145507,0.36219422027338005,0.039052282961924978,0,0,2,2,1e-10,SPLIT_BEYOND_ALLOWANCE,False,,,,SPLIT_BEYOND_ALLOWANCE
fiber_002,255,B0|B1|B2|B3|B4|B5|B6|B7,0,0,0,0,0,1,1,1e-10,EQUAL_WITHIN_ALLOWANCE,False,,,,EQUAL_WITHIN_ALLOWANCE
fiber_003,0,EMPTY,0,0,0,0,0,1,1,1e-10,EQUAL_WITHIN_ALLOWANCE,False,,,,EQUAL_WITHIN_ALLOWANCE
fiber_003,1,B0,0.32314193731145463,0.31523979077395492,0.0079021465374997102,0,0,2,2,1e-10,SPLIT_BEYOND_ALLOWANCE,False,,,,SPLIT_BEYOND_ALLOWANCE
fiber_003,2,B1,0.11608781254458782,0.1309267569590368,0.014838944414448982,0,0,2,2,1e-10,SPLIT_BEYOND_ALLOWANCE,False,,,,SPLIT_BEYOND_ALLOWANCE
fiber_003,3,B0|B1,0.41222064751805548,0.41410588502992857,0.0018852375118730835,0,0,4,4,1e-10,SPLIT_BEYOND_ALLOWANCE,False,,,,SPLIT_BEYOND_ALLOWANCE
fiber_003,4,B2,0.16372810085079276,0.14002850543783363,0.023699595412959129,0,0,2,2,1e-10,SPLIT_BEYOND_ALLOWANCE,False,,,,SPLIT_BEYOND_ALLOWANCE
fiber_003,5,B0|B2,0.3954526843307194,0.38016388121701433,0.015288803113705063,0,0,4,4,1e-10,SPLIT_BEYOND_ALLOWANCE,False,,,,SPLIT_BEYOND_ALLOWANCE
fiber_003,6,B1|B2,0.27059759006448036,0.25864650891937907,0.011951081145101294,0,0,4,4,1e-10,SPLIT_BEYOND_ALLOWANCE,False,,,,SPLIT_BEYOND_ALLOWANCE
fiber_003,7,B0|B1|B2,0.46078462319616165,0.45277590433520903,0.0080087188609526128,0,0,8,8,1e-10,SPLIT_BEYOND_ALLOWANCE,False,,,,SPLIT_BEYOND_ALLOWANCE
fiber_003,8,B3,0.19564678529088531,0.19790490735051397,0.0022581220596286644,0,0,2,2,1e-10,SPLIT_BEYOND_ALLOWANCE,False,,,,SPLIT_BEYOND_ALLOWANCE
fiber_003,9,B0|B3,0.40823435152230775,0.39459837365030936,0.013635977871998384,0,0,4,4,1e-10,SPLIT_BEYOND_ALLOWANCE,False,,,,SPLIT_BEYOND_ALLOWANCE
fiber_003,10,B1|B3,0.2891356822921145,0.30710775912462046,0.017972076832505957,0,0,4,4,1e-10,SPLIT_BEYOND_ALLOWANCE,False,,,,SPLIT_BEYOND_ALLOWANCE
fiber_003,11,B0|B1|B3,0.45239762572809111,0.45022699242842429,0.0021706332996668243,0,0,8,8,1e-10,SPLIT_BEYOND_ALLOWANCE,False,,,,SPLIT_BEYOND_ALLOWANCE
fiber_003,12,B2|B3,0.30800858661728964,0.28786028872413039,0.02014829789315925,0,0,4,4,1e-10,SPLIT_BEYOND_ALLOWANCE,False,,,,SPLIT_BEYOND_ALLOWANCE
fiber_003,13,B0|B2|B3,0.42555910626440058,0.40504396955045069,0.020515136713949889,0,0,8,8,1e-10,SPLIT_BEYOND_ALLOWANCE,False,,,,SPLIT_BEYOND_ALLOWANCE
fiber_003,14,B1|B2|B3,0.37521187337876666,0.36639131667845332,0.0088205567003133423,0,0,8,8,1e-10,SPLIT_BEYOND_ALLOWANCE,False,,,,SPLIT_BEYOND_ALLOWANCE
fiber_003,15,B0|B1|B2|B3,0.43218149760962432,0.41987869952693641,0.012302798082687916,0,0,16,16,1e-10,SPLIT_BEYOND_ALLOWANCE,False,,,,SPLIT_BEYOND_ALLOWANCE
fiber_003,16,B4,0.30887961133630004,0.28709669970741292,0.021782911628887125,0,0,2,2,1e-10,SPLIT_BEYOND_ALLOWANCE,False,,,,SPLIT_BEYOND_ALLOWANCE
fiber_003,17,B0|B4,0.35647741777058467,0.34351013541977798,0.012967282350806686,0,0,4,4,1e-10,SPLIT_BEYOND_ALLOWANCE,False,,,,SPLIT_BEYOND_ALLOWANCE
fiber_003,18,B1|B4,0.39517659791486304,0.38811348377096377,0.0070631141438992628,0,0,4,4,1e-10,SPLIT_BEYOND_ALLOWANCE,False,,,,SPLIT_BEYOND_ALLOWANCE
fiber_003,19,B0|B1|B4,0.40194884806605458,0.39837012805973121,0.003578720006323366,0,0,8,8,1e-10,SPLIT_BEYOND_ALLOWANCE,False,,,,SPLIT_BEYOND_ALLOWANCE
fiber_003,20,B2|B4,0.40745281152017931,0.37483141482241911,0.032621396697760208,0,0,4,4,1e-10,SPLIT_BEYOND_ALLOWANCE,False,,,,SPLIT_BEYOND_ALLOWANCE
fiber_003,21,B0|B2|B4,0.35128075875466169,0.34569600723933058,0.00558475151533111,0,0,8,8,1e-10,SPLIT_BEYOND_ALLOWANCE,False,,,,SPLIT_BEYOND_ALLOWANCE
fiber_003,22,B1|B2|B4,0.46411381906011639,0.44382990450322146,0.020283914556894933,0,0,8,8,1e-10,SPLIT_BEYOND_ALLOWANCE,False,,,,SPLIT_BEYOND_ALLOWANCE
fiber_003,23,B0|B1|B2|B4,0.36012393923068314,0.36139226409063352,0.001268324859950376,0,0,16,16,1e-10,SPLIT_BEYOND_ALLOWANCE,False,,,,SPLIT_BEYOND_ALLOWANCE
fiber_003,24,B3|B4,0.43440326904146603,0.41564850885391019,0.018754760187555841,0,0,4,4,1e-10,SPLIT_BEYOND_ALLOWANCE,False,,,,SPLIT_BEYOND_ALLOWANCE
fiber_003,25,B0|B3|B4,0.35427331719673322,0.33686286077945743,0.017410456417275788,0,0,8,8,1e-10,SPLIT_BEYOND_ALLOWANCE,False,,,,SPLIT_BEYOND_ALLOWANCE
fiber_003,26,B1|B3|B4,0.47564916755128933,0.47184344788224569,0.003805719669043639,0,0,8,8,1e-10,SPLIT_BEYOND_ALLOWANCE,False,,,,SPLIT_BEYOND_ALLOWANCE
fiber_003,27,B0|B1|B3|B4,0.34463657816889809,0.33384934726394166,0.010787230904956424,0,0,16,16,1e-10,SPLIT_BEYOND_ALLOWANCE,False,,,,SPLIT_BEYOND_ALLOWANCE
fiber_003,28,B2|B3|B4,0.46982286088301672,0.44324990242467788,0.026572958458338847,0,0,8,8,1e-10,SPLIT_BEYOND_ALLOWANCE,False,,,,SPLIT_BEYOND_ALLOWANCE
fiber_003,29,B0|B2|B3|B4,0.27763415427718735,0.26975426127310675,0.0078798930040805959,0,0,16,16,1e-10,SPLIT_BEYOND_ALLOWANCE,False,,,,SPLIT_BEYOND_ALLOWANCE
fiber_003,30,B1|B2|B3|B4,0.4729017498272452,0.45876921005642363,0.014132539770821573,0,0,16,16,1e-10,SPLIT_BEYOND_ALLOWANCE,False,,,,SPLIT_BEYOND_ALLOWANCE
fiber_003,31,B0|B1|B2|B3|B4,0.23403892062134196,0.23169971677828122,0.0023392038430607442,0,0,8,8,1e-10,SPLIT_BEYOND_ALLOWANCE,False,,,,SPLIT_BEYOND_ALLOWANCE
fiber_003,32,B5,0.0073217621830363915,0.0073100898606636615,1.1672322372729971e-05,0,0,2,2,1e-10,SPLIT_BEYOND_ALLOWANCE,False,,,,SPLIT_BEYOND_ALLOWANCE
fiber_003,33,B0|B5,0.32797645128481856,0.32030786299271485,0.0076685882921037063,0,0,4,4,1e-10,SPLIT_BEYOND_ALLOWANCE,False,,,,SPLIT_BEYOND_ALLOWANCE
fiber_003,34,B1|B5,0.12220172524821239,0.13643112900757584,0.014229403759363449,0,0,4,4,1e-10,SPLIT_BEYOND_ALLOWANCE,False,,,,SPLIT_BEYOND_ALLOWANCE
fiber_003,35,B0|B1|B5,0.41526011828827736,0.41677766856969095,0.0015175502814135933,0,0,8,8,1e-10,SPLIT_BEYOND_ALLOWANCE,False,,,,SPLIT_BEYOND_ALLOWANCE
fiber_003,36,B2|B5,0.16968966619264031,0.14603774882181347,0.023651917370826836,0,0,4,4,1e-10,SPLIT_BEYOND_ALLOWANCE,False,,,,SPLIT_BEYOND_ALLOWANCE
fiber_003,37,B0|B2|B5,0.39876122872490688,0.38356011364419201,0.015201115080714867,0,0,8,8,1e-10,SPLIT_BEYOND_ALLOWANCE,False,,,,SPLIT_BEYOND_ALLOWANCE
fiber_003,38,B1|B2|B5,0.27501467731966189,0.26252817332682832,0.012486503992833575,0,0,8,8,1e-10,SPLIT_BEYOND_ALLOWANCE,False,,,,SPLIT_BEYOND_ALLOWANCE
fiber_003,39,B0|B1|B2|B5,0.46210001772018316,0.4537867544497336,0.0083132632704495668,0,0,16,16,1e-10,SPLIT_BEYOND_ALLOWANCE,False,,,,SPLIT_BEYOND_ALLOWANCE
fiber_003,40,B3|B5,0.20206318178349564,0.20418876843710593,0.0021255866536102896,0,0,4,4,1e-10,SPLIT_BEYOND_ALLOWANCE,False,,,,SPLIT_BEYOND_ALLOWANCE
fiber_003,41,B0|B3|B5,0.41188179434156957,0.39822207389999226,0.013659720441577317,0,0,8,8,1e-10,SPLIT_BEYOND_ALLOWANCE,False,,,,SPLIT_BEYOND_ALLOWANCE
fiber_003,42,B1|B3|B5,0.29364389856638445,0.31087496228884376,0.017231063722459306,0,0,8,8,1e-10,SPLIT_BEYOND_ALLOWANCE,False,,,,SPLIT_BEYOND_ALLOWANCE
fiber_003,43,B0|B1|B3|B5,0.45376303936979434,0.45098909571810003,0.0027739436516943106,0,0,16,16,1e-10,SPLIT_BEYOND_ALLOWANCE,False,,,,SPLIT_BEYOND_ALLOWANCE
fiber_003,44,B2|B3|B5,0.31264699170134624,0.29238325483988753,0.020263736861458714,0,0,8,8,1e-10,SPLIT_BEYOND_ALLOWANCE,False,,,,SPLIT_BEYOND_ALLOWANCE
fiber_003,45,B0|B2|B3|B5,0.42702415920182879,0.40652118773889312,0.020502971462935671,0,0,16,16,1e-10,SPLIT_BEYOND_ALLOWANCE,False,,,,SPLIT_BEYOND_ALLOWANCE
fiber_003,46,B1|B2|B3|B5,0.3781574384491253,0.36873677476906397,0.0094206636800613364,0,0,16,16,1e-10,SPLIT_BEYOND_ALLOWANCE,False,,,,SPLIT_BEYOND_ALLOWANCE
fiber_003,47,B0|B1|B2|B3|B5,0.43152839968058326,0.41884576944953711,0.012682630231046155,0,0,8,8,1e-10,SPLIT_BEYOND_ALLOWANCE,False,,,,SPLIT_BEYOND_ALLOWANCE
fiber_003,48,B4|B5,0.31336034769290122,0.29198105842858502,0.021379289264316204,0,0,4,4,1e-10,SPLIT_BEYOND_ALLOWANCE,False,,,,SPLIT_BEYOND_ALLOWANCE
fiber_003,49,B0|B4|B5,0.35750723925187949,0.3452278197995281,0.012279419452351392,0,0,8,8,1e-10,SPLIT_BEYOND_ALLOWANCE,False,,,,SPLIT_BEYOND_ALLOWANCE
fiber_003,50,B1|B4|B5,0.39788845781766419,0.39079205953780394,0.0070963982798602498,0,0,8,8,1e-10,SPLIT_BEYOND_ALLOWANCE,False,,,,SPLIT_BEYOND_ALLOWANCE
fiber_003,51,B0|B1|B4|B5,0.4010421799783504,0.39757918852097446,0.0034629914573759413,0,0,16,16,1e-10,SPLIT_BEYOND_ALLOWANCE,False,,,,SPLIT_BEYOND_ALLOWANCE
fiber_003,52,B2|B4|B5,0.41033148852167312,0.37817292987177192,0.032158558649901192,0,0,8,8,1e-10,SPLIT_BEYOND_ALLOWANCE,False,,,,SPLIT_BEYOND_ALLOWANCE
fiber_003,53,B0|B2|B4|B5,0.35086715857765222,0.34601815192370428,0.0048490066539479404,0,0,16,16,1e-10,SPLIT_BEYOND_ALLOWANCE,False,,,,SPLIT_BEYOND_ALLOWANCE
fiber_003,54,B1|B2|B4|B5,0.46504409366170918,0.44484290214860811,0.020201191513101069,0,0,16,16,1e-10,SPLIT_BEYOND_ALLOWANCE,False,,,,SPLIT_BEYOND_ALLOWANCE
fiber_003,55,B0|B1|B2|B4|B5,0.35741188136200591,0.3591091559628044,0.0016972746007984929,0,0,8,8,1e-10,SPLIT_BEYOND_ALLOWANCE,False,,,,SPLIT_BEYOND_ALLOWANCE
fiber_003,56,B3|B4|B5,0.4374846479677833,0.41902618736093994,0.018458460606843363,0,0,8,8,1e-10,SPLIT_BEYOND_ALLOWANCE,False,,,,SPLIT_BEYOND_ALLOWANCE
fiber_003,57,B0|B3|B4|B5,0.3538998315720876,0.33698813891160112,0.016911692660486477,0,0,16,16,1e-10,SPLIT_BEYOND_ALLOWANCE,False,,,,SPLIT_BEYOND_ALLOWANCE
fiber_003,58,B1|B3|B4|B5,0.4764322477996506,0.4724546187421329,0.0039776290575176954,0,0,16,16,1e-10,SPLIT_BEYOND_ALLOWANCE,False,,,,SPLIT_BEYOND_ALLOWANCE
fiber_003,59,B0|B1|B3|B4|B5,0.342152589158293,0.33131967585244593,0.010832913305847069,0,0,8,8,1e-10,SPLIT_BEYOND_ALLOWANCE,False,,,,SPLIT_BEYOND_ALLOWANCE
fiber_003,60,B2|B3|B4|B5,0.4711628661696442,0.44495153052484931,0.026211335644794886,0,0,16,16,1e-10,SPLIT_BEYOND_ALLOWANCE,False,,,,SPLIT_BEYOND_ALLOWANCE
fiber_003,61,B0|B2|B3|B4|B5,0.27546758761042911,0.26835488435782828,0.0071127032526008271,0,0,8,8,1e-10,SPLIT_BEYOND_ALLOWANCE,False,,,,SPLIT_BEYOND_ALLOWANCE
fiber_003,62,B1|B2|B3|B4|B5,0.47202903758615117,0.45784244280608277,0.014186594780068396,0,0,8,8,1e-10,SPLIT_BEYOND_ALLOWANCE,False,,,,SPLIT_BEYOND_ALLOWANCE
fiber_003,63,B0|B1|B2|B3|B4|B5,0.22987209066279288,0.22792626270758745,0.0019458279552054258,0,0,4,4,1e-10,SPLIT_BEYOND_ALLOWANCE,False,,,,SPLIT_BEYOND_ALLOWANCE
fiber_003,64,B6,0.16952912067775772,0.16013492636757576,0.0093941943101819581,0,0,2,2,1e-10,SPLIT_BEYOND_ALLOWANCE,False,,,,SPLIT_BEYOND_ALLOWANCE
fiber_003,65,B0|B6,0.4563681804823797,0.44671555747585601,0.0096526230065236973,0,0,4,4,1e-10,SPLIT_BEYOND_ALLOWANCE,False,,,,SPLIT_BEYOND_ALLOWANCE
fiber_003,66,B1|B6,0.23035866046119316,0.21691178347811238,0.01344687698308078,0,0,4,4,1e-10,SPLIT_BEYOND_ALLOWANCE,False,,,,SPLIT_BEYOND_ALLOWANCE
fiber_003,67,B0|B1|B6,0.47869614492011936,0.4568507427685029,0.021845402151616455,0,0,8,8,1e-10,SPLIT_BEYOND_ALLOWANCE,False,,,,SPLIT_BEYOND_ALLOWANCE
fiber_003,68,B2|B6,0.29777513289243512,0.27976919967623992,0.018005933216195202,0,0,4,4,1e-10,SPLIT_BEYOND_ALLOWANCE,False,,,,SPLIT_BEYOND_ALLOWANCE
fiber_003,69,B0|B2|B6,0.48179393745442517,0.48176970236556771,2.4235088857460507e-05,0,0,8,8,1e-10,SPLIT_BEYOND_ALLOWANCE,False,,,,SPLIT_BEYOND_ALLOWANCE
fiber_003,70,B1|B2|B6,0.32993007972016131,0.30659916098786999,0.023330918732291317,0,0,8,8,1e-10,SPLIT_BEYOND_ALLOWANCE,False,,,,SPLIT_BEYOND_ALLOWANCE
fiber_003,71,B0|B1|B2|B6,0.46585311627019405,0.451397891020408,0.014455225249786041,0,0,16,16,1e-10,SPLIT_BEYOND_ALLOWANCE,False,,,,SPLIT_BEYOND_ALLOWANCE
fiber_003,72,B3|B6,0.33642986707666583,0.33208765759316095,0.0043422094835048886,0,0,4,4,1e-10,SPLIT_BEYOND_ALLOWANCE,False,,,,SPLIT_BEYOND_ALLOWANCE
fiber_003,73,B0|B3|B6,0.49664758091105926,0.48119842289401882,0.015449158017040443,0,0,8,8,1e-10,SPLIT_BEYOND_ALLOWANCE,False,,,,SPLIT_BEYOND_ALLOWANCE
fiber_003,74,B1|B3|B6,0.34952956572004634,0.33851392567738747,0.01101564004265887,0,0,8,8,1e-10,SPLIT_BEYOND_ALLOWANCE,False,,,,SPLIT_BEYOND_ALLOWANCE
fiber_003,75,B0|B1|B3|B6,0.46120371853633824,0.43337583706810023,0.027827881468238003,0,0,16,16,1e-10,SPLIT_BEYOND_ALLOWANCE,False,,,,SPLIT_BEYOND_ALLOWANCE
fiber_003,76,B2|B3|B6,0.39866395787054165,0.38750639439265827,0.011157563477883381,0,0,8,8,1e-10,SPLIT_BEYOND_ALLOWANCE,False,,,,SPLIT_BEYOND_ALLOWANCE
fiber_003,77,B0|B2|B3|B6,0.45122063127226619,0.4489810006816336,0.0022396305906325908,0,0,16,16,1e-10,SPLIT_BEYOND_ALLOWANCE,False,,,,SPLIT_BEYOND_ALLOWANCE
fiber_003,78,B1|B2|B3|B6,0.37491644610168329,0.35439976358332287,0.020516682518360418,0,0,16,16,1e-10,SPLIT_BEYOND_ALLOWANCE,False,,,,SPLIT_BEYOND_ALLOWANCE
fiber_003,79,B0|B1|B2|B3|B6,0.37887094906331342,0.36187648735199002,0.016994461711323405,0,0,8,8,1e-10,SPLIT_BEYOND_ALLOWANCE,False,,,,SPLIT_BEYOND_ALLOWANCE
fiber_003,80,B4|B6,0.3992091953338644,0.37923219331530605,0.019977002018558343,0,0,4,4,1e-10,SPLIT_BEYOND_ALLOWANCE,False,,,,SPLIT_BEYOND_ALLOWANCE
fiber_003,81,B0|B4|B6,0.39896041120976938,0.39334206374501035,0.0056183474647590326,0,0,8,8,1e-10,SPLIT_BEYOND_ALLOWANCE,False,,,,SPLIT_BEYOND_ALLOWANCE
fiber_003,82,B1|B4|B6,0.41633698921867451,0.38868968002842236,0.027647309190252156,0,0,8,8,1e-10,SPLIT_BEYOND_ALLOWANCE,False,,,,SPLIT_BEYOND_ALLOWANCE
fiber_003,83,B0|B1|B4|B6,0.34975092959779908,0.33268547438815826,0.017065455209640812,0,0,16,16,1e-10,SPLIT_BEYOND_ALLOWANCE,False,,,,SPLIT_BEYOND_ALLOWANCE
fiber_003,84,B2|B4|B6,0.43786917232858513,0.42850645721189751,0.0093627151166876255,0,0,8,8,1e-10,SPLIT_BEYOND_ALLOWANCE,False,,,,SPLIT_BEYOND_ALLOWANCE
fiber_003,85,B0|B2|B4|B6,0.33163008682518447,0.35277357502695234,0.021143488201767868,0,0,16,16,1e-10,SPLIT_BEYOND_ALLOWANCE,False,,,,SPLIT_BEYOND_ALLOWANCE
fiber_003,86,B1|B2|B4|B6,0.42029464088532592,0.40046982175678669,0.019824819128539228,0,0,16,16,1e-10,SPLIT_BEYOND_ALLOWANCE,False,,,,SPLIT_BEYOND_ALLOWANCE
fiber_003,87,B0|B1|B2|B4|B6,0.25084747521450107,0.25643958565925251,0.0055921104447514414,0,0,8,8,1e-10,SPLIT_BEYOND_ALLOWANCE,False,,,,SPLIT_BEYOND_ALLOWANCE
fiber_003,88,B3|B4|B6,0.47263466321442749,0.45767798996521858,0.014956673249208907,0,0,8,8,1e-10,SPLIT_BEYOND_ALLOWANCE,False,,,,SPLIT_BEYOND_ALLOWANCE
fiber_003,89,B0|B3|B4|B6,0.33289334828008565,0.32386123123272098,0.0090321170473646739,0,0,16,16,1e-10,SPLIT_BEYOND_ALLOWANCE,False,,,,SPLIT_BEYOND_ALLOWANCE
fiber_003,90,B1|B3|B4|B6,0.43173258777758106,0.40896789834806813,0.02276468942951293,0,0,16,16,1e-10,SPLIT_BEYOND_ALLOWANCE,False,,,,SPLIT_BEYOND_ALLOWANCE
fiber_003,91,B0|B1|B3|B4|B6,0.23845464963847288,0.21808382609235274,0.020370823546120131,0,0,8,8,1e-10,SPLIT_BEYOND_ALLOWANCE,False,,,,SPLIT_BEYOND_ALLOWANCE
fiber_003,92,B2|B3|B4|B6,0.44633403368618035,0.44204839028555848,0.0042856434006218747,0,0,16,16,1e-10,SPLIT_BEYOND_ALLOWANCE,False,,,,SPLIT_BEYOND_ALLOWANCE
fiber_003,93,B0|B2|B3|B4|B6,0.19512791837814575,0.21472642269423972,0.019598504316093973,0,0,8,8,1e-10,SPLIT_BEYOND_ALLOWANCE,False,,,,SPLIT_BEYOND_ALLOWANCE
fiber_003,94,B1|B2|B3|B4|B6,0.37491034775270882,0.36032555389763682,0.014584793855071998,0,0,8,8,1e-10,SPLIT_BEYOND_ALLOWANCE,False,,,,SPLIT_BEYOND_ALLOWANCE
fiber_003,95,B0|B1|B2|B3|B4|B6,0.086191481822414373,0.090571113593042596,0.0043796317706282228,0,0,4,4,1e-10,SPLIT_BEYOND_ALLOWANCE,False,,,,SPLIT_BEYOND_ALLOWANCE
fiber_003,96,B5|B6,0.17487060646987101,0.16511231424861095,0.0097582922212600676,0,0,4,4,1e-10,SPLIT_BEYOND_ALLOWANCE,False,,,,SPLIT_BEYOND_ALLOWANCE
fiber_003,97,B0|B5|B6,0.45842217156655413,0.44888830404751728,0.0095338675190368427,0,0,8,8,1e-10,SPLIT_BEYOND_ALLOWANCE,False,,,,SPLIT_BEYOND_ALLOWANCE
fiber_003,98,B1|B5|B6,0.23369875857084818,0.2194888359503879,0.01420992262046028,0,0,8,8,1e-10,SPLIT_BEYOND_ALLOWANCE,False,,,,SPLIT_BEYOND_ALLOWANCE
fiber_003,99,B0|B1|B5|B6,0.47847259532239134,0.45632753202642651,0.022145063295964829,0,0,16,16,1e-10,SPLIT_BEYOND_ALLOWANCE,False,,,,SPLIT_BEYOND_ALLOWANCE
fiber_003,100,B2|B5|B6,0.30115391701045102,0.28327570191563367,0.017878215094817351,0,0,8,8,1e-10,SPLIT_BEYOND_ALLOWANCE,False,,,,SPLIT_BEYOND_ALLOWANCE
fiber_003,101,B0|B2|B5|B6,0.48218061252955685,0.48231446637343717,0.00013385384388031607,0,0,16,16,1e-10,SPLIT_BEYOND_ALLOWANCE,False,,,,SPLIT_BEYOND_ALLOWANCE
fiber_003,102,B1|B2|B5|B6,0.33146151973876165,0.30771147792445824,0.023750041814303402,0,0,16,16,1e-10,SPLIT_BEYOND_ALLOWANCE,False,,,,SPLIT_BEYOND_ALLOWANCE
fiber_003,103,B0|B1|B2|B5|B6,0.4638275574752756,0.44903847440550104,0.014789083069774556,0,0,8,8,1e-10,SPLIT_BEYOND_ALLOWANCE,False,,,,SPLIT_BEYOND_ALLOWANCE
fiber_003,104,B3|B5|B6,0.34034331869512563,0.33547887375078533,0.004864444944340296,0,0,8,8,1e-10,SPLIT_BEYOND_ALLOWANCE,False,,,,SPLIT_BEYOND_ALLOWANCE
fiber_003,105,B0|B3|B5|B6,0.49692684452496788,0.48139051065904115,0.015536333865926732,0,0,16,16,1e-10,SPLIT_BEYOND_ALLOWANCE,False,,,,SPLIT_BEYOND_ALLOWANCE
fiber_003,106,B1|B3|B5|B6,0.35114177834140597,0.33932782275737061,0.011813955584035363,0,0,16,16,1e-10,SPLIT_BEYOND_ALLOWANCE,False,,,,SPLIT_BEYOND_ALLOWANCE
fiber_003,107,B0|B1|B3|B5|B6,0.45925681114633832,0.43091746292867411,0.028339348217664206,0,0,8,8,1e-10,SPLIT_BEYOND_ALLOWANCE,False,,,,SPLIT_BEYOND_ALLOWANCE
fiber_003,108,B2|B3|B5|B6,0.40053112359482329,0.38931534617147368,0.011215777423349615,0,0,16,16,1e-10,SPLIT_BEYOND_ALLOWANCE,False,,,,SPLIT_BEYOND_ALLOWANCE
fiber_003,109,B0|B2|B3|B5|B6,0.44969987469973,0.44746005837819092,0.0022398163215390787,0,0,8,8,1e-10,SPLIT_BEYOND_ALLOWANCE,False,,,,SPLIT_BEYOND_ALLOWANCE
fiber_003,110,B1|B2|B3|B5|B6,0.37484314889125236,0.35362689599801028,0.021216252893242082,0,0,8,8,1e-10,SPLIT_BEYOND_ALLOWANCE,False,,,,SPLIT_BEYOND_ALLOWANCE
fiber_003,111,B0|B1|B2|B3|B5|B6,0.37517054832227553,0.35776975474118133,0.017400793581094198,0,0,4,4,1e-10,SPLIT_BEYOND_ALLOWANCE,False,,,,SPLIT_BEYOND_ALLOWANCE
fiber_003,112,B4|B5|B6,0.40093317188560446,0.3814033508695629,0.01952982101604156,0,0,8,8,1e-10,SPLIT_BEYOND_ALLOWANCE,False,,,,SPLIT_BEYOND_ALLOWANCE
fiber_003,113,B0|B4|B5|B6,0.39709679136511411,0.39201262482341986,0.0050841665416942461,0,0,16,16,1e-10,SPLIT_BEYOND_ALLOWANCE,False,,,,SPLIT_BEYOND_ALLOWANCE
fiber_003,114,B1|B4|B5|B6,0.41595991220396245,0.3883814712598796,0.027578440944082849,0,0,16,16,1e-10,SPLIT_BEYOND_ALLOWANCE,False,,,,SPLIT_BEYOND_ALLOWANCE
fiber_003,115,B0|B1|B4|B5|B6,0.34602308677763921,0.32900380657690165,0.017019280200737563,0,0,8,8,1e-10,SPLIT_BEYOND_ALLOWANCE,False,,,,SPLIT_BEYOND_ALLOWANCE
fiber_003,116,B2|B4|B5|B6,0.43781681950636303,0.42899050921569704,0.0088263102906659952,0,0,16,16,1e-10,SPLIT_BEYOND_ALLOWANCE,False,,,,SPLIT_BEYOND_ALLOWANCE
fiber_003,117,B0|B2|B4|B5|B6,0.32833794825467588,0.35009220163435439,0.021754253379678512,0,0,8,8,1e-10,SPLIT_BEYOND_ALLOWANCE,False,,,,SPLIT_BEYOND_ALLOWANCE
fiber_003,118,B1|B2|B4|B5|B6,0.41796473039999327,0.39817891701029201,0.019785813389701257,0,0,8,8,1e-10,SPLIT_BEYOND_ALLOWANCE,False,,,,SPLIT_BEYOND_ALLOWANCE
fiber_003,119,B0|B1|B2|B4|B5|B6,0.24508865029939325,0.25073192999529703,0.0056432796959037801,0,0,4,4,1e-10,SPLIT_BEYOND_ALLOWANCE,False,,,,SPLIT_BEYOND_ALLOWANCE
fiber_003,120,B3|B4|B5|B6,0.47259737145329173,0.45790905535885623,0.014688316094435494,0,0,16,16,1e-10,SPLIT_BEYOND_ALLOWANCE,False,,,,SPLIT_BEYOND_ALLOWANCE
fiber_003,121,B0|B3|B4|B5|B6,0.32933230699348326,0.32075917758517364,0.008573129408309621,0,0,8,8,1e-10,SPLIT_BEYOND_ALLOWANCE,False,,,,SPLIT_BEYOND_ALLOWANCE
fiber_003,122,B1|B3|B4|B5|B6,0.42946533704501805,0.40654316224736831,0.022922174797649741,0,0,8,8,1e-10,SPLIT_BEYOND_ALLOWANCE,False,,,,SPLIT_BEYOND_ALLOWANCE
fiber_003,123,B0|B1|B3|B4|B5|B6,0.23302305589415565,0.21262064455431304,0.020402411339842608,0,0,4,4,1e-10,SPLIT_BEYOND_ALLOWANCE,False,,,,SPLIT_BEYOND_ALLOWANCE
fiber_003,124,B2|B3|B4|B5|B6,0.4443486306333802,0.4404812846137986,0.0038673460195816078,0,0,8,8,1e-10,SPLIT_BEYOND_ALLOWANCE,False,,,,SPLIT_BEYOND_ALLOWANCE
fiber_003,125,B0|B2|B3|B4|B5|B6,0.18992827229082646,0.21011535350804506,0.0201870812172186,0,0,4,4,1e-10,SPLIT_BEYOND_ALLOWANCE,False,,,,SPLIT_BEYOND_ALLOWANCE
fiber_003,126,B1|B2|B3|B4|B5|B6,0.37085704413890669,0.35601096042992209,0.014846083708984603,0,0,4,4,1e-10,SPLIT_BEYOND_ALLOWANCE,False,,,,SPLIT_BEYOND_ALLOWANCE
fiber_003,127,B0|B1|B2|B3|B4|B5|B6,0.079299027573334221,0.083683967380624974,0.0043849398072907525,0,0,2,2,1e-10,SPLIT_BEYOND_ALLOWANCE,False,,,,SPLIT_BEYOND_ALLOWANCE
fiber_003,128,B7,0.079299027573334332,0.083683967380625002,0.0043849398072906692,0,0,2,2,1e-10,SPLIT_BEYOND_ALLOWANCE,False,,,,SPLIT_BEYOND_ALLOWANCE
fiber_003,129,B0|B7,0.37085704413890652,0.35601096042992186,0.014846083708984659,0,0,4,4,1e-10,SPLIT_BEYOND_ALLOWANCE,False,,,,SPLIT_BEYOND_ALLOWANCE
fiber_003,130,B1|B7,0.18992827229082632,0.21011535350804497,0.020187081217218655,0,0,4,4,1e-10,SPLIT_BEYOND_ALLOWANCE,False,,,,SPLIT_BEYOND_ALLOWANCE
fiber_003,131,B0|B1|B7,0.4443486306333802,0.44048128461379843,0.0038673460195817744,0,0,8,8,1e-10,SPLIT_BEYOND_ALLOWANCE,False,,,,SPLIT_BEYOND_ALLOWANCE
fiber_003,132,B2|B7,0.23302305589415537,0.21262064455431309,0.020402411339842275,0,0,4,4,1e-10,SPLIT_BEYOND_ALLOWANCE,False,,,,SPLIT_BEYOND_ALLOWANCE
fiber_003,133,B0|B2|B7,0.42946533704501799,0.40654316224736847,0.022922174797649519,0,0,8,8,1e-10,SPLIT_BEYOND_ALLOWANCE,False,,,,SPLIT_BEYOND_ALLOWANCE
fiber_003,134,B1|B2|B7,0.32933230699348315,0.3207591775851738,0.0085731294083093434,0,0,8,8,1e-10,SPLIT_BEYOND_ALLOWANCE,False,,,,SPLIT_BEYOND_ALLOWANCE
fiber_003,135,B0|B1|B2|B7,0.47259737145329173,0.45790905535885673,0.014688316094434994,0,0,16,16,1e-10,SPLIT_BEYOND_ALLOWANCE,False,,,,SPLIT_BEYOND_ALLOWANCE
fiber_003,136,B3|B7,0.24508865029939317,0.25073192999529686,0.0056432796959036968,0,0,4,4,1e-10,SPLIT_BEYOND_ALLOWANCE,False,,,,SPLIT_BEYOND_ALLOWANCE
fiber_003,137,B0|B3|B7,0.41796473039999293,0.3981789170102919,0.019785813389701035,0,0,8,8,1e-10,SPLIT_BEYOND_ALLOWANCE,False,,,,SPLIT_BEYOND_ALLOWANCE
fiber_003,138,B1|B3|B7,0.32833794825467605,0.35009220163435445,0.021754253379678401,0,0,8,8,1e-10,SPLIT_BEYOND_ALLOWANCE,False,,,,SPLIT_BEYOND_ALLOWANCE
fiber_003,139,B0|B1|B3|B7,0.43781681950636331,0.42899050921569704,0.0088263102906662727,0,0,16,16,1e-10,SPLIT_BEYOND_ALLOWANCE,False,,,,SPLIT_BEYOND_ALLOWANCE
fiber_003,140,B2|B3|B7,0.3460230867776391,0.32900380657690154,0.017019280200737563,0,0,8,8,1e-10,SPLIT_BEYOND_ALLOWANCE,False,,,,SPLIT_BEYOND_ALLOWANCE
fiber_003,141,B0|B2|B3|B7,0.41595991220396211,0.38838147125987954,0.027578440944082572,0,0,16,16,1e-10,SPLIT_BEYOND_ALLOWANCE,False,,,,SPLIT_BEYOND_ALLOWANCE
fiber_003,142,B1|B2|B3|B7,0.39709679136511394,0.39201262482341986,0.0050841665416940796,0,0,16,16,1e-10,SPLIT_BEYOND_ALLOWANCE,False,,,,SPLIT_BEYOND_ALLOWANCE
fiber_003,143,B0|B1|B2|B3|B7,0.40093317188560423,0.38140335086956312,0.019529821016041116,0,0,8,8,1e-10,SPLIT_BEYOND_ALLOWANCE,False,,,,SPLIT_BEYOND_ALLOWANCE
fiber_003,144,B4|B7,0.37517054832227559,0.35776975474118139,0.017400793581094198,0,0,4,4,1e-10,SPLIT_BEYOND_ALLOWANCE,False,,,,SPLIT_BEYOND_ALLOWANCE
fiber_003,145,B0|B4|B7,0.37484314889125231,0.35362689599801045,0.02121625289324186,0,0,8,8,1e-10,SPLIT_BEYOND_ALLOWANCE,False,,,,SPLIT_BEYOND_ALLOWANCE
fiber_003,146,B1|B4|B7,0.44969987469973016,0.44746005837819092,0.0022398163215392453,0,0,8,8,1e-10,SPLIT_BEYOND_ALLOWANCE,False,,,,SPLIT_BEYOND_ALLOWANCE
fiber_003,147,B0|B1|B4|B7,0.40053112359482324,0.38931534617147401,0.011215777423349227,0,0,16,16,1e-10,SPLIT_BEYOND_ALLOWANCE,False,,,,SPLIT_BEYOND_ALLOWANCE
fiber_003,148,B2|B4|B7,0.45925681114633815,0.43091746292867422,0.028339348217663929,0,0,8,8,1e-10,SPLIT_BEYOND_ALLOWANCE,False,,,,SPLIT_BEYOND_ALLOWANCE
fiber_003,149,B0|B2|B4|B7,0.35114177834140592,0.33932782275737061,0.011813955584035307,0,0,16,16,1e-10,SPLIT_BEYOND_ALLOWANCE,False,,,,SPLIT_BEYOND_ALLOWANCE
fiber_003,150,B1|B2|B4|B7,0.49692684452496821,0.48139051065904115,0.015536333865927066,0,0,16,16,1e-10,SPLIT_BEYOND_ALLOWANCE,False,,,,SPLIT_BEYOND_ALLOWANCE
fiber_003,151,B0|B1|B2|B4|B7,0.34034331869512569,0.33547887375078517,0.004864444944340518,0,0,8,8,1e-10,SPLIT_BEYOND_ALLOWANCE,False,,,,SPLIT_BEYOND_ALLOWANCE
fiber_003,152,B3|B4|B7,0.4638275574752761,0.44903847440550088,0.014789083069775222,0,0,8,8,1e-10,SPLIT_BEYOND_ALLOWANCE,False,,,,SPLIT_BEYOND_ALLOWANCE
fiber_003,153,B0|B3|B4|B7,0.3314615197387617,0.30771147792445841,0.023750041814303291,0,0,16,16,1e-10,SPLIT_BEYOND_ALLOWANCE,False,,,,SPLIT_BEYOND_ALLOWANCE
fiber_003,154,B1|B3|B4|B7,0.48218061252955696,0.48231446637343717,0.00013385384388020505,0,0,16,16,1e-10,SPLIT_BEYOND_ALLOWANCE,False,,,,SPLIT_BEYOND_ALLOWANCE
fiber_003,155,B0|B1|B3|B4|B7,0.30115391701045102,0.28327570191563367,0.017878215094817351,0,0,8,8,1e-10,SPLIT_BEYOND_ALLOWANCE,False,,,,SPLIT_BEYOND_ALLOWANCE
fiber_003,156,B2|B3|B4|B7,0.478472595322391,0.45632753202642667,0.022145063295964329,0,0,16,16,1e-10,SPLIT_BEYOND_ALLOWANCE,False,,,,SPLIT_BEYOND_ALLOWANCE
fiber_003,157,B0|B2|B3|B4|B7,0.2336987585708484,0.21948883595038793,0.014209922620460474,0,0,8,8,1e-10,SPLIT_BEYOND_ALLOWANCE,False,,,,SPLIT_BEYOND_ALLOWANCE
fiber_003,158,B1|B2|B3|B4|B7,0.45842217156655424,0.44888830404751706,0.0095338675190371758,0,0,8,8,1e-10,SPLIT_BEYOND_ALLOWANCE,False,,,,SPLIT_BEYOND_ALLOWANCE
fiber_003,159,B0|B1|B2|B3|B4|B7,0.17487060646987121,0.16511231424861098,0.0097582922212602341,0,0,4,4,1e-10,SPLIT_BEYOND_ALLOWANCE,False,,,,SPLIT_BEYOND_ALLOWANCE
fiber_003,160,B5|B7,0.08619148182241447,0.090571113593042651,0.0043796317706281812,0,0,4,4,1e-10,SPLIT_BEYOND_ALLOWANCE,False,,,,SPLIT_BEYOND_ALLOWANCE
fiber_003,161,B0|B5|B7,0.37491034775270865,0.36032555389763676,0.014584793855071887,0,0,8,8,1e-10,SPLIT_BEYOND_ALLOWANCE,False,,,,SPLIT_BEYOND_ALLOWANCE
fiber_003,162,B1|B5|B7,0.19512791837814586,0.21472642269423964,0.019598504316093779,0,0,8,8,1e-10,SPLIT_BEYOND_ALLOWANCE,False,,,,SPLIT_BEYOND_ALLOWANCE
fiber_003,163,B0|B1|B5|B7,0.44633403368618046,0.44204839028555826,0.0042856434006222077,0,0,16,16,1e-10,SPLIT_BEYOND_ALLOWANCE,False,,,,SPLIT_BEYOND_ALLOWANCE
fiber_003,164,B2|B5|B7,0.23845464963847265,0.21808382609235269,0.020370823546119965,0,0,8,8,1e-10,SPLIT_BEYOND_ALLOWANCE,False,,,,SPLIT_BEYOND_ALLOWANCE
fiber_003,165,B0|B2|B5|B7,0.43173258777758106,0.40896789834806835,0.022764689429512708,0,0,16,16,1e-10,SPLIT_BEYOND_ALLOWANCE,False,,,,SPLIT_BEYOND_ALLOWANCE
fiber_003,166,B1|B2|B5|B7,0.33289334828008604,0.32386123123272087,0.0090321170473651735,0,0,16,16,1e-10,SPLIT_BEYOND_ALLOWANCE,False,,,,SPLIT_BEYOND_ALLOWANCE
fiber_003,167,B0|B1|B2|B5|B7,0.47263466321442715,0.45767798996521852,0.01495667324920863,0,0,8,8,1e-10,SPLIT_BEYOND_ALLOWANCE,False,,,,SPLIT_BEYOND_ALLOWANCE
fiber_003,168,B3|B5|B7,0.25084747521450085,0.2564395856592524,0.0055921104447515524,0,0,8,8,1e-10,SPLIT_BEYOND_ALLOWANCE,False,,,,SPLIT_BEYOND_ALLOWANCE
fiber_003,169,B0|B3|B5|B7,0.42029464088532587,0.40046982175678714,0.019824819128538729,0,0,16,16,1e-10,SPLIT_BEYOND_ALLOWANCE,False,,,,SPLIT_BEYOND_ALLOWANCE
fiber_003,170,B1|B3|B5|B7,0.33163008682518436,0.35277357502695222,0.021143488201767868,0,0,16,16,1e-10,SPLIT_BEYOND_ALLOWANCE,False,,,,SPLIT_BEYOND_ALLOWANCE
fiber_003,171,B0|B1|B3|B5|B7,0.43786917232858541,0.42850645721189745,0.0093627151166879585,0,0,8,8,1e-10,SPLIT_BEYOND_ALLOWANCE,False,,,,SPLIT_BEYOND_ALLOWANCE
fiber_003,172,B2|B3|B5|B7,0.3497509295977988,0.33268547438815788,0.017065455209640923,0,0,16,16,1e-10,SPLIT_BEYOND_ALLOWANCE,False,,,,SPLIT_BEYOND_ALLOWANCE
fiber_003,173,B0|B2|B3|B5|B7,0.41633698921867446,0.38868968002842236,0.027647309190252101,0,0,8,8,1e-10,SPLIT_BEYOND_ALLOWANCE,False,,,,SPLIT_BEYOND_ALLOWANCE
fiber_003,174,B1|B2|B3|B5|B7,0.39896041120976983,0.39334206374501035,0.0056183474647594767,0,0,8,8,1e-10,SPLIT_BEYOND_ALLOWANCE,False,,,,SPLIT_BEYOND_ALLOWANCE
fiber_003,175,B0|B1|B2|B3|B5|B7,0.39920919533386451,0.37923219331530589,0.019977002018558621,0,0,4,4,1e-10,SPLIT_BEYOND_ALLOWANCE,False,,,,SPLIT_BEYOND_ALLOWANCE
fiber_003,176,B4|B5|B7,0.3788709490633137,0.36187648735199024,0.016994461711323461,0,0,8,8,1e-10,SPLIT_BEYOND_ALLOWANCE,False,,,,SPLIT_BEYOND_ALLOWANCE
fiber_003,177,B0|B4|B5|B7,0.37491644610168329,0.35439976358332315,0.020516682518360141,0,0,16,16,1e-10,SPLIT_BEYOND_ALLOWANCE,False,,,,SPLIT_BEYOND_ALLOWANCE
fiber_003,178,B1|B4|B5|B7,0.45122063127226619,0.44898100068163393,0.0022396305906322578,0,0,16,16,1e-10,SPLIT_BEYOND_ALLOWANCE,False,,,,SPLIT_BEYOND_ALLOWANCE
fiber_003,179,B0|B1|B4|B5|B7,0.39866395787054171,0.3875063943926581,0.011157563477883603,0,0,8,8,1e-10,SPLIT_BEYOND_ALLOWANCE,False,,,,SPLIT_BEYOND_ALLOWANCE
fiber_003,180,B2|B4|B5|B7,0.46120371853633829,0.43337583706810023,0.027827881468238058,0,0,16,16,1e-10,SPLIT_BEYOND_ALLOWANCE,False,,,,SPLIT_BEYOND_ALLOWANCE
fiber_003,181,B0|B2|B4|B5|B7,0.34952956572004629,0.33851392567738731,0.011015640042658981,0,0,8,8,1e-10,SPLIT_BEYOND_ALLOWANCE,False,,,,SPLIT_BEYOND_ALLOWANCE
fiber_003,182,B1|B2|B4|B5|B7,0.49664758091105921,0.48119842289401876,0.015449158017040443,0,0,8,8,1e-10,SPLIT_BEYOND_ALLOWANCE,False,,,,SPLIT_BEYOND_ALLOWANCE
fiber_003,183,B0|B1|B2|B4|B5|B7,0.33642986707666567,0.33208765759316067,0.0043422094835049996,0,0,4,4,1e-10,SPLIT_BEYOND_ALLOWANCE,False,,,,SPLIT_BEYOND_ALLOWANCE
fiber_003,184,B3|B4|B5|B7,0.46585311627019405,0.45139789102040767,0.014455225249786374,0,0,16,16,1e-10,SPLIT_BEYOND_ALLOWANCE,False,,,,SPLIT_BEYOND_ALLOWANCE
fiber_003,185,B0|B3|B4|B5|B7,0.3299300797201612,0.30659916098786999,0.023330918732291206,0,0,8,8,1e-10,SPLIT_BEYOND_ALLOWANCE,False,,,,SPLIT_BEYOND_ALLOWANCE
fiber_003,186,B1|B3|B4|B5|B7,0.48179393745442572,0.48176970236556788,2.4235088857849085e-05,0,0,8,8,1e-10,SPLIT_BEYOND_ALLOWANCE,False,,,,SPLIT_BEYOND_ALLOWANCE
fiber_003,187,B0|B1|B3|B4|B5|B7,0.2977751328924349,0.27976919967624003,0.018005933216194869,0,0,4,4,1e-10,SPLIT_BEYOND_ALLOWANCE,False,,,,SPLIT_BEYOND_ALLOWANCE
fiber_003,188,B2|B3|B4|B5|B7,0.47869614492011958,0.45685074276850307,0.021845402151616511,0,0,8,8,1e-10,SPLIT_BEYOND_ALLOWANCE,False,,,,SPLIT_BEYOND_ALLOWANCE
fiber_003,189,B0|B2|B3|B4|B5|B7,0.23035866046119297,0.21691178347811252,0.013446876983080447,0,0,4,4,1e-10,SPLIT_BEYOND_ALLOWANCE,False,,,,SPLIT_BEYOND_ALLOWANCE
fiber_003,190,B1|B2|B3|B4|B5|B7,0.45636818048237981,0.44671555747585551,0.0096526230065243079,0,0,4,4,1e-10,SPLIT_BEYOND_ALLOWANCE,False,,,,SPLIT_BEYOND_ALLOWANCE
fiber_003,191,B0|B1|B2|B3|B4|B5|B7,0.16952912067775777,0.16013492636757581,0.0093941943101819581,0,0,2,2,1e-10,SPLIT_BEYOND_ALLOWANCE,False,,,,SPLIT_BEYOND_ALLOWANCE
fiber_003,192,B6|B7,0.22987209066279307,0.22792626270758737,0.0019458279552057034,0,0,4,4,1e-10,SPLIT_BEYOND_ALLOWANCE,False,,,,SPLIT_BEYOND_ALLOWANCE
fiber_003,193,B0|B6|B7,0.47202903758615122,0.45784244280608294,0.014186594780068285,0,0,8,8,1e-10,SPLIT_BEYOND_ALLOWANCE,False,,,,SPLIT_BEYOND_ALLOWANCE
fiber_003,194,B1|B6|B7,0.27546758761042905,0.26835488435782834,0.0071127032526007161,0,0,8,8,1e-10,SPLIT_BEYOND_ALLOWANCE,False,,,,SPLIT_BEYOND_ALLOWANCE
fiber_003,195,B0|B1|B6|B7,0.47116286616964448,0.44495153052484943,0.026211335644795053,0,0,16,16,1e-10,SPLIT_BEYOND_ALLOWANCE,False,,,,SPLIT_BEYOND_ALLOWANCE
fiber_003,196,B2|B6|B7,0.34215258915829333,0.33131967585244598,0.010832913305847347,0,0,8,8,1e-10,SPLIT_BEYOND_ALLOWANCE,False,,,,SPLIT_BEYOND_ALLOWANCE
fiber_003,197,B0|B2|B6|B7,0.4764322477996506,0.47245461874213301,0.0039776290575175843,0,0,16,16,1e-10,SPLIT_BEYOND_ALLOWANCE,False,,,,SPLIT_BEYOND_ALLOWANCE
fiber_003,198,B1|B2|B6|B7,0.35389983157208715,0.33698813891160095,0.016911692660486199,0,0,16,16,1e-10,SPLIT_BEYOND_ALLOWANCE,False,,,,SPLIT_BEYOND_ALLOWANCE
fiber_003,199,B0|B1|B2|B6|B7,0.43748464796778314,0.41902618736094027,0.018458460606842864,0,0,8,8,1e-10,SPLIT_BEYOND_ALLOWANCE,False,,,,SPLIT_BEYOND_ALLOWANCE
fiber_003,200,B3|B6|B7,0.3574118813620058,0.35910915596280424,0.0016972746007984374,0,0,8,8,1e-10,SPLIT_BEYOND_ALLOWANCE,False,,,,SPLIT_BEYOND_ALLOWANCE
fiber_003,201,B0|B3|B6|B7,0.46504409366170912,0.44484290214860805,0.020201191513101069,0,0,16,16,1e-10,SPLIT_BEYOND_ALLOWANCE,False,,,,SPLIT_BEYOND_ALLOWANCE
fiber_003,202,B1|B3|B6|B7,0.35086715857765188,0.34601815192370428,0.0048490066539476073,0,0,16,16,1e-10,SPLIT_BEYOND_ALLOWANCE,False,,,,SPLIT_BEYOND_ALLOWANCE
fiber_003,203,B0|B1|B3|B6|B7,0.41033148852167306,0.37817292987177192,0.032158558649901137,0,0,8,8,1e-10,SPLIT_BEYOND_ALLOWANCE,False,,,,SPLIT_BEYOND_ALLOWANCE
fiber_003,204,B2|B3|B6|B7,0.40104217997835045,0.39757918852097457,0.0034629914573758858,0,0,16,16,1e-10,SPLIT_BEYOND_ALLOWANCE,False,,,,SPLIT_BEYOND_ALLOWANCE
fiber_003,205,B0|B2|B3|B6|B7,0.39788845781766446,0.39079205953780405,0.0070963982798604164,0,0,8,8,1e-10,SPLIT_BEYOND_ALLOWANCE,False,,,,SPLIT_BEYOND_ALLOWANCE
fiber_003,206,B1|B2|B3|B6|B7,0.35750723925187916,0.34522781979952788,0.012279419452351281,0,0,8,8,1e-10,SPLIT_BEYOND_ALLOWANCE,False,,,,SPLIT_BEYOND_ALLOWANCE
fiber_003,207,B0|B1|B2|B3|B6|B7,0.31336034769290133,0.29198105842858535,0.021379289264315982,0,0,4,4,1e-10,SPLIT_BEYOND_ALLOWANCE,False,,,,SPLIT_BEYOND_ALLOWANCE
fiber_003,208,B4|B6|B7,0.43152839968058299,0.418845769449537,0.012682630231045988,0,0,8,8,1e-10,SPLIT_BEYOND_ALLOWANCE,False,,,,SPLIT_BEYOND_ALLOWANCE
fiber_003,209,B0|B4|B6|B7,0.37815743844912519,0.36873677476906414,0.0094206636800610588,0,0,16,16,1e-10,SPLIT_BEYOND_ALLOWANCE,False,,,,SPLIT_BEYOND_ALLOWANCE
fiber_003,210,B1|B4|B6|B7,0.4270241592018289,0.4065211877388929,0.020502971462936004,0,0,16,16,1e-10,SPLIT_BEYOND_ALLOWANCE,False,,,,SPLIT_BEYOND_ALLOWANCE
fiber_003,211,B0|B1|B4|B6|B7,0.31264699170134597,0.2923832548398872,0.02026373686145877,0,0,8,8,1e-10,SPLIT_BEYOND_ALLOWANCE,False,,,,SPLIT_BEYOND_ALLOWANCE
fiber_003,212,B2|B4|B6|B7,0.45376303936979462,0.45098909571810014,0.0027739436516944771,0,0,16,16,1e-10,SPLIT_BEYOND_ALLOWANCE,False,,,,SPLIT_BEYOND_ALLOWANCE
fiber_003,213,B0|B2|B4|B6|B7,0.2936438985663844,0.31087496228884359,0.017231063722459194,0,0,8,8,1e-10,SPLIT_BEYOND_ALLOWANCE,False,,,,SPLIT_BEYOND_ALLOWANCE
fiber_003,214,B1|B2|B4|B6|B7,0.41188179434156941,0.39822207389999248,0.013659720441576928,0,0,8,8,1e-10,SPLIT_BEYOND_ALLOWANCE,False,,,,SPLIT_BEYOND_ALLOWANCE
fiber_003,215,B0|B1|B2|B4|B6|B7,0.20206318178349553,0.20418876843710554,0.0021255866536100121,0,0,4,4,1e-10,SPLIT_BEYOND_ALLOWANCE,False,,,,SPLIT_BEYOND_ALLOWANCE
fiber_003,216,B3|B4|B6|B7,0.46210001772018316,0.4537867544497336,0.0083132632704495668,0,0,16,16,1e-10,SPLIT_BEYOND_ALLOWANCE,False,,,,SPLIT_BEYOND_ALLOWANCE
fiber_003,217,B0|B3|B4|B6|B7,0.27501467731966189,0.26252817332682837,0.01248650399283352,0,0,8,8,1e-10,SPLIT_BEYOND_ALLOWANCE,False,,,,SPLIT_BEYOND_ALLOWANCE
fiber_003,218,B1|B3|B4|B6|B7,0.3987612287249071,0.38356011364419201,0.015201115080715089,0,0,8,8,1e-10,SPLIT_BEYOND_ALLOWANCE,False,,,,SPLIT_BEYOND_ALLOWANCE
fiber_003,219,B0|B1|B3|B4|B6|B7,0.16968966619264036,0.14603774882181372,0.023651917370826642,0,0,4,4,1e-10,SPLIT_BEYOND_ALLOWANCE,False,,,,SPLIT_BEYOND_ALLOWANCE
fiber_003,220,B2|B3|B4|B6|B7,0.41526011828827725,0.4167776685696914,0.0015175502814141484,0,0,8,8,1e-10,SPLIT_BEYOND_ALLOWANCE,False,,,,SPLIT_BEYOND_ALLOWANCE
fiber_003,221,B0|B2|B3|B4|B6|B7,0.12220172524821236,0.1364311290075759,0.014229403759363532,0,0,4,4,1e-10,SPLIT_BEYOND_ALLOWANCE,False,,,,SPLIT_BEYOND_ALLOWANCE
fiber_003,222,B1|B2|B3|B4|B6|B7,0.32797645128481867,0.3203078629927148,0.0076685882921038728,0,0,4,4,1e-10,SPLIT_BEYOND_ALLOWANCE,False,,,,SPLIT_BEYOND_ALLOWANCE
fiber_003,223,B0|B1|B2|B3|B4|B6|B7,0.0073217621830363915,0.0073100898606636606,1.1672322372730838e-05,0,0,2,2,1e-10,SPLIT_BEYOND_ALLOWANCE,False,,,,SPLIT_BEYOND_ALLOWANCE
fiber_003,224,B5|B6|B7,0.23403892062134179,0.23169971677828125,0.00233920384306055,0,0,8,8,1e-10,SPLIT_BEYOND_ALLOWANCE,False,,,,SPLIT_BEYOND_ALLOWANCE
fiber_003,225,B0|B5|B6|B7,0.47290174982724514,0.45876921005642296,0.014132539770822183,0,0,16,16,1e-10,SPLIT_BEYOND_ALLOWANCE,False,,,,SPLIT_BEYOND_ALLOWANCE
fiber_003,226,B1|B5|B6|B7,0.27763415427718741,0.26975426127310653,0.0078798930040808735,0,0,16,16,1e-10,SPLIT_BEYOND_ALLOWANCE,False,,,,SPLIT_BEYOND_ALLOWANCE
fiber_003,227,B0|B1|B5|B6|B7,0.46982286088301689,0.44324990242467782,0.026572958458339069,0,0,8,8,1e-10,SPLIT_BEYOND_ALLOWANCE,False,,,,SPLIT_BEYOND_ALLOWANCE
fiber_003,228,B2|B5|B6|B7,0.34463657816889792,0.33384934726394144,0.01078723090495648,0,0,16,16,1e-10,SPLIT_BEYOND_ALLOWANCE,False,,,,SPLIT_BEYOND_ALLOWANCE
fiber_003,229,B0|B2|B5|B6|B7,0.47564916755128889,0.47184344788224608,0.0038057196690428063,0,0,8,8,1e-10,SPLIT_BEYOND_ALLOWANCE,False,,,,SPLIT_BEYOND_ALLOWANCE
fiber_003,230,B1|B2|B5|B6|B7,0.35427331719673316,0.33686286077945732,0.017410456417275844,0,0,8,8,1e-10,SPLIT_BEYOND_ALLOWANCE,False,,,,SPLIT_BEYOND_ALLOWANCE
fiber_003,231,B0|B1|B2|B5|B6|B7,0.43440326904146603,0.41564850885391019,0.018754760187555841,0,0,4,4,1e-10,SPLIT_BEYOND_ALLOWANCE,False,,,,SPLIT_BEYOND_ALLOWANCE
fiber_003,232,B3|B5|B6|B7,0.36012393923068281,0.3613922640906333,0.001268324859950487,0,0,16,16,1e-10,SPLIT_BEYOND_ALLOWANCE,False,,,,SPLIT_BEYOND_ALLOWANCE
fiber_003,233,B0|B3|B5|B6|B7,0.46411381906011673,0.44382990450322168,0.020283914556895044,0,0,8,8,1e-10,SPLIT_BEYOND_ALLOWANCE,False,,,,SPLIT_BEYOND_ALLOWANCE
fiber_003,234,B1|B3|B5|B6|B7,0.35128075875466158,0.34569600723933047,0.00558475151533111,0,0,8,8,1e-10,SPLIT_BEYOND_ALLOWANCE,False,,,,SPLIT_BEYOND_ALLOWANCE
fiber_003,235,B0|B1|B3|B5|B6|B7,0.40745281152017943,0.37483141482241905,0.032621396697760374,0,0,4,4,1e-10,SPLIT_BEYOND_ALLOWANCE,False,,,,SPLIT_BEYOND_ALLOWANCE
fiber_003,236,B2|B3|B5|B6|B7,0.4019488480660548,0.39837012805973154,0.0035787200063232549,0,0,8,8,1e-10,SPLIT_BEYOND_ALLOWANCE,False,,,,SPLIT_BEYOND_ALLOWANCE
fiber_003,237,B0|B2|B3|B5|B6|B7,0.39517659791486348,0.38811348377096344,0.00706311414390004,0,0,4,4,1e-10,SPLIT_BEYOND_ALLOWANCE,False,,,,SPLIT_BEYOND_ALLOWANCE
fiber_003,238,B1|B2|B3|B5|B6|B7,0.35647741777058473,0.3435101354197776,0.01296728235080713,0,0,4,4,1e-10,SPLIT_BEYOND_ALLOWANCE,False,,,,SPLIT_BEYOND_ALLOWANCE
fiber_003,239,B0|B1|B2|B3|B5|B6|B7,0.30887961133630032,0.28709669970741275,0.021782911628887569,0,0,2,2,1e-10,SPLIT_BEYOND_ALLOWANCE,False,,,,SPLIT_BEYOND_ALLOWANCE
fiber_003,240,B4|B5|B6|B7,0.43218149760962399,0.41987869952693668,0.012302798082687305,0,0,16,16,1e-10,SPLIT_BEYOND_ALLOWANCE,False,,,,SPLIT_BEYOND_ALLOWANCE
fiber_003,241,B0|B4|B5|B6|B7,0.37521187337876671,0.36639131667845337,0.0088205567003133423,0,0,8,8,1e-10,SPLIT_BEYOND_ALLOWANCE,False,,,,SPLIT_BEYOND_ALLOWANCE
fiber_003,242,B1|B4|B5|B6|B7,0.42555910626440119,0.40504396955045024,0.020515136713950943,0,0,8,8,1e-10,SPLIT_BEYOND_ALLOWANCE,False,,,,SPLIT_BEYOND_ALLOWANCE
fiber_003,243,B0|B1|B4|B5|B6|B7,0.30800858661728975,0.28786028872413039,0.020148297893159361,0,0,4,4,1e-10,SPLIT_BEYOND_ALLOWANCE,False,,,,SPLIT_BEYOND_ALLOWANCE
fiber_003,244,B2|B4|B5|B6|B7,0.45239762572809111,0.45022699242842429,0.0021706332996668243,0,0,8,8,1e-10,SPLIT_BEYOND_ALLOWANCE,False,,,,SPLIT_BEYOND_ALLOWANCE
fiber_003,245,B0|B2|B4|B5|B6|B7,0.28913568229211423,0.30710775912462029,0.017972076832506068,0,0,4,4,1e-10,SPLIT_BEYOND_ALLOWANCE,False,,,,SPLIT_BEYOND_ALLOWANCE
fiber_003,246,B1|B2|B4|B5|B6|B7,0.40823435152230769,0.39459837365030936,0.013635977871998328,0,0,4,4,1e-10,SPLIT_BEYOND_ALLOWANCE,False,,,,SPLIT_BEYOND_ALLOWANCE
fiber_003,247,B0|B1|B2|B4|B5|B6|B7,0.19564678529088547,0.19790490735051375,0.0022581220596282758,0,0,2,2,1e-10,SPLIT_BEYOND_ALLOWANCE,False,,,,SPLIT_BEYOND_ALLOWANCE
fiber_003,248,B3|B4|B5|B6|B7,0.46078462319616159,0.45277590433520898,0.0080087188609526128,0,0,8,8,1e-10,SPLIT_BEYOND_ALLOWANCE,False,,,,SPLIT_BEYOND_ALLOWANCE
fiber_003,249,B0|B3|B4|B5|B6|B7,0.27059759006448048,0.2586465089193794,0.011951081145101072,0,0,4,4,1e-10,SPLIT_BEYOND_ALLOWANCE,False,,,,SPLIT_BEYOND_ALLOWANCE
fiber_003,250,B1|B3|B4|B5|B6|B7,0.39545268433071951,0.38016388121701428,0.015288803113705229,0,0,4,4,1e-10,SPLIT_BEYOND_ALLOWANCE,False,,,,SPLIT_BEYOND_ALLOWANCE
fiber_003,251,B0|B1|B3|B4|B5|B6|B7,0.16372810085079281,0.14002850543783332,0.02369959541295949,0,0,2,2,1e-10,SPLIT_BEYOND_ALLOWANCE,False,,,,SPLIT_BEYOND_ALLOWANCE
fiber_003,252,B2|B3|B4|B5|B6|B7,0.41222064751805554,0.41410588502992868,0.001885237511873139,0,0,4,4,1e-10,SPLIT_BEYOND_ALLOWANCE,False,,,,SPLIT_BEYOND_ALLOWANCE
fiber_003,253,B0|B2|B3|B4|B5|B6|B7,0.1160878125445878,0.13092675695903666,0.014838944414448857,0,0,2,2,1e-10,SPLIT_BEYOND_ALLOWANCE,False,,,,SPLIT_BEYOND_ALLOWANCE
fiber_003,254,B1|B2|B3|B4|B5|B6|B7,0.32314193731145507,0.31523979077395486,0.0079021465375002098,0,0,2,2,1e-10,SPLIT_BEYOND_ALLOWANCE,False,,,,SPLIT_BEYOND_ALLOWANCE
fiber_003,255,B0|B1|B2|B3|B4|B5|B6|B7,0,0,0,0,0,1,1,1e-10,EQUAL_WITHIN_ALLOWANCE,False,,,,EQUAL_WITHIN_ALLOWANCE
fiber_004,0,EMPTY,0,0,0,0,0,1,1,1e-10,EQUAL_WITHIN_ALLOWANCE,False,,,,EQUAL_WITHIN_ALLOWANCE
fiber_004,1,B0,0.65944491604063904,0.65605811691672944,0.0033867991239096007,0,0,2,2,1e-10,SPLIT_BEYOND_ALLOWANCE,False,,,,SPLIT_BEYOND_ALLOWANCE
fiber_004,2,B1,0.2790917878215235,0.31292823792309654,0.033836450101573046,0,0,2,2,1e-10,SPLIT_BEYOND_ALLOWANCE,False,,,,SPLIT_BEYOND_ALLOWANCE
fiber_004,3,B0|B1,0.79027519379885081,0.80290073598121214,0.012625542182361338,0,0,4,4,1e-10,SPLIT_BEYOND_ALLOWANCE,False,,,,SPLIT_BEYOND_ALLOWANCE
fiber_004,4,B2,0.19414119583259537,0.20493968387516642,0.010798488042571053,0,0,2,2,1e-10,SPLIT_BEYOND_ALLOWANCE,False,,,,SPLIT_BEYOND_ALLOWANCE
fiber_004,5,B0|B2,0.80528368250627191,0.8052125625338753,7.1119972396616049e-05,0,0,4,4,1e-10,SPLIT_BEYOND_ALLOWANCE,False,,,,SPLIT_BEYOND_ALLOWANCE
fiber_004,6,B1|B2,0.40266835350782182,0.45450193925669746,0.051833585748875644,0,0,4,4,1e-10,SPLIT_BEYOND_ALLOWANCE,False,,,,SPLIT_BEYOND_ALLOWANCE
fiber_004,7,B0|B1|B2,0.84149434754313845,0.86456958972905307,0.023075242185914613,0,0,8,8,1e-10,SPLIT_BEYOND_ALLOWANCE,False,,,,SPLIT_BEYOND_ALLOWANCE
fiber_004,8,B3,0.014647574621039086,0.014327130591184439,0.00032044402985464786,0,0,2,2,1e-10,SPLIT_BEYOND_ALLOWANCE,False,,,,SPLIT_BEYOND_ALLOWANCE
fiber_004,9,B0|B3,0.67105928097612177,0.66748442081498838,0.0035748601611333974,0,0,4,4,1e-10,SPLIT_BEYOND_ALLOWANCE,False,,,,SPLIT_BEYOND_ALLOWANCE
fiber_004,10,B1|B3,0.29073271205263507,0.32434846937059747,0.033615757317962403,0,0,4,4,1e-10,SPLIT_BEYOND_ALLOWANCE,False,,,,SPLIT_BEYOND_ALLOWANCE
fiber_004,11,B0|B1|B3,0.79724974272585403,0.81014768432115858,0.012897941595304552,0,0,8,8,1e-10,SPLIT_BEYOND_ALLOWANCE,False,,,,SPLIT_BEYOND_ALLOWANCE
fiber_004,12,B2|B3,0.20545932044389603,0.21561692911697206,0.010157608673076024,0,0,4,4,1e-10,SPLIT_BEYOND_ALLOWANCE,False,,,,SPLIT_BEYOND_ALLOWANCE
fiber_004,13,B0|B2|B3,0.81270805780487365,0.81252832848113221,0.00017972932374143991,0,0,8,8,1e-10,SPLIT_BEYOND_ALLOWANCE,False,,,,SPLIT_BEYOND_ALLOWANCE
fiber_004,14,B1|B2|B3,0.41126857349078388,0.46283175508846913,0.051563181597685248,0,0,8,8,1e-10,SPLIT_BEYOND_ALLOWANCE,False,,,,SPLIT_BEYOND_ALLOWANCE
fiber_004,15,B0|B1|B2|B3,0.84339668323141548,0.86690318294165569,0.023506499710240214,0,0,16,16,1e-10,SPLIT_BEYOND_ALLOWANCE,False,,,,SPLIT_BEYOND_ALLOWANCE
fiber_004,16,B4,0.5813621872333552,0.5631446090481802,0.018217578185174998,0,0,2,2,1e-10,SPLIT_BEYOND_ALLOWANCE,False,,,,SPLIT_BEYOND_ALLOWANCE
fiber_004,17,B0|B4,0.7451688958303585,0.7821069161066998,0.036938020276341299,0,0,4,4,1e-10,SPLIT_BEYOND_ALLOWANCE,False,,,,SPLIT_BEYOND_ALLOWANCE
fiber_004,18,B1|B4,0.75768157444255368,0.76584795940616912,0.0081663849636154362,0,0,4,4,1e-10,SPLIT_BEYOND_ALLOWANCE,False,,,,SPLIT_BEYOND_ALLOWANCE
fiber_004,19,B0|B1|B4,0.78296462130228894,0.82912670616371154,0.046162084861422592,0,0,8,8,1e-10,SPLIT_BEYOND_ALLOWANCE,False,,,,SPLIT_BEYOND_ALLOWANCE
fiber_004,20,B2|B4,0.74049915425588209,0.72949502461340443,0.011004129642477656,0,0,4,4,1e-10,SPLIT_BEYOND_ALLOWANCE,False,,,,SPLIT_BEYOND_ALLOWANCE
fiber_004,21,B0|B2|B4,0.81571429065536072,0.85607639910687061,0.040362108451509893,0,0,8,8,1e-10,SPLIT_BEYOND_ALLOWANCE,False,,,,SPLIT_BEYOND_ALLOWANCE
fiber_004,22,B1|B2|B4,0.83309496356677459,0.85762709194763698,0.024532128380862384,0,0,8,8,1e-10,SPLIT_BEYOND_ALLOWANCE,False,,,,SPLIT_BEYOND_ALLOWANCE
fiber_004,23,B0|B1|B2|B4,0.74170142272027251,0.79439448184082162,0.052693059120549113,0,0,16,16,1e-10,SPLIT_BEYOND_ALLOWANCE,False,,,,SPLIT_BEYOND_ALLOWANCE
fiber_004,24,B3|B4,0.59279621720184061,0.57424024844203003,0.018555968759810582,0,0,4,4,1e-10,SPLIT_BEYOND_ALLOWANCE,False,,,,SPLIT_BEYOND_ALLOWANCE
fiber_004,25,B0|B3|B4,0.75042058087250929,0.78745996158972653,0.037039380717217241,0,0,8,8,1e-10,SPLIT_BEYOND_ALLOWANCE,False,,,,SPLIT_BEYOND_ALLOWANCE
fiber_004,26,B1|B3|B4,0.76469076843982009,0.77285349845693474,0.00816273001711465,0,0,8,8,1e-10,SPLIT_BEYOND_ALLOWANCE,False,,,,SPLIT_BEYOND_ALLOWANCE
fiber_004,27,B0|B1|B3|B4,0.78300488139212832,0.82958905089550017,0.046584169503371853,0,0,16,16,1e-10,SPLIT_BEYOND_ALLOWANCE,False,,,,SPLIT_BEYOND_ALLOWANCE
fiber_004,28,B2|B3|B4,0.74810878585409957,0.73678092586275146,0.01132785999134811,0,0,8,8,1e-10,SPLIT_BEYOND_ALLOWANCE,False,,,,SPLIT_BEYOND_ALLOWANCE
fiber_004,29,B0|B2|B3|B4,0.81736255472564845,0.85792381115865235,0.0405612564330039,0,0,16,16,1e-10,SPLIT_BEYOND_ALLOWANCE,False,,,,SPLIT_BEYOND_ALLOWANCE
fiber_004,30,B1|B2|B3|B4,0.83555095720838413,0.8602200486172783,0.024669091408894173,0,0,16,16,1e-10,SPLIT_BEYOND_ALLOWANCE,False,,,,SPLIT_BEYOND_ALLOWANCE
fiber_004,31,B0|B1|B2|B3|B4,0.73593073396933228,0.7889753656698465,0.053044631700514211,0,0,8,8,1e-10,SPLIT_BEYOND_ALLOWANCE,False,,,,SPLIT_BEYOND_ALLOWANCE
fiber_004,32,B5,0.53272294922748653,0.59607173789043288,0.063348788662946354,0,0,2,2,1e-10,SPLIT_BEYOND_ALLOWANCE,False,,,,SPLIT_BEYOND_ALLOWANCE
fiber_004,33,B0|B5,0.77714809012731989,0.79616167304849339,0.0190135829211735,0,0,4,4,1e-10,SPLIT_BEYOND_ALLOWANCE,False,,,,SPLIT_BEYOND_ALLOWANCE
fiber_004,34,B1|B5,0.67493147159955258,0.72197509928392456,0.04704362768437198,0,0,4,4,1e-10,SPLIT_BEYOND_ALLOWANCE,False,,,,SPLIT_BEYOND_ALLOWANCE
fiber_004,35,B0|B1|B5,0.77561055135118118,0.756061417551395,0.019549133799786178,0,0,8,8,1e-10,SPLIT_BEYOND_ALLOWANCE,False,,,,SPLIT_BEYOND_ALLOWANCE
fiber_004,36,B2|B5,0.67170844276701347,0.74154892135629413,0.069840478589280663,0,0,4,4,1e-10,SPLIT_BEYOND_ALLOWANCE,False,,,,SPLIT_BEYOND_ALLOWANCE
fiber_004,37,B0|B2|B5,0.82121130306585965,0.8379641369939792,0.016752833928119548,0,0,8,8,1e-10,SPLIT_BEYOND_ALLOWANCE,False,,,,SPLIT_BEYOND_ALLOWANCE
fiber_004,38,B1|B2|B5,0.71504429151068682,0.77199990778942085,0.056955616278734023,0,0,8,8,1e-10,SPLIT_BEYOND_ALLOWANCE,False,,,,SPLIT_BEYOND_ALLOWANCE
fiber_004,39,B0|B1|B2|B5,0.72096616950576853,0.70617774913121001,0.01478842037455852,0,0,16,16,1e-10,SPLIT_BEYOND_ALLOWANCE,False,,,,SPLIT_BEYOND_ALLOWANCE
fiber_004,40,B3|B5,0.54441431395728312,0.60720483989331675,0.062790525936033625,0,0,4,4,1e-10,SPLIT_BEYOND_ALLOWANCE,False,,,,SPLIT_BEYOND_ALLOWANCE
fiber_004,41,B0|B3|B5,0.78454328771970672,0.80336789688714949,0.018824609167442774,0,0,8,8,1e-10,SPLIT_BEYOND_ALLOWANCE,False,,,,SPLIT_BEYOND_ALLOWANCE
fiber_004,42,B1|B3|B5,0.68169529266891171,0.72836747306412453,0.046672180395212814,0,0,8,8,1e-10,SPLIT_BEYOND_ALLOWANCE,False,,,,SPLIT_BEYOND_ALLOWANCE
fiber_004,43,B0|B1|B3|B5,0.7774039079814592,0.75798345613312978,0.019420451848329412,0,0,16,16,1e-10,SPLIT_BEYOND_ALLOWANCE,False,,,,SPLIT_BEYOND_ALLOWANCE
fiber_004,44,B2|B3|B5,0.68076929646743745,0.74999297837275936,0.06922368190532191,0,0,8,8,1e-10,SPLIT_BEYOND_ALLOWANCE,False,,,,SPLIT_BEYOND_ALLOWANCE
fiber_004,45,B0|B2|B3|B5,0.82390590793394114,0.84055170517937172,0.016645797245430582,0,0,16,16,1e-10,SPLIT_BEYOND_ALLOWANCE,False,,,,SPLIT_BEYOND_ALLOWANCE
fiber_004,46,B1|B2|B3|B5,0.71829766229924519,0.77500012939271057,0.056702467093465381,0,0,16,16,1e-10,SPLIT_BEYOND_ALLOWANCE,False,,,,SPLIT_BEYOND_ALLOWANCE
fiber_004,47,B0|B1|B2|B3|B5,0.71756379655224822,0.7028930053420861,0.014670791210162126,0,0,8,8,1e-10,SPLIT_BEYOND_ALLOWANCE,False,,,,SPLIT_BEYOND_ALLOWANCE
fiber_004,48,B4|B5,0.79107594955403671,0.81241057028219221,0.021334620728155507,0,0,4,4,1e-10,SPLIT_BEYOND_ALLOWANCE,False,,,,SPLIT_BEYOND_ALLOWANCE
fiber_004,49,B0|B4|B5,0.50640356439976875,0.53954069727207787,0.033137132872309127,0,0,8,8,1e-10,SPLIT_BEYOND_ALLOWANCE,False,,,,SPLIT_BEYOND_ALLOWANCE
fiber_004,50,B1|B4|B5,0.84575425784297054,0.84016559348383801,0.0055886643591325225,0,0,8,8,1e-10,SPLIT_BEYOND_ALLOWANCE,False,,,,SPLIT_BEYOND_ALLOWANCE
fiber_004,51,B0|B1|B4|B5,0.35000576349043039,0.3356822140545172,0.014323549435913185,1.2037054416259767e-32,1.0043318603217658e-32,4,4,1e-10,SPLIT_BEYOND_ALLOWANCE,False,,,,SPLIT_BEYOND_ALLOWANCE
fiber_004,52,B2|B4|B5,0.86272997181959532,0.88750121740927879,0.024771245589683466,0,0,8,8,1e-10,SPLIT_BEYOND_ALLOWANCE,False,,,,SPLIT_BEYOND_ALLOWANCE
fiber_004,53,B0|B2|B4|B5,0.4780855106736091,0.50495594705525459,0.026870436381645491,0,0,16,16,1e-10,SPLIT_BEYOND_ALLOWANCE,False,,,,SPLIT_BEYOND_ALLOWANCE
fiber_004,54,B1|B2|B4|B5,0.81624066586834509,0.81978595460833614,0.0035452887399910482,0,0,16,16,1e-10,SPLIT_BEYOND_ALLOWANCE,False,,,,SPLIT_BEYOND_ALLOWANCE
fiber_004,55,B0|B1|B2|B4|B5,0.24081768518854033,0.2263509496879966,0.014466735500543726,0,0,8,8,1e-10,SPLIT_BEYOND_ALLOWANCE,False,,,,SPLIT_BEYOND_ALLOWANCE
fiber_004,56,B3|B4|B5,0.79849152798833734,0.81941505559939032,0.020923527611052983,0,0,8,8,1e-10,SPLIT_BEYOND_ALLOWANCE,False,,,,SPLIT_BEYOND_ALLOWANCE
fiber_004,57,B0|B3|B4|B5,0.50726298413614823,0.54044324702906632,0.033180262892918089,0,0,16,16,1e-10,SPLIT_BEYOND_ALLOWANCE,False,,,,SPLIT_BEYOND_ALLOWANCE
fiber_004,58,B1|B3|B4|B5,0.84773097693236243,0.84209588615335962,0.005635090779002816,0,0,16,16,1e-10,SPLIT_BEYOND_ALLOWANCE,False,,,,SPLIT_BEYOND_ALLOWANCE
fiber_004,59,B0|B1|B3|B4|B5,0.34784871827644581,0.33391165863868594,0.013937059637759874,0,0,8,8,1e-10,SPLIT_BEYOND_ALLOWANCE,False,,,,SPLIT_BEYOND_ALLOWANCE
fiber_004,60,B2|B3|B4|B5,0.86569768304011174,0.89008905460220755,0.024391371562095809,0,0,16,16,1e-10,SPLIT_BEYOND_ALLOWANCE,False,,,,SPLIT_BEYOND_ALLOWANCE
fiber_004,61,B0|B2|B3|B4|B5,0.47309802655235622,0.49975425028436199,0.026656223732005768,0,0,8,8,1e-10,SPLIT_BEYOND_ALLOWANCE,False,,,,SPLIT_BEYOND_ALLOWANCE
fiber_004,62,B1|B2|B3|B4|B5,0.81331354147365198,0.81682684867702959,0.0035133072033776136,0,0,8,8,1e-10,SPLIT_BEYOND_ALLOWANCE,False,,,,SPLIT_BEYOND_ALLOWANCE
fiber_004,63,B0|B1|B2|B3|B4|B5,0.23063892840494474,0.21620864174468515,0.014430286660259584,0,0,4,4,1e-10,SPLIT_BEYOND_ALLOWANCE,False,,,,SPLIT_BEYOND_ALLOWANCE
fiber_004,64,B6,0.12320191563390678,0.12373968295837354,0.00053776732446675357,0,0,2,2,1e-10,SPLIT_BEYOND_ALLOWANCE,False,,,,SPLIT_BEYOND_ALLOWANCE
fiber_004,65,B0|B6,0.76666428130814712,0.76664620317063059,1.8078137516530646e-05,0,0,4,4,1e-10,SPLIT_BEYOND_ALLOWANCE,False,,,,SPLIT_BEYOND_ALLOWANCE
fiber_004,66,B1|B6,0.38546923970624442,0.4243432063695855,0.038873966663341086,0,0,4,4,1e-10,SPLIT_BEYOND_ALLOWANCE,False,,,,SPLIT_BEYOND_ALLOWANCE
fiber_004,67,B0|B1|B6,0.86604535371242075,0.88509450955366509,0.019049155841244336,0,0,8,8,1e-10,SPLIT_BEYOND_ALLOWANCE,False,,,,SPLIT_BEYOND_ALLOWANCE
fiber_004,68,B2|B6,0.26102450117417364,0.26246428655658655,0.0014397853824129059,0,0,4,4,1e-10,SPLIT_BEYOND_ALLOWANCE,False,,,,SPLIT_BEYOND_ALLOWANCE
fiber_004,69,B0|B2|B6,0.83978564900613495,0.83026445209111488,0.0095211969150200693,0,0,8,8,1e-10,SPLIT_BEYOND_ALLOWANCE,False,,,,SPLIT_BEYOND_ALLOWANCE
fiber_004,70,B1|B2|B6,0.43775571082602238,0.48327384120522621,0.045518130379203825,0,0,8,8,1e-10,SPLIT_BEYOND_ALLOWANCE,False,,,,SPLIT_BEYOND_ALLOWANCE
fiber_004,71,B0|B1|B2|B6,0.83346062552543387,0.84893929185041428,0.015478666324980406,0,0,16,16,1e-10,SPLIT_BEYOND_ALLOWANCE,False,,,,SPLIT_BEYOND_ALLOWANCE
fiber_004,72,B3|B6,0.13620089189580334,0.13651883594521919,0.00031794404941584697,0,0,4,4,1e-10,SPLIT_BEYOND_ALLOWANCE,False,,,,SPLIT_BEYOND_ALLOWANCE
fiber_004,73,B0|B3|B6,0.77541806783581124,0.7753161733902727,0.00010189444553854177,0,0,8,8,1e-10,SPLIT_BEYOND_ALLOWANCE,False,,,,SPLIT_BEYOND_ALLOWANCE
fiber_004,74,B1|B3|B6,0.39462510803915157,0.43343523042577103,0.038810122386619461,0,0,8,8,1e-10,SPLIT_BEYOND_ALLOWANCE,False,,,,SPLIT_BEYOND_ALLOWANCE
fiber_004,75,B0|B1|B3|B6,0.86920253020402127,0.88844263012086788,0.019240099916846609,0,0,16,16,1e-10,SPLIT_BEYOND_ALLOWANCE,False,,,,SPLIT_BEYOND_ALLOWANCE
fiber_004,76,B2|B3|B6,0.2685326520350797,0.26953123980204885,0.00099858776696915008,0,0,8,8,1e-10,SPLIT_BEYOND_ALLOWANCE,False,,,,SPLIT_BEYOND_ALLOWANCE
fiber_004,77,B0|B2|B3|B6,0.84335896516720543,0.83379366912310093,0.0095652960441044987,0,0,16,16,1e-10,SPLIT_BEYOND_ALLOWANCE,False,,,,SPLIT_BEYOND_ALLOWANCE
fiber_004,78,B1|B2|B3|B6,0.44248148963906792,0.4879030973684102,0.045421607729342284,0,0,16,16,1e-10,SPLIT_BEYOND_ALLOWANCE,False,,,,SPLIT_BEYOND_ALLOWANCE
fiber_004,79,B0|B1|B2|B3|B6,0.83139669483293477,0.84716377615422223,0.015767081321287457,0,0,8,8,1e-10,SPLIT_BEYOND_ALLOWANCE,False,,,,SPLIT_BEYOND_ALLOWANCE
fiber_004,80,B4|B6,0.67655961429685807,0.66309854770829568,0.013461066588562387,0,0,4,4,1e-10,SPLIT_BEYOND_ALLOWANCE,False,,,,SPLIT_BEYOND_ALLOWANCE
fiber_004,81,B0|B4|B6,0.78408733521795226,0.82869047594743894,0.044603140729486679,0,0,8,8,1e-10,SPLIT_BEYOND_ALLOWANCE,False,,,,SPLIT_BEYOND_ALLOWANCE
fiber_004,82,B1|B4|B6,0.82178433820455643,0.8384407033039365,0.016656365099380066,0,0,8,8,1e-10,SPLIT_BEYOND_ALLOWANCE,False,,,,SPLIT_BEYOND_ALLOWANCE
fiber_004,83,B0|B1|B4|B6,0.78371947442084589,0.83858069023754667,0.054861215816700781,0,0,16,16,1e-10,SPLIT_BEYOND_ALLOWANCE,False,,,,SPLIT_BEYOND_ALLOWANCE
fiber_004,84,B2|B4|B6,0.76813058631737774,0.74961220384594174,0.018518382471436001,0,0,8,8,1e-10,SPLIT_BEYOND_ALLOWANCE,False,,,,SPLIT_BEYOND_ALLOWANCE
fiber_004,85,B0|B2|B4|B6,0.77120000542886047,0.80387865103177858,0.03267864560291811,0,0,16,16,1e-10,SPLIT_BEYOND_ALLOWANCE,False,,,,SPLIT_BEYOND_ALLOWANCE
fiber_004,86,B1|B2|B4|B6,0.81504860962170045,0.83383199546685316,0.018783385845152711,0,0,16,16,1e-10,SPLIT_BEYOND_ALLOWANCE,False,,,,SPLIT_BEYOND_ALLOWANCE
fiber_004,87,B0|B1|B2|B4|B6,0.66307774371072437,0.71011597309924912,0.047038229388524755,0,0,8,8,1e-10,SPLIT_BEYOND_ALLOWANCE,False,,,,SPLIT_BEYOND_ALLOWANCE
fiber_004,88,B3|B4|B6,0.68550467106730339,0.67176992313146644,0.013734747935836955,0,0,8,8,1e-10,SPLIT_BEYOND_ALLOWANCE,False,,,,SPLIT_BEYOND_ALLOWANCE
fiber_004,89,B0|B3|B4|B6,0.78595075400751657,0.830782357234925,0.044831603227408423,0,0,16,16,1e-10,SPLIT_BEYOND_ALLOWANCE,False,,,,SPLIT_BEYOND_ALLOWANCE
fiber_004,90,B1|B3|B4|B6,0.82515293894277419,0.8417653337190788,0.016612394776304606,0,0,16,16,1e-10,SPLIT_BEYOND_ALLOWANCE,False,,,,SPLIT_BEYOND_ALLOWANCE
fiber_004,91,B0|B1|B3|B4|B6,0.77912071535862681,0.83444286667378753,0.055322151315160717,0,0,8,8,1e-10,SPLIT_BEYOND_ALLOWANCE,False,,,,SPLIT_BEYOND_ALLOWANCE
fiber_004,92,B2|B3|B4|B6,0.77196877519065632,0.75324883469717585,0.018719940493480469,0,0,16,16,1e-10,SPLIT_BEYOND_ALLOWANCE,False,,,,SPLIT_BEYOND_ALLOWANCE
fiber_004,93,B0|B2|B3|B4|B6,0.76850357119622992,0.80145246417109595,0.032948892974866029,0,0,8,8,1e-10,SPLIT_BEYOND_ALLOWANCE,False,,,,SPLIT_BEYOND_ALLOWANCE
fiber_004,94,B1|B2|B3|B4|B6,0.81364420581533725,0.83252757896656171,0.018883373151224458,0,0,8,8,1e-10,SPLIT_BEYOND_ALLOWANCE,False,,,,SPLIT_BEYOND_ALLOWANCE
fiber_004,95,B0|B1|B2|B3|B4|B6,0.65395580362145445,0.70152716446682495,0.047571360845370503,0,0,4,4,1e-10,SPLIT_BEYOND_ALLOWANCE,False,,,,SPLIT_BEYOND_ALLOWANCE
fiber_004,96,B5|B6,0.64572273678574676,0.71148818498333655,0.065765448197589782,0,0,4,4,1e-10,SPLIT_BEYOND_ALLOWANCE,False,,,,SPLIT_BEYOND_ALLOWANCE
fiber_004,97,B0|B5|B6,0.84179604736678781,0.86359691145064243,0.021800864083854621,0,0,8,8,1e-10,SPLIT_BEYOND_ALLOWANCE,False,,,,SPLIT_BEYOND_ALLOWANCE
fiber_004,98,B1|B5|B6,0.75429505634498251,0.80608226334901456,0.051787207004032054,0,0,8,8,1e-10,SPLIT_BEYOND_ALLOWANCE,False,,,,SPLIT_BEYOND_ALLOWANCE
fiber_004,99,B0|B1|B5|B6,0.79910259524501459,0.78314865636452469,0.015953938880489904,0,0,16,16,1e-10,SPLIT_BEYOND_ALLOWANCE,False,,,,SPLIT_BEYOND_ALLOWANCE
fiber_004,100,B2|B5|B6,0.71138559746505214,0.77050496789389389,0.059119370428841744,0,0,8,8,1e-10,SPLIT_BEYOND_ALLOWANCE,False,,,,SPLIT_BEYOND_ALLOWANCE
fiber_004,101,B0|B2|B5|B6,0.80637387639656743,0.81139738418811658,0.0050235077915491422,0,0,16,16,1e-10,SPLIT_BEYOND_ALLOWANCE,False,,,,SPLIT_BEYOND_ALLOWANCE
fiber_004,102,B1|B2|B5|B6,0.70480734770632669,0.75208914073605238,0.047281793029725683,6.6944716168943804e-33,6.563904790428927e-33,4,4,1e-10,SPLIT_BEYOND_ALLOWANCE,False,,,,SPLIT_BEYOND_ALLOWANCE
fiber_004,103,B0|B1|B2|B5|B6,0.66744879961208703,0.64349936172554756,0.023949437886539471,0,0,8,8,1e-10,SPLIT_BEYOND_ALLOWANCE,False,,,,SPLIT_BEYOND_ALLOWANCE
fiber_004,104,B3|B5|B6,0.65508950419599909,0.72041353851424361,0.065324034318244517,0,0,8,8,1e-10,SPLIT_BEYOND_ALLOWANCE,False,,,,SPLIT_BEYOND_ALLOWANCE
fiber_004,105,B0|B3|B5|B6,0.84555850016383904,0.8670714213503814,0.021512921186542355,0,0,16,16,1e-10,SPLIT_BEYOND_ALLOWANCE,False,,,,SPLIT_BEYOND_ALLOWANCE
fiber_004,106,B1|B3|B5|B6,0.75767973748266004,0.80924623324520373,0.051566495762543685,0,0,16,16,1e-10,SPLIT_BEYOND_ALLOWANCE,False,,,,SPLIT_BEYOND_ALLOWANCE
fiber_004,107,B0|B1|B3|B5|B6,0.79682048964236452,0.78096217333987117,0.015858316302493347,0,0,8,8,1e-10,SPLIT_BEYOND_ALLOWANCE,False,,,,SPLIT_BEYOND_ALLOWANCE
fiber_004,108,B2|B3|B5|B6,0.71651899125184093,0.77524397298043257,0.058724981728591641,0,0,16,16,1e-10,SPLIT_BEYOND_ALLOWANCE,False,,,,SPLIT_BEYOND_ALLOWANCE
fiber_004,109,B0|B2|B3|B5|B6,0.80503476910604777,0.80994689171783674,0.0049121226117889716,0,0,8,8,1e-10,SPLIT_BEYOND_ALLOWANCE,False,,,,SPLIT_BEYOND_ALLOWANCE
fiber_004,110,B1|B2|B3|B5|B6,0.70567796304840469,0.75281185474532697,0.047133891696922281,0,0,8,8,1e-10,SPLIT_BEYOND_ALLOWANCE,False,,,,SPLIT_BEYOND_ALLOWANCE
fiber_004,111,B0|B1|B2|B3|B5|B6,0.66094409059246795,0.63714957291999996,0.023794517672467985,0,0,4,4,1e-10,SPLIT_BEYOND_ALLOWANCE,False,,,,SPLIT_BEYOND_ALLOWANCE
fiber_004,112,B4|B5|B6,0.84869758554910546,0.8750943178793158,0.026396732330210337,0,0,8,8,1e-10,SPLIT_BEYOND_ALLOWANCE,False,,,,SPLIT_BEYOND_ALLOWANCE
fiber_004,113,B0|B4|B5|B6,0.50849340846067537,0.54658247287169215,0.038089064411016782,0,0,16,16,1e-10,SPLIT_BEYOND_ALLOWANCE,False,,,,SPLIT_BEYOND_ALLOWANCE
fiber_004,114,B1|B4|B5|B6,0.86448091923878168,0.86447691527702786,4.0039617538178973e-06,0,0,16,16,1e-10,SPLIT_BEYOND_ALLOWANCE,False,,,,SPLIT_BEYOND_ALLOWANCE
fiber_004,115,B0|B1|B4|B5|B6,0.32404569404650552,0.31692342567669052,0.0071222683698149991,0,0,8,8,1e-10,SPLIT_BEYOND_ALLOWANCE,False,,,,SPLIT_BEYOND_ALLOWANCE
fiber_004,116,B2|B4|B5|B6,0.83979426605154883,0.85498387383672991,0.015189607785181081,0,0,16,16,1e-10,SPLIT_BEYOND_ALLOWANCE,False,,,,SPLIT_BEYOND_ALLOWANCE
fiber_004,117,B0|B2|B4|B5|B6,0.40381964028171757,0.42320285030582616,0.019383210024108588,0,0,8,8,1e-10,SPLIT_BEYOND_ALLOWANCE,False,,,,SPLIT_BEYOND_ALLOWANCE
fiber_004,118,B1|B2|B4|B5|B6,0.75070554141135437,0.74641763638246972,0.0042879050288846532,0,0,8,8,1e-10,SPLIT_BEYOND_ALLOWANCE,False,,,,SPLIT_BEYOND_ALLOWANCE
fiber_004,119,B0|B1|B2|B4|B5|B6,0.14881134135975169,0.13023192693878219,0.018579414420969498,0,0,4,4,1e-10,SPLIT_BEYOND_ALLOWANCE,False,,,,SPLIT_BEYOND_ALLOWANCE
fiber_004,120,B3|B4|B5|B6,0.85253083709696009,0.87843327382072489,0.025902436723764799,0,0,16,16,1e-10,SPLIT_BEYOND_ALLOWANCE,False,,,,SPLIT_BEYOND_ALLOWANCE
fiber_004,121,B0|B3|B4|B5|B6,0.5049021186671836,0.54300024730235419,0.038098128635170592,0,0,8,8,1e-10,SPLIT_BEYOND_ALLOWANCE,False,,,,SPLIT_BEYOND_ALLOWANCE
fiber_004,122,B1|B3|B4|B5|B6,0.86223789140735396,0.86221877373492506,1.9117672428903276e-05,0,0,8,8,1e-10,SPLIT_BEYOND_ALLOWANCE,False,,,,SPLIT_BEYOND_ALLOWANCE
fiber_004,123,B0|B1|B3|B4|B5|B6,0.31695632512210564,0.31019200727849428,0.0067643178436113671,0,0,4,4,1e-10,SPLIT_BEYOND_ALLOWANCE,False,,,,SPLIT_BEYOND_ALLOWANCE
fiber_004,124,B2|B3|B4|B5|B6,0.83885121134336726,0.85373954251182771,0.014888331168460445,0,0,8,8,1e-10,SPLIT_BEYOND_ALLOWANCE,False,,,,SPLIT_BEYOND_ALLOWANCE
fiber_004,125,B0|B2|B3|B4|B5|B6,0.3954279212859842,0.41481628851471541,0.019388367228731218,0,0,4,4,1e-10,SPLIT_BEYOND_ALLOWANCE,False,,,,SPLIT_BEYOND_ALLOWANCE
fiber_004,126,B1|B2|B3|B4|B5|B6,0.74477229834542391,0.74053963090662944,0.0042326674387944685,0,0,4,4,1e-10,SPLIT_BEYOND_ALLOWANCE,False,,,,SPLIT_BEYOND_ALLOWANCE
fiber_004,127,B0|B1|B2|B3|B4|B5|B6,0.13585635371126423,0.11758400100148962,0.018272352709774606,0,0,2,2,1e-10,SPLIT_BEYOND_ALLOWANCE,False,,,,SPLIT_BEYOND_ALLOWANCE
fiber_004,128,B7,0.1358563537112642,0.11758400100148957,0.018272352709774634,0,0,2,2,1e-10,SPLIT_BEYOND_ALLOWANCE,False,,,,SPLIT_BEYOND_ALLOWANCE
fiber_004,129,B0|B7,0.74477229834542424,0.74053963090662955,0.0042326674387946905,0,0,4,4,1e-10,SPLIT_BEYOND_ALLOWANCE,False,,,,SPLIT_BEYOND_ALLOWANCE
fiber_004,130,B1|B7,0.3954279212859842,0.41481628851471541,0.019388367228731218,0,0,4,4,1e-10,SPLIT_BEYOND_ALLOWANCE,False,,,,SPLIT_BEYOND_ALLOWANCE
fiber_004,131,B0|B1|B7,0.83885121134336749,0.85373954251182793,0.014888331168460445,0,0,8,8,1e-10,SPLIT_BEYOND_ALLOWANCE,False,,,,SPLIT_BEYOND_ALLOWANCE
fiber_004,132,B2|B7,0.31695632512210548,0.31019200727849439,0.0067643178436110896,0,0,4,4,1e-10,SPLIT_BEYOND_ALLOWANCE,False,,,,SPLIT_BEYOND_ALLOWANCE
fiber_004,133,B0|B2|B7,0.86223789140735341,0.86221877373492506,1.9117672428348165e-05,0,0,8,8,1e-10,SPLIT_BEYOND_ALLOWANCE,False,,,,SPLIT_BEYOND_ALLOWANCE
fiber_004,134,B1|B2|B7,0.50490211866718349,0.54300024730235374,0.038098128635170259,0,0,8,8,1e-10,SPLIT_BEYOND_ALLOWANCE,False,,,,SPLIT_BEYOND_ALLOWANCE
fiber_004,135,B0|B1|B2|B7,0.85253083709696009,0.878433273820725,0.02590243672376491,0,0,16,16,1e-10,SPLIT_BEYOND_ALLOWANCE,False,,,,SPLIT_BEYOND_ALLOWANCE
fiber_004,136,B3|B7,0.14881134135975146,0.13023192693878224,0.01857941442096922,0,0,4,4,1e-10,SPLIT_BEYOND_ALLOWANCE,False,,,,SPLIT_BEYOND_ALLOWANCE
fiber_004,137,B0|B3|B7,0.75070554141135437,0.74641763638246972,0.0042879050288846532,0,0,8,8,1e-10,SPLIT_BEYOND_ALLOWANCE,False,,,,SPLIT_BEYOND_ALLOWANCE
fiber_004,138,B1|B3|B7,0.40381964028171735,0.42320285030582594,0.019383210024108588,0,0,8,8,1e-10,SPLIT_BEYOND_ALLOWANCE,False,,,,SPLIT_BEYOND_ALLOWANCE
fiber_004,139,B0|B1|B3|B7,0.83979426605154883,0.85498387383672991,0.015189607785181081,0,0,16,16,1e-10,SPLIT_BEYOND_ALLOWANCE,False,,,,SPLIT_BEYOND_ALLOWANCE
fiber_004,140,B2|B3|B7,0.32404569404650563,0.31692342567669024,0.0071222683698153877,0,0,8,8,1e-10,SPLIT_BEYOND_ALLOWANCE,False,,,,SPLIT_BEYOND_ALLOWANCE
fiber_004,141,B0|B2|B3|B7,0.86448091923878179,0.86447691527702797,4.0039617538178973e-06,0,0,16,16,1e-10,SPLIT_BEYOND_ALLOWANCE,False,,,,SPLIT_BEYOND_ALLOWANCE
fiber_004,142,B1|B2|B3|B7,0.50849340846067548,0.54658247287169204,0.03808906441101656,0,0,16,16,1e-10,SPLIT_BEYOND_ALLOWANCE,False,,,,SPLIT_BEYOND_ALLOWANCE
fiber_004,143,B0|B1|B2|B3|B7,0.84869758554910513,0.87509431787931569,0.026396732330210559,0,0,8,8,1e-10,SPLIT_BEYOND_ALLOWANCE,False,,,,SPLIT_BEYOND_ALLOWANCE
fiber_004,144,B4|B7,0.66094409059246795,0.63714957291999996,0.023794517672467985,0,0,4,4,1e-10,SPLIT_BEYOND_ALLOWANCE,False,,,,SPLIT_BEYOND_ALLOWANCE
fiber_004,145,B0|B4|B7,0.70567796304840458,0.75281185474532675,0.04713389169692217,0,0,8,8,1e-10,SPLIT_BEYOND_ALLOWANCE,False,,,,SPLIT_BEYOND_ALLOWANCE
fiber_004,146,B1|B4|B7,0.80503476910604743,0.80994689171783674,0.0049121226117893046,0,0,8,8,1e-10,SPLIT_BEYOND_ALLOWANCE,False,,,,SPLIT_BEYOND_ALLOWANCE
fiber_004,147,B0|B1|B4|B7,0.71651899125184093,0.77524397298043246,0.05872498172859153,0,0,16,16,1e-10,SPLIT_BEYOND_ALLOWANCE,False,,,,SPLIT_BEYOND_ALLOWANCE
fiber_004,148,B2|B4|B7,0.79682048964236429,0.78096217333987072,0.015858316302493569,0,0,8,8,1e-10,SPLIT_BEYOND_ALLOWANCE,False,,,,SPLIT_BEYOND_ALLOWANCE
fiber_004,149,B0|B2|B4|B7,0.75767973748266004,0.80924623324520406,0.051566495762544018,0,0,16,16,1e-10,SPLIT_BEYOND_ALLOWANCE,False,,,,SPLIT_BEYOND_ALLOWANCE
fiber_004,150,B1|B2|B4|B7,0.84555850016383927,0.8670714213503814,0.021512921186542133,0,0,16,16,1e-10,SPLIT_BEYOND_ALLOWANCE,False,,,,SPLIT_BEYOND_ALLOWANCE
fiber_004,151,B0|B1|B2|B4|B7,0.65508950419599943,0.72041353851424306,0.065324034318243629,0,0,8,8,1e-10,SPLIT_BEYOND_ALLOWANCE,False,,,,SPLIT_BEYOND_ALLOWANCE
fiber_004,152,B3|B4|B7,0.66744879961208703,0.64349936172554789,0.023949437886539138,0,0,8,8,1e-10,SPLIT_BEYOND_ALLOWANCE,False,,,,SPLIT_BEYOND_ALLOWANCE
fiber_004,153,B0|B3|B4|B7,0.7048073477063268,0.75208914073605238,0.047281793029725572,1.0516203013498276e-32,1.4606827107960913e-32,4,4,1e-10,SPLIT_BEYOND_ALLOWANCE,False,,,,SPLIT_BEYOND_ALLOWANCE
fiber_004,154,B1|B3|B4|B7,0.80637387639656755,0.81139738418811602,0.005023507791548476,0,0,16,16,1e-10,SPLIT_BEYOND_ALLOWANCE,False,,,,SPLIT_BEYOND_ALLOWANCE
fiber_004,155,B0|B1|B3|B4|B7,0.71138559746505192,0.770504967893894,0.059119370428842077,0,0,8,8,1e-10,SPLIT_BEYOND_ALLOWANCE,False,,,,SPLIT_BEYOND_ALLOWANCE
fiber_004,156,B2|B3|B4|B7,0.7991025952450147,0.78314865636452491,0.015953938880489793,0,0,16,16,1e-10,SPLIT_BEYOND_ALLOWANCE,False,,,,SPLIT_BEYOND_ALLOWANCE
fiber_004,157,B0|B2|B3|B4|B7,0.75429505634498262,0.80608226334901434,0.051787207004031721,0,0,8,8,1e-10,SPLIT_BEYOND_ALLOWANCE,False,,,,SPLIT_BEYOND_ALLOWANCE
fiber_004,158,B1|B2|B3|B4|B7,0.84179604736678781,0.86359691145064232,0.02180086408385451,0,0,8,8,1e-10,SPLIT_BEYOND_ALLOWANCE,False,,,,SPLIT_BEYOND_ALLOWANCE
fiber_004,159,B0|B1|B2|B3|B4|B7,0.64572273678574676,0.7114881849833361,0.065765448197589338,0,0,4,4,1e-10,SPLIT_BEYOND_ALLOWANCE,False,,,,SPLIT_BEYOND_ALLOWANCE
fiber_004,160,B5|B7,0.65395580362145411,0.70152716446682495,0.047571360845370836,0,0,4,4,1e-10,SPLIT_BEYOND_ALLOWANCE,False,,,,SPLIT_BEYOND_ALLOWANCE
fiber_004,161,B0|B5|B7,0.81364420581533747,0.8325275789665616,0.018883373151224125,0,0,8,8,1e-10,SPLIT_BEYOND_ALLOWANCE,False,,,,SPLIT_BEYOND_ALLOWANCE
fiber_004,162,B1|B5|B7,0.76850357119622981,0.80145246417109595,0.03294889297486614,0,0,8,8,1e-10,SPLIT_BEYOND_ALLOWANCE,False,,,,SPLIT_BEYOND_ALLOWANCE
fiber_004,163,B0|B1|B5|B7,0.77196877519065621,0.75324883469717585,0.018719940493480358,0,0,16,16,1e-10,SPLIT_BEYOND_ALLOWANCE,False,,,,SPLIT_BEYOND_ALLOWANCE
fiber_004,164,B2|B5|B7,0.77912071535862659,0.83444286667378742,0.055322151315160828,0,0,8,8,1e-10,SPLIT_BEYOND_ALLOWANCE,False,,,,SPLIT_BEYOND_ALLOWANCE
fiber_004,165,B0|B2|B5|B7,0.82515293894277431,0.84176533371907858,0.016612394776304273,0,0,16,16,1e-10,SPLIT_BEYOND_ALLOWANCE,False,,,,SPLIT_BEYOND_ALLOWANCE
fiber_004,166,B1|B2|B5|B7,0.78595075400751679,0.83078235723492477,0.044831603227407979,0,0,16,16,1e-10,SPLIT_BEYOND_ALLOWANCE,False,,,,SPLIT_BEYOND_ALLOWANCE
fiber_004,167,B0|B1|B2|B5|B7,0.68550467106730362,0.67176992313146644,0.013734747935837177,0,0,8,8,1e-10,SPLIT_BEYOND_ALLOWANCE,False,,,,SPLIT_BEYOND_ALLOWANCE
fiber_004,168,B3|B5|B7,0.66307774371072492,0.71011597309924956,0.047038229388524644,0,0,8,8,1e-10,SPLIT_BEYOND_ALLOWANCE,False,,,,SPLIT_BEYOND_ALLOWANCE
fiber_004,169,B0|B3|B5|B7,0.81504860962170012,0.83383199546685338,0.018783385845153266,0,0,16,16,1e-10,SPLIT_BEYOND_ALLOWANCE,False,,,,SPLIT_BEYOND_ALLOWANCE
fiber_004,170,B1|B3|B5|B7,0.77120000542886047,0.8038786510317788,0.032678645602918333,0,0,16,16,1e-10,SPLIT_BEYOND_ALLOWANCE,False,,,,SPLIT_BEYOND_ALLOWANCE
fiber_004,171,B0|B1|B3|B5|B7,0.76813058631737763,0.74961220384594207,0.018518382471435557,0,0,8,8,1e-10,SPLIT_BEYOND_ALLOWANCE,False,,,,SPLIT_BEYOND_ALLOWANCE
fiber_004,172,B2|B3|B5|B7,0.78371947442084589,0.83858069023754678,0.054861215816700892,0,0,16,16,1e-10,SPLIT_BEYOND_ALLOWANCE,False,,,,SPLIT_BEYOND_ALLOWANCE
fiber_004,173,B0|B2|B3|B5|B7,0.82178433820455621,0.83844070330393694,0.016656365099380732,0,0,8,8,1e-10,SPLIT_BEYOND_ALLOWANCE,False,,,,SPLIT_BEYOND_ALLOWANCE
fiber_004,174,B1|B2|B3|B5|B7,0.78408733521795237,0.82869047594743883,0.044603140729486457,0,0,8,8,1e-10,SPLIT_BEYOND_ALLOWANCE,False,,,,SPLIT_BEYOND_ALLOWANCE
fiber_004,175,B0|B1|B2|B3|B5|B7,0.67655961429685851,0.66309854770829579,0.01346106658856272,0,0,4,4,1e-10,SPLIT_BEYOND_ALLOWANCE,False,,,,SPLIT_BEYOND_ALLOWANCE
fiber_004,176,B4|B5|B7,0.83139669483293477,0.84716377615422234,0.015767081321287568,0,0,8,8,1e-10,SPLIT_BEYOND_ALLOWANCE,False,,,,SPLIT_BEYOND_ALLOWANCE
fiber_004,177,B0|B4|B5|B7,0.44248148963906814,0.48790309736840987,0.045421607729341729,0,0,16,16,1e-10,SPLIT_BEYOND_ALLOWANCE,False,,,,SPLIT_BEYOND_ALLOWANCE
fiber_004,178,B1|B4|B5|B7,0.84335896516720543,0.83379366912310082,0.0095652960441046098,0,0,16,16,1e-10,SPLIT_BEYOND_ALLOWANCE,False,,,,SPLIT_BEYOND_ALLOWANCE
fiber_004,179,B0|B1|B4|B5|B7,0.26853265203507987,0.26953123980204879,0.00099858776696892804,0,0,8,8,1e-10,SPLIT_BEYOND_ALLOWANCE,False,,,,SPLIT_BEYOND_ALLOWANCE
fiber_004,180,B2|B4|B5|B7,0.86920253020402127,0.8884426301208681,0.019240099916846831,0,0,16,16,1e-10,SPLIT_BEYOND_ALLOWANCE,False,,,,SPLIT_BEYOND_ALLOWANCE
fiber_004,181,B0|B2|B4|B5|B7,0.39462510803915141,0.43343523042577103,0.038810122386619628,0,0,8,8,1e-10,SPLIT_BEYOND_ALLOWANCE,False,,,,SPLIT_BEYOND_ALLOWANCE
fiber_004,182,B1|B2|B4|B5|B7,0.77541806783581124,0.77531617339027237,0.00010189444553887483,0,0,8,8,1e-10,SPLIT_BEYOND_ALLOWANCE,False,,,,SPLIT_BEYOND_ALLOWANCE
fiber_004,183,B0|B1|B2|B4|B5|B7,0.13620089189580351,0.13651883594521921,0.0003179440494157082,0,0,4,4,1e-10,SPLIT_BEYOND_ALLOWANCE,False,,,,SPLIT_BEYOND_ALLOWANCE
fiber_004,184,B3|B4|B5|B7,0.83346062552543343,0.84893929185041406,0.015478666324980628,0,0,16,16,1e-10,SPLIT_BEYOND_ALLOWANCE,False,,,,SPLIT_BEYOND_ALLOWANCE
fiber_004,185,B0|B3|B4|B5|B7,0.43775571082602216,0.4832738412052261,0.045518130379203936,0,0,8,8,1e-10,SPLIT_BEYOND_ALLOWANCE,False,,,,SPLIT_BEYOND_ALLOWANCE
fiber_004,186,B1|B3|B4|B5|B7,0.83978564900613517,0.83026445209111521,0.0095211969150199582,0,0,8,8,1e-10,SPLIT_BEYOND_ALLOWANCE,False,,,,SPLIT_BEYOND_ALLOWANCE
fiber_004,187,B0|B1|B3|B4|B5|B7,0.26102450117417364,0.26246428655658655,0.0014397853824129059,0,0,4,4,1e-10,SPLIT_BEYOND_ALLOWANCE,False,,,,SPLIT_BEYOND_ALLOWANCE
fiber_004,188,B2|B3|B4|B5|B7,0.86604535371242086,0.8850945095536652,0.019049155841244336,0,0,8,8,1e-10,SPLIT_BEYOND_ALLOWANCE,False,,,,SPLIT_BEYOND_ALLOWANCE
fiber_004,189,B0|B2|B3|B4|B5|B7,0.38546923970624453,0.42434320636958534,0.038873966663340809,0,0,4,4,1e-10,SPLIT_BEYOND_ALLOWANCE,False,,,,SPLIT_BEYOND_ALLOWANCE
fiber_004,190,B1|B2|B3|B4|B5|B7,0.76666428130814701,0.76664620317063048,1.8078137516530646e-05,0,0,4,4,1e-10,SPLIT_BEYOND_ALLOWANCE,False,,,,SPLIT_BEYOND_ALLOWANCE
fiber_004,191,B0|B1|B2|B3|B4|B5|B7,0.12320191563390681,0.12373968295837372,0.00053776732446690623,0,0,2,2,1e-10,SPLIT_BEYOND_ALLOWANCE,False,,,,SPLIT_BEYOND_ALLOWANCE
fiber_004,192,B6|B7,0.23063892840494463,0.21620864174468521,0.014430286660259417,0,0,4,4,1e-10,SPLIT_BEYOND_ALLOWANCE,False,,,,SPLIT_BEYOND_ALLOWANCE
fiber_004,193,B0|B6|B7,0.81331354147365209,0.81682684867702959,0.0035133072033775026,0,0,8,8,1e-10,SPLIT_BEYOND_ALLOWANCE,False,,,,SPLIT_BEYOND_ALLOWANCE
fiber_004,194,B1|B6|B7,0.47309802655235611,0.49975425028436188,0.026656223732005768,0,0,8,8,1e-10,SPLIT_BEYOND_ALLOWANCE,False,,,,SPLIT_BEYOND_ALLOWANCE
fiber_004,195,B0|B1|B6|B7,0.86569768304011196,0.89008905460220733,0.024391371562095365,0,0,16,16,1e-10,SPLIT_BEYOND_ALLOWANCE,False,,,,SPLIT_BEYOND_ALLOWANCE
fiber_004,196,B2|B6|B7,0.34784871827644559,0.33391165863868588,0.013937059637759708,0,0,8,8,1e-10,SPLIT_BEYOND_ALLOWANCE,False,,,,SPLIT_BEYOND_ALLOWANCE
fiber_004,197,B0|B2|B6|B7,0.84773097693236188,0.84209588615335962,0.0056350907790022609,0,0,16,16,1e-10,SPLIT_BEYOND_ALLOWANCE,False,,,,SPLIT_BEYOND_ALLOWANCE
fiber_004,198,B1|B2|B6|B7,0.50726298413614834,0.54044324702906643,0.033180262892918089,0,0,16,16,1e-10,SPLIT_BEYOND_ALLOWANCE,False,,,,SPLIT_BEYOND_ALLOWANCE
fiber_004,199,B0|B1|B2|B6|B7,0.79849152798833734,0.81941505559939065,0.020923527611053316,0,0,8,8,1e-10,SPLIT_BEYOND_ALLOWANCE,False,,,,SPLIT_BEYOND_ALLOWANCE
fiber_004,200,B3|B6|B7,0.24081768518854033,0.22635094968799654,0.014466735500543781,0,0,8,8,1e-10,SPLIT_BEYOND_ALLOWANCE,False,,,,SPLIT_BEYOND_ALLOWANCE
fiber_004,201,B0|B3|B6|B7,0.81624066586834487,0.81978595460833625,0.0035452887399913813,0,0,16,16,1e-10,SPLIT_BEYOND_ALLOWANCE,False,,,,SPLIT_BEYOND_ALLOWANCE
fiber_004,202,B1|B3|B6|B7,0.47808551067360922,0.50495594705525459,0.02687043638164538,0,0,16,16,1e-10,SPLIT_BEYOND_ALLOWANCE,False,,,,SPLIT_BEYOND_ALLOWANCE
fiber_004,203,B0|B1|B3|B6|B7,0.8627299718195951,0.88750121740927868,0.024771245589683577,0,0,8,8,1e-10,SPLIT_BEYOND_ALLOWANCE,False,,,,SPLIT_BEYOND_ALLOWANCE
fiber_004,204,B2|B3|B6|B7,0.35000576349043033,0.33568221405451731,0.014323549435913019,1.6601416559046161e-32,2.1079258504340486e-32,4,4,1e-10,SPLIT_BEYOND_ALLOWANCE,False,,,,SPLIT_BEYOND_ALLOWANCE
fiber_004,205,B0|B2|B3|B6|B7,0.84575425784297054,0.84016559348383757,0.0055886643591329666,0,0,8,8,1e-10,SPLIT_BEYOND_ALLOWANCE,False,,,,SPLIT_BEYOND_ALLOWANCE
fiber_004,206,B1|B2|B3|B6|B7,0.50640356439976864,0.53954069727207776,0.033137132872309127,0,0,8,8,1e-10,SPLIT_BEYOND_ALLOWANCE,False,,,,SPLIT_BEYOND_ALLOWANCE
fiber_004,207,B0|B1|B2|B3|B6|B7,0.79107594955403671,0.8124105702821921,0.021334620728155396,0,0,4,4,1e-10,SPLIT_BEYOND_ALLOWANCE,False,,,,SPLIT_BEYOND_ALLOWANCE
fiber_004,208,B4|B6|B7,0.71756379655224811,0.70289300534208587,0.014670791210162237,0,0,8,8,1e-10,SPLIT_BEYOND_ALLOWANCE,False,,,,SPLIT_BEYOND_ALLOWANCE
fiber_004,209,B0|B4|B6|B7,0.71829766229924563,0.77500012939271057,0.056702467093464937,0,0,16,16,1e-10,SPLIT_BEYOND_ALLOWANCE,False,,,,SPLIT_BEYOND_ALLOWANCE
fiber_004,210,B1|B4|B6|B7,0.82390590793394125,0.8405517051793715,0.016645797245430249,0,0,16,16,1e-10,SPLIT_BEYOND_ALLOWANCE,False,,,,SPLIT_BEYOND_ALLOWANCE
fiber_004,211,B0|B1|B4|B6|B7,0.68076929646743756,0.74999297837275913,0.069223681905321577,0,0,8,8,1e-10,SPLIT_BEYOND_ALLOWANCE,False,,,,SPLIT_BEYOND_ALLOWANCE
fiber_004,212,B2|B4|B6|B7,0.77740390798145864,0.75798345613313001,0.019420451848328635,0,0,16,16,1e-10,SPLIT_BEYOND_ALLOWANCE,False,,,,SPLIT_BEYOND_ALLOWANCE
fiber_004,213,B0|B2|B4|B6|B7,0.68169529266891193,0.72836747306412453,0.046672180395212592,0,0,8,8,1e-10,SPLIT_BEYOND_ALLOWANCE,False,,,,SPLIT_BEYOND_ALLOWANCE
fiber_004,214,B1|B2|B4|B6|B7,0.78454328771970694,0.80336789688714993,0.018824609167442996,0,0,8,8,1e-10,SPLIT_BEYOND_ALLOWANCE,False,,,,SPLIT_BEYOND_ALLOWANCE
fiber_004,215,B0|B1|B2|B4|B6|B7,0.54441431395728324,0.60720483989331708,0.062790525936033847,0,0,4,4,1e-10,SPLIT_BEYOND_ALLOWANCE,False,,,,SPLIT_BEYOND_ALLOWANCE
fiber_004,216,B3|B4|B6|B7,0.72096616950576853,0.70617774913121023,0.014788420374558298,0,0,16,16,1e-10,SPLIT_BEYOND_ALLOWANCE,False,,,,SPLIT_BEYOND_ALLOWANCE
fiber_004,217,B0|B3|B4|B6|B7,0.71504429151068705,0.77199990778942074,0.056955616278733689,0,0,8,8,1e-10,SPLIT_BEYOND_ALLOWANCE,False,,,,SPLIT_BEYOND_ALLOWANCE
fiber_004,218,B1|B3|B4|B6|B7,0.82121130306585977,0.83796413699397898,0.016752833928119215,0,0,8,8,1e-10,SPLIT_BEYOND_ALLOWANCE,False,,,,SPLIT_BEYOND_ALLOWANCE
fiber_004,219,B0|B1|B3|B4|B6|B7,0.67170844276701347,0.74154892135629413,0.069840478589280663,0,0,4,4,1e-10,SPLIT_BEYOND_ALLOWANCE,False,,,,SPLIT_BEYOND_ALLOWANCE
fiber_004,220,B2|B3|B4|B6|B7,0.77561055135118129,0.75606141755139489,0.0195491337997864,0,0,8,8,1e-10,SPLIT_BEYOND_ALLOWANCE,False,,,,SPLIT_BEYOND_ALLOWANCE
fiber_004,221,B0|B2|B3|B4|B6|B7,0.67493147159955236,0.72197509928392467,0.047043627684372313,0,0,4,4,1e-10,SPLIT_BEYOND_ALLOWANCE,False,,,,SPLIT_BEYOND_ALLOWANCE
fiber_004,222,B1|B2|B3|B4|B6|B7,0.77714809012732033,0.79616167304849361,0.019013582921173278,0,0,4,4,1e-10,SPLIT_BEYOND_ALLOWANCE,False,,,,SPLIT_BEYOND_ALLOWANCE
fiber_004,223,B0|B1|B2|B3|B4|B6|B7,0.53272294922748642,0.59607173789043277,0.063348788662946354,0,0,2,2,1e-10,SPLIT_BEYOND_ALLOWANCE,False,,,,SPLIT_BEYOND_ALLOWANCE
fiber_004,224,B5|B6|B7,0.73593073396933217,0.78897536566984616,0.053044631700513989,0,0,8,8,1e-10,SPLIT_BEYOND_ALLOWANCE,False,,,,SPLIT_BEYOND_ALLOWANCE
fiber_004,225,B0|B5|B6|B7,0.83555095720838424,0.86022004861727808,0.02466909140889384,0,0,16,16,1e-10,SPLIT_BEYOND_ALLOWANCE,False,,,,SPLIT_BEYOND_ALLOWANCE
fiber_004,226,B1|B5|B6|B7,0.81736255472564823,0.85792381115865191,0.040561256433003678,0,0,16,16,1e-10,SPLIT_BEYOND_ALLOWANCE,False,,,,SPLIT_BEYOND_ALLOWANCE
fiber_004,227,B0|B1|B5|B6|B7,0.74810878585409946,0.73678092586275157,0.011327859991347888,0,0,8,8,1e-10,SPLIT_BEYOND_ALLOWANCE,False,,,,SPLIT_BEYOND_ALLOWANCE
fiber_004,228,B2|B5|B6|B7,0.7830048813921282,0.82958905089550006,0.046584169503371853,0,0,16,16,1e-10,SPLIT_BEYOND_ALLOWANCE,False,,,,SPLIT_BEYOND_ALLOWANCE
fiber_004,229,B0|B2|B5|B6|B7,0.76469076843981976,0.77285349845693452,0.008162730017114761,0,0,8,8,1e-10,SPLIT_BEYOND_ALLOWANCE,False,,,,SPLIT_BEYOND_ALLOWANCE
fiber_004,230,B1|B2|B5|B6|B7,0.75042058087250929,0.78745996158972664,0.037039380717217352,0,0,8,8,1e-10,SPLIT_BEYOND_ALLOWANCE,False,,,,SPLIT_BEYOND_ALLOWANCE
fiber_004,231,B0|B1|B2|B5|B6|B7,0.59279621720184095,0.57424024844203003,0.018555968759810915,0,0,4,4,1e-10,SPLIT_BEYOND_ALLOWANCE,False,,,,SPLIT_BEYOND_ALLOWANCE
fiber_004,232,B3|B5|B6|B7,0.74170142272027295,0.79439448184082173,0.05269305912054878,0,0,16,16,1e-10,SPLIT_BEYOND_ALLOWANCE,False,,,,SPLIT_BEYOND_ALLOWANCE
fiber_004,233,B0|B3|B5|B6|B7,0.83309496356677437,0.85762709194763675,0.024532128380862384,0,0,8,8,1e-10,SPLIT_BEYOND_ALLOWANCE,False,,,,SPLIT_BEYOND_ALLOWANCE
fiber_004,234,B1|B3|B5|B6|B7,0.8157142906553605,0.85607639910687061,0.040362108451510115,0,0,8,8,1e-10,SPLIT_BEYOND_ALLOWANCE,False,,,,SPLIT_BEYOND_ALLOWANCE
fiber_004,235,B0|B1|B3|B5|B6|B7,0.74049915425588198,0.72949502461340432,0.011004129642477656,0,0,4,4,1e-10,SPLIT_BEYOND_ALLOWANCE,False,,,,SPLIT_BEYOND_ALLOWANCE
fiber_004,236,B2|B3|B5|B6|B7,0.78296462130228939,0.82912670616371165,0.046162084861422259,0,0,8,8,1e-10,SPLIT_BEYOND_ALLOWANCE,False,,,,SPLIT_BEYOND_ALLOWANCE
fiber_004,237,B0|B2|B3|B5|B6|B7,0.75768157444255357,0.76584795940616901,0.0081663849636154362,0,0,4,4,1e-10,SPLIT_BEYOND_ALLOWANCE,False,,,,SPLIT_BEYOND_ALLOWANCE
fiber_004,238,B1|B2|B3|B5|B6|B7,0.74516889583035884,0.78210691610669991,0.036938020276341077,0,0,4,4,1e-10,SPLIT_BEYOND_ALLOWANCE,False,,,,SPLIT_BEYOND_ALLOWANCE
fiber_004,239,B0|B1|B2|B3|B5|B6|B7,0.58136218723335509,0.56314460904818042,0.018217578185174665,0,0,2,2,1e-10,SPLIT_BEYOND_ALLOWANCE,False,,,,SPLIT_BEYOND_ALLOWANCE
fiber_004,240,B4|B5|B6|B7,0.8433966832314157,0.86690318294165558,0.023506499710239881,0,0,16,16,1e-10,SPLIT_BEYOND_ALLOWANCE,False,,,,SPLIT_BEYOND_ALLOWANCE
fiber_004,241,B0|B4|B5|B6|B7,0.41126857349078344,0.46283175508846963,0.051563181597686192,0,0,8,8,1e-10,SPLIT_BEYOND_ALLOWANCE,False,,,,SPLIT_BEYOND_ALLOWANCE
fiber_004,242,B1|B4|B5|B6|B7,0.81270805780487376,0.81252832848113221,0.00017972932374155093,0,0,8,8,1e-10,SPLIT_BEYOND_ALLOWANCE,False,,,,SPLIT_BEYOND_ALLOWANCE
fiber_004,243,B0|B1|B4|B5|B6|B7,0.20545932044389603,0.21561692911697225,0.010157608673076218,0,0,4,4,1e-10,SPLIT_BEYOND_ALLOWANCE,False,,,,SPLIT_BEYOND_ALLOWANCE
fiber_004,244,B2|B4|B5|B6|B7,0.79724974272585436,0.81014768432115858,0.012897941595304219,0,0,8,8,1e-10,SPLIT_BEYOND_ALLOWANCE,False,,,,SPLIT_BEYOND_ALLOWANCE
fiber_004,245,B0|B2|B4|B5|B6|B7,0.29073271205263518,0.32434846937059775,0.033615757317962569,0,0,4,4,1e-10,SPLIT_BEYOND_ALLOWANCE,False,,,,SPLIT_BEYOND_ALLOWANCE
fiber_004,246,B1|B2|B4|B5|B6|B7,0.671059280976122,0.66748442081498838,0.0035748601611336195,0,0,4,4,1e-10,SPLIT_BEYOND_ALLOWANCE,False,,,,SPLIT_BEYOND_ALLOWANCE
fiber_004,247,B0|B1|B2|B4|B5|B6|B7,0.014647574621039173,0.014327130591184459,0.00032044402985471378,0,0,2,2,1e-10,SPLIT_BEYOND_ALLOWANCE,False,,,,SPLIT_BEYOND_ALLOWANCE
fiber_004,248,B3|B4|B5|B6|B7,0.84149434754313823,0.86456958972905296,0.023075242185914724,0,0,8,8,1e-10,SPLIT_BEYOND_ALLOWANCE,False,,,,SPLIT_BEYOND_ALLOWANCE
fiber_004,249,B0|B3|B4|B5|B6|B7,0.40266835350782193,0.45450193925669752,0.051833585748875588,0,0,4,4,1e-10,SPLIT_BEYOND_ALLOWANCE,False,,,,SPLIT_BEYOND_ALLOWANCE
fiber_004,250,B1|B3|B4|B5|B6|B7,0.80528368250627191,0.80521256253387508,7.1119972396838094e-05,0,0,4,4,1e-10,SPLIT_BEYOND_ALLOWANCE,False,,,,SPLIT_BEYOND_ALLOWANCE
fiber_004,251,B0|B1|B3|B4|B5|B6|B7,0.19414119583259537,0.20493968387516653,0.010798488042571164,0,0,2,2,1e-10,SPLIT_BEYOND_ALLOWANCE,False,,,,SPLIT_BEYOND_ALLOWANCE
fiber_004,252,B2|B3|B4|B5|B6|B7,0.79027519379885081,0.80290073598121192,0.012625542182361116,0,0,4,4,1e-10,SPLIT_BEYOND_ALLOWANCE,False,,,,SPLIT_BEYOND_ALLOWANCE
fiber_004,253,B0|B2|B3|B4|B5|B6|B7,0.27909178782152338,0.31292823792309676,0.033836450101573379,0,0,2,2,1e-10,SPLIT_BEYOND_ALLOWANCE,False,,,,SPLIT_BEYOND_ALLOWANCE
fiber_004,254,B1|B2|B3|B4|B5|B6|B7,0.65944491604063926,0.65605811691672944,0.0033867991239098227,0,0,2,2,1e-10,SPLIT_BEYOND_ALLOWANCE,False,,,,SPLIT_BEYOND_ALLOWANCE
fiber_004,255,B0|B1|B2|B3|B4|B5|B6|B7,0,0,0,0,0,1,1,1e-10,EQUAL_WITHIN_ALLOWANCE,False,,,,EQUAL_WITHIN_ALLOWANCE
fiber_005,0,EMPTY,0,0,0,0,0,1,1,1e-10,EQUAL_WITHIN_ALLOWANCE,False,,,,EQUAL_WITHIN_ALLOWANCE
fiber_005,1,B0,0.65944491604063904,0.66157549653420133,0.0021305804935622952,0,0,2,2,1e-10,SPLIT_BEYOND_ALLOWANCE,False,,,,SPLIT_BEYOND_ALLOWANCE
fiber_005,2,B1,0.2790917878215235,0.22249522463264557,0.05659656318887793,0,0,2,2,1e-10,SPLIT_BEYOND_ALLOWANCE,False,,,,SPLIT_BEYOND_ALLOWANCE
fiber_005,3,B0|B1,0.79027519379885081,0.76115970097673558,0.02911549282211523,0,0,4,4,1e-10,SPLIT_BEYOND_ALLOWANCE,False,,,,SPLIT_BEYOND_ALLOWANCE
fiber_005,4,B2,0.19414119583259537,0.15136687581959385,0.042774320013001521,0,0,2,2,1e-10,SPLIT_BEYOND_ALLOWANCE,False,,,,SPLIT_BEYOND_ALLOWANCE
fiber_005,5,B0|B2,0.80528368250627191,0.77868822573977825,0.026595456766493664,0,0,4,4,1e-10,SPLIT_BEYOND_ALLOWANCE,False,,,,SPLIT_BEYOND_ALLOWANCE
fiber_005,6,B1|B2,0.40266835350782182,0.31953504086261186,0.083133312645209956,0,0,4,4,1e-10,SPLIT_BEYOND_ALLOWANCE,False,,,,SPLIT_BEYOND_ALLOWANCE
fiber_005,7,B0|B1|B2,0.84149434754313845,0.80268833159865494,0.038806015944483518,0,0,8,8,1e-10,SPLIT_BEYOND_ALLOWANCE,False,,,,SPLIT_BEYOND_ALLOWANCE
fiber_005,8,B3,0.014647574621039086,0.012333437417386434,0.0023141372036526529,0,0,2,2,1e-10,SPLIT_BEYOND_ALLOWANCE,False,,,,SPLIT_BEYOND_ALLOWANCE
fiber_005,9,B0|B3,0.67105928097612177,0.6712382209038118,0.00017893992769002498,0,0,4,4,1e-10,SPLIT_BEYOND_ALLOWANCE,False,,,,SPLIT_BEYOND_ALLOWANCE
fiber_005,10,B1|B3,0.29073271205263507,0.23253171486464469,0.058200997187990378,0,0,4,4,1e-10,SPLIT_BEYOND_ALLOWANCE,False,,,,SPLIT_BEYOND_ALLOWANCE
fiber_005,11,B0|B1|B3,0.79724974272585403,0.76688091049828366,0.030368832227570364,0,0,8,8,1e-10,SPLIT_BEYOND_ALLOWANCE,False,,,,SPLIT_BEYOND_ALLOWANCE
fiber_005,12,B2|B3,0.20545932044389603,0.16151275608103921,0.043946564362856821,0,0,4,4,1e-10,SPLIT_BEYOND_ALLOWANCE,False,,,,SPLIT_BEYOND_ALLOWANCE
fiber_005,13,B0|B2|B3,0.81270805780487365,0.78511215858586803,0.027595899219005626,0,0,8,8,1e-10,SPLIT_BEYOND_ALLOWANCE,False,,,,SPLIT_BEYOND_ALLOWANCE
fiber_005,14,B1|B2|B3,0.41126857349078388,0.32760027835390043,0.083668295136883453,0,0,8,8,1e-10,SPLIT_BEYOND_ALLOWANCE,False,,,,SPLIT_BEYOND_ALLOWANCE
fiber_005,15,B0|B1|B2|B3,0.84339668323141548,0.80474538689890873,0.038651296332506746,0,0,16,16,1e-10,SPLIT_BEYOND_ALLOWANCE,False,,,,SPLIT_BEYOND_ALLOWANCE
fiber_005,16,B4,0.5813621872333552,0.60526887978029043,0.023906692546935226,0,0,2,2,1e-10,SPLIT_BEYOND_ALLOWANCE,False,,,,SPLIT_BEYOND_ALLOWANCE
fiber_005,17,B0|B4,0.7451688958303585,0.67186366236547446,0.073305233464884045,0,0,4,4,1e-10,SPLIT_BEYOND_ALLOWANCE,False,,,,SPLIT_BEYOND_ALLOWANCE
fiber_005,18,B1|B4,0.75768157444255368,0.73607259316282925,0.021608981279724437,0,0,4,4,1e-10,SPLIT_BEYOND_ALLOWANCE,False,,,,SPLIT_BEYOND_ALLOWANCE
fiber_005,19,B0|B1|B4,0.78296462130228894,0.68525383328970846,0.097710788012580485,0,0,8,8,1e-10,SPLIT_BEYOND_ALLOWANCE,False,,,,SPLIT_BEYOND_ALLOWANCE
fiber_005,20,B2|B4,0.74049915425588209,0.729991972541572,0.010507181714310088,0,0,4,4,1e-10,SPLIT_BEYOND_ALLOWANCE,False,,,,SPLIT_BEYOND_ALLOWANCE
fiber_005,21,B0|B2|B4,0.81571429065536072,0.72531747552130765,0.090396815134053066,0,0,8,8,1e-10,SPLIT_BEYOND_ALLOWANCE,False,,,,SPLIT_BEYOND_ALLOWANCE
fiber_005,22,B1|B2|B4,0.83309496356677459,0.79309351352299107,0.040001450043783526,0,0,8,8,1e-10,SPLIT_BEYOND_ALLOWANCE,False,,,,SPLIT_BEYOND_ALLOWANCE
fiber_005,23,B0|B1|B2|B4,0.74170142272027251,0.65364236764868611,0.088059055071586401,0,0,16,16,1e-10,SPLIT_BEYOND_ALLOWANCE,False,,,,SPLIT_BEYOND_ALLOWANCE
fiber_005,24,B3|B4,0.59279621720184061,0.61463291835790923,0.021836701156068616,0,0,4,4,1e-10,SPLIT_BEYOND_ALLOWANCE,False,,,,SPLIT_BEYOND_ALLOWANCE
fiber_005,25,B0|B3|B4,0.75042058087250929,0.67613348247763516,0.074287098394874129,0,0,8,8,1e-10,SPLIT_BEYOND_ALLOWANCE,False,,,,SPLIT_BEYOND_ALLOWANCE
fiber_005,26,B1|B3|B4,0.76469076843982009,0.74176241282939603,0.022928355610424056,0,0,8,8,1e-10,SPLIT_BEYOND_ALLOWANCE,False,,,,SPLIT_BEYOND_ALLOWANCE
fiber_005,27,B0|B1|B3|B4,0.78300488139212832,0.68536599699484402,0.097638884397284298,0,0,16,16,1e-10,SPLIT_BEYOND_ALLOWANCE,False,,,,SPLIT_BEYOND_ALLOWANCE
fiber_005,28,B2|B3|B4,0.74810878585409957,0.73653418916078273,0.011574596693316841,0,0,8,8,1e-10,SPLIT_BEYOND_ALLOWANCE,False,,,,SPLIT_BEYOND_ALLOWANCE
fiber_005,29,B0|B2|B3|B4,0.81736255472564845,0.72677657301182252,0.090585981713825925,0,0,16,16,1e-10,SPLIT_BEYOND_ALLOWANCE,False,,,,SPLIT_BEYOND_ALLOWANCE
fiber_005,30,B1|B2|B3|B4,0.83555095720838413,0.79548270028858503,0.040068256919799095,0,0,16,16,1e-10,SPLIT_BEYOND_ALLOWANCE,False,,,,SPLIT_BEYOND_ALLOWANCE
fiber_005,31,B0|B1|B2|B3|B4,0.73593073396933228,0.64940711399126994,0.086523619978062349,0,0,8,8,1e-10,SPLIT_BEYOND_ALLOWANCE,False,,,,SPLIT_BEYOND_ALLOWANCE
fiber_005,32,B5,0.53272294922748653,0.45510485304324,0.077618096184246532,0,0,2,2,1e-10,SPLIT_BEYOND_ALLOWANCE,False,,,,SPLIT_BEYOND_ALLOWANCE
fiber_005,33,B0|B5,0.77714809012731989,0.7541994276015207,0.022948662525799191,0,0,4,4,1e-10,SPLIT_BEYOND_ALLOWANCE,False,,,,SPLIT_BEYOND_ALLOWANCE
fiber_005,34,B1|B5,0.67493147159955258,0.57779798055623477,0.09713349104331781,0,0,4,4,1e-10,SPLIT_BEYOND_ALLOWANCE,False,,,,SPLIT_BEYOND_ALLOWANCE
fiber_005,35,B0|B1|B5,0.77561055135118118,0.76352903652588999,0.012081514825291184,0,0,8,8,1e-10,SPLIT_BEYOND_ALLOWANCE,False,,,,SPLIT_BEYOND_ALLOWANCE
fiber_005,36,B2|B5,0.67170844276701347,0.56186448912494003,0.10984395364207344,0,0,4,4,1e-10,SPLIT_BEYOND_ALLOWANCE,False,,,,SPLIT_BEYOND_ALLOWANCE
fiber_005,37,B0|B2|B5,0.82121130306585965,0.79151507660888065,0.029696226456979002,0,0,8,8,1e-10,SPLIT_BEYOND_ALLOWANCE,False,,,,SPLIT_BEYOND_ALLOWANCE
fiber_005,38,B1|B2|B5,0.71504429151068682,0.60880629923903917,0.10623799227164765,0,0,8,8,1e-10,SPLIT_BEYOND_ALLOWANCE,False,,,,SPLIT_BEYOND_ALLOWANCE
fiber_005,39,B0|B1|B2|B5,0.72096616950576853,0.72067002895047472,0.00029614055529381123,0,0,16,16,1e-10,SPLIT_BEYOND_ALLOWANCE,False,,,,SPLIT_BEYOND_ALLOWANCE
fiber_005,40,B3|B5,0.54441431395728312,0.46526688906951713,0.079147424887765994,0,0,4,4,1e-10,SPLIT_BEYOND_ALLOWANCE,False,,,,SPLIT_BEYOND_ALLOWANCE
fiber_005,41,B0|B3|B5,0.78454328771970672,0.76067621339562308,0.023867074324083637,0,0,8,8,1e-10,SPLIT_BEYOND_ALLOWANCE,False,,,,SPLIT_BEYOND_ALLOWANCE
fiber_005,42,B1|B3|B5,0.68169529266891171,0.58409346366918258,0.097601828999729134,0,0,8,8,1e-10,SPLIT_BEYOND_ALLOWANCE,False,,,,SPLIT_BEYOND_ALLOWANCE
fiber_005,43,B0|B1|B3|B5,0.7774039079814592,0.7654244052097714,0.0119795027716878,0,0,16,16,1e-10,SPLIT_BEYOND_ALLOWANCE,False,,,,SPLIT_BEYOND_ALLOWANCE
fiber_005,44,B2|B3|B5,0.68076929646743745,0.570233773893429,0.11053552257400845,0,0,8,8,1e-10,SPLIT_BEYOND_ALLOWANCE,False,,,,SPLIT_BEYOND_ALLOWANCE
fiber_005,45,B0|B2|B3|B5,0.82390590793394114,0.79448493890853877,0.029420969025402366,0,0,16,16,1e-10,SPLIT_BEYOND_ALLOWANCE,False,,,,SPLIT_BEYOND_ALLOWANCE
fiber_005,46,B1|B2|B3|B5,0.71829766229924519,0.61248931170511045,0.10580835059413474,0,0,16,16,1e-10,SPLIT_BEYOND_ALLOWANCE,False,,,,SPLIT_BEYOND_ALLOWANCE
fiber_005,47,B0|B1|B2|B3|B5,0.71756379655224822,0.71868171228820232,0.0011179157359541003,0,0,8,8,1e-10,SPLIT_BEYOND_ALLOWANCE,False,,,,SPLIT_BEYOND_ALLOWANCE
fiber_005,48,B4|B5,0.79107594955403671,0.76578830396205444,0.025287645591982266,0,0,4,4,1e-10,SPLIT_BEYOND_ALLOWANCE,False,,,,SPLIT_BEYOND_ALLOWANCE
fiber_005,49,B0|B4|B5,0.50640356439976875,0.44263599287145833,0.063767571528310418,0,0,8,8,1e-10,SPLIT_BEYOND_ALLOWANCE,False,,,,SPLIT_BEYOND_ALLOWANCE
fiber_005,50,B1|B4|B5,0.84575425784297054,0.81248997031451875,0.033264287528451786,0,0,8,8,1e-10,SPLIT_BEYOND_ALLOWANCE,False,,,,SPLIT_BEYOND_ALLOWANCE
fiber_005,51,B0|B1|B4|B5,0.35000576349043039,0.31386004735849427,0.036145716131936123,1.2037054416259767e-32,7.9354252492177103e-33,4,4,1e-10,SPLIT_BEYOND_ALLOWANCE,False,,,,SPLIT_BEYOND_ALLOWANCE
fiber_005,52,B2|B4|B5,0.86272997181959532,0.82019179909979589,0.042538172719799427,0,0,8,8,1e-10,SPLIT_BEYOND_ALLOWANCE,False,,,,SPLIT_BEYOND_ALLOWANCE
fiber_005,53,B0|B2|B4|B5,0.4780855106736091,0.41855157620362848,0.059533934469980621,0,0,16,16,1e-10,SPLIT_BEYOND_ALLOWANCE,False,,,,SPLIT_BEYOND_ALLOWANCE
fiber_005,54,B1|B2|B4|B5,0.81624066586834509,0.78698598483295201,0.029254681035393082,0,0,16,16,1e-10,SPLIT_BEYOND_ALLOWANCE,False,,,,SPLIT_BEYOND_ALLOWANCE
fiber_005,55,B0|B1|B2|B4|B5,0.24081768518854033,0.22822882357849955,0.012588861610040775,0,0,8,8,1e-10,SPLIT_BEYOND_ALLOWANCE,False,,,,SPLIT_BEYOND_ALLOWANCE
fiber_005,56,B3|B4|B5,0.79849152798833734,0.77213689396159313,0.026354634026744206,0,0,8,8,1e-10,SPLIT_BEYOND_ALLOWANCE,False,,,,SPLIT_BEYOND_ALLOWANCE
fiber_005,57,B0|B3|B4|B5,0.50726298413614823,0.44334992755608615,0.063913056580062078,0,0,16,16,1e-10,SPLIT_BEYOND_ALLOWANCE,False,,,,SPLIT_BEYOND_ALLOWANCE
fiber_005,58,B1|B3|B4|B5,0.84773097693236243,0.81451621369650751,0.033214763235854927,0,0,16,16,1e-10,SPLIT_BEYOND_ALLOWANCE,False,,,,SPLIT_BEYOND_ALLOWANCE
fiber_005,59,B0|B1|B3|B4|B5,0.34784871827644581,0.31228924679890319,0.035559471477542626,0,0,8,8,1e-10,SPLIT_BEYOND_ALLOWANCE,False,,,,SPLIT_BEYOND_ALLOWANCE
fiber_005,60,B2|B3|B4|B5,0.86569768304011174,0.82333388559113074,0.042363797448981,0,0,16,16,1e-10,SPLIT_BEYOND_ALLOWANCE,False,,,,SPLIT_BEYOND_ALLOWANCE
fiber_005,61,B0|B2|B3|B4|B5,0.47309802655235622,0.41499536512058965,0.058102661431766567,0,0,8,8,1e-10,SPLIT_BEYOND_ALLOWANCE,False,,,,SPLIT_BEYOND_ALLOWANCE
fiber_005,62,B1|B2|B3|B4|B5,0.81331354147365198,0.78537951708025144,0.027934024393400536,0,0,8,8,1e-10,SPLIT_BEYOND_ALLOWANCE,False,,,,SPLIT_BEYOND_ALLOWANCE
fiber_005,63,B0|B1|B2|B3|B4|B5,0.23063892840494474,0.22072648803983083,0.0099124403651139059,0,0,4,4,1e-10,SPLIT_BEYOND_ALLOWANCE,False,,,,SPLIT_BEYOND_ALLOWANCE
fiber_005,64,B6,0.12320191563390678,0.11291182238362067,0.010290093250286111,0,0,2,2,1e-10,SPLIT_BEYOND_ALLOWANCE,False,,,,SPLIT_BEYOND_ALLOWANCE
fiber_005,65,B0|B6,0.76666428130814712,0.75494337644994314,0.011720904858203984,0,0,4,4,1e-10,SPLIT_BEYOND_ALLOWANCE,False,,,,SPLIT_BEYOND_ALLOWANCE
fiber_005,66,B1|B6,0.38546923970624442,0.32159890273087871,0.063870336975365705,0,0,4,4,1e-10,SPLIT_BEYOND_ALLOWANCE,False,,,,SPLIT_BEYOND_ALLOWANCE
fiber_005,67,B0|B1|B6,0.86604535371242075,0.8276259615826187,0.038419392129802055,0,0,8,8,1e-10,SPLIT_BEYOND_ALLOWANCE,False,,,,SPLIT_BEYOND_ALLOWANCE
fiber_005,68,B2|B6,0.26102450117417364,0.22052761202820667,0.040496889145966969,0,0,4,4,1e-10,SPLIT_BEYOND_ALLOWANCE,False,,,,SPLIT_BEYOND_ALLOWANCE
fiber_005,69,B0|B2|B6,0.83978564900613495,0.81420467008888397,0.025580978917250974,0,0,8,8,1e-10,SPLIT_BEYOND_ALLOWANCE,False,,,,SPLIT_BEYOND_ALLOWANCE
fiber_005,70,B1|B2|B6,0.43775571082602238,0.36399988768122638,0.073755823144796007,0,0,8,8,1e-10,SPLIT_BEYOND_ALLOWANCE,False,,,,SPLIT_BEYOND_ALLOWANCE
fiber_005,71,B0|B1|B2|B6,0.83346062552543387,0.80347009104663036,0.02999053447880351,0,0,16,16,1e-10,SPLIT_BEYOND_ALLOWANCE,False,,,,SPLIT_BEYOND_ALLOWANCE
fiber_005,72,B3|B6,0.13620089189580334,0.12313096142317764,0.013069930472625696,0,0,4,4,1e-10,SPLIT_BEYOND_ALLOWANCE,False,,,,SPLIT_BEYOND_ALLOWANCE
fiber_005,73,B0|B3|B6,0.77541806783581124,0.76152942228100007,0.013888645554811174,0,0,8,8,1e-10,SPLIT_BEYOND_ALLOWANCE,False,,,,SPLIT_BEYOND_ALLOWANCE
fiber_005,74,B1|B3|B6,0.39462510803915157,0.32878588233110662,0.065839225708044957,0,0,8,8,1e-10,SPLIT_BEYOND_ALLOWANCE,False,,,,SPLIT_BEYOND_ALLOWANCE
fiber_005,75,B0|B1|B3|B6,0.86920253020402127,0.82961872054532071,0.039583809658700564,0,0,16,16,1e-10,SPLIT_BEYOND_ALLOWANCE,False,,,,SPLIT_BEYOND_ALLOWANCE
fiber_005,76,B2|B3|B6,0.2685326520350797,0.22681942208922085,0.041713229945858854,0,0,8,8,1e-10,SPLIT_BEYOND_ALLOWANCE,False,,,,SPLIT_BEYOND_ALLOWANCE
fiber_005,77,B0|B2|B3|B6,0.84335896516720543,0.81693483393738753,0.026424131229817904,0,0,16,16,1e-10,SPLIT_BEYOND_ALLOWANCE,False,,,,SPLIT_BEYOND_ALLOWANCE
fiber_005,78,B1|B2|B3|B6,0.44248148963906792,0.36814621117724794,0.074335278461819976,0,0,16,16,1e-10,SPLIT_BEYOND_ALLOWANCE,False,,,,SPLIT_BEYOND_ALLOWANCE
fiber_005,79,B0|B1|B2|B3|B6,0.83139669483293477,0.80162168804323675,0.029775006789698022,0,0,8,8,1e-10,SPLIT_BEYOND_ALLOWANCE,False,,,,SPLIT_BEYOND_ALLOWANCE
fiber_005,80,B4|B6,0.67655961429685807,0.68863497001793816,0.012075355721080094,0,0,4,4,1e-10,SPLIT_BEYOND_ALLOWANCE,False,,,,SPLIT_BEYOND_ALLOWANCE
fiber_005,81,B0|B4|B6,0.78408733521795226,0.69599976221949167,0.088087572998460595,0,0,8,8,1e-10,SPLIT_BEYOND_ALLOWANCE,False,,,,SPLIT_BEYOND_ALLOWANCE
fiber_005,82,B1|B4|B6,0.82178433820455643,0.79303996691555112,0.02874437128900531,0,0,8,8,1e-10,SPLIT_BEYOND_ALLOWANCE,False,,,,SPLIT_BEYOND_ALLOWANCE
fiber_005,83,B0|B1|B4|B6,0.78371947442084589,0.67956400688451013,0.10415546753633576,0,0,16,16,1e-10,SPLIT_BEYOND_ALLOWANCE,False,,,,SPLIT_BEYOND_ALLOWANCE
fiber_005,84,B2|B4|B6,0.76813058631737774,0.76025607505749249,0.0078745112598852529,0,0,8,8,1e-10,SPLIT_BEYOND_ALLOWANCE,False,,,,SPLIT_BEYOND_ALLOWANCE
fiber_005,85,B0|B2|B4|B6,0.77120000542886047,0.68619616233125735,0.085003843097603116,0,0,16,16,1e-10,SPLIT_BEYOND_ALLOWANCE,False,,,,SPLIT_BEYOND_ALLOWANCE
fiber_005,86,B1|B2|B4|B6,0.81504860962170045,0.78580306007682343,0.029245549544877014,0,0,16,16,1e-10,SPLIT_BEYOND_ALLOWANCE,False,,,,SPLIT_BEYOND_ALLOWANCE
fiber_005,87,B0|B1|B2|B4|B6,0.66307774371072437,0.58773542603278817,0.075342317677936199,0,0,8,8,1e-10,SPLIT_BEYOND_ALLOWANCE,False,,,,SPLIT_BEYOND_ALLOWANCE
fiber_005,88,B3|B4|B6,0.68550467106730339,0.69527646457702941,0.0097717935097260122,0,0,8,8,1e-10,SPLIT_BEYOND_ALLOWANCE,False,,,,SPLIT_BEYOND_ALLOWANCE
fiber_005,89,B0|B3|B4|B6,0.78595075400751657,0.69652223139853808,0.089428522608978489,0,0,16,16,1e-10,SPLIT_BEYOND_ALLOWANCE,False,,,,SPLIT_BEYOND_ALLOWANCE
fiber_005,90,B1|B3|B4|B6,0.82515293894277419,0.79513740926630871,0.03001552967646548,0,0,16,16,1e-10,SPLIT_BEYOND_ALLOWANCE,False,,,,SPLIT_BEYOND_ALLOWANCE
fiber_005,91,B0|B1|B3|B4|B6,0.77912071535862681,0.6749986252521164,0.10412209010651041,0,0,8,8,1e-10,SPLIT_BEYOND_ALLOWANCE,False,,,,SPLIT_BEYOND_ALLOWANCE
fiber_005,92,B2|B3|B4|B6,0.77196877519065632,0.76309114201322159,0.0088776331774347295,0,0,16,16,1e-10,SPLIT_BEYOND_ALLOWANCE,False,,,,SPLIT_BEYOND_ALLOWANCE
fiber_005,93,B0|B2|B3|B4|B6,0.76850357119622992,0.68317328426652613,0.085330286929703791,0,0,8,8,1e-10,SPLIT_BEYOND_ALLOWANCE,False,,,,SPLIT_BEYOND_ALLOWANCE
fiber_005,94,B1|B2|B3|B4|B6,0.81364420581533725,0.78440755017871167,0.029236655636625586,0,0,8,8,1e-10,SPLIT_BEYOND_ALLOWANCE,False,,,,SPLIT_BEYOND_ALLOWANCE
fiber_005,95,B0|B1|B2|B3|B4|B6,0.65395580362145445,0.57977126244153832,0.07418454117991613,0,0,4,4,1e-10,SPLIT_BEYOND_ALLOWANCE,False,,,,SPLIT_BEYOND_ALLOWANCE
fiber_005,96,B5|B6,0.64572273678574676,0.55873588040322009,0.086986856382526678,0,0,4,4,1e-10,SPLIT_BEYOND_ALLOWANCE,False,,,,SPLIT_BEYOND_ALLOWANCE
fiber_005,97,B0|B5|B6,0.84179604736678781,0.81103792960979559,0.03075811775699222,0,0,8,8,1e-10,SPLIT_BEYOND_ALLOWANCE,False,,,,SPLIT_BEYOND_ALLOWANCE
fiber_005,98,B1|B5|B6,0.75429505634498251,0.65461868116300781,0.099676375181974697,0,0,8,8,1e-10,SPLIT_BEYOND_ALLOWANCE,False,,,,SPLIT_BEYOND_ALLOWANCE
fiber_005,99,B0|B1|B5|B6,0.79910259524501459,0.78567228752260276,0.013430307722411827,0,0,16,16,1e-10,SPLIT_BEYOND_ALLOWANCE,False,,,,SPLIT_BEYOND_ALLOWANCE
fiber_005,100,B2|B5|B6,0.71138559746505214,0.60879238396826008,0.10259321349679207,0,0,8,8,1e-10,SPLIT_BEYOND_ALLOWANCE,False,,,,SPLIT_BEYOND_ALLOWANCE
fiber_005,101,B0|B2|B5|B6,0.80637387639656743,0.78590035616817333,0.020473520228394104,0,0,16,16,1e-10,SPLIT_BEYOND_ALLOWANCE,False,,,,SPLIT_BEYOND_ALLOWANCE
fiber_005,102,B1|B2|B5|B6,0.70480734770632669,0.61724664702172638,0.087560700684600312,6.6944716168943804e-33,6.7432438307148779e-33,4,4,1e-10,SPLIT_BEYOND_ALLOWANCE,False,,,,SPLIT_BEYOND_ALLOWANCE
fiber_005,103,B0|B1|B2|B5|B6,0.66744879961208703,0.68335463055548684,0.015905830943399812,0,0,8,8,1e-10,SPLIT_BEYOND_ALLOWANCE,False,,,,SPLIT_BEYOND_ALLOWANCE
fiber_005,104,B3|B5|B6,0.65508950419599909,0.56625004298802672,0.08883946120797237,0,0,8,8,1e-10,SPLIT_BEYOND_ALLOWANCE,False,,,,SPLIT_BEYOND_ALLOWANCE
fiber_005,105,B0|B3|B5|B6,0.84555850016383904,0.8138671780608574,0.031691322102981645,0,0,16,16,1e-10,SPLIT_BEYOND_ALLOWANCE,False,,,,SPLIT_BEYOND_ALLOWANCE
fiber_005,106,B1|B3|B5|B6,0.75767973748266004,0.65747339968933571,0.10020633779332433,0,0,16,16,1e-10,SPLIT_BEYOND_ALLOWANCE,False,,,,SPLIT_BEYOND_ALLOWANCE
fiber_005,107,B0|B1|B3|B5|B6,0.79682048964236452,0.78358047661588526,0.013240013026479258,0,0,8,8,1e-10,SPLIT_BEYOND_ALLOWANCE,False,,,,SPLIT_BEYOND_ALLOWANCE
fiber_005,108,B2|B3|B5|B6,0.71651899125184093,0.61322889977342565,0.10329009147841528,0,0,16,16,1e-10,SPLIT_BEYOND_ALLOWANCE,False,,,,SPLIT_BEYOND_ALLOWANCE
fiber_005,109,B0|B2|B3|B5|B6,0.80503476910604777,0.78495283210282452,0.020081937003223249,0,0,8,8,1e-10,SPLIT_BEYOND_ALLOWANCE,False,,,,SPLIT_BEYOND_ALLOWANCE
fiber_005,110,B1|B2|B3|B5|B6,0.70567796304840469,0.61828972623847056,0.087388236809934128,0,0,8,8,1e-10,SPLIT_BEYOND_ALLOWANCE,False,,,,SPLIT_BEYOND_ALLOWANCE
fiber_005,111,B0|B1|B2|B3|B5|B6,0.66094409059246795,0.67813923187537006,0.017195141282902116,0,0,4,4,1e-10,SPLIT_BEYOND_ALLOWANCE,False,,,,SPLIT_BEYOND_ALLOWANCE
fiber_005,112,B4|B5|B6,0.84869758554910546,0.81707178890376064,0.031625796645344817,0,0,8,8,1e-10,SPLIT_BEYOND_ALLOWANCE,False,,,,SPLIT_BEYOND_ALLOWANCE
fiber_005,113,B0|B4|B5|B6,0.50849340846067537,0.4375634679726349,0.070929940488040466,0,0,16,16,1e-10,SPLIT_BEYOND_ALLOWANCE,False,,,,SPLIT_BEYOND_ALLOWANCE
fiber_005,114,B1|B4|B5|B6,0.86448091923878168,0.83140477232003285,0.033076146918748828,0,0,16,16,1e-10,SPLIT_BEYOND_ALLOWANCE,False,,,,SPLIT_BEYOND_ALLOWANCE
fiber_005,115,B0|B1|B4|B5|B6,0.32404569404650552,0.28647267936813609,0.037573014678369432,0,0,8,8,1e-10,SPLIT_BEYOND_ALLOWANCE,False,,,,SPLIT_BEYOND_ALLOWANCE
fiber_005,116,B2|B4|B5|B6,0.83979426605154883,0.80888980874970562,0.030904457301843213,0,0,16,16,1e-10,SPLIT_BEYOND_ALLOWANCE,False,,,,SPLIT_BEYOND_ALLOWANCE
fiber_005,117,B0|B2|B4|B5|B6,0.40381964028171757,0.35543026493234298,0.048389375349374597,0,0,8,8,1e-10,SPLIT_BEYOND_ALLOWANCE,False,,,,SPLIT_BEYOND_ALLOWANCE
fiber_005,118,B1|B2|B4|B5|B6,0.75070554141135437,0.74080855047134431,0.0098969909400100642,0,0,8,8,1e-10,SPLIT_BEYOND_ALLOWANCE,False,,,,SPLIT_BEYOND_ALLOWANCE
fiber_005,119,B0|B1|B2|B4|B5|B6,0.14881134135975169,0.15075182854593469,0.0019404871861830042,0,0,4,4,1e-10,SPLIT_BEYOND_ALLOWANCE,False,,,,SPLIT_BEYOND_ALLOWANCE
fiber_005,120,B3|B4|B5|B6,0.85253083709696009,0.81990609195095487,0.032624745146005218,0,0,16,16,1e-10,SPLIT_BEYOND_ALLOWANCE,False,,,,SPLIT_BEYOND_ALLOWANCE
fiber_005,121,B0|B3|B4|B5|B6,0.5049021186671836,0.4337936339095223,0.071108484757661294,0,0,8,8,1e-10,SPLIT_BEYOND_ALLOWANCE,False,,,,SPLIT_BEYOND_ALLOWANCE
fiber_005,122,B1|B3|B4|B5|B6,0.86223789140735396,0.82937020866725519,0.032867682740098769,0,0,8,8,1e-10,SPLIT_BEYOND_ALLOWANCE,False,,,,SPLIT_BEYOND_ALLOWANCE
fiber_005,123,B0|B1|B3|B4|B5|B6,0.31695632512210564,0.28007278318031903,0.036883541941786613,0,0,4,4,1e-10,SPLIT_BEYOND_ALLOWANCE,False,,,,SPLIT_BEYOND_ALLOWANCE
fiber_005,124,B2|B3|B4|B5|B6,0.83885121134336726,0.80812178689372205,0.030729424449645215,0,0,8,8,1e-10,SPLIT_BEYOND_ALLOWANCE,False,,,,SPLIT_BEYOND_ALLOWANCE
fiber_005,125,B0|B2|B3|B4|B5|B6,0.3954279212859842,0.34814940293494867,0.047278518351035526,0,0,4,4,1e-10,SPLIT_BEYOND_ALLOWANCE,False,,,,SPLIT_BEYOND_ALLOWANCE
fiber_005,126,B1|B2|B3|B4|B5|B6,0.74477229834542391,0.73597267869780669,0.0087996196476172184,0,0,4,4,1e-10,SPLIT_BEYOND_ALLOWANCE,False,,,,SPLIT_BEYOND_ALLOWANCE
fiber_005,127,B0|B1|B2|B3|B4|B5|B6,0.13585635371126423,0.1399389300678574,0.0040825763565931761,0,0,2,2,1e-10,SPLIT_BEYOND_ALLOWANCE,False,,,,SPLIT_BEYOND_ALLOWANCE
fiber_005,128,B7,0.1358563537112642,0.13993893006785765,0.0040825763565934536,0,0,2,2,1e-10,SPLIT_BEYOND_ALLOWANCE,False,,,,SPLIT_BEYOND_ALLOWANCE
fiber_005,129,B0|B7,0.74477229834542424,0.73597267869780658,0.0087996196476176625,0,0,4,4,1e-10,SPLIT_BEYOND_ALLOWANCE,False,,,,SPLIT_BEYOND_ALLOWANCE
fiber_005,130,B1|B7,0.3954279212859842,0.34814940293494817,0.047278518351036025,0,0,4,4,1e-10,SPLIT_BEYOND_ALLOWANCE,False,,,,SPLIT_BEYOND_ALLOWANCE
fiber_005,131,B0|B1|B7,0.83885121134336749,0.80812178689372194,0.030729424449645548,0,0,8,8,1e-10,SPLIT_BEYOND_ALLOWANCE,False,,,,SPLIT_BEYOND_ALLOWANCE
fiber_005,132,B2|B7,0.31695632512210548,0.28007278318031859,0.03688354194178689,0,0,4,4,1e-10,SPLIT_BEYOND_ALLOWANCE,False,,,,SPLIT_BEYOND_ALLOWANCE
fiber_005,133,B0|B2|B7,0.86223789140735341,0.82937020866725542,0.032867682740097992,0,0,8,8,1e-10,SPLIT_BEYOND_ALLOWANCE,False,,,,SPLIT_BEYOND_ALLOWANCE
fiber_005,134,B1|B2|B7,0.50490211866718349,0.43379363390952258,0.071108484757660906,0,0,8,8,1e-10,SPLIT_BEYOND_ALLOWANCE,False,,,,SPLIT_BEYOND_ALLOWANCE
fiber_005,135,B0|B1|B2|B7,0.85253083709696009,0.81990609195095454,0.032624745146005552,0,0,16,16,1e-10,SPLIT_BEYOND_ALLOWANCE,False,,,,SPLIT_BEYOND_ALLOWANCE
fiber_005,136,B3|B7,0.14881134135975146,0.15075182854593455,0.0019404871861830875,0,0,4,4,1e-10,SPLIT_BEYOND_ALLOWANCE,False,,,,SPLIT_BEYOND_ALLOWANCE
fiber_005,137,B0|B3|B7,0.75070554141135437,0.74080855047134464,0.0098969909400097311,0,0,8,8,1e-10,SPLIT_BEYOND_ALLOWANCE,False,,,,SPLIT_BEYOND_ALLOWANCE
fiber_005,138,B1|B3|B7,0.40381964028171735,0.35543026493234287,0.048389375349374486,0,0,8,8,1e-10,SPLIT_BEYOND_ALLOWANCE,False,,,,SPLIT_BEYOND_ALLOWANCE
fiber_005,139,B0|B1|B3|B7,0.83979426605154883,0.80888980874970562,0.030904457301843213,0,0,16,16,1e-10,SPLIT_BEYOND_ALLOWANCE,False,,,,SPLIT_BEYOND_ALLOWANCE
fiber_005,140,B2|B3|B7,0.32404569404650563,0.28647267936813592,0.037573014678369709,0,0,8,8,1e-10,SPLIT_BEYOND_ALLOWANCE,False,,,,SPLIT_BEYOND_ALLOWANCE
fiber_005,141,B0|B2|B3|B7,0.86448091923878179,0.83140477232003285,0.033076146918748939,0,0,16,16,1e-10,SPLIT_BEYOND_ALLOWANCE,False,,,,SPLIT_BEYOND_ALLOWANCE
fiber_005,142,B1|B2|B3|B7,0.50849340846067548,0.43756346797263457,0.07092994048804091,0,0,16,16,1e-10,SPLIT_BEYOND_ALLOWANCE,False,,,,SPLIT_BEYOND_ALLOWANCE
fiber_005,143,B0|B1|B2|B3|B7,0.84869758554910513,0.81707178890376064,0.031625796645344484,0,0,8,8,1e-10,SPLIT_BEYOND_ALLOWANCE,False,,,,SPLIT_BEYOND_ALLOWANCE
fiber_005,144,B4|B7,0.66094409059246795,0.67813923187537017,0.017195141282902227,0,0,4,4,1e-10,SPLIT_BEYOND_ALLOWANCE,False,,,,SPLIT_BEYOND_ALLOWANCE
fiber_005,145,B0|B4|B7,0.70567796304840458,0.61828972623847056,0.087388236809934017,0,0,8,8,1e-10,SPLIT_BEYOND_ALLOWANCE,False,,,,SPLIT_BEYOND_ALLOWANCE
fiber_005,146,B1|B4|B7,0.80503476910604743,0.78495283210282474,0.020081937003222694,0,0,8,8,1e-10,SPLIT_BEYOND_ALLOWANCE,False,,,,SPLIT_BEYOND_ALLOWANCE
fiber_005,147,B0|B1|B4|B7,0.71651899125184093,0.61322889977342554,0.10329009147841539,0,0,16,16,1e-10,SPLIT_BEYOND_ALLOWANCE,False,,,,SPLIT_BEYOND_ALLOWANCE
fiber_005,148,B2|B4|B7,0.79682048964236429,0.78358047661588481,0.01324001302647948,0,0,8,8,1e-10,SPLIT_BEYOND_ALLOWANCE,False,,,,SPLIT_BEYOND_ALLOWANCE
fiber_005,149,B0|B2|B4|B7,0.75767973748266004,0.65747339968933582,0.10020633779332422,0,0,16,16,1e-10,SPLIT_BEYOND_ALLOWANCE,False,,,,SPLIT_BEYOND_ALLOWANCE
fiber_005,150,B1|B2|B4|B7,0.84555850016383927,0.81386717806085751,0.031691322102981756,0,0,16,16,1e-10,SPLIT_BEYOND_ALLOWANCE,False,,,,SPLIT_BEYOND_ALLOWANCE
fiber_005,151,B0|B1|B2|B4|B7,0.65508950419599943,0.56625004298802684,0.088839461207972592,0,0,8,8,1e-10,SPLIT_BEYOND_ALLOWANCE,False,,,,SPLIT_BEYOND_ALLOWANCE
fiber_005,152,B3|B4|B7,0.66744879961208703,0.68335463055548651,0.015905830943399479,0,0,8,8,1e-10,SPLIT_BEYOND_ALLOWANCE,False,,,,SPLIT_BEYOND_ALLOWANCE
fiber_005,153,B0|B3|B4|B7,0.7048073477063268,0.61724664702172605,0.087560700684600756,1.0516203013498276e-32,1.5653735692649867e-32,4,4,1e-10,SPLIT_BEYOND_ALLOWANCE,False,,,,SPLIT_BEYOND_ALLOWANCE
fiber_005,154,B1|B3|B4|B7,0.80637387639656755,0.78590035616817333,0.020473520228394215,0,0,16,16,1e-10,SPLIT_BEYOND_ALLOWANCE,False,,,,SPLIT_BEYOND_ALLOWANCE
fiber_005,155,B0|B1|B3|B4|B7,0.71138559746505192,0.60879238396825985,0.10259321349679207,0,0,8,8,1e-10,SPLIT_BEYOND_ALLOWANCE,False,,,,SPLIT_BEYOND_ALLOWANCE
fiber_005,156,B2|B3|B4|B7,0.7991025952450147,0.78567228752260254,0.01343030772241216,0,0,16,16,1e-10,SPLIT_BEYOND_ALLOWANCE,False,,,,SPLIT_BEYOND_ALLOWANCE
fiber_005,157,B0|B2|B3|B4|B7,0.75429505634498262,0.65461868116300781,0.099676375181974808,0,0,8,8,1e-10,SPLIT_BEYOND_ALLOWANCE,False,,,,SPLIT_BEYOND_ALLOWANCE
fiber_005,158,B1|B2|B3|B4|B7,0.84179604736678781,0.81103792960979548,0.030758117756992331,0,0,8,8,1e-10,SPLIT_BEYOND_ALLOWANCE,False,,,,SPLIT_BEYOND_ALLOWANCE
fiber_005,159,B0|B1|B2|B3|B4|B7,0.64572273678574676,0.55873588040321986,0.0869868563825269,0,0,4,4,1e-10,SPLIT_BEYOND_ALLOWANCE,False,,,,SPLIT_BEYOND_ALLOWANCE
fiber_005,160,B5|B7,0.65395580362145411,0.57977126244153854,0.074184541179915575,0,0,4,4,1e-10,SPLIT_BEYOND_ALLOWANCE,False,,,,SPLIT_BEYOND_ALLOWANCE
fiber_005,161,B0|B5|B7,0.81364420581533747,0.78440755017871155,0.029236655636625919,0,0,8,8,1e-10,SPLIT_BEYOND_ALLOWANCE,False,,,,SPLIT_BEYOND_ALLOWANCE
fiber_005,162,B1|B5|B7,0.76850357119622981,0.6831732842665259,0.085330286929703902,0,0,8,8,1e-10,SPLIT_BEYOND_ALLOWANCE,False,,,,SPLIT_BEYOND_ALLOWANCE
fiber_005,163,B0|B1|B5|B7,0.77196877519065621,0.7630911420132217,0.0088776331774345074,0,0,16,16,1e-10,SPLIT_BEYOND_ALLOWANCE,False,,,,SPLIT_BEYOND_ALLOWANCE
fiber_005,164,B2|B5|B7,0.77912071535862659,0.6749986252521164,0.10412209010651019,0,0,8,8,1e-10,SPLIT_BEYOND_ALLOWANCE,False,,,,SPLIT_BEYOND_ALLOWANCE
fiber_005,165,B0|B2|B5|B7,0.82515293894277431,0.79513740926630871,0.030015529676465591,0,0,16,16,1e-10,SPLIT_BEYOND_ALLOWANCE,False,,,,SPLIT_BEYOND_ALLOWANCE
fiber_005,166,B1|B2|B5|B7,0.78595075400751679,0.69652223139853797,0.089428522608978822,0,0,16,16,1e-10,SPLIT_BEYOND_ALLOWANCE,False,,,,SPLIT_BEYOND_ALLOWANCE
fiber_005,167,B0|B1|B2|B5|B7,0.68550467106730362,0.69527646457702952,0.0097717935097259012,0,0,8,8,1e-10,SPLIT_BEYOND_ALLOWANCE,False,,,,SPLIT_BEYOND_ALLOWANCE
fiber_005,168,B3|B5|B7,0.66307774371072492,0.5877354260327875,0.07534231767793742,0,0,8,8,1e-10,SPLIT_BEYOND_ALLOWANCE,False,,,,SPLIT_BEYOND_ALLOWANCE
fiber_005,169,B0|B3|B5|B7,0.81504860962170012,0.78580306007682343,0.029245549544876681,0,0,16,16,1e-10,SPLIT_BEYOND_ALLOWANCE,False,,,,SPLIT_BEYOND_ALLOWANCE
fiber_005,170,B1|B3|B5|B7,0.77120000542886047,0.68619616233125791,0.085003843097602561,0,0,16,16,1e-10,SPLIT_BEYOND_ALLOWANCE,False,,,,SPLIT_BEYOND_ALLOWANCE
fiber_005,171,B0|B1|B3|B5|B7,0.76813058631737763,0.76025607505749271,0.0078745112598849198,0,0,8,8,1e-10,SPLIT_BEYOND_ALLOWANCE,False,,,,SPLIT_BEYOND_ALLOWANCE
fiber_005,172,B2|B3|B5|B7,0.78371947442084589,0.67956400688450991,0.10415546753633598,0,0,16,16,1e-10,SPLIT_BEYOND_ALLOWANCE,False,,,,SPLIT_BEYOND_ALLOWANCE
fiber_005,173,B0|B2|B3|B5|B7,0.82178433820455621,0.79303996691555112,0.028744371289005088,0,0,8,8,1e-10,SPLIT_BEYOND_ALLOWANCE,False,,,,SPLIT_BEYOND_ALLOWANCE
fiber_005,174,B1|B2|B3|B5|B7,0.78408733521795237,0.69599976221949189,0.088087572998460484,0,0,8,8,1e-10,SPLIT_BEYOND_ALLOWANCE,False,,,,SPLIT_BEYOND_ALLOWANCE
fiber_005,175,B0|B1|B2|B3|B5|B7,0.67655961429685851,0.68863497001793805,0.012075355721079539,0,0,4,4,1e-10,SPLIT_BEYOND_ALLOWANCE,False,,,,SPLIT_BEYOND_ALLOWANCE
fiber_005,176,B4|B5|B7,0.83139669483293477,0.80162168804323664,0.029775006789698133,0,0,8,8,1e-10,SPLIT_BEYOND_ALLOWANCE,False,,,,SPLIT_BEYOND_ALLOWANCE
fiber_005,177,B0|B4|B5|B7,0.44248148963906814,0.36814621117724794,0.074335278461820198,0,0,16,16,1e-10,SPLIT_BEYOND_ALLOWANCE,False,,,,SPLIT_BEYOND_ALLOWANCE
fiber_005,178,B1|B4|B5|B7,0.84335896516720543,0.81693483393738753,0.026424131229817904,0,0,16,16,1e-10,SPLIT_BEYOND_ALLOWANCE,False,,,,SPLIT_BEYOND_ALLOWANCE
fiber_005,179,B0|B1|B4|B5|B7,0.26853265203507987,0.22681942208922062,0.041713229945859243,0,0,8,8,1e-10,SPLIT_BEYOND_ALLOWANCE,False,,,,SPLIT_BEYOND_ALLOWANCE
fiber_005,180,B2|B4|B5|B7,0.86920253020402127,0.82961872054532071,0.039583809658700564,0,0,16,16,1e-10,SPLIT_BEYOND_ALLOWANCE,False,,,,SPLIT_BEYOND_ALLOWANCE
fiber_005,181,B0|B2|B4|B5|B7,0.39462510803915141,0.32878588233110639,0.065839225708045013,0,0,8,8,1e-10,SPLIT_BEYOND_ALLOWANCE,False,,,,SPLIT_BEYOND_ALLOWANCE
fiber_005,182,B1|B2|B4|B5|B7,0.77541806783581124,0.76152942228099996,0.013888645554811285,0,0,8,8,1e-10,SPLIT_BEYOND_ALLOWANCE,False,,,,SPLIT_BEYOND_ALLOWANCE
fiber_005,183,B0|B1|B2|B4|B5|B7,0.13620089189580351,0.12313096142317771,0.013069930472625793,0,0,4,4,1e-10,SPLIT_BEYOND_ALLOWANCE,False,,,,SPLIT_BEYOND_ALLOWANCE
fiber_005,184,B3|B4|B5|B7,0.83346062552543343,0.80347009104663003,0.029990534478803399,0,0,16,16,1e-10,SPLIT_BEYOND_ALLOWANCE,False,,,,SPLIT_BEYOND_ALLOWANCE
fiber_005,185,B0|B3|B4|B5|B7,0.43775571082602216,0.36399988768122615,0.073755823144796007,0,0,8,8,1e-10,SPLIT_BEYOND_ALLOWANCE,False,,,,SPLIT_BEYOND_ALLOWANCE
fiber_005,186,B1|B3|B4|B5|B7,0.83978564900613517,0.81420467008888409,0.025580978917251085,0,0,8,8,1e-10,SPLIT_BEYOND_ALLOWANCE,False,,,,SPLIT_BEYOND_ALLOWANCE
fiber_005,187,B0|B1|B3|B4|B5|B7,0.26102450117417364,0.22052761202820684,0.040496889145966802,0,0,4,4,1e-10,SPLIT_BEYOND_ALLOWANCE,False,,,,SPLIT_BEYOND_ALLOWANCE
fiber_005,188,B2|B3|B4|B5|B7,0.86604535371242086,0.82762596158261892,0.038419392129801944,0,0,8,8,1e-10,SPLIT_BEYOND_ALLOWANCE,False,,,,SPLIT_BEYOND_ALLOWANCE
fiber_005,189,B0|B2|B3|B4|B5|B7,0.38546923970624453,0.32159890273087893,0.063870336975365594,0,0,4,4,1e-10,SPLIT_BEYOND_ALLOWANCE,False,,,,SPLIT_BEYOND_ALLOWANCE
fiber_005,190,B1|B2|B3|B4|B5|B7,0.76666428130814701,0.75494337644994325,0.011720904858203762,0,0,4,4,1e-10,SPLIT_BEYOND_ALLOWANCE,False,,,,SPLIT_BEYOND_ALLOWANCE
fiber_005,191,B0|B1|B2|B3|B4|B5|B7,0.12320191563390681,0.11291182238362064,0.010290093250286167,0,0,2,2,1e-10,SPLIT_BEYOND_ALLOWANCE,False,,,,SPLIT_BEYOND_ALLOWANCE
fiber_005,192,B6|B7,0.23063892840494463,0.22072648803983078,0.0099124403651138504,0,0,4,4,1e-10,SPLIT_BEYOND_ALLOWANCE,False,,,,SPLIT_BEYOND_ALLOWANCE
fiber_005,193,B0|B6|B7,0.81331354147365209,0.78537951708025155,0.027934024393400536,0,0,8,8,1e-10,SPLIT_BEYOND_ALLOWANCE,False,,,,SPLIT_BEYOND_ALLOWANCE
fiber_005,194,B1|B6|B7,0.47309802655235611,0.4149953651205901,0.058102661431766012,0,0,8,8,1e-10,SPLIT_BEYOND_ALLOWANCE,False,,,,SPLIT_BEYOND_ALLOWANCE
fiber_005,195,B0|B1|B6|B7,0.86569768304011196,0.82333388559113052,0.042363797448981444,0,0,16,16,1e-10,SPLIT_BEYOND_ALLOWANCE,False,,,,SPLIT_BEYOND_ALLOWANCE
fiber_005,196,B2|B6|B7,0.34784871827644559,0.31228924679890274,0.035559471477542848,0,0,8,8,1e-10,SPLIT_BEYOND_ALLOWANCE,False,,,,SPLIT_BEYOND_ALLOWANCE
fiber_005,197,B0|B2|B6|B7,0.84773097693236188,0.81451621369650773,0.03321476323585415,0,0,16,16,1e-10,SPLIT_BEYOND_ALLOWANCE,False,,,,SPLIT_BEYOND_ALLOWANCE
fiber_005,198,B1|B2|B6|B7,0.50726298413614834,0.44334992755608627,0.063913056580062078,0,0,16,16,1e-10,SPLIT_BEYOND_ALLOWANCE,False,,,,SPLIT_BEYOND_ALLOWANCE
fiber_005,199,B0|B1|B2|B6|B7,0.79849152798833734,0.77213689396159302,0.026354634026744317,0,0,8,8,1e-10,SPLIT_BEYOND_ALLOWANCE,False,,,,SPLIT_BEYOND_ALLOWANCE
fiber_005,200,B3|B6|B7,0.24081768518854033,0.22822882357849977,0.012588861610040553,0,0,8,8,1e-10,SPLIT_BEYOND_ALLOWANCE,False,,,,SPLIT_BEYOND_ALLOWANCE
fiber_005,201,B0|B3|B6|B7,0.81624066586834487,0.78698598483295168,0.029254681035393193,0,0,16,16,1e-10,SPLIT_BEYOND_ALLOWANCE,False,,,,SPLIT_BEYOND_ALLOWANCE
fiber_005,202,B1|B3|B6|B7,0.47808551067360922,0.41855157620362871,0.05953393446998051,0,0,16,16,1e-10,SPLIT_BEYOND_ALLOWANCE,False,,,,SPLIT_BEYOND_ALLOWANCE
fiber_005,203,B0|B1|B3|B6|B7,0.8627299718195951,0.820191799099796,0.042538172719799094,0,0,8,8,1e-10,SPLIT_BEYOND_ALLOWANCE,False,,,,SPLIT_BEYOND_ALLOWANCE
fiber_005,204,B2|B3|B6|B7,0.35000576349043033,0.31386004735849432,0.036145716131936012,1.6601416559046161e-32,1.5681589913029978e-32,4,4,1e-10,SPLIT_BEYOND_ALLOWANCE,False,,,,SPLIT_BEYOND_ALLOWANCE
fiber_005,205,B0|B2|B3|B6|B7,0.84575425784297054,0.81248997031451853,0.033264287528452008,0,0,8,8,1e-10,SPLIT_BEYOND_ALLOWANCE,False,,,,SPLIT_BEYOND_ALLOWANCE
fiber_005,206,B1|B2|B3|B6|B7,0.50640356439976864,0.44263599287145811,0.063767571528310529,0,0,8,8,1e-10,SPLIT_BEYOND_ALLOWANCE,False,,,,SPLIT_BEYOND_ALLOWANCE
fiber_005,207,B0|B1|B2|B3|B6|B7,0.79107594955403671,0.76578830396205455,0.025287645591982155,0,0,4,4,1e-10,SPLIT_BEYOND_ALLOWANCE,False,,,,SPLIT_BEYOND_ALLOWANCE
fiber_005,208,B4|B6|B7,0.71756379655224811,0.71868171228820255,0.0011179157359544334,0,0,8,8,1e-10,SPLIT_BEYOND_ALLOWANCE,False,,,,SPLIT_BEYOND_ALLOWANCE
fiber_005,209,B0|B4|B6|B7,0.71829766229924563,0.61248931170511078,0.10580835059413485,0,0,16,16,1e-10,SPLIT_BEYOND_ALLOWANCE,False,,,,SPLIT_BEYOND_ALLOWANCE
fiber_005,210,B1|B4|B6|B7,0.82390590793394125,0.79448493890853877,0.029420969025402477,0,0,16,16,1e-10,SPLIT_BEYOND_ALLOWANCE,False,,,,SPLIT_BEYOND_ALLOWANCE
fiber_005,211,B0|B1|B4|B6|B7,0.68076929646743756,0.570233773893429,0.11053552257400856,0,0,8,8,1e-10,SPLIT_BEYOND_ALLOWANCE,False,,,,SPLIT_BEYOND_ALLOWANCE
fiber_005,212,B2|B4|B6|B7,0.77740390798145864,0.76542440520977151,0.011979502771687134,0,0,16,16,1e-10,SPLIT_BEYOND_ALLOWANCE,False,,,,SPLIT_BEYOND_ALLOWANCE
fiber_005,213,B0|B2|B4|B6|B7,0.68169529266891193,0.58409346366918236,0.097601828999729578,0,0,8,8,1e-10,SPLIT_BEYOND_ALLOWANCE,False,,,,SPLIT_BEYOND_ALLOWANCE
fiber_005,214,B1|B2|B4|B6|B7,0.78454328771970694,0.76067621339562286,0.023867074324084081,0,0,8,8,1e-10,SPLIT_BEYOND_ALLOWANCE,False,,,,SPLIT_BEYOND_ALLOWANCE
fiber_005,215,B0|B1|B2|B4|B6|B7,0.54441431395728324,0.46526688906951735,0.079147424887765883,0,0,4,4,1e-10,SPLIT_BEYOND_ALLOWANCE,False,,,,SPLIT_BEYOND_ALLOWANCE
fiber_005,216,B3|B4|B6|B7,0.72096616950576853,0.72067002895047505,0.00029614055529347816,0,0,16,16,1e-10,SPLIT_BEYOND_ALLOWANCE,False,,,,SPLIT_BEYOND_ALLOWANCE
fiber_005,217,B0|B3|B4|B6|B7,0.71504429151068705,0.60880629923903917,0.10623799227164787,0,0,8,8,1e-10,SPLIT_BEYOND_ALLOWANCE,False,,,,SPLIT_BEYOND_ALLOWANCE
fiber_005,218,B1|B3|B4|B6|B7,0.82121130306585977,0.79151507660888054,0.029696226456979224,0,0,8,8,1e-10,SPLIT_BEYOND_ALLOWANCE,False,,,,SPLIT_BEYOND_ALLOWANCE
fiber_005,219,B0|B1|B3|B4|B6|B7,0.67170844276701347,0.56186448912494003,0.10984395364207344,0,0,4,4,1e-10,SPLIT_BEYOND_ALLOWANCE,False,,,,SPLIT_BEYOND_ALLOWANCE
fiber_005,220,B2|B3|B4|B6|B7,0.77561055135118129,0.76352903652589021,0.012081514825291073,0,0,8,8,1e-10,SPLIT_BEYOND_ALLOWANCE,False,,,,SPLIT_BEYOND_ALLOWANCE
fiber_005,221,B0|B2|B3|B4|B6|B7,0.67493147159955236,0.57779798055623477,0.097133491043317588,0,0,4,4,1e-10,SPLIT_BEYOND_ALLOWANCE,False,,,,SPLIT_BEYOND_ALLOWANCE
fiber_005,222,B1|B2|B3|B4|B6|B7,0.77714809012732033,0.75419942760152081,0.022948662525799524,0,0,4,4,1e-10,SPLIT_BEYOND_ALLOWANCE,False,,,,SPLIT_BEYOND_ALLOWANCE
fiber_005,223,B0|B1|B2|B3|B4|B6|B7,0.53272294922748642,0.45510485304324,0.077618096184246421,0,0,2,2,1e-10,SPLIT_BEYOND_ALLOWANCE,False,,,,SPLIT_BEYOND_ALLOWANCE
fiber_005,224,B5|B6|B7,0.73593073396933217,0.64940711399127005,0.086523619978062127,0,0,8,8,1e-10,SPLIT_BEYOND_ALLOWANCE,False,,,,SPLIT_BEYOND_ALLOWANCE
fiber_005,225,B0|B5|B6|B7,0.83555095720838424,0.79548270028858492,0.040068256919799317,0,0,16,16,1e-10,SPLIT_BEYOND_ALLOWANCE,False,,,,SPLIT_BEYOND_ALLOWANCE
fiber_005,226,B1|B5|B6|B7,0.81736255472564823,0.72677657301182286,0.09058598171382537,0,0,16,16,1e-10,SPLIT_BEYOND_ALLOWANCE,False,,,,SPLIT_BEYOND_ALLOWANCE
fiber_005,227,B0|B1|B5|B6|B7,0.74810878585409946,0.73653418916078262,0.011574596693316841,0,0,8,8,1e-10,SPLIT_BEYOND_ALLOWANCE,False,,,,SPLIT_BEYOND_ALLOWANCE
fiber_005,228,B2|B5|B6|B7,0.7830048813921282,0.68536599699484402,0.097638884397284187,0,0,16,16,1e-10,SPLIT_BEYOND_ALLOWANCE,False,,,,SPLIT_BEYOND_ALLOWANCE
fiber_005,229,B0|B2|B5|B6|B7,0.76469076843981976,0.74176241282939603,0.022928355610423723,0,0,8,8,1e-10,SPLIT_BEYOND_ALLOWANCE,False,,,,SPLIT_BEYOND_ALLOWANCE
fiber_005,230,B1|B2|B5|B6|B7,0.75042058087250929,0.67613348247763538,0.074287098394873907,0,0,8,8,1e-10,SPLIT_BEYOND_ALLOWANCE,False,,,,SPLIT_BEYOND_ALLOWANCE
fiber_005,231,B0|B1|B2|B5|B6|B7,0.59279621720184095,0.61463291835790945,0.021836701156068505,0,0,4,4,1e-10,SPLIT_BEYOND_ALLOWANCE,False,,,,SPLIT_BEYOND_ALLOWANCE
fiber_005,232,B3|B5|B6|B7,0.74170142272027295,0.65364236764868611,0.088059055071586845,0,0,16,16,1e-10,SPLIT_BEYOND_ALLOWANCE,False,,,,SPLIT_BEYOND_ALLOWANCE
fiber_005,233,B0|B3|B5|B6|B7,0.83309496356677437,0.79309351352299129,0.040001450043783082,0,0,8,8,1e-10,SPLIT_BEYOND_ALLOWANCE,False,,,,SPLIT_BEYOND_ALLOWANCE
fiber_005,234,B1|B3|B5|B6|B7,0.8157142906553605,0.72531747552130776,0.090396815134052733,0,0,8,8,1e-10,SPLIT_BEYOND_ALLOWANCE,False,,,,SPLIT_BEYOND_ALLOWANCE
fiber_005,235,B0|B1|B3|B5|B6|B7,0.74049915425588198,0.72999197254157233,0.010507181714309644,0,0,4,4,1e-10,SPLIT_BEYOND_ALLOWANCE,False,,,,SPLIT_BEYOND_ALLOWANCE
fiber_005,236,B2|B3|B5|B6|B7,0.78296462130228939,0.68525383328970835,0.09771078801258104,0,0,8,8,1e-10,SPLIT_BEYOND_ALLOWANCE,False,,,,SPLIT_BEYOND_ALLOWANCE
fiber_005,237,B0|B2|B3|B5|B6|B7,0.75768157444255357,0.73607259316282914,0.021608981279724437,0,0,4,4,1e-10,SPLIT_BEYOND_ALLOWANCE,False,,,,SPLIT_BEYOND_ALLOWANCE
fiber_005,238,B1|B2|B3|B5|B6|B7,0.74516889583035884,0.67186366236547468,0.073305233464884156,0,0,4,4,1e-10,SPLIT_BEYOND_ALLOWANCE,False,,,,SPLIT_BEYOND_ALLOWANCE
fiber_005,239,B0|B1|B2|B3|B5|B6|B7,0.58136218723335509,0.60526887978029031,0.023906692546935226,0,0,2,2,1e-10,SPLIT_BEYOND_ALLOWANCE,False,,,,SPLIT_BEYOND_ALLOWANCE
fiber_005,240,B4|B5|B6|B7,0.8433966832314157,0.80474538689890851,0.03865129633250719,0,0,16,16,1e-10,SPLIT_BEYOND_ALLOWANCE,False,,,,SPLIT_BEYOND_ALLOWANCE
fiber_005,241,B0|B4|B5|B6|B7,0.41126857349078344,0.32760027835390015,0.083668295136883286,0,0,8,8,1e-10,SPLIT_BEYOND_ALLOWANCE,False,,,,SPLIT_BEYOND_ALLOWANCE
fiber_005,242,B1|B4|B5|B6|B7,0.81270805780487376,0.78511215858586814,0.027595899219005626,0,0,8,8,1e-10,SPLIT_BEYOND_ALLOWANCE,False,,,,SPLIT_BEYOND_ALLOWANCE
fiber_005,243,B0|B1|B4|B5|B6|B7,0.20545932044389603,0.16151275608103913,0.043946564362856905,0,0,4,4,1e-10,SPLIT_BEYOND_ALLOWANCE,False,,,,SPLIT_BEYOND_ALLOWANCE
fiber_005,244,B2|B4|B5|B6|B7,0.79724974272585436,0.76688091049828355,0.030368832227570808,0,0,8,8,1e-10,SPLIT_BEYOND_ALLOWANCE,False,,,,SPLIT_BEYOND_ALLOWANCE
fiber_005,245,B0|B2|B4|B5|B6|B7,0.29073271205263518,0.23253171486464469,0.058200997187990489,0,0,4,4,1e-10,SPLIT_BEYOND_ALLOWANCE,False,,,,SPLIT_BEYOND_ALLOWANCE
fiber_005,246,B1|B2|B4|B5|B6|B7,0.671059280976122,0.67123822090381191,0.00017893992768991396,0,0,4,4,1e-10,SPLIT_BEYOND_ALLOWANCE,False,,,,SPLIT_BEYOND_ALLOWANCE
fiber_005,247,B0|B1|B2|B4|B5|B6|B7,0.014647574621039173,0.012333437417386333,0.0023141372036528402,0,0,2,2,1e-10,SPLIT_BEYOND_ALLOWANCE,False,,,,SPLIT_BEYOND_ALLOWANCE
fiber_005,248,B3|B4|B5|B6|B7,0.84149434754313823,0.80268833159865483,0.038806015944483407,0,0,8,8,1e-10,SPLIT_BEYOND_ALLOWANCE,False,,,,SPLIT_BEYOND_ALLOWANCE
fiber_005,249,B0|B3|B4|B5|B6|B7,0.40266835350782193,0.31953504086261159,0.083133312645210344,0,0,4,4,1e-10,SPLIT_BEYOND_ALLOWANCE,False,,,,SPLIT_BEYOND_ALLOWANCE
fiber_005,250,B1|B3|B4|B5|B6|B7,0.80528368250627191,0.77868822573977814,0.026595456766493775,0,0,4,4,1e-10,SPLIT_BEYOND_ALLOWANCE,False,,,,SPLIT_BEYOND_ALLOWANCE
fiber_005,251,B0|B1|B3|B4|B5|B6|B7,0.19414119583259537,0.1513668758195936,0.042774320013001771,0,0,2,2,1e-10,SPLIT_BEYOND_ALLOWANCE,False,,,,SPLIT_BEYOND_ALLOWANCE
fiber_005,252,B2|B3|B4|B5|B6|B7,0.79027519379885081,0.76115970097673546,0.029115492822115341,0,0,4,4,1e-10,SPLIT_BEYOND_ALLOWANCE,False,,,,SPLIT_BEYOND_ALLOWANCE
fiber_005,253,B0|B2|B3|B4|B5|B6|B7,0.27909178782152338,0.22249522463264548,0.056596563188877902,0,0,2,2,1e-10,SPLIT_BEYOND_ALLOWANCE,False,,,,SPLIT_BEYOND_ALLOWANCE
fiber_005,254,B1|B2|B3|B4|B5|B6|B7,0.65944491604063926,0.66157549653420133,0.0021305804935620731,0,0,2,2,1e-10,SPLIT_BEYOND_ALLOWANCE,False,,,,SPLIT_BEYOND_ALLOWANCE
fiber_005,255,B0|B1|B2|B3|B4|B5|B6|B7,0,0,0,0,0,1,1,1e-10,EQUAL_WITHIN_ALLOWANCE,False,,,,EQUAL_WITHIN_ALLOWANCE
fiber_006,0,EMPTY,0,0,0,0,0,1,1,1e-10,EQUAL_WITHIN_ALLOWANCE,False,,,,EQUAL_WITHIN_ALLOWANCE
fiber_006,1,B0,0.32865184579774342,0.31570973001757341,0.012942115780170016,0,0,2,2,1e-10,SPLIT_BEYOND_ALLOWANCE,False,,,,SPLIT_BEYOND_ALLOWANCE
fiber_006,2,B1,0.43105932104305245,0.438751030722492,0.0076917096794395512,0,0,2,2,1e-10,SPLIT_BEYOND_ALLOWANCE,False,,,,SPLIT_BEYOND_ALLOWANCE
fiber_006,3,B0|B1,0.67758079967664619,0.67826276836034782,0.00068196868370162811,0,0,4,4,1e-10,SPLIT_BEYOND_ALLOWANCE,False,,,,SPLIT_BEYOND_ALLOWANCE
fiber_006,4,B2,0.3928751519697623,0.38174564936563954,0.011129502604122765,0,0,2,2,1e-10,SPLIT_BEYOND_ALLOWANCE,False,,,,SPLIT_BEYOND_ALLOWANCE
fiber_006,5,B0|B2,0.67076489124904259,0.65309907782334564,0.017665813425696952,0,0,4,4,1e-10,SPLIT_BEYOND_ALLOWANCE,False,,,,SPLIT_BEYOND_ALLOWANCE
fiber_006,6,B1|B2,0.64470550421563733,0.65399949735296348,0.0092939931373261508,0,0,4,4,1e-10,SPLIT_BEYOND_ALLOWANCE,False,,,,SPLIT_BEYOND_ALLOWANCE
fiber_006,7,B0|B1|B2,0.84171439542406767,0.85137496191089024,0.0096605664868225638,0,0,8,8,1e-10,SPLIT_BEYOND_ALLOWANCE,False,,,,SPLIT_BEYOND_ALLOWANCE
fiber_006,8,B3,0.027631843926411593,0.029226274483943167,0.0015944305575315738,0,0,2,2,1e-10,SPLIT_BEYOND_ALLOWANCE,False,,,,SPLIT_BEYOND_ALLOWANCE
fiber_006,9,B0|B3,0.35381742753347462,0.34234395018493935,0.011473477348535266,0,0,4,4,1e-10,SPLIT_BEYOND_ALLOWANCE,False,,,,SPLIT_BEYOND_ALLOWANCE
fiber_006,10,B1|B3,0.4493351073422559,0.45791458363049914,0.0085794762882432374,0,0,4,4,1e-10,SPLIT_BEYOND_ALLOWANCE,False,,,,SPLIT_BEYOND_ALLOWANCE
fiber_006,11,B0|B1|B3,0.69427081884692154,0.69580549125076041,0.0015346724038388659,0,0,8,8,1e-10,SPLIT_BEYOND_ALLOWANCE,False,,,,SPLIT_BEYOND_ALLOWANCE
fiber_006,12,B2|B3,0.41207047967271626,0.40268886933310022,0.0093816103396160422,0,0,4,4,1e-10,SPLIT_BEYOND_ALLOWANCE,False,,,,SPLIT_BEYOND_ALLOWANCE
fiber_006,13,B0|B2|B3,0.68828069426877003,0.67225166774977985,0.016029026518990186,0,0,8,8,1e-10,SPLIT_BEYOND_ALLOWANCE,False,,,,SPLIT_BEYOND_ALLOWANCE
fiber_006,14,B1|B2|B3,0.65694596789085613,0.6671195952097132,0.01017362731885707,0,0,8,8,1e-10,SPLIT_BEYOND_ALLOWANCE,False,,,,SPLIT_BEYOND_ALLOWANCE
fiber_006,15,B0|B1|B2|B3,0.85135633871085314,0.86188649151294161,0.010530152802088466,0,0,16,16,1e-10,SPLIT_BEYOND_ALLOWANCE,False,,,,SPLIT_BEYOND_ALLOWANCE
fiber_006,16,B4,0.5221524285485305,0.53519255488522821,0.01304012633669771,0,0,2,2,1e-10,SPLIT_BEYOND_ALLOWANCE,False,,,,SPLIT_BEYOND_ALLOWANCE
fiber_006,17,B0|B4,0.5493286668232199,0.55769379034084676,0.0083651235176268601,0,0,4,4,1e-10,SPLIT_BEYOND_ALLOWANCE,False,,,,SPLIT_BEYOND_ALLOWANCE
fiber_006,18,B1|B4,0.77979020006432553,0.79133809695842039,0.011547896894094856,0,0,4,4,1e-10,SPLIT_BEYOND_ALLOWANCE,False,,,,SPLIT_BEYOND_ALLOWANCE
fiber_006,19,B0|B1|B4,0.66575105343454311,0.68237211365113659,0.016621060216593486,0,0,8,8,1e-10,SPLIT_BEYOND_ALLOWANCE,False,,,,SPLIT_BEYOND_ALLOWANCE
fiber_006,20,B2|B4,0.78842646121272897,0.78835942175188123,6.7039460847739818e-05,0,0,4,4,1e-10,SPLIT_BEYOND_ALLOWANCE,False,,,,SPLIT_BEYOND_ALLOWANCE
fiber_006,21,B0|B2|B4,0.70116035212788064,0.70994953881880141,0.0087891866909207694,0,0,8,8,1e-10,SPLIT_BEYOND_ALLOWANCE,False,,,,SPLIT_BEYOND_ALLOWANCE
fiber_006,22,B1|B2|B4,0.88223247098702007,0.89405889741093347,0.011826426423913405,0,0,8,8,1e-10,SPLIT_BEYOND_ALLOWANCE,False,,,,SPLIT_BEYOND_ALLOWANCE
fiber_006,23,B0|B1|B2|B4,0.68875402022802823,0.71177030169551325,0.023016281467485022,0,0,16,16,1e-10,SPLIT_BEYOND_ALLOWANCE,False,,,,SPLIT_BEYOND_ALLOWANCE
fiber_006,24,B3|B4,0.54100906915537128,0.55481594472318685,0.013806875567815569,0,0,4,4,1e-10,SPLIT_BEYOND_ALLOWANCE,False,,,,SPLIT_BEYOND_ALLOWANCE
fiber_006,25,B0|B3|B4,0.56187559182030045,0.57112667298968434,0.0092510811693838901,0,0,8,8,1e-10,SPLIT_BEYOND_ALLOWANCE,False,,,,SPLIT_BEYOND_ALLOWANCE
fiber_006,26,B1|B3|B4,0.79101321535165636,0.80284698748287242,0.011833772131216058,0,0,8,8,1e-10,SPLIT_BEYOND_ALLOWANCE,False,,,,SPLIT_BEYOND_ALLOWANCE
fiber_006,27,B0|B1|B3|B4,0.67233803798155867,0.68952740064898155,0.017189362667422881,0,0,16,16,1e-10,SPLIT_BEYOND_ALLOWANCE,False,,,,SPLIT_BEYOND_ALLOWANCE
fiber_006,28,B2|B3|B4,0.80268563408180027,0.80366670112773964,0.00098106704593936556,0,0,8,8,1e-10,SPLIT_BEYOND_ALLOWANCE,False,,,,SPLIT_BEYOND_ALLOWANCE
fiber_006,29,B0|B2|B3|B4,0.71045806478348528,0.72017485224183964,0.009716787458354359,0,0,16,16,1e-10,SPLIT_BEYOND_ALLOWANCE,False,,,,SPLIT_BEYOND_ALLOWANCE
fiber_006,30,B1|B2|B3|B4,0.88829731047571914,0.9006252294725493,0.012327918996830167,0,0,16,16,1e-10,SPLIT_BEYOND_ALLOWANCE,False,,,,SPLIT_BEYOND_ALLOWANCE
fiber_006,31,B0|B1|B2|B3|B4,0.69195374822298827,0.71556506430087163,0.02361131607788336,0,0,8,8,1e-10,SPLIT_BEYOND_ALLOWANCE,False,,,,SPLIT_BEYOND_ALLOWANCE
fiber_006,32,B5,0.47075793416653539,0.49723114672780133,0.026473212561265946,0,0,2,2,1e-10,SPLIT_BEYOND_ALLOWANCE,False,,,,SPLIT_BEYOND_ALLOWANCE
fiber_006,33,B0|B5,0.72650841184674642,0.73891052788366873,0.012402116036922317,0,0,4,4,1e-10,SPLIT_BEYOND_ALLOWANCE,False,,,,SPLIT_BEYOND_ALLOWANCE
fiber_006,34,B1|B5,0.66058883793795442,0.66966106794731817,0.0090722300093637465,0,0,4,4,1e-10,SPLIT_BEYOND_ALLOWANCE,False,,,,SPLIT_BEYOND_ALLOWANCE
fiber_006,35,B0|B1|B5,0.84020416071074377,0.83940982771238604,0.00079433299835773852,0,0,8,8,1e-10,SPLIT_BEYOND_ALLOWANCE,False,,,,SPLIT_BEYOND_ALLOWANCE
fiber_006,36,B2|B5,0.69602170273417874,0.71632450486834076,0.020302802134162024,0,0,4,4,1e-10,SPLIT_BEYOND_ALLOWANCE,False,,,,SPLIT_BEYOND_ALLOWANCE
fiber_006,37,B0|B2|B5,0.89385206866075051,0.90517234445324568,0.011320275792495171,0,0,8,8,1e-10,SPLIT_BEYOND_ALLOWANCE,False,,,,SPLIT_BEYOND_ALLOWANCE
fiber_006,38,B1|B2|B5,0.75115834146817906,0.76116532881632493,0.010006987348145868,0,0,8,8,1e-10,SPLIT_BEYOND_ALLOWANCE,False,,,,SPLIT_BEYOND_ALLOWANCE
fiber_006,39,B0|B1|B2|B5,0.84733412012390086,0.85485031344519291,0.0075161933212920529,0,0,16,16,1e-10,SPLIT_BEYOND_ALLOWANCE,False,,,,SPLIT_BEYOND_ALLOWANCE
fiber_006,40,B3|B5,0.48172395098485521,0.50882702160031945,0.027103070615464242,0,0,4,4,1e-10,SPLIT_BEYOND_ALLOWANCE,False,,,,SPLIT_BEYOND_ALLOWANCE
fiber_006,41,B0|B3|B5,0.73636824763539566,0.74934794782153813,0.012979700186142473,0,0,8,8,1e-10,SPLIT_BEYOND_ALLOWANCE,False,,,,SPLIT_BEYOND_ALLOWANCE
fiber_006,42,B1|B3|B5,0.66671702581985226,0.67629086029731733,0.0095738344774650708,0,0,8,8,1e-10,SPLIT_BEYOND_ALLOWANCE,False,,,,SPLIT_BEYOND_ALLOWANCE
fiber_006,43,B0|B1|B3|B5,0.84454858242707209,0.84415288664846622,0.00039569577860587568,0,0,16,16,1e-10,SPLIT_BEYOND_ALLOWANCE,False,,,,SPLIT_BEYOND_ALLOWANCE
fiber_006,44,B2|B3|B5,0.70477976466107206,0.72588593268722634,0.021106168026154282,0,0,8,8,1e-10,SPLIT_BEYOND_ALLOWANCE,False,,,,SPLIT_BEYOND_ALLOWANCE
fiber_006,45,B0|B2|B3|B5,0.89993454802292849,0.91204099577545961,0.012106447752531113,0,0,16,16,1e-10,SPLIT_BEYOND_ALLOWANCE,False,,,,SPLIT_BEYOND_ALLOWANCE
fiber_006,46,B1|B2|B3|B5,0.75413596422433482,0.76462896775019218,0.010493003525857358,0,0,16,16,1e-10,SPLIT_BEYOND_ALLOWANCE,False,,,,SPLIT_BEYOND_ALLOWANCE
fiber_006,47,B0|B1|B2|B3|B5,0.84718971448229863,0.85512762477967275,0.0079379102973741178,0,0,8,8,1e-10,SPLIT_BEYOND_ALLOWANCE,False,,,,SPLIT_BEYOND_ALLOWANCE
fiber_006,48,B4|B5,0.765538341629453,0.7832179198001783,0.017679578170725296,0,0,4,4,1e-10,SPLIT_BEYOND_ALLOWANCE,False,,,,SPLIT_BEYOND_ALLOWANCE
fiber_006,49,B0|B4|B5,0.65614465822527179,0.67047645223171737,0.014331794006445575,0,0,8,8,1e-10,SPLIT_BEYOND_ALLOWANCE,False,,,,SPLIT_BEYOND_ALLOWANCE
fiber_006,50,B1|B4|B5,0.81030578373719453,0.80209411975746858,0.0082116639797259472,0,0,8,8,1e-10,SPLIT_BEYOND_ALLOWANCE,False,,,,SPLIT_BEYOND_ALLOWANCE
fiber_006,51,B0|B1|B4|B5,0.58506693720833947,0.581286997392231,0.0037799398161084685,9.3267998183917345e-33,1.8204903242275145e-32,4,4,1e-10,SPLIT_BEYOND_ALLOWANCE,False,,,,SPLIT_BEYOND_ALLOWANCE
fiber_006,52,B2|B4|B5,0.88155110336832332,0.88990854091562821,0.0083574375473048912,0,0,8,8,1e-10,SPLIT_BEYOND_ALLOWANCE,False,,,,SPLIT_BEYOND_ALLOWANCE
fiber_006,53,B0|B2|B4|B5,0.69797706722533581,0.71208369076753397,0.01410662354219816,0,0,16,16,1e-10,SPLIT_BEYOND_ALLOWANCE,False,,,,SPLIT_BEYOND_ALLOWANCE
fiber_006,54,B1|B2|B4|B5,0.75649369116425635,0.7470379815886018,0.0094557095756545584,0,0,16,16,1e-10,SPLIT_BEYOND_ALLOWANCE,False,,,,SPLIT_BEYOND_ALLOWANCE
fiber_006,55,B0|B1|B2|B4|B5,0.48311184137736002,0.48469599915588379,0.0015841577785237759,0,0,8,8,1e-10,SPLIT_BEYOND_ALLOWANCE,False,,,,SPLIT_BEYOND_ALLOWANCE
fiber_006,56,B3|B4|B5,0.77305931235168523,0.79112654788349779,0.018067235531812553,0,0,8,8,1e-10,SPLIT_BEYOND_ALLOWANCE,False,,,,SPLIT_BEYOND_ALLOWANCE
fiber_006,57,B0|B3|B4|B5,0.66040500957147508,0.67519915105891204,0.014794141487436963,0,0,16,16,1e-10,SPLIT_BEYOND_ALLOWANCE,False,,,,SPLIT_BEYOND_ALLOWANCE
fiber_006,58,B1|B3|B4|B5,0.81145933981057006,0.80323613694550211,0.0082232028650679467,0,0,16,16,1e-10,SPLIT_BEYOND_ALLOWANCE,False,,,,SPLIT_BEYOND_ALLOWANCE
fiber_006,59,B0|B1|B3|B4|B5,0.5845178793480903,0.58075784045664725,0.0037600388914430516,0,0,8,8,1e-10,SPLIT_BEYOND_ALLOWANCE,False,,,,SPLIT_BEYOND_ALLOWANCE
fiber_006,60,B2|B3|B4|B5,0.88507915433534134,0.89398905147555285,0.008909897140211509,0,0,16,16,1e-10,SPLIT_BEYOND_ALLOWANCE,False,,,,SPLIT_BEYOND_ALLOWANCE
fiber_006,61,B0|B2|B3|B4|B5,0.69829551473403251,0.71290570167385903,0.014610186939826519,0,0,8,8,1e-10,SPLIT_BEYOND_ALLOWANCE,False,,,,SPLIT_BEYOND_ALLOWANCE
fiber_006,62,B1|B2|B3|B4|B5,0.75254234430443545,0.74303620964627415,0.0095061346581613027,0,0,8,8,1e-10,SPLIT_BEYOND_ALLOWANCE,False,,,,SPLIT_BEYOND_ALLOWANCE
fiber_006,63,B0|B1|B2|B3|B4|B5,0.47767866155374517,0.47920874199458763,0.0015300804408424629,0,0,4,4,1e-10,SPLIT_BEYOND_ALLOWANCE,False,,,,SPLIT_BEYOND_ALLOWANCE
fiber_006,64,B6,0.24629587229028155,0.23818293566810667,0.0081129366221748822,0,0,2,2,1e-10,SPLIT_BEYOND_ALLOWANCE,False,,,,SPLIT_BEYOND_ALLOWANCE
fiber_006,65,B0|B6,0.55089665574531888,0.53162984800931468,0.019266807736004199,0,0,4,4,1e-10,SPLIT_BEYOND_ALLOWANCE,False,,,,SPLIT_BEYOND_ALLOWANCE
fiber_006,66,B1|B6,0.58145972337141227,0.58992003031501794,0.0084603069436056666,0,0,4,4,1e-10,SPLIT_BEYOND_ALLOWANCE,False,,,,SPLIT_BEYOND_ALLOWANCE
fiber_006,67,B0|B1|B6,0.80809494612405464,0.81115143332038497,0.0030564871963303375,0,0,8,8,1e-10,SPLIT_BEYOND_ALLOWANCE,False,,,,SPLIT_BEYOND_ALLOWANCE
fiber_006,68,B2|B6,0.4515650360995912,0.4371848316742975,0.014380204425293697,0,0,4,4,1e-10,SPLIT_BEYOND_ALLOWANCE,False,,,,SPLIT_BEYOND_ALLOWANCE
fiber_006,69,B0|B2|B6,0.70856524952462641,0.68911552769744866,0.019449721827177746,0,0,8,8,1e-10,SPLIT_BEYOND_ALLOWANCE,False,,,,SPLIT_BEYOND_ALLOWANCE
fiber_006,70,B1|B2|B6,0.62453487743868108,0.63037446506070383,0.0058395876220227461,0,0,8,8,1e-10,SPLIT_BEYOND_ALLOWANCE,False,,,,SPLIT_BEYOND_ALLOWANCE
fiber_006,71,B0|B1|B2|B6,0.7841607967490356,0.79266988003269523,0.0085090832836596242,0,0,16,16,1e-10,SPLIT_BEYOND_ALLOWANCE,False,,,,SPLIT_BEYOND_ALLOWANCE
fiber_006,72,B3|B6,0.26719422166272128,0.26092818073443624,0.0062660409282850327,0,0,4,4,1e-10,SPLIT_BEYOND_ALLOWANCE,False,,,,SPLIT_BEYOND_ALLOWANCE
fiber_006,73,B0|B3|B6,0.57053352605413388,0.55305394748676107,0.017479578567372811,0,0,8,8,1e-10,SPLIT_BEYOND_ALLOWANCE,False,,,,SPLIT_BEYOND_ALLOWANCE
fiber_006,74,B1|B3|B6,0.59687449516619651,0.60628340098717848,0.009408905820981972,0,0,8,8,1e-10,SPLIT_BEYOND_ALLOWANCE,False,,,,SPLIT_BEYOND_ALLOWANCE
fiber_006,75,B0|B1|B3|B6,0.82150385618589994,0.82551658518876125,0.004012729002861315,0,0,16,16,1e-10,SPLIT_BEYOND_ALLOWANCE,False,,,,SPLIT_BEYOND_ALLOWANCE
fiber_006,76,B2|B3|B6,0.46488646420924995,0.45197541080848358,0.01291105340076637,0,0,8,8,1e-10,SPLIT_BEYOND_ALLOWANCE,False,,,,SPLIT_BEYOND_ALLOWANCE
fiber_006,77,B0|B2|B3|B6,0.72038239358704625,0.70230924551987428,0.018073148067171974,0,0,16,16,1e-10,SPLIT_BEYOND_ALLOWANCE,False,,,,SPLIT_BEYOND_ALLOWANCE
fiber_006,78,B1|B2|B3|B6,0.63319480552537233,0.64002395144322655,0.006829145917854218,0,0,16,16,1e-10,SPLIT_BEYOND_ALLOWANCE,False,,,,SPLIT_BEYOND_ALLOWANCE
fiber_006,79,B0|B1|B2|B3|B6,0.78997091358308913,0.79950310257966206,0.0095321889965729323,0,0,8,8,1e-10,SPLIT_BEYOND_ALLOWANCE,False,,,,SPLIT_BEYOND_ALLOWANCE
fiber_006,80,B4|B6,0.71389859002227718,0.72047040070156376,0.0065718106792865827,0,0,4,4,1e-10,SPLIT_BEYOND_ALLOWANCE,False,,,,SPLIT_BEYOND_ALLOWANCE
fiber_006,81,B0|B4|B6,0.67825714562318584,0.68784916025703324,0.0095920146338474011,0,0,8,8,1e-10,SPLIT_BEYOND_ALLOWANCE,False,,,,SPLIT_BEYOND_ALLOWANCE
fiber_006,82,B1|B4|B6,0.88539102945882708,0.89861634053472061,0.013225311075893531,0,0,8,8,1e-10,SPLIT_BEYOND_ALLOWANCE,False,,,,SPLIT_BEYOND_ALLOWANCE
fiber_006,83,B0|B1|B4|B6,0.73621004132288392,0.7572014131207202,0.020991371797836278,0,0,16,16,1e-10,SPLIT_BEYOND_ALLOWANCE,False,,,,SPLIT_BEYOND_ALLOWANCE
fiber_006,84,B2|B4|B6,0.79223421915433379,0.78719858230640882,0.0050356368479249625,0,0,8,8,1e-10,SPLIT_BEYOND_ALLOWANCE,False,,,,SPLIT_BEYOND_ALLOWANCE
fiber_006,85,B0|B2|B4|B6,0.64884233840557093,0.65481586162125993,0.0059735232156890028,1.2586861853659804e-32,1.3543808956288455e-32,4,4,1e-10,SPLIT_BEYOND_ALLOWANCE,False,,,,SPLIT_BEYOND_ALLOWANCE
fiber_006,86,B1|B2|B4|B6,0.79893696123036728,0.80836868849670407,0.0094317272663367868,0,0,16,16,1e-10,SPLIT_BEYOND_ALLOWANCE,False,,,,SPLIT_BEYOND_ALLOWANCE
fiber_006,87,B0|B1|B2|B4|B6,0.57060521893646787,0.59398540226118957,0.023380183324721693,0,0,8,8,1e-10,SPLIT_BEYOND_ALLOWANCE,False,,,,SPLIT_BEYOND_ALLOWANCE
fiber_006,88,B3|B4|B6,0.72916269751090101,0.73672410956857692,0.0075614120576759092,0,0,8,8,1e-10,SPLIT_BEYOND_ALLOWANCE,False,,,,SPLIT_BEYOND_ALLOWANCE
fiber_006,89,B0|B3|B4|B6,0.68942175996356203,0.6998746900113616,0.010452930047799569,0,0,16,16,1e-10,SPLIT_BEYOND_ALLOWANCE,False,,,,SPLIT_BEYOND_ALLOWANCE
fiber_006,90,B1|B3|B4|B6,0.89407399732022186,0.90769358542384404,0.013619588103622182,0,0,16,16,1e-10,SPLIT_BEYOND_ALLOWANCE,False,,,,SPLIT_BEYOND_ALLOWANCE
fiber_006,91,B0|B1|B3|B4|B6,0.74105544703703319,0.76260807862288205,0.021552631585848858,0,0,8,8,1e-10,SPLIT_BEYOND_ALLOWANCE,False,,,,SPLIT_BEYOND_ALLOWANCE
fiber_006,92,B2|B3|B4|B6,0.8016433964902081,0.79762147156915131,0.0040219249210567964,0,0,16,16,1e-10,SPLIT_BEYOND_ALLOWANCE,False,,,,SPLIT_BEYOND_ALLOWANCE
fiber_006,93,B0|B2|B3|B4|B6,0.65618296995162639,0.66305662149115918,0.006873651539532788,0,0,8,8,1e-10,SPLIT_BEYOND_ALLOWANCE,False,,,,SPLIT_BEYOND_ALLOWANCE
fiber_006,94,B1|B2|B3|B4|B6,0.80198619212387756,0.81207485735621177,0.010088665232334204,0,0,8,8,1e-10,SPLIT_BEYOND_ALLOWANCE,False,,,,SPLIT_BEYOND_ALLOWANCE
fiber_006,95,B0|B1|B2|B3|B4|B6,0.5719922107094304,0.59598433409492291,0.023992123385492503,0,0,4,4,1e-10,SPLIT_BEYOND_ALLOWANCE,False,,,,SPLIT_BEYOND_ALLOWANCE
fiber_006,96,B5|B6,0.61879367828960352,0.64279335910887803,0.023999680819274505,0,0,4,4,1e-10,SPLIT_BEYOND_ALLOWANCE,False,,,,SPLIT_BEYOND_ALLOWANCE
fiber_006,97,B0|B5|B6,0.85062301205635737,0.86240885740546247,0.011785845349105095,0,0,8,8,1e-10,SPLIT_BEYOND_ALLOWANCE,False,,,,SPLIT_BEYOND_ALLOWANCE
fiber_006,98,B1|B5|B6,0.74762450090574428,0.75783896474971224,0.010214463843967958,0,0,8,8,1e-10,SPLIT_BEYOND_ALLOWANCE,False,,,,SPLIT_BEYOND_ALLOWANCE
fiber_006,99,B0|B1|B5|B6,0.89252691133153039,0.89431644720627057,0.0017895358747401779,0,0,16,16,1e-10,SPLIT_BEYOND_ALLOWANCE,False,,,,SPLIT_BEYOND_ALLOWANCE
fiber_006,100,B2|B5|B6,0.66476559064657037,0.67925280974232416,0.014487219095753789,0,0,8,8,1e-10,SPLIT_BEYOND_ALLOWANCE,False,,,,SPLIT_BEYOND_ALLOWANCE
fiber_006,101,B0|B2|B5|B6,0.83635231149259104,0.84382292115258162,0.0074706096599905791,0,0,16,16,1e-10,SPLIT_BEYOND_ALLOWANCE,False,,,,SPLIT_BEYOND_ALLOWANCE
fiber_006,102,B1|B2|B5|B6,0.65425663403485168,0.66164810382467321,0.0073914697898215254,0,0,16,16,1e-10,SPLIT_BEYOND_ALLOWANCE,False,,,,SPLIT_BEYOND_ALLOWANCE
fiber_006,103,B0|B1|B2|B5|B6,0.7046561614333241,0.71478701076989593,0.010130849336571823,0,0,8,8,1e-10,SPLIT_BEYOND_ALLOWANCE,False,,,,SPLIT_BEYOND_ALLOWANCE
fiber_006,104,B3|B5|B6,0.62844797458807256,0.65318205419867181,0.024734079610599258,0,0,8,8,1e-10,SPLIT_BEYOND_ALLOWANCE,False,,,,SPLIT_BEYOND_ALLOWANCE
fiber_006,105,B0|B3|B5|B6,0.85840798348256053,0.87093170248145935,0.012523718998898814,0,0,16,16,1e-10,SPLIT_BEYOND_ALLOWANCE,False,,,,SPLIT_BEYOND_ALLOWANCE
fiber_006,106,B1|B3|B5|B6,0.75194527609326878,0.7626558173024407,0.01071054120917192,0,0,16,16,1e-10,SPLIT_BEYOND_ALLOWANCE,False,,,,SPLIT_BEYOND_ALLOWANCE
fiber_006,107,B0|B1|B3|B5|B6,0.89404306749742313,0.89626810893672937,0.0022250414393062412,0,0,8,8,1e-10,SPLIT_BEYOND_ALLOWANCE,False,,,,SPLIT_BEYOND_ALLOWANCE
fiber_006,108,B2|B3|B5|B6,0.67082440666354526,0.68621682774368176,0.015392421080136498,0,0,16,16,1e-10,SPLIT_BEYOND_ALLOWANCE,False,,,,SPLIT_BEYOND_ALLOWANCE
fiber_006,109,B0|B2|B3|B5|B6,0.83911875220778909,0.8474080507473053,0.00828929853951621,0,0,8,8,1e-10,SPLIT_BEYOND_ALLOWANCE,False,,,,SPLIT_BEYOND_ALLOWANCE
fiber_006,110,B1|B2|B3|B5|B6,0.65530090271684882,0.66319896187291372,0.0078980591560648961,0,0,8,8,1e-10,SPLIT_BEYOND_ALLOWANCE,False,,,,SPLIT_BEYOND_ALLOWANCE
fiber_006,111,B0|B1|B2|B3|B5|B6,0.70225058319580103,0.7128598303462832,0.010609247150482171,0,0,4,4,1e-10,SPLIT_BEYOND_ALLOWANCE,False,,,,SPLIT_BEYOND_ALLOWANCE
fiber_006,112,B4|B5|B6,0.86970175152222085,0.8854145094243755,0.01571275790215465,0,0,8,8,1e-10,SPLIT_BEYOND_ALLOWANCE,False,,,,SPLIT_BEYOND_ALLOWANCE
fiber_006,113,B0|B4|B5|B6,0.72153191696249941,0.73716233075394322,0.015630413791443809,0,0,16,16,1e-10,SPLIT_BEYOND_ALLOWANCE,False,,,,SPLIT_BEYOND_ALLOWANCE
fiber_006,114,B1|B4|B5|B6,0.83599752150564077,0.82900918077364194,0.0069883407319988322,0,0,16,16,1e-10,SPLIT_BEYOND_ALLOWANCE,False,,,,SPLIT_BEYOND_ALLOWANCE
fiber_006,115,B0|B1|B4|B5|B6,0.59028578913796581,0.5897340233428735,0.00055176579509230717,0,0,8,8,1e-10,SPLIT_BEYOND_ALLOWANCE,False,,,,SPLIT_BEYOND_ALLOWANCE
fiber_006,116,B2|B4|B5|B6,0.80207508054675758,0.80567960636844671,0.0036045258216891307,0,0,16,16,1e-10,SPLIT_BEYOND_ALLOWANCE,False,,,,SPLIT_BEYOND_ALLOWANCE
fiber_006,117,B0|B2|B4|B5|B6,0.58815731970594742,0.59959714974894396,0.011439830042996535,0,0,8,8,1e-10,SPLIT_BEYOND_ALLOWANCE,False,,,,SPLIT_BEYOND_ALLOWANCE
fiber_006,118,B1|B2|B4|B5|B6,0.593441036980901,0.58617029106556351,0.0072707459153374954,0,0,8,8,1e-10,SPLIT_BEYOND_ALLOWANCE,False,,,,SPLIT_BEYOND_ALLOWANCE
fiber_006,119,B0|B1|B2|B4|B5|B6,0.30035355984270806,0.30604276569438726,0.0056892058516792021,0,0,4,4,1e-10,SPLIT_BEYOND_ALLOWANCE,False,,,,SPLIT_BEYOND_ALLOWANCE
fiber_006,120,B3|B4|B5|B6,0.87481961145268805,0.89104367485922109,0.01622406340653304,0,0,16,16,1e-10,SPLIT_BEYOND_ALLOWANCE,False,,,,SPLIT_BEYOND_ALLOWANCE
fiber_006,121,B0|B3|B4|B5|B6,0.72358264690745711,0.73968475133969158,0.016102104432234476,0,0,8,8,1e-10,SPLIT_BEYOND_ALLOWANCE,False,,,,SPLIT_BEYOND_ALLOWANCE
fiber_006,122,B1|B3|B4|B5|B6,0.83412680249361648,0.82708401973461798,0.0070427827589985004,0,0,8,8,1e-10,SPLIT_BEYOND_ALLOWANCE,False,,,,SPLIT_BEYOND_ALLOWANCE
fiber_006,123,B0|B1|B3|B4|B5|B6,0.58682820603912833,0.58621785848169372,0.00061034755743460956,0,0,4,4,1e-10,SPLIT_BEYOND_ALLOWANCE,False,,,,SPLIT_BEYOND_ALLOWANCE
fiber_006,124,B2|B3|B4|B5|B6,0.80213640246609197,0.80626718438714673,0.0041307819210547603,0,0,8,8,1e-10,SPLIT_BEYOND_ALLOWANCE,False,,,,SPLIT_BEYOND_ALLOWANCE
fiber_006,125,B0|B2|B3|B4|B5|B6,0.58631503613841207,0.59819989495815173,0.011884858819739663,0,0,4,4,1e-10,SPLIT_BEYOND_ALLOWANCE,False,,,,SPLIT_BEYOND_ALLOWANCE
fiber_006,126,B1|B2|B3|B4|B5|B6,0.58717603765846205,0.57990282142410765,0.007273216234354396,0,0,4,4,1e-10,SPLIT_BEYOND_ALLOWANCE,False,,,,SPLIT_BEYOND_ALLOWANCE
fiber_006,127,B0|B1|B2|B3|B4|B5|B6,0.29268352808605447,0.29834270263762452,0.0056591745515700564,0,0,2,2,1e-10,SPLIT_BEYOND_ALLOWANCE,False,,,,SPLIT_BEYOND_ALLOWANCE
fiber_006,128,B7,0.29268352808605413,0.29834270263762475,0.0056591745515706116,0,0,2,2,1e-10,SPLIT_BEYOND_ALLOWANCE,False,,,,SPLIT_BEYOND_ALLOWANCE
fiber_006,129,B0|B7,0.58717603765846238,0.57990282142410754,0.0072732162343548401,0,0,4,4,1e-10,SPLIT_BEYOND_ALLOWANCE,False,,,,SPLIT_BEYOND_ALLOWANCE
fiber_006,130,B1|B7,0.58631503613841207,0.59819989495815162,0.011884858819739552,0,0,4,4,1e-10,SPLIT_BEYOND_ALLOWANCE,False,,,,SPLIT_BEYOND_ALLOWANCE
fiber_006,131,B0|B1|B7,0.80213640246609186,0.80626718438714706,0.0041307819210552044,0,0,8,8,1e-10,SPLIT_BEYOND_ALLOWANCE,False,,,,SPLIT_BEYOND_ALLOWANCE
fiber_006,132,B2|B7,0.58682820603912844,0.58621785848169361,0.0006103475574348316,0,0,4,4,1e-10,SPLIT_BEYOND_ALLOWANCE,False,,,,SPLIT_BEYOND_ALLOWANCE
fiber_006,133,B0|B2|B7,0.83412680249361637,0.82708401973461765,0.0070427827589987224,0,0,8,8,1e-10,SPLIT_BEYOND_ALLOWANCE,False,,,,SPLIT_BEYOND_ALLOWANCE
fiber_006,134,B1|B2|B7,0.72358264690745744,0.73968475133969136,0.016102104432233921,0,0,8,8,1e-10,SPLIT_BEYOND_ALLOWANCE,False,,,,SPLIT_BEYOND_ALLOWANCE
fiber_006,135,B0|B1|B2|B7,0.87481961145268827,0.8910436748592212,0.016224063406532929,0,0,16,16,1e-10,SPLIT_BEYOND_ALLOWANCE,False,,,,SPLIT_BEYOND_ALLOWANCE
fiber_006,136,B3|B7,0.30035355984270801,0.30604276569438721,0.0056892058516792021,0,0,4,4,1e-10,SPLIT_BEYOND_ALLOWANCE,False,,,,SPLIT_BEYOND_ALLOWANCE
fiber_006,137,B0|B3|B7,0.59344103698090089,0.58617029106556318,0.0072707459153377174,0,0,8,8,1e-10,SPLIT_BEYOND_ALLOWANCE,False,,,,SPLIT_BEYOND_ALLOWANCE
fiber_006,138,B1|B3|B7,0.58815731970594676,0.59959714974894418,0.011439830042997423,0,0,8,8,1e-10,SPLIT_BEYOND_ALLOWANCE,False,,,,SPLIT_BEYOND_ALLOWANCE
fiber_006,139,B0|B1|B3|B7,0.80207508054675736,0.80567960636844671,0.0036045258216893528,0,0,16,16,1e-10,SPLIT_BEYOND_ALLOWANCE,False,,,,SPLIT_BEYOND_ALLOWANCE
fiber_006,140,B2|B3|B7,0.59028578913796581,0.58973402334287339,0.00055176579509241819,0,0,8,8,1e-10,SPLIT_BEYOND_ALLOWANCE,False,,,,SPLIT_BEYOND_ALLOWANCE
fiber_006,141,B0|B2|B3|B7,0.83599752150564099,0.82900918077364194,0.0069883407319990543,0,0,16,16,1e-10,SPLIT_BEYOND_ALLOWANCE,False,,,,SPLIT_BEYOND_ALLOWANCE
fiber_006,142,B1|B2|B3|B7,0.72153191696249919,0.73716233075394311,0.01563041379144392,0,0,16,16,1e-10,SPLIT_BEYOND_ALLOWANCE,False,,,,SPLIT_BEYOND_ALLOWANCE
fiber_006,143,B0|B1|B2|B3|B7,0.86970175152222018,0.8854145094243755,0.015712757902155317,0,0,8,8,1e-10,SPLIT_BEYOND_ALLOWANCE,False,,,,SPLIT_BEYOND_ALLOWANCE
fiber_006,144,B4|B7,0.70225058319580103,0.7128598303462832,0.010609247150482171,0,0,4,4,1e-10,SPLIT_BEYOND_ALLOWANCE,False,,,,SPLIT_BEYOND_ALLOWANCE
fiber_006,145,B0|B4|B7,0.65530090271684849,0.66319896187291372,0.0078980591560652291,0,0,8,8,1e-10,SPLIT_BEYOND_ALLOWANCE,False,,,,SPLIT_BEYOND_ALLOWANCE
fiber_006,146,B1|B4|B7,0.83911875220778875,0.84740805074730552,0.0082892985395167651,0,0,8,8,1e-10,SPLIT_BEYOND_ALLOWANCE,False,,,,SPLIT_BEYOND_ALLOWANCE
fiber_006,147,B0|B1|B4|B7,0.67082440666354515,0.68621682774368187,0.01539242108013672,0,0,16,16,1e-10,SPLIT_BEYOND_ALLOWANCE,False,,,,SPLIT_BEYOND_ALLOWANCE
fiber_006,148,B2|B4|B7,0.89404306749742379,0.89626810893672926,0.0022250414393054641,0,0,8,8,1e-10,SPLIT_BEYOND_ALLOWANCE,False,,,,SPLIT_BEYOND_ALLOWANCE
fiber_006,149,B0|B2|B4|B7,0.75194527609326844,0.76265581730244036,0.01071054120917192,0,0,16,16,1e-10,SPLIT_BEYOND_ALLOWANCE,False,,,,SPLIT_BEYOND_ALLOWANCE
fiber_006,150,B1|B2|B4|B7,0.85840798348256031,0.87093170248145946,0.012523718998899147,0,0,16,16,1e-10,SPLIT_BEYOND_ALLOWANCE,False,,,,SPLIT_BEYOND_ALLOWANCE
fiber_006,151,B0|B1|B2|B4|B7,0.62844797458807233,0.65318205419867204,0.024734079610599702,0,0,8,8,1e-10,SPLIT_BEYOND_ALLOWANCE,False,,,,SPLIT_BEYOND_ALLOWANCE
fiber_006,152,B3|B4|B7,0.70465616143332399,0.71478701076989526,0.010130849336571268,0,0,8,8,1e-10,SPLIT_BEYOND_ALLOWANCE,False,,,,SPLIT_BEYOND_ALLOWANCE
fiber_006,153,B0|B3|B4|B7,0.65425663403485168,0.6616481038246731,0.0073914697898214143,0,0,16,16,1e-10,SPLIT_BEYOND_ALLOWANCE,False,,,,SPLIT_BEYOND_ALLOWANCE
fiber_006,154,B1|B3|B4|B7,0.83635231149259071,0.8438229211525814,0.0074706096599906902,0,0,16,16,1e-10,SPLIT_BEYOND_ALLOWANCE,False,,,,SPLIT_BEYOND_ALLOWANCE
fiber_006,155,B0|B1|B3|B4|B7,0.66476559064657037,0.67925280974232416,0.014487219095753789,0,0,8,8,1e-10,SPLIT_BEYOND_ALLOWANCE,False,,,,SPLIT_BEYOND_ALLOWANCE
fiber_006,156,B2|B3|B4|B7,0.89252691133153061,0.89431644720627068,0.0017895358747400669,0,0,16,16,1e-10,SPLIT_BEYOND_ALLOWANCE,False,,,,SPLIT_BEYOND_ALLOWANCE
fiber_006,157,B0|B2|B3|B4|B7,0.74762450090574428,0.75783896474971224,0.010214463843967958,0,0,8,8,1e-10,SPLIT_BEYOND_ALLOWANCE,False,,,,SPLIT_BEYOND_ALLOWANCE
fiber_006,158,B1|B2|B3|B4|B7,0.8506230120563576,0.86240885740546214,0.01178584534910454,0,0,8,8,1e-10,SPLIT_BEYOND_ALLOWANCE,False,,,,SPLIT_BEYOND_ALLOWANCE
fiber_006,159,B0|B1|B2|B3|B4|B7,0.61879367828960341,0.64279335910887803,0.023999680819274616,0,0,4,4,1e-10,SPLIT_BEYOND_ALLOWANCE,False,,,,SPLIT_BEYOND_ALLOWANCE
fiber_006,160,B5|B7,0.5719922107094304,0.59598433409492269,0.023992123385492281,0,0,4,4,1e-10,SPLIT_BEYOND_ALLOWANCE,False,,,,SPLIT_BEYOND_ALLOWANCE
fiber_006,161,B0|B5|B7,0.80198619212387801,0.81207485735621188,0.010088665232333871,0,0,8,8,1e-10,SPLIT_BEYOND_ALLOWANCE,False,,,,SPLIT_BEYOND_ALLOWANCE
fiber_006,162,B1|B5|B7,0.6561829699516265,0.66305662149115907,0.0068736515395325659,0,0,8,8,1e-10,SPLIT_BEYOND_ALLOWANCE,False,,,,SPLIT_BEYOND_ALLOWANCE
fiber_006,163,B0|B1|B5|B7,0.80164339649020799,0.79762147156915086,0.0040219249210571295,0,0,16,16,1e-10,SPLIT_BEYOND_ALLOWANCE,False,,,,SPLIT_BEYOND_ALLOWANCE
fiber_006,164,B2|B5|B7,0.74105544703703363,0.76260807862288171,0.021552631585848081,0,0,8,8,1e-10,SPLIT_BEYOND_ALLOWANCE,False,,,,SPLIT_BEYOND_ALLOWANCE
fiber_006,165,B0|B2|B5|B7,0.89407399732022153,0.90769358542384426,0.013619588103622737,0,0,16,16,1e-10,SPLIT_BEYOND_ALLOWANCE,False,,,,SPLIT_BEYOND_ALLOWANCE
fiber_006,166,B1|B2|B5|B7,0.6894217599635617,0.6998746900113616,0.010452930047799902,0,0,16,16,1e-10,SPLIT_BEYOND_ALLOWANCE,False,,,,SPLIT_BEYOND_ALLOWANCE
fiber_006,167,B0|B1|B2|B5|B7,0.72916269751090079,0.7367241095685767,0.0075614120576759092,0,0,8,8,1e-10,SPLIT_BEYOND_ALLOWANCE,False,,,,SPLIT_BEYOND_ALLOWANCE
fiber_006,168,B3|B5|B7,0.57060521893646765,0.59398540226118945,0.023380183324721804,0,0,8,8,1e-10,SPLIT_BEYOND_ALLOWANCE,False,,,,SPLIT_BEYOND_ALLOWANCE
fiber_006,169,B0|B3|B5|B7,0.79893696123036717,0.80836868849670385,0.0094317272663366758,0,0,16,16,1e-10,SPLIT_BEYOND_ALLOWANCE,False,,,,SPLIT_BEYOND_ALLOWANCE
fiber_006,170,B1|B3|B5|B7,0.64884233840557037,0.65481586162125971,0.0059735232156893359,1.2435015069806741e-32,1.2234633403155589e-32,4,4,1e-10,SPLIT_BEYOND_ALLOWANCE,False,,,,SPLIT_BEYOND_ALLOWANCE
fiber_006,171,B0|B1|B3|B5|B7,0.79223421915433356,0.7871985823064086,0.0050356368479249625,0,0,8,8,1e-10,SPLIT_BEYOND_ALLOWANCE,False,,,,SPLIT_BEYOND_ALLOWANCE
fiber_006,172,B2|B3|B5|B7,0.73621004132288426,0.75720141312071987,0.020991371797835612,0,0,16,16,1e-10,SPLIT_BEYOND_ALLOWANCE,False,,,,SPLIT_BEYOND_ALLOWANCE
fiber_006,173,B0|B2|B3|B5|B7,0.88539102945882731,0.8986163405347205,0.013225311075893198,0,0,8,8,1e-10,SPLIT_BEYOND_ALLOWANCE,False,,,,SPLIT_BEYOND_ALLOWANCE
fiber_006,174,B1|B2|B3|B5|B7,0.6782571456231854,0.68784916025703335,0.0095920146338479562,0,0,8,8,1e-10,SPLIT_BEYOND_ALLOWANCE,False,,,,SPLIT_BEYOND_ALLOWANCE
fiber_006,175,B0|B1|B2|B3|B5|B7,0.71389859002227718,0.72047040070156387,0.0065718106792866937,0,0,4,4,1e-10,SPLIT_BEYOND_ALLOWANCE,False,,,,SPLIT_BEYOND_ALLOWANCE
fiber_006,176,B4|B5|B7,0.78997091358308913,0.79950310257966184,0.0095321889965727102,0,0,8,8,1e-10,SPLIT_BEYOND_ALLOWANCE,False,,,,SPLIT_BEYOND_ALLOWANCE
fiber_006,177,B0|B4|B5|B7,0.63319480552537233,0.64002395144322699,0.0068291459178546621,0,0,16,16,1e-10,SPLIT_BEYOND_ALLOWANCE,False,,,,SPLIT_BEYOND_ALLOWANCE
fiber_006,178,B1|B4|B5|B7,0.72038239358704581,0.70230924551987384,0.018073148067171974,0,0,16,16,1e-10,SPLIT_BEYOND_ALLOWANCE,False,,,,SPLIT_BEYOND_ALLOWANCE
fiber_006,179,B0|B1|B4|B5|B7,0.46488646420925001,0.45197541080848402,0.012911053400765982,0,0,8,8,1e-10,SPLIT_BEYOND_ALLOWANCE,False,,,,SPLIT_BEYOND_ALLOWANCE
fiber_006,180,B2|B4|B5|B7,0.82150385618590005,0.82551658518876159,0.004012729002861537,0,0,16,16,1e-10,SPLIT_BEYOND_ALLOWANCE,False,,,,SPLIT_BEYOND_ALLOWANCE
fiber_006,181,B0|B2|B4|B5|B7,0.59687449516619651,0.60628340098717848,0.009408905820981972,0,0,8,8,1e-10,SPLIT_BEYOND_ALLOWANCE,False,,,,SPLIT_BEYOND_ALLOWANCE
fiber_006,182,B1|B2|B4|B5|B7,0.57053352605413366,0.55305394748676073,0.017479578567372922,0,0,8,8,1e-10,SPLIT_BEYOND_ALLOWANCE,False,,,,SPLIT_BEYOND_ALLOWANCE
fiber_006,183,B0|B1|B2|B4|B5|B7,0.26719422166272105,0.26092818073443608,0.0062660409282849772,0,0,4,4,1e-10,SPLIT_BEYOND_ALLOWANCE,False,,,,SPLIT_BEYOND_ALLOWANCE
fiber_006,184,B3|B4|B5|B7,0.78416079674903605,0.79266988003269578,0.0085090832836597352,0,0,16,16,1e-10,SPLIT_BEYOND_ALLOWANCE,False,,,,SPLIT_BEYOND_ALLOWANCE
fiber_006,185,B0|B3|B4|B5|B7,0.62453487743868119,0.63037446506070427,0.0058395876220230791,0,0,8,8,1e-10,SPLIT_BEYOND_ALLOWANCE,False,,,,SPLIT_BEYOND_ALLOWANCE
fiber_006,186,B1|B3|B4|B5|B7,0.70856524952462674,0.68911552769744888,0.019449721827177857,0,0,8,8,1e-10,SPLIT_BEYOND_ALLOWANCE,False,,,,SPLIT_BEYOND_ALLOWANCE
fiber_006,187,B0|B1|B3|B4|B5|B7,0.45156503609959137,0.43718483167429756,0.014380204425293808,0,0,4,4,1e-10,SPLIT_BEYOND_ALLOWANCE,False,,,,SPLIT_BEYOND_ALLOWANCE
fiber_006,188,B2|B3|B4|B5|B7,0.80809494612405464,0.8111514333203852,0.0030564871963305595,0,0,8,8,1e-10,SPLIT_BEYOND_ALLOWANCE,False,,,,SPLIT_BEYOND_ALLOWANCE
fiber_006,189,B0|B2|B3|B4|B5|B7,0.58145972337141261,0.5899200303150185,0.0084603069436058886,0,0,4,4,1e-10,SPLIT_BEYOND_ALLOWANCE,False,,,,SPLIT_BEYOND_ALLOWANCE
fiber_006,190,B1|B2|B3|B4|B5|B7,0.55089665574531888,0.53162984800931501,0.019266807736003866,0,0,4,4,1e-10,SPLIT_BEYOND_ALLOWANCE,False,,,,SPLIT_BEYOND_ALLOWANCE
fiber_006,191,B0|B1|B2|B3|B4|B5|B7,0.24629587229028171,0.23818293566810686,0.0081129366221748545,0,0,2,2,1e-10,SPLIT_BEYOND_ALLOWANCE,False,,,,SPLIT_BEYOND_ALLOWANCE
fiber_006,192,B6|B7,0.47767866155374544,0.47920874199458791,0.0015300804408424629,0,0,4,4,1e-10,SPLIT_BEYOND_ALLOWANCE,False,,,,SPLIT_BEYOND_ALLOWANCE
fiber_006,193,B0|B6|B7,0.75254234430443534,0.74303620964627426,0.0095061346581610806,0,0,8,8,1e-10,SPLIT_BEYOND_ALLOWANCE,False,,,,SPLIT_BEYOND_ALLOWANCE
fiber_006,194,B1|B6|B7,0.6982955147340324,0.71290570167385903,0.01461018693982663,0,0,8,8,1e-10,SPLIT_BEYOND_ALLOWANCE,False,,,,SPLIT_BEYOND_ALLOWANCE
fiber_006,195,B0|B1|B6|B7,0.8850791543353409,0.89398905147555263,0.0089098971402117311,0,0,16,16,1e-10,SPLIT_BEYOND_ALLOWANCE,False,,,,SPLIT_BEYOND_ALLOWANCE
fiber_006,196,B2|B6|B7,0.5845178793480903,0.58075784045664758,0.0037600388914427185,0,0,8,8,1e-10,SPLIT_BEYOND_ALLOWANCE,False,,,,SPLIT_BEYOND_ALLOWANCE
fiber_006,197,B0|B2|B6|B7,0.81145933981057006,0.80323613694550211,0.0082232028650679467,0,0,16,16,1e-10,SPLIT_BEYOND_ALLOWANCE,False,,,,SPLIT_BEYOND_ALLOWANCE
fiber_006,198,B1|B2|B6|B7,0.66040500957147497,0.67519915105891271,0.01479414148743774,0,0,16,16,1e-10,SPLIT_BEYOND_ALLOWANCE,False,,,,SPLIT_BEYOND_ALLOWANCE
fiber_006,199,B0|B1|B2|B6|B7,0.77305931235168501,0.79112654788349768,0.018067235531812664,0,0,8,8,1e-10,SPLIT_BEYOND_ALLOWANCE,False,,,,SPLIT_BEYOND_ALLOWANCE
fiber_006,200,B3|B6|B7,0.48311184137735985,0.48469599915588357,0.0015841577785237204,0,0,8,8,1e-10,SPLIT_BEYOND_ALLOWANCE,False,,,,SPLIT_BEYOND_ALLOWANCE
fiber_006,201,B0|B3|B6|B7,0.75649369116425669,0.74703798158860224,0.0094557095756544474,0,0,16,16,1e-10,SPLIT_BEYOND_ALLOWANCE,False,,,,SPLIT_BEYOND_ALLOWANCE
fiber_006,202,B1|B3|B6|B7,0.69797706722533592,0.71208369076753408,0.01410662354219816,0,0,16,16,1e-10,SPLIT_BEYOND_ALLOWANCE,False,,,,SPLIT_BEYOND_ALLOWANCE
fiber_006,203,B0|B1|B3|B6|B7,0.8815511033683231,0.88990854091562832,0.0083574375473052243,0,0,8,8,1e-10,SPLIT_BEYOND_ALLOWANCE,False,,,,SPLIT_BEYOND_ALLOWANCE
fiber_006,204,B2|B3|B6|B7,0.58506693720833924,0.58128699739223089,0.0037799398161083575,2.0535510514792642e-32,1.5934329397717914e-32,4,4,1e-10,SPLIT_BEYOND_ALLOWANCE,False,,,,SPLIT_BEYOND_ALLOWANCE
fiber_006,205,B0|B2|B3|B6|B7,0.81030578373719453,0.80209411975746858,0.0082116639797259472,0,0,8,8,1e-10,SPLIT_BEYOND_ALLOWANCE,False,,,,SPLIT_BEYOND_ALLOWANCE
fiber_006,206,B1|B2|B3|B6|B7,0.65614465822527179,0.67047645223171737,0.014331794006445575,0,0,8,8,1e-10,SPLIT_BEYOND_ALLOWANCE,False,,,,SPLIT_BEYOND_ALLOWANCE
fiber_006,207,B0|B1|B2|B3|B6|B7,0.76553834162945278,0.7832179198001783,0.017679578170725518,0,0,4,4,1e-10,SPLIT_BEYOND_ALLOWANCE,False,,,,SPLIT_BEYOND_ALLOWANCE
fiber_006,208,B4|B6|B7,0.84718971448229874,0.85512762477967241,0.0079379102973736737,0,0,8,8,1e-10,SPLIT_BEYOND_ALLOWANCE,False,,,,SPLIT_BEYOND_ALLOWANCE
fiber_006,209,B0|B4|B6|B7,0.75413596422433482,0.76462896775019185,0.010493003525857025,0,0,16,16,1e-10,SPLIT_BEYOND_ALLOWANCE,False,,,,SPLIT_BEYOND_ALLOWANCE
fiber_006,210,B1|B4|B6|B7,0.89993454802292905,0.91204099577545961,0.012106447752530558,0,0,16,16,1e-10,SPLIT_BEYOND_ALLOWANCE,False,,,,SPLIT_BEYOND_ALLOWANCE
fiber_006,211,B0|B1|B4|B6|B7,0.70477976466107206,0.72588593268722601,0.021106168026153949,0,0,8,8,1e-10,SPLIT_BEYOND_ALLOWANCE,False,,,,SPLIT_BEYOND_ALLOWANCE
fiber_006,212,B2|B4|B6|B7,0.84454858242707154,0.84415288664846644,0.00039569577860509852,0,0,16,16,1e-10,SPLIT_BEYOND_ALLOWANCE,False,,,,SPLIT_BEYOND_ALLOWANCE
fiber_006,213,B0|B2|B4|B6|B7,0.66671702581985248,0.67629086029731744,0.0095738344774649597,0,0,8,8,1e-10,SPLIT_BEYOND_ALLOWANCE,False,,,,SPLIT_BEYOND_ALLOWANCE
fiber_006,214,B1|B2|B4|B6|B7,0.73636824763539588,0.7493479478215378,0.012979700186141918,0,0,8,8,1e-10,SPLIT_BEYOND_ALLOWANCE,False,,,,SPLIT_BEYOND_ALLOWANCE
fiber_006,215,B0|B1|B2|B4|B6|B7,0.48172395098485538,0.50882702160031945,0.027103070615464075,0,0,4,4,1e-10,SPLIT_BEYOND_ALLOWANCE,False,,,,SPLIT_BEYOND_ALLOWANCE
fiber_006,216,B3|B4|B6|B7,0.84733412012390108,0.85485031344519324,0.0075161933212921639,0,0,16,16,1e-10,SPLIT_BEYOND_ALLOWANCE,False,,,,SPLIT_BEYOND_ALLOWANCE
fiber_006,217,B0|B3|B4|B6|B7,0.75115834146817928,0.76116532881632493,0.010006987348145646,0,0,8,8,1e-10,SPLIT_BEYOND_ALLOWANCE,False,,,,SPLIT_BEYOND_ALLOWANCE
fiber_006,218,B1|B3|B4|B6|B7,0.89385206866075029,0.90517234445324568,0.011320275792495393,0,0,8,8,1e-10,SPLIT_BEYOND_ALLOWANCE,False,,,,SPLIT_BEYOND_ALLOWANCE
fiber_006,219,B0|B1|B3|B4|B6|B7,0.69602170273417852,0.71632450486834109,0.020302802134162579,0,0,4,4,1e-10,SPLIT_BEYOND_ALLOWANCE,False,,,,SPLIT_BEYOND_ALLOWANCE
fiber_006,220,B2|B3|B4|B6|B7,0.84020416071074366,0.83940982771238604,0.0007943329983576275,0,0,8,8,1e-10,SPLIT_BEYOND_ALLOWANCE,False,,,,SPLIT_BEYOND_ALLOWANCE
fiber_006,221,B0|B2|B3|B4|B6|B7,0.66058883793795453,0.66966106794731817,0.0090722300093636354,0,0,4,4,1e-10,SPLIT_BEYOND_ALLOWANCE,False,,,,SPLIT_BEYOND_ALLOWANCE
fiber_006,222,B1|B2|B3|B4|B6|B7,0.72650841184674597,0.73891052788366895,0.012402116036922983,0,0,4,4,1e-10,SPLIT_BEYOND_ALLOWANCE,False,,,,SPLIT_BEYOND_ALLOWANCE
fiber_006,223,B0|B1|B2|B3|B4|B6|B7,0.4707579341665355,0.49723114672780122,0.026473212561265724,0,0,2,2,1e-10,SPLIT_BEYOND_ALLOWANCE,False,,,,SPLIT_BEYOND_ALLOWANCE
fiber_006,224,B5|B6|B7,0.69195374822298872,0.71556506430087174,0.023611316077883027,0,0,8,8,1e-10,SPLIT_BEYOND_ALLOWANCE,False,,,,SPLIT_BEYOND_ALLOWANCE
fiber_006,225,B0|B5|B6|B7,0.88829731047571925,0.9006252294725493,0.012327918996830056,0,0,16,16,1e-10,SPLIT_BEYOND_ALLOWANCE,False,,,,SPLIT_BEYOND_ALLOWANCE
fiber_006,226,B1|B5|B6|B7,0.71045806478348561,0.72017485224183975,0.0097167874583541369,0,0,16,16,1e-10,SPLIT_BEYOND_ALLOWANCE,False,,,,SPLIT_BEYOND_ALLOWANCE
fiber_006,227,B0|B1|B5|B6|B7,0.80268563408180005,0.80366670112773964,0.0009810670459395876,0,0,8,8,1e-10,SPLIT_BEYOND_ALLOWANCE,False,,,,SPLIT_BEYOND_ALLOWANCE
fiber_006,228,B2|B5|B6|B7,0.67233803798155867,0.68952740064898155,0.017189362667422881,0,0,16,16,1e-10,SPLIT_BEYOND_ALLOWANCE,False,,,,SPLIT_BEYOND_ALLOWANCE
fiber_006,229,B0|B2|B5|B6|B7,0.79101321535165647,0.80284698748287209,0.011833772131215614,0,0,8,8,1e-10,SPLIT_BEYOND_ALLOWANCE,False,,,,SPLIT_BEYOND_ALLOWANCE
fiber_006,230,B1|B2|B5|B6|B7,0.56187559182030011,0.57112667298968467,0.0092510811693845563,0,0,8,8,1e-10,SPLIT_BEYOND_ALLOWANCE,False,,,,SPLIT_BEYOND_ALLOWANCE
fiber_006,231,B0|B1|B2|B5|B6|B7,0.54100906915537172,0.55481594472318696,0.013806875567815236,0,0,4,4,1e-10,SPLIT_BEYOND_ALLOWANCE,False,,,,SPLIT_BEYOND_ALLOWANCE
fiber_006,232,B3|B5|B6|B7,0.68875402022802812,0.71177030169551303,0.023016281467484911,0,0,16,16,1e-10,SPLIT_BEYOND_ALLOWANCE,False,,,,SPLIT_BEYOND_ALLOWANCE
fiber_006,233,B0|B3|B5|B6|B7,0.88223247098702007,0.89405889741093325,0.011826426423913183,0,0,8,8,1e-10,SPLIT_BEYOND_ALLOWANCE,False,,,,SPLIT_BEYOND_ALLOWANCE
fiber_006,234,B1|B3|B5|B6|B7,0.70116035212788075,0.70994953881880163,0.0087891866909208805,0,0,8,8,1e-10,SPLIT_BEYOND_ALLOWANCE,False,,,,SPLIT_BEYOND_ALLOWANCE
fiber_006,235,B0|B1|B3|B5|B6|B7,0.78842646121272875,0.78835942175188123,6.7039460847517773e-05,0,0,4,4,1e-10,SPLIT_BEYOND_ALLOWANCE,False,,,,SPLIT_BEYOND_ALLOWANCE
fiber_006,236,B2|B3|B5|B6|B7,0.66575105343454299,0.68237211365113637,0.016621060216593375,0,0,8,8,1e-10,SPLIT_BEYOND_ALLOWANCE,False,,,,SPLIT_BEYOND_ALLOWANCE
fiber_006,237,B0|B2|B3|B5|B6|B7,0.77979020006432598,0.79133809695842039,0.011547896894094412,0,0,4,4,1e-10,SPLIT_BEYOND_ALLOWANCE,False,,,,SPLIT_BEYOND_ALLOWANCE
fiber_006,238,B1|B2|B3|B5|B6|B7,0.54932866682321957,0.55769379034084687,0.0083651235176273042,0,0,4,4,1e-10,SPLIT_BEYOND_ALLOWANCE,False,,,,SPLIT_BEYOND_ALLOWANCE
fiber_006,239,B0|B1|B2|B3|B5|B6|B7,0.5221524285485305,0.53519255488522799,0.013040126336697488,0,0,2,2,1e-10,SPLIT_BEYOND_ALLOWANCE,False,,,,SPLIT_BEYOND_ALLOWANCE
fiber_006,240,B4|B5|B6|B7,0.8513563387108537,0.86188649151294117,0.010530152802087467,0,0,16,16,1e-10,SPLIT_BEYOND_ALLOWANCE,False,,,,SPLIT_BEYOND_ALLOWANCE
fiber_006,241,B0|B4|B5|B6|B7,0.65694596789085657,0.66711959520971309,0.010173627318856515,0,0,8,8,1e-10,SPLIT_BEYOND_ALLOWANCE,False,,,,SPLIT_BEYOND_ALLOWANCE
fiber_006,242,B1|B4|B5|B6|B7,0.68828069426877014,0.67225166774977996,0.016029026518990186,0,0,8,8,1e-10,SPLIT_BEYOND_ALLOWANCE,False,,,,SPLIT_BEYOND_ALLOWANCE
fiber_006,243,B0|B1|B4|B5|B6|B7,0.41207047967271676,0.40268886933310011,0.0093816103396166528,0,0,4,4,1e-10,SPLIT_BEYOND_ALLOWANCE,False,,,,SPLIT_BEYOND_ALLOWANCE
fiber_006,244,B2|B4|B5|B6|B7,0.69427081884692166,0.69580549125076074,0.001534672403839088,0,0,8,8,1e-10,SPLIT_BEYOND_ALLOWANCE,False,,,,SPLIT_BEYOND_ALLOWANCE
fiber_006,245,B0|B2|B4|B5|B6|B7,0.4493351073422564,0.45791458363049897,0.0085794762882425712,0,0,4,4,1e-10,SPLIT_BEYOND_ALLOWANCE,False,,,,SPLIT_BEYOND_ALLOWANCE
fiber_006,246,B1|B2|B4|B5|B6|B7,0.35381742753347484,0.34234395018493896,0.011473477348535877,0,0,4,4,1e-10,SPLIT_BEYOND_ALLOWANCE,False,,,,SPLIT_BEYOND_ALLOWANCE
fiber_006,247,B0|B1|B2|B4|B5|B6|B7,0.027631843926411572,0.029226274483943292,0.0015944305575317196,0,0,2,2,1e-10,SPLIT_BEYOND_ALLOWANCE,False,,,,SPLIT_BEYOND_ALLOWANCE
fiber_006,248,B3|B4|B5|B6|B7,0.84171439542406756,0.85137496191089046,0.0096605664868228969,0,0,8,8,1e-10,SPLIT_BEYOND_ALLOWANCE,False,,,,SPLIT_BEYOND_ALLOWANCE
fiber_006,249,B0|B3|B4|B5|B6|B7,0.64470550421563722,0.65399949735296348,0.0092939931373262619,0,0,4,4,1e-10,SPLIT_BEYOND_ALLOWANCE,False,,,,SPLIT_BEYOND_ALLOWANCE
fiber_006,250,B1|B3|B4|B5|B6|B7,0.67076489124904282,0.65309907782334597,0.017665813425696841,0,0,4,4,1e-10,SPLIT_BEYOND_ALLOWANCE,False,,,,SPLIT_BEYOND_ALLOWANCE
fiber_006,251,B0|B1|B3|B4|B5|B6|B7,0.39287515196976214,0.38174564936563965,0.011129502604122488,0,0,2,2,1e-10,SPLIT_BEYOND_ALLOWANCE,False,,,,SPLIT_BEYOND_ALLOWANCE
fiber_006,252,B2|B3|B4|B5|B6|B7,0.67758079967664608,0.67826276836034805,0.00068196868370196118,0,0,4,4,1e-10,SPLIT_BEYOND_ALLOWANCE,False,,,,SPLIT_BEYOND_ALLOWANCE
fiber_006,253,B0|B2|B3|B4|B5|B6|B7,0.43105932104305245,0.43875103072249205,0.0076917096794396067,0,0,2,2,1e-10,SPLIT_BEYOND_ALLOWANCE,False,,,,SPLIT_BEYOND_ALLOWANCE
fiber_006,254,B1|B2|B3|B4|B5|B6|B7,0.32865184579774337,0.31570973001757335,0.012942115780170016,0,0,2,2,1e-10,SPLIT_BEYOND_ALLOWANCE,False,,,,SPLIT_BEYOND_ALLOWANCE
fiber_006,255,B0|B1|B2|B3|B4|B5|B6|B7,0,0,0,0,0,1,1,1e-10,EQUAL_WITHIN_ALLOWANCE,False,,,,EQUAL_WITHIN_ALLOWANCE
fiber_007,0,EMPTY,0,0,0,0,0,1,1,1e-10,EQUAL_WITHIN_ALLOWANCE,False,,,,EQUAL_WITHIN_ALLOWANCE
fiber_007,1,B0,0.32865184579774342,0.32236254596623265,0.0062892998315107751,0,0,2,2,1e-10,SPLIT_BEYOND_ALLOWANCE,False,,,,SPLIT_BEYOND_ALLOWANCE
fiber_007,2,B1,0.43105932104305245,0.44005300256169422,0.0089936815186417718,0,0,2,2,1e-10,SPLIT_BEYOND_ALLOWANCE,False,,,,SPLIT_BEYOND_ALLOWANCE
fiber_007,3,B0|B1,0.67758079967664619,0.67244269382635358,0.005138105850292618,0,0,4,4,1e-10,SPLIT_BEYOND_ALLOWANCE,False,,,,SPLIT_BEYOND_ALLOWANCE
fiber_007,4,B2,0.3928751519697623,0.35960088489082837,0.033274267078933939,0,0,2,2,1e-10,SPLIT_BEYOND_ALLOWANCE,False,,,,SPLIT_BEYOND_ALLOWANCE
fiber_007,5,B0|B2,0.67076489124904259,0.63788673274769303,0.032878158501349564,0,0,4,4,1e-10,SPLIT_BEYOND_ALLOWANCE,False,,,,SPLIT_BEYOND_ALLOWANCE
fiber_007,6,B1|B2,0.64470550421563733,0.63451143374643759,0.010194070469199734,0,0,4,4,1e-10,SPLIT_BEYOND_ALLOWANCE,False,,,,SPLIT_BEYOND_ALLOWANCE
fiber_007,7,B0|B1|B2,0.84171439542406767,0.82039444740147383,0.021319948022593849,0,0,8,8,1e-10,SPLIT_BEYOND_ALLOWANCE,False,,,,SPLIT_BEYOND_ALLOWANCE
fiber_007,8,B3,0.027631843926411593,0.028153833627813506,0.00052198970140191273,0,0,2,2,1e-10,SPLIT_BEYOND_ALLOWANCE,False,,,,SPLIT_BEYOND_ALLOWANCE
fiber_007,9,B0|B3,0.35381742753347462,0.34788034087254838,0.0059370866609262385,0,0,4,4,1e-10,SPLIT_BEYOND_ALLOWANCE,False,,,,SPLIT_BEYOND_ALLOWANCE
fiber_007,10,B1|B3,0.4493351073422559,0.45746952972033994,0.0081344223780840386,0,0,4,4,1e-10,SPLIT_BEYOND_ALLOWANCE,False,,,,SPLIT_BEYOND_ALLOWANCE
fiber_007,11,B0|B1|B3,0.69427081884692154,0.68799260336458279,0.0062782154823387559,0,0,8,8,1e-10,SPLIT_BEYOND_ALLOWANCE,False,,,,SPLIT_BEYOND_ALLOWANCE
fiber_007,12,B2|B3,0.41207047967271626,0.37896169582059402,0.033108783852122237,0,0,4,4,1e-10,SPLIT_BEYOND_ALLOWANCE,False,,,,SPLIT_BEYOND_ALLOWANCE
fiber_007,13,B0|B2|B3,0.68828069426877003,0.65539521054461725,0.032885483724152786,0,0,8,8,1e-10,SPLIT_BEYOND_ALLOWANCE,False,,,,SPLIT_BEYOND_ALLOWANCE
fiber_007,14,B1|B2|B3,0.65694596789085613,0.64657160647129763,0.010374361419558498,0,0,8,8,1e-10,SPLIT_BEYOND_ALLOWANCE,False,,,,SPLIT_BEYOND_ALLOWANCE
fiber_007,15,B0|B1|B2|B3,0.85135633871085314,0.82963622315934449,0.021720115551508656,0,0,16,16,1e-10,SPLIT_BEYOND_ALLOWANCE,False,,,,SPLIT_BEYOND_ALLOWANCE
fiber_007,16,B4,0.5221524285485305,0.51234799814468657,0.0098044304038439334,0,0,2,2,1e-10,SPLIT_BEYOND_ALLOWANCE,False,,,,SPLIT_BEYOND_ALLOWANCE
fiber_007,17,B0|B4,0.5493286668232199,0.56157632682081204,0.012247659997592142,0,0,4,4,1e-10,SPLIT_BEYOND_ALLOWANCE,False,,,,SPLIT_BEYOND_ALLOWANCE
fiber_007,18,B1|B4,0.77979020006432553,0.77529102870402222,0.0044991713603033112,0,0,4,4,1e-10,SPLIT_BEYOND_ALLOWANCE,False,,,,SPLIT_BEYOND_ALLOWANCE
fiber_007,19,B0|B1|B4,0.66575105343454311,0.66405590847135298,0.0016951449631901205,0,0,8,8,1e-10,SPLIT_BEYOND_ALLOWANCE,False,,,,SPLIT_BEYOND_ALLOWANCE
fiber_007,20,B2|B4,0.78842646121272897,0.75266760667829313,0.035758854534435836,0,0,4,4,1e-10,SPLIT_BEYOND_ALLOWANCE,False,,,,SPLIT_BEYOND_ALLOWANCE
fiber_007,21,B0|B2|B4,0.70116035212788064,0.69098666442053258,0.010173687707348056,0,0,8,8,1e-10,SPLIT_BEYOND_ALLOWANCE,False,,,,SPLIT_BEYOND_ALLOWANCE
fiber_007,22,B1|B2|B4,0.88223247098702007,0.86538833259020898,0.016844138396811092,0,0,8,8,1e-10,SPLIT_BEYOND_ALLOWANCE,False,,,,SPLIT_BEYOND_ALLOWANCE
fiber_007,23,B0|B1|B2|B4,0.68875402022802823,0.68146649576171359,0.0072875244663146432,0,0,16,16,1e-10,SPLIT_BEYOND_ALLOWANCE,False,,,,SPLIT_BEYOND_ALLOWANCE
fiber_007,24,B3|B4,0.54100906915537128,0.53097197595872903,0.010037093196642255,0,0,4,4,1e-10,SPLIT_BEYOND_ALLOWANCE,False,,,,SPLIT_BEYOND_ALLOWANCE
fiber_007,25,B0|B3|B4,0.56187559182030045,0.57337756274999241,0.011501970929691963,0,0,8,8,1e-10,SPLIT_BEYOND_ALLOWANCE,False,,,,SPLIT_BEYOND_ALLOWANCE
fiber_007,26,B1|B3|B4,0.79101321535165636,0.78568865028182655,0.0053245650698298119,0,0,8,8,1e-10,SPLIT_BEYOND_ALLOWANCE,False,,,,SPLIT_BEYOND_ALLOWANCE
fiber_007,27,B0|B1|B3|B4,0.67233803798155867,0.67002345691698473,0.0023145810645739395,0,0,16,16,1e-10,SPLIT_BEYOND_ALLOWANCE,False,,,,SPLIT_BEYOND_ALLOWANCE
fiber_007,28,B2|B3|B4,0.80268563408180027,0.76673609272255927,0.035949541359241,0,0,8,8,1e-10,SPLIT_BEYOND_ALLOWANCE,False,,,,SPLIT_BEYOND_ALLOWANCE
fiber_007,29,B0|B2|B3|B4,0.71045806478348528,0.69989580909259785,0.010562255690887423,0,0,16,16,1e-10,SPLIT_BEYOND_ALLOWANCE,False,,,,SPLIT_BEYOND_ALLOWANCE
fiber_007,30,B1|B2|B3|B4,0.88829731047571914,0.87099050441234027,0.017306806063378866,0,0,16,16,1e-10,SPLIT_BEYOND_ALLOWANCE,False,,,,SPLIT_BEYOND_ALLOWANCE
fiber_007,31,B0|B1|B2|B3|B4,0.69195374822298827,0.68424769938282703,0.0077060488401612393,0,0,8,8,1e-10,SPLIT_BEYOND_ALLOWANCE,False,,,,SPLIT_BEYOND_ALLOWANCE
fiber_007,32,B5,0.47075793416653539,0.49043370294576827,0.019675768779232883,0,0,2,2,1e-10,SPLIT_BEYOND_ALLOWANCE,False,,,,SPLIT_BEYOND_ALLOWANCE
fiber_007,33,B0|B5,0.72650841184674642,0.7360652094639254,0.0095567976171789804,0,0,4,4,1e-10,SPLIT_BEYOND_ALLOWANCE,False,,,,SPLIT_BEYOND_ALLOWANCE
fiber_007,34,B1|B5,0.66058883793795442,0.67133089437873894,0.01074205644078452,0,0,4,4,1e-10,SPLIT_BEYOND_ALLOWANCE,False,,,,SPLIT_BEYOND_ALLOWANCE
fiber_007,35,B0|B1|B5,0.84020416071074377,0.83140368924178432,0.0088004714689594588,0,0,8,8,1e-10,SPLIT_BEYOND_ALLOWANCE,False,,,,SPLIT_BEYOND_ALLOWANCE
fiber_007,36,B2|B5,0.69602170273417874,0.68220480807468742,0.013816894659491319,0,0,4,4,1e-10,SPLIT_BEYOND_ALLOWANCE,False,,,,SPLIT_BEYOND_ALLOWANCE
fiber_007,37,B0|B2|B5,0.89385206866075051,0.87548903835468128,0.018363030306069228,0,0,8,8,1e-10,SPLIT_BEYOND_ALLOWANCE,False,,,,SPLIT_BEYOND_ALLOWANCE
fiber_007,38,B1|B2|B5,0.75115834146817906,0.74808706436715333,0.0030712771010257267,0,0,8,8,1e-10,SPLIT_BEYOND_ALLOWANCE,False,,,,SPLIT_BEYOND_ALLOWANCE
fiber_007,39,B0|B1|B2|B5,0.84733412012390086,0.82656549468773421,0.020768625436166643,0,0,16,16,1e-10,SPLIT_BEYOND_ALLOWANCE,False,,,,SPLIT_BEYOND_ALLOWANCE
fiber_007,40,B3|B5,0.48172395098485521,0.50055504405321749,0.018831093068362281,0,0,4,4,1e-10,SPLIT_BEYOND_ALLOWANCE,False,,,,SPLIT_BEYOND_ALLOWANCE
fiber_007,41,B0|B3|B5,0.73636824763539566,0.74493126384975838,0.0085630162143627286,0,0,8,8,1e-10,SPLIT_BEYOND_ALLOWANCE,False,,,,SPLIT_BEYOND_ALLOWANCE
fiber_007,42,B1|B3|B5,0.66671702581985226,0.67637497238661992,0.0096579465667676612,0,0,8,8,1e-10,SPLIT_BEYOND_ALLOWANCE,False,,,,SPLIT_BEYOND_ALLOWANCE
fiber_007,43,B0|B1|B3|B5,0.84454858242707209,0.83455511160579909,0.0099934708212729984,0,0,16,16,1e-10,SPLIT_BEYOND_ALLOWANCE,False,,,,SPLIT_BEYOND_ALLOWANCE
fiber_007,44,B2|B3|B5,0.70477976466107206,0.69017179777099691,0.014607966890075152,0,0,8,8,1e-10,SPLIT_BEYOND_ALLOWANCE,False,,,,SPLIT_BEYOND_ALLOWANCE
fiber_007,45,B0|B2|B3|B5,0.89993454802292849,0.8807309796002335,0.019203568422694994,0,0,16,16,1e-10,SPLIT_BEYOND_ALLOWANCE,False,,,,SPLIT_BEYOND_ALLOWANCE
fiber_007,46,B1|B2|B3|B5,0.75413596422433482,0.75024070782295393,0.0038952564013808866,0,0,16,16,1e-10,SPLIT_BEYOND_ALLOWANCE,False,,,,SPLIT_BEYOND_ALLOWANCE
fiber_007,47,B0|B1|B2|B3|B5,0.84718971448229863,0.82535563431770154,0.021834080164597092,0,0,8,8,1e-10,SPLIT_BEYOND_ALLOWANCE,False,,,,SPLIT_BEYOND_ALLOWANCE
fiber_007,48,B4|B5,0.765538341629453,0.76966832714785016,0.0041299855183971612,0,0,4,4,1e-10,SPLIT_BEYOND_ALLOWANCE,False,,,,SPLIT_BEYOND_ALLOWANCE
fiber_007,49,B0|B4|B5,0.65614465822527179,0.67325834351555525,0.017113685290283454,0,0,8,8,1e-10,SPLIT_BEYOND_ALLOWANCE,False,,,,SPLIT_BEYOND_ALLOWANCE
fiber_007,50,B1|B4|B5,0.81030578373719453,0.80356328468697491,0.0067424990502196191,0,0,8,8,1e-10,SPLIT_BEYOND_ALLOWANCE,False,,,,SPLIT_BEYOND_ALLOWANCE
fiber_007,51,B0|B1|B4|B5,0.58506693720833947,0.57811302828603606,0.006953908922303409,9.3267998183917345e-33,7.8943075129765678e-33,4,4,1e-10,SPLIT_BEYOND_ALLOWANCE,False,,,,SPLIT_BEYOND_ALLOWANCE
fiber_007,52,B2|B4|B5,0.88155110336832332,0.85955420346458022,0.021996899903743095,0,0,8,8,1e-10,SPLIT_BEYOND_ALLOWANCE,False,,,,SPLIT_BEYOND_ALLOWANCE
fiber_007,53,B0|B2|B4|B5,0.69797706722533581,0.69533465880697953,0.002642408418356279,0,0,16,16,1e-10,SPLIT_BEYOND_ALLOWANCE,False,,,,SPLIT_BEYOND_ALLOWANCE
fiber_007,54,B1|B2|B4|B5,0.75649369116425635,0.74123459951882864,0.015259091645427714,0,0,16,16,1e-10,SPLIT_BEYOND_ALLOWANCE,False,,,,SPLIT_BEYOND_ALLOWANCE
fiber_007,55,B0|B1|B2|B4|B5,0.48311184137736002,0.47296084094073487,0.010151000436625146,0,0,8,8,1e-10,SPLIT_BEYOND_ALLOWANCE,False,,,,SPLIT_BEYOND_ALLOWANCE
fiber_007,56,B3|B4|B5,0.77305931235168523,0.77604489261325305,0.0029855802615678106,0,0,8,8,1e-10,SPLIT_BEYOND_ALLOWANCE,False,,,,SPLIT_BEYOND_ALLOWANCE
fiber_007,57,B0|B3|B4|B5,0.66040500957147508,0.67618570068586759,0.015780691114392509,0,0,16,16,1e-10,SPLIT_BEYOND_ALLOWANCE,False,,,,SPLIT_BEYOND_ALLOWANCE
fiber_007,58,B1|B3|B4|B5,0.81145933981057006,0.80349954237558463,0.0079597974349854272,0,0,16,16,1e-10,SPLIT_BEYOND_ALLOWANCE,False,,,,SPLIT_BEYOND_ALLOWANCE
fiber_007,59,B0|B1|B3|B4|B5,0.5845178793480903,0.57631548678025102,0.0082023925678392784,0,0,8,8,1e-10,SPLIT_BEYOND_ALLOWANCE,False,,,,SPLIT_BEYOND_ALLOWANCE
fiber_007,60,B2|B3|B4|B5,0.88507915433534134,0.86206138528432164,0.02301776905101971,0,0,16,16,1e-10,SPLIT_BEYOND_ALLOWANCE,False,,,,SPLIT_BEYOND_ALLOWANCE
fiber_007,61,B0|B2|B3|B4|B5,0.69829551473403251,0.69442586282276664,0.00386965191126587,0,0,8,8,1e-10,SPLIT_BEYOND_ALLOWANCE,False,,,,SPLIT_BEYOND_ALLOWANCE
fiber_007,62,B1|B2|B3|B4|B5,0.75254234430443545,0.7360861460083028,0.016456198296132651,0,0,8,8,1e-10,SPLIT_BEYOND_ALLOWANCE,False,,,,SPLIT_BEYOND_ALLOWANCE
fiber_007,63,B0|B1|B2|B3|B4|B5,0.47767866155374517,0.4662996795090264,0.011378982044718766,0,0,4,4,1e-10,SPLIT_BEYOND_ALLOWANCE,False,,,,SPLIT_BEYOND_ALLOWANCE
fiber_007,64,B6,0.24629587229028155,0.23141269237087458,0.014883179919406964,0,0,2,2,1e-10,SPLIT_BEYOND_ALLOWANCE,False,,,,SPLIT_BEYOND_ALLOWANCE
fiber_007,65,B0|B6,0.55089665574531888,0.530559074378402,0.020337581366916879,0,0,4,4,1e-10,SPLIT_BEYOND_ALLOWANCE,False,,,,SPLIT_BEYOND_ALLOWANCE
fiber_007,66,B1|B6,0.58145972337141227,0.57691698003642977,0.0045427433349825019,0,0,4,4,1e-10,SPLIT_BEYOND_ALLOWANCE,False,,,,SPLIT_BEYOND_ALLOWANCE
fiber_007,67,B0|B1|B6,0.80809494612405464,0.78698986398941129,0.021105082134643349,0,0,8,8,1e-10,SPLIT_BEYOND_ALLOWANCE,False,,,,SPLIT_BEYOND_ALLOWANCE
fiber_007,68,B2|B6,0.4515650360995912,0.43480909183579736,0.016755944263793843,0,0,4,4,1e-10,SPLIT_BEYOND_ALLOWANCE,False,,,,SPLIT_BEYOND_ALLOWANCE
fiber_007,69,B0|B2|B6,0.70856524952462641,0.69194119626330353,0.01662405326132288,0,0,8,8,1e-10,SPLIT_BEYOND_ALLOWANCE,False,,,,SPLIT_BEYOND_ALLOWANCE
fiber_007,70,B1|B2|B6,0.62453487743868108,0.63094498754926498,0.0064101101105838998,0,0,8,8,1e-10,SPLIT_BEYOND_ALLOWANCE,False,,,,SPLIT_BEYOND_ALLOWANCE
fiber_007,71,B0|B1|B2|B6,0.7841607967490356,0.77919092174209847,0.00496987500693713,0,0,16,16,1e-10,SPLIT_BEYOND_ALLOWANCE,False,,,,SPLIT_BEYOND_ALLOWANCE
fiber_007,72,B3|B6,0.26719422166272128,0.25236360169727656,0.014830619965444714,0,0,4,4,1e-10,SPLIT_BEYOND_ALLOWANCE,False,,,,SPLIT_BEYOND_ALLOWANCE
fiber_007,73,B0|B3|B6,0.57053352605413388,0.5501359039386754,0.02039762211545848,0,0,8,8,1e-10,SPLIT_BEYOND_ALLOWANCE,False,,,,SPLIT_BEYOND_ALLOWANCE
fiber_007,74,B1|B3|B6,0.59687449516619651,0.59162757766369589,0.0052469175025006143,0,0,8,8,1e-10,SPLIT_BEYOND_ALLOWANCE,False,,,,SPLIT_BEYOND_ALLOWANCE
fiber_007,75,B0|B1|B3|B6,0.82150385618589994,0.79947475459403539,0.022029101591864553,0,0,16,16,1e-10,SPLIT_BEYOND_ALLOWANCE,False,,,,SPLIT_BEYOND_ALLOWANCE
fiber_007,76,B2|B3|B6,0.46488646420924995,0.44824444452298395,0.016642019686265996,0,0,8,8,1e-10,SPLIT_BEYOND_ALLOWANCE,False,,,,SPLIT_BEYOND_ALLOWANCE
fiber_007,77,B0|B2|B3|B6,0.72038239358704625,0.70380932682238062,0.016573066764665634,0,0,16,16,1e-10,SPLIT_BEYOND_ALLOWANCE,False,,,,SPLIT_BEYOND_ALLOWANCE
fiber_007,78,B1|B2|B3|B6,0.63319480552537233,0.63964575102523669,0.0064509454998643578,0,0,16,16,1e-10,SPLIT_BEYOND_ALLOWANCE,False,,,,SPLIT_BEYOND_ALLOWANCE
fiber_007,79,B0|B1|B2|B3|B6,0.78997091358308913,0.78491377214817715,0.0050571414349119825,0,0,8,8,1e-10,SPLIT_BEYOND_ALLOWANCE,False,,,,SPLIT_BEYOND_ALLOWANCE
fiber_007,80,B4|B6,0.71389859002227718,0.69008099249541399,0.023817597526863188,0,0,4,4,1e-10,SPLIT_BEYOND_ALLOWANCE,False,,,,SPLIT_BEYOND_ALLOWANCE
fiber_007,81,B0|B4|B6,0.67825714562318584,0.67581675503943317,0.0024403905837526718,0,0,8,8,1e-10,SPLIT_BEYOND_ALLOWANCE,False,,,,SPLIT_BEYOND_ALLOWANCE
fiber_007,82,B1|B4|B6,0.88539102945882708,0.86727474698285356,0.018116282475973522,0,0,8,8,1e-10,SPLIT_BEYOND_ALLOWANCE,False,,,,SPLIT_BEYOND_ALLOWANCE
fiber_007,83,B0|B1|B4|B6,0.73621004132288392,0.72057538304477087,0.015634658278113056,0,0,16,16,1e-10,SPLIT_BEYOND_ALLOWANCE,False,,,,SPLIT_BEYOND_ALLOWANCE
fiber_007,84,B2|B4|B6,0.79223421915433379,0.77337289666493458,0.018861322489399202,0,0,8,8,1e-10,SPLIT_BEYOND_ALLOWANCE,False,,,,SPLIT_BEYOND_ALLOWANCE
fiber_007,85,B0|B2|B4|B6,0.64884233840557093,0.65159238167029065,0.0027500432647197259,1.2586861853659804e-32,7.8034997405053547e-33,4,4,1e-10,SPLIT_BEYOND_ALLOWANCE,False,,,,SPLIT_BEYOND_ALLOWANCE
fiber_007,86,B1|B2|B4|B6,0.79893696123036728,0.80019538011363434,0.001258418883267054,0,0,16,16,1e-10,SPLIT_BEYOND_ALLOWANCE,False,,,,SPLIT_BEYOND_ALLOWANCE
fiber_007,87,B0|B1|B2|B4|B6,0.57060521893646787,0.5819174696609335,0.011312250724465622,0,0,8,8,1e-10,SPLIT_BEYOND_ALLOWANCE,False,,,,SPLIT_BEYOND_ALLOWANCE
fiber_007,88,B3|B4|B6,0.72916269751090101,0.70492665672880228,0.024236040782098733,0,0,8,8,1e-10,SPLIT_BEYOND_ALLOWANCE,False,,,,SPLIT_BEYOND_ALLOWANCE
fiber_007,89,B0|B3|B4|B6,0.68942175996356203,0.68624520002555445,0.0031765599380075837,0,0,16,16,1e-10,SPLIT_BEYOND_ALLOWANCE,False,,,,SPLIT_BEYOND_ALLOWANCE
fiber_007,90,B1|B3|B4|B6,0.89407399732022186,0.87508707123365204,0.018986926086569822,0,0,16,16,1e-10,SPLIT_BEYOND_ALLOWANCE,False,,,,SPLIT_BEYOND_ALLOWANCE
fiber_007,91,B0|B1|B3|B4|B6,0.74105544703703319,0.72478555553883284,0.016269891498200351,0,0,8,8,1e-10,SPLIT_BEYOND_ALLOWANCE,False,,,,SPLIT_BEYOND_ALLOWANCE
fiber_007,92,B2|B3|B4|B6,0.8016433964902081,0.78269802785322073,0.01894536863698737,0,0,16,16,1e-10,SPLIT_BEYOND_ALLOWANCE,False,,,,SPLIT_BEYOND_ALLOWANCE
fiber_007,93,B0|B2|B3|B4|B6,0.65618296995162639,0.65871090961997714,0.0025279396683507427,0,0,8,8,1e-10,SPLIT_BEYOND_ALLOWANCE,False,,,,SPLIT_BEYOND_ALLOWANCE
fiber_007,94,B1|B2|B3|B4|B6,0.80198619212387756,0.80295237616754234,0.00096618404366477506,0,0,8,8,1e-10,SPLIT_BEYOND_ALLOWANCE,False,,,,SPLIT_BEYOND_ALLOWANCE
fiber_007,95,B0|B1|B2|B3|B4|B6,0.5719922107094304,0.58293924678857878,0.010947036079148376,0,0,4,4,1e-10,SPLIT_BEYOND_ALLOWANCE,False,,,,SPLIT_BEYOND_ALLOWANCE
fiber_007,96,B5|B6,0.61879367828960352,0.61675663049713747,0.0020370477924660513,0,0,4,4,1e-10,SPLIT_BEYOND_ALLOWANCE,False,,,,SPLIT_BEYOND_ALLOWANCE
fiber_007,97,B0|B5|B6,0.85062301205635737,0.83820596217733068,0.012417049879026698,0,0,8,8,1e-10,SPLIT_BEYOND_ALLOWANCE,False,,,,SPLIT_BEYOND_ALLOWANCE
fiber_007,98,B1|B5|B6,0.74762450090574428,0.74127402271259668,0.0063504781931476018,0,0,8,8,1e-10,SPLIT_BEYOND_ALLOWANCE,False,,,,SPLIT_BEYOND_ALLOWANCE
fiber_007,99,B0|B1|B5|B6,0.89252691133153039,0.86422972604954085,0.028297185281989545,0,0,16,16,1e-10,SPLIT_BEYOND_ALLOWANCE,False,,,,SPLIT_BEYOND_ALLOWANCE
fiber_007,100,B2|B5|B6,0.66476559064657037,0.6608016273910936,0.0039639632554767656,0,0,8,8,1e-10,SPLIT_BEYOND_ALLOWANCE,False,,,,SPLIT_BEYOND_ALLOWANCE
fiber_007,101,B0|B2|B5|B6,0.83635231149259104,0.827712200743697,0.0086401107488940365,0,0,16,16,1e-10,SPLIT_BEYOND_ALLOWANCE,False,,,,SPLIT_BEYOND_ALLOWANCE
fiber_007,102,B1|B2|B5|B6,0.65425663403485168,0.66327558714981061,0.0090189531149589275,0,0,16,16,1e-10,SPLIT_BEYOND_ALLOWANCE,False,,,,SPLIT_BEYOND_ALLOWANCE
fiber_007,103,B0|B1|B2|B5|B6,0.7046561614333241,0.69668290229209162,0.0079732591412324805,0,0,8,8,1e-10,SPLIT_BEYOND_ALLOWANCE,False,,,,SPLIT_BEYOND_ALLOWANCE
fiber_007,104,B3|B5|B6,0.62844797458807256,0.62554423085759869,0.0029037437304738623,0,0,8,8,1e-10,SPLIT_BEYOND_ALLOWANCE,False,,,,SPLIT_BEYOND_ALLOWANCE
fiber_007,105,B0|B3|B5|B6,0.85840798348256053,0.84491059900941068,0.013497384473149854,0,0,16,16,1e-10,SPLIT_BEYOND_ALLOWANCE,False,,,,SPLIT_BEYOND_ALLOWANCE
fiber_007,106,B1|B3|B5|B6,0.75194527609326878,0.74452849139079558,0.0074167847024732003,0,0,16,16,1e-10,SPLIT_BEYOND_ALLOWANCE,False,,,,SPLIT_BEYOND_ALLOWANCE
fiber_007,107,B0|B1|B3|B5|B6,0.89404306749742313,0.86441984609220324,0.029623221405219891,0,0,8,8,1e-10,SPLIT_BEYOND_ALLOWANCE,False,,,,SPLIT_BEYOND_ALLOWANCE
fiber_007,108,B2|B3|B5|B6,0.67082440666354526,0.66630840136089908,0.0045160053026461755,0,0,16,16,1e-10,SPLIT_BEYOND_ALLOWANCE,False,,,,SPLIT_BEYOND_ALLOWANCE
fiber_007,109,B0|B2|B3|B5|B6,0.83911875220778909,0.8297946088794419,0.0093241433283471897,0,0,8,8,1e-10,SPLIT_BEYOND_ALLOWANCE,False,,,,SPLIT_BEYOND_ALLOWANCE
fiber_007,110,B1|B2|B3|B5|B6,0.65530090271684882,0.66353027597076475,0.0082293732539159281,0,0,8,8,1e-10,SPLIT_BEYOND_ALLOWANCE,False,,,,SPLIT_BEYOND_ALLOWANCE
fiber_007,111,B0|B1|B2|B3|B5|B6,0.70225058319580103,0.69318161529153055,0.0090689679042704752,0,0,4,4,1e-10,SPLIT_BEYOND_ALLOWANCE,False,,,,SPLIT_BEYOND_ALLOWANCE
fiber_007,112,B4|B5|B6,0.86970175152222085,0.85306070752904883,0.016641043993172011,0,0,8,8,1e-10,SPLIT_BEYOND_ALLOWANCE,False,,,,SPLIT_BEYOND_ALLOWANCE
fiber_007,113,B0|B4|B5|B6,0.72153191696249941,0.71878867153624659,0.0027432454262528161,0,0,16,16,1e-10,SPLIT_BEYOND_ALLOWANCE,False,,,,SPLIT_BEYOND_ALLOWANCE
fiber_007,114,B1|B4|B5|B6,0.83599752150564077,0.81147952794742251,0.024517993558218265,0,0,16,16,1e-10,SPLIT_BEYOND_ALLOWANCE,False,,,,SPLIT_BEYOND_ALLOWANCE
fiber_007,115,B0|B1|B4|B5|B6,0.59028578913796581,0.56565179524927678,0.024633993888689032,0,0,8,8,1e-10,SPLIT_BEYOND_ALLOWANCE,False,,,,SPLIT_BEYOND_ALLOWANCE
fiber_007,116,B2|B4|B5|B6,0.80207508054675758,0.79079631655377181,0.011278763992985774,0,0,16,16,1e-10,SPLIT_BEYOND_ALLOWANCE,False,,,,SPLIT_BEYOND_ALLOWANCE
fiber_007,117,B0|B2|B4|B5|B6,0.58815731970594742,0.59393716110855488,0.0057798414026074552,0,0,8,8,1e-10,SPLIT_BEYOND_ALLOWANCE,False,,,,SPLIT_BEYOND_ALLOWANCE
fiber_007,118,B1|B2|B4|B5|B6,0.593441036980901,0.59222521989062271,0.0012158170902782928,0,0,8,8,1e-10,SPLIT_BEYOND_ALLOWANCE,False,,,,SPLIT_BEYOND_ALLOWANCE
fiber_007,119,B0|B1|B2|B4|B5|B6,0.30035355984270806,0.30544105496428836,0.0050874951215802988,0,0,4,4,1e-10,SPLIT_BEYOND_ALLOWANCE,False,,,,SPLIT_BEYOND_ALLOWANCE
fiber_007,120,B3|B4|B5|B6,0.87481961145268805,0.85692822795991608,0.017891383492771973,0,0,16,16,1e-10,SPLIT_BEYOND_ALLOWANCE,False,,,,SPLIT_BEYOND_ALLOWANCE
fiber_007,121,B0|B3|B4|B5|B6,0.72358264690745711,0.71938111793355786,0.004201528973899249,0,0,8,8,1e-10,SPLIT_BEYOND_ALLOWANCE,False,,,,SPLIT_BEYOND_ALLOWANCE
fiber_007,122,B1|B3|B4|B5|B6,0.83412680249361648,0.80820585869377204,0.025920943799844443,0,0,8,8,1e-10,SPLIT_BEYOND_ALLOWANCE,False,,,,SPLIT_BEYOND_ALLOWANCE
fiber_007,123,B0|B1|B3|B4|B5|B6,0.58682820603912833,0.56074757498007033,0.026080631059058001,0,0,4,4,1e-10,SPLIT_BEYOND_ALLOWANCE,False,,,,SPLIT_BEYOND_ALLOWANCE
fiber_007,124,B2|B3|B4|B5|B6,0.80213640246609197,0.79002035791999636,0.012116044546095606,0,0,8,8,1e-10,SPLIT_BEYOND_ALLOWANCE,False,,,,SPLIT_BEYOND_ALLOWANCE
fiber_007,125,B0|B2|B3|B4|B5|B6,0.58631503613841207,0.59104930581703197,0.0047342696786198957,0,0,4,4,1e-10,SPLIT_BEYOND_ALLOWANCE,False,,,,SPLIT_BEYOND_ALLOWANCE
fiber_007,126,B1|B2|B3|B4|B5|B6,0.58717603765846205,0.58469372225195737,0.002482315406504676,0,0,4,4,1e-10,SPLIT_BEYOND_ALLOWANCE,False,,,,SPLIT_BEYOND_ALLOWANCE
fiber_007,127,B0|B1|B2|B3|B4|B5|B6,0.29268352808605447,0.29644001490314603,0.0037564868170915644,0,0,2,2,1e-10,SPLIT_BEYOND_ALLOWANCE,False,,,,SPLIT_BEYOND_ALLOWANCE
fiber_007,128,B7,0.29268352808605413,0.29644001490314603,0.0037564868170918975,0,0,2,2,1e-10,SPLIT_BEYOND_ALLOWANCE,False,,,,SPLIT_BEYOND_ALLOWANCE
fiber_007,129,B0|B7,0.58717603765846238,0.58469372225195748,0.002482315406504898,0,0,4,4,1e-10,SPLIT_BEYOND_ALLOWANCE,False,,,,SPLIT_BEYOND_ALLOWANCE
fiber_007,130,B1|B7,0.58631503613841207,0.59104930581703174,0.0047342696786196736,0,0,4,4,1e-10,SPLIT_BEYOND_ALLOWANCE,False,,,,SPLIT_BEYOND_ALLOWANCE
fiber_007,131,B0|B1|B7,0.80213640246609186,0.79002035791999647,0.012116044546095384,0,0,8,8,1e-10,SPLIT_BEYOND_ALLOWANCE,False,,,,SPLIT_BEYOND_ALLOWANCE
fiber_007,132,B2|B7,0.58682820603912844,0.56074757498007033,0.026080631059058113,0,0,4,4,1e-10,SPLIT_BEYOND_ALLOWANCE,False,,,,SPLIT_BEYOND_ALLOWANCE
fiber_007,133,B0|B2|B7,0.83412680249361637,0.80820585869377159,0.025920943799844776,0,0,8,8,1e-10,SPLIT_BEYOND_ALLOWANCE,False,,,,SPLIT_BEYOND_ALLOWANCE
fiber_007,134,B1|B2|B7,0.72358264690745744,0.71938111793355786,0.004201528973899582,0,0,8,8,1e-10,SPLIT_BEYOND_ALLOWANCE,False,,,,SPLIT_BEYOND_ALLOWANCE
fiber_007,135,B0|B1|B2|B7,0.87481961145268827,0.85692822795991563,0.017891383492772639,0,0,16,16,1e-10,SPLIT_BEYOND_ALLOWANCE,False,,,,SPLIT_BEYOND_ALLOWANCE
fiber_007,136,B3|B7,0.30035355984270801,0.30544105496428819,0.0050874951215801878,0,0,4,4,1e-10,SPLIT_BEYOND_ALLOWANCE,False,,,,SPLIT_BEYOND_ALLOWANCE
fiber_007,137,B0|B3|B7,0.59344103698090089,0.59222521989062249,0.0012158170902784038,0,0,8,8,1e-10,SPLIT_BEYOND_ALLOWANCE,False,,,,SPLIT_BEYOND_ALLOWANCE
fiber_007,138,B1|B3|B7,0.58815731970594676,0.59393716110855466,0.0057798414026078992,0,0,8,8,1e-10,SPLIT_BEYOND_ALLOWANCE,False,,,,SPLIT_BEYOND_ALLOWANCE
fiber_007,139,B0|B1|B3|B7,0.80207508054675736,0.79079631655377169,0.011278763992985663,0,0,16,16,1e-10,SPLIT_BEYOND_ALLOWANCE,False,,,,SPLIT_BEYOND_ALLOWANCE
fiber_007,140,B2|B3|B7,0.59028578913796581,0.56565179524927689,0.024633993888688921,0,0,8,8,1e-10,SPLIT_BEYOND_ALLOWANCE,False,,,,SPLIT_BEYOND_ALLOWANCE
fiber_007,141,B0|B2|B3|B7,0.83599752150564099,0.81147952794742251,0.024517993558218487,0,0,16,16,1e-10,SPLIT_BEYOND_ALLOWANCE,False,,,,SPLIT_BEYOND_ALLOWANCE
fiber_007,142,B1|B2|B3|B7,0.72153191696249919,0.71878867153624659,0.002743245426252594,0,0,16,16,1e-10,SPLIT_BEYOND_ALLOWANCE,False,,,,SPLIT_BEYOND_ALLOWANCE
fiber_007,143,B0|B1|B2|B3|B7,0.86970175152222018,0.85306070752904839,0.016641043993171789,0,0,8,8,1e-10,SPLIT_BEYOND_ALLOWANCE,False,,,,SPLIT_BEYOND_ALLOWANCE
fiber_007,144,B4|B7,0.70225058319580103,0.69318161529153055,0.0090689679042704752,0,0,4,4,1e-10,SPLIT_BEYOND_ALLOWANCE,False,,,,SPLIT_BEYOND_ALLOWANCE
fiber_007,145,B0|B4|B7,0.65530090271684849,0.66353027597076497,0.0082293732539164832,0,0,8,8,1e-10,SPLIT_BEYOND_ALLOWANCE,False,,,,SPLIT_BEYOND_ALLOWANCE
fiber_007,146,B1|B4|B7,0.83911875220778875,0.82979460887944245,0.0093241433283463016,0,0,8,8,1e-10,SPLIT_BEYOND_ALLOWANCE,False,,,,SPLIT_BEYOND_ALLOWANCE
fiber_007,147,B0|B1|B4|B7,0.67082440666354515,0.66630840136089931,0.0045160053026458424,0,0,16,16,1e-10,SPLIT_BEYOND_ALLOWANCE,False,,,,SPLIT_BEYOND_ALLOWANCE
fiber_007,148,B2|B4|B7,0.89404306749742379,0.86441984609220301,0.029623221405220779,0,0,8,8,1e-10,SPLIT_BEYOND_ALLOWANCE,False,,,,SPLIT_BEYOND_ALLOWANCE
fiber_007,149,B0|B2|B4|B7,0.75194527609326844,0.74452849139079558,0.0074167847024728673,0,0,16,16,1e-10,SPLIT_BEYOND_ALLOWANCE,False,,,,SPLIT_BEYOND_ALLOWANCE
fiber_007,150,B1|B2|B4|B7,0.85840798348256031,0.84491059900941023,0.013497384473150076,0,0,16,16,1e-10,SPLIT_BEYOND_ALLOWANCE,False,,,,SPLIT_BEYOND_ALLOWANCE
fiber_007,151,B0|B1|B2|B4|B7,0.62844797458807233,0.62554423085759892,0.0029037437304734182,0,0,8,8,1e-10,SPLIT_BEYOND_ALLOWANCE,False,,,,SPLIT_BEYOND_ALLOWANCE
fiber_007,152,B3|B4|B7,0.70465616143332399,0.69668290229209151,0.0079732591412324805,0,0,8,8,1e-10,SPLIT_BEYOND_ALLOWANCE,False,,,,SPLIT_BEYOND_ALLOWANCE
fiber_007,153,B0|B3|B4|B7,0.65425663403485168,0.66327558714981061,0.0090189531149589275,0,0,16,16,1e-10,SPLIT_BEYOND_ALLOWANCE,False,,,,SPLIT_BEYOND_ALLOWANCE
fiber_007,154,B1|B3|B4|B7,0.83635231149259071,0.82771220074369745,0.0086401107488932594,0,0,16,16,1e-10,SPLIT_BEYOND_ALLOWANCE,False,,,,SPLIT_BEYOND_ALLOWANCE
fiber_007,155,B0|B1|B3|B4|B7,0.66476559064657037,0.6608016273910936,0.0039639632554767656,0,0,8,8,1e-10,SPLIT_BEYOND_ALLOWANCE,False,,,,SPLIT_BEYOND_ALLOWANCE
fiber_007,156,B2|B3|B4|B7,0.89252691133153061,0.86422972604954074,0.028297185281989878,0,0,16,16,1e-10,SPLIT_BEYOND_ALLOWANCE,False,,,,SPLIT_BEYOND_ALLOWANCE
fiber_007,157,B0|B2|B3|B4|B7,0.74762450090574428,0.74127402271259679,0.0063504781931474907,0,0,8,8,1e-10,SPLIT_BEYOND_ALLOWANCE,False,,,,SPLIT_BEYOND_ALLOWANCE
fiber_007,158,B1|B2|B3|B4|B7,0.8506230120563576,0.83820596217733057,0.012417049879027031,0,0,8,8,1e-10,SPLIT_BEYOND_ALLOWANCE,False,,,,SPLIT_BEYOND_ALLOWANCE
fiber_007,159,B0|B1|B2|B3|B4|B7,0.61879367828960341,0.61675663049713769,0.0020370477924657182,0,0,4,4,1e-10,SPLIT_BEYOND_ALLOWANCE,False,,,,SPLIT_BEYOND_ALLOWANCE
fiber_007,160,B5|B7,0.5719922107094304,0.58293924678857889,0.010947036079148487,0,0,4,4,1e-10,SPLIT_BEYOND_ALLOWANCE,False,,,,SPLIT_BEYOND_ALLOWANCE
fiber_007,161,B0|B5|B7,0.80198619212387801,0.80295237616754245,0.00096618404366444199,0,0,8,8,1e-10,SPLIT_BEYOND_ALLOWANCE,False,,,,SPLIT_BEYOND_ALLOWANCE
fiber_007,162,B1|B5|B7,0.6561829699516265,0.6587109096199768,0.0025279396683502986,0,0,8,8,1e-10,SPLIT_BEYOND_ALLOWANCE,False,,,,SPLIT_BEYOND_ALLOWANCE
fiber_007,163,B0|B1|B5|B7,0.80164339649020799,0.78269802785322062,0.01894536863698737,0,0,16,16,1e-10,SPLIT_BEYOND_ALLOWANCE,False,,,,SPLIT_BEYOND_ALLOWANCE
fiber_007,164,B2|B5|B7,0.74105544703703363,0.72478555553883284,0.016269891498200795,0,0,8,8,1e-10,SPLIT_BEYOND_ALLOWANCE,False,,,,SPLIT_BEYOND_ALLOWANCE
fiber_007,165,B0|B2|B5|B7,0.89407399732022153,0.87508707123365226,0.018986926086569267,0,0,16,16,1e-10,SPLIT_BEYOND_ALLOWANCE,False,,,,SPLIT_BEYOND_ALLOWANCE
fiber_007,166,B1|B2|B5|B7,0.6894217599635617,0.68624520002555534,0.0031765599380063625,0,0,16,16,1e-10,SPLIT_BEYOND_ALLOWANCE,False,,,,SPLIT_BEYOND_ALLOWANCE
fiber_007,167,B0|B1|B2|B5|B7,0.72916269751090079,0.70492665672880217,0.024236040782098622,0,0,8,8,1e-10,SPLIT_BEYOND_ALLOWANCE,False,,,,SPLIT_BEYOND_ALLOWANCE
fiber_007,168,B3|B5|B7,0.57060521893646765,0.58191746966093316,0.011312250724465511,0,0,8,8,1e-10,SPLIT_BEYOND_ALLOWANCE,False,,,,SPLIT_BEYOND_ALLOWANCE
fiber_007,169,B0|B3|B5|B7,0.79893696123036717,0.80019538011363478,0.0012584188832676091,0,0,16,16,1e-10,SPLIT_BEYOND_ALLOWANCE,False,,,,SPLIT_BEYOND_ALLOWANCE
fiber_007,170,B1|B3|B5|B7,0.64884233840557037,0.65159238167029065,0.002750043264720281,1.2435015069806741e-32,8.1806733576039924e-33,4,4,1e-10,SPLIT_BEYOND_ALLOWANCE,False,,,,SPLIT_BEYOND_ALLOWANCE
fiber_007,171,B0|B1|B3|B5|B7,0.79223421915433356,0.77337289666493469,0.018861322489398868,0,0,8,8,1e-10,SPLIT_BEYOND_ALLOWANCE,False,,,,SPLIT_BEYOND_ALLOWANCE
fiber_007,172,B2|B3|B5|B7,0.73621004132288426,0.72057538304477109,0.015634658278113167,0,0,16,16,1e-10,SPLIT_BEYOND_ALLOWANCE,False,,,,SPLIT_BEYOND_ALLOWANCE
fiber_007,173,B0|B2|B3|B5|B7,0.88539102945882731,0.86727474698285367,0.018116282475973633,0,0,8,8,1e-10,SPLIT_BEYOND_ALLOWANCE,False,,,,SPLIT_BEYOND_ALLOWANCE
fiber_007,174,B1|B2|B3|B5|B7,0.6782571456231854,0.67581675503943328,0.0024403905837521167,0,0,8,8,1e-10,SPLIT_BEYOND_ALLOWANCE,False,,,,SPLIT_BEYOND_ALLOWANCE
fiber_007,175,B0|B1|B2|B3|B5|B7,0.71389859002227718,0.69008099249541399,0.023817597526863188,0,0,4,4,1e-10,SPLIT_BEYOND_ALLOWANCE,False,,,,SPLIT_BEYOND_ALLOWANCE
fiber_007,176,B4|B5|B7,0.78997091358308913,0.78491377214817692,0.0050571414349122046,0,0,8,8,1e-10,SPLIT_BEYOND_ALLOWANCE,False,,,,SPLIT_BEYOND_ALLOWANCE
fiber_007,177,B0|B4|B5|B7,0.63319480552537233,0.63964575102523658,0.0064509454998642468,0,0,16,16,1e-10,SPLIT_BEYOND_ALLOWANCE,False,,,,SPLIT_BEYOND_ALLOWANCE
fiber_007,178,B1|B4|B5|B7,0.72038239358704581,0.70380932682238029,0.016573066764665523,0,0,16,16,1e-10,SPLIT_BEYOND_ALLOWANCE,False,,,,SPLIT_BEYOND_ALLOWANCE
fiber_007,179,B0|B1|B4|B5|B7,0.46488646420925001,0.44824444452298418,0.01664201968626583,0,0,8,8,1e-10,SPLIT_BEYOND_ALLOWANCE,False,,,,SPLIT_BEYOND_ALLOWANCE
fiber_007,180,B2|B4|B5|B7,0.82150385618590005,0.79947475459403572,0.022029101591864331,0,0,16,16,1e-10,SPLIT_BEYOND_ALLOWANCE,False,,,,SPLIT_BEYOND_ALLOWANCE
fiber_007,181,B0|B2|B4|B5|B7,0.59687449516619651,0.59162757766369611,0.0052469175025003922,0,0,8,8,1e-10,SPLIT_BEYOND_ALLOWANCE,False,,,,SPLIT_BEYOND_ALLOWANCE
fiber_007,182,B1|B2|B4|B5|B7,0.57053352605413366,0.55013590393867517,0.02039762211545848,0,0,8,8,1e-10,SPLIT_BEYOND_ALLOWANCE,False,,,,SPLIT_BEYOND_ALLOWANCE
fiber_007,183,B0|B1|B2|B4|B5|B7,0.26719422166272105,0.25236360169727667,0.01483061996544438,0,0,4,4,1e-10,SPLIT_BEYOND_ALLOWANCE,False,,,,SPLIT_BEYOND_ALLOWANCE
fiber_007,184,B3|B4|B5|B7,0.78416079674903605,0.77919092174209792,0.0049698750069381292,0,0,16,16,1e-10,SPLIT_BEYOND_ALLOWANCE,False,,,,SPLIT_BEYOND_ALLOWANCE
fiber_007,185,B0|B3|B4|B5|B7,0.62453487743868119,0.63094498754926498,0.0064101101105837888,0,0,8,8,1e-10,SPLIT_BEYOND_ALLOWANCE,False,,,,SPLIT_BEYOND_ALLOWANCE
fiber_007,186,B1|B3|B4|B5|B7,0.70856524952462674,0.6919411962633033,0.016624053261323435,0,0,8,8,1e-10,SPLIT_BEYOND_ALLOWANCE,False,,,,SPLIT_BEYOND_ALLOWANCE
fiber_007,187,B0|B1|B3|B4|B5|B7,0.45156503609959137,0.4348090918357973,0.016755944263794065,0,0,4,4,1e-10,SPLIT_BEYOND_ALLOWANCE,False,,,,SPLIT_BEYOND_ALLOWANCE
fiber_007,188,B2|B3|B4|B5|B7,0.80809494612405464,0.7869898639894114,0.021105082134643238,0,0,8,8,1e-10,SPLIT_BEYOND_ALLOWANCE,False,,,,SPLIT_BEYOND_ALLOWANCE
fiber_007,189,B0|B2|B3|B4|B5|B7,0.58145972337141261,0.57691698003642955,0.004542743334983057,0,0,4,4,1e-10,SPLIT_BEYOND_ALLOWANCE,False,,,,SPLIT_BEYOND_ALLOWANCE
fiber_007,190,B1|B2|B3|B4|B5|B7,0.55089665574531888,0.530559074378402,0.020337581366916879,0,0,4,4,1e-10,SPLIT_BEYOND_ALLOWANCE,False,,,,SPLIT_BEYOND_ALLOWANCE
fiber_007,191,B0|B1|B2|B3|B4|B5|B7,0.24629587229028171,0.23141269237087464,0.014883179919407075,0,0,2,2,1e-10,SPLIT_BEYOND_ALLOWANCE,False,,,,SPLIT_BEYOND_ALLOWANCE
fiber_007,192,B6|B7,0.47767866155374544,0.46629967950902634,0.011378982044719099,0,0,4,4,1e-10,SPLIT_BEYOND_ALLOWANCE,False,,,,SPLIT_BEYOND_ALLOWANCE
fiber_007,193,B0|B6|B7,0.75254234430443534,0.73608614600830291,0.016456198296132429,0,0,8,8,1e-10,SPLIT_BEYOND_ALLOWANCE,False,,,,SPLIT_BEYOND_ALLOWANCE
fiber_007,194,B1|B6|B7,0.6982955147340324,0.69442586282276697,0.003869651911265426,0,0,8,8,1e-10,SPLIT_BEYOND_ALLOWANCE,False,,,,SPLIT_BEYOND_ALLOWANCE
fiber_007,195,B0|B1|B6|B7,0.8850791543353409,0.86206138528432141,0.023017769051019488,0,0,16,16,1e-10,SPLIT_BEYOND_ALLOWANCE,False,,,,SPLIT_BEYOND_ALLOWANCE
fiber_007,196,B2|B6|B7,0.5845178793480903,0.57631548678025124,0.0082023925678390563,0,0,8,8,1e-10,SPLIT_BEYOND_ALLOWANCE,False,,,,SPLIT_BEYOND_ALLOWANCE
fiber_007,197,B0|B2|B6|B7,0.81145933981057006,0.80349954237558452,0.0079597974349855383,0,0,16,16,1e-10,SPLIT_BEYOND_ALLOWANCE,False,,,,SPLIT_BEYOND_ALLOWANCE
fiber_007,198,B1|B2|B6|B7,0.66040500957147497,0.67618570068586781,0.015780691114392842,0,0,16,16,1e-10,SPLIT_BEYOND_ALLOWANCE,False,,,,SPLIT_BEYOND_ALLOWANCE
fiber_007,199,B0|B1|B2|B6|B7,0.77305931235168501,0.77604489261325327,0.0029855802615682547,0,0,8,8,1e-10,SPLIT_BEYOND_ALLOWANCE,False,,,,SPLIT_BEYOND_ALLOWANCE
fiber_007,200,B3|B6|B7,0.48311184137735985,0.47296084094073498,0.010151000436624869,0,0,8,8,1e-10,SPLIT_BEYOND_ALLOWANCE,False,,,,SPLIT_BEYOND_ALLOWANCE
fiber_007,201,B0|B3|B6|B7,0.75649369116425669,0.74123459951882886,0.015259091645427825,0,0,16,16,1e-10,SPLIT_BEYOND_ALLOWANCE,False,,,,SPLIT_BEYOND_ALLOWANCE
fiber_007,202,B1|B3|B6|B7,0.69797706722533592,0.6953346588069792,0.0026424084183567231,0,0,16,16,1e-10,SPLIT_BEYOND_ALLOWANCE,False,,,,SPLIT_BEYOND_ALLOWANCE
fiber_007,203,B0|B1|B3|B6|B7,0.8815511033683231,0.85955420346458022,0.021996899903742873,0,0,8,8,1e-10,SPLIT_BEYOND_ALLOWANCE,False,,,,SPLIT_BEYOND_ALLOWANCE
fiber_007,204,B2|B3|B6|B7,0.58506693720833924,0.57811302828603572,0.00695390892230352,2.0535510514792642e-32,1.4314929467753826e-32,4,4,1e-10,SPLIT_BEYOND_ALLOWANCE,False,,,,SPLIT_BEYOND_ALLOWANCE
fiber_007,205,B0|B2|B3|B6|B7,0.81030578373719453,0.80356328468697458,0.0067424990502199522,0,0,8,8,1e-10,SPLIT_BEYOND_ALLOWANCE,False,,,,SPLIT_BEYOND_ALLOWANCE
fiber_007,206,B1|B2|B3|B6|B7,0.65614465822527179,0.67325834351555514,0.017113685290283343,0,0,8,8,1e-10,SPLIT_BEYOND_ALLOWANCE,False,,,,SPLIT_BEYOND_ALLOWANCE
fiber_007,207,B0|B1|B2|B3|B6|B7,0.76553834162945278,0.76966832714785027,0.0041299855183974943,0,0,4,4,1e-10,SPLIT_BEYOND_ALLOWANCE,False,,,,SPLIT_BEYOND_ALLOWANCE
fiber_007,208,B4|B6|B7,0.84718971448229874,0.82535563431770154,0.021834080164597203,0,0,8,8,1e-10,SPLIT_BEYOND_ALLOWANCE,False,,,,SPLIT_BEYOND_ALLOWANCE
fiber_007,209,B0|B4|B6|B7,0.75413596422433482,0.75024070782295382,0.0038952564013809976,0,0,16,16,1e-10,SPLIT_BEYOND_ALLOWANCE,False,,,,SPLIT_BEYOND_ALLOWANCE
fiber_007,210,B1|B4|B6|B7,0.89993454802292905,0.8807309796002335,0.019203568422695549,0,0,16,16,1e-10,SPLIT_BEYOND_ALLOWANCE,False,,,,SPLIT_BEYOND_ALLOWANCE
fiber_007,211,B0|B1|B4|B6|B7,0.70477976466107206,0.69017179777099702,0.014607966890075041,0,0,8,8,1e-10,SPLIT_BEYOND_ALLOWANCE,False,,,,SPLIT_BEYOND_ALLOWANCE
fiber_007,212,B2|B4|B6|B7,0.84454858242707154,0.8345551116057992,0.0099934708212723322,0,0,16,16,1e-10,SPLIT_BEYOND_ALLOWANCE,False,,,,SPLIT_BEYOND_ALLOWANCE
fiber_007,213,B0|B2|B4|B6|B7,0.66671702581985248,0.67637497238662014,0.0096579465667676612,0,0,8,8,1e-10,SPLIT_BEYOND_ALLOWANCE,False,,,,SPLIT_BEYOND_ALLOWANCE
fiber_007,214,B1|B2|B4|B6|B7,0.73636824763539588,0.74493126384975861,0.0085630162143627286,0,0,8,8,1e-10,SPLIT_BEYOND_ALLOWANCE,False,,,,SPLIT_BEYOND_ALLOWANCE
fiber_007,215,B0|B1|B2|B4|B6|B7,0.48172395098485538,0.50055504405321782,0.018831093068362448,0,0,4,4,1e-10,SPLIT_BEYOND_ALLOWANCE,False,,,,SPLIT_BEYOND_ALLOWANCE
fiber_007,216,B3|B4|B6|B7,0.84733412012390108,0.82656549468773433,0.020768625436166754,0,0,16,16,1e-10,SPLIT_BEYOND_ALLOWANCE,False,,,,SPLIT_BEYOND_ALLOWANCE
fiber_007,217,B0|B3|B4|B6|B7,0.75115834146817928,0.74808706436715355,0.0030712771010257267,0,0,8,8,1e-10,SPLIT_BEYOND_ALLOWANCE,False,,,,SPLIT_BEYOND_ALLOWANCE
fiber_007,218,B1|B3|B4|B6|B7,0.89385206866075029,0.87548903835468095,0.018363030306069339,0,0,8,8,1e-10,SPLIT_BEYOND_ALLOWANCE,False,,,,SPLIT_BEYOND_ALLOWANCE
fiber_007,219,B0|B1|B3|B4|B6|B7,0.69602170273417852,0.68220480807468742,0.013816894659491097,0,0,4,4,1e-10,SPLIT_BEYOND_ALLOWANCE,False,,,,SPLIT_BEYOND_ALLOWANCE
fiber_007,220,B2|B3|B4|B6|B7,0.84020416071074366,0.83140368924178409,0.0088004714689595698,0,0,8,8,1e-10,SPLIT_BEYOND_ALLOWANCE,False,,,,SPLIT_BEYOND_ALLOWANCE
fiber_007,221,B0|B2|B3|B4|B6|B7,0.66058883793795453,0.67133089437873872,0.010742056440784187,0,0,4,4,1e-10,SPLIT_BEYOND_ALLOWANCE,False,,,,SPLIT_BEYOND_ALLOWANCE
fiber_007,222,B1|B2|B3|B4|B6|B7,0.72650841184674597,0.73606520946392506,0.0095567976171790914,0,0,4,4,1e-10,SPLIT_BEYOND_ALLOWANCE,False,,,,SPLIT_BEYOND_ALLOWANCE
fiber_007,223,B0|B1|B2|B3|B4|B6|B7,0.4707579341665355,0.49043370294576799,0.019675768779232494,0,0,2,2,1e-10,SPLIT_BEYOND_ALLOWANCE,False,,,,SPLIT_BEYOND_ALLOWANCE
fiber_007,224,B5|B6|B7,0.69195374822298872,0.68424769938282703,0.0077060488401616833,0,0,8,8,1e-10,SPLIT_BEYOND_ALLOWANCE,False,,,,SPLIT_BEYOND_ALLOWANCE
fiber_007,225,B0|B5|B6|B7,0.88829731047571925,0.87099050441234038,0.017306806063378866,0,0,16,16,1e-10,SPLIT_BEYOND_ALLOWANCE,False,,,,SPLIT_BEYOND_ALLOWANCE
fiber_007,226,B1|B5|B6|B7,0.71045806478348561,0.69989580909259752,0.010562255690888089,0,0,16,16,1e-10,SPLIT_BEYOND_ALLOWANCE,False,,,,SPLIT_BEYOND_ALLOWANCE
fiber_007,227,B0|B1|B5|B6|B7,0.80268563408180005,0.76673609272255938,0.035949541359240667,0,0,8,8,1e-10,SPLIT_BEYOND_ALLOWANCE,False,,,,SPLIT_BEYOND_ALLOWANCE
fiber_007,228,B2|B5|B6|B7,0.67233803798155867,0.67002345691698484,0.0023145810645738285,0,0,16,16,1e-10,SPLIT_BEYOND_ALLOWANCE,False,,,,SPLIT_BEYOND_ALLOWANCE
fiber_007,229,B0|B2|B5|B6|B7,0.79101321535165647,0.78568865028182633,0.005324565069830145,0,0,8,8,1e-10,SPLIT_BEYOND_ALLOWANCE,False,,,,SPLIT_BEYOND_ALLOWANCE
fiber_007,230,B1|B2|B5|B6|B7,0.56187559182030011,0.57337756274999285,0.01150197092969274,0,0,8,8,1e-10,SPLIT_BEYOND_ALLOWANCE,False,,,,SPLIT_BEYOND_ALLOWANCE
fiber_007,231,B0|B1|B2|B5|B6|B7,0.54100906915537172,0.53097197595872925,0.010037093196642477,0,0,4,4,1e-10,SPLIT_BEYOND_ALLOWANCE,False,,,,SPLIT_BEYOND_ALLOWANCE
fiber_007,232,B3|B5|B6|B7,0.68875402022802812,0.68146649576171403,0.0072875244663140881,0,0,16,16,1e-10,SPLIT_BEYOND_ALLOWANCE,False,,,,SPLIT_BEYOND_ALLOWANCE
fiber_007,233,B0|B3|B5|B6|B7,0.88223247098702007,0.86538833259020931,0.016844138396810759,0,0,8,8,1e-10,SPLIT_BEYOND_ALLOWANCE,False,,,,SPLIT_BEYOND_ALLOWANCE
fiber_007,234,B1|B3|B5|B6|B7,0.70116035212788075,0.69098666442053247,0.010173687707348278,0,0,8,8,1e-10,SPLIT_BEYOND_ALLOWANCE,False,,,,SPLIT_BEYOND_ALLOWANCE
fiber_007,235,B0|B1|B3|B5|B6|B7,0.78842646121272875,0.7526676066782928,0.035758854534435947,0,0,4,4,1e-10,SPLIT_BEYOND_ALLOWANCE,False,,,,SPLIT_BEYOND_ALLOWANCE
fiber_007,236,B2|B3|B5|B6|B7,0.66575105343454299,0.66405590847135276,0.0016951449631902316,0,0,8,8,1e-10,SPLIT_BEYOND_ALLOWANCE,False,,,,SPLIT_BEYOND_ALLOWANCE
fiber_007,237,B0|B2|B3|B5|B6|B7,0.77979020006432598,0.77529102870402256,0.0044991713603034222,0,0,4,4,1e-10,SPLIT_BEYOND_ALLOWANCE,False,,,,SPLIT_BEYOND_ALLOWANCE
fiber_007,238,B1|B2|B3|B5|B6|B7,0.54932866682321957,0.56157632682081171,0.012247659997592142,0,0,4,4,1e-10,SPLIT_BEYOND_ALLOWANCE,False,,,,SPLIT_BEYOND_ALLOWANCE
fiber_007,239,B0|B1|B2|B3|B5|B6|B7,0.5221524285485305,0.51234799814468623,0.0098044304038442665,0,0,2,2,1e-10,SPLIT_BEYOND_ALLOWANCE,False,,,,SPLIT_BEYOND_ALLOWANCE
fiber_007,240,B4|B5|B6|B7,0.8513563387108537,0.82963622315934382,0.021720115551509878,0,0,16,16,1e-10,SPLIT_BEYOND_ALLOWANCE,False,,,,SPLIT_BEYOND_ALLOWANCE
fiber_007,241,B0|B4|B5|B6|B7,0.65694596789085657,0.64657160647129774,0.010374361419558831,0,0,8,8,1e-10,SPLIT_BEYOND_ALLOWANCE,False,,,,SPLIT_BEYOND_ALLOWANCE
fiber_007,242,B1|B4|B5|B6|B7,0.68828069426877014,0.65539521054461725,0.032885483724152897,0,0,8,8,1e-10,SPLIT_BEYOND_ALLOWANCE,False,,,,SPLIT_BEYOND_ALLOWANCE
fiber_007,243,B0|B1|B4|B5|B6|B7,0.41207047967271676,0.3789616958205938,0.033108783852122958,0,0,4,4,1e-10,SPLIT_BEYOND_ALLOWANCE,False,,,,SPLIT_BEYOND_ALLOWANCE
fiber_007,244,B2|B4|B5|B6|B7,0.69427081884692166,0.6879926033645829,0.0062782154823387559,0,0,8,8,1e-10,SPLIT_BEYOND_ALLOWANCE,False,,,,SPLIT_BEYOND_ALLOWANCE
fiber_007,245,B0|B2|B4|B5|B6|B7,0.4493351073422564,0.45746952972033994,0.008134422378083539,0,0,4,4,1e-10,SPLIT_BEYOND_ALLOWANCE,False,,,,SPLIT_BEYOND_ALLOWANCE
fiber_007,246,B1|B2|B4|B5|B6|B7,0.35381742753347484,0.34788034087254827,0.0059370866609265716,0,0,4,4,1e-10,SPLIT_BEYOND_ALLOWANCE,False,,,,SPLIT_BEYOND_ALLOWANCE
fiber_007,247,B0|B1|B2|B4|B5|B6|B7,0.027631843926411572,0.028153833627813513,0.00052198970140194048,0,0,2,2,1e-10,SPLIT_BEYOND_ALLOWANCE,False,,,,SPLIT_BEYOND_ALLOWANCE
fiber_007,248,B3|B4|B5|B6|B7,0.84171439542406756,0.8203944474014736,0.02131994802259396,0,0,8,8,1e-10,SPLIT_BEYOND_ALLOWANCE,False,,,,SPLIT_BEYOND_ALLOWANCE
fiber_007,249,B0|B3|B4|B5|B6|B7,0.64470550421563722,0.63451143374643759,0.010194070469199623,0,0,4,4,1e-10,SPLIT_BEYOND_ALLOWANCE,False,,,,SPLIT_BEYOND_ALLOWANCE
fiber_007,250,B1|B3|B4|B5|B6|B7,0.67076489124904282,0.63788673274769336,0.032878158501349453,0,0,4,4,1e-10,SPLIT_BEYOND_ALLOWANCE,False,,,,SPLIT_BEYOND_ALLOWANCE
fiber_007,251,B0|B1|B3|B4|B5|B6|B7,0.39287515196976214,0.35960088489082853,0.033274267078933606,0,0,2,2,1e-10,SPLIT_BEYOND_ALLOWANCE,False,,,,SPLIT_BEYOND_ALLOWANCE
fiber_007,252,B2|B3|B4|B5|B6|B7,0.67758079967664608,0.67244269382635347,0.005138105850292618,0,0,4,4,1e-10,SPLIT_BEYOND_ALLOWANCE,False,,,,SPLIT_BEYOND_ALLOWANCE
fiber_007,253,B0|B2|B3|B4|B5|B6|B7,0.43105932104305245,0.440053002561694,0.0089936815186415497,0,0,2,2,1e-10,SPLIT_BEYOND_ALLOWANCE,False,,,,SPLIT_BEYOND_ALLOWANCE
fiber_007,254,B1|B2|B3|B4|B5|B6|B7,0.32865184579774337,0.32236254596623282,0.0062892998315105531,0,0,2,2,1e-10,SPLIT_BEYOND_ALLOWANCE,False,,,,SPLIT_BEYOND_ALLOWANCE
fiber_007,255,B0|B1|B2|B3|B4|B5|B6|B7,0,0,0,0,0,1,1,1e-10,EQUAL_WITHIN_ALLOWANCE,False,,,,EQUAL_WITHIN_ALLOWANCE
fiber_008,0,EMPTY,0,0,0,0,0,1,1,1e-10,EQUAL_WITHIN_ALLOWANCE,False,,,,EQUAL_WITHIN_ALLOWANCE
fiber_008,1,B0,0.07226757622683426,0.070121959173730916,0.0021456170531033436,0,0,2,2,1e-10,SPLIT_BEYOND_ALLOWANCE,False,,,,SPLIT_BEYOND_ALLOWANCE
fiber_008,2,B1,0.50034114648211692,0.49365733629750375,0.0066838101846131703,0,0,2,2,1e-10,SPLIT_BEYOND_ALLOWANCE,False,,,,SPLIT_BEYOND_ALLOWANCE
fiber_008,3,B0|B1,0.56730314249109304,0.55823991271865181,0.0090632297724412281,0,0,4,4,1e-10,SPLIT_BEYOND_ALLOWANCE,False,,,,SPLIT_BEYOND_ALLOWANCE
fiber_008,4,B2,0.53160700691527718,0.52288977554970928,0.0087172313655679012,0,0,2,2,1e-10,SPLIT_BEYOND_ALLOWANCE,False,,,,SPLIT_BEYOND_ALLOWANCE
fiber_008,5,B0|B2,0.60019157082504204,0.58928229792310072,0.010909272901941325,0,0,4,4,1e-10,SPLIT_BEYOND_ALLOWANCE,False,,,,SPLIT_BEYOND_ALLOWANCE
fiber_008,6,B1|B2,0.32489642565995058,0.35635965699409655,0.031463231334145969,0,0,4,4,1e-10,SPLIT_BEYOND_ALLOWANCE,False,,,,SPLIT_BEYOND_ALLOWANCE
fiber_008,7,B0|B1|B2,0.38048336626839396,0.4103849679005549,0.029901601632160935,0,0,8,8,1e-10,SPLIT_BEYOND_ALLOWANCE,False,,,,SPLIT_BEYOND_ALLOWANCE
fiber_008,8,B3,0.17305129020353896,0.18385497463699496,0.010803684433456001,0,0,2,2,1e-10,SPLIT_BEYOND_ALLOWANCE,False,,,,SPLIT_BEYOND_ALLOWANCE
fiber_008,9,B0|B3,0.24347864574646683,0.25193056651324519,0.0084519207667783647,0,0,4,4,1e-10,SPLIT_BEYOND_ALLOWANCE,False,,,,SPLIT_BEYOND_ALLOWANCE
fiber_008,10,B1|B3,0.59374508714172236,0.59767978304633551,0.0039346959046131502,0,0,4,4,1e-10,SPLIT_BEYOND_ALLOWANCE,False,,,,SPLIT_BEYOND_ALLOWANCE
fiber_008,11,B0|B1|B3,0.65058927117940246,0.6517940391014917,0.0012047679220892338,0,0,8,8,1e-10,SPLIT_BEYOND_ALLOWANCE,False,,,,SPLIT_BEYOND_ALLOWANCE
fiber_008,12,B2|B3,0.56177819200162804,0.5562860515625403,0.0054921404390877449,0,0,4,4,1e-10,SPLIT_BEYOND_ALLOWANCE,False,,,,SPLIT_BEYOND_ALLOWANCE
fiber_008,13,B0|B2|B3,0.61942276781393113,0.61091191861755012,0.0085108491963810096,0,0,8,8,1e-10,SPLIT_BEYOND_ALLOWANCE,False,,,,SPLIT_BEYOND_ALLOWANCE
fiber_008,14,B1|B2|B3,0.23456236337410127,0.26167769295898741,0.027115329584886133,1.3200684555383484e-32,5.358857874569191e-33,4,4,1e-10,SPLIT_BEYOND_ALLOWANCE,False,,,,SPLIT_BEYOND_ALLOWANCE
fiber_008,15,B0|B1|B2|B3,0.27494122627771461,0.29928215295475258,0.024340926677037966,0,0,4,4,1e-10,SPLIT_BEYOND_ALLOWANCE,False,,,,SPLIT_BEYOND_ALLOWANCE
fiber_008,16,B4,0.17260455254429902,0.18902089388433388,0.016416341340034862,0,0,2,2,1e-10,SPLIT_BEYOND_ALLOWANCE,False,,,,SPLIT_BEYOND_ALLOWANCE
fiber_008,17,B0|B4,0.2270277009042288,0.24475442024561536,0.01772671934138656,0,0,4,4,1e-10,SPLIT_BEYOND_ALLOWANCE,False,,,,SPLIT_BEYOND_ALLOWANCE
fiber_008,18,B1|B4,0.55353112429589868,0.54183558760327244,0.011695536692626241,0,0,4,4,1e-10,SPLIT_BEYOND_ALLOWANCE,False,,,,SPLIT_BEYOND_ALLOWANCE
fiber_008,19,B0|B1|B4,0.59919072151663366,0.58935431904284519,0.0098364024737884748,0,0,8,8,1e-10,SPLIT_BEYOND_ALLOWANCE,False,,,,SPLIT_BEYOND_ALLOWANCE
fiber_008,20,B2|B4,0.60393842537448938,0.60406984602603164,0.00013142065154225779,0,0,4,4,1e-10,SPLIT_BEYOND_ALLOWANCE,False,,,,SPLIT_BEYOND_ALLOWANCE
fiber_008,21,B0|B2|B4,0.6494762808603024,0.6518361751439804,0.002359894283677999,0,0,8,8,1e-10,SPLIT_BEYOND_ALLOWANCE,False,,,,SPLIT_BEYOND_ALLOWANCE
fiber_008,22,B1|B2|B4,0.23050653529553849,0.23754641312171071,0.0070398778261722139,3.4199200285678069e-33,4.6456708595292042e-33,4,4,1e-10,SPLIT_BEYOND_ALLOWANCE,False,,,,SPLIT_BEYOND_ALLOWANCE
fiber_008,23,B0|B1|B2|B4,0.25935630185165182,0.26927302599814129,0.0099167241464894751,0,0,4,4,1e-10,SPLIT_BEYOND_ALLOWANCE,False,,,,SPLIT_BEYOND_ALLOWANCE
fiber_008,24,B3|B4,0.31629298492899288,0.343090806185816,0.026797821256823118,0,0,4,4,1e-10,SPLIT_BEYOND_ALLOWANCE,False,,,,SPLIT_BEYOND_ALLOWANCE
fiber_008,25,B0|B3|B4,0.36441783321142135,0.39336701496776588,0.028949181756344533,0,0,8,8,1e-10,SPLIT_BEYOND_ALLOWANCE,False,,,,SPLIT_BEYOND_ALLOWANCE
fiber_008,26,B1|B3|B4,0.58153526415971757,0.57221555961507076,0.0093197045446468119,0,0,8,8,1e-10,SPLIT_BEYOND_ALLOWANCE,False,,,,SPLIT_BEYOND_ALLOWANCE
fiber_008,27,B0|B1|B3|B4,0.61248753147007773,0.60443574940427736,0.0080517820658003725,0,0,4,4,1e-10,SPLIT_BEYOND_ALLOWANCE,False,,,,SPLIT_BEYOND_ALLOWANCE
fiber_008,28,B2|B3|B4,0.56801466133653955,0.56398838378104732,0.0040262775554922303,0,0,8,8,1e-10,SPLIT_BEYOND_ALLOWANCE,False,,,,SPLIT_BEYOND_ALLOWANCE
fiber_008,29,B0|B2|B3|B4,0.59819942241725232,0.59521568475203113,0.0029837376652211978,0,0,4,4,1e-10,SPLIT_BEYOND_ALLOWANCE,False,,,,SPLIT_BEYOND_ALLOWANCE
fiber_008,30,B1|B2|B3|B4,0.10518388588501386,0.10932901450748564,0.0041451286224717804,0,0,4,4,1e-10,SPLIT_BEYOND_ALLOWANCE,False,,,,SPLIT_BEYOND_ALLOWANCE
fiber_008,31,B0|B1|B2|B3|B4,0.11922276503757788,0.12433535791177627,0.0051125928741983934,0,0,2,2,1e-10,SPLIT_BEYOND_ALLOWANCE,False,,,,SPLIT_BEYOND_ALLOWANCE
fiber_008,32,B5,0.11922276503757787,0.12433535791177652,0.005112592874198657,0,0,2,2,1e-10,SPLIT_BEYOND_ALLOWANCE,False,,,,SPLIT_BEYOND_ALLOWANCE
fiber_008,33,B0|B5,0.10518388588501383,0.10932901450748571,0.0041451286224718775,0,0,4,4,1e-10,SPLIT_BEYOND_ALLOWANCE,False,,,,SPLIT_BEYOND_ALLOWANCE
fiber_008,34,B1|B5,0.59819942241725199,0.59521568475203124,0.0029837376652207537,0,0,4,4,1e-10,SPLIT_BEYOND_ALLOWANCE,False,,,,SPLIT_BEYOND_ALLOWANCE
fiber_008,35,B0|B1|B5,0.56801466133653977,0.56398838378104732,0.0040262775554924524,0,0,8,8,1e-10,SPLIT_BEYOND_ALLOWANCE,False,,,,SPLIT_BEYOND_ALLOWANCE
fiber_008,36,B2|B5,0.61248753147007751,0.60443574940427736,0.0080517820658001504,0,0,4,4,1e-10,SPLIT_BEYOND_ALLOWANCE,False,,,,SPLIT_BEYOND_ALLOWANCE
fiber_008,37,B0|B2|B5,0.58153526415971757,0.57221555961507087,0.0093197045446467008,0,0,8,8,1e-10,SPLIT_BEYOND_ALLOWANCE,False,,,,SPLIT_BEYOND_ALLOWANCE
fiber_008,38,B1|B2|B5,0.36441783321142152,0.39336701496776633,0.028949181756344811,0,0,8,8,1e-10,SPLIT_BEYOND_ALLOWANCE,False,,,,SPLIT_BEYOND_ALLOWANCE
fiber_008,39,B0|B1|B2|B5,0.31629298492899283,0.34309080618581628,0.026797821256823451,0,0,4,4,1e-10,SPLIT_BEYOND_ALLOWANCE,False,,,,SPLIT_BEYOND_ALLOWANCE
fiber_008,40,B3|B5,0.25935630185165182,0.26927302599814112,0.0099167241464893086,0,0,4,4,1e-10,SPLIT_BEYOND_ALLOWANCE,False,,,,SPLIT_BEYOND_ALLOWANCE
fiber_008,41,B0|B3|B5,0.23050653529553844,0.23754641312171068,0.0070398778261722417,3.493932002714941e-33,7.9341913532073033e-33,4,4,1e-10,SPLIT_BEYOND_ALLOWANCE,False,,,,SPLIT_BEYOND_ALLOWANCE
fiber_008,42,B1|B3|B5,0.64947628086030229,0.6518361751439804,0.00235989428367811,0,0,8,8,1e-10,SPLIT_BEYOND_ALLOWANCE,False,,,,SPLIT_BEYOND_ALLOWANCE
fiber_008,43,B0|B1|B3|B5,0.60393842537448916,0.60406984602603175,0.00013142065154259086,0,0,4,4,1e-10,SPLIT_BEYOND_ALLOWANCE,False,,,,SPLIT_BEYOND_ALLOWANCE
fiber_008,44,B2|B3|B5,0.59919072151663366,0.58935431904284508,0.0098364024737885858,0,0,8,8,1e-10,SPLIT_BEYOND_ALLOWANCE,False,,,,SPLIT_BEYOND_ALLOWANCE
fiber_008,45,B0|B2|B3|B5,0.5535311242958989,0.54183558760327266,0.011695536692626241,0,0,4,4,1e-10,SPLIT_BEYOND_ALLOWANCE,False,,,,SPLIT_BEYOND_ALLOWANCE
fiber_008,46,B1|B2|B3|B5,0.227027700904229,0.24475442024561511,0.017726719341386116,0,0,4,4,1e-10,SPLIT_BEYOND_ALLOWANCE,False,,,,SPLIT_BEYOND_ALLOWANCE
fiber_008,47,B0|B1|B2|B3|B5,0.17260455254429891,0.18902089388433388,0.016416341340034973,0,0,2,2,1e-10,SPLIT_BEYOND_ALLOWANCE,False,,,,SPLIT_BEYOND_ALLOWANCE
fiber_008,48,B4|B5,0.27494122627771445,0.29928215295475258,0.024340926677038133,0,0,4,4,1e-10,SPLIT_BEYOND_ALLOWANCE,False,,,,SPLIT_BEYOND_ALLOWANCE
fiber_008,49,B0|B4|B5,0.23456236337410125,0.2616776929589873,0.02711532958488605,2.7586199837119862e-33,3.6818845410792753e-33,4,4,1e-10,SPLIT_BEYOND_ALLOWANCE,False,,,,SPLIT_BEYOND_ALLOWANCE
fiber_008,50,B1|B4|B5,0.61942276781393124,0.61091191861755023,0.0085108491963810096,0,0,8,8,1e-10,SPLIT_BEYOND_ALLOWANCE,False,,,,SPLIT_BEYOND_ALLOWANCE
fiber_008,51,B0|B1|B4|B5,0.56177819200162837,0.55628605156254018,0.0054921404390881889,0,0,4,4,1e-10,SPLIT_BEYOND_ALLOWANCE,False,,,,SPLIT_BEYOND_ALLOWANCE
fiber_008,52,B2|B4|B5,0.65058927117940257,0.6517940391014917,0.0012047679220891228,0,0,8,8,1e-10,SPLIT_BEYOND_ALLOWANCE,False,,,,SPLIT_BEYOND_ALLOWANCE
fiber_008,53,B0|B2|B4|B5,0.59374508714172236,0.59767978304633551,0.0039346959046131502,0,0,4,4,1e-10,SPLIT_BEYOND_ALLOWANCE,False,,,,SPLIT_BEYOND_ALLOWANCE
fiber_008,54,B1|B2|B4|B5,0.24347864574646699,0.25193056651324525,0.0084519207667782537,0,0,4,4,1e-10,SPLIT_BEYOND_ALLOWANCE,False,,,,SPLIT_BEYOND_ALLOWANCE
fiber_008,55,B0|B1|B2|B4|B5,0.17305129020353899,0.1838549746369951,0.010803684433456112,0,0,2,2,1e-10,SPLIT_BEYOND_ALLOWANCE,False,,,,SPLIT_BEYOND_ALLOWANCE
fiber_008,56,B3|B4|B5,0.38048336626839391,0.41038496790055468,0.029901601632160768,0,0,8,8,1e-10,SPLIT_BEYOND_ALLOWANCE,False,,,,SPLIT_BEYOND_ALLOWANCE
fiber_008,57,B0|B3|B4|B5,0.32489642565995069,0.35635965699409633,0.031463231334145636,0,0,4,4,1e-10,SPLIT_BEYOND_ALLOWANCE,False,,,,SPLIT_BEYOND_ALLOWANCE
fiber_008,58,B1|B3|B4|B5,0.60019157082504204,0.58928229792310083,0.010909272901941214,0,0,4,4,1e-10,SPLIT_BEYOND_ALLOWANCE,False,,,,SPLIT_BEYOND_ALLOWANCE
fiber_008,59,B0|B1|B3|B4|B5,0.53160700691527729,0.52288977554970939,0.0087172313655679012,0,0,2,2,1e-10,SPLIT_BEYOND_ALLOWANCE,False,,,,SPLIT_BEYOND_ALLOWANCE
fiber_008,60,B2|B3|B4|B5,0.56730314249109315,0.55823991271865181,0.0090632297724413391,0,0,4,4,1e-10,SPLIT_BEYOND_ALLOWANCE,False,,,,SPLIT_BEYOND_ALLOWANCE
fiber_008,61,B0|B2|B3|B4|B5,0.50034114648211692,0.49365733629750363,0.0066838101846132814,0,0,2,2,1e-10,SPLIT_BEYOND_ALLOWANCE,False,,,,SPLIT_BEYOND_ALLOWANCE
fiber_008,62,B1|B2|B3|B4|B5,0.072267576226834065,0.070121959173730916,0.0021456170531031493,0,0,2,2,1e-10,SPLIT_BEYOND_ALLOWANCE,False,,,,SPLIT_BEYOND_ALLOWANCE
fiber_008,63,B0|B1|B2|B3|B4|B5,0,0,0,0,0,1,1,1e-10,EQUAL_WITHIN_ALLOWANCE,False,,,,EQUAL_WITHIN_ALLOWANCE
fiber_009,0,EMPTY,0,0,0,0,0,1,1,1e-10,EQUAL_WITHIN_ALLOWANCE,False,,,,EQUAL_WITHIN_ALLOWANCE
fiber_009,1,B0,0.32613362447227129,0.27902579206839512,0.047107832403876171,0,0,2,2,1e-10,SPLIT_BEYOND_ALLOWANCE,False,,,,SPLIT_BEYOND_ALLOWANCE
fiber_009,2,B1,0.59503020381096405,0.58924930538524323,0.0057808984257208262,0,0,2,2,1e-10,SPLIT_BEYOND_ALLOWANCE,False,,,,SPLIT_BEYOND_ALLOWANCE
fiber_009,3,B0|B1,0.90093893049825768,0.83624825781958567,0.064690672678672012,0,0,4,4,1e-10,SPLIT_BEYOND_ALLOWANCE,False,,,,SPLIT_BEYOND_ALLOWANCE
fiber_009,4,B2,0.47254584586584658,0.36638959728869924,0.10615624857714734,0,0,2,2,1e-10,SPLIT_BEYOND_ALLOWANCE,False,,,,SPLIT_BEYOND_ALLOWANCE
fiber_009,5,B0|B2,0.63027249702157684,0.53589440508133224,0.094378091940244602,0,0,4,4,1e-10,SPLIT_BEYOND_ALLOWANCE,False,,,,SPLIT_BEYOND_ALLOWANCE
fiber_009,6,B1|B2,1.0123551324669315,0.89266965840962131,0.11968547405731023,0,0,4,4,1e-10,SPLIT_BEYOND_ALLOWANCE,False,,,,SPLIT_BEYOND_ALLOWANCE
fiber_009,7,B0|B1|B2,1.0364498482994013,0.95217208024794719,0.084277768051454149,0,0,8,8,1e-10,SPLIT_BEYOND_ALLOWANCE,False,,,,SPLIT_BEYOND_ALLOWANCE
fiber_009,8,B3,0.47435442328342614,0.46202188657677384,0.012332536706652297,0,0,2,2,1e-10,SPLIT_BEYOND_ALLOWANCE,False,,,,SPLIT_BEYOND_ALLOWANCE
fiber_009,9,B0|B3,0.7879823894488881,0.72226333326486114,0.065719056184026958,0,0,4,4,1e-10,SPLIT_BEYOND_ALLOWANCE,False,,,,SPLIT_BEYOND_ALLOWANCE
fiber_009,10,B1|B3,0.57381676166367646,0.57408193693640808,0.00026517527273162145,0,0,4,4,1e-10,SPLIT_BEYOND_ALLOWANCE,False,,,,SPLIT_BEYOND_ALLOWANCE
fiber_009,11,B0|B1|B3,0.82906261234018896,0.77592799117279654,0.053134621167392426,0,0,8,8,1e-10,SPLIT_BEYOND_ALLOWANCE,False,,,,SPLIT_BEYOND_ALLOWANCE
fiber_009,12,B2|B3,0.91000451395281701,0.78661925651196618,0.12338525744085083,0,0,4,4,1e-10,SPLIT_BEYOND_ALLOWANCE,False,,,,SPLIT_BEYOND_ALLOWANCE
fiber_009,13,B0|B2|B3,0.96972297715780431,0.87708165523613324,0.092641321921671071,0,0,8,8,1e-10,SPLIT_BEYOND_ALLOWANCE,False,,,,SPLIT_BEYOND_ALLOWANCE
fiber_009,14,B1|B2|B3,0.90045372279062363,0.78018341602676566,0.12027030676385797,0,0,8,8,1e-10,SPLIT_BEYOND_ALLOWANCE,False,,,,SPLIT_BEYOND_ALLOWANCE
fiber_009,15,B0|B1|B2|B3,0.85954952104777405,0.77316136361399634,0.086388157433777701,0,0,4,4,1e-10,SPLIT_BEYOND_ALLOWANCE,False,,,,SPLIT_BEYOND_ALLOWANCE
fiber_009,16,B4,0.4503729807880632,0.43664019785672553,0.013732782931337673,0,0,2,2,1e-10,SPLIT_BEYOND_ALLOWANCE,False,,,,SPLIT_BEYOND_ALLOWANCE
fiber_009,17,B0|B4,0.75384016018315281,0.6864089699782584,0.067431190204894409,0,0,4,4,1e-10,SPLIT_BEYOND_ALLOWANCE,False,,,,SPLIT_BEYOND_ALLOWANCE
fiber_009,18,B1|B4,0.69799802278150369,0.69363673170021045,0.0043612910812932393,0,0,4,4,1e-10,SPLIT_BEYOND_ALLOWANCE,False,,,,SPLIT_BEYOND_ALLOWANCE
fiber_009,19,B0|B1|B4,0.93835004706284142,0.88418590536404917,0.054164141698792245,0,0,8,8,1e-10,SPLIT_BEYOND_ALLOWANCE,False,,,,SPLIT_BEYOND_ALLOWANCE
fiber_009,20,B2|B4,0.87964597989840176,0.75130541330856293,0.12834056658983883,0,0,4,4,1e-10,SPLIT_BEYOND_ALLOWANCE,False,,,,SPLIT_BEYOND_ALLOWANCE
fiber_009,21,B0|B2|B4,0.92880723891392769,0.833735731116518,0.095071507797409693,0,0,8,8,1e-10,SPLIT_BEYOND_ALLOWANCE,False,,,,SPLIT_BEYOND_ALLOWANCE
fiber_009,22,B1|B2|B4,0.96666855095097948,0.85608807203261561,0.11058047891836387,0,0,8,8,1e-10,SPLIT_BEYOND_ALLOWANCE,False,,,,SPLIT_BEYOND_ALLOWANCE
fiber_009,23,B0|B1|B2|B4,0.93158967068596688,0.85020637804178811,0.081383292644178762,0,0,4,4,1e-10,SPLIT_BEYOND_ALLOWANCE,False,,,,SPLIT_BEYOND_ALLOWANCE
fiber_009,24,B3|B4,0.70843975409370041,0.70078529869141104,0.0076544554022893729,0,0,4,4,1e-10,SPLIT_BEYOND_ALLOWANCE,False,,,,SPLIT_BEYOND_ALLOWANCE
fiber_009,25,B0|B3|B4,0.96050852027624178,0.90229194900369691,0.05821657127254487,0,0,8,8,1e-10,SPLIT_BEYOND_ALLOWANCE,False,,,,SPLIT_BEYOND_ALLOWANCE
fiber_009,26,B1|B3|B4,0.44828831614032677,0.4422925050486457,0.0059958110916810692,8.0994720385528566e-33,1.3232870027275127e-32,4,4,1e-10,SPLIT_BEYOND_ALLOWANCE,False,,,,SPLIT_BEYOND_ALLOWANCE
fiber_009,27,B0|B1|B3|B4,0.60786324183633389,0.56239681843467326,0.045466423401660627,0,0,4,4,1e-10,SPLIT_BEYOND_ALLOWANCE,False,,,,SPLIT_BEYOND_ALLOWANCE
fiber_009,28,B2|B3|B4,1.0312233847452461,0.89613357335271737,0.13508981139252874,5.9614451897398521e-33,3.2369782249259578e-33,4,4,1e-10,SPLIT_BEYOND_ALLOWANCE,False,,,,SPLIT_BEYOND_ALLOWANCE
fiber_009,29,B0|B2|B3|B4,1.0096640097534308,0.90999892974561325,0.099665080007817597,0,0,4,4,1e-10,SPLIT_BEYOND_ALLOWANCE,False,,,,SPLIT_BEYOND_ALLOWANCE
fiber_009,30,B1|B2|B3|B4,0.57879647909630538,0.48197950911212134,0.096816969984184043,0,0,4,4,1e-10,SPLIT_BEYOND_ALLOWANCE,False,,,,SPLIT_BEYOND_ALLOWANCE
fiber_009,31,B0|B1|B2|B3|B4,0.48197590312175326,0.42484055747028093,0.057135345651472325,0,0,2,2,1e-10,SPLIT_BEYOND_ALLOWANCE,False,,,,SPLIT_BEYOND_ALLOWANCE
fiber_009,32,B5,0.48197590312175309,0.42484055747028104,0.057135345651472047,0,0,2,2,1e-10,SPLIT_BEYOND_ALLOWANCE,False,,,,SPLIT_BEYOND_ALLOWANCE
fiber_009,33,B0|B5,0.5787964790963056,0.48197950911212134,0.096816969984184265,0,0,4,4,1e-10,SPLIT_BEYOND_ALLOWANCE,False,,,,SPLIT_BEYOND_ALLOWANCE
fiber_009,34,B1|B5,1.0096640097534311,0.90999892974561325,0.099665080007817819,0,0,4,4,1e-10,SPLIT_BEYOND_ALLOWANCE,False,,,,SPLIT_BEYOND_ALLOWANCE
fiber_009,35,B0|B1|B5,1.0312233847452461,0.89613357335271693,0.13508981139252918,1.5743741726426181e-32,5.3087180449374548e-33,4,4,1e-10,SPLIT_BEYOND_ALLOWANCE,False,,,,SPLIT_BEYOND_ALLOWANCE
fiber_009,36,B2|B5,0.60786324183633367,0.56239681843467348,0.045466423401660183,0,0,4,4,1e-10,SPLIT_BEYOND_ALLOWANCE,False,,,,SPLIT_BEYOND_ALLOWANCE
fiber_009,37,B0|B2|B5,0.44828831614032721,0.4422925050486457,0.0059958110916815133,1.406103678538622e-32,6.1780014550398491e-33,4,4,1e-10,SPLIT_BEYOND_ALLOWANCE,False,,,,SPLIT_BEYOND_ALLOWANCE
fiber_009,38,B1|B2|B5,0.96050852027624156,0.90229194900369714,0.058216571272544426,0,0,8,8,1e-10,SPLIT_BEYOND_ALLOWANCE,False,,,,SPLIT_BEYOND_ALLOWANCE
fiber_009,39,B0|B1|B2|B5,0.70843975409370041,0.70078529869141093,0.007654455402289484,0,0,4,4,1e-10,SPLIT_BEYOND_ALLOWANCE,False,,,,SPLIT_BEYOND_ALLOWANCE
fiber_009,40,B3|B5,0.93158967068596676,0.85020637804178767,0.081383292644179095,0,0,4,4,1e-10,SPLIT_BEYOND_ALLOWANCE,False,,,,SPLIT_BEYOND_ALLOWANCE
fiber_009,41,B0|B3|B5,0.96666855095097903,0.85608807203261528,0.11058047891836376,0,0,8,8,1e-10,SPLIT_BEYOND_ALLOWANCE,False,,,,SPLIT_BEYOND_ALLOWANCE
fiber_009,42,B1|B3|B5,0.9288072389139278,0.83373573111651755,0.095071507797410248,0,0,8,8,1e-10,SPLIT_BEYOND_ALLOWANCE,False,,,,SPLIT_BEYOND_ALLOWANCE
fiber_009,43,B0|B1|B3|B5,0.87964597989840176,0.75130541330856304,0.12834056658983872,0,0,4,4,1e-10,SPLIT_BEYOND_ALLOWANCE,False,,,,SPLIT_BEYOND_ALLOWANCE
fiber_009,44,B2|B3|B5,0.93835004706284175,0.88418590536404917,0.054164141698792578,0,0,8,8,1e-10,SPLIT_BEYOND_ALLOWANCE,False,,,,SPLIT_BEYOND_ALLOWANCE
fiber_009,45,B0|B2|B3|B5,0.69799802278150347,0.69363673170021034,0.0043612910812931283,0,0,4,4,1e-10,SPLIT_BEYOND_ALLOWANCE,False,,,,SPLIT_BEYOND_ALLOWANCE
fiber_009,46,B1|B2|B3|B5,0.75384016018315281,0.68640896997825829,0.06743119020489452,0,0,4,4,1e-10,SPLIT_BEYOND_ALLOWANCE,False,,,,SPLIT_BEYOND_ALLOWANCE
fiber_009,47,B0|B1|B2|B3|B5,0.45037298078806332,0.43664019785672553,0.013732782931337784,0,0,2,2,1e-10,SPLIT_BEYOND_ALLOWANCE,False,,,,SPLIT_BEYOND_ALLOWANCE
fiber_009,48,B4|B5,0.85954952104777427,0.77316136361399623,0.086388157433778034,0,0,4,4,1e-10,SPLIT_BEYOND_ALLOWANCE,False,,,,SPLIT_BEYOND_ALLOWANCE
fiber_009,49,B0|B4|B5,0.90045372279062352,0.78018341602676533,0.12027030676385819,0,0,8,8,1e-10,SPLIT_BEYOND_ALLOWANCE,False,,,,SPLIT_BEYOND_ALLOWANCE
fiber_009,50,B1|B4|B5,0.9697229771578042,0.87708165523613291,0.092641321921671294,0,0,8,8,1e-10,SPLIT_BEYOND_ALLOWANCE,False,,,,SPLIT_BEYOND_ALLOWANCE
fiber_009,51,B0|B1|B4|B5,0.91000451395281656,0.7866192565119664,0.12338525744085016,0,0,4,4,1e-10,SPLIT_BEYOND_ALLOWANCE,False,,,,SPLIT_BEYOND_ALLOWANCE
fiber_009,52,B2|B4|B5,0.82906261234018885,0.77592799117279632,0.053134621167392537,0,0,8,8,1e-10,SPLIT_BEYOND_ALLOWANCE,False,,,,SPLIT_BEYOND_ALLOWANCE
fiber_009,53,B0|B2|B4|B5,0.57381676166367634,0.57408193693640808,0.00026517527273173247,0,0,4,4,1e-10,SPLIT_BEYOND_ALLOWANCE,False,,,,SPLIT_BEYOND_ALLOWANCE
fiber_009,54,B1|B2|B4|B5,0.78798238944888821,0.72226333326486147,0.065719056184026736,0,0,4,4,1e-10,SPLIT_BEYOND_ALLOWANCE,False,,,,SPLIT_BEYOND_ALLOWANCE
fiber_009,55,B0|B1|B2|B4|B5,0.47435442328342614,0.46202188657677407,0.012332536706652075,0,0,2,2,1e-10,SPLIT_BEYOND_ALLOWANCE,False,,,,SPLIT_BEYOND_ALLOWANCE
fiber_009,56,B3|B4|B5,1.0364498482994018,0.95217208024794719,0.084277768051454593,0,0,8,8,1e-10,SPLIT_BEYOND_ALLOWANCE,False,,,,SPLIT_BEYOND_ALLOWANCE
fiber_009,57,B0|B3|B4|B5,1.0123551324669315,0.89266965840962165,0.11968547405730989,0,0,4,4,1e-10,SPLIT_BEYOND_ALLOWANCE,False,,,,SPLIT_BEYOND_ALLOWANCE
fiber_009,58,B1|B3|B4|B5,0.63027249702157651,0.53589440508133224,0.094378091940244269,0,0,4,4,1e-10,SPLIT_BEYOND_ALLOWANCE,False,,,,SPLIT_BEYOND_ALLOWANCE
fiber_009,59,B0|B1|B3|B4|B5,0.47254584586584647,0.36638959728869924,0.10615624857714723,0,0,2,2,1e-10,SPLIT_BEYOND_ALLOWANCE,False,,,,SPLIT_BEYOND_ALLOWANCE
fiber_009,60,B2|B3|B4|B5,0.90093893049825791,0.83624825781958578,0.064690672678672123,0,0,4,4,1e-10,SPLIT_BEYOND_ALLOWANCE,False,,,,SPLIT_BEYOND_ALLOWANCE
fiber_009,61,B0|B2|B3|B4|B5,0.59503020381096428,0.58924930538524334,0.0057808984257209373,0,0,2,2,1e-10,SPLIT_BEYOND_ALLOWANCE,False,,,,SPLIT_BEYOND_ALLOWANCE
fiber_009,62,B1|B2|B3|B4|B5,0.3261336244722719,0.27902579206839517,0.047107832403876726,0,0,2,2,1e-10,SPLIT_BEYOND_ALLOWANCE,False,,,,SPLIT_BEYOND_ALLOWANCE
fiber_009,63,B0|B1|B2|B3|B4|B5,0,0,0,0,0,1,1,1e-10,EQUAL_WITHIN_ALLOWANCE,False,,,,EQUAL_WITHIN_ALLOWANCE
fiber_010,0,EMPTY,0,0,0,0,0,1,1,1e-10,EQUAL_WITHIN_ALLOWANCE,False,,,,EQUAL_WITHIN_ALLOWANCE
fiber_010,1,B0,0.018529205215555573,0.015026854019478536,0.0035023511960770373,0,0,2,2,1e-10,SPLIT_BEYOND_ALLOWANCE,False,,,,SPLIT_BEYOND_ALLOWANCE
fiber_010,2,B1,0.36788819105989695,0.35973106666929067,0.0081571243906062851,0,0,2,2,1e-10,SPLIT_BEYOND_ALLOWANCE,False,,,,SPLIT_BEYOND_ALLOWANCE
fiber_010,3,B0|B1,0.37926015412258168,0.36883353736244362,0.010426616760138063,0,0,4,4,1e-10,SPLIT_BEYOND_ALLOWANCE,False,,,,SPLIT_BEYOND_ALLOWANCE
fiber_010,4,B2,0.19744980034896636,0.21621602938336354,0.018766229034397175,0,0,2,2,1e-10,SPLIT_BEYOND_ALLOWANCE,False,,,,SPLIT_BEYOND_ALLOWANCE
fiber_010,5,B0|B2,0.21231162741319304,0.22861566733675842,0.016304039923565383,0,0,4,4,1e-10,SPLIT_BEYOND_ALLOWANCE,False,,,,SPLIT_BEYOND_ALLOWANCE
fiber_010,6,B1|B2,0.55148237810535661,0.56807585883632805,0.016593480730971444,0,0,4,4,1e-10,SPLIT_BEYOND_ALLOWANCE,False,,,,SPLIT_BEYOND_ALLOWANCE
fiber_010,7,B0|B1|B2,0.55718652407914304,0.57304182219180222,0.015855298112659177,0,0,8,8,1e-10,SPLIT_BEYOND_ALLOWANCE,False,,,,SPLIT_BEYOND_ALLOWANCE
fiber_010,8,B3,0.15318764941632743,0.18609890302198528,0.032911253605657859,0,0,2,2,1e-10,SPLIT_BEYOND_ALLOWANCE,False,,,,SPLIT_BEYOND_ALLOWANCE
fiber_010,9,B0|B3,0.16783227929621461,0.19828202972698097,0.030449750430766365,0,0,4,4,1e-10,SPLIT_BEYOND_ALLOWANCE,False,,,,SPLIT_BEYOND_ALLOWANCE
fiber_010,10,B1|B3,0.5171720284693343,0.54288075501657762,0.025708726547243321,0,0,4,4,1e-10,SPLIT_BEYOND_ALLOWANCE,False,,,,SPLIT_BEYOND_ALLOWANCE
fiber_010,11,B0|B1|B3,0.5233823302401247,0.54795474738847749,0.024572417148352788,0,0,8,8,1e-10,SPLIT_BEYOND_ALLOWANCE,False,,,,SPLIT_BEYOND_ALLOWANCE
fiber_010,12,B2|B3,0.1385080930348998,0.12514148561187827,0.013366607423021537,0,0,4,4,1e-10,SPLIT_BEYOND_ALLOWANCE,False,,,,SPLIT_BEYOND_ALLOWANCE
fiber_010,13,B0|B2|B3,0.14768200826360015,0.13318867171844087,0.014493336545159274,0,0,8,8,1e-10,SPLIT_BEYOND_ALLOWANCE,False,,,,SPLIT_BEYOND_ALLOWANCE
fiber_010,14,B1|B2|B3,0.4779582364051379,0.46513368448354758,0.012824551921590321,0,0,8,8,1e-10,SPLIT_BEYOND_ALLOWANCE,False,,,,SPLIT_BEYOND_ALLOWANCE
fiber_010,15,B0|B1|B2|B3,0.47802193367599027,0.46550755560284812,0.012514378073142152,0,0,8,8,1e-10,SPLIT_BEYOND_ALLOWANCE,False,,,,SPLIT_BEYOND_ALLOWANCE
fiber_010,16,B4,0.1098724253412826,0.10631421392858154,0.0035582114127010595,0,0,2,2,1e-10,SPLIT_BEYOND_ALLOWANCE,False,,,,SPLIT_BEYOND_ALLOWANCE
fiber_010,17,B0|B4,0.12486106768331906,0.11858441245067422,0.0062766552326448399,0,0,4,4,1e-10,SPLIT_BEYOND_ALLOWANCE,False,,,,SPLIT_BEYOND_ALLOWANCE
fiber_010,18,B1|B4,0.46281797200634317,0.45380827363067977,0.0090096983756633997,0,0,4,4,1e-10,SPLIT_BEYOND_ALLOWANCE,False,,,,SPLIT_BEYOND_ALLOWANCE
fiber_010,19,B0|B1|B4,0.47013758219390567,0.45962233244035333,0.010515249753552336,0,0,8,8,1e-10,SPLIT_BEYOND_ALLOWANCE,False,,,,SPLIT_BEYOND_ALLOWANCE
fiber_010,20,B2|B4,0.1932876442447107,0.21540054740563966,0.022112903160928954,0,0,4,4,1e-10,SPLIT_BEYOND_ALLOWANCE,False,,,,SPLIT_BEYOND_ALLOWANCE
fiber_010,21,B0|B2|B4,0.20353742048266057,0.22398788296617816,0.02045046248351759,0,0,8,8,1e-10,SPLIT_BEYOND_ALLOWANCE,False,,,,SPLIT_BEYOND_ALLOWANCE
fiber_010,22,B1|B2|B4,0.52541936797651245,0.54900488978634943,0.023585521809836973,0,0,8,8,1e-10,SPLIT_BEYOND_ALLOWANCE,False,,,,SPLIT_BEYOND_ALLOWANCE
fiber_010,23,B0|B1|B2|B4,0.52663983619322863,0.55025028237151441,0.023610446178285782,0,0,8,8,1e-10,SPLIT_BEYOND_ALLOWANCE,False,,,,SPLIT_BEYOND_ALLOWANCE
fiber_010,24,B3|B4,0.21651687307540371,0.23682435554511705,0.020307482469713339,0,0,4,4,1e-10,SPLIT_BEYOND_ALLOWANCE,False,,,,SPLIT_BEYOND_ALLOWANCE
fiber_010,25,B0|B3|B4,0.22653715563459645,0.24512071530907154,0.018583559674475086,0,0,8,8,1e-10,SPLIT_BEYOND_ALLOWANCE,False,,,,SPLIT_BEYOND_ALLOWANCE
fiber_010,26,B1|B3|B4,0.56007532227305978,0.57600785775092933,0.015932535477869547,0,0,8,8,1e-10,SPLIT_BEYOND_ALLOWANCE,False,,,,SPLIT_BEYOND_ALLOWANCE
fiber_010,27,B0|B1|B3|B4,0.56171612854490982,0.57723004840885583,0.015513919863946013,0,0,8,8,1e-10,SPLIT_BEYOND_ALLOWANCE,False,,,,SPLIT_BEYOND_ALLOWANCE
fiber_010,28,B2|B3|B4,0.086702047547714739,0.067341414889721618,0.019360632657993121,3.0975983298898424e-33,3.5129554673676461e-33,4,4,1e-10,SPLIT_BEYOND_ALLOWANCE,False,,,,SPLIT_BEYOND_ALLOWANCE
fiber_010,29,B0|B2|B3|B4,0.091301635816226662,0.071562770164149567,0.019738865652077095,0,0,8,8,1e-10,SPLIT_BEYOND_ALLOWANCE,False,,,,SPLIT_BEYOND_ALLOWANCE
fiber_010,30,B1|B2|B3|B4,0.39821073971106152,0.38399118214885058,0.014219557562210938,0,0,8,8,1e-10,SPLIT_BEYOND_ALLOWANCE,False,,,,SPLIT_BEYOND_ALLOWANCE
fiber_010,31,B0|B1|B2|B3|B4,0.39289070636901829,0.38011951695916207,0.012771189409856221,0,0,4,4,1e-10,SPLIT_BEYOND_ALLOWANCE,False,,,,SPLIT_BEYOND_ALLOWANCE
fiber_010,32,B5,0.019810587934709571,0.018338327424626391,0.0014722605100831801,0,0,2,2,1e-10,SPLIT_BEYOND_ALLOWANCE,False,,,,SPLIT_BEYOND_ALLOWANCE
fiber_010,33,B0|B5,0.035345579373643229,0.030675429041527317,0.0046701503321159125,0,0,4,4,1e-10,SPLIT_BEYOND_ALLOWANCE,False,,,,SPLIT_BEYOND_ALLOWANCE
fiber_010,34,B1|B5,0.38267916813148539,0.37286354428877821,0.0098156238427071774,0,0,4,4,1e-10,SPLIT_BEYOND_ALLOWANCE,False,,,,SPLIT_BEYOND_ALLOWANCE
fiber_010,35,B0|B1|B5,0.39128187756891641,0.37946709009728508,0.011814787471631338,0,0,8,8,1e-10,SPLIT_BEYOND_ALLOWANCE,False,,,,SPLIT_BEYOND_ALLOWANCE
fiber_010,36,B2|B5,0.21391845553491015,0.23085472964924911,0.016936274114338956,0,0,4,4,1e-10,SPLIT_BEYOND_ALLOWANCE,False,,,,SPLIT_BEYOND_ALLOWANCE
fiber_010,37,B0|B2|B5,0.22529298540232393,0.24018850140311729,0.014895516000793363,0,0,8,8,1e-10,SPLIT_BEYOND_ALLOWANCE,False,,,,SPLIT_BEYOND_ALLOWANCE
fiber_010,38,B1|B2|B5,0.56074173540926631,0.57560561126881105,0.01486387585954474,0,0,8,8,1e-10,SPLIT_BEYOND_ALLOWANCE,False,,,,SPLIT_BEYOND_ALLOWANCE
fiber_010,39,B0|B1|B2|B5,0.56323041903585658,0.57766400486502867,0.014433585829172091,0,0,8,8,1e-10,SPLIT_BEYOND_ALLOWANCE,False,,,,SPLIT_BEYOND_ALLOWANCE
fiber_010,40,B3|B5,0.1616169821298542,0.19517913945422766,0.033562157324373454,0,0,4,4,1e-10,SPLIT_BEYOND_ALLOWANCE,False,,,,SPLIT_BEYOND_ALLOWANCE
fiber_010,41,B0|B3|B5,0.17215155655400377,0.20371869247186764,0.031567135917863864,9.8201178783093312e-33,9.5620237409150096e-33,4,4,1e-10,SPLIT_BEYOND_ALLOWANCE,False,,,,SPLIT_BEYOND_ALLOWANCE
fiber_010,42,B1|B3|B5,0.51944108467371486,0.54562926197113604,0.026188177297421178,0,0,8,8,1e-10,SPLIT_BEYOND_ALLOWANCE,False,,,,SPLIT_BEYOND_ALLOWANCE
fiber_010,43,B0|B1|B3|B5,0.52208940173621188,0.54749523016636759,0.025405828430155708,0,0,8,8,1e-10,SPLIT_BEYOND_ALLOWANCE,False,,,,SPLIT_BEYOND_ALLOWANCE
fiber_010,44,B2|B3|B5,0.14034401268849725,0.12815831916795875,0.012185693520538499,0,0,8,8,1e-10,SPLIT_BEYOND_ALLOWANCE,False,,,,SPLIT_BEYOND_ALLOWANCE
fiber_010,45,B0|B2|B3|B5,0.14483834073083246,0.1321357501869001,0.012702590543932357,0,0,8,8,1e-10,SPLIT_BEYOND_ALLOWANCE,False,,,,SPLIT_BEYOND_ALLOWANCE
fiber_010,46,B1|B2|B3|B5,0.47243341860722365,0.4607597522415377,0.011673666365685953,0,0,8,8,1e-10,SPLIT_BEYOND_ALLOWANCE,False,,,,SPLIT_BEYOND_ALLOWANCE
fiber_010,47,B0|B1|B2|B3|B5,0.46882001633846371,0.45791634544948179,0.01090367088898192,0,0,4,4,1e-10,SPLIT_BEYOND_ALLOWANCE,False,,,,SPLIT_BEYOND_ALLOWANCE
fiber_010,48,B4|B5,0.12703510609033858,0.12207052072059039,0.004964585369748184,0,0,4,4,1e-10,SPLIT_BEYOND_ALLOWANCE,False,,,,SPLIT_BEYOND_ALLOWANCE
fiber_010,49,B0|B4|B5,0.13907978467544299,0.13173687267907222,0.0073429119963707712,0,0,8,8,1e-10,SPLIT_BEYOND_ALLOWANCE,False,,,,SPLIT_BEYOND_ALLOWANCE
fiber_010,50,B1|B4|B5,0.47440592662111808,0.46365829465589348,0.010747631965224602,0,0,8,8,1e-10,SPLIT_BEYOND_ALLOWANCE,False,,,,SPLIT_BEYOND_ALLOWANCE
fiber_010,51,B0|B1|B4|B5,0.47842058483287569,0.46656714754377165,0.011853437289104041,0,0,8,8,1e-10,SPLIT_BEYOND_ALLOWANCE,False,,,,SPLIT_BEYOND_ALLOWANCE
fiber_010,52,B2|B4|B5,0.20511416664342569,0.22586148673083195,0.020747320087406262,0,0,8,8,1e-10,SPLIT_BEYOND_ALLOWANCE,False,,,,SPLIT_BEYOND_ALLOWANCE
fiber_010,53,B0|B2|B4|B5,0.21192273246197108,0.23142061318030308,0.019497880718332,0,0,8,8,1e-10,SPLIT_BEYOND_ALLOWANCE,False,,,,SPLIT_BEYOND_ALLOWANCE
fiber_010,54,B1|B2|B4|B5,0.52927577648465973,0.55186017683183919,0.022584400347179456,0,0,8,8,1e-10,SPLIT_BEYOND_ALLOWANCE,False,,,,SPLIT_BEYOND_ALLOWANCE
fiber_010,55,B0|B1|B2|B4|B5,0.52698589780617322,0.54985306311134274,0.022867165305169523,0,0,4,4,1e-10,SPLIT_BEYOND_ALLOWANCE,False,,,,SPLIT_BEYOND_ALLOWANCE
fiber_010,56,B3|B4|B5,0.21961795488194391,0.24120875394642111,0.021590799064477195,0,0,8,8,1e-10,SPLIT_BEYOND_ALLOWANCE,False,,,,SPLIT_BEYOND_ALLOWANCE
fiber_010,57,B0|B3|B4|B5,0.22594172169809515,0.24618155879312556,0.020239837095030411,0,0,8,8,1e-10,SPLIT_BEYOND_ALLOWANCE,False,,,,SPLIT_BEYOND_ALLOWANCE
fiber_010,58,B1|B3|B4|B5,0.55680110322028742,0.57396276359548359,0.017161660375196175,0,0,8,8,1e-10,SPLIT_BEYOND_ALLOWANCE,False,,,,SPLIT_BEYOND_ALLOWANCE
fiber_010,59,B0|B1|B3|B4|B5,0.55482438717401972,0.57196224582350652,0.017137858649486803,0,0,4,4,1e-10,SPLIT_BEYOND_ALLOWANCE,False,,,,SPLIT_BEYOND_ALLOWANCE
fiber_010,60,B2|B3|B4|B5,0.084214959665118758,0.066145472056909266,0.018069487608209492,0,0,8,8,1e-10,SPLIT_BEYOND_ALLOWANCE,False,,,,SPLIT_BEYOND_ALLOWANCE
fiber_010,61,B0|B2|B3|B4|B5,0.084398010140431801,0.06650233352149422,0.017895676618937581,0,0,4,4,1e-10,SPLIT_BEYOND_ALLOWANCE,False,,,,SPLIT_BEYOND_ALLOWANCE
fiber_010,62,B1|B2|B3|B4|B5,0.38865950620769224,0.37568200161416659,0.012977504593525646,0,0,4,4,1e-10,SPLIT_BEYOND_ALLOWANCE,False,,,,SPLIT_BEYOND_ALLOWANCE
fiber_010,63,B0|B1|B2|B3|B4|B5,0.37999401905727986,0.36879665114681331,0.011197367910466549,0,0,2,2,1e-10,SPLIT_BEYOND_ALLOWANCE,False,,,,SPLIT_BEYOND_ALLOWANCE
fiber_010,64,B6,0.3799940190572797,0.36879665114681304,0.01119736791046666,0,0,2,2,1e-10,SPLIT_BEYOND_ALLOWANCE,False,,,,SPLIT_BEYOND_ALLOWANCE
fiber_010,65,B0|B6,0.38865950620769235,0.37568200161416654,0.012977504593525813,0,0,4,4,1e-10,SPLIT_BEYOND_ALLOWANCE,False,,,,SPLIT_BEYOND_ALLOWANCE
fiber_010,66,B1|B6,0.084398010140431842,0.066502333521494206,0.017895676618937637,0,0,4,4,1e-10,SPLIT_BEYOND_ALLOWANCE,False,,,,SPLIT_BEYOND_ALLOWANCE
fiber_010,67,B0|B1|B6,0.08421495966511873,0.066145472056909169,0.018069487608209561,0,0,8,8,1e-10,SPLIT_BEYOND_ALLOWANCE,False,,,,SPLIT_BEYOND_ALLOWANCE
fiber_010,68,B2|B6,0.5548243871740195,0.57196224582350652,0.017137858649487026,0,0,4,4,1e-10,SPLIT_BEYOND_ALLOWANCE,False,,,,SPLIT_BEYOND_ALLOWANCE
fiber_010,69,B0|B2|B6,0.55680110322028775,0.57396276359548348,0.017161660375195731,0,0,8,8,1e-10,SPLIT_BEYOND_ALLOWANCE,False,,,,SPLIT_BEYOND_ALLOWANCE
fiber_010,70,B1|B2|B6,0.22594172169809504,0.24618155879312534,0.0202398370950303,0,0,8,8,1e-10,SPLIT_BEYOND_ALLOWANCE,False,,,,SPLIT_BEYOND_ALLOWANCE
fiber_010,71,B0|B1|B2|B6,0.21961795488194394,0.2412087539464213,0.021590799064477362,0,0,8,8,1e-10,SPLIT_BEYOND_ALLOWANCE,False,,,,SPLIT_BEYOND_ALLOWANCE
fiber_010,72,B3|B6,0.52698589780617289,0.54985306311134297,0.022867165305170079,0,0,4,4,1e-10,SPLIT_BEYOND_ALLOWANCE,False,,,,SPLIT_BEYOND_ALLOWANCE
fiber_010,73,B0|B3|B6,0.52927577648465951,0.55186017683183886,0.022584400347179345,0,0,8,8,1e-10,SPLIT_BEYOND_ALLOWANCE,False,,,,SPLIT_BEYOND_ALLOWANCE
fiber_010,74,B1|B3|B6,0.21192273246197088,0.23142061318030294,0.019497880718332056,0,0,8,8,1e-10,SPLIT_BEYOND_ALLOWANCE,False,,,,SPLIT_BEYOND_ALLOWANCE
fiber_010,75,B0|B1|B3|B6,0.20511416664342572,0.22586148673083203,0.020747320087406318,0,0,8,8,1e-10,SPLIT_BEYOND_ALLOWANCE,False,,,,SPLIT_BEYOND_ALLOWANCE
fiber_010,76,B2|B3|B6,0.47842058483287564,0.46656714754377171,0.01185343728910393,0,0,8,8,1e-10,SPLIT_BEYOND_ALLOWANCE,False,,,,SPLIT_BEYOND_ALLOWANCE
fiber_010,77,B0|B2|B3|B6,0.47440592662111797,0.46365829465589364,0.010747631965224325,0,0,8,8,1e-10,SPLIT_BEYOND_ALLOWANCE,False,,,,SPLIT_BEYOND_ALLOWANCE
fiber_010,78,B1|B2|B3|B6,0.13907978467544274,0.13173687267907208,0.0073429119963706602,0,0,8,8,1e-10,SPLIT_BEYOND_ALLOWANCE,False,,,,SPLIT_BEYOND_ALLOWANCE
fiber_010,79,B0|B1|B2|B3|B6,0.12703510609033855,0.12207052072059044,0.0049645853697481146,0,0,4,4,1e-10,SPLIT_BEYOND_ALLOWANCE,False,,,,SPLIT_BEYOND_ALLOWANCE
fiber_010,80,B4|B6,0.46882001633846365,0.45791634544948201,0.010903670888981642,0,0,4,4,1e-10,SPLIT_BEYOND_ALLOWANCE,False,,,,SPLIT_BEYOND_ALLOWANCE
fiber_010,81,B0|B4|B6,0.4724334186072236,0.46075975224153826,0.011673666365685342,0,0,8,8,1e-10,SPLIT_BEYOND_ALLOWANCE,False,,,,SPLIT_BEYOND_ALLOWANCE
fiber_010,82,B1|B4|B6,0.14483834073083249,0.13213575018690027,0.012702590543932218,0,0,8,8,1e-10,SPLIT_BEYOND_ALLOWANCE,False,,,,SPLIT_BEYOND_ALLOWANCE
fiber_010,83,B0|B1|B4|B6,0.1403440126884973,0.12815831916795878,0.012185693520538526,0,0,8,8,1e-10,SPLIT_BEYOND_ALLOWANCE,False,,,,SPLIT_BEYOND_ALLOWANCE
fiber_010,84,B2|B4|B6,0.52208940173621243,0.54749523016636792,0.025405828430155486,0,0,8,8,1e-10,SPLIT_BEYOND_ALLOWANCE,False,,,,SPLIT_BEYOND_ALLOWANCE
fiber_010,85,B0|B2|B4|B6,0.51944108467371475,0.54562926197113593,0.026188177297421178,0,0,8,8,1e-10,SPLIT_BEYOND_ALLOWANCE,False,,,,SPLIT_BEYOND_ALLOWANCE
fiber_010,86,B1|B2|B4|B6,0.17215155655400388,0.20371869247186752,0.031567135917863642,7.3319138676280869e-33,3.8153913555416797e-33,4,4,1e-10,SPLIT_BEYOND_ALLOWANCE,False,,,,SPLIT_BEYOND_ALLOWANCE
fiber_010,87,B0|B1|B2|B4|B6,0.16161698212985426,0.19517913945422768,0.033562157324373426,0,0,4,4,1e-10,SPLIT_BEYOND_ALLOWANCE,False,,,,SPLIT_BEYOND_ALLOWANCE
fiber_010,88,B3|B4|B6,0.56323041903585658,0.57766400486502856,0.01443358582917198,0,0,8,8,1e-10,SPLIT_BEYOND_ALLOWANCE,False,,,,SPLIT_BEYOND_ALLOWANCE
fiber_010,89,B0|B3|B4|B6,0.5607417354092662,0.57560561126881138,0.014863875859545184,0,0,8,8,1e-10,SPLIT_BEYOND_ALLOWANCE,False,,,,SPLIT_BEYOND_ALLOWANCE
fiber_010,90,B1|B3|B4|B6,0.22529298540232429,0.24018850140311732,0.01489551600079303,0,0,8,8,1e-10,SPLIT_BEYOND_ALLOWANCE,False,,,,SPLIT_BEYOND_ALLOWANCE
fiber_010,91,B0|B1|B3|B4|B6,0.2139184555349106,0.23085472964924916,0.016936274114338568,0,0,4,4,1e-10,SPLIT_BEYOND_ALLOWANCE,False,,,,SPLIT_BEYOND_ALLOWANCE
fiber_010,92,B2|B3|B4|B6,0.39128187756891625,0.37946709009728491,0.011814787471631338,0,0,8,8,1e-10,SPLIT_BEYOND_ALLOWANCE,False,,,,SPLIT_BEYOND_ALLOWANCE
fiber_010,93,B0|B2|B3|B4|B6,0.3826791681314855,0.3728635442887786,0.0098156238427068998,0,0,4,4,1e-10,SPLIT_BEYOND_ALLOWANCE,False,,,,SPLIT_BEYOND_ALLOWANCE
fiber_010,94,B1|B2|B3|B4|B6,0.035345579373643139,0.030675429041527317,0.0046701503321158223,0,0,4,4,1e-10,SPLIT_BEYOND_ALLOWANCE,False,,,,SPLIT_BEYOND_ALLOWANCE
fiber_010,95,B0|B1|B2|B3|B4|B6,0.019810587934709654,0.018338327424626391,0.0014722605100832634,0,0,2,2,1e-10,SPLIT_BEYOND_ALLOWANCE,False,,,,SPLIT_BEYOND_ALLOWANCE
fiber_010,96,B5|B6,0.39289070636901779,0.38011951695916207,0.012771189409855721,0,0,4,4,1e-10,SPLIT_BEYOND_ALLOWANCE,False,,,,SPLIT_BEYOND_ALLOWANCE
fiber_010,97,B0|B5|B6,0.39821073971106125,0.38399118214884997,0.014219557562211271,0,0,8,8,1e-10,SPLIT_BEYOND_ALLOWANCE,False,,,,SPLIT_BEYOND_ALLOWANCE
fiber_010,98,B1|B5|B6,0.091301635816226648,0.071562770164149553,0.019738865652077095,0,0,8,8,1e-10,SPLIT_BEYOND_ALLOWANCE,False,,,,SPLIT_BEYOND_ALLOWANCE
fiber_010,99,B0|B1|B5|B6,0.086702047547714572,0.06734141488972159,0.019360632657992982,4.5483433330941448e-33,6.9630840819057852e-33,4,4,1e-10,SPLIT_BEYOND_ALLOWANCE,False,,,,SPLIT_BEYOND_ALLOWANCE
fiber_010,100,B2|B5|B6,0.56171612854490993,0.57723004840885606,0.015513919863946124,0,0,8,8,1e-10,SPLIT_BEYOND_ALLOWANCE,False,,,,SPLIT_BEYOND_ALLOWANCE
fiber_010,101,B0|B2|B5|B6,0.56007532227305978,0.57600785775093,0.015932535477870213,0,0,8,8,1e-10,SPLIT_BEYOND_ALLOWANCE,False,,,,SPLIT_BEYOND_ALLOWANCE
fiber_010,102,B1|B2|B5|B6,0.22653715563459648,0.24512071530907148,0.018583559674475003,0,0,8,8,1e-10,SPLIT_BEYOND_ALLOWANCE,False,,,,SPLIT_BEYOND_ALLOWANCE
fiber_010,103,B0|B1|B2|B5|B6,0.21651687307540374,0.23682435554511713,0.020307482469713395,0,0,4,4,1e-10,SPLIT_BEYOND_ALLOWANCE,False,,,,SPLIT_BEYOND_ALLOWANCE
fiber_010,104,B3|B5|B6,0.52663983619322863,0.5502502823715143,0.023610446178285671,0,0,8,8,1e-10,SPLIT_BEYOND_ALLOWANCE,False,,,,SPLIT_BEYOND_ALLOWANCE
fiber_010,105,B0|B3|B5|B6,0.52541936797651245,0.54900488978634954,0.023585521809837084,0,0,8,8,1e-10,SPLIT_BEYOND_ALLOWANCE,False,,,,SPLIT_BEYOND_ALLOWANCE
fiber_010,106,B1|B3|B5|B6,0.20353742048266049,0.22398788296617822,0.020450462483517728,0,0,8,8,1e-10,SPLIT_BEYOND_ALLOWANCE,False,,,,SPLIT_BEYOND_ALLOWANCE
fiber_010,107,B0|B1|B3|B5|B6,0.19328764424471065,0.2154005474056398,0.022112903160929148,0,0,4,4,1e-10,SPLIT_BEYOND_ALLOWANCE,False,,,,SPLIT_BEYOND_ALLOWANCE
fiber_010,108,B2|B3|B5|B6,0.47013758219390572,0.45962233244035272,0.010515249753553002,0,0,8,8,1e-10,SPLIT_BEYOND_ALLOWANCE,False,,,,SPLIT_BEYOND_ALLOWANCE
fiber_010,109,B0|B2|B3|B5|B6,0.46281797200634311,0.4538082736306801,0.0090096983756630111,0,0,4,4,1e-10,SPLIT_BEYOND_ALLOWANCE,False,,,,SPLIT_BEYOND_ALLOWANCE
fiber_010,110,B1|B2|B3|B5|B6,0.124861067683319,0.11858441245067419,0.0062766552326448122,0,0,4,4,1e-10,SPLIT_BEYOND_ALLOWANCE,False,,,,SPLIT_BEYOND_ALLOWANCE
fiber_010,111,B0|B1|B2|B3|B5|B6,0.10987242534128265,0.10631421392858155,0.0035582114127011011,0,0,2,2,1e-10,SPLIT_BEYOND_ALLOWANCE,False,,,,SPLIT_BEYOND_ALLOWANCE
fiber_010,112,B4|B5|B6,0.47802193367599022,0.46550755560284868,0.012514378073141541,0,0,8,8,1e-10,SPLIT_BEYOND_ALLOWANCE,False,,,,SPLIT_BEYOND_ALLOWANCE
fiber_010,113,B0|B4|B5|B6,0.47795823640513824,0.46513368448354753,0.01282455192159071,0,0,8,8,1e-10,SPLIT_BEYOND_ALLOWANCE,False,,,,SPLIT_BEYOND_ALLOWANCE
fiber_010,114,B1|B4|B5|B6,0.14768200826360034,0.13318867171844073,0.014493336545159607,0,0,8,8,1e-10,SPLIT_BEYOND_ALLOWANCE,False,,,,SPLIT_BEYOND_ALLOWANCE
fiber_010,115,B0|B1|B4|B5|B6,0.13850809303489986,0.12514148561187827,0.013366607423021593,0,0,4,4,1e-10,SPLIT_BEYOND_ALLOWANCE,False,,,,SPLIT_BEYOND_ALLOWANCE
fiber_010,116,B2|B4|B5|B6,0.52338233024012459,0.54795474738847805,0.024572417148353454,0,0,8,8,1e-10,SPLIT_BEYOND_ALLOWANCE,False,,,,SPLIT_BEYOND_ALLOWANCE
fiber_010,117,B0|B2|B4|B5|B6,0.51717202846933419,0.54288075501657762,0.025708726547243432,0,0,4,4,1e-10,SPLIT_BEYOND_ALLOWANCE,False,,,,SPLIT_BEYOND_ALLOWANCE
fiber_010,118,B1|B2|B4|B5|B6,0.1678322792962145,0.19828202972698084,0.030449750430766337,0,0,4,4,1e-10,SPLIT_BEYOND_ALLOWANCE,False,,,,SPLIT_BEYOND_ALLOWANCE
fiber_010,119,B0|B1|B2|B4|B5|B6,0.15318764941632734,0.18609890302198517,0.032911253605657831,0,0,2,2,1e-10,SPLIT_BEYOND_ALLOWANCE,False,,,,SPLIT_BEYOND_ALLOWANCE
fiber_010,120,B3|B4|B5|B6,0.55718652407914304,0.57304182219180233,0.015855298112659288,0,0,8,8,1e-10,SPLIT_BEYOND_ALLOWANCE,False,,,,SPLIT_BEYOND_ALLOWANCE
fiber_010,121,B0|B3|B4|B5|B6,0.55148237810535672,0.56807585883632816,0.016593480730971444,0,0,4,4,1e-10,SPLIT_BEYOND_ALLOWANCE,False,,,,SPLIT_BEYOND_ALLOWANCE
fiber_010,122,B1|B3|B4|B5|B6,0.21231162741319312,0.22861566733675837,0.016304039923565244,0,0,4,4,1e-10,SPLIT_BEYOND_ALLOWANCE,False,,,,SPLIT_BEYOND_ALLOWANCE
fiber_010,123,B0|B1|B3|B4|B5|B6,0.19744980034896631,0.21621602938336312,0.018766229034396814,0,0,2,2,1e-10,SPLIT_BEYOND_ALLOWANCE,False,,,,SPLIT_BEYOND_ALLOWANCE
fiber_010,124,B2|B3|B4|B5|B6,0.37926015412258179,0.36883353736244368,0.010426616760138119,0,0,4,4,1e-10,SPLIT_BEYOND_ALLOWANCE,False,,,,SPLIT_BEYOND_ALLOWANCE
fiber_010,125,B0|B2|B3|B4|B5|B6,0.36788819105989684,0.35973106666929067,0.0081571243906061741,0,0,2,2,1e-10,SPLIT_BEYOND_ALLOWANCE,False,,,,SPLIT_BEYOND_ALLOWANCE
fiber_010,126,B1|B2|B3|B4|B5|B6,0.018529205215555677,0.015026854019478657,0.00350235119607702,0,0,2,2,1e-10,SPLIT_BEYOND_ALLOWANCE,False,,,,SPLIT_BEYOND_ALLOWANCE
fiber_010,127,B0|B1|B2|B3|B4|B5|B6,0,0,0,0,0,1,1,1e-10,EQUAL_WITHIN_ALLOWANCE,False,,,,EQUAL_WITHIN_ALLOWANCE
fiber_011,0,EMPTY,0,0,0,0,0,1,1,1e-10,EQUAL_WITHIN_ALLOWANCE,False,,,,EQUAL_WITHIN_ALLOWANCE
fiber_011,1,B0,0.35724708736588212,0.35759773744769108,0.0003506500818089564,0,0,2,2,1e-10,SPLIT_BEYOND_ALLOWANCE,False,,,,SPLIT_BEYOND_ALLOWANCE
fiber_011,2,B1,0.094552515728970332,0.093909311479335705,0.00064320424963462686,0,0,2,2,1e-10,SPLIT_BEYOND_ALLOWANCE,False,,,,SPLIT_BEYOND_ALLOWANCE
fiber_011,3,B0|B1,0.44391560636279315,0.44367829354400962,0.0002373128187835305,0,0,4,4,1e-10,SPLIT_BEYOND_ALLOWANCE,False,,,,SPLIT_BEYOND_ALLOWANCE
fiber_011,4,B2,0.35442381851591204,0.3556281419126931,0.0012043233967810596,0,0,2,2,1e-10,SPLIT_BEYOND_ALLOWANCE,False,,,,SPLIT_BEYOND_ALLOWANCE
fiber_011,5,B0|B2,0.593985824163488,0.59481678892338086,0.00083096475989286045,0,0,4,4,1e-10,SPLIT_BEYOND_ALLOWANCE,False,,,,SPLIT_BEYOND_ALLOWANCE
fiber_011,6,B1|B2,0.42990924830216337,0.43051891760087563,0.0006096692987122565,0,0,4,4,1e-10,SPLIT_BEYOND_ALLOWANCE,False,,,,SPLIT_BEYOND_ALLOWANCE
fiber_011,7,B0|B1|B2,0.65187175491672444,0.65218020958547906,0.0003084546687546208,0,0,8,8,1e-10,SPLIT_BEYOND_ALLOWANCE,False,,,,SPLIT_BEYOND_ALLOWANCE
fiber_011,8,B3,0.25380811849152995,0.25299935286314956,0.00080876562838039234,0,0,2,2,1e-10,SPLIT_BEYOND_ALLOWANCE,False,,,,SPLIT_BEYOND_ALLOWANCE
fiber_011,9,B0|B3,0.48193446913209848,0.48149662331510223,0.0004378458169962407,0,0,4,4,1e-10,SPLIT_BEYOND_ALLOWANCE,False,,,,SPLIT_BEYOND_ALLOWANCE
fiber_011,10,B1|B3,0.33561738556389081,0.33424781364161765,0.0013695719222731606,0,0,4,4,1e-10,SPLIT_BEYOND_ALLOWANCE,False,,,,SPLIT_BEYOND_ALLOWANCE
fiber_011,11,B0|B1|B3,0.54624457482262379,0.54534007428100584,0.00090450054161794746,0,0,8,8,1e-10,SPLIT_BEYOND_ALLOWANCE,False,,,,SPLIT_BEYOND_ALLOWANCE
fiber_011,12,B2|B3,0.55097427902767815,0.551268282438927,0.00029400341124885543,0,0,4,4,1e-10,SPLIT_BEYOND_ALLOWANCE,False,,,,SPLIT_BEYOND_ALLOWANCE
fiber_011,13,B0|B2|B3,0.65222049952806238,0.65233515894421124,0.00011465941614885455,0,0,8,8,1e-10,SPLIT_BEYOND_ALLOWANCE,False,,,,SPLIT_BEYOND_ALLOWANCE
fiber_011,14,B1|B2|B3,0.60193094073261366,0.60173010591258402,0.00020083482002963837,0,0,8,8,1e-10,SPLIT_BEYOND_ALLOWANCE,False,,,,SPLIT_BEYOND_ALLOWANCE
fiber_011,15,B0|B1|B2|B3,0.67844473252376514,0.67819097338905576,0.00025375913470937483,0,0,16,16,1e-10,SPLIT_BEYOND_ALLOWANCE,False,,,,SPLIT_BEYOND_ALLOWANCE
fiber_011,16,B4,0.25811579097474102,0.25751266206958184,0.00060312890515917816,0,0,2,2,1e-10,SPLIT_BEYOND_ALLOWANCE,False,,,,SPLIT_BEYOND_ALLOWANCE
fiber_011,17,B0|B4,0.52186657877824882,0.52149961795102151,0.00036696082722731393,0,0,4,4,1e-10,SPLIT_BEYOND_ALLOWANCE,False,,,,SPLIT_BEYOND_ALLOWANCE
fiber_011,18,B1|B4,0.33681853706993542,0.33574932958085613,0.0010692074890792935,0,0,4,4,1e-10,SPLIT_BEYOND_ALLOWANCE,False,,,,SPLIT_BEYOND_ALLOWANCE
fiber_011,19,B0|B1|B4,0.57735079959801405,0.57675905743060008,0.00059174216741397778,0,0,8,8,1e-10,SPLIT_BEYOND_ALLOWANCE,False,,,,SPLIT_BEYOND_ALLOWANCE
fiber_011,20,B2|B4,0.52066268636719992,0.5211998871024226,0.00053720073522267597,0,0,4,4,1e-10,SPLIT_BEYOND_ALLOWANCE,False,,,,SPLIT_BEYOND_ALLOWANCE
fiber_011,21,B0|B2|B4,0.64139419358758609,0.64178169430151499,0.00038750071392890106,0,0,8,8,1e-10,SPLIT_BEYOND_ALLOWANCE,False,,,,SPLIT_BEYOND_ALLOWANCE
fiber_011,22,B1|B2|B4,0.56471157194463473,0.56492638284972474,0.00021481090509001266,0,0,8,8,1e-10,SPLIT_BEYOND_ALLOWANCE,False,,,,SPLIT_BEYOND_ALLOWANCE
fiber_011,23,B0|B1|B2|B4,0.65494661922902275,0.65521505799718838,0.00026843876816562418,0,0,16,16,1e-10,SPLIT_BEYOND_ALLOWANCE,False,,,,SPLIT_BEYOND_ALLOWANCE
fiber_011,24,B3|B4,0.4541420257758102,0.45267407764434492,0.0014679481314652798,0,0,4,4,1e-10,SPLIT_BEYOND_ALLOWANCE,False,,,,SPLIT_BEYOND_ALLOWANCE
fiber_011,25,B0|B3|B4,0.56314030099512313,0.56254056278254516,0.00059973821257797155,0,0,8,8,1e-10,SPLIT_BEYOND_ALLOWANCE,False,,,,SPLIT_BEYOND_ALLOWANCE
fiber_011,26,B1|B3|B4,0.49318325220121961,0.49170993649020878,0.0014733157110108364,0,0,8,8,1e-10,SPLIT_BEYOND_ALLOWANCE,False,,,,SPLIT_BEYOND_ALLOWANCE
fiber_011,27,B0|B1|B3|B4,0.57665475217485995,0.57608887573371237,0.00056587644114758362,0,0,16,16,1e-10,SPLIT_BEYOND_ALLOWANCE,False,,,,SPLIT_BEYOND_ALLOWANCE
fiber_011,28,B2|B3|B4,0.63196732724743898,0.63193365419594238,3.3673051496596607e-05,0,0,8,8,1e-10,SPLIT_BEYOND_ALLOWANCE,False,,,,SPLIT_BEYOND_ALLOWANCE
fiber_011,29,B0|B2|B3|B4,0.58197207304157117,0.58242343165351129,0.0004513586119401225,0,0,16,16,1e-10,SPLIT_BEYOND_ALLOWANCE,False,,,,SPLIT_BEYOND_ALLOWANCE
fiber_011,30,B1|B2|B3|B4,0.6364359356459619,0.63639402400157885,4.1911644383052504e-05,0,0,16,16,1e-10,SPLIT_BEYOND_ALLOWANCE,False,,,,SPLIT_BEYOND_ALLOWANCE
fiber_011,31,B0|B1|B2|B3|B4,0.55569668178788945,0.55617684001499068,0.00048015822710123501,0,0,8,8,1e-10,SPLIT_BEYOND_ALLOWANCE,False,,,,SPLIT_BEYOND_ALLOWANCE
fiber_011,32,B5,0.13824689374540799,0.13754964336415268,0.00069725038125531547,0,0,2,2,1e-10,SPLIT_BEYOND_ALLOWANCE,False,,,,SPLIT_BEYOND_ALLOWANCE
fiber_011,33,B0|B5,0.43680198539667214,0.43667431151091568,0.00012767388575646299,0,0,4,4,1e-10,SPLIT_BEYOND_ALLOWANCE,False,,,,SPLIT_BEYOND_ALLOWANCE
fiber_011,34,B1|B5,0.22868693963343498,0.22743078669421563,0.0012561529392193516,0,0,4,4,1e-10,SPLIT_BEYOND_ALLOWANCE,False,,,,SPLIT_BEYOND_ALLOWANCE
fiber_011,35,B0|B1|B5,0.5179196704510568,0.51727572824576529,0.00064394220529151447,0,0,8,8,1e-10,SPLIT_BEYOND_ALLOWANCE,False,,,,SPLIT_BEYOND_ALLOWANCE
fiber_011,36,B2|B5,0.44422005985890634,0.4448339375929623,0.00061387773405596757,0,0,4,4,1e-10,SPLIT_BEYOND_ALLOWANCE,False,,,,SPLIT_BEYOND_ALLOWANCE
fiber_011,37,B0|B2|B5,0.62459122688747493,0.62521111826656539,0.00061989137909046477,0,0,8,8,1e-10,SPLIT_BEYOND_ALLOWANCE,False,,,,SPLIT_BEYOND_ALLOWANCE
fiber_011,38,B1|B2|B5,0.51185571387033324,0.51195969052520762,0.00010397665487438257,0,0,8,8,1e-10,SPLIT_BEYOND_ALLOWANCE,False,,,,SPLIT_BEYOND_ALLOWANCE
fiber_011,39,B0|B1|B2|B5,0.67396212399183786,0.67414690456752302,0.00018478057568516171,0,0,16,16,1e-10,SPLIT_BEYOND_ALLOWANCE,False,,,,SPLIT_BEYOND_ALLOWANCE
fiber_011,40,B3|B5,0.34903660363835104,0.34774376897981069,0.0012928346585403538,0,0,4,4,1e-10,SPLIT_BEYOND_ALLOWANCE,False,,,,SPLIT_BEYOND_ALLOWANCE
fiber_011,41,B0|B3|B5,0.51424868065507634,0.51358900544910613,0.00065967520597021156,0,0,8,8,1e-10,SPLIT_BEYOND_ALLOWANCE,False,,,,SPLIT_BEYOND_ALLOWANCE
fiber_011,42,B1|B3|B5,0.42317996370409872,0.42138718009798393,0.0017927836061147895,0,0,8,8,1e-10,SPLIT_BEYOND_ALLOWANCE,False,,,,SPLIT_BEYOND_ALLOWANCE
fiber_011,43,B0|B1|B3|B5,0.56749178218319307,0.56648755787105265,0.0010042243121404226,0,0,16,16,1e-10,SPLIT_BEYOND_ALLOWANCE,False,,,,SPLIT_BEYOND_ALLOWANCE
fiber_011,44,B2|B3|B5,0.60270494495936744,0.6026463074842312,5.8637475136236183e-05,0,0,8,8,1e-10,SPLIT_BEYOND_ALLOWANCE,False,,,,SPLIT_BEYOND_ALLOWANCE
fiber_011,45,B0|B2|B3|B5,0.63643840326773626,0.6365406532263741,0.00010224995863783448,0,0,16,16,1e-10,SPLIT_BEYOND_ALLOWANCE,False,,,,SPLIT_BEYOND_ALLOWANCE
fiber_011,46,B1|B2|B3|B5,0.64081325316238025,0.64036490189264617,0.0004483512697340819,0,0,16,16,1e-10,SPLIT_BEYOND_ALLOWANCE,False,,,,SPLIT_BEYOND_ALLOWANCE
fiber_011,47,B0|B1|B2|B3|B5,0.64827445607659162,0.64813694292113144,0.00013751315546017828,0,0,8,8,1e-10,SPLIT_BEYOND_ALLOWANCE,False,,,,SPLIT_BEYOND_ALLOWANCE
fiber_011,48,B4|B5,0.37444082749675467,0.37304502392960842,0.0013958035671462476,0,0,4,4,1e-10,SPLIT_BEYOND_ALLOWANCE,False,,,,SPLIT_BEYOND_ALLOWANCE
fiber_011,49,B0|B4|B5,0.56528775662329789,0.56452758659664803,0.00076017002664985345,0,0,8,8,1e-10,SPLIT_BEYOND_ALLOWANCE,False,,,,SPLIT_BEYOND_ALLOWANCE
fiber_011,50,B1|B4|B5,0.44151696172960297,0.43984728729861144,0.0016696744309915301,0,0,8,8,1e-10,SPLIT_BEYOND_ALLOWANCE,False,,,,SPLIT_BEYOND_ALLOWANCE
fiber_011,51,B0|B1|B4|B5,0.6101088019724894,0.60926898119780248,0.00083982077468691685,0,0,16,16,1e-10,SPLIT_BEYOND_ALLOWANCE,False,,,,SPLIT_BEYOND_ALLOWANCE
fiber_011,52,B2|B4|B5,0.58856683947435084,0.58859432682402513,2.7487349674282235e-05,0,0,8,8,1e-10,SPLIT_BEYOND_ALLOWANCE,False,,,,SPLIT_BEYOND_ALLOWANCE
fiber_011,53,B0|B2|B4|B5,0.63784898704816473,0.63818806236019343,0.00033907531202870267,0,0,16,16,1e-10,SPLIT_BEYOND_ALLOWANCE,False,,,,SPLIT_BEYOND_ALLOWANCE
fiber_011,54,B1|B2|B4|B5,0.61932661458919103,0.61918753768333878,0.00013907690585224231,0,0,16,16,1e-10,SPLIT_BEYOND_ALLOWANCE,False,,,,SPLIT_BEYOND_ALLOWANCE
fiber_011,55,B0|B1|B2|B4|B5,0.63776972949526722,0.63813174920989879,0.00036201971463156735,0,0,8,8,1e-10,SPLIT_BEYOND_ALLOWANCE,False,,,,SPLIT_BEYOND_ALLOWANCE
fiber_011,56,B3|B4|B5,0.51430192472866798,0.51244661563415284,0.0018553090945151451,0,0,8,8,1e-10,SPLIT_BEYOND_ALLOWANCE,False,,,,SPLIT_BEYOND_ALLOWANCE
fiber_011,57,B0|B3|B4|B5,0.55107088284888639,0.55046551397043575,0.00060536887845064058,7.8762536279294737e-33,7.2760119973730706e-33,8,8,1e-10,SPLIT_BEYOND_ALLOWANCE,False,,,,SPLIT_BEYOND_ALLOWANCE
fiber_011,58,B1|B3|B4|B5,0.5423163427312806,0.54054069341910238,0.001775649312178218,0,0,16,16,1e-10,SPLIT_BEYOND_ALLOWANCE,False,,,,SPLIT_BEYOND_ALLOWANCE
fiber_011,59,B0|B1|B3|B4|B5,0.55632474037221791,0.55583172744891796,0.00049301292329995139,0,0,8,8,1e-10,SPLIT_BEYOND_ALLOWANCE,False,,,,SPLIT_BEYOND_ALLOWANCE
fiber_011,60,B2|B3|B4|B5,0.64881288280815652,0.64862324263755478,0.00018964017060174587,0,0,16,16,1e-10,SPLIT_BEYOND_ALLOWANCE,False,,,,SPLIT_BEYOND_ALLOWANCE
fiber_011,61,B0|B2|B3|B4|B5,0.53067077679728125,0.53139099274704382,0.00072021594976257042,0,0,8,8,1e-10,SPLIT_BEYOND_ALLOWANCE,False,,,,SPLIT_BEYOND_ALLOWANCE
fiber_011,62,B1|B2|B3|B4|B5,0.63988649973253886,0.63980640057673843,8.0099155800428257e-05,0,0,8,8,1e-10,SPLIT_BEYOND_ALLOWANCE,False,,,,SPLIT_BEYOND_ALLOWANCE
fiber_011,63,B0|B1|B2|B3|B4|B5,0.49262923396220271,0.49348182695596293,0.00085259299376022613,0,0,4,4,1e-10,SPLIT_BEYOND_ALLOWANCE,False,,,,SPLIT_BEYOND_ALLOWANCE
fiber_011,64,B6,0.052453727181344431,0.052313863280139365,0.00013986390120506592,0,0,2,2,1e-10,SPLIT_BEYOND_ALLOWANCE,False,,,,SPLIT_BEYOND_ALLOWANCE
fiber_011,65,B0|B6,0.4072851066000443,0.4074706918200538,0.00018558522000949873,0,0,4,4,1e-10,SPLIT_BEYOND_ALLOWANCE,False,,,,SPLIT_BEYOND_ALLOWANCE
fiber_011,66,B1|B6,0.13205759709299675,0.1311762164404229,0.00088138065257384324,0,0,4,4,1e-10,SPLIT_BEYOND_ALLOWANCE,False,,,,SPLIT_BEYOND_ALLOWANCE
fiber_011,67,B0|B1|B6,0.47482345553301025,0.47434522909782773,0.00047822643518252717,0,0,8,8,1e-10,SPLIT_BEYOND_ALLOWANCE,False,,,,SPLIT_BEYOND_ALLOWANCE
fiber_011,68,B2|B6,0.40031497895897405,0.40127922506590019,0.00096424610692613655,0,0,4,4,1e-10,SPLIT_BEYOND_ALLOWANCE,False,,,,SPLIT_BEYOND_ALLOWANCE
fiber_011,69,B0|B2|B6,0.6341053880054498,0.63463433536863134,0.00052894736318154223,0,0,8,8,1e-10,SPLIT_BEYOND_ALLOWANCE,False,,,,SPLIT_BEYOND_ALLOWANCE
fiber_011,70,B1|B2|B6,0.45823610276246357,0.45850186270694415,0.00026575994448058138,0,0,8,8,1e-10,SPLIT_BEYOND_ALLOWANCE,False,,,,SPLIT_BEYOND_ALLOWANCE
fiber_011,71,B0|B1|B2|B6,0.66619535755769133,0.66611632876923821,7.9028788453117116e-05,0,0,16,16,1e-10,SPLIT_BEYOND_ALLOWANCE,False,,,,SPLIT_BEYOND_ALLOWANCE
fiber_011,72,B3|B6,0.30369227406726612,0.30277301420044217,0.00091925986682395155,0,0,4,4,1e-10,SPLIT_BEYOND_ALLOWANCE,False,,,,SPLIT_BEYOND_ALLOWANCE
fiber_011,73,B0|B3|B6,0.52537626526768333,0.52485114893994012,0.0005251163277432136,0,0,8,8,1e-10,SPLIT_BEYOND_ALLOWANCE,False,,,,SPLIT_BEYOND_ALLOWANCE
fiber_011,74,B1|B3|B6,0.36369841386482221,0.3621717560718789,0.0015266577929433089,0,0,8,8,1e-10,SPLIT_BEYOND_ALLOWANCE,False,,,,SPLIT_BEYOND_ALLOWANCE
fiber_011,75,B0|B1|B3|B6,0.5628370465347573,0.56182228844842386,0.0010147580863334449,0,0,16,16,1e-10,SPLIT_BEYOND_ALLOWANCE,False,,,,SPLIT_BEYOND_ALLOWANCE
fiber_011,76,B2|B3|B6,0.5898114158744947,0.58991065625135197,9.9240376857268053e-05,0,0,8,8,1e-10,SPLIT_BEYOND_ALLOWANCE,False,,,,SPLIT_BEYOND_ALLOWANCE
fiber_011,77,B0|B2|B3|B6,0.68165262211686062,0.6816110324708109,4.1589646049722262e-05,0,0,16,16,1e-10,SPLIT_BEYOND_ALLOWANCE,False,,,,SPLIT_BEYOND_ALLOWANCE
fiber_011,78,B1|B2|B3|B6,0.61422609237979531,0.61377503211325546,0.00045106026653984888,0,0,16,16,1e-10,SPLIT_BEYOND_ALLOWANCE,False,,,,SPLIT_BEYOND_ALLOWANCE
fiber_011,79,B0|B1|B2|B3|B6,0.67481342096548391,0.67437551220738112,0.00043790875810278962,0,0,8,8,1e-10,SPLIT_BEYOND_ALLOWANCE,False,,,,SPLIT_BEYOND_ALLOWANCE
fiber_011,80,B4|B6,0.30241995651474346,0.30180136130223445,0.00061859521250900995,0,0,4,4,1e-10,SPLIT_BEYOND_ALLOWANCE,False,,,,SPLIT_BEYOND_ALLOWANCE
fiber_011,81,B0|B4|B6,0.55469779431541755,0.55438748448908792,0.00031030982632962445,0,0,8,8,1e-10,SPLIT_BEYOND_ALLOWANCE,False,,,,SPLIT_BEYOND_ALLOWANCE
fiber_011,82,B1|B4|B6,0.35058968860090572,0.34958608179568651,0.0010036068052192149,0,0,8,8,1e-10,SPLIT_BEYOND_ALLOWANCE,False,,,,SPLIT_BEYOND_ALLOWANCE
fiber_011,83,B0|B1|B4|B6,0.5780605256582495,0.57759155460896616,0.00046897104928333988,0,0,16,16,1e-10,SPLIT_BEYOND_ALLOWANCE,False,,,,SPLIT_BEYOND_ALLOWANCE
fiber_011,84,B2|B4|B6,0.55015035508119003,0.55066269750444663,0.0005123424232565954,0,0,8,8,1e-10,SPLIT_BEYOND_ALLOWANCE,False,,,,SPLIT_BEYOND_ALLOWANCE
fiber_011,85,B0|B2|B4|B6,0.65611651583200348,0.65654517564098636,0.00042865980898287859,0,0,16,16,1e-10,SPLIT_BEYOND_ALLOWANCE,False,,,,SPLIT_BEYOND_ALLOWANCE
fiber_011,86,B1|B2|B4|B6,0.56240094606475877,0.56261584548699783,0.00021489942223906766,0,0,16,16,1e-10,SPLIT_BEYOND_ALLOWANCE,False,,,,SPLIT_BEYOND_ALLOWANCE
fiber_011,87,B0|B1|B2|B4|B6,0.63644904900538746,0.63677771220362289,0.00032866319823543488,0,0,8,8,1e-10,SPLIT_BEYOND_ALLOWANCE,False,,,,SPLIT_BEYOND_ALLOWANCE
fiber_011,88,B3|B4|B6,0.48279540375843699,0.48153573194024984,0.0012596718181871469,0,0,8,8,1e-10,SPLIT_BEYOND_ALLOWANCE,False,,,,SPLIT_BEYOND_ALLOWANCE
fiber_011,89,B0|B3|B4|B6,0.58287053218105722,0.5825098994068314,0.00036063277422582196,0,0,16,16,1e-10,SPLIT_BEYOND_ALLOWANCE,False,,,,SPLIT_BEYOND_ALLOWANCE
fiber_011,90,B1|B3|B4|B6,0.4889385252431861,0.48772678265097336,0.0012117425922127389,1.0691669795242997e-32,1.1124152537476873e-32,8,8,1e-10,SPLIT_BEYOND_ALLOWANCE,False,,,,SPLIT_BEYOND_ALLOWANCE
fiber_011,91,B0|B1|B3|B4|B6,0.56403891434567943,0.56373775228672107,0.00030116205895835968,0,0,8,8,1e-10,SPLIT_BEYOND_ALLOWANCE,False,,,,SPLIT_BEYOND_ALLOWANCE
fiber_011,92,B2|B3|B4|B6,0.64331329400306125,0.64349576857088797,0.00018247456782671811,0,0,16,16,1e-10,SPLIT_BEYOND_ALLOWANCE,False,,,,SPLIT_BEYOND_ALLOWANCE
fiber_011,93,B0|B2|B3|B4|B6,0.58100605220276624,0.58168157892762995,0.00067552672486370646,0,0,8,8,1e-10,SPLIT_BEYOND_ALLOWANCE,False,,,,SPLIT_BEYOND_ALLOWANCE
fiber_011,94,B1|B2|B3|B4|B6,0.61671890089299841,0.6168854302820731,0.00016652938907468773,0,0,8,8,1e-10,SPLIT_BEYOND_ALLOWANCE,False,,,,SPLIT_BEYOND_ALLOWANCE
fiber_011,95,B0|B1|B2|B3|B4|B6,0.52718467768713828,0.52785642434945901,0.00067174666232072688,0,0,4,4,1e-10,SPLIT_BEYOND_ALLOWANCE,False,,,,SPLIT_BEYOND_ALLOWANCE
fiber_011,96,B5|B6,0.18843932077953468,0.18760375655714287,0.00083556422239181027,0,0,4,4,1e-10,SPLIT_BEYOND_ALLOWANCE,False,,,,SPLIT_BEYOND_ALLOWANCE
fiber_011,97,B0|B5|B6,0.48436011324770728,0.48408033154906865,0.0002797816986386259,0,0,8,8,1e-10,SPLIT_BEYOND_ALLOWANCE,False,,,,SPLIT_BEYOND_ALLOWANCE
fiber_011,98,B1|B5|B6,0.26325070794525746,0.26176458628282046,0.0014861216624370011,0,0,8,8,1e-10,SPLIT_BEYOND_ALLOWANCE,False,,,,SPLIT_BEYOND_ALLOWANCE
fiber_011,99,B0|B1|B5|B6,0.54498292068337517,0.54412037307271355,0.00086254761066162366,0,0,16,16,1e-10,SPLIT_BEYOND_ALLOWANCE,False,,,,SPLIT_BEYOND_ALLOWANCE
fiber_011,100,B2|B5|B6,0.48655787962611385,0.48693475824485821,0.00037687861874435846,0,0,8,8,1e-10,SPLIT_BEYOND_ALLOWANCE,False,,,,SPLIT_BEYOND_ALLOWANCE
fiber_011,101,B0|B2|B5|B6,0.66129627970108085,0.66163463792980826,0.00033835822872740895,0,0,16,16,1e-10,SPLIT_BEYOND_ALLOWANCE,False,,,,SPLIT_BEYOND_ALLOWANCE
fiber_011,102,B1|B2|B5|B6,0.53344236442257043,0.53323655397208314,0.00020581045048728708,0,0,16,16,1e-10,SPLIT_BEYOND_ALLOWANCE,False,,,,SPLIT_BEYOND_ALLOWANCE
fiber_011,103,B0|B1|B2|B5|B6,0.68223701195240416,0.68207219917683348,0.00016481277557067742,0,0,8,8,1e-10,SPLIT_BEYOND_ALLOWANCE,False,,,,SPLIT_BEYOND_ALLOWANCE
fiber_011,104,B3|B5|B6,0.39621637210947674,0.3948232188633693,0.0013931532461074481,0,0,8,8,1e-10,SPLIT_BEYOND_ALLOWANCE,False,,,,SPLIT_BEYOND_ALLOWANCE
fiber_011,105,B0|B3|B5|B6,0.5547047290245638,0.55398263973304585,0.00072208929151795775,0,0,16,16,1e-10,SPLIT_BEYOND_ALLOWANCE,False,,,,SPLIT_BEYOND_ALLOWANCE
fiber_011,106,B1|B3|B5|B6,0.44721107908405738,0.44529231933370511,0.0019187597503522724,0,0,16,16,1e-10,SPLIT_BEYOND_ALLOWANCE,False,,,,SPLIT_BEYOND_ALLOWANCE
fiber_011,107,B0|B1|B3|B5|B6,0.58007360560646015,0.57898888482646016,0.0010847207799999925,0,0,8,8,1e-10,SPLIT_BEYOND_ALLOWANCE,False,,,,SPLIT_BEYOND_ALLOWANCE
fiber_011,108,B2|B3|B5|B6,0.63722838521128899,0.63700425985992382,0.00022412535136517864,0,0,16,16,1e-10,SPLIT_BEYOND_ALLOWANCE,False,,,,SPLIT_BEYOND_ALLOWANCE
fiber_011,109,B0|B2|B3|B5|B6,0.66010846068871021,0.66007523979344096,3.3220895269248096e-05,0,0,8,8,1e-10,SPLIT_BEYOND_ALLOWANCE,False,,,,SPLIT_BEYOND_ALLOWANCE
fiber_011,110,B1|B2|B3|B5|B6,0.64628220948179327,0.64564046744324333,0.00064174203854994172,0,0,8,8,1e-10,SPLIT_BEYOND_ALLOWANCE,False,,,,SPLIT_BEYOND_ALLOWANCE
fiber_011,111,B0|B1|B2|B3|B5|B6,0.63939262931795504,0.63911874673167468,0.00027388258628036066,0,0,4,4,1e-10,SPLIT_BEYOND_ALLOWANCE,False,,,,SPLIT_BEYOND_ALLOWANCE
fiber_011,112,B4|B5|B6,0.41316412450639234,0.41183562812914865,0.0013284963772436931,0,0,8,8,1e-10,SPLIT_BEYOND_ALLOWANCE,False,,,,SPLIT_BEYOND_ALLOWANCE
fiber_011,113,B0|B4|B5|B6,0.5944988991619421,0.59384165744303485,0.00065724171890724215,0,0,16,16,1e-10,SPLIT_BEYOND_ALLOWANCE,False,,,,SPLIT_BEYOND_ALLOWANCE
fiber_011,114,B1|B4|B5|B6,0.4501056923580885,0.4485527899228815,0.0015529024352070042,0,0,16,16,1e-10,SPLIT_BEYOND_ALLOWANCE,False,,,,SPLIT_BEYOND_ALLOWANCE
fiber_011,115,B0|B1|B4|B5|B6,0.60672319029865263,0.60604546375670432,0.00067772654194830917,0,0,8,8,1e-10,SPLIT_BEYOND_ALLOWANCE,False,,,,SPLIT_BEYOND_ALLOWANCE
fiber_011,116,B2|B4|B5|B6,0.6119063530351363,0.61198655141956781,8.0198384431517944e-05,0,0,16,16,1e-10,SPLIT_BEYOND_ALLOWANCE,False,,,,SPLIT_BEYOND_ALLOWANCE
fiber_011,117,B0|B2|B4|B5|B6,0.64593591384627702,0.64637736398595624,0.00044145013967922253,0,0,8,8,1e-10,SPLIT_BEYOND_ALLOWANCE,False,,,,SPLIT_BEYOND_ALLOWANCE
fiber_011,118,B1|B2|B4|B5|B6,0.60943548152875004,0.60934160326118292,9.3878267567126805e-05,0,0,8,8,1e-10,SPLIT_BEYOND_ALLOWANCE,False,,,,SPLIT_BEYOND_ALLOWANCE
fiber_011,119,B0|B1|B2|B4|B5|B6,0.61369948930234686,0.61416286553308719,0.00046337623074033107,0,0,4,4,1e-10,SPLIT_BEYOND_ALLOWANCE,False,,,,SPLIT_BEYOND_ALLOWANCE
fiber_011,120,B3|B4|B5|B6,0.53849085768701854,0.53688098929567241,0.0016098683913461365,0,0,16,16,1e-10,SPLIT_BEYOND_ALLOWANCE,False,,,,SPLIT_BEYOND_ALLOWANCE
fiber_011,121,B0|B3|B4|B5|B6,0.56745433639602938,0.56711651764229143,0.00033781875373795067,0,0,8,8,1e-10,SPLIT_BEYOND_ALLOWANCE,False,,,,SPLIT_BEYOND_ALLOWANCE
fiber_011,122,B1|B3|B4|B5|B6,0.53409661934011388,0.53260787277671406,0.001488746563399812,0,0,8,8,1e-10,SPLIT_BEYOND_ALLOWANCE,False,,,,SPLIT_BEYOND_ALLOWANCE
fiber_011,123,B0|B1|B3|B4|B5|B6,0.54159042248434253,0.54137528150605463,0.00021514097828789769,0,0,4,4,1e-10,SPLIT_BEYOND_ALLOWANCE,False,,,,SPLIT_BEYOND_ALLOWANCE
fiber_011,124,B2|B3|B4|B5|B6,0.65356145936068788,0.65364491694045945,8.3457579771573087e-05,0,0,8,8,1e-10,SPLIT_BEYOND_ALLOWANCE,False,,,,SPLIT_BEYOND_ALLOWANCE
fiber_011,125,B0|B2|B3|B4|B5|B6,0.52320282412354258,0.52419292949269247,0.00099010536914989622,0,0,4,4,1e-10,SPLIT_BEYOND_ALLOWANCE,False,,,,SPLIT_BEYOND_ALLOWANCE
fiber_011,126,B1|B2|B3|B4|B5|B6,0.61515729704271738,0.61530669401941462,0.00014939697669724694,0,0,4,4,1e-10,SPLIT_BEYOND_ALLOWANCE,False,,,,SPLIT_BEYOND_ALLOWANCE
fiber_011,127,B0|B1|B2|B3|B4|B5|B6,0.46082487352035906,0.46188293182543494,0.0010580583050758818,0,0,2,2,1e-10,SPLIT_BEYOND_ALLOWANCE,False,,,,SPLIT_BEYOND_ALLOWANCE
fiber_011,128,B7,0.46082487352035895,0.46188293182543505,0.0010580583050761039,0,0,2,2,1e-10,SPLIT_BEYOND_ALLOWANCE,False,,,,SPLIT_BEYOND_ALLOWANCE
fiber_011,129,B0|B7,0.61515729704271727,0.61530669401941418,0.00014939697669691387,0,0,4,4,1e-10,SPLIT_BEYOND_ALLOWANCE,False,,,,SPLIT_BEYOND_ALLOWANCE
fiber_011,130,B1|B7,0.52320282412354258,0.52419292949269214,0.00099010536914956315,0,0,4,4,1e-10,SPLIT_BEYOND_ALLOWANCE,False,,,,SPLIT_BEYOND_ALLOWANCE
fiber_011,131,B0|B1|B7,0.65356145936068821,0.65364491694045967,8.3457579771462065e-05,0,0,8,8,1e-10,SPLIT_BEYOND_ALLOWANCE,False,,,,SPLIT_BEYOND_ALLOWANCE
fiber_011,132,B2|B7,0.54159042248434264,0.54137528150605474,0.00021514097828789769,0,0,4,4,1e-10,SPLIT_BEYOND_ALLOWANCE,False,,,,SPLIT_BEYOND_ALLOWANCE
fiber_011,133,B0|B2|B7,0.53409661934011399,0.53260787277671406,0.0014887465633999231,0,0,8,8,1e-10,SPLIT_BEYOND_ALLOWANCE,False,,,,SPLIT_BEYOND_ALLOWANCE
fiber_011,134,B1|B2|B7,0.56745433639602905,0.56711651764229176,0.00033781875373728454,0,0,8,8,1e-10,SPLIT_BEYOND_ALLOWANCE,False,,,,SPLIT_BEYOND_ALLOWANCE
fiber_011,135,B0|B1|B2|B7,0.53849085768701832,0.53688098929567274,0.0016098683913455814,0,0,16,16,1e-10,SPLIT_BEYOND_ALLOWANCE,False,,,,SPLIT_BEYOND_ALLOWANCE
fiber_011,136,B3|B7,0.61369948930234675,0.61416286553308741,0.00046337623074066414,0,0,4,4,1e-10,SPLIT_BEYOND_ALLOWANCE,False,,,,SPLIT_BEYOND_ALLOWANCE
fiber_011,137,B0|B3|B7,0.60943548152875038,0.6093416032611827,9.3878267567681917e-05,0,0,8,8,1e-10,SPLIT_BEYOND_ALLOWANCE,False,,,,SPLIT_BEYOND_ALLOWANCE
fiber_011,138,B1|B3|B7,0.6459359138462768,0.64637736398595613,0.00044145013967933355,0,0,8,8,1e-10,SPLIT_BEYOND_ALLOWANCE,False,,,,SPLIT_BEYOND_ALLOWANCE
fiber_011,139,B0|B1|B3|B7,0.6119063530351363,0.61198655141956793,8.0198384431628966e-05,0,0,16,16,1e-10,SPLIT_BEYOND_ALLOWANCE,False,,,,SPLIT_BEYOND_ALLOWANCE
fiber_011,140,B2|B3|B7,0.60672319029865318,0.60604546375670454,0.00067772654194864224,0,0,8,8,1e-10,SPLIT_BEYOND_ALLOWANCE,False,,,,SPLIT_BEYOND_ALLOWANCE
fiber_011,141,B0|B2|B3|B7,0.45010569235808806,0.44855278992288128,0.0015529024352067822,0,0,16,16,1e-10,SPLIT_BEYOND_ALLOWANCE,False,,,,SPLIT_BEYOND_ALLOWANCE
fiber_011,142,B1|B2|B3|B7,0.59449889916194187,0.59384165744303508,0.00065724171890679806,0,0,16,16,1e-10,SPLIT_BEYOND_ALLOWANCE,False,,,,SPLIT_BEYOND_ALLOWANCE
fiber_011,143,B0|B1|B2|B3|B7,0.41316412450639245,0.41183562812914876,0.0013284963772436931,0,0,8,8,1e-10,SPLIT_BEYOND_ALLOWANCE,False,,,,SPLIT_BEYOND_ALLOWANCE
fiber_011,144,B4|B7,0.63939262931795504,0.63911874673167413,0.00027388258628091577,0,0,4,4,1e-10,SPLIT_BEYOND_ALLOWANCE,False,,,,SPLIT_BEYOND_ALLOWANCE
fiber_011,145,B0|B4|B7,0.64628220948179294,0.64564046744324344,0.00064174203854949763,0,0,8,8,1e-10,SPLIT_BEYOND_ALLOWANCE,False,,,,SPLIT_BEYOND_ALLOWANCE
fiber_011,146,B1|B4|B7,0.6601084606887101,0.66007523979344107,3.3220895269026052e-05,0,0,8,8,1e-10,SPLIT_BEYOND_ALLOWANCE,False,,,,SPLIT_BEYOND_ALLOWANCE
fiber_011,147,B0|B1|B4|B7,0.63722838521128944,0.63700425985992415,0.00022412535136528966,0,0,16,16,1e-10,SPLIT_BEYOND_ALLOWANCE,False,,,,SPLIT_BEYOND_ALLOWANCE
fiber_011,148,B2|B4|B7,0.58007360560646004,0.57898888482646016,0.0010847207799998815,0,0,8,8,1e-10,SPLIT_BEYOND_ALLOWANCE,False,,,,SPLIT_BEYOND_ALLOWANCE
fiber_011,149,B0|B2|B4|B7,0.44721107908405716,0.44529231933370494,0.0019187597503522169,0,0,16,16,1e-10,SPLIT_BEYOND_ALLOWANCE,False,,,,SPLIT_BEYOND_ALLOWANCE
fiber_011,150,B1|B2|B4|B7,0.55470472902456347,0.55398263973304551,0.00072208929151795775,0,0,16,16,1e-10,SPLIT_BEYOND_ALLOWANCE,False,,,,SPLIT_BEYOND_ALLOWANCE
fiber_011,151,B0|B1|B2|B4|B7,0.39621637210947658,0.39482321886336869,0.0013931532461078922,0,0,8,8,1e-10,SPLIT_BEYOND_ALLOWANCE,False,,,,SPLIT_BEYOND_ALLOWANCE
fiber_011,152,B3|B4|B7,0.68223701195240372,0.6820721991768337,0.00016481277557001128,0,0,8,8,1e-10,SPLIT_BEYOND_ALLOWANCE,False,,,,SPLIT_BEYOND_ALLOWANCE
fiber_011,153,B0|B3|B4|B7,0.53344236442257009,0.53323655397208269,0.0002058104504873981,0,0,16,16,1e-10,SPLIT_BEYOND_ALLOWANCE,False,,,,SPLIT_BEYOND_ALLOWANCE
fiber_011,154,B1|B3|B4|B7,0.6612962797010804,0.66163463792980848,0.00033835822872807508,0,0,16,16,1e-10,SPLIT_BEYOND_ALLOWANCE,False,,,,SPLIT_BEYOND_ALLOWANCE
fiber_011,155,B0|B1|B3|B4|B7,0.48655787962611413,0.48693475824485816,0.0003768786187440254,0,0,8,8,1e-10,SPLIT_BEYOND_ALLOWANCE,False,,,,SPLIT_BEYOND_ALLOWANCE
fiber_011,156,B2|B3|B4|B7,0.54498292068337528,0.54412037307271355,0.00086254761066173469,0,0,16,16,1e-10,SPLIT_BEYOND_ALLOWANCE,False,,,,SPLIT_BEYOND_ALLOWANCE
fiber_011,157,B0|B2|B3|B4|B7,0.26325070794525768,0.26176458628282079,0.00148612166243689,0,0,8,8,1e-10,SPLIT_BEYOND_ALLOWANCE,False,,,,SPLIT_BEYOND_ALLOWANCE
fiber_011,158,B1|B2|B3|B4|B7,0.48436011324770711,0.48408033154906877,0.00027978169863834834,0,0,8,8,1e-10,SPLIT_BEYOND_ALLOWANCE,False,,,,SPLIT_BEYOND_ALLOWANCE
fiber_011,159,B0|B1|B2|B3|B4|B7,0.18843932077953471,0.1876037565571427,0.00083556422239200456,0,0,4,4,1e-10,SPLIT_BEYOND_ALLOWANCE,False,,,,SPLIT_BEYOND_ALLOWANCE
fiber_011,160,B5|B7,0.5271846776871385,0.52785642434945901,0.00067174666232050484,0,0,4,4,1e-10,SPLIT_BEYOND_ALLOWANCE,False,,,,SPLIT_BEYOND_ALLOWANCE
fiber_011,161,B0|B5|B7,0.61671890089299852,0.61688543028207321,0.00016652938907468773,0,0,8,8,1e-10,SPLIT_BEYOND_ALLOWANCE,False,,,,SPLIT_BEYOND_ALLOWANCE
fiber_011,162,B1|B5|B7,0.58100605220276647,0.58168157892762984,0.0006755267248633734,0,0,8,8,1e-10,SPLIT_BEYOND_ALLOWANCE,False,,,,SPLIT_BEYOND_ALLOWANCE
fiber_011,163,B0|B1|B5|B7,0.64331329400306148,0.64349576857088753,0.00018247456782605198,0,0,16,16,1e-10,SPLIT_BEYOND_ALLOWANCE,False,,,,SPLIT_BEYOND_ALLOWANCE
fiber_011,164,B2|B5|B7,0.56403891434567932,0.56373775228672096,0.00030116205895835968,0,0,8,8,1e-10,SPLIT_BEYOND_ALLOWANCE,False,,,,SPLIT_BEYOND_ALLOWANCE
fiber_011,165,B0|B2|B5|B7,0.48893852524318665,0.48772678265097302,0.0012117425922136271,5.2678716427961633e-33,8.6678925808233283e-33,8,8,1e-10,SPLIT_BEYOND_ALLOWANCE,False,,,,SPLIT_BEYOND_ALLOWANCE
fiber_011,166,B1|B2|B5|B7,0.58287053218105744,0.58250989940683184,0.00036063277422559992,0,0,16,16,1e-10,SPLIT_BEYOND_ALLOWANCE,False,,,,SPLIT_BEYOND_ALLOWANCE
fiber_011,167,B0|B1|B2|B5|B7,0.48279540375843671,0.48153573194025001,0.0012596718181867028,0,0,8,8,1e-10,SPLIT_BEYOND_ALLOWANCE,False,,,,SPLIT_BEYOND_ALLOWANCE
fiber_011,168,B3|B5|B7,0.63644904900538746,0.63677771220362245,0.00032866319823499079,0,0,8,8,1e-10,SPLIT_BEYOND_ALLOWANCE,False,,,,SPLIT_BEYOND_ALLOWANCE
fiber_011,169,B0|B3|B5|B7,0.56240094606475866,0.56261584548699795,0.00021489942223928971,0,0,16,16,1e-10,SPLIT_BEYOND_ALLOWANCE,False,,,,SPLIT_BEYOND_ALLOWANCE
fiber_011,170,B1|B3|B5|B7,0.65611651583200337,0.65654517564098624,0.00042865980898287859,0,0,16,16,1e-10,SPLIT_BEYOND_ALLOWANCE,False,,,,SPLIT_BEYOND_ALLOWANCE
fiber_011,171,B0|B1|B3|B5|B7,0.55015035508119026,0.55066269750444641,0.00051234242325615131,0,0,8,8,1e-10,SPLIT_BEYOND_ALLOWANCE,False,,,,SPLIT_BEYOND_ALLOWANCE
fiber_011,172,B2|B3|B5|B7,0.57806052565824984,0.57759155460896638,0.0004689710492834509,0,0,16,16,1e-10,SPLIT_BEYOND_ALLOWANCE,False,,,,SPLIT_BEYOND_ALLOWANCE
fiber_011,173,B0|B2|B3|B5|B7,0.35058968860090589,0.34958608179568651,0.0010036068052193814,0,0,8,8,1e-10,SPLIT_BEYOND_ALLOWANCE,False,,,,SPLIT_BEYOND_ALLOWANCE
fiber_011,174,B1|B2|B3|B5|B7,0.55469779431541766,0.55438748448908781,0.00031030982632984649,0,0,8,8,1e-10,SPLIT_BEYOND_ALLOWANCE,False,,,,SPLIT_BEYOND_ALLOWANCE
fiber_011,175,B0|B1|B2|B3|B5|B7,0.30241995651474329,0.30180136130223434,0.00061859521250895444,0,0,4,4,1e-10,SPLIT_BEYOND_ALLOWANCE,False,,,,SPLIT_BEYOND_ALLOWANCE
fiber_011,176,B4|B5|B7,0.6748134209654838,0.67437551220738157,0.00043790875810223451,0,0,8,8,1e-10,SPLIT_BEYOND_ALLOWANCE,False,,,,SPLIT_BEYOND_ALLOWANCE
fiber_011,177,B0|B4|B5|B7,0.61422609237979531,0.61377503211325568,0.00045106026653962683,0,0,16,16,1e-10,SPLIT_BEYOND_ALLOWANCE,False,,,,SPLIT_BEYOND_ALLOWANCE
fiber_011,178,B1|B4|B5|B7,0.6816526221168604,0.68161103247081056,4.1589646049833284e-05,0,0,16,16,1e-10,SPLIT_BEYOND_ALLOWANCE,False,,,,SPLIT_BEYOND_ALLOWANCE
fiber_011,179,B0|B1|B4|B5|B7,0.58981141587449448,0.58991065625135219,9.9240376857712143e-05,0,0,8,8,1e-10,SPLIT_BEYOND_ALLOWANCE,False,,,,SPLIT_BEYOND_ALLOWANCE
fiber_011,180,B2|B4|B5|B7,0.56283704653475708,0.56182228844842341,0.0010147580863336669,0,0,16,16,1e-10,SPLIT_BEYOND_ALLOWANCE,False,,,,SPLIT_BEYOND_ALLOWANCE
fiber_011,181,B0|B2|B4|B5|B7,0.36369841386482205,0.36217175607187879,0.0015266577929432534,0,0,8,8,1e-10,SPLIT_BEYOND_ALLOWANCE,False,,,,SPLIT_BEYOND_ALLOWANCE
fiber_011,182,B1|B2|B4|B5|B7,0.52537626526768311,0.52485114893994056,0.00052511632774254746,0,0,8,8,1e-10,SPLIT_BEYOND_ALLOWANCE,False,,,,SPLIT_BEYOND_ALLOWANCE
fiber_011,183,B0|B1|B2|B4|B5|B7,0.30369227406726584,0.30277301420044195,0.00091925986682389604,0,0,4,4,1e-10,SPLIT_BEYOND_ALLOWANCE,False,,,,SPLIT_BEYOND_ALLOWANCE
fiber_011,184,B3|B4|B5|B7,0.66619535755769088,0.66611632876923821,7.9028788452673027e-05,0,0,16,16,1e-10,SPLIT_BEYOND_ALLOWANCE,False,,,,SPLIT_BEYOND_ALLOWANCE
fiber_011,185,B0|B3|B4|B5|B7,0.45823610276246374,0.45850186270694415,0.00026575994448041484,0,0,8,8,1e-10,SPLIT_BEYOND_ALLOWANCE,False,,,,SPLIT_BEYOND_ALLOWANCE
fiber_011,186,B1|B3|B4|B5|B7,0.63410538800545002,0.63463433536863134,0.00052894736318132018,0,0,8,8,1e-10,SPLIT_BEYOND_ALLOWANCE,False,,,,SPLIT_BEYOND_ALLOWANCE
fiber_011,187,B0|B1|B3|B4|B5|B7,0.400314978958974,0.40127922506589997,0.00096424610692597001,0,0,4,4,1e-10,SPLIT_BEYOND_ALLOWANCE,False,,,,SPLIT_BEYOND_ALLOWANCE
fiber_011,188,B2|B3|B4|B5|B7,0.47482345553301025,0.47434522909782767,0.00047822643518258268,0,0,8,8,1e-10,SPLIT_BEYOND_ALLOWANCE,False,,,,SPLIT_BEYOND_ALLOWANCE
fiber_011,189,B0|B2|B3|B4|B5|B7,0.13205759709299675,0.13117621644042288,0.00088138065257387099,0,0,4,4,1e-10,SPLIT_BEYOND_ALLOWANCE,False,,,,SPLIT_BEYOND_ALLOWANCE
fiber_011,190,B1|B2|B3|B4|B5|B7,0.40728510660004441,0.40747069182005363,0.00018558522000922117,0,0,4,4,1e-10,SPLIT_BEYOND_ALLOWANCE,False,,,,SPLIT_BEYOND_ALLOWANCE
fiber_011,191,B0|B1|B2|B3|B4|B5|B7,0.052453727181344598,0.052313863280139344,0.00013986390120525327,0,0,2,2,1e-10,SPLIT_BEYOND_ALLOWANCE,False,,,,SPLIT_BEYOND_ALLOWANCE
fiber_011,192,B6|B7,0.49262923396220271,0.4934818269559631,0.00085259299376039266,0,0,4,4,1e-10,SPLIT_BEYOND_ALLOWANCE,False,,,,SPLIT_BEYOND_ALLOWANCE
fiber_011,193,B0|B6|B7,0.63988649973253875,0.63980640057673832,8.0099155800428257e-05,0,0,8,8,1e-10,SPLIT_BEYOND_ALLOWANCE,False,,,,SPLIT_BEYOND_ALLOWANCE
fiber_011,194,B1|B6|B7,0.53067077679728114,0.53139099274704371,0.00072021594976257042,0,0,8,8,1e-10,SPLIT_BEYOND_ALLOWANCE,False,,,,SPLIT_BEYOND_ALLOWANCE
fiber_011,195,B0|B1|B6|B7,0.6488128828081563,0.64862324263755466,0.00018964017060163485,0,0,16,16,1e-10,SPLIT_BEYOND_ALLOWANCE,False,,,,SPLIT_BEYOND_ALLOWANCE
fiber_011,196,B2|B6|B7,0.55632474037221802,0.55583172744891751,0.0004930129233005065,0,0,8,8,1e-10,SPLIT_BEYOND_ALLOWANCE,False,,,,SPLIT_BEYOND_ALLOWANCE
fiber_011,197,B0|B2|B6|B7,0.54231634273128082,0.54054069341910249,0.001775649312178329,0,0,16,16,1e-10,SPLIT_BEYOND_ALLOWANCE,False,,,,SPLIT_BEYOND_ALLOWANCE
fiber_011,198,B1|B2|B6|B7,0.55107088284888628,0.55046551397043564,0.00060536887845064058,7.3706641186636794e-33,1.1128216223631575e-32,8,8,1e-10,SPLIT_BEYOND_ALLOWANCE,False,,,,SPLIT_BEYOND_ALLOWANCE
fiber_011,199,B0|B1|B2|B6|B7,0.51430192472866765,0.51244661563415272,0.0018553090945149231,0,0,8,8,1e-10,SPLIT_BEYOND_ALLOWANCE,False,,,,SPLIT_BEYOND_ALLOWANCE
fiber_011,200,B3|B6|B7,0.63776972949526722,0.63813174920989901,0.00036201971463178939,0,0,8,8,1e-10,SPLIT_BEYOND_ALLOWANCE,False,,,,SPLIT_BEYOND_ALLOWANCE
fiber_011,201,B0|B3|B6|B7,0.6193266145891908,0.61918753768333901,0.00013907690585179822,0,0,16,16,1e-10,SPLIT_BEYOND_ALLOWANCE,False,,,,SPLIT_BEYOND_ALLOWANCE
fiber_011,202,B1|B3|B6|B7,0.63784898704816462,0.63818806236019354,0.00033907531202892471,0,0,16,16,1e-10,SPLIT_BEYOND_ALLOWANCE,False,,,,SPLIT_BEYOND_ALLOWANCE
fiber_011,203,B0|B1|B3|B6|B7,0.58856683947435051,0.58859432682402513,2.7487349674615302e-05,0,0,8,8,1e-10,SPLIT_BEYOND_ALLOWANCE,False,,,,SPLIT_BEYOND_ALLOWANCE
fiber_011,204,B2|B3|B6|B7,0.61010880197248973,0.60926898119780293,0.00083982077468680583,0,0,16,16,1e-10,SPLIT_BEYOND_ALLOWANCE,False,,,,SPLIT_BEYOND_ALLOWANCE
fiber_011,205,B0|B2|B3|B6|B7,0.44151696172960281,0.43984728729861133,0.0016696744309914746,0,0,8,8,1e-10,SPLIT_BEYOND_ALLOWANCE,False,,,,SPLIT_BEYOND_ALLOWANCE
fiber_011,206,B1|B2|B3|B6|B7,0.56528775662329789,0.56452758659664803,0.00076017002664985345,0,0,8,8,1e-10,SPLIT_BEYOND_ALLOWANCE,False,,,,SPLIT_BEYOND_ALLOWANCE
fiber_011,207,B0|B1|B2|B3|B6|B7,0.37444082749675456,0.37304502392960864,0.0013958035671459146,0,0,4,4,1e-10,SPLIT_BEYOND_ALLOWANCE,False,,,,SPLIT_BEYOND_ALLOWANCE
fiber_011,208,B4|B6|B7,0.64827445607659195,0.64813694292113144,0.00013751315546051135,0,0,8,8,1e-10,SPLIT_BEYOND_ALLOWANCE,False,,,,SPLIT_BEYOND_ALLOWANCE
fiber_011,209,B0|B4|B6|B7,0.6408132531623808,0.64036490189264639,0.00044835126973441497,0,0,16,16,1e-10,SPLIT_BEYOND_ALLOWANCE,False,,,,SPLIT_BEYOND_ALLOWANCE
fiber_011,210,B1|B4|B6|B7,0.63643840326773626,0.63654065322637399,0.00010224995863772346,0,0,16,16,1e-10,SPLIT_BEYOND_ALLOWANCE,False,,,,SPLIT_BEYOND_ALLOWANCE
fiber_011,211,B0|B1|B4|B6|B7,0.60270494495936722,0.6026463074842312,5.8637475136014139e-05,0,0,8,8,1e-10,SPLIT_BEYOND_ALLOWANCE,False,,,,SPLIT_BEYOND_ALLOWANCE
fiber_011,212,B2|B4|B6|B7,0.56749178218319307,0.56648755787105265,0.0010042243121404226,0,0,16,16,1e-10,SPLIT_BEYOND_ALLOWANCE,False,,,,SPLIT_BEYOND_ALLOWANCE
fiber_011,213,B0|B2|B4|B6|B7,0.42317996370409849,0.42138718009798404,0.0017927836061144564,0,0,8,8,1e-10,SPLIT_BEYOND_ALLOWANCE,False,,,,SPLIT_BEYOND_ALLOWANCE
fiber_011,214,B1|B2|B4|B6|B7,0.51424868065507645,0.51358900544910613,0.00065967520597032259,0,0,8,8,1e-10,SPLIT_BEYOND_ALLOWANCE,False,,,,SPLIT_BEYOND_ALLOWANCE
fiber_011,215,B0|B1|B2|B4|B6|B7,0.34903660363835076,0.34774376897981063,0.0012928346585401318,0,0,4,4,1e-10,SPLIT_BEYOND_ALLOWANCE,False,,,,SPLIT_BEYOND_ALLOWANCE
fiber_011,216,B3|B4|B6|B7,0.67396212399183786,0.6741469045675228,0.00018478057568493966,0,0,16,16,1e-10,SPLIT_BEYOND_ALLOWANCE,False,,,,SPLIT_BEYOND_ALLOWANCE
fiber_011,217,B0|B3|B4|B6|B7,0.5118557138703328,0.51195969052520707,0.00010397665487427155,0,0,8,8,1e-10,SPLIT_BEYOND_ALLOWANCE,False,,,,SPLIT_BEYOND_ALLOWANCE
fiber_011,218,B1|B3|B4|B6|B7,0.62459122688747526,0.62521111826656595,0.00061989137909068681,0,0,8,8,1e-10,SPLIT_BEYOND_ALLOWANCE,False,,,,SPLIT_BEYOND_ALLOWANCE
fiber_011,219,B0|B1|B3|B4|B6|B7,0.44422005985890628,0.44483393759296253,0.00061387773405624513,0,0,4,4,1e-10,SPLIT_BEYOND_ALLOWANCE,False,,,,SPLIT_BEYOND_ALLOWANCE
fiber_011,220,B2|B3|B4|B6|B7,0.51791967045105702,0.51727572824576495,0.00064394220529206958,0,0,8,8,1e-10,SPLIT_BEYOND_ALLOWANCE,False,,,,SPLIT_BEYOND_ALLOWANCE
fiber_011,221,B0|B2|B3|B4|B6|B7,0.228686939633435,0.22743078669421565,0.0012561529392193516,0,0,4,4,1e-10,SPLIT_BEYOND_ALLOWANCE,False,,,,SPLIT_BEYOND_ALLOWANCE
fiber_011,222,B1|B2|B3|B4|B6|B7,0.43680198539667209,0.43667431151091557,0.0001276738857565185,0,0,4,4,1e-10,SPLIT_BEYOND_ALLOWANCE,False,,,,SPLIT_BEYOND_ALLOWANCE
fiber_011,223,B0|B1|B2|B3|B4|B6|B7,0.13824689374540799,0.13754964336415246,0.00069725038125553751,0,0,2,2,1e-10,SPLIT_BEYOND_ALLOWANCE,False,,,,SPLIT_BEYOND_ALLOWANCE
fiber_011,224,B5|B6|B7,0.55569668178788945,0.55617684001499124,0.00048015822710179012,0,0,8,8,1e-10,SPLIT_BEYOND_ALLOWANCE,False,,,,SPLIT_BEYOND_ALLOWANCE
fiber_011,225,B0|B5|B6|B7,0.63643593564596224,0.63639402400157852,4.1911644383718638e-05,0,0,16,16,1e-10,SPLIT_BEYOND_ALLOWANCE,False,,,,SPLIT_BEYOND_ALLOWANCE
fiber_011,226,B1|B5|B6|B7,0.58197207304157172,0.58242343165351129,0.00045135861193956739,0,0,16,16,1e-10,SPLIT_BEYOND_ALLOWANCE,False,,,,SPLIT_BEYOND_ALLOWANCE
fiber_011,227,B0|B1|B5|B6|B7,0.63196732724743865,0.63193365419594216,3.3673051496485584e-05,0,0,8,8,1e-10,SPLIT_BEYOND_ALLOWANCE,False,,,,SPLIT_BEYOND_ALLOWANCE
fiber_011,228,B2|B5|B6|B7,0.57665475217485984,0.57608887573371237,0.0005658764411474726,0,0,16,16,1e-10,SPLIT_BEYOND_ALLOWANCE,False,,,,SPLIT_BEYOND_ALLOWANCE
fiber_011,229,B0|B2|B5|B6|B7,0.49318325220121978,0.49170993649020917,0.0014733157110106143,0,0,8,8,1e-10,SPLIT_BEYOND_ALLOWANCE,False,,,,SPLIT_BEYOND_ALLOWANCE
fiber_011,230,B1|B2|B5|B6|B7,0.56314030099512391,0.56254056278254527,0.00059973821257863769,0,0,8,8,1e-10,SPLIT_BEYOND_ALLOWANCE,False,,,,SPLIT_BEYOND_ALLOWANCE
fiber_011,231,B0|B1|B2|B5|B6|B7,0.45414202577581059,0.45267407764434531,0.0014679481314652798,0,0,4,4,1e-10,SPLIT_BEYOND_ALLOWANCE,False,,,,SPLIT_BEYOND_ALLOWANCE
fiber_011,232,B3|B5|B6|B7,0.65494661922902286,0.65521505799718827,0.00026843876816540213,0,0,16,16,1e-10,SPLIT_BEYOND_ALLOWANCE,False,,,,SPLIT_BEYOND_ALLOWANCE
fiber_011,233,B0|B3|B5|B6|B7,0.56471157194463495,0.56492638284972441,0.00021481090508945755,0,0,8,8,1e-10,SPLIT_BEYOND_ALLOWANCE,False,,,,SPLIT_BEYOND_ALLOWANCE
fiber_011,234,B1|B3|B5|B6|B7,0.64139419358758565,0.64178169430151499,0.00038750071392934515,0,0,8,8,1e-10,SPLIT_BEYOND_ALLOWANCE,False,,,,SPLIT_BEYOND_ALLOWANCE
fiber_011,235,B0|B1|B3|B5|B6|B7,0.52066268636720048,0.5211998871024226,0.00053720073522212086,0,0,4,4,1e-10,SPLIT_BEYOND_ALLOWANCE,False,,,,SPLIT_BEYOND_ALLOWANCE
fiber_011,236,B2|B3|B5|B6|B7,0.57735079959801405,0.57675905743059974,0.00059174216741431085,0,0,8,8,1e-10,SPLIT_BEYOND_ALLOWANCE,False,,,,SPLIT_BEYOND_ALLOWANCE
fiber_011,237,B0|B2|B3|B5|B6|B7,0.33681853706993553,0.33574932958085629,0.001069207489079238,0,0,4,4,1e-10,SPLIT_BEYOND_ALLOWANCE,False,,,,SPLIT_BEYOND_ALLOWANCE
fiber_011,238,B1|B2|B3|B5|B6|B7,0.52186657877824882,0.52149961795102162,0.00036696082722720291,0,0,4,4,1e-10,SPLIT_BEYOND_ALLOWANCE,False,,,,SPLIT_BEYOND_ALLOWANCE
fiber_011,239,B0|B1|B2|B3|B5|B6|B7,0.25811579097474102,0.25751266206958173,0.00060312890515928919,0,0,2,2,1e-10,SPLIT_BEYOND_ALLOWANCE,False,,,,SPLIT_BEYOND_ALLOWANCE
fiber_011,240,B4|B5|B6|B7,0.67844473252376525,0.67819097338905576,0.00025375913470948586,0,0,16,16,1e-10,SPLIT_BEYOND_ALLOWANCE,False,,,,SPLIT_BEYOND_ALLOWANCE
fiber_011,241,B0|B4|B5|B6|B7,0.60193094073261377,0.60173010591258402,0.00020083482002974939,0,0,8,8,1e-10,SPLIT_BEYOND_ALLOWANCE,False,,,,SPLIT_BEYOND_ALLOWANCE
fiber_011,242,B1|B4|B5|B6|B7,0.65222049952806238,0.65233515894421135,0.00011465941614896558,0,0,8,8,1e-10,SPLIT_BEYOND_ALLOWANCE,False,,,,SPLIT_BEYOND_ALLOWANCE
fiber_011,243,B0|B1|B4|B5|B6|B7,0.55097427902767815,0.55126828243892656,0.00029400341124841134,0,0,4,4,1e-10,SPLIT_BEYOND_ALLOWANCE,False,,,,SPLIT_BEYOND_ALLOWANCE
fiber_011,244,B2|B4|B5|B6|B7,0.54624457482262401,0.54534007428100584,0.00090450054161816951,0,0,8,8,1e-10,SPLIT_BEYOND_ALLOWANCE,False,,,,SPLIT_BEYOND_ALLOWANCE
fiber_011,245,B0|B2|B4|B5|B6|B7,0.33561738556389087,0.33424781364161771,0.0013695719222731606,0,0,4,4,1e-10,SPLIT_BEYOND_ALLOWANCE,False,,,,SPLIT_BEYOND_ALLOWANCE
fiber_011,246,B1|B2|B4|B5|B6|B7,0.48193446913209798,0.48149662331510268,0.00043784581699529701,0,0,4,4,1e-10,SPLIT_BEYOND_ALLOWANCE,False,,,,SPLIT_BEYOND_ALLOWANCE
fiber_011,247,B0|B1|B2|B4|B5|B6|B7,0.2538081184915299,0.25299935286314928,0.00080876562838061439,0,0,2,2,1e-10,SPLIT_BEYOND_ALLOWANCE,False,,,,SPLIT_BEYOND_ALLOWANCE
fiber_011,248,B3|B4|B5|B6|B7,0.651871754916725,0.65218020958547873,0.00030845466875373262,0,0,8,8,1e-10,SPLIT_BEYOND_ALLOWANCE,False,,,,SPLIT_BEYOND_ALLOWANCE
fiber_011,249,B0|B3|B4|B5|B6|B7,0.42990924830216354,0.43051891760087557,0.00060966929871203446,0,0,4,4,1e-10,SPLIT_BEYOND_ALLOWANCE,False,,,,SPLIT_BEYOND_ALLOWANCE
fiber_011,250,B1|B3|B4|B5|B6|B7,0.59398582416348833,0.59481678892338108,0.00083096475989274943,0,0,4,4,1e-10,SPLIT_BEYOND_ALLOWANCE,False,,,,SPLIT_BEYOND_ALLOWANCE
fiber_011,251,B0|B1|B3|B4|B5|B6|B7,0.35442381851591209,0.35562814191269287,0.001204323396780782,0,0,2,2,1e-10,SPLIT_BEYOND_ALLOWANCE,False,,,,SPLIT_BEYOND_ALLOWANCE
fiber_011,252,B2|B3|B4|B5|B6|B7,0.44391560636279315,0.44367829354400995,0.00023731281878319743,0,0,4,4,1e-10,SPLIT_BEYOND_ALLOWANCE,False,,,,SPLIT_BEYOND_ALLOWANCE
fiber_011,253,B0|B2|B3|B4|B5|B6|B7,0.09455251572897036,0.093909311479335664,0.00064320424963469625,0,0,2,2,1e-10,SPLIT_BEYOND_ALLOWANCE,False,,,,SPLIT_BEYOND_ALLOWANCE
fiber_011,254,B1|B2|B3|B4|B5|B6|B7,0.35724708736588207,0.35759773744769097,0.00035065008180890089,0,0,2,2,1e-10,SPLIT_BEYOND_ALLOWANCE,False,,,,SPLIT_BEYOND_ALLOWANCE
fiber_011,255,B0|B1|B2|B3|B4|B5|B6|B7,0,0,0,0,0,1,1,1e-10,EQUAL_WITHIN_ALLOWANCE,False,,,,EQUAL_WITHIN_ALLOWANCE
fiber_012,0,EMPTY,0,0,0,0,0,1,1,1e-10,EQUAL_WITHIN_ALLOWANCE,False,,,,EQUAL_WITHIN_ALLOWANCE
fiber_012,1,B0,0.056526668341928987,0.053571775948600582,0.0029548923933284052,0,0,2,2,1e-10,SPLIT_BEYOND_ALLOWANCE,False,,,,SPLIT_BEYOND_ALLOWANCE
fiber_012,2,B1,0.045652963687019439,0.04805588821029147,0.0024029245232720306,0,0,2,2,1e-10,SPLIT_BEYOND_ALLOWANCE,False,,,,SPLIT_BEYOND_ALLOWANCE
fiber_012,3,B0|B1,0.099705978479608853,0.099099850213150306,0.00060612826645854712,0,0,4,4,1e-10,SPLIT_BEYOND_ALLOWANCE,False,,,,SPLIT_BEYOND_ALLOWANCE
fiber_012,4,B2,0.044064927425019058,0.053602069406646476,0.0095371419816274172,0,0,2,2,1e-10,SPLIT_BEYOND_ALLOWANCE,False,,,,SPLIT_BEYOND_ALLOWANCE
fiber_012,5,B0|B2,0.10012608277924012,0.10641797598592397,0.0062918932066838434,0,0,4,4,1e-10,SPLIT_BEYOND_ALLOWANCE,False,,,,SPLIT_BEYOND_ALLOWANCE
fiber_012,6,B1|B2,0.088911042680758862,0.10065135962067824,0.011740316939919379,0,0,4,4,1e-10,SPLIT_BEYOND_ALLOWANCE,False,,,,SPLIT_BEYOND_ALLOWANCE
fiber_012,7,B0|B1|B2,0.14214999085030355,0.15044200714803155,0.0082920162977279943,0,0,8,8,1e-10,SPLIT_BEYOND_ALLOWANCE,False,,,,SPLIT_BEYOND_ALLOWANCE
fiber_012,8,B3,0.21540833204074156,0.26402097741526798,0.04861264537452642,0,0,2,2,1e-10,SPLIT_BEYOND_ALLOWANCE,False,,,,SPLIT_BEYOND_ALLOWANCE
fiber_012,9,B0|B3,0.26987548964222219,0.31533494210593987,0.045459452463717687,0,0,4,4,1e-10,SPLIT_BEYOND_ALLOWANCE,False,,,,SPLIT_BEYOND_ALLOWANCE
fiber_012,10,B1|B3,0.25316872379031635,0.30570756415403644,0.052538840363720085,0,0,4,4,1e-10,SPLIT_BEYOND_ALLOWANCE,False,,,,SPLIT_BEYOND_ALLOWANCE
fiber_012,11,B0|B1|B3,0.30321243915973445,0.35250514390905696,0.049292704749322513,0,0,8,8,1e-10,SPLIT_BEYOND_ALLOWANCE,False,,,,SPLIT_BEYOND_ALLOWANCE
fiber_012,12,B2|B3,0.25300475724845489,0.30773905120903577,0.054734293960580882,0,0,4,4,1e-10,SPLIT_BEYOND_ALLOWANCE,False,,,,SPLIT_BEYOND_ALLOWANCE
fiber_012,13,B0|B2|B3,0.30646873908465899,0.35767665890125216,0.051207919816593173,0,0,8,8,1e-10,SPLIT_BEYOND_ALLOWANCE,False,,,,SPLIT_BEYOND_ALLOWANCE
fiber_012,14,B1|B2|B3,0.2892949762647305,0.34778431753447842,0.058489341269747919,0,0,8,8,1e-10,SPLIT_BEYOND_ALLOWANCE,False,,,,SPLIT_BEYOND_ALLOWANCE
fiber_012,15,B0|B1|B2|B3,0.33773488977486976,0.39249842678555641,0.054763537010686647,0,0,16,16,1e-10,SPLIT_BEYOND_ALLOWANCE,False,,,,SPLIT_BEYOND_ALLOWANCE
fiber_012,16,B4,0.22020341126674425,0.27217206309471226,0.051968651827968004,0,0,2,2,1e-10,SPLIT_BEYOND_ALLOWANCE,False,,,,SPLIT_BEYOND_ALLOWANCE
fiber_012,17,B0|B4,0.27446260385202792,0.32334962807889417,0.048887024226866249,0,0,4,4,1e-10,SPLIT_BEYOND_ALLOWANCE,False,,,,SPLIT_BEYOND_ALLOWANCE
fiber_012,18,B1|B4,0.2553902699868954,0.30939334936446461,0.054003079377569208,0,0,4,4,1e-10,SPLIT_BEYOND_ALLOWANCE,False,,,,SPLIT_BEYOND_ALLOWANCE
fiber_012,19,B0|B1|B4,0.30554890913439042,0.35614093208438613,0.050592022949995707,0,0,8,8,1e-10,SPLIT_BEYOND_ALLOWANCE,False,,,,SPLIT_BEYOND_ALLOWANCE
fiber_012,20,B2|B4,0.25822225668349197,0.31638299715649965,0.058160740473007677,0,0,4,4,1e-10,SPLIT_BEYOND_ALLOWANCE,False,,,,SPLIT_BEYOND_ALLOWANCE
fiber_012,21,B0|B2|B4,0.31140083632119336,0.36607129095226115,0.054670454631067789,0,0,8,8,1e-10,SPLIT_BEYOND_ALLOWANCE,False,,,,SPLIT_BEYOND_ALLOWANCE
fiber_012,22,B1|B2|B4,0.29191916203560669,0.35185414661048459,0.059934984574877892,0,0,8,8,1e-10,SPLIT_BEYOND_ALLOWANCE,False,,,,SPLIT_BEYOND_ALLOWANCE
fiber_012,23,B0|B1|B2|B4,0.340311271341386,0.39635940489729343,0.056048133555907431,0,0,16,16,1e-10,SPLIT_BEYOND_ALLOWANCE,False,,,,SPLIT_BEYOND_ALLOWANCE
fiber_012,24,B3|B4,0.26007490096374303,0.3224681164190652,0.062393215455322171,0,0,4,4,1e-10,SPLIT_BEYOND_ALLOWANCE,False,,,,SPLIT_BEYOND_ALLOWANCE
fiber_012,25,B0|B3|B4,0.30650662396908479,0.36454992723246671,0.058043303263381918,0,0,8,8,1e-10,SPLIT_BEYOND_ALLOWANCE,False,,,,SPLIT_BEYOND_ALLOWANCE
fiber_012,26,B1|B3|B4,0.27221798217116239,0.33642346984099214,0.064205487669829753,0,0,8,8,1e-10,SPLIT_BEYOND_ALLOWANCE,False,,,,SPLIT_BEYOND_ALLOWANCE
fiber_012,27,B0|B1|B3|B4,0.31293939918306651,0.37281147328357445,0.059872074100507933,0,0,16,16,1e-10,SPLIT_BEYOND_ALLOWANCE,False,,,,SPLIT_BEYOND_ALLOWANCE
fiber_012,28,B2|B3|B4,0.28694520315075317,0.35300180782084684,0.066056604670093666,0,0,8,8,1e-10,SPLIT_BEYOND_ALLOWANCE,False,,,,SPLIT_BEYOND_ALLOWANCE
fiber_012,29,B0|B2|B3|B4,0.33109204842854101,0.39224981052287961,0.061157762094338597,0,0,16,16,1e-10,SPLIT_BEYOND_ALLOWANCE,False,,,,SPLIT_BEYOND_ALLOWANCE
fiber_012,30,B1|B2|B3|B4,0.29803587720476055,0.36568981592160804,0.067653938716847495,0,0,16,16,1e-10,SPLIT_BEYOND_ALLOWANCE,False,,,,SPLIT_BEYOND_ALLOWANCE
fiber_012,31,B0|B1|B2|B3|B4,0.3356111956305094,0.39822056090824515,0.062609365277735751,0,0,8,8,1e-10,SPLIT_BEYOND_ALLOWANCE,False,,,,SPLIT_BEYOND_ALLOWANCE
fiber_012,32,B5,0.22828894710570768,0.27718143116653604,0.048892484060828356,0,0,2,2,1e-10,SPLIT_BEYOND_ALLOWANCE,False,,,,SPLIT_BEYOND_ALLOWANCE
fiber_012,33,B0|B5,0.24842143072857975,0.30084172631569794,0.052420295587118193,0,0,4,4,1e-10,SPLIT_BEYOND_ALLOWANCE,False,,,,SPLIT_BEYOND_ALLOWANCE
fiber_012,34,B1|B5,0.25615294761681562,0.30477932316005879,0.048626375543243172,0,0,4,4,1e-10,SPLIT_BEYOND_ALLOWANCE,False,,,,SPLIT_BEYOND_ALLOWANCE
fiber_012,35,B0|B1|B5,0.27192323991834805,0.32404317377437825,0.052119933856030198,0,0,8,8,1e-10,SPLIT_BEYOND_ALLOWANCE,False,,,,SPLIT_BEYOND_ALLOWANCE
fiber_012,36,B2|B5,0.25839400203884133,0.31223361422511431,0.053839612186272978,0,0,4,4,1e-10,SPLIT_BEYOND_ALLOWANCE,False,,,,SPLIT_BEYOND_ALLOWANCE
fiber_012,37,B0|B2|B5,0.27686248932838459,0.33423097687910286,0.057368487550718272,0,0,8,8,1e-10,SPLIT_BEYOND_ALLOWANCE,False,,,,SPLIT_BEYOND_ALLOWANCE
fiber_012,38,B1|B2|B5,0.28298416456689302,0.335911095600823,0.05292693103392998,0,0,8,8,1e-10,SPLIT_BEYOND_ALLOWANCE,False,,,,SPLIT_BEYOND_ALLOWANCE
fiber_012,39,B0|B1|B2|B5,0.29651882779304739,0.35291345221525994,0.056394624422212547,0,0,16,16,1e-10,SPLIT_BEYOND_ALLOWANCE,False,,,,SPLIT_BEYOND_ALLOWANCE
fiber_012,40,B3|B5,0.3894263922396366,0.46165303670232871,0.072226644462692113,0,0,4,4,1e-10,SPLIT_BEYOND_ALLOWANCE,False,,,,SPLIT_BEYOND_ALLOWANCE
fiber_012,41,B0|B3|B5,0.40441486283249328,0.4794416762095039,0.075026813377010615,0,0,8,8,1e-10,SPLIT_BEYOND_ALLOWANCE,False,,,,SPLIT_BEYOND_ALLOWANCE
fiber_012,42,B1|B3|B5,0.40096663526130838,0.47350281570099551,0.072536180439687126,0,0,8,8,1e-10,SPLIT_BEYOND_ALLOWANCE,False,,,,SPLIT_BEYOND_ALLOWANCE
fiber_012,43,B0|B1|B3|B5,0.40829448255875694,0.48380825720683929,0.075513774648082344,0,0,16,16,1e-10,SPLIT_BEYOND_ALLOWANCE,False,,,,SPLIT_BEYOND_ALLOWANCE
fiber_012,44,B2|B3|B5,0.40533187265270221,0.47741560823606599,0.072083735583363784,0,0,8,8,1e-10,SPLIT_BEYOND_ALLOWANCE,False,,,,SPLIT_BEYOND_ALLOWANCE
fiber_012,45,B0|B2|B3|B5,0.41701952103372297,0.49170077762296127,0.074681256589238298,0,0,16,16,1e-10,SPLIT_BEYOND_ALLOWANCE,False,,,,SPLIT_BEYOND_ALLOWANCE
fiber_012,46,B1|B2|B3|B5,0.41234289491013187,0.48368133206968605,0.07133843715955418,0,0,16,16,1e-10,SPLIT_BEYOND_ALLOWANCE,False,,,,SPLIT_BEYOND_ALLOWANCE
fiber_012,47,B0|B1|B2|B3|B5,0.41557543272648678,0.48958915724043511,0.074013724513948331,0,0,8,8,1e-10,SPLIT_BEYOND_ALLOWANCE,False,,,,SPLIT_BEYOND_ALLOWANCE
fiber_012,48,B4|B5,0.38914984260232188,0.46354508186428373,0.074395239261961843,0,0,4,4,1e-10,SPLIT_BEYOND_ALLOWANCE,False,,,,SPLIT_BEYOND_ALLOWANCE
fiber_012,49,B0|B4|B5,0.40231679282695809,0.47934424544690979,0.077027452619951697,0,0,8,8,1e-10,SPLIT_BEYOND_ALLOWANCE,False,,,,SPLIT_BEYOND_ALLOWANCE
fiber_012,50,B1|B4|B5,0.4008107458351578,0.47360995662600663,0.072799210790848834,0,0,8,8,1e-10,SPLIT_BEYOND_ALLOWANCE,False,,,,SPLIT_BEYOND_ALLOWANCE
fiber_012,51,B0|B1|B4|B5,0.4062790209501565,0.48171715204573684,0.075438131095580341,0,0,16,16,1e-10,SPLIT_BEYOND_ALLOWANCE,False,,,,SPLIT_BEYOND_ALLOWANCE
fiber_012,52,B2|B4|B5,0.40537821926347678,0.47965435794224326,0.074276138678766479,0,0,8,8,1e-10,SPLIT_BEYOND_ALLOWANCE,False,,,,SPLIT_BEYOND_ALLOWANCE
fiber_012,53,B0|B2|B4|B5,0.41470100917068375,0.49130968152145776,0.07660867235077401,0,0,16,16,1e-10,SPLIT_BEYOND_ALLOWANCE,False,,,,SPLIT_BEYOND_ALLOWANCE
fiber_012,54,B1|B2|B4|B5,0.41266552331140155,0.48440163276973125,0.0717361094583297,0,0,16,16,1e-10,SPLIT_BEYOND_ALLOWANCE,False,,,,SPLIT_BEYOND_ALLOWANCE
fiber_012,55,B0|B1|B2|B4|B5,0.41375642855078154,0.48781263161414307,0.074056203063361525,0,0,8,8,1e-10,SPLIT_BEYOND_ALLOWANCE,False,,,,SPLIT_BEYOND_ALLOWANCE
fiber_012,56,B3|B4|B5,0.34938378160085093,0.40720474571645443,0.057820964115603501,0,0,8,8,1e-10,SPLIT_BEYOND_ALLOWANCE,False,,,,SPLIT_BEYOND_ALLOWANCE
fiber_012,57,B0|B3|B4|B5,0.35142729269447748,0.41126863149322446,0.059841338798746979,0,0,16,16,1e-10,SPLIT_BEYOND_ALLOWANCE,False,,,,SPLIT_BEYOND_ALLOWANCE
fiber_012,58,B1|B3|B4|B5,0.33897447395473806,0.39594054896386982,0.056966075009131756,0,0,16,16,1e-10,SPLIT_BEYOND_ALLOWANCE,False,,,,SPLIT_BEYOND_ALLOWANCE
fiber_012,59,B0|B1|B3|B4|B5,0.33244128852078103,0.39167069761235818,0.059229409091577145,0,0,8,8,1e-10,SPLIT_BEYOND_ALLOWANCE,False,,,,SPLIT_BEYOND_ALLOWANCE
fiber_012,60,B2|B3|B4|B5,0.34344240006067178,0.39424551015364095,0.050803110092969173,0,0,16,16,1e-10,SPLIT_BEYOND_ALLOWANCE,False,,,,SPLIT_BEYOND_ALLOWANCE
fiber_012,61,B0|B2|B3|B4|B5,0.33994060085515138,0.39212221868155983,0.052181617826408455,0,0,8,8,1e-10,SPLIT_BEYOND_ALLOWANCE,False,,,,SPLIT_BEYOND_ALLOWANCE
fiber_012,62,B1|B2|B3|B4|B5,0.33091367421509144,0.38025719807106761,0.049343523855976179,0,0,8,8,1e-10,SPLIT_BEYOND_ALLOWANCE,False,,,,SPLIT_BEYOND_ALLOWANCE
fiber_012,63,B0|B1|B2|B3|B4|B5,0.31861929540417755,0.36968528980204146,0.051065994397863912,0,0,4,4,1e-10,SPLIT_BEYOND_ALLOWANCE,False,,,,SPLIT_BEYOND_ALLOWANCE
fiber_012,64,B6,0.083417125787371219,0.08562602922497814,0.0022089034376069211,0,0,2,2,1e-10,SPLIT_BEYOND_ALLOWANCE,False,,,,SPLIT_BEYOND_ALLOWANCE
fiber_012,65,B0|B6,0.11309850287773218,0.11548742086800964,0.0023889179902774615,0,0,4,4,1e-10,SPLIT_BEYOND_ALLOWANCE,False,,,,SPLIT_BEYOND_ALLOWANCE
fiber_012,66,B1|B6,0.11224277462585427,0.11649275602105856,0.0042499813952042859,0,0,4,4,1e-10,SPLIT_BEYOND_ALLOWANCE,False,,,,SPLIT_BEYOND_ALLOWANCE
fiber_012,67,B0|B1|B6,0.13562610610134998,0.14048529054000086,0.004859184438650882,0,0,8,8,1e-10,SPLIT_BEYOND_ALLOWANCE,False,,,,SPLIT_BEYOND_ALLOWANCE
fiber_012,68,B2|B6,0.12581319419296069,0.13726587348772198,0.011452679294761292,0,0,4,4,1e-10,SPLIT_BEYOND_ALLOWANCE,False,,,,SPLIT_BEYOND_ALLOWANCE
fiber_012,69,B0|B2|B6,0.153172778387688,0.16425788634683058,0.011085107959142582,0,0,8,8,1e-10,SPLIT_BEYOND_ALLOWANCE,False,,,,SPLIT_BEYOND_ALLOWANCE
fiber_012,70,B1|B2|B6,0.15362872362765134,0.16680018216878248,0.013171458541131137,0,0,8,8,1e-10,SPLIT_BEYOND_ALLOWANCE,False,,,,SPLIT_BEYOND_ALLOWANCE
fiber_012,71,B0|B1|B2|B6,0.17434446368656026,0.18748416574003463,0.013139702053474367,0,0,16,16,1e-10,SPLIT_BEYOND_ALLOWANCE,False,,,,SPLIT_BEYOND_ALLOWANCE
fiber_012,72,B3|B6,0.28704437757734597,0.33982021630849274,0.052775838731146774,0,0,4,4,1e-10,SPLIT_BEYOND_ALLOWANCE,False,,,,SPLIT_BEYOND_ALLOWANCE
fiber_012,73,B0|B3|B6,0.311640639837236,0.36384921780820056,0.052208577970964565,0,0,8,8,1e-10,SPLIT_BEYOND_ALLOWANCE,False,,,,SPLIT_BEYOND_ALLOWANCE
fiber_012,74,B1|B3|B6,0.30528275562793339,0.36193399922536507,0.056651243597431677,0,0,8,8,1e-10,SPLIT_BEYOND_ALLOWANCE,False,,,,SPLIT_BEYOND_ALLOWANCE
fiber_012,75,B0|B1|B3|B6,0.32211023360934754,0.37826875352786676,0.056158519918519223,0,0,16,16,1e-10,SPLIT_BEYOND_ALLOWANCE,False,,,,SPLIT_BEYOND_ALLOWANCE
fiber_012,76,B2|B3|B6,0.32266596649522755,0.38141879461950806,0.058752828124280509,0,0,8,8,1e-10,SPLIT_BEYOND_ALLOWANCE,False,,,,SPLIT_BEYOND_ALLOWANCE
fiber_012,77,B0|B2|B3|B6,0.34337716978275939,0.40093198399488245,0.057554814212123051,0,0,16,16,1e-10,SPLIT_BEYOND_ALLOWANCE,False,,,,SPLIT_BEYOND_ALLOWANCE
fiber_012,78,B1|B2|B3|B6,0.33887613946879497,0.40119296869231458,0.06231682922351961,0,0,16,16,1e-10,SPLIT_BEYOND_ALLOWANCE,False,,,,SPLIT_BEYOND_ALLOWANCE
fiber_012,79,B0|B1|B2|B3|B6,0.35108160377724279,0.41206213908640682,0.06098053530916403,0,0,8,8,1e-10,SPLIT_BEYOND_ALLOWANCE,False,,,,SPLIT_BEYOND_ALLOWANCE
fiber_012,80,B4|B6,0.28615983257708516,0.33890228684499474,0.052742454267909578,0,0,4,4,1e-10,SPLIT_BEYOND_ALLOWANCE,False,,,,SPLIT_BEYOND_ALLOWANCE
fiber_012,81,B0|B4|B6,0.30777549747728672,0.35928144621285157,0.051505948735564855,0,0,8,8,1e-10,SPLIT_BEYOND_ALLOWANCE,False,,,,SPLIT_BEYOND_ALLOWANCE
fiber_012,82,B1|B4|B6,0.30537611746932508,0.35977917399603948,0.0544030565267144,0,0,8,8,1e-10,SPLIT_BEYOND_ALLOWANCE,False,,,,SPLIT_BEYOND_ALLOWANCE
fiber_012,83,B0|B1|B4|B6,0.31917828689739269,0.3725662868807828,0.053387999983390111,0,0,16,16,1e-10,SPLIT_BEYOND_ALLOWANCE,False,,,,SPLIT_BEYOND_ALLOWANCE
fiber_012,84,B2|B4|B6,0.32137749042250596,0.37991314807651239,0.058535657654006423,0,0,8,8,1e-10,SPLIT_BEYOND_ALLOWANCE,False,,,,SPLIT_BEYOND_ALLOWANCE
fiber_012,85,B0|B2|B4|B6,0.33844575892137807,0.39505496247489869,0.056609203553520615,0,0,16,16,1e-10,SPLIT_BEYOND_ALLOWANCE,False,,,,SPLIT_BEYOND_ALLOWANCE
fiber_012,86,B1|B2|B4|B6,0.33829484137284993,0.39813840076138457,0.05984355938853464,0,0,16,16,1e-10,SPLIT_BEYOND_ALLOWANCE,False,,,,SPLIT_BEYOND_ALLOWANCE
fiber_012,87,B0|B1|B2|B4|B6,0.34665692101122308,0.40457635716750817,0.057919436156285087,0,0,8,8,1e-10,SPLIT_BEYOND_ALLOWANCE,False,,,,SPLIT_BEYOND_ALLOWANCE
fiber_012,88,B3|B4|B6,0.30551419921968526,0.36909982924121321,0.06358563002152795,0,0,8,8,1e-10,SPLIT_BEYOND_ALLOWANCE,False,,,,SPLIT_BEYOND_ALLOWANCE
fiber_012,89,B0|B3|B4|B6,0.31360218640650611,0.37477908701650803,0.061176900610001916,0,0,16,16,1e-10,SPLIT_BEYOND_ALLOWANCE,False,,,,SPLIT_BEYOND_ALLOWANCE
fiber_012,90,B1|B3|B4|B6,0.29730239666454239,0.36257324310661432,0.065270846442071928,1.2297561550864368e-32,1.5004609802407176e-32,4,4,1e-10,SPLIT_BEYOND_ALLOWANCE,False,,,,SPLIT_BEYOND_ALLOWANCE
fiber_012,91,B0|B1|B3|B4|B6,0.30035064568290709,0.36339646819009958,0.063045822507192484,0,0,8,8,1e-10,SPLIT_BEYOND_ALLOWANCE,False,,,,SPLIT_BEYOND_ALLOWANCE
fiber_012,92,B2|B3|B4|B6,0.32866440516853979,0.39541498933778813,0.066750584169248339,0,0,16,16,1e-10,SPLIT_BEYOND_ALLOWANCE,False,,,,SPLIT_BEYOND_ALLOWANCE
fiber_012,93,B0|B2|B3|B4|B6,0.33147808739838763,0.39481538646217529,0.063337299063787655,0,0,8,8,1e-10,SPLIT_BEYOND_ALLOWANCE,False,,,,SPLIT_BEYOND_ALLOWANCE
fiber_012,94,B1|B2|B3|B4|B6,0.31965848706857575,0.38789935266131581,0.068240865592740063,0,0,8,8,1e-10,SPLIT_BEYOND_ALLOWANCE,False,,,,SPLIT_BEYOND_ALLOWANCE
fiber_012,95,B0|B1|B2|B3|B4|B6,0.31698444049148616,0.38189401895533981,0.064909578463853645,0,0,4,4,1e-10,SPLIT_BEYOND_ALLOWANCE,False,,,,SPLIT_BEYOND_ALLOWANCE
fiber_012,96,B5|B6,0.27467786380509529,0.32385282235028051,0.049174958545185221,0,0,4,4,1e-10,SPLIT_BEYOND_ALLOWANCE,False,,,,SPLIT_BEYOND_ALLOWANCE
fiber_012,97,B0|B5|B6,0.25388293983524485,0.30791341874810013,0.054030478912855284,0,0,8,8,1e-10,SPLIT_BEYOND_ALLOWANCE,False,,,,SPLIT_BEYOND_ALLOWANCE
fiber_012,98,B1|B5|B6,0.28546973455206814,0.33435752480851383,0.048887790256445685,0,0,8,8,1e-10,SPLIT_BEYOND_ALLOWANCE,False,,,,SPLIT_BEYOND_ALLOWANCE
fiber_012,99,B0|B1|B5|B6,0.2549438337005025,0.30856358764890746,0.053619753948404958,1.3499331566099349e-32,1.4329049665905087e-32,4,4,1e-10,SPLIT_BEYOND_ALLOWANCE,False,,,,SPLIT_BEYOND_ALLOWANCE
fiber_012,100,B2|B5|B6,0.3008449474392243,0.35431993436157638,0.053474986922352086,0,0,8,8,1e-10,SPLIT_BEYOND_ALLOWANCE,False,,,,SPLIT_BEYOND_ALLOWANCE
fiber_012,101,B0|B2|B5|B6,0.27754083085352671,0.3357747212620904,0.058233890408563693,0,0,16,16,1e-10,SPLIT_BEYOND_ALLOWANCE,False,,,,SPLIT_BEYOND_ALLOWANCE
fiber_012,102,B1|B2|B5|B6,0.3087651554395402,0.36155822725790188,0.052793071818361681,0,0,16,16,1e-10,SPLIT_BEYOND_ALLOWANCE,False,,,,SPLIT_BEYOND_ALLOWANCE
fiber_012,103,B0|B1|B2|B5|B6,0.27618906455631548,0.33357155780385955,0.057382493247544075,0,0,8,8,1e-10,SPLIT_BEYOND_ALLOWANCE,False,,,,SPLIT_BEYOND_ALLOWANCE
fiber_012,104,B3|B5|B6,0.41952503441568084,0.49262226447381352,0.073097230058132678,0,0,8,8,1e-10,SPLIT_BEYOND_ALLOWANCE,False,,,,SPLIT_BEYOND_ALLOWANCE
fiber_012,105,B0|B3|B5|B6,0.38955099579181168,0.46719207530718854,0.077641079515376854,0,0,16,16,1e-10,SPLIT_BEYOND_ALLOWANCE,False,,,,SPLIT_BEYOND_ALLOWANCE
fiber_012,106,B1|B3|B5|B6,0.41142312962095173,0.48519226761335438,0.073769137992402645,0,0,16,16,1e-10,SPLIT_BEYOND_ALLOWANCE,False,,,,SPLIT_BEYOND_ALLOWANCE
fiber_012,107,B0|B1|B3|B5|B6,0.37266887675495974,0.45064618015656738,0.077977303401607634,0,0,8,8,1e-10,SPLIT_BEYOND_ALLOWANCE,False,,,,SPLIT_BEYOND_ALLOWANCE
fiber_012,108,B2|B3|B5|B6,0.42849517488717426,0.50015008954530604,0.071654914658131785,0,0,16,16,1e-10,SPLIT_BEYOND_ALLOWANCE,False,,,,SPLIT_BEYOND_ALLOWANCE
fiber_012,109,B0|B2|B3|B5|B6,0.39511205983962855,0.47103553318515395,0.075923473345525405,0,0,8,8,1e-10,SPLIT_BEYOND_ALLOWANCE,False,,,,SPLIT_BEYOND_ALLOWANCE
fiber_012,110,B1|B2|B3|B5|B6,0.41561049339633988,0.48686571941664508,0.071255226020305207,0,0,8,8,1e-10,SPLIT_BEYOND_ALLOWANCE,False,,,,SPLIT_BEYOND_ALLOWANCE
fiber_012,111,B0|B1|B2|B3|B5|B6,0.37420637132686096,0.44947018527258253,0.075263813945721569,0,0,4,4,1e-10,SPLIT_BEYOND_ALLOWANCE,False,,,,SPLIT_BEYOND_ALLOWANCE
fiber_012,112,B4|B5|B6,0.41358540456219084,0.48479346850096156,0.071208063938770716,0,0,8,8,1e-10,SPLIT_BEYOND_ALLOWANCE,False,,,,SPLIT_BEYOND_ALLOWANCE
fiber_012,113,B0|B4|B5|B6,0.38171215616120174,0.45747322311314198,0.075761066951940237,0,0,16,16,1e-10,SPLIT_BEYOND_ALLOWANCE,False,,,,SPLIT_BEYOND_ALLOWANCE
fiber_012,114,B1|B4|B5|B6,0.40509865687660301,0.47505597335161553,0.069957316475012521,0,0,16,16,1e-10,SPLIT_BEYOND_ALLOWANCE,False,,,,SPLIT_BEYOND_ALLOWANCE
fiber_012,115,B0|B1|B4|B5|B6,0.36439227583500189,0.43874067753205992,0.074348401697058031,0,0,8,8,1e-10,SPLIT_BEYOND_ALLOWANCE,False,,,,SPLIT_BEYOND_ALLOWANCE
fiber_012,116,B2|B4|B5|B6,0.42244334809851297,0.49241415207406614,0.069970803975553164,0,0,16,16,1e-10,SPLIT_BEYOND_ALLOWANCE,False,,,,SPLIT_BEYOND_ALLOWANCE
fiber_012,117,B0|B2|B4|B5|B6,0.38771226781683377,0.46200225598450673,0.07428998816767296,0,0,8,8,1e-10,SPLIT_BEYOND_ALLOWANCE,False,,,,SPLIT_BEYOND_ALLOWANCE
fiber_012,118,B1|B2|B4|B5|B6,0.40880340237329521,0.47637247277186578,0.067569070398570574,0,0,8,8,1e-10,SPLIT_BEYOND_ALLOWANCE,False,,,,SPLIT_BEYOND_ALLOWANCE
fiber_012,119,B0|B1|B2|B4|B5|B6,0.36598461947082539,0.4378487574120612,0.071864137941235806,0,0,4,4,1e-10,SPLIT_BEYOND_ALLOWANCE,False,,,,SPLIT_BEYOND_ALLOWANCE
fiber_012,120,B3|B4|B5|B6,0.34413666849020141,0.39919639428849241,0.055059725798290993,0,0,16,16,1e-10,SPLIT_BEYOND_ALLOWANCE,False,,,,SPLIT_BEYOND_ALLOWANCE
fiber_012,121,B0|B3|B4|B5|B6,0.30251392061516691,0.36234677999909065,0.059832859383923742,0,0,8,8,1e-10,SPLIT_BEYOND_ALLOWANCE,False,,,,SPLIT_BEYOND_ALLOWANCE
fiber_012,122,B1|B3|B4|B5|B6,0.31297500272909134,0.36740469675430248,0.054429694025211139,0,0,8,8,1e-10,SPLIT_BEYOND_ALLOWANCE,False,,,,SPLIT_BEYOND_ALLOWANCE
fiber_012,123,B0|B1|B3|B4|B5|B6,0.2662675406219896,0.32533263901778925,0.059065098395799653,0,0,4,4,1e-10,SPLIT_BEYOND_ALLOWANCE,False,,,,SPLIT_BEYOND_ALLOWANCE
fiber_012,124,B2|B3|B4|B5|B6,0.33203121553514675,0.37929125752378351,0.047260041988636758,0,0,8,8,1e-10,SPLIT_BEYOND_ALLOWANCE,False,,,,SPLIT_BEYOND_ALLOWANCE
fiber_012,125,B0|B2|B3|B4|B5|B6,0.28822327035002004,0.33994213138329826,0.051718861033278218,0,0,4,4,1e-10,SPLIT_BEYOND_ALLOWANCE,False,,,,SPLIT_BEYOND_ALLOWANCE
fiber_012,126,B1|B2|B3|B4|B5|B6,0.29837182232274556,0.34423166473895467,0.045859842416209107,0,0,4,4,1e-10,SPLIT_BEYOND_ALLOWANCE,False,,,,SPLIT_BEYOND_ALLOWANCE
fiber_012,127,B0|B1|B2|B3|B4|B5|B6,0.24932804701740055,0.29950863161465663,0.050180584597256078,0,0,2,2,1e-10,SPLIT_BEYOND_ALLOWANCE,False,,,,SPLIT_BEYOND_ALLOWANCE
fiber_012,128,B7,0.24932804701740063,0.29950863161465668,0.05018058459725605,0,0,2,2,1e-10,SPLIT_BEYOND_ALLOWANCE,False,,,,SPLIT_BEYOND_ALLOWANCE
fiber_012,129,B0|B7,0.29837182232274556,0.34423166473895472,0.045859842416209162,0,0,4,4,1e-10,SPLIT_BEYOND_ALLOWANCE,False,,,,SPLIT_BEYOND_ALLOWANCE
fiber_012,130,B1|B7,0.28822327035002027,0.33994213138329826,0.051718861033277996,0,0,4,4,1e-10,SPLIT_BEYOND_ALLOWANCE,False,,,,SPLIT_BEYOND_ALLOWANCE
fiber_012,131,B0|B1|B7,0.33203121553514647,0.3792912575237834,0.047260041988636925,0,0,8,8,1e-10,SPLIT_BEYOND_ALLOWANCE,False,,,,SPLIT_BEYOND_ALLOWANCE
fiber_012,132,B2|B7,0.26626754062198954,0.32533263901778908,0.059065098395799542,0,0,4,4,1e-10,SPLIT_BEYOND_ALLOWANCE,False,,,,SPLIT_BEYOND_ALLOWANCE
fiber_012,133,B0|B2|B7,0.31297500272909118,0.36740469675430254,0.054429694025211361,0,0,8,8,1e-10,SPLIT_BEYOND_ALLOWANCE,False,,,,SPLIT_BEYOND_ALLOWANCE
fiber_012,134,B1|B2|B7,0.30251392061516691,0.36234677999909076,0.059832859383923853,0,0,8,8,1e-10,SPLIT_BEYOND_ALLOWANCE,False,,,,SPLIT_BEYOND_ALLOWANCE
fiber_012,135,B0|B1|B2|B7,0.34413666849020141,0.39919639428849263,0.055059725798291215,0,0,16,16,1e-10,SPLIT_BEYOND_ALLOWANCE,False,,,,SPLIT_BEYOND_ALLOWANCE
fiber_012,136,B3|B7,0.36598461947082572,0.4378487574120612,0.071864137941235473,0,0,4,4,1e-10,SPLIT_BEYOND_ALLOWANCE,False,,,,SPLIT_BEYOND_ALLOWANCE
fiber_012,137,B0|B3|B7,0.40880340237329482,0.47637247277186556,0.067569070398570741,0,0,8,8,1e-10,SPLIT_BEYOND_ALLOWANCE,False,,,,SPLIT_BEYOND_ALLOWANCE
fiber_012,138,B1|B3|B7,0.38771226781683338,0.46200225598450634,0.07428998816767296,0,0,8,8,1e-10,SPLIT_BEYOND_ALLOWANCE,False,,,,SPLIT_BEYOND_ALLOWANCE
fiber_012,139,B0|B1|B3|B7,0.42244334809851292,0.49241415207406647,0.069970803975553553,0,0,16,16,1e-10,SPLIT_BEYOND_ALLOWANCE,False,,,,SPLIT_BEYOND_ALLOWANCE
fiber_012,140,B2|B3|B7,0.364392275835002,0.43874067753205997,0.074348401697057975,0,0,8,8,1e-10,SPLIT_BEYOND_ALLOWANCE,False,,,,SPLIT_BEYOND_ALLOWANCE
fiber_012,141,B0|B2|B3|B7,0.40509865687660301,0.4750559733516157,0.069957316475012687,0,0,16,16,1e-10,SPLIT_BEYOND_ALLOWANCE,False,,,,SPLIT_BEYOND_ALLOWANCE
fiber_012,142,B1|B2|B3|B7,0.38171215616120135,0.45747322311314231,0.075761066951940959,0,0,16,16,1e-10,SPLIT_BEYOND_ALLOWANCE,False,,,,SPLIT_BEYOND_ALLOWANCE
fiber_012,143,B0|B1|B2|B3|B7,0.41358540456219073,0.48479346850096161,0.071208063938770882,0,0,8,8,1e-10,SPLIT_BEYOND_ALLOWANCE,False,,,,SPLIT_BEYOND_ALLOWANCE
fiber_012,144,B4|B7,0.37420637132686085,0.44947018527258231,0.075263813945721458,0,0,4,4,1e-10,SPLIT_BEYOND_ALLOWANCE,False,,,,SPLIT_BEYOND_ALLOWANCE
fiber_012,145,B0|B4|B7,0.41561049339633976,0.48686571941664486,0.071255226020305096,0,0,8,8,1e-10,SPLIT_BEYOND_ALLOWANCE,False,,,,SPLIT_BEYOND_ALLOWANCE
fiber_012,146,B1|B4|B7,0.39511205983962838,0.47103553318515429,0.075923473345525905,0,0,8,8,1e-10,SPLIT_BEYOND_ALLOWANCE,False,,,,SPLIT_BEYOND_ALLOWANCE
fiber_012,147,B0|B1|B4|B7,0.4284951748871742,0.50015008954530582,0.071654914658131619,0,0,16,16,1e-10,SPLIT_BEYOND_ALLOWANCE,False,,,,SPLIT_BEYOND_ALLOWANCE
fiber_012,148,B2|B4|B7,0.3726688767549598,0.45064618015656738,0.077977303401607578,0,0,8,8,1e-10,SPLIT_BEYOND_ALLOWANCE,False,,,,SPLIT_BEYOND_ALLOWANCE
fiber_012,149,B0|B2|B4|B7,0.41142312962095207,0.48519226761335427,0.073769137992402201,0,0,16,16,1e-10,SPLIT_BEYOND_ALLOWANCE,False,,,,SPLIT_BEYOND_ALLOWANCE
fiber_012,150,B1|B2|B4|B7,0.38955099579181185,0.46719207530718865,0.077641079515376799,0,0,16,16,1e-10,SPLIT_BEYOND_ALLOWANCE,False,,,,SPLIT_BEYOND_ALLOWANCE
fiber_012,151,B0|B1|B2|B4|B7,0.4195250344156809,0.4926222644738133,0.073097230058132401,0,0,8,8,1e-10,SPLIT_BEYOND_ALLOWANCE,False,,,,SPLIT_BEYOND_ALLOWANCE
fiber_012,152,B3|B4|B7,0.27618906455631548,0.33357155780385933,0.057382493247543853,0,0,8,8,1e-10,SPLIT_BEYOND_ALLOWANCE,False,,,,SPLIT_BEYOND_ALLOWANCE
fiber_012,153,B0|B3|B4|B7,0.30876515543954003,0.36155822725790182,0.052793071818361792,0,0,16,16,1e-10,SPLIT_BEYOND_ALLOWANCE,False,,,,SPLIT_BEYOND_ALLOWANCE
fiber_012,154,B1|B3|B4|B7,0.27754083085352654,0.33577472126209024,0.058233890408563693,0,0,16,16,1e-10,SPLIT_BEYOND_ALLOWANCE,False,,,,SPLIT_BEYOND_ALLOWANCE
fiber_012,155,B0|B1|B3|B4|B7,0.30084494743922413,0.35431993436157649,0.053474986922352363,0,0,8,8,1e-10,SPLIT_BEYOND_ALLOWANCE,False,,,,SPLIT_BEYOND_ALLOWANCE
fiber_012,156,B2|B3|B4|B7,0.25494383370050244,0.30856358764890723,0.053619753948404791,1.8609047910140802e-32,1.0504880580200188e-32,4,4,1e-10,SPLIT_BEYOND_ALLOWANCE,False,,,,SPLIT_BEYOND_ALLOWANCE
fiber_012,157,B0|B2|B3|B4|B7,0.28546973455206825,0.33435752480851388,0.048887790256445629,0,0,8,8,1e-10,SPLIT_BEYOND_ALLOWANCE,False,,,,SPLIT_BEYOND_ALLOWANCE
fiber_012,158,B1|B2|B3|B4|B7,0.25388293983524446,0.30791341874810019,0.054030478912855728,0,0,8,8,1e-10,SPLIT_BEYOND_ALLOWANCE,False,,,,SPLIT_BEYOND_ALLOWANCE
fiber_012,159,B0|B1|B2|B3|B4|B7,0.27467786380509507,0.32385282235028084,0.049174958545185776,0,0,4,4,1e-10,SPLIT_BEYOND_ALLOWANCE,False,,,,SPLIT_BEYOND_ALLOWANCE
fiber_012,160,B5|B7,0.31698444049148611,0.3818940189553402,0.06490957846385409,0,0,4,4,1e-10,SPLIT_BEYOND_ALLOWANCE,False,,,,SPLIT_BEYOND_ALLOWANCE
fiber_012,161,B0|B5|B7,0.31965848706857608,0.38789935266131581,0.06824086559273973,0,0,8,8,1e-10,SPLIT_BEYOND_ALLOWANCE,False,,,,SPLIT_BEYOND_ALLOWANCE
fiber_012,162,B1|B5|B7,0.33147808739838747,0.39481538646217551,0.063337299063788044,0,0,8,8,1e-10,SPLIT_BEYOND_ALLOWANCE,False,,,,SPLIT_BEYOND_ALLOWANCE
fiber_012,163,B0|B1|B5|B7,0.3286644051685399,0.39541498933778862,0.066750584169248728,0,0,16,16,1e-10,SPLIT_BEYOND_ALLOWANCE,False,,,,SPLIT_BEYOND_ALLOWANCE
fiber_012,164,B2|B5|B7,0.30035064568290715,0.36339646819009946,0.063045822507192317,0,0,8,8,1e-10,SPLIT_BEYOND_ALLOWANCE,False,,,,SPLIT_BEYOND_ALLOWANCE
fiber_012,165,B0|B2|B5|B7,0.29730239666454239,0.3625732431066141,0.065270846442071706,1.6294327822685231e-32,1.0347391406951277e-32,4,4,1e-10,SPLIT_BEYOND_ALLOWANCE,False,,,,SPLIT_BEYOND_ALLOWANCE
fiber_012,166,B1|B2|B5|B7,0.31360218640650595,0.37477908701650764,0.061176900610001694,0,0,16,16,1e-10,SPLIT_BEYOND_ALLOWANCE,False,,,,SPLIT_BEYOND_ALLOWANCE
fiber_012,167,B0|B1|B2|B5|B7,0.30551419921968553,0.36909982924121326,0.063585630021527728,0,0,8,8,1e-10,SPLIT_BEYOND_ALLOWANCE,False,,,,SPLIT_BEYOND_ALLOWANCE
fiber_012,168,B3|B5|B7,0.34665692101122281,0.40457635716750817,0.057919436156285364,0,0,8,8,1e-10,SPLIT_BEYOND_ALLOWANCE,False,,,,SPLIT_BEYOND_ALLOWANCE
fiber_012,169,B0|B3|B5|B7,0.33829484137284993,0.39813840076138468,0.059843559388534751,0,0,16,16,1e-10,SPLIT_BEYOND_ALLOWANCE,False,,,,SPLIT_BEYOND_ALLOWANCE
fiber_012,170,B1|B3|B5|B7,0.33844575892137813,0.39505496247489869,0.05660920355352056,0,0,16,16,1e-10,SPLIT_BEYOND_ALLOWANCE,False,,,,SPLIT_BEYOND_ALLOWANCE
fiber_012,171,B0|B1|B3|B5|B7,0.32137749042250591,0.37991314807651222,0.058535657654006312,0,0,8,8,1e-10,SPLIT_BEYOND_ALLOWANCE,False,,,,SPLIT_BEYOND_ALLOWANCE
fiber_012,172,B2|B3|B5|B7,0.31917828689739258,0.37256628688078269,0.053387999983390111,0,0,16,16,1e-10,SPLIT_BEYOND_ALLOWANCE,False,,,,SPLIT_BEYOND_ALLOWANCE
fiber_012,173,B0|B2|B3|B5|B7,0.30537611746932514,0.35977917399603959,0.054403056526714455,0,0,8,8,1e-10,SPLIT_BEYOND_ALLOWANCE,False,,,,SPLIT_BEYOND_ALLOWANCE
fiber_012,174,B1|B2|B3|B5|B7,0.30777549747728694,0.35928144621285152,0.051505948735564577,0,0,8,8,1e-10,SPLIT_BEYOND_ALLOWANCE,False,,,,SPLIT_BEYOND_ALLOWANCE
fiber_012,175,B0|B1|B2|B3|B5|B7,0.28615983257708538,0.33890228684499485,0.052742454267909467,0,0,4,4,1e-10,SPLIT_BEYOND_ALLOWANCE,False,,,,SPLIT_BEYOND_ALLOWANCE
fiber_012,176,B4|B5|B7,0.3510816037772429,0.41206213908640699,0.060980535309164086,0,0,8,8,1e-10,SPLIT_BEYOND_ALLOWANCE,False,,,,SPLIT_BEYOND_ALLOWANCE
fiber_012,177,B0|B4|B5|B7,0.33887613946879486,0.40119296869231463,0.062316829223519776,0,0,16,16,1e-10,SPLIT_BEYOND_ALLOWANCE,False,,,,SPLIT_BEYOND_ALLOWANCE
fiber_012,178,B1|B4|B5|B7,0.34337716978275956,0.40093198399488306,0.057554814212123495,0,0,16,16,1e-10,SPLIT_BEYOND_ALLOWANCE,False,,,,SPLIT_BEYOND_ALLOWANCE
fiber_012,179,B0|B1|B4|B5|B7,0.32266596649522766,0.38141879461950795,0.058752828124280287,0,0,8,8,1e-10,SPLIT_BEYOND_ALLOWANCE,False,,,,SPLIT_BEYOND_ALLOWANCE
fiber_012,180,B2|B4|B5|B7,0.32211023360934776,0.37826875352786687,0.056158519918519112,0,0,16,16,1e-10,SPLIT_BEYOND_ALLOWANCE,False,,,,SPLIT_BEYOND_ALLOWANCE
fiber_012,181,B0|B2|B4|B5|B7,0.30528275562793333,0.3619339992253654,0.056651243597432066,0,0,8,8,1e-10,SPLIT_BEYOND_ALLOWANCE,False,,,,SPLIT_BEYOND_ALLOWANCE
fiber_012,182,B1|B2|B4|B5|B7,0.311640639837236,0.36384921780820068,0.052208577970964676,0,0,8,8,1e-10,SPLIT_BEYOND_ALLOWANCE,False,,,,SPLIT_BEYOND_ALLOWANCE
fiber_012,183,B0|B1|B2|B4|B5|B7,0.28704437757734602,0.3398202163084928,0.052775838731146774,0,0,4,4,1e-10,SPLIT_BEYOND_ALLOWANCE,False,,,,SPLIT_BEYOND_ALLOWANCE
fiber_012,184,B3|B4|B5|B7,0.17434446368656017,0.18748416574003468,0.013139702053474506,0,0,16,16,1e-10,SPLIT_BEYOND_ALLOWANCE,False,,,,SPLIT_BEYOND_ALLOWANCE
fiber_012,185,B0|B3|B4|B5|B7,0.15362872362765126,0.16680018216878248,0.01317145854113122,0,0,8,8,1e-10,SPLIT_BEYOND_ALLOWANCE,False,,,,SPLIT_BEYOND_ALLOWANCE
fiber_012,186,B1|B3|B4|B5|B7,0.15317277838768828,0.16425788634683069,0.011085107959142415,0,0,8,8,1e-10,SPLIT_BEYOND_ALLOWANCE,False,,,,SPLIT_BEYOND_ALLOWANCE
fiber_012,187,B0|B1|B3|B4|B5|B7,0.12581319419296061,0.13726587348772198,0.011452679294761375,0,0,4,4,1e-10,SPLIT_BEYOND_ALLOWANCE,False,,,,SPLIT_BEYOND_ALLOWANCE
fiber_012,188,B2|B3|B4|B5|B7,0.13562610610135004,0.14048529054000081,0.004859184438650771,0,0,8,8,1e-10,SPLIT_BEYOND_ALLOWANCE,False,,,,SPLIT_BEYOND_ALLOWANCE
fiber_012,189,B0|B2|B3|B4|B5|B7,0.11224277462585436,0.11649275602105857,0.0042499813952042165,0,0,4,4,1e-10,SPLIT_BEYOND_ALLOWANCE,False,,,,SPLIT_BEYOND_ALLOWANCE
fiber_012,190,B1|B2|B3|B4|B5|B7,0.1130985028777321,0.11548742086800957,0.0023889179902774754,0,0,4,4,1e-10,SPLIT_BEYOND_ALLOWANCE,False,,,,SPLIT_BEYOND_ALLOWANCE
fiber_012,191,B0|B1|B2|B3|B4|B5|B7,0.083417125787371177,0.085626029224978112,0.002208903437606935,0,0,2,2,1e-10,SPLIT_BEYOND_ALLOWANCE,False,,,,SPLIT_BEYOND_ALLOWANCE
fiber_012,192,B6|B7,0.31861929540417777,0.36968528980204163,0.051065994397863856,0,0,4,4,1e-10,SPLIT_BEYOND_ALLOWANCE,False,,,,SPLIT_BEYOND_ALLOWANCE
fiber_012,193,B0|B6|B7,0.3309136742150916,0.38025719807106728,0.049343523855975679,0,0,8,8,1e-10,SPLIT_BEYOND_ALLOWANCE,False,,,,SPLIT_BEYOND_ALLOWANCE
fiber_012,194,B1|B6|B7,0.33994060085515132,0.39212221868155955,0.052181617826408233,0,0,8,8,1e-10,SPLIT_BEYOND_ALLOWANCE,False,,,,SPLIT_BEYOND_ALLOWANCE
fiber_012,195,B0|B1|B6|B7,0.34344240006067173,0.39424551015364095,0.050803110092969228,0,0,16,16,1e-10,SPLIT_BEYOND_ALLOWANCE,False,,,,SPLIT_BEYOND_ALLOWANCE
fiber_012,196,B2|B6|B7,0.33244128852078103,0.39167069761235829,0.059229409091577256,0,0,8,8,1e-10,SPLIT_BEYOND_ALLOWANCE,False,,,,SPLIT_BEYOND_ALLOWANCE
fiber_012,197,B0|B2|B6|B7,0.33897447395473818,0.39594054896386982,0.056966075009131645,0,0,16,16,1e-10,SPLIT_BEYOND_ALLOWANCE,False,,,,SPLIT_BEYOND_ALLOWANCE
fiber_012,198,B1|B2|B6|B7,0.35142729269447748,0.41126863149322468,0.059841338798747201,0,0,16,16,1e-10,SPLIT_BEYOND_ALLOWANCE,False,,,,SPLIT_BEYOND_ALLOWANCE
fiber_012,199,B0|B1|B2|B6|B7,0.34938378160085098,0.40720474571645443,0.057820964115603446,0,0,8,8,1e-10,SPLIT_BEYOND_ALLOWANCE,False,,,,SPLIT_BEYOND_ALLOWANCE
fiber_012,200,B3|B6|B7,0.41375642855078176,0.48781263161414312,0.074056203063361359,0,0,8,8,1e-10,SPLIT_BEYOND_ALLOWANCE,False,,,,SPLIT_BEYOND_ALLOWANCE
fiber_012,201,B0|B3|B6|B7,0.41266552331140149,0.48440163276973164,0.071736109458330144,0,0,16,16,1e-10,SPLIT_BEYOND_ALLOWANCE,False,,,,SPLIT_BEYOND_ALLOWANCE
fiber_012,202,B1|B3|B6|B7,0.41470100917068364,0.49130968152145782,0.076608672350774176,0,0,16,16,1e-10,SPLIT_BEYOND_ALLOWANCE,False,,,,SPLIT_BEYOND_ALLOWANCE
fiber_012,203,B0|B1|B3|B6|B7,0.40537821926347661,0.47965435794224298,0.074276138678766368,0,0,8,8,1e-10,SPLIT_BEYOND_ALLOWANCE,False,,,,SPLIT_BEYOND_ALLOWANCE
fiber_012,204,B2|B3|B6|B7,0.40627902095015644,0.48171715204573717,0.075438131095580729,0,0,16,16,1e-10,SPLIT_BEYOND_ALLOWANCE,False,,,,SPLIT_BEYOND_ALLOWANCE
fiber_012,205,B0|B2|B3|B6|B7,0.40081074583515774,0.47360995662600636,0.072799210790848612,0,0,8,8,1e-10,SPLIT_BEYOND_ALLOWANCE,False,,,,SPLIT_BEYOND_ALLOWANCE
fiber_012,206,B1|B2|B3|B6|B7,0.40231679282695842,0.47934424544690962,0.077027452619951198,0,0,8,8,1e-10,SPLIT_BEYOND_ALLOWANCE,False,,,,SPLIT_BEYOND_ALLOWANCE
fiber_012,207,B0|B1|B2|B3|B6|B7,0.38914984260232166,0.46354508186428334,0.074395239261961676,0,0,4,4,1e-10,SPLIT_BEYOND_ALLOWANCE,False,,,,SPLIT_BEYOND_ALLOWANCE
fiber_012,208,B4|B6|B7,0.41557543272648667,0.48958915724043495,0.074013724513948276,0,0,8,8,1e-10,SPLIT_BEYOND_ALLOWANCE,False,,,,SPLIT_BEYOND_ALLOWANCE
fiber_012,209,B0|B4|B6|B7,0.4123428949101316,0.48368133206968633,0.071338437159554735,0,0,16,16,1e-10,SPLIT_BEYOND_ALLOWANCE,False,,,,SPLIT_BEYOND_ALLOWANCE
fiber_012,210,B1|B4|B6|B7,0.41701952103372342,0.49170077762296127,0.074681256589237854,0,0,16,16,1e-10,SPLIT_BEYOND_ALLOWANCE,False,,,,SPLIT_BEYOND_ALLOWANCE
fiber_012,211,B0|B1|B4|B6|B7,0.40533187265270204,0.47741560823606577,0.072083735583363728,0,0,8,8,1e-10,SPLIT_BEYOND_ALLOWANCE,False,,,,SPLIT_BEYOND_ALLOWANCE
fiber_012,212,B2|B4|B6|B7,0.40829448255875689,0.48380825720683912,0.075513774648082232,0,0,16,16,1e-10,SPLIT_BEYOND_ALLOWANCE,False,,,,SPLIT_BEYOND_ALLOWANCE
fiber_012,213,B0|B2|B4|B6|B7,0.40096663526130827,0.47350281570099528,0.072536180439687015,0,0,8,8,1e-10,SPLIT_BEYOND_ALLOWANCE,False,,,,SPLIT_BEYOND_ALLOWANCE
fiber_012,214,B1|B2|B4|B6|B7,0.40441486283249328,0.47944167620950412,0.075026813377010837,0,0,8,8,1e-10,SPLIT_BEYOND_ALLOWANCE,False,,,,SPLIT_BEYOND_ALLOWANCE
fiber_012,215,B0|B1|B2|B4|B6|B7,0.38942639223963665,0.46165303670232871,0.072226644462692058,0,0,4,4,1e-10,SPLIT_BEYOND_ALLOWANCE,False,,,,SPLIT_BEYOND_ALLOWANCE
fiber_012,216,B3|B4|B6|B7,0.2965188277930475,0.3529134522152601,0.056394624422212603,0,0,16,16,1e-10,SPLIT_BEYOND_ALLOWANCE,False,,,,SPLIT_BEYOND_ALLOWANCE
fiber_012,217,B0|B3|B4|B6|B7,0.28298416456689307,0.33591109560082277,0.052926931033929703,0,0,8,8,1e-10,SPLIT_BEYOND_ALLOWANCE,False,,,,SPLIT_BEYOND_ALLOWANCE
fiber_012,218,B1|B3|B4|B6|B7,0.27686248932838442,0.33423097687910253,0.057368487550718106,0,0,8,8,1e-10,SPLIT_BEYOND_ALLOWANCE,False,,,,SPLIT_BEYOND_ALLOWANCE
fiber_012,219,B0|B1|B3|B4|B6|B7,0.25839400203884144,0.31223361422511403,0.05383961218627259,0,0,4,4,1e-10,SPLIT_BEYOND_ALLOWANCE,False,,,,SPLIT_BEYOND_ALLOWANCE
fiber_012,220,B2|B3|B4|B6|B7,0.2719232399183481,0.32404317377437858,0.052119933856030476,0,0,8,8,1e-10,SPLIT_BEYOND_ALLOWANCE,False,,,,SPLIT_BEYOND_ALLOWANCE
fiber_012,221,B0|B2|B3|B4|B6|B7,0.25615294761681562,0.30477932316005857,0.04862637554324295,0,0,4,4,1e-10,SPLIT_BEYOND_ALLOWANCE,False,,,,SPLIT_BEYOND_ALLOWANCE
fiber_012,222,B1|B2|B3|B4|B6|B7,0.24842143072857978,0.30084172631569811,0.052420295587118332,0,0,4,4,1e-10,SPLIT_BEYOND_ALLOWANCE,False,,,,SPLIT_BEYOND_ALLOWANCE
fiber_012,223,B0|B1|B2|B3|B4|B6|B7,0.22828894710570771,0.27718143116653599,0.048892484060828273,0,0,2,2,1e-10,SPLIT_BEYOND_ALLOWANCE,False,,,,SPLIT_BEYOND_ALLOWANCE
fiber_012,224,B5|B6|B7,0.33561119563050995,0.39822056090824531,0.062609365277735363,0,0,8,8,1e-10,SPLIT_BEYOND_ALLOWANCE,False,,,,SPLIT_BEYOND_ALLOWANCE
fiber_012,225,B0|B5|B6|B7,0.29803587720476055,0.36568981592160804,0.067653938716847495,0,0,16,16,1e-10,SPLIT_BEYOND_ALLOWANCE,False,,,,SPLIT_BEYOND_ALLOWANCE
fiber_012,226,B1|B5|B6|B7,0.33109204842854117,0.39224981052287949,0.061157762094338319,0,0,16,16,1e-10,SPLIT_BEYOND_ALLOWANCE,False,,,,SPLIT_BEYOND_ALLOWANCE
fiber_012,227,B0|B1|B5|B6|B7,0.28694520315075334,0.35300180782084645,0.066056604670093111,0,0,8,8,1e-10,SPLIT_BEYOND_ALLOWANCE,False,,,,SPLIT_BEYOND_ALLOWANCE
fiber_012,228,B2|B5|B6|B7,0.31293939918306635,0.37281147328357439,0.059872074100508044,0,0,16,16,1e-10,SPLIT_BEYOND_ALLOWANCE,False,,,,SPLIT_BEYOND_ALLOWANCE
fiber_012,229,B0|B2|B5|B6|B7,0.27221798217116261,0.33642346984099208,0.064205487669829475,0,0,8,8,1e-10,SPLIT_BEYOND_ALLOWANCE,False,,,,SPLIT_BEYOND_ALLOWANCE
fiber_012,230,B1|B2|B5|B6|B7,0.30650662396908535,0.36454992723246682,0.058043303263381474,0,0,8,8,1e-10,SPLIT_BEYOND_ALLOWANCE,False,,,,SPLIT_BEYOND_ALLOWANCE
fiber_012,231,B0|B1|B2|B5|B6|B7,0.26007490096374292,0.32246811641906548,0.062393215455322559,0,0,4,4,1e-10,SPLIT_BEYOND_ALLOWANCE,False,,,,SPLIT_BEYOND_ALLOWANCE
fiber_012,232,B3|B5|B6|B7,0.34031127134138572,0.39635940489729332,0.056048133555907598,0,0,16,16,1e-10,SPLIT_BEYOND_ALLOWANCE,False,,,,SPLIT_BEYOND_ALLOWANCE
fiber_012,233,B0|B3|B5|B6|B7,0.29191916203560686,0.35185414661048459,0.059934984574877725,0,0,8,8,1e-10,SPLIT_BEYOND_ALLOWANCE,False,,,,SPLIT_BEYOND_ALLOWANCE
fiber_012,234,B1|B3|B5|B6|B7,0.3114008363211932,0.36607129095226132,0.054670454631068122,0,0,8,8,1e-10,SPLIT_BEYOND_ALLOWANCE,False,,,,SPLIT_BEYOND_ALLOWANCE
fiber_012,235,B0|B1|B3|B5|B6|B7,0.25822225668349197,0.31638299715649948,0.058160740473007511,0,0,4,4,1e-10,SPLIT_BEYOND_ALLOWANCE,False,,,,SPLIT_BEYOND_ALLOWANCE
fiber_012,236,B2|B3|B5|B6|B7,0.30554890913439031,0.35614093208438607,0.050592022949995763,0,0,8,8,1e-10,SPLIT_BEYOND_ALLOWANCE,False,,,,SPLIT_BEYOND_ALLOWANCE
fiber_012,237,B0|B2|B3|B5|B6|B7,0.25539026998689546,0.30939334936446444,0.054003079377568985,0,0,4,4,1e-10,SPLIT_BEYOND_ALLOWANCE,False,,,,SPLIT_BEYOND_ALLOWANCE
fiber_012,238,B1|B2|B3|B5|B6|B7,0.27446260385202748,0.32334962807889439,0.048887024226866915,0,0,4,4,1e-10,SPLIT_BEYOND_ALLOWANCE,False,,,,SPLIT_BEYOND_ALLOWANCE
fiber_012,239,B0|B1|B2|B3|B5|B6|B7,0.22020341126674439,0.27217206309471242,0.051968651827968032,0,0,2,2,1e-10,SPLIT_BEYOND_ALLOWANCE,False,,,,SPLIT_BEYOND_ALLOWANCE
fiber_012,240,B4|B5|B6|B7,0.33773488977486998,0.3924984267855568,0.054763537010686814,0,0,16,16,1e-10,SPLIT_BEYOND_ALLOWANCE,False,,,,SPLIT_BEYOND_ALLOWANCE
fiber_012,241,B0|B4|B5|B6|B7,0.28929497626473033,0.34778431753447814,0.058489341269747808,0,0,8,8,1e-10,SPLIT_BEYOND_ALLOWANCE,False,,,,SPLIT_BEYOND_ALLOWANCE
fiber_012,242,B1|B4|B5|B6|B7,0.30646873908465888,0.357676658901252,0.051207919816593117,0,0,8,8,1e-10,SPLIT_BEYOND_ALLOWANCE,False,,,,SPLIT_BEYOND_ALLOWANCE
fiber_012,243,B0|B1|B4|B5|B6|B7,0.25300475724845473,0.30773905120903572,0.054734293960580993,0,0,4,4,1e-10,SPLIT_BEYOND_ALLOWANCE,False,,,,SPLIT_BEYOND_ALLOWANCE
fiber_012,244,B2|B4|B5|B6|B7,0.3032124391597345,0.35250514390905668,0.04929270474932218,0,0,8,8,1e-10,SPLIT_BEYOND_ALLOWANCE,False,,,,SPLIT_BEYOND_ALLOWANCE
fiber_012,245,B0|B2|B4|B5|B6|B7,0.25316872379031641,0.30570756415403672,0.052538840363720307,0,0,4,4,1e-10,SPLIT_BEYOND_ALLOWANCE,False,,,,SPLIT_BEYOND_ALLOWANCE
fiber_012,246,B1|B2|B4|B5|B6|B7,0.26987548964222224,0.3153349421059401,0.045459452463717853,0,0,4,4,1e-10,SPLIT_BEYOND_ALLOWANCE,False,,,,SPLIT_BEYOND_ALLOWANCE
fiber_012,247,B0|B1|B2|B4|B5|B6|B7,0.21540833204074156,0.26402097741526831,0.048612645374526753,0,0,2,2,1e-10,SPLIT_BEYOND_ALLOWANCE,False,,,,SPLIT_BEYOND_ALLOWANCE
fiber_012,248,B3|B4|B5|B6|B7,0.14214999085030369,0.15044200714803149,0.0082920162977278,0,0,8,8,1e-10,SPLIT_BEYOND_ALLOWANCE,False,,,,SPLIT_BEYOND_ALLOWANCE
fiber_012,249,B0|B3|B4|B5|B6|B7,0.088911042680758959,0.10065135962067824,0.011740316939919282,0,0,4,4,1e-10,SPLIT_BEYOND_ALLOWANCE,False,,,,SPLIT_BEYOND_ALLOWANCE
fiber_012,250,B1|B3|B4|B5|B6|B7,0.10012608277924009,0.10641797598592399,0.006291893206683899,0,0,4,4,1e-10,SPLIT_BEYOND_ALLOWANCE,False,,,,SPLIT_BEYOND_ALLOWANCE
fiber_012,251,B0|B1|B3|B4|B5|B6|B7,0.044064927425019038,0.053602069406646455,0.0095371419816274172,0,0,2,2,1e-10,SPLIT_BEYOND_ALLOWANCE,False,,,,SPLIT_BEYOND_ALLOWANCE
fiber_012,252,B2|B3|B4|B5|B6|B7,0.099705978479608881,0.099099850213150292,0.00060612826645858875,0,0,4,4,1e-10,SPLIT_BEYOND_ALLOWANCE,False,,,,SPLIT_BEYOND_ALLOWANCE
fiber_012,253,B0|B2|B3|B4|B5|B6|B7,0.045652963687019453,0.048055888210291373,0.0024029245232719196,0,0,2,2,1e-10,SPLIT_BEYOND_ALLOWANCE,False,,,,SPLIT_BEYOND_ALLOWANCE
fiber_012,254,B1|B2|B3|B4|B5|B6|B7,0.056526668341929001,0.053571775948600554,0.0029548923933284468,0,0,2,2,1e-10,SPLIT_BEYOND_ALLOWANCE,False,,,,SPLIT_BEYOND_ALLOWANCE
fiber_012,255,B0|B1|B2|B3|B4|B5|B6|B7,0,0,0,0,0,1,1,1e-10,EQUAL_WITHIN_ALLOWANCE,False,,,,EQUAL_WITHIN_ALLOWANCE
fiber_013,0,EMPTY,0,0,0,0,0,1,1,1e-10,EQUAL_WITHIN_ALLOWANCE,False,,,,EQUAL_WITHIN_ALLOWANCE
fiber_013,1,B0,0.16641253884721785,0.17514144169982232,0.0087289028526044699,0,0,2,2,1e-10,SPLIT_BEYOND_ALLOWANCE,False,,,,SPLIT_BEYOND_ALLOWANCE
fiber_013,2,B1,0.065592740122343743,0.074474484116949097,0.0088817439946053539,0,0,2,2,1e-10,SPLIT_BEYOND_ALLOWANCE,False,,,,SPLIT_BEYOND_ALLOWANCE
fiber_013,3,B0|B1,0.22926462970156539,0.24501290119799576,0.015748271496430377,0,0,4,4,1e-10,SPLIT_BEYOND_ALLOWANCE,False,,,,SPLIT_BEYOND_ALLOWANCE
fiber_013,4,B2,0.15528388819015482,0.18311951128878096,0.027835623098626139,0,0,2,2,1e-10,SPLIT_BEYOND_ALLOWANCE,False,,,,SPLIT_BEYOND_ALLOWANCE
fiber_013,5,B0|B2,0.29924287044914238,0.3405116561434714,0.041268785694329013,0,0,4,4,1e-10,SPLIT_BEYOND_ALLOWANCE,False,,,,SPLIT_BEYOND_ALLOWANCE
fiber_013,6,B1|B2,0.21499460625358716,0.24994655080922601,0.034951944555638853,0,0,4,4,1e-10,SPLIT_BEYOND_ALLOWANCE,False,,,,SPLIT_BEYOND_ALLOWANCE
fiber_013,7,B0|B1|B2,0.35374448637934058,0.3977944190060157,0.044049932626675115,0,0,8,8,1e-10,SPLIT_BEYOND_ALLOWANCE,False,,,,SPLIT_BEYOND_ALLOWANCE
fiber_013,8,B3,0.46050745061317744,0.4634870610321446,0.0029796104189671602,0,0,2,2,1e-10,SPLIT_BEYOND_ALLOWANCE,False,,,,SPLIT_BEYOND_ALLOWANCE
fiber_013,9,B0|B3,0.57530680387390032,0.59506672604421118,0.019759922170310862,0,0,4,4,1e-10,SPLIT_BEYOND_ALLOWANCE,False,,,,SPLIT_BEYOND_ALLOWANCE
fiber_013,10,B1|B3,0.51339084551100156,0.52351249838918035,0.010121652878178788,0,0,4,4,1e-10,SPLIT_BEYOND_ALLOWANCE,False,,,,SPLIT_BEYOND_ALLOWANCE
fiber_013,11,B0|B1|B3,0.61998584644106258,0.64287312491208248,0.022887278471019901,0,0,8,8,1e-10,SPLIT_BEYOND_ALLOWANCE,False,,,,SPLIT_BEYOND_ALLOWANCE
fiber_013,12,B2|B3,0.57743199481406016,0.60537141243473913,0.027939417620678975,0,0,4,4,1e-10,SPLIT_BEYOND_ALLOWANCE,False,,,,SPLIT_BEYOND_ALLOWANCE
fiber_013,13,B0|B2|B3,0.66427477818041458,0.70419091604500206,0.039916137864587475,0,0,8,8,1e-10,SPLIT_BEYOND_ALLOWANCE,False,,,,SPLIT_BEYOND_ALLOWANCE
fiber_013,14,B1|B2|B3,0.6194098710727971,0.65033513134946175,0.030925260276664646,0,0,8,8,1e-10,SPLIT_BEYOND_ALLOWANCE,False,,,,SPLIT_BEYOND_ALLOWANCE
fiber_013,15,B0|B1|B2|B3,0.69867334776604961,0.73782300719997829,0.039149659433928674,0,0,16,16,1e-10,SPLIT_BEYOND_ALLOWANCE,False,,,,SPLIT_BEYOND_ALLOWANCE
fiber_013,16,B4,0.12790960290400882,0.12748012818392329,0.000429474720085532,0,0,2,2,1e-10,SPLIT_BEYOND_ALLOWANCE,False,,,,SPLIT_BEYOND_ALLOWANCE
fiber_013,17,B0|B4,0.2882473084978901,0.29747620781140455,0.0092288993135144493,0,0,4,4,1e-10,SPLIT_BEYOND_ALLOWANCE,False,,,,SPLIT_BEYOND_ALLOWANCE
fiber_013,18,B1|B4,0.19074365187999409,0.19984263614300554,0.0090989842630114504,0,0,4,4,1e-10,SPLIT_BEYOND_ALLOWANCE,False,,,,SPLIT_BEYOND_ALLOWANCE
fiber_013,19,B0|B1|B4,0.34608769858661015,0.36291453854744343,0.016826839960833284,0,0,8,8,1e-10,SPLIT_BEYOND_ALLOWANCE,False,,,,SPLIT_BEYOND_ALLOWANCE
fiber_013,20,B2|B4,0.2806413962581597,0.30823384658197595,0.027592450323816242,0,0,4,4,1e-10,SPLIT_BEYOND_ALLOWANCE,False,,,,SPLIT_BEYOND_ALLOWANCE
fiber_013,21,B0|B2|B4,0.41650008099881025,0.45856361492059489,0.042063533921784635,0,0,8,8,1e-10,SPLIT_BEYOND_ALLOWANCE,False,,,,SPLIT_BEYOND_ALLOWANCE
fiber_013,22,B1|B2|B4,0.33656197722396236,0.3717853586550946,0.035223381431132239,0,0,8,8,1e-10,SPLIT_BEYOND_ALLOWANCE,False,,,,SPLIT_BEYOND_ALLOWANCE
fiber_013,23,B0|B1|B2|B4,0.46475664758592128,0.50996132112124781,0.045204673535326534,0,0,16,16,1e-10,SPLIT_BEYOND_ALLOWANCE,False,,,,SPLIT_BEYOND_ALLOWANCE
fiber_013,24,B3|B4,0.48711240452310434,0.48485563048234642,0.002256774040757914,0,0,4,4,1e-10,SPLIT_BEYOND_ALLOWANCE,False,,,,SPLIT_BEYOND_ALLOWANCE
fiber_013,25,B0|B3|B4,0.59199762173194803,0.6054264176186146,0.013428795886666567,0,0,8,8,1e-10,SPLIT_BEYOND_ALLOWANCE,False,,,,SPLIT_BEYOND_ALLOWANCE
fiber_013,26,B1|B3|B4,0.52998887037093556,0.53407757780390019,0.0040887074329646333,0,0,8,8,1e-10,SPLIT_BEYOND_ALLOWANCE,False,,,,SPLIT_BEYOND_ALLOWANCE
fiber_013,27,B0|B1|B3|B4,0.62450476037792368,0.64059388014066287,0.01608911976273919,0,0,16,16,1e-10,SPLIT_BEYOND_ALLOWANCE,False,,,,SPLIT_BEYOND_ALLOWANCE
fiber_013,28,B2|B3|B4,0.59595104394173959,0.61735738890126124,0.02140634495952165,0,0,8,8,1e-10,SPLIT_BEYOND_ALLOWANCE,False,,,,SPLIT_BEYOND_ALLOWANCE
fiber_013,29,B0|B2|B3|B4,0.67114731601359701,0.7033355459351065,0.032188229921509492,0,0,16,16,1e-10,SPLIT_BEYOND_ALLOWANCE,False,,,,SPLIT_BEYOND_ALLOWANCE
fiber_013,30,B1|B2|B3|B4,0.62644138502771674,0.65098172061876836,0.024540335591051621,0,0,16,16,1e-10,SPLIT_BEYOND_ALLOWANCE,False,,,,SPLIT_BEYOND_ALLOWANCE
fiber_013,31,B0|B1|B2|B3|B4,0.69157139949277868,0.72367506867723175,0.032103669184453065,0,0,8,8,1e-10,SPLIT_BEYOND_ALLOWANCE,False,,,,SPLIT_BEYOND_ALLOWANCE
fiber_013,32,B5,0.56494386639151406,0.57374708469167435,0.0088032183001602871,0,0,2,2,1e-10,SPLIT_BEYOND_ALLOWANCE,False,,,,SPLIT_BEYOND_ALLOWANCE
fiber_013,33,B0|B5,0.59050737250406338,0.62340009126353557,0.032892718759472195,0,0,4,4,1e-10,SPLIT_BEYOND_ALLOWANCE,False,,,,SPLIT_BEYOND_ALLOWANCE
fiber_013,34,B1|B5,0.62053499421410241,0.6348894265166074,0.014354432302504994,0,0,4,4,1e-10,SPLIT_BEYOND_ALLOWANCE,False,,,,SPLIT_BEYOND_ALLOWANCE
fiber_013,35,B0|B1|B5,0.63361001205678158,0.66608570007810664,0.032475688021325055,0,0,8,8,1e-10,SPLIT_BEYOND_ALLOWANCE,False,,,,SPLIT_BEYOND_ALLOWANCE
fiber_013,36,B2|B5,0.61811033401096149,0.64724033091776678,0.029129996906805289,0,0,4,4,1e-10,SPLIT_BEYOND_ALLOWANCE,False,,,,SPLIT_BEYOND_ALLOWANCE
fiber_013,37,B0|B2|B5,0.6200403486385242,0.66837369673653624,0.048333348098012041,0,0,8,8,1e-10,SPLIT_BEYOND_ALLOWANCE,False,,,,SPLIT_BEYOND_ALLOWANCE
fiber_013,38,B1|B2|B5,0.66339225547792979,0.69442822963208684,0.031035974154157042,0,0,8,8,1e-10,SPLIT_BEYOND_ALLOWANCE,False,,,,SPLIT_BEYOND_ALLOWANCE
fiber_013,39,B0|B1|B2|B5,0.65346002742857345,0.69887793547237642,0.045417908043802968,0,0,16,16,1e-10,SPLIT_BEYOND_ALLOWANCE,False,,,,SPLIT_BEYOND_ALLOWANCE
fiber_013,40,B3|B5,0.60122666772541911,0.69332772922796737,0.092101061502548265,0,0,4,4,1e-10,SPLIT_BEYOND_ALLOWANCE,False,,,,SPLIT_BEYOND_ALLOWANCE
fiber_013,41,B0|B3|B5,0.53656665852777652,0.64116912022438877,0.10460246169661225,0,0,8,8,1e-10,SPLIT_BEYOND_ALLOWANCE,False,,,,SPLIT_BEYOND_ALLOWANCE
fiber_013,42,B1|B3|B5,0.62164554013077733,0.71105693401100045,0.089411393880223122,0,0,8,8,1e-10,SPLIT_BEYOND_ALLOWANCE,False,,,,SPLIT_BEYOND_ALLOWANCE
fiber_013,43,B0|B1|B3|B5,0.54691755616993387,0.64472923869295662,0.097811682523022747,0,0,16,16,1e-10,SPLIT_BEYOND_ALLOWANCE,False,,,,SPLIT_BEYOND_ALLOWANCE
fiber_013,44,B2|B3|B5,0.56933724194165691,0.66088925544907595,0.091552013507419039,0,0,8,8,1e-10,SPLIT_BEYOND_ALLOWANCE,False,,,,SPLIT_BEYOND_ALLOWANCE
fiber_013,45,B0|B2|B3|B5,0.48192981653814732,0.58661933664140797,0.10468952010326066,0,0,16,16,1e-10,SPLIT_BEYOND_ALLOWANCE,False,,,,SPLIT_BEYOND_ALLOWANCE
fiber_013,46,B1|B2|B3|B5,0.58301847111023219,0.67133231518893899,0.088313844078706794,0,0,16,16,1e-10,SPLIT_BEYOND_ALLOWANCE,False,,,,SPLIT_BEYOND_ALLOWANCE
fiber_013,47,B0|B1|B2|B3|B5,0.48627289234246385,0.58409446303938628,0.097821570696922433,0,0,8,8,1e-10,SPLIT_BEYOND_ALLOWANCE,False,,,,SPLIT_BEYOND_ALLOWANCE
fiber_013,48,B4|B5,0.63445103274155512,0.66009610624369142,0.025645073502136295,0,0,4,4,1e-10,SPLIT_BEYOND_ALLOWANCE,False,,,,SPLIT_BEYOND_ALLOWANCE
fiber_013,49,B0|B4|B5,0.64114337117050357,0.68921048426082554,0.048067113090321967,0,0,8,8,1e-10,SPLIT_BEYOND_ALLOWANCE,False,,,,SPLIT_BEYOND_ALLOWANCE
fiber_013,50,B1|B4|B5,0.67482801107875356,0.70443517424072311,0.029607163161969541,0,0,8,8,1e-10,SPLIT_BEYOND_ALLOWANCE,False,,,,SPLIT_BEYOND_ALLOWANCE
fiber_013,51,B0|B1|B4|B5,0.66855157529339326,0.71530945810598368,0.046757882812590412,0,0,16,16,1e-10,SPLIT_BEYOND_ALLOWANCE,False,,,,SPLIT_BEYOND_ALLOWANCE
fiber_013,52,B2|B4|B5,0.6695841993440167,0.71042729597882925,0.040843096634812559,0,0,8,8,1e-10,SPLIT_BEYOND_ALLOWANCE,False,,,,SPLIT_BEYOND_ALLOWANCE
fiber_013,53,B0|B2|B4|B5,0.6531624541488652,0.71356163678210749,0.060399182633242288,0,0,16,16,1e-10,SPLIT_BEYOND_ALLOWANCE,False,,,,SPLIT_BEYOND_ALLOWANCE
fiber_013,54,B1|B2|B4|B5,0.70055124642776578,0.74344749484900485,0.042896248421239069,0,0,16,16,1e-10,SPLIT_BEYOND_ALLOWANCE,False,,,,SPLIT_BEYOND_ALLOWANCE
fiber_013,55,B0|B1|B2|B4|B5,0.67061547839100566,0.72852174366896982,0.057906265277964164,0,0,8,8,1e-10,SPLIT_BEYOND_ALLOWANCE,False,,,,SPLIT_BEYOND_ALLOWANCE
fiber_013,56,B3|B4|B5,0.55014101173639629,0.63620141162992383,0.086060399893527539,0,0,8,8,1e-10,SPLIT_BEYOND_ALLOWANCE,False,,,,SPLIT_BEYOND_ALLOWANCE
fiber_013,57,B0|B3|B4|B5,0.47196724401838475,0.56909794237123201,0.097130698352847267,0,0,16,16,1e-10,SPLIT_BEYOND_ALLOWANCE,False,,,,SPLIT_BEYOND_ALLOWANCE
fiber_013,58,B1|B3|B4|B5,0.55548293553310957,0.63881015655700302,0.08332722102389345,0,0,16,16,1e-10,SPLIT_BEYOND_ALLOWANCE,False,,,,SPLIT_BEYOND_ALLOWANCE
fiber_013,59,B0|B1|B3|B4|B5,0.46736080697189969,0.55760747719828052,0.090246670226380832,0,0,8,8,1e-10,SPLIT_BEYOND_ALLOWANCE,False,,,,SPLIT_BEYOND_ALLOWANCE
fiber_013,60,B2|B3|B4|B5,0.50631717558116984,0.59086894161879966,0.084551766037629816,0,0,16,16,1e-10,SPLIT_BEYOND_ALLOWANCE,False,,,,SPLIT_BEYOND_ALLOWANCE
fiber_013,61,B0|B2|B3|B4|B5,0.40266350077220675,0.50045336188406708,0.097789861111860332,0,0,8,8,1e-10,SPLIT_BEYOND_ALLOWANCE,False,,,,SPLIT_BEYOND_ALLOWANCE
fiber_013,62,B1|B2|B3|B4|B5,0.50448344829984604,0.58600960852168471,0.081526160221838673,0,0,8,8,1e-10,SPLIT_BEYOND_ALLOWANCE,False,,,,SPLIT_BEYOND_ALLOWANCE
fiber_013,63,B0|B1|B2|B3|B4|B5,0.39213279526357836,0.48304665509761474,0.090913859834036381,0,0,4,4,1e-10,SPLIT_BEYOND_ALLOWANCE,False,,,,SPLIT_BEYOND_ALLOWANCE
fiber_013,64,B6,0.16903995981056727,0.21932586181811531,0.050285902007548039,0,0,2,2,1e-10,SPLIT_BEYOND_ALLOWANCE,False,,,,SPLIT_BEYOND_ALLOWANCE
fiber_013,65,B0|B6,0.32040177280692506,0.36909312707693148,0.048691354270006426,0,0,4,4,1e-10,SPLIT_BEYOND_ALLOWANCE,False,,,,SPLIT_BEYOND_ALLOWANCE
fiber_013,66,B1|B6,0.19088379483419157,0.24794937149251903,0.057065576658327455,0,0,4,4,1e-10,SPLIT_BEYOND_ALLOWANCE,False,,,,SPLIT_BEYOND_ALLOWANCE
fiber_013,67,B0|B1|B6,0.33557120585021805,0.39001093048006574,0.054439724629847697,0,0,8,8,1e-10,SPLIT_BEYOND_ALLOWANCE,False,,,,SPLIT_BEYOND_ALLOWANCE
fiber_013,68,B2|B6,0.30736440295618894,0.37927590462338284,0.0719115016671939,0,0,4,4,1e-10,SPLIT_BEYOND_ALLOWANCE,False,,,,SPLIT_BEYOND_ALLOWANCE
fiber_013,69,B0|B2|B6,0.42658416805228383,0.49531070524732268,0.06872653719503885,0,0,8,8,1e-10,SPLIT_BEYOND_ALLOWANCE,False,,,,SPLIT_BEYOND_ALLOWANCE
fiber_013,70,B1|B2|B6,0.32279695952411724,0.40170282345089264,0.078905863926775399,0,0,8,8,1e-10,SPLIT_BEYOND_ALLOWANCE,False,,,,SPLIT_BEYOND_ALLOWANCE
fiber_013,71,B0|B1|B2|B6,0.43366058380040673,0.50688129478613042,0.073220710985723692,0,0,16,16,1e-10,SPLIT_BEYOND_ALLOWANCE,False,,,,SPLIT_BEYOND_ALLOWANCE
fiber_013,72,B3|B6,0.57180618742141121,0.61741543661042131,0.045609249189010104,0,0,4,4,1e-10,SPLIT_BEYOND_ALLOWANCE,False,,,,SPLIT_BEYOND_ALLOWANCE
fiber_013,73,B0|B3|B6,0.63934319900743031,0.68003331401276501,0.040690115005334704,0,0,8,8,1e-10,SPLIT_BEYOND_ALLOWANCE,False,,,,SPLIT_BEYOND_ALLOWANCE
fiber_013,74,B1|B3|B6,0.57369680750605101,0.62439461189957279,0.050697804393521784,0,0,8,8,1e-10,SPLIT_BEYOND_ALLOWANCE,False,,,,SPLIT_BEYOND_ALLOWANCE
fiber_013,75,B0|B1|B3|B6,0.62749278304540734,0.66909532680488693,0.041602543759479582,0,0,16,16,1e-10,SPLIT_BEYOND_ALLOWANCE,False,,,,SPLIT_BEYOND_ALLOWANCE
fiber_013,76,B2|B3|B6,0.65004810889928921,0.70618520702491283,0.056137098125623619,0,0,8,8,1e-10,SPLIT_BEYOND_ALLOWANCE,False,,,,SPLIT_BEYOND_ALLOWANCE
fiber_013,77,B0|B2|B3|B6,0.69253757759337065,0.7388157382145123,0.046278160621141651,0,0,16,16,1e-10,SPLIT_BEYOND_ALLOWANCE,False,,,,SPLIT_BEYOND_ALLOWANCE
fiber_013,78,B1|B2|B3|B6,0.64080796963087394,0.70202433221303329,0.061216362582159345,0,0,16,16,1e-10,SPLIT_BEYOND_ALLOWANCE,False,,,,SPLIT_BEYOND_ALLOWANCE
fiber_013,79,B0|B1|B2|B3|B6,0.67018300031163158,0.71718280352873154,0.046999803217099956,0,0,8,8,1e-10,SPLIT_BEYOND_ALLOWANCE,False,,,,SPLIT_BEYOND_ALLOWANCE
fiber_013,80,B4|B6,0.28901329213302623,0.33876541273527289,0.049752120602246652,0,0,4,4,1e-10,SPLIT_BEYOND_ALLOWANCE,False,,,,SPLIT_BEYOND_ALLOWANCE
fiber_013,81,B0|B4|B6,0.42669471917010537,0.4758012479992999,0.049106528829194529,0,0,8,8,1e-10,SPLIT_BEYOND_ALLOWANCE,False,,,,SPLIT_BEYOND_ALLOWANCE
fiber_013,82,B1|B4|B6,0.3001873291935277,0.35711659104267035,0.056929261849142654,0,0,8,8,1e-10,SPLIT_BEYOND_ALLOWANCE,False,,,,SPLIT_BEYOND_ALLOWANCE
fiber_013,83,B0|B1|B4|B6,0.43035622924464639,0.48533508932197422,0.054978860077327829,0,0,16,16,1e-10,SPLIT_BEYOND_ALLOWANCE,False,,,,SPLIT_BEYOND_ALLOWANCE
fiber_013,84,B2|B4|B6,0.42001504848438892,0.49171194737084262,0.071696898886453697,0,0,8,8,1e-10,SPLIT_BEYOND_ALLOWANCE,False,,,,SPLIT_BEYOND_ALLOWANCE
fiber_013,85,B0|B2|B4|B6,0.52540892416446683,0.59360801033268484,0.068199086168218015,0,0,16,16,1e-10,SPLIT_BEYOND_ALLOWANCE,False,,,,SPLIT_BEYOND_ALLOWANCE
fiber_013,86,B1|B2|B4|B6,0.42403892201450893,0.50289201960027241,0.078853097585763476,0,0,16,16,1e-10,SPLIT_BEYOND_ALLOWANCE,False,,,,SPLIT_BEYOND_ALLOWANCE
fiber_013,87,B0|B1|B2|B4|B6,0.52042715039806586,0.59322468093890079,0.072797530540834932,0,0,8,8,1e-10,SPLIT_BEYOND_ALLOWANCE,False,,,,SPLIT_BEYOND_ALLOWANCE
fiber_013,88,B3|B4|B6,0.58226051246760002,0.61815732575085403,0.035896813283254003,0,0,8,8,1e-10,SPLIT_BEYOND_ALLOWANCE,False,,,,SPLIT_BEYOND_ALLOWANCE
fiber_013,89,B0|B3|B4|B6,0.62975986724198263,0.6600524029215844,0.030292535679601773,0,0,16,16,1e-10,SPLIT_BEYOND_ALLOWANCE,False,,,,SPLIT_BEYOND_ALLOWANCE
fiber_013,90,B1|B3|B4|B6,0.56787166510146181,0.60969746413907344,0.041825799037611633,7.0010694312171884e-33,4.5589855725790592e-33,8,8,1e-10,SPLIT_BEYOND_ALLOWANCE,False,,,,SPLIT_BEYOND_ALLOWANCE
fiber_013,91,B0|B1|B3|B4|B6,0.60150471689870344,0.63386068950246865,0.032355972603765215,0,0,8,8,1e-10,SPLIT_BEYOND_ALLOWANCE,False,,,,SPLIT_BEYOND_ALLOWANCE
fiber_013,92,B2|B3|B4|B6,0.64790552703758164,0.69431946583749704,0.0464139387999154,0,0,16,16,1e-10,SPLIT_BEYOND_ALLOWANCE,False,,,,SPLIT_BEYOND_ALLOWANCE
fiber_013,93,B0|B2|B3|B4|B6,0.67138783786847667,0.70704379418672103,0.035655956318244364,0,0,8,8,1e-10,SPLIT_BEYOND_ALLOWANCE,False,,,,SPLIT_BEYOND_ALLOWANCE
fiber_013,94,B1|B2|B3|B4|B6,0.62168503085627969,0.67436911316691583,0.052684082310636149,0,0,8,8,1e-10,SPLIT_BEYOND_ALLOWANCE,False,,,,SPLIT_BEYOND_ALLOWANCE
fiber_013,95,B0|B1|B2|B3|B4|B6,0.63204004083838461,0.66963111252793273,0.037591071689548117,0,0,4,4,1e-10,SPLIT_BEYOND_ALLOWANCE,False,,,,SPLIT_BEYOND_ALLOWANCE
fiber_013,96,B5|B6,0.68809126549912236,0.71754795376459735,0.029456688265474984,0,0,4,4,1e-10,SPLIT_BEYOND_ALLOWANCE,False,,,,SPLIT_BEYOND_ALLOWANCE
fiber_013,97,B0|B5|B6,0.65895732526165207,0.69037735291710445,0.031420027655452376,0,0,8,8,1e-10,SPLIT_BEYOND_ALLOWANCE,False,,,,SPLIT_BEYOND_ALLOWANCE
fiber_013,98,B1|B5|B6,0.68455223793730791,0.71924444344464278,0.034692205507334872,0,0,8,8,1e-10,SPLIT_BEYOND_ALLOWANCE,False,,,,SPLIT_BEYOND_ALLOWANCE
fiber_013,99,B0|B1|B5|B6,0.64505229464192693,0.67833587389403316,0.033283579252106232,5.2032392740765489e-33,7.752280665247672e-33,8,8,1e-10,SPLIT_BEYOND_ALLOWANCE,False,,,,SPLIT_BEYOND_ALLOWANCE
fiber_013,100,B2|B5|B6,0.70405409388004947,0.74163903018471822,0.037584936304668748,0,0,8,8,1e-10,SPLIT_BEYOND_ALLOWANCE,False,,,,SPLIT_BEYOND_ALLOWANCE
fiber_013,101,B0|B2|B5|B6,0.65165228672924247,0.68726423259645453,0.035611945867212058,0,0,16,16,1e-10,SPLIT_BEYOND_ALLOWANCE,False,,,,SPLIT_BEYOND_ALLOWANCE
fiber_013,102,B1|B2|B5|B6,0.68963727674333286,0.73109610844778572,0.041458831704452859,0,0,16,16,1e-10,SPLIT_BEYOND_ALLOWANCE,False,,,,SPLIT_BEYOND_ALLOWANCE
fiber_013,103,B0|B1|B2|B5|B6,0.62651753866230409,0.66259836023066399,0.0360808215683599,0,0,8,8,1e-10,SPLIT_BEYOND_ALLOWANCE,False,,,,SPLIT_BEYOND_ALLOWANCE
fiber_013,104,B3|B5|B6,0.59166886236565219,0.67358249223413336,0.081913629868481164,0,0,8,8,1e-10,SPLIT_BEYOND_ALLOWANCE,False,,,,SPLIT_BEYOND_ALLOWANCE
fiber_013,105,B0|B3|B5|B6,0.48840825518551356,0.56132634929713676,0.0729180941116232,0,0,16,16,1e-10,SPLIT_BEYOND_ALLOWANCE,False,,,,SPLIT_BEYOND_ALLOWANCE
fiber_013,106,B1|B3|B5|B6,0.55668637639563279,0.63773222633976456,0.081045849944131776,0,0,16,16,1e-10,SPLIT_BEYOND_ALLOWANCE,False,,,,SPLIT_BEYOND_ALLOWANCE
fiber_013,107,B0|B1|B3|B5|B6,0.44378212947499124,0.51120871265337331,0.067426583178382071,0,0,8,8,1e-10,SPLIT_BEYOND_ALLOWANCE,False,,,,SPLIT_BEYOND_ALLOWANCE
fiber_013,108,B2|B3|B5|B6,0.53720688179433118,0.61336395632209295,0.07615707452776177,0,0,16,16,1e-10,SPLIT_BEYOND_ALLOWANCE,False,,,,SPLIT_BEYOND_ALLOWANCE
fiber_013,109,B0|B2|B3|B5|B6,0.41516213108990385,0.48436720424028934,0.069205073150385488,0,0,8,8,1e-10,SPLIT_BEYOND_ALLOWANCE,False,,,,SPLIT_BEYOND_ALLOWANCE
fiber_013,110,B1|B2|B3|B5|B6,0.49389912528523422,0.56865748620455325,0.074758360919319033,0,0,8,8,1e-10,SPLIT_BEYOND_ALLOWANCE,False,,,,SPLIT_BEYOND_ALLOWANCE
fiber_013,111,B0|B1|B2|B3|B5|B6,0.36368184165239786,0.4266891871409767,0.063007345488578836,0,0,4,4,1e-10,SPLIT_BEYOND_ALLOWANCE,False,,,,SPLIT_BEYOND_ALLOWANCE
fiber_013,112,B4|B5|B6,0.72481630940298536,0.76675002458756403,0.041933715184578668,0,0,8,8,1e-10,SPLIT_BEYOND_ALLOWANCE,False,,,,SPLIT_BEYOND_ALLOWANCE
fiber_013,113,B0|B4|B5|B6,0.68022251247358423,0.72236469766039946,0.042142185186815229,0,0,16,16,1e-10,SPLIT_BEYOND_ALLOWANCE,False,,,,SPLIT_BEYOND_ALLOWANCE
fiber_013,114,B1|B4|B5|B6,0.70687932694985778,0.754337957787653,0.047458630837795224,0,0,16,16,1e-10,SPLIT_BEYOND_ALLOWANCE,False,,,,SPLIT_BEYOND_ALLOWANCE
fiber_013,115,B0|B1|B4|B5|B6,0.65322066220071717,0.69739166075305004,0.044170998552332863,0,0,8,8,1e-10,SPLIT_BEYOND_ALLOWANCE,False,,,,SPLIT_BEYOND_ALLOWANCE
fiber_013,116,B2|B4|B5|B6,0.7252717472740956,0.77329883759581008,0.048027090321714483,0,0,16,16,1e-10,SPLIT_BEYOND_ALLOWANCE,False,,,,SPLIT_BEYOND_ALLOWANCE
fiber_013,117,B0|B2|B4|B5|B6,0.65753918332551875,0.70320606730360824,0.04566688397808949,0,0,8,8,1e-10,SPLIT_BEYOND_ALLOWANCE,False,,,,SPLIT_BEYOND_ALLOWANCE
fiber_013,118,B1|B2|B4|B5|B6,0.69746200712965956,0.74976733198373291,0.052305324854073354,0,0,8,8,1e-10,SPLIT_BEYOND_ALLOWANCE,False,,,,SPLIT_BEYOND_ALLOWANCE
fiber_013,119,B0|B1|B2|B4|B5|B6,0.6209024219244379,0.66715198299259759,0.046249561068159695,0,0,4,4,1e-10,SPLIT_BEYOND_ALLOWANCE,False,,,,SPLIT_BEYOND_ALLOWANCE
fiber_013,120,B3|B4|B5|B6,0.51130717144248328,0.58473617175046555,0.073429000307982273,0,0,16,16,1e-10,SPLIT_BEYOND_ALLOWANCE,False,,,,SPLIT_BEYOND_ALLOWANCE
fiber_013,121,B0|B3|B4|B5|B6,0.3957502896079001,0.4605900925265991,0.064839802918699008,0,0,8,8,1e-10,SPLIT_BEYOND_ALLOWANCE,False,,,,SPLIT_BEYOND_ALLOWANCE
fiber_013,122,B1|B3|B4|B5|B6,0.46583144641446361,0.53922777501456431,0.073396328600100702,0,0,8,8,1e-10,SPLIT_BEYOND_ALLOWANCE,False,,,,SPLIT_BEYOND_ALLOWANCE
fiber_013,123,B0|B1|B3|B4|B5|B6,0.34247010012195678,0.40277429848330981,0.060304198361353034,0,0,4,4,1e-10,SPLIT_BEYOND_ALLOWANCE,False,,,,SPLIT_BEYOND_ALLOWANCE
fiber_013,124,B2|B3|B4|B5|B6,0.44555404918372676,0.51323586596820048,0.067681816784473714,0,0,8,8,1e-10,SPLIT_BEYOND_ALLOWANCE,False,,,,SPLIT_BEYOND_ALLOWANCE
fiber_013,125,B0|B2|B3|B4|B5|B6,0.31063333935511384,0.37246212187730621,0.061828782522192371,0,0,4,4,1e-10,SPLIT_BEYOND_ALLOWANCE,False,,,,SPLIT_BEYOND_ALLOWANCE
fiber_013,126,B1|B2|B3|B4|B5|B6,0.39339547589059898,0.46021198545315295,0.066816509562553972,0,0,4,4,1e-10,SPLIT_BEYOND_ALLOWANCE,False,,,,SPLIT_BEYOND_ALLOWANCE
fiber_013,127,B0|B1|B2|B3|B4|B5|B6,0.25201990549354503,0.30814366105376723,0.056123755560222199,0,0,2,2,1e-10,SPLIT_BEYOND_ALLOWANCE,False,,,,SPLIT_BEYOND_ALLOWANCE
fiber_013,128,B7,0.25201990549354542,0.30814366105376717,0.056123755560221755,0,0,2,2,1e-10,SPLIT_BEYOND_ALLOWANCE,False,,,,SPLIT_BEYOND_ALLOWANCE
fiber_013,129,B0|B7,0.39339547589059892,0.46021198545315284,0.066816509562553916,0,0,4,4,1e-10,SPLIT_BEYOND_ALLOWANCE,False,,,,SPLIT_BEYOND_ALLOWANCE
fiber_013,130,B1|B7,0.31063333935511367,0.37246212187730632,0.061828782522192649,0,0,4,4,1e-10,SPLIT_BEYOND_ALLOWANCE,False,,,,SPLIT_BEYOND_ALLOWANCE
fiber_013,131,B0|B1|B7,0.44555404918372676,0.51323586596820026,0.067681816784473492,0,0,8,8,1e-10,SPLIT_BEYOND_ALLOWANCE,False,,,,SPLIT_BEYOND_ALLOWANCE
fiber_013,132,B2|B7,0.34247010012195661,0.4027742984833102,0.060304198361353589,0,0,4,4,1e-10,SPLIT_BEYOND_ALLOWANCE,False,,,,SPLIT_BEYOND_ALLOWANCE
fiber_013,133,B0|B2|B7,0.46583144641446383,0.53922777501456487,0.073396328600101035,0,0,8,8,1e-10,SPLIT_BEYOND_ALLOWANCE,False,,,,SPLIT_BEYOND_ALLOWANCE
fiber_013,134,B1|B2|B7,0.39575028960789993,0.46059009252659927,0.064839802918699341,0,0,8,8,1e-10,SPLIT_BEYOND_ALLOWANCE,False,,,,SPLIT_BEYOND_ALLOWANCE
fiber_013,135,B0|B1|B2|B7,0.51130717144248294,0.58473617175046577,0.073429000307982828,0,0,16,16,1e-10,SPLIT_BEYOND_ALLOWANCE,False,,,,SPLIT_BEYOND_ALLOWANCE
fiber_013,136,B3|B7,0.62090242192443801,0.66715198299259781,0.046249561068159806,0,0,4,4,1e-10,SPLIT_BEYOND_ALLOWANCE,False,,,,SPLIT_BEYOND_ALLOWANCE
fiber_013,137,B0|B3|B7,0.69746200712965956,0.74976733198373302,0.052305324854073465,0,0,8,8,1e-10,SPLIT_BEYOND_ALLOWANCE,False,,,,SPLIT_BEYOND_ALLOWANCE
fiber_013,138,B1|B3|B7,0.65753918332551842,0.70320606730360835,0.045666883978089934,0,0,8,8,1e-10,SPLIT_BEYOND_ALLOWANCE,False,,,,SPLIT_BEYOND_ALLOWANCE
fiber_013,139,B0|B1|B3|B7,0.72527174727409582,0.7732988375958102,0.048027090321714372,0,0,16,16,1e-10,SPLIT_BEYOND_ALLOWANCE,False,,,,SPLIT_BEYOND_ALLOWANCE
fiber_013,140,B2|B3|B7,0.65322066220071673,0.69739166075304992,0.044170998552333196,0,0,8,8,1e-10,SPLIT_BEYOND_ALLOWANCE,False,,,,SPLIT_BEYOND_ALLOWANCE
fiber_013,141,B0|B2|B3|B7,0.706879326949858,0.75433795778765278,0.04745863083779478,0,0,16,16,1e-10,SPLIT_BEYOND_ALLOWANCE,False,,,,SPLIT_BEYOND_ALLOWANCE
fiber_013,142,B1|B2|B3|B7,0.68022251247358412,0.72236469766039912,0.042142185186815007,0,0,16,16,1e-10,SPLIT_BEYOND_ALLOWANCE,False,,,,SPLIT_BEYOND_ALLOWANCE
fiber_013,143,B0|B1|B2|B3|B7,0.72481630940298525,0.76675002458756392,0.041933715184578668,0,0,8,8,1e-10,SPLIT_BEYOND_ALLOWANCE,False,,,,SPLIT_BEYOND_ALLOWANCE
fiber_013,144,B4|B7,0.3636818416523977,0.42668918714097659,0.063007345488578892,0,0,4,4,1e-10,SPLIT_BEYOND_ALLOWANCE,False,,,,SPLIT_BEYOND_ALLOWANCE
fiber_013,145,B0|B4|B7,0.49389912528523422,0.56865748620455336,0.074758360919319145,0,0,8,8,1e-10,SPLIT_BEYOND_ALLOWANCE,False,,,,SPLIT_BEYOND_ALLOWANCE
fiber_013,146,B1|B4|B7,0.41516213108990385,0.48436720424028917,0.069205073150385321,0,0,8,8,1e-10,SPLIT_BEYOND_ALLOWANCE,False,,,,SPLIT_BEYOND_ALLOWANCE
fiber_013,147,B0|B1|B4|B7,0.53720688179433129,0.61336395632209295,0.076157074527761659,0,0,16,16,1e-10,SPLIT_BEYOND_ALLOWANCE,False,,,,SPLIT_BEYOND_ALLOWANCE
fiber_013,148,B2|B4|B7,0.44378212947499124,0.51120871265337287,0.067426583178381627,0,0,8,8,1e-10,SPLIT_BEYOND_ALLOWANCE,False,,,,SPLIT_BEYOND_ALLOWANCE
fiber_013,149,B0|B2|B4|B7,0.55668637639563323,0.63773222633976445,0.081045849944131221,0,0,16,16,1e-10,SPLIT_BEYOND_ALLOWANCE,False,,,,SPLIT_BEYOND_ALLOWANCE
fiber_013,150,B1|B2|B4|B7,0.48840825518551351,0.56132634929713621,0.0729180941116227,0,0,16,16,1e-10,SPLIT_BEYOND_ALLOWANCE,False,,,,SPLIT_BEYOND_ALLOWANCE
fiber_013,151,B0|B1|B2|B4|B7,0.59166886236565219,0.67358249223413358,0.081913629868481386,0,0,8,8,1e-10,SPLIT_BEYOND_ALLOWANCE,False,,,,SPLIT_BEYOND_ALLOWANCE
fiber_013,152,B3|B4|B7,0.62651753866230397,0.66259836023066421,0.036080821568360233,0,0,8,8,1e-10,SPLIT_BEYOND_ALLOWANCE,False,,,,SPLIT_BEYOND_ALLOWANCE
fiber_013,153,B0|B3|B4|B7,0.68963727674333286,0.73109610844778539,0.041458831704452526,0,0,16,16,1e-10,SPLIT_BEYOND_ALLOWANCE,False,,,,SPLIT_BEYOND_ALLOWANCE
fiber_013,154,B1|B3|B4|B7,0.65165228672924225,0.68726423259645408,0.035611945867211836,0,0,16,16,1e-10,SPLIT_BEYOND_ALLOWANCE,False,,,,SPLIT_BEYOND_ALLOWANCE
fiber_013,155,B0|B1|B3|B4|B7,0.70405409388004947,0.74163903018471822,0.037584936304668748,0,0,8,8,1e-10,SPLIT_BEYOND_ALLOWANCE,False,,,,SPLIT_BEYOND_ALLOWANCE
fiber_013,156,B2|B3|B4|B7,0.64505229464192693,0.67833587389403383,0.033283579252106898,8.7249401147016162e-33,5.2395687523380389e-33,8,8,1e-10,SPLIT_BEYOND_ALLOWANCE,False,,,,SPLIT_BEYOND_ALLOWANCE
fiber_013,157,B0|B2|B3|B4|B7,0.68455223793730779,0.71924444344464289,0.034692205507335094,0,0,8,8,1e-10,SPLIT_BEYOND_ALLOWANCE,False,,,,SPLIT_BEYOND_ALLOWANCE
fiber_013,158,B1|B2|B3|B4|B7,0.65895732526165263,0.69037735291710445,0.031420027655451821,0,0,8,8,1e-10,SPLIT_BEYOND_ALLOWANCE,False,,,,SPLIT_BEYOND_ALLOWANCE
fiber_013,159,B0|B1|B2|B3|B4|B7,0.68809126549912214,0.71754795376459712,0.029456688265474984,0,0,4,4,1e-10,SPLIT_BEYOND_ALLOWANCE,False,,,,SPLIT_BEYOND_ALLOWANCE
fiber_013,160,B5|B7,0.63204004083838494,0.66963111252793239,0.037591071689547451,0,0,4,4,1e-10,SPLIT_BEYOND_ALLOWANCE,False,,,,SPLIT_BEYOND_ALLOWANCE
fiber_013,161,B0|B5|B7,0.62168503085627969,0.67436911316691617,0.052684082310636482,0,0,8,8,1e-10,SPLIT_BEYOND_ALLOWANCE,False,,,,SPLIT_BEYOND_ALLOWANCE
fiber_013,162,B1|B5|B7,0.67138783786847656,0.70704379418672114,0.035655956318244586,0,0,8,8,1e-10,SPLIT_BEYOND_ALLOWANCE,False,,,,SPLIT_BEYOND_ALLOWANCE
fiber_013,163,B0|B1|B5|B7,0.64790552703758209,0.69431946583749704,0.046413938799914956,0,0,16,16,1e-10,SPLIT_BEYOND_ALLOWANCE,False,,,,SPLIT_BEYOND_ALLOWANCE
fiber_013,164,B2|B5|B7,0.60150471689870333,0.63386068950246877,0.032355972603765437,0,0,8,8,1e-10,SPLIT_BEYOND_ALLOWANCE,False,,,,SPLIT_BEYOND_ALLOWANCE
fiber_013,165,B0|B2|B5|B7,0.56787166510146148,0.609697464139073,0.041825799037611522,5.1106418830463388e-33,1.0042842256562818e-32,8,8,1e-10,SPLIT_BEYOND_ALLOWANCE,False,,,,SPLIT_BEYOND_ALLOWANCE
fiber_013,166,B1|B2|B5|B7,0.62975986724198285,0.66005240292158462,0.030292535679601773,0,0,16,16,1e-10,SPLIT_BEYOND_ALLOWANCE,False,,,,SPLIT_BEYOND_ALLOWANCE
fiber_013,167,B0|B1|B2|B5|B7,0.58226051246760002,0.6181573257508538,0.035896813283253781,0,0,8,8,1e-10,SPLIT_BEYOND_ALLOWANCE,False,,,,SPLIT_BEYOND_ALLOWANCE
fiber_013,168,B3|B5|B7,0.52042715039806586,0.59322468093890135,0.072797530540835487,0,0,8,8,1e-10,SPLIT_BEYOND_ALLOWANCE,False,,,,SPLIT_BEYOND_ALLOWANCE
fiber_013,169,B0|B3|B5|B7,0.42403892201450855,0.50289201960027263,0.078853097585764087,0,0,16,16,1e-10,SPLIT_BEYOND_ALLOWANCE,False,,,,SPLIT_BEYOND_ALLOWANCE
fiber_013,170,B1|B3|B5|B7,0.52540892416446716,0.59360801033268484,0.068199086168217682,0,0,16,16,1e-10,SPLIT_BEYOND_ALLOWANCE,False,,,,SPLIT_BEYOND_ALLOWANCE
fiber_013,171,B0|B1|B3|B5|B7,0.42001504848438886,0.49171194737084262,0.071696898886453753,0,0,8,8,1e-10,SPLIT_BEYOND_ALLOWANCE,False,,,,SPLIT_BEYOND_ALLOWANCE
fiber_013,172,B2|B3|B5|B7,0.43035622924464612,0.48533508932197411,0.054978860077327996,0,0,16,16,1e-10,SPLIT_BEYOND_ALLOWANCE,False,,,,SPLIT_BEYOND_ALLOWANCE
fiber_013,173,B0|B2|B3|B5|B7,0.3001873291935277,0.35711659104267024,0.056929261849142543,0,0,8,8,1e-10,SPLIT_BEYOND_ALLOWANCE,False,,,,SPLIT_BEYOND_ALLOWANCE
fiber_013,174,B1|B2|B3|B5|B7,0.42669471917010543,0.47580124799930035,0.049106528829194918,0,0,8,8,1e-10,SPLIT_BEYOND_ALLOWANCE,False,,,,SPLIT_BEYOND_ALLOWANCE
fiber_013,175,B0|B1|B2|B3|B5|B7,0.28901329213302651,0.33876541273527272,0.049752120602246208,0,0,4,4,1e-10,SPLIT_BEYOND_ALLOWANCE,False,,,,SPLIT_BEYOND_ALLOWANCE
fiber_013,176,B4|B5|B7,0.67018300031163136,0.71718280352873176,0.0469998032171004,0,0,8,8,1e-10,SPLIT_BEYOND_ALLOWANCE,False,,,,SPLIT_BEYOND_ALLOWANCE
fiber_013,177,B0|B4|B5|B7,0.64080796963087383,0.70202433221303318,0.061216362582159345,0,0,16,16,1e-10,SPLIT_BEYOND_ALLOWANCE,False,,,,SPLIT_BEYOND_ALLOWANCE
fiber_013,178,B1|B4|B5|B7,0.69253757759337065,0.73881573821451219,0.04627816062114154,0,0,16,16,1e-10,SPLIT_BEYOND_ALLOWANCE,False,,,,SPLIT_BEYOND_ALLOWANCE
fiber_013,179,B0|B1|B4|B5|B7,0.65004810889928932,0.70618520702491205,0.056137098125622731,0,0,8,8,1e-10,SPLIT_BEYOND_ALLOWANCE,False,,,,SPLIT_BEYOND_ALLOWANCE
fiber_013,180,B2|B4|B5|B7,0.62749278304540757,0.66909532680488715,0.041602543759479582,0,0,16,16,1e-10,SPLIT_BEYOND_ALLOWANCE,False,,,,SPLIT_BEYOND_ALLOWANCE
fiber_013,181,B0|B2|B4|B5|B7,0.57369680750605068,0.62439461189957268,0.050697804393522006,0,0,8,8,1e-10,SPLIT_BEYOND_ALLOWANCE,False,,,,SPLIT_BEYOND_ALLOWANCE
fiber_013,182,B1|B2|B4|B5|B7,0.63934319900743064,0.68003331401276468,0.040690115005334038,0,0,8,8,1e-10,SPLIT_BEYOND_ALLOWANCE,False,,,,SPLIT_BEYOND_ALLOWANCE
fiber_013,183,B0|B1|B2|B4|B5|B7,0.57180618742141087,0.61741543661042131,0.045609249189010437,0,0,4,4,1e-10,SPLIT_BEYOND_ALLOWANCE,False,,,,SPLIT_BEYOND_ALLOWANCE
fiber_013,184,B3|B4|B5|B7,0.4336605838004069,0.50688129478613031,0.073220710985723414,0,0,16,16,1e-10,SPLIT_BEYOND_ALLOWANCE,False,,,,SPLIT_BEYOND_ALLOWANCE
fiber_013,185,B0|B3|B4|B5|B7,0.32279695952411713,0.40170282345089248,0.078905863926775344,0,0,8,8,1e-10,SPLIT_BEYOND_ALLOWANCE,False,,,,SPLIT_BEYOND_ALLOWANCE
fiber_013,186,B1|B3|B4|B5|B7,0.42658416805228372,0.49531070524732274,0.068726537195039017,0,0,8,8,1e-10,SPLIT_BEYOND_ALLOWANCE,False,,,,SPLIT_BEYOND_ALLOWANCE
fiber_013,187,B0|B1|B3|B4|B5|B7,0.30736440295618905,0.37927590462338273,0.071911501667193678,0,0,4,4,1e-10,SPLIT_BEYOND_ALLOWANCE,False,,,,SPLIT_BEYOND_ALLOWANCE
fiber_013,188,B2|B3|B4|B5|B7,0.33557120585021777,0.39001093048006563,0.054439724629847863,0,0,8,8,1e-10,SPLIT_BEYOND_ALLOWANCE,False,,,,SPLIT_BEYOND_ALLOWANCE
fiber_013,189,B0|B2|B3|B4|B5|B7,0.19088379483419174,0.24794937149251936,0.057065576658327621,0,0,4,4,1e-10,SPLIT_BEYOND_ALLOWANCE,False,,,,SPLIT_BEYOND_ALLOWANCE
fiber_013,190,B1|B2|B3|B4|B5|B7,0.320401772806925,0.36909312707693182,0.048691354270006815,0,0,4,4,1e-10,SPLIT_BEYOND_ALLOWANCE,False,,,,SPLIT_BEYOND_ALLOWANCE
fiber_013,191,B0|B1|B2|B3|B4|B5|B7,0.16903995981056719,0.21932586181811539,0.050285902007548205,0,0,2,2,1e-10,SPLIT_BEYOND_ALLOWANCE,False,,,,SPLIT_BEYOND_ALLOWANCE
fiber_013,192,B6|B7,0.39213279526357842,0.48304665509761491,0.090913859834036492,0,0,4,4,1e-10,SPLIT_BEYOND_ALLOWANCE,False,,,,SPLIT_BEYOND_ALLOWANCE
fiber_013,193,B0|B6|B7,0.5044834482998457,0.58600960852168482,0.081526160221839117,0,0,8,8,1e-10,SPLIT_BEYOND_ALLOWANCE,False,,,,SPLIT_BEYOND_ALLOWANCE
fiber_013,194,B1|B6|B7,0.4026635007722067,0.50045336188406697,0.097789861111860277,0,0,8,8,1e-10,SPLIT_BEYOND_ALLOWANCE,False,,,,SPLIT_BEYOND_ALLOWANCE
fiber_013,195,B0|B1|B6|B7,0.50631717558117018,0.5908689416188001,0.084551766037629927,0,0,16,16,1e-10,SPLIT_BEYOND_ALLOWANCE,False,,,,SPLIT_BEYOND_ALLOWANCE
fiber_013,196,B2|B6|B7,0.46736080697189991,0.55760747719828008,0.090246670226380166,0,0,8,8,1e-10,SPLIT_BEYOND_ALLOWANCE,False,,,,SPLIT_BEYOND_ALLOWANCE
fiber_013,197,B0|B2|B6|B7,0.55548293553311001,0.63881015655700302,0.083327221023893006,0,0,16,16,1e-10,SPLIT_BEYOND_ALLOWANCE,False,,,,SPLIT_BEYOND_ALLOWANCE
fiber_013,198,B1|B2|B6|B7,0.47196724401838452,0.56909794237123201,0.097130698352847489,0,0,16,16,1e-10,SPLIT_BEYOND_ALLOWANCE,False,,,,SPLIT_BEYOND_ALLOWANCE
fiber_013,199,B0|B1|B2|B6|B7,0.55014101173639607,0.63620141162992405,0.086060399893527983,0,0,8,8,1e-10,SPLIT_BEYOND_ALLOWANCE,False,,,,SPLIT_BEYOND_ALLOWANCE
fiber_013,200,B3|B6|B7,0.67061547839100544,0.72852174366896993,0.057906265277964497,0,0,8,8,1e-10,SPLIT_BEYOND_ALLOWANCE,False,,,,SPLIT_BEYOND_ALLOWANCE
fiber_013,201,B0|B3|B6|B7,0.70055124642776634,0.74344749484900474,0.042896248421238403,0,0,16,16,1e-10,SPLIT_BEYOND_ALLOWANCE,False,,,,SPLIT_BEYOND_ALLOWANCE
fiber_013,202,B1|B3|B6|B7,0.65316245414886498,0.7135616367821076,0.060399182633242621,0,0,16,16,1e-10,SPLIT_BEYOND_ALLOWANCE,False,,,,SPLIT_BEYOND_ALLOWANCE
fiber_013,203,B0|B1|B3|B6|B7,0.66958419934401692,0.71042729597882937,0.040843096634812448,0,0,8,8,1e-10,SPLIT_BEYOND_ALLOWANCE,False,,,,SPLIT_BEYOND_ALLOWANCE
fiber_013,204,B2|B3|B6|B7,0.6685515752933936,0.71530945810598356,0.046757882812589968,0,0,16,16,1e-10,SPLIT_BEYOND_ALLOWANCE,False,,,,SPLIT_BEYOND_ALLOWANCE
fiber_013,205,B0|B2|B3|B6|B7,0.6748280110787539,0.70443517424072311,0.029607163161969208,0,0,8,8,1e-10,SPLIT_BEYOND_ALLOWANCE,False,,,,SPLIT_BEYOND_ALLOWANCE
fiber_013,206,B1|B2|B3|B6|B7,0.64114337117050368,0.68921048426082554,0.048067113090321856,0,0,8,8,1e-10,SPLIT_BEYOND_ALLOWANCE,False,,,,SPLIT_BEYOND_ALLOWANCE
fiber_013,207,B0|B1|B2|B3|B6|B7,0.63445103274155512,0.66009610624369153,0.025645073502136406,0,0,4,4,1e-10,SPLIT_BEYOND_ALLOWANCE,False,,,,SPLIT_BEYOND_ALLOWANCE
fiber_013,208,B4|B6|B7,0.48627289234246368,0.5840944630393865,0.097821570696922822,0,0,8,8,1e-10,SPLIT_BEYOND_ALLOWANCE,False,,,,SPLIT_BEYOND_ALLOWANCE
fiber_013,209,B0|B4|B6|B7,0.58301847111023253,0.6713323151889391,0.088313844078706571,0,0,16,16,1e-10,SPLIT_BEYOND_ALLOWANCE,False,,,,SPLIT_BEYOND_ALLOWANCE
fiber_013,210,B1|B4|B6|B7,0.48192981653814748,0.58661933664140808,0.1046895201032606,0,0,16,16,1e-10,SPLIT_BEYOND_ALLOWANCE,False,,,,SPLIT_BEYOND_ALLOWANCE
fiber_013,211,B0|B1|B4|B6|B7,0.56933724194165669,0.66088925544907606,0.091552013507419372,0,0,8,8,1e-10,SPLIT_BEYOND_ALLOWANCE,False,,,,SPLIT_BEYOND_ALLOWANCE
fiber_013,212,B2|B4|B6|B7,0.54691755616993398,0.64472923869295651,0.097811682523022525,0,0,16,16,1e-10,SPLIT_BEYOND_ALLOWANCE,False,,,,SPLIT_BEYOND_ALLOWANCE
fiber_013,213,B0|B2|B4|B6|B7,0.62164554013077733,0.71105693401100001,0.089411393880222678,0,0,8,8,1e-10,SPLIT_BEYOND_ALLOWANCE,False,,,,SPLIT_BEYOND_ALLOWANCE
fiber_013,214,B1|B2|B4|B6|B7,0.53656665852777619,0.64116912022438843,0.10460246169661225,0,0,8,8,1e-10,SPLIT_BEYOND_ALLOWANCE,False,,,,SPLIT_BEYOND_ALLOWANCE
fiber_013,215,B0|B1|B2|B4|B6|B7,0.60122666772541866,0.69332772922796726,0.092101061502548598,0,0,4,4,1e-10,SPLIT_BEYOND_ALLOWANCE,False,,,,SPLIT_BEYOND_ALLOWANCE
fiber_013,216,B3|B4|B6|B7,0.65346002742857345,0.69887793547237664,0.04541790804380319,0,0,16,16,1e-10,SPLIT_BEYOND_ALLOWANCE,False,,,,SPLIT_BEYOND_ALLOWANCE
fiber_013,217,B0|B3|B4|B6|B7,0.6633922554779299,0.69442822963208661,0.031035974154156709,0,0,8,8,1e-10,SPLIT_BEYOND_ALLOWANCE,False,,,,SPLIT_BEYOND_ALLOWANCE
fiber_013,218,B1|B3|B4|B6|B7,0.62004034863852364,0.66837369673653679,0.048333348098013151,0,0,8,8,1e-10,SPLIT_BEYOND_ALLOWANCE,False,,,,SPLIT_BEYOND_ALLOWANCE
fiber_013,219,B0|B1|B3|B4|B6|B7,0.61811033401096149,0.64724033091776656,0.029129996906805067,0,0,4,4,1e-10,SPLIT_BEYOND_ALLOWANCE,False,,,,SPLIT_BEYOND_ALLOWANCE
fiber_013,220,B2|B3|B4|B6|B7,0.63361001205678202,0.66608570007810641,0.032475688021324389,0,0,8,8,1e-10,SPLIT_BEYOND_ALLOWANCE,False,,,,SPLIT_BEYOND_ALLOWANCE
fiber_013,221,B0|B2|B3|B4|B6|B7,0.6205349942141023,0.6348894265166074,0.014354432302505105,0,0,4,4,1e-10,SPLIT_BEYOND_ALLOWANCE,False,,,,SPLIT_BEYOND_ALLOWANCE
fiber_013,222,B1|B2|B3|B4|B6|B7,0.59050737250406349,0.62340009126353557,0.032892718759472084,0,0,4,4,1e-10,SPLIT_BEYOND_ALLOWANCE,False,,,,SPLIT_BEYOND_ALLOWANCE
fiber_013,223,B0|B1|B2|B3|B4|B6|B7,0.56494386639151362,0.57374708469167457,0.0088032183001609532,0,0,2,2,1e-10,SPLIT_BEYOND_ALLOWANCE,False,,,,SPLIT_BEYOND_ALLOWANCE
fiber_013,224,B5|B6|B7,0.69157139949277857,0.72367506867723164,0.032103669184453065,0,0,8,8,1e-10,SPLIT_BEYOND_ALLOWANCE,False,,,,SPLIT_BEYOND_ALLOWANCE
fiber_013,225,B0|B5|B6|B7,0.62644138502771696,0.65098172061876847,0.02454033559105151,0,0,16,16,1e-10,SPLIT_BEYOND_ALLOWANCE,False,,,,SPLIT_BEYOND_ALLOWANCE
fiber_013,226,B1|B5|B6|B7,0.67114731601359678,0.70333554593510683,0.032188229921510048,0,0,16,16,1e-10,SPLIT_BEYOND_ALLOWANCE,False,,,,SPLIT_BEYOND_ALLOWANCE
fiber_013,227,B0|B1|B5|B6|B7,0.5959510439417397,0.61735738890126124,0.021406344959521539,0,0,8,8,1e-10,SPLIT_BEYOND_ALLOWANCE,False,,,,SPLIT_BEYOND_ALLOWANCE
fiber_013,228,B2|B5|B6|B7,0.62450476037792391,0.64059388014066276,0.016089119762738857,0,0,16,16,1e-10,SPLIT_BEYOND_ALLOWANCE,False,,,,SPLIT_BEYOND_ALLOWANCE
fiber_013,229,B0|B2|B5|B6|B7,0.52998887037093556,0.53407757780389986,0.0040887074329643003,0,0,8,8,1e-10,SPLIT_BEYOND_ALLOWANCE,False,,,,SPLIT_BEYOND_ALLOWANCE
fiber_013,230,B1|B2|B5|B6|B7,0.59199762173194781,0.6054264176186146,0.013428795886666789,0,0,8,8,1e-10,SPLIT_BEYOND_ALLOWANCE,False,,,,SPLIT_BEYOND_ALLOWANCE
fiber_013,231,B0|B1|B2|B5|B6|B7,0.48711240452310417,0.48485563048234642,0.0022567740407577475,0,0,4,4,1e-10,SPLIT_BEYOND_ALLOWANCE,False,,,,SPLIT_BEYOND_ALLOWANCE
fiber_013,232,B3|B5|B6|B7,0.46475664758592128,0.50996132112124792,0.045204673535326645,0,0,16,16,1e-10,SPLIT_BEYOND_ALLOWANCE,False,,,,SPLIT_BEYOND_ALLOWANCE
fiber_013,233,B0|B3|B5|B6|B7,0.33656197722396208,0.37178535865509482,0.035223381431132739,0,0,8,8,1e-10,SPLIT_BEYOND_ALLOWANCE,False,,,,SPLIT_BEYOND_ALLOWANCE
fiber_013,234,B1|B3|B5|B6|B7,0.41650008099880992,0.45856361492059522,0.042063533921785301,0,0,8,8,1e-10,SPLIT_BEYOND_ALLOWANCE,False,,,,SPLIT_BEYOND_ALLOWANCE
fiber_013,235,B0|B1|B3|B5|B6|B7,0.28064139625815954,0.30823384658197589,0.027592450323816353,0,0,4,4,1e-10,SPLIT_BEYOND_ALLOWANCE,False,,,,SPLIT_BEYOND_ALLOWANCE
fiber_013,236,B2|B3|B5|B6|B7,0.3460876985866102,0.36291453854744354,0.01682683996083334,0,0,8,8,1e-10,SPLIT_BEYOND_ALLOWANCE,False,,,,SPLIT_BEYOND_ALLOWANCE
fiber_013,237,B0|B2|B3|B5|B6|B7,0.19074365187999417,0.1998426361430056,0.0090989842630114226,0,0,4,4,1e-10,SPLIT_BEYOND_ALLOWANCE,False,,,,SPLIT_BEYOND_ALLOWANCE
fiber_013,238,B1|B2|B3|B5|B6|B7,0.28824730849789004,0.29747620781140449,0.0092288993135144493,0,0,4,4,1e-10,SPLIT_BEYOND_ALLOWANCE,False,,,,SPLIT_BEYOND_ALLOWANCE
fiber_013,239,B0|B1|B2|B3|B5|B6|B7,0.12790960290400874,0.12748012818392332,0.00042947472008542098,0,0,2,2,1e-10,SPLIT_BEYOND_ALLOWANCE,False,,,,SPLIT_BEYOND_ALLOWANCE
fiber_013,240,B4|B5|B6|B7,0.69867334776604939,0.73782300719997818,0.039149659433928785,0,0,16,16,1e-10,SPLIT_BEYOND_ALLOWANCE,False,,,,SPLIT_BEYOND_ALLOWANCE
fiber_013,241,B0|B4|B5|B6|B7,0.61940987107279677,0.65033513134946208,0.030925260276665312,0,0,8,8,1e-10,SPLIT_BEYOND_ALLOWANCE,False,,,,SPLIT_BEYOND_ALLOWANCE
fiber_013,242,B1|B4|B5|B6|B7,0.66427477818041447,0.70419091604500228,0.039916137864587808,0,0,8,8,1e-10,SPLIT_BEYOND_ALLOWANCE,False,,,,SPLIT_BEYOND_ALLOWANCE
fiber_013,243,B0|B1|B4|B5|B6|B7,0.57743199481405993,0.60537141243473935,0.027939417620679419,0,0,4,4,1e-10,SPLIT_BEYOND_ALLOWANCE,False,,,,SPLIT_BEYOND_ALLOWANCE
fiber_013,244,B2|B4|B5|B6|B7,0.61998584644106303,0.64287312491208237,0.022887278471019346,0,0,8,8,1e-10,SPLIT_BEYOND_ALLOWANCE,False,,,,SPLIT_BEYOND_ALLOWANCE
fiber_013,245,B0|B2|B4|B5|B6|B7,0.51339084551100156,0.52351249838918013,0.010121652878178566,0,0,4,4,1e-10,SPLIT_BEYOND_ALLOWANCE,False,,,,SPLIT_BEYOND_ALLOWANCE
fiber_013,246,B1|B2|B4|B5|B6|B7,0.57530680387390043,0.59506672604421151,0.019759922170311084,0,0,4,4,1e-10,SPLIT_BEYOND_ALLOWANCE,False,,,,SPLIT_BEYOND_ALLOWANCE
fiber_013,247,B0|B1|B2|B4|B5|B6|B7,0.46050745061317755,0.4634870610321446,0.0029796104189670491,0,0,2,2,1e-10,SPLIT_BEYOND_ALLOWANCE,False,,,,SPLIT_BEYOND_ALLOWANCE
fiber_013,248,B3|B4|B5|B6|B7,0.35374448637934081,0.39779441900601559,0.044049932626674781,0,0,8,8,1e-10,SPLIT_BEYOND_ALLOWANCE,False,,,,SPLIT_BEYOND_ALLOWANCE
fiber_013,249,B0|B3|B4|B5|B6|B7,0.21499460625358713,0.24994655080922576,0.034951944555638631,0,0,4,4,1e-10,SPLIT_BEYOND_ALLOWANCE,False,,,,SPLIT_BEYOND_ALLOWANCE
fiber_013,250,B1|B3|B4|B5|B6|B7,0.29924287044914222,0.34051165614347173,0.041268785694329513,0,0,4,4,1e-10,SPLIT_BEYOND_ALLOWANCE,False,,,,SPLIT_BEYOND_ALLOWANCE
fiber_013,251,B0|B1|B3|B4|B5|B6|B7,0.15528388819015476,0.1831195112887809,0.027835623098626139,0,0,2,2,1e-10,SPLIT_BEYOND_ALLOWANCE,False,,,,SPLIT_BEYOND_ALLOWANCE
fiber_013,252,B2|B3|B4|B5|B6|B7,0.22926462970156544,0.24501290119799557,0.015748271496430127,0,0,4,4,1e-10,SPLIT_BEYOND_ALLOWANCE,False,,,,SPLIT_BEYOND_ALLOWANCE
fiber_013,253,B0|B2|B3|B4|B5|B6|B7,0.065592740122343771,0.074474484116949194,0.0088817439946054233,0,0,2,2,1e-10,SPLIT_BEYOND_ALLOWANCE,False,,,,SPLIT_BEYOND_ALLOWANCE
fiber_013,254,B1|B2|B3|B4|B5|B6|B7,0.16641253884721779,0.17514144169982213,0.0087289028526043311,0,0,2,2,1e-10,SPLIT_BEYOND_ALLOWANCE,False,,,,SPLIT_BEYOND_ALLOWANCE
fiber_013,255,B0|B1|B2|B3|B4|B5|B6|B7,0,0,0,0,0,1,1,1e-10,EQUAL_WITHIN_ALLOWANCE,False,,,,EQUAL_WITHIN_ALLOWANCE
fiber_014,0,EMPTY,0,0,0,0,0,1,1,1e-10,EQUAL_WITHIN_ALLOWANCE,False,,,,EQUAL_WITHIN_ALLOWANCE
fiber_014,1,B0,0.16111317106575518,0.16064994405952165,0.0004632270062335242,0,0,2,2,1e-10,SPLIT_BEYOND_ALLOWANCE,False,,,,SPLIT_BEYOND_ALLOWANCE
fiber_014,2,B1,0.062844383178196975,0.068547567814844543,0.005703184636647568,0,0,2,2,1e-10,SPLIT_BEYOND_ALLOWANCE,False,,,,SPLIT_BEYOND_ALLOWANCE
fiber_014,3,B0|B1,0.22112410540129904,0.2251419066387558,0.004017801237456764,0,0,4,4,1e-10,SPLIT_BEYOND_ALLOWANCE,False,,,,SPLIT_BEYOND_ALLOWANCE
fiber_014,4,B2,0.14952520459535296,0.16852810715518027,0.019002902559827312,0,0,2,2,1e-10,SPLIT_BEYOND_ALLOWANCE,False,,,,SPLIT_BEYOND_ALLOWANCE
fiber_014,5,B0|B2,0.28878913685789509,0.31121156829249919,0.022422431434604095,0,0,4,4,1e-10,SPLIT_BEYOND_ALLOWANCE,False,,,,SPLIT_BEYOND_ALLOWANCE
fiber_014,6,B1|B2,0.20663346398714205,0.23030812749122864,0.02367466350408659,0,0,4,4,1e-10,SPLIT_BEYOND_ALLOWANCE,False,,,,SPLIT_BEYOND_ALLOWANCE
fiber_014,7,B0|B1|B2,0.34072402242253896,0.36485622721128058,0.024132204788741618,0,0,8,8,1e-10,SPLIT_BEYOND_ALLOWANCE,False,,,,SPLIT_BEYOND_ALLOWANCE
fiber_014,8,B3,0.43159760986606222,0.41835412045441966,0.013243489411642551,0,0,2,2,1e-10,SPLIT_BEYOND_ALLOWANCE,False,,,,SPLIT_BEYOND_ALLOWANCE
fiber_014,9,B0|B3,0.54564146896622057,0.54139535846768028,0.0042461104985402898,0,0,4,4,1e-10,SPLIT_BEYOND_ALLOWANCE,False,,,,SPLIT_BEYOND_ALLOWANCE
fiber_014,10,B1|B3,0.48273397321414585,0.47498156736107922,0.0077524058530666351,0,0,4,4,1e-10,SPLIT_BEYOND_ALLOWANCE,False,,,,SPLIT_BEYOND_ALLOWANCE
fiber_014,11,B0|B1|B3,0.58878673471203968,0.58731025096146727,0.0014764837505724104,0,0,8,8,1e-10,SPLIT_BEYOND_ALLOWANCE,False,,,,SPLIT_BEYOND_ALLOWANCE
fiber_014,12,B2|B3,0.54286514057785451,0.54812157339225343,0.0052564328143989147,0,0,4,4,1e-10,SPLIT_BEYOND_ALLOWANCE,False,,,,SPLIT_BEYOND_ALLOWANCE
fiber_014,13,B0|B2|B3,0.62925926913834729,0.64039678762329499,0.011137518484947706,0,0,8,8,1e-10,SPLIT_BEYOND_ALLOWANCE,False,,,,SPLIT_BEYOND_ALLOWANCE
fiber_014,14,B1|B2|B3,0.58316355490167004,0.59117806019943286,0.0080145052977628195,0,0,8,8,1e-10,SPLIT_BEYOND_ALLOWANCE,False,,,,SPLIT_BEYOND_ALLOWANCE
fiber_014,15,B0|B1|B2|B3,0.66216430161030848,0.67351763713876478,0.011353335528456299,0,0,16,16,1e-10,SPLIT_BEYOND_ALLOWANCE,False,,,,SPLIT_BEYOND_ALLOWANCE
fiber_014,16,B4,0.11191521231891338,0.11044919136285275,0.0014660209560606319,0,0,2,2,1e-10,SPLIT_BEYOND_ALLOWANCE,False,,,,SPLIT_BEYOND_ALLOWANCE
fiber_014,17,B0|B4,0.26804390706752085,0.26719091301220449,0.00085299405531635841,0,0,4,4,1e-10,SPLIT_BEYOND_ALLOWANCE,False,,,,SPLIT_BEYOND_ALLOWANCE
fiber_014,18,B1|B4,0.17238914018738868,0.17709084877839426,0.0047017085910055767,0,0,4,4,1e-10,SPLIT_BEYOND_ALLOWANCE,False,,,,SPLIT_BEYOND_ALLOWANCE
fiber_014,19,B0|B1|B4,0.32411712263543463,0.32818339068001445,0.0040662680445798238,0,0,8,8,1e-10,SPLIT_BEYOND_ALLOWANCE,False,,,,SPLIT_BEYOND_ALLOWANCE
fiber_014,20,B2|B4,0.25911684677907909,0.27682639014186305,0.017709543362783964,0,0,4,4,1e-10,SPLIT_BEYOND_ALLOWANCE,False,,,,SPLIT_BEYOND_ALLOWANCE
fiber_014,21,B0|B2|B4,0.39191226127509121,0.41410566757560063,0.022193406300509422,0,0,8,8,1e-10,SPLIT_BEYOND_ALLOWANCE,False,,,,SPLIT_BEYOND_ALLOWANCE
fiber_014,22,B1|B2|B4,0.31296433637382504,0.33575877683423722,0.02279444046041218,0,0,8,8,1e-10,SPLIT_BEYOND_ALLOWANCE,False,,,,SPLIT_BEYOND_ALLOWANCE
fiber_014,23,B0|B1|B2|B4,0.43880352508964354,0.46298569504749215,0.024182169957848609,0,0,16,16,1e-10,SPLIT_BEYOND_ALLOWANCE,False,,,,SPLIT_BEYOND_ALLOWANCE
fiber_014,24,B3|B4,0.45141189249839431,0.43005579138858369,0.021356101109810621,0,0,4,4,1e-10,SPLIT_BEYOND_ALLOWANCE,False,,,,SPLIT_BEYOND_ALLOWANCE
fiber_014,25,B0|B3|B4,0.55682313113579884,0.54473221527901605,0.012090915856782791,0,0,8,8,1e-10,SPLIT_BEYOND_ALLOWANCE,False,,,,SPLIT_BEYOND_ALLOWANCE
fiber_014,26,B1|B3|B4,0.49402698259419209,0.4778842086709269,0.016142773923265186,0,0,8,8,1e-10,SPLIT_BEYOND_ALLOWANCE,False,,,,SPLIT_BEYOND_ALLOWANCE
fiber_014,27,B0|B1|B3|B4,0.58987134987348433,0.5803613607707655,0.0095099891027188299,0,0,16,16,1e-10,SPLIT_BEYOND_ALLOWANCE,False,,,,SPLIT_BEYOND_ALLOWANCE
fiber_014,28,B2|B3|B4,0.55494855502003548,0.55249052043483771,0.002458034585197777,0,0,8,8,1e-10,SPLIT_BEYOND_ALLOWANCE,False,,,,SPLIT_BEYOND_ALLOWANCE
fiber_014,29,B0|B2|B3|B4,0.63146037378442355,0.63482371217183786,0.0033633383874143163,0,0,16,16,1e-10,SPLIT_BEYOND_ALLOWANCE,False,,,,SPLIT_BEYOND_ALLOWANCE
fiber_014,30,B1|B2|B3|B4,0.58539456270657075,0.58594665298280602,0.00055209027623526197,0,0,16,16,1e-10,SPLIT_BEYOND_ALLOWANCE,False,,,,SPLIT_BEYOND_ALLOWANCE
fiber_014,31,B0|B1|B2|B3|B4,0.65239875007016745,0.65664636333587145,0.0042476132657039978,0,0,8,8,1e-10,SPLIT_BEYOND_ALLOWANCE,False,,,,SPLIT_BEYOND_ALLOWANCE
fiber_014,32,B5,0.51828239721185454,0.51272364571071993,0.0055587515011346067,0,0,2,2,1e-10,SPLIT_BEYOND_ALLOWANCE,False,,,,SPLIT_BEYOND_ALLOWANCE
fiber_014,33,B0|B5,0.53045425672117574,0.54214632887963821,0.011692072158462463,0,0,4,4,1e-10,SPLIT_BEYOND_ALLOWANCE,False,,,,SPLIT_BEYOND_ALLOWANCE
fiber_014,34,B1|B5,0.57387505649313464,0.57198597879884483,0.0018890776942898091,0,0,4,4,1e-10,SPLIT_BEYOND_ALLOWANCE,False,,,,SPLIT_BEYOND_ALLOWANCE
fiber_014,35,B0|B1|B5,0.57430274138625026,0.58536685546851774,0.011064114082267484,0,0,8,8,1e-10,SPLIT_BEYOND_ALLOWANCE,False,,,,SPLIT_BEYOND_ALLOWANCE
fiber_014,36,B2|B5,0.57076792862471637,0.57776079524757651,0.0069928666228601388,0,0,4,4,1e-10,SPLIT_BEYOND_ALLOWANCE,False,,,,SPLIT_BEYOND_ALLOWANCE
fiber_014,37,B0|B2|B5,0.55976162890506898,0.58177578821681142,0.022014159311742443,0,0,8,8,1e-10,SPLIT_BEYOND_ALLOWANCE,False,,,,SPLIT_BEYOND_ALLOWANCE
fiber_014,38,B1|B2|B5,0.61621180170120093,0.62463698726907224,0.0084251855678713072,0,0,8,8,1e-10,SPLIT_BEYOND_ALLOWANCE,False,,,,SPLIT_BEYOND_ALLOWANCE
fiber_014,39,B0|B1|B2|B5,0.59383919323004652,0.61379811882619317,0.019958925596146648,0,0,16,16,1e-10,SPLIT_BEYOND_ALLOWANCE,False,,,,SPLIT_BEYOND_ALLOWANCE
fiber_014,40,B3|B5,0.54026587756633015,0.60282120528424343,0.062555327717913278,0,0,4,4,1e-10,SPLIT_BEYOND_ALLOWANCE,False,,,,SPLIT_BEYOND_ALLOWANCE
fiber_014,41,B0|B3|B5,0.46896588336806488,0.54567555296704318,0.076709669598978292,0,0,8,8,1e-10,SPLIT_BEYOND_ALLOWANCE,False,,,,SPLIT_BEYOND_ALLOWANCE
fiber_014,42,B1|B3|B5,0.56282368930030335,0.62416960468769711,0.061345915387393757,0,0,8,8,1e-10,SPLIT_BEYOND_ALLOWANCE,False,,,,SPLIT_BEYOND_ALLOWANCE
fiber_014,43,B0|B1|B3|B5,0.48206595258406948,0.55460617900120357,0.07254022641713409,0,0,16,16,1e-10,SPLIT_BEYOND_ALLOWANCE,False,,,,SPLIT_BEYOND_ALLOWANCE
fiber_014,44,B2|B3|B5,0.50775046420350312,0.56908799860964965,0.061337534406146532,0,0,8,8,1e-10,SPLIT_BEYOND_ALLOWANCE,False,,,,SPLIT_BEYOND_ALLOWANCE
fiber_014,45,B0|B2|B3|B5,0.41265471989224928,0.49069475861552631,0.078040038723277028,0,0,16,16,1e-10,SPLIT_BEYOND_ALLOWANCE,False,,,,SPLIT_BEYOND_ALLOWANCE
fiber_014,46,B1|B2|B3|B5,0.52317891986522091,0.58334540710059968,0.060166487235378763,0,0,16,16,1e-10,SPLIT_BEYOND_ALLOWANCE,False,,,,SPLIT_BEYOND_ALLOWANCE
fiber_014,47,B0|B1|B2|B3|B5,0.41945618022652525,0.49364043248950967,0.074184252262984418,0,0,8,8,1e-10,SPLIT_BEYOND_ALLOWANCE,False,,,,SPLIT_BEYOND_ALLOWANCE
fiber_014,48,B4|B5,0.58041583643442241,0.58907951392941471,0.0086636774949923057,0,0,4,4,1e-10,SPLIT_BEYOND_ALLOWANCE,False,,,,SPLIT_BEYOND_ALLOWANCE
fiber_014,49,B0|B4|B5,0.57640464940865832,0.60196907132167632,0.025564421913017998,0,0,8,8,1e-10,SPLIT_BEYOND_ALLOWANCE,False,,,,SPLIT_BEYOND_ALLOWANCE
fiber_014,50,B1|B4|B5,0.62332906047215331,0.63460710230200201,0.011278041829848706,0,0,8,8,1e-10,SPLIT_BEYOND_ALLOWANCE,False,,,,SPLIT_BEYOND_ALLOWANCE
fiber_014,51,B0|B1|B4|B5,0.60720962231638653,0.63155218692929871,0.024342564612912176,0,0,16,16,1e-10,SPLIT_BEYOND_ALLOWANCE,False,,,,SPLIT_BEYOND_ALLOWANCE
fiber_014,52,B2|B4|B5,0.61600384551118115,0.63365308801362374,0.017649242502442597,0,0,8,8,1e-10,SPLIT_BEYOND_ALLOWANCE,False,,,,SPLIT_BEYOND_ALLOWANCE
fiber_014,53,B0|B2|B4|B5,0.58958318113626962,0.62342554317348764,0.033842362037218021,0,0,16,16,1e-10,SPLIT_BEYOND_ALLOWANCE,False,,,,SPLIT_BEYOND_ALLOWANCE
fiber_014,54,B1|B2|B4|B5,0.64978650460739162,0.66903345312144635,0.019246948514054729,0,0,16,16,1e-10,SPLIT_BEYOND_ALLOWANCE,False,,,,SPLIT_BEYOND_ALLOWANCE
fiber_014,55,B0|B1|B2|B4|B5,0.61040102723515377,0.64264526090881768,0.032244233673663913,0,0,8,8,1e-10,SPLIT_BEYOND_ALLOWANCE,False,,,,SPLIT_BEYOND_ALLOWANCE
fiber_014,56,B3|B4|B5,0.4927978306105415,0.55008235366605496,0.057284523055513459,0,0,8,8,1e-10,SPLIT_BEYOND_ALLOWANCE,False,,,,SPLIT_BEYOND_ALLOWANCE
fiber_014,57,B0|B3|B4|B5,0.41036046935667242,0.48129779098560838,0.070937321628935956,0,0,16,16,1e-10,SPLIT_BEYOND_ALLOWANCE,False,,,,SPLIT_BEYOND_ALLOWANCE
fiber_014,58,B1|B3|B4|B5,0.50283393726386283,0.55892087704404581,0.056086939780182976,0,0,16,16,1e-10,SPLIT_BEYOND_ALLOWANCE,False,,,,SPLIT_BEYOND_ALLOWANCE
fiber_014,59,B0|B1|B3|B4|B5,0.41113468143205512,0.47791074209587847,0.066776060663823356,0,0,8,8,1e-10,SPLIT_BEYOND_ALLOWANCE,False,,,,SPLIT_BEYOND_ALLOWANCE
fiber_014,60,B2|B3|B4|B5,0.4497373975011969,0.50535306586639539,0.05561566836519849,0,0,16,16,1e-10,SPLIT_BEYOND_ALLOWANCE,False,,,,SPLIT_BEYOND_ALLOWANCE
fiber_014,61,B0|B2|B3|B4|B5,0.3403505270356964,0.41331195678950677,0.07296142975381037,0,0,8,8,1e-10,SPLIT_BEYOND_ALLOWANCE,False,,,,SPLIT_BEYOND_ALLOWANCE
fiber_014,62,B1|B2|B3|B4|B5,0.45211191479540819,0.50672191650443221,0.054610001709024025,0,0,8,8,1e-10,SPLIT_BEYOND_ALLOWANCE,False,,,,SPLIT_BEYOND_ALLOWANCE
fiber_014,63,B0|B1|B2|B3|B4|B5,0.33480968065074962,0.40400261975493379,0.06919293910418417,0,0,4,4,1e-10,SPLIT_BEYOND_ALLOWANCE,False,,,,SPLIT_BEYOND_ALLOWANCE
fiber_014,64,B6,0.15122528038453714,0.18468741575518549,0.033462135370648349,0,0,2,2,1e-10,SPLIT_BEYOND_ALLOWANCE,False,,,,SPLIT_BEYOND_ALLOWANCE
fiber_014,65,B0|B6,0.29869315208363306,0.32475900859740581,0.026065856513772745,0,0,4,4,1e-10,SPLIT_BEYOND_ALLOWANCE,False,,,,SPLIT_BEYOND_ALLOWANCE
fiber_014,66,B1|B6,0.16735763338057966,0.204493989422838,0.037136356042258345,0,0,4,4,1e-10,SPLIT_BEYOND_ALLOWANCE,False,,,,SPLIT_BEYOND_ALLOWANCE
fiber_014,67,B0|B1|B6,0.30905485638552588,0.33824059595541983,0.029185739569893954,0,0,8,8,1e-10,SPLIT_BEYOND_ALLOWANCE,False,,,,SPLIT_BEYOND_ALLOWANCE
fiber_014,68,B2|B6,0.28456009904915364,0.33294931241218939,0.048389213363035755,0,0,4,4,1e-10,SPLIT_BEYOND_ALLOWANCE,False,,,,SPLIT_BEYOND_ALLOWANCE
fiber_014,69,B0|B2|B6,0.40180203109410795,0.44212904987573992,0.040327018781631974,0,0,8,8,1e-10,SPLIT_BEYOND_ALLOWANCE,False,,,,SPLIT_BEYOND_ALLOWANCE
fiber_014,70,B1|B2|B6,0.2938944158584475,0.34649061498822015,0.052596199129772647,0,0,8,8,1e-10,SPLIT_BEYOND_ALLOWANCE,False,,,,SPLIT_BEYOND_ALLOWANCE
fiber_014,71,B0|B1|B2|B6,0.40349933565521978,0.44638800181941296,0.042888666164193179,0,0,16,16,1e-10,SPLIT_BEYOND_ALLOWANCE,False,,,,SPLIT_BEYOND_ALLOWANCE
fiber_014,72,B3|B6,0.52758204816156329,0.54503323586330121,0.017451187701737925,0,0,4,4,1e-10,SPLIT_BEYOND_ALLOWANCE,False,,,,SPLIT_BEYOND_ALLOWANCE
fiber_014,73,B0|B3|B6,0.59992644586735011,0.61199907552782684,0.01207262966047673,0,0,8,8,1e-10,SPLIT_BEYOND_ALLOWANCE,False,,,,SPLIT_BEYOND_ALLOWANCE
fiber_014,74,B1|B3|B6,0.52489032466408136,0.54577507368962341,0.020884749025542049,0,0,8,8,1e-10,SPLIT_BEYOND_ALLOWANCE,False,,,,SPLIT_BEYOND_ALLOWANCE
fiber_014,75,B0|B1|B3|B6,0.58378062717731438,0.59625064510443393,0.012470017927119548,0,0,16,16,1e-10,SPLIT_BEYOND_ALLOWANCE,False,,,,SPLIT_BEYOND_ALLOWANCE
fiber_014,76,B2|B3|B6,0.60318441869212991,0.62913226549972823,0.025947846807598318,0,0,8,8,1e-10,SPLIT_BEYOND_ALLOWANCE,False,,,,SPLIT_BEYOND_ALLOWANCE
fiber_014,77,B0|B2|B3|B6,0.65094049978974167,0.66844741150670217,0.017506911716960505,0,0,16,16,1e-10,SPLIT_BEYOND_ALLOWANCE,False,,,,SPLIT_BEYOND_ALLOWANCE
fiber_014,78,B1|B2|B3|B6,0.58893241734502821,0.6188167234009212,0.029884306055892984,0,0,16,16,1e-10,SPLIT_BEYOND_ALLOWANCE,False,,,,SPLIT_BEYOND_ALLOWANCE
fiber_014,79,B0|B1|B2|B3|B6,0.62404305971349439,0.64230392706828299,0.018260867354788601,0,0,8,8,1e-10,SPLIT_BEYOND_ALLOWANCE,False,,,,SPLIT_BEYOND_ALLOWANCE
fiber_014,80,B4|B6,0.25723508452723359,0.28915645780205018,0.031921373274816589,0,0,4,4,1e-10,SPLIT_BEYOND_ALLOWANCE,False,,,,SPLIT_BEYOND_ALLOWANCE
fiber_014,81,B0|B4|B6,0.39408171862030383,0.41991151740807925,0.025829798787775415,0,0,8,8,1e-10,SPLIT_BEYOND_ALLOWANCE,False,,,,SPLIT_BEYOND_ALLOWANCE
fiber_014,82,B1|B4|B6,0.2649558766890146,0.30084318118141562,0.035887304492401018,0,0,8,8,1e-10,SPLIT_BEYOND_ALLOWANCE,False,,,,SPLIT_BEYOND_ALLOWANCE
fiber_014,83,B0|B1|B4|B6,0.39504472825264419,0.4240806028403965,0.029035874587752308,0,0,16,16,1e-10,SPLIT_BEYOND_ALLOWANCE,False,,,,SPLIT_BEYOND_ALLOWANCE
fiber_014,84,B2|B4|B6,0.38444311409918497,0.4316221415350765,0.04717902743589153,0,0,8,8,1e-10,SPLIT_BEYOND_ALLOWANCE,False,,,,SPLIT_BEYOND_ALLOWANCE
fiber_014,85,B0|B2|B4|B6,0.49098695019499838,0.5304624866739196,0.039475536478921214,0,0,16,16,1e-10,SPLIT_BEYOND_ALLOWANCE,False,,,,SPLIT_BEYOND_ALLOWANCE
fiber_014,86,B1|B2|B4|B6,0.38458800472569571,0.43617172963303907,0.051583724907343365,0,0,16,16,1e-10,SPLIT_BEYOND_ALLOWANCE,False,,,,SPLIT_BEYOND_ALLOWANCE
fiber_014,87,B0|B1|B2|B4|B6,0.48269364052139524,0.52484340003142127,0.04214975951002603,0,0,8,8,1e-10,SPLIT_BEYOND_ALLOWANCE,False,,,,SPLIT_BEYOND_ALLOWANCE
fiber_014,88,B3|B4|B6,0.53475610289617403,0.5419552378350645,0.0071991349388904613,0,0,8,8,1e-10,SPLIT_BEYOND_ALLOWANCE,False,,,,SPLIT_BEYOND_ALLOWANCE
fiber_014,89,B0|B3|B4|B6,0.59026423723132504,0.5922003246780374,0.0019360874467123645,0,0,16,16,1e-10,SPLIT_BEYOND_ALLOWANCE,False,,,,SPLIT_BEYOND_ALLOWANCE
fiber_014,90,B1|B3|B4|B6,0.51829550886243492,0.52958263571049058,0.011287126848055662,8.106612336350578e-33,5.8802345886373449e-33,8,8,1e-10,SPLIT_BEYOND_ALLOWANCE,False,,,,SPLIT_BEYOND_ALLOWANCE
fiber_014,91,B0|B1|B3|B4|B6,0.56017865512834975,0.56340417776393303,0.0032255226355832889,0,0,8,8,1e-10,SPLIT_BEYOND_ALLOWANCE,False,,,,SPLIT_BEYOND_ALLOWANCE
fiber_014,92,B2|B3|B4|B6,0.59896295894184104,0.61542093439901902,0.016457975457177976,0,0,16,16,1e-10,SPLIT_BEYOND_ALLOWANCE,False,,,,SPLIT_BEYOND_ALLOWANCE
fiber_014,93,B0|B2|B3|B4|B6,0.63081774881662023,0.63891283031196555,0.0080950814953453243,0,0,8,8,1e-10,SPLIT_BEYOND_ALLOWANCE,False,,,,SPLIT_BEYOND_ALLOWANCE
fiber_014,94,B1|B2|B3|B4|B6,0.57017494036664251,0.59159056742786964,0.021415627061227127,0,0,8,8,1e-10,SPLIT_BEYOND_ALLOWANCE,False,,,,SPLIT_BEYOND_ALLOWANCE
fiber_014,95,B0|B1|B2|B3|B4|B6,0.58930294323148724,0.59918442242805592,0.0098814791965686766,0,0,4,4,1e-10,SPLIT_BEYOND_ALLOWANCE,False,,,,SPLIT_BEYOND_ALLOWANCE
fiber_014,96,B5|B6,0.63585818806972805,0.64365916864052752,0.0078009805707994762,0,0,4,4,1e-10,SPLIT_BEYOND_ALLOWANCE,False,,,,SPLIT_BEYOND_ALLOWANCE
fiber_014,97,B0|B5|B6,0.60018115930961935,0.61070851137635573,0.010527352066736384,0,0,8,8,1e-10,SPLIT_BEYOND_ALLOWANCE,False,,,,SPLIT_BEYOND_ALLOWANCE
fiber_014,98,B1|B5|B6,0.63105210091467234,0.64135501917960713,0.010302918264934791,0,0,8,8,1e-10,SPLIT_BEYOND_ALLOWANCE,False,,,,SPLIT_BEYOND_ALLOWANCE
fiber_014,99,B0|B1|B5|B6,0.58580039312213683,0.59678205850129562,0.010981665379158789,7.3618736961726185e-33,6.4481355210865338e-33,8,8,1e-10,SPLIT_BEYOND_ALLOWANCE,False,,,,SPLIT_BEYOND_ALLOWANCE
fiber_014,100,B2|B5|B6,0.65329436199845148,0.66543522327559623,0.012140861277144754,0,0,8,8,1e-10,SPLIT_BEYOND_ALLOWANCE,False,,,,SPLIT_BEYOND_ALLOWANCE
fiber_014,101,B0|B2|B5|B6,0.59427993262539502,0.60757938227245945,0.013299449647064421,0,0,16,16,1e-10,SPLIT_BEYOND_ALLOWANCE,False,,,,SPLIT_BEYOND_ALLOWANCE
fiber_014,102,B1|B2|B5|B6,0.63682778646933513,0.65118227946095975,0.014354492991624612,0,0,16,16,1e-10,SPLIT_BEYOND_ALLOWANCE,False,,,,SPLIT_BEYOND_ALLOWANCE
fiber_014,103,B0|B1|B2|B5|B6,0.5676684721266102,0.58102210426170398,0.013353632135093774,0,0,8,8,1e-10,SPLIT_BEYOND_ALLOWANCE,False,,,,SPLIT_BEYOND_ALLOWANCE
fiber_014,104,B3|B5|B6,0.53760646061088557,0.59480986416469595,0.057203403553810372,0,0,8,8,1e-10,SPLIT_BEYOND_ALLOWANCE,False,,,,SPLIT_BEYOND_ALLOWANCE
fiber_014,105,B0|B3|B5|B6,0.4329875295803709,0.48953923144714373,0.05655170186677283,0,0,16,16,1e-10,SPLIT_BEYOND_ALLOWANCE,False,,,,SPLIT_BEYOND_ALLOWANCE
fiber_014,106,B1|B3|B5|B6,0.50243096564642831,0.55913920788941784,0.056708242242989537,0,0,16,16,1e-10,SPLIT_BEYOND_ALLOWANCE,False,,,,SPLIT_BEYOND_ALLOWANCE
fiber_014,107,B0|B1|B3|B5|B6,0.38884079340984262,0.44178349431728103,0.052942700907438411,0,0,8,8,1e-10,SPLIT_BEYOND_ALLOWANCE,False,,,,SPLIT_BEYOND_ALLOWANCE
fiber_014,108,B2|B3|B5|B6,0.48365724804574856,0.53652525586336208,0.052868007817613527,0,0,16,16,1e-10,SPLIT_BEYOND_ALLOWANCE,False,,,,SPLIT_BEYOND_ALLOWANCE
fiber_014,109,B0|B2|B3|B5|B6,0.35898799878651017,0.41459993966667386,0.055611940880163691,0,0,8,8,1e-10,SPLIT_BEYOND_ALLOWANCE,False,,,,SPLIT_BEYOND_ALLOWANCE
fiber_014,110,B1|B2|B3|B5|B6,0.43962621664222173,0.49212823032688868,0.052502013684666948,0,0,8,8,1e-10,SPLIT_BEYOND_ALLOWANCE,False,,,,SPLIT_BEYOND_ALLOWANCE
fiber_014,111,B0|B1|B2|B3|B5|B6,0.3076546690515754,0.35955083810881333,0.051896169057237929,0,0,4,4,1e-10,SPLIT_BEYOND_ALLOWANCE,False,,,,SPLIT_BEYOND_ALLOWANCE
fiber_014,112,B4|B5|B6,0.67155368656660663,0.69031506798826481,0.018761381421658174,0,0,8,8,1e-10,SPLIT_BEYOND_ALLOWANCE,False,,,,SPLIT_BEYOND_ALLOWANCE
fiber_014,113,B0|B4|B5|B6,0.62278279555066729,0.64396656898531912,0.021183773434651831,0,0,16,16,1e-10,SPLIT_BEYOND_ALLOWANCE,False,,,,SPLIT_BEYOND_ALLOWANCE
fiber_014,114,B1|B4|B5|B6,0.65436780129440031,0.67604876554161486,0.021680964247214551,0,0,16,16,1e-10,SPLIT_BEYOND_ALLOWANCE,False,,,,SPLIT_BEYOND_ALLOWANCE
fiber_014,115,B0|B1|B4|B5|B6,0.59694249944595124,0.61884786154753391,0.02190536210158267,0,0,8,8,1e-10,SPLIT_BEYOND_ALLOWANCE,False,,,,SPLIT_BEYOND_ALLOWANCE
fiber_014,116,B2|B4|B5|B6,0.67450697019958128,0.6966373231098808,0.022130352910299522,0,0,16,16,1e-10,SPLIT_BEYOND_ALLOWANCE,False,,,,SPLIT_BEYOND_ALLOWANCE
fiber_014,117,B0|B2|B4|B5|B6,0.60264063713714677,0.62667865281117574,0.024038015674028967,0,0,8,8,1e-10,SPLIT_BEYOND_ALLOWANCE,False,,,,SPLIT_BEYOND_ALLOWANCE
fiber_014,118,B1|B2|B4|B5|B6,0.64675144174778953,0.67149271697053736,0.024741275222747827,0,0,8,8,1e-10,SPLIT_BEYOND_ALLOWANCE,False,,,,SPLIT_BEYOND_ALLOWANCE
fiber_014,119,B0|B1|B2|B4|B5|B6,0.56606773743212613,0.59040200973874135,0.024334272306615223,0,0,4,4,1e-10,SPLIT_BEYOND_ALLOWANCE,False,,,,SPLIT_BEYOND_ALLOWANCE
fiber_014,120,B3|B4|B5|B6,0.46684350720076245,0.51757384210662949,0.050730334905867036,0,0,16,16,1e-10,SPLIT_BEYOND_ALLOWANCE,False,,,,SPLIT_BEYOND_ALLOWANCE
fiber_014,121,B0|B3|B4|B5|B6,0.35236807374559559,0.40309310893185502,0.050725035186259426,0,0,8,8,1e-10,SPLIT_BEYOND_ALLOWANCE,False,,,,SPLIT_BEYOND_ALLOWANCE
fiber_014,122,B1|B3|B4|B5|B6,0.42294617548699887,0.47395239412119544,0.051006218634196576,0,0,8,8,1e-10,SPLIT_BEYOND_ALLOWANCE,False,,,,SPLIT_BEYOND_ALLOWANCE
fiber_014,123,B0|B1|B3|B4|B5|B6,0.30082624728520624,0.3488674334622201,0.048041186177013862,0,0,4,4,1e-10,SPLIT_BEYOND_ALLOWANCE,False,,,,SPLIT_BEYOND_ALLOWANCE
fiber_014,124,B2|B3|B4|B5|B6,0.40253765376660711,0.44907586794282578,0.046538214176218673,0,0,8,8,1e-10,SPLIT_BEYOND_ALLOWANCE,False,,,,SPLIT_BEYOND_ALLOWANCE
fiber_014,125,B0|B2|B3|B4|B5|B6,0.26706257143711276,0.31753459616939611,0.050472024732283349,0,0,4,4,1e-10,SPLIT_BEYOND_ALLOWANCE,False,,,,SPLIT_BEYOND_ALLOWANCE
fiber_014,126,B1|B2|B3|B4|B5|B6,0.35146574448818202,0.39807486235740136,0.046609117869219341,0,0,4,4,1e-10,SPLIT_BEYOND_ALLOWANCE,False,,,,SPLIT_BEYOND_ALLOWANCE
fiber_014,127,B0|B1|B2|B3|B4|B5|B6,0.20982189558897546,0.2570770640119131,0.047255168422937643,0,0,2,2,1e-10,SPLIT_BEYOND_ALLOWANCE,False,,,,SPLIT_BEYOND_ALLOWANCE
fiber_014,128,B7,0.20982189558897521,0.25707706401191288,0.047255168422937671,0,0,2,2,1e-10,SPLIT_BEYOND_ALLOWANCE,False,,,,SPLIT_BEYOND_ALLOWANCE
fiber_014,129,B0|B7,0.35146574448818224,0.39807486235740158,0.046609117869219341,0,0,4,4,1e-10,SPLIT_BEYOND_ALLOWANCE,False,,,,SPLIT_BEYOND_ALLOWANCE
fiber_014,130,B1|B7,0.26706257143711276,0.31753459616939633,0.050472024732283571,0,0,4,4,1e-10,SPLIT_BEYOND_ALLOWANCE,False,,,,SPLIT_BEYOND_ALLOWANCE
fiber_014,131,B0|B1|B7,0.40253765376660711,0.44907586794282595,0.046538214176218839,0,0,8,8,1e-10,SPLIT_BEYOND_ALLOWANCE,False,,,,SPLIT_BEYOND_ALLOWANCE
fiber_014,132,B2|B7,0.30082624728520624,0.34886743346222016,0.048041186177013917,0,0,4,4,1e-10,SPLIT_BEYOND_ALLOWANCE,False,,,,SPLIT_BEYOND_ALLOWANCE
fiber_014,133,B0|B2|B7,0.42294617548699892,0.47395239412119555,0.051006218634196632,0,0,8,8,1e-10,SPLIT_BEYOND_ALLOWANCE,False,,,,SPLIT_BEYOND_ALLOWANCE
fiber_014,134,B1|B2|B7,0.35236807374559559,0.40309310893185502,0.050725035186259426,0,0,8,8,1e-10,SPLIT_BEYOND_ALLOWANCE,False,,,,SPLIT_BEYOND_ALLOWANCE
fiber_014,135,B0|B1|B2|B7,0.46684350720076268,0.5175738421066296,0.050730334905866925,0,0,16,16,1e-10,SPLIT_BEYOND_ALLOWANCE,False,,,,SPLIT_BEYOND_ALLOWANCE
fiber_014,136,B3|B7,0.56606773743212602,0.59040200973874091,0.02433427230661489,0,0,4,4,1e-10,SPLIT_BEYOND_ALLOWANCE,False,,,,SPLIT_BEYOND_ALLOWANCE
fiber_014,137,B0|B3|B7,0.64675144174778931,0.67149271697053725,0.024741275222747938,0,0,8,8,1e-10,SPLIT_BEYOND_ALLOWANCE,False,,,,SPLIT_BEYOND_ALLOWANCE
fiber_014,138,B1|B3|B7,0.60264063713714722,0.62667865281117541,0.02403801567402819,0,0,8,8,1e-10,SPLIT_BEYOND_ALLOWANCE,False,,,,SPLIT_BEYOND_ALLOWANCE
fiber_014,139,B0|B1|B3|B7,0.67450697019958161,0.69663732310988113,0.022130352910299522,0,0,16,16,1e-10,SPLIT_BEYOND_ALLOWANCE,False,,,,SPLIT_BEYOND_ALLOWANCE
fiber_014,140,B2|B3|B7,0.5969424994459519,0.61884786154753346,0.02190536210158156,0,0,8,8,1e-10,SPLIT_BEYOND_ALLOWANCE,False,,,,SPLIT_BEYOND_ALLOWANCE
fiber_014,141,B0|B2|B3|B7,0.65436780129439986,0.67604876554161508,0.021680964247215218,0,0,16,16,1e-10,SPLIT_BEYOND_ALLOWANCE,False,,,,SPLIT_BEYOND_ALLOWANCE
fiber_014,142,B1|B2|B3|B7,0.62278279555066718,0.64396656898531901,0.021183773434651831,0,0,16,16,1e-10,SPLIT_BEYOND_ALLOWANCE,False,,,,SPLIT_BEYOND_ALLOWANCE
fiber_014,143,B0|B1|B2|B3|B7,0.67155368656660697,0.69031506798826481,0.018761381421657841,0,0,8,8,1e-10,SPLIT_BEYOND_ALLOWANCE,False,,,,SPLIT_BEYOND_ALLOWANCE
fiber_014,144,B4|B7,0.30765466905157535,0.35955083810881344,0.051896169057238095,0,0,4,4,1e-10,SPLIT_BEYOND_ALLOWANCE,False,,,,SPLIT_BEYOND_ALLOWANCE
fiber_014,145,B0|B4|B7,0.43962621664222173,0.49212823032688863,0.052502013684666893,0,0,8,8,1e-10,SPLIT_BEYOND_ALLOWANCE,False,,,,SPLIT_BEYOND_ALLOWANCE
fiber_014,146,B1|B4|B7,0.35898799878650994,0.41459993966667391,0.055611940880163968,0,0,8,8,1e-10,SPLIT_BEYOND_ALLOWANCE,False,,,,SPLIT_BEYOND_ALLOWANCE
fiber_014,147,B0|B1|B4|B7,0.4836572480457485,0.53652525586336186,0.052868007817613361,0,0,16,16,1e-10,SPLIT_BEYOND_ALLOWANCE,False,,,,SPLIT_BEYOND_ALLOWANCE
fiber_014,148,B2|B4|B7,0.38884079340984262,0.44178349431728103,0.052942700907438411,0,0,8,8,1e-10,SPLIT_BEYOND_ALLOWANCE,False,,,,SPLIT_BEYOND_ALLOWANCE
fiber_014,149,B0|B2|B4|B7,0.50243096564642842,0.55913920788941807,0.056708242242989648,0,0,16,16,1e-10,SPLIT_BEYOND_ALLOWANCE,False,,,,SPLIT_BEYOND_ALLOWANCE
fiber_014,150,B1|B2|B4|B7,0.43298752958037129,0.48953923144714395,0.056551701866772663,0,0,16,16,1e-10,SPLIT_BEYOND_ALLOWANCE,False,,,,SPLIT_BEYOND_ALLOWANCE
fiber_014,151,B0|B1|B2|B4|B7,0.53760646061088535,0.5948098641646955,0.05720340355381015,0,0,8,8,1e-10,SPLIT_BEYOND_ALLOWANCE,False,,,,SPLIT_BEYOND_ALLOWANCE
fiber_014,152,B3|B4|B7,0.56766847212661031,0.58102210426170364,0.01335363213509333,0,0,8,8,1e-10,SPLIT_BEYOND_ALLOWANCE,False,,,,SPLIT_BEYOND_ALLOWANCE
fiber_014,153,B0|B3|B4|B7,0.63682778646933491,0.65118227946096008,0.014354492991625167,0,0,16,16,1e-10,SPLIT_BEYOND_ALLOWANCE,False,,,,SPLIT_BEYOND_ALLOWANCE
fiber_014,154,B1|B3|B4|B7,0.59427993262539536,0.60757938227245911,0.013299449647063755,0,0,16,16,1e-10,SPLIT_BEYOND_ALLOWANCE,False,,,,SPLIT_BEYOND_ALLOWANCE
fiber_014,155,B0|B1|B3|B4|B7,0.65329436199845248,0.66543522327559612,0.012140861277143644,0,0,8,8,1e-10,SPLIT_BEYOND_ALLOWANCE,False,,,,SPLIT_BEYOND_ALLOWANCE
fiber_014,156,B2|B3|B4|B7,0.58580039312213683,0.59678205850129562,0.010981665379158789,6.2005409536524939e-33,7.6344323256531871e-33,8,8,1e-10,SPLIT_BEYOND_ALLOWANCE,False,,,,SPLIT_BEYOND_ALLOWANCE
fiber_014,157,B0|B2|B3|B4|B7,0.63105210091467212,0.64135501917960758,0.010302918264935457,0,0,8,8,1e-10,SPLIT_BEYOND_ALLOWANCE,False,,,,SPLIT_BEYOND_ALLOWANCE
fiber_014,158,B1|B2|B3|B4|B7,0.60018115930961935,0.61070851137635573,0.010527352066736384,0,0,8,8,1e-10,SPLIT_BEYOND_ALLOWANCE,False,,,,SPLIT_BEYOND_ALLOWANCE
fiber_014,159,B0|B1|B2|B3|B4|B7,0.63585818806972816,0.64365916864052775,0.0078009805707995872,0,0,4,4,1e-10,SPLIT_BEYOND_ALLOWANCE,False,,,,SPLIT_BEYOND_ALLOWANCE
fiber_014,160,B5|B7,0.58930294323148735,0.5991844224280557,0.0098814791965683435,0,0,4,4,1e-10,SPLIT_BEYOND_ALLOWANCE,False,,,,SPLIT_BEYOND_ALLOWANCE
fiber_014,161,B0|B5|B7,0.57017494036664207,0.59159056742787008,0.021415627061228015,0,0,8,8,1e-10,SPLIT_BEYOND_ALLOWANCE,False,,,,SPLIT_BEYOND_ALLOWANCE
fiber_014,162,B1|B5|B7,0.63081774881661978,0.63891283031196555,0.0080950814953457684,0,0,8,8,1e-10,SPLIT_BEYOND_ALLOWANCE,False,,,,SPLIT_BEYOND_ALLOWANCE
fiber_014,163,B0|B1|B5|B7,0.59896295894184115,0.6154209343990189,0.016457975457177754,0,0,16,16,1e-10,SPLIT_BEYOND_ALLOWANCE,False,,,,SPLIT_BEYOND_ALLOWANCE
fiber_014,164,B2|B5|B7,0.56017865512834997,0.56340417776393314,0.0032255226355831779,0,0,8,8,1e-10,SPLIT_BEYOND_ALLOWANCE,False,,,,SPLIT_BEYOND_ALLOWANCE
fiber_014,165,B0|B2|B5|B7,0.51829550886243492,0.52958263571049091,0.011287126848055995,6.0133380827443937e-33,6.51446495322384e-33,8,8,1e-10,SPLIT_BEYOND_ALLOWANCE,False,,,,SPLIT_BEYOND_ALLOWANCE
fiber_014,166,B1|B2|B5|B7,0.59026423723132515,0.5922003246780374,0.0019360874467122535,0,0,16,16,1e-10,SPLIT_BEYOND_ALLOWANCE,False,,,,SPLIT_BEYOND_ALLOWANCE
fiber_014,167,B0|B1|B2|B5|B7,0.5347561028961737,0.54195523783506461,0.0071991349388909054,0,0,8,8,1e-10,SPLIT_BEYOND_ALLOWANCE,False,,,,SPLIT_BEYOND_ALLOWANCE
fiber_014,168,B3|B5|B7,0.48269364052139546,0.52484340003142127,0.042149759510025808,0,0,8,8,1e-10,SPLIT_BEYOND_ALLOWANCE,False,,,,SPLIT_BEYOND_ALLOWANCE
fiber_014,169,B0|B3|B5|B7,0.3845880047256956,0.43617172963303913,0.051583724907343531,0,0,16,16,1e-10,SPLIT_BEYOND_ALLOWANCE,False,,,,SPLIT_BEYOND_ALLOWANCE
fiber_014,170,B1|B3|B5|B7,0.49098695019499861,0.53046248667391938,0.03947553647892077,0,0,16,16,1e-10,SPLIT_BEYOND_ALLOWANCE,False,,,,SPLIT_BEYOND_ALLOWANCE
fiber_014,171,B0|B1|B3|B5|B7,0.38444311409918458,0.43162214153507639,0.047179027435891807,0,0,8,8,1e-10,SPLIT_BEYOND_ALLOWANCE,False,,,,SPLIT_BEYOND_ALLOWANCE
fiber_014,172,B2|B3|B5|B7,0.39504472825264458,0.42408060284039634,0.029035874587751753,0,0,16,16,1e-10,SPLIT_BEYOND_ALLOWANCE,False,,,,SPLIT_BEYOND_ALLOWANCE
fiber_014,173,B0|B2|B3|B5|B7,0.26495587668901455,0.3008431811814154,0.035887304492400851,0,0,8,8,1e-10,SPLIT_BEYOND_ALLOWANCE,False,,,,SPLIT_BEYOND_ALLOWANCE
fiber_014,174,B1|B2|B3|B5|B7,0.39408171862030406,0.41991151740807925,0.025829798787775193,0,0,8,8,1e-10,SPLIT_BEYOND_ALLOWANCE,False,,,,SPLIT_BEYOND_ALLOWANCE
fiber_014,175,B0|B1|B2|B3|B5|B7,0.25723508452723354,0.28915645780204996,0.031921373274816423,0,0,4,4,1e-10,SPLIT_BEYOND_ALLOWANCE,False,,,,SPLIT_BEYOND_ALLOWANCE
fiber_014,176,B4|B5|B7,0.62404305971349427,0.64230392706828343,0.018260867354789156,0,0,8,8,1e-10,SPLIT_BEYOND_ALLOWANCE,False,,,,SPLIT_BEYOND_ALLOWANCE
fiber_014,177,B0|B4|B5|B7,0.58893241734502799,0.61881672340092109,0.029884306055893095,0,0,16,16,1e-10,SPLIT_BEYOND_ALLOWANCE,False,,,,SPLIT_BEYOND_ALLOWANCE
fiber_014,178,B1|B4|B5|B7,0.65094049978974133,0.66844741150670228,0.017506911716960949,0,0,16,16,1e-10,SPLIT_BEYOND_ALLOWANCE,False,,,,SPLIT_BEYOND_ALLOWANCE
fiber_014,179,B0|B1|B4|B5|B7,0.6031844186921298,0.62913226549972867,0.025947846807598873,0,0,8,8,1e-10,SPLIT_BEYOND_ALLOWANCE,False,,,,SPLIT_BEYOND_ALLOWANCE
fiber_014,180,B2|B4|B5|B7,0.58378062717731438,0.59625064510443393,0.012470017927119548,0,0,16,16,1e-10,SPLIT_BEYOND_ALLOWANCE,False,,,,SPLIT_BEYOND_ALLOWANCE
fiber_014,181,B0|B2|B4|B5|B7,0.52489032466408136,0.54577507368962319,0.020884749025541827,0,0,8,8,1e-10,SPLIT_BEYOND_ALLOWANCE,False,,,,SPLIT_BEYOND_ALLOWANCE
fiber_014,182,B1|B2|B4|B5|B7,0.59992644586734989,0.61199907552782618,0.012072629660476286,0,0,8,8,1e-10,SPLIT_BEYOND_ALLOWANCE,False,,,,SPLIT_BEYOND_ALLOWANCE
fiber_014,183,B0|B1|B2|B4|B5|B7,0.5275820481615634,0.5450332358633011,0.017451187701737703,0,0,4,4,1e-10,SPLIT_BEYOND_ALLOWANCE,False,,,,SPLIT_BEYOND_ALLOWANCE
fiber_014,184,B3|B4|B5|B7,0.40349933565521978,0.44638800181941285,0.042888666164193068,0,0,16,16,1e-10,SPLIT_BEYOND_ALLOWANCE,False,,,,SPLIT_BEYOND_ALLOWANCE
fiber_014,185,B0|B3|B4|B5|B7,0.29389441585844778,0.34649061498822031,0.052596199129772536,0,0,8,8,1e-10,SPLIT_BEYOND_ALLOWANCE,False,,,,SPLIT_BEYOND_ALLOWANCE
fiber_014,186,B1|B3|B4|B5|B7,0.40180203109410817,0.44212904987574042,0.040327018781632251,0,0,8,8,1e-10,SPLIT_BEYOND_ALLOWANCE,False,,,,SPLIT_BEYOND_ALLOWANCE
fiber_014,187,B0|B1|B3|B4|B5|B7,0.28456009904915358,0.33294931241218906,0.048389213363035477,0,0,4,4,1e-10,SPLIT_BEYOND_ALLOWANCE,False,,,,SPLIT_BEYOND_ALLOWANCE
fiber_014,188,B2|B3|B4|B5|B7,0.30905485638552588,0.33824059595541944,0.029185739569893565,0,0,8,8,1e-10,SPLIT_BEYOND_ALLOWANCE,False,,,,SPLIT_BEYOND_ALLOWANCE
fiber_014,189,B0|B2|B3|B4|B5|B7,0.16735763338057974,0.20449398942283811,0.037136356042258373,0,0,4,4,1e-10,SPLIT_BEYOND_ALLOWANCE,False,,,,SPLIT_BEYOND_ALLOWANCE
fiber_014,190,B1|B2|B3|B4|B5|B7,0.29869315208363334,0.3247590085974057,0.026065856513772356,0,0,4,4,1e-10,SPLIT_BEYOND_ALLOWANCE,False,,,,SPLIT_BEYOND_ALLOWANCE
fiber_014,191,B0|B1|B2|B3|B4|B5|B7,0.15122528038453717,0.18468741575518557,0.033462135370648405,0,0,2,2,1e-10,SPLIT_BEYOND_ALLOWANCE,False,,,,SPLIT_BEYOND_ALLOWANCE
fiber_014,192,B6|B7,0.33480968065074967,0.40400261975493423,0.069192939104184559,0,0,4,4,1e-10,SPLIT_BEYOND_ALLOWANCE,False,,,,SPLIT_BEYOND_ALLOWANCE
fiber_014,193,B0|B6|B7,0.45211191479540819,0.5067219165044321,0.054610001709023914,0,0,8,8,1e-10,SPLIT_BEYOND_ALLOWANCE,False,,,,SPLIT_BEYOND_ALLOWANCE
fiber_014,194,B1|B6|B7,0.34035052703569696,0.41331195678950683,0.07296142975380987,0,0,8,8,1e-10,SPLIT_BEYOND_ALLOWANCE,False,,,,SPLIT_BEYOND_ALLOWANCE
fiber_014,195,B0|B1|B6|B7,0.4497373975011969,0.50535306586639583,0.055615668365198934,0,0,16,16,1e-10,SPLIT_BEYOND_ALLOWANCE,False,,,,SPLIT_BEYOND_ALLOWANCE
fiber_014,196,B2|B6|B7,0.411134681432055,0.47791074209587864,0.066776060663823633,0,0,8,8,1e-10,SPLIT_BEYOND_ALLOWANCE,False,,,,SPLIT_BEYOND_ALLOWANCE
fiber_014,197,B0|B2|B6|B7,0.50283393726386261,0.55892087704404558,0.056086939780182976,0,0,16,16,1e-10,SPLIT_BEYOND_ALLOWANCE,False,,,,SPLIT_BEYOND_ALLOWANCE
fiber_014,198,B1|B2|B6|B7,0.41036046935667225,0.48129779098560854,0.07093732162893629,0,0,16,16,1e-10,SPLIT_BEYOND_ALLOWANCE,False,,,,SPLIT_BEYOND_ALLOWANCE
fiber_014,199,B0|B1|B2|B6|B7,0.49279783061054155,0.55008235366605485,0.057284523055513292,0,0,8,8,1e-10,SPLIT_BEYOND_ALLOWANCE,False,,,,SPLIT_BEYOND_ALLOWANCE
fiber_014,200,B3|B6|B7,0.6104010272351541,0.64264526090881757,0.032244233673663469,0,0,8,8,1e-10,SPLIT_BEYOND_ALLOWANCE,False,,,,SPLIT_BEYOND_ALLOWANCE
fiber_014,201,B0|B3|B6|B7,0.64978650460739162,0.66903345312144635,0.019246948514054729,0,0,16,16,1e-10,SPLIT_BEYOND_ALLOWANCE,False,,,,SPLIT_BEYOND_ALLOWANCE
fiber_014,202,B1|B3|B6|B7,0.5895831811362694,0.6234255431734872,0.033842362037217799,0,0,16,16,1e-10,SPLIT_BEYOND_ALLOWANCE,False,,,,SPLIT_BEYOND_ALLOWANCE
fiber_014,203,B0|B1|B3|B6|B7,0.61600384551118115,0.63365308801362374,0.017649242502442597,0,0,8,8,1e-10,SPLIT_BEYOND_ALLOWANCE,False,,,,SPLIT_BEYOND_ALLOWANCE
fiber_014,204,B2|B3|B6|B7,0.60720962231638698,0.63155218692929882,0.024342564612911843,0,0,16,16,1e-10,SPLIT_BEYOND_ALLOWANCE,False,,,,SPLIT_BEYOND_ALLOWANCE
fiber_014,205,B0|B2|B3|B6|B7,0.62332906047215353,0.63460710230200146,0.011278041829847929,0,0,8,8,1e-10,SPLIT_BEYOND_ALLOWANCE,False,,,,SPLIT_BEYOND_ALLOWANCE
fiber_014,206,B1|B2|B3|B6|B7,0.57640464940865832,0.60196907132167643,0.025564421913018109,0,0,8,8,1e-10,SPLIT_BEYOND_ALLOWANCE,False,,,,SPLIT_BEYOND_ALLOWANCE
fiber_014,207,B0|B1|B2|B3|B6|B7,0.58041583643442241,0.58907951392941493,0.0086636774949925277,0,0,4,4,1e-10,SPLIT_BEYOND_ALLOWANCE,False,,,,SPLIT_BEYOND_ALLOWANCE
fiber_014,208,B4|B6|B7,0.41945618022652498,0.49364043248950923,0.074184252262984252,0,0,8,8,1e-10,SPLIT_BEYOND_ALLOWANCE,False,,,,SPLIT_BEYOND_ALLOWANCE
fiber_014,209,B0|B4|B6|B7,0.52317891986522036,0.58334540710059968,0.060166487235379318,0,0,16,16,1e-10,SPLIT_BEYOND_ALLOWANCE,False,,,,SPLIT_BEYOND_ALLOWANCE
fiber_014,210,B1|B4|B6|B7,0.4126547198922495,0.49069475861552625,0.07804003872327675,0,0,16,16,1e-10,SPLIT_BEYOND_ALLOWANCE,False,,,,SPLIT_BEYOND_ALLOWANCE
fiber_014,211,B0|B1|B4|B6|B7,0.507750464203503,0.56908799860964931,0.06133753440614631,0,0,8,8,1e-10,SPLIT_BEYOND_ALLOWANCE,False,,,,SPLIT_BEYOND_ALLOWANCE
fiber_014,212,B2|B4|B6|B7,0.48206595258406926,0.55460617900120346,0.072540226417134201,0,0,16,16,1e-10,SPLIT_BEYOND_ALLOWANCE,False,,,,SPLIT_BEYOND_ALLOWANCE
fiber_014,213,B0|B2|B4|B6|B7,0.56282368930030402,0.62416960468769689,0.061345915387392869,0,0,8,8,1e-10,SPLIT_BEYOND_ALLOWANCE,False,,,,SPLIT_BEYOND_ALLOWANCE
fiber_014,214,B1|B2|B4|B6|B7,0.4689658833680645,0.54567555296704284,0.076709669598978347,0,0,8,8,1e-10,SPLIT_BEYOND_ALLOWANCE,False,,,,SPLIT_BEYOND_ALLOWANCE
fiber_014,215,B0|B1|B2|B4|B6|B7,0.54026587756633004,0.60282120528424366,0.062555327717913611,0,0,4,4,1e-10,SPLIT_BEYOND_ALLOWANCE,False,,,,SPLIT_BEYOND_ALLOWANCE
fiber_014,216,B3|B4|B6|B7,0.59383919323004597,0.61379811882619351,0.019958925596147536,0,0,16,16,1e-10,SPLIT_BEYOND_ALLOWANCE,False,,,,SPLIT_BEYOND_ALLOWANCE
fiber_014,217,B0|B3|B4|B6|B7,0.61621180170120071,0.62463698726907235,0.0084251855678716403,0,0,8,8,1e-10,SPLIT_BEYOND_ALLOWANCE,False,,,,SPLIT_BEYOND_ALLOWANCE
fiber_014,218,B1|B3|B4|B6|B7,0.55976162890506886,0.58177578821681153,0.022014159311742665,0,0,8,8,1e-10,SPLIT_BEYOND_ALLOWANCE,False,,,,SPLIT_BEYOND_ALLOWANCE
fiber_014,219,B0|B1|B3|B4|B6|B7,0.5707679286247167,0.57776079524757684,0.0069928666228601388,0,0,4,4,1e-10,SPLIT_BEYOND_ALLOWANCE,False,,,,SPLIT_BEYOND_ALLOWANCE
fiber_014,220,B2|B3|B4|B6|B7,0.57430274138625059,0.58536685546851819,0.011064114082267595,0,0,8,8,1e-10,SPLIT_BEYOND_ALLOWANCE,False,,,,SPLIT_BEYOND_ALLOWANCE
fiber_014,221,B0|B2|B3|B4|B6|B7,0.57387505649313464,0.57198597879884494,0.0018890776942896981,0,0,4,4,1e-10,SPLIT_BEYOND_ALLOWANCE,False,,,,SPLIT_BEYOND_ALLOWANCE
fiber_014,222,B1|B2|B3|B4|B6|B7,0.53045425672117619,0.54214632887963854,0.011692072158462352,0,0,4,4,1e-10,SPLIT_BEYOND_ALLOWANCE,False,,,,SPLIT_BEYOND_ALLOWANCE
fiber_014,223,B0|B1|B2|B3|B4|B6|B7,0.51828239721185465,0.51272364571071982,0.0055587515011348287,0,0,2,2,1e-10,SPLIT_BEYOND_ALLOWANCE,False,,,,SPLIT_BEYOND_ALLOWANCE
fiber_014,224,B5|B6|B7,0.65239875007016734,0.65664636333587112,0.0042476132657037757,0,0,8,8,1e-10,SPLIT_BEYOND_ALLOWANCE,False,,,,SPLIT_BEYOND_ALLOWANCE
fiber_014,225,B0|B5|B6|B7,0.58539456270657042,0.58594665298280568,0.00055209027623526197,0,0,16,16,1e-10,SPLIT_BEYOND_ALLOWANCE,False,,,,SPLIT_BEYOND_ALLOWANCE
fiber_014,226,B1|B5|B6|B7,0.63146037378442321,0.63482371217183786,0.0033633383874146494,0,0,16,16,1e-10,SPLIT_BEYOND_ALLOWANCE,False,,,,SPLIT_BEYOND_ALLOWANCE
fiber_014,227,B0|B1|B5|B6|B7,0.55494855502003537,0.55249052043483737,0.002458034585197999,0,0,8,8,1e-10,SPLIT_BEYOND_ALLOWANCE,False,,,,SPLIT_BEYOND_ALLOWANCE
fiber_014,228,B2|B5|B6|B7,0.58987134987348422,0.58036136077076572,0.0095099891027184968,0,0,16,16,1e-10,SPLIT_BEYOND_ALLOWANCE,False,,,,SPLIT_BEYOND_ALLOWANCE
fiber_014,229,B0|B2|B5|B6|B7,0.49402698259419209,0.47788420867092679,0.016142773923265297,0,0,8,8,1e-10,SPLIT_BEYOND_ALLOWANCE,False,,,,SPLIT_BEYOND_ALLOWANCE
fiber_014,230,B1|B2|B5|B6|B7,0.55682313113579929,0.54473221527901627,0.012090915856783013,0,0,8,8,1e-10,SPLIT_BEYOND_ALLOWANCE,False,,,,SPLIT_BEYOND_ALLOWANCE
fiber_014,231,B0|B1|B2|B5|B6|B7,0.45141189249839409,0.43005579138858352,0.021356101109810566,0,0,4,4,1e-10,SPLIT_BEYOND_ALLOWANCE,False,,,,SPLIT_BEYOND_ALLOWANCE
fiber_014,232,B3|B5|B6|B7,0.43880352508964365,0.46298569504749254,0.024182169957848887,0,0,16,16,1e-10,SPLIT_BEYOND_ALLOWANCE,False,,,,SPLIT_BEYOND_ALLOWANCE
fiber_014,233,B0|B3|B5|B6|B7,0.31296433637382504,0.33575877683423727,0.022794440460412235,0,0,8,8,1e-10,SPLIT_BEYOND_ALLOWANCE,False,,,,SPLIT_BEYOND_ALLOWANCE
fiber_014,234,B1|B3|B5|B6|B7,0.39191226127509121,0.41410566757560036,0.022193406300509144,0,0,8,8,1e-10,SPLIT_BEYOND_ALLOWANCE,False,,,,SPLIT_BEYOND_ALLOWANCE
fiber_014,235,B0|B1|B3|B5|B6|B7,0.25911684677907904,0.27682639014186294,0.017709543362783908,0,0,4,4,1e-10,SPLIT_BEYOND_ALLOWANCE,False,,,,SPLIT_BEYOND_ALLOWANCE
fiber_014,236,B2|B3|B5|B6|B7,0.32411712263543507,0.32818339068001445,0.0040662680445793797,0,0,8,8,1e-10,SPLIT_BEYOND_ALLOWANCE,False,,,,SPLIT_BEYOND_ALLOWANCE
fiber_014,237,B0|B2|B3|B5|B6|B7,0.1723891401873886,0.17709084877839396,0.0047017085910053547,0,0,4,4,1e-10,SPLIT_BEYOND_ALLOWANCE,False,,,,SPLIT_BEYOND_ALLOWANCE
fiber_014,238,B1|B2|B3|B5|B6|B7,0.2680439070675209,0.26719091301220449,0.00085299405531641392,0,0,4,4,1e-10,SPLIT_BEYOND_ALLOWANCE,False,,,,SPLIT_BEYOND_ALLOWANCE
fiber_014,239,B0|B1|B2|B3|B5|B6|B7,0.11191521231891345,0.11044919136285267,0.0014660209560607845,0,0,2,2,1e-10,SPLIT_BEYOND_ALLOWANCE,False,,,,SPLIT_BEYOND_ALLOWANCE
fiber_014,240,B4|B5|B6|B7,0.66216430161030837,0.67351763713876522,0.011353335528456854,0,0,16,16,1e-10,SPLIT_BEYOND_ALLOWANCE,False,,,,SPLIT_BEYOND_ALLOWANCE
fiber_014,241,B0|B4|B5|B6|B7,0.58316355490167038,0.59117806019943342,0.0080145052977630415,0,0,8,8,1e-10,SPLIT_BEYOND_ALLOWANCE,False,,,,SPLIT_BEYOND_ALLOWANCE
fiber_014,242,B1|B4|B5|B6|B7,0.62925926913834729,0.64039678762329477,0.011137518484947484,0,0,8,8,1e-10,SPLIT_BEYOND_ALLOWANCE,False,,,,SPLIT_BEYOND_ALLOWANCE
fiber_014,243,B0|B1|B4|B5|B6|B7,0.54286514057785451,0.54812157339225376,0.0052564328143992478,0,0,4,4,1e-10,SPLIT_BEYOND_ALLOWANCE,False,,,,SPLIT_BEYOND_ALLOWANCE
fiber_014,244,B2|B4|B5|B6|B7,0.58878673471203924,0.58731025096146738,0.0014764837505718553,0,0,8,8,1e-10,SPLIT_BEYOND_ALLOWANCE,False,,,,SPLIT_BEYOND_ALLOWANCE
fiber_014,245,B0|B2|B4|B5|B6|B7,0.48273397321414602,0.47498156736107888,0.0077524058530671347,0,0,4,4,1e-10,SPLIT_BEYOND_ALLOWANCE,False,,,,SPLIT_BEYOND_ALLOWANCE
fiber_014,246,B1|B2|B4|B5|B6|B7,0.54564146896622057,0.54139535846768017,0.0042461104985404008,0,0,4,4,1e-10,SPLIT_BEYOND_ALLOWANCE,False,,,,SPLIT_BEYOND_ALLOWANCE
fiber_014,247,B0|B1|B2|B4|B5|B6|B7,0.43159760986606233,0.41835412045441955,0.013243489411642773,0,0,2,2,1e-10,SPLIT_BEYOND_ALLOWANCE,False,,,,SPLIT_BEYOND_ALLOWANCE
fiber_014,248,B3|B4|B5|B6|B7,0.3407240224225393,0.36485622721128058,0.024132204788741285,0,0,8,8,1e-10,SPLIT_BEYOND_ALLOWANCE,False,,,,SPLIT_BEYOND_ALLOWANCE
fiber_014,249,B0|B3|B4|B5|B6|B7,0.20663346398714208,0.23030812749122836,0.023674663504086285,0,0,4,4,1e-10,SPLIT_BEYOND_ALLOWANCE,False,,,,SPLIT_BEYOND_ALLOWANCE
fiber_014,250,B1|B3|B4|B5|B6|B7,0.28878913685789498,0.31121156829249907,0.022422431434604095,0,0,4,4,1e-10,SPLIT_BEYOND_ALLOWANCE,False,,,,SPLIT_BEYOND_ALLOWANCE
fiber_014,251,B0|B1|B3|B4|B5|B6|B7,0.14952520459535282,0.1685281071551803,0.019002902559827478,0,0,2,2,1e-10,SPLIT_BEYOND_ALLOWANCE,False,,,,SPLIT_BEYOND_ALLOWANCE
fiber_014,252,B2|B3|B4|B5|B6|B7,0.22112410540129901,0.22514190663875569,0.0040178012374566807,0,0,4,4,1e-10,SPLIT_BEYOND_ALLOWANCE,False,,,,SPLIT_BEYOND_ALLOWANCE
fiber_014,253,B0|B2|B3|B4|B5|B6|B7,0.062844383178197044,0.068547567814844529,0.0057031846366474848,0,0,2,2,1e-10,SPLIT_BEYOND_ALLOWANCE,False,,,,SPLIT_BEYOND_ALLOWANCE
fiber_014,254,B1|B2|B3|B4|B5|B6|B7,0.16111317106575521,0.16064994405952171,0.00046322700623349644,0,0,2,2,1e-10,SPLIT_BEYOND_ALLOWANCE,False,,,,SPLIT_BEYOND_ALLOWANCE
fiber_014,255,B0|B1|B2|B3|B4|B5|B6|B7,0,0,0,0,0,1,1,1e-10,EQUAL_WITHIN_ALLOWANCE,False,,,,EQUAL_WITHIN_ALLOWANCE
fiber_015,0,EMPTY,0,0,0,0,0,1,1,1e-10,EQUAL_WITHIN_ALLOWANCE,False,,,,EQUAL_WITHIN_ALLOWANCE
fiber_015,1,B0,0.56261706768985675,0.56421703275575341,0.001599965065896658,0,0,2,2,1e-10,SPLIT_BEYOND_ALLOWANCE,False,,,,SPLIT_BEYOND_ALLOWANCE
fiber_015,2,B1,0.37776800449641107,0.37898311711823368,0.0012151126218226116,0,0,2,2,1e-10,SPLIT_BEYOND_ALLOWANCE,False,,,,SPLIT_BEYOND_ALLOWANCE
fiber_015,3,B0|B1,0.83718147731168657,0.84205422371007665,0.0048727463983900821,0,0,4,4,1e-10,SPLIT_BEYOND_ALLOWANCE,False,,,,SPLIT_BEYOND_ALLOWANCE
fiber_015,4,B2,0.35192735579370632,0.36147792650964428,0.009550570715937956,0,0,2,2,1e-10,SPLIT_BEYOND_ALLOWANCE,False,,,,SPLIT_BEYOND_ALLOWANCE
fiber_015,5,B0|B2,0.81171589659887589,0.82223084561847515,0.010514949019599262,0,0,4,4,1e-10,SPLIT_BEYOND_ALLOWANCE,False,,,,SPLIT_BEYOND_ALLOWANCE
fiber_015,6,B1|B2,0.71301578238015928,0.72363339065098964,0.010617608270830359,0,0,4,4,1e-10,SPLIT_BEYOND_ALLOWANCE,False,,,,SPLIT_BEYOND_ALLOWANCE
fiber_015,7,B0|B1|B2,1.0300143154108952,1.0430265984376379,0.013012283026742733,0,0,8,8,1e-10,SPLIT_BEYOND_ALLOWANCE,False,,,,SPLIT_BEYOND_ALLOWANCE
fiber_015,8,B3,0.63629772452862432,0.6393486318157402,0.0030509072871158782,0,0,2,2,1e-10,SPLIT_BEYOND_ALLOWANCE,False,,,,SPLIT_BEYOND_ALLOWANCE
fiber_015,9,B0|B3,1.173708825553337,1.1792310478919867,0.0055222223386497404,0,0,4,4,1e-10,SPLIT_BEYOND_ALLOWANCE,False,,,,SPLIT_BEYOND_ALLOWANCE
fiber_015,10,B1|B3,0.97048792901707326,0.97479467267031039,0.0043067436532371328,0,0,4,4,1e-10,SPLIT_BEYOND_ALLOWANCE,False,,,,SPLIT_BEYOND_ALLOWANCE
fiber_015,11,B0|B1|B3,1.3281771222476846,1.3357507434293565,0.0075736211816719301,0,0,8,8,1e-10,SPLIT_BEYOND_ALLOWANCE,False,,,,SPLIT_BEYOND_ALLOWANCE
fiber_015,12,B2|B3,0.91335889283953142,0.92242766835239087,0.0090687755128594505,0,0,4,4,1e-10,SPLIT_BEYOND_ALLOWANCE,False,,,,SPLIT_BEYOND_ALLOWANCE
fiber_015,13,B0|B2|B3,1.2501996319284032,1.2580779064948386,0.007878274566435417,0,0,8,8,1e-10,SPLIT_BEYOND_ALLOWANCE,False,,,,SPLIT_BEYOND_ALLOWANCE
fiber_015,14,B1|B2|B3,1.1699491249624085,1.1780699527658243,0.00812082780341572,0,0,8,8,1e-10,SPLIT_BEYOND_ALLOWANCE,False,,,,SPLIT_BEYOND_ALLOWANCE
fiber_015,15,B0|B1|B2|B3,1.2947643177735531,1.3015886173764679,0.0068242996029148628,0,0,16,16,1e-10,SPLIT_BEYOND_ALLOWANCE,False,,,,SPLIT_BEYOND_ALLOWANCE
fiber_015,16,B4,0.64231588762920411,0.64110100193499886,0.0012148856942052477,0,0,2,2,1e-10,SPLIT_BEYOND_ALLOWANCE,False,,,,SPLIT_BEYOND_ALLOWANCE
fiber_015,17,B0|B4,1.1394645554191241,1.1408249864576407,0.0013604310385166851,0,0,4,4,1e-10,SPLIT_BEYOND_ALLOWANCE,False,,,,SPLIT_BEYOND_ALLOWANCE
fiber_015,18,B1|B4,0.96252542753470194,0.96393664778110899,0.0014112202464070522,0,0,4,4,1e-10,SPLIT_BEYOND_ALLOWANCE,False,,,,SPLIT_BEYOND_ALLOWANCE
fiber_015,19,B0|B1|B4,1.3034212596373083,1.310109900181514,0.006688640544205704,0,0,8,8,1e-10,SPLIT_BEYOND_ALLOWANCE,False,,,,SPLIT_BEYOND_ALLOWANCE
fiber_015,20,B2|B4,0.92724845693654145,0.93224748130029789,0.0049990243637564324,0,0,4,4,1e-10,SPLIT_BEYOND_ALLOWANCE,False,,,,SPLIT_BEYOND_ALLOWANCE
fiber_015,21,B0|B2|B4,1.2527899274629444,1.2577158164107078,0.0049258889477634682,0,0,8,8,1e-10,SPLIT_BEYOND_ALLOWANCE,False,,,,SPLIT_BEYOND_ALLOWANCE
fiber_015,22,B1|B2|B4,1.1876902254931159,1.193812927212448,0.0061227017193321576,0,0,8,8,1e-10,SPLIT_BEYOND_ALLOWANCE,False,,,,SPLIT_BEYOND_ALLOWANCE
fiber_015,23,B0|B1|B2|B4,1.3074955399600987,1.3148404777204892,0.0073449377603904686,0,0,16,16,1e-10,SPLIT_BEYOND_ALLOWANCE,False,,,,SPLIT_BEYOND_ALLOWANCE
fiber_015,24,B3|B4,0.71413902985670685,0.72444542651526711,0.010306396658560257,0,0,4,4,1e-10,SPLIT_BEYOND_ALLOWANCE,False,,,,SPLIT_BEYOND_ALLOWANCE
fiber_015,25,B0|B3|B4,1.0810505312597443,1.0923795534667393,0.011329022206995054,0,0,8,8,1e-10,SPLIT_BEYOND_ALLOWANCE,False,,,,SPLIT_BEYOND_ALLOWANCE
fiber_015,26,B1|B3|B4,0.91467007288661772,0.92416823789704217,0.0094981650104244419,0,0,8,8,1e-10,SPLIT_BEYOND_ALLOWANCE,False,,,,SPLIT_BEYOND_ALLOWANCE
fiber_015,27,B0|B1|B3|B4,1.0492596564300805,1.0617135137982605,0.012453857368180055,0,0,16,16,1e-10,SPLIT_BEYOND_ALLOWANCE,False,,,,SPLIT_BEYOND_ALLOWANCE
fiber_015,28,B2|B3|B4,0.78495704167375902,0.79239289206061458,0.0074358503868555692,0,0,8,8,1e-10,SPLIT_BEYOND_ALLOWANCE,False,,,,SPLIT_BEYOND_ALLOWANCE
fiber_015,29,B0|B2|B3|B4,0.91749526743460852,0.92219611183260108,0.0047008443979925651,0,0,16,16,1e-10,SPLIT_BEYOND_ALLOWANCE,False,,,,SPLIT_BEYOND_ALLOWANCE
fiber_015,30,B1|B2|B3|B4,0.9094045067451888,0.91481346209037717,0.005408955345188371,0,0,16,16,1e-10,SPLIT_BEYOND_ALLOWANCE,False,,,,SPLIT_BEYOND_ALLOWANCE
fiber_015,31,B0|B1|B2|B3|B4,0.81316479112816342,0.81763164567737578,0.0044668545492123624,0,0,8,8,1e-10,SPLIT_BEYOND_ALLOWANCE,False,,,,SPLIT_BEYOND_ALLOWANCE
fiber_015,32,B5,0.34752080640167815,0.35052929153184664,0.0030084851301684923,0,0,2,2,1e-10,SPLIT_BEYOND_ALLOWANCE,False,,,,SPLIT_BEYOND_ALLOWANCE
fiber_015,33,B0|B5,0.65118315475250377,0.65388214956343271,0.0026989948109289452,0,0,4,4,1e-10,SPLIT_BEYOND_ALLOWANCE,False,,,,SPLIT_BEYOND_ALLOWANCE
fiber_015,34,B1|B5,0.68067996300705946,0.68538545430773556,0.0047054913006761012,0,0,4,4,1e-10,SPLIT_BEYOND_ALLOWANCE,False,,,,SPLIT_BEYOND_ALLOWANCE
fiber_015,35,B0|B1|B5,0.84303700799976911,0.84862221767093937,0.0055852096711702659,0,0,8,8,1e-10,SPLIT_BEYOND_ALLOWANCE,False,,,,SPLIT_BEYOND_ALLOWANCE
fiber_015,36,B2|B5,0.65269065790708281,0.66450338998166147,0.011812732074578669,0,0,4,4,1e-10,SPLIT_BEYOND_ALLOWANCE,False,,,,SPLIT_BEYOND_ALLOWANCE
fiber_015,37,B0|B2|B5,0.76315995819494808,0.77204237828565569,0.0088824200907076101,0,0,8,8,1e-10,SPLIT_BEYOND_ALLOWANCE,False,,,,SPLIT_BEYOND_ALLOWANCE
fiber_015,38,B1|B2|B5,0.95549749298866093,0.96875853066826112,0.013261037679600185,0,0,8,8,1e-10,SPLIT_BEYOND_ALLOWANCE,False,,,,SPLIT_BEYOND_ALLOWANCE
fiber_015,39,B0|B1|B2|B5,0.9126041849255021,0.92366837775235089,0.011064192826848784,0,0,16,16,1e-10,SPLIT_BEYOND_ALLOWANCE,False,,,,SPLIT_BEYOND_ALLOWANCE
fiber_015,40,B3|B5,0.96141211973111496,0.96719118196333786,0.005779062232222909,0,0,4,4,1e-10,SPLIT_BEYOND_ALLOWANCE,False,,,,SPLIT_BEYOND_ALLOWANCE
fiber_015,41,B0|B3|B5,1.2029811067216787,1.2079200370249479,0.0049389303032691956,0,0,8,8,1e-10,SPLIT_BEYOND_ALLOWANCE,False,,,,SPLIT_BEYOND_ALLOWANCE
fiber_015,42,B1|B3|B5,1.2310760365876598,1.2380641044415122,0.0069880678538523089,0,0,8,8,1e-10,SPLIT_BEYOND_ALLOWANCE,False,,,,SPLIT_BEYOND_ALLOWANCE
fiber_015,43,B0|B1|B3|B5,1.2223323969910593,1.228556491643038,0.0062240946519787066,0,0,16,16,1e-10,SPLIT_BEYOND_ALLOWANCE,False,,,,SPLIT_BEYOND_ALLOWANCE
fiber_015,44,B2|B3|B5,1.1769553784469504,1.1874732774075896,0.010517898960639149,0,0,8,8,1e-10,SPLIT_BEYOND_ALLOWANCE,False,,,,SPLIT_BEYOND_ALLOWANCE
fiber_015,45,B0|B2|B3|B5,1.1283286798992587,1.1324370768715033,0.0041083969722446323,0,0,16,16,1e-10,SPLIT_BEYOND_ALLOWANCE,False,,,,SPLIT_BEYOND_ALLOWANCE
fiber_015,46,B1|B2|B3|B5,1.3204524584191066,1.3287911463932811,0.0083386879741744746,0,0,16,16,1e-10,SPLIT_BEYOND_ALLOWANCE,False,,,,SPLIT_BEYOND_ALLOWANCE
fiber_015,47,B0|B1|B2|B3|B5,1.0658611164478093,1.0686037014797098,0.0027425850319005018,0,0,8,8,1e-10,SPLIT_BEYOND_ALLOWANCE,False,,,,SPLIT_BEYOND_ALLOWANCE
fiber_015,48,B4|B5,0.9688208856194096,0.9710916372426377,0.0022707516232280955,0,0,4,4,1e-10,SPLIT_BEYOND_ALLOWANCE,False,,,,SPLIT_BEYOND_ALLOWANCE
fiber_015,49,B0|B4|B5,1.1980983744126001,1.2009271291428452,0.00282875473024502,0,0,8,8,1e-10,SPLIT_BEYOND_ALLOWANCE,False,,,,SPLIT_BEYOND_ALLOWANCE
fiber_015,50,B1|B4|B5,1.2308280195042665,1.2362538279734587,0.0054258084691922726,0,0,8,8,1e-10,SPLIT_BEYOND_ALLOWANCE,False,,,,SPLIT_BEYOND_ALLOWANCE
fiber_015,51,B0|B1|B4|B5,1.2058313086367578,1.2127201625673556,0.0068888539305977936,0,0,16,16,1e-10,SPLIT_BEYOND_ALLOWANCE,False,,,,SPLIT_BEYOND_ALLOWANCE
fiber_015,52,B2|B4|B5,1.1870467034695367,1.1939360620180013,0.0068893585484646191,0,0,8,8,1e-10,SPLIT_BEYOND_ALLOWANCE,False,,,,SPLIT_BEYOND_ALLOWANCE
fiber_015,53,B0|B2|B4|B5,1.1564869653438956,1.1593890994973814,0.0029021341534858358,0,0,16,16,1e-10,SPLIT_BEYOND_ALLOWANCE,False,,,,SPLIT_BEYOND_ALLOWANCE
fiber_015,54,B1|B2|B4|B5,1.352399403252293,1.3604914184756032,0.0080920152233101561,0,0,16,16,1e-10,SPLIT_BEYOND_ALLOWANCE,False,,,,SPLIT_BEYOND_ALLOWANCE
fiber_015,55,B0|B1|B2|B4|B5,1.086760498202592,1.0914491863564875,0.0046886881538954484,0,0,8,8,1e-10,SPLIT_BEYOND_ALLOWANCE,False,,,,SPLIT_BEYOND_ALLOWANCE
fiber_015,56,B3|B4|B5,0.96824271328969569,0.98092786458715386,0.012685151297458175,0,0,8,8,1e-10,SPLIT_BEYOND_ALLOWANCE,False,,,,SPLIT_BEYOND_ALLOWANCE
fiber_015,57,B0|B3|B4|B5,1.0021959086826859,1.0108863134919921,0.0086904048093061625,0,0,16,16,1e-10,SPLIT_BEYOND_ALLOWANCE,False,,,,SPLIT_BEYOND_ALLOWANCE
fiber_015,58,B1|B3|B4|B5,1.0865986823774278,1.0986801928709098,0.01208151049348194,0,0,16,16,1e-10,SPLIT_BEYOND_ALLOWANCE,False,,,,SPLIT_BEYOND_ALLOWANCE
fiber_015,59,B0|B1|B3|B4|B5,0.8355731066342108,0.84574467475143311,0.010171568117222307,0,0,8,8,1e-10,SPLIT_BEYOND_ALLOWANCE,False,,,,SPLIT_BEYOND_ALLOWANCE
fiber_015,60,B2|B3|B4|B5,0.95634477992673683,0.96391689261861202,0.007572112691875188,0,0,16,16,1e-10,SPLIT_BEYOND_ALLOWANCE,False,,,,SPLIT_BEYOND_ALLOWANCE
fiber_015,61,B0|B2|B3|B4|B5,0.72945519662177971,0.72968127298343144,0.00022607636165172806,0,0,8,8,1e-10,SPLIT_BEYOND_ALLOWANCE,False,,,,SPLIT_BEYOND_ALLOWANCE
fiber_015,62,B1|B2|B3|B4|B5,0.94024503663290004,0.94497154130862593,0.0047265046757258844,0,0,8,8,1e-10,SPLIT_BEYOND_ALLOWANCE,False,,,,SPLIT_BEYOND_ALLOWANCE
fiber_015,63,B0|B1|B2|B3|B4|B5,0.53020778709507066,0.53109658306794683,0.0008887959728761663,0,0,4,4,1e-10,SPLIT_BEYOND_ALLOWANCE,False,,,,SPLIT_BEYOND_ALLOWANCE
fiber_015,64,B6,0.46959570518074634,0.46994383535960382,0.00034813017885748643,0,0,2,2,1e-10,SPLIT_BEYOND_ALLOWANCE,False,,,,SPLIT_BEYOND_ALLOWANCE
fiber_015,65,B0|B6,0.90103005538529879,0.90485821347932971,0.0038281580940309201,0,0,4,4,1e-10,SPLIT_BEYOND_ALLOWANCE,False,,,,SPLIT_BEYOND_ALLOWANCE
fiber_015,66,B1|B6,0.6736845667626159,0.67328086436041745,0.000403702402198447,0,0,4,4,1e-10,SPLIT_BEYOND_ALLOWANCE,False,,,,SPLIT_BEYOND_ALLOWANCE
fiber_015,67,B0|B1|B6,0.93273052283010438,0.93921952844771905,0.0064890056176146738,0,0,8,8,1e-10,SPLIT_BEYOND_ALLOWANCE,False,,,,SPLIT_BEYOND_ALLOWANCE
fiber_015,68,B2|B6,0.80045972200703652,0.80990449201962456,0.0094447700125880329,0,0,4,4,1e-10,SPLIT_BEYOND_ALLOWANCE,False,,,,SPLIT_BEYOND_ALLOWANCE
fiber_015,69,B0|B2|B6,1.0878691160097236,1.0995189624240016,0.01164984641427802,0,0,8,8,1e-10,SPLIT_BEYOND_ALLOWANCE,False,,,,SPLIT_BEYOND_ALLOWANCE
fiber_015,70,B1|B2|B6,0.97395190548881982,0.98191857673269989,0.0079666712438800635,0,0,8,8,1e-10,SPLIT_BEYOND_ALLOWANCE,False,,,,SPLIT_BEYOND_ALLOWANCE
fiber_015,71,B0|B1|B2|B6,0.99276389488335381,1.0050521282740852,0.012288233390731373,0,0,16,16,1e-10,SPLIT_BEYOND_ALLOWANCE,False,,,,SPLIT_BEYOND_ALLOWANCE
fiber_015,72,B3|B6,1.0366615288412258,1.0411480020879393,0.0044864732467135848,0,0,4,4,1e-10,SPLIT_BEYOND_ALLOWANCE,False,,,,SPLIT_BEYOND_ALLOWANCE
fiber_015,73,B0|B3|B6,1.3419794434986214,1.3500196537960232,0.008040210297401762,0,0,8,8,1e-10,SPLIT_BEYOND_ALLOWANCE,False,,,,SPLIT_BEYOND_ALLOWANCE
fiber_015,74,B1|B3|B6,1.1191365685040646,1.1219342581877345,0.0027976896836698906,0,0,8,8,1e-10,SPLIT_BEYOND_ALLOWANCE,False,,,,SPLIT_BEYOND_ALLOWANCE
fiber_015,75,B0|B1|B3|B6,1.2010406443934343,1.2080699356742628,0.0070292912808285202,0,0,16,16,1e-10,SPLIT_BEYOND_ALLOWANCE,False,,,,SPLIT_BEYOND_ALLOWANCE
fiber_015,76,B2|B3|B6,1.1994010221966709,1.2062915819004822,0.0068905597038113608,0,0,8,8,1e-10,SPLIT_BEYOND_ALLOWANCE,False,,,,SPLIT_BEYOND_ALLOWANCE
fiber_015,77,B0|B2|B3|B6,1.2644047707199821,1.2700995464551579,0.0056947757351757389,0,0,16,16,1e-10,SPLIT_BEYOND_ALLOWANCE,False,,,,SPLIT_BEYOND_ALLOWANCE
fiber_015,78,B1|B2|B3|B6,1.2091788544498803,1.2123724363081745,0.0031935818582942144,0,0,16,16,1e-10,SPLIT_BEYOND_ALLOWANCE,False,,,,SPLIT_BEYOND_ALLOWANCE
fiber_015,79,B0|B1|B2|B3|B6,1.0186483397943564,1.0211725345172138,0.0025241947228573647,0,0,8,8,1e-10,SPLIT_BEYOND_ALLOWANCE,False,,,,SPLIT_BEYOND_ALLOWANCE
fiber_015,80,B4|B6,1.0167741360209579,1.0192151439616204,0.0024410079406624874,0,0,4,4,1e-10,SPLIT_BEYOND_ALLOWANCE,False,,,,SPLIT_BEYOND_ALLOWANCE
fiber_015,81,B0|B4|B6,1.309307968453802,1.3174059504869235,0.0080979820331215091,0,0,8,8,1e-10,SPLIT_BEYOND_ALLOWANCE,False,,,,SPLIT_BEYOND_ALLOWANCE
fiber_015,82,B1|B4|B6,1.0890336974440069,1.0929077343039808,0.003874036859973895,0,0,8,8,1e-10,SPLIT_BEYOND_ALLOWANCE,False,,,,SPLIT_BEYOND_ALLOWANCE
fiber_015,83,B0|B1|B4|B6,1.1895852175141484,1.2002126492549199,0.01062743174077152,0,0,16,16,1e-10,SPLIT_BEYOND_ALLOWANCE,False,,,,SPLIT_BEYOND_ALLOWANCE
fiber_015,84,B2|B4|B6,1.2153328629056221,1.2214378923433076,0.0061050294376854275,0,0,8,8,1e-10,SPLIT_BEYOND_ALLOWANCE,False,,,,SPLIT_BEYOND_ALLOWANCE
fiber_015,85,B0|B2|B4|B6,1.2662820336070653,1.2733503157192365,0.0070682821121712536,0,0,16,16,1e-10,SPLIT_BEYOND_ALLOWANCE,False,,,,SPLIT_BEYOND_ALLOWANCE
fiber_015,86,B1|B2|B4|B6,1.211552470578809,1.2167057422287937,0.005153271649984692,0,0,16,16,1e-10,SPLIT_BEYOND_ALLOWANCE,False,,,,SPLIT_BEYOND_ALLOWANCE
fiber_015,87,B0|B1|B2|B4|B6,1.0143143775819046,1.0203526922058039,0.0060383146238993657,0,0,8,8,1e-10,SPLIT_BEYOND_ALLOWANCE,False,,,,SPLIT_BEYOND_ALLOWANCE
fiber_015,88,B3|B4|B6,0.88216099773509626,0.89327869728936715,0.011117699554270888,0,0,8,8,1e-10,SPLIT_BEYOND_ALLOWANCE,False,,,,SPLIT_BEYOND_ALLOWANCE
fiber_015,89,B0|B3|B4|B6,0.97657701419923415,0.99035159016982599,0.01377457597059184,0,0,16,16,1e-10,SPLIT_BEYOND_ALLOWANCE,False,,,,SPLIT_BEYOND_ALLOWANCE
fiber_015,90,B1|B3|B4|B6,0.74030517245011307,0.74929237080899291,0.0089871983588798443,2.109497052457236e-32,1.9490884327279394e-32,4,4,1e-10,SPLIT_BEYOND_ALLOWANCE,False,,,,SPLIT_BEYOND_ALLOWANCE
fiber_015,91,B0|B1|B3|B4|B6,0.68707719698522518,0.69951438391420273,0.012437186928977551,0,0,8,8,1e-10,SPLIT_BEYOND_ALLOWANCE,False,,,,SPLIT_BEYOND_ALLOWANCE
fiber_015,92,B2|B3|B4|B6,0.86779022000706307,0.87444631387346949,0.0066560938664064206,0,0,16,16,1e-10,SPLIT_BEYOND_ALLOWANCE,False,,,,SPLIT_BEYOND_ALLOWANCE
fiber_015,93,B0|B2|B3|B4|B6,0.73035076501442586,0.73574267708406671,0.0053919120696408473,0,0,8,8,1e-10,SPLIT_BEYOND_ALLOWANCE,False,,,,SPLIT_BEYOND_ALLOWANCE
fiber_015,94,B1|B2|B3|B4|B6,0.68249502897095826,0.68630431071162623,0.0038092817406679691,0,0,8,8,1e-10,SPLIT_BEYOND_ALLOWANCE,False,,,,SPLIT_BEYOND_ALLOWANCE
fiber_015,95,B0|B1|B2|B3|B4|B6,0.40540915822172074,0.40896904578378468,0.0035598875620639348,0,0,4,4,1e-10,SPLIT_BEYOND_ALLOWANCE,False,,,,SPLIT_BEYOND_ALLOWANCE
fiber_015,96,B5|B6,0.76516284971335669,0.76896924307866121,0.0038063933653045279,0,0,4,4,1e-10,SPLIT_BEYOND_ALLOWANCE,False,,,,SPLIT_BEYOND_ALLOWANCE
fiber_015,97,B0|B5|B6,0.88603546292232649,0.89039252865996243,0.0043570657376359456,0,0,8,8,1e-10,SPLIT_BEYOND_ALLOWANCE,False,,,,SPLIT_BEYOND_ALLOWANCE
fiber_015,98,B1|B5|B6,0.87968512175179181,0.88359684811038641,0.0039117263585946027,0,0,8,8,1e-10,SPLIT_BEYOND_ALLOWANCE,False,,,,SPLIT_BEYOND_ALLOWANCE
fiber_015,99,B0|B1|B5|B6,0.76952079659124628,0.77589150641886384,0.00637070982761756,1.8372829708597726e-32,1.4136834818934392e-32,4,4,1e-10,SPLIT_BEYOND_ALLOWANCE,False,,,,SPLIT_BEYOND_ALLOWANCE
fiber_015,100,B2|B5|B6,1.0325643485948293,1.0445951828960245,0.012030834301195226,0,0,8,8,1e-10,SPLIT_BEYOND_ALLOWANCE,False,,,,SPLIT_BEYOND_ALLOWANCE
fiber_015,101,B0|B2|B5|B6,0.94649102071494062,0.95595293313854302,0.0094619124236023922,0,0,16,16,1e-10,SPLIT_BEYOND_ALLOWANCE,False,,,,SPLIT_BEYOND_ALLOWANCE
fiber_015,102,B1|B2|B5|B6,1.080723036408918,1.0916718181414766,0.010948781732558643,0,0,16,16,1e-10,SPLIT_BEYOND_ALLOWANCE,False,,,,SPLIT_BEYOND_ALLOWANCE
fiber_015,103,B0|B1|B2|B5|B6,0.75985649041451975,0.77013250800163546,0.010276017587115716,0,0,8,8,1e-10,SPLIT_BEYOND_ALLOWANCE,False,,,,SPLIT_BEYOND_ALLOWANCE
fiber_015,104,B3|B5|B6,1.2779512044455812,1.2852661333025317,0.0073149288569505089,0,0,8,8,1e-10,SPLIT_BEYOND_ALLOWANCE,False,,,,SPLIT_BEYOND_ALLOWANCE
fiber_015,105,B0|B3|B5|B6,1.1999731905267361,1.2062672458895207,0.0062940553627846008,0,0,16,16,1e-10,SPLIT_BEYOND_ALLOWANCE,False,,,,SPLIT_BEYOND_ALLOWANCE
fiber_015,106,B1|B3|B5|B6,1.2455886196726509,1.250736529817132,0.005147910144481127,0,0,16,16,1e-10,SPLIT_BEYOND_ALLOWANCE,False,,,,SPLIT_BEYOND_ALLOWANCE
fiber_015,107,B0|B1|B3|B5|B6,0.95329484882073268,0.95863112828460562,0.0053362794638729394,0,0,8,8,1e-10,SPLIT_BEYOND_ALLOWANCE,False,,,,SPLIT_BEYOND_ALLOWANCE
fiber_015,108,B2|B3|B5|B6,1.3205891640837968,1.3275316845107317,0.0069425204269348839,0,0,16,16,1e-10,SPLIT_BEYOND_ALLOWANCE,False,,,,SPLIT_BEYOND_ALLOWANCE
fiber_015,109,B0|B2|B3|B5|B6,1.0151334322882637,1.0168779688605611,0.0017445365722974504,0,0,8,8,1e-10,SPLIT_BEYOND_ALLOWANCE,False,,,,SPLIT_BEYOND_ALLOWANCE
fiber_015,110,B1|B2|B3|B5|B6,1.1757066823542428,1.177474507686038,0.0017678253317952031,0,0,8,8,1e-10,SPLIT_BEYOND_ALLOWANCE,False,,,,SPLIT_BEYOND_ALLOWANCE
fiber_015,111,B0|B1|B2|B3|B5|B6,0.70342221824275919,0.70245649333208915,0.00096572491067004052,0,0,4,4,1e-10,SPLIT_BEYOND_ALLOWANCE,False,,,,SPLIT_BEYOND_ALLOWANCE
fiber_015,112,B4|B5|B6,1.266482605961647,1.2730735068434647,0.0065909008818176851,0,0,8,8,1e-10,SPLIT_BEYOND_ALLOWANCE,False,,,,SPLIT_BEYOND_ALLOWANCE
fiber_015,113,B0|B4|B5|B6,1.1812831382347369,1.189410342961533,0.0081272047267961778,0,0,16,16,1e-10,SPLIT_BEYOND_ALLOWANCE,False,,,,SPLIT_BEYOND_ALLOWANCE
fiber_015,114,B1|B4|B5|B6,1.2411830686844867,1.2490729964352203,0.0078899277507336052,0,0,16,16,1e-10,SPLIT_BEYOND_ALLOWANCE,False,,,,SPLIT_BEYOND_ALLOWANCE
fiber_015,115,B0|B1|B4|B5|B6,0.93799382509257989,0.94734014304028524,0.0093463179477053515,0,0,8,8,1e-10,SPLIT_BEYOND_ALLOWANCE,False,,,,SPLIT_BEYOND_ALLOWANCE
fiber_015,116,B2|B4|B5|B6,1.3467225638397498,1.3544401300596323,0.0077175662198825101,0,0,16,16,1e-10,SPLIT_BEYOND_ALLOWANCE,False,,,,SPLIT_BEYOND_ALLOWANCE
fiber_015,117,B0|B2|B4|B5|B6,1.0242243811411522,1.0287859641256931,0.0045615829845409017,0,0,8,8,1e-10,SPLIT_BEYOND_ALLOWANCE,False,,,,SPLIT_BEYOND_ALLOWANCE
fiber_015,118,B1|B2|B4|B5|B6,1.210191821604248,1.2160101884280905,0.0058183668238425135,0,0,8,8,1e-10,SPLIT_BEYOND_ALLOWANCE,False,,,,SPLIT_BEYOND_ALLOWANCE
fiber_015,119,B0|B1|B2|B4|B5|B6,0.69980402038679723,0.70318153497388625,0.0033775145870890144,0,0,4,4,1e-10,SPLIT_BEYOND_ALLOWANCE,False,,,,SPLIT_BEYOND_ALLOWANCE
fiber_015,120,B3|B4|B5|B6,1.0309794241184913,1.0444526005838974,0.013473176465406134,0,0,16,16,1e-10,SPLIT_BEYOND_ALLOWANCE,False,,,,SPLIT_BEYOND_ALLOWANCE
fiber_015,121,B0|B3|B4|B5|B6,0.7498023200369246,0.76120119610935988,0.011398876072435282,0,0,8,8,1e-10,SPLIT_BEYOND_ALLOWANCE,False,,,,SPLIT_BEYOND_ALLOWANCE
fiber_015,122,B1|B3|B4|B5|B6,0.82599164535730019,0.83703078464779901,0.011039139290498823,0,0,8,8,1e-10,SPLIT_BEYOND_ALLOWANCE,False,,,,SPLIT_BEYOND_ALLOWANCE
fiber_015,123,B0|B1|B3|B4|B5|B6,0.39547245243108831,0.40584264011536569,0.010370187684277388,0,0,4,4,1e-10,SPLIT_BEYOND_ALLOWANCE,False,,,,SPLIT_BEYOND_ALLOWANCE
fiber_015,124,B2|B3|B4|B5|B6,0.87788243419743206,0.88367908593353017,0.0057966517360981129,0,0,8,8,1e-10,SPLIT_BEYOND_ALLOWANCE,False,,,,SPLIT_BEYOND_ALLOWANCE
fiber_015,125,B0|B2|B3|B4|B5|B6,0.43914767424190859,0.44093592145155319,0.0017882472096446,0,0,4,4,1e-10,SPLIT_BEYOND_ALLOWANCE,False,,,,SPLIT_BEYOND_ALLOWANCE
fiber_015,126,B1|B2|B3|B4|B5|B6,0.61212431038981907,0.61456385458470619,0.0024395441948871222,0,0,4,4,1e-10,SPLIT_BEYOND_ALLOWANCE,False,,,,SPLIT_BEYOND_ALLOWANCE
fiber_015,127,B0|B1|B2|B3|B4|B5|B6,0.066157805380313461,0.066640814170924698,0.00048300879061123625,0,0,2,2,1e-10,SPLIT_BEYOND_ALLOWANCE,False,,,,SPLIT_BEYOND_ALLOWANCE
fiber_015,128,B7,0.066157805380313461,0.066640814170924711,0.00048300879061125013,0,0,2,2,1e-10,SPLIT_BEYOND_ALLOWANCE,False,,,,SPLIT_BEYOND_ALLOWANCE
fiber_015,129,B0|B7,0.61212431038981863,0.61456385458470586,0.0024395441948872332,0,0,4,4,1e-10,SPLIT_BEYOND_ALLOWANCE,False,,,,SPLIT_BEYOND_ALLOWANCE
fiber_015,130,B1|B7,0.43914767424190865,0.44093592145155297,0.0017882472096443225,0,0,4,4,1e-10,SPLIT_BEYOND_ALLOWANCE,False,,,,SPLIT_BEYOND_ALLOWANCE
fiber_015,131,B0|B1|B7,0.87788243419743162,0.88367908593353017,0.005796651736098557,0,0,8,8,1e-10,SPLIT_BEYOND_ALLOWANCE,False,,,,SPLIT_BEYOND_ALLOWANCE
fiber_015,132,B2|B7,0.39547245243108831,0.40584264011536592,0.01037018768427761,0,0,4,4,1e-10,SPLIT_BEYOND_ALLOWANCE,False,,,,SPLIT_BEYOND_ALLOWANCE
fiber_015,133,B0|B2|B7,0.82599164535730007,0.83703078464779912,0.011039139290499045,0,0,8,8,1e-10,SPLIT_BEYOND_ALLOWANCE,False,,,,SPLIT_BEYOND_ALLOWANCE
fiber_015,134,B1|B2|B7,0.7498023200369246,0.7612011961093601,0.011398876072435504,0,0,8,8,1e-10,SPLIT_BEYOND_ALLOWANCE,False,,,,SPLIT_BEYOND_ALLOWANCE
fiber_015,135,B0|B1|B2|B7,1.0309794241184911,1.0444526005838974,0.013473176465406356,0,0,16,16,1e-10,SPLIT_BEYOND_ALLOWANCE,False,,,,SPLIT_BEYOND_ALLOWANCE
fiber_015,136,B3|B7,0.69980402038679723,0.70318153497388625,0.0033775145870890144,0,0,4,4,1e-10,SPLIT_BEYOND_ALLOWANCE,False,,,,SPLIT_BEYOND_ALLOWANCE
fiber_015,137,B0|B3|B7,1.2101918216042478,1.2160101884280905,0.0058183668238427355,0,0,8,8,1e-10,SPLIT_BEYOND_ALLOWANCE,False,,,,SPLIT_BEYOND_ALLOWANCE
fiber_015,138,B1|B3|B7,1.0242243811411518,1.0287859641256931,0.0045615829845413458,0,0,8,8,1e-10,SPLIT_BEYOND_ALLOWANCE,False,,,,SPLIT_BEYOND_ALLOWANCE
fiber_015,139,B0|B1|B3|B7,1.3467225638397498,1.354440130059632,0.0077175662198822881,0,0,16,16,1e-10,SPLIT_BEYOND_ALLOWANCE,False,,,,SPLIT_BEYOND_ALLOWANCE
fiber_015,140,B2|B3|B7,0.93799382509257978,0.94734014304028524,0.0093463179477054625,0,0,8,8,1e-10,SPLIT_BEYOND_ALLOWANCE,False,,,,SPLIT_BEYOND_ALLOWANCE
fiber_015,141,B0|B2|B3|B7,1.2411830686844867,1.2490729964352205,0.0078899277507338272,0,0,16,16,1e-10,SPLIT_BEYOND_ALLOWANCE,False,,,,SPLIT_BEYOND_ALLOWANCE
fiber_015,142,B1|B2|B3|B7,1.1812831382347371,1.1894103429615328,0.0081272047267957337,0,0,16,16,1e-10,SPLIT_BEYOND_ALLOWANCE,False,,,,SPLIT_BEYOND_ALLOWANCE
fiber_015,143,B0|B1|B2|B3|B7,1.266482605961647,1.2730735068434647,0.0065909008818176851,0,0,8,8,1e-10,SPLIT_BEYOND_ALLOWANCE,False,,,,SPLIT_BEYOND_ALLOWANCE
fiber_015,144,B4|B7,0.70342221824275919,0.70245649333208926,0.00096572491066992949,0,0,4,4,1e-10,SPLIT_BEYOND_ALLOWANCE,False,,,,SPLIT_BEYOND_ALLOWANCE
fiber_015,145,B0|B4|B7,1.175706682354243,1.1774745076860382,0.0017678253317952031,0,0,8,8,1e-10,SPLIT_BEYOND_ALLOWANCE,False,,,,SPLIT_BEYOND_ALLOWANCE
fiber_015,146,B1|B4|B7,1.0151334322882641,1.0168779688605611,0.0017445365722970063,0,0,8,8,1e-10,SPLIT_BEYOND_ALLOWANCE,False,,,,SPLIT_BEYOND_ALLOWANCE
fiber_015,147,B0|B1|B4|B7,1.320589164083797,1.3275316845107314,0.0069425204269344398,0,0,16,16,1e-10,SPLIT_BEYOND_ALLOWANCE,False,,,,SPLIT_BEYOND_ALLOWANCE
fiber_015,148,B2|B4|B7,0.95329484882073279,0.95863112828460562,0.0053362794638728284,0,0,8,8,1e-10,SPLIT_BEYOND_ALLOWANCE,False,,,,SPLIT_BEYOND_ALLOWANCE
fiber_015,149,B0|B2|B4|B7,1.2455886196726504,1.250736529817132,0.0051479101444815711,0,0,16,16,1e-10,SPLIT_BEYOND_ALLOWANCE,False,,,,SPLIT_BEYOND_ALLOWANCE
fiber_015,150,B1|B2|B4|B7,1.1999731905267357,1.2062672458895214,0.006294055362785711,0,0,16,16,1e-10,SPLIT_BEYOND_ALLOWANCE,False,,,,SPLIT_BEYOND_ALLOWANCE
fiber_015,151,B0|B1|B2|B4|B7,1.2779512044455807,1.2852661333025315,0.0073149288569507309,0,0,8,8,1e-10,SPLIT_BEYOND_ALLOWANCE,False,,,,SPLIT_BEYOND_ALLOWANCE
fiber_015,152,B3|B4|B7,0.75985649041451975,0.77013250800163546,0.010276017587115716,0,0,8,8,1e-10,SPLIT_BEYOND_ALLOWANCE,False,,,,SPLIT_BEYOND_ALLOWANCE
fiber_015,153,B0|B3|B4|B7,1.0807230364089175,1.0916718181414762,0.010948781732558643,0,0,16,16,1e-10,SPLIT_BEYOND_ALLOWANCE,False,,,,SPLIT_BEYOND_ALLOWANCE
fiber_015,154,B1|B3|B4|B7,0.94649102071494096,0.95595293313854279,0.009461912423601837,0,0,16,16,1e-10,SPLIT_BEYOND_ALLOWANCE,False,,,,SPLIT_BEYOND_ALLOWANCE
fiber_015,155,B0|B1|B3|B4|B7,1.032564348594829,1.0445951828960245,0.012030834301195448,0,0,8,8,1e-10,SPLIT_BEYOND_ALLOWANCE,False,,,,SPLIT_BEYOND_ALLOWANCE
fiber_015,156,B2|B3|B4|B7,0.7695207965912465,0.77589150641886384,0.006370709827617338,1.8871606933887414e-32,1.3529129252267805e-32,4,4,1e-10,SPLIT_BEYOND_ALLOWANCE,False,,,,SPLIT_BEYOND_ALLOWANCE
fiber_015,157,B0|B2|B3|B4|B7,0.87968512175179192,0.8835968481103863,0.0039117263585943807,0,0,8,8,1e-10,SPLIT_BEYOND_ALLOWANCE,False,,,,SPLIT_BEYOND_ALLOWANCE
fiber_015,158,B1|B2|B3|B4|B7,0.88603546292232682,0.89039252865996299,0.0043570657376361677,0,0,8,8,1e-10,SPLIT_BEYOND_ALLOWANCE,False,,,,SPLIT_BEYOND_ALLOWANCE
fiber_015,159,B0|B1|B2|B3|B4|B7,0.76516284971335657,0.76896924307866121,0.0038063933653046389,0,0,4,4,1e-10,SPLIT_BEYOND_ALLOWANCE,False,,,,SPLIT_BEYOND_ALLOWANCE
fiber_015,160,B5|B7,0.40540915822172102,0.40896904578378507,0.0035598875620640458,0,0,4,4,1e-10,SPLIT_BEYOND_ALLOWANCE,False,,,,SPLIT_BEYOND_ALLOWANCE
fiber_015,161,B0|B5|B7,0.68249502897095826,0.68630431071162623,0.0038092817406679691,0,0,8,8,1e-10,SPLIT_BEYOND_ALLOWANCE,False,,,,SPLIT_BEYOND_ALLOWANCE
fiber_015,162,B1|B5|B7,0.73035076501442631,0.73574267708406671,0.0053919120696404033,0,0,8,8,1e-10,SPLIT_BEYOND_ALLOWANCE,False,,,,SPLIT_BEYOND_ALLOWANCE
fiber_015,163,B0|B1|B5|B7,0.86779022000706285,0.87444631387346983,0.0066560938664069758,0,0,16,16,1e-10,SPLIT_BEYOND_ALLOWANCE,False,,,,SPLIT_BEYOND_ALLOWANCE
fiber_015,164,B2|B5|B7,0.68707719698522529,0.69951438391420295,0.012437186928977662,0,0,8,8,1e-10,SPLIT_BEYOND_ALLOWANCE,False,,,,SPLIT_BEYOND_ALLOWANCE
fiber_015,165,B0|B2|B5|B7,0.74030517245011318,0.74929237080899314,0.0089871983588799553,1.8768536229707257e-32,1.3740608378518851e-32,4,4,1e-10,SPLIT_BEYOND_ALLOWANCE,False,,,,SPLIT_BEYOND_ALLOWANCE
fiber_015,166,B1|B2|B5|B7,0.97657701419923382,0.99035159016982577,0.013774575970591951,0,0,16,16,1e-10,SPLIT_BEYOND_ALLOWANCE,False,,,,SPLIT_BEYOND_ALLOWANCE
fiber_015,167,B0|B1|B2|B5|B7,0.88216099773509649,0.89327869728936704,0.011117699554270555,0,0,8,8,1e-10,SPLIT_BEYOND_ALLOWANCE,False,,,,SPLIT_BEYOND_ALLOWANCE
fiber_015,168,B3|B5|B7,1.0143143775819046,1.0203526922058042,0.0060383146238995877,0,0,8,8,1e-10,SPLIT_BEYOND_ALLOWANCE,False,,,,SPLIT_BEYOND_ALLOWANCE
fiber_015,169,B0|B3|B5|B7,1.2115524705788088,1.2167057422287937,0.005153271649984914,0,0,16,16,1e-10,SPLIT_BEYOND_ALLOWANCE,False,,,,SPLIT_BEYOND_ALLOWANCE
fiber_015,170,B1|B3|B5|B7,1.266282033607065,1.2733503157192365,0.0070682821121714756,0,0,16,16,1e-10,SPLIT_BEYOND_ALLOWANCE,False,,,,SPLIT_BEYOND_ALLOWANCE
fiber_015,171,B0|B1|B3|B5|B7,1.2153328629056224,1.2214378923433076,0.0061050294376852055,0,0,8,8,1e-10,SPLIT_BEYOND_ALLOWANCE,False,,,,SPLIT_BEYOND_ALLOWANCE
fiber_015,172,B2|B3|B5|B7,1.1895852175141481,1.2002126492549203,0.010627431740772186,0,0,16,16,1e-10,SPLIT_BEYOND_ALLOWANCE,False,,,,SPLIT_BEYOND_ALLOWANCE
fiber_015,173,B0|B2|B3|B5|B7,1.0890336974440069,1.0929077343039808,0.003874036859973895,0,0,8,8,1e-10,SPLIT_BEYOND_ALLOWANCE,False,,,,SPLIT_BEYOND_ALLOWANCE
fiber_015,174,B1|B2|B3|B5|B7,1.3093079684538016,1.3174059504869231,0.0080979820331215091,0,0,8,8,1e-10,SPLIT_BEYOND_ALLOWANCE,False,,,,SPLIT_BEYOND_ALLOWANCE
fiber_015,175,B0|B1|B2|B3|B5|B7,1.0167741360209579,1.0192151439616204,0.0024410079406624874,0,0,4,4,1e-10,SPLIT_BEYOND_ALLOWANCE,False,,,,SPLIT_BEYOND_ALLOWANCE
fiber_015,176,B4|B5|B7,1.0186483397943566,1.0211725345172138,0.0025241947228571426,0,0,8,8,1e-10,SPLIT_BEYOND_ALLOWANCE,False,,,,SPLIT_BEYOND_ALLOWANCE
fiber_015,177,B0|B4|B5|B7,1.2091788544498803,1.2123724363081745,0.0031935818582942144,0,0,16,16,1e-10,SPLIT_BEYOND_ALLOWANCE,False,,,,SPLIT_BEYOND_ALLOWANCE
fiber_015,178,B1|B4|B5|B7,1.2644047707199819,1.2700995464551579,0.0056947757351759609,0,0,16,16,1e-10,SPLIT_BEYOND_ALLOWANCE,False,,,,SPLIT_BEYOND_ALLOWANCE
fiber_015,179,B0|B1|B4|B5|B7,1.1994010221966704,1.2062915819004827,0.006890559703812249,0,0,8,8,1e-10,SPLIT_BEYOND_ALLOWANCE,False,,,,SPLIT_BEYOND_ALLOWANCE
fiber_015,180,B2|B4|B5|B7,1.2010406443934345,1.2080699356742628,0.0070292912808282981,0,0,16,16,1e-10,SPLIT_BEYOND_ALLOWANCE,False,,,,SPLIT_BEYOND_ALLOWANCE
fiber_015,181,B0|B2|B4|B5|B7,1.1191365685040646,1.1219342581877347,0.0027976896836701126,0,0,8,8,1e-10,SPLIT_BEYOND_ALLOWANCE,False,,,,SPLIT_BEYOND_ALLOWANCE
fiber_015,182,B1|B2|B4|B5|B7,1.3419794434986207,1.350019653796023,0.0080402102974022061,0,0,8,8,1e-10,SPLIT_BEYOND_ALLOWANCE,False,,,,SPLIT_BEYOND_ALLOWANCE
fiber_015,183,B0|B1|B2|B4|B5|B7,1.0366615288412258,1.0411480020879393,0.0044864732467135848,0,0,4,4,1e-10,SPLIT_BEYOND_ALLOWANCE,False,,,,SPLIT_BEYOND_ALLOWANCE
fiber_015,184,B3|B4|B5|B7,0.99276389488335415,1.0050521282740852,0.01228823339073104,0,0,16,16,1e-10,SPLIT_BEYOND_ALLOWANCE,False,,,,SPLIT_BEYOND_ALLOWANCE
fiber_015,185,B0|B3|B4|B5|B7,0.97395190548882038,0.98191857673270022,0.0079666712438798415,0,0,8,8,1e-10,SPLIT_BEYOND_ALLOWANCE,False,,,,SPLIT_BEYOND_ALLOWANCE
fiber_015,186,B1|B3|B4|B5|B7,1.0878691160097242,1.0995189624240014,0.011649846414277132,0,0,8,8,1e-10,SPLIT_BEYOND_ALLOWANCE,False,,,,SPLIT_BEYOND_ALLOWANCE
fiber_015,187,B0|B1|B3|B4|B5|B7,0.8004597220070373,0.80990449201962467,0.0094447700125873668,0,0,4,4,1e-10,SPLIT_BEYOND_ALLOWANCE,False,,,,SPLIT_BEYOND_ALLOWANCE
fiber_015,188,B2|B3|B4|B5|B7,0.93273052283010405,0.93921952844771905,0.0064890056176150068,0,0,8,8,1e-10,SPLIT_BEYOND_ALLOWANCE,False,,,,SPLIT_BEYOND_ALLOWANCE
fiber_015,189,B0|B2|B3|B4|B5|B7,0.6736845667626159,0.6732808643604179,0.00040370240219800291,0,0,4,4,1e-10,SPLIT_BEYOND_ALLOWANCE,False,,,,SPLIT_BEYOND_ALLOWANCE
fiber_015,190,B1|B2|B3|B4|B5|B7,0.9010300553852989,0.90485821347932949,0.003828158094030587,0,0,4,4,1e-10,SPLIT_BEYOND_ALLOWANCE,False,,,,SPLIT_BEYOND_ALLOWANCE
fiber_015,191,B0|B1|B2|B3|B4|B5|B7,0.469595705180746,0.46994383535960371,0.00034813017885770847,0,0,2,2,1e-10,SPLIT_BEYOND_ALLOWANCE,False,,,,SPLIT_BEYOND_ALLOWANCE
fiber_015,192,B6|B7,0.53020778709507055,0.53109658306794716,0.00088879597287661039,0,0,4,4,1e-10,SPLIT_BEYOND_ALLOWANCE,False,,,,SPLIT_BEYOND_ALLOWANCE
fiber_015,193,B0|B6|B7,0.94024503663290004,0.94497154130862615,0.0047265046757261064,0,0,8,8,1e-10,SPLIT_BEYOND_ALLOWANCE,False,,,,SPLIT_BEYOND_ALLOWANCE
fiber_015,194,B1|B6|B7,0.72945519662177927,0.72968127298343155,0.00022607636165228318,0,0,8,8,1e-10,SPLIT_BEYOND_ALLOWANCE,False,,,,SPLIT_BEYOND_ALLOWANCE
fiber_015,195,B0|B1|B6|B7,0.95634477992673672,0.9639168926186118,0.007572112691875077,0,0,16,16,1e-10,SPLIT_BEYOND_ALLOWANCE,False,,,,SPLIT_BEYOND_ALLOWANCE
fiber_015,196,B2|B6|B7,0.83557310663421025,0.84574467475143322,0.010171568117222973,0,0,8,8,1e-10,SPLIT_BEYOND_ALLOWANCE,False,,,,SPLIT_BEYOND_ALLOWANCE
fiber_015,197,B0|B2|B6|B7,1.0865986823774278,1.0986801928709098,0.01208151049348194,0,0,16,16,1e-10,SPLIT_BEYOND_ALLOWANCE,False,,,,SPLIT_BEYOND_ALLOWANCE
fiber_015,198,B1|B2|B6|B7,1.0021959086826862,1.010886313491993,0.0086904048093068287,0,0,16,16,1e-10,SPLIT_BEYOND_ALLOWANCE,False,,,,SPLIT_BEYOND_ALLOWANCE
fiber_015,199,B0|B1|B2|B6|B7,0.96824271328969624,0.98092786458715409,0.012685151297457842,0,0,8,8,1e-10,SPLIT_BEYOND_ALLOWANCE,False,,,,SPLIT_BEYOND_ALLOWANCE
fiber_015,200,B3|B6|B7,1.086760498202592,1.0914491863564875,0.0046886881538954484,0,0,8,8,1e-10,SPLIT_BEYOND_ALLOWANCE,False,,,,SPLIT_BEYOND_ALLOWANCE
fiber_015,201,B0|B3|B6|B7,1.3523994032522932,1.360491418475603,0.008092015223309712,0,0,16,16,1e-10,SPLIT_BEYOND_ALLOWANCE,False,,,,SPLIT_BEYOND_ALLOWANCE
fiber_015,202,B1|B3|B6|B7,1.1564869653438958,1.1593890994973817,0.0029021341534858358,0,0,16,16,1e-10,SPLIT_BEYOND_ALLOWANCE,False,,,,SPLIT_BEYOND_ALLOWANCE
fiber_015,203,B0|B1|B3|B6|B7,1.1870467034695362,1.1939360620180015,0.0068893585484652853,0,0,8,8,1e-10,SPLIT_BEYOND_ALLOWANCE,False,,,,SPLIT_BEYOND_ALLOWANCE
fiber_015,204,B2|B3|B6|B7,1.2058313086367578,1.2127201625673556,0.0068888539305977936,0,0,16,16,1e-10,SPLIT_BEYOND_ALLOWANCE,False,,,,SPLIT_BEYOND_ALLOWANCE
fiber_015,205,B0|B2|B3|B6|B7,1.230828019504266,1.2362538279734585,0.0054258084691924946,0,0,8,8,1e-10,SPLIT_BEYOND_ALLOWANCE,False,,,,SPLIT_BEYOND_ALLOWANCE
fiber_015,206,B1|B2|B3|B6|B7,1.1980983744126004,1.2009271291428454,0.00282875473024502,0,0,8,8,1e-10,SPLIT_BEYOND_ALLOWANCE,False,,,,SPLIT_BEYOND_ALLOWANCE
fiber_015,207,B0|B1|B2|B3|B6|B7,0.9688208856194096,0.97109163724263814,0.0022707516232285396,0,0,4,4,1e-10,SPLIT_BEYOND_ALLOWANCE,False,,,,SPLIT_BEYOND_ALLOWANCE
fiber_015,208,B4|B6|B7,1.0658611164478093,1.0686037014797096,0.0027425850319002798,0,0,8,8,1e-10,SPLIT_BEYOND_ALLOWANCE,False,,,,SPLIT_BEYOND_ALLOWANCE
fiber_015,209,B0|B4|B6|B7,1.3204524584191066,1.3287911463932809,0.0083386879741742526,0,0,16,16,1e-10,SPLIT_BEYOND_ALLOWANCE,False,,,,SPLIT_BEYOND_ALLOWANCE
fiber_015,210,B1|B4|B6|B7,1.1283286798992589,1.1324370768715035,0.0041083969722446323,0,0,16,16,1e-10,SPLIT_BEYOND_ALLOWANCE,False,,,,SPLIT_BEYOND_ALLOWANCE
fiber_015,211,B0|B1|B4|B6|B7,1.1769553784469506,1.1874732774075896,0.010517898960638927,0,0,8,8,1e-10,SPLIT_BEYOND_ALLOWANCE,False,,,,SPLIT_BEYOND_ALLOWANCE
fiber_015,212,B2|B4|B6|B7,1.2223323969910598,1.228556491643038,0.0062240946519782625,0,0,16,16,1e-10,SPLIT_BEYOND_ALLOWANCE,False,,,,SPLIT_BEYOND_ALLOWANCE
fiber_015,213,B0|B2|B4|B6|B7,1.2310760365876603,1.2380641044415122,0.0069880678538518648,0,0,8,8,1e-10,SPLIT_BEYOND_ALLOWANCE,False,,,,SPLIT_BEYOND_ALLOWANCE
fiber_015,214,B1|B2|B4|B6|B7,1.2029811067216791,1.2079200370249479,0.0049389303032687515,0,0,8,8,1e-10,SPLIT_BEYOND_ALLOWANCE,False,,,,SPLIT_BEYOND_ALLOWANCE
fiber_015,215,B0|B1|B2|B4|B6|B7,0.96141211973111473,0.96719118196333764,0.005779062232222909,0,0,4,4,1e-10,SPLIT_BEYOND_ALLOWANCE,False,,,,SPLIT_BEYOND_ALLOWANCE
fiber_015,216,B3|B4|B6|B7,0.91260418492550199,0.92366837775235111,0.011064192826849117,0,0,16,16,1e-10,SPLIT_BEYOND_ALLOWANCE,False,,,,SPLIT_BEYOND_ALLOWANCE
fiber_015,217,B0|B3|B4|B6|B7,0.95549749298866049,0.96875853066826134,0.013261037679600851,0,0,8,8,1e-10,SPLIT_BEYOND_ALLOWANCE,False,,,,SPLIT_BEYOND_ALLOWANCE
fiber_015,218,B1|B3|B4|B6|B7,0.76315995819494808,0.77204237828565614,0.0088824200907080542,0,0,8,8,1e-10,SPLIT_BEYOND_ALLOWANCE,False,,,,SPLIT_BEYOND_ALLOWANCE
fiber_015,219,B0|B1|B3|B4|B6|B7,0.65269065790708281,0.6645033899816617,0.011812732074578891,0,0,4,4,1e-10,SPLIT_BEYOND_ALLOWANCE,False,,,,SPLIT_BEYOND_ALLOWANCE
fiber_015,220,B2|B3|B4|B6|B7,0.84303700799976877,0.84862221767093926,0.0055852096711704879,0,0,8,8,1e-10,SPLIT_BEYOND_ALLOWANCE,False,,,,SPLIT_BEYOND_ALLOWANCE
fiber_015,221,B0|B2|B3|B4|B6|B7,0.68067996300705913,0.68538545430773556,0.0047054913006764343,0,0,4,4,1e-10,SPLIT_BEYOND_ALLOWANCE,False,,,,SPLIT_BEYOND_ALLOWANCE
fiber_015,222,B1|B2|B3|B4|B6|B7,0.65118315475250332,0.6538821495634326,0.0026989948109292783,0,0,4,4,1e-10,SPLIT_BEYOND_ALLOWANCE,False,,,,SPLIT_BEYOND_ALLOWANCE
fiber_015,223,B0|B1|B2|B3|B4|B6|B7,0.34752080640167815,0.35052929153184659,0.0030084851301684368,0,0,2,2,1e-10,SPLIT_BEYOND_ALLOWANCE,False,,,,SPLIT_BEYOND_ALLOWANCE
fiber_015,224,B5|B6|B7,0.81316479112816331,0.81763164567737578,0.0044668545492124734,0,0,8,8,1e-10,SPLIT_BEYOND_ALLOWANCE,False,,,,SPLIT_BEYOND_ALLOWANCE
fiber_015,225,B0|B5|B6|B7,0.9094045067451888,0.91481346209037739,0.005408955345188593,0,0,16,16,1e-10,SPLIT_BEYOND_ALLOWANCE,False,,,,SPLIT_BEYOND_ALLOWANCE
fiber_015,226,B1|B5|B6|B7,0.91749526743460896,0.92219611183260097,0.00470084439799201,0,0,16,16,1e-10,SPLIT_BEYOND_ALLOWANCE,False,,,,SPLIT_BEYOND_ALLOWANCE
fiber_015,227,B0|B1|B5|B6|B7,0.7849570416737589,0.79239289206061503,0.0074358503868561243,0,0,8,8,1e-10,SPLIT_BEYOND_ALLOWANCE,False,,,,SPLIT_BEYOND_ALLOWANCE
fiber_015,228,B2|B5|B6|B7,1.0492596564300802,1.0617135137982603,0.012453857368180055,0,0,16,16,1e-10,SPLIT_BEYOND_ALLOWANCE,False,,,,SPLIT_BEYOND_ALLOWANCE
fiber_015,229,B0|B2|B5|B6|B7,0.91467007288661772,0.92416823789704206,0.0094981650104243309,0,0,8,8,1e-10,SPLIT_BEYOND_ALLOWANCE,False,,,,SPLIT_BEYOND_ALLOWANCE
fiber_015,230,B1|B2|B5|B6|B7,1.0810505312597443,1.0923795534667391,0.011329022206994832,0,0,8,8,1e-10,SPLIT_BEYOND_ALLOWANCE,False,,,,SPLIT_BEYOND_ALLOWANCE
fiber_015,231,B0|B1|B2|B5|B6|B7,0.71413902985670707,0.72444542651526711,0.010306396658560035,0,0,4,4,1e-10,SPLIT_BEYOND_ALLOWANCE,False,,,,SPLIT_BEYOND_ALLOWANCE
fiber_015,232,B3|B5|B6|B7,1.3074955399600989,1.3148404777204894,0.0073449377603904686,0,0,16,16,1e-10,SPLIT_BEYOND_ALLOWANCE,False,,,,SPLIT_BEYOND_ALLOWANCE
fiber_015,233,B0|B3|B5|B6|B7,1.1876902254931156,1.1938129272124482,0.0061227017193326017,0,0,8,8,1e-10,SPLIT_BEYOND_ALLOWANCE,False,,,,SPLIT_BEYOND_ALLOWANCE
fiber_015,234,B1|B3|B5|B6|B7,1.2527899274629442,1.2577158164107081,0.0049258889477639123,0,0,8,8,1e-10,SPLIT_BEYOND_ALLOWANCE,False,,,,SPLIT_BEYOND_ALLOWANCE
fiber_015,235,B0|B1|B3|B5|B6|B7,0.92724845693654157,0.932247481300298,0.0049990243637564324,0,0,4,4,1e-10,SPLIT_BEYOND_ALLOWANCE,False,,,,SPLIT_BEYOND_ALLOWANCE
fiber_015,236,B2|B3|B5|B6|B7,1.303421259637308,1.3101099001815142,0.0066886405442061481,0,0,8,8,1e-10,SPLIT_BEYOND_ALLOWANCE,False,,,,SPLIT_BEYOND_ALLOWANCE
fiber_015,237,B0|B2|B3|B5|B6|B7,0.96252542753470205,0.9639366477811091,0.0014112202464070522,0,0,4,4,1e-10,SPLIT_BEYOND_ALLOWANCE,False,,,,SPLIT_BEYOND_ALLOWANCE
fiber_015,238,B1|B2|B3|B5|B6|B7,1.1394645554191241,1.1408249864576407,0.0013604310385166851,0,0,4,4,1e-10,SPLIT_BEYOND_ALLOWANCE,False,,,,SPLIT_BEYOND_ALLOWANCE
fiber_015,239,B0|B1|B2|B3|B5|B6|B7,0.64231588762920433,0.64110100193499864,0.0012148856942056918,0,0,2,2,1e-10,SPLIT_BEYOND_ALLOWANCE,False,,,,SPLIT_BEYOND_ALLOWANCE
fiber_015,240,B4|B5|B6|B7,1.2947643177735531,1.3015886173764681,0.0068242996029150849,0,0,16,16,1e-10,SPLIT_BEYOND_ALLOWANCE,False,,,,SPLIT_BEYOND_ALLOWANCE
fiber_015,241,B0|B4|B5|B6|B7,1.169949124962409,1.178069952765824,0.0081208278034150538,0,0,8,8,1e-10,SPLIT_BEYOND_ALLOWANCE,False,,,,SPLIT_BEYOND_ALLOWANCE
fiber_015,242,B1|B4|B5|B6|B7,1.2501996319284028,1.2580779064948386,0.0078782745664358611,0,0,8,8,1e-10,SPLIT_BEYOND_ALLOWANCE,False,,,,SPLIT_BEYOND_ALLOWANCE
fiber_015,243,B0|B1|B4|B5|B6|B7,0.91335889283953153,0.92242766835239065,0.0090687755128591174,0,0,4,4,1e-10,SPLIT_BEYOND_ALLOWANCE,False,,,,SPLIT_BEYOND_ALLOWANCE
fiber_015,244,B2|B4|B5|B6|B7,1.3281771222476846,1.3357507434293567,0.0075736211816721521,0,0,8,8,1e-10,SPLIT_BEYOND_ALLOWANCE,False,,,,SPLIT_BEYOND_ALLOWANCE
fiber_015,245,B0|B2|B4|B5|B6|B7,0.97048792901707337,0.9747946726703105,0.0043067436532371328,0,0,4,4,1e-10,SPLIT_BEYOND_ALLOWANCE,False,,,,SPLIT_BEYOND_ALLOWANCE
fiber_015,246,B1|B2|B4|B5|B6|B7,1.1737088255533368,1.1792310478919861,0.0055222223386492963,0,0,4,4,1e-10,SPLIT_BEYOND_ALLOWANCE,False,,,,SPLIT_BEYOND_ALLOWANCE
fiber_015,247,B0|B1|B2|B4|B5|B6|B7,0.63629772452862421,0.6393486318157402,0.0030509072871159892,0,0,2,2,1e-10,SPLIT_BEYOND_ALLOWANCE,False,,,,SPLIT_BEYOND_ALLOWANCE
fiber_015,248,B3|B4|B5|B6|B7,1.0300143154108958,1.0430265984376375,0.013012283026741622,0,0,8,8,1e-10,SPLIT_BEYOND_ALLOWANCE,False,,,,SPLIT_BEYOND_ALLOWANCE
fiber_015,249,B0|B3|B4|B5|B6|B7,0.71301578238015939,0.72363339065098964,0.010617608270830248,0,0,4,4,1e-10,SPLIT_BEYOND_ALLOWANCE,False,,,,SPLIT_BEYOND_ALLOWANCE
fiber_015,250,B1|B3|B4|B5|B6|B7,0.81171589659887589,0.82223084561847559,0.010514949019599706,0,0,4,4,1e-10,SPLIT_BEYOND_ALLOWANCE,False,,,,SPLIT_BEYOND_ALLOWANCE
fiber_015,251,B0|B1|B3|B4|B5|B6|B7,0.35192735579370638,0.36147792650964439,0.0095505707159380115,0,0,2,2,1e-10,SPLIT_BEYOND_ALLOWANCE,False,,,,SPLIT_BEYOND_ALLOWANCE
fiber_015,252,B2|B3|B4|B5|B6|B7,0.83718147731168657,0.84205422371007665,0.0048727463983900821,0,0,4,4,1e-10,SPLIT_BEYOND_ALLOWANCE,False,,,,SPLIT_BEYOND_ALLOWANCE
fiber_015,253,B0|B2|B3|B4|B5|B6|B7,0.37776800449641085,0.37898311711823379,0.0012151126218229447,0,0,2,2,1e-10,SPLIT_BEYOND_ALLOWANCE,False,,,,SPLIT_BEYOND_ALLOWANCE
fiber_015,254,B1|B2|B3|B4|B5|B6|B7,0.56261706768985653,0.5642170327557533,0.001599965065896769,0,0,2,2,1e-10,SPLIT_BEYOND_ALLOWANCE,False,,,,SPLIT_BEYOND_ALLOWANCE
fiber_015,255,B0|B1|B2|B3|B4|B5|B6|B7,0,0,0,0,0,1,1,1e-10,EQUAL_WITHIN_ALLOWANCE,False,,,,EQUAL_WITHIN_ALLOWANCE
fiber_016,0,EMPTY,0,0,0,0,0,1,1,1e-10,EQUAL_WITHIN_ALLOWANCE,False,,,,EQUAL_WITHIN_ALLOWANCE
fiber_016,1,B0,0.56261706768985675,0.56138104407650569,0.0012360236133510671,0,0,2,2,1e-10,SPLIT_BEYOND_ALLOWANCE,False,,,,SPLIT_BEYOND_ALLOWANCE
fiber_016,2,B1,0.37776800449641107,0.3764826201094964,0.0012853843869146675,0,0,2,2,1e-10,SPLIT_BEYOND_ALLOWANCE,False,,,,SPLIT_BEYOND_ALLOWANCE
fiber_016,3,B0|B1,0.83718147731168657,0.83317162006018342,0.0040098572515031572,0,0,4,4,1e-10,SPLIT_BEYOND_ALLOWANCE,False,,,,SPLIT_BEYOND_ALLOWANCE
fiber_016,4,B2,0.35192735579370632,0.34584608632267738,0.0060812694710289383,0,0,2,2,1e-10,SPLIT_BEYOND_ALLOWANCE,False,,,,SPLIT_BEYOND_ALLOWANCE
fiber_016,5,B0|B2,0.81171589659887589,0.80654991153392963,0.0051659850649462546,0,0,4,4,1e-10,SPLIT_BEYOND_ALLOWANCE,False,,,,SPLIT_BEYOND_ALLOWANCE
fiber_016,6,B1|B2,0.71301578238015928,0.70600430284338245,0.0070114795367768323,0,0,4,4,1e-10,SPLIT_BEYOND_ALLOWANCE,False,,,,SPLIT_BEYOND_ALLOWANCE
fiber_016,7,B0|B1|B2,1.0300143154108952,1.023337458348911,0.0066768570619841761,0,0,8,8,1e-10,SPLIT_BEYOND_ALLOWANCE,False,,,,SPLIT_BEYOND_ALLOWANCE
fiber_016,8,B3,0.63629772452862432,0.6356789786195256,0.00061874590909871685,0,0,2,2,1e-10,SPLIT_BEYOND_ALLOWANCE,False,,,,SPLIT_BEYOND_ALLOWANCE
fiber_016,9,B0|B3,1.173708825553337,1.1716428127865646,0.0020660127667724293,0,0,4,4,1e-10,SPLIT_BEYOND_ALLOWANCE,False,,,,SPLIT_BEYOND_ALLOWANCE
fiber_016,10,B1|B3,0.97048792901707326,0.96900873050129877,0.0014791985157744936,0,0,4,4,1e-10,SPLIT_BEYOND_ALLOWANCE,False,,,,SPLIT_BEYOND_ALLOWANCE
fiber_016,11,B0|B1|B3,1.3281771222476846,1.3246528299697644,0.0035242922779201713,0,0,8,8,1e-10,SPLIT_BEYOND_ALLOWANCE,False,,,,SPLIT_BEYOND_ALLOWANCE
fiber_016,12,B2|B3,0.91335889283953142,0.90740755732674827,0.0059513355127831513,0,0,4,4,1e-10,SPLIT_BEYOND_ALLOWANCE,False,,,,SPLIT_BEYOND_ALLOWANCE
fiber_016,13,B0|B2|B3,1.2501996319284032,1.2468221983311705,0.0033774335972327485,0,0,8,8,1e-10,SPLIT_BEYOND_ALLOWANCE,False,,,,SPLIT_BEYOND_ALLOWANCE
fiber_016,14,B1|B2|B3,1.1699491249624085,1.1647774366878219,0.0051716882745866943,0,0,8,8,1e-10,SPLIT_BEYOND_ALLOWANCE,False,,,,SPLIT_BEYOND_ALLOWANCE
fiber_016,15,B0|B1|B2|B3,1.2947643177735531,1.2918385292086538,0.0029257885648992232,0,0,16,16,1e-10,SPLIT_BEYOND_ALLOWANCE,False,,,,SPLIT_BEYOND_ALLOWANCE
fiber_016,16,B4,0.64231588762920411,0.6416412795041363,0.00067460812506781043,0,0,2,2,1e-10,SPLIT_BEYOND_ALLOWANCE,False,,,,SPLIT_BEYOND_ALLOWANCE
fiber_016,17,B0|B4,1.1394645554191241,1.1381072745434264,0.0013572808756976418,0,0,4,4,1e-10,SPLIT_BEYOND_ALLOWANCE,False,,,,SPLIT_BEYOND_ALLOWANCE
fiber_016,18,B1|B4,0.96252542753470194,0.96117257763412467,0.0013528499005772687,0,0,4,4,1e-10,SPLIT_BEYOND_ALLOWANCE,False,,,,SPLIT_BEYOND_ALLOWANCE
fiber_016,19,B0|B1|B4,1.3034212596373083,1.3004837173319259,0.0029375423053823457,0,0,8,8,1e-10,SPLIT_BEYOND_ALLOWANCE,False,,,,SPLIT_BEYOND_ALLOWANCE
fiber_016,20,B2|B4,0.92724845693654145,0.92141257329475501,0.0058358836417864435,0,0,4,4,1e-10,SPLIT_BEYOND_ALLOWANCE,False,,,,SPLIT_BEYOND_ALLOWANCE
fiber_016,21,B0|B2|B4,1.2527899274629444,1.2498272268133044,0.0029627006496399932,0,0,8,8,1e-10,SPLIT_BEYOND_ALLOWANCE,False,,,,SPLIT_BEYOND_ALLOWANCE
fiber_016,22,B1|B2|B4,1.1876902254931159,1.1824642394154412,0.0052259860776746603,0,0,8,8,1e-10,SPLIT_BEYOND_ALLOWANCE,False,,,,SPLIT_BEYOND_ALLOWANCE
fiber_016,23,B0|B1|B2|B4,1.3074955399600987,1.3051374878210233,0.0023580521390753617,0,0,16,16,1e-10,SPLIT_BEYOND_ALLOWANCE,False,,,,SPLIT_BEYOND_ALLOWANCE
fiber_016,24,B3|B4,0.71413902985670685,0.70676617798104491,0.0073728518756619454,0,0,4,4,1e-10,SPLIT_BEYOND_ALLOWANCE,False,,,,SPLIT_BEYOND_ALLOWANCE
fiber_016,25,B0|B3|B4,1.0810505312597443,1.0740177256811718,0.007032805578572443,0,0,8,8,1e-10,SPLIT_BEYOND_ALLOWANCE,False,,,,SPLIT_BEYOND_ALLOWANCE
fiber_016,26,B1|B3|B4,0.91467007288661772,0.90838719751639396,0.0062828753702237616,0,0,8,8,1e-10,SPLIT_BEYOND_ALLOWANCE,False,,,,SPLIT_BEYOND_ALLOWANCE
fiber_016,27,B0|B1|B3|B4,1.0492596564300805,1.0428216067715803,0.0064380496585001445,0,0,16,16,1e-10,SPLIT_BEYOND_ALLOWANCE,False,,,,SPLIT_BEYOND_ALLOWANCE
fiber_016,28,B2|B3|B4,0.78495704167375902,0.77560823862773653,0.0093488030460224802,0,0,8,8,1e-10,SPLIT_BEYOND_ALLOWANCE,False,,,,SPLIT_BEYOND_ALLOWANCE
fiber_016,29,B0|B2|B3|B4,0.91749526743460852,0.91339673773158903,0.0040985297030194934,0,0,16,16,1e-10,SPLIT_BEYOND_ALLOWANCE,False,,,,SPLIT_BEYOND_ALLOWANCE
fiber_016,30,B1|B2|B3|B4,0.9094045067451888,0.90263265259120762,0.0067718541539811827,0,0,16,16,1e-10,SPLIT_BEYOND_ALLOWANCE,False,,,,SPLIT_BEYOND_ALLOWANCE
fiber_016,31,B0|B1|B2|B3|B4,0.81316479112816342,0.81087022087964922,0.002294570248514205,0,0,8,8,1e-10,SPLIT_BEYOND_ALLOWANCE,False,,,,SPLIT_BEYOND_ALLOWANCE
fiber_016,32,B5,0.34752080640167815,0.34749004526191918,3.0761139758972433e-05,0,0,2,2,1e-10,SPLIT_BEYOND_ALLOWANCE,False,,,,SPLIT_BEYOND_ALLOWANCE
fiber_016,33,B0|B5,0.65118315475250377,0.64705517118571787,0.0041279835667858977,0,0,4,4,1e-10,SPLIT_BEYOND_ALLOWANCE,False,,,,SPLIT_BEYOND_ALLOWANCE
fiber_016,34,B1|B5,0.68067996300705946,0.67902332766288298,0.0016566353441764825,0,0,4,4,1e-10,SPLIT_BEYOND_ALLOWANCE,False,,,,SPLIT_BEYOND_ALLOWANCE
fiber_016,35,B0|B1|B5,0.84303700799976911,0.83574636884423004,0.0072906391555390693,0,0,8,8,1e-10,SPLIT_BEYOND_ALLOWANCE,False,,,,SPLIT_BEYOND_ALLOWANCE
fiber_016,36,B2|B5,0.65269065790708281,0.64732097139001876,0.0053696865170640429,0,0,4,4,1e-10,SPLIT_BEYOND_ALLOWANCE,False,,,,SPLIT_BEYOND_ALLOWANCE
fiber_016,37,B0|B2|B5,0.76315995819494808,0.75763626046344212,0.005523697731505961,0,0,8,8,1e-10,SPLIT_BEYOND_ALLOWANCE,False,,,,SPLIT_BEYOND_ALLOWANCE
fiber_016,38,B1|B2|B5,0.95549749298866093,0.94900752557135992,0.0064899674173010125,0,0,8,8,1e-10,SPLIT_BEYOND_ALLOWANCE,False,,,,SPLIT_BEYOND_ALLOWANCE
fiber_016,39,B0|B1|B2|B5,0.9126041849255021,0.90488051336476572,0.0077236715607363893,0,0,16,16,1e-10,SPLIT_BEYOND_ALLOWANCE,False,,,,SPLIT_BEYOND_ALLOWANCE
fiber_016,40,B3|B5,0.96141211973111496,0.9610814713137944,0.00033064841732055594,0,0,4,4,1e-10,SPLIT_BEYOND_ALLOWANCE,False,,,,SPLIT_BEYOND_ALLOWANCE
fiber_016,41,B0|B3|B5,1.2029811067216787,1.1990953048134543,0.0038858019082244066,0,0,8,8,1e-10,SPLIT_BEYOND_ALLOWANCE,False,,,,SPLIT_BEYOND_ALLOWANCE
fiber_016,42,B1|B3|B5,1.2310760365876598,1.2297196075390604,0.0013564290485994501,0,0,8,8,1e-10,SPLIT_BEYOND_ALLOWANCE,False,,,,SPLIT_BEYOND_ALLOWANCE
fiber_016,43,B0|B1|B3|B5,1.2223323969910593,1.2167470229481825,0.005585374042876845,0,0,16,16,1e-10,SPLIT_BEYOND_ALLOWANCE,False,,,,SPLIT_BEYOND_ALLOWANCE
fiber_016,44,B2|B3|B5,1.1769553784469504,1.1720705070639339,0.0048848713830165202,0,0,8,8,1e-10,SPLIT_BEYOND_ALLOWANCE,False,,,,SPLIT_BEYOND_ALLOWANCE
fiber_016,45,B0|B2|B3|B5,1.1283286798992587,1.1256016787174694,0.002727001181789257,0,0,16,16,1e-10,SPLIT_BEYOND_ALLOWANCE,False,,,,SPLIT_BEYOND_ALLOWANCE
fiber_016,46,B1|B2|B3|B5,1.3204524584191066,1.317070301505062,0.0033821569140446428,0,0,16,16,1e-10,SPLIT_BEYOND_ALLOWANCE,False,,,,SPLIT_BEYOND_ALLOWANCE
fiber_016,47,B0|B1|B2|B3|B5,1.0658611164478093,1.0629710724391443,0.0028900440086649937,0,0,8,8,1e-10,SPLIT_BEYOND_ALLOWANCE,False,,,,SPLIT_BEYOND_ALLOWANCE
fiber_016,48,B4|B5,0.9688208856194096,0.96824411899205087,0.00057676662735872686,0,0,4,4,1e-10,SPLIT_BEYOND_ALLOWANCE,False,,,,SPLIT_BEYOND_ALLOWANCE
fiber_016,49,B0|B4|B5,1.1980983744126001,1.194054191375836,0.0040441830367641263,0,0,8,8,1e-10,SPLIT_BEYOND_ALLOWANCE,False,,,,SPLIT_BEYOND_ALLOWANCE
fiber_016,50,B1|B4|B5,1.2308280195042665,1.2292515708729213,0.0015764486313452064,0,0,8,8,1e-10,SPLIT_BEYOND_ALLOWANCE,False,,,,SPLIT_BEYOND_ALLOWANCE
fiber_016,51,B0|B1|B4|B5,1.2058313086367578,1.2004732651532792,0.0053580434834785695,0,0,16,16,1e-10,SPLIT_BEYOND_ALLOWANCE,False,,,,SPLIT_BEYOND_ALLOWANCE
fiber_016,52,B2|B4|B5,1.1870467034695367,1.1824837331912024,0.0045629702783342996,0,0,8,8,1e-10,SPLIT_BEYOND_ALLOWANCE,False,,,,SPLIT_BEYOND_ALLOWANCE
fiber_016,53,B0|B2|B4|B5,1.1564869653438956,1.1533587651929802,0.0031282001509154167,0,0,16,16,1e-10,SPLIT_BEYOND_ALLOWANCE,False,,,,SPLIT_BEYOND_ALLOWANCE
fiber_016,54,B1|B2|B4|B5,1.352399403252293,1.3485653385995524,0.0038340646527406097,0,0,16,16,1e-10,SPLIT_BEYOND_ALLOWANCE,False,,,,SPLIT_BEYOND_ALLOWANCE
fiber_016,55,B0|B1|B2|B4|B5,1.086760498202592,1.0839171716726814,0.0028433265299105948,0,0,8,8,1e-10,SPLIT_BEYOND_ALLOWANCE,False,,,,SPLIT_BEYOND_ALLOWANCE
fiber_016,56,B3|B4|B5,0.96824271328969569,0.96173560931881918,0.0065071039708765044,0,0,8,8,1e-10,SPLIT_BEYOND_ALLOWANCE,False,,,,SPLIT_BEYOND_ALLOWANCE
fiber_016,57,B0|B3|B4|B5,1.0021959086826859,0.99462282646531819,0.0075730822173677437,0,0,16,16,1e-10,SPLIT_BEYOND_ALLOWANCE,False,,,,SPLIT_BEYOND_ALLOWANCE
fiber_016,58,B1|B3|B4|B5,1.0865986823774278,1.0807611084717352,0.0058375739056926168,0,0,16,16,1e-10,SPLIT_BEYOND_ALLOWANCE,False,,,,SPLIT_BEYOND_ALLOWANCE
fiber_016,59,B0|B1|B3|B4|B5,0.8355731066342108,0.82837363342095782,0.0071994732132529826,0,0,8,8,1e-10,SPLIT_BEYOND_ALLOWANCE,False,,,,SPLIT_BEYOND_ALLOWANCE
fiber_016,60,B2|B3|B4|B5,0.95634477992673683,0.94923907778814642,0.0071057021385904084,0,0,16,16,1e-10,SPLIT_BEYOND_ALLOWANCE,False,,,,SPLIT_BEYOND_ALLOWANCE
fiber_016,61,B0|B2|B3|B4|B5,0.72945519662177971,0.72636090727157054,0.0030942893502091673,0,0,8,8,1e-10,SPLIT_BEYOND_ALLOWANCE,False,,,,SPLIT_BEYOND_ALLOWANCE
fiber_016,62,B1|B2|B3|B4|B5,0.94024503663290004,0.93643596122333816,0.0038090754095618795,0,0,8,8,1e-10,SPLIT_BEYOND_ALLOWANCE,False,,,,SPLIT_BEYOND_ALLOWANCE
fiber_016,63,B0|B1|B2|B3|B4|B5,0.53020778709507066,0.52817074642850037,0.0020370406665702889,0,0,4,4,1e-10,SPLIT_BEYOND_ALLOWANCE,False,,,,SPLIT_BEYOND_ALLOWANCE
fiber_016,64,B6,0.46959570518074634,0.46798324659210988,0.0016124585886364562,0,0,2,2,1e-10,SPLIT_BEYOND_ALLOWANCE,False,,,,SPLIT_BEYOND_ALLOWANCE
fiber_016,65,B0|B6,0.90103005538529879,0.89746341968293541,0.0035666357023633743,0,0,4,4,1e-10,SPLIT_BEYOND_ALLOWANCE,False,,,,SPLIT_BEYOND_ALLOWANCE
fiber_016,66,B1|B6,0.6736845667626159,0.67095104727431099,0.0027335194883049141,0,0,4,4,1e-10,SPLIT_BEYOND_ALLOWANCE,False,,,,SPLIT_BEYOND_ALLOWANCE
fiber_016,67,B0|B1|B6,0.93273052283010438,0.92563515780807593,0.0070953650220284548,0,0,8,8,1e-10,SPLIT_BEYOND_ALLOWANCE,False,,,,SPLIT_BEYOND_ALLOWANCE
fiber_016,68,B2|B6,0.80045972200703652,0.79347379688977915,0.0069859251172573744,0,0,4,4,1e-10,SPLIT_BEYOND_ALLOWANCE,False,,,,SPLIT_BEYOND_ALLOWANCE
fiber_016,69,B0|B2|B6,1.0878691160097236,1.0819629688399657,0.0059061471697579027,0,0,8,8,1e-10,SPLIT_BEYOND_ALLOWANCE,False,,,,SPLIT_BEYOND_ALLOWANCE
fiber_016,70,B1|B2|B6,0.97395190548881982,0.96654984586810122,0.007402059620718604,0,0,8,8,1e-10,SPLIT_BEYOND_ALLOWANCE,False,,,,SPLIT_BEYOND_ALLOWANCE
fiber_016,71,B0|B1|B2|B6,0.99276389488335381,0.98586381426010838,0.0069000806232454304,0,0,16,16,1e-10,SPLIT_BEYOND_ALLOWANCE,False,,,,SPLIT_BEYOND_ALLOWANCE
fiber_016,72,B3|B6,1.0366615288412258,1.0342673326925265,0.0023941961486992902,0,0,4,4,1e-10,SPLIT_BEYOND_ALLOWANCE,False,,,,SPLIT_BEYOND_ALLOWANCE
fiber_016,73,B0|B3|B6,1.3419794434986214,1.3380929799671804,0.0038864635314410645,0,0,8,8,1e-10,SPLIT_BEYOND_ALLOWANCE,False,,,,SPLIT_BEYOND_ALLOWANCE
fiber_016,74,B1|B3|B6,1.1191365685040646,1.1163536660852074,0.0027829024188572582,0,0,8,8,1e-10,SPLIT_BEYOND_ALLOWANCE,False,,,,SPLIT_BEYOND_ALLOWANCE
fiber_016,75,B0|B1|B3|B6,1.2010406443934343,1.1961472282422569,0.0048934161511773322,0,0,16,16,1e-10,SPLIT_BEYOND_ALLOWANCE,False,,,,SPLIT_BEYOND_ALLOWANCE
fiber_016,76,B2|B3|B6,1.1994010221966709,1.1942047678944321,0.0051962543022388008,0,0,8,8,1e-10,SPLIT_BEYOND_ALLOWANCE,False,,,,SPLIT_BEYOND_ALLOWANCE
fiber_016,77,B0|B2|B3|B6,1.2644047707199821,1.2626172345125961,0.0017875362073860313,0,0,16,16,1e-10,SPLIT_BEYOND_ALLOWANCE,False,,,,SPLIT_BEYOND_ALLOWANCE
fiber_016,78,B1|B2|B3|B6,1.2091788544498803,1.2051659608586063,0.0040128935912739916,0,0,16,16,1e-10,SPLIT_BEYOND_ALLOWANCE,False,,,,SPLIT_BEYOND_ALLOWANCE
fiber_016,79,B0|B1|B2|B3|B6,1.0186483397943564,1.0176231563443694,0.0010251834499870327,0,0,8,8,1e-10,SPLIT_BEYOND_ALLOWANCE,False,,,,SPLIT_BEYOND_ALLOWANCE
fiber_016,80,B4|B6,1.0167741360209579,1.0143066815367947,0.0024674544841631896,0,0,4,4,1e-10,SPLIT_BEYOND_ALLOWANCE,False,,,,SPLIT_BEYOND_ALLOWANCE
fiber_016,81,B0|B4|B6,1.309307968453802,1.3058594076098846,0.0034485608439174253,0,0,8,8,1e-10,SPLIT_BEYOND_ALLOWANCE,False,,,,SPLIT_BEYOND_ALLOWANCE
fiber_016,82,B1|B4|B6,1.0890336974440069,1.0866247108295888,0.0024089866144181293,0,0,8,8,1e-10,SPLIT_BEYOND_ALLOWANCE,False,,,,SPLIT_BEYOND_ALLOWANCE
fiber_016,83,B0|B1|B4|B6,1.1895852175141484,1.1844479179785965,0.0051372995355518647,0,0,16,16,1e-10,SPLIT_BEYOND_ALLOWANCE,False,,,,SPLIT_BEYOND_ALLOWANCE
fiber_016,84,B2|B4|B6,1.2153328629056221,1.2099255803126372,0.0054072825929849522,0,0,8,8,1e-10,SPLIT_BEYOND_ALLOWANCE,False,,,,SPLIT_BEYOND_ALLOWANCE
fiber_016,85,B0|B2|B4|B6,1.2662820336070653,1.2646165284599895,0.001665505147075752,0,0,16,16,1e-10,SPLIT_BEYOND_ALLOWANCE,False,,,,SPLIT_BEYOND_ALLOWANCE
fiber_016,86,B1|B2|B4|B6,1.211552470578809,1.2077127344859293,0.0038397360928796864,0,0,16,16,1e-10,SPLIT_BEYOND_ALLOWANCE,False,,,,SPLIT_BEYOND_ALLOWANCE
fiber_016,87,B0|B1|B2|B4|B6,1.0143143775819046,1.0134794686950188,0.0008349088868857546,0,0,8,8,1e-10,SPLIT_BEYOND_ALLOWANCE,False,,,,SPLIT_BEYOND_ALLOWANCE
fiber_016,88,B3|B4|B6,0.88216099773509626,0.87483535409783375,0.0073256436372625133,0,0,8,8,1e-10,SPLIT_BEYOND_ALLOWANCE,False,,,,SPLIT_BEYOND_ALLOWANCE
fiber_016,89,B0|B3|B4|B6,0.97657701419923415,0.96981678525976744,0.0067602289394667059,0,0,16,16,1e-10,SPLIT_BEYOND_ALLOWANCE,False,,,,SPLIT_BEYOND_ALLOWANCE
fiber_016,90,B1|B3|B4|B6,0.74030517245011307,0.73510445828790982,0.005200714162203246,2.109497052457236e-32,1.8549083858501045e-32,4,4,1e-10,SPLIT_BEYOND_ALLOWANCE,False,,,,SPLIT_BEYOND_ALLOWANCE
fiber_016,91,B0|B1|B3|B4|B6,0.68707719698522518,0.681489043325059,0.0055881536601661841,0,0,8,8,1e-10,SPLIT_BEYOND_ALLOWANCE,False,,,,SPLIT_BEYOND_ALLOWANCE
fiber_016,92,B2|B3|B4|B6,0.86779022000706307,0.86042657289148072,0.0073636471155823502,0,0,16,16,1e-10,SPLIT_BEYOND_ALLOWANCE,False,,,,SPLIT_BEYOND_ALLOWANCE
fiber_016,93,B0|B2|B3|B4|B6,0.73035076501442586,0.72835810629314679,0.0019926587212790725,0,0,8,8,1e-10,SPLIT_BEYOND_ALLOWANCE,False,,,,SPLIT_BEYOND_ALLOWANCE
fiber_016,94,B1|B2|B3|B4|B6,0.68249502897095826,0.6782140301096421,0.0042809988613161654,0,0,8,8,1e-10,SPLIT_BEYOND_ALLOWANCE,False,,,,SPLIT_BEYOND_ALLOWANCE
fiber_016,95,B0|B1|B2|B3|B4|B6,0.40540915822172074,0.4049888018778226,0.0004203563438981428,0,0,4,4,1e-10,SPLIT_BEYOND_ALLOWANCE,False,,,,SPLIT_BEYOND_ALLOWANCE
fiber_016,96,B5|B6,0.76516284971335669,0.76319594269362412,0.0019669070197325667,0,0,4,4,1e-10,SPLIT_BEYOND_ALLOWANCE,False,,,,SPLIT_BEYOND_ALLOWANCE
fiber_016,97,B0|B5|B6,0.88603546292232649,0.8793207592096276,0.0067147037126988884,0,0,8,8,1e-10,SPLIT_BEYOND_ALLOWANCE,False,,,,SPLIT_BEYOND_ALLOWANCE
fiber_016,98,B1|B5|B6,0.87968512175179181,0.87581432815447535,0.0038707935973164576,0,0,8,8,1e-10,SPLIT_BEYOND_ALLOWANCE,False,,,,SPLIT_BEYOND_ALLOWANCE
fiber_016,99,B0|B1|B5|B6,0.76952079659124628,0.76012634465141082,0.0093944519398354576,1.8372829708597726e-32,2.0406001586478945e-32,4,4,1e-10,SPLIT_BEYOND_ALLOWANCE,False,,,,SPLIT_BEYOND_ALLOWANCE
fiber_016,100,B2|B5|B6,1.0325643485948293,1.0262983705017572,0.0062659780930720554,0,0,8,8,1e-10,SPLIT_BEYOND_ALLOWANCE,False,,,,SPLIT_BEYOND_ALLOWANCE
fiber_016,101,B0|B2|B5|B6,0.94649102071494062,0.93978107691780188,0.0067099437971387399,0,0,16,16,1e-10,SPLIT_BEYOND_ALLOWANCE,False,,,,SPLIT_BEYOND_ALLOWANCE
fiber_016,102,B1|B2|B5|B6,1.080723036408918,1.0737191113554323,0.0070039250534856823,0,0,16,16,1e-10,SPLIT_BEYOND_ALLOWANCE,False,,,,SPLIT_BEYOND_ALLOWANCE
fiber_016,103,B0|B1|B2|B5|B6,0.75985649041451975,0.75186102356949425,0.0079954668450255006,0,0,8,8,1e-10,SPLIT_BEYOND_ALLOWANCE,False,,,,SPLIT_BEYOND_ALLOWANCE
fiber_016,104,B3|B5|B6,1.2779512044455812,1.2758121083180993,0.0021390961274818654,0,0,8,8,1e-10,SPLIT_BEYOND_ALLOWANCE,False,,,,SPLIT_BEYOND_ALLOWANCE
fiber_016,105,B0|B3|B5|B6,1.1999731905267361,1.1945450051515207,0.0054281853752153886,0,0,16,16,1e-10,SPLIT_BEYOND_ALLOWANCE,False,,,,SPLIT_BEYOND_ALLOWANCE
fiber_016,106,B1|B3|B5|B6,1.2455886196726509,1.2426339882897959,0.0029546313828550108,0,0,16,16,1e-10,SPLIT_BEYOND_ALLOWANCE,False,,,,SPLIT_BEYOND_ALLOWANCE
fiber_016,107,B0|B1|B3|B5|B6,0.95329484882073268,0.94705676761453106,0.0062380812062016178,0,0,8,8,1e-10,SPLIT_BEYOND_ALLOWANCE,False,,,,SPLIT_BEYOND_ALLOWANCE
fiber_016,108,B2|B3|B5|B6,1.3205891640837968,1.3176766569352603,0.002912507148536525,0,0,16,16,1e-10,SPLIT_BEYOND_ALLOWANCE,False,,,,SPLIT_BEYOND_ALLOWANCE
fiber_016,109,B0|B2|B3|B5|B6,1.0151334322882637,1.0133492647307223,0.0017841675575414051,0,0,8,8,1e-10,SPLIT_BEYOND_ALLOWANCE,False,,,,SPLIT_BEYOND_ALLOWANCE
fiber_016,110,B1|B2|B3|B5|B6,1.1757066823542428,1.1741561761999921,0.0015505061542506748,0,0,8,8,1e-10,SPLIT_BEYOND_ALLOWANCE,False,,,,SPLIT_BEYOND_ALLOWANCE
fiber_016,111,B0|B1|B2|B3|B5|B6,0.70342221824275919,0.70215955951900977,0.0012626587237494213,0,0,4,4,1e-10,SPLIT_BEYOND_ALLOWANCE,False,,,,SPLIT_BEYOND_ALLOWANCE
fiber_016,112,B4|B5|B6,1.266482605961647,1.2637590919498378,0.0027235140118091472,0,0,8,8,1e-10,SPLIT_BEYOND_ALLOWANCE,False,,,,SPLIT_BEYOND_ALLOWANCE
fiber_016,113,B0|B4|B5|B6,1.1812831382347369,1.1759391200974767,0.0053440181372601536,0,0,16,16,1e-10,SPLIT_BEYOND_ALLOWANCE,False,,,,SPLIT_BEYOND_ALLOWANCE
fiber_016,114,B1|B4|B5|B6,1.2411830686844867,1.2378252285426561,0.0033578401418306036,0,0,16,16,1e-10,SPLIT_BEYOND_ALLOWANCE,False,,,,SPLIT_BEYOND_ALLOWANCE
fiber_016,115,B0|B1|B4|B5|B6,0.93799382509257989,0.93173057230743228,0.0062632527851476105,0,0,8,8,1e-10,SPLIT_BEYOND_ALLOWANCE,False,,,,SPLIT_BEYOND_ALLOWANCE
fiber_016,116,B2|B4|B5|B6,1.3467225638397498,1.343119180008248,0.0036033838315017164,0,0,16,16,1e-10,SPLIT_BEYOND_ALLOWANCE,False,,,,SPLIT_BEYOND_ALLOWANCE
fiber_016,117,B0|B2|B4|B5|B6,1.0242243811411522,1.0222691477403709,0.0019552334007812977,0,0,8,8,1e-10,SPLIT_BEYOND_ALLOWANCE,False,,,,SPLIT_BEYOND_ALLOWANCE
fiber_016,118,B1|B2|B4|B5|B6,1.210191821604248,1.2078804210865215,0.0023114005177264918,0,0,8,8,1e-10,SPLIT_BEYOND_ALLOWANCE,False,,,,SPLIT_BEYOND_ALLOWANCE
fiber_016,119,B0|B1|B2|B4|B5|B6,0.69980402038679723,0.69861419951879677,0.0011898208680004574,0,0,4,4,1e-10,SPLIT_BEYOND_ALLOWANCE,False,,,,SPLIT_BEYOND_ALLOWANCE
fiber_016,120,B3|B4|B5|B6,1.0309794241184913,1.0243353256523746,0.006644098466116688,0,0,16,16,1e-10,SPLIT_BEYOND_ALLOWANCE,False,,,,SPLIT_BEYOND_ALLOWANCE
fiber_016,121,B0|B3|B4|B5|B6,0.7498023200369246,0.74254697138972747,0.007255348647197124,0,0,8,8,1e-10,SPLIT_BEYOND_ALLOWANCE,False,,,,SPLIT_BEYOND_ALLOWANCE
fiber_016,122,B1|B3|B4|B5|B6,0.82599164535730019,0.82079537589751006,0.005196269459790126,0,0,8,8,1e-10,SPLIT_BEYOND_ALLOWANCE,False,,,,SPLIT_BEYOND_ALLOWANCE
fiber_016,123,B0|B1|B3|B4|B5|B6,0.39547245243108831,0.38913373642935489,0.0063387160017334132,0,0,4,4,1e-10,SPLIT_BEYOND_ALLOWANCE,False,,,,SPLIT_BEYOND_ALLOWANCE
fiber_016,124,B2|B3|B4|B5|B6,0.87788243419743206,0.87364144928184084,0.0042409849155912172,0,0,8,8,1e-10,SPLIT_BEYOND_ALLOWANCE,False,,,,SPLIT_BEYOND_ALLOWANCE
fiber_016,125,B0|B2|B3|B4|B5|B6,0.43914767424190859,0.43743035556352561,0.0017173186783829841,0,0,4,4,1e-10,SPLIT_BEYOND_ALLOWANCE,False,,,,SPLIT_BEYOND_ALLOWANCE
fiber_016,126,B1|B2|B3|B4|B5|B6,0.61212431038981907,0.61055661728732158,0.0015676931024974916,0,0,4,4,1e-10,SPLIT_BEYOND_ALLOWANCE,False,,,,SPLIT_BEYOND_ALLOWANCE
fiber_016,127,B0|B1|B2|B3|B4|B5|B6,0.066157805380313461,0.065688426835343816,0.00046937854496964526,0,0,2,2,1e-10,SPLIT_BEYOND_ALLOWANCE,False,,,,SPLIT_BEYOND_ALLOWANCE
fiber_016,128,B7,0.066157805380313461,0.065688426835343913,0.00046937854496954812,0,0,2,2,1e-10,SPLIT_BEYOND_ALLOWANCE,False,,,,SPLIT_BEYOND_ALLOWANCE
fiber_016,129,B0|B7,0.61212431038981863,0.61055661728732158,0.0015676931024970475,0,0,4,4,1e-10,SPLIT_BEYOND_ALLOWANCE,False,,,,SPLIT_BEYOND_ALLOWANCE
fiber_016,130,B1|B7,0.43914767424190865,0.43743035556352577,0.0017173186783828731,0,0,4,4,1e-10,SPLIT_BEYOND_ALLOWANCE,False,,,,SPLIT_BEYOND_ALLOWANCE
fiber_016,131,B0|B1|B7,0.87788243419743162,0.87364144928184029,0.0042409849155913282,0,0,8,8,1e-10,SPLIT_BEYOND_ALLOWANCE,False,,,,SPLIT_BEYOND_ALLOWANCE
fiber_016,132,B2|B7,0.39547245243108831,0.389133736429355,0.0063387160017333022,0,0,4,4,1e-10,SPLIT_BEYOND_ALLOWANCE,False,,,,SPLIT_BEYOND_ALLOWANCE
fiber_016,133,B0|B2|B7,0.82599164535730007,0.82079537589751006,0.005196269459790015,0,0,8,8,1e-10,SPLIT_BEYOND_ALLOWANCE,False,,,,SPLIT_BEYOND_ALLOWANCE
fiber_016,134,B1|B2|B7,0.7498023200369246,0.74254697138972714,0.0072553486471974571,0,0,8,8,1e-10,SPLIT_BEYOND_ALLOWANCE,False,,,,SPLIT_BEYOND_ALLOWANCE
fiber_016,135,B0|B1|B2|B7,1.0309794241184911,1.0243353256523746,0.0066440984661164659,0,0,16,16,1e-10,SPLIT_BEYOND_ALLOWANCE,False,,,,SPLIT_BEYOND_ALLOWANCE
fiber_016,136,B3|B7,0.69980402038679723,0.69861419951879689,0.0011898208680003464,0,0,4,4,1e-10,SPLIT_BEYOND_ALLOWANCE,False,,,,SPLIT_BEYOND_ALLOWANCE
fiber_016,137,B0|B3|B7,1.2101918216042478,1.2078804210865213,0.0023114005177264918,0,0,8,8,1e-10,SPLIT_BEYOND_ALLOWANCE,False,,,,SPLIT_BEYOND_ALLOWANCE
fiber_016,138,B1|B3|B7,1.0242243811411518,1.0222691477403709,0.0019552334007808536,0,0,8,8,1e-10,SPLIT_BEYOND_ALLOWANCE,False,,,,SPLIT_BEYOND_ALLOWANCE
fiber_016,139,B0|B1|B3|B7,1.3467225638397498,1.3431191800082485,0.0036033838315012723,0,0,16,16,1e-10,SPLIT_BEYOND_ALLOWANCE,False,,,,SPLIT_BEYOND_ALLOWANCE
fiber_016,140,B2|B3|B7,0.93799382509257978,0.93173057230743184,0.0062632527851479436,0,0,8,8,1e-10,SPLIT_BEYOND_ALLOWANCE,False,,,,SPLIT_BEYOND_ALLOWANCE
fiber_016,141,B0|B2|B3|B7,1.2411830686844867,1.2378252285426561,0.0033578401418306036,0,0,16,16,1e-10,SPLIT_BEYOND_ALLOWANCE,False,,,,SPLIT_BEYOND_ALLOWANCE
fiber_016,142,B1|B2|B3|B7,1.1812831382347371,1.1759391200974769,0.0053440181372601536,0,0,16,16,1e-10,SPLIT_BEYOND_ALLOWANCE,False,,,,SPLIT_BEYOND_ALLOWANCE
fiber_016,143,B0|B1|B2|B3|B7,1.266482605961647,1.2637590919498376,0.0027235140118093693,0,0,8,8,1e-10,SPLIT_BEYOND_ALLOWANCE,False,,,,SPLIT_BEYOND_ALLOWANCE
fiber_016,144,B4|B7,0.70342221824275919,0.70215955951900977,0.0012626587237494213,0,0,4,4,1e-10,SPLIT_BEYOND_ALLOWANCE,False,,,,SPLIT_BEYOND_ALLOWANCE
fiber_016,145,B0|B4|B7,1.175706682354243,1.1741561761999919,0.0015505061542511189,0,0,8,8,1e-10,SPLIT_BEYOND_ALLOWANCE,False,,,,SPLIT_BEYOND_ALLOWANCE
fiber_016,146,B1|B4|B7,1.0151334322882641,1.0133492647307223,0.0017841675575418492,0,0,8,8,1e-10,SPLIT_BEYOND_ALLOWANCE,False,,,,SPLIT_BEYOND_ALLOWANCE
fiber_016,147,B0|B1|B4|B7,1.320589164083797,1.31767665693526,0.0029125071485369691,0,0,16,16,1e-10,SPLIT_BEYOND_ALLOWANCE,False,,,,SPLIT_BEYOND_ALLOWANCE
fiber_016,148,B2|B4|B7,0.95329484882073279,0.94705676761453095,0.0062380812062018398,0,0,8,8,1e-10,SPLIT_BEYOND_ALLOWANCE,False,,,,SPLIT_BEYOND_ALLOWANCE
fiber_016,149,B0|B2|B4|B7,1.2455886196726504,1.2426339882897965,0.0029546313828539006,0,0,16,16,1e-10,SPLIT_BEYOND_ALLOWANCE,False,,,,SPLIT_BEYOND_ALLOWANCE
fiber_016,150,B1|B2|B4|B7,1.1999731905267357,1.1945450051515203,0.0054281853752153886,0,0,16,16,1e-10,SPLIT_BEYOND_ALLOWANCE,False,,,,SPLIT_BEYOND_ALLOWANCE
fiber_016,151,B0|B1|B2|B4|B7,1.2779512044455807,1.2758121083180993,0.0021390961274814213,0,0,8,8,1e-10,SPLIT_BEYOND_ALLOWANCE,False,,,,SPLIT_BEYOND_ALLOWANCE
fiber_016,152,B3|B4|B7,0.75985649041451975,0.75186102356949436,0.0079954668450253896,0,0,8,8,1e-10,SPLIT_BEYOND_ALLOWANCE,False,,,,SPLIT_BEYOND_ALLOWANCE
fiber_016,153,B0|B3|B4|B7,1.0807230364089175,1.0737191113554323,0.0070039250534852382,0,0,16,16,1e-10,SPLIT_BEYOND_ALLOWANCE,False,,,,SPLIT_BEYOND_ALLOWANCE
fiber_016,154,B1|B3|B4|B7,0.94649102071494096,0.93978107691780222,0.0067099437971387399,0,0,16,16,1e-10,SPLIT_BEYOND_ALLOWANCE,False,,,,SPLIT_BEYOND_ALLOWANCE
fiber_016,155,B0|B1|B3|B4|B7,1.032564348594829,1.026298370501757,0.0062659780930720554,0,0,8,8,1e-10,SPLIT_BEYOND_ALLOWANCE,False,,,,SPLIT_BEYOND_ALLOWANCE
fiber_016,156,B2|B3|B4|B7,0.7695207965912465,0.76012634465141105,0.0093944519398354576,1.8871606933887414e-32,2.6644668082072101e-32,4,4,1e-10,SPLIT_BEYOND_ALLOWANCE,False,,,,SPLIT_BEYOND_ALLOWANCE
fiber_016,157,B0|B2|B3|B4|B7,0.87968512175179192,0.87581432815447513,0.0038707935973167906,0,0,8,8,1e-10,SPLIT_BEYOND_ALLOWANCE,False,,,,SPLIT_BEYOND_ALLOWANCE
fiber_016,158,B1|B2|B3|B4|B7,0.88603546292232682,0.87932075920962749,0.0067147037126993325,0,0,8,8,1e-10,SPLIT_BEYOND_ALLOWANCE,False,,,,SPLIT_BEYOND_ALLOWANCE
fiber_016,159,B0|B1|B2|B3|B4|B7,0.76516284971335657,0.76319594269362412,0.0019669070197324556,0,0,4,4,1e-10,SPLIT_BEYOND_ALLOWANCE,False,,,,SPLIT_BEYOND_ALLOWANCE
fiber_016,160,B5|B7,0.40540915822172102,0.40498880187782244,0.00042035634389858689,0,0,4,4,1e-10,SPLIT_BEYOND_ALLOWANCE,False,,,,SPLIT_BEYOND_ALLOWANCE
fiber_016,161,B0|B5|B7,0.68249502897095826,0.67821403010964232,0.0042809988613159433,0,0,8,8,1e-10,SPLIT_BEYOND_ALLOWANCE,False,,,,SPLIT_BEYOND_ALLOWANCE
fiber_016,162,B1|B5|B7,0.73035076501442631,0.72835810629314635,0.0019926587212799607,0,0,8,8,1e-10,SPLIT_BEYOND_ALLOWANCE,False,,,,SPLIT_BEYOND_ALLOWANCE
fiber_016,163,B0|B1|B5|B7,0.86779022000706285,0.86042657289148095,0.0073636471155819061,0,0,16,16,1e-10,SPLIT_BEYOND_ALLOWANCE,False,,,,SPLIT_BEYOND_ALLOWANCE
fiber_016,164,B2|B5|B7,0.68707719698522529,0.68148904332505922,0.0055881536601660731,0,0,8,8,1e-10,SPLIT_BEYOND_ALLOWANCE,False,,,,SPLIT_BEYOND_ALLOWANCE
fiber_016,165,B0|B2|B5|B7,0.74030517245011318,0.73510445828791005,0.005200714162203135,1.8768536229707257e-32,1.7604595552051375e-32,4,4,1e-10,SPLIT_BEYOND_ALLOWANCE,False,,,,SPLIT_BEYOND_ALLOWANCE
fiber_016,166,B1|B2|B5|B7,0.97657701419923382,0.96981678525976733,0.0067602289394664838,0,0,16,16,1e-10,SPLIT_BEYOND_ALLOWANCE,False,,,,SPLIT_BEYOND_ALLOWANCE
fiber_016,167,B0|B1|B2|B5|B7,0.88216099773509649,0.87483535409783364,0.0073256436372628464,0,0,8,8,1e-10,SPLIT_BEYOND_ALLOWANCE,False,,,,SPLIT_BEYOND_ALLOWANCE
fiber_016,168,B3|B5|B7,1.0143143775819046,1.0134794686950188,0.0008349088868857546,0,0,8,8,1e-10,SPLIT_BEYOND_ALLOWANCE,False,,,,SPLIT_BEYOND_ALLOWANCE
fiber_016,169,B0|B3|B5|B7,1.2115524705788088,1.2077127344859293,0.0038397360928794644,0,0,16,16,1e-10,SPLIT_BEYOND_ALLOWANCE,False,,,,SPLIT_BEYOND_ALLOWANCE
fiber_016,170,B1|B3|B5|B7,1.266282033607065,1.2646165284599893,0.001665505147075752,0,0,16,16,1e-10,SPLIT_BEYOND_ALLOWANCE,False,,,,SPLIT_BEYOND_ALLOWANCE
fiber_016,171,B0|B1|B3|B5|B7,1.2153328629056224,1.2099255803126368,0.0054072825929856183,0,0,8,8,1e-10,SPLIT_BEYOND_ALLOWANCE,False,,,,SPLIT_BEYOND_ALLOWANCE
fiber_016,172,B2|B3|B5|B7,1.1895852175141481,1.1844479179785969,0.0051372995355511986,0,0,16,16,1e-10,SPLIT_BEYOND_ALLOWANCE,False,,,,SPLIT_BEYOND_ALLOWANCE
fiber_016,173,B0|B2|B3|B5|B7,1.0890336974440069,1.0866247108295892,0.0024089866144176852,0,0,8,8,1e-10,SPLIT_BEYOND_ALLOWANCE,False,,,,SPLIT_BEYOND_ALLOWANCE
fiber_016,174,B1|B2|B3|B5|B7,1.3093079684538016,1.3058594076098848,0.0034485608439167592,0,0,8,8,1e-10,SPLIT_BEYOND_ALLOWANCE,False,,,,SPLIT_BEYOND_ALLOWANCE
fiber_016,175,B0|B1|B2|B3|B5|B7,1.0167741360209579,1.0143066815367947,0.0024674544841631896,0,0,4,4,1e-10,SPLIT_BEYOND_ALLOWANCE,False,,,,SPLIT_BEYOND_ALLOWANCE
fiber_016,176,B4|B5|B7,1.0186483397943566,1.0176231563443694,0.0010251834499872547,0,0,8,8,1e-10,SPLIT_BEYOND_ALLOWANCE,False,,,,SPLIT_BEYOND_ALLOWANCE
fiber_016,177,B0|B4|B5|B7,1.2091788544498803,1.2051659608586061,0.0040128935912742136,0,0,16,16,1e-10,SPLIT_BEYOND_ALLOWANCE,False,,,,SPLIT_BEYOND_ALLOWANCE
fiber_016,178,B1|B4|B5|B7,1.2644047707199819,1.2626172345125959,0.0017875362073860313,0,0,16,16,1e-10,SPLIT_BEYOND_ALLOWANCE,False,,,,SPLIT_BEYOND_ALLOWANCE
fiber_016,179,B0|B1|B4|B5|B7,1.1994010221966704,1.1942047678944321,0.0051962543022383567,0,0,8,8,1e-10,SPLIT_BEYOND_ALLOWANCE,False,,,,SPLIT_BEYOND_ALLOWANCE
fiber_016,180,B2|B4|B5|B7,1.2010406443934345,1.1961472282422567,0.0048934161511777763,0,0,16,16,1e-10,SPLIT_BEYOND_ALLOWANCE,False,,,,SPLIT_BEYOND_ALLOWANCE
fiber_016,181,B0|B2|B4|B5|B7,1.1191365685040646,1.1163536660852074,0.0027829024188572582,0,0,8,8,1e-10,SPLIT_BEYOND_ALLOWANCE,False,,,,SPLIT_BEYOND_ALLOWANCE
fiber_016,182,B1|B2|B4|B5|B7,1.3419794434986207,1.3380929799671806,0.0038864635314401763,0,0,8,8,1e-10,SPLIT_BEYOND_ALLOWANCE,False,,,,SPLIT_BEYOND_ALLOWANCE
fiber_016,183,B0|B1|B2|B4|B5|B7,1.0366615288412258,1.0342673326925269,0.0023941961486988461,0,0,4,4,1e-10,SPLIT_BEYOND_ALLOWANCE,False,,,,SPLIT_BEYOND_ALLOWANCE
fiber_016,184,B3|B4|B5|B7,0.99276389488335415,0.98586381426010838,0.0069000806232457634,0,0,16,16,1e-10,SPLIT_BEYOND_ALLOWANCE,False,,,,SPLIT_BEYOND_ALLOWANCE
fiber_016,185,B0|B3|B4|B5|B7,0.97395190548882038,0.96654984586810122,0.0074020596207191591,0,0,8,8,1e-10,SPLIT_BEYOND_ALLOWANCE,False,,,,SPLIT_BEYOND_ALLOWANCE
fiber_016,186,B1|B3|B4|B5|B7,1.0878691160097242,1.0819629688399659,0.0059061471697583467,0,0,8,8,1e-10,SPLIT_BEYOND_ALLOWANCE,False,,,,SPLIT_BEYOND_ALLOWANCE
fiber_016,187,B0|B1|B3|B4|B5|B7,0.8004597220070373,0.79347379688977915,0.0069859251172581516,0,0,4,4,1e-10,SPLIT_BEYOND_ALLOWANCE,False,,,,SPLIT_BEYOND_ALLOWANCE
fiber_016,188,B2|B3|B4|B5|B7,0.93273052283010405,0.92563515780807593,0.0070953650220281217,0,0,8,8,1e-10,SPLIT_BEYOND_ALLOWANCE,False,,,,SPLIT_BEYOND_ALLOWANCE
fiber_016,189,B0|B2|B3|B4|B5|B7,0.6736845667626159,0.67095104727431121,0.002733519488304692,0,0,4,4,1e-10,SPLIT_BEYOND_ALLOWANCE,False,,,,SPLIT_BEYOND_ALLOWANCE
fiber_016,190,B1|B2|B3|B4|B5|B7,0.9010300553852989,0.8974634196829353,0.0035666357023635964,0,0,4,4,1e-10,SPLIT_BEYOND_ALLOWANCE,False,,,,SPLIT_BEYOND_ALLOWANCE
fiber_016,191,B0|B1|B2|B3|B4|B5|B7,0.469595705180746,0.46798324659210988,0.0016124585886361231,0,0,2,2,1e-10,SPLIT_BEYOND_ALLOWANCE,False,,,,SPLIT_BEYOND_ALLOWANCE
fiber_016,192,B6|B7,0.53020778709507055,0.52817074642850048,0.0020370406665700669,0,0,4,4,1e-10,SPLIT_BEYOND_ALLOWANCE,False,,,,SPLIT_BEYOND_ALLOWANCE
fiber_016,193,B0|B6|B7,0.94024503663290004,0.93643596122333883,0.0038090754095612134,0,0,8,8,1e-10,SPLIT_BEYOND_ALLOWANCE,False,,,,SPLIT_BEYOND_ALLOWANCE
fiber_016,194,B1|B6|B7,0.72945519662177927,0.72636090727157065,0.0030942893502086122,0,0,8,8,1e-10,SPLIT_BEYOND_ALLOWANCE,False,,,,SPLIT_BEYOND_ALLOWANCE
fiber_016,195,B0|B1|B6|B7,0.95634477992673672,0.94923907778814676,0.0071057021385899644,0,0,16,16,1e-10,SPLIT_BEYOND_ALLOWANCE,False,,,,SPLIT_BEYOND_ALLOWANCE
fiber_016,196,B2|B6|B7,0.83557310663421025,0.82837363342095771,0.0071994732132525385,0,0,8,8,1e-10,SPLIT_BEYOND_ALLOWANCE,False,,,,SPLIT_BEYOND_ALLOWANCE
fiber_016,197,B0|B2|B6|B7,1.0865986823774278,1.0807611084717352,0.0058375739056926168,0,0,16,16,1e-10,SPLIT_BEYOND_ALLOWANCE,False,,,,SPLIT_BEYOND_ALLOWANCE
fiber_016,198,B1|B2|B6|B7,1.0021959086826862,0.99462282646531774,0.0075730822173684098,0,0,16,16,1e-10,SPLIT_BEYOND_ALLOWANCE,False,,,,SPLIT_BEYOND_ALLOWANCE
fiber_016,199,B0|B1|B2|B6|B7,0.96824271328969624,0.96173560931881974,0.0065071039708765044,0,0,8,8,1e-10,SPLIT_BEYOND_ALLOWANCE,False,,,,SPLIT_BEYOND_ALLOWANCE
fiber_016,200,B3|B6|B7,1.086760498202592,1.0839171716726812,0.0028433265299108168,0,0,8,8,1e-10,SPLIT_BEYOND_ALLOWANCE,False,,,,SPLIT_BEYOND_ALLOWANCE
fiber_016,201,B0|B3|B6|B7,1.3523994032522932,1.3485653385995524,0.0038340646527408317,0,0,16,16,1e-10,SPLIT_BEYOND_ALLOWANCE,False,,,,SPLIT_BEYOND_ALLOWANCE
fiber_016,202,B1|B3|B6|B7,1.1564869653438958,1.15335876519298,0.0031282001509158608,0,0,16,16,1e-10,SPLIT_BEYOND_ALLOWANCE,False,,,,SPLIT_BEYOND_ALLOWANCE
fiber_016,203,B0|B1|B3|B6|B7,1.1870467034695362,1.1824837331912021,0.0045629702783340775,0,0,8,8,1e-10,SPLIT_BEYOND_ALLOWANCE,False,,,,SPLIT_BEYOND_ALLOWANCE
fiber_016,204,B2|B3|B6|B7,1.2058313086367578,1.2004732651532799,0.0053580434834779034,0,0,16,16,1e-10,SPLIT_BEYOND_ALLOWANCE,False,,,,SPLIT_BEYOND_ALLOWANCE
fiber_016,205,B0|B2|B3|B6|B7,1.230828019504266,1.2292515708729217,0.0015764486313443182,0,0,8,8,1e-10,SPLIT_BEYOND_ALLOWANCE,False,,,,SPLIT_BEYOND_ALLOWANCE
fiber_016,206,B1|B2|B3|B6|B7,1.1980983744126004,1.1940541913758358,0.0040441830367645704,0,0,8,8,1e-10,SPLIT_BEYOND_ALLOWANCE,False,,,,SPLIT_BEYOND_ALLOWANCE
fiber_016,207,B0|B1|B2|B3|B6|B7,0.9688208856194096,0.96824411899205098,0.00057676662735861584,0,0,4,4,1e-10,SPLIT_BEYOND_ALLOWANCE,False,,,,SPLIT_BEYOND_ALLOWANCE
fiber_016,208,B4|B6|B7,1.0658611164478093,1.0629710724391441,0.0028900440086652157,0,0,8,8,1e-10,SPLIT_BEYOND_ALLOWANCE,False,,,,SPLIT_BEYOND_ALLOWANCE
fiber_016,209,B0|B4|B6|B7,1.3204524584191066,1.3170703015050624,0.0033821569140441987,0,0,16,16,1e-10,SPLIT_BEYOND_ALLOWANCE,False,,,,SPLIT_BEYOND_ALLOWANCE
fiber_016,210,B1|B4|B6|B7,1.1283286798992589,1.1256016787174696,0.002727001181789257,0,0,16,16,1e-10,SPLIT_BEYOND_ALLOWANCE,False,,,,SPLIT_BEYOND_ALLOWANCE
fiber_016,211,B0|B1|B4|B6|B7,1.1769553784469506,1.1720705070639337,0.0048848713830169643,0,0,8,8,1e-10,SPLIT_BEYOND_ALLOWANCE,False,,,,SPLIT_BEYOND_ALLOWANCE
fiber_016,212,B2|B4|B6|B7,1.2223323969910598,1.2167470229481823,0.0055853740428775112,0,0,16,16,1e-10,SPLIT_BEYOND_ALLOWANCE,False,,,,SPLIT_BEYOND_ALLOWANCE
fiber_016,213,B0|B2|B4|B6|B7,1.2310760365876603,1.2297196075390606,0.0013564290485996722,0,0,8,8,1e-10,SPLIT_BEYOND_ALLOWANCE,False,,,,SPLIT_BEYOND_ALLOWANCE
fiber_016,214,B1|B2|B4|B6|B7,1.2029811067216791,1.1990953048134543,0.0038858019082248507,0,0,8,8,1e-10,SPLIT_BEYOND_ALLOWANCE,False,,,,SPLIT_BEYOND_ALLOWANCE
fiber_016,215,B0|B1|B2|B4|B6|B7,0.96141211973111473,0.9610814713137944,0.0003306484173203339,0,0,4,4,1e-10,SPLIT_BEYOND_ALLOWANCE,False,,,,SPLIT_BEYOND_ALLOWANCE
fiber_016,216,B3|B4|B6|B7,0.91260418492550199,0.90488051336476572,0.0077236715607362783,0,0,16,16,1e-10,SPLIT_BEYOND_ALLOWANCE,False,,,,SPLIT_BEYOND_ALLOWANCE
fiber_016,217,B0|B3|B4|B6|B7,0.95549749298866049,0.94900752557135948,0.0064899674173010125,0,0,8,8,1e-10,SPLIT_BEYOND_ALLOWANCE,False,,,,SPLIT_BEYOND_ALLOWANCE
fiber_016,218,B1|B3|B4|B6|B7,0.76315995819494808,0.75763626046344223,0.00552369773150585,0,0,8,8,1e-10,SPLIT_BEYOND_ALLOWANCE,False,,,,SPLIT_BEYOND_ALLOWANCE
fiber_016,219,B0|B1|B3|B4|B6|B7,0.65269065790708281,0.64732097139001865,0.0053696865170641539,0,0,4,4,1e-10,SPLIT_BEYOND_ALLOWANCE,False,,,,SPLIT_BEYOND_ALLOWANCE
fiber_016,220,B2|B3|B4|B6|B7,0.84303700799976877,0.83574636884423026,0.0072906391555385142,0,0,8,8,1e-10,SPLIT_BEYOND_ALLOWANCE,False,,,,SPLIT_BEYOND_ALLOWANCE
fiber_016,221,B0|B2|B3|B4|B6|B7,0.68067996300705913,0.67902332766288298,0.0016566353441761494,0,0,4,4,1e-10,SPLIT_BEYOND_ALLOWANCE,False,,,,SPLIT_BEYOND_ALLOWANCE
fiber_016,222,B1|B2|B3|B4|B6|B7,0.65118315475250332,0.64705517118571798,0.0041279835667853426,0,0,4,4,1e-10,SPLIT_BEYOND_ALLOWANCE,False,,,,SPLIT_BEYOND_ALLOWANCE
fiber_016,223,B0|B1|B2|B3|B4|B6|B7,0.34752080640167815,0.34749004526191912,3.0761139759027945e-05,0,0,2,2,1e-10,SPLIT_BEYOND_ALLOWANCE,False,,,,SPLIT_BEYOND_ALLOWANCE
fiber_016,224,B5|B6|B7,0.81316479112816331,0.81087022087964911,0.002294570248514205,0,0,8,8,1e-10,SPLIT_BEYOND_ALLOWANCE,False,,,,SPLIT_BEYOND_ALLOWANCE
fiber_016,225,B0|B5|B6|B7,0.9094045067451888,0.9026326525912074,0.0067718541539814048,0,0,16,16,1e-10,SPLIT_BEYOND_ALLOWANCE,False,,,,SPLIT_BEYOND_ALLOWANCE
fiber_016,226,B1|B5|B6|B7,0.91749526743460896,0.91339673773158936,0.0040985297030196044,0,0,16,16,1e-10,SPLIT_BEYOND_ALLOWANCE,False,,,,SPLIT_BEYOND_ALLOWANCE
fiber_016,227,B0|B1|B5|B6|B7,0.7849570416737589,0.77560823862773631,0.0093488030460225913,0,0,8,8,1e-10,SPLIT_BEYOND_ALLOWANCE,False,,,,SPLIT_BEYOND_ALLOWANCE
fiber_016,228,B2|B5|B6|B7,1.0492596564300802,1.042821606771581,0.0064380496584992564,0,0,16,16,1e-10,SPLIT_BEYOND_ALLOWANCE,False,,,,SPLIT_BEYOND_ALLOWANCE
fiber_016,229,B0|B2|B5|B6|B7,0.91467007288661772,0.90838719751639385,0.0062828753702238727,0,0,8,8,1e-10,SPLIT_BEYOND_ALLOWANCE,False,,,,SPLIT_BEYOND_ALLOWANCE
fiber_016,230,B1|B2|B5|B6|B7,1.0810505312597443,1.0740177256811718,0.007032805578572443,0,0,8,8,1e-10,SPLIT_BEYOND_ALLOWANCE,False,,,,SPLIT_BEYOND_ALLOWANCE
fiber_016,231,B0|B1|B2|B5|B6|B7,0.71413902985670707,0.70676617798104491,0.0073728518756621675,0,0,4,4,1e-10,SPLIT_BEYOND_ALLOWANCE,False,,,,SPLIT_BEYOND_ALLOWANCE
fiber_016,232,B3|B5|B6|B7,1.3074955399600989,1.3051374878210238,0.0023580521390751397,0,0,16,16,1e-10,SPLIT_BEYOND_ALLOWANCE,False,,,,SPLIT_BEYOND_ALLOWANCE
fiber_016,233,B0|B3|B5|B6|B7,1.1876902254931156,1.1824642394154412,0.0052259860776744382,0,0,8,8,1e-10,SPLIT_BEYOND_ALLOWANCE,False,,,,SPLIT_BEYOND_ALLOWANCE
fiber_016,234,B1|B3|B5|B6|B7,1.2527899274629442,1.2498272268133048,0.0029627006496393271,0,0,8,8,1e-10,SPLIT_BEYOND_ALLOWANCE,False,,,,SPLIT_BEYOND_ALLOWANCE
fiber_016,235,B0|B1|B3|B5|B6|B7,0.92724845693654157,0.92141257329475523,0.0058358836417863325,0,0,4,4,1e-10,SPLIT_BEYOND_ALLOWANCE,False,,,,SPLIT_BEYOND_ALLOWANCE
fiber_016,236,B2|B3|B5|B6|B7,1.303421259637308,1.3004837173319255,0.0029375423053825678,0,0,8,8,1e-10,SPLIT_BEYOND_ALLOWANCE,False,,,,SPLIT_BEYOND_ALLOWANCE
fiber_016,237,B0|B2|B3|B5|B6|B7,0.96252542753470205,0.96117257763412423,0.0013528499005778238,0,0,4,4,1e-10,SPLIT_BEYOND_ALLOWANCE,False,,,,SPLIT_BEYOND_ALLOWANCE
fiber_016,238,B1|B2|B3|B5|B6|B7,1.1394645554191241,1.1381072745434264,0.0013572808756976418,0,0,4,4,1e-10,SPLIT_BEYOND_ALLOWANCE,False,,,,SPLIT_BEYOND_ALLOWANCE
fiber_016,239,B0|B1|B2|B3|B5|B6|B7,0.64231588762920433,0.64164127950413619,0.00067460812506814349,0,0,2,2,1e-10,SPLIT_BEYOND_ALLOWANCE,False,,,,SPLIT_BEYOND_ALLOWANCE
fiber_016,240,B4|B5|B6|B7,1.2947643177735531,1.2918385292086541,0.0029257885648990012,0,0,16,16,1e-10,SPLIT_BEYOND_ALLOWANCE,False,,,,SPLIT_BEYOND_ALLOWANCE
fiber_016,241,B0|B4|B5|B6|B7,1.169949124962409,1.1647774366878221,0.0051716882745869164,0,0,8,8,1e-10,SPLIT_BEYOND_ALLOWANCE,False,,,,SPLIT_BEYOND_ALLOWANCE
fiber_016,242,B1|B4|B5|B6|B7,1.2501996319284028,1.2468221983311703,0.0033774335972325265,0,0,8,8,1e-10,SPLIT_BEYOND_ALLOWANCE,False,,,,SPLIT_BEYOND_ALLOWANCE
fiber_016,243,B0|B1|B4|B5|B6|B7,0.91335889283953153,0.90740755732674816,0.0059513355127833734,0,0,4,4,1e-10,SPLIT_BEYOND_ALLOWANCE,False,,,,SPLIT_BEYOND_ALLOWANCE
fiber_016,244,B2|B4|B5|B6|B7,1.3281771222476846,1.3246528299697642,0.0035242922779203933,0,0,8,8,1e-10,SPLIT_BEYOND_ALLOWANCE,False,,,,SPLIT_BEYOND_ALLOWANCE
fiber_016,245,B0|B2|B4|B5|B6|B7,0.97048792901707337,0.96900873050129865,0.0014791985157747156,0,0,4,4,1e-10,SPLIT_BEYOND_ALLOWANCE,False,,,,SPLIT_BEYOND_ALLOWANCE
fiber_016,246,B1|B2|B4|B5|B6|B7,1.1737088255533368,1.1716428127865648,0.0020660127667719852,0,0,4,4,1e-10,SPLIT_BEYOND_ALLOWANCE,False,,,,SPLIT_BEYOND_ALLOWANCE
fiber_016,247,B0|B1|B2|B4|B5|B6|B7,0.63629772452862421,0.6356789786195256,0.00061874590909860583,0,0,2,2,1e-10,SPLIT_BEYOND_ALLOWANCE,False,,,,SPLIT_BEYOND_ALLOWANCE
fiber_016,248,B3|B4|B5|B6|B7,1.0300143154108958,1.023337458348911,0.0066768570619848422,0,0,8,8,1e-10,SPLIT_BEYOND_ALLOWANCE,False,,,,SPLIT_BEYOND_ALLOWANCE
fiber_016,249,B0|B3|B4|B5|B6|B7,0.71301578238015939,0.70600430284338267,0.0070114795367767213,0,0,4,4,1e-10,SPLIT_BEYOND_ALLOWANCE,False,,,,SPLIT_BEYOND_ALLOWANCE
fiber_016,250,B1|B3|B4|B5|B6|B7,0.81171589659887589,0.80654991153392985,0.0051659850649460326,0,0,4,4,1e-10,SPLIT_BEYOND_ALLOWANCE,False,,,,SPLIT_BEYOND_ALLOWANCE
fiber_016,251,B0|B1|B3|B4|B5|B6|B7,0.35192735579370638,0.34584608632267733,0.0060812694710290494,0,0,2,2,1e-10,SPLIT_BEYOND_ALLOWANCE,False,,,,SPLIT_BEYOND_ALLOWANCE
fiber_016,252,B2|B3|B4|B5|B6|B7,0.83718147731168657,0.83317162006018397,0.0040098572515026021,0,0,4,4,1e-10,SPLIT_BEYOND_ALLOWANCE,False,,,,SPLIT_BEYOND_ALLOWANCE
fiber_016,253,B0|B2|B3|B4|B5|B6|B7,0.37776800449641085,0.37648262010949635,0.001285384386914501,0,0,2,2,1e-10,SPLIT_BEYOND_ALLOWANCE,False,,,,SPLIT_BEYOND_ALLOWANCE
fiber_016,254,B1|B2|B3|B4|B5|B6|B7,0.56261706768985653,0.56138104407650602,0.001236023613350512,0,0,2,2,1e-10,SPLIT_BEYOND_ALLOWANCE,False,,,,SPLIT_BEYOND_ALLOWANCE
fiber_016,255,B0|B1|B2|B3|B4|B5|B6|B7,0,0,0,0,0,1,1,1e-10,EQUAL_WITHIN_ALLOWANCE,False,,,,EQUAL_WITHIN_ALLOWANCE
fiber_017,0,EMPTY,0,0,0,0,0,1,1,1e-10,EQUAL_WITHIN_ALLOWANCE,False,,,,EQUAL_WITHIN_ALLOWANCE
fiber_017,1,B0,0.27592232748455409,0.26968695252579822,0.0062353749587558682,0,0,2,2,1e-10,SPLIT_BEYOND_ALLOWANCE,False,,,,SPLIT_BEYOND_ALLOWANCE
fiber_017,2,B1,0.38661690756249406,0.37048463860676678,0.01613226895572728,0,0,2,2,1e-10,SPLIT_BEYOND_ALLOWANCE,False,,,,SPLIT_BEYOND_ALLOWANCE
fiber_017,3,B0|B1,0.62278577094977317,0.59069019568727443,0.032095575262498732,0,0,4,4,1e-10,SPLIT_BEYOND_ALLOWANCE,False,,,,SPLIT_BEYOND_ALLOWANCE
fiber_017,4,B2,0.42365150679268154,0.40060430988111573,0.023047196911565815,0,0,2,2,1e-10,SPLIT_BEYOND_ALLOWANCE,False,,,,SPLIT_BEYOND_ALLOWANCE
fiber_017,5,B0|B2,0.6289848837247729,0.61524874622360315,0.013736137501169754,0,0,4,4,1e-10,SPLIT_BEYOND_ALLOWANCE,False,,,,SPLIT_BEYOND_ALLOWANCE
fiber_017,6,B1|B2,0.75808610791296838,0.722777497332598,0.035308610580370381,0,0,4,4,1e-10,SPLIT_BEYOND_ALLOWANCE,False,,,,SPLIT_BEYOND_ALLOWANCE
fiber_017,7,B0|B1|B2,0.86311474908617147,0.8382641878420668,0.024850561244104674,0,0,8,8,1e-10,SPLIT_BEYOND_ALLOWANCE,False,,,,SPLIT_BEYOND_ALLOWANCE
fiber_017,8,B3,0.11825678621886906,0.10170947026408138,0.016547315954787686,0,0,2,2,1e-10,SPLIT_BEYOND_ALLOWANCE,False,,,,SPLIT_BEYOND_ALLOWANCE
fiber_017,9,B0|B3,0.3302940457403486,0.32469334009119233,0.0056007056491562679,0,0,4,4,1e-10,SPLIT_BEYOND_ALLOWANCE,False,,,,SPLIT_BEYOND_ALLOWANCE
fiber_017,10,B1|B3,0.48961023106753415,0.46133724944533505,0.0282729816221991,0,0,4,4,1e-10,SPLIT_BEYOND_ALLOWANCE,False,,,,SPLIT_BEYOND_ALLOWANCE
fiber_017,11,B0|B1|B3,0.65282279350556205,0.62234063034863052,0.03048216315693153,0,0,8,8,1e-10,SPLIT_BEYOND_ALLOWANCE,False,,,,SPLIT_BEYOND_ALLOWANCE
fiber_017,12,B2|B3,0.52451994401894064,0.48784285061053456,0.036677093408406081,0,0,4,4,1e-10,SPLIT_BEYOND_ALLOWANCE,False,,,,SPLIT_BEYOND_ALLOWANCE
fiber_017,13,B0|B2|B3,0.64368652085030287,0.63172323411298492,0.011963286737317946,0,0,8,8,1e-10,SPLIT_BEYOND_ALLOWANCE,False,,,,SPLIT_BEYOND_ALLOWANCE
fiber_017,14,B1|B2|B3,0.82350437087362494,0.77769682774688231,0.045807543126742623,0,0,8,8,1e-10,SPLIT_BEYOND_ALLOWANCE,False,,,,SPLIT_BEYOND_ALLOWANCE
fiber_017,15,B0|B1|B2|B3,0.83036658807441055,0.81211561203151528,0.018250976042895273,0,0,16,16,1e-10,SPLIT_BEYOND_ALLOWANCE,False,,,,SPLIT_BEYOND_ALLOWANCE
fiber_017,16,B4,0.34977553384253657,0.36307864433254788,0.013303110490011316,0,0,2,2,1e-10,SPLIT_BEYOND_ALLOWANCE,False,,,,SPLIT_BEYOND_ALLOWANCE
fiber_017,17,B0|B4,0.5935575302705498,0.60501388359763564,0.011456353327085833,0,0,4,4,1e-10,SPLIT_BEYOND_ALLOWANCE,False,,,,SPLIT_BEYOND_ALLOWANCE
fiber_017,18,B1|B4,0.68301696034450732,0.67235317429399111,0.010663786050516211,0,0,4,4,1e-10,SPLIT_BEYOND_ALLOWANCE,False,,,,SPLIT_BEYOND_ALLOWANCE
fiber_017,19,B0|B1|B4,0.84383981657450668,0.82274294465835651,0.021096871916150173,0,0,8,8,1e-10,SPLIT_BEYOND_ALLOWANCE,False,,,,SPLIT_BEYOND_ALLOWANCE
fiber_017,20,B2|B4,0.57048128558348998,0.57428461678306564,0.0038033311995756547,0,0,4,4,1e-10,SPLIT_BEYOND_ALLOWANCE,False,,,,SPLIT_BEYOND_ALLOWANCE
fiber_017,21,B0|B2|B4,0.69540412063489865,0.71712059310125009,0.021716472466351444,0,0,8,8,1e-10,SPLIT_BEYOND_ALLOWANCE,False,,,,SPLIT_BEYOND_ALLOWANCE
fiber_017,22,B1|B2|B4,0.74713259334806326,0.74423357983360283,0.0028990135144604245,0,0,8,8,1e-10,SPLIT_BEYOND_ALLOWANCE,False,,,,SPLIT_BEYOND_ALLOWANCE
fiber_017,23,B0|B1|B2|B4,0.74891635209833862,0.75712776461991893,0.008211412521580308,0,0,16,16,1e-10,SPLIT_BEYOND_ALLOWANCE,False,,,,SPLIT_BEYOND_ALLOWANCE
fiber_017,24,B3|B4,0.46200044223965797,0.45946398757142076,0.0025364546682372091,0,0,4,4,1e-10,SPLIT_BEYOND_ALLOWANCE,False,,,,SPLIT_BEYOND_ALLOWANCE
fiber_017,25,B0|B3|B4,0.62777099121167623,0.64165131409961562,0.013880322887939389,0,0,8,8,1e-10,SPLIT_BEYOND_ALLOWANCE,False,,,,SPLIT_BEYOND_ALLOWANCE
fiber_017,26,B1|B3|B4,0.76796558430868789,0.74609197206049893,0.021873612248188956,0,0,8,8,1e-10,SPLIT_BEYOND_ALLOWANCE,False,,,,SPLIT_BEYOND_ALLOWANCE
fiber_017,27,B0|B1|B3|B4,0.83685025734457508,0.82041956727156296,0.016430690073012122,0,0,16,16,1e-10,SPLIT_BEYOND_ALLOWANCE,False,,,,SPLIT_BEYOND_ALLOWANCE
fiber_017,28,B2|B3|B4,0.6492220041769583,0.64148625727176678,0.0077357469051915206,0,0,8,8,1e-10,SPLIT_BEYOND_ALLOWANCE,False,,,,SPLIT_BEYOND_ALLOWANCE
fiber_017,29,B0|B2|B3|B4,0.67843707690083987,0.70550715499605676,0.027070078095216887,0,0,16,16,1e-10,SPLIT_BEYOND_ALLOWANCE,False,,,,SPLIT_BEYOND_ALLOWANCE
fiber_017,30,B1|B2|B3|B4,0.77666140615811508,0.76965135321898015,0.0070100529391349253,0,0,16,16,1e-10,SPLIT_BEYOND_ALLOWANCE,False,,,,SPLIT_BEYOND_ALLOWANCE
fiber_017,31,B0|B1|B2|B3|B4,0.68141358835938726,0.70217421180827511,0.020760623448887849,0,0,8,8,1e-10,SPLIT_BEYOND_ALLOWANCE,False,,,,SPLIT_BEYOND_ALLOWANCE
fiber_017,32,B5,0.13136774115013516,0.15141542276154801,0.020047681611412849,0,0,2,2,1e-10,SPLIT_BEYOND_ALLOWANCE,False,,,,SPLIT_BEYOND_ALLOWANCE
fiber_017,33,B0|B5,0.32883212303136344,0.33184696274655356,0.0030148397151901207,0,0,4,4,1e-10,SPLIT_BEYOND_ALLOWANCE,False,,,,SPLIT_BEYOND_ALLOWANCE
fiber_017,34,B1|B5,0.50722497100867736,0.50238742321784557,0.0048375477908317865,0,0,4,4,1e-10,SPLIT_BEYOND_ALLOWANCE,False,,,,SPLIT_BEYOND_ALLOWANCE
fiber_017,35,B0|B1|B5,0.64222581146282065,0.60748955180844755,0.034736259654373103,0,0,8,8,1e-10,SPLIT_BEYOND_ALLOWANCE,False,,,,SPLIT_BEYOND_ALLOWANCE
fiber_017,36,B2|B5,0.53973868199402908,0.53582408765448497,0.0039145943395441085,0,0,4,4,1e-10,SPLIT_BEYOND_ALLOWANCE,False,,,,SPLIT_BEYOND_ALLOWANCE
fiber_017,37,B0|B2|B5,0.64284034303242177,0.63443309527808356,0.0084072477543382096,0,0,8,8,1e-10,SPLIT_BEYOND_ALLOWANCE,False,,,,SPLIT_BEYOND_ALLOWANCE
fiber_017,38,B1|B2|B5,0.84152758184608545,0.81414737538840665,0.027380206457678802,0,0,8,8,1e-10,SPLIT_BEYOND_ALLOWANCE,False,,,,SPLIT_BEYOND_ALLOWANCE
fiber_017,39,B0|B1|B2|B5,0.81810880419701171,0.78653050873782571,0.031578295459186001,0,0,16,16,1e-10,SPLIT_BEYOND_ALLOWANCE,False,,,,SPLIT_BEYOND_ALLOWANCE
fiber_017,40,B3|B5,0.2393757260990925,0.24524501925966291,0.0058692931605704157,0,0,4,4,1e-10,SPLIT_BEYOND_ALLOWANCE,False,,,,SPLIT_BEYOND_ALLOWANCE
fiber_017,41,B0|B3|B5,0.35941537987159528,0.36440148995954386,0.0049861100879485809,0,0,8,8,1e-10,SPLIT_BEYOND_ALLOWANCE,False,,,,SPLIT_BEYOND_ALLOWANCE
fiber_017,42,B1|B3|B5,0.5938231989337488,0.57876438926989004,0.015058809663858752,0,0,8,8,1e-10,SPLIT_BEYOND_ALLOWANCE,False,,,,SPLIT_BEYOND_ALLOWANCE
fiber_017,43,B0|B1|B3|B5,0.6421922157305926,0.61185047715601781,0.030341738574574784,0,0,16,16,1e-10,SPLIT_BEYOND_ALLOWANCE,False,,,,SPLIT_BEYOND_ALLOWANCE
fiber_017,44,B2|B3|B5,0.62258771615000386,0.60726095512752121,0.015326761022482649,0,0,8,8,1e-10,SPLIT_BEYOND_ALLOWANCE,False,,,,SPLIT_BEYOND_ALLOWANCE
fiber_017,45,B0|B2|B3|B5,0.62269514116468383,0.61690062548206748,0.0057945156826163524,0,0,16,16,1e-10,SPLIT_BEYOND_ALLOWANCE,False,,,,SPLIT_BEYOND_ALLOWANCE
fiber_017,46,B1|B2|B3|B5,0.88186058646687093,0.84672952917310751,0.035131057293763424,0,0,16,16,1e-10,SPLIT_BEYOND_ALLOWANCE,False,,,,SPLIT_BEYOND_ALLOWANCE
fiber_017,47,B0|B1|B2|B3|B5,0.75353108296355187,0.73223893849705946,0.021292144466492413,0,0,8,8,1e-10,SPLIT_BEYOND_ALLOWANCE,False,,,,SPLIT_BEYOND_ALLOWANCE
fiber_017,48,B4|B5,0.47125703204280694,0.50114473369733492,0.029887701654527976,0,0,4,4,1e-10,SPLIT_BEYOND_ALLOWANCE,False,,,,SPLIT_BEYOND_ALLOWANCE
fiber_017,49,B0|B4|B5,0.62760736064639855,0.64253816403806097,0.014930803391662417,0,0,8,8,1e-10,SPLIT_BEYOND_ALLOWANCE,False,,,,SPLIT_BEYOND_ALLOWANCE
fiber_017,50,B1|B4|B5,0.77709297258742616,0.76964644566390461,0.0074465269235215459,0,0,8,8,1e-10,SPLIT_BEYOND_ALLOWANCE,False,,,,SPLIT_BEYOND_ALLOWANCE
fiber_017,51,B0|B1|B4|B5,0.81751227295732332,0.78475502021473631,0.032757252742587006,0,0,16,16,1e-10,SPLIT_BEYOND_ALLOWANCE,False,,,,SPLIT_BEYOND_ALLOWANCE
fiber_017,52,B2|B4|B5,0.65852904775458965,0.67590202294671409,0.01737297519212444,0,0,8,8,1e-10,SPLIT_BEYOND_ALLOWANCE,False,,,,SPLIT_BEYOND_ALLOWANCE
fiber_017,53,B0|B2|B4|B5,0.6709817360945427,0.69143457200673641,0.020452835912193712,0,0,16,16,1e-10,SPLIT_BEYOND_ALLOWANCE,False,,,,SPLIT_BEYOND_ALLOWANCE
fiber_017,54,B1|B2|B4|B5,0.77085107850796553,0.76525620262274496,0.0055948758852205627,0,0,16,16,1e-10,SPLIT_BEYOND_ALLOWANCE,False,,,,SPLIT_BEYOND_ALLOWANCE
fiber_017,55,B0|B1|B2|B4|B5,0.65881737429554721,0.65035391861029557,0.0084634556852516418,0,0,8,8,1e-10,SPLIT_BEYOND_ALLOWANCE,False,,,,SPLIT_BEYOND_ALLOWANCE
fiber_017,56,B3|B4|B5,0.56991386097690999,0.58654653749388819,0.016632676516978195,0,0,8,8,1e-10,SPLIT_BEYOND_ALLOWANCE,False,,,,SPLIT_BEYOND_ALLOWANCE
fiber_017,57,B0|B3|B4|B5,0.63131009281237049,0.65119291588243988,0.019882823070069389,0,0,16,16,1e-10,SPLIT_BEYOND_ALLOWANCE,False,,,,SPLIT_BEYOND_ALLOWANCE
fiber_017,58,B1|B3|B4|B5,0.83682824523478039,0.8205281641711194,0.016300081063660987,0,0,16,16,1e-10,SPLIT_BEYOND_ALLOWANCE,False,,,,SPLIT_BEYOND_ALLOWANCE
fiber_017,59,B0|B1|B3|B4|B5,0.77721703247216822,0.75186023868399021,0.025356793788178011,0,0,8,8,1e-10,SPLIT_BEYOND_ALLOWANCE,False,,,,SPLIT_BEYOND_ALLOWANCE
fiber_017,60,B2|B3|B4|B5,0.70839519292557762,0.71813539900094181,0.0097402060753641884,0,0,16,16,1e-10,SPLIT_BEYOND_ALLOWANCE,False,,,,SPLIT_BEYOND_ALLOWANCE
fiber_017,61,B0|B2|B3|B4|B5,0.6134443343620094,0.64155309038936259,0.028108756027353188,0,0,8,8,1e-10,SPLIT_BEYOND_ALLOWANCE,False,,,,SPLIT_BEYOND_ALLOWANCE
fiber_017,62,B1|B2|B3|B4|B5,0.76741225539397717,0.76079135407462306,0.0066209013193541111,0,0,8,8,1e-10,SPLIT_BEYOND_ALLOWANCE,False,,,,SPLIT_BEYOND_ALLOWANCE
fiber_017,63,B0|B1|B2|B3|B4|B5,0.56573687651507887,0.57290417742736832,0.0071673009122894538,0,0,4,4,1e-10,SPLIT_BEYOND_ALLOWANCE,False,,,,SPLIT_BEYOND_ALLOWANCE
fiber_017,64,B6,0.44463766190143733,0.4540979840139453,0.0094603221125079684,0,0,2,2,1e-10,SPLIT_BEYOND_ALLOWANCE,False,,,,SPLIT_BEYOND_ALLOWANCE
fiber_017,65,B0|B6,0.66503808700843192,0.65853708224103036,0.0065010047674015636,0,0,4,4,1e-10,SPLIT_BEYOND_ALLOWANCE,False,,,,SPLIT_BEYOND_ALLOWANCE
fiber_017,66,B1|B6,0.50595382791228716,0.53476130695285651,0.02880747904056935,0,0,4,4,1e-10,SPLIT_BEYOND_ALLOWANCE,False,,,,SPLIT_BEYOND_ALLOWANCE
fiber_017,67,B0|B1|B6,0.63186362208861468,0.64075977997242572,0.00889615788381104,0,0,8,8,1e-10,SPLIT_BEYOND_ALLOWANCE,False,,,,SPLIT_BEYOND_ALLOWANCE
fiber_017,68,B2|B6,0.7896955161052498,0.76505683713398742,0.024638678971262373,0,0,4,4,1e-10,SPLIT_BEYOND_ALLOWANCE,False,,,,SPLIT_BEYOND_ALLOWANCE
fiber_017,69,B0|B2|B6,0.88499903794732715,0.86923474317083482,0.015764294776492327,0,0,8,8,1e-10,SPLIT_BEYOND_ALLOWANCE,False,,,,SPLIT_BEYOND_ALLOWANCE
fiber_017,70,B1|B2|B6,0.69528848364350571,0.71545914081902362,0.020170657175517914,0,0,8,8,1e-10,SPLIT_BEYOND_ALLOWANCE,False,,,,SPLIT_BEYOND_ALLOWANCE
fiber_017,71,B0|B1|B2|B6,0.66384414149306425,0.67997223729256862,0.016128095799504361,0,0,16,16,1e-10,SPLIT_BEYOND_ALLOWANCE,False,,,,SPLIT_BEYOND_ALLOWANCE
fiber_017,72,B3|B6,0.54522404434266114,0.53870101974913687,0.0065230245935242737,0,0,4,4,1e-10,SPLIT_BEYOND_ALLOWANCE,False,,,,SPLIT_BEYOND_ALLOWANCE
fiber_017,73,B0|B3|B6,0.6851024136028222,0.67655239579667759,0.0085500178061446164,0,0,8,8,1e-10,SPLIT_BEYOND_ALLOWANCE,False,,,,SPLIT_BEYOND_ALLOWANCE
fiber_017,74,B1|B3|B6,0.57758829121264454,0.59766757010186256,0.020079278889218011,0,0,8,8,1e-10,SPLIT_BEYOND_ALLOWANCE,False,,,,SPLIT_BEYOND_ALLOWANCE
fiber_017,75,B0|B1|B3|B6,0.60158489559814399,0.61567938768389041,0.014094492085746424,0,0,16,16,1e-10,SPLIT_BEYOND_ALLOWANCE,False,,,,SPLIT_BEYOND_ALLOWANCE
fiber_017,76,B2|B3|B6,0.84575948696203951,0.81112112003194281,0.034638366930096698,0,0,8,8,1e-10,SPLIT_BEYOND_ALLOWANCE,False,,,,SPLIT_BEYOND_ALLOWANCE
fiber_017,77,B0|B2|B3|B6,0.84037859750046462,0.83125250522953675,0.0091260922709278658,0,0,16,16,1e-10,SPLIT_BEYOND_ALLOWANCE,False,,,,SPLIT_BEYOND_ALLOWANCE
fiber_017,78,B1|B2|B3|B6,0.71013850394983336,0.72215766970541728,0.012019165755583927,0,0,16,16,1e-10,SPLIT_BEYOND_ALLOWANCE,False,,,,SPLIT_BEYOND_ALLOWANCE
fiber_017,79,B0|B1|B2|B3|B6,0.57471671990668871,0.60313865377964515,0.02842193387295644,0,0,8,8,1e-10,SPLIT_BEYOND_ALLOWANCE,False,,,,SPLIT_BEYOND_ALLOWANCE
fiber_017,80,B4|B6,0.67276881440606795,0.65270205161172201,0.020066762794345938,0,0,4,4,1e-10,SPLIT_BEYOND_ALLOWANCE,False,,,,SPLIT_BEYOND_ALLOWANCE
fiber_017,81,B0|B4|B6,0.82704318448035041,0.79250638981403854,0.034536794666311876,0,0,8,8,1e-10,SPLIT_BEYOND_ALLOWANCE,False,,,,SPLIT_BEYOND_ALLOWANCE
fiber_017,82,B1|B4|B6,0.56343093424581958,0.55853695486145316,0.0048939793843664203,0,0,8,8,1e-10,SPLIT_BEYOND_ALLOWANCE,False,,,,SPLIT_BEYOND_ALLOWANCE
fiber_017,83,B0|B1|B4|B6,0.59664341263265785,0.58120605517366153,0.015437357458996326,0,0,16,16,1e-10,SPLIT_BEYOND_ALLOWANCE,False,,,,SPLIT_BEYOND_ALLOWANCE
fiber_017,84,B2|B4|B6,0.70247486257717862,0.67190715786576038,0.030567704711418231,0,0,8,8,1e-10,SPLIT_BEYOND_ALLOWANCE,False,,,,SPLIT_BEYOND_ALLOWANCE
fiber_017,85,B0|B2|B4|B6,0.68887637548326386,0.67162686702988816,0.017249508453375695,0,0,16,16,1e-10,SPLIT_BEYOND_ALLOWANCE,False,,,,SPLIT_BEYOND_ALLOWANCE
fiber_017,86,B1|B2|B4|B6,0.45383951128120403,0.45706858930553962,0.0032290780243355854,0,0,16,16,1e-10,SPLIT_BEYOND_ALLOWANCE,False,,,,SPLIT_BEYOND_ALLOWANCE
fiber_017,87,B0|B1|B2|B4|B6,0.35258451463339147,0.3565187260401414,0.0039342114067499323,0,0,8,8,1e-10,SPLIT_BEYOND_ALLOWANCE,False,,,,SPLIT_BEYOND_ALLOWANCE
fiber_017,88,B3|B4|B6,0.74769533523763798,0.71605924409627364,0.031636091141364342,0,0,8,8,1e-10,SPLIT_BEYOND_ALLOWANCE,False,,,,SPLIT_BEYOND_ALLOWANCE
fiber_017,89,B0|B3|B4|B6,0.80326256820697162,0.7740345278154932,0.029228040391478416,0,0,16,16,1e-10,SPLIT_BEYOND_ALLOWANCE,False,,,,SPLIT_BEYOND_ALLOWANCE
fiber_017,90,B1|B3|B4|B6,0.59789151705511578,0.58794415139775036,0.0099473656573654257,1.085004075624318e-32,6.9072963915324738e-33,8,8,1e-10,SPLIT_BEYOND_ALLOWANCE,False,,,,SPLIT_BEYOND_ALLOWANCE
fiber_017,91,B0|B1|B3|B4|B6,0.52514338904494295,0.51973525750753047,0.0054081315374124861,0,0,8,8,1e-10,SPLIT_BEYOND_ALLOWANCE,False,,,,SPLIT_BEYOND_ALLOWANCE
fiber_017,92,B2|B3|B4|B6,0.72232102220334682,0.68517054607551775,0.037150476127829068,0,0,16,16,1e-10,SPLIT_BEYOND_ALLOWANCE,False,,,,SPLIT_BEYOND_ALLOWANCE
fiber_017,93,B0|B2|B3|B4|B6,0.61501711267334735,0.60734254604612037,0.0076745666272269863,0,0,8,8,1e-10,SPLIT_BEYOND_ALLOWANCE,False,,,,SPLIT_BEYOND_ALLOWANCE
fiber_017,94,B1|B2|B3|B4|B6,0.43722415535252074,0.43713664757462023,8.7507777900508454e-05,0,0,8,8,1e-10,SPLIT_BEYOND_ALLOWANCE,False,,,,SPLIT_BEYOND_ALLOWANCE
fiber_017,95,B0|B1|B2|B3|B4|B6,0.25192580897315653,0.26952933633625104,0.017603527363094507,0,0,4,4,1e-10,SPLIT_BEYOND_ALLOWANCE,False,,,,SPLIT_BEYOND_ALLOWANCE
fiber_017,96,B5|B6,0.56775060372793162,0.59148564176855245,0.023735038040620826,0,0,4,4,1e-10,SPLIT_BEYOND_ALLOWANCE,False,,,,SPLIT_BEYOND_ALLOWANCE
fiber_017,97,B0|B5|B6,0.69401563860410809,0.68875703246831055,0.0052586061357975389,0,0,8,8,1e-10,SPLIT_BEYOND_ALLOWANCE,False,,,,SPLIT_BEYOND_ALLOWANCE
fiber_017,98,B1|B5|B6,0.58701117332664232,0.61613383670202326,0.029122663375380942,0,0,8,8,1e-10,SPLIT_BEYOND_ALLOWANCE,False,,,,SPLIT_BEYOND_ALLOWANCE
fiber_017,99,B0|B1|B5|B6,0.59172851538178683,0.58551407323544458,0.0062144421463422583,6.0709395648146574e-33,5.5340612190890656e-33,8,8,1e-10,SPLIT_BEYOND_ALLOWANCE,False,,,,SPLIT_BEYOND_ALLOWANCE
fiber_017,100,B2|B5|B6,0.87475642025814671,0.86191482297447441,0.01284159728367229,0,0,8,8,1e-10,SPLIT_BEYOND_ALLOWANCE,False,,,,SPLIT_BEYOND_ALLOWANCE
fiber_017,101,B0|B2|B5|B6,0.84026553044134844,0.82036312621798346,0.019902404223364978,0,0,16,16,1e-10,SPLIT_BEYOND_ALLOWANCE,False,,,,SPLIT_BEYOND_ALLOWANCE
fiber_017,102,B1|B2|B5|B6,0.71454772036100533,0.72996275649320119,0.015415036132195858,0,0,16,16,1e-10,SPLIT_BEYOND_ALLOWANCE,False,,,,SPLIT_BEYOND_ALLOWANCE
fiber_017,103,B0|B1|B2|B5|B6,0.56644299318815461,0.56314932095129833,0.0032936722368562821,0,0,8,8,1e-10,SPLIT_BEYOND_ALLOWANCE,False,,,,SPLIT_BEYOND_ALLOWANCE
fiber_017,104,B3|B5|B6,0.64859763593630781,0.65841676626081314,0.0098191303245053208,0,0,8,8,1e-10,SPLIT_BEYOND_ALLOWANCE,False,,,,SPLIT_BEYOND_ALLOWANCE
fiber_017,105,B0|B3|B5|B6,0.6845797623091382,0.68059081323554094,0.0039889490735972588,0,0,16,16,1e-10,SPLIT_BEYOND_ALLOWANCE,False,,,,SPLIT_BEYOND_ALLOWANCE
fiber_017,106,B1|B3|B5|B6,0.62243006534652567,0.64477341666034726,0.022343351313821591,0,0,16,16,1e-10,SPLIT_BEYOND_ALLOWANCE,False,,,,SPLIT_BEYOND_ALLOWANCE
fiber_017,107,B0|B1|B3|B5|B6,0.53132293747739756,0.53427371787163125,0.0029507803942336874,0,0,8,8,1e-10,SPLIT_BEYOND_ALLOWANCE,False,,,,SPLIT_BEYOND_ALLOWANCE
fiber_017,108,B2|B3|B5|B6,0.90001540723121121,0.87961394045203334,0.020401466779177868,0,0,16,16,1e-10,SPLIT_BEYOND_ALLOWANCE,False,,,,SPLIT_BEYOND_ALLOWANCE
fiber_017,109,B0|B2|B3|B5|B6,0.765650975736201,0.75523099611300482,0.010419979623196185,0,0,8,8,1e-10,SPLIT_BEYOND_ALLOWANCE,False,,,,SPLIT_BEYOND_ALLOWANCE
fiber_017,110,B1|B2|B3|B5|B6,0.69284713793184138,0.7025603003998353,0.0097131624679939188,0,0,8,8,1e-10,SPLIT_BEYOND_ALLOWANCE,False,,,,SPLIT_BEYOND_ALLOWANCE
fiber_017,111,B0|B1|B2|B3|B5|B6,0.45892845978739327,0.4709431562676179,0.012014696480224629,0,0,4,4,1e-10,SPLIT_BEYOND_ALLOWANCE,False,,,,SPLIT_BEYOND_ALLOWANCE
fiber_017,112,B4|B5|B6,0.76558916330822302,0.75001170655381955,0.015577456754403474,0,0,8,8,1e-10,SPLIT_BEYOND_ALLOWANCE,False,,,,SPLIT_BEYOND_ALLOWANCE
fiber_017,113,B0|B4|B5|B6,0.79510045227688664,0.75233460056372536,0.042765851713161274,0,0,16,16,1e-10,SPLIT_BEYOND_ALLOWANCE,False,,,,SPLIT_BEYOND_ALLOWANCE
fiber_017,114,B1|B4|B5|B6,0.60478446744270375,0.59548789491206677,0.0092965725306369817,0,0,16,16,1e-10,SPLIT_BEYOND_ALLOWANCE,False,,,,SPLIT_BEYOND_ALLOWANCE
fiber_017,115,B0|B1|B4|B5|B6,0.51794576036892814,0.48348444003997937,0.034461320328948775,0,0,8,8,1e-10,SPLIT_BEYOND_ALLOWANCE,False,,,,SPLIT_BEYOND_ALLOWANCE
fiber_017,116,B2|B4|B5|B6,0.73405920791041168,0.70496904490698697,0.029090163003424707,0,0,16,16,1e-10,SPLIT_BEYOND_ALLOWANCE,False,,,,SPLIT_BEYOND_ALLOWANCE
fiber_017,117,B0|B2|B4|B5|B6,0.59824215969523853,0.56789537859148864,0.030346781103749887,0,0,8,8,1e-10,SPLIT_BEYOND_ALLOWANCE,False,,,,SPLIT_BEYOND_ALLOWANCE
fiber_017,118,B1|B2|B4|B5|B6,0.43973768531737678,0.43344637540355385,0.0062913099138229289,0,0,8,8,1e-10,SPLIT_BEYOND_ALLOWANCE,False,,,,SPLIT_BEYOND_ALLOWANCE
fiber_017,119,B0|B1|B2|B4|B5|B6,0.23821212405619233,0.21934987510386469,0.018862248952327632,0,0,4,4,1e-10,SPLIT_BEYOND_ALLOWANCE,False,,,,SPLIT_BEYOND_ALLOWANCE
fiber_017,120,B3|B4|B5|B6,0.81465435965901145,0.79048930995528199,0.024165049703729458,0,0,16,16,1e-10,SPLIT_BEYOND_ALLOWANCE,False,,,,SPLIT_BEYOND_ALLOWANCE
fiber_017,121,B0|B3|B4|B5|B6,0.74361319893957978,0.70901423367869143,0.034598965260888348,0,0,8,8,1e-10,SPLIT_BEYOND_ALLOWANCE,False,,,,SPLIT_BEYOND_ALLOWANCE
fiber_017,122,B1|B3|B4|B5|B6,0.60347021836450521,0.59010353305944241,0.013366685305062798,0,0,8,8,1e-10,SPLIT_BEYOND_ALLOWANCE,False,,,,SPLIT_BEYOND_ALLOWANCE
fiber_017,123,B0|B1|B3|B4|B5|B6,0.42443141701364134,0.4022775681581261,0.022153848855515246,0,0,4,4,1e-10,SPLIT_BEYOND_ALLOWANCE,False,,,,SPLIT_BEYOND_ALLOWANCE
fiber_017,124,B2|B3|B4|B5|B6,0.72046876497823176,0.68778301378251205,0.032685751195719703,0,0,8,8,1e-10,SPLIT_BEYOND_ALLOWANCE,False,,,,SPLIT_BEYOND_ALLOWANCE
fiber_017,125,B0|B2|B3|B4|B5|B6,0.50275352302551257,0.48460727209460036,0.018146250930912211,0,0,4,4,1e-10,SPLIT_BEYOND_ALLOWANCE,False,,,,SPLIT_BEYOND_ALLOWANCE
fiber_017,126,B1|B2|B3|B4|B5|B6,0.3942625654881079,0.38558507847703466,0.0086774870110732372,0,0,4,4,1e-10,SPLIT_BEYOND_ALLOWANCE,False,,,,SPLIT_BEYOND_ALLOWANCE
fiber_017,127,B0|B1|B2|B3|B4|B5|B6,0.123511353631993,0.12123806102037635,0.0022732926116166563,0,0,2,2,1e-10,SPLIT_BEYOND_ALLOWANCE,False,,,,SPLIT_BEYOND_ALLOWANCE
fiber_017,128,B7,0.12351135363199306,0.12123806102037621,0.0022732926116168506,0,0,2,2,1e-10,SPLIT_BEYOND_ALLOWANCE,False,,,,SPLIT_BEYOND_ALLOWANCE
fiber_017,129,B0|B7,0.39426256548810795,0.38558507847703488,0.0086774870110730706,0,0,4,4,1e-10,SPLIT_BEYOND_ALLOWANCE,False,,,,SPLIT_BEYOND_ALLOWANCE
fiber_017,130,B1|B7,0.50275352302551279,0.48460727209460031,0.018146250930912489,0,0,4,4,1e-10,SPLIT_BEYOND_ALLOWANCE,False,,,,SPLIT_BEYOND_ALLOWANCE
fiber_017,131,B0|B1|B7,0.72046876497823165,0.68778301378251216,0.032685751195719481,0,0,8,8,1e-10,SPLIT_BEYOND_ALLOWANCE,False,,,,SPLIT_BEYOND_ALLOWANCE
fiber_017,132,B2|B7,0.42443141701364145,0.40227756815812615,0.022153848855515301,0,0,4,4,1e-10,SPLIT_BEYOND_ALLOWANCE,False,,,,SPLIT_BEYOND_ALLOWANCE
fiber_017,133,B0|B2|B7,0.60347021836450521,0.59010353305944263,0.013366685305062576,0,0,8,8,1e-10,SPLIT_BEYOND_ALLOWANCE,False,,,,SPLIT_BEYOND_ALLOWANCE
fiber_017,134,B1|B2|B7,0.74361319893957967,0.70901423367869176,0.034598965260887904,0,0,8,8,1e-10,SPLIT_BEYOND_ALLOWANCE,False,,,,SPLIT_BEYOND_ALLOWANCE
fiber_017,135,B0|B1|B2|B7,0.81465435965901156,0.79048930995528222,0.024165049703729347,0,0,16,16,1e-10,SPLIT_BEYOND_ALLOWANCE,False,,,,SPLIT_BEYOND_ALLOWANCE
fiber_017,136,B3|B7,0.23821212405619235,0.21934987510386444,0.018862248952327909,0,0,4,4,1e-10,SPLIT_BEYOND_ALLOWANCE,False,,,,SPLIT_BEYOND_ALLOWANCE
fiber_017,137,B0|B3|B7,0.43973768531737678,0.43344637540355396,0.0062913099138228179,0,0,8,8,1e-10,SPLIT_BEYOND_ALLOWANCE,False,,,,SPLIT_BEYOND_ALLOWANCE
fiber_017,138,B1|B3|B7,0.59824215969523786,0.56789537859148875,0.03034678110374911,0,0,8,8,1e-10,SPLIT_BEYOND_ALLOWANCE,False,,,,SPLIT_BEYOND_ALLOWANCE
fiber_017,139,B0|B1|B3|B7,0.73405920791041146,0.70496904490698697,0.029090163003424485,0,0,16,16,1e-10,SPLIT_BEYOND_ALLOWANCE,False,,,,SPLIT_BEYOND_ALLOWANCE
fiber_017,140,B2|B3|B7,0.51794576036892848,0.48348444003997948,0.034461320328948997,0,0,8,8,1e-10,SPLIT_BEYOND_ALLOWANCE,False,,,,SPLIT_BEYOND_ALLOWANCE
fiber_017,141,B0|B2|B3|B7,0.60478446744270364,0.59548789491206644,0.0092965725306372038,0,0,16,16,1e-10,SPLIT_BEYOND_ALLOWANCE,False,,,,SPLIT_BEYOND_ALLOWANCE
fiber_017,142,B1|B2|B3|B7,0.79510045227688664,0.75233460056372492,0.042765851713161718,0,0,16,16,1e-10,SPLIT_BEYOND_ALLOWANCE,False,,,,SPLIT_BEYOND_ALLOWANCE
fiber_017,143,B0|B1|B2|B3|B7,0.76558916330822369,0.75001170655381977,0.015577456754403918,0,0,8,8,1e-10,SPLIT_BEYOND_ALLOWANCE,False,,,,SPLIT_BEYOND_ALLOWANCE
fiber_017,144,B4|B7,0.45892845978739338,0.47094315626761796,0.012014696480224574,0,0,4,4,1e-10,SPLIT_BEYOND_ALLOWANCE,False,,,,SPLIT_BEYOND_ALLOWANCE
fiber_017,145,B0|B4|B7,0.69284713793184172,0.70256030039983475,0.0097131624679930306,0,0,8,8,1e-10,SPLIT_BEYOND_ALLOWANCE,False,,,,SPLIT_BEYOND_ALLOWANCE
fiber_017,146,B1|B4|B7,0.76565097573620122,0.7552309961130047,0.010419979623196518,0,0,8,8,1e-10,SPLIT_BEYOND_ALLOWANCE,False,,,,SPLIT_BEYOND_ALLOWANCE
fiber_017,147,B0|B1|B4|B7,0.90001540723121132,0.87961394045203356,0.020401466779177757,0,0,16,16,1e-10,SPLIT_BEYOND_ALLOWANCE,False,,,,SPLIT_BEYOND_ALLOWANCE
fiber_017,148,B2|B4|B7,0.53132293747739745,0.53427371787163092,0.0029507803942334654,0,0,8,8,1e-10,SPLIT_BEYOND_ALLOWANCE,False,,,,SPLIT_BEYOND_ALLOWANCE
fiber_017,149,B0|B2|B4|B7,0.62243006534652534,0.6447734166603466,0.022343351313821258,0,0,16,16,1e-10,SPLIT_BEYOND_ALLOWANCE,False,,,,SPLIT_BEYOND_ALLOWANCE
fiber_017,150,B1|B2|B4|B7,0.68457976230913797,0.68059081323554071,0.0039889490735972588,0,0,16,16,1e-10,SPLIT_BEYOND_ALLOWANCE,False,,,,SPLIT_BEYOND_ALLOWANCE
fiber_017,151,B0|B1|B2|B4|B7,0.6485976359363077,0.65841676626081291,0.0098191303245052097,0,0,8,8,1e-10,SPLIT_BEYOND_ALLOWANCE,False,,,,SPLIT_BEYOND_ALLOWANCE
fiber_017,152,B3|B4|B7,0.56644299318815461,0.56314932095129822,0.0032936722368563931,0,0,8,8,1e-10,SPLIT_BEYOND_ALLOWANCE,False,,,,SPLIT_BEYOND_ALLOWANCE
fiber_017,153,B0|B3|B4|B7,0.71454772036100533,0.7299627564932013,0.015415036132195969,0,0,16,16,1e-10,SPLIT_BEYOND_ALLOWANCE,False,,,,SPLIT_BEYOND_ALLOWANCE
fiber_017,154,B1|B3|B4|B7,0.84026553044134766,0.82036312621798346,0.019902404223364201,0,0,16,16,1e-10,SPLIT_BEYOND_ALLOWANCE,False,,,,SPLIT_BEYOND_ALLOWANCE
fiber_017,155,B0|B1|B3|B4|B7,0.87475642025814682,0.86191482297447441,0.012841597283672401,0,0,8,8,1e-10,SPLIT_BEYOND_ALLOWANCE,False,,,,SPLIT_BEYOND_ALLOWANCE
fiber_017,156,B2|B3|B4|B7,0.59172851538178683,0.58551407323544458,0.0062144421463422583,4.1250865392942463e-33,5.030744433999793e-33,8,8,1e-10,SPLIT_BEYOND_ALLOWANCE,False,,,,SPLIT_BEYOND_ALLOWANCE
fiber_017,157,B0|B2|B3|B4|B7,0.58701117332664199,0.61613383670202304,0.029122663375381053,0,0,8,8,1e-10,SPLIT_BEYOND_ALLOWANCE,False,,,,SPLIT_BEYOND_ALLOWANCE
fiber_017,158,B1|B2|B3|B4|B7,0.69401563860410798,0.68875703246831055,0.0052586061357974279,0,0,8,8,1e-10,SPLIT_BEYOND_ALLOWANCE,False,,,,SPLIT_BEYOND_ALLOWANCE
fiber_017,159,B0|B1|B2|B3|B4|B7,0.56775060372793174,0.59148564176855245,0.023735038040620715,0,0,4,4,1e-10,SPLIT_BEYOND_ALLOWANCE,False,,,,SPLIT_BEYOND_ALLOWANCE
fiber_017,160,B5|B7,0.25192580897315653,0.26952933633625115,0.017603527363094618,0,0,4,4,1e-10,SPLIT_BEYOND_ALLOWANCE,False,,,,SPLIT_BEYOND_ALLOWANCE
fiber_017,161,B0|B5|B7,0.4372241553525204,0.43713664757462051,8.7507777899897832e-05,0,0,8,8,1e-10,SPLIT_BEYOND_ALLOWANCE,False,,,,SPLIT_BEYOND_ALLOWANCE
fiber_017,162,B1|B5|B7,0.61501711267334747,0.60734254604612004,0.0076745666272274304,0,0,8,8,1e-10,SPLIT_BEYOND_ALLOWANCE,False,,,,SPLIT_BEYOND_ALLOWANCE
fiber_017,163,B0|B1|B5|B7,0.72232102220334715,0.68517054607551797,0.03715047612782918,0,0,16,16,1e-10,SPLIT_BEYOND_ALLOWANCE,False,,,,SPLIT_BEYOND_ALLOWANCE
fiber_017,164,B2|B5|B7,0.52514338904494262,0.51973525750753047,0.005408131537412153,0,0,8,8,1e-10,SPLIT_BEYOND_ALLOWANCE,False,,,,SPLIT_BEYOND_ALLOWANCE
fiber_017,165,B0|B2|B5|B7,0.59789151705511623,0.58794415139775047,0.0099473656573657587,7.7851240385944718e-33,5.2131007696783645e-33,8,8,1e-10,SPLIT_BEYOND_ALLOWANCE,False,,,,SPLIT_BEYOND_ALLOWANCE
fiber_017,166,B1|B2|B5|B7,0.80326256820697239,0.77403452781549353,0.02922804039147886,0,0,16,16,1e-10,SPLIT_BEYOND_ALLOWANCE,False,,,,SPLIT_BEYOND_ALLOWANCE
fiber_017,167,B0|B1|B2|B5|B7,0.74769533523763754,0.71605924409627375,0.031636091141363787,0,0,8,8,1e-10,SPLIT_BEYOND_ALLOWANCE,False,,,,SPLIT_BEYOND_ALLOWANCE
fiber_017,168,B3|B5|B7,0.35258451463339169,0.35651872604014118,0.0039342114067494882,0,0,8,8,1e-10,SPLIT_BEYOND_ALLOWANCE,False,,,,SPLIT_BEYOND_ALLOWANCE
fiber_017,169,B0|B3|B5|B7,0.45383951128120426,0.4570685893055394,0.0032290780243351414,0,0,16,16,1e-10,SPLIT_BEYOND_ALLOWANCE,False,,,,SPLIT_BEYOND_ALLOWANCE
fiber_017,170,B1|B3|B5|B7,0.68887637548326386,0.67162686702988839,0.017249508453375473,0,0,16,16,1e-10,SPLIT_BEYOND_ALLOWANCE,False,,,,SPLIT_BEYOND_ALLOWANCE
fiber_017,171,B0|B1|B3|B5|B7,0.70247486257717895,0.67190715786576038,0.030567704711418564,0,0,8,8,1e-10,SPLIT_BEYOND_ALLOWANCE,False,,,,SPLIT_BEYOND_ALLOWANCE
fiber_017,172,B2|B3|B5|B7,0.59664341263265752,0.58120605517366175,0.015437357458995771,0,0,16,16,1e-10,SPLIT_BEYOND_ALLOWANCE,False,,,,SPLIT_BEYOND_ALLOWANCE
fiber_017,173,B0|B2|B3|B5|B7,0.56343093424581925,0.55853695486145316,0.0048939793843660873,0,0,8,8,1e-10,SPLIT_BEYOND_ALLOWANCE,False,,,,SPLIT_BEYOND_ALLOWANCE
fiber_017,174,B1|B2|B3|B5|B7,0.82704318448035063,0.79250638981403854,0.034536794666312098,0,0,8,8,1e-10,SPLIT_BEYOND_ALLOWANCE,False,,,,SPLIT_BEYOND_ALLOWANCE
fiber_017,175,B0|B1|B2|B3|B5|B7,0.67276881440606795,0.65270205161172223,0.020066762794345716,0,0,4,4,1e-10,SPLIT_BEYOND_ALLOWANCE,False,,,,SPLIT_BEYOND_ALLOWANCE
fiber_017,176,B4|B5|B7,0.57471671990668893,0.60313865377964515,0.028421933872956218,0,0,8,8,1e-10,SPLIT_BEYOND_ALLOWANCE,False,,,,SPLIT_BEYOND_ALLOWANCE
fiber_017,177,B0|B4|B5|B7,0.71013850394983369,0.72215766970541795,0.01201916575558426,0,0,16,16,1e-10,SPLIT_BEYOND_ALLOWANCE,False,,,,SPLIT_BEYOND_ALLOWANCE
fiber_017,178,B1|B4|B5|B7,0.84037859750046473,0.83125250522953664,0.0091260922709280878,0,0,16,16,1e-10,SPLIT_BEYOND_ALLOWANCE,False,,,,SPLIT_BEYOND_ALLOWANCE
fiber_017,179,B0|B1|B4|B5|B7,0.84575948696203929,0.81112112003194292,0.034638366930096365,0,0,8,8,1e-10,SPLIT_BEYOND_ALLOWANCE,False,,,,SPLIT_BEYOND_ALLOWANCE
fiber_017,180,B2|B4|B5|B7,0.60158489559814388,0.61567938768389086,0.014094492085746979,0,0,16,16,1e-10,SPLIT_BEYOND_ALLOWANCE,False,,,,SPLIT_BEYOND_ALLOWANCE
fiber_017,181,B0|B2|B4|B5|B7,0.57758829121264443,0.59766757010186222,0.020079278889217789,0,0,8,8,1e-10,SPLIT_BEYOND_ALLOWANCE,False,,,,SPLIT_BEYOND_ALLOWANCE
fiber_017,182,B1|B2|B4|B5|B7,0.68510241360282187,0.6765523957966777,0.0085500178061441723,0,0,8,8,1e-10,SPLIT_BEYOND_ALLOWANCE,False,,,,SPLIT_BEYOND_ALLOWANCE
fiber_017,183,B0|B1|B2|B4|B5|B7,0.54522404434266125,0.53870101974913687,0.0065230245935243847,0,0,4,4,1e-10,SPLIT_BEYOND_ALLOWANCE,False,,,,SPLIT_BEYOND_ALLOWANCE
fiber_017,184,B3|B4|B5|B7,0.66384414149306403,0.67997223729256873,0.016128095799504694,0,0,16,16,1e-10,SPLIT_BEYOND_ALLOWANCE,False,,,,SPLIT_BEYOND_ALLOWANCE
fiber_017,185,B0|B3|B4|B5|B7,0.69528848364350526,0.71545914081902384,0.02017065717551858,0,0,8,8,1e-10,SPLIT_BEYOND_ALLOWANCE,False,,,,SPLIT_BEYOND_ALLOWANCE
fiber_017,186,B1|B3|B4|B5|B7,0.88499903794732737,0.86923474317083449,0.015764294776492882,0,0,8,8,1e-10,SPLIT_BEYOND_ALLOWANCE,False,,,,SPLIT_BEYOND_ALLOWANCE
fiber_017,187,B0|B1|B3|B4|B5|B7,0.78969551610524957,0.76505683713398798,0.024638678971261596,0,0,4,4,1e-10,SPLIT_BEYOND_ALLOWANCE,False,,,,SPLIT_BEYOND_ALLOWANCE
fiber_017,188,B2|B3|B4|B5|B7,0.63186362208861435,0.64075977997242561,0.008896157883811262,0,0,8,8,1e-10,SPLIT_BEYOND_ALLOWANCE,False,,,,SPLIT_BEYOND_ALLOWANCE
fiber_017,189,B0|B2|B3|B4|B5|B7,0.50595382791228694,0.53476130695285662,0.028807479040569683,0,0,4,4,1e-10,SPLIT_BEYOND_ALLOWANCE,False,,,,SPLIT_BEYOND_ALLOWANCE
fiber_017,190,B1|B2|B3|B4|B5|B7,0.66503808700843214,0.65853708224103014,0.0065010047674020077,0,0,4,4,1e-10,SPLIT_BEYOND_ALLOWANCE,False,,,,SPLIT_BEYOND_ALLOWANCE
fiber_017,191,B0|B1|B2|B3|B4|B5|B7,0.44463766190143733,0.45409798401394552,0.0094603221125081904,0,0,2,2,1e-10,SPLIT_BEYOND_ALLOWANCE,False,,,,SPLIT_BEYOND_ALLOWANCE
fiber_017,192,B6|B7,0.56573687651507854,0.57290417742736821,0.0071673009122896758,0,0,4,4,1e-10,SPLIT_BEYOND_ALLOWANCE,False,,,,SPLIT_BEYOND_ALLOWANCE
fiber_017,193,B0|B6|B7,0.76741225539397684,0.7607913540746235,0.0066209013193533339,0,0,8,8,1e-10,SPLIT_BEYOND_ALLOWANCE,False,,,,SPLIT_BEYOND_ALLOWANCE
fiber_017,194,B1|B6|B7,0.61344433436200996,0.64155309038936281,0.028108756027352855,0,0,8,8,1e-10,SPLIT_BEYOND_ALLOWANCE,False,,,,SPLIT_BEYOND_ALLOWANCE
fiber_017,195,B0|B1|B6|B7,0.70839519292557829,0.71813539900094159,0.0097402060753633002,0,0,16,16,1e-10,SPLIT_BEYOND_ALLOWANCE,False,,,,SPLIT_BEYOND_ALLOWANCE
fiber_017,196,B2|B6|B7,0.77721703247216767,0.7518602386839901,0.025356793788177567,0,0,8,8,1e-10,SPLIT_BEYOND_ALLOWANCE,False,,,,SPLIT_BEYOND_ALLOWANCE
fiber_017,197,B0|B2|B6|B7,0.83682824523477994,0.82052816417111951,0.016300081063660432,0,0,16,16,1e-10,SPLIT_BEYOND_ALLOWANCE,False,,,,SPLIT_BEYOND_ALLOWANCE
fiber_017,198,B1|B2|B6|B7,0.63131009281236994,0.65119291588243988,0.019882823070069944,0,0,16,16,1e-10,SPLIT_BEYOND_ALLOWANCE,False,,,,SPLIT_BEYOND_ALLOWANCE
fiber_017,199,B0|B1|B2|B6|B7,0.5699138609769101,0.58654653749388841,0.016632676516978306,0,0,8,8,1e-10,SPLIT_BEYOND_ALLOWANCE,False,,,,SPLIT_BEYOND_ALLOWANCE
fiber_017,200,B3|B6|B7,0.65881737429554654,0.65035391861029568,0.0084634556852508647,0,0,8,8,1e-10,SPLIT_BEYOND_ALLOWANCE,False,,,,SPLIT_BEYOND_ALLOWANCE
fiber_017,201,B0|B3|B6|B7,0.77085107850796519,0.76525620262274563,0.0055948758852195635,0,0,16,16,1e-10,SPLIT_BEYOND_ALLOWANCE,False,,,,SPLIT_BEYOND_ALLOWANCE
fiber_017,202,B1|B3|B6|B7,0.67098173609454226,0.69143457200673708,0.020452835912194822,0,0,16,16,1e-10,SPLIT_BEYOND_ALLOWANCE,False,,,,SPLIT_BEYOND_ALLOWANCE
fiber_017,203,B0|B1|B3|B6|B7,0.65852904775458942,0.6759020229467142,0.017372975192124773,0,0,8,8,1e-10,SPLIT_BEYOND_ALLOWANCE,False,,,,SPLIT_BEYOND_ALLOWANCE
fiber_017,204,B2|B3|B6|B7,0.81751227295732354,0.78475502021473598,0.032757252742587561,0,0,16,16,1e-10,SPLIT_BEYOND_ALLOWANCE,False,,,,SPLIT_BEYOND_ALLOWANCE
fiber_017,205,B0|B2|B3|B6|B7,0.77709297258742638,0.76964644566390461,0.0074465269235217679,0,0,8,8,1e-10,SPLIT_BEYOND_ALLOWANCE,False,,,,SPLIT_BEYOND_ALLOWANCE
fiber_017,206,B1|B2|B3|B6|B7,0.62760736064639866,0.64253816403806108,0.014930803391662417,0,0,8,8,1e-10,SPLIT_BEYOND_ALLOWANCE,False,,,,SPLIT_BEYOND_ALLOWANCE
fiber_017,207,B0|B1|B2|B3|B6|B7,0.47125703204280645,0.50114473369733448,0.029887701654528032,0,0,4,4,1e-10,SPLIT_BEYOND_ALLOWANCE,False,,,,SPLIT_BEYOND_ALLOWANCE
fiber_017,208,B4|B6|B7,0.75353108296355198,0.73223893849705946,0.021292144466492524,0,0,8,8,1e-10,SPLIT_BEYOND_ALLOWANCE,False,,,,SPLIT_BEYOND_ALLOWANCE
fiber_017,209,B0|B4|B6|B7,0.88186058646687127,0.84672952917310706,0.035131057293764201,0,0,16,16,1e-10,SPLIT_BEYOND_ALLOWANCE,False,,,,SPLIT_BEYOND_ALLOWANCE
fiber_017,210,B1|B4|B6|B7,0.62269514116468438,0.61690062548206714,0.0057945156826172406,0,0,16,16,1e-10,SPLIT_BEYOND_ALLOWANCE,False,,,,SPLIT_BEYOND_ALLOWANCE
fiber_017,211,B0|B1|B4|B6|B7,0.62258771615000397,0.60726095512752143,0.015326761022482538,0,0,8,8,1e-10,SPLIT_BEYOND_ALLOWANCE,False,,,,SPLIT_BEYOND_ALLOWANCE
fiber_017,212,B2|B4|B6|B7,0.64219221573059238,0.6118504771560177,0.030341738574574673,0,0,16,16,1e-10,SPLIT_BEYOND_ALLOWANCE,False,,,,SPLIT_BEYOND_ALLOWANCE
fiber_017,213,B0|B2|B4|B6|B7,0.5938231989337488,0.57876438926989038,0.015058809663858419,0,0,8,8,1e-10,SPLIT_BEYOND_ALLOWANCE,False,,,,SPLIT_BEYOND_ALLOWANCE
fiber_017,214,B1|B2|B4|B6|B7,0.35941537987159489,0.36440148995954386,0.0049861100879489695,0,0,8,8,1e-10,SPLIT_BEYOND_ALLOWANCE,False,,,,SPLIT_BEYOND_ALLOWANCE
fiber_017,215,B0|B1|B2|B4|B6|B7,0.23937572609909255,0.24524501925966319,0.0058692931605706378,0,0,4,4,1e-10,SPLIT_BEYOND_ALLOWANCE,False,,,,SPLIT_BEYOND_ALLOWANCE
fiber_017,216,B3|B4|B6|B7,0.81810880419701193,0.78653050873782604,0.03157829545918589,0,0,16,16,1e-10,SPLIT_BEYOND_ALLOWANCE,False,,,,SPLIT_BEYOND_ALLOWANCE
fiber_017,217,B0|B3|B4|B6|B7,0.84152758184608534,0.81414737538840676,0.02738020645767858,0,0,8,8,1e-10,SPLIT_BEYOND_ALLOWANCE,False,,,,SPLIT_BEYOND_ALLOWANCE
fiber_017,218,B1|B3|B4|B6|B7,0.64284034303242166,0.634433095278084,0.0084072477543376545,0,0,8,8,1e-10,SPLIT_BEYOND_ALLOWANCE,False,,,,SPLIT_BEYOND_ALLOWANCE
fiber_017,219,B0|B1|B3|B4|B6|B7,0.53973868199402908,0.53582408765448497,0.0039145943395441085,0,0,4,4,1e-10,SPLIT_BEYOND_ALLOWANCE,False,,,,SPLIT_BEYOND_ALLOWANCE
fiber_017,220,B2|B3|B4|B6|B7,0.64222581146282121,0.60748955180844755,0.034736259654373658,0,0,8,8,1e-10,SPLIT_BEYOND_ALLOWANCE,False,,,,SPLIT_BEYOND_ALLOWANCE
fiber_017,221,B0|B2|B3|B4|B6|B7,0.50722497100867747,0.50238742321784569,0.0048375477908317865,0,0,4,4,1e-10,SPLIT_BEYOND_ALLOWANCE,False,,,,SPLIT_BEYOND_ALLOWANCE
fiber_017,222,B1|B2|B3|B4|B6|B7,0.3288321230313635,0.33184696274655323,0.0030148397151897321,0,0,4,4,1e-10,SPLIT_BEYOND_ALLOWANCE,False,,,,SPLIT_BEYOND_ALLOWANCE
fiber_017,223,B0|B1|B2|B3|B4|B6|B7,0.13136774115013516,0.15141542276154815,0.020047681611412987,0,0,2,2,1e-10,SPLIT_BEYOND_ALLOWANCE,False,,,,SPLIT_BEYOND_ALLOWANCE
fiber_017,224,B5|B6|B7,0.68141358835938703,0.70217421180827511,0.020760623448888071,0,0,8,8,1e-10,SPLIT_BEYOND_ALLOWANCE,False,,,,SPLIT_BEYOND_ALLOWANCE
fiber_017,225,B0|B5|B6|B7,0.77666140615811508,0.76965135321898004,0.0070100529391350364,0,0,16,16,1e-10,SPLIT_BEYOND_ALLOWANCE,False,,,,SPLIT_BEYOND_ALLOWANCE
fiber_017,226,B1|B5|B6|B7,0.67843707690084076,0.7055071549960571,0.027070078095216332,0,0,16,16,1e-10,SPLIT_BEYOND_ALLOWANCE,False,,,,SPLIT_BEYOND_ALLOWANCE
fiber_017,227,B0|B1|B5|B6|B7,0.64922200417695852,0.64148625727176678,0.0077357469051917427,0,0,8,8,1e-10,SPLIT_BEYOND_ALLOWANCE,False,,,,SPLIT_BEYOND_ALLOWANCE
fiber_017,228,B2|B5|B6|B7,0.8368502573445753,0.82041956727156229,0.01643069007301301,0,0,16,16,1e-10,SPLIT_BEYOND_ALLOWANCE,False,,,,SPLIT_BEYOND_ALLOWANCE
fiber_017,229,B0|B2|B5|B6|B7,0.76796558430868767,0.74609197206049871,0.021873612248188956,0,0,8,8,1e-10,SPLIT_BEYOND_ALLOWANCE,False,,,,SPLIT_BEYOND_ALLOWANCE
fiber_017,230,B1|B2|B5|B6|B7,0.62777099121167601,0.64165131409961573,0.013880322887939722,0,0,8,8,1e-10,SPLIT_BEYOND_ALLOWANCE,False,,,,SPLIT_BEYOND_ALLOWANCE
fiber_017,231,B0|B1|B2|B5|B6|B7,0.46200044223965825,0.45946398757142076,0.0025364546682374867,0,0,4,4,1e-10,SPLIT_BEYOND_ALLOWANCE,False,,,,SPLIT_BEYOND_ALLOWANCE
fiber_017,232,B3|B5|B6|B7,0.74891635209833896,0.75712776461991893,0.0082114125215799749,0,0,16,16,1e-10,SPLIT_BEYOND_ALLOWANCE,False,,,,SPLIT_BEYOND_ALLOWANCE
fiber_017,233,B0|B3|B5|B6|B7,0.74713259334806337,0.74423357983360261,0.0028990135144607576,0,0,8,8,1e-10,SPLIT_BEYOND_ALLOWANCE,False,,,,SPLIT_BEYOND_ALLOWANCE
fiber_017,234,B1|B3|B5|B6|B7,0.69540412063489876,0.71712059310124998,0.021716472466351222,0,0,8,8,1e-10,SPLIT_BEYOND_ALLOWANCE,False,,,,SPLIT_BEYOND_ALLOWANCE
fiber_017,235,B0|B1|B3|B5|B6|B7,0.57048128558349009,0.57428461678306564,0.0038033311995755437,0,0,4,4,1e-10,SPLIT_BEYOND_ALLOWANCE,False,,,,SPLIT_BEYOND_ALLOWANCE
fiber_017,236,B2|B3|B5|B6|B7,0.84383981657450635,0.82274294465835673,0.021096871916149618,0,0,8,8,1e-10,SPLIT_BEYOND_ALLOWANCE,False,,,,SPLIT_BEYOND_ALLOWANCE
fiber_017,237,B0|B2|B3|B5|B6|B7,0.68301696034450732,0.67235317429399111,0.010663786050516211,0,0,4,4,1e-10,SPLIT_BEYOND_ALLOWANCE,False,,,,SPLIT_BEYOND_ALLOWANCE
fiber_017,238,B1|B2|B3|B5|B6|B7,0.59355753027055003,0.60501388359763542,0.011456353327085389,0,0,4,4,1e-10,SPLIT_BEYOND_ALLOWANCE,False,,,,SPLIT_BEYOND_ALLOWANCE
fiber_017,239,B0|B1|B2|B3|B5|B6|B7,0.34977553384253668,0.36307864433254788,0.013303110490011205,0,0,2,2,1e-10,SPLIT_BEYOND_ALLOWANCE,False,,,,SPLIT_BEYOND_ALLOWANCE
fiber_017,240,B4|B5|B6|B7,0.83036658807441055,0.81211561203151528,0.018250976042895273,0,0,16,16,1e-10,SPLIT_BEYOND_ALLOWANCE,False,,,,SPLIT_BEYOND_ALLOWANCE
fiber_017,241,B0|B4|B5|B6|B7,0.82350437087362494,0.77769682774688242,0.045807543126742511,0,0,8,8,1e-10,SPLIT_BEYOND_ALLOWANCE,False,,,,SPLIT_BEYOND_ALLOWANCE
fiber_017,242,B1|B4|B5|B6|B7,0.64368652085030287,0.63172323411298492,0.011963286737317946,0,0,8,8,1e-10,SPLIT_BEYOND_ALLOWANCE,False,,,,SPLIT_BEYOND_ALLOWANCE
fiber_017,243,B0|B1|B4|B5|B6|B7,0.52451994401894064,0.48784285061053428,0.036677093408406358,0,0,4,4,1e-10,SPLIT_BEYOND_ALLOWANCE,False,,,,SPLIT_BEYOND_ALLOWANCE
fiber_017,244,B2|B4|B5|B6|B7,0.65282279350556194,0.62234063034863074,0.030482163156931197,0,0,8,8,1e-10,SPLIT_BEYOND_ALLOWANCE,False,,,,SPLIT_BEYOND_ALLOWANCE
fiber_017,245,B0|B2|B4|B5|B6|B7,0.4896102310675341,0.46133724944533505,0.028272981622199045,0,0,4,4,1e-10,SPLIT_BEYOND_ALLOWANCE,False,,,,SPLIT_BEYOND_ALLOWANCE
fiber_017,246,B1|B2|B4|B5|B6|B7,0.33029404574034887,0.32469334009119233,0.0056007056491565455,0,0,4,4,1e-10,SPLIT_BEYOND_ALLOWANCE,False,,,,SPLIT_BEYOND_ALLOWANCE
fiber_017,247,B0|B1|B2|B4|B5|B6|B7,0.11825678621886904,0.10170947026408148,0.016547315954787561,0,0,2,2,1e-10,SPLIT_BEYOND_ALLOWANCE,False,,,,SPLIT_BEYOND_ALLOWANCE
fiber_017,248,B3|B4|B5|B6|B7,0.86311474908617147,0.83826418784206647,0.024850561244105007,0,0,8,8,1e-10,SPLIT_BEYOND_ALLOWANCE,False,,,,SPLIT_BEYOND_ALLOWANCE
fiber_017,249,B0|B3|B4|B5|B6|B7,0.75808610791296849,0.722777497332598,0.035308610580370492,0,0,4,4,1e-10,SPLIT_BEYOND_ALLOWANCE,False,,,,SPLIT_BEYOND_ALLOWANCE
fiber_017,250,B1|B3|B4|B5|B6|B7,0.6289848837247729,0.61524874622360337,0.013736137501169532,0,0,4,4,1e-10,SPLIT_BEYOND_ALLOWANCE,False,,,,SPLIT_BEYOND_ALLOWANCE
fiber_017,251,B0|B1|B3|B4|B5|B6|B7,0.42365150679268171,0.40060430988111573,0.023047196911565981,0,0,2,2,1e-10,SPLIT_BEYOND_ALLOWANCE,False,,,,SPLIT_BEYOND_ALLOWANCE
fiber_017,252,B2|B3|B4|B5|B6|B7,0.6227857709497735,0.59069019568727454,0.032095575262498954,0,0,4,4,1e-10,SPLIT_BEYOND_ALLOWANCE,False,,,,SPLIT_BEYOND_ALLOWANCE
fiber_017,253,B0|B2|B3|B4|B5|B6|B7,0.38661690756249417,0.37048463860676673,0.016132268955727447,0,0,2,2,1e-10,SPLIT_BEYOND_ALLOWANCE,False,,,,SPLIT_BEYOND_ALLOWANCE
fiber_017,254,B1|B2|B3|B4|B5|B6|B7,0.27592232748455398,0.26968695252579822,0.0062353749587557572,0,0,2,2,1e-10,SPLIT_BEYOND_ALLOWANCE,False,,,,SPLIT_BEYOND_ALLOWANCE
fiber_017,255,B0|B1|B2|B3|B4|B5|B6|B7,0,0,0,0,0,1,1,1e-10,EQUAL_WITHIN_ALLOWANCE,False,,,,EQUAL_WITHIN_ALLOWANCE
fiber_018,0,EMPTY,0,0,0,0,0,1,1,1e-10,EQUAL_WITHIN_ALLOWANCE,False,,,,EQUAL_WITHIN_ALLOWANCE
fiber_018,1,B0,0.27592232748455409,0.27147539625676054,0.0044469312277935491,0,0,2,2,1e-10,SPLIT_BEYOND_ALLOWANCE,False,,,,SPLIT_BEYOND_ALLOWANCE
fiber_018,2,B1,0.38661690756249406,0.3886836152985611,0.0020667077360670416,0,0,2,2,1e-10,SPLIT_BEYOND_ALLOWANCE,False,,,,SPLIT_BEYOND_ALLOWANCE
fiber_018,3,B0|B1,0.62278577094977317,0.62117965141708664,0.001606119532686523,0,0,4,4,1e-10,SPLIT_BEYOND_ALLOWANCE,False,,,,SPLIT_BEYOND_ALLOWANCE
fiber_018,4,B2,0.42365150679268154,0.42635334973886863,0.002701842946187083,0,0,2,2,1e-10,SPLIT_BEYOND_ALLOWANCE,False,,,,SPLIT_BEYOND_ALLOWANCE
fiber_018,5,B0|B2,0.6289848837247729,0.62841282692160272,0.00057205680317018448,0,0,4,4,1e-10,SPLIT_BEYOND_ALLOWANCE,False,,,,SPLIT_BEYOND_ALLOWANCE
fiber_018,6,B1|B2,0.75808610791296838,0.76128754456421321,0.0032014366512448378,0,0,4,4,1e-10,SPLIT_BEYOND_ALLOWANCE,False,,,,SPLIT_BEYOND_ALLOWANCE
fiber_018,7,B0|B1|B2,0.86311474908617147,0.86453474258765961,0.0014199935014881371,0,0,8,8,1e-10,SPLIT_BEYOND_ALLOWANCE,False,,,,SPLIT_BEYOND_ALLOWANCE
fiber_018,8,B3,0.11825678621886906,0.11571545548452428,0.0025413307343447877,0,0,2,2,1e-10,SPLIT_BEYOND_ALLOWANCE,False,,,,SPLIT_BEYOND_ALLOWANCE
fiber_018,9,B0|B3,0.3302940457403486,0.32538359734042205,0.004910448399926548,0,0,4,4,1e-10,SPLIT_BEYOND_ALLOWANCE,False,,,,SPLIT_BEYOND_ALLOWANCE
fiber_018,10,B1|B3,0.48961023106753415,0.49028292390282968,0.0006726928352955297,0,0,4,4,1e-10,SPLIT_BEYOND_ALLOWANCE,False,,,,SPLIT_BEYOND_ALLOWANCE
fiber_018,11,B0|B1|B3,0.65282279350556205,0.65186548402307876,0.00095730948248329284,0,0,8,8,1e-10,SPLIT_BEYOND_ALLOWANCE,False,,,,SPLIT_BEYOND_ALLOWANCE
fiber_018,12,B2|B3,0.52451994401894064,0.52487075802379424,0.0003508140048535946,0,0,4,4,1e-10,SPLIT_BEYOND_ALLOWANCE,False,,,,SPLIT_BEYOND_ALLOWANCE
fiber_018,13,B0|B2|B3,0.64368652085030287,0.64316995346390715,0.00051656738639571653,0,0,8,8,1e-10,SPLIT_BEYOND_ALLOWANCE,False,,,,SPLIT_BEYOND_ALLOWANCE
fiber_018,14,B1|B2|B3,0.82350437087362494,0.82504534970346599,0.0015409788298410554,0,0,8,8,1e-10,SPLIT_BEYOND_ALLOWANCE,False,,,,SPLIT_BEYOND_ALLOWANCE
fiber_018,15,B0|B1|B2|B3,0.83036658807441055,0.83257723048062249,0.0022106424062119379,0,0,16,16,1e-10,SPLIT_BEYOND_ALLOWANCE,False,,,,SPLIT_BEYOND_ALLOWANCE
fiber_018,16,B4,0.34977553384253657,0.35527939272224596,0.005503858879709389,0,0,2,2,1e-10,SPLIT_BEYOND_ALLOWANCE,False,,,,SPLIT_BEYOND_ALLOWANCE
fiber_018,17,B0|B4,0.5935575302705498,0.5954233834332624,0.001865853162712594,0,0,4,4,1e-10,SPLIT_BEYOND_ALLOWANCE,False,,,,SPLIT_BEYOND_ALLOWANCE
fiber_018,18,B1|B4,0.68301696034450732,0.68762797300250456,0.0046110126579972377,0,0,4,4,1e-10,SPLIT_BEYOND_ALLOWANCE,False,,,,SPLIT_BEYOND_ALLOWANCE
fiber_018,19,B0|B1|B4,0.84383981657450668,0.84550352898047387,0.0016637124059671882,0,0,8,8,1e-10,SPLIT_BEYOND_ALLOWANCE,False,,,,SPLIT_BEYOND_ALLOWANCE
fiber_018,20,B2|B4,0.57048128558348998,0.57706319006528406,0.0065819044817940764,0,0,4,4,1e-10,SPLIT_BEYOND_ALLOWANCE,False,,,,SPLIT_BEYOND_ALLOWANCE
fiber_018,21,B0|B2|B4,0.69540412063489865,0.70005201544388307,0.0046478948089844208,0,0,8,8,1e-10,SPLIT_BEYOND_ALLOWANCE,False,,,,SPLIT_BEYOND_ALLOWANCE
fiber_018,22,B1|B2|B4,0.74713259334806326,0.74980157493052713,0.0026689815824638696,0,0,8,8,1e-10,SPLIT_BEYOND_ALLOWANCE,False,,,,SPLIT_BEYOND_ALLOWANCE
fiber_018,23,B0|B1|B2|B4,0.74891635209833862,0.75073994529200616,0.0018235931936675387,0,0,16,16,1e-10,SPLIT_BEYOND_ALLOWANCE,False,,,,SPLIT_BEYOND_ALLOWANCE
fiber_018,24,B3|B4,0.46200044223965797,0.46505895873144465,0.0030585164917866781,0,0,4,4,1e-10,SPLIT_BEYOND_ALLOWANCE,False,,,,SPLIT_BEYOND_ALLOWANCE
fiber_018,25,B0|B3|B4,0.62777099121167623,0.62962295357575349,0.0018519623640772531,0,0,8,8,1e-10,SPLIT_BEYOND_ALLOWANCE,False,,,,SPLIT_BEYOND_ALLOWANCE
fiber_018,26,B1|B3|B4,0.76796558430868789,0.77098344407966957,0.003017859770981679,0,0,8,8,1e-10,SPLIT_BEYOND_ALLOWANCE,False,,,,SPLIT_BEYOND_ALLOWANCE
fiber_018,27,B0|B1|B3|B4,0.83685025734457508,0.83915690101344387,0.0023066436688687908,0,0,16,16,1e-10,SPLIT_BEYOND_ALLOWANCE,False,,,,SPLIT_BEYOND_ALLOWANCE
fiber_018,28,B2|B3|B4,0.6492220041769583,0.65343944247286712,0.0042174382959088152,0,0,8,8,1e-10,SPLIT_BEYOND_ALLOWANCE,False,,,,SPLIT_BEYOND_ALLOWANCE
fiber_018,29,B0|B2|B3|B4,0.67843707690083987,0.68335568521913914,0.0049186083182992668,0,0,16,16,1e-10,SPLIT_BEYOND_ALLOWANCE,False,,,,SPLIT_BEYOND_ALLOWANCE
fiber_018,30,B1|B2|B3|B4,0.77666140615811508,0.77810789754272225,0.0014464913846071736,0,0,16,16,1e-10,SPLIT_BEYOND_ALLOWANCE,False,,,,SPLIT_BEYOND_ALLOWANCE
fiber_018,31,B0|B1|B2|B3|B4,0.68141358835938726,0.68452301263500948,0.003109424275622219,0,0,8,8,1e-10,SPLIT_BEYOND_ALLOWANCE,False,,,,SPLIT_BEYOND_ALLOWANCE
fiber_018,32,B5,0.13136774115013516,0.13023340861389227,0.0011343325362428991,0,0,2,2,1e-10,SPLIT_BEYOND_ALLOWANCE,False,,,,SPLIT_BEYOND_ALLOWANCE
fiber_018,33,B0|B5,0.32883212303136344,0.32393735344155777,0.0048947695898056698,0,0,4,4,1e-10,SPLIT_BEYOND_ALLOWANCE,False,,,,SPLIT_BEYOND_ALLOWANCE
fiber_018,34,B1|B5,0.50722497100867736,0.50760800422512875,0.00038303321645138944,0,0,4,4,1e-10,SPLIT_BEYOND_ALLOWANCE,False,,,,SPLIT_BEYOND_ALLOWANCE
fiber_018,35,B0|B1|B5,0.64222581146282065,0.63976898274267913,0.002456828720141524,0,0,8,8,1e-10,SPLIT_BEYOND_ALLOWANCE,False,,,,SPLIT_BEYOND_ALLOWANCE
fiber_018,36,B2|B5,0.53973868199402908,0.54182637395014532,0.0020876919561162444,0,0,4,4,1e-10,SPLIT_BEYOND_ALLOWANCE,False,,,,SPLIT_BEYOND_ALLOWANCE
fiber_018,37,B0|B2|B5,0.64284034303242177,0.64258790274307442,0.0002524402893473443,0,0,8,8,1e-10,SPLIT_BEYOND_ALLOWANCE,False,,,,SPLIT_BEYOND_ALLOWANCE
fiber_018,38,B1|B2|B5,0.84152758184608545,0.84400422905355943,0.0024766472074739809,0,0,8,8,1e-10,SPLIT_BEYOND_ALLOWANCE,False,,,,SPLIT_BEYOND_ALLOWANCE
fiber_018,39,B0|B1|B2|B5,0.81810880419701171,0.81991096855778567,0.0018021643607739612,0,0,16,16,1e-10,SPLIT_BEYOND_ALLOWANCE,False,,,,SPLIT_BEYOND_ALLOWANCE
fiber_018,40,B3|B5,0.2393757260990925,0.23605760198474512,0.0033181241143473705,0,0,4,4,1e-10,SPLIT_BEYOND_ALLOWANCE,False,,,,SPLIT_BEYOND_ALLOWANCE
fiber_018,41,B0|B3|B5,0.35941537987159528,0.35492648344679617,0.0044888964247991048,0,0,8,8,1e-10,SPLIT_BEYOND_ALLOWANCE,False,,,,SPLIT_BEYOND_ALLOWANCE
fiber_018,42,B1|B3|B5,0.5938231989337488,0.59333275749025416,0.00049044144349463803,0,0,8,8,1e-10,SPLIT_BEYOND_ALLOWANCE,False,,,,SPLIT_BEYOND_ALLOWANCE
fiber_018,43,B0|B1|B3|B5,0.6421922157305926,0.64116147890442887,0.0010307368261637251,0,0,16,16,1e-10,SPLIT_BEYOND_ALLOWANCE,False,,,,SPLIT_BEYOND_ALLOWANCE
fiber_018,44,B2|B3|B5,0.62258771615000386,0.62282160984600854,0.00023389369600468335,0,0,8,8,1e-10,SPLIT_BEYOND_ALLOWANCE,False,,,,SPLIT_BEYOND_ALLOWANCE
fiber_018,45,B0|B2|B3|B5,0.62269514116468383,0.62336928586758722,0.00067414470290338979,0,0,16,16,1e-10,SPLIT_BEYOND_ALLOWANCE,False,,,,SPLIT_BEYOND_ALLOWANCE
fiber_018,46,B1|B2|B3|B5,0.88186058646687093,0.88331310813348685,0.0014525216666159135,0,0,16,16,1e-10,SPLIT_BEYOND_ALLOWANCE,False,,,,SPLIT_BEYOND_ALLOWANCE
fiber_018,47,B0|B1|B2|B3|B5,0.75353108296355187,0.75681295400897097,0.0032818710454191047,0,0,8,8,1e-10,SPLIT_BEYOND_ALLOWANCE,False,,,,SPLIT_BEYOND_ALLOWANCE
fiber_018,48,B4|B5,0.47125703204280694,0.47561777912087866,0.0043607470780717139,0,0,4,4,1e-10,SPLIT_BEYOND_ALLOWANCE,False,,,,SPLIT_BEYOND_ALLOWANCE
fiber_018,49,B0|B4|B5,0.62760736064639855,0.62897067216398461,0.0013633115175860633,0,0,8,8,1e-10,SPLIT_BEYOND_ALLOWANCE,False,,,,SPLIT_BEYOND_ALLOWANCE
fiber_018,50,B1|B4|B5,0.77709297258742616,0.77979474238785096,0.0027017698004248025,0,0,8,8,1e-10,SPLIT_BEYOND_ALLOWANCE,False,,,,SPLIT_BEYOND_ALLOWANCE
fiber_018,51,B0|B1|B4|B5,0.81751227295732332,0.81840239276843485,0.00089011981111153382,0,0,16,16,1e-10,SPLIT_BEYOND_ALLOWANCE,False,,,,SPLIT_BEYOND_ALLOWANCE
fiber_018,52,B2|B4|B5,0.65852904775458965,0.6648190067553853,0.006289959000795653,0,0,8,8,1e-10,SPLIT_BEYOND_ALLOWANCE,False,,,,SPLIT_BEYOND_ALLOWANCE
fiber_018,53,B0|B2|B4|B5,0.6709817360945427,0.67620989940732634,0.0052281633127836402,0,0,16,16,1e-10,SPLIT_BEYOND_ALLOWANCE,False,,,,SPLIT_BEYOND_ALLOWANCE
fiber_018,54,B1|B2|B4|B5,0.77085107850796553,0.772581596618093,0.0017305181101274769,0,0,16,16,1e-10,SPLIT_BEYOND_ALLOWANCE,False,,,,SPLIT_BEYOND_ALLOWANCE
fiber_018,55,B0|B1|B2|B4|B5,0.65881737429554721,0.66116392170249327,0.0023465474069460646,0,0,8,8,1e-10,SPLIT_BEYOND_ALLOWANCE,False,,,,SPLIT_BEYOND_ALLOWANCE
fiber_018,56,B3|B4|B5,0.56991386097690999,0.57228363434931073,0.0023697733724007408,0,0,8,8,1e-10,SPLIT_BEYOND_ALLOWANCE,False,,,,SPLIT_BEYOND_ALLOWANCE
fiber_018,57,B0|B3|B4|B5,0.63131009281237049,0.63362155993502778,0.0023114671226572847,0,0,16,16,1e-10,SPLIT_BEYOND_ALLOWANCE,False,,,,SPLIT_BEYOND_ALLOWANCE
fiber_018,58,B1|B3|B4|B5,0.83682824523478039,0.83848179729106298,0.0016535520562825923,0,0,16,16,1e-10,SPLIT_BEYOND_ALLOWANCE,False,,,,SPLIT_BEYOND_ALLOWANCE
fiber_018,59,B0|B1|B3|B4|B5,0.77721703247216822,0.7795026367366984,0.0022856042645301722,0,0,8,8,1e-10,SPLIT_BEYOND_ALLOWANCE,False,,,,SPLIT_BEYOND_ALLOWANCE
fiber_018,60,B2|B3|B4|B5,0.70839519292557762,0.7132115689195716,0.0048163759939939821,0,0,16,16,1e-10,SPLIT_BEYOND_ALLOWANCE,False,,,,SPLIT_BEYOND_ALLOWANCE
fiber_018,61,B0|B2|B3|B4|B5,0.6134443343620094,0.61994279928655893,0.0064984649245495296,0,0,8,8,1e-10,SPLIT_BEYOND_ALLOWANCE,False,,,,SPLIT_BEYOND_ALLOWANCE
fiber_018,62,B1|B2|B3|B4|B5,0.76741225539397717,0.76884605855188082,0.0014338031579036459,0,0,8,8,1e-10,SPLIT_BEYOND_ALLOWANCE,False,,,,SPLIT_BEYOND_ALLOWANCE
fiber_018,63,B0|B1|B2|B3|B4|B5,0.56573687651507887,0.57012225799865746,0.0043853814835785876,0,0,4,4,1e-10,SPLIT_BEYOND_ALLOWANCE,False,,,,SPLIT_BEYOND_ALLOWANCE
fiber_018,64,B6,0.44463766190143733,0.44779509007349083,0.0031574281720535002,0,0,2,2,1e-10,SPLIT_BEYOND_ALLOWANCE,False,,,,SPLIT_BEYOND_ALLOWANCE
fiber_018,65,B0|B6,0.66503808700843192,0.66508858626863365,5.0499260201730678e-05,0,0,4,4,1e-10,SPLIT_BEYOND_ALLOWANCE,False,,,,SPLIT_BEYOND_ALLOWANCE
fiber_018,66,B1|B6,0.50595382791228716,0.51141194702248249,0.0054581191101953364,0,0,4,4,1e-10,SPLIT_BEYOND_ALLOWANCE,False,,,,SPLIT_BEYOND_ALLOWANCE
fiber_018,67,B0|B1|B6,0.63186362208861468,0.63532368340875844,0.0034600613201437591,0,0,8,8,1e-10,SPLIT_BEYOND_ALLOWANCE,False,,,,SPLIT_BEYOND_ALLOWANCE
fiber_018,68,B2|B6,0.7896955161052498,0.7934164332491922,0.0037209171439424038,0,0,4,4,1e-10,SPLIT_BEYOND_ALLOWANCE,False,,,,SPLIT_BEYOND_ALLOWANCE
fiber_018,69,B0|B2|B6,0.88499903794732715,0.88758566101830771,0.0025866230709805649,0,0,8,8,1e-10,SPLIT_BEYOND_ALLOWANCE,False,,,,SPLIT_BEYOND_ALLOWANCE
fiber_018,70,B1|B2|B6,0.69528848364350571,0.69962013988941996,0.0043316562459142505,0,0,8,8,1e-10,SPLIT_BEYOND_ALLOWANCE,False,,,,SPLIT_BEYOND_ALLOWANCE
fiber_018,71,B0|B1|B2|B6,0.66384414149306425,0.66774314901307719,0.0038990075200129315,0,0,16,16,1e-10,SPLIT_BEYOND_ALLOWANCE,False,,,,SPLIT_BEYOND_ALLOWANCE
fiber_018,72,B3|B6,0.54522404434266114,0.5464422761544665,0.0012182318118053592,0,0,4,4,1e-10,SPLIT_BEYOND_ALLOWANCE,False,,,,SPLIT_BEYOND_ALLOWANCE
fiber_018,73,B0|B3|B6,0.6851024136028222,0.68528563381370999,0.00018322021088779117,0,0,8,8,1e-10,SPLIT_BEYOND_ALLOWANCE,False,,,,SPLIT_BEYOND_ALLOWANCE
fiber_018,74,B1|B3|B6,0.57758829121264454,0.58166200234868948,0.004073711136044933,0,0,8,8,1e-10,SPLIT_BEYOND_ALLOWANCE,False,,,,SPLIT_BEYOND_ALLOWANCE
fiber_018,75,B0|B1|B3|B6,0.60158489559814399,0.60638662796872556,0.0048017323705815684,0,0,16,16,1e-10,SPLIT_BEYOND_ALLOWANCE,False,,,,SPLIT_BEYOND_ALLOWANCE
fiber_018,76,B2|B3|B6,0.84575948696203951,0.84791168439644971,0.0021521974344101968,0,0,8,8,1e-10,SPLIT_BEYOND_ALLOWANCE,False,,,,SPLIT_BEYOND_ALLOWANCE
fiber_018,77,B0|B2|B3|B6,0.84037859750046462,0.84375896830472474,0.0033803708042601244,0,0,16,16,1e-10,SPLIT_BEYOND_ALLOWANCE,False,,,,SPLIT_BEYOND_ALLOWANCE
fiber_018,78,B1|B2|B3|B6,0.71013850394983336,0.71322536096419409,0.0030868570143607332,0,0,16,16,1e-10,SPLIT_BEYOND_ALLOWANCE,False,,,,SPLIT_BEYOND_ALLOWANCE
fiber_018,79,B0|B1|B2|B3|B6,0.57471671990668871,0.58057649428542668,0.0058597743787379697,0,0,8,8,1e-10,SPLIT_BEYOND_ALLOWANCE,False,,,,SPLIT_BEYOND_ALLOWANCE
fiber_018,80,B4|B6,0.67276881440606795,0.67566644500217854,0.0028976305961105897,0,0,4,4,1e-10,SPLIT_BEYOND_ALLOWANCE,False,,,,SPLIT_BEYOND_ALLOWANCE
fiber_018,81,B0|B4|B6,0.82704318448035041,0.82778689603957945,0.0007437115592290322,0,0,8,8,1e-10,SPLIT_BEYOND_ALLOWANCE,False,,,,SPLIT_BEYOND_ALLOWANCE
fiber_018,82,B1|B4|B6,0.56343093424581958,0.56412120375283947,0.00069026950701989165,0,0,8,8,1e-10,SPLIT_BEYOND_ALLOWANCE,False,,,,SPLIT_BEYOND_ALLOWANCE
fiber_018,83,B0|B1|B4|B6,0.59664341263265785,0.59640965090921017,0.00023376172344768964,0,0,16,16,1e-10,SPLIT_BEYOND_ALLOWANCE,False,,,,SPLIT_BEYOND_ALLOWANCE
fiber_018,84,B2|B4|B6,0.70247486257717862,0.70305613019066526,0.00058126761348664679,0,0,8,8,1e-10,SPLIT_BEYOND_ALLOWANCE,False,,,,SPLIT_BEYOND_ALLOWANCE
fiber_018,85,B0|B2|B4|B6,0.68887637548326386,0.68974054654686767,0.00086417106360381357,0,0,16,16,1e-10,SPLIT_BEYOND_ALLOWANCE,False,,,,SPLIT_BEYOND_ALLOWANCE
fiber_018,86,B1|B2|B4|B6,0.45383951128120403,0.45111510814391931,0.0027244031372847255,0,0,16,16,1e-10,SPLIT_BEYOND_ALLOWANCE,False,,,,SPLIT_BEYOND_ALLOWANCE
fiber_018,87,B0|B1|B2|B4|B6,0.35258451463339147,0.35067072763152868,0.0019137870018627878,0,0,8,8,1e-10,SPLIT_BEYOND_ALLOWANCE,False,,,,SPLIT_BEYOND_ALLOWANCE
fiber_018,88,B3|B4|B6,0.74769533523763798,0.74909220191166948,0.0013968666740314939,0,0,8,8,1e-10,SPLIT_BEYOND_ALLOWANCE,False,,,,SPLIT_BEYOND_ALLOWANCE
fiber_018,89,B0|B3|B4|B6,0.80326256820697162,0.8047683861556526,0.0015058179486809875,0,0,16,16,1e-10,SPLIT_BEYOND_ALLOWANCE,False,,,,SPLIT_BEYOND_ALLOWANCE
fiber_018,90,B1|B3|B4|B6,0.59789151705511578,0.59729486826755218,0.00059664878756360284,1.085004075624318e-32,5.1294144751804337e-33,8,8,1e-10,SPLIT_BEYOND_ALLOWANCE,False,,,,SPLIT_BEYOND_ALLOWANCE
fiber_018,91,B0|B1|B3|B4|B6,0.52514338904494295,0.52645686378786172,0.0013134747429187632,0,0,8,8,1e-10,SPLIT_BEYOND_ALLOWANCE,False,,,,SPLIT_BEYOND_ALLOWANCE
fiber_018,92,B2|B3|B4|B6,0.72232102220334682,0.72142217974939249,0.00089884245395432938,0,0,16,16,1e-10,SPLIT_BEYOND_ALLOWANCE,False,,,,SPLIT_BEYOND_ALLOWANCE
fiber_018,93,B0|B2|B3|B4|B6,0.61501711267334735,0.61674134517704671,0.0017242325036993522,0,0,8,8,1e-10,SPLIT_BEYOND_ALLOWANCE,False,,,,SPLIT_BEYOND_ALLOWANCE
fiber_018,94,B1|B2|B3|B4|B6,0.43722415535252074,0.4338426674793146,0.0033814878732061349,0,0,8,8,1e-10,SPLIT_BEYOND_ALLOWANCE,False,,,,SPLIT_BEYOND_ALLOWANCE
fiber_018,95,B0|B1|B2|B3|B4|B6,0.25192580897315653,0.25216408222888392,0.00023827325572739477,0,0,4,4,1e-10,SPLIT_BEYOND_ALLOWANCE,False,,,,SPLIT_BEYOND_ALLOWANCE
fiber_018,96,B5|B6,0.56775060372793162,0.56945059732039371,0.0016999935924620901,0,0,4,4,1e-10,SPLIT_BEYOND_ALLOWANCE,False,,,,SPLIT_BEYOND_ALLOWANCE
fiber_018,97,B0|B5|B6,0.69401563860410809,0.69377441298568931,0.00024122561841877221,0,0,8,8,1e-10,SPLIT_BEYOND_ALLOWANCE,False,,,,SPLIT_BEYOND_ALLOWANCE
fiber_018,98,B1|B5|B6,0.58701117332664232,0.59061422367463945,0.0036030503479971276,0,0,8,8,1e-10,SPLIT_BEYOND_ALLOWANCE,False,,,,SPLIT_BEYOND_ALLOWANCE
fiber_018,99,B0|B1|B5|B6,0.59172851538178683,0.59433368898078798,0.0026051735990011426,6.0709395648146574e-33,5.344878651264936e-33,8,8,1e-10,SPLIT_BEYOND_ALLOWANCE,False,,,,SPLIT_BEYOND_ALLOWANCE
fiber_018,100,B2|B5|B6,0.87475642025814671,0.87813673167201167,0.003380311413864967,0,0,8,8,1e-10,SPLIT_BEYOND_ALLOWANCE,False,,,,SPLIT_BEYOND_ALLOWANCE
fiber_018,101,B0|B2|B5|B6,0.84026553044134844,0.84389495265815695,0.0036294222168085088,0,0,16,16,1e-10,SPLIT_BEYOND_ALLOWANCE,False,,,,SPLIT_BEYOND_ALLOWANCE
fiber_018,102,B1|B2|B5|B6,0.71454772036100533,0.71810659855688919,0.0035588781958838522,0,0,16,16,1e-10,SPLIT_BEYOND_ALLOWANCE,False,,,,SPLIT_BEYOND_ALLOWANCE
fiber_018,103,B0|B1|B2|B5|B6,0.56644299318815461,0.57078908766393788,0.0043460944757832687,0,0,8,8,1e-10,SPLIT_BEYOND_ALLOWANCE,False,,,,SPLIT_BEYOND_ALLOWANCE
fiber_018,104,B3|B5|B6,0.64859763593630781,0.64901769228178152,0.00042005634547370718,0,0,8,8,1e-10,SPLIT_BEYOND_ALLOWANCE,False,,,,SPLIT_BEYOND_ALLOWANCE
fiber_018,105,B0|B3|B5|B6,0.6845797623091382,0.68544765914409966,0.00086789683496146797,0,0,16,16,1e-10,SPLIT_BEYOND_ALLOWANCE,False,,,,SPLIT_BEYOND_ALLOWANCE
fiber_018,106,B1|B3|B5|B6,0.62243006534652567,0.62563003604345935,0.0031999706969336739,0,0,16,16,1e-10,SPLIT_BEYOND_ALLOWANCE,False,,,,SPLIT_BEYOND_ALLOWANCE
fiber_018,107,B0|B1|B3|B5|B6,0.53132293747739756,0.53629532577424222,0.0049723882968446542,0,0,8,8,1e-10,SPLIT_BEYOND_ALLOWANCE,False,,,,SPLIT_BEYOND_ALLOWANCE
fiber_018,108,B2|B3|B5|B6,0.90001540723121121,0.9024976693340977,0.00248226210288649,0,0,16,16,1e-10,SPLIT_BEYOND_ALLOWANCE,False,,,,SPLIT_BEYOND_ALLOWANCE
fiber_018,109,B0|B2|B3|B5|B6,0.765650975736201,0.77079045158534387,0.0051394758491428716,0,0,8,8,1e-10,SPLIT_BEYOND_ALLOWANCE,False,,,,SPLIT_BEYOND_ALLOWANCE
fiber_018,110,B1|B2|B3|B5|B6,0.69284713793184138,0.69613367214874011,0.0032865342168987288,0,0,8,8,1e-10,SPLIT_BEYOND_ALLOWANCE,False,,,,SPLIT_BEYOND_ALLOWANCE
fiber_018,111,B0|B1|B2|B3|B5|B6,0.45892845978739327,0.46575847011602967,0.0068300103286363933,0,0,4,4,1e-10,SPLIT_BEYOND_ALLOWANCE,False,,,,SPLIT_BEYOND_ALLOWANCE
fiber_018,112,B4|B5|B6,0.76558916330822302,0.76712472582238922,0.0015355625141661999,0,0,8,8,1e-10,SPLIT_BEYOND_ALLOWANCE,False,,,,SPLIT_BEYOND_ALLOWANCE
fiber_018,113,B0|B4|B5|B6,0.79510045227688664,0.79544997207020596,0.00034951979331931948,0,0,16,16,1e-10,SPLIT_BEYOND_ALLOWANCE,False,,,,SPLIT_BEYOND_ALLOWANCE
fiber_018,114,B1|B4|B5|B6,0.60478446744270375,0.60391619843583388,0.00086826900686987063,0,0,16,16,1e-10,SPLIT_BEYOND_ALLOWANCE,False,,,,SPLIT_BEYOND_ALLOWANCE
fiber_018,115,B0|B1|B4|B5|B6,0.51794576036892814,0.51734603226578602,0.00059972810314212754,0,0,8,8,1e-10,SPLIT_BEYOND_ALLOWANCE,False,,,,SPLIT_BEYOND_ALLOWANCE
fiber_018,116,B2|B4|B5|B6,0.73405920791041168,0.73448648226593138,0.00042727435551970228,0,0,16,16,1e-10,SPLIT_BEYOND_ALLOWANCE,False,,,,SPLIT_BEYOND_ALLOWANCE
fiber_018,117,B0|B2|B4|B5|B6,0.59824215969523853,0.59992100884093824,0.0016788491456997123,0,0,8,8,1e-10,SPLIT_BEYOND_ALLOWANCE,False,,,,SPLIT_BEYOND_ALLOWANCE
fiber_018,118,B1|B2|B4|B5|B6,0.43973768531737678,0.43631570893482019,0.0034219763825565908,0,0,8,8,1e-10,SPLIT_BEYOND_ALLOWANCE,False,,,,SPLIT_BEYOND_ALLOWANCE
fiber_018,119,B0|B1|B2|B4|B5|B6,0.23821212405619233,0.23687551109582256,0.0013366129603697707,0,0,4,4,1e-10,SPLIT_BEYOND_ALLOWANCE,False,,,,SPLIT_BEYOND_ALLOWANCE
fiber_018,120,B3|B4|B5|B6,0.81465435965901145,0.81522615666008247,0.00057179700107101716,0,0,16,16,1e-10,SPLIT_BEYOND_ALLOWANCE,False,,,,SPLIT_BEYOND_ALLOWANCE
fiber_018,121,B0|B3|B4|B5|B6,0.74361319893957978,0.74546751645783027,0.0018543175182504923,0,0,8,8,1e-10,SPLIT_BEYOND_ALLOWANCE,False,,,,SPLIT_BEYOND_ALLOWANCE
fiber_018,122,B1|B3|B4|B5|B6,0.60347021836450521,0.60216774071089307,0.001302477653612133,0,0,8,8,1e-10,SPLIT_BEYOND_ALLOWANCE,False,,,,SPLIT_BEYOND_ALLOWANCE
fiber_018,123,B0|B1|B3|B4|B5|B6,0.42443141701364134,0.42604082659460729,0.0016094095809659481,0,0,4,4,1e-10,SPLIT_BEYOND_ALLOWANCE,False,,,,SPLIT_BEYOND_ALLOWANCE
fiber_018,124,B2|B3|B4|B5|B6,0.72046876497823176,0.72015048730256359,0.000318277675668166,0,0,8,8,1e-10,SPLIT_BEYOND_ALLOWANCE,False,,,,SPLIT_BEYOND_ALLOWANCE
fiber_018,125,B0|B2|B3|B4|B5|B6,0.50275352302551257,0.50592892266889067,0.0031753996433780962,0,0,4,4,1e-10,SPLIT_BEYOND_ALLOWANCE,False,,,,SPLIT_BEYOND_ALLOWANCE
fiber_018,126,B1|B2|B3|B4|B5|B6,0.3942625654881079,0.39106124135854609,0.0032013241295618111,0,0,4,4,1e-10,SPLIT_BEYOND_ALLOWANCE,False,,,,SPLIT_BEYOND_ALLOWANCE
fiber_018,127,B0|B1|B2|B3|B4|B5|B6,0.123511353631993,0.12477314842534712,0.0012617947933541152,0,0,2,2,1e-10,SPLIT_BEYOND_ALLOWANCE,False,,,,SPLIT_BEYOND_ALLOWANCE
fiber_018,128,B7,0.12351135363199306,0.12477314842534713,0.0012617947933540735,0,0,2,2,1e-10,SPLIT_BEYOND_ALLOWANCE,False,,,,SPLIT_BEYOND_ALLOWANCE
fiber_018,129,B0|B7,0.39426256548810795,0.39106124135854609,0.0032013241295618666,0,0,4,4,1e-10,SPLIT_BEYOND_ALLOWANCE,False,,,,SPLIT_BEYOND_ALLOWANCE
fiber_018,130,B1|B7,0.50275352302551279,0.50592892266889111,0.0031753996433783183,0,0,4,4,1e-10,SPLIT_BEYOND_ALLOWANCE,False,,,,SPLIT_BEYOND_ALLOWANCE
fiber_018,131,B0|B1|B7,0.72046876497823165,0.72015048730256337,0.00031827767566827703,0,0,8,8,1e-10,SPLIT_BEYOND_ALLOWANCE,False,,,,SPLIT_BEYOND_ALLOWANCE
fiber_018,132,B2|B7,0.42443141701364145,0.42604082659460729,0.0016094095809658371,0,0,4,4,1e-10,SPLIT_BEYOND_ALLOWANCE,False,,,,SPLIT_BEYOND_ALLOWANCE
fiber_018,133,B0|B2|B7,0.60347021836450521,0.60216774071089307,0.001302477653612133,0,0,8,8,1e-10,SPLIT_BEYOND_ALLOWANCE,False,,,,SPLIT_BEYOND_ALLOWANCE
fiber_018,134,B1|B2|B7,0.74361319893957967,0.74546751645783071,0.0018543175182510474,0,0,8,8,1e-10,SPLIT_BEYOND_ALLOWANCE,False,,,,SPLIT_BEYOND_ALLOWANCE
fiber_018,135,B0|B1|B2|B7,0.81465435965901156,0.81522615666008225,0.0005717970010706841,0,0,16,16,1e-10,SPLIT_BEYOND_ALLOWANCE,False,,,,SPLIT_BEYOND_ALLOWANCE
fiber_018,136,B3|B7,0.23821212405619235,0.23687551109582222,0.0013366129603701316,0,0,4,4,1e-10,SPLIT_BEYOND_ALLOWANCE,False,,,,SPLIT_BEYOND_ALLOWANCE
fiber_018,137,B0|B3|B7,0.43973768531737678,0.43631570893481986,0.0034219763825569238,0,0,8,8,1e-10,SPLIT_BEYOND_ALLOWANCE,False,,,,SPLIT_BEYOND_ALLOWANCE
fiber_018,138,B1|B3|B7,0.59824215969523786,0.59992100884093824,0.0016788491457003785,0,0,8,8,1e-10,SPLIT_BEYOND_ALLOWANCE,False,,,,SPLIT_BEYOND_ALLOWANCE
fiber_018,139,B0|B1|B3|B7,0.73405920791041146,0.73448648226593161,0.00042727435552014636,0,0,16,16,1e-10,SPLIT_BEYOND_ALLOWANCE,False,,,,SPLIT_BEYOND_ALLOWANCE
fiber_018,140,B2|B3|B7,0.51794576036892848,0.51734603226578624,0.00059972810314223857,0,0,8,8,1e-10,SPLIT_BEYOND_ALLOWANCE,False,,,,SPLIT_BEYOND_ALLOWANCE
fiber_018,141,B0|B2|B3|B7,0.60478446744270364,0.60391619843583422,0.00086826900686942654,0,0,16,16,1e-10,SPLIT_BEYOND_ALLOWANCE,False,,,,SPLIT_BEYOND_ALLOWANCE
fiber_018,142,B1|B2|B3|B7,0.79510045227688664,0.79544997207020574,0.00034951979331909744,0,0,16,16,1e-10,SPLIT_BEYOND_ALLOWANCE,False,,,,SPLIT_BEYOND_ALLOWANCE
fiber_018,143,B0|B1|B2|B3|B7,0.76558916330822369,0.76712472582238966,0.0015355625141659779,0,0,8,8,1e-10,SPLIT_BEYOND_ALLOWANCE,False,,,,SPLIT_BEYOND_ALLOWANCE
fiber_018,144,B4|B7,0.45892845978739338,0.46575847011602955,0.0068300103286361713,0,0,4,4,1e-10,SPLIT_BEYOND_ALLOWANCE,False,,,,SPLIT_BEYOND_ALLOWANCE
fiber_018,145,B0|B4|B7,0.69284713793184172,0.69613367214873978,0.0032865342168980627,0,0,8,8,1e-10,SPLIT_BEYOND_ALLOWANCE,False,,,,SPLIT_BEYOND_ALLOWANCE
fiber_018,146,B1|B4|B7,0.76565097573620122,0.77079045158534376,0.0051394758491425385,0,0,8,8,1e-10,SPLIT_BEYOND_ALLOWANCE,False,,,,SPLIT_BEYOND_ALLOWANCE
fiber_018,147,B0|B1|B4|B7,0.90001540723121132,0.90249766933409747,0.0024822621028861569,0,0,16,16,1e-10,SPLIT_BEYOND_ALLOWANCE,False,,,,SPLIT_BEYOND_ALLOWANCE
fiber_018,148,B2|B4|B7,0.53132293747739745,0.53629532577424177,0.0049723882968443212,0,0,8,8,1e-10,SPLIT_BEYOND_ALLOWANCE,False,,,,SPLIT_BEYOND_ALLOWANCE
fiber_018,149,B0|B2|B4|B7,0.62243006534652534,0.62563003604345968,0.00319997069693434,0,0,16,16,1e-10,SPLIT_BEYOND_ALLOWANCE,False,,,,SPLIT_BEYOND_ALLOWANCE
fiber_018,150,B1|B2|B4|B7,0.68457976230913797,0.68544765914409933,0.00086789683496135694,0,0,16,16,1e-10,SPLIT_BEYOND_ALLOWANCE,False,,,,SPLIT_BEYOND_ALLOWANCE
fiber_018,151,B0|B1|B2|B4|B7,0.6485976359363077,0.6490176922817813,0.00042005634547359616,0,0,8,8,1e-10,SPLIT_BEYOND_ALLOWANCE,False,,,,SPLIT_BEYOND_ALLOWANCE
fiber_018,152,B3|B4|B7,0.56644299318815461,0.57078908766393788,0.0043460944757832687,0,0,8,8,1e-10,SPLIT_BEYOND_ALLOWANCE,False,,,,SPLIT_BEYOND_ALLOWANCE
fiber_018,153,B0|B3|B4|B7,0.71454772036100533,0.71810659855688908,0.0035588781958837412,0,0,16,16,1e-10,SPLIT_BEYOND_ALLOWANCE,False,,,,SPLIT_BEYOND_ALLOWANCE
fiber_018,154,B1|B3|B4|B7,0.84026553044134766,0.84389495265815706,0.003629422216809397,0,0,16,16,1e-10,SPLIT_BEYOND_ALLOWANCE,False,,,,SPLIT_BEYOND_ALLOWANCE
fiber_018,155,B0|B1|B3|B4|B7,0.87475642025814682,0.87813673167201156,0.003380311413864745,0,0,8,8,1e-10,SPLIT_BEYOND_ALLOWANCE,False,,,,SPLIT_BEYOND_ALLOWANCE
fiber_018,156,B2|B3|B4|B7,0.59172851538178683,0.59433368898078753,0.0026051735990006986,4.1250865392942463e-33,7.8516142714841981e-33,8,8,1e-10,SPLIT_BEYOND_ALLOWANCE,False,,,,SPLIT_BEYOND_ALLOWANCE
fiber_018,157,B0|B2|B3|B4|B7,0.58701117332664199,0.59061422367463989,0.0036030503479979048,0,0,8,8,1e-10,SPLIT_BEYOND_ALLOWANCE,False,,,,SPLIT_BEYOND_ALLOWANCE
fiber_018,158,B1|B2|B3|B4|B7,0.69401563860410798,0.69377441298568909,0.00024122561841888324,0,0,8,8,1e-10,SPLIT_BEYOND_ALLOWANCE,False,,,,SPLIT_BEYOND_ALLOWANCE
fiber_018,159,B0|B1|B2|B3|B4|B7,0.56775060372793174,0.56945059732039371,0.0016999935924619791,0,0,4,4,1e-10,SPLIT_BEYOND_ALLOWANCE,False,,,,SPLIT_BEYOND_ALLOWANCE
fiber_018,160,B5|B7,0.25192580897315653,0.25216408222888415,0.00023827325572761682,0,0,4,4,1e-10,SPLIT_BEYOND_ALLOWANCE,False,,,,SPLIT_BEYOND_ALLOWANCE
fiber_018,161,B0|B5|B7,0.4372241553525204,0.43384266747931444,0.0033814878732059683,0,0,8,8,1e-10,SPLIT_BEYOND_ALLOWANCE,False,,,,SPLIT_BEYOND_ALLOWANCE
fiber_018,162,B1|B5|B7,0.61501711267334747,0.61674134517704637,0.0017242325036989081,0,0,8,8,1e-10,SPLIT_BEYOND_ALLOWANCE,False,,,,SPLIT_BEYOND_ALLOWANCE
fiber_018,163,B0|B1|B5|B7,0.72232102220334715,0.72142217974939205,0.00089884245395510654,0,0,16,16,1e-10,SPLIT_BEYOND_ALLOWANCE,False,,,,SPLIT_BEYOND_ALLOWANCE
fiber_018,164,B2|B5|B7,0.52514338904494262,0.52645686378786183,0.0013134747429192073,0,0,8,8,1e-10,SPLIT_BEYOND_ALLOWANCE,False,,,,SPLIT_BEYOND_ALLOWANCE
fiber_018,165,B0|B2|B5|B7,0.59789151705511623,0.59729486826755196,0.00059664878756426898,7.7851240385944718e-33,6.3564857154742991e-33,8,8,1e-10,SPLIT_BEYOND_ALLOWANCE,False,,,,SPLIT_BEYOND_ALLOWANCE
fiber_018,166,B1|B2|B5|B7,0.80326256820697239,0.80476838615565283,0.0015058179486804324,0,0,16,16,1e-10,SPLIT_BEYOND_ALLOWANCE,False,,,,SPLIT_BEYOND_ALLOWANCE
fiber_018,167,B0|B1|B2|B5|B7,0.74769533523763754,0.74909220191166881,0.0013968666740312718,0,0,8,8,1e-10,SPLIT_BEYOND_ALLOWANCE,False,,,,SPLIT_BEYOND_ALLOWANCE
fiber_018,168,B3|B5|B7,0.35258451463339169,0.35067072763152835,0.0019137870018633429,0,0,8,8,1e-10,SPLIT_BEYOND_ALLOWANCE,False,,,,SPLIT_BEYOND_ALLOWANCE
fiber_018,169,B0|B3|B5|B7,0.45383951128120426,0.45111510814391886,0.0027244031372853916,0,0,16,16,1e-10,SPLIT_BEYOND_ALLOWANCE,False,,,,SPLIT_BEYOND_ALLOWANCE
fiber_018,170,B1|B3|B5|B7,0.68887637548326386,0.68974054654686789,0.00086417106360403562,0,0,16,16,1e-10,SPLIT_BEYOND_ALLOWANCE,False,,,,SPLIT_BEYOND_ALLOWANCE
fiber_018,171,B0|B1|B3|B5|B7,0.70247486257717895,0.70305613019066571,0.00058126761348675782,0,0,8,8,1e-10,SPLIT_BEYOND_ALLOWANCE,False,,,,SPLIT_BEYOND_ALLOWANCE
fiber_018,172,B2|B3|B5|B7,0.59664341263265752,0.59640965090920983,0.00023376172344768964,0,0,16,16,1e-10,SPLIT_BEYOND_ALLOWANCE,False,,,,SPLIT_BEYOND_ALLOWANCE
fiber_018,173,B0|B2|B3|B5|B7,0.56343093424581925,0.56412120375283925,0.00069026950702000267,0,0,8,8,1e-10,SPLIT_BEYOND_ALLOWANCE,False,,,,SPLIT_BEYOND_ALLOWANCE
fiber_018,174,B1|B2|B3|B5|B7,0.82704318448035063,0.82778689603957967,0.0007437115592290322,0,0,8,8,1e-10,SPLIT_BEYOND_ALLOWANCE,False,,,,SPLIT_BEYOND_ALLOWANCE
fiber_018,175,B0|B1|B2|B3|B5|B7,0.67276881440606795,0.67566644500217832,0.0028976305961103677,0,0,4,4,1e-10,SPLIT_BEYOND_ALLOWANCE,False,,,,SPLIT_BEYOND_ALLOWANCE
fiber_018,176,B4|B5|B7,0.57471671990668893,0.5805764942854269,0.0058597743787379697,0,0,8,8,1e-10,SPLIT_BEYOND_ALLOWANCE,False,,,,SPLIT_BEYOND_ALLOWANCE
fiber_018,177,B0|B4|B5|B7,0.71013850394983369,0.71322536096419398,0.0030868570143602891,0,0,16,16,1e-10,SPLIT_BEYOND_ALLOWANCE,False,,,,SPLIT_BEYOND_ALLOWANCE
fiber_018,178,B1|B4|B5|B7,0.84037859750046473,0.84375896830472463,0.0033803708042599023,0,0,16,16,1e-10,SPLIT_BEYOND_ALLOWANCE,False,,,,SPLIT_BEYOND_ALLOWANCE
fiber_018,179,B0|B1|B4|B5|B7,0.84575948696203929,0.84791168439644915,0.0021521974344098638,0,0,8,8,1e-10,SPLIT_BEYOND_ALLOWANCE,False,,,,SPLIT_BEYOND_ALLOWANCE
fiber_018,180,B2|B4|B5|B7,0.60158489559814388,0.60638662796872544,0.0048017323705815684,0,0,16,16,1e-10,SPLIT_BEYOND_ALLOWANCE,False,,,,SPLIT_BEYOND_ALLOWANCE
fiber_018,181,B0|B2|B4|B5|B7,0.57758829121264443,0.58166200234868981,0.004073711136045377,0,0,8,8,1e-10,SPLIT_BEYOND_ALLOWANCE,False,,,,SPLIT_BEYOND_ALLOWANCE
fiber_018,182,B1|B2|B4|B5|B7,0.68510241360282187,0.68528563381371033,0.0001832202108884573,0,0,8,8,1e-10,SPLIT_BEYOND_ALLOWANCE,False,,,,SPLIT_BEYOND_ALLOWANCE
fiber_018,183,B0|B1|B2|B4|B5|B7,0.54522404434266125,0.54644227615446606,0.0012182318118048041,0,0,4,4,1e-10,SPLIT_BEYOND_ALLOWANCE,False,,,,SPLIT_BEYOND_ALLOWANCE
fiber_018,184,B3|B4|B5|B7,0.66384414149306403,0.66774314901307685,0.0038990075200128205,0,0,16,16,1e-10,SPLIT_BEYOND_ALLOWANCE,False,,,,SPLIT_BEYOND_ALLOWANCE
fiber_018,185,B0|B3|B4|B5|B7,0.69528848364350526,0.69962013988942018,0.0043316562459149166,0,0,8,8,1e-10,SPLIT_BEYOND_ALLOWANCE,False,,,,SPLIT_BEYOND_ALLOWANCE
fiber_018,186,B1|B3|B4|B5|B7,0.88499903794732737,0.88758566101830794,0.0025866230709805649,0,0,8,8,1e-10,SPLIT_BEYOND_ALLOWANCE,False,,,,SPLIT_BEYOND_ALLOWANCE
fiber_018,187,B0|B1|B3|B4|B5|B7,0.78969551610524957,0.7934164332491922,0.0037209171439426258,0,0,4,4,1e-10,SPLIT_BEYOND_ALLOWANCE,False,,,,SPLIT_BEYOND_ALLOWANCE
fiber_018,188,B2|B3|B4|B5|B7,0.63186362208861435,0.63532368340875822,0.0034600613201438701,0,0,8,8,1e-10,SPLIT_BEYOND_ALLOWANCE,False,,,,SPLIT_BEYOND_ALLOWANCE
fiber_018,189,B0|B2|B3|B4|B5|B7,0.50595382791228694,0.51141194702248272,0.0054581191101957804,0,0,4,4,1e-10,SPLIT_BEYOND_ALLOWANCE,False,,,,SPLIT_BEYOND_ALLOWANCE
fiber_018,190,B1|B2|B3|B4|B5|B7,0.66503808700843214,0.66508858626863376,5.0499260201619656e-05,0,0,4,4,1e-10,SPLIT_BEYOND_ALLOWANCE,False,,,,SPLIT_BEYOND_ALLOWANCE
fiber_018,191,B0|B1|B2|B3|B4|B5|B7,0.44463766190143733,0.44779509007349072,0.0031574281720533892,0,0,2,2,1e-10,SPLIT_BEYOND_ALLOWANCE,False,,,,SPLIT_BEYOND_ALLOWANCE
fiber_018,192,B6|B7,0.56573687651507854,0.57012225799865734,0.0043853814835788096,0,0,4,4,1e-10,SPLIT_BEYOND_ALLOWANCE,False,,,,SPLIT_BEYOND_ALLOWANCE
fiber_018,193,B0|B6|B7,0.76741225539397684,0.76884605855188104,0.001433803157904201,0,0,8,8,1e-10,SPLIT_BEYOND_ALLOWANCE,False,,,,SPLIT_BEYOND_ALLOWANCE
fiber_018,194,B1|B6|B7,0.61344433436200996,0.61994279928655871,0.0064984649245487525,0,0,8,8,1e-10,SPLIT_BEYOND_ALLOWANCE,False,,,,SPLIT_BEYOND_ALLOWANCE
fiber_018,195,B0|B1|B6|B7,0.70839519292557829,0.71321156891957127,0.0048163759939929829,0,0,16,16,1e-10,SPLIT_BEYOND_ALLOWANCE,False,,,,SPLIT_BEYOND_ALLOWANCE
fiber_018,196,B2|B6|B7,0.77721703247216767,0.77950263673669895,0.0022856042645312824,0,0,8,8,1e-10,SPLIT_BEYOND_ALLOWANCE,False,,,,SPLIT_BEYOND_ALLOWANCE
fiber_018,197,B0|B2|B6|B7,0.83682824523477994,0.83848179729106287,0.0016535520562829253,0,0,16,16,1e-10,SPLIT_BEYOND_ALLOWANCE,False,,,,SPLIT_BEYOND_ALLOWANCE
fiber_018,198,B1|B2|B6|B7,0.63131009281236994,0.63362155993502789,0.0023114671226579508,0,0,16,16,1e-10,SPLIT_BEYOND_ALLOWANCE,False,,,,SPLIT_BEYOND_ALLOWANCE
fiber_018,199,B0|B1|B2|B6|B7,0.5699138609769101,0.57228363434931073,0.0023697733724006298,0,0,8,8,1e-10,SPLIT_BEYOND_ALLOWANCE,False,,,,SPLIT_BEYOND_ALLOWANCE
fiber_018,200,B3|B6|B7,0.65881737429554654,0.66116392170249316,0.0023465474069466197,0,0,8,8,1e-10,SPLIT_BEYOND_ALLOWANCE,False,,,,SPLIT_BEYOND_ALLOWANCE
fiber_018,201,B0|B3|B6|B7,0.77085107850796519,0.772581596618093,0.00173051811012781,0,0,16,16,1e-10,SPLIT_BEYOND_ALLOWANCE,False,,,,SPLIT_BEYOND_ALLOWANCE
fiber_018,202,B1|B3|B6|B7,0.67098173609454226,0.67620989940732656,0.0052281633127843063,0,0,16,16,1e-10,SPLIT_BEYOND_ALLOWANCE,False,,,,SPLIT_BEYOND_ALLOWANCE
fiber_018,203,B0|B1|B3|B6|B7,0.65852904775458942,0.66481900675538541,0.006289959000795986,0,0,8,8,1e-10,SPLIT_BEYOND_ALLOWANCE,False,,,,SPLIT_BEYOND_ALLOWANCE
fiber_018,204,B2|B3|B6|B7,0.81751227295732354,0.81840239276843463,0.00089011981111108973,0,0,16,16,1e-10,SPLIT_BEYOND_ALLOWANCE,False,,,,SPLIT_BEYOND_ALLOWANCE
fiber_018,205,B0|B2|B3|B6|B7,0.77709297258742638,0.77979474238785085,0.0027017698004244695,0,0,8,8,1e-10,SPLIT_BEYOND_ALLOWANCE,False,,,,SPLIT_BEYOND_ALLOWANCE
fiber_018,206,B1|B2|B3|B6|B7,0.62760736064639866,0.62897067216398439,0.0013633115175857302,0,0,8,8,1e-10,SPLIT_BEYOND_ALLOWANCE,False,,,,SPLIT_BEYOND_ALLOWANCE
fiber_018,207,B0|B1|B2|B3|B6|B7,0.47125703204280645,0.47561777912087844,0.0043607470780719915,0,0,4,4,1e-10,SPLIT_BEYOND_ALLOWANCE,False,,,,SPLIT_BEYOND_ALLOWANCE
fiber_018,208,B4|B6|B7,0.75353108296355198,0.75681295400897064,0.0032818710454186606,0,0,8,8,1e-10,SPLIT_BEYOND_ALLOWANCE,False,,,,SPLIT_BEYOND_ALLOWANCE
fiber_018,209,B0|B4|B6|B7,0.88186058646687127,0.8833131081334864,0.0014525216666151364,0,0,16,16,1e-10,SPLIT_BEYOND_ALLOWANCE,False,,,,SPLIT_BEYOND_ALLOWANCE
fiber_018,210,B1|B4|B6|B7,0.62269514116468438,0.62336928586758722,0.00067414470290283468,0,0,16,16,1e-10,SPLIT_BEYOND_ALLOWANCE,False,,,,SPLIT_BEYOND_ALLOWANCE
fiber_018,211,B0|B1|B4|B6|B7,0.62258771615000397,0.62282160984600887,0.00023389369600490539,0,0,8,8,1e-10,SPLIT_BEYOND_ALLOWANCE,False,,,,SPLIT_BEYOND_ALLOWANCE
fiber_018,212,B2|B4|B6|B7,0.64219221573059238,0.64116147890442943,0.0010307368261629479,0,0,16,16,1e-10,SPLIT_BEYOND_ALLOWANCE,False,,,,SPLIT_BEYOND_ALLOWANCE
fiber_018,213,B0|B2|B4|B6|B7,0.5938231989337488,0.59333275749025449,0.00049044144349430496,0,0,8,8,1e-10,SPLIT_BEYOND_ALLOWANCE,False,,,,SPLIT_BEYOND_ALLOWANCE
fiber_018,214,B1|B2|B4|B6|B7,0.35941537987159489,0.3549264834467965,0.0044888964247983831,0,0,8,8,1e-10,SPLIT_BEYOND_ALLOWANCE,False,,,,SPLIT_BEYOND_ALLOWANCE
fiber_018,215,B0|B1|B2|B4|B6|B7,0.23937572609909255,0.23605760198474512,0.003318124114347426,0,0,4,4,1e-10,SPLIT_BEYOND_ALLOWANCE,False,,,,SPLIT_BEYOND_ALLOWANCE
fiber_018,216,B3|B4|B6|B7,0.81810880419701193,0.81991096855778522,0.0018021643607732951,0,0,16,16,1e-10,SPLIT_BEYOND_ALLOWANCE,False,,,,SPLIT_BEYOND_ALLOWANCE
fiber_018,217,B0|B3|B4|B6|B7,0.84152758184608534,0.8440042290535591,0.0024766472074737589,0,0,8,8,1e-10,SPLIT_BEYOND_ALLOWANCE,False,,,,SPLIT_BEYOND_ALLOWANCE
fiber_018,218,B1|B3|B4|B6|B7,0.64284034303242166,0.64258790274307409,0.00025244028934756635,0,0,8,8,1e-10,SPLIT_BEYOND_ALLOWANCE,False,,,,SPLIT_BEYOND_ALLOWANCE
fiber_018,219,B0|B1|B3|B4|B6|B7,0.53973868199402908,0.54182637395014543,0.0020876919561163554,0,0,4,4,1e-10,SPLIT_BEYOND_ALLOWANCE,False,,,,SPLIT_BEYOND_ALLOWANCE
fiber_018,220,B2|B3|B4|B6|B7,0.64222581146282121,0.63976898274267924,0.0024568287201419681,0,0,8,8,1e-10,SPLIT_BEYOND_ALLOWANCE,False,,,,SPLIT_BEYOND_ALLOWANCE
fiber_018,221,B0|B2|B3|B4|B6|B7,0.50722497100867747,0.50760800422512864,0.00038303321645116739,0,0,4,4,1e-10,SPLIT_BEYOND_ALLOWANCE,False,,,,SPLIT_BEYOND_ALLOWANCE
fiber_018,222,B1|B2|B3|B4|B6|B7,0.3288321230313635,0.32393735344155788,0.0048947695898056143,0,0,4,4,1e-10,SPLIT_BEYOND_ALLOWANCE,False,,,,SPLIT_BEYOND_ALLOWANCE
fiber_018,223,B0|B1|B2|B3|B4|B6|B7,0.13136774115013516,0.13023340861389232,0.0011343325362428436,0,0,2,2,1e-10,SPLIT_BEYOND_ALLOWANCE,False,,,,SPLIT_BEYOND_ALLOWANCE
fiber_018,224,B5|B6|B7,0.68141358835938703,0.68452301263500959,0.0031094242756225521,0,0,8,8,1e-10,SPLIT_BEYOND_ALLOWANCE,False,,,,SPLIT_BEYOND_ALLOWANCE
fiber_018,225,B0|B5|B6|B7,0.77666140615811508,0.77810789754272158,0.0014464913846065075,0,0,16,16,1e-10,SPLIT_BEYOND_ALLOWANCE,False,,,,SPLIT_BEYOND_ALLOWANCE
fiber_018,226,B1|B5|B6|B7,0.67843707690084076,0.68335568521913947,0.0049186083182987117,0,0,16,16,1e-10,SPLIT_BEYOND_ALLOWANCE,False,,,,SPLIT_BEYOND_ALLOWANCE
fiber_018,227,B0|B1|B5|B6|B7,0.64922200417695852,0.65343944247286689,0.0042174382959083712,0,0,8,8,1e-10,SPLIT_BEYOND_ALLOWANCE,False,,,,SPLIT_BEYOND_ALLOWANCE
fiber_018,228,B2|B5|B6|B7,0.8368502573445753,0.83915690101344398,0.0023066436688686798,0,0,16,16,1e-10,SPLIT_BEYOND_ALLOWANCE,False,,,,SPLIT_BEYOND_ALLOWANCE
fiber_018,229,B0|B2|B5|B6|B7,0.76796558430868767,0.77098344407966912,0.003017859770981457,0,0,8,8,1e-10,SPLIT_BEYOND_ALLOWANCE,False,,,,SPLIT_BEYOND_ALLOWANCE
fiber_018,230,B1|B2|B5|B6|B7,0.62777099121167601,0.62962295357575371,0.0018519623640776972,0,0,8,8,1e-10,SPLIT_BEYOND_ALLOWANCE,False,,,,SPLIT_BEYOND_ALLOWANCE
fiber_018,231,B0|B1|B2|B5|B6|B7,0.46200044223965825,0.46505895873144482,0.003058516491786567,0,0,4,4,1e-10,SPLIT_BEYOND_ALLOWANCE,False,,,,SPLIT_BEYOND_ALLOWANCE
fiber_018,232,B3|B5|B6|B7,0.74891635209833896,0.75073994529200616,0.0018235931936672056,0,0,16,16,1e-10,SPLIT_BEYOND_ALLOWANCE,False,,,,SPLIT_BEYOND_ALLOWANCE
fiber_018,233,B0|B3|B5|B6|B7,0.74713259334806337,0.74980157493052735,0.0026689815824639807,0,0,8,8,1e-10,SPLIT_BEYOND_ALLOWANCE,False,,,,SPLIT_BEYOND_ALLOWANCE
fiber_018,234,B1|B3|B5|B6|B7,0.69540412063489876,0.70005201544388329,0.0046478948089845318,0,0,8,8,1e-10,SPLIT_BEYOND_ALLOWANCE,False,,,,SPLIT_BEYOND_ALLOWANCE
fiber_018,235,B0|B1|B3|B5|B6|B7,0.57048128558349009,0.57706319006528373,0.0065819044817936323,0,0,4,4,1e-10,SPLIT_BEYOND_ALLOWANCE,False,,,,SPLIT_BEYOND_ALLOWANCE
fiber_018,236,B2|B3|B5|B6|B7,0.84383981657450635,0.84550352898047443,0.0016637124059680763,0,0,8,8,1e-10,SPLIT_BEYOND_ALLOWANCE,False,,,,SPLIT_BEYOND_ALLOWANCE
fiber_018,237,B0|B2|B3|B5|B6|B7,0.68301696034450732,0.68762797300250478,0.0046110126579974597,0,0,4,4,1e-10,SPLIT_BEYOND_ALLOWANCE,False,,,,SPLIT_BEYOND_ALLOWANCE
fiber_018,238,B1|B2|B3|B5|B6|B7,0.59355753027055003,0.5954233834332624,0.001865853162712372,0,0,4,4,1e-10,SPLIT_BEYOND_ALLOWANCE,False,,,,SPLIT_BEYOND_ALLOWANCE
fiber_018,239,B0|B1|B2|B3|B5|B6|B7,0.34977553384253668,0.35527939272224629,0.0055038588797096111,0,0,2,2,1e-10,SPLIT_BEYOND_ALLOWANCE,False,,,,SPLIT_BEYOND_ALLOWANCE
fiber_018,240,B4|B5|B6|B7,0.83036658807441055,0.83257723048062271,0.0022106424062121599,0,0,16,16,1e-10,SPLIT_BEYOND_ALLOWANCE,False,,,,SPLIT_BEYOND_ALLOWANCE
fiber_018,241,B0|B4|B5|B6|B7,0.82350437087362494,0.82504534970346621,0.0015409788298412774,0,0,8,8,1e-10,SPLIT_BEYOND_ALLOWANCE,False,,,,SPLIT_BEYOND_ALLOWANCE
fiber_018,242,B1|B4|B5|B6|B7,0.64368652085030287,0.64316995346390704,0.00051656738639582755,0,0,8,8,1e-10,SPLIT_BEYOND_ALLOWANCE,False,,,,SPLIT_BEYOND_ALLOWANCE
fiber_018,243,B0|B1|B4|B5|B6|B7,0.52451994401894064,0.52487075802379435,0.00035081400485370562,0,0,4,4,1e-10,SPLIT_BEYOND_ALLOWANCE,False,,,,SPLIT_BEYOND_ALLOWANCE
fiber_018,244,B2|B4|B5|B6|B7,0.65282279350556194,0.65186548402307909,0.00095730948248284875,0,0,8,8,1e-10,SPLIT_BEYOND_ALLOWANCE,False,,,,SPLIT_BEYOND_ALLOWANCE
fiber_018,245,B0|B2|B4|B5|B6|B7,0.4896102310675341,0.49028292390282946,0.00067269283529536317,0,0,4,4,1e-10,SPLIT_BEYOND_ALLOWANCE,False,,,,SPLIT_BEYOND_ALLOWANCE
fiber_018,246,B1|B2|B4|B5|B6|B7,0.33029404574034887,0.3253835973404221,0.0049104483999267701,0,0,4,4,1e-10,SPLIT_BEYOND_ALLOWANCE,False,,,,SPLIT_BEYOND_ALLOWANCE
fiber_018,247,B0|B1|B2|B4|B5|B6|B7,0.11825678621886904,0.11571545548452393,0.0025413307343451069,0,0,2,2,1e-10,SPLIT_BEYOND_ALLOWANCE,False,,,,SPLIT_BEYOND_ALLOWANCE
fiber_018,248,B3|B4|B5|B6|B7,0.86311474908617147,0.86453474258765961,0.0014199935014881371,0,0,8,8,1e-10,SPLIT_BEYOND_ALLOWANCE,False,,,,SPLIT_BEYOND_ALLOWANCE
fiber_018,249,B0|B3|B4|B5|B6|B7,0.75808610791296849,0.76128754456421277,0.0032014366512442827,0,0,4,4,1e-10,SPLIT_BEYOND_ALLOWANCE,False,,,,SPLIT_BEYOND_ALLOWANCE
fiber_018,250,B1|B3|B4|B5|B6|B7,0.6289848837247729,0.6284128269216025,0.00057205680317040652,0,0,4,4,1e-10,SPLIT_BEYOND_ALLOWANCE,False,,,,SPLIT_BEYOND_ALLOWANCE
fiber_018,251,B0|B1|B3|B4|B5|B6|B7,0.42365150679268171,0.42635334973886829,0.0027018429461865834,0,0,2,2,1e-10,SPLIT_BEYOND_ALLOWANCE,False,,,,SPLIT_BEYOND_ALLOWANCE
fiber_018,252,B2|B3|B4|B5|B6|B7,0.6227857709497735,0.62117965141708675,0.001606119532686745,0,0,4,4,1e-10,SPLIT_BEYOND_ALLOWANCE,False,,,,SPLIT_BEYOND_ALLOWANCE
fiber_018,253,B0|B2|B3|B4|B5|B6|B7,0.38661690756249417,0.38868361529856105,0.0020667077360668751,0,0,2,2,1e-10,SPLIT_BEYOND_ALLOWANCE,False,,,,SPLIT_BEYOND_ALLOWANCE
fiber_018,254,B1|B2|B3|B4|B5|B6|B7,0.27592232748455398,0.27147539625676059,0.0044469312277933826,0,0,2,2,1e-10,SPLIT_BEYOND_ALLOWANCE,False,,,,SPLIT_BEYOND_ALLOWANCE
fiber_018,255,B0|B1|B2|B3|B4|B5|B6|B7,0,0,0,0,0,1,1,1e-10,EQUAL_WITHIN_ALLOWANCE,False,,,,EQUAL_WITHIN_ALLOWANCE
fiber_019,0,EMPTY,0,0,0,0,0,1,1,1e-10,EQUAL_WITHIN_ALLOWANCE,False,,,,EQUAL_WITHIN_ALLOWANCE
fiber_019,1,B0,0.56860340818882882,0.57306908033333637,0.0044656721445075487,0,0,2,2,1e-10,SPLIT_BEYOND_ALLOWANCE,False,,,,SPLIT_BEYOND_ALLOWANCE
fiber_019,2,B1,0.35496065783987973,0.35659944343187056,0.0016387855919908212,0,0,2,2,1e-10,SPLIT_BEYOND_ALLOWANCE,False,,,,SPLIT_BEYOND_ALLOWANCE
fiber_019,3,B0|B1,0.84115637979173119,0.84142136265510903,0.00026498286337783838,0,0,4,4,1e-10,SPLIT_BEYOND_ALLOWANCE,False,,,,SPLIT_BEYOND_ALLOWANCE
fiber_019,4,B2,0.62218968173963407,0.60569548770618087,0.016494194033453202,0,0,2,2,1e-10,SPLIT_BEYOND_ALLOWANCE,False,,,,SPLIT_BEYOND_ALLOWANCE
fiber_019,5,B0|B2,1.0554487851127674,1.0521153133852916,0.0033334717274757786,0,0,4,4,1e-10,SPLIT_BEYOND_ALLOWANCE,False,,,,SPLIT_BEYOND_ALLOWANCE
fiber_019,6,B1|B2,0.90806880440308857,0.88924156065920912,0.018827243743879452,0,0,4,4,1e-10,SPLIT_BEYOND_ALLOWANCE,False,,,,SPLIT_BEYOND_ALLOWANCE
fiber_019,7,B0|B1|B2,1.2560423320863252,1.2466526847896608,0.0093896472966643607,0,0,8,8,1e-10,SPLIT_BEYOND_ALLOWANCE,False,,,,SPLIT_BEYOND_ALLOWANCE
fiber_019,8,B3,0.60929783779929436,0.59977022294438098,0.0095276148549133799,0,0,2,2,1e-10,SPLIT_BEYOND_ALLOWANCE,False,,,,SPLIT_BEYOND_ALLOWANCE
fiber_019,9,B0|B3,0.9175393953149914,0.88872602868619588,0.028813366628795523,0,0,4,4,1e-10,SPLIT_BEYOND_ALLOWANCE,False,,,,SPLIT_BEYOND_ALLOWANCE
fiber_019,10,B1|B3,0.82900785267557286,0.81691782055925977,0.012090032116313099,0,0,4,4,1e-10,SPLIT_BEYOND_ALLOWANCE,False,,,,SPLIT_BEYOND_ALLOWANCE
fiber_019,11,B0|B1|B3,1.0168716995994531,0.98080372696986851,0.03606797262958461,0,0,8,8,1e-10,SPLIT_BEYOND_ALLOWANCE,False,,,,SPLIT_BEYOND_ALLOWANCE
fiber_019,12,B2|B3,1.062674786809118,1.0709887055037013,0.008313918694583311,0,0,4,4,1e-10,SPLIT_BEYOND_ALLOWANCE,False,,,,SPLIT_BEYOND_ALLOWANCE
fiber_019,13,B0|B2|B3,1.1060101525124317,1.1100131973783383,0.0040030448659065243,0,0,8,8,1e-10,SPLIT_BEYOND_ALLOWANCE,False,,,,SPLIT_BEYOND_ALLOWANCE
fiber_019,14,B1|B2|B3,1.1674751555899578,1.1786450047271022,0.011169849137144361,0,0,8,8,1e-10,SPLIT_BEYOND_ALLOWANCE,False,,,,SPLIT_BEYOND_ALLOWANCE
fiber_019,15,B0|B1|B2|B3,1.0281588868286753,1.0341572352016333,0.0059983483729579845,0,0,16,16,1e-10,SPLIT_BEYOND_ALLOWANCE,False,,,,SPLIT_BEYOND_ALLOWANCE
fiber_019,16,B4,0.46153052698779479,0.47746714933198753,0.015936622344192741,0,0,2,2,1e-10,SPLIT_BEYOND_ALLOWANCE,False,,,,SPLIT_BEYOND_ALLOWANCE
fiber_019,17,B0|B4,0.96569395561583027,0.9809876521982408,0.015293696582410532,0,0,4,4,1e-10,SPLIT_BEYOND_ALLOWANCE,False,,,,SPLIT_BEYOND_ALLOWANCE
fiber_019,18,B1|B4,0.80096498424577256,0.81505428004646452,0.014089295800691959,0,0,4,4,1e-10,SPLIT_BEYOND_ALLOWANCE,False,,,,SPLIT_BEYOND_ALLOWANCE
fiber_019,19,B0|B1|B4,1.1893551638387565,1.2018829723934537,0.012527808554697151,0,0,8,8,1e-10,SPLIT_BEYOND_ALLOWANCE,False,,,,SPLIT_BEYOND_ALLOWANCE
fiber_019,20,B2|B4,0.79087550183998501,0.75891590360874672,0.031959598231238284,0,0,4,4,1e-10,SPLIT_BEYOND_ALLOWANCE,False,,,,SPLIT_BEYOND_ALLOWANCE
fiber_019,21,B0|B2|B4,1.0172767196191639,0.99261058098622912,0.024666138632934764,0,0,8,8,1e-10,SPLIT_BEYOND_ALLOWANCE,False,,,,SPLIT_BEYOND_ALLOWANCE
fiber_019,22,B1|B2|B4,0.99557457722924236,0.95767276594351025,0.037901811285732112,0,0,8,8,1e-10,SPLIT_BEYOND_ALLOWANCE,False,,,,SPLIT_BEYOND_ALLOWANCE
fiber_019,23,B0|B1|B2|B4,1.1055938620863541,1.0822430875705809,0.023350774515773276,0,0,16,16,1e-10,SPLIT_BEYOND_ALLOWANCE,False,,,,SPLIT_BEYOND_ALLOWANCE
fiber_019,24,B3|B4,1.0241213345065514,1.0210187269386821,0.0031026075678692866,0,0,4,4,1e-10,SPLIT_BEYOND_ALLOWANCE,False,,,,SPLIT_BEYOND_ALLOWANCE
fiber_019,25,B0|B3|B4,1.113726675804082,1.0943716034577546,0.019355072346327384,0,0,8,8,1e-10,SPLIT_BEYOND_ALLOWANCE,False,,,,SPLIT_BEYOND_ALLOWANCE
fiber_019,26,B1|B3|B4,1.1627159355296777,1.1628501061814878,0.00013417065181009491,0,0,8,8,1e-10,SPLIT_BEYOND_ALLOWANCE,False,,,,SPLIT_BEYOND_ALLOWANCE
fiber_019,27,B0|B1|B3|B4,1.1005314484807036,1.0773415193989686,0.023189929081735006,0,0,16,16,1e-10,SPLIT_BEYOND_ALLOWANCE,False,,,,SPLIT_BEYOND_ALLOWANCE
fiber_019,28,B2|B3|B4,1.007352684462272,0.99022238399909956,0.017130300463172432,0,0,8,8,1e-10,SPLIT_BEYOND_ALLOWANCE,False,,,,SPLIT_BEYOND_ALLOWANCE
fiber_019,29,B0|B2|B3|B4,0.85409984501003477,0.84057081520417332,0.013529029805861459,0,0,16,16,1e-10,SPLIT_BEYOND_ALLOWANCE,False,,,,SPLIT_BEYOND_ALLOWANCE
fiber_019,30,B1|B2|B3|B4,1.0290090170114741,1.0185423141123096,0.010466702899164515,0,0,16,16,1e-10,SPLIT_BEYOND_ALLOWANCE,False,,,,SPLIT_BEYOND_ALLOWANCE
fiber_019,31,B0|B1|B2|B3|B4,0.71015665318324006,0.70124772773786259,0.0089089254453774691,0,0,8,8,1e-10,SPLIT_BEYOND_ALLOWANCE,False,,,,SPLIT_BEYOND_ALLOWANCE
fiber_019,32,B5,0.26394985602289239,0.25050476259508436,0.01344509342780803,0,0,2,2,1e-10,SPLIT_BEYOND_ALLOWANCE,False,,,,SPLIT_BEYOND_ALLOWANCE
fiber_019,33,B0|B5,0.7542923858772026,0.74341576131926801,0.010876624557934589,0,0,4,4,1e-10,SPLIT_BEYOND_ALLOWANCE,False,,,,SPLIT_BEYOND_ALLOWANCE
fiber_019,34,B1|B5,0.60972874740408012,0.59822402378098727,0.01150472362309285,0,0,4,4,1e-10,SPLIT_BEYOND_ALLOWANCE,False,,,,SPLIT_BEYOND_ALLOWANCE
fiber_019,35,B0|B1|B5,0.98088351466176704,0.9685916040677921,0.012291910593974942,0,0,8,8,1e-10,SPLIT_BEYOND_ALLOWANCE,False,,,,SPLIT_BEYOND_ALLOWANCE
fiber_019,36,B2|B5,0.79520557198546749,0.77390791066542397,0.021297661320043515,0,0,4,4,1e-10,SPLIT_BEYOND_ALLOWANCE,False,,,,SPLIT_BEYOND_ALLOWANCE
fiber_019,37,B0|B2|B5,1.1012476142080427,1.0984913209082618,0.0027562932997808876,0,0,8,8,1e-10,SPLIT_BEYOND_ALLOWANCE,False,,,,SPLIT_BEYOND_ALLOWANCE
fiber_019,38,B1|B2|B5,1.0473307564264052,1.0282839143183531,0.019046842108052076,0,0,8,8,1e-10,SPLIT_BEYOND_ALLOWANCE,False,,,,SPLIT_BEYOND_ALLOWANCE
fiber_019,39,B0|B1|B2|B5,1.2235246863602285,1.2204185947820603,0.003106091578168213,0,0,16,16,1e-10,SPLIT_BEYOND_ALLOWANCE,False,,,,SPLIT_BEYOND_ALLOWANCE
fiber_019,40,B3|B5,0.83972486446351846,0.81363142523879417,0.026093439224724291,0,0,4,4,1e-10,SPLIT_BEYOND_ALLOWANCE,False,,,,SPLIT_BEYOND_ALLOWANCE
fiber_019,41,B0|B3|B5,0.97273709504066308,0.9287652891087036,0.043971805931959485,0,0,8,8,1e-10,SPLIT_BEYOND_ALLOWANCE,False,,,,SPLIT_BEYOND_ALLOWANCE
fiber_019,42,B1|B3|B5,1.0149726765659439,0.99007755937525443,0.024895117190689486,0,0,8,8,1e-10,SPLIT_BEYOND_ALLOWANCE,False,,,,SPLIT_BEYOND_ALLOWANCE
fiber_019,43,B0|B1|B3|B5,1.0048767747851159,0.96024719759056065,0.044629577194555292,0,0,16,16,1e-10,SPLIT_BEYOND_ALLOWANCE,False,,,,SPLIT_BEYOND_ALLOWANCE
fiber_019,44,B2|B3|B5,1.1523233910169124,1.1564540474313516,0.0041306564144392155,0,0,8,8,1e-10,SPLIT_BEYOND_ALLOWANCE,False,,,,SPLIT_BEYOND_ALLOWANCE
fiber_019,45,B0|B2|B3|B5,1.0069884217071914,1.0116472576560089,0.0046588359488175524,0,0,16,16,1e-10,SPLIT_BEYOND_ALLOWANCE,False,,,,SPLIT_BEYOND_ALLOWANCE
fiber_019,46,B1|B2|B3|B5,1.1889376102797473,1.2011635338535118,0.012225923573764508,0,0,16,16,1e-10,SPLIT_BEYOND_ALLOWANCE,False,,,,SPLIT_BEYOND_ALLOWANCE
fiber_019,47,B0|B1|B2|B3|B5,0.87672673087990594,0.88613830495097279,0.0094115740710668527,0,0,8,8,1e-10,SPLIT_BEYOND_ALLOWANCE,False,,,,SPLIT_BEYOND_ALLOWANCE
fiber_019,48,B4|B5,0.66723467301117922,0.67563488362885094,0.0084002106176717106,0,0,4,4,1e-10,SPLIT_BEYOND_ALLOWANCE,False,,,,SPLIT_BEYOND_ALLOWANCE
fiber_019,49,B0|B4|B5,1.0534815878899551,1.0598346266971681,0.0063530388072130517,0,0,8,8,1e-10,SPLIT_BEYOND_ALLOWANCE,False,,,,SPLIT_BEYOND_ALLOWANCE
fiber_019,50,B1|B4|B5,0.984406368787342,0.99192502382675374,0.0075186550394117369,0,0,8,8,1e-10,SPLIT_BEYOND_ALLOWANCE,False,,,,SPLIT_BEYOND_ALLOWANCE
fiber_019,51,B0|B1|B4|B5,1.216390755234976,1.2221555132843989,0.0057647580494228912,0,0,16,16,1e-10,SPLIT_BEYOND_ALLOWANCE,False,,,,SPLIT_BEYOND_ALLOWANCE
fiber_019,52,B2|B4|B5,0.90446334755281543,0.87239552387900754,0.032067823673807894,0,0,8,8,1e-10,SPLIT_BEYOND_ALLOWANCE,False,,,,SPLIT_BEYOND_ALLOWANCE
fiber_019,53,B0|B2|B4|B5,0.94574827297593689,0.92555718709745327,0.020191085878483617,0,0,16,16,1e-10,SPLIT_BEYOND_ALLOWANCE,False,,,,SPLIT_BEYOND_ALLOWANCE
fiber_019,54,B1|B2|B4|B5,1.049335766276704,1.0168932758549047,0.032442490421799253,0,0,16,16,1e-10,SPLIT_BEYOND_ALLOWANCE,False,,,,SPLIT_BEYOND_ALLOWANCE
fiber_019,55,B0|B1|B2|B4|B5,0.95251272276269927,0.94044128865485721,0.012071434107842061,0,0,8,8,1e-10,SPLIT_BEYOND_ALLOWANCE,False,,,,SPLIT_BEYOND_ALLOWANCE
fiber_019,56,B3|B4|B5,1.1656849796872215,1.1481228367208143,0.017562142966407235,0,0,8,8,1e-10,SPLIT_BEYOND_ALLOWANCE,False,,,,SPLIT_BEYOND_ALLOWANCE
fiber_019,57,B0|B3|B4|B5,1.0651935350642339,1.0338688461503154,0.031324688913918486,0,0,16,16,1e-10,SPLIT_BEYOND_ALLOWANCE,False,,,,SPLIT_BEYOND_ALLOWANCE
fiber_019,58,B1|B3|B4|B5,1.2469443100902038,1.2366196801644243,0.010324629925779538,0,0,16,16,1e-10,SPLIT_BEYOND_ALLOWANCE,False,,,,SPLIT_BEYOND_ALLOWANCE
fiber_019,59,B0|B1|B3|B4|B5,0.997317461387635,0.96984673340078964,0.027470727986845356,0,0,8,8,1e-10,SPLIT_BEYOND_ALLOWANCE,False,,,,SPLIT_BEYOND_ALLOWANCE
fiber_019,60,B2|B3|B4|B5,0.98433798841262554,0.96925450961211335,0.015083478800512196,0,0,16,16,1e-10,SPLIT_BEYOND_ALLOWANCE,False,,,,SPLIT_BEYOND_ALLOWANCE
fiber_019,61,B0|B2|B3|B4|B5,0.64979546961537937,0.64362861479532185,0.0061668548200575213,0,0,8,8,1e-10,SPLIT_BEYOND_ALLOWANCE,False,,,,SPLIT_BEYOND_ALLOWANCE
fiber_019,62,B1|B2|B3|B4|B5,0.92656321491561511,0.92514420530388786,0.001419009611727251,0,0,8,8,1e-10,SPLIT_BEYOND_ALLOWANCE,False,,,,SPLIT_BEYOND_ALLOWANCE
fiber_019,63,B0|B1|B2|B3|B4|B5,0.47948428460517256,0.48098765028275497,0.0015033656775824134,0,0,4,4,1e-10,SPLIT_BEYOND_ALLOWANCE,False,,,,SPLIT_BEYOND_ALLOWANCE
fiber_019,64,B6,0.38079162243085696,0.38648557668497713,0.0056939542541201704,0,0,2,2,1e-10,SPLIT_BEYOND_ALLOWANCE,False,,,,SPLIT_BEYOND_ALLOWANCE
fiber_019,65,B0|B6,0.85068535069995932,0.85323843157402779,0.0025530808740684696,0,0,4,4,1e-10,SPLIT_BEYOND_ALLOWANCE,False,,,,SPLIT_BEYOND_ALLOWANCE
fiber_019,66,B1|B6,0.55899163625759207,0.55744635649536256,0.0015452797622295122,0,0,4,4,1e-10,SPLIT_BEYOND_ALLOWANCE,False,,,,SPLIT_BEYOND_ALLOWANCE
fiber_019,67,B0|B1|B6,0.92119275535491674,0.90947208531707413,0.011720670037842607,0,0,8,8,1e-10,SPLIT_BEYOND_ALLOWANCE,False,,,,SPLIT_BEYOND_ALLOWANCE
fiber_019,68,B2|B6,0.94525283487209832,0.92351072059038675,0.021742114281711578,0,0,4,4,1e-10,SPLIT_BEYOND_ALLOWANCE,False,,,,SPLIT_BEYOND_ALLOWANCE
fiber_019,69,B0|B2|B6,1.252382689116152,1.2408152311117961,0.011567458004355879,0,0,8,8,1e-10,SPLIT_BEYOND_ALLOWANCE,False,,,,SPLIT_BEYOND_ALLOWANCE
fiber_019,70,B1|B2|B6,1.0413458341277533,1.013779702157328,0.027566131970425234,0,0,8,8,1e-10,SPLIT_BEYOND_ALLOWANCE,False,,,,SPLIT_BEYOND_ALLOWANCE
fiber_019,71,B0|B1|B2|B6,1.1968541027444335,1.1752179594006726,0.02163614334376085,0,0,16,16,1e-10,SPLIT_BEYOND_ALLOWANCE,False,,,,SPLIT_BEYOND_ALLOWANCE
fiber_019,72,B3|B6,0.87723351898152613,0.86953522548697482,0.0076982934945513115,0,0,4,4,1e-10,SPLIT_BEYOND_ALLOWANCE,False,,,,SPLIT_BEYOND_ALLOWANCE
fiber_019,73,B0|B3|B6,1.0295396765356419,0.99637698988107104,0.033162686654570894,0,0,8,8,1e-10,SPLIT_BEYOND_ALLOWANCE,False,,,,SPLIT_BEYOND_ALLOWANCE
fiber_019,74,B1|B3|B6,0.89520694816056723,0.87513229915274415,0.020074649007823075,0,0,8,8,1e-10,SPLIT_BEYOND_ALLOWANCE,False,,,,SPLIT_BEYOND_ALLOWANCE
fiber_019,75,B0|B1|B3|B6,0.91511885520236369,0.88019940322196788,0.03491945198039581,0,0,16,16,1e-10,SPLIT_BEYOND_ALLOWANCE,False,,,,SPLIT_BEYOND_ALLOWANCE
fiber_019,76,B2|B3|B6,1.2184559230276995,1.2237613998889716,0.0053054768612721404,0,0,8,8,1e-10,SPLIT_BEYOND_ALLOWANCE,False,,,,SPLIT_BEYOND_ALLOWANCE
fiber_019,77,B0|B2|B3|B6,1.0489709889170937,1.0514955853029351,0.0025245963858413489,0,0,16,16,1e-10,SPLIT_BEYOND_ALLOWANCE,False,,,,SPLIT_BEYOND_ALLOWANCE
fiber_019,78,B1|B2|B3|B6,1.0828483275182084,1.086203516116111,0.0033551885979026252,0,0,16,16,1e-10,SPLIT_BEYOND_ALLOWANCE,False,,,,SPLIT_BEYOND_ALLOWANCE
fiber_019,79,B0|B1|B2|B3|B6,0.74844566148807601,0.75164505150700933,0.0031993900189333235,0,0,8,8,1e-10,SPLIT_BEYOND_ALLOWANCE,False,,,,SPLIT_BEYOND_ALLOWANCE
fiber_019,80,B4|B6,0.80131414457938277,0.81796536997716518,0.01665122539778241,0,0,4,4,1e-10,SPLIT_BEYOND_ALLOWANCE,False,,,,SPLIT_BEYOND_ALLOWANCE
fiber_019,81,B0|B4|B6,1.156640505423431,1.1726163623493659,0.01597585692593495,0,0,8,8,1e-10,SPLIT_BEYOND_ALLOWANCE,False,,,,SPLIT_BEYOND_ALLOWANCE
fiber_019,82,B1|B4|B6,0.95199185975172251,0.96193699025526591,0.0099451305035433979,0,0,8,8,1e-10,SPLIT_BEYOND_ALLOWANCE,False,,,,SPLIT_BEYOND_ALLOWANCE
fiber_019,83,B0|B1|B4|B6,1.1438595206472668,1.148844908694884,0.0049853880476171675,0,0,16,16,1e-10,SPLIT_BEYOND_ALLOWANCE,False,,,,SPLIT_BEYOND_ALLOWANCE
fiber_019,84,B2|B4|B6,1.0001076235162896,0.95886015032228611,0.041247473194003459,0,0,8,8,1e-10,SPLIT_BEYOND_ALLOWANCE,False,,,,SPLIT_BEYOND_ALLOWANCE
fiber_019,85,B0|B2|B4|B6,1.0719744223963652,1.0452754626276053,0.026698959768759911,0,0,16,16,1e-10,SPLIT_BEYOND_ALLOWANCE,False,,,,SPLIT_BEYOND_ALLOWANCE
fiber_019,86,B1|B2|B4|B6,1.0057607434427234,0.96326826250365327,0.042492480939070099,0,0,16,16,1e-10,SPLIT_BEYOND_ALLOWANCE,False,,,,SPLIT_BEYOND_ALLOWANCE
fiber_019,87,B0|B1|B2|B4|B6,0.9168438701027205,0.88715752828262662,0.029686341820093887,0,0,8,8,1e-10,SPLIT_BEYOND_ALLOWANCE,False,,,,SPLIT_BEYOND_ALLOWANCE
fiber_019,88,B3|B4|B6,1.1911658382118575,1.1919597005732951,0.00079386236143763611,0,0,8,8,1e-10,SPLIT_BEYOND_ALLOWANCE,False,,,,SPLIT_BEYOND_ALLOWANCE
fiber_019,89,B0|B3|B4|B6,1.0784206220396944,1.0565457941094851,0.021874827930209229,0,0,16,16,1e-10,SPLIT_BEYOND_ALLOWANCE,False,,,,SPLIT_BEYOND_ALLOWANCE
fiber_019,90,B1|B3|B4|B6,1.0912232195897611,1.0891526485016081,0.0020705710881530059,1.3991790263496992e-32,9.1055026492363543e-33,8,8,1e-10,SPLIT_BEYOND_ALLOWANCE,False,,,,SPLIT_BEYOND_ALLOWANCE
fiber_019,91,B0|B1|B3|B4|B6,0.84697442665534095,0.8204120885533035,0.026562338102037453,0,0,8,8,1e-10,SPLIT_BEYOND_ALLOWANCE,False,,,,SPLIT_BEYOND_ALLOWANCE
fiber_019,92,B2|B3|B4|B6,1.0423685262277063,1.0276821040680124,0.014686422159693846,0,0,16,16,1e-10,SPLIT_BEYOND_ALLOWANCE,False,,,,SPLIT_BEYOND_ALLOWANCE
fiber_019,93,B0|B2|B3|B4|B6,0.70267142496158597,0.68873836114797593,0.013933063813610036,0,0,8,8,1e-10,SPLIT_BEYOND_ALLOWANCE,False,,,,SPLIT_BEYOND_ALLOWANCE
fiber_019,94,B1|B2|B3|B4|B6,0.82931611506148928,0.81614508743778591,0.013171027623703369,0,0,8,8,1e-10,SPLIT_BEYOND_ALLOWANCE,False,,,,SPLIT_BEYOND_ALLOWANCE
fiber_019,95,B0|B1|B2|B3|B4|B6,0.36498560803537289,0.34893485770236649,0.016050750333006403,0,0,4,4,1e-10,SPLIT_BEYOND_ALLOWANCE,False,,,,SPLIT_BEYOND_ALLOWANCE
fiber_019,96,B5|B6,0.62029288035168806,0.61350779277838474,0.0067850875733033167,0,0,4,4,1e-10,SPLIT_BEYOND_ALLOWANCE,False,,,,SPLIT_BEYOND_ALLOWANCE
fiber_019,97,B0|B5|B6,0.97392745608931197,0.96555746328872938,0.008369992800582593,0,0,8,8,1e-10,SPLIT_BEYOND_ALLOWANCE,False,,,,SPLIT_BEYOND_ALLOWANCE
fiber_019,98,B1|B5|B6,0.77870097159772844,0.7663755062060984,0.012325465391630042,0,0,8,8,1e-10,SPLIT_BEYOND_ALLOWANCE,False,,,,SPLIT_BEYOND_ALLOWANCE
fiber_019,99,B0|B1|B5|B6,0.97027107568792892,0.95447481264587974,0.015796263042049175,9.2719155517918835e-33,4.8352575634476879e-33,8,8,1e-10,SPLIT_BEYOND_ALLOWANCE,False,,,,SPLIT_BEYOND_ALLOWANCE
fiber_019,100,B2|B5|B6,1.0718868033960056,1.0515956609243962,0.020291142471609458,0,0,8,8,1e-10,SPLIT_BEYOND_ALLOWANCE,False,,,,SPLIT_BEYOND_ALLOWANCE
fiber_019,101,B0|B2|B5|B6,1.2010408980578706,1.19717124918441,0.0038696488734606405,0,0,16,16,1e-10,SPLIT_BEYOND_ALLOWANCE,False,,,,SPLIT_BEYOND_ALLOWANCE
fiber_019,102,B1|B2|B5|B6,1.1181435384039302,1.0992763287658682,0.018867209638061988,0,0,16,16,1e-10,SPLIT_BEYOND_ALLOWANCE,False,,,,SPLIT_BEYOND_ALLOWANCE
fiber_019,103,B0|B1|B2|B5|B6,1.0782654089926837,1.0699513136380485,0.0083140953546352314,0,0,8,8,1e-10,SPLIT_BEYOND_ALLOWANCE,False,,,,SPLIT_BEYOND_ALLOWANCE
fiber_019,104,B3|B5|B6,1.0527940973132413,1.0316327808958816,0.021161316417359632,0,0,8,8,1e-10,SPLIT_BEYOND_ALLOWANCE,False,,,,SPLIT_BEYOND_ALLOWANCE
fiber_019,105,B0|B3|B5|B6,1.0052133964203283,0.96389421114313656,0.041319185277191695,0,0,16,16,1e-10,SPLIT_BEYOND_ALLOWANCE,False,,,,SPLIT_BEYOND_ALLOWANCE
fiber_019,106,B1|B3|B5|B6,0.99753902637414238,0.97066016881608641,0.026878857558055969,0,0,16,16,1e-10,SPLIT_BEYOND_ALLOWANCE,False,,,,SPLIT_BEYOND_ALLOWANCE
fiber_019,107,B0|B1|B3|B5|B6,0.82714149439617946,0.7899412758251938,0.037200218570985655,0,0,8,8,1e-10,SPLIT_BEYOND_ALLOWANCE,False,,,,SPLIT_BEYOND_ALLOWANCE
fiber_019,108,B2|B3|B5|B6,1.2263833383368081,1.2355806503037166,0.009197311966908428,0,0,16,16,1e-10,SPLIT_BEYOND_ALLOWANCE,False,,,,SPLIT_BEYOND_ALLOWANCE
fiber_019,109,B0|B2|B3|B5|B6,0.88089880762911954,0.88832120138291948,0.0074223937537999385,0,0,8,8,1e-10,SPLIT_BEYOND_ALLOWANCE,False,,,,SPLIT_BEYOND_ALLOWANCE
fiber_019,110,B1|B2|B3|B5|B6,1.0229791633689562,1.0338301268403005,0.010850963471344288,0,0,8,8,1e-10,SPLIT_BEYOND_ALLOWANCE,False,,,,SPLIT_BEYOND_ALLOWANCE
fiber_019,111,B0|B1|B2|B3|B5|B6,0.55153876833932314,0.56139103868101814,0.0098522703416950019,0,0,4,4,1e-10,SPLIT_BEYOND_ALLOWANCE,False,,,,SPLIT_BEYOND_ALLOWANCE
fiber_019,112,B4|B5|B6,0.96931998467629543,0.98053235305237307,0.011212368376077642,0,0,8,8,1e-10,SPLIT_BEYOND_ALLOWANCE,False,,,,SPLIT_BEYOND_ALLOWANCE
fiber_019,113,B0|B4|B5|B6,1.1703468999317566,1.1821425259368743,0.011795626005117743,0,0,16,16,1e-10,SPLIT_BEYOND_ALLOWANCE,False,,,,SPLIT_BEYOND_ALLOWANCE
fiber_019,114,B1|B4|B5|B6,1.0751434014275467,1.0819124984753445,0.006769097047797823,0,0,16,16,1e-10,SPLIT_BEYOND_ALLOWANCE,False,,,,SPLIT_BEYOND_ALLOWANCE
fiber_019,115,B0|B1|B4|B5|B6,1.0881848800402238,1.0946613919286574,0.0064765118884335671,0,0,8,8,1e-10,SPLIT_BEYOND_ALLOWANCE,False,,,,SPLIT_BEYOND_ALLOWANCE
fiber_019,116,B2|B4|B5|B6,1.0399817875516209,1.0047621987581064,0.0352195887935145,0,0,16,16,1e-10,SPLIT_BEYOND_ALLOWANCE,False,,,,SPLIT_BEYOND_ALLOWANCE
fiber_019,117,B0|B2|B4|B5|B6,0.90706260614808487,0.89148714168542731,0.015575464462657562,0,0,8,8,1e-10,SPLIT_BEYOND_ALLOWANCE,False,,,,SPLIT_BEYOND_ALLOWANCE
fiber_019,118,B1|B2|B4|B5|B6,0.97063253102373392,0.94117812429465419,0.02945440672907973,0,0,8,8,1e-10,SPLIT_BEYOND_ALLOWANCE,False,,,,SPLIT_BEYOND_ALLOWANCE
fiber_019,119,B0|B1|B2|B4|B5|B6,0.69992264217225264,0.68577936917517079,0.014143272997081846,0,0,4,4,1e-10,SPLIT_BEYOND_ALLOWANCE,False,,,,SPLIT_BEYOND_ALLOWANCE
fiber_019,120,B3|B4|B5|B6,1.2584728874741467,1.2497097118223321,0.0087631756518145032,0,0,16,16,1e-10,SPLIT_BEYOND_ALLOWANCE,False,,,,SPLIT_BEYOND_ALLOWANCE
fiber_019,121,B0|B3|B4|B5|B6,0.96419719626499856,0.93933079027374078,0.024866405991257778,0,0,8,8,1e-10,SPLIT_BEYOND_ALLOWANCE,False,,,,SPLIT_BEYOND_ALLOWANCE
fiber_019,122,B1|B3|B4|B5|B6,1.0852999043290832,1.0781688411331423,0.0071310631959409232,0,0,8,8,1e-10,SPLIT_BEYOND_ALLOWANCE,False,,,,SPLIT_BEYOND_ALLOWANCE
fiber_019,123,B0|B1|B3|B4|B5|B6,0.69735998861941206,0.67293279815492757,0.024427190464484494,0,0,4,4,1e-10,SPLIT_BEYOND_ALLOWANCE,False,,,,SPLIT_BEYOND_ALLOWANCE
fiber_019,124,B2|B3|B4|B5|B6,0.92085951932192089,0.9173075260042638,0.0035519933176570984,0,0,8,8,1e-10,SPLIT_BEYOND_ALLOWANCE,False,,,,SPLIT_BEYOND_ALLOWANCE
fiber_019,125,B0|B2|B3|B4|B5|B6,0.45466335095013583,0.45230820000577665,0.0023551509443591745,0,0,4,4,1e-10,SPLIT_BEYOND_ALLOWANCE,False,,,,SPLIT_BEYOND_ALLOWANCE
fiber_019,126,B1|B2|B3|B4|B5|B6,0.65575213676150934,0.6566417895657275,0.00088965280421815507,0,0,4,4,1e-10,SPLIT_BEYOND_ALLOWANCE,False,,,,SPLIT_BEYOND_ALLOWANCE
fiber_019,127,B0|B1|B2|B3|B4|B5|B6,0.10468830870157166,0.10101059721073294,0.0036777114908387171,0,0,2,2,1e-10,SPLIT_BEYOND_ALLOWANCE,False,,,,SPLIT_BEYOND_ALLOWANCE
fiber_019,128,B7,0.10468830870157167,0.10101059721073294,0.0036777114908387309,0,0,2,2,1e-10,SPLIT_BEYOND_ALLOWANCE,False,,,,SPLIT_BEYOND_ALLOWANCE
fiber_019,129,B0|B7,0.65575213676150912,0.65664178956572761,0.00088965280421848814,0,0,4,4,1e-10,SPLIT_BEYOND_ALLOWANCE,False,,,,SPLIT_BEYOND_ALLOWANCE
fiber_019,130,B1|B7,0.45466335095013588,0.45230820000577637,0.0023551509443595076,0,0,4,4,1e-10,SPLIT_BEYOND_ALLOWANCE,False,,,,SPLIT_BEYOND_ALLOWANCE
fiber_019,131,B0|B1|B7,0.92085951932192089,0.91730752600426413,0.0035519933176567653,0,0,8,8,1e-10,SPLIT_BEYOND_ALLOWANCE,False,,,,SPLIT_BEYOND_ALLOWANCE
fiber_019,132,B2|B7,0.69735998861941206,0.67293279815492746,0.024427190464484605,0,0,4,4,1e-10,SPLIT_BEYOND_ALLOWANCE,False,,,,SPLIT_BEYOND_ALLOWANCE
fiber_019,133,B0|B2|B7,1.0852999043290832,1.078168841133142,0.0071310631959411452,0,0,8,8,1e-10,SPLIT_BEYOND_ALLOWANCE,False,,,,SPLIT_BEYOND_ALLOWANCE
fiber_019,134,B1|B2|B7,0.96419719626499845,0.93933079027374022,0.024866405991258222,0,0,8,8,1e-10,SPLIT_BEYOND_ALLOWANCE,False,,,,SPLIT_BEYOND_ALLOWANCE
fiber_019,135,B0|B1|B2|B7,1.2584728874741464,1.2497097118223324,0.0087631756518140591,0,0,16,16,1e-10,SPLIT_BEYOND_ALLOWANCE,False,,,,SPLIT_BEYOND_ALLOWANCE
fiber_019,136,B3|B7,0.69992264217225264,0.68577936917517079,0.014143272997081846,0,0,4,4,1e-10,SPLIT_BEYOND_ALLOWANCE,False,,,,SPLIT_BEYOND_ALLOWANCE
fiber_019,137,B0|B3|B7,0.97063253102373381,0.94117812429465397,0.029454406729079841,0,0,8,8,1e-10,SPLIT_BEYOND_ALLOWANCE,False,,,,SPLIT_BEYOND_ALLOWANCE
fiber_019,138,B1|B3|B7,0.90706260614808454,0.89148714168542764,0.015575464462656896,0,0,8,8,1e-10,SPLIT_BEYOND_ALLOWANCE,False,,,,SPLIT_BEYOND_ALLOWANCE
fiber_019,139,B0|B1|B3|B7,1.0399817875516209,1.0047621987581068,0.035219588793514056,0,0,16,16,1e-10,SPLIT_BEYOND_ALLOWANCE,False,,,,SPLIT_BEYOND_ALLOWANCE
fiber_019,140,B2|B3|B7,1.0881848800402238,1.0946613919286572,0.006476511888433345,0,0,8,8,1e-10,SPLIT_BEYOND_ALLOWANCE,False,,,,SPLIT_BEYOND_ALLOWANCE
fiber_019,141,B0|B2|B3|B7,1.0751434014275467,1.0819124984753448,0.006769097047798045,0,0,16,16,1e-10,SPLIT_BEYOND_ALLOWANCE,False,,,,SPLIT_BEYOND_ALLOWANCE
fiber_019,142,B1|B2|B3|B7,1.1703468999317566,1.1821425259368743,0.011795626005117743,0,0,16,16,1e-10,SPLIT_BEYOND_ALLOWANCE,False,,,,SPLIT_BEYOND_ALLOWANCE
fiber_019,143,B0|B1|B2|B3|B7,0.9693199846762951,0.98053235305237274,0.011212368376077642,0,0,8,8,1e-10,SPLIT_BEYOND_ALLOWANCE,False,,,,SPLIT_BEYOND_ALLOWANCE
fiber_019,144,B4|B7,0.5515387683393228,0.56139103868101781,0.0098522703416950019,0,0,4,4,1e-10,SPLIT_BEYOND_ALLOWANCE,False,,,,SPLIT_BEYOND_ALLOWANCE
fiber_019,145,B0|B4|B7,1.022979163368956,1.0338301268403001,0.010850963471344066,0,0,8,8,1e-10,SPLIT_BEYOND_ALLOWANCE,False,,,,SPLIT_BEYOND_ALLOWANCE
fiber_019,146,B1|B4|B7,0.88089880762911976,0.88832120138291981,0.0074223937538000495,0,0,8,8,1e-10,SPLIT_BEYOND_ALLOWANCE,False,,,,SPLIT_BEYOND_ALLOWANCE
fiber_019,147,B0|B1|B4|B7,1.2263833383368077,1.2355806503037166,0.0091973119669088721,0,0,16,16,1e-10,SPLIT_BEYOND_ALLOWANCE,False,,,,SPLIT_BEYOND_ALLOWANCE
fiber_019,148,B2|B4|B7,0.82714149439617946,0.78994127582519391,0.037200218570985544,0,0,8,8,1e-10,SPLIT_BEYOND_ALLOWANCE,False,,,,SPLIT_BEYOND_ALLOWANCE
fiber_019,149,B0|B2|B4|B7,0.99753902637414216,0.9706601688160863,0.026878857558055858,0,0,16,16,1e-10,SPLIT_BEYOND_ALLOWANCE,False,,,,SPLIT_BEYOND_ALLOWANCE
fiber_019,150,B1|B2|B4|B7,1.0052133964203283,0.96389421114313623,0.041319185277192028,0,0,16,16,1e-10,SPLIT_BEYOND_ALLOWANCE,False,,,,SPLIT_BEYOND_ALLOWANCE
fiber_019,151,B0|B1|B2|B4|B7,1.0527940973132413,1.0316327808958818,0.02116131641735941,0,0,8,8,1e-10,SPLIT_BEYOND_ALLOWANCE,False,,,,SPLIT_BEYOND_ALLOWANCE
fiber_019,152,B3|B4|B7,1.0782654089926837,1.0699513136380485,0.0083140953546352314,0,0,8,8,1e-10,SPLIT_BEYOND_ALLOWANCE,False,,,,SPLIT_BEYOND_ALLOWANCE
fiber_019,153,B0|B3|B4|B7,1.1181435384039302,1.0992763287658678,0.018867209638062432,0,0,16,16,1e-10,SPLIT_BEYOND_ALLOWANCE,False,,,,SPLIT_BEYOND_ALLOWANCE
fiber_019,154,B1|B3|B4|B7,1.2010408980578708,1.1971712491844104,0.0038696488734604184,0,0,16,16,1e-10,SPLIT_BEYOND_ALLOWANCE,False,,,,SPLIT_BEYOND_ALLOWANCE
fiber_019,155,B0|B1|B3|B4|B7,1.0718868033960058,1.0515956609243962,0.02029114247160968,0,0,8,8,1e-10,SPLIT_BEYOND_ALLOWANCE,False,,,,SPLIT_BEYOND_ALLOWANCE
fiber_019,156,B2|B3|B4|B7,0.97027107568792859,0.95447481264587974,0.015796263042048841,1.1451387330712619e-32,1.1563668466357143e-32,8,8,1e-10,SPLIT_BEYOND_ALLOWANCE,False,,,,SPLIT_BEYOND_ALLOWANCE
fiber_019,157,B0|B2|B3|B4|B7,0.77870097159772844,0.76637550620609829,0.012325465391630153,0,0,8,8,1e-10,SPLIT_BEYOND_ALLOWANCE,False,,,,SPLIT_BEYOND_ALLOWANCE
fiber_019,158,B1|B2|B3|B4|B7,0.97392745608931164,0.96555746328872916,0.008369992800582482,0,0,8,8,1e-10,SPLIT_BEYOND_ALLOWANCE,False,,,,SPLIT_BEYOND_ALLOWANCE
fiber_019,159,B0|B1|B2|B3|B4|B7,0.62029288035168795,0.61350779277838452,0.0067850875733034277,0,0,4,4,1e-10,SPLIT_BEYOND_ALLOWANCE,False,,,,SPLIT_BEYOND_ALLOWANCE
fiber_019,160,B5|B7,0.36498560803537322,0.34893485770236649,0.016050750333006736,0,0,4,4,1e-10,SPLIT_BEYOND_ALLOWANCE,False,,,,SPLIT_BEYOND_ALLOWANCE
fiber_019,161,B0|B5|B7,0.82931611506148917,0.81614508743778569,0.01317102762370348,0,0,8,8,1e-10,SPLIT_BEYOND_ALLOWANCE,False,,,,SPLIT_BEYOND_ALLOWANCE
fiber_019,162,B1|B5|B7,0.70267142496158574,0.68873836114797593,0.013933063813609814,0,0,8,8,1e-10,SPLIT_BEYOND_ALLOWANCE,False,,,,SPLIT_BEYOND_ALLOWANCE
fiber_019,163,B0|B1|B5|B7,1.0423685262277063,1.0276821040680124,0.014686422159693846,0,0,16,16,1e-10,SPLIT_BEYOND_ALLOWANCE,False,,,,SPLIT_BEYOND_ALLOWANCE
fiber_019,164,B2|B5|B7,0.84697442665534073,0.8204120885533035,0.026562338102037231,0,0,8,8,1e-10,SPLIT_BEYOND_ALLOWANCE,False,,,,SPLIT_BEYOND_ALLOWANCE
fiber_019,165,B0|B2|B5|B7,1.0912232195897609,1.0891526485016079,0.0020705710881530059,6.3789997908491678e-33,7.7535056666678139e-33,8,8,1e-10,SPLIT_BEYOND_ALLOWANCE,False,,,,SPLIT_BEYOND_ALLOWANCE
fiber_019,166,B1|B2|B5|B7,1.0784206220396944,1.0565457941094849,0.021874827930209451,0,0,16,16,1e-10,SPLIT_BEYOND_ALLOWANCE,False,,,,SPLIT_BEYOND_ALLOWANCE
fiber_019,167,B0|B1|B2|B5|B7,1.1911658382118582,1.1919597005732954,0.00079386236143719202,0,0,8,8,1e-10,SPLIT_BEYOND_ALLOWANCE,False,,,,SPLIT_BEYOND_ALLOWANCE
fiber_019,168,B3|B5|B7,0.91684387010272062,0.88715752828262651,0.029686341820094109,0,0,8,8,1e-10,SPLIT_BEYOND_ALLOWANCE,False,,,,SPLIT_BEYOND_ALLOWANCE
fiber_019,169,B0|B3|B5|B7,1.0057607434427234,0.96326826250365283,0.042492480939070543,0,0,16,16,1e-10,SPLIT_BEYOND_ALLOWANCE,False,,,,SPLIT_BEYOND_ALLOWANCE
fiber_019,170,B1|B3|B5|B7,1.0719744223963645,1.0452754626276048,0.026698959768759689,0,0,16,16,1e-10,SPLIT_BEYOND_ALLOWANCE,False,,,,SPLIT_BEYOND_ALLOWANCE
fiber_019,171,B0|B1|B3|B5|B7,1.0001076235162893,0.95886015032228633,0.041247473194003015,0,0,8,8,1e-10,SPLIT_BEYOND_ALLOWANCE,False,,,,SPLIT_BEYOND_ALLOWANCE
fiber_019,172,B2|B3|B5|B7,1.1438595206472668,1.148844908694884,0.0049853880476171675,0,0,16,16,1e-10,SPLIT_BEYOND_ALLOWANCE,False,,,,SPLIT_BEYOND_ALLOWANCE
fiber_019,173,B0|B2|B3|B5|B7,0.95199185975172251,0.96193699025526613,0.0099451305035436199,0,0,8,8,1e-10,SPLIT_BEYOND_ALLOWANCE,False,,,,SPLIT_BEYOND_ALLOWANCE
fiber_019,174,B1|B2|B3|B5|B7,1.1566405054234312,1.1726163623493653,0.015975856925934062,0,0,8,8,1e-10,SPLIT_BEYOND_ALLOWANCE,False,,,,SPLIT_BEYOND_ALLOWANCE
fiber_019,175,B0|B1|B2|B3|B5|B7,0.80131414457938288,0.81796536997716474,0.016651225397781855,0,0,4,4,1e-10,SPLIT_BEYOND_ALLOWANCE,False,,,,SPLIT_BEYOND_ALLOWANCE
fiber_019,176,B4|B5|B7,0.74844566148807601,0.75164505150700911,0.0031993900189331015,0,0,8,8,1e-10,SPLIT_BEYOND_ALLOWANCE,False,,,,SPLIT_BEYOND_ALLOWANCE
fiber_019,177,B0|B4|B5|B7,1.0828483275182079,1.0862035161161114,0.0033551885979035134,0,0,16,16,1e-10,SPLIT_BEYOND_ALLOWANCE,False,,,,SPLIT_BEYOND_ALLOWANCE
fiber_019,178,B1|B4|B5|B7,1.0489709889170935,1.0514955853029351,0.002524596385841571,0,0,16,16,1e-10,SPLIT_BEYOND_ALLOWANCE,False,,,,SPLIT_BEYOND_ALLOWANCE
fiber_019,179,B0|B1|B4|B5|B7,1.2184559230276992,1.2237613998889716,0.0053054768612723624,0,0,8,8,1e-10,SPLIT_BEYOND_ALLOWANCE,False,,,,SPLIT_BEYOND_ALLOWANCE
fiber_019,180,B2|B4|B5|B7,0.91511885520236369,0.8801994032219681,0.034919451980395588,0,0,16,16,1e-10,SPLIT_BEYOND_ALLOWANCE,False,,,,SPLIT_BEYOND_ALLOWANCE
fiber_019,181,B0|B2|B4|B5|B7,0.89520694816056712,0.87513229915274393,0.020074649007823187,0,0,8,8,1e-10,SPLIT_BEYOND_ALLOWANCE,False,,,,SPLIT_BEYOND_ALLOWANCE
fiber_019,182,B1|B2|B4|B5|B7,1.0295396765356419,0.99637698988107126,0.033162686654570672,0,0,8,8,1e-10,SPLIT_BEYOND_ALLOWANCE,False,,,,SPLIT_BEYOND_ALLOWANCE
fiber_019,183,B0|B1|B2|B4|B5|B7,0.87723351898152613,0.86953522548697515,0.0076982934945509784,0,0,4,4,1e-10,SPLIT_BEYOND_ALLOWANCE,False,,,,SPLIT_BEYOND_ALLOWANCE
fiber_019,184,B3|B4|B5|B7,1.1968541027444335,1.1752179594006726,0.02163614334376085,0,0,16,16,1e-10,SPLIT_BEYOND_ALLOWANCE,False,,,,SPLIT_BEYOND_ALLOWANCE
fiber_019,185,B0|B3|B4|B5|B7,1.0413458341277535,1.0137797021573276,0.0275661319704259,0,0,8,8,1e-10,SPLIT_BEYOND_ALLOWANCE,False,,,,SPLIT_BEYOND_ALLOWANCE
fiber_019,186,B1|B3|B4|B5|B7,1.252382689116152,1.2408152311117961,0.011567458004355879,0,0,8,8,1e-10,SPLIT_BEYOND_ALLOWANCE,False,,,,SPLIT_BEYOND_ALLOWANCE
fiber_019,187,B0|B1|B3|B4|B5|B7,0.9452528348720981,0.92351072059038686,0.021742114281711244,0,0,4,4,1e-10,SPLIT_BEYOND_ALLOWANCE,False,,,,SPLIT_BEYOND_ALLOWANCE
fiber_019,188,B2|B3|B4|B5|B7,0.92119275535491663,0.90947208531707402,0.011720670037842607,0,0,8,8,1e-10,SPLIT_BEYOND_ALLOWANCE,False,,,,SPLIT_BEYOND_ALLOWANCE
fiber_019,189,B0|B2|B3|B4|B5|B7,0.55899163625759229,0.55744635649536245,0.0015452797622298453,0,0,4,4,1e-10,SPLIT_BEYOND_ALLOWANCE,False,,,,SPLIT_BEYOND_ALLOWANCE
fiber_019,190,B1|B2|B3|B4|B5|B7,0.8506853506999591,0.85323843157402812,0.0025530808740690247,0,0,4,4,1e-10,SPLIT_BEYOND_ALLOWANCE,False,,,,SPLIT_BEYOND_ALLOWANCE
fiber_019,191,B0|B1|B2|B3|B4|B5|B7,0.38079162243085724,0.38648557668497707,0.0056939542541198374,0,0,2,2,1e-10,SPLIT_BEYOND_ALLOWANCE,False,,,,SPLIT_BEYOND_ALLOWANCE
fiber_019,192,B6|B7,0.47948428460517295,0.48098765028275459,0.0015033656775816362,0,0,4,4,1e-10,SPLIT_BEYOND_ALLOWANCE,False,,,,SPLIT_BEYOND_ALLOWANCE
fiber_019,193,B0|B6|B7,0.92656321491561477,0.92514420530388786,0.001419009611726918,0,0,8,8,1e-10,SPLIT_BEYOND_ALLOWANCE,False,,,,SPLIT_BEYOND_ALLOWANCE
fiber_019,194,B1|B6|B7,0.64979546961537948,0.64362861479532163,0.0061668548200578543,0,0,8,8,1e-10,SPLIT_BEYOND_ALLOWANCE,False,,,,SPLIT_BEYOND_ALLOWANCE
fiber_019,195,B0|B1|B6|B7,0.98433798841262499,0.96925450961211324,0.015083478800511751,0,0,16,16,1e-10,SPLIT_BEYOND_ALLOWANCE,False,,,,SPLIT_BEYOND_ALLOWANCE
fiber_019,196,B2|B6|B7,0.997317461387635,0.96984673340078986,0.027470727986845134,0,0,8,8,1e-10,SPLIT_BEYOND_ALLOWANCE,False,,,,SPLIT_BEYOND_ALLOWANCE
fiber_019,197,B0|B2|B6|B7,1.2469443100902038,1.2366196801644243,0.010324629925779538,0,0,16,16,1e-10,SPLIT_BEYOND_ALLOWANCE,False,,,,SPLIT_BEYOND_ALLOWANCE
fiber_019,198,B1|B2|B6|B7,1.0651935350642339,1.0338688461503158,0.031324688913918042,0,0,16,16,1e-10,SPLIT_BEYOND_ALLOWANCE,False,,,,SPLIT_BEYOND_ALLOWANCE
fiber_019,199,B0|B1|B2|B6|B7,1.1656849796872213,1.1481228367208141,0.017562142966407235,0,0,8,8,1e-10,SPLIT_BEYOND_ALLOWANCE,False,,,,SPLIT_BEYOND_ALLOWANCE
fiber_019,200,B3|B6|B7,0.95251272276269938,0.9404412886548571,0.012071434107842283,0,0,8,8,1e-10,SPLIT_BEYOND_ALLOWANCE,False,,,,SPLIT_BEYOND_ALLOWANCE
fiber_019,201,B0|B3|B6|B7,1.0493357662767038,1.0168932758549043,0.032442490421799475,0,0,16,16,1e-10,SPLIT_BEYOND_ALLOWANCE,False,,,,SPLIT_BEYOND_ALLOWANCE
fiber_019,202,B1|B3|B6|B7,0.94574827297593689,0.92555718709745372,0.020191085878483173,0,0,16,16,1e-10,SPLIT_BEYOND_ALLOWANCE,False,,,,SPLIT_BEYOND_ALLOWANCE
fiber_019,203,B0|B1|B3|B6|B7,0.90446334755281543,0.87239552387900754,0.032067823673807894,0,0,8,8,1e-10,SPLIT_BEYOND_ALLOWANCE,False,,,,SPLIT_BEYOND_ALLOWANCE
fiber_019,204,B2|B3|B6|B7,1.216390755234976,1.2221555132843986,0.0057647580494226691,0,0,16,16,1e-10,SPLIT_BEYOND_ALLOWANCE,False,,,,SPLIT_BEYOND_ALLOWANCE
fiber_019,205,B0|B2|B3|B6|B7,0.98440636878734222,0.99192502382675407,0.0075186550394118479,0,0,8,8,1e-10,SPLIT_BEYOND_ALLOWANCE,False,,,,SPLIT_BEYOND_ALLOWANCE
fiber_019,206,B1|B2|B3|B6|B7,1.0534815878899548,1.0598346266971679,0.0063530388072130517,0,0,8,8,1e-10,SPLIT_BEYOND_ALLOWANCE,False,,,,SPLIT_BEYOND_ALLOWANCE
fiber_019,207,B0|B1|B2|B3|B6|B7,0.667234673011179,0.67563488362885105,0.0084002106176720437,0,0,4,4,1e-10,SPLIT_BEYOND_ALLOWANCE,False,,,,SPLIT_BEYOND_ALLOWANCE
fiber_019,208,B4|B6|B7,0.87672673087990582,0.88613830495097301,0.0094115740710671858,0,0,8,8,1e-10,SPLIT_BEYOND_ALLOWANCE,False,,,,SPLIT_BEYOND_ALLOWANCE
fiber_019,209,B0|B4|B6|B7,1.1889376102797473,1.2011635338535118,0.012225923573764508,0,0,16,16,1e-10,SPLIT_BEYOND_ALLOWANCE,False,,,,SPLIT_BEYOND_ALLOWANCE
fiber_019,210,B1|B4|B6|B7,1.0069884217071914,1.0116472576560087,0.0046588359488173303,0,0,16,16,1e-10,SPLIT_BEYOND_ALLOWANCE,False,,,,SPLIT_BEYOND_ALLOWANCE
fiber_019,211,B0|B1|B4|B6|B7,1.1523233910169115,1.1564540474313521,0.0041306564144405478,0,0,8,8,1e-10,SPLIT_BEYOND_ALLOWANCE,False,,,,SPLIT_BEYOND_ALLOWANCE
fiber_019,212,B2|B4|B6|B7,1.0048767747851157,0.96024719759056087,0.044629577194554848,0,0,16,16,1e-10,SPLIT_BEYOND_ALLOWANCE,False,,,,SPLIT_BEYOND_ALLOWANCE
fiber_019,213,B0|B2|B4|B6|B7,1.0149726765659441,0.99007755937525466,0.024895117190689486,0,0,8,8,1e-10,SPLIT_BEYOND_ALLOWANCE,False,,,,SPLIT_BEYOND_ALLOWANCE
fiber_019,214,B1|B2|B4|B6|B7,0.9727370950406633,0.9287652891087036,0.043971805931959707,0,0,8,8,1e-10,SPLIT_BEYOND_ALLOWANCE,False,,,,SPLIT_BEYOND_ALLOWANCE
fiber_019,215,B0|B1|B2|B4|B6|B7,0.83972486446351891,0.81363142523879395,0.026093439224724957,0,0,4,4,1e-10,SPLIT_BEYOND_ALLOWANCE,False,,,,SPLIT_BEYOND_ALLOWANCE
fiber_019,216,B3|B4|B6|B7,1.2235246863602283,1.2204185947820605,0.0031060915781677689,0,0,16,16,1e-10,SPLIT_BEYOND_ALLOWANCE,False,,,,SPLIT_BEYOND_ALLOWANCE
fiber_019,217,B0|B3|B4|B6|B7,1.0473307564264056,1.0282839143183529,0.019046842108052742,0,0,8,8,1e-10,SPLIT_BEYOND_ALLOWANCE,False,,,,SPLIT_BEYOND_ALLOWANCE
fiber_019,218,B1|B3|B4|B6|B7,1.1012476142080427,1.0984913209082618,0.0027562932997808876,0,0,8,8,1e-10,SPLIT_BEYOND_ALLOWANCE,False,,,,SPLIT_BEYOND_ALLOWANCE
fiber_019,219,B0|B1|B3|B4|B6|B7,0.7952055719854676,0.77390791066542386,0.021297661320043737,0,0,4,4,1e-10,SPLIT_BEYOND_ALLOWANCE,False,,,,SPLIT_BEYOND_ALLOWANCE
fiber_019,220,B2|B3|B4|B6|B7,0.98088351466176726,0.96859160406779221,0.012291910593975053,0,0,8,8,1e-10,SPLIT_BEYOND_ALLOWANCE,False,,,,SPLIT_BEYOND_ALLOWANCE
fiber_019,221,B0|B2|B3|B4|B6|B7,0.60972874740407967,0.59822402378098705,0.011504723623092628,0,0,4,4,1e-10,SPLIT_BEYOND_ALLOWANCE,False,,,,SPLIT_BEYOND_ALLOWANCE
fiber_019,222,B1|B2|B3|B4|B6|B7,0.7542923858772026,0.74341576131926801,0.010876624557934589,0,0,4,4,1e-10,SPLIT_BEYOND_ALLOWANCE,False,,,,SPLIT_BEYOND_ALLOWANCE
fiber_019,223,B0|B1|B2|B3|B4|B6|B7,0.2639498560228925,0.25050476259508436,0.013445093427808141,0,0,2,2,1e-10,SPLIT_BEYOND_ALLOWANCE,False,,,,SPLIT_BEYOND_ALLOWANCE
fiber_019,224,B5|B6|B7,0.71015665318323984,0.70124772773786292,0.008908925445376914,0,0,8,8,1e-10,SPLIT_BEYOND_ALLOWANCE,False,,,,SPLIT_BEYOND_ALLOWANCE
fiber_019,225,B0|B5|B6|B7,1.0290090170114745,1.0185423141123098,0.010466702899164737,0,0,16,16,1e-10,SPLIT_BEYOND_ALLOWANCE,False,,,,SPLIT_BEYOND_ALLOWANCE
fiber_019,226,B1|B5|B6|B7,0.85409984501003477,0.84057081520417309,0.013529029805861681,0,0,16,16,1e-10,SPLIT_BEYOND_ALLOWANCE,False,,,,SPLIT_BEYOND_ALLOWANCE
fiber_019,227,B0|B1|B5|B6|B7,1.0073526844622722,0.99022238399909934,0.017130300463172876,0,0,8,8,1e-10,SPLIT_BEYOND_ALLOWANCE,False,,,,SPLIT_BEYOND_ALLOWANCE
fiber_019,228,B2|B5|B6|B7,1.1005314484807036,1.0773415193989684,0.023189929081735228,0,0,16,16,1e-10,SPLIT_BEYOND_ALLOWANCE,False,,,,SPLIT_BEYOND_ALLOWANCE
fiber_019,229,B0|B2|B5|B6|B7,1.1627159355296777,1.1628501061814878,0.00013417065181009491,0,0,8,8,1e-10,SPLIT_BEYOND_ALLOWANCE,False,,,,SPLIT_BEYOND_ALLOWANCE
fiber_019,230,B1|B2|B5|B6|B7,1.1137266758040822,1.0943716034577549,0.019355072346327384,0,0,8,8,1e-10,SPLIT_BEYOND_ALLOWANCE,False,,,,SPLIT_BEYOND_ALLOWANCE
fiber_019,231,B0|B1|B2|B5|B6|B7,1.0241213345065514,1.0210187269386823,0.0031026075678690646,0,0,4,4,1e-10,SPLIT_BEYOND_ALLOWANCE,False,,,,SPLIT_BEYOND_ALLOWANCE
fiber_019,232,B3|B5|B6|B7,1.1055938620863546,1.0822430875705811,0.023350774515773498,0,0,16,16,1e-10,SPLIT_BEYOND_ALLOWANCE,False,,,,SPLIT_BEYOND_ALLOWANCE
fiber_019,233,B0|B3|B5|B6|B7,0.99557457722924192,0.95767276594350992,0.037901811285732001,0,0,8,8,1e-10,SPLIT_BEYOND_ALLOWANCE,False,,,,SPLIT_BEYOND_ALLOWANCE
fiber_019,234,B1|B3|B5|B6|B7,1.0172767196191639,0.9926105809862289,0.024666138632934986,0,0,8,8,1e-10,SPLIT_BEYOND_ALLOWANCE,False,,,,SPLIT_BEYOND_ALLOWANCE
fiber_019,235,B0|B1|B3|B5|B6|B7,0.79087550183998512,0.75891590360874628,0.031959598231238839,0,0,4,4,1e-10,SPLIT_BEYOND_ALLOWANCE,False,,,,SPLIT_BEYOND_ALLOWANCE
fiber_019,236,B2|B3|B5|B6|B7,1.1893551638387567,1.2018829723934537,0.012527808554696929,0,0,8,8,1e-10,SPLIT_BEYOND_ALLOWANCE,False,,,,SPLIT_BEYOND_ALLOWANCE
fiber_019,237,B0|B2|B3|B5|B6|B7,0.80096498424577212,0.8150542800464643,0.014089295800692181,0,0,4,4,1e-10,SPLIT_BEYOND_ALLOWANCE,False,,,,SPLIT_BEYOND_ALLOWANCE
fiber_019,238,B1|B2|B3|B5|B6|B7,0.96569395561583049,0.98098765219824091,0.015293696582410421,0,0,4,4,1e-10,SPLIT_BEYOND_ALLOWANCE,False,,,,SPLIT_BEYOND_ALLOWANCE
fiber_019,239,B0|B1|B2|B3|B5|B6|B7,0.46153052698779462,0.47746714933198764,0.015936622344193019,0,0,2,2,1e-10,SPLIT_BEYOND_ALLOWANCE,False,,,,SPLIT_BEYOND_ALLOWANCE
fiber_019,240,B4|B5|B6|B7,1.0281588868286753,1.0341572352016331,0.0059983483729577625,0,0,16,16,1e-10,SPLIT_BEYOND_ALLOWANCE,False,,,,SPLIT_BEYOND_ALLOWANCE
fiber_019,241,B0|B4|B5|B6|B7,1.1674751555899578,1.178645004727102,0.011169849137144139,0,0,8,8,1e-10,SPLIT_BEYOND_ALLOWANCE,False,,,,SPLIT_BEYOND_ALLOWANCE
fiber_019,242,B1|B4|B5|B6|B7,1.1060101525124315,1.1100131973783385,0.0040030448659069684,0,0,8,8,1e-10,SPLIT_BEYOND_ALLOWANCE,False,,,,SPLIT_BEYOND_ALLOWANCE
fiber_019,243,B0|B1|B4|B5|B6|B7,1.062674786809118,1.0709887055037013,0.008313918694583311,0,0,4,4,1e-10,SPLIT_BEYOND_ALLOWANCE,False,,,,SPLIT_BEYOND_ALLOWANCE
fiber_019,244,B2|B4|B5|B6|B7,1.0168716995994536,0.98080372696986817,0.036067972629585388,0,0,8,8,1e-10,SPLIT_BEYOND_ALLOWANCE,False,,,,SPLIT_BEYOND_ALLOWANCE
fiber_019,245,B0|B2|B4|B5|B6|B7,0.82900785267557286,0.81691782055925988,0.012090032116312988,0,0,4,4,1e-10,SPLIT_BEYOND_ALLOWANCE,False,,,,SPLIT_BEYOND_ALLOWANCE
fiber_019,246,B1|B2|B4|B5|B6|B7,0.9175393953149914,0.88872602868619621,0.02881336662879519,0,0,4,4,1e-10,SPLIT_BEYOND_ALLOWANCE,False,,,,SPLIT_BEYOND_ALLOWANCE
fiber_019,247,B0|B1|B2|B4|B5|B6|B7,0.60929783779929447,0.59977022294438087,0.0095276148549136019,0,0,2,2,1e-10,SPLIT_BEYOND_ALLOWANCE,False,,,,SPLIT_BEYOND_ALLOWANCE
fiber_019,248,B3|B4|B5|B6|B7,1.2560423320863252,1.2466526847896606,0.0093896472966645828,0,0,8,8,1e-10,SPLIT_BEYOND_ALLOWANCE,False,,,,SPLIT_BEYOND_ALLOWANCE
fiber_019,249,B0|B3|B4|B5|B6|B7,0.90806880440308835,0.88924156065920945,0.018827243743878896,0,0,4,4,1e-10,SPLIT_BEYOND_ALLOWANCE,False,,,,SPLIT_BEYOND_ALLOWANCE
fiber_019,250,B1|B3|B4|B5|B6|B7,1.0554487851127674,1.0521153133852916,0.0033334717274757786,0,0,4,4,1e-10,SPLIT_BEYOND_ALLOWANCE,False,,,,SPLIT_BEYOND_ALLOWANCE
fiber_019,251,B0|B1|B3|B4|B5|B6|B7,0.62218968173963418,0.60569548770618087,0.016494194033453313,0,0,2,2,1e-10,SPLIT_BEYOND_ALLOWANCE,False,,,,SPLIT_BEYOND_ALLOWANCE
fiber_019,252,B2|B3|B4|B5|B6|B7,0.84115637979173086,0.84142136265510914,0.00026498286337828247,0,0,4,4,1e-10,SPLIT_BEYOND_ALLOWANCE,False,,,,SPLIT_BEYOND_ALLOWANCE
fiber_019,253,B0|B2|B3|B4|B5|B6|B7,0.3549606578398794,0.35659944343187072,0.0016387855919913208,0,0,2,2,1e-10,SPLIT_BEYOND_ALLOWANCE,False,,,,SPLIT_BEYOND_ALLOWANCE
fiber_019,254,B1|B2|B3|B4|B5|B6|B7,0.56860340818882882,0.57306908033333626,0.0044656721445074377,0,0,2,2,1e-10,SPLIT_BEYOND_ALLOWANCE,False,,,,SPLIT_BEYOND_ALLOWANCE
fiber_019,255,B0|B1|B2|B3|B4|B5|B6|B7,0,0,0,0,0,1,1,1e-10,EQUAL_WITHIN_ALLOWANCE,False,,,,EQUAL_WITHIN_ALLOWANCE
