dimensions,support_key,support_score,action_faithful,route_incidence_complete,globally_chiral_after_rank_one_identification,consistency_completeness_passes,is_target_reference
2,antisym2:-1 + singlet:1,2|2|1|1,False,False,False,False,False
2,antisym2:1 + singlet:-1,2|2|1|1,False,False,False,False,False
2,antifund:-1 + antifund:1,2|4|1|1,True,True,False,True,False
2,fund:-1 + fund:1,2|4|1|1,True,True,False,True,False
2,adjoint:-1 + sym2:1,2|6|1|1,True,True,True,True,False
2,adjoint:1 + sym2:-1,2|6|1|1,True,True,True,True,False
2|2,antisym2xsinglet:-1 + singletxantisym2:1,2|2|2|2,False,False,False,False,False
2|2,antisym2xsinglet:1 + singletxantisym2:-1,2|2|2|2,False,False,False,False,False
2|2,antifundxantifund:-1 + antifundxantifund:1,2|8|2|2,True,False,False,False,False
2|2,antifundxantifund:-1 + antifundxfund:1,2|8|2|2,True,False,False,False,False
2|2,antifundxantifund:-1 + fundxantifund:1,2|8|2|2,True,False,False,False,False
2|2,antifundxantifund:1 + antifundxfund:-1,2|8|2|2,True,False,False,False,False
2|2,antifundxantifund:1 + fundxantifund:-1,2|8|2|2,True,False,False,False,False
2|2,antifundxfund:-1 + antifundxfund:1,2|8|2|2,True,False,False,False,False
2|2,antifundxfund:-1 + fundxfund:1,2|8|2|2,True,False,False,False,False
2|2,antifundxfund:1 + fundxfund:-1,2|8|2|2,True,False,False,False,False
2|2,fundxantifund:-1 + fundxantifund:1,2|8|2|2,True,False,False,False,False
2|2,fundxantifund:-1 + fundxfund:1,2|8|2|2,True,False,False,False,False
2|2,fundxantifund:1 + fundxfund:-1,2|8|2|2,True,False,False,False,False
2|2,fundxfund:-1 + fundxfund:1,2|8|2|2,True,False,False,False,False
2|2,adjointxsinglet:-1 + antifundxantifund:2 + antisym2xsinglet:-3 + antisym2xsinglet:1 + singletxadjoint:-1,5|12|2|2,False,False,True,False,False
2|2,adjointxsinglet:-1 + antifundxantifund:2 + antisym2xsinglet:-3 + antisym2xsinglet:1 + singletxsym2:-1,5|12|2|2,False,False,True,False,False
2|2,adjointxsinglet:-1 + antifundxantifund:2 + antisym2xsinglet:-3 + singletxadjoint:-1 + singletxantisym2:1,5|12|2|2,False,False,True,False,False
2|2,adjointxsinglet:-1 + antifundxantifund:2 + antisym2xsinglet:-3 + singletxadjoint:-1 + singletxsinglet:1,5|12|2|2,False,False,True,False,False
2|2,adjointxsinglet:-1 + antifundxantifund:2 + antisym2xsinglet:-3 + singletxantisym2:1 + singletxsym2:-1,5|12|2|2,False,False,True,False,False
2|2,adjointxsinglet:-1 + antifundxantifund:2 + antisym2xsinglet:-3 + singletxsinglet:1 + singletxsym2:-1,5|12|2|2,False,False,True,False,False
2|2,adjointxsinglet:-1 + antifundxantifund:2 + antisym2xsinglet:1 + singletxadjoint:-1 + singletxantisym2:-3,5|12|2|2,False,False,True,False,False
2|2,adjointxsinglet:-1 + antifundxantifund:2 + antisym2xsinglet:1 + singletxadjoint:-1 + singletxsinglet:-3,5|12|2|2,False,False,True,False,False
2|2,adjointxsinglet:-1 + antifundxantifund:2 + antisym2xsinglet:1 + singletxantisym2:-3 + singletxsym2:-1,5|12|2|2,False,False,True,False,False
2|2,adjointxsinglet:-1 + antifundxantifund:2 + antisym2xsinglet:1 + singletxsinglet:-3 + singletxsym2:-1,5|12|2|2,False,False,True,False,False
2|2,adjointxsinglet:-1 + antifundxantifund:2 + antisym2xsinglet:3 + singletxantifund:-1 + singletxantifund:-3,5|12|2|2,False,False,True,False,False
2|2,adjointxsinglet:-1 + antifundxantifund:2 + antisym2xsinglet:3 + singletxantifund:-1 + singletxfund:-3,5|12|2|2,False,False,True,False,False
2|2,adjointxsinglet:-1 + antifundxantifund:2 + antisym2xsinglet:3 + singletxantifund:-3 + singletxfund:-1,5|12|2|2,False,False,True,False,False
2|2,adjointxsinglet:-1 + antifundxantifund:2 + antisym2xsinglet:3 + singletxfund:-1 + singletxfund:-3,5|12|2|2,False,False,True,False,False
2|2,adjointxsinglet:-1 + antifundxantifund:2 + singletxadjoint:-1 + singletxantisym2:-3 + singletxantisym2:1,5|12|2|2,False,False,True,False,False
2|2,adjointxsinglet:-1 + antifundxantifund:2 + singletxadjoint:-1 + singletxantisym2:-3 + singletxsinglet:1,5|12|2|2,False,False,True,False,False
2|2,adjointxsinglet:-1 + antifundxantifund:2 + singletxadjoint:-1 + singletxantisym2:1 + singletxsinglet:-3,5|12|2|2,False,False,True,False,False
2|2,adjointxsinglet:-1 + antifundxantifund:2 + singletxadjoint:-1 + singletxsinglet:-3 + singletxsinglet:1,5|12|2|2,True,False,True,False,False
2|2,adjointxsinglet:-1 + antifundxantifund:2 + singletxantifund:-1 + singletxantifund:-3 + singletxantisym2:3,5|12|2|2,False,False,True,False,False
2|2,adjointxsinglet:-1 + antifundxantifund:2 + singletxantifund:-1 + singletxantifund:-3 + singletxsinglet:3,5|12|2|2,True,True,True,True,False
2|2,adjointxsinglet:-1 + antifundxantifund:2 + singletxantifund:-1 + singletxantisym2:3 + singletxfund:-3,5|12|2|2,False,False,True,False,False
2|2,adjointxsinglet:-1 + antifundxantifund:2 + singletxantifund:-1 + singletxfund:-3 + singletxsinglet:3,5|12|2|2,True,True,True,True,False
2|2,adjointxsinglet:-1 + antifundxantifund:2 + singletxantifund:-3 + singletxantisym2:3 + singletxfund:-1,5|12|2|2,False,False,True,False,False
2|2,adjointxsinglet:-1 + antifundxantifund:2 + singletxantifund:-3 + singletxfund:-1 + singletxsinglet:3,5|12|2|2,True,True,True,True,False
2|2,adjointxsinglet:-1 + antifundxantifund:2 + singletxantisym2:-3 + singletxantisym2:1 + singletxsym2:-1,5|12|2|2,False,False,True,False,False
2|2,adjointxsinglet:-1 + antifundxantifund:2 + singletxantisym2:-3 + singletxsinglet:1 + singletxsym2:-1,5|12|2|2,False,False,True,False,False
2|2,adjointxsinglet:-1 + antifundxantifund:2 + singletxantisym2:1 + singletxsinglet:-3 + singletxsym2:-1,5|12|2|2,False,False,True,False,False
2|2,adjointxsinglet:-1 + antifundxantifund:2 + singletxantisym2:3 + singletxfund:-1 + singletxfund:-3,5|12|2|2,False,False,True,False,False
2|2,adjointxsinglet:-1 + antifundxantifund:2 + singletxfund:-1 + singletxfund:-3 + singletxsinglet:3,5|12|2|2,True,True,True,True,False
2|2,adjointxsinglet:-1 + antifundxantifund:2 + singletxsinglet:-3 + singletxsinglet:1 + singletxsym2:-1,5|12|2|2,True,False,True,False,False
2|2,adjointxsinglet:-1 + antifundxfund:2 + antisym2xsinglet:-3 + antisym2xsinglet:1 + singletxadjoint:-1,5|12|2|2,False,False,True,False,False
2|2,adjointxsinglet:-1 + antifundxfund:2 + antisym2xsinglet:-3 + antisym2xsinglet:1 + singletxsym2:-1,5|12|2|2,False,False,True,False,False
2|2,adjointxsinglet:-1 + antifundxfund:2 + antisym2xsinglet:-3 + singletxadjoint:-1 + singletxantisym2:1,5|12|2|2,False,False,True,False,False
2|2,adjointxsinglet:-1 + antifundxfund:2 + antisym2xsinglet:-3 + singletxadjoint:-1 + singletxsinglet:1,5|12|2|2,False,False,True,False,False
2|2,adjointxsinglet:-1 + antifundxfund:2 + antisym2xsinglet:-3 + singletxantisym2:1 + singletxsym2:-1,5|12|2|2,False,False,True,False,False
2|2,adjointxsinglet:-1 + antifundxfund:2 + antisym2xsinglet:-3 + singletxsinglet:1 + singletxsym2:-1,5|12|2|2,False,False,True,False,False
2|2,adjointxsinglet:-1 + antifundxfund:2 + antisym2xsinglet:1 + singletxadjoint:-1 + singletxantisym2:-3,5|12|2|2,False,False,True,False,False
2|2,adjointxsinglet:-1 + antifundxfund:2 + antisym2xsinglet:1 + singletxadjoint:-1 + singletxsinglet:-3,5|12|2|2,False,False,True,False,False
2|2,adjointxsinglet:-1 + antifundxfund:2 + antisym2xsinglet:1 + singletxantisym2:-3 + singletxsym2:-1,5|12|2|2,False,False,True,False,False
2|2,adjointxsinglet:-1 + antifundxfund:2 + antisym2xsinglet:1 + singletxsinglet:-3 + singletxsym2:-1,5|12|2|2,False,False,True,False,False
2|2,adjointxsinglet:-1 + antifundxfund:2 + antisym2xsinglet:3 + singletxantifund:-1 + singletxantifund:-3,5|12|2|2,False,False,True,False,False
2|2,adjointxsinglet:-1 + antifundxfund:2 + antisym2xsinglet:3 + singletxantifund:-1 + singletxfund:-3,5|12|2|2,False,False,True,False,False
2|2,adjointxsinglet:-1 + antifundxfund:2 + antisym2xsinglet:3 + singletxantifund:-3 + singletxfund:-1,5|12|2|2,False,False,True,False,False
2|2,adjointxsinglet:-1 + antifundxfund:2 + antisym2xsinglet:3 + singletxfund:-1 + singletxfund:-3,5|12|2|2,False,False,True,False,False
2|2,adjointxsinglet:-1 + antifundxfund:2 + singletxadjoint:-1 + singletxantisym2:-3 + singletxantisym2:1,5|12|2|2,False,False,True,False,False
2|2,adjointxsinglet:-1 + antifundxfund:2 + singletxadjoint:-1 + singletxantisym2:-3 + singletxsinglet:1,5|12|2|2,False,False,True,False,False
2|2,adjointxsinglet:-1 + antifundxfund:2 + singletxadjoint:-1 + singletxantisym2:1 + singletxsinglet:-3,5|12|2|2,False,False,True,False,False
2|2,adjointxsinglet:-1 + antifundxfund:2 + singletxadjoint:-1 + singletxsinglet:-3 + singletxsinglet:1,5|12|2|2,True,False,True,False,False
2|2,adjointxsinglet:-1 + antifundxfund:2 + singletxantifund:-1 + singletxantifund:-3 + singletxantisym2:3,5|12|2|2,False,False,True,False,False
2|2,adjointxsinglet:-1 + antifundxfund:2 + singletxantifund:-1 + singletxantifund:-3 + singletxsinglet:3,5|12|2|2,True,True,True,True,False
2|2,adjointxsinglet:-1 + antifundxfund:2 + singletxantifund:-1 + singletxantisym2:3 + singletxfund:-3,5|12|2|2,False,False,True,False,False
2|2,adjointxsinglet:-1 + antifundxfund:2 + singletxantifund:-1 + singletxfund:-3 + singletxsinglet:3,5|12|2|2,True,True,True,True,False
2|2,adjointxsinglet:-1 + antifundxfund:2 + singletxantifund:-3 + singletxantisym2:3 + singletxfund:-1,5|12|2|2,False,False,True,False,False
2|2,adjointxsinglet:-1 + antifundxfund:2 + singletxantifund:-3 + singletxfund:-1 + singletxsinglet:3,5|12|2|2,True,True,True,True,False
2|2,adjointxsinglet:-1 + antifundxfund:2 + singletxantisym2:-3 + singletxantisym2:1 + singletxsym2:-1,5|12|2|2,False,False,True,False,False
2|2,adjointxsinglet:-1 + antifundxfund:2 + singletxantisym2:-3 + singletxsinglet:1 + singletxsym2:-1,5|12|2|2,False,False,True,False,False
2|2,adjointxsinglet:-1 + antifundxfund:2 + singletxantisym2:1 + singletxsinglet:-3 + singletxsym2:-1,5|12|2|2,False,False,True,False,False
2|2,adjointxsinglet:-1 + antifundxfund:2 + singletxantisym2:3 + singletxfund:-1 + singletxfund:-3,5|12|2|2,False,False,True,False,False
2|2,adjointxsinglet:-1 + antifundxfund:2 + singletxfund:-1 + singletxfund:-3 + singletxsinglet:3,5|12|2|2,True,True,True,True,False
2|2,adjointxsinglet:-1 + antifundxfund:2 + singletxsinglet:-3 + singletxsinglet:1 + singletxsym2:-1,5|12|2|2,True,False,True,False,False
2|2,adjointxsinglet:-1 + antisym2xsinglet:-3 + antisym2xsinglet:1 + fundxantifund:2 + singletxadjoint:-1,5|12|2|2,False,False,True,False,False
2|2,adjointxsinglet:-1 + antisym2xsinglet:-3 + antisym2xsinglet:1 + fundxantifund:2 + singletxsym2:-1,5|12|2|2,False,False,True,False,False
2|2,adjointxsinglet:-1 + antisym2xsinglet:-3 + antisym2xsinglet:1 + fundxfund:2 + singletxadjoint:-1,5|12|2|2,False,False,True,False,False
2|2,adjointxsinglet:-1 + antisym2xsinglet:-3 + antisym2xsinglet:1 + fundxfund:2 + singletxsym2:-1,5|12|2|2,False,False,True,False,False
2|2,adjointxsinglet:-1 + antisym2xsinglet:-3 + fundxantifund:2 + singletxadjoint:-1 + singletxantisym2:1,5|12|2|2,False,False,True,False,False
2|2,adjointxsinglet:-1 + antisym2xsinglet:-3 + fundxantifund:2 + singletxadjoint:-1 + singletxsinglet:1,5|12|2|2,False,False,True,False,False
2|2,adjointxsinglet:-1 + antisym2xsinglet:-3 + fundxantifund:2 + singletxantisym2:1 + singletxsym2:-1,5|12|2|2,False,False,True,False,False
2|2,adjointxsinglet:-1 + antisym2xsinglet:-3 + fundxantifund:2 + singletxsinglet:1 + singletxsym2:-1,5|12|2|2,False,False,True,False,False
2|2,adjointxsinglet:-1 + antisym2xsinglet:-3 + fundxfund:2 + singletxadjoint:-1 + singletxantisym2:1,5|12|2|2,False,False,True,False,False
2|2,adjointxsinglet:-1 + antisym2xsinglet:-3 + fundxfund:2 + singletxadjoint:-1 + singletxsinglet:1,5|12|2|2,False,False,True,False,False
2|2,adjointxsinglet:-1 + antisym2xsinglet:-3 + fundxfund:2 + singletxantisym2:1 + singletxsym2:-1,5|12|2|2,False,False,True,False,False
2|2,adjointxsinglet:-1 + antisym2xsinglet:-3 + fundxfund:2 + singletxsinglet:1 + singletxsym2:-1,5|12|2|2,False,False,True,False,False
2|2,adjointxsinglet:-1 + antisym2xsinglet:1 + fundxantifund:2 + singletxadjoint:-1 + singletxantisym2:-3,5|12|2|2,False,False,True,False,False
2|2,adjointxsinglet:-1 + antisym2xsinglet:1 + fundxantifund:2 + singletxadjoint:-1 + singletxsinglet:-3,5|12|2|2,False,False,True,False,False
2|2,adjointxsinglet:-1 + antisym2xsinglet:1 + fundxantifund:2 + singletxantisym2:-3 + singletxsym2:-1,5|12|2|2,False,False,True,False,False
2|2,adjointxsinglet:-1 + antisym2xsinglet:1 + fundxantifund:2 + singletxsinglet:-3 + singletxsym2:-1,5|12|2|2,False,False,True,False,False
2|2,adjointxsinglet:-1 + antisym2xsinglet:1 + fundxfund:2 + singletxadjoint:-1 + singletxantisym2:-3,5|12|2|2,False,False,True,False,False
2|2,adjointxsinglet:-1 + antisym2xsinglet:1 + fundxfund:2 + singletxadjoint:-1 + singletxsinglet:-3,5|12|2|2,False,False,True,False,False
2|2,adjointxsinglet:-1 + antisym2xsinglet:1 + fundxfund:2 + singletxantisym2:-3 + singletxsym2:-1,5|12|2|2,False,False,True,False,False
2|2,adjointxsinglet:-1 + antisym2xsinglet:1 + fundxfund:2 + singletxsinglet:-3 + singletxsym2:-1,5|12|2|2,False,False,True,False,False
2|2,adjointxsinglet:-1 + antisym2xsinglet:3 + fundxantifund:2 + singletxantifund:-1 + singletxantifund:-3,5|12|2|2,False,False,True,False,False
2|2,adjointxsinglet:-1 + antisym2xsinglet:3 + fundxantifund:2 + singletxantifund:-1 + singletxfund:-3,5|12|2|2,False,False,True,False,False
2|2,adjointxsinglet:-1 + antisym2xsinglet:3 + fundxantifund:2 + singletxantifund:-3 + singletxfund:-1,5|12|2|2,False,False,True,False,False
2|2,adjointxsinglet:-1 + antisym2xsinglet:3 + fundxantifund:2 + singletxfund:-1 + singletxfund:-3,5|12|2|2,False,False,True,False,False
2|2,adjointxsinglet:-1 + antisym2xsinglet:3 + fundxfund:2 + singletxantifund:-1 + singletxantifund:-3,5|12|2|2,False,False,True,False,False
2|2,adjointxsinglet:-1 + antisym2xsinglet:3 + fundxfund:2 + singletxantifund:-1 + singletxfund:-3,5|12|2|2,False,False,True,False,False
2|2,adjointxsinglet:-1 + antisym2xsinglet:3 + fundxfund:2 + singletxantifund:-3 + singletxfund:-1,5|12|2|2,False,False,True,False,False
2|2,adjointxsinglet:-1 + antisym2xsinglet:3 + fundxfund:2 + singletxfund:-1 + singletxfund:-3,5|12|2|2,False,False,True,False,False
2|2,adjointxsinglet:-1 + fundxantifund:2 + singletxadjoint:-1 + singletxantisym2:-3 + singletxantisym2:1,5|12|2|2,False,False,True,False,False
2|2,adjointxsinglet:-1 + fundxantifund:2 + singletxadjoint:-1 + singletxantisym2:-3 + singletxsinglet:1,5|12|2|2,False,False,True,False,False
2|2,adjointxsinglet:-1 + fundxantifund:2 + singletxadjoint:-1 + singletxantisym2:1 + singletxsinglet:-3,5|12|2|2,False,False,True,False,False
2|2,adjointxsinglet:-1 + fundxantifund:2 + singletxadjoint:-1 + singletxsinglet:-3 + singletxsinglet:1,5|12|2|2,True,False,True,False,False
2|2,adjointxsinglet:-1 + fundxantifund:2 + singletxantifund:-1 + singletxantifund:-3 + singletxantisym2:3,5|12|2|2,False,False,True,False,False
2|2,adjointxsinglet:-1 + fundxantifund:2 + singletxantifund:-1 + singletxantifund:-3 + singletxsinglet:3,5|12|2|2,True,True,True,True,False
2|2,adjointxsinglet:-1 + fundxantifund:2 + singletxantifund:-1 + singletxantisym2:3 + singletxfund:-3,5|12|2|2,False,False,True,False,False
2|2,adjointxsinglet:-1 + fundxantifund:2 + singletxantifund:-1 + singletxfund:-3 + singletxsinglet:3,5|12|2|2,True,True,True,True,False
2|2,adjointxsinglet:-1 + fundxantifund:2 + singletxantifund:-3 + singletxantisym2:3 + singletxfund:-1,5|12|2|2,False,False,True,False,False
2|2,adjointxsinglet:-1 + fundxantifund:2 + singletxantifund:-3 + singletxfund:-1 + singletxsinglet:3,5|12|2|2,True,True,True,True,False
2|2,adjointxsinglet:-1 + fundxantifund:2 + singletxantisym2:-3 + singletxantisym2:1 + singletxsym2:-1,5|12|2|2,False,False,True,False,False
2|2,adjointxsinglet:-1 + fundxantifund:2 + singletxantisym2:-3 + singletxsinglet:1 + singletxsym2:-1,5|12|2|2,False,False,True,False,False
2|2,adjointxsinglet:-1 + fundxantifund:2 + singletxantisym2:1 + singletxsinglet:-3 + singletxsym2:-1,5|12|2|2,False,False,True,False,False
2|2,adjointxsinglet:-1 + fundxantifund:2 + singletxantisym2:3 + singletxfund:-1 + singletxfund:-3,5|12|2|2,False,False,True,False,False
2|2,adjointxsinglet:-1 + fundxantifund:2 + singletxfund:-1 + singletxfund:-3 + singletxsinglet:3,5|12|2|2,True,True,True,True,False
2|2,adjointxsinglet:-1 + fundxantifund:2 + singletxsinglet:-3 + singletxsinglet:1 + singletxsym2:-1,5|12|2|2,True,False,True,False,False
2|2,adjointxsinglet:-1 + fundxfund:2 + singletxadjoint:-1 + singletxantisym2:-3 + singletxantisym2:1,5|12|2|2,False,False,True,False,False
2|2,adjointxsinglet:-1 + fundxfund:2 + singletxadjoint:-1 + singletxantisym2:-3 + singletxsinglet:1,5|12|2|2,False,False,True,False,False
2|2,adjointxsinglet:-1 + fundxfund:2 + singletxadjoint:-1 + singletxantisym2:1 + singletxsinglet:-3,5|12|2|2,False,False,True,False,False
2|2,adjointxsinglet:-1 + fundxfund:2 + singletxadjoint:-1 + singletxsinglet:-3 + singletxsinglet:1,5|12|2|2,True,False,True,False,False
2|2,adjointxsinglet:-1 + fundxfund:2 + singletxantifund:-1 + singletxantifund:-3 + singletxantisym2:3,5|12|2|2,False,False,True,False,False
2|2,adjointxsinglet:-1 + fundxfund:2 + singletxantifund:-1 + singletxantifund:-3 + singletxsinglet:3,5|12|2|2,True,True,True,True,False
2|2,adjointxsinglet:-1 + fundxfund:2 + singletxantifund:-1 + singletxantisym2:3 + singletxfund:-3,5|12|2|2,False,False,True,False,False
2|2,adjointxsinglet:-1 + fundxfund:2 + singletxantifund:-1 + singletxfund:-3 + singletxsinglet:3,5|12|2|2,True,True,True,True,False
2|2,adjointxsinglet:-1 + fundxfund:2 + singletxantifund:-3 + singletxantisym2:3 + singletxfund:-1,5|12|2|2,False,False,True,False,False
2|2,adjointxsinglet:-1 + fundxfund:2 + singletxantifund:-3 + singletxfund:-1 + singletxsinglet:3,5|12|2|2,True,True,True,True,False
2|2,adjointxsinglet:-1 + fundxfund:2 + singletxantisym2:-3 + singletxantisym2:1 + singletxsym2:-1,5|12|2|2,False,False,True,False,False
2|2,adjointxsinglet:-1 + fundxfund:2 + singletxantisym2:-3 + singletxsinglet:1 + singletxsym2:-1,5|12|2|2,False,False,True,False,False
2|2,adjointxsinglet:-1 + fundxfund:2 + singletxantisym2:1 + singletxsinglet:-3 + singletxsym2:-1,5|12|2|2,False,False,True,False,False
2|2,adjointxsinglet:-1 + fundxfund:2 + singletxantisym2:3 + singletxfund:-1 + singletxfund:-3,5|12|2|2,False,False,True,False,False
2|2,adjointxsinglet:-1 + fundxfund:2 + singletxfund:-1 + singletxfund:-3 + singletxsinglet:3,5|12|2|2,True,True,True,True,False
2|2,adjointxsinglet:-1 + fundxfund:2 + singletxsinglet:-3 + singletxsinglet:1 + singletxsym2:-1,5|12|2|2,True,False,True,False,False
2|2,adjointxsinglet:1 + antifundxantifund:-2 + antisym2xsinglet:-1 + antisym2xsinglet:3 + singletxadjoint:1,5|12|2|2,False,False,True,False,False
2|2,adjointxsinglet:1 + antifundxantifund:-2 + antisym2xsinglet:-1 + antisym2xsinglet:3 + singletxsym2:1,5|12|2|2,False,False,True,False,False
2|2,adjointxsinglet:1 + antifundxantifund:-2 + antisym2xsinglet:-1 + singletxadjoint:1 + singletxantisym2:3,5|12|2|2,False,False,True,False,False
2|2,adjointxsinglet:1 + antifundxantifund:-2 + antisym2xsinglet:-1 + singletxadjoint:1 + singletxsinglet:3,5|12|2|2,False,False,True,False,False
2|2,adjointxsinglet:1 + antifundxantifund:-2 + antisym2xsinglet:-1 + singletxantisym2:3 + singletxsym2:1,5|12|2|2,False,False,True,False,False
2|2,adjointxsinglet:1 + antifundxantifund:-2 + antisym2xsinglet:-1 + singletxsinglet:3 + singletxsym2:1,5|12|2|2,False,False,True,False,False
2|2,adjointxsinglet:1 + antifundxantifund:-2 + antisym2xsinglet:-3 + singletxantifund:1 + singletxantifund:3,5|12|2|2,False,False,True,False,False
2|2,adjointxsinglet:1 + antifundxantifund:-2 + antisym2xsinglet:-3 + singletxantifund:1 + singletxfund:3,5|12|2|2,False,False,True,False,False
2|2,adjointxsinglet:1 + antifundxantifund:-2 + antisym2xsinglet:-3 + singletxantifund:3 + singletxfund:1,5|12|2|2,False,False,True,False,False
2|2,adjointxsinglet:1 + antifundxantifund:-2 + antisym2xsinglet:-3 + singletxfund:1 + singletxfund:3,5|12|2|2,False,False,True,False,False
2|2,adjointxsinglet:1 + antifundxantifund:-2 + antisym2xsinglet:3 + singletxadjoint:1 + singletxantisym2:-1,5|12|2|2,False,False,True,False,False
2|2,adjointxsinglet:1 + antifundxantifund:-2 + antisym2xsinglet:3 + singletxadjoint:1 + singletxsinglet:-1,5|12|2|2,False,False,True,False,False
2|2,adjointxsinglet:1 + antifundxantifund:-2 + antisym2xsinglet:3 + singletxantisym2:-1 + singletxsym2:1,5|12|2|2,False,False,True,False,False
2|2,adjointxsinglet:1 + antifundxantifund:-2 + antisym2xsinglet:3 + singletxsinglet:-1 + singletxsym2:1,5|12|2|2,False,False,True,False,False
2|2,adjointxsinglet:1 + antifundxantifund:-2 + singletxadjoint:1 + singletxantisym2:-1 + singletxantisym2:3,5|12|2|2,False,False,True,False,False
2|2,adjointxsinglet:1 + antifundxantifund:-2 + singletxadjoint:1 + singletxantisym2:-1 + singletxsinglet:3,5|12|2|2,False,False,True,False,False
2|2,adjointxsinglet:1 + antifundxantifund:-2 + singletxadjoint:1 + singletxantisym2:3 + singletxsinglet:-1,5|12|2|2,False,False,True,False,False
2|2,adjointxsinglet:1 + antifundxantifund:-2 + singletxadjoint:1 + singletxsinglet:-1 + singletxsinglet:3,5|12|2|2,True,False,True,False,False
2|2,adjointxsinglet:1 + antifundxantifund:-2 + singletxantifund:1 + singletxantifund:3 + singletxantisym2:-3,5|12|2|2,False,False,True,False,False
2|2,adjointxsinglet:1 + antifundxantifund:-2 + singletxantifund:1 + singletxantifund:3 + singletxsinglet:-3,5|12|2|2,True,True,True,True,False
2|2,adjointxsinglet:1 + antifundxantifund:-2 + singletxantifund:1 + singletxantisym2:-3 + singletxfund:3,5|12|2|2,False,False,True,False,False
2|2,adjointxsinglet:1 + antifundxantifund:-2 + singletxantifund:1 + singletxfund:3 + singletxsinglet:-3,5|12|2|2,True,True,True,True,False
2|2,adjointxsinglet:1 + antifundxantifund:-2 + singletxantifund:3 + singletxantisym2:-3 + singletxfund:1,5|12|2|2,False,False,True,False,False
2|2,adjointxsinglet:1 + antifundxantifund:-2 + singletxantifund:3 + singletxfund:1 + singletxsinglet:-3,5|12|2|2,True,True,True,True,False
2|2,adjointxsinglet:1 + antifundxantifund:-2 + singletxantisym2:-1 + singletxantisym2:3 + singletxsym2:1,5|12|2|2,False,False,True,False,False
2|2,adjointxsinglet:1 + antifundxantifund:-2 + singletxantisym2:-1 + singletxsinglet:3 + singletxsym2:1,5|12|2|2,False,False,True,False,False
2|2,adjointxsinglet:1 + antifundxantifund:-2 + singletxantisym2:-3 + singletxfund:1 + singletxfund:3,5|12|2|2,False,False,True,False,False
2|2,adjointxsinglet:1 + antifundxantifund:-2 + singletxantisym2:3 + singletxsinglet:-1 + singletxsym2:1,5|12|2|2,False,False,True,False,False
2|2,adjointxsinglet:1 + antifundxantifund:-2 + singletxfund:1 + singletxfund:3 + singletxsinglet:-3,5|12|2|2,True,True,True,True,False
2|2,adjointxsinglet:1 + antifundxantifund:-2 + singletxsinglet:-1 + singletxsinglet:3 + singletxsym2:1,5|12|2|2,True,False,True,False,False
2|2,adjointxsinglet:1 + antifundxfund:-2 + antisym2xsinglet:-1 + antisym2xsinglet:3 + singletxadjoint:1,5|12|2|2,False,False,True,False,False
2|2,adjointxsinglet:1 + antifundxfund:-2 + antisym2xsinglet:-1 + antisym2xsinglet:3 + singletxsym2:1,5|12|2|2,False,False,True,False,False
2|2,adjointxsinglet:1 + antifundxfund:-2 + antisym2xsinglet:-1 + singletxadjoint:1 + singletxantisym2:3,5|12|2|2,False,False,True,False,False
2|2,adjointxsinglet:1 + antifundxfund:-2 + antisym2xsinglet:-1 + singletxadjoint:1 + singletxsinglet:3,5|12|2|2,False,False,True,False,False
2|2,adjointxsinglet:1 + antifundxfund:-2 + antisym2xsinglet:-1 + singletxantisym2:3 + singletxsym2:1,5|12|2|2,False,False,True,False,False
2|2,adjointxsinglet:1 + antifundxfund:-2 + antisym2xsinglet:-1 + singletxsinglet:3 + singletxsym2:1,5|12|2|2,False,False,True,False,False
2|2,adjointxsinglet:1 + antifundxfund:-2 + antisym2xsinglet:-3 + singletxantifund:1 + singletxantifund:3,5|12|2|2,False,False,True,False,False
2|2,adjointxsinglet:1 + antifundxfund:-2 + antisym2xsinglet:-3 + singletxantifund:1 + singletxfund:3,5|12|2|2,False,False,True,False,False
2|2,adjointxsinglet:1 + antifundxfund:-2 + antisym2xsinglet:-3 + singletxantifund:3 + singletxfund:1,5|12|2|2,False,False,True,False,False
2|2,adjointxsinglet:1 + antifundxfund:-2 + antisym2xsinglet:-3 + singletxfund:1 + singletxfund:3,5|12|2|2,False,False,True,False,False
2|2,adjointxsinglet:1 + antifundxfund:-2 + antisym2xsinglet:3 + singletxadjoint:1 + singletxantisym2:-1,5|12|2|2,False,False,True,False,False
2|2,adjointxsinglet:1 + antifundxfund:-2 + antisym2xsinglet:3 + singletxadjoint:1 + singletxsinglet:-1,5|12|2|2,False,False,True,False,False
2|2,adjointxsinglet:1 + antifundxfund:-2 + antisym2xsinglet:3 + singletxantisym2:-1 + singletxsym2:1,5|12|2|2,False,False,True,False,False
2|2,adjointxsinglet:1 + antifundxfund:-2 + antisym2xsinglet:3 + singletxsinglet:-1 + singletxsym2:1,5|12|2|2,False,False,True,False,False
2|2,adjointxsinglet:1 + antifundxfund:-2 + singletxadjoint:1 + singletxantisym2:-1 + singletxantisym2:3,5|12|2|2,False,False,True,False,False
2|2,adjointxsinglet:1 + antifundxfund:-2 + singletxadjoint:1 + singletxantisym2:-1 + singletxsinglet:3,5|12|2|2,False,False,True,False,False
2|2,adjointxsinglet:1 + antifundxfund:-2 + singletxadjoint:1 + singletxantisym2:3 + singletxsinglet:-1,5|12|2|2,False,False,True,False,False
2|2,adjointxsinglet:1 + antifundxfund:-2 + singletxadjoint:1 + singletxsinglet:-1 + singletxsinglet:3,5|12|2|2,True,False,True,False,False
2|2,adjointxsinglet:1 + antifundxfund:-2 + singletxantifund:1 + singletxantifund:3 + singletxantisym2:-3,5|12|2|2,False,False,True,False,False
2|2,adjointxsinglet:1 + antifundxfund:-2 + singletxantifund:1 + singletxantifund:3 + singletxsinglet:-3,5|12|2|2,True,True,True,True,False
2|2,adjointxsinglet:1 + antifundxfund:-2 + singletxantifund:1 + singletxantisym2:-3 + singletxfund:3,5|12|2|2,False,False,True,False,False
2|2,adjointxsinglet:1 + antifundxfund:-2 + singletxantifund:1 + singletxfund:3 + singletxsinglet:-3,5|12|2|2,True,True,True,True,False
2|2,adjointxsinglet:1 + antifundxfund:-2 + singletxantifund:3 + singletxantisym2:-3 + singletxfund:1,5|12|2|2,False,False,True,False,False
2|2,adjointxsinglet:1 + antifundxfund:-2 + singletxantifund:3 + singletxfund:1 + singletxsinglet:-3,5|12|2|2,True,True,True,True,False
2|2,adjointxsinglet:1 + antifundxfund:-2 + singletxantisym2:-1 + singletxantisym2:3 + singletxsym2:1,5|12|2|2,False,False,True,False,False
2|2,adjointxsinglet:1 + antifundxfund:-2 + singletxantisym2:-1 + singletxsinglet:3 + singletxsym2:1,5|12|2|2,False,False,True,False,False
2|2,adjointxsinglet:1 + antifundxfund:-2 + singletxantisym2:-3 + singletxfund:1 + singletxfund:3,5|12|2|2,False,False,True,False,False
2|2,adjointxsinglet:1 + antifundxfund:-2 + singletxantisym2:3 + singletxsinglet:-1 + singletxsym2:1,5|12|2|2,False,False,True,False,False
2|2,adjointxsinglet:1 + antifundxfund:-2 + singletxfund:1 + singletxfund:3 + singletxsinglet:-3,5|12|2|2,True,True,True,True,False
2|2,adjointxsinglet:1 + antifundxfund:-2 + singletxsinglet:-1 + singletxsinglet:3 + singletxsym2:1,5|12|2|2,True,False,True,False,False
2|2,adjointxsinglet:1 + antisym2xsinglet:-1 + antisym2xsinglet:3 + fundxantifund:-2 + singletxadjoint:1,5|12|2|2,False,False,True,False,False
2|2,adjointxsinglet:1 + antisym2xsinglet:-1 + antisym2xsinglet:3 + fundxantifund:-2 + singletxsym2:1,5|12|2|2,False,False,True,False,False
2|2,adjointxsinglet:1 + antisym2xsinglet:-1 + antisym2xsinglet:3 + fundxfund:-2 + singletxadjoint:1,5|12|2|2,False,False,True,False,False
2|2,adjointxsinglet:1 + antisym2xsinglet:-1 + antisym2xsinglet:3 + fundxfund:-2 + singletxsym2:1,5|12|2|2,False,False,True,False,False
2|2,adjointxsinglet:1 + antisym2xsinglet:-1 + fundxantifund:-2 + singletxadjoint:1 + singletxantisym2:3,5|12|2|2,False,False,True,False,False
2|2,adjointxsinglet:1 + antisym2xsinglet:-1 + fundxantifund:-2 + singletxadjoint:1 + singletxsinglet:3,5|12|2|2,False,False,True,False,False
2|2,adjointxsinglet:1 + antisym2xsinglet:-1 + fundxantifund:-2 + singletxantisym2:3 + singletxsym2:1,5|12|2|2,False,False,True,False,False
2|2,adjointxsinglet:1 + antisym2xsinglet:-1 + fundxantifund:-2 + singletxsinglet:3 + singletxsym2:1,5|12|2|2,False,False,True,False,False
2|2,adjointxsinglet:1 + antisym2xsinglet:-1 + fundxfund:-2 + singletxadjoint:1 + singletxantisym2:3,5|12|2|2,False,False,True,False,False
2|2,adjointxsinglet:1 + antisym2xsinglet:-1 + fundxfund:-2 + singletxadjoint:1 + singletxsinglet:3,5|12|2|2,False,False,True,False,False
2|2,adjointxsinglet:1 + antisym2xsinglet:-1 + fundxfund:-2 + singletxantisym2:3 + singletxsym2:1,5|12|2|2,False,False,True,False,False
2|2,adjointxsinglet:1 + antisym2xsinglet:-1 + fundxfund:-2 + singletxsinglet:3 + singletxsym2:1,5|12|2|2,False,False,True,False,False
2|2,adjointxsinglet:1 + antisym2xsinglet:-3 + fundxantifund:-2 + singletxantifund:1 + singletxantifund:3,5|12|2|2,False,False,True,False,False
2|2,adjointxsinglet:1 + antisym2xsinglet:-3 + fundxantifund:-2 + singletxantifund:1 + singletxfund:3,5|12|2|2,False,False,True,False,False
2|2,adjointxsinglet:1 + antisym2xsinglet:-3 + fundxantifund:-2 + singletxantifund:3 + singletxfund:1,5|12|2|2,False,False,True,False,False
2|2,adjointxsinglet:1 + antisym2xsinglet:-3 + fundxantifund:-2 + singletxfund:1 + singletxfund:3,5|12|2|2,False,False,True,False,False
2|2,adjointxsinglet:1 + antisym2xsinglet:-3 + fundxfund:-2 + singletxantifund:1 + singletxantifund:3,5|12|2|2,False,False,True,False,False
2|2,adjointxsinglet:1 + antisym2xsinglet:-3 + fundxfund:-2 + singletxantifund:1 + singletxfund:3,5|12|2|2,False,False,True,False,False
2|2,adjointxsinglet:1 + antisym2xsinglet:-3 + fundxfund:-2 + singletxantifund:3 + singletxfund:1,5|12|2|2,False,False,True,False,False
2|2,adjointxsinglet:1 + antisym2xsinglet:-3 + fundxfund:-2 + singletxfund:1 + singletxfund:3,5|12|2|2,False,False,True,False,False
2|2,adjointxsinglet:1 + antisym2xsinglet:3 + fundxantifund:-2 + singletxadjoint:1 + singletxantisym2:-1,5|12|2|2,False,False,True,False,False
2|2,adjointxsinglet:1 + antisym2xsinglet:3 + fundxantifund:-2 + singletxadjoint:1 + singletxsinglet:-1,5|12|2|2,False,False,True,False,False
2|2,adjointxsinglet:1 + antisym2xsinglet:3 + fundxantifund:-2 + singletxantisym2:-1 + singletxsym2:1,5|12|2|2,False,False,True,False,False
2|2,adjointxsinglet:1 + antisym2xsinglet:3 + fundxantifund:-2 + singletxsinglet:-1 + singletxsym2:1,5|12|2|2,False,False,True,False,False
2|2,adjointxsinglet:1 + antisym2xsinglet:3 + fundxfund:-2 + singletxadjoint:1 + singletxantisym2:-1,5|12|2|2,False,False,True,False,False
2|2,adjointxsinglet:1 + antisym2xsinglet:3 + fundxfund:-2 + singletxadjoint:1 + singletxsinglet:-1,5|12|2|2,False,False,True,False,False
2|2,adjointxsinglet:1 + antisym2xsinglet:3 + fundxfund:-2 + singletxantisym2:-1 + singletxsym2:1,5|12|2|2,False,False,True,False,False
2|2,adjointxsinglet:1 + antisym2xsinglet:3 + fundxfund:-2 + singletxsinglet:-1 + singletxsym2:1,5|12|2|2,False,False,True,False,False
2|2,adjointxsinglet:1 + fundxantifund:-2 + singletxadjoint:1 + singletxantisym2:-1 + singletxantisym2:3,5|12|2|2,False,False,True,False,False
2|2,adjointxsinglet:1 + fundxantifund:-2 + singletxadjoint:1 + singletxantisym2:-1 + singletxsinglet:3,5|12|2|2,False,False,True,False,False
2|2,adjointxsinglet:1 + fundxantifund:-2 + singletxadjoint:1 + singletxantisym2:3 + singletxsinglet:-1,5|12|2|2,False,False,True,False,False
2|2,adjointxsinglet:1 + fundxantifund:-2 + singletxadjoint:1 + singletxsinglet:-1 + singletxsinglet:3,5|12|2|2,True,False,True,False,False
2|2,adjointxsinglet:1 + fundxantifund:-2 + singletxantifund:1 + singletxantifund:3 + singletxantisym2:-3,5|12|2|2,False,False,True,False,False
2|2,adjointxsinglet:1 + fundxantifund:-2 + singletxantifund:1 + singletxantifund:3 + singletxsinglet:-3,5|12|2|2,True,True,True,True,False
2|2,adjointxsinglet:1 + fundxantifund:-2 + singletxantifund:1 + singletxantisym2:-3 + singletxfund:3,5|12|2|2,False,False,True,False,False
2|2,adjointxsinglet:1 + fundxantifund:-2 + singletxantifund:1 + singletxfund:3 + singletxsinglet:-3,5|12|2|2,True,True,True,True,False
2|2,adjointxsinglet:1 + fundxantifund:-2 + singletxantifund:3 + singletxantisym2:-3 + singletxfund:1,5|12|2|2,False,False,True,False,False
2|2,adjointxsinglet:1 + fundxantifund:-2 + singletxantifund:3 + singletxfund:1 + singletxsinglet:-3,5|12|2|2,True,True,True,True,False
2|2,adjointxsinglet:1 + fundxantifund:-2 + singletxantisym2:-1 + singletxantisym2:3 + singletxsym2:1,5|12|2|2,False,False,True,False,False
2|2,adjointxsinglet:1 + fundxantifund:-2 + singletxantisym2:-1 + singletxsinglet:3 + singletxsym2:1,5|12|2|2,False,False,True,False,False
2|2,adjointxsinglet:1 + fundxantifund:-2 + singletxantisym2:-3 + singletxfund:1 + singletxfund:3,5|12|2|2,False,False,True,False,False
2|2,adjointxsinglet:1 + fundxantifund:-2 + singletxantisym2:3 + singletxsinglet:-1 + singletxsym2:1,5|12|2|2,False,False,True,False,False
2|2,adjointxsinglet:1 + fundxantifund:-2 + singletxfund:1 + singletxfund:3 + singletxsinglet:-3,5|12|2|2,True,True,True,True,False
2|2,adjointxsinglet:1 + fundxantifund:-2 + singletxsinglet:-1 + singletxsinglet:3 + singletxsym2:1,5|12|2|2,True,False,True,False,False
2|2,adjointxsinglet:1 + fundxfund:-2 + singletxadjoint:1 + singletxantisym2:-1 + singletxantisym2:3,5|12|2|2,False,False,True,False,False
2|2,adjointxsinglet:1 + fundxfund:-2 + singletxadjoint:1 + singletxantisym2:-1 + singletxsinglet:3,5|12|2|2,False,False,True,False,False
2|2,adjointxsinglet:1 + fundxfund:-2 + singletxadjoint:1 + singletxantisym2:3 + singletxsinglet:-1,5|12|2|2,False,False,True,False,False
2|2,adjointxsinglet:1 + fundxfund:-2 + singletxadjoint:1 + singletxsinglet:-1 + singletxsinglet:3,5|12|2|2,True,False,True,False,False
2|2,adjointxsinglet:1 + fundxfund:-2 + singletxantifund:1 + singletxantifund:3 + singletxantisym2:-3,5|12|2|2,False,False,True,False,False
2|2,adjointxsinglet:1 + fundxfund:-2 + singletxantifund:1 + singletxantifund:3 + singletxsinglet:-3,5|12|2|2,True,True,True,True,False
2|2,adjointxsinglet:1 + fundxfund:-2 + singletxantifund:1 + singletxantisym2:-3 + singletxfund:3,5|12|2|2,False,False,True,False,False
2|2,adjointxsinglet:1 + fundxfund:-2 + singletxantifund:1 + singletxfund:3 + singletxsinglet:-3,5|12|2|2,True,True,True,True,False
2|2,adjointxsinglet:1 + fundxfund:-2 + singletxantifund:3 + singletxantisym2:-3 + singletxfund:1,5|12|2|2,False,False,True,False,False
2|2,adjointxsinglet:1 + fundxfund:-2 + singletxantifund:3 + singletxfund:1 + singletxsinglet:-3,5|12|2|2,True,True,True,True,False
2|2,adjointxsinglet:1 + fundxfund:-2 + singletxantisym2:-1 + singletxantisym2:3 + singletxsym2:1,5|12|2|2,False,False,True,False,False
2|2,adjointxsinglet:1 + fundxfund:-2 + singletxantisym2:-1 + singletxsinglet:3 + singletxsym2:1,5|12|2|2,False,False,True,False,False
2|2,adjointxsinglet:1 + fundxfund:-2 + singletxantisym2:-3 + singletxfund:1 + singletxfund:3,5|12|2|2,False,False,True,False,False
2|2,adjointxsinglet:1 + fundxfund:-2 + singletxantisym2:3 + singletxsinglet:-1 + singletxsym2:1,5|12|2|2,False,False,True,False,False
2|2,adjointxsinglet:1 + fundxfund:-2 + singletxfund:1 + singletxfund:3 + singletxsinglet:-3,5|12|2|2,True,True,True,True,False
2|2,adjointxsinglet:1 + fundxfund:-2 + singletxsinglet:-1 + singletxsinglet:3 + singletxsym2:1,5|12|2|2,True,False,True,False,False
2|2,antifundxantifund:-2 + antifundxsinglet:1 + antifundxsinglet:3 + antisym2xsinglet:-3 + singletxadjoint:1,5|12|2|2,False,False,True,False,False
2|2,antifundxantifund:-2 + antifundxsinglet:1 + antifundxsinglet:3 + antisym2xsinglet:-3 + singletxsym2:1,5|12|2|2,False,False,True,False,False
2|2,antifundxantifund:-2 + antifundxsinglet:1 + antifundxsinglet:3 + singletxadjoint:1 + singletxantisym2:-3,5|12|2|2,False,False,True,False,False
2|2,antifundxantifund:-2 + antifundxsinglet:1 + antifundxsinglet:3 + singletxadjoint:1 + singletxsinglet:-3,5|12|2|2,True,True,True,True,False
2|2,antifundxantifund:-2 + antifundxsinglet:1 + antifundxsinglet:3 + singletxantisym2:-3 + singletxsym2:1,5|12|2|2,False,False,True,False,False
2|2,antifundxantifund:-2 + antifundxsinglet:1 + antifundxsinglet:3 + singletxsinglet:-3 + singletxsym2:1,5|12|2|2,True,True,True,True,False
2|2,antifundxantifund:-2 + antifundxsinglet:1 + antisym2xsinglet:-3 + fundxsinglet:3 + singletxadjoint:1,5|12|2|2,False,False,True,False,False
2|2,antifundxantifund:-2 + antifundxsinglet:1 + antisym2xsinglet:-3 + fundxsinglet:3 + singletxsym2:1,5|12|2|2,False,False,True,False,False
2|2,antifundxantifund:-2 + antifundxsinglet:1 + fundxsinglet:3 + singletxadjoint:1 + singletxantisym2:-3,5|12|2|2,False,False,True,False,False
2|2,antifundxantifund:-2 + antifundxsinglet:1 + fundxsinglet:3 + singletxadjoint:1 + singletxsinglet:-3,5|12|2|2,True,True,True,True,False
2|2,antifundxantifund:-2 + antifundxsinglet:1 + fundxsinglet:3 + singletxantisym2:-3 + singletxsym2:1,5|12|2|2,False,False,True,False,False
2|2,antifundxantifund:-2 + antifundxsinglet:1 + fundxsinglet:3 + singletxsinglet:-3 + singletxsym2:1,5|12|2|2,True,True,True,True,False
2|2,antifundxantifund:-2 + antifundxsinglet:3 + antisym2xsinglet:-3 + fundxsinglet:1 + singletxadjoint:1,5|12|2|2,False,False,True,False,False
2|2,antifundxantifund:-2 + antifundxsinglet:3 + antisym2xsinglet:-3 + fundxsinglet:1 + singletxsym2:1,5|12|2|2,False,False,True,False,False
2|2,antifundxantifund:-2 + antifundxsinglet:3 + fundxsinglet:1 + singletxadjoint:1 + singletxantisym2:-3,5|12|2|2,False,False,True,False,False
2|2,antifundxantifund:-2 + antifundxsinglet:3 + fundxsinglet:1 + singletxadjoint:1 + singletxsinglet:-3,5|12|2|2,True,True,True,True,False
2|2,antifundxantifund:-2 + antifundxsinglet:3 + fundxsinglet:1 + singletxantisym2:-3 + singletxsym2:1,5|12|2|2,False,False,True,False,False
2|2,antifundxantifund:-2 + antifundxsinglet:3 + fundxsinglet:1 + singletxsinglet:-3 + singletxsym2:1,5|12|2|2,True,True,True,True,False
2|2,antifundxantifund:-2 + antisym2xsinglet:-1 + antisym2xsinglet:3 + singletxadjoint:1 + sym2xsinglet:1,5|12|2|2,False,False,True,False,False
2|2,antifundxantifund:-2 + antisym2xsinglet:-1 + antisym2xsinglet:3 + singletxsym2:1 + sym2xsinglet:1,5|12|2|2,False,False,True,False,False
2|2,antifundxantifund:-2 + antisym2xsinglet:-1 + singletxadjoint:1 + singletxantisym2:3 + sym2xsinglet:1,5|12|2|2,False,False,True,False,False
2|2,antifundxantifund:-2 + antisym2xsinglet:-1 + singletxadjoint:1 + singletxsinglet:3 + sym2xsinglet:1,5|12|2|2,False,False,True,False,False
2|2,antifundxantifund:-2 + antisym2xsinglet:-1 + singletxantisym2:3 + singletxsym2:1 + sym2xsinglet:1,5|12|2|2,False,False,True,False,False
2|2,antifundxantifund:-2 + antisym2xsinglet:-1 + singletxsinglet:3 + singletxsym2:1 + sym2xsinglet:1,5|12|2|2,False,False,True,False,False
2|2,antifundxantifund:-2 + antisym2xsinglet:-3 + fundxsinglet:1 + fundxsinglet:3 + singletxadjoint:1,5|12|2|2,False,False,True,False,False
2|2,antifundxantifund:-2 + antisym2xsinglet:-3 + fundxsinglet:1 + fundxsinglet:3 + singletxsym2:1,5|12|2|2,False,False,True,False,False
2|2,antifundxantifund:-2 + antisym2xsinglet:-3 + singletxantifund:1 + singletxantifund:3 + sym2xsinglet:1,5|12|2|2,False,False,True,False,False
2|2,antifundxantifund:-2 + antisym2xsinglet:-3 + singletxantifund:1 + singletxfund:3 + sym2xsinglet:1,5|12|2|2,False,False,True,False,False
2|2,antifundxantifund:-2 + antisym2xsinglet:-3 + singletxantifund:3 + singletxfund:1 + sym2xsinglet:1,5|12|2|2,False,False,True,False,False
2|2,antifundxantifund:-2 + antisym2xsinglet:-3 + singletxfund:1 + singletxfund:3 + sym2xsinglet:1,5|12|2|2,False,False,True,False,False
2|2,antifundxantifund:-2 + antisym2xsinglet:3 + singletxadjoint:1 + singletxantisym2:-1 + sym2xsinglet:1,5|12|2|2,False,False,True,False,False
2|2,antifundxantifund:-2 + antisym2xsinglet:3 + singletxadjoint:1 + singletxsinglet:-1 + sym2xsinglet:1,5|12|2|2,False,False,True,False,False
2|2,antifundxantifund:-2 + antisym2xsinglet:3 + singletxantisym2:-1 + singletxsym2:1 + sym2xsinglet:1,5|12|2|2,False,False,True,False,False
2|2,antifundxantifund:-2 + antisym2xsinglet:3 + singletxsinglet:-1 + singletxsym2:1 + sym2xsinglet:1,5|12|2|2,False,False,True,False,False
2|2,antifundxantifund:-2 + fundxsinglet:1 + fundxsinglet:3 + singletxadjoint:1 + singletxantisym2:-3,5|12|2|2,False,False,True,False,False
2|2,antifundxantifund:-2 + fundxsinglet:1 + fundxsinglet:3 + singletxadjoint:1 + singletxsinglet:-3,5|12|2|2,True,True,True,True,False
2|2,antifundxantifund:-2 + fundxsinglet:1 + fundxsinglet:3 + singletxantisym2:-3 + singletxsym2:1,5|12|2|2,False,False,True,False,False
2|2,antifundxantifund:-2 + fundxsinglet:1 + fundxsinglet:3 + singletxsinglet:-3 + singletxsym2:1,5|12|2|2,True,True,True,True,False
2|2,antifundxantifund:-2 + singletxadjoint:1 + singletxantisym2:-1 + singletxantisym2:3 + sym2xsinglet:1,5|12|2|2,False,False,True,False,False
2|2,antifundxantifund:-2 + singletxadjoint:1 + singletxantisym2:-1 + singletxsinglet:3 + sym2xsinglet:1,5|12|2|2,False,False,True,False,False
2|2,antifundxantifund:-2 + singletxadjoint:1 + singletxantisym2:3 + singletxsinglet:-1 + sym2xsinglet:1,5|12|2|2,False,False,True,False,False
2|2,antifundxantifund:-2 + singletxadjoint:1 + singletxsinglet:-1 + singletxsinglet:3 + sym2xsinglet:1,5|12|2|2,True,False,True,False,False
2|2,antifundxantifund:-2 + singletxantifund:1 + singletxantifund:3 + singletxantisym2:-3 + sym2xsinglet:1,5|12|2|2,False,False,True,False,False
2|2,antifundxantifund:-2 + singletxantifund:1 + singletxantifund:3 + singletxsinglet:-3 + sym2xsinglet:1,5|12|2|2,True,True,True,True,False
2|2,antifundxantifund:-2 + singletxantifund:1 + singletxantisym2:-3 + singletxfund:3 + sym2xsinglet:1,5|12|2|2,False,False,True,False,False
2|2,antifundxantifund:-2 + singletxantifund:1 + singletxfund:3 + singletxsinglet:-3 + sym2xsinglet:1,5|12|2|2,True,True,True,True,False
2|2,antifundxantifund:-2 + singletxantifund:3 + singletxantisym2:-3 + singletxfund:1 + sym2xsinglet:1,5|12|2|2,False,False,True,False,False
2|2,antifundxantifund:-2 + singletxantifund:3 + singletxfund:1 + singletxsinglet:-3 + sym2xsinglet:1,5|12|2|2,True,True,True,True,False
2|2,antifundxantifund:-2 + singletxantisym2:-1 + singletxantisym2:3 + singletxsym2:1 + sym2xsinglet:1,5|12|2|2,False,False,True,False,False
2|2,antifundxantifund:-2 + singletxantisym2:-1 + singletxsinglet:3 + singletxsym2:1 + sym2xsinglet:1,5|12|2|2,False,False,True,False,False
2|2,antifundxantifund:-2 + singletxantisym2:-3 + singletxfund:1 + singletxfund:3 + sym2xsinglet:1,5|12|2|2,False,False,True,False,False
2|2,antifundxantifund:-2 + singletxantisym2:3 + singletxsinglet:-1 + singletxsym2:1 + sym2xsinglet:1,5|12|2|2,False,False,True,False,False
2|2,antifundxantifund:-2 + singletxfund:1 + singletxfund:3 + singletxsinglet:-3 + sym2xsinglet:1,5|12|2|2,True,True,True,True,False
2|2,antifundxantifund:-2 + singletxsinglet:-1 + singletxsinglet:3 + singletxsym2:1 + sym2xsinglet:1,5|12|2|2,True,False,True,False,False
2|2,antifundxantifund:2 + antifundxsinglet:-1 + antifundxsinglet:-3 + antisym2xsinglet:3 + singletxadjoint:-1,5|12|2|2,False,False,True,False,False
2|2,antifundxantifund:2 + antifundxsinglet:-1 + antifundxsinglet:-3 + antisym2xsinglet:3 + singletxsym2:-1,5|12|2|2,False,False,True,False,False
2|2,antifundxantifund:2 + antifundxsinglet:-1 + antifundxsinglet:-3 + singletxadjoint:-1 + singletxantisym2:3,5|12|2|2,False,False,True,False,False
2|2,antifundxantifund:2 + antifundxsinglet:-1 + antifundxsinglet:-3 + singletxadjoint:-1 + singletxsinglet:3,5|12|2|2,True,True,True,True,False
2|2,antifundxantifund:2 + antifundxsinglet:-1 + antifundxsinglet:-3 + singletxantisym2:3 + singletxsym2:-1,5|12|2|2,False,False,True,False,False
2|2,antifundxantifund:2 + antifundxsinglet:-1 + antifundxsinglet:-3 + singletxsinglet:3 + singletxsym2:-1,5|12|2|2,True,True,True,True,False
2|2,antifundxantifund:2 + antifundxsinglet:-1 + antisym2xsinglet:3 + fundxsinglet:-3 + singletxadjoint:-1,5|12|2|2,False,False,True,False,False
2|2,antifundxantifund:2 + antifundxsinglet:-1 + antisym2xsinglet:3 + fundxsinglet:-3 + singletxsym2:-1,5|12|2|2,False,False,True,False,False
2|2,antifundxantifund:2 + antifundxsinglet:-1 + fundxsinglet:-3 + singletxadjoint:-1 + singletxantisym2:3,5|12|2|2,False,False,True,False,False
2|2,antifundxantifund:2 + antifundxsinglet:-1 + fundxsinglet:-3 + singletxadjoint:-1 + singletxsinglet:3,5|12|2|2,True,True,True,True,False
2|2,antifundxantifund:2 + antifundxsinglet:-1 + fundxsinglet:-3 + singletxantisym2:3 + singletxsym2:-1,5|12|2|2,False,False,True,False,False
2|2,antifundxantifund:2 + antifundxsinglet:-1 + fundxsinglet:-3 + singletxsinglet:3 + singletxsym2:-1,5|12|2|2,True,True,True,True,False
2|2,antifundxantifund:2 + antifundxsinglet:-3 + antisym2xsinglet:3 + fundxsinglet:-1 + singletxadjoint:-1,5|12|2|2,False,False,True,False,False
2|2,antifundxantifund:2 + antifundxsinglet:-3 + antisym2xsinglet:3 + fundxsinglet:-1 + singletxsym2:-1,5|12|2|2,False,False,True,False,False
2|2,antifundxantifund:2 + antifundxsinglet:-3 + fundxsinglet:-1 + singletxadjoint:-1 + singletxantisym2:3,5|12|2|2,False,False,True,False,False
2|2,antifundxantifund:2 + antifundxsinglet:-3 + fundxsinglet:-1 + singletxadjoint:-1 + singletxsinglet:3,5|12|2|2,True,True,True,True,False
2|2,antifundxantifund:2 + antifundxsinglet:-3 + fundxsinglet:-1 + singletxantisym2:3 + singletxsym2:-1,5|12|2|2,False,False,True,False,False
2|2,antifundxantifund:2 + antifundxsinglet:-3 + fundxsinglet:-1 + singletxsinglet:3 + singletxsym2:-1,5|12|2|2,True,True,True,True,False
2|2,antifundxantifund:2 + antisym2xsinglet:-3 + antisym2xsinglet:1 + singletxadjoint:-1 + sym2xsinglet:-1,5|12|2|2,False,False,True,False,False
2|2,antifundxantifund:2 + antisym2xsinglet:-3 + antisym2xsinglet:1 + singletxsym2:-1 + sym2xsinglet:-1,5|12|2|2,False,False,True,False,False
2|2,antifundxantifund:2 + antisym2xsinglet:-3 + singletxadjoint:-1 + singletxantisym2:1 + sym2xsinglet:-1,5|12|2|2,False,False,True,False,False
2|2,antifundxantifund:2 + antisym2xsinglet:-3 + singletxadjoint:-1 + singletxsinglet:1 + sym2xsinglet:-1,5|12|2|2,False,False,True,False,False
2|2,antifundxantifund:2 + antisym2xsinglet:-3 + singletxantisym2:1 + singletxsym2:-1 + sym2xsinglet:-1,5|12|2|2,False,False,True,False,False
2|2,antifundxantifund:2 + antisym2xsinglet:-3 + singletxsinglet:1 + singletxsym2:-1 + sym2xsinglet:-1,5|12|2|2,False,False,True,False,False
2|2,antifundxantifund:2 + antisym2xsinglet:1 + singletxadjoint:-1 + singletxantisym2:-3 + sym2xsinglet:-1,5|12|2|2,False,False,True,False,False
2|2,antifundxantifund:2 + antisym2xsinglet:1 + singletxadjoint:-1 + singletxsinglet:-3 + sym2xsinglet:-1,5|12|2|2,False,False,True,False,False
2|2,antifundxantifund:2 + antisym2xsinglet:1 + singletxantisym2:-3 + singletxsym2:-1 + sym2xsinglet:-1,5|12|2|2,False,False,True,False,False
2|2,antifundxantifund:2 + antisym2xsinglet:1 + singletxsinglet:-3 + singletxsym2:-1 + sym2xsinglet:-1,5|12|2|2,False,False,True,False,False
2|2,antifundxantifund:2 + antisym2xsinglet:3 + fundxsinglet:-1 + fundxsinglet:-3 + singletxadjoint:-1,5|12|2|2,False,False,True,False,False
2|2,antifundxantifund:2 + antisym2xsinglet:3 + fundxsinglet:-1 + fundxsinglet:-3 + singletxsym2:-1,5|12|2|2,False,False,True,False,False
2|2,antifundxantifund:2 + antisym2xsinglet:3 + singletxantifund:-1 + singletxantifund:-3 + sym2xsinglet:-1,5|12|2|2,False,False,True,False,False
2|2,antifundxantifund:2 + antisym2xsinglet:3 + singletxantifund:-1 + singletxfund:-3 + sym2xsinglet:-1,5|12|2|2,False,False,True,False,False
2|2,antifundxantifund:2 + antisym2xsinglet:3 + singletxantifund:-3 + singletxfund:-1 + sym2xsinglet:-1,5|12|2|2,False,False,True,False,False
2|2,antifundxantifund:2 + antisym2xsinglet:3 + singletxfund:-1 + singletxfund:-3 + sym2xsinglet:-1,5|12|2|2,False,False,True,False,False
2|2,antifundxantifund:2 + fundxsinglet:-1 + fundxsinglet:-3 + singletxadjoint:-1 + singletxantisym2:3,5|12|2|2,False,False,True,False,False
2|2,antifundxantifund:2 + fundxsinglet:-1 + fundxsinglet:-3 + singletxadjoint:-1 + singletxsinglet:3,5|12|2|2,True,True,True,True,False
2|2,antifundxantifund:2 + fundxsinglet:-1 + fundxsinglet:-3 + singletxantisym2:3 + singletxsym2:-1,5|12|2|2,False,False,True,False,False
2|2,antifundxantifund:2 + fundxsinglet:-1 + fundxsinglet:-3 + singletxsinglet:3 + singletxsym2:-1,5|12|2|2,True,True,True,True,False
2|2,antifundxantifund:2 + singletxadjoint:-1 + singletxantisym2:-3 + singletxantisym2:1 + sym2xsinglet:-1,5|12|2|2,False,False,True,False,False
2|2,antifundxantifund:2 + singletxadjoint:-1 + singletxantisym2:-3 + singletxsinglet:1 + sym2xsinglet:-1,5|12|2|2,False,False,True,False,False
2|2,antifundxantifund:2 + singletxadjoint:-1 + singletxantisym2:1 + singletxsinglet:-3 + sym2xsinglet:-1,5|12|2|2,False,False,True,False,False
2|2,antifundxantifund:2 + singletxadjoint:-1 + singletxsinglet:-3 + singletxsinglet:1 + sym2xsinglet:-1,5|12|2|2,True,False,True,False,False
2|2,antifundxantifund:2 + singletxantifund:-1 + singletxantifund:-3 + singletxantisym2:3 + sym2xsinglet:-1,5|12|2|2,False,False,True,False,False
2|2,antifundxantifund:2 + singletxantifund:-1 + singletxantifund:-3 + singletxsinglet:3 + sym2xsinglet:-1,5|12|2|2,True,True,True,True,False
2|2,antifundxantifund:2 + singletxantifund:-1 + singletxantisym2:3 + singletxfund:-3 + sym2xsinglet:-1,5|12|2|2,False,False,True,False,False
2|2,antifundxantifund:2 + singletxantifund:-1 + singletxfund:-3 + singletxsinglet:3 + sym2xsinglet:-1,5|12|2|2,True,True,True,True,False
2|2,antifundxantifund:2 + singletxantifund:-3 + singletxantisym2:3 + singletxfund:-1 + sym2xsinglet:-1,5|12|2|2,False,False,True,False,False
2|2,antifundxantifund:2 + singletxantifund:-3 + singletxfund:-1 + singletxsinglet:3 + sym2xsinglet:-1,5|12|2|2,True,True,True,True,False
2|2,antifundxantifund:2 + singletxantisym2:-3 + singletxantisym2:1 + singletxsym2:-1 + sym2xsinglet:-1,5|12|2|2,False,False,True,False,False
2|2,antifundxantifund:2 + singletxantisym2:-3 + singletxsinglet:1 + singletxsym2:-1 + sym2xsinglet:-1,5|12|2|2,False,False,True,False,False
2|2,antifundxantifund:2 + singletxantisym2:1 + singletxsinglet:-3 + singletxsym2:-1 + sym2xsinglet:-1,5|12|2|2,False,False,True,False,False
2|2,antifundxantifund:2 + singletxantisym2:3 + singletxfund:-1 + singletxfund:-3 + sym2xsinglet:-1,5|12|2|2,False,False,True,False,False
2|2,antifundxantifund:2 + singletxfund:-1 + singletxfund:-3 + singletxsinglet:3 + sym2xsinglet:-1,5|12|2|2,True,True,True,True,False
2|2,antifundxantifund:2 + singletxsinglet:-3 + singletxsinglet:1 + singletxsym2:-1 + sym2xsinglet:-1,5|12|2|2,True,False,True,False,False
2|2,antifundxfund:-2 + antifundxsinglet:1 + antifundxsinglet:3 + antisym2xsinglet:-3 + singletxadjoint:1,5|12|2|2,False,False,True,False,False
2|2,antifundxfund:-2 + antifundxsinglet:1 + antifundxsinglet:3 + antisym2xsinglet:-3 + singletxsym2:1,5|12|2|2,False,False,True,False,False
2|2,antifundxfund:-2 + antifundxsinglet:1 + antifundxsinglet:3 + singletxadjoint:1 + singletxantisym2:-3,5|12|2|2,False,False,True,False,False
2|2,antifundxfund:-2 + antifundxsinglet:1 + antifundxsinglet:3 + singletxadjoint:1 + singletxsinglet:-3,5|12|2|2,True,True,True,True,False
2|2,antifundxfund:-2 + antifundxsinglet:1 + antifundxsinglet:3 + singletxantisym2:-3 + singletxsym2:1,5|12|2|2,False,False,True,False,False
2|2,antifundxfund:-2 + antifundxsinglet:1 + antifundxsinglet:3 + singletxsinglet:-3 + singletxsym2:1,5|12|2|2,True,True,True,True,False
2|2,antifundxfund:-2 + antifundxsinglet:1 + antisym2xsinglet:-3 + fundxsinglet:3 + singletxadjoint:1,5|12|2|2,False,False,True,False,False
2|2,antifundxfund:-2 + antifundxsinglet:1 + antisym2xsinglet:-3 + fundxsinglet:3 + singletxsym2:1,5|12|2|2,False,False,True,False,False
2|2,antifundxfund:-2 + antifundxsinglet:1 + fundxsinglet:3 + singletxadjoint:1 + singletxantisym2:-3,5|12|2|2,False,False,True,False,False
2|2,antifundxfund:-2 + antifundxsinglet:1 + fundxsinglet:3 + singletxadjoint:1 + singletxsinglet:-3,5|12|2|2,True,True,True,True,False
2|2,antifundxfund:-2 + antifundxsinglet:1 + fundxsinglet:3 + singletxantisym2:-3 + singletxsym2:1,5|12|2|2,False,False,True,False,False
2|2,antifundxfund:-2 + antifundxsinglet:1 + fundxsinglet:3 + singletxsinglet:-3 + singletxsym2:1,5|12|2|2,True,True,True,True,False
2|2,antifundxfund:-2 + antifundxsinglet:3 + antisym2xsinglet:-3 + fundxsinglet:1 + singletxadjoint:1,5|12|2|2,False,False,True,False,False
2|2,antifundxfund:-2 + antifundxsinglet:3 + antisym2xsinglet:-3 + fundxsinglet:1 + singletxsym2:1,5|12|2|2,False,False,True,False,False
2|2,antifundxfund:-2 + antifundxsinglet:3 + fundxsinglet:1 + singletxadjoint:1 + singletxantisym2:-3,5|12|2|2,False,False,True,False,False
2|2,antifundxfund:-2 + antifundxsinglet:3 + fundxsinglet:1 + singletxadjoint:1 + singletxsinglet:-3,5|12|2|2,True,True,True,True,False
2|2,antifundxfund:-2 + antifundxsinglet:3 + fundxsinglet:1 + singletxantisym2:-3 + singletxsym2:1,5|12|2|2,False,False,True,False,False
2|2,antifundxfund:-2 + antifundxsinglet:3 + fundxsinglet:1 + singletxsinglet:-3 + singletxsym2:1,5|12|2|2,True,True,True,True,False
2|2,antifundxfund:-2 + antisym2xsinglet:-1 + antisym2xsinglet:3 + singletxadjoint:1 + sym2xsinglet:1,5|12|2|2,False,False,True,False,False
2|2,antifundxfund:-2 + antisym2xsinglet:-1 + antisym2xsinglet:3 + singletxsym2:1 + sym2xsinglet:1,5|12|2|2,False,False,True,False,False
2|2,antifundxfund:-2 + antisym2xsinglet:-1 + singletxadjoint:1 + singletxantisym2:3 + sym2xsinglet:1,5|12|2|2,False,False,True,False,False
2|2,antifundxfund:-2 + antisym2xsinglet:-1 + singletxadjoint:1 + singletxsinglet:3 + sym2xsinglet:1,5|12|2|2,False,False,True,False,False
2|2,antifundxfund:-2 + antisym2xsinglet:-1 + singletxantisym2:3 + singletxsym2:1 + sym2xsinglet:1,5|12|2|2,False,False,True,False,False
2|2,antifundxfund:-2 + antisym2xsinglet:-1 + singletxsinglet:3 + singletxsym2:1 + sym2xsinglet:1,5|12|2|2,False,False,True,False,False
2|2,antifundxfund:-2 + antisym2xsinglet:-3 + fundxsinglet:1 + fundxsinglet:3 + singletxadjoint:1,5|12|2|2,False,False,True,False,False
2|2,antifundxfund:-2 + antisym2xsinglet:-3 + fundxsinglet:1 + fundxsinglet:3 + singletxsym2:1,5|12|2|2,False,False,True,False,False
2|2,antifundxfund:-2 + antisym2xsinglet:-3 + singletxantifund:1 + singletxantifund:3 + sym2xsinglet:1,5|12|2|2,False,False,True,False,False
2|2,antifundxfund:-2 + antisym2xsinglet:-3 + singletxantifund:1 + singletxfund:3 + sym2xsinglet:1,5|12|2|2,False,False,True,False,False
2|2,antifundxfund:-2 + antisym2xsinglet:-3 + singletxantifund:3 + singletxfund:1 + sym2xsinglet:1,5|12|2|2,False,False,True,False,False
2|2,antifundxfund:-2 + antisym2xsinglet:-3 + singletxfund:1 + singletxfund:3 + sym2xsinglet:1,5|12|2|2,False,False,True,False,False
2|2,antifundxfund:-2 + antisym2xsinglet:3 + singletxadjoint:1 + singletxantisym2:-1 + sym2xsinglet:1,5|12|2|2,False,False,True,False,False
2|2,antifundxfund:-2 + antisym2xsinglet:3 + singletxadjoint:1 + singletxsinglet:-1 + sym2xsinglet:1,5|12|2|2,False,False,True,False,False
2|2,antifundxfund:-2 + antisym2xsinglet:3 + singletxantisym2:-1 + singletxsym2:1 + sym2xsinglet:1,5|12|2|2,False,False,True,False,False
2|2,antifundxfund:-2 + antisym2xsinglet:3 + singletxsinglet:-1 + singletxsym2:1 + sym2xsinglet:1,5|12|2|2,False,False,True,False,False
2|2,antifundxfund:-2 + fundxsinglet:1 + fundxsinglet:3 + singletxadjoint:1 + singletxantisym2:-3,5|12|2|2,False,False,True,False,False
2|2,antifundxfund:-2 + fundxsinglet:1 + fundxsinglet:3 + singletxadjoint:1 + singletxsinglet:-3,5|12|2|2,True,True,True,True,False
2|2,antifundxfund:-2 + fundxsinglet:1 + fundxsinglet:3 + singletxantisym2:-3 + singletxsym2:1,5|12|2|2,False,False,True,False,False
2|2,antifundxfund:-2 + fundxsinglet:1 + fundxsinglet:3 + singletxsinglet:-3 + singletxsym2:1,5|12|2|2,True,True,True,True,False
2|2,antifundxfund:-2 + singletxadjoint:1 + singletxantisym2:-1 + singletxantisym2:3 + sym2xsinglet:1,5|12|2|2,False,False,True,False,False
2|2,antifundxfund:-2 + singletxadjoint:1 + singletxantisym2:-1 + singletxsinglet:3 + sym2xsinglet:1,5|12|2|2,False,False,True,False,False
2|2,antifundxfund:-2 + singletxadjoint:1 + singletxantisym2:3 + singletxsinglet:-1 + sym2xsinglet:1,5|12|2|2,False,False,True,False,False
2|2,antifundxfund:-2 + singletxadjoint:1 + singletxsinglet:-1 + singletxsinglet:3 + sym2xsinglet:1,5|12|2|2,True,False,True,False,False
2|2,antifundxfund:-2 + singletxantifund:1 + singletxantifund:3 + singletxantisym2:-3 + sym2xsinglet:1,5|12|2|2,False,False,True,False,False
2|2,antifundxfund:-2 + singletxantifund:1 + singletxantifund:3 + singletxsinglet:-3 + sym2xsinglet:1,5|12|2|2,True,True,True,True,False
2|2,antifundxfund:-2 + singletxantifund:1 + singletxantisym2:-3 + singletxfund:3 + sym2xsinglet:1,5|12|2|2,False,False,True,False,False
2|2,antifundxfund:-2 + singletxantifund:1 + singletxfund:3 + singletxsinglet:-3 + sym2xsinglet:1,5|12|2|2,True,True,True,True,False
2|2,antifundxfund:-2 + singletxantifund:3 + singletxantisym2:-3 + singletxfund:1 + sym2xsinglet:1,5|12|2|2,False,False,True,False,False
2|2,antifundxfund:-2 + singletxantifund:3 + singletxfund:1 + singletxsinglet:-3 + sym2xsinglet:1,5|12|2|2,True,True,True,True,False
2|2,antifundxfund:-2 + singletxantisym2:-1 + singletxantisym2:3 + singletxsym2:1 + sym2xsinglet:1,5|12|2|2,False,False,True,False,False
2|2,antifundxfund:-2 + singletxantisym2:-1 + singletxsinglet:3 + singletxsym2:1 + sym2xsinglet:1,5|12|2|2,False,False,True,False,False
2|2,antifundxfund:-2 + singletxantisym2:-3 + singletxfund:1 + singletxfund:3 + sym2xsinglet:1,5|12|2|2,False,False,True,False,False
2|2,antifundxfund:-2 + singletxantisym2:3 + singletxsinglet:-1 + singletxsym2:1 + sym2xsinglet:1,5|12|2|2,False,False,True,False,False
2|2,antifundxfund:-2 + singletxfund:1 + singletxfund:3 + singletxsinglet:-3 + sym2xsinglet:1,5|12|2|2,True,True,True,True,False
2|2,antifundxfund:-2 + singletxsinglet:-1 + singletxsinglet:3 + singletxsym2:1 + sym2xsinglet:1,5|12|2|2,True,False,True,False,False
2|2,antifundxfund:2 + antifundxsinglet:-1 + antifundxsinglet:-3 + antisym2xsinglet:3 + singletxadjoint:-1,5|12|2|2,False,False,True,False,False
2|2,antifundxfund:2 + antifundxsinglet:-1 + antifundxsinglet:-3 + antisym2xsinglet:3 + singletxsym2:-1,5|12|2|2,False,False,True,False,False
2|2,antifundxfund:2 + antifundxsinglet:-1 + antifundxsinglet:-3 + singletxadjoint:-1 + singletxantisym2:3,5|12|2|2,False,False,True,False,False
2|2,antifundxfund:2 + antifundxsinglet:-1 + antifundxsinglet:-3 + singletxadjoint:-1 + singletxsinglet:3,5|12|2|2,True,True,True,True,False
2|2,antifundxfund:2 + antifundxsinglet:-1 + antifundxsinglet:-3 + singletxantisym2:3 + singletxsym2:-1,5|12|2|2,False,False,True,False,False
2|2,antifundxfund:2 + antifundxsinglet:-1 + antifundxsinglet:-3 + singletxsinglet:3 + singletxsym2:-1,5|12|2|2,True,True,True,True,False
2|2,antifundxfund:2 + antifundxsinglet:-1 + antisym2xsinglet:3 + fundxsinglet:-3 + singletxadjoint:-1,5|12|2|2,False,False,True,False,False
2|2,antifundxfund:2 + antifundxsinglet:-1 + antisym2xsinglet:3 + fundxsinglet:-3 + singletxsym2:-1,5|12|2|2,False,False,True,False,False
2|2,antifundxfund:2 + antifundxsinglet:-1 + fundxsinglet:-3 + singletxadjoint:-1 + singletxantisym2:3,5|12|2|2,False,False,True,False,False
2|2,antifundxfund:2 + antifundxsinglet:-1 + fundxsinglet:-3 + singletxadjoint:-1 + singletxsinglet:3,5|12|2|2,True,True,True,True,False
2|2,antifundxfund:2 + antifundxsinglet:-1 + fundxsinglet:-3 + singletxantisym2:3 + singletxsym2:-1,5|12|2|2,False,False,True,False,False
2|2,antifundxfund:2 + antifundxsinglet:-1 + fundxsinglet:-3 + singletxsinglet:3 + singletxsym2:-1,5|12|2|2,True,True,True,True,False
2|2,antifundxfund:2 + antifundxsinglet:-3 + antisym2xsinglet:3 + fundxsinglet:-1 + singletxadjoint:-1,5|12|2|2,False,False,True,False,False
2|2,antifundxfund:2 + antifundxsinglet:-3 + antisym2xsinglet:3 + fundxsinglet:-1 + singletxsym2:-1,5|12|2|2,False,False,True,False,False
2|2,antifundxfund:2 + antifundxsinglet:-3 + fundxsinglet:-1 + singletxadjoint:-1 + singletxantisym2:3,5|12|2|2,False,False,True,False,False
2|2,antifundxfund:2 + antifundxsinglet:-3 + fundxsinglet:-1 + singletxadjoint:-1 + singletxsinglet:3,5|12|2|2,True,True,True,True,False
2|2,antifundxfund:2 + antifundxsinglet:-3 + fundxsinglet:-1 + singletxantisym2:3 + singletxsym2:-1,5|12|2|2,False,False,True,False,False
2|2,antifundxfund:2 + antifundxsinglet:-3 + fundxsinglet:-1 + singletxsinglet:3 + singletxsym2:-1,5|12|2|2,True,True,True,True,False
2|2,antifundxfund:2 + antisym2xsinglet:-3 + antisym2xsinglet:1 + singletxadjoint:-1 + sym2xsinglet:-1,5|12|2|2,False,False,True,False,False
2|2,antifundxfund:2 + antisym2xsinglet:-3 + antisym2xsinglet:1 + singletxsym2:-1 + sym2xsinglet:-1,5|12|2|2,False,False,True,False,False
2|2,antifundxfund:2 + antisym2xsinglet:-3 + singletxadjoint:-1 + singletxantisym2:1 + sym2xsinglet:-1,5|12|2|2,False,False,True,False,False
2|2,antifundxfund:2 + antisym2xsinglet:-3 + singletxadjoint:-1 + singletxsinglet:1 + sym2xsinglet:-1,5|12|2|2,False,False,True,False,False
2|2,antifundxfund:2 + antisym2xsinglet:-3 + singletxantisym2:1 + singletxsym2:-1 + sym2xsinglet:-1,5|12|2|2,False,False,True,False,False
2|2,antifundxfund:2 + antisym2xsinglet:-3 + singletxsinglet:1 + singletxsym2:-1 + sym2xsinglet:-1,5|12|2|2,False,False,True,False,False
2|2,antifundxfund:2 + antisym2xsinglet:1 + singletxadjoint:-1 + singletxantisym2:-3 + sym2xsinglet:-1,5|12|2|2,False,False,True,False,False
2|2,antifundxfund:2 + antisym2xsinglet:1 + singletxadjoint:-1 + singletxsinglet:-3 + sym2xsinglet:-1,5|12|2|2,False,False,True,False,False
2|2,antifundxfund:2 + antisym2xsinglet:1 + singletxantisym2:-3 + singletxsym2:-1 + sym2xsinglet:-1,5|12|2|2,False,False,True,False,False
2|2,antifundxfund:2 + antisym2xsinglet:1 + singletxsinglet:-3 + singletxsym2:-1 + sym2xsinglet:-1,5|12|2|2,False,False,True,False,False
2|2,antifundxfund:2 + antisym2xsinglet:3 + fundxsinglet:-1 + fundxsinglet:-3 + singletxadjoint:-1,5|12|2|2,False,False,True,False,False
2|2,antifundxfund:2 + antisym2xsinglet:3 + fundxsinglet:-1 + fundxsinglet:-3 + singletxsym2:-1,5|12|2|2,False,False,True,False,False
2|2,antifundxfund:2 + antisym2xsinglet:3 + singletxantifund:-1 + singletxantifund:-3 + sym2xsinglet:-1,5|12|2|2,False,False,True,False,False
2|2,antifundxfund:2 + antisym2xsinglet:3 + singletxantifund:-1 + singletxfund:-3 + sym2xsinglet:-1,5|12|2|2,False,False,True,False,False
2|2,antifundxfund:2 + antisym2xsinglet:3 + singletxantifund:-3 + singletxfund:-1 + sym2xsinglet:-1,5|12|2|2,False,False,True,False,False
2|2,antifundxfund:2 + antisym2xsinglet:3 + singletxfund:-1 + singletxfund:-3 + sym2xsinglet:-1,5|12|2|2,False,False,True,False,False
2|2,antifundxfund:2 + fundxsinglet:-1 + fundxsinglet:-3 + singletxadjoint:-1 + singletxantisym2:3,5|12|2|2,False,False,True,False,False
2|2,antifundxfund:2 + fundxsinglet:-1 + fundxsinglet:-3 + singletxadjoint:-1 + singletxsinglet:3,5|12|2|2,True,True,True,True,False
2|2,antifundxfund:2 + fundxsinglet:-1 + fundxsinglet:-3 + singletxantisym2:3 + singletxsym2:-1,5|12|2|2,False,False,True,False,False
2|2,antifundxfund:2 + fundxsinglet:-1 + fundxsinglet:-3 + singletxsinglet:3 + singletxsym2:-1,5|12|2|2,True,True,True,True,False
2|2,antifundxfund:2 + singletxadjoint:-1 + singletxantisym2:-3 + singletxantisym2:1 + sym2xsinglet:-1,5|12|2|2,False,False,True,False,False
2|2,antifundxfund:2 + singletxadjoint:-1 + singletxantisym2:-3 + singletxsinglet:1 + sym2xsinglet:-1,5|12|2|2,False,False,True,False,False
2|2,antifundxfund:2 + singletxadjoint:-1 + singletxantisym2:1 + singletxsinglet:-3 + sym2xsinglet:-1,5|12|2|2,False,False,True,False,False
2|2,antifundxfund:2 + singletxadjoint:-1 + singletxsinglet:-3 + singletxsinglet:1 + sym2xsinglet:-1,5|12|2|2,True,False,True,False,False
2|2,antifundxfund:2 + singletxantifund:-1 + singletxantifund:-3 + singletxantisym2:3 + sym2xsinglet:-1,5|12|2|2,False,False,True,False,False
2|2,antifundxfund:2 + singletxantifund:-1 + singletxantifund:-3 + singletxsinglet:3 + sym2xsinglet:-1,5|12|2|2,True,True,True,True,False
2|2,antifundxfund:2 + singletxantifund:-1 + singletxantisym2:3 + singletxfund:-3 + sym2xsinglet:-1,5|12|2|2,False,False,True,False,False
2|2,antifundxfund:2 + singletxantifund:-1 + singletxfund:-3 + singletxsinglet:3 + sym2xsinglet:-1,5|12|2|2,True,True,True,True,False
2|2,antifundxfund:2 + singletxantifund:-3 + singletxantisym2:3 + singletxfund:-1 + sym2xsinglet:-1,5|12|2|2,False,False,True,False,False
2|2,antifundxfund:2 + singletxantifund:-3 + singletxfund:-1 + singletxsinglet:3 + sym2xsinglet:-1,5|12|2|2,True,True,True,True,False
2|2,antifundxfund:2 + singletxantisym2:-3 + singletxantisym2:1 + singletxsym2:-1 + sym2xsinglet:-1,5|12|2|2,False,False,True,False,False
2|2,antifundxfund:2 + singletxantisym2:-3 + singletxsinglet:1 + singletxsym2:-1 + sym2xsinglet:-1,5|12|2|2,False,False,True,False,False
2|2,antifundxfund:2 + singletxantisym2:1 + singletxsinglet:-3 + singletxsym2:-1 + sym2xsinglet:-1,5|12|2|2,False,False,True,False,False
2|2,antifundxfund:2 + singletxantisym2:3 + singletxfund:-1 + singletxfund:-3 + sym2xsinglet:-1,5|12|2|2,False,False,True,False,False
2|2,antifundxfund:2 + singletxfund:-1 + singletxfund:-3 + singletxsinglet:3 + sym2xsinglet:-1,5|12|2|2,True,True,True,True,False
2|2,antifundxfund:2 + singletxsinglet:-3 + singletxsinglet:1 + singletxsym2:-1 + sym2xsinglet:-1,5|12|2|2,True,False,True,False,False
2|2,antifundxsinglet:-1 + antifundxsinglet:-3 + antisym2xsinglet:3 + fundxantifund:2 + singletxadjoint:-1,5|12|2|2,False,False,True,False,False
2|2,antifundxsinglet:-1 + antifundxsinglet:-3 + antisym2xsinglet:3 + fundxantifund:2 + singletxsym2:-1,5|12|2|2,False,False,True,False,False
2|2,antifundxsinglet:-1 + antifundxsinglet:-3 + antisym2xsinglet:3 + fundxfund:2 + singletxadjoint:-1,5|12|2|2,False,False,True,False,False
2|2,antifundxsinglet:-1 + antifundxsinglet:-3 + antisym2xsinglet:3 + fundxfund:2 + singletxsym2:-1,5|12|2|2,False,False,True,False,False
2|2,antifundxsinglet:-1 + antifundxsinglet:-3 + fundxantifund:2 + singletxadjoint:-1 + singletxantisym2:3,5|12|2|2,False,False,True,False,False
2|2,antifundxsinglet:-1 + antifundxsinglet:-3 + fundxantifund:2 + singletxadjoint:-1 + singletxsinglet:3,5|12|2|2,True,True,True,True,False
2|2,antifundxsinglet:-1 + antifundxsinglet:-3 + fundxantifund:2 + singletxantisym2:3 + singletxsym2:-1,5|12|2|2,False,False,True,False,False
2|2,antifundxsinglet:-1 + antifundxsinglet:-3 + fundxantifund:2 + singletxsinglet:3 + singletxsym2:-1,5|12|2|2,True,True,True,True,False
2|2,antifundxsinglet:-1 + antifundxsinglet:-3 + fundxfund:2 + singletxadjoint:-1 + singletxantisym2:3,5|12|2|2,False,False,True,False,False
2|2,antifundxsinglet:-1 + antifundxsinglet:-3 + fundxfund:2 + singletxadjoint:-1 + singletxsinglet:3,5|12|2|2,True,True,True,True,False
2|2,antifundxsinglet:-1 + antifundxsinglet:-3 + fundxfund:2 + singletxantisym2:3 + singletxsym2:-1,5|12|2|2,False,False,True,False,False
2|2,antifundxsinglet:-1 + antifundxsinglet:-3 + fundxfund:2 + singletxsinglet:3 + singletxsym2:-1,5|12|2|2,True,True,True,True,False
2|2,antifundxsinglet:-1 + antisym2xsinglet:3 + fundxantifund:2 + fundxsinglet:-3 + singletxadjoint:-1,5|12|2|2,False,False,True,False,False
2|2,antifundxsinglet:-1 + antisym2xsinglet:3 + fundxantifund:2 + fundxsinglet:-3 + singletxsym2:-1,5|12|2|2,False,False,True,False,False
2|2,antifundxsinglet:-1 + antisym2xsinglet:3 + fundxfund:2 + fundxsinglet:-3 + singletxadjoint:-1,5|12|2|2,False,False,True,False,False
2|2,antifundxsinglet:-1 + antisym2xsinglet:3 + fundxfund:2 + fundxsinglet:-3 + singletxsym2:-1,5|12|2|2,False,False,True,False,False
2|2,antifundxsinglet:-1 + fundxantifund:2 + fundxsinglet:-3 + singletxadjoint:-1 + singletxantisym2:3,5|12|2|2,False,False,True,False,False
2|2,antifundxsinglet:-1 + fundxantifund:2 + fundxsinglet:-3 + singletxadjoint:-1 + singletxsinglet:3,5|12|2|2,True,True,True,True,False
2|2,antifundxsinglet:-1 + fundxantifund:2 + fundxsinglet:-3 + singletxantisym2:3 + singletxsym2:-1,5|12|2|2,False,False,True,False,False
2|2,antifundxsinglet:-1 + fundxantifund:2 + fundxsinglet:-3 + singletxsinglet:3 + singletxsym2:-1,5|12|2|2,True,True,True,True,False
2|2,antifundxsinglet:-1 + fundxfund:2 + fundxsinglet:-3 + singletxadjoint:-1 + singletxantisym2:3,5|12|2|2,False,False,True,False,False
2|2,antifundxsinglet:-1 + fundxfund:2 + fundxsinglet:-3 + singletxadjoint:-1 + singletxsinglet:3,5|12|2|2,True,True,True,True,False
2|2,antifundxsinglet:-1 + fundxfund:2 + fundxsinglet:-3 + singletxantisym2:3 + singletxsym2:-1,5|12|2|2,False,False,True,False,False
2|2,antifundxsinglet:-1 + fundxfund:2 + fundxsinglet:-3 + singletxsinglet:3 + singletxsym2:-1,5|12|2|2,True,True,True,True,False
2|2,antifundxsinglet:-3 + antisym2xsinglet:3 + fundxantifund:2 + fundxsinglet:-1 + singletxadjoint:-1,5|12|2|2,False,False,True,False,False
2|2,antifundxsinglet:-3 + antisym2xsinglet:3 + fundxantifund:2 + fundxsinglet:-1 + singletxsym2:-1,5|12|2|2,False,False,True,False,False
2|2,antifundxsinglet:-3 + antisym2xsinglet:3 + fundxfund:2 + fundxsinglet:-1 + singletxadjoint:-1,5|12|2|2,False,False,True,False,False
2|2,antifundxsinglet:-3 + antisym2xsinglet:3 + fundxfund:2 + fundxsinglet:-1 + singletxsym2:-1,5|12|2|2,False,False,True,False,False
2|2,antifundxsinglet:-3 + fundxantifund:2 + fundxsinglet:-1 + singletxadjoint:-1 + singletxantisym2:3,5|12|2|2,False,False,True,False,False
2|2,antifundxsinglet:-3 + fundxantifund:2 + fundxsinglet:-1 + singletxadjoint:-1 + singletxsinglet:3,5|12|2|2,True,True,True,True,False
2|2,antifundxsinglet:-3 + fundxantifund:2 + fundxsinglet:-1 + singletxantisym2:3 + singletxsym2:-1,5|12|2|2,False,False,True,False,False
2|2,antifundxsinglet:-3 + fundxantifund:2 + fundxsinglet:-1 + singletxsinglet:3 + singletxsym2:-1,5|12|2|2,True,True,True,True,False
2|2,antifundxsinglet:-3 + fundxfund:2 + fundxsinglet:-1 + singletxadjoint:-1 + singletxantisym2:3,5|12|2|2,False,False,True,False,False
2|2,antifundxsinglet:-3 + fundxfund:2 + fundxsinglet:-1 + singletxadjoint:-1 + singletxsinglet:3,5|12|2|2,True,True,True,True,False
2|2,antifundxsinglet:-3 + fundxfund:2 + fundxsinglet:-1 + singletxantisym2:3 + singletxsym2:-1,5|12|2|2,False,False,True,False,False
2|2,antifundxsinglet:-3 + fundxfund:2 + fundxsinglet:-1 + singletxsinglet:3 + singletxsym2:-1,5|12|2|2,True,True,True,True,False
2|2,antifundxsinglet:1 + antifundxsinglet:3 + antisym2xsinglet:-3 + fundxantifund:-2 + singletxadjoint:1,5|12|2|2,False,False,True,False,False
2|2,antifundxsinglet:1 + antifundxsinglet:3 + antisym2xsinglet:-3 + fundxantifund:-2 + singletxsym2:1,5|12|2|2,False,False,True,False,False
2|2,antifundxsinglet:1 + antifundxsinglet:3 + antisym2xsinglet:-3 + fundxfund:-2 + singletxadjoint:1,5|12|2|2,False,False,True,False,False
2|2,antifundxsinglet:1 + antifundxsinglet:3 + antisym2xsinglet:-3 + fundxfund:-2 + singletxsym2:1,5|12|2|2,False,False,True,False,False
2|2,antifundxsinglet:1 + antifundxsinglet:3 + fundxantifund:-2 + singletxadjoint:1 + singletxantisym2:-3,5|12|2|2,False,False,True,False,False
2|2,antifundxsinglet:1 + antifundxsinglet:3 + fundxantifund:-2 + singletxadjoint:1 + singletxsinglet:-3,5|12|2|2,True,True,True,True,False
2|2,antifundxsinglet:1 + antifundxsinglet:3 + fundxantifund:-2 + singletxantisym2:-3 + singletxsym2:1,5|12|2|2,False,False,True,False,False
2|2,antifundxsinglet:1 + antifundxsinglet:3 + fundxantifund:-2 + singletxsinglet:-3 + singletxsym2:1,5|12|2|2,True,True,True,True,False
2|2,antifundxsinglet:1 + antifundxsinglet:3 + fundxfund:-2 + singletxadjoint:1 + singletxantisym2:-3,5|12|2|2,False,False,True,False,False
2|2,antifundxsinglet:1 + antifundxsinglet:3 + fundxfund:-2 + singletxadjoint:1 + singletxsinglet:-3,5|12|2|2,True,True,True,True,False
2|2,antifundxsinglet:1 + antifundxsinglet:3 + fundxfund:-2 + singletxantisym2:-3 + singletxsym2:1,5|12|2|2,False,False,True,False,False
2|2,antifundxsinglet:1 + antifundxsinglet:3 + fundxfund:-2 + singletxsinglet:-3 + singletxsym2:1,5|12|2|2,True,True,True,True,False
2|2,antifundxsinglet:1 + antisym2xsinglet:-3 + fundxantifund:-2 + fundxsinglet:3 + singletxadjoint:1,5|12|2|2,False,False,True,False,False
2|2,antifundxsinglet:1 + antisym2xsinglet:-3 + fundxantifund:-2 + fundxsinglet:3 + singletxsym2:1,5|12|2|2,False,False,True,False,False
2|2,antifundxsinglet:1 + antisym2xsinglet:-3 + fundxfund:-2 + fundxsinglet:3 + singletxadjoint:1,5|12|2|2,False,False,True,False,False
2|2,antifundxsinglet:1 + antisym2xsinglet:-3 + fundxfund:-2 + fundxsinglet:3 + singletxsym2:1,5|12|2|2,False,False,True,False,False
2|2,antifundxsinglet:1 + fundxantifund:-2 + fundxsinglet:3 + singletxadjoint:1 + singletxantisym2:-3,5|12|2|2,False,False,True,False,False
2|2,antifundxsinglet:1 + fundxantifund:-2 + fundxsinglet:3 + singletxadjoint:1 + singletxsinglet:-3,5|12|2|2,True,True,True,True,False
2|2,antifundxsinglet:1 + fundxantifund:-2 + fundxsinglet:3 + singletxantisym2:-3 + singletxsym2:1,5|12|2|2,False,False,True,False,False
2|2,antifundxsinglet:1 + fundxantifund:-2 + fundxsinglet:3 + singletxsinglet:-3 + singletxsym2:1,5|12|2|2,True,True,True,True,False
2|2,antifundxsinglet:1 + fundxfund:-2 + fundxsinglet:3 + singletxadjoint:1 + singletxantisym2:-3,5|12|2|2,False,False,True,False,False
2|2,antifundxsinglet:1 + fundxfund:-2 + fundxsinglet:3 + singletxadjoint:1 + singletxsinglet:-3,5|12|2|2,True,True,True,True,False
2|2,antifundxsinglet:1 + fundxfund:-2 + fundxsinglet:3 + singletxantisym2:-3 + singletxsym2:1,5|12|2|2,False,False,True,False,False
2|2,antifundxsinglet:1 + fundxfund:-2 + fundxsinglet:3 + singletxsinglet:-3 + singletxsym2:1,5|12|2|2,True,True,True,True,False
2|2,antifundxsinglet:3 + antisym2xsinglet:-3 + fundxantifund:-2 + fundxsinglet:1 + singletxadjoint:1,5|12|2|2,False,False,True,False,False
2|2,antifundxsinglet:3 + antisym2xsinglet:-3 + fundxantifund:-2 + fundxsinglet:1 + singletxsym2:1,5|12|2|2,False,False,True,False,False
2|2,antifundxsinglet:3 + antisym2xsinglet:-3 + fundxfund:-2 + fundxsinglet:1 + singletxadjoint:1,5|12|2|2,False,False,True,False,False
2|2,antifundxsinglet:3 + antisym2xsinglet:-3 + fundxfund:-2 + fundxsinglet:1 + singletxsym2:1,5|12|2|2,False,False,True,False,False
2|2,antifundxsinglet:3 + fundxantifund:-2 + fundxsinglet:1 + singletxadjoint:1 + singletxantisym2:-3,5|12|2|2,False,False,True,False,False
2|2,antifundxsinglet:3 + fundxantifund:-2 + fundxsinglet:1 + singletxadjoint:1 + singletxsinglet:-3,5|12|2|2,True,True,True,True,False
2|2,antifundxsinglet:3 + fundxantifund:-2 + fundxsinglet:1 + singletxantisym2:-3 + singletxsym2:1,5|12|2|2,False,False,True,False,False
2|2,antifundxsinglet:3 + fundxantifund:-2 + fundxsinglet:1 + singletxsinglet:-3 + singletxsym2:1,5|12|2|2,True,True,True,True,False
2|2,antifundxsinglet:3 + fundxfund:-2 + fundxsinglet:1 + singletxadjoint:1 + singletxantisym2:-3,5|12|2|2,False,False,True,False,False
2|2,antifundxsinglet:3 + fundxfund:-2 + fundxsinglet:1 + singletxadjoint:1 + singletxsinglet:-3,5|12|2|2,True,True,True,True,False
2|2,antifundxsinglet:3 + fundxfund:-2 + fundxsinglet:1 + singletxantisym2:-3 + singletxsym2:1,5|12|2|2,False,False,True,False,False
2|2,antifundxsinglet:3 + fundxfund:-2 + fundxsinglet:1 + singletxsinglet:-3 + singletxsym2:1,5|12|2|2,True,True,True,True,False
2|2,antisym2xsinglet:-1 + antisym2xsinglet:3 + fundxantifund:-2 + singletxadjoint:1 + sym2xsinglet:1,5|12|2|2,False,False,True,False,False
2|2,antisym2xsinglet:-1 + antisym2xsinglet:3 + fundxantifund:-2 + singletxsym2:1 + sym2xsinglet:1,5|12|2|2,False,False,True,False,False
2|2,antisym2xsinglet:-1 + antisym2xsinglet:3 + fundxfund:-2 + singletxadjoint:1 + sym2xsinglet:1,5|12|2|2,False,False,True,False,False
2|2,antisym2xsinglet:-1 + antisym2xsinglet:3 + fundxfund:-2 + singletxsym2:1 + sym2xsinglet:1,5|12|2|2,False,False,True,False,False
2|2,antisym2xsinglet:-1 + fundxantifund:-2 + singletxadjoint:1 + singletxantisym2:3 + sym2xsinglet:1,5|12|2|2,False,False,True,False,False
2|2,antisym2xsinglet:-1 + fundxantifund:-2 + singletxadjoint:1 + singletxsinglet:3 + sym2xsinglet:1,5|12|2|2,False,False,True,False,False
2|2,antisym2xsinglet:-1 + fundxantifund:-2 + singletxantisym2:3 + singletxsym2:1 + sym2xsinglet:1,5|12|2|2,False,False,True,False,False
2|2,antisym2xsinglet:-1 + fundxantifund:-2 + singletxsinglet:3 + singletxsym2:1 + sym2xsinglet:1,5|12|2|2,False,False,True,False,False
2|2,antisym2xsinglet:-1 + fundxfund:-2 + singletxadjoint:1 + singletxantisym2:3 + sym2xsinglet:1,5|12|2|2,False,False,True,False,False
2|2,antisym2xsinglet:-1 + fundxfund:-2 + singletxadjoint:1 + singletxsinglet:3 + sym2xsinglet:1,5|12|2|2,False,False,True,False,False
2|2,antisym2xsinglet:-1 + fundxfund:-2 + singletxantisym2:3 + singletxsym2:1 + sym2xsinglet:1,5|12|2|2,False,False,True,False,False
2|2,antisym2xsinglet:-1 + fundxfund:-2 + singletxsinglet:3 + singletxsym2:1 + sym2xsinglet:1,5|12|2|2,False,False,True,False,False
2|2,antisym2xsinglet:-3 + antisym2xsinglet:1 + fundxantifund:2 + singletxadjoint:-1 + sym2xsinglet:-1,5|12|2|2,False,False,True,False,False
2|2,antisym2xsinglet:-3 + antisym2xsinglet:1 + fundxantifund:2 + singletxsym2:-1 + sym2xsinglet:-1,5|12|2|2,False,False,True,False,False
2|2,antisym2xsinglet:-3 + antisym2xsinglet:1 + fundxfund:2 + singletxadjoint:-1 + sym2xsinglet:-1,5|12|2|2,False,False,True,False,False
2|2,antisym2xsinglet:-3 + antisym2xsinglet:1 + fundxfund:2 + singletxsym2:-1 + sym2xsinglet:-1,5|12|2|2,False,False,True,False,False
2|2,antisym2xsinglet:-3 + fundxantifund:-2 + fundxsinglet:1 + fundxsinglet:3 + singletxadjoint:1,5|12|2|2,False,False,True,False,False
2|2,antisym2xsinglet:-3 + fundxantifund:-2 + fundxsinglet:1 + fundxsinglet:3 + singletxsym2:1,5|12|2|2,False,False,True,False,False
2|2,antisym2xsinglet:-3 + fundxantifund:-2 + singletxantifund:1 + singletxantifund:3 + sym2xsinglet:1,5|12|2|2,False,False,True,False,False
2|2,antisym2xsinglet:-3 + fundxantifund:-2 + singletxantifund:1 + singletxfund:3 + sym2xsinglet:1,5|12|2|2,False,False,True,False,False
2|2,antisym2xsinglet:-3 + fundxantifund:-2 + singletxantifund:3 + singletxfund:1 + sym2xsinglet:1,5|12|2|2,False,False,True,False,False
2|2,antisym2xsinglet:-3 + fundxantifund:-2 + singletxfund:1 + singletxfund:3 + sym2xsinglet:1,5|12|2|2,False,False,True,False,False
2|2,antisym2xsinglet:-3 + fundxantifund:2 + singletxadjoint:-1 + singletxantisym2:1 + sym2xsinglet:-1,5|12|2|2,False,False,True,False,False
2|2,antisym2xsinglet:-3 + fundxantifund:2 + singletxadjoint:-1 + singletxsinglet:1 + sym2xsinglet:-1,5|12|2|2,False,False,True,False,False
2|2,antisym2xsinglet:-3 + fundxantifund:2 + singletxantisym2:1 + singletxsym2:-1 + sym2xsinglet:-1,5|12|2|2,False,False,True,False,False
2|2,antisym2xsinglet:-3 + fundxantifund:2 + singletxsinglet:1 + singletxsym2:-1 + sym2xsinglet:-1,5|12|2|2,False,False,True,False,False
2|2,antisym2xsinglet:-3 + fundxfund:-2 + fundxsinglet:1 + fundxsinglet:3 + singletxadjoint:1,5|12|2|2,False,False,True,False,False
2|2,antisym2xsinglet:-3 + fundxfund:-2 + fundxsinglet:1 + fundxsinglet:3 + singletxsym2:1,5|12|2|2,False,False,True,False,False
2|2,antisym2xsinglet:-3 + fundxfund:-2 + singletxantifund:1 + singletxantifund:3 + sym2xsinglet:1,5|12|2|2,False,False,True,False,False
2|2,antisym2xsinglet:-3 + fundxfund:-2 + singletxantifund:1 + singletxfund:3 + sym2xsinglet:1,5|12|2|2,False,False,True,False,False
2|2,antisym2xsinglet:-3 + fundxfund:-2 + singletxantifund:3 + singletxfund:1 + sym2xsinglet:1,5|12|2|2,False,False,True,False,False
2|2,antisym2xsinglet:-3 + fundxfund:-2 + singletxfund:1 + singletxfund:3 + sym2xsinglet:1,5|12|2|2,False,False,True,False,False
2|2,antisym2xsinglet:-3 + fundxfund:2 + singletxadjoint:-1 + singletxantisym2:1 + sym2xsinglet:-1,5|12|2|2,False,False,True,False,False
2|2,antisym2xsinglet:-3 + fundxfund:2 + singletxadjoint:-1 + singletxsinglet:1 + sym2xsinglet:-1,5|12|2|2,False,False,True,False,False
2|2,antisym2xsinglet:-3 + fundxfund:2 + singletxantisym2:1 + singletxsym2:-1 + sym2xsinglet:-1,5|12|2|2,False,False,True,False,False
2|2,antisym2xsinglet:-3 + fundxfund:2 + singletxsinglet:1 + singletxsym2:-1 + sym2xsinglet:-1,5|12|2|2,False,False,True,False,False
2|2,antisym2xsinglet:1 + fundxantifund:2 + singletxadjoint:-1 + singletxantisym2:-3 + sym2xsinglet:-1,5|12|2|2,False,False,True,False,False
2|2,antisym2xsinglet:1 + fundxantifund:2 + singletxadjoint:-1 + singletxsinglet:-3 + sym2xsinglet:-1,5|12|2|2,False,False,True,False,False
2|2,antisym2xsinglet:1 + fundxantifund:2 + singletxantisym2:-3 + singletxsym2:-1 + sym2xsinglet:-1,5|12|2|2,False,False,True,False,False
2|2,antisym2xsinglet:1 + fundxantifund:2 + singletxsinglet:-3 + singletxsym2:-1 + sym2xsinglet:-1,5|12|2|2,False,False,True,False,False
2|2,antisym2xsinglet:1 + fundxfund:2 + singletxadjoint:-1 + singletxantisym2:-3 + sym2xsinglet:-1,5|12|2|2,False,False,True,False,False
2|2,antisym2xsinglet:1 + fundxfund:2 + singletxadjoint:-1 + singletxsinglet:-3 + sym2xsinglet:-1,5|12|2|2,False,False,True,False,False
2|2,antisym2xsinglet:1 + fundxfund:2 + singletxantisym2:-3 + singletxsym2:-1 + sym2xsinglet:-1,5|12|2|2,False,False,True,False,False
2|2,antisym2xsinglet:1 + fundxfund:2 + singletxsinglet:-3 + singletxsym2:-1 + sym2xsinglet:-1,5|12|2|2,False,False,True,False,False
2|2,antisym2xsinglet:3 + fundxantifund:-2 + singletxadjoint:1 + singletxantisym2:-1 + sym2xsinglet:1,5|12|2|2,False,False,True,False,False
2|2,antisym2xsinglet:3 + fundxantifund:-2 + singletxadjoint:1 + singletxsinglet:-1 + sym2xsinglet:1,5|12|2|2,False,False,True,False,False
2|2,antisym2xsinglet:3 + fundxantifund:-2 + singletxantisym2:-1 + singletxsym2:1 + sym2xsinglet:1,5|12|2|2,False,False,True,False,False
2|2,antisym2xsinglet:3 + fundxantifund:-2 + singletxsinglet:-1 + singletxsym2:1 + sym2xsinglet:1,5|12|2|2,False,False,True,False,False
2|2,antisym2xsinglet:3 + fundxantifund:2 + fundxsinglet:-1 + fundxsinglet:-3 + singletxadjoint:-1,5|12|2|2,False,False,True,False,False
2|2,antisym2xsinglet:3 + fundxantifund:2 + fundxsinglet:-1 + fundxsinglet:-3 + singletxsym2:-1,5|12|2|2,False,False,True,False,False
2|2,antisym2xsinglet:3 + fundxantifund:2 + singletxantifund:-1 + singletxantifund:-3 + sym2xsinglet:-1,5|12|2|2,False,False,True,False,False
2|2,antisym2xsinglet:3 + fundxantifund:2 + singletxantifund:-1 + singletxfund:-3 + sym2xsinglet:-1,5|12|2|2,False,False,True,False,False
2|2,antisym2xsinglet:3 + fundxantifund:2 + singletxantifund:-3 + singletxfund:-1 + sym2xsinglet:-1,5|12|2|2,False,False,True,False,False
2|2,antisym2xsinglet:3 + fundxantifund:2 + singletxfund:-1 + singletxfund:-3 + sym2xsinglet:-1,5|12|2|2,False,False,True,False,False
2|2,antisym2xsinglet:3 + fundxfund:-2 + singletxadjoint:1 + singletxantisym2:-1 + sym2xsinglet:1,5|12|2|2,False,False,True,False,False
2|2,antisym2xsinglet:3 + fundxfund:-2 + singletxadjoint:1 + singletxsinglet:-1 + sym2xsinglet:1,5|12|2|2,False,False,True,False,False
2|2,antisym2xsinglet:3 + fundxfund:-2 + singletxantisym2:-1 + singletxsym2:1 + sym2xsinglet:1,5|12|2|2,False,False,True,False,False
2|2,antisym2xsinglet:3 + fundxfund:-2 + singletxsinglet:-1 + singletxsym2:1 + sym2xsinglet:1,5|12|2|2,False,False,True,False,False
2|2,antisym2xsinglet:3 + fundxfund:2 + fundxsinglet:-1 + fundxsinglet:-3 + singletxadjoint:-1,5|12|2|2,False,False,True,False,False
2|2,antisym2xsinglet:3 + fundxfund:2 + fundxsinglet:-1 + fundxsinglet:-3 + singletxsym2:-1,5|12|2|2,False,False,True,False,False
2|2,antisym2xsinglet:3 + fundxfund:2 + singletxantifund:-1 + singletxantifund:-3 + sym2xsinglet:-1,5|12|2|2,False,False,True,False,False
2|2,antisym2xsinglet:3 + fundxfund:2 + singletxantifund:-1 + singletxfund:-3 + sym2xsinglet:-1,5|12|2|2,False,False,True,False,False
2|2,antisym2xsinglet:3 + fundxfund:2 + singletxantifund:-3 + singletxfund:-1 + sym2xsinglet:-1,5|12|2|2,False,False,True,False,False
2|2,antisym2xsinglet:3 + fundxfund:2 + singletxfund:-1 + singletxfund:-3 + sym2xsinglet:-1,5|12|2|2,False,False,True,False,False
2|2,fundxantifund:-2 + fundxsinglet:1 + fundxsinglet:3 + singletxadjoint:1 + singletxantisym2:-3,5|12|2|2,False,False,True,False,False
2|2,fundxantifund:-2 + fundxsinglet:1 + fundxsinglet:3 + singletxadjoint:1 + singletxsinglet:-3,5|12|2|2,True,True,True,True,False
2|2,fundxantifund:-2 + fundxsinglet:1 + fundxsinglet:3 + singletxantisym2:-3 + singletxsym2:1,5|12|2|2,False,False,True,False,False
2|2,fundxantifund:-2 + fundxsinglet:1 + fundxsinglet:3 + singletxsinglet:-3 + singletxsym2:1,5|12|2|2,True,True,True,True,False
2|2,fundxantifund:-2 + singletxadjoint:1 + singletxantisym2:-1 + singletxantisym2:3 + sym2xsinglet:1,5|12|2|2,False,False,True,False,False
2|2,fundxantifund:-2 + singletxadjoint:1 + singletxantisym2:-1 + singletxsinglet:3 + sym2xsinglet:1,5|12|2|2,False,False,True,False,False
2|2,fundxantifund:-2 + singletxadjoint:1 + singletxantisym2:3 + singletxsinglet:-1 + sym2xsinglet:1,5|12|2|2,False,False,True,False,False
2|2,fundxantifund:-2 + singletxadjoint:1 + singletxsinglet:-1 + singletxsinglet:3 + sym2xsinglet:1,5|12|2|2,True,False,True,False,False
2|2,fundxantifund:-2 + singletxantifund:1 + singletxantifund:3 + singletxantisym2:-3 + sym2xsinglet:1,5|12|2|2,False,False,True,False,False
2|2,fundxantifund:-2 + singletxantifund:1 + singletxantifund:3 + singletxsinglet:-3 + sym2xsinglet:1,5|12|2|2,True,True,True,True,False
2|2,fundxantifund:-2 + singletxantifund:1 + singletxantisym2:-3 + singletxfund:3 + sym2xsinglet:1,5|12|2|2,False,False,True,False,False
2|2,fundxantifund:-2 + singletxantifund:1 + singletxfund:3 + singletxsinglet:-3 + sym2xsinglet:1,5|12|2|2,True,True,True,True,False
2|2,fundxantifund:-2 + singletxantifund:3 + singletxantisym2:-3 + singletxfund:1 + sym2xsinglet:1,5|12|2|2,False,False,True,False,False
2|2,fundxantifund:-2 + singletxantifund:3 + singletxfund:1 + singletxsinglet:-3 + sym2xsinglet:1,5|12|2|2,True,True,True,True,False
2|2,fundxantifund:-2 + singletxantisym2:-1 + singletxantisym2:3 + singletxsym2:1 + sym2xsinglet:1,5|12|2|2,False,False,True,False,False
2|2,fundxantifund:-2 + singletxantisym2:-1 + singletxsinglet:3 + singletxsym2:1 + sym2xsinglet:1,5|12|2|2,False,False,True,False,False
2|2,fundxantifund:-2 + singletxantisym2:-3 + singletxfund:1 + singletxfund:3 + sym2xsinglet:1,5|12|2|2,False,False,True,False,False
2|2,fundxantifund:-2 + singletxantisym2:3 + singletxsinglet:-1 + singletxsym2:1 + sym2xsinglet:1,5|12|2|2,False,False,True,False,False
2|2,fundxantifund:-2 + singletxfund:1 + singletxfund:3 + singletxsinglet:-3 + sym2xsinglet:1,5|12|2|2,True,True,True,True,False
2|2,fundxantifund:-2 + singletxsinglet:-1 + singletxsinglet:3 + singletxsym2:1 + sym2xsinglet:1,5|12|2|2,True,False,True,False,False
2|2,fundxantifund:2 + fundxsinglet:-1 + fundxsinglet:-3 + singletxadjoint:-1 + singletxantisym2:3,5|12|2|2,False,False,True,False,False
2|2,fundxantifund:2 + fundxsinglet:-1 + fundxsinglet:-3 + singletxadjoint:-1 + singletxsinglet:3,5|12|2|2,True,True,True,True,False
2|2,fundxantifund:2 + fundxsinglet:-1 + fundxsinglet:-3 + singletxantisym2:3 + singletxsym2:-1,5|12|2|2,False,False,True,False,False
2|2,fundxantifund:2 + fundxsinglet:-1 + fundxsinglet:-3 + singletxsinglet:3 + singletxsym2:-1,5|12|2|2,True,True,True,True,False
2|2,fundxantifund:2 + singletxadjoint:-1 + singletxantisym2:-3 + singletxantisym2:1 + sym2xsinglet:-1,5|12|2|2,False,False,True,False,False
2|2,fundxantifund:2 + singletxadjoint:-1 + singletxantisym2:-3 + singletxsinglet:1 + sym2xsinglet:-1,5|12|2|2,False,False,True,False,False
2|2,fundxantifund:2 + singletxadjoint:-1 + singletxantisym2:1 + singletxsinglet:-3 + sym2xsinglet:-1,5|12|2|2,False,False,True,False,False
2|2,fundxantifund:2 + singletxadjoint:-1 + singletxsinglet:-3 + singletxsinglet:1 + sym2xsinglet:-1,5|12|2|2,True,False,True,False,False
2|2,fundxantifund:2 + singletxantifund:-1 + singletxantifund:-3 + singletxantisym2:3 + sym2xsinglet:-1,5|12|2|2,False,False,True,False,False
2|2,fundxantifund:2 + singletxantifund:-1 + singletxantifund:-3 + singletxsinglet:3 + sym2xsinglet:-1,5|12|2|2,True,True,True,True,False
2|2,fundxantifund:2 + singletxantifund:-1 + singletxantisym2:3 + singletxfund:-3 + sym2xsinglet:-1,5|12|2|2,False,False,True,False,False
2|2,fundxantifund:2 + singletxantifund:-1 + singletxfund:-3 + singletxsinglet:3 + sym2xsinglet:-1,5|12|2|2,True,True,True,True,False
2|2,fundxantifund:2 + singletxantifund:-3 + singletxantisym2:3 + singletxfund:-1 + sym2xsinglet:-1,5|12|2|2,False,False,True,False,False
2|2,fundxantifund:2 + singletxantifund:-3 + singletxfund:-1 + singletxsinglet:3 + sym2xsinglet:-1,5|12|2|2,True,True,True,True,False
2|2,fundxantifund:2 + singletxantisym2:-3 + singletxantisym2:1 + singletxsym2:-1 + sym2xsinglet:-1,5|12|2|2,False,False,True,False,False
2|2,fundxantifund:2 + singletxantisym2:-3 + singletxsinglet:1 + singletxsym2:-1 + sym2xsinglet:-1,5|12|2|2,False,False,True,False,False
2|2,fundxantifund:2 + singletxantisym2:1 + singletxsinglet:-3 + singletxsym2:-1 + sym2xsinglet:-1,5|12|2|2,False,False,True,False,False
2|2,fundxantifund:2 + singletxantisym2:3 + singletxfund:-1 + singletxfund:-3 + sym2xsinglet:-1,5|12|2|2,False,False,True,False,False
2|2,fundxantifund:2 + singletxfund:-1 + singletxfund:-3 + singletxsinglet:3 + sym2xsinglet:-1,5|12|2|2,True,True,True,True,False
2|2,fundxantifund:2 + singletxsinglet:-3 + singletxsinglet:1 + singletxsym2:-1 + sym2xsinglet:-1,5|12|2|2,True,False,True,False,False
2|2,fundxfund:-2 + fundxsinglet:1 + fundxsinglet:3 + singletxadjoint:1 + singletxantisym2:-3,5|12|2|2,False,False,True,False,False
2|2,fundxfund:-2 + fundxsinglet:1 + fundxsinglet:3 + singletxadjoint:1 + singletxsinglet:-3,5|12|2|2,True,True,True,True,False
2|2,fundxfund:-2 + fundxsinglet:1 + fundxsinglet:3 + singletxantisym2:-3 + singletxsym2:1,5|12|2|2,False,False,True,False,False
2|2,fundxfund:-2 + fundxsinglet:1 + fundxsinglet:3 + singletxsinglet:-3 + singletxsym2:1,5|12|2|2,True,True,True,True,False
2|2,fundxfund:-2 + singletxadjoint:1 + singletxantisym2:-1 + singletxantisym2:3 + sym2xsinglet:1,5|12|2|2,False,False,True,False,False
2|2,fundxfund:-2 + singletxadjoint:1 + singletxantisym2:-1 + singletxsinglet:3 + sym2xsinglet:1,5|12|2|2,False,False,True,False,False
2|2,fundxfund:-2 + singletxadjoint:1 + singletxantisym2:3 + singletxsinglet:-1 + sym2xsinglet:1,5|12|2|2,False,False,True,False,False
2|2,fundxfund:-2 + singletxadjoint:1 + singletxsinglet:-1 + singletxsinglet:3 + sym2xsinglet:1,5|12|2|2,True,False,True,False,False
2|2,fundxfund:-2 + singletxantifund:1 + singletxantifund:3 + singletxantisym2:-3 + sym2xsinglet:1,5|12|2|2,False,False,True,False,False
2|2,fundxfund:-2 + singletxantifund:1 + singletxantifund:3 + singletxsinglet:-3 + sym2xsinglet:1,5|12|2|2,True,True,True,True,False
2|2,fundxfund:-2 + singletxantifund:1 + singletxantisym2:-3 + singletxfund:3 + sym2xsinglet:1,5|12|2|2,False,False,True,False,False
2|2,fundxfund:-2 + singletxantifund:1 + singletxfund:3 + singletxsinglet:-3 + sym2xsinglet:1,5|12|2|2,True,True,True,True,False
2|2,fundxfund:-2 + singletxantifund:3 + singletxantisym2:-3 + singletxfund:1 + sym2xsinglet:1,5|12|2|2,False,False,True,False,False
2|2,fundxfund:-2 + singletxantifund:3 + singletxfund:1 + singletxsinglet:-3 + sym2xsinglet:1,5|12|2|2,True,True,True,True,False
2|2,fundxfund:-2 + singletxantisym2:-1 + singletxantisym2:3 + singletxsym2:1 + sym2xsinglet:1,5|12|2|2,False,False,True,False,False
2|2,fundxfund:-2 + singletxantisym2:-1 + singletxsinglet:3 + singletxsym2:1 + sym2xsinglet:1,5|12|2|2,False,False,True,False,False
2|2,fundxfund:-2 + singletxantisym2:-3 + singletxfund:1 + singletxfund:3 + sym2xsinglet:1,5|12|2|2,False,False,True,False,False
2|2,fundxfund:-2 + singletxantisym2:3 + singletxsinglet:-1 + singletxsym2:1 + sym2xsinglet:1,5|12|2|2,False,False,True,False,False
2|2,fundxfund:-2 + singletxfund:1 + singletxfund:3 + singletxsinglet:-3 + sym2xsinglet:1,5|12|2|2,True,True,True,True,False
2|2,fundxfund:-2 + singletxsinglet:-1 + singletxsinglet:3 + singletxsym2:1 + sym2xsinglet:1,5|12|2|2,True,False,True,False,False
2|2,fundxfund:2 + fundxsinglet:-1 + fundxsinglet:-3 + singletxadjoint:-1 + singletxantisym2:3,5|12|2|2,False,False,True,False,False
2|2,fundxfund:2 + fundxsinglet:-1 + fundxsinglet:-3 + singletxadjoint:-1 + singletxsinglet:3,5|12|2|2,True,True,True,True,False
2|2,fundxfund:2 + fundxsinglet:-1 + fundxsinglet:-3 + singletxantisym2:3 + singletxsym2:-1,5|12|2|2,False,False,True,False,False
2|2,fundxfund:2 + fundxsinglet:-1 + fundxsinglet:-3 + singletxsinglet:3 + singletxsym2:-1,5|12|2|2,True,True,True,True,False
2|2,fundxfund:2 + singletxadjoint:-1 + singletxantisym2:-3 + singletxantisym2:1 + sym2xsinglet:-1,5|12|2|2,False,False,True,False,False
2|2,fundxfund:2 + singletxadjoint:-1 + singletxantisym2:-3 + singletxsinglet:1 + sym2xsinglet:-1,5|12|2|2,False,False,True,False,False
2|2,fundxfund:2 + singletxadjoint:-1 + singletxantisym2:1 + singletxsinglet:-3 + sym2xsinglet:-1,5|12|2|2,False,False,True,False,False
2|2,fundxfund:2 + singletxadjoint:-1 + singletxsinglet:-3 + singletxsinglet:1 + sym2xsinglet:-1,5|12|2|2,True,False,True,False,False
2|2,fundxfund:2 + singletxantifund:-1 + singletxantifund:-3 + singletxantisym2:3 + sym2xsinglet:-1,5|12|2|2,False,False,True,False,False
2|2,fundxfund:2 + singletxantifund:-1 + singletxantifund:-3 + singletxsinglet:3 + sym2xsinglet:-1,5|12|2|2,True,True,True,True,False
2|2,fundxfund:2 + singletxantifund:-1 + singletxantisym2:3 + singletxfund:-3 + sym2xsinglet:-1,5|12|2|2,False,False,True,False,False
2|2,fundxfund:2 + singletxantifund:-1 + singletxfund:-3 + singletxsinglet:3 + sym2xsinglet:-1,5|12|2|2,True,True,True,True,False
2|2,fundxfund:2 + singletxantifund:-3 + singletxantisym2:3 + singletxfund:-1 + sym2xsinglet:-1,5|12|2|2,False,False,True,False,False
2|2,fundxfund:2 + singletxantifund:-3 + singletxfund:-1 + singletxsinglet:3 + sym2xsinglet:-1,5|12|2|2,True,True,True,True,False
2|2,fundxfund:2 + singletxantisym2:-3 + singletxantisym2:1 + singletxsym2:-1 + sym2xsinglet:-1,5|12|2|2,False,False,True,False,False
2|2,fundxfund:2 + singletxantisym2:-3 + singletxsinglet:1 + singletxsym2:-1 + sym2xsinglet:-1,5|12|2|2,False,False,True,False,False
2|2,fundxfund:2 + singletxantisym2:1 + singletxsinglet:-3 + singletxsym2:-1 + sym2xsinglet:-1,5|12|2|2,False,False,True,False,False
2|2,fundxfund:2 + singletxantisym2:3 + singletxfund:-1 + singletxfund:-3 + sym2xsinglet:-1,5|12|2|2,False,False,True,False,False
2|2,fundxfund:2 + singletxfund:-1 + singletxfund:-3 + singletxsinglet:3 + sym2xsinglet:-1,5|12|2|2,True,True,True,True,False
2|2,fundxfund:2 + singletxsinglet:-3 + singletxsinglet:1 + singletxsym2:-1 + sym2xsinglet:-1,5|12|2|2,True,False,True,False,False
2|2,adjointxsinglet:-1 + adjointxsinglet:2 + antifundxantifund:-2 + antisym2xsinglet:2 + singletxadjoint:1,5|14|2|2,False,False,True,False,False
2|2,adjointxsinglet:-1 + adjointxsinglet:2 + antifundxantifund:-2 + antisym2xsinglet:2 + singletxsym2:1,5|14|2|2,False,False,True,False,False
2|2,adjointxsinglet:-1 + adjointxsinglet:2 + antifundxantifund:-2 + singletxadjoint:1 + singletxantisym2:2,5|14|2|2,False,False,True,False,False
2|2,adjointxsinglet:-1 + adjointxsinglet:2 + antifundxantifund:-2 + singletxadjoint:1 + singletxsinglet:2,5|14|2|2,True,True,True,True,False
2|2,adjointxsinglet:-1 + adjointxsinglet:2 + antifundxantifund:-2 + singletxantisym2:2 + singletxsym2:1,5|14|2|2,False,False,True,False,False
2|2,adjointxsinglet:-1 + adjointxsinglet:2 + antifundxantifund:-2 + singletxsinglet:2 + singletxsym2:1,5|14|2|2,True,True,True,True,False
2|2,adjointxsinglet:-1 + adjointxsinglet:2 + antifundxfund:-2 + antisym2xsinglet:2 + singletxadjoint:1,5|14|2|2,False,False,True,False,False
2|2,adjointxsinglet:-1 + adjointxsinglet:2 + antifundxfund:-2 + antisym2xsinglet:2 + singletxsym2:1,5|14|2|2,False,False,True,False,False
2|2,adjointxsinglet:-1 + adjointxsinglet:2 + antifundxfund:-2 + singletxadjoint:1 + singletxantisym2:2,5|14|2|2,False,False,True,False,False
2|2,adjointxsinglet:-1 + adjointxsinglet:2 + antifundxfund:-2 + singletxadjoint:1 + singletxsinglet:2,5|14|2|2,True,True,True,True,False
2|2,adjointxsinglet:-1 + adjointxsinglet:2 + antifundxfund:-2 + singletxantisym2:2 + singletxsym2:1,5|14|2|2,False,False,True,False,False
2|2,adjointxsinglet:-1 + adjointxsinglet:2 + antifundxfund:-2 + singletxsinglet:2 + singletxsym2:1,5|14|2|2,True,True,True,True,False
2|2,adjointxsinglet:-1 + adjointxsinglet:2 + antisym2xsinglet:2 + fundxantifund:-2 + singletxadjoint:1,5|14|2|2,False,False,True,False,False
2|2,adjointxsinglet:-1 + adjointxsinglet:2 + antisym2xsinglet:2 + fundxantifund:-2 + singletxsym2:1,5|14|2|2,False,False,True,False,False
2|2,adjointxsinglet:-1 + adjointxsinglet:2 + antisym2xsinglet:2 + fundxfund:-2 + singletxadjoint:1,5|14|2|2,False,False,True,False,False
2|2,adjointxsinglet:-1 + adjointxsinglet:2 + antisym2xsinglet:2 + fundxfund:-2 + singletxsym2:1,5|14|2|2,False,False,True,False,False
2|2,adjointxsinglet:-1 + adjointxsinglet:2 + fundxantifund:-2 + singletxadjoint:1 + singletxantisym2:2,5|14|2|2,False,False,True,False,False
2|2,adjointxsinglet:-1 + adjointxsinglet:2 + fundxantifund:-2 + singletxadjoint:1 + singletxsinglet:2,5|14|2|2,True,True,True,True,False
2|2,adjointxsinglet:-1 + adjointxsinglet:2 + fundxantifund:-2 + singletxantisym2:2 + singletxsym2:1,5|14|2|2,False,False,True,False,False
2|2,adjointxsinglet:-1 + adjointxsinglet:2 + fundxantifund:-2 + singletxsinglet:2 + singletxsym2:1,5|14|2|2,True,True,True,True,False
2|2,adjointxsinglet:-1 + adjointxsinglet:2 + fundxfund:-2 + singletxadjoint:1 + singletxantisym2:2,5|14|2|2,False,False,True,False,False
2|2,adjointxsinglet:-1 + adjointxsinglet:2 + fundxfund:-2 + singletxadjoint:1 + singletxsinglet:2,5|14|2|2,True,True,True,True,False
2|2,adjointxsinglet:-1 + adjointxsinglet:2 + fundxfund:-2 + singletxantisym2:2 + singletxsym2:1,5|14|2|2,False,False,True,False,False
2|2,adjointxsinglet:-1 + adjointxsinglet:2 + fundxfund:-2 + singletxsinglet:2 + singletxsym2:1,5|14|2|2,True,True,True,True,False
2|2,adjointxsinglet:-1 + antifundxantifund:-2 + antisym2xsinglet:2 + singletxadjoint:1 + sym2xsinglet:2,5|14|2|2,False,False,True,False,False
2|2,adjointxsinglet:-1 + antifundxantifund:-2 + antisym2xsinglet:2 + singletxsym2:1 + sym2xsinglet:2,5|14|2|2,False,False,True,False,False
2|2,adjointxsinglet:-1 + antifundxantifund:-2 + singletxadjoint:1 + singletxantisym2:2 + sym2xsinglet:2,5|14|2|2,False,False,True,False,False
2|2,adjointxsinglet:-1 + antifundxantifund:-2 + singletxadjoint:1 + singletxsinglet:2 + sym2xsinglet:2,5|14|2|2,True,True,True,True,False
2|2,adjointxsinglet:-1 + antifundxantifund:-2 + singletxantisym2:2 + singletxsym2:1 + sym2xsinglet:2,5|14|2|2,False,False,True,False,False
2|2,adjointxsinglet:-1 + antifundxantifund:-2 + singletxsinglet:2 + singletxsym2:1 + sym2xsinglet:2,5|14|2|2,True,True,True,True,False
2|2,adjointxsinglet:-1 + antifundxantifund:2 + antisym2xsinglet:-2 + singletxadjoint:-2 + singletxadjoint:1,5|14|2|2,False,False,True,False,False
2|2,adjointxsinglet:-1 + antifundxantifund:2 + antisym2xsinglet:-2 + singletxadjoint:-2 + singletxsym2:1,5|14|2|2,False,False,True,False,False
2|2,adjointxsinglet:-1 + antifundxantifund:2 + antisym2xsinglet:-2 + singletxadjoint:1 + singletxsym2:-2,5|14|2|2,False,False,True,False,False
2|2,adjointxsinglet:-1 + antifundxantifund:2 + antisym2xsinglet:-2 + singletxsym2:-2 + singletxsym2:1,5|14|2|2,False,False,True,False,False
2|2,adjointxsinglet:-1 + antifundxantifund:2 + singletxadjoint:-2 + singletxadjoint:1 + singletxantisym2:-2,5|14|2|2,False,False,True,False,False
2|2,adjointxsinglet:-1 + antifundxantifund:2 + singletxadjoint:-2 + singletxadjoint:1 + singletxsinglet:-2,5|14|2|2,True,True,True,True,False
2|2,adjointxsinglet:-1 + antifundxantifund:2 + singletxadjoint:-2 + singletxantisym2:-2 + singletxsym2:1,5|14|2|2,False,False,True,False,False
2|2,adjointxsinglet:-1 + antifundxantifund:2 + singletxadjoint:-2 + singletxsinglet:-2 + singletxsym2:1,5|14|2|2,True,True,True,True,False
2|2,adjointxsinglet:-1 + antifundxantifund:2 + singletxadjoint:1 + singletxantisym2:-2 + singletxsym2:-2,5|14|2|2,False,False,True,False,False
2|2,adjointxsinglet:-1 + antifundxantifund:2 + singletxadjoint:1 + singletxsinglet:-2 + singletxsym2:-2,5|14|2|2,True,True,True,True,False
2|2,adjointxsinglet:-1 + antifundxantifund:2 + singletxantisym2:-2 + singletxsym2:-2 + singletxsym2:1,5|14|2|2,False,False,True,False,False
2|2,adjointxsinglet:-1 + antifundxantifund:2 + singletxsinglet:-2 + singletxsym2:-2 + singletxsym2:1,5|14|2|2,True,True,True,True,False
2|2,adjointxsinglet:-1 + antifundxfund:-2 + antisym2xsinglet:2 + singletxadjoint:1 + sym2xsinglet:2,5|14|2|2,False,False,True,False,False
2|2,adjointxsinglet:-1 + antifundxfund:-2 + antisym2xsinglet:2 + singletxsym2:1 + sym2xsinglet:2,5|14|2|2,False,False,True,False,False
2|2,adjointxsinglet:-1 + antifundxfund:-2 + singletxadjoint:1 + singletxantisym2:2 + sym2xsinglet:2,5|14|2|2,False,False,True,False,False
2|2,adjointxsinglet:-1 + antifundxfund:-2 + singletxadjoint:1 + singletxsinglet:2 + sym2xsinglet:2,5|14|2|2,True,True,True,True,False
2|2,adjointxsinglet:-1 + antifundxfund:-2 + singletxantisym2:2 + singletxsym2:1 + sym2xsinglet:2,5|14|2|2,False,False,True,False,False
2|2,adjointxsinglet:-1 + antifundxfund:-2 + singletxsinglet:2 + singletxsym2:1 + sym2xsinglet:2,5|14|2|2,True,True,True,True,False
2|2,adjointxsinglet:-1 + antifundxfund:2 + antisym2xsinglet:-2 + singletxadjoint:-2 + singletxadjoint:1,5|14|2|2,False,False,True,False,False
2|2,adjointxsinglet:-1 + antifundxfund:2 + antisym2xsinglet:-2 + singletxadjoint:-2 + singletxsym2:1,5|14|2|2,False,False,True,False,False
2|2,adjointxsinglet:-1 + antifundxfund:2 + antisym2xsinglet:-2 + singletxadjoint:1 + singletxsym2:-2,5|14|2|2,False,False,True,False,False
2|2,adjointxsinglet:-1 + antifundxfund:2 + antisym2xsinglet:-2 + singletxsym2:-2 + singletxsym2:1,5|14|2|2,False,False,True,False,False
2|2,adjointxsinglet:-1 + antifundxfund:2 + singletxadjoint:-2 + singletxadjoint:1 + singletxantisym2:-2,5|14|2|2,False,False,True,False,False
2|2,adjointxsinglet:-1 + antifundxfund:2 + singletxadjoint:-2 + singletxadjoint:1 + singletxsinglet:-2,5|14|2|2,True,True,True,True,False
2|2,adjointxsinglet:-1 + antifundxfund:2 + singletxadjoint:-2 + singletxantisym2:-2 + singletxsym2:1,5|14|2|2,False,False,True,False,False
2|2,adjointxsinglet:-1 + antifundxfund:2 + singletxadjoint:-2 + singletxsinglet:-2 + singletxsym2:1,5|14|2|2,True,True,True,True,False
2|2,adjointxsinglet:-1 + antifundxfund:2 + singletxadjoint:1 + singletxantisym2:-2 + singletxsym2:-2,5|14|2|2,False,False,True,False,False
2|2,adjointxsinglet:-1 + antifundxfund:2 + singletxadjoint:1 + singletxsinglet:-2 + singletxsym2:-2,5|14|2|2,True,True,True,True,False
2|2,adjointxsinglet:-1 + antifundxfund:2 + singletxantisym2:-2 + singletxsym2:-2 + singletxsym2:1,5|14|2|2,False,False,True,False,False
2|2,adjointxsinglet:-1 + antifundxfund:2 + singletxsinglet:-2 + singletxsym2:-2 + singletxsym2:1,5|14|2|2,True,True,True,True,False
2|2,adjointxsinglet:-1 + antisym2xsinglet:-2 + fundxantifund:2 + singletxadjoint:-2 + singletxadjoint:1,5|14|2|2,False,False,True,False,False
2|2,adjointxsinglet:-1 + antisym2xsinglet:-2 + fundxantifund:2 + singletxadjoint:-2 + singletxsym2:1,5|14|2|2,False,False,True,False,False
2|2,adjointxsinglet:-1 + antisym2xsinglet:-2 + fundxantifund:2 + singletxadjoint:1 + singletxsym2:-2,5|14|2|2,False,False,True,False,False
2|2,adjointxsinglet:-1 + antisym2xsinglet:-2 + fundxantifund:2 + singletxsym2:-2 + singletxsym2:1,5|14|2|2,False,False,True,False,False
2|2,adjointxsinglet:-1 + antisym2xsinglet:-2 + fundxfund:2 + singletxadjoint:-2 + singletxadjoint:1,5|14|2|2,False,False,True,False,False
2|2,adjointxsinglet:-1 + antisym2xsinglet:-2 + fundxfund:2 + singletxadjoint:-2 + singletxsym2:1,5|14|2|2,False,False,True,False,False
2|2,adjointxsinglet:-1 + antisym2xsinglet:-2 + fundxfund:2 + singletxadjoint:1 + singletxsym2:-2,5|14|2|2,False,False,True,False,False
2|2,adjointxsinglet:-1 + antisym2xsinglet:-2 + fundxfund:2 + singletxsym2:-2 + singletxsym2:1,5|14|2|2,False,False,True,False,False
2|2,adjointxsinglet:-1 + antisym2xsinglet:2 + fundxantifund:-2 + singletxadjoint:1 + sym2xsinglet:2,5|14|2|2,False,False,True,False,False
2|2,adjointxsinglet:-1 + antisym2xsinglet:2 + fundxantifund:-2 + singletxsym2:1 + sym2xsinglet:2,5|14|2|2,False,False,True,False,False
2|2,adjointxsinglet:-1 + antisym2xsinglet:2 + fundxfund:-2 + singletxadjoint:1 + sym2xsinglet:2,5|14|2|2,False,False,True,False,False
2|2,adjointxsinglet:-1 + antisym2xsinglet:2 + fundxfund:-2 + singletxsym2:1 + sym2xsinglet:2,5|14|2|2,False,False,True,False,False
2|2,adjointxsinglet:-1 + fundxantifund:-2 + singletxadjoint:1 + singletxantisym2:2 + sym2xsinglet:2,5|14|2|2,False,False,True,False,False
2|2,adjointxsinglet:-1 + fundxantifund:-2 + singletxadjoint:1 + singletxsinglet:2 + sym2xsinglet:2,5|14|2|2,True,True,True,True,False
2|2,adjointxsinglet:-1 + fundxantifund:-2 + singletxantisym2:2 + singletxsym2:1 + sym2xsinglet:2,5|14|2|2,False,False,True,False,False
2|2,adjointxsinglet:-1 + fundxantifund:-2 + singletxsinglet:2 + singletxsym2:1 + sym2xsinglet:2,5|14|2|2,True,True,True,True,False
2|2,adjointxsinglet:-1 + fundxantifund:2 + singletxadjoint:-2 + singletxadjoint:1 + singletxantisym2:-2,5|14|2|2,False,False,True,False,False
2|2,adjointxsinglet:-1 + fundxantifund:2 + singletxadjoint:-2 + singletxadjoint:1 + singletxsinglet:-2,5|14|2|2,True,True,True,True,False
2|2,adjointxsinglet:-1 + fundxantifund:2 + singletxadjoint:-2 + singletxantisym2:-2 + singletxsym2:1,5|14|2|2,False,False,True,False,False
2|2,adjointxsinglet:-1 + fundxantifund:2 + singletxadjoint:-2 + singletxsinglet:-2 + singletxsym2:1,5|14|2|2,True,True,True,True,False
2|2,adjointxsinglet:-1 + fundxantifund:2 + singletxadjoint:1 + singletxantisym2:-2 + singletxsym2:-2,5|14|2|2,False,False,True,False,False
2|2,adjointxsinglet:-1 + fundxantifund:2 + singletxadjoint:1 + singletxsinglet:-2 + singletxsym2:-2,5|14|2|2,True,True,True,True,False
2|2,adjointxsinglet:-1 + fundxantifund:2 + singletxantisym2:-2 + singletxsym2:-2 + singletxsym2:1,5|14|2|2,False,False,True,False,False
2|2,adjointxsinglet:-1 + fundxantifund:2 + singletxsinglet:-2 + singletxsym2:-2 + singletxsym2:1,5|14|2|2,True,True,True,True,False
2|2,adjointxsinglet:-1 + fundxfund:-2 + singletxadjoint:1 + singletxantisym2:2 + sym2xsinglet:2,5|14|2|2,False,False,True,False,False
2|2,adjointxsinglet:-1 + fundxfund:-2 + singletxadjoint:1 + singletxsinglet:2 + sym2xsinglet:2,5|14|2|2,True,True,True,True,False
2|2,adjointxsinglet:-1 + fundxfund:-2 + singletxantisym2:2 + singletxsym2:1 + sym2xsinglet:2,5|14|2|2,False,False,True,False,False
2|2,adjointxsinglet:-1 + fundxfund:-2 + singletxsinglet:2 + singletxsym2:1 + sym2xsinglet:2,5|14|2|2,True,True,True,True,False
2|2,adjointxsinglet:-1 + fundxfund:2 + singletxadjoint:-2 + singletxadjoint:1 + singletxantisym2:-2,5|14|2|2,False,False,True,False,False
2|2,adjointxsinglet:-1 + fundxfund:2 + singletxadjoint:-2 + singletxadjoint:1 + singletxsinglet:-2,5|14|2|2,True,True,True,True,False
2|2,adjointxsinglet:-1 + fundxfund:2 + singletxadjoint:-2 + singletxantisym2:-2 + singletxsym2:1,5|14|2|2,False,False,True,False,False
2|2,adjointxsinglet:-1 + fundxfund:2 + singletxadjoint:-2 + singletxsinglet:-2 + singletxsym2:1,5|14|2|2,True,True,True,True,False
2|2,adjointxsinglet:-1 + fundxfund:2 + singletxadjoint:1 + singletxantisym2:-2 + singletxsym2:-2,5|14|2|2,False,False,True,False,False
2|2,adjointxsinglet:-1 + fundxfund:2 + singletxadjoint:1 + singletxsinglet:-2 + singletxsym2:-2,5|14|2|2,True,True,True,True,False
2|2,adjointxsinglet:-1 + fundxfund:2 + singletxantisym2:-2 + singletxsym2:-2 + singletxsym2:1,5|14|2|2,False,False,True,False,False
2|2,adjointxsinglet:-1 + fundxfund:2 + singletxsinglet:-2 + singletxsym2:-2 + singletxsym2:1,5|14|2|2,True,True,True,True,False
2|2,adjointxsinglet:-2 + adjointxsinglet:1 + antifundxantifund:2 + antisym2xsinglet:-2 + singletxadjoint:-1,5|14|2|2,False,False,True,False,False
2|2,adjointxsinglet:-2 + adjointxsinglet:1 + antifundxantifund:2 + antisym2xsinglet:-2 + singletxsym2:-1,5|14|2|2,False,False,True,False,False
2|2,adjointxsinglet:-2 + adjointxsinglet:1 + antifundxantifund:2 + singletxadjoint:-1 + singletxantisym2:-2,5|14|2|2,False,False,True,False,False
2|2,adjointxsinglet:-2 + adjointxsinglet:1 + antifundxantifund:2 + singletxadjoint:-1 + singletxsinglet:-2,5|14|2|2,True,True,True,True,False
2|2,adjointxsinglet:-2 + adjointxsinglet:1 + antifundxantifund:2 + singletxantisym2:-2 + singletxsym2:-1,5|14|2|2,False,False,True,False,False
2|2,adjointxsinglet:-2 + adjointxsinglet:1 + antifundxantifund:2 + singletxsinglet:-2 + singletxsym2:-1,5|14|2|2,True,True,True,True,False
2|2,adjointxsinglet:-2 + adjointxsinglet:1 + antifundxfund:2 + antisym2xsinglet:-2 + singletxadjoint:-1,5|14|2|2,False,False,True,False,False
2|2,adjointxsinglet:-2 + adjointxsinglet:1 + antifundxfund:2 + antisym2xsinglet:-2 + singletxsym2:-1,5|14|2|2,False,False,True,False,False
2|2,adjointxsinglet:-2 + adjointxsinglet:1 + antifundxfund:2 + singletxadjoint:-1 + singletxantisym2:-2,5|14|2|2,False,False,True,False,False
2|2,adjointxsinglet:-2 + adjointxsinglet:1 + antifundxfund:2 + singletxadjoint:-1 + singletxsinglet:-2,5|14|2|2,True,True,True,True,False
2|2,adjointxsinglet:-2 + adjointxsinglet:1 + antifundxfund:2 + singletxantisym2:-2 + singletxsym2:-1,5|14|2|2,False,False,True,False,False
2|2,adjointxsinglet:-2 + adjointxsinglet:1 + antifundxfund:2 + singletxsinglet:-2 + singletxsym2:-1,5|14|2|2,True,True,True,True,False
2|2,adjointxsinglet:-2 + adjointxsinglet:1 + antisym2xsinglet:-2 + fundxantifund:2 + singletxadjoint:-1,5|14|2|2,False,False,True,False,False
2|2,adjointxsinglet:-2 + adjointxsinglet:1 + antisym2xsinglet:-2 + fundxantifund:2 + singletxsym2:-1,5|14|2|2,False,False,True,False,False
2|2,adjointxsinglet:-2 + adjointxsinglet:1 + antisym2xsinglet:-2 + fundxfund:2 + singletxadjoint:-1,5|14|2|2,False,False,True,False,False
2|2,adjointxsinglet:-2 + adjointxsinglet:1 + antisym2xsinglet:-2 + fundxfund:2 + singletxsym2:-1,5|14|2|2,False,False,True,False,False
2|2,adjointxsinglet:-2 + adjointxsinglet:1 + fundxantifund:2 + singletxadjoint:-1 + singletxantisym2:-2,5|14|2|2,False,False,True,False,False
2|2,adjointxsinglet:-2 + adjointxsinglet:1 + fundxantifund:2 + singletxadjoint:-1 + singletxsinglet:-2,5|14|2|2,True,True,True,True,False
2|2,adjointxsinglet:-2 + adjointxsinglet:1 + fundxantifund:2 + singletxantisym2:-2 + singletxsym2:-1,5|14|2|2,False,False,True,False,False
2|2,adjointxsinglet:-2 + adjointxsinglet:1 + fundxantifund:2 + singletxsinglet:-2 + singletxsym2:-1,5|14|2|2,True,True,True,True,False
2|2,adjointxsinglet:-2 + adjointxsinglet:1 + fundxfund:2 + singletxadjoint:-1 + singletxantisym2:-2,5|14|2|2,False,False,True,False,False
2|2,adjointxsinglet:-2 + adjointxsinglet:1 + fundxfund:2 + singletxadjoint:-1 + singletxsinglet:-2,5|14|2|2,True,True,True,True,False
2|2,adjointxsinglet:-2 + adjointxsinglet:1 + fundxfund:2 + singletxantisym2:-2 + singletxsym2:-1,5|14|2|2,False,False,True,False,False
2|2,adjointxsinglet:-2 + adjointxsinglet:1 + fundxfund:2 + singletxsinglet:-2 + singletxsym2:-1,5|14|2|2,True,True,True,True,False
2|2,adjointxsinglet:-2 + antifundxantifund:2 + antisym2xsinglet:-2 + singletxadjoint:-1 + sym2xsinglet:1,5|14|2|2,False,False,True,False,False
2|2,adjointxsinglet:-2 + antifundxantifund:2 + antisym2xsinglet:-2 + singletxsym2:-1 + sym2xsinglet:1,5|14|2|2,False,False,True,False,False
2|2,adjointxsinglet:-2 + antifundxantifund:2 + singletxadjoint:-1 + singletxantisym2:-2 + sym2xsinglet:1,5|14|2|2,False,False,True,False,False
2|2,adjointxsinglet:-2 + antifundxantifund:2 + singletxadjoint:-1 + singletxsinglet:-2 + sym2xsinglet:1,5|14|2|2,True,True,True,True,False
2|2,adjointxsinglet:-2 + antifundxantifund:2 + singletxantisym2:-2 + singletxsym2:-1 + sym2xsinglet:1,5|14|2|2,False,False,True,False,False
2|2,adjointxsinglet:-2 + antifundxantifund:2 + singletxsinglet:-2 + singletxsym2:-1 + sym2xsinglet:1,5|14|2|2,True,True,True,True,False
2|2,adjointxsinglet:-2 + antifundxfund:2 + antisym2xsinglet:-2 + singletxadjoint:-1 + sym2xsinglet:1,5|14|2|2,False,False,True,False,False
2|2,adjointxsinglet:-2 + antifundxfund:2 + antisym2xsinglet:-2 + singletxsym2:-1 + sym2xsinglet:1,5|14|2|2,False,False,True,False,False
2|2,adjointxsinglet:-2 + antifundxfund:2 + singletxadjoint:-1 + singletxantisym2:-2 + sym2xsinglet:1,5|14|2|2,False,False,True,False,False
2|2,adjointxsinglet:-2 + antifundxfund:2 + singletxadjoint:-1 + singletxsinglet:-2 + sym2xsinglet:1,5|14|2|2,True,True,True,True,False
2|2,adjointxsinglet:-2 + antifundxfund:2 + singletxantisym2:-2 + singletxsym2:-1 + sym2xsinglet:1,5|14|2|2,False,False,True,False,False
2|2,adjointxsinglet:-2 + antifundxfund:2 + singletxsinglet:-2 + singletxsym2:-1 + sym2xsinglet:1,5|14|2|2,True,True,True,True,False
2|2,adjointxsinglet:-2 + antisym2xsinglet:-2 + fundxantifund:2 + singletxadjoint:-1 + sym2xsinglet:1,5|14|2|2,False,False,True,False,False
2|2,adjointxsinglet:-2 + antisym2xsinglet:-2 + fundxantifund:2 + singletxsym2:-1 + sym2xsinglet:1,5|14|2|2,False,False,True,False,False
2|2,adjointxsinglet:-2 + antisym2xsinglet:-2 + fundxfund:2 + singletxadjoint:-1 + sym2xsinglet:1,5|14|2|2,False,False,True,False,False
2|2,adjointxsinglet:-2 + antisym2xsinglet:-2 + fundxfund:2 + singletxsym2:-1 + sym2xsinglet:1,5|14|2|2,False,False,True,False,False
2|2,adjointxsinglet:-2 + fundxantifund:2 + singletxadjoint:-1 + singletxantisym2:-2 + sym2xsinglet:1,5|14|2|2,False,False,True,False,False
2|2,adjointxsinglet:-2 + fundxantifund:2 + singletxadjoint:-1 + singletxsinglet:-2 + sym2xsinglet:1,5|14|2|2,True,True,True,True,False
2|2,adjointxsinglet:-2 + fundxantifund:2 + singletxantisym2:-2 + singletxsym2:-1 + sym2xsinglet:1,5|14|2|2,False,False,True,False,False
2|2,adjointxsinglet:-2 + fundxantifund:2 + singletxsinglet:-2 + singletxsym2:-1 + sym2xsinglet:1,5|14|2|2,True,True,True,True,False
2|2,adjointxsinglet:-2 + fundxfund:2 + singletxadjoint:-1 + singletxantisym2:-2 + sym2xsinglet:1,5|14|2|2,False,False,True,False,False
2|2,adjointxsinglet:-2 + fundxfund:2 + singletxadjoint:-1 + singletxsinglet:-2 + sym2xsinglet:1,5|14|2|2,True,True,True,True,False
2|2,adjointxsinglet:-2 + fundxfund:2 + singletxantisym2:-2 + singletxsym2:-1 + sym2xsinglet:1,5|14|2|2,False,False,True,False,False
2|2,adjointxsinglet:-2 + fundxfund:2 + singletxsinglet:-2 + singletxsym2:-1 + sym2xsinglet:1,5|14|2|2,True,True,True,True,False
2|2,adjointxsinglet:1 + antifundxantifund:-2 + antisym2xsinglet:2 + singletxadjoint:-1 + singletxadjoint:2,5|14|2|2,False,False,True,False,False
2|2,adjointxsinglet:1 + antifundxantifund:-2 + antisym2xsinglet:2 + singletxadjoint:-1 + singletxsym2:2,5|14|2|2,False,False,True,False,False
2|2,adjointxsinglet:1 + antifundxantifund:-2 + antisym2xsinglet:2 + singletxadjoint:2 + singletxsym2:-1,5|14|2|2,False,False,True,False,False
2|2,adjointxsinglet:1 + antifundxantifund:-2 + antisym2xsinglet:2 + singletxsym2:-1 + singletxsym2:2,5|14|2|2,False,False,True,False,False
2|2,adjointxsinglet:1 + antifundxantifund:-2 + singletxadjoint:-1 + singletxadjoint:2 + singletxantisym2:2,5|14|2|2,False,False,True,False,False
2|2,adjointxsinglet:1 + antifundxantifund:-2 + singletxadjoint:-1 + singletxadjoint:2 + singletxsinglet:2,5|14|2|2,True,True,True,True,False
2|2,adjointxsinglet:1 + antifundxantifund:-2 + singletxadjoint:-1 + singletxantisym2:2 + singletxsym2:2,5|14|2|2,False,False,True,False,False
2|2,adjointxsinglet:1 + antifundxantifund:-2 + singletxadjoint:-1 + singletxsinglet:2 + singletxsym2:2,5|14|2|2,True,True,True,True,False
2|2,adjointxsinglet:1 + antifundxantifund:-2 + singletxadjoint:2 + singletxantisym2:2 + singletxsym2:-1,5|14|2|2,False,False,True,False,False
2|2,adjointxsinglet:1 + antifundxantifund:-2 + singletxadjoint:2 + singletxsinglet:2 + singletxsym2:-1,5|14|2|2,True,True,True,True,False
2|2,adjointxsinglet:1 + antifundxantifund:-2 + singletxantisym2:2 + singletxsym2:-1 + singletxsym2:2,5|14|2|2,False,False,True,False,False
2|2,adjointxsinglet:1 + antifundxantifund:-2 + singletxsinglet:2 + singletxsym2:-1 + singletxsym2:2,5|14|2|2,True,True,True,True,False
2|2,adjointxsinglet:1 + antifundxantifund:2 + antisym2xsinglet:-2 + singletxadjoint:-1 + sym2xsinglet:-2,5|14|2|2,False,False,True,False,False
2|2,adjointxsinglet:1 + antifundxantifund:2 + antisym2xsinglet:-2 + singletxsym2:-1 + sym2xsinglet:-2,5|14|2|2,False,False,True,False,False
2|2,adjointxsinglet:1 + antifundxantifund:2 + singletxadjoint:-1 + singletxantisym2:-2 + sym2xsinglet:-2,5|14|2|2,False,False,True,False,False
2|2,adjointxsinglet:1 + antifundxantifund:2 + singletxadjoint:-1 + singletxsinglet:-2 + sym2xsinglet:-2,5|14|2|2,True,True,True,True,False
2|2,adjointxsinglet:1 + antifundxantifund:2 + singletxantisym2:-2 + singletxsym2:-1 + sym2xsinglet:-2,5|14|2|2,False,False,True,False,False
2|2,adjointxsinglet:1 + antifundxantifund:2 + singletxsinglet:-2 + singletxsym2:-1 + sym2xsinglet:-2,5|14|2|2,True,True,True,True,False
2|2,adjointxsinglet:1 + antifundxfund:-2 + antisym2xsinglet:2 + singletxadjoint:-1 + singletxadjoint:2,5|14|2|2,False,False,True,False,False
2|2,adjointxsinglet:1 + antifundxfund:-2 + antisym2xsinglet:2 + singletxadjoint:-1 + singletxsym2:2,5|14|2|2,False,False,True,False,False
2|2,adjointxsinglet:1 + antifundxfund:-2 + antisym2xsinglet:2 + singletxadjoint:2 + singletxsym2:-1,5|14|2|2,False,False,True,False,False
2|2,adjointxsinglet:1 + antifundxfund:-2 + antisym2xsinglet:2 + singletxsym2:-1 + singletxsym2:2,5|14|2|2,False,False,True,False,False
2|2,adjointxsinglet:1 + antifundxfund:-2 + singletxadjoint:-1 + singletxadjoint:2 + singletxantisym2:2,5|14|2|2,False,False,True,False,False
2|2,adjointxsinglet:1 + antifundxfund:-2 + singletxadjoint:-1 + singletxadjoint:2 + singletxsinglet:2,5|14|2|2,True,True,True,True,False
2|2,adjointxsinglet:1 + antifundxfund:-2 + singletxadjoint:-1 + singletxantisym2:2 + singletxsym2:2,5|14|2|2,False,False,True,False,False
2|2,adjointxsinglet:1 + antifundxfund:-2 + singletxadjoint:-1 + singletxsinglet:2 + singletxsym2:2,5|14|2|2,True,True,True,True,False
2|2,adjointxsinglet:1 + antifundxfund:-2 + singletxadjoint:2 + singletxantisym2:2 + singletxsym2:-1,5|14|2|2,False,False,True,False,False
2|2,adjointxsinglet:1 + antifundxfund:-2 + singletxadjoint:2 + singletxsinglet:2 + singletxsym2:-1,5|14|2|2,True,True,True,True,False
2|2,adjointxsinglet:1 + antifundxfund:-2 + singletxantisym2:2 + singletxsym2:-1 + singletxsym2:2,5|14|2|2,False,False,True,False,False
2|2,adjointxsinglet:1 + antifundxfund:-2 + singletxsinglet:2 + singletxsym2:-1 + singletxsym2:2,5|14|2|2,True,True,True,True,False
2|2,adjointxsinglet:1 + antifundxfund:2 + antisym2xsinglet:-2 + singletxadjoint:-1 + sym2xsinglet:-2,5|14|2|2,False,False,True,False,False
2|2,adjointxsinglet:1 + antifundxfund:2 + antisym2xsinglet:-2 + singletxsym2:-1 + sym2xsinglet:-2,5|14|2|2,False,False,True,False,False
2|2,adjointxsinglet:1 + antifundxfund:2 + singletxadjoint:-1 + singletxantisym2:-2 + sym2xsinglet:-2,5|14|2|2,False,False,True,False,False
2|2,adjointxsinglet:1 + antifundxfund:2 + singletxadjoint:-1 + singletxsinglet:-2 + sym2xsinglet:-2,5|14|2|2,True,True,True,True,False
2|2,adjointxsinglet:1 + antifundxfund:2 + singletxantisym2:-2 + singletxsym2:-1 + sym2xsinglet:-2,5|14|2|2,False,False,True,False,False
2|2,adjointxsinglet:1 + antifundxfund:2 + singletxsinglet:-2 + singletxsym2:-1 + sym2xsinglet:-2,5|14|2|2,True,True,True,True,False
2|2,adjointxsinglet:1 + antisym2xsinglet:-2 + fundxantifund:2 + singletxadjoint:-1 + sym2xsinglet:-2,5|14|2|2,False,False,True,False,False
2|2,adjointxsinglet:1 + antisym2xsinglet:-2 + fundxantifund:2 + singletxsym2:-1 + sym2xsinglet:-2,5|14|2|2,False,False,True,False,False
2|2,adjointxsinglet:1 + antisym2xsinglet:-2 + fundxfund:2 + singletxadjoint:-1 + sym2xsinglet:-2,5|14|2|2,False,False,True,False,False
2|2,adjointxsinglet:1 + antisym2xsinglet:-2 + fundxfund:2 + singletxsym2:-1 + sym2xsinglet:-2,5|14|2|2,False,False,True,False,False
2|2,adjointxsinglet:1 + antisym2xsinglet:2 + fundxantifund:-2 + singletxadjoint:-1 + singletxadjoint:2,5|14|2|2,False,False,True,False,False
2|2,adjointxsinglet:1 + antisym2xsinglet:2 + fundxantifund:-2 + singletxadjoint:-1 + singletxsym2:2,5|14|2|2,False,False,True,False,False
2|2,adjointxsinglet:1 + antisym2xsinglet:2 + fundxantifund:-2 + singletxadjoint:2 + singletxsym2:-1,5|14|2|2,False,False,True,False,False
2|2,adjointxsinglet:1 + antisym2xsinglet:2 + fundxantifund:-2 + singletxsym2:-1 + singletxsym2:2,5|14|2|2,False,False,True,False,False
2|2,adjointxsinglet:1 + antisym2xsinglet:2 + fundxfund:-2 + singletxadjoint:-1 + singletxadjoint:2,5|14|2|2,False,False,True,False,False
2|2,adjointxsinglet:1 + antisym2xsinglet:2 + fundxfund:-2 + singletxadjoint:-1 + singletxsym2:2,5|14|2|2,False,False,True,False,False
2|2,adjointxsinglet:1 + antisym2xsinglet:2 + fundxfund:-2 + singletxadjoint:2 + singletxsym2:-1,5|14|2|2,False,False,True,False,False
2|2,adjointxsinglet:1 + antisym2xsinglet:2 + fundxfund:-2 + singletxsym2:-1 + singletxsym2:2,5|14|2|2,False,False,True,False,False
2|2,adjointxsinglet:1 + fundxantifund:-2 + singletxadjoint:-1 + singletxadjoint:2 + singletxantisym2:2,5|14|2|2,False,False,True,False,False
2|2,adjointxsinglet:1 + fundxantifund:-2 + singletxadjoint:-1 + singletxadjoint:2 + singletxsinglet:2,5|14|2|2,True,True,True,True,False
2|2,adjointxsinglet:1 + fundxantifund:-2 + singletxadjoint:-1 + singletxantisym2:2 + singletxsym2:2,5|14|2|2,False,False,True,False,False
2|2,adjointxsinglet:1 + fundxantifund:-2 + singletxadjoint:-1 + singletxsinglet:2 + singletxsym2:2,5|14|2|2,True,True,True,True,False
2|2,adjointxsinglet:1 + fundxantifund:-2 + singletxadjoint:2 + singletxantisym2:2 + singletxsym2:-1,5|14|2|2,False,False,True,False,False
2|2,adjointxsinglet:1 + fundxantifund:-2 + singletxadjoint:2 + singletxsinglet:2 + singletxsym2:-1,5|14|2|2,True,True,True,True,False
2|2,adjointxsinglet:1 + fundxantifund:-2 + singletxantisym2:2 + singletxsym2:-1 + singletxsym2:2,5|14|2|2,False,False,True,False,False
2|2,adjointxsinglet:1 + fundxantifund:-2 + singletxsinglet:2 + singletxsym2:-1 + singletxsym2:2,5|14|2|2,True,True,True,True,False
2|2,adjointxsinglet:1 + fundxantifund:2 + singletxadjoint:-1 + singletxantisym2:-2 + sym2xsinglet:-2,5|14|2|2,False,False,True,False,False
2|2,adjointxsinglet:1 + fundxantifund:2 + singletxadjoint:-1 + singletxsinglet:-2 + sym2xsinglet:-2,5|14|2|2,True,True,True,True,False
2|2,adjointxsinglet:1 + fundxantifund:2 + singletxantisym2:-2 + singletxsym2:-1 + sym2xsinglet:-2,5|14|2|2,False,False,True,False,False
2|2,adjointxsinglet:1 + fundxantifund:2 + singletxsinglet:-2 + singletxsym2:-1 + sym2xsinglet:-2,5|14|2|2,True,True,True,True,False
2|2,adjointxsinglet:1 + fundxfund:-2 + singletxadjoint:-1 + singletxadjoint:2 + singletxantisym2:2,5|14|2|2,False,False,True,False,False
2|2,adjointxsinglet:1 + fundxfund:-2 + singletxadjoint:-1 + singletxadjoint:2 + singletxsinglet:2,5|14|2|2,True,True,True,True,False
2|2,adjointxsinglet:1 + fundxfund:-2 + singletxadjoint:-1 + singletxantisym2:2 + singletxsym2:2,5|14|2|2,False,False,True,False,False
2|2,adjointxsinglet:1 + fundxfund:-2 + singletxadjoint:-1 + singletxsinglet:2 + singletxsym2:2,5|14|2|2,True,True,True,True,False
2|2,adjointxsinglet:1 + fundxfund:-2 + singletxadjoint:2 + singletxantisym2:2 + singletxsym2:-1,5|14|2|2,False,False,True,False,False
2|2,adjointxsinglet:1 + fundxfund:-2 + singletxadjoint:2 + singletxsinglet:2 + singletxsym2:-1,5|14|2|2,True,True,True,True,False
2|2,adjointxsinglet:1 + fundxfund:-2 + singletxantisym2:2 + singletxsym2:-1 + singletxsym2:2,5|14|2|2,False,False,True,False,False
2|2,adjointxsinglet:1 + fundxfund:-2 + singletxsinglet:2 + singletxsym2:-1 + singletxsym2:2,5|14|2|2,True,True,True,True,False
2|2,adjointxsinglet:1 + fundxfund:2 + singletxadjoint:-1 + singletxantisym2:-2 + sym2xsinglet:-2,5|14|2|2,False,False,True,False,False
2|2,adjointxsinglet:1 + fundxfund:2 + singletxadjoint:-1 + singletxsinglet:-2 + sym2xsinglet:-2,5|14|2|2,True,True,True,True,False
2|2,adjointxsinglet:1 + fundxfund:2 + singletxantisym2:-2 + singletxsym2:-1 + sym2xsinglet:-2,5|14|2|2,False,False,True,False,False
2|2,adjointxsinglet:1 + fundxfund:2 + singletxsinglet:-2 + singletxsym2:-1 + sym2xsinglet:-2,5|14|2|2,True,True,True,True,False
2|2,adjointxsinglet:2 + antifundxantifund:-2 + antisym2xsinglet:2 + singletxadjoint:1 + sym2xsinglet:-1,5|14|2|2,False,False,True,False,False
2|2,adjointxsinglet:2 + antifundxantifund:-2 + antisym2xsinglet:2 + singletxsym2:1 + sym2xsinglet:-1,5|14|2|2,False,False,True,False,False
2|2,adjointxsinglet:2 + antifundxantifund:-2 + singletxadjoint:1 + singletxantisym2:2 + sym2xsinglet:-1,5|14|2|2,False,False,True,False,False
2|2,adjointxsinglet:2 + antifundxantifund:-2 + singletxadjoint:1 + singletxsinglet:2 + sym2xsinglet:-1,5|14|2|2,True,True,True,True,False
2|2,adjointxsinglet:2 + antifundxantifund:-2 + singletxantisym2:2 + singletxsym2:1 + sym2xsinglet:-1,5|14|2|2,False,False,True,False,False
2|2,adjointxsinglet:2 + antifundxantifund:-2 + singletxsinglet:2 + singletxsym2:1 + sym2xsinglet:-1,5|14|2|2,True,True,True,True,False
2|2,adjointxsinglet:2 + antifundxfund:-2 + antisym2xsinglet:2 + singletxadjoint:1 + sym2xsinglet:-1,5|14|2|2,False,False,True,False,False
2|2,adjointxsinglet:2 + antifundxfund:-2 + antisym2xsinglet:2 + singletxsym2:1 + sym2xsinglet:-1,5|14|2|2,False,False,True,False,False
2|2,adjointxsinglet:2 + antifundxfund:-2 + singletxadjoint:1 + singletxantisym2:2 + sym2xsinglet:-1,5|14|2|2,False,False,True,False,False
2|2,adjointxsinglet:2 + antifundxfund:-2 + singletxadjoint:1 + singletxsinglet:2 + sym2xsinglet:-1,5|14|2|2,True,True,True,True,False
2|2,adjointxsinglet:2 + antifundxfund:-2 + singletxantisym2:2 + singletxsym2:1 + sym2xsinglet:-1,5|14|2|2,False,False,True,False,False
2|2,adjointxsinglet:2 + antifundxfund:-2 + singletxsinglet:2 + singletxsym2:1 + sym2xsinglet:-1,5|14|2|2,True,True,True,True,False
2|2,adjointxsinglet:2 + antisym2xsinglet:2 + fundxantifund:-2 + singletxadjoint:1 + sym2xsinglet:-1,5|14|2|2,False,False,True,False,False
2|2,adjointxsinglet:2 + antisym2xsinglet:2 + fundxantifund:-2 + singletxsym2:1 + sym2xsinglet:-1,5|14|2|2,False,False,True,False,False
2|2,adjointxsinglet:2 + antisym2xsinglet:2 + fundxfund:-2 + singletxadjoint:1 + sym2xsinglet:-1,5|14|2|2,False,False,True,False,False
2|2,adjointxsinglet:2 + antisym2xsinglet:2 + fundxfund:-2 + singletxsym2:1 + sym2xsinglet:-1,5|14|2|2,False,False,True,False,False
2|2,adjointxsinglet:2 + fundxantifund:-2 + singletxadjoint:1 + singletxantisym2:2 + sym2xsinglet:-1,5|14|2|2,False,False,True,False,False
2|2,adjointxsinglet:2 + fundxantifund:-2 + singletxadjoint:1 + singletxsinglet:2 + sym2xsinglet:-1,5|14|2|2,True,True,True,True,False
2|2,adjointxsinglet:2 + fundxantifund:-2 + singletxantisym2:2 + singletxsym2:1 + sym2xsinglet:-1,5|14|2|2,False,False,True,False,False
2|2,adjointxsinglet:2 + fundxantifund:-2 + singletxsinglet:2 + singletxsym2:1 + sym2xsinglet:-1,5|14|2|2,True,True,True,True,False
2|2,adjointxsinglet:2 + fundxfund:-2 + singletxadjoint:1 + singletxantisym2:2 + sym2xsinglet:-1,5|14|2|2,False,False,True,False,False
2|2,adjointxsinglet:2 + fundxfund:-2 + singletxadjoint:1 + singletxsinglet:2 + sym2xsinglet:-1,5|14|2|2,True,True,True,True,False
2|2,adjointxsinglet:2 + fundxfund:-2 + singletxantisym2:2 + singletxsym2:1 + sym2xsinglet:-1,5|14|2|2,False,False,True,False,False
2|2,adjointxsinglet:2 + fundxfund:-2 + singletxsinglet:2 + singletxsym2:1 + sym2xsinglet:-1,5|14|2|2,True,True,True,True,False
2|2,antifundxantifund:-2 + antisym2xsinglet:2 + singletxadjoint:-1 + singletxadjoint:2 + sym2xsinglet:1,5|14|2|2,False,False,True,False,False
2|2,antifundxantifund:-2 + antisym2xsinglet:2 + singletxadjoint:-1 + singletxsym2:2 + sym2xsinglet:1,5|14|2|2,False,False,True,False,False
2|2,antifundxantifund:-2 + antisym2xsinglet:2 + singletxadjoint:1 + sym2xsinglet:-1 + sym2xsinglet:2,5|14|2|2,False,False,True,False,False
2|2,antifundxantifund:-2 + antisym2xsinglet:2 + singletxadjoint:2 + singletxsym2:-1 + sym2xsinglet:1,5|14|2|2,False,False,True,False,False
2|2,antifundxantifund:-2 + antisym2xsinglet:2 + singletxsym2:-1 + singletxsym2:2 + sym2xsinglet:1,5|14|2|2,False,False,True,False,False
2|2,antifundxantifund:-2 + antisym2xsinglet:2 + singletxsym2:1 + sym2xsinglet:-1 + sym2xsinglet:2,5|14|2|2,False,False,True,False,False
2|2,antifundxantifund:-2 + singletxadjoint:-1 + singletxadjoint:2 + singletxantisym2:2 + sym2xsinglet:1,5|14|2|2,False,False,True,False,False
2|2,antifundxantifund:-2 + singletxadjoint:-1 + singletxadjoint:2 + singletxsinglet:2 + sym2xsinglet:1,5|14|2|2,True,True,True,True,False
2|2,antifundxantifund:-2 + singletxadjoint:-1 + singletxantisym2:2 + singletxsym2:2 + sym2xsinglet:1,5|14|2|2,False,False,True,False,False
2|2,antifundxantifund:-2 + singletxadjoint:-1 + singletxsinglet:2 + singletxsym2:2 + sym2xsinglet:1,5|14|2|2,True,True,True,True,False
2|2,antifundxantifund:-2 + singletxadjoint:1 + singletxantisym2:2 + sym2xsinglet:-1 + sym2xsinglet:2,5|14|2|2,False,False,True,False,False
2|2,antifundxantifund:-2 + singletxadjoint:1 + singletxsinglet:2 + sym2xsinglet:-1 + sym2xsinglet:2,5|14|2|2,True,True,True,True,False
2|2,antifundxantifund:-2 + singletxadjoint:2 + singletxantisym2:2 + singletxsym2:-1 + sym2xsinglet:1,5|14|2|2,False,False,True,False,False
2|2,antifundxantifund:-2 + singletxadjoint:2 + singletxsinglet:2 + singletxsym2:-1 + sym2xsinglet:1,5|14|2|2,True,True,True,True,False
2|2,antifundxantifund:-2 + singletxantisym2:2 + singletxsym2:-1 + singletxsym2:2 + sym2xsinglet:1,5|14|2|2,False,False,True,False,False
2|2,antifundxantifund:-2 + singletxantisym2:2 + singletxsym2:1 + sym2xsinglet:-1 + sym2xsinglet:2,5|14|2|2,False,False,True,False,False
2|2,antifundxantifund:-2 + singletxsinglet:2 + singletxsym2:-1 + singletxsym2:2 + sym2xsinglet:1,5|14|2|2,True,True,True,True,False
2|2,antifundxantifund:-2 + singletxsinglet:2 + singletxsym2:1 + sym2xsinglet:-1 + sym2xsinglet:2,5|14|2|2,True,True,True,True,False
2|2,antifundxantifund:2 + antisym2xsinglet:-2 + singletxadjoint:-1 + sym2xsinglet:-2 + sym2xsinglet:1,5|14|2|2,False,False,True,False,False
2|2,antifundxantifund:2 + antisym2xsinglet:-2 + singletxadjoint:-2 + singletxadjoint:1 + sym2xsinglet:-1,5|14|2|2,False,False,True,False,False
2|2,antifundxantifund:2 + antisym2xsinglet:-2 + singletxadjoint:-2 + singletxsym2:1 + sym2xsinglet:-1,5|14|2|2,False,False,True,False,False
2|2,antifundxantifund:2 + antisym2xsinglet:-2 + singletxadjoint:1 + singletxsym2:-2 + sym2xsinglet:-1,5|14|2|2,False,False,True,False,False
2|2,antifundxantifund:2 + antisym2xsinglet:-2 + singletxsym2:-1 + sym2xsinglet:-2 + sym2xsinglet:1,5|14|2|2,False,False,True,False,False
2|2,antifundxantifund:2 + antisym2xsinglet:-2 + singletxsym2:-2 + singletxsym2:1 + sym2xsinglet:-1,5|14|2|2,False,False,True,False,False
2|2,antifundxantifund:2 + singletxadjoint:-1 + singletxantisym2:-2 + sym2xsinglet:-2 + sym2xsinglet:1,5|14|2|2,False,False,True,False,False
2|2,antifundxantifund:2 + singletxadjoint:-1 + singletxsinglet:-2 + sym2xsinglet:-2 + sym2xsinglet:1,5|14|2|2,True,True,True,True,False
2|2,antifundxantifund:2 + singletxadjoint:-2 + singletxadjoint:1 + singletxantisym2:-2 + sym2xsinglet:-1,5|14|2|2,False,False,True,False,False
2|2,antifundxantifund:2 + singletxadjoint:-2 + singletxadjoint:1 + singletxsinglet:-2 + sym2xsinglet:-1,5|14|2|2,True,True,True,True,False
2|2,antifundxantifund:2 + singletxadjoint:-2 + singletxantisym2:-2 + singletxsym2:1 + sym2xsinglet:-1,5|14|2|2,False,False,True,False,False
2|2,antifundxantifund:2 + singletxadjoint:-2 + singletxsinglet:-2 + singletxsym2:1 + sym2xsinglet:-1,5|14|2|2,True,True,True,True,False
2|2,antifundxantifund:2 + singletxadjoint:1 + singletxantisym2:-2 + singletxsym2:-2 + sym2xsinglet:-1,5|14|2|2,False,False,True,False,False
2|2,antifundxantifund:2 + singletxadjoint:1 + singletxsinglet:-2 + singletxsym2:-2 + sym2xsinglet:-1,5|14|2|2,True,True,True,True,False
2|2,antifundxantifund:2 + singletxantisym2:-2 + singletxsym2:-1 + sym2xsinglet:-2 + sym2xsinglet:1,5|14|2|2,False,False,True,False,False
2|2,antifundxantifund:2 + singletxantisym2:-2 + singletxsym2:-2 + singletxsym2:1 + sym2xsinglet:-1,5|14|2|2,False,False,True,False,False
2|2,antifundxantifund:2 + singletxsinglet:-2 + singletxsym2:-1 + sym2xsinglet:-2 + sym2xsinglet:1,5|14|2|2,True,True,True,True,False
2|2,antifundxantifund:2 + singletxsinglet:-2 + singletxsym2:-2 + singletxsym2:1 + sym2xsinglet:-1,5|14|2|2,True,True,True,True,False
2|2,antifundxfund:-2 + antisym2xsinglet:2 + singletxadjoint:-1 + singletxadjoint:2 + sym2xsinglet:1,5|14|2|2,False,False,True,False,False
2|2,antifundxfund:-2 + antisym2xsinglet:2 + singletxadjoint:-1 + singletxsym2:2 + sym2xsinglet:1,5|14|2|2,False,False,True,False,False
2|2,antifundxfund:-2 + antisym2xsinglet:2 + singletxadjoint:1 + sym2xsinglet:-1 + sym2xsinglet:2,5|14|2|2,False,False,True,False,False
2|2,antifundxfund:-2 + antisym2xsinglet:2 + singletxadjoint:2 + singletxsym2:-1 + sym2xsinglet:1,5|14|2|2,False,False,True,False,False
2|2,antifundxfund:-2 + antisym2xsinglet:2 + singletxsym2:-1 + singletxsym2:2 + sym2xsinglet:1,5|14|2|2,False,False,True,False,False
2|2,antifundxfund:-2 + antisym2xsinglet:2 + singletxsym2:1 + sym2xsinglet:-1 + sym2xsinglet:2,5|14|2|2,False,False,True,False,False
2|2,antifundxfund:-2 + singletxadjoint:-1 + singletxadjoint:2 + singletxantisym2:2 + sym2xsinglet:1,5|14|2|2,False,False,True,False,False
2|2,antifundxfund:-2 + singletxadjoint:-1 + singletxadjoint:2 + singletxsinglet:2 + sym2xsinglet:1,5|14|2|2,True,True,True,True,False
2|2,antifundxfund:-2 + singletxadjoint:-1 + singletxantisym2:2 + singletxsym2:2 + sym2xsinglet:1,5|14|2|2,False,False,True,False,False
2|2,antifundxfund:-2 + singletxadjoint:-1 + singletxsinglet:2 + singletxsym2:2 + sym2xsinglet:1,5|14|2|2,True,True,True,True,False
2|2,antifundxfund:-2 + singletxadjoint:1 + singletxantisym2:2 + sym2xsinglet:-1 + sym2xsinglet:2,5|14|2|2,False,False,True,False,False
2|2,antifundxfund:-2 + singletxadjoint:1 + singletxsinglet:2 + sym2xsinglet:-1 + sym2xsinglet:2,5|14|2|2,True,True,True,True,False
2|2,antifundxfund:-2 + singletxadjoint:2 + singletxantisym2:2 + singletxsym2:-1 + sym2xsinglet:1,5|14|2|2,False,False,True,False,False
2|2,antifundxfund:-2 + singletxadjoint:2 + singletxsinglet:2 + singletxsym2:-1 + sym2xsinglet:1,5|14|2|2,True,True,True,True,False
2|2,antifundxfund:-2 + singletxantisym2:2 + singletxsym2:-1 + singletxsym2:2 + sym2xsinglet:1,5|14|2|2,False,False,True,False,False
2|2,antifundxfund:-2 + singletxantisym2:2 + singletxsym2:1 + sym2xsinglet:-1 + sym2xsinglet:2,5|14|2|2,False,False,True,False,False
2|2,antifundxfund:-2 + singletxsinglet:2 + singletxsym2:-1 + singletxsym2:2 + sym2xsinglet:1,5|14|2|2,True,True,True,True,False
2|2,antifundxfund:-2 + singletxsinglet:2 + singletxsym2:1 + sym2xsinglet:-1 + sym2xsinglet:2,5|14|2|2,True,True,True,True,False
2|2,antifundxfund:2 + antisym2xsinglet:-2 + singletxadjoint:-1 + sym2xsinglet:-2 + sym2xsinglet:1,5|14|2|2,False,False,True,False,False
2|2,antifundxfund:2 + antisym2xsinglet:-2 + singletxadjoint:-2 + singletxadjoint:1 + sym2xsinglet:-1,5|14|2|2,False,False,True,False,False
2|2,antifundxfund:2 + antisym2xsinglet:-2 + singletxadjoint:-2 + singletxsym2:1 + sym2xsinglet:-1,5|14|2|2,False,False,True,False,False
2|2,antifundxfund:2 + antisym2xsinglet:-2 + singletxadjoint:1 + singletxsym2:-2 + sym2xsinglet:-1,5|14|2|2,False,False,True,False,False
2|2,antifundxfund:2 + antisym2xsinglet:-2 + singletxsym2:-1 + sym2xsinglet:-2 + sym2xsinglet:1,5|14|2|2,False,False,True,False,False
2|2,antifundxfund:2 + antisym2xsinglet:-2 + singletxsym2:-2 + singletxsym2:1 + sym2xsinglet:-1,5|14|2|2,False,False,True,False,False
2|2,antifundxfund:2 + singletxadjoint:-1 + singletxantisym2:-2 + sym2xsinglet:-2 + sym2xsinglet:1,5|14|2|2,False,False,True,False,False
2|2,antifundxfund:2 + singletxadjoint:-1 + singletxsinglet:-2 + sym2xsinglet:-2 + sym2xsinglet:1,5|14|2|2,True,True,True,True,False
2|2,antifundxfund:2 + singletxadjoint:-2 + singletxadjoint:1 + singletxantisym2:-2 + sym2xsinglet:-1,5|14|2|2,False,False,True,False,False
2|2,antifundxfund:2 + singletxadjoint:-2 + singletxadjoint:1 + singletxsinglet:-2 + sym2xsinglet:-1,5|14|2|2,True,True,True,True,False
2|2,antifundxfund:2 + singletxadjoint:-2 + singletxantisym2:-2 + singletxsym2:1 + sym2xsinglet:-1,5|14|2|2,False,False,True,False,False
2|2,antifundxfund:2 + singletxadjoint:-2 + singletxsinglet:-2 + singletxsym2:1 + sym2xsinglet:-1,5|14|2|2,True,True,True,True,False
2|2,antifundxfund:2 + singletxadjoint:1 + singletxantisym2:-2 + singletxsym2:-2 + sym2xsinglet:-1,5|14|2|2,False,False,True,False,False
2|2,antifundxfund:2 + singletxadjoint:1 + singletxsinglet:-2 + singletxsym2:-2 + sym2xsinglet:-1,5|14|2|2,True,True,True,True,False
2|2,antifundxfund:2 + singletxantisym2:-2 + singletxsym2:-1 + sym2xsinglet:-2 + sym2xsinglet:1,5|14|2|2,False,False,True,False,False
2|2,antifundxfund:2 + singletxantisym2:-2 + singletxsym2:-2 + singletxsym2:1 + sym2xsinglet:-1,5|14|2|2,False,False,True,False,False
2|2,antifundxfund:2 + singletxsinglet:-2 + singletxsym2:-1 + sym2xsinglet:-2 + sym2xsinglet:1,5|14|2|2,True,True,True,True,False
2|2,antifundxfund:2 + singletxsinglet:-2 + singletxsym2:-2 + singletxsym2:1 + sym2xsinglet:-1,5|14|2|2,True,True,True,True,False
2|2,antisym2xsinglet:-2 + fundxantifund:2 + singletxadjoint:-1 + sym2xsinglet:-2 + sym2xsinglet:1,5|14|2|2,False,False,True,False,False
2|2,antisym2xsinglet:-2 + fundxantifund:2 + singletxadjoint:-2 + singletxadjoint:1 + sym2xsinglet:-1,5|14|2|2,False,False,True,False,False
2|2,antisym2xsinglet:-2 + fundxantifund:2 + singletxadjoint:-2 + singletxsym2:1 + sym2xsinglet:-1,5|14|2|2,False,False,True,False,False
2|2,antisym2xsinglet:-2 + fundxantifund:2 + singletxadjoint:1 + singletxsym2:-2 + sym2xsinglet:-1,5|14|2|2,False,False,True,False,False
2|2,antisym2xsinglet:-2 + fundxantifund:2 + singletxsym2:-1 + sym2xsinglet:-2 + sym2xsinglet:1,5|14|2|2,False,False,True,False,False
2|2,antisym2xsinglet:-2 + fundxantifund:2 + singletxsym2:-2 + singletxsym2:1 + sym2xsinglet:-1,5|14|2|2,False,False,True,False,False
2|2,antisym2xsinglet:-2 + fundxfund:2 + singletxadjoint:-1 + sym2xsinglet:-2 + sym2xsinglet:1,5|14|2|2,False,False,True,False,False
2|2,antisym2xsinglet:-2 + fundxfund:2 + singletxadjoint:-2 + singletxadjoint:1 + sym2xsinglet:-1,5|14|2|2,False,False,True,False,False
2|2,antisym2xsinglet:-2 + fundxfund:2 + singletxadjoint:-2 + singletxsym2:1 + sym2xsinglet:-1,5|14|2|2,False,False,True,False,False
2|2,antisym2xsinglet:-2 + fundxfund:2 + singletxadjoint:1 + singletxsym2:-2 + sym2xsinglet:-1,5|14|2|2,False,False,True,False,False
2|2,antisym2xsinglet:-2 + fundxfund:2 + singletxsym2:-1 + sym2xsinglet:-2 + sym2xsinglet:1,5|14|2|2,False,False,True,False,False
2|2,antisym2xsinglet:-2 + fundxfund:2 + singletxsym2:-2 + singletxsym2:1 + sym2xsinglet:-1,5|14|2|2,False,False,True,False,False
2|2,antisym2xsinglet:2 + fundxantifund:-2 + singletxadjoint:-1 + singletxadjoint:2 + sym2xsinglet:1,5|14|2|2,False,False,True,False,False
2|2,antisym2xsinglet:2 + fundxantifund:-2 + singletxadjoint:-1 + singletxsym2:2 + sym2xsinglet:1,5|14|2|2,False,False,True,False,False
2|2,antisym2xsinglet:2 + fundxantifund:-2 + singletxadjoint:1 + sym2xsinglet:-1 + sym2xsinglet:2,5|14|2|2,False,False,True,False,False
2|2,antisym2xsinglet:2 + fundxantifund:-2 + singletxadjoint:2 + singletxsym2:-1 + sym2xsinglet:1,5|14|2|2,False,False,True,False,False
2|2,antisym2xsinglet:2 + fundxantifund:-2 + singletxsym2:-1 + singletxsym2:2 + sym2xsinglet:1,5|14|2|2,False,False,True,False,False
2|2,antisym2xsinglet:2 + fundxantifund:-2 + singletxsym2:1 + sym2xsinglet:-1 + sym2xsinglet:2,5|14|2|2,False,False,True,False,False
2|2,antisym2xsinglet:2 + fundxfund:-2 + singletxadjoint:-1 + singletxadjoint:2 + sym2xsinglet:1,5|14|2|2,False,False,True,False,False
2|2,antisym2xsinglet:2 + fundxfund:-2 + singletxadjoint:-1 + singletxsym2:2 + sym2xsinglet:1,5|14|2|2,False,False,True,False,False
2|2,antisym2xsinglet:2 + fundxfund:-2 + singletxadjoint:1 + sym2xsinglet:-1 + sym2xsinglet:2,5|14|2|2,False,False,True,False,False
2|2,antisym2xsinglet:2 + fundxfund:-2 + singletxadjoint:2 + singletxsym2:-1 + sym2xsinglet:1,5|14|2|2,False,False,True,False,False
2|2,antisym2xsinglet:2 + fundxfund:-2 + singletxsym2:-1 + singletxsym2:2 + sym2xsinglet:1,5|14|2|2,False,False,True,False,False
2|2,antisym2xsinglet:2 + fundxfund:-2 + singletxsym2:1 + sym2xsinglet:-1 + sym2xsinglet:2,5|14|2|2,False,False,True,False,False
2|2,fundxantifund:-2 + singletxadjoint:-1 + singletxadjoint:2 + singletxantisym2:2 + sym2xsinglet:1,5|14|2|2,False,False,True,False,False
2|2,fundxantifund:-2 + singletxadjoint:-1 + singletxadjoint:2 + singletxsinglet:2 + sym2xsinglet:1,5|14|2|2,True,True,True,True,False
2|2,fundxantifund:-2 + singletxadjoint:-1 + singletxantisym2:2 + singletxsym2:2 + sym2xsinglet:1,5|14|2|2,False,False,True,False,False
2|2,fundxantifund:-2 + singletxadjoint:-1 + singletxsinglet:2 + singletxsym2:2 + sym2xsinglet:1,5|14|2|2,True,True,True,True,False
2|2,fundxantifund:-2 + singletxadjoint:1 + singletxantisym2:2 + sym2xsinglet:-1 + sym2xsinglet:2,5|14|2|2,False,False,True,False,False
2|2,fundxantifund:-2 + singletxadjoint:1 + singletxsinglet:2 + sym2xsinglet:-1 + sym2xsinglet:2,5|14|2|2,True,True,True,True,False
2|2,fundxantifund:-2 + singletxadjoint:2 + singletxantisym2:2 + singletxsym2:-1 + sym2xsinglet:1,5|14|2|2,False,False,True,False,False
2|2,fundxantifund:-2 + singletxadjoint:2 + singletxsinglet:2 + singletxsym2:-1 + sym2xsinglet:1,5|14|2|2,True,True,True,True,False
2|2,fundxantifund:-2 + singletxantisym2:2 + singletxsym2:-1 + singletxsym2:2 + sym2xsinglet:1,5|14|2|2,False,False,True,False,False
2|2,fundxantifund:-2 + singletxantisym2:2 + singletxsym2:1 + sym2xsinglet:-1 + sym2xsinglet:2,5|14|2|2,False,False,True,False,False
2|2,fundxantifund:-2 + singletxsinglet:2 + singletxsym2:-1 + singletxsym2:2 + sym2xsinglet:1,5|14|2|2,True,True,True,True,False
2|2,fundxantifund:-2 + singletxsinglet:2 + singletxsym2:1 + sym2xsinglet:-1 + sym2xsinglet:2,5|14|2|2,True,True,True,True,False
2|2,fundxantifund:2 + singletxadjoint:-1 + singletxantisym2:-2 + sym2xsinglet:-2 + sym2xsinglet:1,5|14|2|2,False,False,True,False,False
2|2,fundxantifund:2 + singletxadjoint:-1 + singletxsinglet:-2 + sym2xsinglet:-2 + sym2xsinglet:1,5|14|2|2,True,True,True,True,False
2|2,fundxantifund:2 + singletxadjoint:-2 + singletxadjoint:1 + singletxantisym2:-2 + sym2xsinglet:-1,5|14|2|2,False,False,True,False,False
2|2,fundxantifund:2 + singletxadjoint:-2 + singletxadjoint:1 + singletxsinglet:-2 + sym2xsinglet:-1,5|14|2|2,True,True,True,True,False
2|2,fundxantifund:2 + singletxadjoint:-2 + singletxantisym2:-2 + singletxsym2:1 + sym2xsinglet:-1,5|14|2|2,False,False,True,False,False
2|2,fundxantifund:2 + singletxadjoint:-2 + singletxsinglet:-2 + singletxsym2:1 + sym2xsinglet:-1,5|14|2|2,True,True,True,True,False
2|2,fundxantifund:2 + singletxadjoint:1 + singletxantisym2:-2 + singletxsym2:-2 + sym2xsinglet:-1,5|14|2|2,False,False,True,False,False
2|2,fundxantifund:2 + singletxadjoint:1 + singletxsinglet:-2 + singletxsym2:-2 + sym2xsinglet:-1,5|14|2|2,True,True,True,True,False
2|2,fundxantifund:2 + singletxantisym2:-2 + singletxsym2:-1 + sym2xsinglet:-2 + sym2xsinglet:1,5|14|2|2,False,False,True,False,False
2|2,fundxantifund:2 + singletxantisym2:-2 + singletxsym2:-2 + singletxsym2:1 + sym2xsinglet:-1,5|14|2|2,False,False,True,False,False
2|2,fundxantifund:2 + singletxsinglet:-2 + singletxsym2:-1 + sym2xsinglet:-2 + sym2xsinglet:1,5|14|2|2,True,True,True,True,False
2|2,fundxantifund:2 + singletxsinglet:-2 + singletxsym2:-2 + singletxsym2:1 + sym2xsinglet:-1,5|14|2|2,True,True,True,True,False
2|2,fundxfund:-2 + singletxadjoint:-1 + singletxadjoint:2 + singletxantisym2:2 + sym2xsinglet:1,5|14|2|2,False,False,True,False,False
2|2,fundxfund:-2 + singletxadjoint:-1 + singletxadjoint:2 + singletxsinglet:2 + sym2xsinglet:1,5|14|2|2,True,True,True,True,False
2|2,fundxfund:-2 + singletxadjoint:-1 + singletxantisym2:2 + singletxsym2:2 + sym2xsinglet:1,5|14|2|2,False,False,True,False,False
2|2,fundxfund:-2 + singletxadjoint:-1 + singletxsinglet:2 + singletxsym2:2 + sym2xsinglet:1,5|14|2|2,True,True,True,True,False
2|2,fundxfund:-2 + singletxadjoint:1 + singletxantisym2:2 + sym2xsinglet:-1 + sym2xsinglet:2,5|14|2|2,False,False,True,False,False
2|2,fundxfund:-2 + singletxadjoint:1 + singletxsinglet:2 + sym2xsinglet:-1 + sym2xsinglet:2,5|14|2|2,True,True,True,True,False
2|2,fundxfund:-2 + singletxadjoint:2 + singletxantisym2:2 + singletxsym2:-1 + sym2xsinglet:1,5|14|2|2,False,False,True,False,False
2|2,fundxfund:-2 + singletxadjoint:2 + singletxsinglet:2 + singletxsym2:-1 + sym2xsinglet:1,5|14|2|2,True,True,True,True,False
2|2,fundxfund:-2 + singletxantisym2:2 + singletxsym2:-1 + singletxsym2:2 + sym2xsinglet:1,5|14|2|2,False,False,True,False,False
2|2,fundxfund:-2 + singletxantisym2:2 + singletxsym2:1 + sym2xsinglet:-1 + sym2xsinglet:2,5|14|2|2,False,False,True,False,False
2|2,fundxfund:-2 + singletxsinglet:2 + singletxsym2:-1 + singletxsym2:2 + sym2xsinglet:1,5|14|2|2,True,True,True,True,False
2|2,fundxfund:-2 + singletxsinglet:2 + singletxsym2:1 + sym2xsinglet:-1 + sym2xsinglet:2,5|14|2|2,True,True,True,True,False
2|2,fundxfund:2 + singletxadjoint:-1 + singletxantisym2:-2 + sym2xsinglet:-2 + sym2xsinglet:1,5|14|2|2,False,False,True,False,False
2|2,fundxfund:2 + singletxadjoint:-1 + singletxsinglet:-2 + sym2xsinglet:-2 + sym2xsinglet:1,5|14|2|2,True,True,True,True,False
2|2,fundxfund:2 + singletxadjoint:-2 + singletxadjoint:1 + singletxantisym2:-2 + sym2xsinglet:-1,5|14|2|2,False,False,True,False,False
2|2,fundxfund:2 + singletxadjoint:-2 + singletxadjoint:1 + singletxsinglet:-2 + sym2xsinglet:-1,5|14|2|2,True,True,True,True,False
2|2,fundxfund:2 + singletxadjoint:-2 + singletxantisym2:-2 + singletxsym2:1 + sym2xsinglet:-1,5|14|2|2,False,False,True,False,False
2|2,fundxfund:2 + singletxadjoint:-2 + singletxsinglet:-2 + singletxsym2:1 + sym2xsinglet:-1,5|14|2|2,True,True,True,True,False
2|2,fundxfund:2 + singletxadjoint:1 + singletxantisym2:-2 + singletxsym2:-2 + sym2xsinglet:-1,5|14|2|2,False,False,True,False,False
2|2,fundxfund:2 + singletxadjoint:1 + singletxsinglet:-2 + singletxsym2:-2 + sym2xsinglet:-1,5|14|2|2,True,True,True,True,False
2|2,fundxfund:2 + singletxantisym2:-2 + singletxsym2:-1 + sym2xsinglet:-2 + sym2xsinglet:1,5|14|2|2,False,False,True,False,False
2|2,fundxfund:2 + singletxantisym2:-2 + singletxsym2:-2 + singletxsym2:1 + sym2xsinglet:-1,5|14|2|2,False,False,True,False,False
2|2,fundxfund:2 + singletxsinglet:-2 + singletxsym2:-1 + sym2xsinglet:-2 + sym2xsinglet:1,5|14|2|2,True,True,True,True,False
2|2,fundxfund:2 + singletxsinglet:-2 + singletxsym2:-2 + singletxsym2:1 + sym2xsinglet:-1,5|14|2|2,True,True,True,True,False
2|2,adjointxsinglet:-2 + antifundxantifund:1 + antifundxantifund:3 + antisym2xsinglet:-4 + singletxadjoint:-2,5|15|2|2,False,False,True,False,False
2|2,adjointxsinglet:-2 + antifundxantifund:1 + antifundxantifund:3 + antisym2xsinglet:-4 + singletxsym2:-2,5|15|2|2,False,False,True,False,False
2|2,adjointxsinglet:-2 + antifundxantifund:1 + antifundxantifund:3 + singletxadjoint:-2 + singletxantisym2:-4,5|15|2|2,False,False,True,False,False
2|2,adjointxsinglet:-2 + antifundxantifund:1 + antifundxantifund:3 + singletxadjoint:-2 + singletxsinglet:-4,5|15|2|2,True,True,True,True,False
2|2,adjointxsinglet:-2 + antifundxantifund:1 + antifundxantifund:3 + singletxantisym2:-4 + singletxsym2:-2,5|15|2|2,False,False,True,False,False
2|2,adjointxsinglet:-2 + antifundxantifund:1 + antifundxantifund:3 + singletxsinglet:-4 + singletxsym2:-2,5|15|2|2,True,True,True,True,False
2|2,adjointxsinglet:-2 + antifundxantifund:1 + antifundxfund:3 + antisym2xsinglet:-4 + singletxadjoint:-2,5|15|2|2,False,False,True,False,False
2|2,adjointxsinglet:-2 + antifundxantifund:1 + antifundxfund:3 + antisym2xsinglet:-4 + singletxsym2:-2,5|15|2|2,False,False,True,False,False
2|2,adjointxsinglet:-2 + antifundxantifund:1 + antifundxfund:3 + singletxadjoint:-2 + singletxantisym2:-4,5|15|2|2,False,False,True,False,False
2|2,adjointxsinglet:-2 + antifundxantifund:1 + antifundxfund:3 + singletxadjoint:-2 + singletxsinglet:-4,5|15|2|2,True,True,True,True,False
2|2,adjointxsinglet:-2 + antifundxantifund:1 + antifundxfund:3 + singletxantisym2:-4 + singletxsym2:-2,5|15|2|2,False,False,True,False,False
2|2,adjointxsinglet:-2 + antifundxantifund:1 + antifundxfund:3 + singletxsinglet:-4 + singletxsym2:-2,5|15|2|2,True,True,True,True,False
2|2,adjointxsinglet:-2 + antifundxantifund:1 + antisym2xsinglet:-4 + fundxantifund:3 + singletxadjoint:-2,5|15|2|2,False,False,True,False,False
2|2,adjointxsinglet:-2 + antifundxantifund:1 + antisym2xsinglet:-4 + fundxantifund:3 + singletxsym2:-2,5|15|2|2,False,False,True,False,False
2|2,adjointxsinglet:-2 + antifundxantifund:1 + antisym2xsinglet:-4 + fundxfund:3 + singletxadjoint:-2,5|15|2|2,False,False,True,False,False
2|2,adjointxsinglet:-2 + antifundxantifund:1 + antisym2xsinglet:-4 + fundxfund:3 + singletxsym2:-2,5|15|2|2,False,False,True,False,False
2|2,adjointxsinglet:-2 + antifundxantifund:1 + fundxantifund:3 + singletxadjoint:-2 + singletxantisym2:-4,5|15|2|2,False,False,True,False,False
2|2,adjointxsinglet:-2 + antifundxantifund:1 + fundxantifund:3 + singletxadjoint:-2 + singletxsinglet:-4,5|15|2|2,True,True,True,True,False
2|2,adjointxsinglet:-2 + antifundxantifund:1 + fundxantifund:3 + singletxantisym2:-4 + singletxsym2:-2,5|15|2|2,False,False,True,False,False
2|2,adjointxsinglet:-2 + antifundxantifund:1 + fundxantifund:3 + singletxsinglet:-4 + singletxsym2:-2,5|15|2|2,True,True,True,True,False
2|2,adjointxsinglet:-2 + antifundxantifund:1 + fundxfund:3 + singletxadjoint:-2 + singletxantisym2:-4,5|15|2|2,False,False,True,False,False
2|2,adjointxsinglet:-2 + antifundxantifund:1 + fundxfund:3 + singletxadjoint:-2 + singletxsinglet:-4,5|15|2|2,True,True,True,True,False
2|2,adjointxsinglet:-2 + antifundxantifund:1 + fundxfund:3 + singletxantisym2:-4 + singletxsym2:-2,5|15|2|2,False,False,True,False,False
2|2,adjointxsinglet:-2 + antifundxantifund:1 + fundxfund:3 + singletxsinglet:-4 + singletxsym2:-2,5|15|2|2,True,True,True,True,False
2|2,adjointxsinglet:-2 + antifundxantifund:3 + antifundxfund:1 + antisym2xsinglet:-4 + singletxadjoint:-2,5|15|2|2,False,False,True,False,False
2|2,adjointxsinglet:-2 + antifundxantifund:3 + antifundxfund:1 + antisym2xsinglet:-4 + singletxsym2:-2,5|15|2|2,False,False,True,False,False
2|2,adjointxsinglet:-2 + antifundxantifund:3 + antifundxfund:1 + singletxadjoint:-2 + singletxantisym2:-4,5|15|2|2,False,False,True,False,False
2|2,adjointxsinglet:-2 + antifundxantifund:3 + antifundxfund:1 + singletxadjoint:-2 + singletxsinglet:-4,5|15|2|2,True,True,True,True,False
2|2,adjointxsinglet:-2 + antifundxantifund:3 + antifundxfund:1 + singletxantisym2:-4 + singletxsym2:-2,5|15|2|2,False,False,True,False,False
2|2,adjointxsinglet:-2 + antifundxantifund:3 + antifundxfund:1 + singletxsinglet:-4 + singletxsym2:-2,5|15|2|2,True,True,True,True,False
2|2,adjointxsinglet:-2 + antifundxantifund:3 + antisym2xsinglet:-4 + fundxantifund:1 + singletxadjoint:-2,5|15|2|2,False,False,True,False,False
2|2,adjointxsinglet:-2 + antifundxantifund:3 + antisym2xsinglet:-4 + fundxantifund:1 + singletxsym2:-2,5|15|2|2,False,False,True,False,False
2|2,adjointxsinglet:-2 + antifundxantifund:3 + antisym2xsinglet:-4 + fundxfund:1 + singletxadjoint:-2,5|15|2|2,False,False,True,False,False
2|2,adjointxsinglet:-2 + antifundxantifund:3 + antisym2xsinglet:-4 + fundxfund:1 + singletxsym2:-2,5|15|2|2,False,False,True,False,False
2|2,adjointxsinglet:-2 + antifundxantifund:3 + fundxantifund:1 + singletxadjoint:-2 + singletxantisym2:-4,5|15|2|2,False,False,True,False,False
2|2,adjointxsinglet:-2 + antifundxantifund:3 + fundxantifund:1 + singletxadjoint:-2 + singletxsinglet:-4,5|15|2|2,True,True,True,True,False
2|2,adjointxsinglet:-2 + antifundxantifund:3 + fundxantifund:1 + singletxantisym2:-4 + singletxsym2:-2,5|15|2|2,False,False,True,False,False
2|2,adjointxsinglet:-2 + antifundxantifund:3 + fundxantifund:1 + singletxsinglet:-4 + singletxsym2:-2,5|15|2|2,True,True,True,True,False
2|2,adjointxsinglet:-2 + antifundxantifund:3 + fundxfund:1 + singletxadjoint:-2 + singletxantisym2:-4,5|15|2|2,False,False,True,False,False
2|2,adjointxsinglet:-2 + antifundxantifund:3 + fundxfund:1 + singletxadjoint:-2 + singletxsinglet:-4,5|15|2|2,True,True,True,True,False
2|2,adjointxsinglet:-2 + antifundxantifund:3 + fundxfund:1 + singletxantisym2:-4 + singletxsym2:-2,5|15|2|2,False,False,True,False,False
2|2,adjointxsinglet:-2 + antifundxantifund:3 + fundxfund:1 + singletxsinglet:-4 + singletxsym2:-2,5|15|2|2,True,True,True,True,False
2|2,adjointxsinglet:-2 + antifundxfund:1 + antifundxfund:3 + antisym2xsinglet:-4 + singletxadjoint:-2,5|15|2|2,False,False,True,False,False
2|2,adjointxsinglet:-2 + antifundxfund:1 + antifundxfund:3 + antisym2xsinglet:-4 + singletxsym2:-2,5|15|2|2,False,False,True,False,False
2|2,adjointxsinglet:-2 + antifundxfund:1 + antifundxfund:3 + singletxadjoint:-2 + singletxantisym2:-4,5|15|2|2,False,False,True,False,False
2|2,adjointxsinglet:-2 + antifundxfund:1 + antifundxfund:3 + singletxadjoint:-2 + singletxsinglet:-4,5|15|2|2,True,True,True,True,False
2|2,adjointxsinglet:-2 + antifundxfund:1 + antifundxfund:3 + singletxantisym2:-4 + singletxsym2:-2,5|15|2|2,False,False,True,False,False
2|2,adjointxsinglet:-2 + antifundxfund:1 + antifundxfund:3 + singletxsinglet:-4 + singletxsym2:-2,5|15|2|2,True,True,True,True,False
2|2,adjointxsinglet:-2 + antifundxfund:1 + antisym2xsinglet:-4 + fundxantifund:3 + singletxadjoint:-2,5|15|2|2,False,False,True,False,False
2|2,adjointxsinglet:-2 + antifundxfund:1 + antisym2xsinglet:-4 + fundxantifund:3 + singletxsym2:-2,5|15|2|2,False,False,True,False,False
2|2,adjointxsinglet:-2 + antifundxfund:1 + antisym2xsinglet:-4 + fundxfund:3 + singletxadjoint:-2,5|15|2|2,False,False,True,False,False
2|2,adjointxsinglet:-2 + antifundxfund:1 + antisym2xsinglet:-4 + fundxfund:3 + singletxsym2:-2,5|15|2|2,False,False,True,False,False
2|2,adjointxsinglet:-2 + antifundxfund:1 + fundxantifund:3 + singletxadjoint:-2 + singletxantisym2:-4,5|15|2|2,False,False,True,False,False
2|2,adjointxsinglet:-2 + antifundxfund:1 + fundxantifund:3 + singletxadjoint:-2 + singletxsinglet:-4,5|15|2|2,True,True,True,True,False
2|2,adjointxsinglet:-2 + antifundxfund:1 + fundxantifund:3 + singletxantisym2:-4 + singletxsym2:-2,5|15|2|2,False,False,True,False,False
2|2,adjointxsinglet:-2 + antifundxfund:1 + fundxantifund:3 + singletxsinglet:-4 + singletxsym2:-2,5|15|2|2,True,True,True,True,False
2|2,adjointxsinglet:-2 + antifundxfund:1 + fundxfund:3 + singletxadjoint:-2 + singletxantisym2:-4,5|15|2|2,False,False,True,False,False
2|2,adjointxsinglet:-2 + antifundxfund:1 + fundxfund:3 + singletxadjoint:-2 + singletxsinglet:-4,5|15|2|2,True,True,True,True,False
2|2,adjointxsinglet:-2 + antifundxfund:1 + fundxfund:3 + singletxantisym2:-4 + singletxsym2:-2,5|15|2|2,False,False,True,False,False
2|2,adjointxsinglet:-2 + antifundxfund:1 + fundxfund:3 + singletxsinglet:-4 + singletxsym2:-2,5|15|2|2,True,True,True,True,False
2|2,adjointxsinglet:-2 + antifundxfund:3 + antisym2xsinglet:-4 + fundxantifund:1 + singletxadjoint:-2,5|15|2|2,False,False,True,False,False
2|2,adjointxsinglet:-2 + antifundxfund:3 + antisym2xsinglet:-4 + fundxantifund:1 + singletxsym2:-2,5|15|2|2,False,False,True,False,False
2|2,adjointxsinglet:-2 + antifundxfund:3 + antisym2xsinglet:-4 + fundxfund:1 + singletxadjoint:-2,5|15|2|2,False,False,True,False,False
2|2,adjointxsinglet:-2 + antifundxfund:3 + antisym2xsinglet:-4 + fundxfund:1 + singletxsym2:-2,5|15|2|2,False,False,True,False,False
2|2,adjointxsinglet:-2 + antifundxfund:3 + fundxantifund:1 + singletxadjoint:-2 + singletxantisym2:-4,5|15|2|2,False,False,True,False,False
2|2,adjointxsinglet:-2 + antifundxfund:3 + fundxantifund:1 + singletxadjoint:-2 + singletxsinglet:-4,5|15|2|2,True,True,True,True,False
2|2,adjointxsinglet:-2 + antifundxfund:3 + fundxantifund:1 + singletxantisym2:-4 + singletxsym2:-2,5|15|2|2,False,False,True,False,False
2|2,adjointxsinglet:-2 + antifundxfund:3 + fundxantifund:1 + singletxsinglet:-4 + singletxsym2:-2,5|15|2|2,True,True,True,True,False
2|2,adjointxsinglet:-2 + antifundxfund:3 + fundxfund:1 + singletxadjoint:-2 + singletxantisym2:-4,5|15|2|2,False,False,True,False,False
2|2,adjointxsinglet:-2 + antifundxfund:3 + fundxfund:1 + singletxadjoint:-2 + singletxsinglet:-4,5|15|2|2,True,True,True,True,False
2|2,adjointxsinglet:-2 + antifundxfund:3 + fundxfund:1 + singletxantisym2:-4 + singletxsym2:-2,5|15|2|2,False,False,True,False,False
2|2,adjointxsinglet:-2 + antifundxfund:3 + fundxfund:1 + singletxsinglet:-4 + singletxsym2:-2,5|15|2|2,True,True,True,True,False
2|2,adjointxsinglet:-2 + antisym2xsinglet:-4 + fundxantifund:1 + fundxantifund:3 + singletxadjoint:-2,5|15|2|2,False,False,True,False,False
2|2,adjointxsinglet:-2 + antisym2xsinglet:-4 + fundxantifund:1 + fundxantifund:3 + singletxsym2:-2,5|15|2|2,False,False,True,False,False
2|2,adjointxsinglet:-2 + antisym2xsinglet:-4 + fundxantifund:1 + fundxfund:3 + singletxadjoint:-2,5|15|2|2,False,False,True,False,False
2|2,adjointxsinglet:-2 + antisym2xsinglet:-4 + fundxantifund:1 + fundxfund:3 + singletxsym2:-2,5|15|2|2,False,False,True,False,False
2|2,adjointxsinglet:-2 + antisym2xsinglet:-4 + fundxantifund:3 + fundxfund:1 + singletxadjoint:-2,5|15|2|2,False,False,True,False,False
2|2,adjointxsinglet:-2 + antisym2xsinglet:-4 + fundxantifund:3 + fundxfund:1 + singletxsym2:-2,5|15|2|2,False,False,True,False,False
2|2,adjointxsinglet:-2 + antisym2xsinglet:-4 + fundxfund:1 + fundxfund:3 + singletxadjoint:-2,5|15|2|2,False,False,True,False,False
2|2,adjointxsinglet:-2 + antisym2xsinglet:-4 + fundxfund:1 + fundxfund:3 + singletxsym2:-2,5|15|2|2,False,False,True,False,False
2|2,adjointxsinglet:-2 + fundxantifund:1 + fundxantifund:3 + singletxadjoint:-2 + singletxantisym2:-4,5|15|2|2,False,False,True,False,False
2|2,adjointxsinglet:-2 + fundxantifund:1 + fundxantifund:3 + singletxadjoint:-2 + singletxsinglet:-4,5|15|2|2,True,True,True,True,False
2|2,adjointxsinglet:-2 + fundxantifund:1 + fundxantifund:3 + singletxantisym2:-4 + singletxsym2:-2,5|15|2|2,False,False,True,False,False
2|2,adjointxsinglet:-2 + fundxantifund:1 + fundxantifund:3 + singletxsinglet:-4 + singletxsym2:-2,5|15|2|2,True,True,True,True,False
2|2,adjointxsinglet:-2 + fundxantifund:1 + fundxfund:3 + singletxadjoint:-2 + singletxantisym2:-4,5|15|2|2,False,False,True,False,False
2|2,adjointxsinglet:-2 + fundxantifund:1 + fundxfund:3 + singletxadjoint:-2 + singletxsinglet:-4,5|15|2|2,True,True,True,True,False
2|2,adjointxsinglet:-2 + fundxantifund:1 + fundxfund:3 + singletxantisym2:-4 + singletxsym2:-2,5|15|2|2,False,False,True,False,False
2|2,adjointxsinglet:-2 + fundxantifund:1 + fundxfund:3 + singletxsinglet:-4 + singletxsym2:-2,5|15|2|2,True,True,True,True,False
2|2,adjointxsinglet:-2 + fundxantifund:3 + fundxfund:1 + singletxadjoint:-2 + singletxantisym2:-4,5|15|2|2,False,False,True,False,False
2|2,adjointxsinglet:-2 + fundxantifund:3 + fundxfund:1 + singletxadjoint:-2 + singletxsinglet:-4,5|15|2|2,True,True,True,True,False
2|2,adjointxsinglet:-2 + fundxantifund:3 + fundxfund:1 + singletxantisym2:-4 + singletxsym2:-2,5|15|2|2,False,False,True,False,False
2|2,adjointxsinglet:-2 + fundxantifund:3 + fundxfund:1 + singletxsinglet:-4 + singletxsym2:-2,5|15|2|2,True,True,True,True,False
2|2,adjointxsinglet:-2 + fundxfund:1 + fundxfund:3 + singletxadjoint:-2 + singletxantisym2:-4,5|15|2|2,False,False,True,False,False
2|2,adjointxsinglet:-2 + fundxfund:1 + fundxfund:3 + singletxadjoint:-2 + singletxsinglet:-4,5|15|2|2,True,True,True,True,False
2|2,adjointxsinglet:-2 + fundxfund:1 + fundxfund:3 + singletxantisym2:-4 + singletxsym2:-2,5|15|2|2,False,False,True,False,False
2|2,adjointxsinglet:-2 + fundxfund:1 + fundxfund:3 + singletxsinglet:-4 + singletxsym2:-2,5|15|2|2,True,True,True,True,False
2|2,adjointxsinglet:2 + antifundxantifund:-1 + antifundxantifund:-3 + antisym2xsinglet:4 + singletxadjoint:2,5|15|2|2,False,False,True,False,False
2|2,adjointxsinglet:2 + antifundxantifund:-1 + antifundxantifund:-3 + antisym2xsinglet:4 + singletxsym2:2,5|15|2|2,False,False,True,False,False
2|2,adjointxsinglet:2 + antifundxantifund:-1 + antifundxantifund:-3 + singletxadjoint:2 + singletxantisym2:4,5|15|2|2,False,False,True,False,False
2|2,adjointxsinglet:2 + antifundxantifund:-1 + antifundxantifund:-3 + singletxadjoint:2 + singletxsinglet:4,5|15|2|2,True,True,True,True,False
2|2,adjointxsinglet:2 + antifundxantifund:-1 + antifundxantifund:-3 + singletxantisym2:4 + singletxsym2:2,5|15|2|2,False,False,True,False,False
2|2,adjointxsinglet:2 + antifundxantifund:-1 + antifundxantifund:-3 + singletxsinglet:4 + singletxsym2:2,5|15|2|2,True,True,True,True,False
2|2,adjointxsinglet:2 + antifundxantifund:-1 + antifundxfund:-3 + antisym2xsinglet:4 + singletxadjoint:2,5|15|2|2,False,False,True,False,False
2|2,adjointxsinglet:2 + antifundxantifund:-1 + antifundxfund:-3 + antisym2xsinglet:4 + singletxsym2:2,5|15|2|2,False,False,True,False,False
2|2,adjointxsinglet:2 + antifundxantifund:-1 + antifundxfund:-3 + singletxadjoint:2 + singletxantisym2:4,5|15|2|2,False,False,True,False,False
2|2,adjointxsinglet:2 + antifundxantifund:-1 + antifundxfund:-3 + singletxadjoint:2 + singletxsinglet:4,5|15|2|2,True,True,True,True,False
2|2,adjointxsinglet:2 + antifundxantifund:-1 + antifundxfund:-3 + singletxantisym2:4 + singletxsym2:2,5|15|2|2,False,False,True,False,False
2|2,adjointxsinglet:2 + antifundxantifund:-1 + antifundxfund:-3 + singletxsinglet:4 + singletxsym2:2,5|15|2|2,True,True,True,True,False
2|2,adjointxsinglet:2 + antifundxantifund:-1 + antisym2xsinglet:4 + fundxantifund:-3 + singletxadjoint:2,5|15|2|2,False,False,True,False,False
2|2,adjointxsinglet:2 + antifundxantifund:-1 + antisym2xsinglet:4 + fundxantifund:-3 + singletxsym2:2,5|15|2|2,False,False,True,False,False
2|2,adjointxsinglet:2 + antifundxantifund:-1 + antisym2xsinglet:4 + fundxfund:-3 + singletxadjoint:2,5|15|2|2,False,False,True,False,False
2|2,adjointxsinglet:2 + antifundxantifund:-1 + antisym2xsinglet:4 + fundxfund:-3 + singletxsym2:2,5|15|2|2,False,False,True,False,False
2|2,adjointxsinglet:2 + antifundxantifund:-1 + fundxantifund:-3 + singletxadjoint:2 + singletxantisym2:4,5|15|2|2,False,False,True,False,False
2|2,adjointxsinglet:2 + antifundxantifund:-1 + fundxantifund:-3 + singletxadjoint:2 + singletxsinglet:4,5|15|2|2,True,True,True,True,False
2|2,adjointxsinglet:2 + antifundxantifund:-1 + fundxantifund:-3 + singletxantisym2:4 + singletxsym2:2,5|15|2|2,False,False,True,False,False
2|2,adjointxsinglet:2 + antifundxantifund:-1 + fundxantifund:-3 + singletxsinglet:4 + singletxsym2:2,5|15|2|2,True,True,True,True,False
2|2,adjointxsinglet:2 + antifundxantifund:-1 + fundxfund:-3 + singletxadjoint:2 + singletxantisym2:4,5|15|2|2,False,False,True,False,False
2|2,adjointxsinglet:2 + antifundxantifund:-1 + fundxfund:-3 + singletxadjoint:2 + singletxsinglet:4,5|15|2|2,True,True,True,True,False
2|2,adjointxsinglet:2 + antifundxantifund:-1 + fundxfund:-3 + singletxantisym2:4 + singletxsym2:2,5|15|2|2,False,False,True,False,False
2|2,adjointxsinglet:2 + antifundxantifund:-1 + fundxfund:-3 + singletxsinglet:4 + singletxsym2:2,5|15|2|2,True,True,True,True,False
2|2,adjointxsinglet:2 + antifundxantifund:-3 + antifundxfund:-1 + antisym2xsinglet:4 + singletxadjoint:2,5|15|2|2,False,False,True,False,False
2|2,adjointxsinglet:2 + antifundxantifund:-3 + antifundxfund:-1 + antisym2xsinglet:4 + singletxsym2:2,5|15|2|2,False,False,True,False,False
2|2,adjointxsinglet:2 + antifundxantifund:-3 + antifundxfund:-1 + singletxadjoint:2 + singletxantisym2:4,5|15|2|2,False,False,True,False,False
2|2,adjointxsinglet:2 + antifundxantifund:-3 + antifundxfund:-1 + singletxadjoint:2 + singletxsinglet:4,5|15|2|2,True,True,True,True,False
2|2,adjointxsinglet:2 + antifundxantifund:-3 + antifundxfund:-1 + singletxantisym2:4 + singletxsym2:2,5|15|2|2,False,False,True,False,False
2|2,adjointxsinglet:2 + antifundxantifund:-3 + antifundxfund:-1 + singletxsinglet:4 + singletxsym2:2,5|15|2|2,True,True,True,True,False
2|2,adjointxsinglet:2 + antifundxantifund:-3 + antisym2xsinglet:4 + fundxantifund:-1 + singletxadjoint:2,5|15|2|2,False,False,True,False,False
2|2,adjointxsinglet:2 + antifundxantifund:-3 + antisym2xsinglet:4 + fundxantifund:-1 + singletxsym2:2,5|15|2|2,False,False,True,False,False
2|2,adjointxsinglet:2 + antifundxantifund:-3 + antisym2xsinglet:4 + fundxfund:-1 + singletxadjoint:2,5|15|2|2,False,False,True,False,False
2|2,adjointxsinglet:2 + antifundxantifund:-3 + antisym2xsinglet:4 + fundxfund:-1 + singletxsym2:2,5|15|2|2,False,False,True,False,False
2|2,adjointxsinglet:2 + antifundxantifund:-3 + fundxantifund:-1 + singletxadjoint:2 + singletxantisym2:4,5|15|2|2,False,False,True,False,False
2|2,adjointxsinglet:2 + antifundxantifund:-3 + fundxantifund:-1 + singletxadjoint:2 + singletxsinglet:4,5|15|2|2,True,True,True,True,False
2|2,adjointxsinglet:2 + antifundxantifund:-3 + fundxantifund:-1 + singletxantisym2:4 + singletxsym2:2,5|15|2|2,False,False,True,False,False
2|2,adjointxsinglet:2 + antifundxantifund:-3 + fundxantifund:-1 + singletxsinglet:4 + singletxsym2:2,5|15|2|2,True,True,True,True,False
2|2,adjointxsinglet:2 + antifundxantifund:-3 + fundxfund:-1 + singletxadjoint:2 + singletxantisym2:4,5|15|2|2,False,False,True,False,False
2|2,adjointxsinglet:2 + antifundxantifund:-3 + fundxfund:-1 + singletxadjoint:2 + singletxsinglet:4,5|15|2|2,True,True,True,True,False
2|2,adjointxsinglet:2 + antifundxantifund:-3 + fundxfund:-1 + singletxantisym2:4 + singletxsym2:2,5|15|2|2,False,False,True,False,False
2|2,adjointxsinglet:2 + antifundxantifund:-3 + fundxfund:-1 + singletxsinglet:4 + singletxsym2:2,5|15|2|2,True,True,True,True,False
2|2,adjointxsinglet:2 + antifundxfund:-1 + antifundxfund:-3 + antisym2xsinglet:4 + singletxadjoint:2,5|15|2|2,False,False,True,False,False
2|2,adjointxsinglet:2 + antifundxfund:-1 + antifundxfund:-3 + antisym2xsinglet:4 + singletxsym2:2,5|15|2|2,False,False,True,False,False
2|2,adjointxsinglet:2 + antifundxfund:-1 + antifundxfund:-3 + singletxadjoint:2 + singletxantisym2:4,5|15|2|2,False,False,True,False,False
2|2,adjointxsinglet:2 + antifundxfund:-1 + antifundxfund:-3 + singletxadjoint:2 + singletxsinglet:4,5|15|2|2,True,True,True,True,False
2|2,adjointxsinglet:2 + antifundxfund:-1 + antifundxfund:-3 + singletxantisym2:4 + singletxsym2:2,5|15|2|2,False,False,True,False,False
2|2,adjointxsinglet:2 + antifundxfund:-1 + antifundxfund:-3 + singletxsinglet:4 + singletxsym2:2,5|15|2|2,True,True,True,True,False
2|2,adjointxsinglet:2 + antifundxfund:-1 + antisym2xsinglet:4 + fundxantifund:-3 + singletxadjoint:2,5|15|2|2,False,False,True,False,False
2|2,adjointxsinglet:2 + antifundxfund:-1 + antisym2xsinglet:4 + fundxantifund:-3 + singletxsym2:2,5|15|2|2,False,False,True,False,False
2|2,adjointxsinglet:2 + antifundxfund:-1 + antisym2xsinglet:4 + fundxfund:-3 + singletxadjoint:2,5|15|2|2,False,False,True,False,False
2|2,adjointxsinglet:2 + antifundxfund:-1 + antisym2xsinglet:4 + fundxfund:-3 + singletxsym2:2,5|15|2|2,False,False,True,False,False
2|2,adjointxsinglet:2 + antifundxfund:-1 + fundxantifund:-3 + singletxadjoint:2 + singletxantisym2:4,5|15|2|2,False,False,True,False,False
2|2,adjointxsinglet:2 + antifundxfund:-1 + fundxantifund:-3 + singletxadjoint:2 + singletxsinglet:4,5|15|2|2,True,True,True,True,False
2|2,adjointxsinglet:2 + antifundxfund:-1 + fundxantifund:-3 + singletxantisym2:4 + singletxsym2:2,5|15|2|2,False,False,True,False,False
2|2,adjointxsinglet:2 + antifundxfund:-1 + fundxantifund:-3 + singletxsinglet:4 + singletxsym2:2,5|15|2|2,True,True,True,True,False
2|2,adjointxsinglet:2 + antifundxfund:-1 + fundxfund:-3 + singletxadjoint:2 + singletxantisym2:4,5|15|2|2,False,False,True,False,False
2|2,adjointxsinglet:2 + antifundxfund:-1 + fundxfund:-3 + singletxadjoint:2 + singletxsinglet:4,5|15|2|2,True,True,True,True,False
2|2,adjointxsinglet:2 + antifundxfund:-1 + fundxfund:-3 + singletxantisym2:4 + singletxsym2:2,5|15|2|2,False,False,True,False,False
2|2,adjointxsinglet:2 + antifundxfund:-1 + fundxfund:-3 + singletxsinglet:4 + singletxsym2:2,5|15|2|2,True,True,True,True,False
2|2,adjointxsinglet:2 + antifundxfund:-3 + antisym2xsinglet:4 + fundxantifund:-1 + singletxadjoint:2,5|15|2|2,False,False,True,False,False
2|2,adjointxsinglet:2 + antifundxfund:-3 + antisym2xsinglet:4 + fundxantifund:-1 + singletxsym2:2,5|15|2|2,False,False,True,False,False
2|2,adjointxsinglet:2 + antifundxfund:-3 + antisym2xsinglet:4 + fundxfund:-1 + singletxadjoint:2,5|15|2|2,False,False,True,False,False
2|2,adjointxsinglet:2 + antifundxfund:-3 + antisym2xsinglet:4 + fundxfund:-1 + singletxsym2:2,5|15|2|2,False,False,True,False,False
2|2,adjointxsinglet:2 + antifundxfund:-3 + fundxantifund:-1 + singletxadjoint:2 + singletxantisym2:4,5|15|2|2,False,False,True,False,False
2|2,adjointxsinglet:2 + antifundxfund:-3 + fundxantifund:-1 + singletxadjoint:2 + singletxsinglet:4,5|15|2|2,True,True,True,True,False
2|2,adjointxsinglet:2 + antifundxfund:-3 + fundxantifund:-1 + singletxantisym2:4 + singletxsym2:2,5|15|2|2,False,False,True,False,False
2|2,adjointxsinglet:2 + antifundxfund:-3 + fundxantifund:-1 + singletxsinglet:4 + singletxsym2:2,5|15|2|2,True,True,True,True,False
2|2,adjointxsinglet:2 + antifundxfund:-3 + fundxfund:-1 + singletxadjoint:2 + singletxantisym2:4,5|15|2|2,False,False,True,False,False
2|2,adjointxsinglet:2 + antifundxfund:-3 + fundxfund:-1 + singletxadjoint:2 + singletxsinglet:4,5|15|2|2,True,True,True,True,False
2|2,adjointxsinglet:2 + antifundxfund:-3 + fundxfund:-1 + singletxantisym2:4 + singletxsym2:2,5|15|2|2,False,False,True,False,False
2|2,adjointxsinglet:2 + antifundxfund:-3 + fundxfund:-1 + singletxsinglet:4 + singletxsym2:2,5|15|2|2,True,True,True,True,False
2|2,adjointxsinglet:2 + antisym2xsinglet:4 + fundxantifund:-1 + fundxantifund:-3 + singletxadjoint:2,5|15|2|2,False,False,True,False,False
2|2,adjointxsinglet:2 + antisym2xsinglet:4 + fundxantifund:-1 + fundxantifund:-3 + singletxsym2:2,5|15|2|2,False,False,True,False,False
2|2,adjointxsinglet:2 + antisym2xsinglet:4 + fundxantifund:-1 + fundxfund:-3 + singletxadjoint:2,5|15|2|2,False,False,True,False,False
2|2,adjointxsinglet:2 + antisym2xsinglet:4 + fundxantifund:-1 + fundxfund:-3 + singletxsym2:2,5|15|2|2,False,False,True,False,False
2|2,adjointxsinglet:2 + antisym2xsinglet:4 + fundxantifund:-3 + fundxfund:-1 + singletxadjoint:2,5|15|2|2,False,False,True,False,False
2|2,adjointxsinglet:2 + antisym2xsinglet:4 + fundxantifund:-3 + fundxfund:-1 + singletxsym2:2,5|15|2|2,False,False,True,False,False
2|2,adjointxsinglet:2 + antisym2xsinglet:4 + fundxfund:-1 + fundxfund:-3 + singletxadjoint:2,5|15|2|2,False,False,True,False,False
2|2,adjointxsinglet:2 + antisym2xsinglet:4 + fundxfund:-1 + fundxfund:-3 + singletxsym2:2,5|15|2|2,False,False,True,False,False
2|2,adjointxsinglet:2 + fundxantifund:-1 + fundxantifund:-3 + singletxadjoint:2 + singletxantisym2:4,5|15|2|2,False,False,True,False,False
2|2,adjointxsinglet:2 + fundxantifund:-1 + fundxantifund:-3 + singletxadjoint:2 + singletxsinglet:4,5|15|2|2,True,True,True,True,False
2|2,adjointxsinglet:2 + fundxantifund:-1 + fundxantifund:-3 + singletxantisym2:4 + singletxsym2:2,5|15|2|2,False,False,True,False,False
2|2,adjointxsinglet:2 + fundxantifund:-1 + fundxantifund:-3 + singletxsinglet:4 + singletxsym2:2,5|15|2|2,True,True,True,True,False
2|2,adjointxsinglet:2 + fundxantifund:-1 + fundxfund:-3 + singletxadjoint:2 + singletxantisym2:4,5|15|2|2,False,False,True,False,False
2|2,adjointxsinglet:2 + fundxantifund:-1 + fundxfund:-3 + singletxadjoint:2 + singletxsinglet:4,5|15|2|2,True,True,True,True,False
2|2,adjointxsinglet:2 + fundxantifund:-1 + fundxfund:-3 + singletxantisym2:4 + singletxsym2:2,5|15|2|2,False,False,True,False,False
2|2,adjointxsinglet:2 + fundxantifund:-1 + fundxfund:-3 + singletxsinglet:4 + singletxsym2:2,5|15|2|2,True,True,True,True,False
2|2,adjointxsinglet:2 + fundxantifund:-3 + fundxfund:-1 + singletxadjoint:2 + singletxantisym2:4,5|15|2|2,False,False,True,False,False
2|2,adjointxsinglet:2 + fundxantifund:-3 + fundxfund:-1 + singletxadjoint:2 + singletxsinglet:4,5|15|2|2,True,True,True,True,False
2|2,adjointxsinglet:2 + fundxantifund:-3 + fundxfund:-1 + singletxantisym2:4 + singletxsym2:2,5|15|2|2,False,False,True,False,False
2|2,adjointxsinglet:2 + fundxantifund:-3 + fundxfund:-1 + singletxsinglet:4 + singletxsym2:2,5|15|2|2,True,True,True,True,False
2|2,adjointxsinglet:2 + fundxfund:-1 + fundxfund:-3 + singletxadjoint:2 + singletxantisym2:4,5|15|2|2,False,False,True,False,False
2|2,adjointxsinglet:2 + fundxfund:-1 + fundxfund:-3 + singletxadjoint:2 + singletxsinglet:4,5|15|2|2,True,True,True,True,False
2|2,adjointxsinglet:2 + fundxfund:-1 + fundxfund:-3 + singletxantisym2:4 + singletxsym2:2,5|15|2|2,False,False,True,False,False
2|2,adjointxsinglet:2 + fundxfund:-1 + fundxfund:-3 + singletxsinglet:4 + singletxsym2:2,5|15|2|2,True,True,True,True,False
2|2,antifundxantifund:-1 + antifundxantifund:-3 + antisym2xsinglet:4 + singletxadjoint:2 + sym2xsinglet:2,5|15|2|2,False,False,True,False,False
2|2,antifundxantifund:-1 + antifundxantifund:-3 + antisym2xsinglet:4 + singletxsym2:2 + sym2xsinglet:2,5|15|2|2,False,False,True,False,False
2|2,antifundxantifund:-1 + antifundxantifund:-3 + singletxadjoint:2 + singletxantisym2:4 + sym2xsinglet:2,5|15|2|2,False,False,True,False,False
2|2,antifundxantifund:-1 + antifundxantifund:-3 + singletxadjoint:2 + singletxsinglet:4 + sym2xsinglet:2,5|15|2|2,True,True,True,True,False
2|2,antifundxantifund:-1 + antifundxantifund:-3 + singletxantisym2:4 + singletxsym2:2 + sym2xsinglet:2,5|15|2|2,False,False,True,False,False
2|2,antifundxantifund:-1 + antifundxantifund:-3 + singletxsinglet:4 + singletxsym2:2 + sym2xsinglet:2,5|15|2|2,True,True,True,True,False
2|2,antifundxantifund:-1 + antifundxfund:-3 + antisym2xsinglet:4 + singletxadjoint:2 + sym2xsinglet:2,5|15|2|2,False,False,True,False,False
2|2,antifundxantifund:-1 + antifundxfund:-3 + antisym2xsinglet:4 + singletxsym2:2 + sym2xsinglet:2,5|15|2|2,False,False,True,False,False
2|2,antifundxantifund:-1 + antifundxfund:-3 + singletxadjoint:2 + singletxantisym2:4 + sym2xsinglet:2,5|15|2|2,False,False,True,False,False
2|2,antifundxantifund:-1 + antifundxfund:-3 + singletxadjoint:2 + singletxsinglet:4 + sym2xsinglet:2,5|15|2|2,True,True,True,True,False
2|2,antifundxantifund:-1 + antifundxfund:-3 + singletxantisym2:4 + singletxsym2:2 + sym2xsinglet:2,5|15|2|2,False,False,True,False,False
2|2,antifundxantifund:-1 + antifundxfund:-3 + singletxsinglet:4 + singletxsym2:2 + sym2xsinglet:2,5|15|2|2,True,True,True,True,False
2|2,antifundxantifund:-1 + antisym2xsinglet:4 + fundxantifund:-3 + singletxadjoint:2 + sym2xsinglet:2,5|15|2|2,False,False,True,False,False
2|2,antifundxantifund:-1 + antisym2xsinglet:4 + fundxantifund:-3 + singletxsym2:2 + sym2xsinglet:2,5|15|2|2,False,False,True,False,False
2|2,antifundxantifund:-1 + antisym2xsinglet:4 + fundxfund:-3 + singletxadjoint:2 + sym2xsinglet:2,5|15|2|2,False,False,True,False,False
2|2,antifundxantifund:-1 + antisym2xsinglet:4 + fundxfund:-3 + singletxsym2:2 + sym2xsinglet:2,5|15|2|2,False,False,True,False,False
2|2,antifundxantifund:-1 + fundxantifund:-3 + singletxadjoint:2 + singletxantisym2:4 + sym2xsinglet:2,5|15|2|2,False,False,True,False,False
2|2,antifundxantifund:-1 + fundxantifund:-3 + singletxadjoint:2 + singletxsinglet:4 + sym2xsinglet:2,5|15|2|2,True,True,True,True,False
2|2,antifundxantifund:-1 + fundxantifund:-3 + singletxantisym2:4 + singletxsym2:2 + sym2xsinglet:2,5|15|2|2,False,False,True,False,False
2|2,antifundxantifund:-1 + fundxantifund:-3 + singletxsinglet:4 + singletxsym2:2 + sym2xsinglet:2,5|15|2|2,True,True,True,True,False
2|2,antifundxantifund:-1 + fundxfund:-3 + singletxadjoint:2 + singletxantisym2:4 + sym2xsinglet:2,5|15|2|2,False,False,True,False,False
2|2,antifundxantifund:-1 + fundxfund:-3 + singletxadjoint:2 + singletxsinglet:4 + sym2xsinglet:2,5|15|2|2,True,True,True,True,False
2|2,antifundxantifund:-1 + fundxfund:-3 + singletxantisym2:4 + singletxsym2:2 + sym2xsinglet:2,5|15|2|2,False,False,True,False,False
2|2,antifundxantifund:-1 + fundxfund:-3 + singletxsinglet:4 + singletxsym2:2 + sym2xsinglet:2,5|15|2|2,True,True,True,True,False
2|2,antifundxantifund:-3 + antifundxfund:-1 + antisym2xsinglet:4 + singletxadjoint:2 + sym2xsinglet:2,5|15|2|2,False,False,True,False,False
2|2,antifundxantifund:-3 + antifundxfund:-1 + antisym2xsinglet:4 + singletxsym2:2 + sym2xsinglet:2,5|15|2|2,False,False,True,False,False
2|2,antifundxantifund:-3 + antifundxfund:-1 + singletxadjoint:2 + singletxantisym2:4 + sym2xsinglet:2,5|15|2|2,False,False,True,False,False
2|2,antifundxantifund:-3 + antifundxfund:-1 + singletxadjoint:2 + singletxsinglet:4 + sym2xsinglet:2,5|15|2|2,True,True,True,True,False
2|2,antifundxantifund:-3 + antifundxfund:-1 + singletxantisym2:4 + singletxsym2:2 + sym2xsinglet:2,5|15|2|2,False,False,True,False,False
2|2,antifundxantifund:-3 + antifundxfund:-1 + singletxsinglet:4 + singletxsym2:2 + sym2xsinglet:2,5|15|2|2,True,True,True,True,False
2|2,antifundxantifund:-3 + antisym2xsinglet:4 + fundxantifund:-1 + singletxadjoint:2 + sym2xsinglet:2,5|15|2|2,False,False,True,False,False
2|2,antifundxantifund:-3 + antisym2xsinglet:4 + fundxantifund:-1 + singletxsym2:2 + sym2xsinglet:2,5|15|2|2,False,False,True,False,False
2|2,antifundxantifund:-3 + antisym2xsinglet:4 + fundxfund:-1 + singletxadjoint:2 + sym2xsinglet:2,5|15|2|2,False,False,True,False,False
2|2,antifundxantifund:-3 + antisym2xsinglet:4 + fundxfund:-1 + singletxsym2:2 + sym2xsinglet:2,5|15|2|2,False,False,True,False,False
2|2,antifundxantifund:-3 + fundxantifund:-1 + singletxadjoint:2 + singletxantisym2:4 + sym2xsinglet:2,5|15|2|2,False,False,True,False,False
2|2,antifundxantifund:-3 + fundxantifund:-1 + singletxadjoint:2 + singletxsinglet:4 + sym2xsinglet:2,5|15|2|2,True,True,True,True,False
2|2,antifundxantifund:-3 + fundxantifund:-1 + singletxantisym2:4 + singletxsym2:2 + sym2xsinglet:2,5|15|2|2,False,False,True,False,False
2|2,antifundxantifund:-3 + fundxantifund:-1 + singletxsinglet:4 + singletxsym2:2 + sym2xsinglet:2,5|15|2|2,True,True,True,True,False
2|2,antifundxantifund:-3 + fundxfund:-1 + singletxadjoint:2 + singletxantisym2:4 + sym2xsinglet:2,5|15|2|2,False,False,True,False,False
2|2,antifundxantifund:-3 + fundxfund:-1 + singletxadjoint:2 + singletxsinglet:4 + sym2xsinglet:2,5|15|2|2,True,True,True,True,False
2|2,antifundxantifund:-3 + fundxfund:-1 + singletxantisym2:4 + singletxsym2:2 + sym2xsinglet:2,5|15|2|2,False,False,True,False,False
2|2,antifundxantifund:-3 + fundxfund:-1 + singletxsinglet:4 + singletxsym2:2 + sym2xsinglet:2,5|15|2|2,True,True,True,True,False
2|2,antifundxantifund:1 + antifundxantifund:3 + antisym2xsinglet:-4 + singletxadjoint:-2 + sym2xsinglet:-2,5|15|2|2,False,False,True,False,False
2|2,antifundxantifund:1 + antifundxantifund:3 + antisym2xsinglet:-4 + singletxsym2:-2 + sym2xsinglet:-2,5|15|2|2,False,False,True,False,False
2|2,antifundxantifund:1 + antifundxantifund:3 + singletxadjoint:-2 + singletxantisym2:-4 + sym2xsinglet:-2,5|15|2|2,False,False,True,False,False
2|2,antifundxantifund:1 + antifundxantifund:3 + singletxadjoint:-2 + singletxsinglet:-4 + sym2xsinglet:-2,5|15|2|2,True,True,True,True,False
2|2,antifundxantifund:1 + antifundxantifund:3 + singletxantisym2:-4 + singletxsym2:-2 + sym2xsinglet:-2,5|15|2|2,False,False,True,False,False
2|2,antifundxantifund:1 + antifundxantifund:3 + singletxsinglet:-4 + singletxsym2:-2 + sym2xsinglet:-2,5|15|2|2,True,True,True,True,False
2|2,antifundxantifund:1 + antifundxfund:3 + antisym2xsinglet:-4 + singletxadjoint:-2 + sym2xsinglet:-2,5|15|2|2,False,False,True,False,False
2|2,antifundxantifund:1 + antifundxfund:3 + antisym2xsinglet:-4 + singletxsym2:-2 + sym2xsinglet:-2,5|15|2|2,False,False,True,False,False
2|2,antifundxantifund:1 + antifundxfund:3 + singletxadjoint:-2 + singletxantisym2:-4 + sym2xsinglet:-2,5|15|2|2,False,False,True,False,False
2|2,antifundxantifund:1 + antifundxfund:3 + singletxadjoint:-2 + singletxsinglet:-4 + sym2xsinglet:-2,5|15|2|2,True,True,True,True,False
2|2,antifundxantifund:1 + antifundxfund:3 + singletxantisym2:-4 + singletxsym2:-2 + sym2xsinglet:-2,5|15|2|2,False,False,True,False,False
2|2,antifundxantifund:1 + antifundxfund:3 + singletxsinglet:-4 + singletxsym2:-2 + sym2xsinglet:-2,5|15|2|2,True,True,True,True,False
2|2,antifundxantifund:1 + antisym2xsinglet:-4 + fundxantifund:3 + singletxadjoint:-2 + sym2xsinglet:-2,5|15|2|2,False,False,True,False,False
2|2,antifundxantifund:1 + antisym2xsinglet:-4 + fundxantifund:3 + singletxsym2:-2 + sym2xsinglet:-2,5|15|2|2,False,False,True,False,False
2|2,antifundxantifund:1 + antisym2xsinglet:-4 + fundxfund:3 + singletxadjoint:-2 + sym2xsinglet:-2,5|15|2|2,False,False,True,False,False
2|2,antifundxantifund:1 + antisym2xsinglet:-4 + fundxfund:3 + singletxsym2:-2 + sym2xsinglet:-2,5|15|2|2,False,False,True,False,False
2|2,antifundxantifund:1 + fundxantifund:3 + singletxadjoint:-2 + singletxantisym2:-4 + sym2xsinglet:-2,5|15|2|2,False,False,True,False,False
2|2,antifundxantifund:1 + fundxantifund:3 + singletxadjoint:-2 + singletxsinglet:-4 + sym2xsinglet:-2,5|15|2|2,True,True,True,True,False
2|2,antifundxantifund:1 + fundxantifund:3 + singletxantisym2:-4 + singletxsym2:-2 + sym2xsinglet:-2,5|15|2|2,False,False,True,False,False
2|2,antifundxantifund:1 + fundxantifund:3 + singletxsinglet:-4 + singletxsym2:-2 + sym2xsinglet:-2,5|15|2|2,True,True,True,True,False
2|2,antifundxantifund:1 + fundxfund:3 + singletxadjoint:-2 + singletxantisym2:-4 + sym2xsinglet:-2,5|15|2|2,False,False,True,False,False
2|2,antifundxantifund:1 + fundxfund:3 + singletxadjoint:-2 + singletxsinglet:-4 + sym2xsinglet:-2,5|15|2|2,True,True,True,True,False
2|2,antifundxantifund:1 + fundxfund:3 + singletxantisym2:-4 + singletxsym2:-2 + sym2xsinglet:-2,5|15|2|2,False,False,True,False,False
2|2,antifundxantifund:1 + fundxfund:3 + singletxsinglet:-4 + singletxsym2:-2 + sym2xsinglet:-2,5|15|2|2,True,True,True,True,False
2|2,antifundxantifund:3 + antifundxfund:1 + antisym2xsinglet:-4 + singletxadjoint:-2 + sym2xsinglet:-2,5|15|2|2,False,False,True,False,False
2|2,antifundxantifund:3 + antifundxfund:1 + antisym2xsinglet:-4 + singletxsym2:-2 + sym2xsinglet:-2,5|15|2|2,False,False,True,False,False
2|2,antifundxantifund:3 + antifundxfund:1 + singletxadjoint:-2 + singletxantisym2:-4 + sym2xsinglet:-2,5|15|2|2,False,False,True,False,False
2|2,antifundxantifund:3 + antifundxfund:1 + singletxadjoint:-2 + singletxsinglet:-4 + sym2xsinglet:-2,5|15|2|2,True,True,True,True,False
2|2,antifundxantifund:3 + antifundxfund:1 + singletxantisym2:-4 + singletxsym2:-2 + sym2xsinglet:-2,5|15|2|2,False,False,True,False,False
2|2,antifundxantifund:3 + antifundxfund:1 + singletxsinglet:-4 + singletxsym2:-2 + sym2xsinglet:-2,5|15|2|2,True,True,True,True,False
2|2,antifundxantifund:3 + antisym2xsinglet:-4 + fundxantifund:1 + singletxadjoint:-2 + sym2xsinglet:-2,5|15|2|2,False,False,True,False,False
2|2,antifundxantifund:3 + antisym2xsinglet:-4 + fundxantifund:1 + singletxsym2:-2 + sym2xsinglet:-2,5|15|2|2,False,False,True,False,False
2|2,antifundxantifund:3 + antisym2xsinglet:-4 + fundxfund:1 + singletxadjoint:-2 + sym2xsinglet:-2,5|15|2|2,False,False,True,False,False
2|2,antifundxantifund:3 + antisym2xsinglet:-4 + fundxfund:1 + singletxsym2:-2 + sym2xsinglet:-2,5|15|2|2,False,False,True,False,False
2|2,antifundxantifund:3 + fundxantifund:1 + singletxadjoint:-2 + singletxantisym2:-4 + sym2xsinglet:-2,5|15|2|2,False,False,True,False,False
2|2,antifundxantifund:3 + fundxantifund:1 + singletxadjoint:-2 + singletxsinglet:-4 + sym2xsinglet:-2,5|15|2|2,True,True,True,True,False
2|2,antifundxantifund:3 + fundxantifund:1 + singletxantisym2:-4 + singletxsym2:-2 + sym2xsinglet:-2,5|15|2|2,False,False,True,False,False
2|2,antifundxantifund:3 + fundxantifund:1 + singletxsinglet:-4 + singletxsym2:-2 + sym2xsinglet:-2,5|15|2|2,True,True,True,True,False
2|2,antifundxantifund:3 + fundxfund:1 + singletxadjoint:-2 + singletxantisym2:-4 + sym2xsinglet:-2,5|15|2|2,False,False,True,False,False
2|2,antifundxantifund:3 + fundxfund:1 + singletxadjoint:-2 + singletxsinglet:-4 + sym2xsinglet:-2,5|15|2|2,True,True,True,True,False
2|2,antifundxantifund:3 + fundxfund:1 + singletxantisym2:-4 + singletxsym2:-2 + sym2xsinglet:-2,5|15|2|2,False,False,True,False,False
2|2,antifundxantifund:3 + fundxfund:1 + singletxsinglet:-4 + singletxsym2:-2 + sym2xsinglet:-2,5|15|2|2,True,True,True,True,False
2|2,antifundxfund:-1 + antifundxfund:-3 + antisym2xsinglet:4 + singletxadjoint:2 + sym2xsinglet:2,5|15|2|2,False,False,True,False,False
2|2,antifundxfund:-1 + antifundxfund:-3 + antisym2xsinglet:4 + singletxsym2:2 + sym2xsinglet:2,5|15|2|2,False,False,True,False,False
2|2,antifundxfund:-1 + antifundxfund:-3 + singletxadjoint:2 + singletxantisym2:4 + sym2xsinglet:2,5|15|2|2,False,False,True,False,False
2|2,antifundxfund:-1 + antifundxfund:-3 + singletxadjoint:2 + singletxsinglet:4 + sym2xsinglet:2,5|15|2|2,True,True,True,True,False
2|2,antifundxfund:-1 + antifundxfund:-3 + singletxantisym2:4 + singletxsym2:2 + sym2xsinglet:2,5|15|2|2,False,False,True,False,False
2|2,antifundxfund:-1 + antifundxfund:-3 + singletxsinglet:4 + singletxsym2:2 + sym2xsinglet:2,5|15|2|2,True,True,True,True,False
2|2,antifundxfund:-1 + antisym2xsinglet:4 + fundxantifund:-3 + singletxadjoint:2 + sym2xsinglet:2,5|15|2|2,False,False,True,False,False
2|2,antifundxfund:-1 + antisym2xsinglet:4 + fundxantifund:-3 + singletxsym2:2 + sym2xsinglet:2,5|15|2|2,False,False,True,False,False
2|2,antifundxfund:-1 + antisym2xsinglet:4 + fundxfund:-3 + singletxadjoint:2 + sym2xsinglet:2,5|15|2|2,False,False,True,False,False
2|2,antifundxfund:-1 + antisym2xsinglet:4 + fundxfund:-3 + singletxsym2:2 + sym2xsinglet:2,5|15|2|2,False,False,True,False,False
2|2,antifundxfund:-1 + fundxantifund:-3 + singletxadjoint:2 + singletxantisym2:4 + sym2xsinglet:2,5|15|2|2,False,False,True,False,False
2|2,antifundxfund:-1 + fundxantifund:-3 + singletxadjoint:2 + singletxsinglet:4 + sym2xsinglet:2,5|15|2|2,True,True,True,True,False
2|2,antifundxfund:-1 + fundxantifund:-3 + singletxantisym2:4 + singletxsym2:2 + sym2xsinglet:2,5|15|2|2,False,False,True,False,False
2|2,antifundxfund:-1 + fundxantifund:-3 + singletxsinglet:4 + singletxsym2:2 + sym2xsinglet:2,5|15|2|2,True,True,True,True,False
2|2,antifundxfund:-1 + fundxfund:-3 + singletxadjoint:2 + singletxantisym2:4 + sym2xsinglet:2,5|15|2|2,False,False,True,False,False
2|2,antifundxfund:-1 + fundxfund:-3 + singletxadjoint:2 + singletxsinglet:4 + sym2xsinglet:2,5|15|2|2,True,True,True,True,False
2|2,antifundxfund:-1 + fundxfund:-3 + singletxantisym2:4 + singletxsym2:2 + sym2xsinglet:2,5|15|2|2,False,False,True,False,False
2|2,antifundxfund:-1 + fundxfund:-3 + singletxsinglet:4 + singletxsym2:2 + sym2xsinglet:2,5|15|2|2,True,True,True,True,False
2|2,antifundxfund:-3 + antisym2xsinglet:4 + fundxantifund:-1 + singletxadjoint:2 + sym2xsinglet:2,5|15|2|2,False,False,True,False,False
2|2,antifundxfund:-3 + antisym2xsinglet:4 + fundxantifund:-1 + singletxsym2:2 + sym2xsinglet:2,5|15|2|2,False,False,True,False,False
2|2,antifundxfund:-3 + antisym2xsinglet:4 + fundxfund:-1 + singletxadjoint:2 + sym2xsinglet:2,5|15|2|2,False,False,True,False,False
2|2,antifundxfund:-3 + antisym2xsinglet:4 + fundxfund:-1 + singletxsym2:2 + sym2xsinglet:2,5|15|2|2,False,False,True,False,False
2|2,antifundxfund:-3 + fundxantifund:-1 + singletxadjoint:2 + singletxantisym2:4 + sym2xsinglet:2,5|15|2|2,False,False,True,False,False
2|2,antifundxfund:-3 + fundxantifund:-1 + singletxadjoint:2 + singletxsinglet:4 + sym2xsinglet:2,5|15|2|2,True,True,True,True,False
2|2,antifundxfund:-3 + fundxantifund:-1 + singletxantisym2:4 + singletxsym2:2 + sym2xsinglet:2,5|15|2|2,False,False,True,False,False
2|2,antifundxfund:-3 + fundxantifund:-1 + singletxsinglet:4 + singletxsym2:2 + sym2xsinglet:2,5|15|2|2,True,True,True,True,False
2|2,antifundxfund:-3 + fundxfund:-1 + singletxadjoint:2 + singletxantisym2:4 + sym2xsinglet:2,5|15|2|2,False,False,True,False,False
2|2,antifundxfund:-3 + fundxfund:-1 + singletxadjoint:2 + singletxsinglet:4 + sym2xsinglet:2,5|15|2|2,True,True,True,True,False
2|2,antifundxfund:-3 + fundxfund:-1 + singletxantisym2:4 + singletxsym2:2 + sym2xsinglet:2,5|15|2|2,False,False,True,False,False
2|2,antifundxfund:-3 + fundxfund:-1 + singletxsinglet:4 + singletxsym2:2 + sym2xsinglet:2,5|15|2|2,True,True,True,True,False
2|2,antifundxfund:1 + antifundxfund:3 + antisym2xsinglet:-4 + singletxadjoint:-2 + sym2xsinglet:-2,5|15|2|2,False,False,True,False,False
2|2,antifundxfund:1 + antifundxfund:3 + antisym2xsinglet:-4 + singletxsym2:-2 + sym2xsinglet:-2,5|15|2|2,False,False,True,False,False
2|2,antifundxfund:1 + antifundxfund:3 + singletxadjoint:-2 + singletxantisym2:-4 + sym2xsinglet:-2,5|15|2|2,False,False,True,False,False
2|2,antifundxfund:1 + antifundxfund:3 + singletxadjoint:-2 + singletxsinglet:-4 + sym2xsinglet:-2,5|15|2|2,True,True,True,True,False
2|2,antifundxfund:1 + antifundxfund:3 + singletxantisym2:-4 + singletxsym2:-2 + sym2xsinglet:-2,5|15|2|2,False,False,True,False,False
2|2,antifundxfund:1 + antifundxfund:3 + singletxsinglet:-4 + singletxsym2:-2 + sym2xsinglet:-2,5|15|2|2,True,True,True,True,False
2|2,antifundxfund:1 + antisym2xsinglet:-4 + fundxantifund:3 + singletxadjoint:-2 + sym2xsinglet:-2,5|15|2|2,False,False,True,False,False
2|2,antifundxfund:1 + antisym2xsinglet:-4 + fundxantifund:3 + singletxsym2:-2 + sym2xsinglet:-2,5|15|2|2,False,False,True,False,False
2|2,antifundxfund:1 + antisym2xsinglet:-4 + fundxfund:3 + singletxadjoint:-2 + sym2xsinglet:-2,5|15|2|2,False,False,True,False,False
2|2,antifundxfund:1 + antisym2xsinglet:-4 + fundxfund:3 + singletxsym2:-2 + sym2xsinglet:-2,5|15|2|2,False,False,True,False,False
2|2,antifundxfund:1 + fundxantifund:3 + singletxadjoint:-2 + singletxantisym2:-4 + sym2xsinglet:-2,5|15|2|2,False,False,True,False,False
2|2,antifundxfund:1 + fundxantifund:3 + singletxadjoint:-2 + singletxsinglet:-4 + sym2xsinglet:-2,5|15|2|2,True,True,True,True,False
2|2,antifundxfund:1 + fundxantifund:3 + singletxantisym2:-4 + singletxsym2:-2 + sym2xsinglet:-2,5|15|2|2,False,False,True,False,False
2|2,antifundxfund:1 + fundxantifund:3 + singletxsinglet:-4 + singletxsym2:-2 + sym2xsinglet:-2,5|15|2|2,True,True,True,True,False
2|2,antifundxfund:1 + fundxfund:3 + singletxadjoint:-2 + singletxantisym2:-4 + sym2xsinglet:-2,5|15|2|2,False,False,True,False,False
2|2,antifundxfund:1 + fundxfund:3 + singletxadjoint:-2 + singletxsinglet:-4 + sym2xsinglet:-2,5|15|2|2,True,True,True,True,False
2|2,antifundxfund:1 + fundxfund:3 + singletxantisym2:-4 + singletxsym2:-2 + sym2xsinglet:-2,5|15|2|2,False,False,True,False,False
2|2,antifundxfund:1 + fundxfund:3 + singletxsinglet:-4 + singletxsym2:-2 + sym2xsinglet:-2,5|15|2|2,True,True,True,True,False
2|2,antifundxfund:3 + antisym2xsinglet:-4 + fundxantifund:1 + singletxadjoint:-2 + sym2xsinglet:-2,5|15|2|2,False,False,True,False,False
2|2,antifundxfund:3 + antisym2xsinglet:-4 + fundxantifund:1 + singletxsym2:-2 + sym2xsinglet:-2,5|15|2|2,False,False,True,False,False
2|2,antifundxfund:3 + antisym2xsinglet:-4 + fundxfund:1 + singletxadjoint:-2 + sym2xsinglet:-2,5|15|2|2,False,False,True,False,False
2|2,antifundxfund:3 + antisym2xsinglet:-4 + fundxfund:1 + singletxsym2:-2 + sym2xsinglet:-2,5|15|2|2,False,False,True,False,False
2|2,antifundxfund:3 + fundxantifund:1 + singletxadjoint:-2 + singletxantisym2:-4 + sym2xsinglet:-2,5|15|2|2,False,False,True,False,False
2|2,antifundxfund:3 + fundxantifund:1 + singletxadjoint:-2 + singletxsinglet:-4 + sym2xsinglet:-2,5|15|2|2,True,True,True,True,False
2|2,antifundxfund:3 + fundxantifund:1 + singletxantisym2:-4 + singletxsym2:-2 + sym2xsinglet:-2,5|15|2|2,False,False,True,False,False
2|2,antifundxfund:3 + fundxantifund:1 + singletxsinglet:-4 + singletxsym2:-2 + sym2xsinglet:-2,5|15|2|2,True,True,True,True,False
2|2,antifundxfund:3 + fundxfund:1 + singletxadjoint:-2 + singletxantisym2:-4 + sym2xsinglet:-2,5|15|2|2,False,False,True,False,False
2|2,antifundxfund:3 + fundxfund:1 + singletxadjoint:-2 + singletxsinglet:-4 + sym2xsinglet:-2,5|15|2|2,True,True,True,True,False
2|2,antifundxfund:3 + fundxfund:1 + singletxantisym2:-4 + singletxsym2:-2 + sym2xsinglet:-2,5|15|2|2,False,False,True,False,False
2|2,antifundxfund:3 + fundxfund:1 + singletxsinglet:-4 + singletxsym2:-2 + sym2xsinglet:-2,5|15|2|2,True,True,True,True,False
2|2,antisym2xsinglet:-4 + fundxantifund:1 + fundxantifund:3 + singletxadjoint:-2 + sym2xsinglet:-2,5|15|2|2,False,False,True,False,False
2|2,antisym2xsinglet:-4 + fundxantifund:1 + fundxantifund:3 + singletxsym2:-2 + sym2xsinglet:-2,5|15|2|2,False,False,True,False,False
2|2,antisym2xsinglet:-4 + fundxantifund:1 + fundxfund:3 + singletxadjoint:-2 + sym2xsinglet:-2,5|15|2|2,False,False,True,False,False
2|2,antisym2xsinglet:-4 + fundxantifund:1 + fundxfund:3 + singletxsym2:-2 + sym2xsinglet:-2,5|15|2|2,False,False,True,False,False
2|2,antisym2xsinglet:-4 + fundxantifund:3 + fundxfund:1 + singletxadjoint:-2 + sym2xsinglet:-2,5|15|2|2,False,False,True,False,False
2|2,antisym2xsinglet:-4 + fundxantifund:3 + fundxfund:1 + singletxsym2:-2 + sym2xsinglet:-2,5|15|2|2,False,False,True,False,False
2|2,antisym2xsinglet:-4 + fundxfund:1 + fundxfund:3 + singletxadjoint:-2 + sym2xsinglet:-2,5|15|2|2,False,False,True,False,False
2|2,antisym2xsinglet:-4 + fundxfund:1 + fundxfund:3 + singletxsym2:-2 + sym2xsinglet:-2,5|15|2|2,False,False,True,False,False
2|2,antisym2xsinglet:4 + fundxantifund:-1 + fundxantifund:-3 + singletxadjoint:2 + sym2xsinglet:2,5|15|2|2,False,False,True,False,False
2|2,antisym2xsinglet:4 + fundxantifund:-1 + fundxantifund:-3 + singletxsym2:2 + sym2xsinglet:2,5|15|2|2,False,False,True,False,False
2|2,antisym2xsinglet:4 + fundxantifund:-1 + fundxfund:-3 + singletxadjoint:2 + sym2xsinglet:2,5|15|2|2,False,False,True,False,False
2|2,antisym2xsinglet:4 + fundxantifund:-1 + fundxfund:-3 + singletxsym2:2 + sym2xsinglet:2,5|15|2|2,False,False,True,False,False
2|2,antisym2xsinglet:4 + fundxantifund:-3 + fundxfund:-1 + singletxadjoint:2 + sym2xsinglet:2,5|15|2|2,False,False,True,False,False
2|2,antisym2xsinglet:4 + fundxantifund:-3 + fundxfund:-1 + singletxsym2:2 + sym2xsinglet:2,5|15|2|2,False,False,True,False,False
2|2,antisym2xsinglet:4 + fundxfund:-1 + fundxfund:-3 + singletxadjoint:2 + sym2xsinglet:2,5|15|2|2,False,False,True,False,False
2|2,antisym2xsinglet:4 + fundxfund:-1 + fundxfund:-3 + singletxsym2:2 + sym2xsinglet:2,5|15|2|2,False,False,True,False,False
2|2,fundxantifund:-1 + fundxantifund:-3 + singletxadjoint:2 + singletxantisym2:4 + sym2xsinglet:2,5|15|2|2,False,False,True,False,False
2|2,fundxantifund:-1 + fundxantifund:-3 + singletxadjoint:2 + singletxsinglet:4 + sym2xsinglet:2,5|15|2|2,True,True,True,True,False
2|2,fundxantifund:-1 + fundxantifund:-3 + singletxantisym2:4 + singletxsym2:2 + sym2xsinglet:2,5|15|2|2,False,False,True,False,False
2|2,fundxantifund:-1 + fundxantifund:-3 + singletxsinglet:4 + singletxsym2:2 + sym2xsinglet:2,5|15|2|2,True,True,True,True,False
2|2,fundxantifund:-1 + fundxfund:-3 + singletxadjoint:2 + singletxantisym2:4 + sym2xsinglet:2,5|15|2|2,False,False,True,False,False
2|2,fundxantifund:-1 + fundxfund:-3 + singletxadjoint:2 + singletxsinglet:4 + sym2xsinglet:2,5|15|2|2,True,True,True,True,False
2|2,fundxantifund:-1 + fundxfund:-3 + singletxantisym2:4 + singletxsym2:2 + sym2xsinglet:2,5|15|2|2,False,False,True,False,False
2|2,fundxantifund:-1 + fundxfund:-3 + singletxsinglet:4 + singletxsym2:2 + sym2xsinglet:2,5|15|2|2,True,True,True,True,False
2|2,fundxantifund:-3 + fundxfund:-1 + singletxadjoint:2 + singletxantisym2:4 + sym2xsinglet:2,5|15|2|2,False,False,True,False,False
2|2,fundxantifund:-3 + fundxfund:-1 + singletxadjoint:2 + singletxsinglet:4 + sym2xsinglet:2,5|15|2|2,True,True,True,True,False
2|2,fundxantifund:-3 + fundxfund:-1 + singletxantisym2:4 + singletxsym2:2 + sym2xsinglet:2,5|15|2|2,False,False,True,False,False
2|2,fundxantifund:-3 + fundxfund:-1 + singletxsinglet:4 + singletxsym2:2 + sym2xsinglet:2,5|15|2|2,True,True,True,True,False
2|2,fundxantifund:1 + fundxantifund:3 + singletxadjoint:-2 + singletxantisym2:-4 + sym2xsinglet:-2,5|15|2|2,False,False,True,False,False
2|2,fundxantifund:1 + fundxantifund:3 + singletxadjoint:-2 + singletxsinglet:-4 + sym2xsinglet:-2,5|15|2|2,True,True,True,True,False
2|2,fundxantifund:1 + fundxantifund:3 + singletxantisym2:-4 + singletxsym2:-2 + sym2xsinglet:-2,5|15|2|2,False,False,True,False,False
2|2,fundxantifund:1 + fundxantifund:3 + singletxsinglet:-4 + singletxsym2:-2 + sym2xsinglet:-2,5|15|2|2,True,True,True,True,False
2|2,fundxantifund:1 + fundxfund:3 + singletxadjoint:-2 + singletxantisym2:-4 + sym2xsinglet:-2,5|15|2|2,False,False,True,False,False
2|2,fundxantifund:1 + fundxfund:3 + singletxadjoint:-2 + singletxsinglet:-4 + sym2xsinglet:-2,5|15|2|2,True,True,True,True,False
2|2,fundxantifund:1 + fundxfund:3 + singletxantisym2:-4 + singletxsym2:-2 + sym2xsinglet:-2,5|15|2|2,False,False,True,False,False
2|2,fundxantifund:1 + fundxfund:3 + singletxsinglet:-4 + singletxsym2:-2 + sym2xsinglet:-2,5|15|2|2,True,True,True,True,False
2|2,fundxantifund:3 + fundxfund:1 + singletxadjoint:-2 + singletxantisym2:-4 + sym2xsinglet:-2,5|15|2|2,False,False,True,False,False
2|2,fundxantifund:3 + fundxfund:1 + singletxadjoint:-2 + singletxsinglet:-4 + sym2xsinglet:-2,5|15|2|2,True,True,True,True,False
2|2,fundxantifund:3 + fundxfund:1 + singletxantisym2:-4 + singletxsym2:-2 + sym2xsinglet:-2,5|15|2|2,False,False,True,False,False
2|2,fundxantifund:3 + fundxfund:1 + singletxsinglet:-4 + singletxsym2:-2 + sym2xsinglet:-2,5|15|2|2,True,True,True,True,False
2|2,fundxfund:-1 + fundxfund:-3 + singletxadjoint:2 + singletxantisym2:4 + sym2xsinglet:2,5|15|2|2,False,False,True,False,False
2|2,fundxfund:-1 + fundxfund:-3 + singletxadjoint:2 + singletxsinglet:4 + sym2xsinglet:2,5|15|2|2,True,True,True,True,False
2|2,fundxfund:-1 + fundxfund:-3 + singletxantisym2:4 + singletxsym2:2 + sym2xsinglet:2,5|15|2|2,False,False,True,False,False
2|2,fundxfund:-1 + fundxfund:-3 + singletxsinglet:4 + singletxsym2:2 + sym2xsinglet:2,5|15|2|2,True,True,True,True,False
2|2,fundxfund:1 + fundxfund:3 + singletxadjoint:-2 + singletxantisym2:-4 + sym2xsinglet:-2,5|15|2|2,False,False,True,False,False
2|2,fundxfund:1 + fundxfund:3 + singletxadjoint:-2 + singletxsinglet:-4 + sym2xsinglet:-2,5|15|2|2,True,True,True,True,False
2|2,fundxfund:1 + fundxfund:3 + singletxantisym2:-4 + singletxsym2:-2 + sym2xsinglet:-2,5|15|2|2,False,False,True,False,False
2|2,fundxfund:1 + fundxfund:3 + singletxsinglet:-4 + singletxsym2:-2 + sym2xsinglet:-2,5|15|2|2,True,True,True,True,False
2|3,antifundxantifund:-1 + antifundxfund:1,2|12|3|2,True,False,False,False,False
2|3,antifundxantifund:1 + antifundxfund:-1,2|12|3|2,True,False,False,False,False
2|3,fundxantifund:-1 + fundxfund:1,2|12|3|2,True,False,False,False,False
2|3,fundxantifund:1 + fundxfund:-1,2|12|3|2,True,False,False,False,False
2|3,antifundxantifund:0 + antifundxsinglet:0 + singletxfund:-1 + singletxfund:1,4|14|3|2,True,True,True,True,False
2|3,antifundxantifund:0 + fundxsinglet:0 + singletxfund:-1 + singletxfund:1,4|14|3|2,True,True,True,True,False
2|3,antifundxfund:0 + antifundxsinglet:0 + singletxantifund:-1 + singletxantifund:1,4|14|3|2,True,True,True,True,False
2|3,antifundxfund:0 + antifundxsinglet:0 + singletxantifund:-1 + singletxantisym2:1,4|14|3|2,True,True,True,True,False
2|3,antifundxfund:0 + antifundxsinglet:0 + singletxantifund:1 + singletxantisym2:-1,4|14|3|2,True,True,True,True,False
2|3,antifundxfund:0 + antifundxsinglet:0 + singletxantisym2:-1 + singletxantisym2:1,4|14|3|2,True,True,True,True,False
2|3,antifundxfund:0 + fundxsinglet:0 + singletxantifund:-1 + singletxantifund:1,4|14|3|2,True,True,True,True,False
2|3,antifundxfund:0 + fundxsinglet:0 + singletxantifund:-1 + singletxantisym2:1,4|14|3|2,True,True,True,True,False
2|3,antifundxfund:0 + fundxsinglet:0 + singletxantifund:1 + singletxantisym2:-1,4|14|3|2,True,True,True,True,False
2|3,antifundxfund:0 + fundxsinglet:0 + singletxantisym2:-1 + singletxantisym2:1,4|14|3|2,True,True,True,True,False
2|3,antifundxsinglet:0 + fundxantifund:0 + singletxfund:-1 + singletxfund:1,4|14|3|2,True,True,True,True,False
2|3,antifundxsinglet:0 + fundxfund:0 + singletxantifund:-1 + singletxantifund:1,4|14|3|2,True,True,True,True,False
2|3,antifundxsinglet:0 + fundxfund:0 + singletxantifund:-1 + singletxantisym2:1,4|14|3|2,True,True,True,True,False
2|3,antifundxsinglet:0 + fundxfund:0 + singletxantifund:1 + singletxantisym2:-1,4|14|3|2,True,True,True,True,False
2|3,antifundxsinglet:0 + fundxfund:0 + singletxantisym2:-1 + singletxantisym2:1,4|14|3|2,True,True,True,True,False
2|3,fundxantifund:0 + fundxsinglet:0 + singletxfund:-1 + singletxfund:1,4|14|3|2,True,True,True,True,False
2|3,fundxfund:0 + fundxsinglet:0 + singletxantifund:-1 + singletxantifund:1,4|14|3|2,True,True,True,True,False
2|3,fundxfund:0 + fundxsinglet:0 + singletxantifund:-1 + singletxantisym2:1,4|14|3|2,True,True,True,True,False
2|3,fundxfund:0 + fundxsinglet:0 + singletxantifund:1 + singletxantisym2:-1,4|14|3|2,True,True,True,True,False
2|3,fundxfund:0 + fundxsinglet:0 + singletxantisym2:-1 + singletxantisym2:1,4|14|3|2,True,True,True,True,False
2|3,antifundxantifund:-1 + antifundxantifund:1 + antifundxfund:-2 + antifundxfund:2,4|24|3|2,True,False,True,False,False
2|3,antifundxantifund:-1 + antifundxantifund:1 + antifundxfund:-2 + fundxfund:2,4|24|3|2,True,False,True,False,False
2|3,antifundxantifund:-1 + antifundxantifund:1 + antifundxfund:-3 + antifundxfund:3,4|24|3|2,True,False,True,False,False
2|3,antifundxantifund:-1 + antifundxantifund:1 + antifundxfund:-3 + fundxfund:3,4|24|3|2,True,False,True,False,False
2|3,antifundxantifund:-1 + antifundxantifund:1 + antifundxfund:-4 + antifundxfund:4,4|24|3|2,True,False,True,False,False
2|3,antifundxantifund:-1 + antifundxantifund:1 + antifundxfund:-4 + fundxfund:4,4|24|3|2,True,False,True,False,False
2|3,antifundxantifund:-1 + antifundxantifund:1 + antifundxfund:-6 + antifundxfund:6,4|24|3|2,True,False,True,False,False
2|3,antifundxantifund:-1 + antifundxantifund:1 + antifundxfund:-6 + fundxfund:6,4|24|3|2,True,False,True,False,False
2|3,antifundxantifund:-1 + antifundxantifund:1 + antifundxfund:0 + fundxfund:0,4|24|3|2,True,False,True,False,False
2|3,antifundxantifund:-1 + antifundxantifund:1 + antifundxfund:2 + fundxfund:-2,4|24|3|2,True,False,True,False,False
2|3,antifundxantifund:-1 + antifundxantifund:1 + antifundxfund:3 + fundxfund:-3,4|24|3|2,True,False,True,False,False
2|3,antifundxantifund:-1 + antifundxantifund:1 + antifundxfund:4 + fundxfund:-4,4|24|3|2,True,False,True,False,False
2|3,antifundxantifund:-1 + antifundxantifund:1 + antifundxfund:6 + fundxfund:-6,4|24|3|2,True,False,True,False,False
2|3,antifundxantifund:-1 + antifundxantifund:1 + fundxfund:-2 + fundxfund:2,4|24|3|2,True,False,True,False,False
2|3,antifundxantifund:-1 + antifundxantifund:1 + fundxfund:-3 + fundxfund:3,4|24|3|2,True,False,True,False,False
2|3,antifundxantifund:-1 + antifundxantifund:1 + fundxfund:-4 + fundxfund:4,4|24|3|2,True,False,True,False,False
2|3,antifundxantifund:-1 + antifundxantifund:1 + fundxfund:-6 + fundxfund:6,4|24|3|2,True,False,True,False,False
2|3,antifundxantifund:-1 + antifundxfund:-2 + antifundxfund:2 + fundxantifund:1,4|24|3|2,True,False,True,False,False
2|3,antifundxantifund:-1 + antifundxfund:-2 + fundxantifund:1 + fundxfund:2,4|24|3|2,True,False,True,False,False
2|3,antifundxantifund:-1 + antifundxfund:-3 + antifundxfund:3 + fundxantifund:1,4|24|3|2,True,False,True,False,False
2|3,antifundxantifund:-1 + antifundxfund:-3 + fundxantifund:1 + fundxfund:3,4|24|3|2,True,False,True,False,False
2|3,antifundxantifund:-1 + antifundxfund:-4 + antifundxfund:4 + fundxantifund:1,4|24|3|2,True,False,True,False,False
2|3,antifundxantifund:-1 + antifundxfund:-4 + fundxantifund:1 + fundxfund:4,4|24|3|2,True,False,True,False,False
2|3,antifundxantifund:-1 + antifundxfund:-6 + antifundxfund:6 + fundxantifund:1,4|24|3|2,True,False,True,False,False
2|3,antifundxantifund:-1 + antifundxfund:-6 + fundxantifund:1 + fundxfund:6,4|24|3|2,True,False,True,False,False
2|3,antifundxantifund:-1 + antifundxfund:0 + fundxantifund:1 + fundxfund:0,4|24|3|2,True,False,True,False,False
2|3,antifundxantifund:-1 + antifundxfund:2 + fundxantifund:1 + fundxfund:-2,4|24|3|2,True,False,True,False,False
2|3,antifundxantifund:-1 + antifundxfund:3 + fundxantifund:1 + fundxfund:-3,4|24|3|2,True,False,True,False,False
2|3,antifundxantifund:-1 + antifundxfund:4 + fundxantifund:1 + fundxfund:-4,4|24|3|2,True,False,True,False,False
2|3,antifundxantifund:-1 + antifundxfund:6 + fundxantifund:1 + fundxfund:-6,4|24|3|2,True,False,True,False,False
2|3,antifundxantifund:-1 + fundxantifund:1 + fundxfund:-2 + fundxfund:2,4|24|3|2,True,False,True,False,False
2|3,antifundxantifund:-1 + fundxantifund:1 + fundxfund:-3 + fundxfund:3,4|24|3|2,True,False,True,False,False
2|3,antifundxantifund:-1 + fundxantifund:1 + fundxfund:-4 + fundxfund:4,4|24|3|2,True,False,True,False,False
2|3,antifundxantifund:-1 + fundxantifund:1 + fundxfund:-6 + fundxfund:6,4|24|3|2,True,False,True,False,False
2|3,antifundxantifund:-2 + antifundxantifund:2 + antifundxfund:-1 + antifundxfund:1,4|24|3|2,True,False,True,False,False
2|3,antifundxantifund:-2 + antifundxantifund:2 + antifundxfund:-1 + fundxfund:1,4|24|3|2,True,False,True,False,False
2|3,antifundxantifund:-2 + antifundxantifund:2 + antifundxfund:-3 + antifundxfund:3,4|24|3|2,True,False,True,False,False
2|3,antifundxantifund:-2 + antifundxantifund:2 + antifundxfund:-3 + fundxfund:3,4|24|3|2,True,False,True,False,False
2|3,antifundxantifund:-2 + antifundxantifund:2 + antifundxfund:1 + fundxfund:-1,4|24|3|2,True,False,True,False,False
2|3,antifundxantifund:-2 + antifundxantifund:2 + antifundxfund:3 + fundxfund:-3,4|24|3|2,True,False,True,False,False
2|3,antifundxantifund:-2 + antifundxantifund:2 + fundxfund:-1 + fundxfund:1,4|24|3|2,True,False,True,False,False
2|3,antifundxantifund:-2 + antifundxantifund:2 + fundxfund:-3 + fundxfund:3,4|24|3|2,True,False,True,False,False
2|3,antifundxantifund:-2 + antifundxfund:-1 + antifundxfund:1 + fundxantifund:2,4|24|3|2,True,False,True,False,False
2|3,antifundxantifund:-2 + antifundxfund:-1 + fundxantifund:2 + fundxfund:1,4|24|3|2,True,False,True,False,False
2|3,antifundxantifund:-2 + antifundxfund:-3 + antifundxfund:3 + fundxantifund:2,4|24|3|2,True,False,True,False,False
2|3,antifundxantifund:-2 + antifundxfund:-3 + fundxantifund:2 + fundxfund:3,4|24|3|2,True,False,True,False,False
2|3,antifundxantifund:-2 + antifundxfund:1 + fundxantifund:2 + fundxfund:-1,4|24|3|2,True,False,True,False,False
2|3,antifundxantifund:-2 + antifundxfund:3 + fundxantifund:2 + fundxfund:-3,4|24|3|2,True,False,True,False,False
2|3,antifundxantifund:-2 + fundxantifund:2 + fundxfund:-1 + fundxfund:1,4|24|3|2,True,False,True,False,False
2|3,antifundxantifund:-2 + fundxantifund:2 + fundxfund:-3 + fundxfund:3,4|24|3|2,True,False,True,False,False
2|3,antifundxantifund:-3 + antifundxantifund:3 + antifundxfund:-1 + antifundxfund:1,4|24|3|2,True,False,True,False,False
2|3,antifundxantifund:-3 + antifundxantifund:3 + antifundxfund:-1 + fundxfund:1,4|24|3|2,True,False,True,False,False
2|3,antifundxantifund:-3 + antifundxantifund:3 + antifundxfund:-2 + antifundxfund:2,4|24|3|2,True,False,True,False,False
2|3,antifundxantifund:-3 + antifundxantifund:3 + antifundxfund:-2 + fundxfund:2,4|24|3|2,True,False,True,False,False
2|3,antifundxantifund:-3 + antifundxantifund:3 + antifundxfund:-4 + antifundxfund:4,4|24|3|2,True,False,True,False,False
2|3,antifundxantifund:-3 + antifundxantifund:3 + antifundxfund:-4 + fundxfund:4,4|24|3|2,True,False,True,False,False
2|3,antifundxantifund:-3 + antifundxantifund:3 + antifundxfund:1 + fundxfund:-1,4|24|3|2,True,False,True,False,False
2|3,antifundxantifund:-3 + antifundxantifund:3 + antifundxfund:2 + fundxfund:-2,4|24|3|2,True,False,True,False,False
2|3,antifundxantifund:-3 + antifundxantifund:3 + antifundxfund:4 + fundxfund:-4,4|24|3|2,True,False,True,False,False
2|3,antifundxantifund:-3 + antifundxantifund:3 + fundxfund:-1 + fundxfund:1,4|24|3|2,True,False,True,False,False
2|3,antifundxantifund:-3 + antifundxantifund:3 + fundxfund:-2 + fundxfund:2,4|24|3|2,True,False,True,False,False
2|3,antifundxantifund:-3 + antifundxantifund:3 + fundxfund:-4 + fundxfund:4,4|24|3|2,True,False,True,False,False
2|3,antifundxantifund:-3 + antifundxfund:-1 + antifundxfund:1 + fundxantifund:3,4|24|3|2,True,False,True,False,False
2|3,antifundxantifund:-3 + antifundxfund:-1 + fundxantifund:3 + fundxfund:1,4|24|3|2,True,False,True,False,False
2|3,antifundxantifund:-3 + antifundxfund:-2 + antifundxfund:2 + fundxantifund:3,4|24|3|2,True,False,True,False,False
2|3,antifundxantifund:-3 + antifundxfund:-2 + fundxantifund:3 + fundxfund:2,4|24|3|2,True,False,True,False,False
2|3,antifundxantifund:-3 + antifundxfund:-4 + antifundxfund:4 + fundxantifund:3,4|24|3|2,True,False,True,False,False
2|3,antifundxantifund:-3 + antifundxfund:-4 + fundxantifund:3 + fundxfund:4,4|24|3|2,True,False,True,False,False
2|3,antifundxantifund:-3 + antifundxfund:1 + fundxantifund:3 + fundxfund:-1,4|24|3|2,True,False,True,False,False
2|3,antifundxantifund:-3 + antifundxfund:2 + fundxantifund:3 + fundxfund:-2,4|24|3|2,True,False,True,False,False
2|3,antifundxantifund:-3 + antifundxfund:4 + fundxantifund:3 + fundxfund:-4,4|24|3|2,True,False,True,False,False
2|3,antifundxantifund:-3 + fundxantifund:3 + fundxfund:-1 + fundxfund:1,4|24|3|2,True,False,True,False,False
2|3,antifundxantifund:-3 + fundxantifund:3 + fundxfund:-2 + fundxfund:2,4|24|3|2,True,False,True,False,False
2|3,antifundxantifund:-3 + fundxantifund:3 + fundxfund:-4 + fundxfund:4,4|24|3|2,True,False,True,False,False
2|3,antifundxantifund:-4 + antifundxantifund:4 + antifundxfund:-1 + antifundxfund:1,4|24|3|2,True,False,True,False,False
2|3,antifundxantifund:-4 + antifundxantifund:4 + antifundxfund:-1 + fundxfund:1,4|24|3|2,True,False,True,False,False
2|3,antifundxantifund:-4 + antifundxantifund:4 + antifundxfund:-3 + antifundxfund:3,4|24|3|2,True,False,True,False,False
2|3,antifundxantifund:-4 + antifundxantifund:4 + antifundxfund:-3 + fundxfund:3,4|24|3|2,True,False,True,False,False
2|3,antifundxantifund:-4 + antifundxantifund:4 + antifundxfund:1 + fundxfund:-1,4|24|3|2,True,False,True,False,False
2|3,antifundxantifund:-4 + antifundxantifund:4 + antifundxfund:3 + fundxfund:-3,4|24|3|2,True,False,True,False,False
2|3,antifundxantifund:-4 + antifundxantifund:4 + fundxfund:-1 + fundxfund:1,4|24|3|2,True,False,True,False,False
2|3,antifundxantifund:-4 + antifundxantifund:4 + fundxfund:-3 + fundxfund:3,4|24|3|2,True,False,True,False,False
2|3,antifundxantifund:-4 + antifundxfund:-1 + antifundxfund:1 + fundxantifund:4,4|24|3|2,True,False,True,False,False
2|3,antifundxantifund:-4 + antifundxfund:-1 + fundxantifund:4 + fundxfund:1,4|24|3|2,True,False,True,False,False
2|3,antifundxantifund:-4 + antifundxfund:-3 + antifundxfund:3 + fundxantifund:4,4|24|3|2,True,False,True,False,False
2|3,antifundxantifund:-4 + antifundxfund:-3 + fundxantifund:4 + fundxfund:3,4|24|3|2,True,False,True,False,False
2|3,antifundxantifund:-4 + antifundxfund:1 + fundxantifund:4 + fundxfund:-1,4|24|3|2,True,False,True,False,False
2|3,antifundxantifund:-4 + antifundxfund:3 + fundxantifund:4 + fundxfund:-3,4|24|3|2,True,False,True,False,False
2|3,antifundxantifund:-4 + fundxantifund:4 + fundxfund:-1 + fundxfund:1,4|24|3|2,True,False,True,False,False
2|3,antifundxantifund:-4 + fundxantifund:4 + fundxfund:-3 + fundxfund:3,4|24|3|2,True,False,True,False,False
2|3,antifundxantifund:-6 + antifundxantifund:6 + antifundxfund:-1 + antifundxfund:1,4|24|3|2,True,False,True,False,False
2|3,antifundxantifund:-6 + antifundxantifund:6 + antifundxfund:-1 + fundxfund:1,4|24|3|2,True,False,True,False,False
2|3,antifundxantifund:-6 + antifundxantifund:6 + antifundxfund:1 + fundxfund:-1,4|24|3|2,True,False,True,False,False
2|3,antifundxantifund:-6 + antifundxantifund:6 + fundxfund:-1 + fundxfund:1,4|24|3|2,True,False,True,False,False
2|3,antifundxantifund:-6 + antifundxfund:-1 + antifundxfund:1 + fundxantifund:6,4|24|3|2,True,False,True,False,False
2|3,antifundxantifund:-6 + antifundxfund:-1 + fundxantifund:6 + fundxfund:1,4|24|3|2,True,False,True,False,False
2|3,antifundxantifund:-6 + antifundxfund:1 + fundxantifund:6 + fundxfund:-1,4|24|3|2,True,False,True,False,False
2|3,antifundxantifund:-6 + fundxantifund:6 + fundxfund:-1 + fundxfund:1,4|24|3|2,True,False,True,False,False
2|3,antifundxantifund:0 + antifundxfund:-1 + antifundxfund:1 + fundxantifund:0,4|24|3|2,True,False,True,False,False
2|3,antifundxantifund:0 + antifundxfund:-1 + fundxantifund:0 + fundxfund:1,4|24|3|2,True,False,True,False,False
2|3,antifundxantifund:0 + antifundxfund:1 + fundxantifund:0 + fundxfund:-1,4|24|3|2,True,False,True,False,False
2|3,antifundxantifund:0 + fundxantifund:0 + fundxfund:-1 + fundxfund:1,4|24|3|2,True,False,True,False,False
2|3,antifundxantifund:1 + antifundxfund:-2 + antifundxfund:2 + fundxantifund:-1,4|24|3|2,True,False,True,False,False
2|3,antifundxantifund:1 + antifundxfund:-2 + fundxantifund:-1 + fundxfund:2,4|24|3|2,True,False,True,False,False
2|3,antifundxantifund:1 + antifundxfund:-3 + antifundxfund:3 + fundxantifund:-1,4|24|3|2,True,False,True,False,False
2|3,antifundxantifund:1 + antifundxfund:-3 + fundxantifund:-1 + fundxfund:3,4|24|3|2,True,False,True,False,False
2|3,antifundxantifund:1 + antifundxfund:-4 + antifundxfund:4 + fundxantifund:-1,4|24|3|2,True,False,True,False,False
2|3,antifundxantifund:1 + antifundxfund:-4 + fundxantifund:-1 + fundxfund:4,4|24|3|2,True,False,True,False,False
2|3,antifundxantifund:1 + antifundxfund:-6 + antifundxfund:6 + fundxantifund:-1,4|24|3|2,True,False,True,False,False
2|3,antifundxantifund:1 + antifundxfund:-6 + fundxantifund:-1 + fundxfund:6,4|24|3|2,True,False,True,False,False
2|3,antifundxantifund:1 + antifundxfund:0 + fundxantifund:-1 + fundxfund:0,4|24|3|2,True,False,True,False,False
2|3,antifundxantifund:1 + antifundxfund:2 + fundxantifund:-1 + fundxfund:-2,4|24|3|2,True,False,True,False,False
2|3,antifundxantifund:1 + antifundxfund:3 + fundxantifund:-1 + fundxfund:-3,4|24|3|2,True,False,True,False,False
2|3,antifundxantifund:1 + antifundxfund:4 + fundxantifund:-1 + fundxfund:-4,4|24|3|2,True,False,True,False,False
2|3,antifundxantifund:1 + antifundxfund:6 + fundxantifund:-1 + fundxfund:-6,4|24|3|2,True,False,True,False,False
2|3,antifundxantifund:1 + fundxantifund:-1 + fundxfund:-2 + fundxfund:2,4|24|3|2,True,False,True,False,False
2|3,antifundxantifund:1 + fundxantifund:-1 + fundxfund:-3 + fundxfund:3,4|24|3|2,True,False,True,False,False
2|3,antifundxantifund:1 + fundxantifund:-1 + fundxfund:-4 + fundxfund:4,4|24|3|2,True,False,True,False,False
2|3,antifundxantifund:1 + fundxantifund:-1 + fundxfund:-6 + fundxfund:6,4|24|3|2,True,False,True,False,False
2|3,antifundxantifund:2 + antifundxfund:-1 + antifundxfund:1 + fundxantifund:-2,4|24|3|2,True,False,True,False,False
2|3,antifundxantifund:2 + antifundxfund:-1 + fundxantifund:-2 + fundxfund:1,4|24|3|2,True,False,True,False,False
2|3,antifundxantifund:2 + antifundxfund:-3 + antifundxfund:3 + fundxantifund:-2,4|24|3|2,True,False,True,False,False
2|3,antifundxantifund:2 + antifundxfund:-3 + fundxantifund:-2 + fundxfund:3,4|24|3|2,True,False,True,False,False
2|3,antifundxantifund:2 + antifundxfund:1 + fundxantifund:-2 + fundxfund:-1,4|24|3|2,True,False,True,False,False
2|3,antifundxantifund:2 + antifundxfund:3 + fundxantifund:-2 + fundxfund:-3,4|24|3|2,True,False,True,False,False
2|3,antifundxantifund:2 + fundxantifund:-2 + fundxfund:-1 + fundxfund:1,4|24|3|2,True,False,True,False,False
2|3,antifundxantifund:2 + fundxantifund:-2 + fundxfund:-3 + fundxfund:3,4|24|3|2,True,False,True,False,False
2|3,antifundxantifund:3 + antifundxfund:-1 + antifundxfund:1 + fundxantifund:-3,4|24|3|2,True,False,True,False,False
2|3,antifundxantifund:3 + antifundxfund:-1 + fundxantifund:-3 + fundxfund:1,4|24|3|2,True,False,True,False,False
2|3,antifundxantifund:3 + antifundxfund:-2 + antifundxfund:2 + fundxantifund:-3,4|24|3|2,True,False,True,False,False
2|3,antifundxantifund:3 + antifundxfund:-2 + fundxantifund:-3 + fundxfund:2,4|24|3|2,True,False,True,False,False
2|3,antifundxantifund:3 + antifundxfund:-4 + antifundxfund:4 + fundxantifund:-3,4|24|3|2,True,False,True,False,False
2|3,antifundxantifund:3 + antifundxfund:-4 + fundxantifund:-3 + fundxfund:4,4|24|3|2,True,False,True,False,False
2|3,antifundxantifund:3 + antifundxfund:1 + fundxantifund:-3 + fundxfund:-1,4|24|3|2,True,False,True,False,False
2|3,antifundxantifund:3 + antifundxfund:2 + fundxantifund:-3 + fundxfund:-2,4|24|3|2,True,False,True,False,False
2|3,antifundxantifund:3 + antifundxfund:4 + fundxantifund:-3 + fundxfund:-4,4|24|3|2,True,False,True,False,False
2|3,antifundxantifund:3 + fundxantifund:-3 + fundxfund:-1 + fundxfund:1,4|24|3|2,True,False,True,False,False
2|3,antifundxantifund:3 + fundxantifund:-3 + fundxfund:-2 + fundxfund:2,4|24|3|2,True,False,True,False,False
2|3,antifundxantifund:3 + fundxantifund:-3 + fundxfund:-4 + fundxfund:4,4|24|3|2,True,False,True,False,False
2|3,antifundxantifund:4 + antifundxfund:-1 + antifundxfund:1 + fundxantifund:-4,4|24|3|2,True,False,True,False,False
2|3,antifundxantifund:4 + antifundxfund:-1 + fundxantifund:-4 + fundxfund:1,4|24|3|2,True,False,True,False,False
2|3,antifundxantifund:4 + antifundxfund:-3 + antifundxfund:3 + fundxantifund:-4,4|24|3|2,True,False,True,False,False
2|3,antifundxantifund:4 + antifundxfund:-3 + fundxantifund:-4 + fundxfund:3,4|24|3|2,True,False,True,False,False
2|3,antifundxantifund:4 + antifundxfund:1 + fundxantifund:-4 + fundxfund:-1,4|24|3|2,True,False,True,False,False
2|3,antifundxantifund:4 + antifundxfund:3 + fundxantifund:-4 + fundxfund:-3,4|24|3|2,True,False,True,False,False
2|3,antifundxantifund:4 + fundxantifund:-4 + fundxfund:-1 + fundxfund:1,4|24|3|2,True,False,True,False,False
2|3,antifundxantifund:4 + fundxantifund:-4 + fundxfund:-3 + fundxfund:3,4|24|3|2,True,False,True,False,False
2|3,antifundxantifund:6 + antifundxfund:-1 + antifundxfund:1 + fundxantifund:-6,4|24|3|2,True,False,True,False,False
2|3,antifundxantifund:6 + antifundxfund:-1 + fundxantifund:-6 + fundxfund:1,4|24|3|2,True,False,True,False,False
2|3,antifundxantifund:6 + antifundxfund:1 + fundxantifund:-6 + fundxfund:-1,4|24|3|2,True,False,True,False,False
2|3,antifundxantifund:6 + fundxantifund:-6 + fundxfund:-1 + fundxfund:1,4|24|3|2,True,False,True,False,False
2|3,antifundxfund:-1 + antifundxfund:1 + fundxantifund:-2 + fundxantifund:2,4|24|3|2,True,False,True,False,False
2|3,antifundxfund:-1 + antifundxfund:1 + fundxantifund:-3 + fundxantifund:3,4|24|3|2,True,False,True,False,False
2|3,antifundxfund:-1 + antifundxfund:1 + fundxantifund:-4 + fundxantifund:4,4|24|3|2,True,False,True,False,False
2|3,antifundxfund:-1 + antifundxfund:1 + fundxantifund:-6 + fundxantifund:6,4|24|3|2,True,False,True,False,False
2|3,antifundxfund:-1 + fundxantifund:-2 + fundxantifund:2 + fundxfund:1,4|24|3|2,True,False,True,False,False
2|3,antifundxfund:-1 + fundxantifund:-3 + fundxantifund:3 + fundxfund:1,4|24|3|2,True,False,True,False,False
2|3,antifundxfund:-1 + fundxantifund:-4 + fundxantifund:4 + fundxfund:1,4|24|3|2,True,False,True,False,False
2|3,antifundxfund:-1 + fundxantifund:-6 + fundxantifund:6 + fundxfund:1,4|24|3|2,True,False,True,False,False
2|3,antifundxfund:-2 + antifundxfund:2 + fundxantifund:-1 + fundxantifund:1,4|24|3|2,True,False,True,False,False
2|3,antifundxfund:-2 + antifundxfund:2 + fundxantifund:-3 + fundxantifund:3,4|24|3|2,True,False,True,False,False
2|3,antifundxfund:-2 + fundxantifund:-1 + fundxantifund:1 + fundxfund:2,4|24|3|2,True,False,True,False,False
2|3,antifundxfund:-2 + fundxantifund:-3 + fundxantifund:3 + fundxfund:2,4|24|3|2,True,False,True,False,False
2|3,antifundxfund:-3 + antifundxfund:3 + fundxantifund:-1 + fundxantifund:1,4|24|3|2,True,False,True,False,False
2|3,antifundxfund:-3 + antifundxfund:3 + fundxantifund:-2 + fundxantifund:2,4|24|3|2,True,False,True,False,False
2|3,antifundxfund:-3 + antifundxfund:3 + fundxantifund:-4 + fundxantifund:4,4|24|3|2,True,False,True,False,False
2|3,antifundxfund:-3 + fundxantifund:-1 + fundxantifund:1 + fundxfund:3,4|24|3|2,True,False,True,False,False
2|3,antifundxfund:-3 + fundxantifund:-2 + fundxantifund:2 + fundxfund:3,4|24|3|2,True,False,True,False,False
2|3,antifundxfund:-3 + fundxantifund:-4 + fundxantifund:4 + fundxfund:3,4|24|3|2,True,False,True,False,False
2|3,antifundxfund:-4 + antifundxfund:4 + fundxantifund:-1 + fundxantifund:1,4|24|3|2,True,False,True,False,False
2|3,antifundxfund:-4 + antifundxfund:4 + fundxantifund:-3 + fundxantifund:3,4|24|3|2,True,False,True,False,False
2|3,antifundxfund:-4 + fundxantifund:-1 + fundxantifund:1 + fundxfund:4,4|24|3|2,True,False,True,False,False
2|3,antifundxfund:-4 + fundxantifund:-3 + fundxantifund:3 + fundxfund:4,4|24|3|2,True,False,True,False,False
2|3,antifundxfund:-6 + antifundxfund:6 + fundxantifund:-1 + fundxantifund:1,4|24|3|2,True,False,True,False,False
2|3,antifundxfund:-6 + fundxantifund:-1 + fundxantifund:1 + fundxfund:6,4|24|3|2,True,False,True,False,False
2|3,antifundxfund:0 + fundxantifund:-1 + fundxantifund:1 + fundxfund:0,4|24|3|2,True,False,True,False,False
2|3,antifundxfund:1 + fundxantifund:-2 + fundxantifund:2 + fundxfund:-1,4|24|3|2,True,False,True,False,False
2|3,antifundxfund:1 + fundxantifund:-3 + fundxantifund:3 + fundxfund:-1,4|24|3|2,True,False,True,False,False
2|3,antifundxfund:1 + fundxantifund:-4 + fundxantifund:4 + fundxfund:-1,4|24|3|2,True,False,True,False,False
2|3,antifundxfund:1 + fundxantifund:-6 + fundxantifund:6 + fundxfund:-1,4|24|3|2,True,False,True,False,False
2|3,antifundxfund:2 + fundxantifund:-1 + fundxantifund:1 + fundxfund:-2,4|24|3|2,True,False,True,False,False
2|3,antifundxfund:2 + fundxantifund:-3 + fundxantifund:3 + fundxfund:-2,4|24|3|2,True,False,True,False,False
2|3,antifundxfund:3 + fundxantifund:-1 + fundxantifund:1 + fundxfund:-3,4|24|3|2,True,False,True,False,False
2|3,antifundxfund:3 + fundxantifund:-2 + fundxantifund:2 + fundxfund:-3,4|24|3|2,True,False,True,False,False
2|3,antifundxfund:3 + fundxantifund:-4 + fundxantifund:4 + fundxfund:-3,4|24|3|2,True,False,True,False,False
2|3,antifundxfund:4 + fundxantifund:-1 + fundxantifund:1 + fundxfund:-4,4|24|3|2,True,False,True,False,False
2|3,antifundxfund:4 + fundxantifund:-3 + fundxantifund:3 + fundxfund:-4,4|24|3|2,True,False,True,False,False
2|3,antifundxfund:6 + fundxantifund:-1 + fundxantifund:1 + fundxfund:-6,4|24|3|2,True,False,True,False,False
2|3,fundxantifund:-1 + fundxantifund:1 + fundxfund:-2 + fundxfund:2,4|24|3|2,True,False,True,False,False
2|3,fundxantifund:-1 + fundxantifund:1 + fundxfund:-3 + fundxfund:3,4|24|3|2,True,False,True,False,False
2|3,fundxantifund:-1 + fundxantifund:1 + fundxfund:-4 + fundxfund:4,4|24|3|2,True,False,True,False,False
2|3,fundxantifund:-1 + fundxantifund:1 + fundxfund:-6 + fundxfund:6,4|24|3|2,True,False,True,False,False
2|3,fundxantifund:-2 + fundxantifund:2 + fundxfund:-1 + fundxfund:1,4|24|3|2,True,False,True,False,False
2|3,fundxantifund:-2 + fundxantifund:2 + fundxfund:-3 + fundxfund:3,4|24|3|2,True,False,True,False,False
2|3,fundxantifund:-3 + fundxantifund:3 + fundxfund:-1 + fundxfund:1,4|24|3|2,True,False,True,False,False
2|3,fundxantifund:-3 + fundxantifund:3 + fundxfund:-2 + fundxfund:2,4|24|3|2,True,False,True,False,False
2|3,fundxantifund:-3 + fundxantifund:3 + fundxfund:-4 + fundxfund:4,4|24|3|2,True,False,True,False,False
2|3,fundxantifund:-4 + fundxantifund:4 + fundxfund:-1 + fundxfund:1,4|24|3|2,True,False,True,False,False
2|3,fundxantifund:-4 + fundxantifund:4 + fundxfund:-3 + fundxfund:3,4|24|3|2,True,False,True,False,False
2|3,fundxantifund:-6 + fundxantifund:6 + fundxfund:-1 + fundxfund:1,4|24|3|2,True,False,True,False,False
2|3,antifundxantifund:-1 + antifundxsinglet:3 + antisym2xsinglet:-6 + singletxfund:-2 + singletxfund:4,5|15|3|2,False,False,True,False,False
2|3,antifundxantifund:-1 + antifundxsinglet:3 + singletxfund:-2 + singletxfund:4 + singletxsinglet:-6,5|15|3|2,True,True,True,True,False
2|3,antifundxantifund:-1 + antisym2xsinglet:-6 + fundxsinglet:3 + singletxfund:-2 + singletxfund:4,5|15|3|2,False,False,True,False,False
2|3,antifundxantifund:-1 + fundxsinglet:3 + singletxfund:-2 + singletxfund:4 + singletxsinglet:-6,5|15|3|2,True,True,True,True,False
2|3,antifundxantifund:1 + antifundxsinglet:-3 + antisym2xsinglet:6 + singletxfund:-4 + singletxfund:2,5|15|3|2,False,False,True,False,False
2|3,antifundxantifund:1 + antifundxsinglet:-3 + singletxfund:-4 + singletxfund:2 + singletxsinglet:6,5|15|3|2,True,True,True,True,False
2|3,antifundxantifund:1 + antisym2xsinglet:6 + fundxsinglet:-3 + singletxfund:-4 + singletxfund:2,5|15|3|2,False,False,True,False,False
2|3,antifundxantifund:1 + fundxsinglet:-3 + singletxfund:-4 + singletxfund:2 + singletxsinglet:6,5|15|3|2,True,True,True,True,False
2|3,antifundxfund:-1 + antifundxsinglet:3 + antisym2xsinglet:-6 + singletxantifund:-2 + singletxantifund:4,5|15|3|2,False,False,True,False,False
2|3,antifundxfund:-1 + antifundxsinglet:3 + antisym2xsinglet:-6 + singletxantifund:-2 + singletxantisym2:4,5|15|3|2,False,False,True,False,False
2|3,antifundxfund:-1 + antifundxsinglet:3 + antisym2xsinglet:-6 + singletxantifund:4 + singletxantisym2:-2,5|15|3|2,False,False,True,False,False
2|3,antifundxfund:-1 + antifundxsinglet:3 + antisym2xsinglet:-6 + singletxantisym2:-2 + singletxantisym2:4,5|15|3|2,False,False,True,False,False
2|3,antifundxfund:-1 + antifundxsinglet:3 + singletxantifund:-2 + singletxantifund:4 + singletxsinglet:-6,5|15|3|2,True,True,True,True,False
2|3,antifundxfund:-1 + antifundxsinglet:3 + singletxantifund:-2 + singletxantisym2:4 + singletxsinglet:-6,5|15|3|2,True,True,True,True,False
2|3,antifundxfund:-1 + antifundxsinglet:3 + singletxantifund:4 + singletxantisym2:-2 + singletxsinglet:-6,5|15|3|2,True,True,True,True,False
2|3,antifundxfund:-1 + antifundxsinglet:3 + singletxantisym2:-2 + singletxantisym2:4 + singletxsinglet:-6,5|15|3|2,True,True,True,True,False
2|3,antifundxfund:-1 + antisym2xsinglet:-6 + fundxsinglet:3 + singletxantifund:-2 + singletxantifund:4,5|15|3|2,False,False,True,False,False
2|3,antifundxfund:-1 + antisym2xsinglet:-6 + fundxsinglet:3 + singletxantifund:-2 + singletxantisym2:4,5|15|3|2,False,False,True,False,False
2|3,antifundxfund:-1 + antisym2xsinglet:-6 + fundxsinglet:3 + singletxantifund:4 + singletxantisym2:-2,5|15|3|2,False,False,True,False,False
2|3,antifundxfund:-1 + antisym2xsinglet:-6 + fundxsinglet:3 + singletxantisym2:-2 + singletxantisym2:4,5|15|3|2,False,False,True,False,False
2|3,antifundxfund:-1 + fundxsinglet:3 + singletxantifund:-2 + singletxantifund:4 + singletxsinglet:-6,5|15|3|2,True,True,True,True,False
2|3,antifundxfund:-1 + fundxsinglet:3 + singletxantifund:-2 + singletxantisym2:4 + singletxsinglet:-6,5|15|3|2,True,True,True,True,False
2|3,antifundxfund:-1 + fundxsinglet:3 + singletxantifund:4 + singletxantisym2:-2 + singletxsinglet:-6,5|15|3|2,True,True,True,True,False
2|3,antifundxfund:-1 + fundxsinglet:3 + singletxantisym2:-2 + singletxantisym2:4 + singletxsinglet:-6,5|15|3|2,True,True,True,True,False
2|3,antifundxfund:1 + antifundxsinglet:-3 + antisym2xsinglet:6 + singletxantifund:-4 + singletxantifund:2,5|15|3|2,False,False,True,False,False
2|3,antifundxfund:1 + antifundxsinglet:-3 + antisym2xsinglet:6 + singletxantifund:-4 + singletxantisym2:2,5|15|3|2,False,False,True,False,False
2|3,antifundxfund:1 + antifundxsinglet:-3 + antisym2xsinglet:6 + singletxantifund:2 + singletxantisym2:-4,5|15|3|2,False,False,True,False,False
2|3,antifundxfund:1 + antifundxsinglet:-3 + antisym2xsinglet:6 + singletxantisym2:-4 + singletxantisym2:2,5|15|3|2,False,False,True,False,False
2|3,antifundxfund:1 + antifundxsinglet:-3 + singletxantifund:-4 + singletxantifund:2 + singletxsinglet:6,5|15|3|2,True,True,True,True,False
2|3,antifundxfund:1 + antifundxsinglet:-3 + singletxantifund:-4 + singletxantisym2:2 + singletxsinglet:6,5|15|3|2,True,True,True,True,False
2|3,antifundxfund:1 + antifundxsinglet:-3 + singletxantifund:2 + singletxantisym2:-4 + singletxsinglet:6,5|15|3|2,True,True,True,True,False
2|3,antifundxfund:1 + antifundxsinglet:-3 + singletxantisym2:-4 + singletxantisym2:2 + singletxsinglet:6,5|15|3|2,True,True,True,True,False
2|3,antifundxfund:1 + antisym2xsinglet:6 + fundxsinglet:-3 + singletxantifund:-4 + singletxantifund:2,5|15|3|2,False,False,True,False,False
2|3,antifundxfund:1 + antisym2xsinglet:6 + fundxsinglet:-3 + singletxantifund:-4 + singletxantisym2:2,5|15|3|2,False,False,True,False,False
2|3,antifundxfund:1 + antisym2xsinglet:6 + fundxsinglet:-3 + singletxantifund:2 + singletxantisym2:-4,5|15|3|2,False,False,True,False,False
2|3,antifundxfund:1 + antisym2xsinglet:6 + fundxsinglet:-3 + singletxantisym2:-4 + singletxantisym2:2,5|15|3|2,False,False,True,False,False
2|3,antifundxfund:1 + fundxsinglet:-3 + singletxantifund:-4 + singletxantifund:2 + singletxsinglet:6,5|15|3|2,True,True,True,True,False
2|3,antifundxfund:1 + fundxsinglet:-3 + singletxantifund:-4 + singletxantisym2:2 + singletxsinglet:6,5|15|3|2,True,True,True,True,False
2|3,antifundxfund:1 + fundxsinglet:-3 + singletxantifund:2 + singletxantisym2:-4 + singletxsinglet:6,5|15|3|2,True,True,True,True,False
2|3,antifundxfund:1 + fundxsinglet:-3 + singletxantisym2:-4 + singletxantisym2:2 + singletxsinglet:6,5|15|3|2,True,True,True,True,False
2|3,antifundxsinglet:-3 + antisym2xsinglet:6 + fundxantifund:1 + singletxfund:-4 + singletxfund:2,5|15|3|2,False,False,True,False,False
2|3,antifundxsinglet:-3 + antisym2xsinglet:6 + fundxfund:1 + singletxantifund:-4 + singletxantifund:2,5|15|3|2,False,False,True,False,False
2|3,antifundxsinglet:-3 + antisym2xsinglet:6 + fundxfund:1 + singletxantifund:-4 + singletxantisym2:2,5|15|3|2,False,False,True,False,False
2|3,antifundxsinglet:-3 + antisym2xsinglet:6 + fundxfund:1 + singletxantifund:2 + singletxantisym2:-4,5|15|3|2,False,False,True,False,False
2|3,antifundxsinglet:-3 + antisym2xsinglet:6 + fundxfund:1 + singletxantisym2:-4 + singletxantisym2:2,5|15|3|2,False,False,True,False,False
2|3,antifundxsinglet:-3 + fundxantifund:1 + singletxfund:-4 + singletxfund:2 + singletxsinglet:6,5|15|3|2,True,True,True,True,False
2|3,antifundxsinglet:-3 + fundxfund:1 + singletxantifund:-4 + singletxantifund:2 + singletxsinglet:6,5|15|3|2,True,True,True,True,False
2|3,antifundxsinglet:-3 + fundxfund:1 + singletxantifund:-4 + singletxantisym2:2 + singletxsinglet:6,5|15|3|2,True,True,True,True,False
2|3,antifundxsinglet:-3 + fundxfund:1 + singletxantifund:2 + singletxantisym2:-4 + singletxsinglet:6,5|15|3|2,True,True,True,True,False
2|3,antifundxsinglet:-3 + fundxfund:1 + singletxantisym2:-4 + singletxantisym2:2 + singletxsinglet:6,5|15|3|2,True,True,True,True,False
2|3,antifundxsinglet:3 + antisym2xsinglet:-6 + fundxantifund:-1 + singletxfund:-2 + singletxfund:4,5|15|3|2,False,False,True,False,False
2|3,antifundxsinglet:3 + antisym2xsinglet:-6 + fundxfund:-1 + singletxantifund:-2 + singletxantifund:4,5|15|3|2,False,False,True,False,False
2|3,antifundxsinglet:3 + antisym2xsinglet:-6 + fundxfund:-1 + singletxantifund:-2 + singletxantisym2:4,5|15|3|2,False,False,True,False,False
2|3,antifundxsinglet:3 + antisym2xsinglet:-6 + fundxfund:-1 + singletxantifund:4 + singletxantisym2:-2,5|15|3|2,False,False,True,False,False
2|3,antifundxsinglet:3 + antisym2xsinglet:-6 + fundxfund:-1 + singletxantisym2:-2 + singletxantisym2:4,5|15|3|2,False,False,True,False,False
2|3,antifundxsinglet:3 + fundxantifund:-1 + singletxfund:-2 + singletxfund:4 + singletxsinglet:-6,5|15|3|2,True,True,True,True,False
2|3,antifundxsinglet:3 + fundxfund:-1 + singletxantifund:-2 + singletxantifund:4 + singletxsinglet:-6,5|15|3|2,True,True,True,True,False
2|3,antifundxsinglet:3 + fundxfund:-1 + singletxantifund:-2 + singletxantisym2:4 + singletxsinglet:-6,5|15|3|2,True,True,True,True,False
2|3,antifundxsinglet:3 + fundxfund:-1 + singletxantifund:4 + singletxantisym2:-2 + singletxsinglet:-6,5|15|3|2,True,True,True,True,False
2|3,antifundxsinglet:3 + fundxfund:-1 + singletxantisym2:-2 + singletxantisym2:4 + singletxsinglet:-6,5|15|3|2,True,True,True,True,False
2|3,antisym2xsinglet:-6 + fundxantifund:-1 + fundxsinglet:3 + singletxfund:-2 + singletxfund:4,5|15|3|2,False,False,True,False,False
2|3,antisym2xsinglet:-6 + fundxfund:-1 + fundxsinglet:3 + singletxantifund:-2 + singletxantifund:4,5|15|3|2,False,False,True,False,False
2|3,antisym2xsinglet:-6 + fundxfund:-1 + fundxsinglet:3 + singletxantifund:-2 + singletxantisym2:4,5|15|3|2,False,False,True,False,False
2|3,antisym2xsinglet:-6 + fundxfund:-1 + fundxsinglet:3 + singletxantifund:4 + singletxantisym2:-2,5|15|3|2,False,False,True,False,False
2|3,antisym2xsinglet:-6 + fundxfund:-1 + fundxsinglet:3 + singletxantisym2:-2 + singletxantisym2:4,5|15|3|2,False,False,True,False,False
2|3,antisym2xsinglet:6 + fundxantifund:1 + fundxsinglet:-3 + singletxfund:-4 + singletxfund:2,5|15|3|2,False,False,True,False,False
2|3,antisym2xsinglet:6 + fundxfund:1 + fundxsinglet:-3 + singletxantifund:-4 + singletxantifund:2,5|15|3|2,False,False,True,False,False
2|3,antisym2xsinglet:6 + fundxfund:1 + fundxsinglet:-3 + singletxantifund:-4 + singletxantisym2:2,5|15|3|2,False,False,True,False,False
2|3,antisym2xsinglet:6 + fundxfund:1 + fundxsinglet:-3 + singletxantifund:2 + singletxantisym2:-4,5|15|3|2,False,False,True,False,False
2|3,antisym2xsinglet:6 + fundxfund:1 + fundxsinglet:-3 + singletxantisym2:-4 + singletxantisym2:2,5|15|3|2,False,False,True,False,False
2|3,fundxantifund:-1 + fundxsinglet:3 + singletxfund:-2 + singletxfund:4 + singletxsinglet:-6,5|15|3|2,True,True,True,True,False
2|3,fundxantifund:1 + fundxsinglet:-3 + singletxfund:-4 + singletxfund:2 + singletxsinglet:6,5|15|3|2,True,True,True,True,False
2|3,fundxfund:-1 + fundxsinglet:3 + singletxantifund:-2 + singletxantifund:4 + singletxsinglet:-6,5|15|3|2,True,True,True,True,False
2|3,fundxfund:-1 + fundxsinglet:3 + singletxantifund:-2 + singletxantisym2:4 + singletxsinglet:-6,5|15|3|2,True,True,True,True,False
2|3,fundxfund:-1 + fundxsinglet:3 + singletxantifund:4 + singletxantisym2:-2 + singletxsinglet:-6,5|15|3|2,True,True,True,True,False
2|3,fundxfund:-1 + fundxsinglet:3 + singletxantisym2:-2 + singletxantisym2:4 + singletxsinglet:-6,5|15|3|2,True,True,True,True,False
2|3,fundxfund:1 + fundxsinglet:-3 + singletxantifund:-4 + singletxantifund:2 + singletxsinglet:6,5|15|3|2,True,True,True,True,True
2|3,fundxfund:1 + fundxsinglet:-3 + singletxantifund:-4 + singletxantisym2:2 + singletxsinglet:6,5|15|3|2,True,True,True,True,False
2|3,fundxfund:1 + fundxsinglet:-3 + singletxantifund:2 + singletxantisym2:-4 + singletxsinglet:6,5|15|3|2,True,True,True,True,False
2|3,fundxfund:1 + fundxsinglet:-3 + singletxantisym2:-4 + singletxantisym2:2 + singletxsinglet:6,5|15|3|2,True,True,True,True,False
2|4,antisym2xsinglet:-4 + singletxantifund:1 + singletxantisym2:-2 + singletxfund:3,4|15|4|2,False,False,True,False,False
2|4,antisym2xsinglet:-4 + singletxantifund:3 + singletxantisym2:-2 + singletxfund:1,4|15|4|2,False,False,True,False,False
2|4,antisym2xsinglet:4 + singletxantifund:-1 + singletxantisym2:2 + singletxfund:-3,4|15|4|2,False,False,True,False,False
2|4,antisym2xsinglet:4 + singletxantifund:-3 + singletxantisym2:2 + singletxfund:-1,4|15|4|2,False,False,True,False,False
2|4,antisym2xsinglet:-1 + antisym2xsinglet:3 + singletxantifund:-2 + singletxantisym2:1 + singletxfund:0,5|16|4|2,False,False,True,False,False
2|4,antisym2xsinglet:-1 + antisym2xsinglet:3 + singletxantifund:0 + singletxantisym2:1 + singletxfund:-2,5|16|4|2,False,False,True,False,False
2|4,antisym2xsinglet:-1 + singletxantifund:-2 + singletxantisym2:1 + singletxfund:0 + singletxsinglet:3,5|16|4|2,False,False,True,False,False
2|4,antisym2xsinglet:-1 + singletxantifund:0 + singletxantisym2:1 + singletxfund:-2 + singletxsinglet:3,5|16|4|2,False,False,True,False,False
2|4,antisym2xsinglet:-1 + singletxantifund:1 + singletxantisym2:-1 + singletxfund:1 + singletxsinglet:-1,5|16|4|2,False,False,True,False,False
2|4,antisym2xsinglet:-3 + antisym2xsinglet:1 + singletxantifund:0 + singletxantisym2:-1 + singletxfund:2,5|16|4|2,False,False,True,False,False
2|4,antisym2xsinglet:-3 + antisym2xsinglet:1 + singletxantifund:2 + singletxantisym2:-1 + singletxfund:0,5|16|4|2,False,False,True,False,False
2|4,antisym2xsinglet:-3 + singletxantifund:0 + singletxantisym2:-1 + singletxfund:2 + singletxsinglet:1,5|16|4|2,False,False,True,False,False
2|4,antisym2xsinglet:-3 + singletxantifund:2 + singletxantisym2:-1 + singletxfund:0 + singletxsinglet:1,5|16|4|2,False,False,True,False,False
2|4,antisym2xsinglet:1 + singletxantifund:-1 + singletxantisym2:1 + singletxfund:-1 + singletxsinglet:1,5|16|4|2,False,False,True,False,False
2|4,antisym2xsinglet:1 + singletxantifund:0 + singletxantisym2:-1 + singletxfund:2 + singletxsinglet:-3,5|16|4|2,False,False,True,False,False
2|4,antisym2xsinglet:1 + singletxantifund:2 + singletxantisym2:-1 + singletxfund:0 + singletxsinglet:-3,5|16|4|2,False,False,True,False,False
2|4,antisym2xsinglet:3 + singletxantifund:-2 + singletxantisym2:1 + singletxfund:0 + singletxsinglet:-1,5|16|4|2,False,False,True,False,False
2|4,antisym2xsinglet:3 + singletxantifund:0 + singletxantisym2:1 + singletxfund:-2 + singletxsinglet:-1,5|16|4|2,False,False,True,False,False
3,antifund:-1 + antifund:1 + fund:-2 + fund:2,4|12|2|1,True,True,True,True,False
3,antifund:-1 + antifund:1 + fund:-3 + fund:3,4|12|2|1,True,True,True,True,False
3,antifund:-1 + antifund:1 + fund:-4 + fund:4,4|12|2|1,True,True,True,True,False
3,antifund:-1 + antifund:1 + fund:-6 + fund:6,4|12|2|1,True,True,True,True,False
3,antifund:-1 + antisym2:1 + fund:-2 + fund:2,4|12|2|1,True,True,True,True,False
3,antifund:-1 + antisym2:1 + fund:-3 + fund:3,4|12|2|1,True,True,True,True,False
3,antifund:-1 + antisym2:1 + fund:-4 + fund:4,4|12|2|1,True,True,True,True,False
3,antifund:-1 + antisym2:1 + fund:-6 + fund:6,4|12|2|1,True,True,True,True,False
3,antifund:-2 + antifund:2 + fund:-1 + fund:1,4|12|2|1,True,True,True,True,False
3,antifund:-2 + antifund:2 + fund:-3 + fund:3,4|12|2|1,True,True,True,True,False
3,antifund:-2 + antisym2:2 + fund:-1 + fund:1,4|12|2|1,True,True,True,True,False
3,antifund:-2 + antisym2:2 + fund:-3 + fund:3,4|12|2|1,True,True,True,True,False
3,antifund:-3 + antifund:3 + fund:-1 + fund:1,4|12|2|1,True,True,True,True,False
3,antifund:-3 + antifund:3 + fund:-2 + fund:2,4|12|2|1,True,True,True,True,False
3,antifund:-3 + antifund:3 + fund:-4 + fund:4,4|12|2|1,True,True,True,True,False
3,antifund:-3 + antisym2:3 + fund:-1 + fund:1,4|12|2|1,True,True,True,True,False
3,antifund:-3 + antisym2:3 + fund:-2 + fund:2,4|12|2|1,True,True,True,True,False
3,antifund:-3 + antisym2:3 + fund:-4 + fund:4,4|12|2|1,True,True,True,True,False
3,antifund:-4 + antifund:4 + fund:-1 + fund:1,4|12|2|1,True,True,True,True,False
3,antifund:-4 + antifund:4 + fund:-3 + fund:3,4|12|2|1,True,True,True,True,False
3,antifund:-4 + antisym2:4 + fund:-1 + fund:1,4|12|2|1,True,True,True,True,False
3,antifund:-4 + antisym2:4 + fund:-3 + fund:3,4|12|2|1,True,True,True,True,False
3,antifund:-6 + antifund:6 + fund:-1 + fund:1,4|12|2|1,True,True,True,True,False
3,antifund:-6 + antisym2:6 + fund:-1 + fund:1,4|12|2|1,True,True,True,True,False
3,antifund:0 + antisym2:0 + fund:-1 + fund:1,4|12|2|1,True,True,True,True,False
3,antifund:1 + antisym2:-1 + fund:-2 + fund:2,4|12|2|1,True,True,True,True,False
3,antifund:1 + antisym2:-1 + fund:-3 + fund:3,4|12|2|1,True,True,True,True,False
3,antifund:1 + antisym2:-1 + fund:-4 + fund:4,4|12|2|1,True,True,True,True,False
3,antifund:1 + antisym2:-1 + fund:-6 + fund:6,4|12|2|1,True,True,True,True,False
3,antifund:2 + antisym2:-2 + fund:-1 + fund:1,4|12|2|1,True,True,True,True,False
3,antifund:2 + antisym2:-2 + fund:-3 + fund:3,4|12|2|1,True,True,True,True,False
3,antifund:3 + antisym2:-3 + fund:-1 + fund:1,4|12|2|1,True,True,True,True,False
3,antifund:3 + antisym2:-3 + fund:-2 + fund:2,4|12|2|1,True,True,True,True,False
3,antifund:3 + antisym2:-3 + fund:-4 + fund:4,4|12|2|1,True,True,True,True,False
3,antifund:4 + antisym2:-4 + fund:-1 + fund:1,4|12|2|1,True,True,True,True,False
3,antifund:4 + antisym2:-4 + fund:-3 + fund:3,4|12|2|1,True,True,True,True,False
3,antifund:6 + antisym2:-6 + fund:-1 + fund:1,4|12|2|1,True,True,True,True,False
3,antisym2:-1 + antisym2:1 + fund:-2 + fund:2,4|12|2|1,True,True,True,True,False
3,antisym2:-1 + antisym2:1 + fund:-3 + fund:3,4|12|2|1,True,True,True,True,False
3,antisym2:-1 + antisym2:1 + fund:-4 + fund:4,4|12|2|1,True,True,True,True,False
3,antisym2:-1 + antisym2:1 + fund:-6 + fund:6,4|12|2|1,True,True,True,True,False
3,antisym2:-2 + antisym2:2 + fund:-1 + fund:1,4|12|2|1,True,True,True,True,False
3,antisym2:-2 + antisym2:2 + fund:-3 + fund:3,4|12|2|1,True,True,True,True,False
3,antisym2:-3 + antisym2:3 + fund:-1 + fund:1,4|12|2|1,True,True,True,True,False
3,antisym2:-3 + antisym2:3 + fund:-2 + fund:2,4|12|2|1,True,True,True,True,False
3,antisym2:-3 + antisym2:3 + fund:-4 + fund:4,4|12|2|1,True,True,True,True,False
3,antisym2:-4 + antisym2:4 + fund:-1 + fund:1,4|12|2|1,True,True,True,True,False
3,antisym2:-4 + antisym2:4 + fund:-3 + fund:3,4|12|2|1,True,True,True,True,False
3,antisym2:-6 + antisym2:6 + fund:-1 + fund:1,4|12|2|1,True,True,True,True,False
4,antifund:-1 + antisym2:2 + fund:-3 + singlet:4,4|15|3|1,True,True,True,True,False
4,antifund:-3 + antisym2:2 + fund:-1 + singlet:4,4|15|3|1,True,True,True,True,False
4,antifund:1 + antisym2:-2 + fund:3 + singlet:-4,4|15|3|1,True,True,True,True,False
4,antifund:3 + antisym2:-2 + fund:1 + singlet:-4,4|15|3|1,True,True,True,True,False
4,antifund:-1 + antifund:1 + fund:-2 + fund:2,4|16|3|1,True,True,True,True,False
4,antifund:-1 + antifund:1 + fund:-3 + fund:3,4|16|3|1,True,True,True,True,False
4,antifund:-1 + antifund:1 + fund:-4 + fund:4,4|16|3|1,True,True,True,True,False
4,antifund:-1 + antifund:1 + fund:-6 + fund:6,4|16|3|1,True,True,True,True,False
4,antifund:-2 + antifund:2 + fund:-1 + fund:1,4|16|3|1,True,True,True,True,False
4,antifund:-2 + antifund:2 + fund:-3 + fund:3,4|16|3|1,True,True,True,True,False
4,antifund:-3 + antifund:3 + fund:-1 + fund:1,4|16|3|1,True,True,True,True,False
4,antifund:-3 + antifund:3 + fund:-2 + fund:2,4|16|3|1,True,True,True,True,False
4,antifund:-3 + antifund:3 + fund:-4 + fund:4,4|16|3|1,True,True,True,True,False
4,antifund:-4 + antifund:4 + fund:-1 + fund:1,4|16|3|1,True,True,True,True,False
4,antifund:-4 + antifund:4 + fund:-3 + fund:3,4|16|3|1,True,True,True,True,False
4,antifund:-6 + antifund:6 + fund:-1 + fund:1,4|16|3|1,True,True,True,True,False
4,antifund:-2 + antisym2:1 + fund:0 + singlet:-1 + singlet:3,5|16|3|1,True,False,True,False,False
4,antifund:0 + antisym2:-1 + fund:2 + singlet:-3 + singlet:1,5|16|3|1,True,False,True,False,False
4,antifund:0 + antisym2:1 + fund:-2 + singlet:-1 + singlet:3,5|16|3|1,True,False,True,False,False
4,antifund:2 + antisym2:-1 + fund:0 + singlet:-3 + singlet:1,5|16|3|1,True,False,True,False,False
