denominator,support_row_count,denominator_mass,radiative_threshold_strict_gt,target_ratio_max_inclusive,small_theta,selector_mass,selector_fraction,positive_measure,small,realized_score,realized_in_selector,realized_f47
full_product_unweighted,8640,8640,2.00,0.0001,0.010000,720,0.083333333333,True,False,2.750000,True,False
full_product_unweighted,8640,8640,2.00,0.0001,0.025000,720,0.083333333333,True,False,2.750000,True,False
full_product_unweighted,8640,8640,2.00,0.0001,0.050000,720,0.083333333333,True,False,2.750000,True,False
full_product_unweighted,8640,8640,2.00,0.0001,0.100000,720,0.083333333333,True,True,2.750000,True,True
full_product_unweighted,8640,8640,2.00,0.0001,0.150000,720,0.083333333333,True,True,2.750000,True,True
full_product_unweighted,8640,8640,2.00,0.01,0.010000,1440,0.166666666667,True,False,2.750000,True,False
full_product_unweighted,8640,8640,2.00,0.01,0.025000,1440,0.166666666667,True,False,2.750000,True,False
full_product_unweighted,8640,8640,2.00,0.01,0.050000,1440,0.166666666667,True,False,2.750000,True,False
full_product_unweighted,8640,8640,2.00,0.01,0.100000,1440,0.166666666667,True,False,2.750000,True,False
full_product_unweighted,8640,8640,2.00,0.01,0.150000,1440,0.166666666667,True,False,2.750000,True,False
full_product_unweighted,8640,8640,2.00,1,0.010000,2160,0.250000000000,True,False,2.750000,True,False
full_product_unweighted,8640,8640,2.00,1,0.025000,2160,0.250000000000,True,False,2.750000,True,False
full_product_unweighted,8640,8640,2.00,1,0.050000,2160,0.250000000000,True,False,2.750000,True,False
full_product_unweighted,8640,8640,2.00,1,0.100000,2160,0.250000000000,True,False,2.750000,True,False
full_product_unweighted,8640,8640,2.00,1,0.150000,2160,0.250000000000,True,False,2.750000,True,False
full_product_unweighted,8640,8640,2.05,0.0001,0.010000,720,0.083333333333,True,False,2.750000,True,False
full_product_unweighted,8640,8640,2.05,0.0001,0.025000,720,0.083333333333,True,False,2.750000,True,False
full_product_unweighted,8640,8640,2.05,0.0001,0.050000,720,0.083333333333,True,False,2.750000,True,False
full_product_unweighted,8640,8640,2.05,0.0001,0.100000,720,0.083333333333,True,True,2.750000,True,True
full_product_unweighted,8640,8640,2.05,0.0001,0.150000,720,0.083333333333,True,True,2.750000,True,True
full_product_unweighted,8640,8640,2.05,0.01,0.010000,1440,0.166666666667,True,False,2.750000,True,False
full_product_unweighted,8640,8640,2.05,0.01,0.025000,1440,0.166666666667,True,False,2.750000,True,False
full_product_unweighted,8640,8640,2.05,0.01,0.050000,1440,0.166666666667,True,False,2.750000,True,False
full_product_unweighted,8640,8640,2.05,0.01,0.100000,1440,0.166666666667,True,False,2.750000,True,False
full_product_unweighted,8640,8640,2.05,0.01,0.150000,1440,0.166666666667,True,False,2.750000,True,False
full_product_unweighted,8640,8640,2.05,1,0.010000,2160,0.250000000000,True,False,2.750000,True,False
full_product_unweighted,8640,8640,2.05,1,0.025000,2160,0.250000000000,True,False,2.750000,True,False
full_product_unweighted,8640,8640,2.05,1,0.050000,2160,0.250000000000,True,False,2.750000,True,False
full_product_unweighted,8640,8640,2.05,1,0.100000,2160,0.250000000000,True,False,2.750000,True,False
full_product_unweighted,8640,8640,2.05,1,0.150000,2160,0.250000000000,True,False,2.750000,True,False
full_product_unweighted,8640,8640,2.10,0.0001,0.010000,720,0.083333333333,True,False,2.750000,True,False
full_product_unweighted,8640,8640,2.10,0.0001,0.025000,720,0.083333333333,True,False,2.750000,True,False
full_product_unweighted,8640,8640,2.10,0.0001,0.050000,720,0.083333333333,True,False,2.750000,True,False
full_product_unweighted,8640,8640,2.10,0.0001,0.100000,720,0.083333333333,True,True,2.750000,True,True
full_product_unweighted,8640,8640,2.10,0.0001,0.150000,720,0.083333333333,True,True,2.750000,True,True
full_product_unweighted,8640,8640,2.10,0.01,0.010000,1440,0.166666666667,True,False,2.750000,True,False
full_product_unweighted,8640,8640,2.10,0.01,0.025000,1440,0.166666666667,True,False,2.750000,True,False
full_product_unweighted,8640,8640,2.10,0.01,0.050000,1440,0.166666666667,True,False,2.750000,True,False
full_product_unweighted,8640,8640,2.10,0.01,0.100000,1440,0.166666666667,True,False,2.750000,True,False
full_product_unweighted,8640,8640,2.10,0.01,0.150000,1440,0.166666666667,True,False,2.750000,True,False
full_product_unweighted,8640,8640,2.10,1,0.010000,2160,0.250000000000,True,False,2.750000,True,False
full_product_unweighted,8640,8640,2.10,1,0.025000,2160,0.250000000000,True,False,2.750000,True,False
full_product_unweighted,8640,8640,2.10,1,0.050000,2160,0.250000000000,True,False,2.750000,True,False
full_product_unweighted,8640,8640,2.10,1,0.100000,2160,0.250000000000,True,False,2.750000,True,False
full_product_unweighted,8640,8640,2.10,1,0.150000,2160,0.250000000000,True,False,2.750000,True,False
full_product_unweighted,8640,8640,2.15,0.0001,0.010000,720,0.083333333333,True,False,2.750000,True,False
full_product_unweighted,8640,8640,2.15,0.0001,0.025000,720,0.083333333333,True,False,2.750000,True,False
full_product_unweighted,8640,8640,2.15,0.0001,0.050000,720,0.083333333333,True,False,2.750000,True,False
full_product_unweighted,8640,8640,2.15,0.0001,0.100000,720,0.083333333333,True,True,2.750000,True,True
full_product_unweighted,8640,8640,2.15,0.0001,0.150000,720,0.083333333333,True,True,2.750000,True,True
full_product_unweighted,8640,8640,2.15,0.01,0.010000,1440,0.166666666667,True,False,2.750000,True,False
full_product_unweighted,8640,8640,2.15,0.01,0.025000,1440,0.166666666667,True,False,2.750000,True,False
full_product_unweighted,8640,8640,2.15,0.01,0.050000,1440,0.166666666667,True,False,2.750000,True,False
full_product_unweighted,8640,8640,2.15,0.01,0.100000,1440,0.166666666667,True,False,2.750000,True,False
full_product_unweighted,8640,8640,2.15,0.01,0.150000,1440,0.166666666667,True,False,2.750000,True,False
full_product_unweighted,8640,8640,2.15,1,0.010000,2160,0.250000000000,True,False,2.750000,True,False
full_product_unweighted,8640,8640,2.15,1,0.025000,2160,0.250000000000,True,False,2.750000,True,False
full_product_unweighted,8640,8640,2.15,1,0.050000,2160,0.250000000000,True,False,2.750000,True,False
full_product_unweighted,8640,8640,2.15,1,0.100000,2160,0.250000000000,True,False,2.750000,True,False
full_product_unweighted,8640,8640,2.15,1,0.150000,2160,0.250000000000,True,False,2.750000,True,False
full_product_unweighted,8640,8640,2.20,0.0001,0.010000,720,0.083333333333,True,False,2.750000,True,False
full_product_unweighted,8640,8640,2.20,0.0001,0.025000,720,0.083333333333,True,False,2.750000,True,False
full_product_unweighted,8640,8640,2.20,0.0001,0.050000,720,0.083333333333,True,False,2.750000,True,False
full_product_unweighted,8640,8640,2.20,0.0001,0.100000,720,0.083333333333,True,True,2.750000,True,True
full_product_unweighted,8640,8640,2.20,0.0001,0.150000,720,0.083333333333,True,True,2.750000,True,True
full_product_unweighted,8640,8640,2.20,0.01,0.010000,1440,0.166666666667,True,False,2.750000,True,False
full_product_unweighted,8640,8640,2.20,0.01,0.025000,1440,0.166666666667,True,False,2.750000,True,False
full_product_unweighted,8640,8640,2.20,0.01,0.050000,1440,0.166666666667,True,False,2.750000,True,False
full_product_unweighted,8640,8640,2.20,0.01,0.100000,1440,0.166666666667,True,False,2.750000,True,False
full_product_unweighted,8640,8640,2.20,0.01,0.150000,1440,0.166666666667,True,False,2.750000,True,False
full_product_unweighted,8640,8640,2.20,1,0.010000,2160,0.250000000000,True,False,2.750000,True,False
full_product_unweighted,8640,8640,2.20,1,0.025000,2160,0.250000000000,True,False,2.750000,True,False
full_product_unweighted,8640,8640,2.20,1,0.050000,2160,0.250000000000,True,False,2.750000,True,False
full_product_unweighted,8640,8640,2.20,1,0.100000,2160,0.250000000000,True,False,2.750000,True,False
full_product_unweighted,8640,8640,2.20,1,0.150000,2160,0.250000000000,True,False,2.750000,True,False
full_product_unweighted,8640,8640,2.25,0.0001,0.010000,720,0.083333333333,True,False,2.750000,True,False
full_product_unweighted,8640,8640,2.25,0.0001,0.025000,720,0.083333333333,True,False,2.750000,True,False
full_product_unweighted,8640,8640,2.25,0.0001,0.050000,720,0.083333333333,True,False,2.750000,True,False
full_product_unweighted,8640,8640,2.25,0.0001,0.100000,720,0.083333333333,True,True,2.750000,True,True
full_product_unweighted,8640,8640,2.25,0.0001,0.150000,720,0.083333333333,True,True,2.750000,True,True
full_product_unweighted,8640,8640,2.25,0.01,0.010000,1440,0.166666666667,True,False,2.750000,True,False
full_product_unweighted,8640,8640,2.25,0.01,0.025000,1440,0.166666666667,True,False,2.750000,True,False
full_product_unweighted,8640,8640,2.25,0.01,0.050000,1440,0.166666666667,True,False,2.750000,True,False
full_product_unweighted,8640,8640,2.25,0.01,0.100000,1440,0.166666666667,True,False,2.750000,True,False
full_product_unweighted,8640,8640,2.25,0.01,0.150000,1440,0.166666666667,True,False,2.750000,True,False
full_product_unweighted,8640,8640,2.25,1,0.010000,2160,0.250000000000,True,False,2.750000,True,False
full_product_unweighted,8640,8640,2.25,1,0.025000,2160,0.250000000000,True,False,2.750000,True,False
full_product_unweighted,8640,8640,2.25,1,0.050000,2160,0.250000000000,True,False,2.750000,True,False
full_product_unweighted,8640,8640,2.25,1,0.100000,2160,0.250000000000,True,False,2.750000,True,False
full_product_unweighted,8640,8640,2.25,1,0.150000,2160,0.250000000000,True,False,2.750000,True,False
full_product_unweighted,8640,8640,2.30,0.0001,0.010000,720,0.083333333333,True,False,2.750000,True,False
full_product_unweighted,8640,8640,2.30,0.0001,0.025000,720,0.083333333333,True,False,2.750000,True,False
full_product_unweighted,8640,8640,2.30,0.0001,0.050000,720,0.083333333333,True,False,2.750000,True,False
full_product_unweighted,8640,8640,2.30,0.0001,0.100000,720,0.083333333333,True,True,2.750000,True,True
full_product_unweighted,8640,8640,2.30,0.0001,0.150000,720,0.083333333333,True,True,2.750000,True,True
full_product_unweighted,8640,8640,2.30,0.01,0.010000,1440,0.166666666667,True,False,2.750000,True,False
full_product_unweighted,8640,8640,2.30,0.01,0.025000,1440,0.166666666667,True,False,2.750000,True,False
full_product_unweighted,8640,8640,2.30,0.01,0.050000,1440,0.166666666667,True,False,2.750000,True,False
full_product_unweighted,8640,8640,2.30,0.01,0.100000,1440,0.166666666667,True,False,2.750000,True,False
full_product_unweighted,8640,8640,2.30,0.01,0.150000,1440,0.166666666667,True,False,2.750000,True,False
full_product_unweighted,8640,8640,2.30,1,0.010000,2160,0.250000000000,True,False,2.750000,True,False
full_product_unweighted,8640,8640,2.30,1,0.025000,2160,0.250000000000,True,False,2.750000,True,False
full_product_unweighted,8640,8640,2.30,1,0.050000,2160,0.250000000000,True,False,2.750000,True,False
full_product_unweighted,8640,8640,2.30,1,0.100000,2160,0.250000000000,True,False,2.750000,True,False
full_product_unweighted,8640,8640,2.30,1,0.150000,2160,0.250000000000,True,False,2.750000,True,False
full_product_unweighted,8640,8640,2.35,0.0001,0.010000,720,0.083333333333,True,False,2.750000,True,False
full_product_unweighted,8640,8640,2.35,0.0001,0.025000,720,0.083333333333,True,False,2.750000,True,False
full_product_unweighted,8640,8640,2.35,0.0001,0.050000,720,0.083333333333,True,False,2.750000,True,False
full_product_unweighted,8640,8640,2.35,0.0001,0.100000,720,0.083333333333,True,True,2.750000,True,True
full_product_unweighted,8640,8640,2.35,0.0001,0.150000,720,0.083333333333,True,True,2.750000,True,True
full_product_unweighted,8640,8640,2.35,0.01,0.010000,1440,0.166666666667,True,False,2.750000,True,False
full_product_unweighted,8640,8640,2.35,0.01,0.025000,1440,0.166666666667,True,False,2.750000,True,False
full_product_unweighted,8640,8640,2.35,0.01,0.050000,1440,0.166666666667,True,False,2.750000,True,False
full_product_unweighted,8640,8640,2.35,0.01,0.100000,1440,0.166666666667,True,False,2.750000,True,False
full_product_unweighted,8640,8640,2.35,0.01,0.150000,1440,0.166666666667,True,False,2.750000,True,False
full_product_unweighted,8640,8640,2.35,1,0.010000,2160,0.250000000000,True,False,2.750000,True,False
full_product_unweighted,8640,8640,2.35,1,0.025000,2160,0.250000000000,True,False,2.750000,True,False
full_product_unweighted,8640,8640,2.35,1,0.050000,2160,0.250000000000,True,False,2.750000,True,False
full_product_unweighted,8640,8640,2.35,1,0.100000,2160,0.250000000000,True,False,2.750000,True,False
full_product_unweighted,8640,8640,2.35,1,0.150000,2160,0.250000000000,True,False,2.750000,True,False
full_product_unweighted,8640,8640,2.40,0.0001,0.010000,720,0.083333333333,True,False,2.750000,True,False
full_product_unweighted,8640,8640,2.40,0.0001,0.025000,720,0.083333333333,True,False,2.750000,True,False
full_product_unweighted,8640,8640,2.40,0.0001,0.050000,720,0.083333333333,True,False,2.750000,True,False
full_product_unweighted,8640,8640,2.40,0.0001,0.100000,720,0.083333333333,True,True,2.750000,True,True
full_product_unweighted,8640,8640,2.40,0.0001,0.150000,720,0.083333333333,True,True,2.750000,True,True
full_product_unweighted,8640,8640,2.40,0.01,0.010000,1440,0.166666666667,True,False,2.750000,True,False
full_product_unweighted,8640,8640,2.40,0.01,0.025000,1440,0.166666666667,True,False,2.750000,True,False
full_product_unweighted,8640,8640,2.40,0.01,0.050000,1440,0.166666666667,True,False,2.750000,True,False
full_product_unweighted,8640,8640,2.40,0.01,0.100000,1440,0.166666666667,True,False,2.750000,True,False
full_product_unweighted,8640,8640,2.40,0.01,0.150000,1440,0.166666666667,True,False,2.750000,True,False
full_product_unweighted,8640,8640,2.40,1,0.010000,2160,0.250000000000,True,False,2.750000,True,False
full_product_unweighted,8640,8640,2.40,1,0.025000,2160,0.250000000000,True,False,2.750000,True,False
full_product_unweighted,8640,8640,2.40,1,0.050000,2160,0.250000000000,True,False,2.750000,True,False
full_product_unweighted,8640,8640,2.40,1,0.100000,2160,0.250000000000,True,False,2.750000,True,False
full_product_unweighted,8640,8640,2.40,1,0.150000,2160,0.250000000000,True,False,2.750000,True,False
full_product_unweighted,8640,8640,2.45,0.0001,0.010000,720,0.083333333333,True,False,2.750000,True,False
full_product_unweighted,8640,8640,2.45,0.0001,0.025000,720,0.083333333333,True,False,2.750000,True,False
full_product_unweighted,8640,8640,2.45,0.0001,0.050000,720,0.083333333333,True,False,2.750000,True,False
full_product_unweighted,8640,8640,2.45,0.0001,0.100000,720,0.083333333333,True,True,2.750000,True,True
full_product_unweighted,8640,8640,2.45,0.0001,0.150000,720,0.083333333333,True,True,2.750000,True,True
full_product_unweighted,8640,8640,2.45,0.01,0.010000,1440,0.166666666667,True,False,2.750000,True,False
full_product_unweighted,8640,8640,2.45,0.01,0.025000,1440,0.166666666667,True,False,2.750000,True,False
full_product_unweighted,8640,8640,2.45,0.01,0.050000,1440,0.166666666667,True,False,2.750000,True,False
full_product_unweighted,8640,8640,2.45,0.01,0.100000,1440,0.166666666667,True,False,2.750000,True,False
full_product_unweighted,8640,8640,2.45,0.01,0.150000,1440,0.166666666667,True,False,2.750000,True,False
full_product_unweighted,8640,8640,2.45,1,0.010000,2160,0.250000000000,True,False,2.750000,True,False
full_product_unweighted,8640,8640,2.45,1,0.025000,2160,0.250000000000,True,False,2.750000,True,False
full_product_unweighted,8640,8640,2.45,1,0.050000,2160,0.250000000000,True,False,2.750000,True,False
full_product_unweighted,8640,8640,2.45,1,0.100000,2160,0.250000000000,True,False,2.750000,True,False
full_product_unweighted,8640,8640,2.45,1,0.150000,2160,0.250000000000,True,False,2.750000,True,False
full_product_unweighted,8640,8640,2.50,0.0001,0.010000,720,0.083333333333,True,False,2.750000,True,False
full_product_unweighted,8640,8640,2.50,0.0001,0.025000,720,0.083333333333,True,False,2.750000,True,False
full_product_unweighted,8640,8640,2.50,0.0001,0.050000,720,0.083333333333,True,False,2.750000,True,False
full_product_unweighted,8640,8640,2.50,0.0001,0.100000,720,0.083333333333,True,True,2.750000,True,True
full_product_unweighted,8640,8640,2.50,0.0001,0.150000,720,0.083333333333,True,True,2.750000,True,True
full_product_unweighted,8640,8640,2.50,0.01,0.010000,1440,0.166666666667,True,False,2.750000,True,False
full_product_unweighted,8640,8640,2.50,0.01,0.025000,1440,0.166666666667,True,False,2.750000,True,False
full_product_unweighted,8640,8640,2.50,0.01,0.050000,1440,0.166666666667,True,False,2.750000,True,False
full_product_unweighted,8640,8640,2.50,0.01,0.100000,1440,0.166666666667,True,False,2.750000,True,False
full_product_unweighted,8640,8640,2.50,0.01,0.150000,1440,0.166666666667,True,False,2.750000,True,False
full_product_unweighted,8640,8640,2.50,1,0.010000,2160,0.250000000000,True,False,2.750000,True,False
full_product_unweighted,8640,8640,2.50,1,0.025000,2160,0.250000000000,True,False,2.750000,True,False
full_product_unweighted,8640,8640,2.50,1,0.050000,2160,0.250000000000,True,False,2.750000,True,False
full_product_unweighted,8640,8640,2.50,1,0.100000,2160,0.250000000000,True,False,2.750000,True,False
full_product_unweighted,8640,8640,2.50,1,0.150000,2160,0.250000000000,True,False,2.750000,True,False
full_product_unweighted,8640,8640,2.55,0.0001,0.010000,666,0.077083333333,True,False,2.750000,True,False
full_product_unweighted,8640,8640,2.55,0.0001,0.025000,666,0.077083333333,True,False,2.750000,True,False
full_product_unweighted,8640,8640,2.55,0.0001,0.050000,666,0.077083333333,True,False,2.750000,True,False
full_product_unweighted,8640,8640,2.55,0.0001,0.100000,666,0.077083333333,True,True,2.750000,True,True
full_product_unweighted,8640,8640,2.55,0.0001,0.150000,666,0.077083333333,True,True,2.750000,True,True
full_product_unweighted,8640,8640,2.55,0.01,0.010000,1332,0.154166666667,True,False,2.750000,True,False
full_product_unweighted,8640,8640,2.55,0.01,0.025000,1332,0.154166666667,True,False,2.750000,True,False
full_product_unweighted,8640,8640,2.55,0.01,0.050000,1332,0.154166666667,True,False,2.750000,True,False
full_product_unweighted,8640,8640,2.55,0.01,0.100000,1332,0.154166666667,True,False,2.750000,True,False
full_product_unweighted,8640,8640,2.55,0.01,0.150000,1332,0.154166666667,True,False,2.750000,True,False
full_product_unweighted,8640,8640,2.55,1,0.010000,1998,0.231250000000,True,False,2.750000,True,False
full_product_unweighted,8640,8640,2.55,1,0.025000,1998,0.231250000000,True,False,2.750000,True,False
full_product_unweighted,8640,8640,2.55,1,0.050000,1998,0.231250000000,True,False,2.750000,True,False
full_product_unweighted,8640,8640,2.55,1,0.100000,1998,0.231250000000,True,False,2.750000,True,False
full_product_unweighted,8640,8640,2.55,1,0.150000,1998,0.231250000000,True,False,2.750000,True,False
full_product_unweighted,8640,8640,2.60,0.0001,0.010000,576,0.066666666667,True,False,2.750000,True,False
full_product_unweighted,8640,8640,2.60,0.0001,0.025000,576,0.066666666667,True,False,2.750000,True,False
full_product_unweighted,8640,8640,2.60,0.0001,0.050000,576,0.066666666667,True,False,2.750000,True,False
full_product_unweighted,8640,8640,2.60,0.0001,0.100000,576,0.066666666667,True,True,2.750000,True,True
full_product_unweighted,8640,8640,2.60,0.0001,0.150000,576,0.066666666667,True,True,2.750000,True,True
full_product_unweighted,8640,8640,2.60,0.01,0.010000,1152,0.133333333333,True,False,2.750000,True,False
full_product_unweighted,8640,8640,2.60,0.01,0.025000,1152,0.133333333333,True,False,2.750000,True,False
full_product_unweighted,8640,8640,2.60,0.01,0.050000,1152,0.133333333333,True,False,2.750000,True,False
full_product_unweighted,8640,8640,2.60,0.01,0.100000,1152,0.133333333333,True,False,2.750000,True,False
full_product_unweighted,8640,8640,2.60,0.01,0.150000,1152,0.133333333333,True,True,2.750000,True,True
full_product_unweighted,8640,8640,2.60,1,0.010000,1728,0.200000000000,True,False,2.750000,True,False
full_product_unweighted,8640,8640,2.60,1,0.025000,1728,0.200000000000,True,False,2.750000,True,False
full_product_unweighted,8640,8640,2.60,1,0.050000,1728,0.200000000000,True,False,2.750000,True,False
full_product_unweighted,8640,8640,2.60,1,0.100000,1728,0.200000000000,True,False,2.750000,True,False
full_product_unweighted,8640,8640,2.60,1,0.150000,1728,0.200000000000,True,False,2.750000,True,False
full_product_unweighted,8640,8640,2.65,0.0001,0.010000,450,0.052083333333,True,False,2.750000,True,False
full_product_unweighted,8640,8640,2.65,0.0001,0.025000,450,0.052083333333,True,False,2.750000,True,False
full_product_unweighted,8640,8640,2.65,0.0001,0.050000,450,0.052083333333,True,False,2.750000,True,False
full_product_unweighted,8640,8640,2.65,0.0001,0.100000,450,0.052083333333,True,True,2.750000,True,True
full_product_unweighted,8640,8640,2.65,0.0001,0.150000,450,0.052083333333,True,True,2.750000,True,True
full_product_unweighted,8640,8640,2.65,0.01,0.010000,900,0.104166666667,True,False,2.750000,True,False
full_product_unweighted,8640,8640,2.65,0.01,0.025000,900,0.104166666667,True,False,2.750000,True,False
full_product_unweighted,8640,8640,2.65,0.01,0.050000,900,0.104166666667,True,False,2.750000,True,False
full_product_unweighted,8640,8640,2.65,0.01,0.100000,900,0.104166666667,True,False,2.750000,True,False
full_product_unweighted,8640,8640,2.65,0.01,0.150000,900,0.104166666667,True,True,2.750000,True,True
full_product_unweighted,8640,8640,2.65,1,0.010000,1350,0.156250000000,True,False,2.750000,True,False
full_product_unweighted,8640,8640,2.65,1,0.025000,1350,0.156250000000,True,False,2.750000,True,False
full_product_unweighted,8640,8640,2.65,1,0.050000,1350,0.156250000000,True,False,2.750000,True,False
full_product_unweighted,8640,8640,2.65,1,0.100000,1350,0.156250000000,True,False,2.750000,True,False
full_product_unweighted,8640,8640,2.65,1,0.150000,1350,0.156250000000,True,False,2.750000,True,False
full_product_unweighted,8640,8640,2.70,0.0001,0.010000,342,0.039583333333,True,False,2.750000,True,False
full_product_unweighted,8640,8640,2.70,0.0001,0.025000,342,0.039583333333,True,False,2.750000,True,False
full_product_unweighted,8640,8640,2.70,0.0001,0.050000,342,0.039583333333,True,True,2.750000,True,True
full_product_unweighted,8640,8640,2.70,0.0001,0.100000,342,0.039583333333,True,True,2.750000,True,True
full_product_unweighted,8640,8640,2.70,0.0001,0.150000,342,0.039583333333,True,True,2.750000,True,True
full_product_unweighted,8640,8640,2.70,0.01,0.010000,684,0.079166666667,True,False,2.750000,True,False
full_product_unweighted,8640,8640,2.70,0.01,0.025000,684,0.079166666667,True,False,2.750000,True,False
full_product_unweighted,8640,8640,2.70,0.01,0.050000,684,0.079166666667,True,False,2.750000,True,False
full_product_unweighted,8640,8640,2.70,0.01,0.100000,684,0.079166666667,True,True,2.750000,True,True
full_product_unweighted,8640,8640,2.70,0.01,0.150000,684,0.079166666667,True,True,2.750000,True,True
full_product_unweighted,8640,8640,2.70,1,0.010000,1026,0.118750000000,True,False,2.750000,True,False
full_product_unweighted,8640,8640,2.70,1,0.025000,1026,0.118750000000,True,False,2.750000,True,False
full_product_unweighted,8640,8640,2.70,1,0.050000,1026,0.118750000000,True,False,2.750000,True,False
full_product_unweighted,8640,8640,2.70,1,0.100000,1026,0.118750000000,True,False,2.750000,True,False
full_product_unweighted,8640,8640,2.70,1,0.150000,1026,0.118750000000,True,True,2.750000,True,True
full_product_unweighted,8640,8640,2.75,0.0001,0.010000,234,0.027083333333,True,False,2.750000,False,False
full_product_unweighted,8640,8640,2.75,0.0001,0.025000,234,0.027083333333,True,False,2.750000,False,False
full_product_unweighted,8640,8640,2.75,0.0001,0.050000,234,0.027083333333,True,True,2.750000,False,False
full_product_unweighted,8640,8640,2.75,0.0001,0.100000,234,0.027083333333,True,True,2.750000,False,False
full_product_unweighted,8640,8640,2.75,0.0001,0.150000,234,0.027083333333,True,True,2.750000,False,False
full_product_unweighted,8640,8640,2.75,0.01,0.010000,468,0.054166666667,True,False,2.750000,False,False
full_product_unweighted,8640,8640,2.75,0.01,0.025000,468,0.054166666667,True,False,2.750000,False,False
full_product_unweighted,8640,8640,2.75,0.01,0.050000,468,0.054166666667,True,False,2.750000,False,False
full_product_unweighted,8640,8640,2.75,0.01,0.100000,468,0.054166666667,True,True,2.750000,False,False
full_product_unweighted,8640,8640,2.75,0.01,0.150000,468,0.054166666667,True,True,2.750000,False,False
full_product_unweighted,8640,8640,2.75,1,0.010000,702,0.081250000000,True,False,2.750000,False,False
full_product_unweighted,8640,8640,2.75,1,0.025000,702,0.081250000000,True,False,2.750000,False,False
full_product_unweighted,8640,8640,2.75,1,0.050000,702,0.081250000000,True,False,2.750000,False,False
full_product_unweighted,8640,8640,2.75,1,0.100000,702,0.081250000000,True,True,2.750000,False,False
full_product_unweighted,8640,8640,2.75,1,0.150000,702,0.081250000000,True,True,2.750000,False,False
full_product_unweighted,8640,8640,2.80,0.0001,0.010000,144,0.016666666667,True,False,2.750000,False,False
full_product_unweighted,8640,8640,2.80,0.0001,0.025000,144,0.016666666667,True,True,2.750000,False,False
full_product_unweighted,8640,8640,2.80,0.0001,0.050000,144,0.016666666667,True,True,2.750000,False,False
full_product_unweighted,8640,8640,2.80,0.0001,0.100000,144,0.016666666667,True,True,2.750000,False,False
full_product_unweighted,8640,8640,2.80,0.0001,0.150000,144,0.016666666667,True,True,2.750000,False,False
full_product_unweighted,8640,8640,2.80,0.01,0.010000,288,0.033333333333,True,False,2.750000,False,False
full_product_unweighted,8640,8640,2.80,0.01,0.025000,288,0.033333333333,True,False,2.750000,False,False
full_product_unweighted,8640,8640,2.80,0.01,0.050000,288,0.033333333333,True,True,2.750000,False,False
full_product_unweighted,8640,8640,2.80,0.01,0.100000,288,0.033333333333,True,True,2.750000,False,False
full_product_unweighted,8640,8640,2.80,0.01,0.150000,288,0.033333333333,True,True,2.750000,False,False
full_product_unweighted,8640,8640,2.80,1,0.010000,432,0.050000000000,True,False,2.750000,False,False
full_product_unweighted,8640,8640,2.80,1,0.025000,432,0.050000000000,True,False,2.750000,False,False
full_product_unweighted,8640,8640,2.80,1,0.050000,432,0.050000000000,True,True,2.750000,False,False
full_product_unweighted,8640,8640,2.80,1,0.100000,432,0.050000000000,True,True,2.750000,False,False
full_product_unweighted,8640,8640,2.80,1,0.150000,432,0.050000000000,True,True,2.750000,False,False
full_product_unweighted,8640,8640,2.85,0.0001,0.010000,54,0.006250000000,True,True,2.750000,False,False
full_product_unweighted,8640,8640,2.85,0.0001,0.025000,54,0.006250000000,True,True,2.750000,False,False
full_product_unweighted,8640,8640,2.85,0.0001,0.050000,54,0.006250000000,True,True,2.750000,False,False
full_product_unweighted,8640,8640,2.85,0.0001,0.100000,54,0.006250000000,True,True,2.750000,False,False
full_product_unweighted,8640,8640,2.85,0.0001,0.150000,54,0.006250000000,True,True,2.750000,False,False
full_product_unweighted,8640,8640,2.85,0.01,0.010000,108,0.012500000000,True,False,2.750000,False,False
full_product_unweighted,8640,8640,2.85,0.01,0.025000,108,0.012500000000,True,True,2.750000,False,False
full_product_unweighted,8640,8640,2.85,0.01,0.050000,108,0.012500000000,True,True,2.750000,False,False
full_product_unweighted,8640,8640,2.85,0.01,0.100000,108,0.012500000000,True,True,2.750000,False,False
full_product_unweighted,8640,8640,2.85,0.01,0.150000,108,0.012500000000,True,True,2.750000,False,False
full_product_unweighted,8640,8640,2.85,1,0.010000,162,0.018750000000,True,False,2.750000,False,False
full_product_unweighted,8640,8640,2.85,1,0.025000,162,0.018750000000,True,True,2.750000,False,False
full_product_unweighted,8640,8640,2.85,1,0.050000,162,0.018750000000,True,True,2.750000,False,False
full_product_unweighted,8640,8640,2.85,1,0.100000,162,0.018750000000,True,True,2.750000,False,False
full_product_unweighted,8640,8640,2.85,1,0.150000,162,0.018750000000,True,True,2.750000,False,False
full_product_unweighted,8640,8640,2.90,0.0001,0.010000,0,0.000000000000,False,False,2.750000,False,False
full_product_unweighted,8640,8640,2.90,0.0001,0.025000,0,0.000000000000,False,False,2.750000,False,False
full_product_unweighted,8640,8640,2.90,0.0001,0.050000,0,0.000000000000,False,False,2.750000,False,False
full_product_unweighted,8640,8640,2.90,0.0001,0.100000,0,0.000000000000,False,False,2.750000,False,False
full_product_unweighted,8640,8640,2.90,0.0001,0.150000,0,0.000000000000,False,False,2.750000,False,False
full_product_unweighted,8640,8640,2.90,0.01,0.010000,0,0.000000000000,False,False,2.750000,False,False
full_product_unweighted,8640,8640,2.90,0.01,0.025000,0,0.000000000000,False,False,2.750000,False,False
full_product_unweighted,8640,8640,2.90,0.01,0.050000,0,0.000000000000,False,False,2.750000,False,False
full_product_unweighted,8640,8640,2.90,0.01,0.100000,0,0.000000000000,False,False,2.750000,False,False
full_product_unweighted,8640,8640,2.90,0.01,0.150000,0,0.000000000000,False,False,2.750000,False,False
full_product_unweighted,8640,8640,2.90,1,0.010000,0,0.000000000000,False,False,2.750000,False,False
full_product_unweighted,8640,8640,2.90,1,0.025000,0,0.000000000000,False,False,2.750000,False,False
full_product_unweighted,8640,8640,2.90,1,0.050000,0,0.000000000000,False,False,2.750000,False,False
full_product_unweighted,8640,8640,2.90,1,0.100000,0,0.000000000000,False,False,2.750000,False,False
full_product_unweighted,8640,8640,2.90,1,0.150000,0,0.000000000000,False,False,2.750000,False,False
full_product_unweighted,8640,8640,2.95,0.0001,0.010000,0,0.000000000000,False,False,2.750000,False,False
full_product_unweighted,8640,8640,2.95,0.0001,0.025000,0,0.000000000000,False,False,2.750000,False,False
full_product_unweighted,8640,8640,2.95,0.0001,0.050000,0,0.000000000000,False,False,2.750000,False,False
full_product_unweighted,8640,8640,2.95,0.0001,0.100000,0,0.000000000000,False,False,2.750000,False,False
full_product_unweighted,8640,8640,2.95,0.0001,0.150000,0,0.000000000000,False,False,2.750000,False,False
full_product_unweighted,8640,8640,2.95,0.01,0.010000,0,0.000000000000,False,False,2.750000,False,False
full_product_unweighted,8640,8640,2.95,0.01,0.025000,0,0.000000000000,False,False,2.750000,False,False
full_product_unweighted,8640,8640,2.95,0.01,0.050000,0,0.000000000000,False,False,2.750000,False,False
full_product_unweighted,8640,8640,2.95,0.01,0.100000,0,0.000000000000,False,False,2.750000,False,False
full_product_unweighted,8640,8640,2.95,0.01,0.150000,0,0.000000000000,False,False,2.750000,False,False
full_product_unweighted,8640,8640,2.95,1,0.010000,0,0.000000000000,False,False,2.750000,False,False
full_product_unweighted,8640,8640,2.95,1,0.025000,0,0.000000000000,False,False,2.750000,False,False
full_product_unweighted,8640,8640,2.95,1,0.050000,0,0.000000000000,False,False,2.750000,False,False
full_product_unweighted,8640,8640,2.95,1,0.100000,0,0.000000000000,False,False,2.750000,False,False
full_product_unweighted,8640,8640,2.95,1,0.150000,0,0.000000000000,False,False,2.750000,False,False
full_product_unweighted,8640,8640,3.00,0.0001,0.010000,0,0.000000000000,False,False,2.750000,False,False
full_product_unweighted,8640,8640,3.00,0.0001,0.025000,0,0.000000000000,False,False,2.750000,False,False
full_product_unweighted,8640,8640,3.00,0.0001,0.050000,0,0.000000000000,False,False,2.750000,False,False
full_product_unweighted,8640,8640,3.00,0.0001,0.100000,0,0.000000000000,False,False,2.750000,False,False
full_product_unweighted,8640,8640,3.00,0.0001,0.150000,0,0.000000000000,False,False,2.750000,False,False
full_product_unweighted,8640,8640,3.00,0.01,0.010000,0,0.000000000000,False,False,2.750000,False,False
full_product_unweighted,8640,8640,3.00,0.01,0.025000,0,0.000000000000,False,False,2.750000,False,False
full_product_unweighted,8640,8640,3.00,0.01,0.050000,0,0.000000000000,False,False,2.750000,False,False
full_product_unweighted,8640,8640,3.00,0.01,0.100000,0,0.000000000000,False,False,2.750000,False,False
full_product_unweighted,8640,8640,3.00,0.01,0.150000,0,0.000000000000,False,False,2.750000,False,False
full_product_unweighted,8640,8640,3.00,1,0.010000,0,0.000000000000,False,False,2.750000,False,False
full_product_unweighted,8640,8640,3.00,1,0.025000,0,0.000000000000,False,False,2.750000,False,False
full_product_unweighted,8640,8640,3.00,1,0.050000,0,0.000000000000,False,False,2.750000,False,False
full_product_unweighted,8640,8640,3.00,1,0.100000,0,0.000000000000,False,False,2.750000,False,False
full_product_unweighted,8640,8640,3.00,1,0.150000,0,0.000000000000,False,False,2.750000,False,False
full_product_unweighted,8640,8640,3.05,0.0001,0.010000,0,0.000000000000,False,False,2.750000,False,False
full_product_unweighted,8640,8640,3.05,0.0001,0.025000,0,0.000000000000,False,False,2.750000,False,False
full_product_unweighted,8640,8640,3.05,0.0001,0.050000,0,0.000000000000,False,False,2.750000,False,False
full_product_unweighted,8640,8640,3.05,0.0001,0.100000,0,0.000000000000,False,False,2.750000,False,False
full_product_unweighted,8640,8640,3.05,0.0001,0.150000,0,0.000000000000,False,False,2.750000,False,False
full_product_unweighted,8640,8640,3.05,0.01,0.010000,0,0.000000000000,False,False,2.750000,False,False
full_product_unweighted,8640,8640,3.05,0.01,0.025000,0,0.000000000000,False,False,2.750000,False,False
full_product_unweighted,8640,8640,3.05,0.01,0.050000,0,0.000000000000,False,False,2.750000,False,False
full_product_unweighted,8640,8640,3.05,0.01,0.100000,0,0.000000000000,False,False,2.750000,False,False
full_product_unweighted,8640,8640,3.05,0.01,0.150000,0,0.000000000000,False,False,2.750000,False,False
full_product_unweighted,8640,8640,3.05,1,0.010000,0,0.000000000000,False,False,2.750000,False,False
full_product_unweighted,8640,8640,3.05,1,0.025000,0,0.000000000000,False,False,2.750000,False,False
full_product_unweighted,8640,8640,3.05,1,0.050000,0,0.000000000000,False,False,2.750000,False,False
full_product_unweighted,8640,8640,3.05,1,0.100000,0,0.000000000000,False,False,2.750000,False,False
full_product_unweighted,8640,8640,3.05,1,0.150000,0,0.000000000000,False,False,2.750000,False,False
full_product_unweighted,8640,8640,3.10,0.0001,0.010000,0,0.000000000000,False,False,2.750000,False,False
full_product_unweighted,8640,8640,3.10,0.0001,0.025000,0,0.000000000000,False,False,2.750000,False,False
full_product_unweighted,8640,8640,3.10,0.0001,0.050000,0,0.000000000000,False,False,2.750000,False,False
full_product_unweighted,8640,8640,3.10,0.0001,0.100000,0,0.000000000000,False,False,2.750000,False,False
full_product_unweighted,8640,8640,3.10,0.0001,0.150000,0,0.000000000000,False,False,2.750000,False,False
full_product_unweighted,8640,8640,3.10,0.01,0.010000,0,0.000000000000,False,False,2.750000,False,False
full_product_unweighted,8640,8640,3.10,0.01,0.025000,0,0.000000000000,False,False,2.750000,False,False
full_product_unweighted,8640,8640,3.10,0.01,0.050000,0,0.000000000000,False,False,2.750000,False,False
full_product_unweighted,8640,8640,3.10,0.01,0.100000,0,0.000000000000,False,False,2.750000,False,False
full_product_unweighted,8640,8640,3.10,0.01,0.150000,0,0.000000000000,False,False,2.750000,False,False
full_product_unweighted,8640,8640,3.10,1,0.010000,0,0.000000000000,False,False,2.750000,False,False
full_product_unweighted,8640,8640,3.10,1,0.025000,0,0.000000000000,False,False,2.750000,False,False
full_product_unweighted,8640,8640,3.10,1,0.050000,0,0.000000000000,False,False,2.750000,False,False
full_product_unweighted,8640,8640,3.10,1,0.100000,0,0.000000000000,False,False,2.750000,False,False
full_product_unweighted,8640,8640,3.10,1,0.150000,0,0.000000000000,False,False,2.750000,False,False
full_product_unweighted,8640,8640,3.15,0.0001,0.010000,0,0.000000000000,False,False,2.750000,False,False
full_product_unweighted,8640,8640,3.15,0.0001,0.025000,0,0.000000000000,False,False,2.750000,False,False
full_product_unweighted,8640,8640,3.15,0.0001,0.050000,0,0.000000000000,False,False,2.750000,False,False
full_product_unweighted,8640,8640,3.15,0.0001,0.100000,0,0.000000000000,False,False,2.750000,False,False
full_product_unweighted,8640,8640,3.15,0.0001,0.150000,0,0.000000000000,False,False,2.750000,False,False
full_product_unweighted,8640,8640,3.15,0.01,0.010000,0,0.000000000000,False,False,2.750000,False,False
full_product_unweighted,8640,8640,3.15,0.01,0.025000,0,0.000000000000,False,False,2.750000,False,False
full_product_unweighted,8640,8640,3.15,0.01,0.050000,0,0.000000000000,False,False,2.750000,False,False
full_product_unweighted,8640,8640,3.15,0.01,0.100000,0,0.000000000000,False,False,2.750000,False,False
full_product_unweighted,8640,8640,3.15,0.01,0.150000,0,0.000000000000,False,False,2.750000,False,False
full_product_unweighted,8640,8640,3.15,1,0.010000,0,0.000000000000,False,False,2.750000,False,False
full_product_unweighted,8640,8640,3.15,1,0.025000,0,0.000000000000,False,False,2.750000,False,False
full_product_unweighted,8640,8640,3.15,1,0.050000,0,0.000000000000,False,False,2.750000,False,False
full_product_unweighted,8640,8640,3.15,1,0.100000,0,0.000000000000,False,False,2.750000,False,False
full_product_unweighted,8640,8640,3.15,1,0.150000,0,0.000000000000,False,False,2.750000,False,False
full_product_unweighted,8640,8640,3.20,0.0001,0.010000,0,0.000000000000,False,False,2.750000,False,False
full_product_unweighted,8640,8640,3.20,0.0001,0.025000,0,0.000000000000,False,False,2.750000,False,False
full_product_unweighted,8640,8640,3.20,0.0001,0.050000,0,0.000000000000,False,False,2.750000,False,False
full_product_unweighted,8640,8640,3.20,0.0001,0.100000,0,0.000000000000,False,False,2.750000,False,False
full_product_unweighted,8640,8640,3.20,0.0001,0.150000,0,0.000000000000,False,False,2.750000,False,False
full_product_unweighted,8640,8640,3.20,0.01,0.010000,0,0.000000000000,False,False,2.750000,False,False
full_product_unweighted,8640,8640,3.20,0.01,0.025000,0,0.000000000000,False,False,2.750000,False,False
full_product_unweighted,8640,8640,3.20,0.01,0.050000,0,0.000000000000,False,False,2.750000,False,False
full_product_unweighted,8640,8640,3.20,0.01,0.100000,0,0.000000000000,False,False,2.750000,False,False
full_product_unweighted,8640,8640,3.20,0.01,0.150000,0,0.000000000000,False,False,2.750000,False,False
full_product_unweighted,8640,8640,3.20,1,0.010000,0,0.000000000000,False,False,2.750000,False,False
full_product_unweighted,8640,8640,3.20,1,0.025000,0,0.000000000000,False,False,2.750000,False,False
full_product_unweighted,8640,8640,3.20,1,0.050000,0,0.000000000000,False,False,2.750000,False,False
full_product_unweighted,8640,8640,3.20,1,0.100000,0,0.000000000000,False,False,2.750000,False,False
full_product_unweighted,8640,8640,3.20,1,0.150000,0,0.000000000000,False,False,2.750000,False,False
full_product_unweighted,8640,8640,3.25,0.0001,0.010000,0,0.000000000000,False,False,2.750000,False,False
full_product_unweighted,8640,8640,3.25,0.0001,0.025000,0,0.000000000000,False,False,2.750000,False,False
full_product_unweighted,8640,8640,3.25,0.0001,0.050000,0,0.000000000000,False,False,2.750000,False,False
full_product_unweighted,8640,8640,3.25,0.0001,0.100000,0,0.000000000000,False,False,2.750000,False,False
full_product_unweighted,8640,8640,3.25,0.0001,0.150000,0,0.000000000000,False,False,2.750000,False,False
full_product_unweighted,8640,8640,3.25,0.01,0.010000,0,0.000000000000,False,False,2.750000,False,False
full_product_unweighted,8640,8640,3.25,0.01,0.025000,0,0.000000000000,False,False,2.750000,False,False
full_product_unweighted,8640,8640,3.25,0.01,0.050000,0,0.000000000000,False,False,2.750000,False,False
full_product_unweighted,8640,8640,3.25,0.01,0.100000,0,0.000000000000,False,False,2.750000,False,False
full_product_unweighted,8640,8640,3.25,0.01,0.150000,0,0.000000000000,False,False,2.750000,False,False
full_product_unweighted,8640,8640,3.25,1,0.010000,0,0.000000000000,False,False,2.750000,False,False
full_product_unweighted,8640,8640,3.25,1,0.025000,0,0.000000000000,False,False,2.750000,False,False
full_product_unweighted,8640,8640,3.25,1,0.050000,0,0.000000000000,False,False,2.750000,False,False
full_product_unweighted,8640,8640,3.25,1,0.100000,0,0.000000000000,False,False,2.750000,False,False
full_product_unweighted,8640,8640,3.25,1,0.150000,0,0.000000000000,False,False,2.750000,False,False
full_product_unweighted,8640,8640,3.30,0.0001,0.010000,0,0.000000000000,False,False,2.750000,False,False
full_product_unweighted,8640,8640,3.30,0.0001,0.025000,0,0.000000000000,False,False,2.750000,False,False
full_product_unweighted,8640,8640,3.30,0.0001,0.050000,0,0.000000000000,False,False,2.750000,False,False
full_product_unweighted,8640,8640,3.30,0.0001,0.100000,0,0.000000000000,False,False,2.750000,False,False
full_product_unweighted,8640,8640,3.30,0.0001,0.150000,0,0.000000000000,False,False,2.750000,False,False
full_product_unweighted,8640,8640,3.30,0.01,0.010000,0,0.000000000000,False,False,2.750000,False,False
full_product_unweighted,8640,8640,3.30,0.01,0.025000,0,0.000000000000,False,False,2.750000,False,False
full_product_unweighted,8640,8640,3.30,0.01,0.050000,0,0.000000000000,False,False,2.750000,False,False
full_product_unweighted,8640,8640,3.30,0.01,0.100000,0,0.000000000000,False,False,2.750000,False,False
full_product_unweighted,8640,8640,3.30,0.01,0.150000,0,0.000000000000,False,False,2.750000,False,False
full_product_unweighted,8640,8640,3.30,1,0.010000,0,0.000000000000,False,False,2.750000,False,False
full_product_unweighted,8640,8640,3.30,1,0.025000,0,0.000000000000,False,False,2.750000,False,False
full_product_unweighted,8640,8640,3.30,1,0.050000,0,0.000000000000,False,False,2.750000,False,False
full_product_unweighted,8640,8640,3.30,1,0.100000,0,0.000000000000,False,False,2.750000,False,False
full_product_unweighted,8640,8640,3.30,1,0.150000,0,0.000000000000,False,False,2.750000,False,False
full_product_unweighted,8640,8640,3.35,0.0001,0.010000,0,0.000000000000,False,False,2.750000,False,False
full_product_unweighted,8640,8640,3.35,0.0001,0.025000,0,0.000000000000,False,False,2.750000,False,False
full_product_unweighted,8640,8640,3.35,0.0001,0.050000,0,0.000000000000,False,False,2.750000,False,False
full_product_unweighted,8640,8640,3.35,0.0001,0.100000,0,0.000000000000,False,False,2.750000,False,False
full_product_unweighted,8640,8640,3.35,0.0001,0.150000,0,0.000000000000,False,False,2.750000,False,False
full_product_unweighted,8640,8640,3.35,0.01,0.010000,0,0.000000000000,False,False,2.750000,False,False
full_product_unweighted,8640,8640,3.35,0.01,0.025000,0,0.000000000000,False,False,2.750000,False,False
full_product_unweighted,8640,8640,3.35,0.01,0.050000,0,0.000000000000,False,False,2.750000,False,False
full_product_unweighted,8640,8640,3.35,0.01,0.100000,0,0.000000000000,False,False,2.750000,False,False
full_product_unweighted,8640,8640,3.35,0.01,0.150000,0,0.000000000000,False,False,2.750000,False,False
full_product_unweighted,8640,8640,3.35,1,0.010000,0,0.000000000000,False,False,2.750000,False,False
full_product_unweighted,8640,8640,3.35,1,0.025000,0,0.000000000000,False,False,2.750000,False,False
full_product_unweighted,8640,8640,3.35,1,0.050000,0,0.000000000000,False,False,2.750000,False,False
full_product_unweighted,8640,8640,3.35,1,0.100000,0,0.000000000000,False,False,2.750000,False,False
full_product_unweighted,8640,8640,3.35,1,0.150000,0,0.000000000000,False,False,2.750000,False,False
full_product_unweighted,8640,8640,3.40,0.0001,0.010000,0,0.000000000000,False,False,2.750000,False,False
full_product_unweighted,8640,8640,3.40,0.0001,0.025000,0,0.000000000000,False,False,2.750000,False,False
full_product_unweighted,8640,8640,3.40,0.0001,0.050000,0,0.000000000000,False,False,2.750000,False,False
full_product_unweighted,8640,8640,3.40,0.0001,0.100000,0,0.000000000000,False,False,2.750000,False,False
full_product_unweighted,8640,8640,3.40,0.0001,0.150000,0,0.000000000000,False,False,2.750000,False,False
full_product_unweighted,8640,8640,3.40,0.01,0.010000,0,0.000000000000,False,False,2.750000,False,False
full_product_unweighted,8640,8640,3.40,0.01,0.025000,0,0.000000000000,False,False,2.750000,False,False
full_product_unweighted,8640,8640,3.40,0.01,0.050000,0,0.000000000000,False,False,2.750000,False,False
full_product_unweighted,8640,8640,3.40,0.01,0.100000,0,0.000000000000,False,False,2.750000,False,False
full_product_unweighted,8640,8640,3.40,0.01,0.150000,0,0.000000000000,False,False,2.750000,False,False
full_product_unweighted,8640,8640,3.40,1,0.010000,0,0.000000000000,False,False,2.750000,False,False
full_product_unweighted,8640,8640,3.40,1,0.025000,0,0.000000000000,False,False,2.750000,False,False
full_product_unweighted,8640,8640,3.40,1,0.050000,0,0.000000000000,False,False,2.750000,False,False
full_product_unweighted,8640,8640,3.40,1,0.100000,0,0.000000000000,False,False,2.750000,False,False
full_product_unweighted,8640,8640,3.40,1,0.150000,0,0.000000000000,False,False,2.750000,False,False
full_product_unweighted,8640,8640,3.45,0.0001,0.010000,0,0.000000000000,False,False,2.750000,False,False
full_product_unweighted,8640,8640,3.45,0.0001,0.025000,0,0.000000000000,False,False,2.750000,False,False
full_product_unweighted,8640,8640,3.45,0.0001,0.050000,0,0.000000000000,False,False,2.750000,False,False
full_product_unweighted,8640,8640,3.45,0.0001,0.100000,0,0.000000000000,False,False,2.750000,False,False
full_product_unweighted,8640,8640,3.45,0.0001,0.150000,0,0.000000000000,False,False,2.750000,False,False
full_product_unweighted,8640,8640,3.45,0.01,0.010000,0,0.000000000000,False,False,2.750000,False,False
full_product_unweighted,8640,8640,3.45,0.01,0.025000,0,0.000000000000,False,False,2.750000,False,False
full_product_unweighted,8640,8640,3.45,0.01,0.050000,0,0.000000000000,False,False,2.750000,False,False
full_product_unweighted,8640,8640,3.45,0.01,0.100000,0,0.000000000000,False,False,2.750000,False,False
full_product_unweighted,8640,8640,3.45,0.01,0.150000,0,0.000000000000,False,False,2.750000,False,False
full_product_unweighted,8640,8640,3.45,1,0.010000,0,0.000000000000,False,False,2.750000,False,False
full_product_unweighted,8640,8640,3.45,1,0.025000,0,0.000000000000,False,False,2.750000,False,False
full_product_unweighted,8640,8640,3.45,1,0.050000,0,0.000000000000,False,False,2.750000,False,False
full_product_unweighted,8640,8640,3.45,1,0.100000,0,0.000000000000,False,False,2.750000,False,False
full_product_unweighted,8640,8640,3.45,1,0.150000,0,0.000000000000,False,False,2.750000,False,False
full_product_unweighted,8640,8640,3.50,0.0001,0.010000,0,0.000000000000,False,False,2.750000,False,False
full_product_unweighted,8640,8640,3.50,0.0001,0.025000,0,0.000000000000,False,False,2.750000,False,False
full_product_unweighted,8640,8640,3.50,0.0001,0.050000,0,0.000000000000,False,False,2.750000,False,False
full_product_unweighted,8640,8640,3.50,0.0001,0.100000,0,0.000000000000,False,False,2.750000,False,False
full_product_unweighted,8640,8640,3.50,0.0001,0.150000,0,0.000000000000,False,False,2.750000,False,False
full_product_unweighted,8640,8640,3.50,0.01,0.010000,0,0.000000000000,False,False,2.750000,False,False
full_product_unweighted,8640,8640,3.50,0.01,0.025000,0,0.000000000000,False,False,2.750000,False,False
full_product_unweighted,8640,8640,3.50,0.01,0.050000,0,0.000000000000,False,False,2.750000,False,False
full_product_unweighted,8640,8640,3.50,0.01,0.100000,0,0.000000000000,False,False,2.750000,False,False
full_product_unweighted,8640,8640,3.50,0.01,0.150000,0,0.000000000000,False,False,2.750000,False,False
full_product_unweighted,8640,8640,3.50,1,0.010000,0,0.000000000000,False,False,2.750000,False,False
full_product_unweighted,8640,8640,3.50,1,0.025000,0,0.000000000000,False,False,2.750000,False,False
full_product_unweighted,8640,8640,3.50,1,0.050000,0,0.000000000000,False,False,2.750000,False,False
full_product_unweighted,8640,8640,3.50,1,0.100000,0,0.000000000000,False,False,2.750000,False,False
full_product_unweighted,8640,8640,3.50,1,0.150000,0,0.000000000000,False,False,2.750000,False,False
admissible_unweighted,468,468,2.00,0.0001,0.010000,64,0.136752136752,True,False,2.750000,True,False
admissible_unweighted,468,468,2.00,0.0001,0.025000,64,0.136752136752,True,False,2.750000,True,False
admissible_unweighted,468,468,2.00,0.0001,0.050000,64,0.136752136752,True,False,2.750000,True,False
admissible_unweighted,468,468,2.00,0.0001,0.100000,64,0.136752136752,True,False,2.750000,True,False
admissible_unweighted,468,468,2.00,0.0001,0.150000,64,0.136752136752,True,True,2.750000,True,True
admissible_unweighted,468,468,2.00,0.01,0.010000,128,0.273504273504,True,False,2.750000,True,False
admissible_unweighted,468,468,2.00,0.01,0.025000,128,0.273504273504,True,False,2.750000,True,False
admissible_unweighted,468,468,2.00,0.01,0.050000,128,0.273504273504,True,False,2.750000,True,False
admissible_unweighted,468,468,2.00,0.01,0.100000,128,0.273504273504,True,False,2.750000,True,False
admissible_unweighted,468,468,2.00,0.01,0.150000,128,0.273504273504,True,False,2.750000,True,False
admissible_unweighted,468,468,2.00,1,0.010000,190,0.405982905983,True,False,2.750000,True,False
admissible_unweighted,468,468,2.00,1,0.025000,190,0.405982905983,True,False,2.750000,True,False
admissible_unweighted,468,468,2.00,1,0.050000,190,0.405982905983,True,False,2.750000,True,False
admissible_unweighted,468,468,2.00,1,0.100000,190,0.405982905983,True,False,2.750000,True,False
admissible_unweighted,468,468,2.00,1,0.150000,190,0.405982905983,True,False,2.750000,True,False
admissible_unweighted,468,468,2.05,0.0001,0.010000,64,0.136752136752,True,False,2.750000,True,False
admissible_unweighted,468,468,2.05,0.0001,0.025000,64,0.136752136752,True,False,2.750000,True,False
admissible_unweighted,468,468,2.05,0.0001,0.050000,64,0.136752136752,True,False,2.750000,True,False
admissible_unweighted,468,468,2.05,0.0001,0.100000,64,0.136752136752,True,False,2.750000,True,False
admissible_unweighted,468,468,2.05,0.0001,0.150000,64,0.136752136752,True,True,2.750000,True,True
admissible_unweighted,468,468,2.05,0.01,0.010000,128,0.273504273504,True,False,2.750000,True,False
admissible_unweighted,468,468,2.05,0.01,0.025000,128,0.273504273504,True,False,2.750000,True,False
admissible_unweighted,468,468,2.05,0.01,0.050000,128,0.273504273504,True,False,2.750000,True,False
admissible_unweighted,468,468,2.05,0.01,0.100000,128,0.273504273504,True,False,2.750000,True,False
admissible_unweighted,468,468,2.05,0.01,0.150000,128,0.273504273504,True,False,2.750000,True,False
admissible_unweighted,468,468,2.05,1,0.010000,190,0.405982905983,True,False,2.750000,True,False
admissible_unweighted,468,468,2.05,1,0.025000,190,0.405982905983,True,False,2.750000,True,False
admissible_unweighted,468,468,2.05,1,0.050000,190,0.405982905983,True,False,2.750000,True,False
admissible_unweighted,468,468,2.05,1,0.100000,190,0.405982905983,True,False,2.750000,True,False
admissible_unweighted,468,468,2.05,1,0.150000,190,0.405982905983,True,False,2.750000,True,False
admissible_unweighted,468,468,2.10,0.0001,0.010000,64,0.136752136752,True,False,2.750000,True,False
admissible_unweighted,468,468,2.10,0.0001,0.025000,64,0.136752136752,True,False,2.750000,True,False
admissible_unweighted,468,468,2.10,0.0001,0.050000,64,0.136752136752,True,False,2.750000,True,False
admissible_unweighted,468,468,2.10,0.0001,0.100000,64,0.136752136752,True,False,2.750000,True,False
admissible_unweighted,468,468,2.10,0.0001,0.150000,64,0.136752136752,True,True,2.750000,True,True
admissible_unweighted,468,468,2.10,0.01,0.010000,128,0.273504273504,True,False,2.750000,True,False
admissible_unweighted,468,468,2.10,0.01,0.025000,128,0.273504273504,True,False,2.750000,True,False
admissible_unweighted,468,468,2.10,0.01,0.050000,128,0.273504273504,True,False,2.750000,True,False
admissible_unweighted,468,468,2.10,0.01,0.100000,128,0.273504273504,True,False,2.750000,True,False
admissible_unweighted,468,468,2.10,0.01,0.150000,128,0.273504273504,True,False,2.750000,True,False
admissible_unweighted,468,468,2.10,1,0.010000,190,0.405982905983,True,False,2.750000,True,False
admissible_unweighted,468,468,2.10,1,0.025000,190,0.405982905983,True,False,2.750000,True,False
admissible_unweighted,468,468,2.10,1,0.050000,190,0.405982905983,True,False,2.750000,True,False
admissible_unweighted,468,468,2.10,1,0.100000,190,0.405982905983,True,False,2.750000,True,False
admissible_unweighted,468,468,2.10,1,0.150000,190,0.405982905983,True,False,2.750000,True,False
admissible_unweighted,468,468,2.15,0.0001,0.010000,64,0.136752136752,True,False,2.750000,True,False
admissible_unweighted,468,468,2.15,0.0001,0.025000,64,0.136752136752,True,False,2.750000,True,False
admissible_unweighted,468,468,2.15,0.0001,0.050000,64,0.136752136752,True,False,2.750000,True,False
admissible_unweighted,468,468,2.15,0.0001,0.100000,64,0.136752136752,True,False,2.750000,True,False
admissible_unweighted,468,468,2.15,0.0001,0.150000,64,0.136752136752,True,True,2.750000,True,True
admissible_unweighted,468,468,2.15,0.01,0.010000,128,0.273504273504,True,False,2.750000,True,False
admissible_unweighted,468,468,2.15,0.01,0.025000,128,0.273504273504,True,False,2.750000,True,False
admissible_unweighted,468,468,2.15,0.01,0.050000,128,0.273504273504,True,False,2.750000,True,False
admissible_unweighted,468,468,2.15,0.01,0.100000,128,0.273504273504,True,False,2.750000,True,False
admissible_unweighted,468,468,2.15,0.01,0.150000,128,0.273504273504,True,False,2.750000,True,False
admissible_unweighted,468,468,2.15,1,0.010000,190,0.405982905983,True,False,2.750000,True,False
admissible_unweighted,468,468,2.15,1,0.025000,190,0.405982905983,True,False,2.750000,True,False
admissible_unweighted,468,468,2.15,1,0.050000,190,0.405982905983,True,False,2.750000,True,False
admissible_unweighted,468,468,2.15,1,0.100000,190,0.405982905983,True,False,2.750000,True,False
admissible_unweighted,468,468,2.15,1,0.150000,190,0.405982905983,True,False,2.750000,True,False
admissible_unweighted,468,468,2.20,0.0001,0.010000,64,0.136752136752,True,False,2.750000,True,False
admissible_unweighted,468,468,2.20,0.0001,0.025000,64,0.136752136752,True,False,2.750000,True,False
admissible_unweighted,468,468,2.20,0.0001,0.050000,64,0.136752136752,True,False,2.750000,True,False
admissible_unweighted,468,468,2.20,0.0001,0.100000,64,0.136752136752,True,False,2.750000,True,False
admissible_unweighted,468,468,2.20,0.0001,0.150000,64,0.136752136752,True,True,2.750000,True,True
admissible_unweighted,468,468,2.20,0.01,0.010000,128,0.273504273504,True,False,2.750000,True,False
admissible_unweighted,468,468,2.20,0.01,0.025000,128,0.273504273504,True,False,2.750000,True,False
admissible_unweighted,468,468,2.20,0.01,0.050000,128,0.273504273504,True,False,2.750000,True,False
admissible_unweighted,468,468,2.20,0.01,0.100000,128,0.273504273504,True,False,2.750000,True,False
admissible_unweighted,468,468,2.20,0.01,0.150000,128,0.273504273504,True,False,2.750000,True,False
admissible_unweighted,468,468,2.20,1,0.010000,190,0.405982905983,True,False,2.750000,True,False
admissible_unweighted,468,468,2.20,1,0.025000,190,0.405982905983,True,False,2.750000,True,False
admissible_unweighted,468,468,2.20,1,0.050000,190,0.405982905983,True,False,2.750000,True,False
admissible_unweighted,468,468,2.20,1,0.100000,190,0.405982905983,True,False,2.750000,True,False
admissible_unweighted,468,468,2.20,1,0.150000,190,0.405982905983,True,False,2.750000,True,False
admissible_unweighted,468,468,2.25,0.0001,0.010000,64,0.136752136752,True,False,2.750000,True,False
admissible_unweighted,468,468,2.25,0.0001,0.025000,64,0.136752136752,True,False,2.750000,True,False
admissible_unweighted,468,468,2.25,0.0001,0.050000,64,0.136752136752,True,False,2.750000,True,False
admissible_unweighted,468,468,2.25,0.0001,0.100000,64,0.136752136752,True,False,2.750000,True,False
admissible_unweighted,468,468,2.25,0.0001,0.150000,64,0.136752136752,True,True,2.750000,True,True
admissible_unweighted,468,468,2.25,0.01,0.010000,128,0.273504273504,True,False,2.750000,True,False
admissible_unweighted,468,468,2.25,0.01,0.025000,128,0.273504273504,True,False,2.750000,True,False
admissible_unweighted,468,468,2.25,0.01,0.050000,128,0.273504273504,True,False,2.750000,True,False
admissible_unweighted,468,468,2.25,0.01,0.100000,128,0.273504273504,True,False,2.750000,True,False
admissible_unweighted,468,468,2.25,0.01,0.150000,128,0.273504273504,True,False,2.750000,True,False
admissible_unweighted,468,468,2.25,1,0.010000,190,0.405982905983,True,False,2.750000,True,False
admissible_unweighted,468,468,2.25,1,0.025000,190,0.405982905983,True,False,2.750000,True,False
admissible_unweighted,468,468,2.25,1,0.050000,190,0.405982905983,True,False,2.750000,True,False
admissible_unweighted,468,468,2.25,1,0.100000,190,0.405982905983,True,False,2.750000,True,False
admissible_unweighted,468,468,2.25,1,0.150000,190,0.405982905983,True,False,2.750000,True,False
admissible_unweighted,468,468,2.30,0.0001,0.010000,64,0.136752136752,True,False,2.750000,True,False
admissible_unweighted,468,468,2.30,0.0001,0.025000,64,0.136752136752,True,False,2.750000,True,False
admissible_unweighted,468,468,2.30,0.0001,0.050000,64,0.136752136752,True,False,2.750000,True,False
admissible_unweighted,468,468,2.30,0.0001,0.100000,64,0.136752136752,True,False,2.750000,True,False
admissible_unweighted,468,468,2.30,0.0001,0.150000,64,0.136752136752,True,True,2.750000,True,True
admissible_unweighted,468,468,2.30,0.01,0.010000,128,0.273504273504,True,False,2.750000,True,False
admissible_unweighted,468,468,2.30,0.01,0.025000,128,0.273504273504,True,False,2.750000,True,False
admissible_unweighted,468,468,2.30,0.01,0.050000,128,0.273504273504,True,False,2.750000,True,False
admissible_unweighted,468,468,2.30,0.01,0.100000,128,0.273504273504,True,False,2.750000,True,False
admissible_unweighted,468,468,2.30,0.01,0.150000,128,0.273504273504,True,False,2.750000,True,False
admissible_unweighted,468,468,2.30,1,0.010000,190,0.405982905983,True,False,2.750000,True,False
admissible_unweighted,468,468,2.30,1,0.025000,190,0.405982905983,True,False,2.750000,True,False
admissible_unweighted,468,468,2.30,1,0.050000,190,0.405982905983,True,False,2.750000,True,False
admissible_unweighted,468,468,2.30,1,0.100000,190,0.405982905983,True,False,2.750000,True,False
admissible_unweighted,468,468,2.30,1,0.150000,190,0.405982905983,True,False,2.750000,True,False
admissible_unweighted,468,468,2.35,0.0001,0.010000,64,0.136752136752,True,False,2.750000,True,False
admissible_unweighted,468,468,2.35,0.0001,0.025000,64,0.136752136752,True,False,2.750000,True,False
admissible_unweighted,468,468,2.35,0.0001,0.050000,64,0.136752136752,True,False,2.750000,True,False
admissible_unweighted,468,468,2.35,0.0001,0.100000,64,0.136752136752,True,False,2.750000,True,False
admissible_unweighted,468,468,2.35,0.0001,0.150000,64,0.136752136752,True,True,2.750000,True,True
admissible_unweighted,468,468,2.35,0.01,0.010000,128,0.273504273504,True,False,2.750000,True,False
admissible_unweighted,468,468,2.35,0.01,0.025000,128,0.273504273504,True,False,2.750000,True,False
admissible_unweighted,468,468,2.35,0.01,0.050000,128,0.273504273504,True,False,2.750000,True,False
admissible_unweighted,468,468,2.35,0.01,0.100000,128,0.273504273504,True,False,2.750000,True,False
admissible_unweighted,468,468,2.35,0.01,0.150000,128,0.273504273504,True,False,2.750000,True,False
admissible_unweighted,468,468,2.35,1,0.010000,190,0.405982905983,True,False,2.750000,True,False
admissible_unweighted,468,468,2.35,1,0.025000,190,0.405982905983,True,False,2.750000,True,False
admissible_unweighted,468,468,2.35,1,0.050000,190,0.405982905983,True,False,2.750000,True,False
admissible_unweighted,468,468,2.35,1,0.100000,190,0.405982905983,True,False,2.750000,True,False
admissible_unweighted,468,468,2.35,1,0.150000,190,0.405982905983,True,False,2.750000,True,False
admissible_unweighted,468,468,2.40,0.0001,0.010000,64,0.136752136752,True,False,2.750000,True,False
admissible_unweighted,468,468,2.40,0.0001,0.025000,64,0.136752136752,True,False,2.750000,True,False
admissible_unweighted,468,468,2.40,0.0001,0.050000,64,0.136752136752,True,False,2.750000,True,False
admissible_unweighted,468,468,2.40,0.0001,0.100000,64,0.136752136752,True,False,2.750000,True,False
admissible_unweighted,468,468,2.40,0.0001,0.150000,64,0.136752136752,True,True,2.750000,True,True
admissible_unweighted,468,468,2.40,0.01,0.010000,128,0.273504273504,True,False,2.750000,True,False
admissible_unweighted,468,468,2.40,0.01,0.025000,128,0.273504273504,True,False,2.750000,True,False
admissible_unweighted,468,468,2.40,0.01,0.050000,128,0.273504273504,True,False,2.750000,True,False
admissible_unweighted,468,468,2.40,0.01,0.100000,128,0.273504273504,True,False,2.750000,True,False
admissible_unweighted,468,468,2.40,0.01,0.150000,128,0.273504273504,True,False,2.750000,True,False
admissible_unweighted,468,468,2.40,1,0.010000,190,0.405982905983,True,False,2.750000,True,False
admissible_unweighted,468,468,2.40,1,0.025000,190,0.405982905983,True,False,2.750000,True,False
admissible_unweighted,468,468,2.40,1,0.050000,190,0.405982905983,True,False,2.750000,True,False
admissible_unweighted,468,468,2.40,1,0.100000,190,0.405982905983,True,False,2.750000,True,False
admissible_unweighted,468,468,2.40,1,0.150000,190,0.405982905983,True,False,2.750000,True,False
admissible_unweighted,468,468,2.45,0.0001,0.010000,64,0.136752136752,True,False,2.750000,True,False
admissible_unweighted,468,468,2.45,0.0001,0.025000,64,0.136752136752,True,False,2.750000,True,False
admissible_unweighted,468,468,2.45,0.0001,0.050000,64,0.136752136752,True,False,2.750000,True,False
admissible_unweighted,468,468,2.45,0.0001,0.100000,64,0.136752136752,True,False,2.750000,True,False
admissible_unweighted,468,468,2.45,0.0001,0.150000,64,0.136752136752,True,True,2.750000,True,True
admissible_unweighted,468,468,2.45,0.01,0.010000,128,0.273504273504,True,False,2.750000,True,False
admissible_unweighted,468,468,2.45,0.01,0.025000,128,0.273504273504,True,False,2.750000,True,False
admissible_unweighted,468,468,2.45,0.01,0.050000,128,0.273504273504,True,False,2.750000,True,False
admissible_unweighted,468,468,2.45,0.01,0.100000,128,0.273504273504,True,False,2.750000,True,False
admissible_unweighted,468,468,2.45,0.01,0.150000,128,0.273504273504,True,False,2.750000,True,False
admissible_unweighted,468,468,2.45,1,0.010000,190,0.405982905983,True,False,2.750000,True,False
admissible_unweighted,468,468,2.45,1,0.025000,190,0.405982905983,True,False,2.750000,True,False
admissible_unweighted,468,468,2.45,1,0.050000,190,0.405982905983,True,False,2.750000,True,False
admissible_unweighted,468,468,2.45,1,0.100000,190,0.405982905983,True,False,2.750000,True,False
admissible_unweighted,468,468,2.45,1,0.150000,190,0.405982905983,True,False,2.750000,True,False
admissible_unweighted,468,468,2.50,0.0001,0.010000,64,0.136752136752,True,False,2.750000,True,False
admissible_unweighted,468,468,2.50,0.0001,0.025000,64,0.136752136752,True,False,2.750000,True,False
admissible_unweighted,468,468,2.50,0.0001,0.050000,64,0.136752136752,True,False,2.750000,True,False
admissible_unweighted,468,468,2.50,0.0001,0.100000,64,0.136752136752,True,False,2.750000,True,False
admissible_unweighted,468,468,2.50,0.0001,0.150000,64,0.136752136752,True,True,2.750000,True,True
admissible_unweighted,468,468,2.50,0.01,0.010000,128,0.273504273504,True,False,2.750000,True,False
admissible_unweighted,468,468,2.50,0.01,0.025000,128,0.273504273504,True,False,2.750000,True,False
admissible_unweighted,468,468,2.50,0.01,0.050000,128,0.273504273504,True,False,2.750000,True,False
admissible_unweighted,468,468,2.50,0.01,0.100000,128,0.273504273504,True,False,2.750000,True,False
admissible_unweighted,468,468,2.50,0.01,0.150000,128,0.273504273504,True,False,2.750000,True,False
admissible_unweighted,468,468,2.50,1,0.010000,190,0.405982905983,True,False,2.750000,True,False
admissible_unweighted,468,468,2.50,1,0.025000,190,0.405982905983,True,False,2.750000,True,False
admissible_unweighted,468,468,2.50,1,0.050000,190,0.405982905983,True,False,2.750000,True,False
admissible_unweighted,468,468,2.50,1,0.100000,190,0.405982905983,True,False,2.750000,True,False
admissible_unweighted,468,468,2.50,1,0.150000,190,0.405982905983,True,False,2.750000,True,False
admissible_unweighted,468,468,2.55,0.0001,0.010000,58,0.123931623932,True,False,2.750000,True,False
admissible_unweighted,468,468,2.55,0.0001,0.025000,58,0.123931623932,True,False,2.750000,True,False
admissible_unweighted,468,468,2.55,0.0001,0.050000,58,0.123931623932,True,False,2.750000,True,False
admissible_unweighted,468,468,2.55,0.0001,0.100000,58,0.123931623932,True,False,2.750000,True,False
admissible_unweighted,468,468,2.55,0.0001,0.150000,58,0.123931623932,True,True,2.750000,True,True
admissible_unweighted,468,468,2.55,0.01,0.010000,116,0.247863247863,True,False,2.750000,True,False
admissible_unweighted,468,468,2.55,0.01,0.025000,116,0.247863247863,True,False,2.750000,True,False
admissible_unweighted,468,468,2.55,0.01,0.050000,116,0.247863247863,True,False,2.750000,True,False
admissible_unweighted,468,468,2.55,0.01,0.100000,116,0.247863247863,True,False,2.750000,True,False
admissible_unweighted,468,468,2.55,0.01,0.150000,116,0.247863247863,True,False,2.750000,True,False
admissible_unweighted,468,468,2.55,1,0.010000,172,0.367521367521,True,False,2.750000,True,False
admissible_unweighted,468,468,2.55,1,0.025000,172,0.367521367521,True,False,2.750000,True,False
admissible_unweighted,468,468,2.55,1,0.050000,172,0.367521367521,True,False,2.750000,True,False
admissible_unweighted,468,468,2.55,1,0.100000,172,0.367521367521,True,False,2.750000,True,False
admissible_unweighted,468,468,2.55,1,0.150000,172,0.367521367521,True,False,2.750000,True,False
admissible_unweighted,468,468,2.60,0.0001,0.010000,52,0.111111111111,True,False,2.750000,True,False
admissible_unweighted,468,468,2.60,0.0001,0.025000,52,0.111111111111,True,False,2.750000,True,False
admissible_unweighted,468,468,2.60,0.0001,0.050000,52,0.111111111111,True,False,2.750000,True,False
admissible_unweighted,468,468,2.60,0.0001,0.100000,52,0.111111111111,True,False,2.750000,True,False
admissible_unweighted,468,468,2.60,0.0001,0.150000,52,0.111111111111,True,True,2.750000,True,True
admissible_unweighted,468,468,2.60,0.01,0.010000,104,0.222222222222,True,False,2.750000,True,False
admissible_unweighted,468,468,2.60,0.01,0.025000,104,0.222222222222,True,False,2.750000,True,False
admissible_unweighted,468,468,2.60,0.01,0.050000,104,0.222222222222,True,False,2.750000,True,False
admissible_unweighted,468,468,2.60,0.01,0.100000,104,0.222222222222,True,False,2.750000,True,False
admissible_unweighted,468,468,2.60,0.01,0.150000,104,0.222222222222,True,False,2.750000,True,False
admissible_unweighted,468,468,2.60,1,0.010000,154,0.329059829060,True,False,2.750000,True,False
admissible_unweighted,468,468,2.60,1,0.025000,154,0.329059829060,True,False,2.750000,True,False
admissible_unweighted,468,468,2.60,1,0.050000,154,0.329059829060,True,False,2.750000,True,False
admissible_unweighted,468,468,2.60,1,0.100000,154,0.329059829060,True,False,2.750000,True,False
admissible_unweighted,468,468,2.60,1,0.150000,154,0.329059829060,True,False,2.750000,True,False
admissible_unweighted,468,468,2.65,0.0001,0.010000,41,0.087606837607,True,False,2.750000,True,False
admissible_unweighted,468,468,2.65,0.0001,0.025000,41,0.087606837607,True,False,2.750000,True,False
admissible_unweighted,468,468,2.65,0.0001,0.050000,41,0.087606837607,True,False,2.750000,True,False
admissible_unweighted,468,468,2.65,0.0001,0.100000,41,0.087606837607,True,True,2.750000,True,True
admissible_unweighted,468,468,2.65,0.0001,0.150000,41,0.087606837607,True,True,2.750000,True,True
admissible_unweighted,468,468,2.65,0.01,0.010000,82,0.175213675214,True,False,2.750000,True,False
admissible_unweighted,468,468,2.65,0.01,0.025000,82,0.175213675214,True,False,2.750000,True,False
admissible_unweighted,468,468,2.65,0.01,0.050000,82,0.175213675214,True,False,2.750000,True,False
admissible_unweighted,468,468,2.65,0.01,0.100000,82,0.175213675214,True,False,2.750000,True,False
admissible_unweighted,468,468,2.65,0.01,0.150000,82,0.175213675214,True,False,2.750000,True,False
admissible_unweighted,468,468,2.65,1,0.010000,122,0.260683760684,True,False,2.750000,True,False
admissible_unweighted,468,468,2.65,1,0.025000,122,0.260683760684,True,False,2.750000,True,False
admissible_unweighted,468,468,2.65,1,0.050000,122,0.260683760684,True,False,2.750000,True,False
admissible_unweighted,468,468,2.65,1,0.100000,122,0.260683760684,True,False,2.750000,True,False
admissible_unweighted,468,468,2.65,1,0.150000,122,0.260683760684,True,False,2.750000,True,False
admissible_unweighted,468,468,2.70,0.0001,0.010000,24,0.051282051282,True,False,2.750000,True,False
admissible_unweighted,468,468,2.70,0.0001,0.025000,24,0.051282051282,True,False,2.750000,True,False
admissible_unweighted,468,468,2.70,0.0001,0.050000,24,0.051282051282,True,False,2.750000,True,False
admissible_unweighted,468,468,2.70,0.0001,0.100000,24,0.051282051282,True,True,2.750000,True,True
admissible_unweighted,468,468,2.70,0.0001,0.150000,24,0.051282051282,True,True,2.750000,True,True
admissible_unweighted,468,468,2.70,0.01,0.010000,48,0.102564102564,True,False,2.750000,True,False
admissible_unweighted,468,468,2.70,0.01,0.025000,48,0.102564102564,True,False,2.750000,True,False
admissible_unweighted,468,468,2.70,0.01,0.050000,48,0.102564102564,True,False,2.750000,True,False
admissible_unweighted,468,468,2.70,0.01,0.100000,48,0.102564102564,True,False,2.750000,True,False
admissible_unweighted,468,468,2.70,0.01,0.150000,48,0.102564102564,True,True,2.750000,True,True
admissible_unweighted,468,468,2.70,1,0.010000,72,0.153846153846,True,False,2.750000,True,False
admissible_unweighted,468,468,2.70,1,0.025000,72,0.153846153846,True,False,2.750000,True,False
admissible_unweighted,468,468,2.70,1,0.050000,72,0.153846153846,True,False,2.750000,True,False
admissible_unweighted,468,468,2.70,1,0.100000,72,0.153846153846,True,False,2.750000,True,False
admissible_unweighted,468,468,2.70,1,0.150000,72,0.153846153846,True,False,2.750000,True,False
admissible_unweighted,468,468,2.75,0.0001,0.010000,12,0.025641025641,True,False,2.750000,False,False
admissible_unweighted,468,468,2.75,0.0001,0.025000,12,0.025641025641,True,False,2.750000,False,False
admissible_unweighted,468,468,2.75,0.0001,0.050000,12,0.025641025641,True,True,2.750000,False,False
admissible_unweighted,468,468,2.75,0.0001,0.100000,12,0.025641025641,True,True,2.750000,False,False
admissible_unweighted,468,468,2.75,0.0001,0.150000,12,0.025641025641,True,True,2.750000,False,False
admissible_unweighted,468,468,2.75,0.01,0.010000,24,0.051282051282,True,False,2.750000,False,False
admissible_unweighted,468,468,2.75,0.01,0.025000,24,0.051282051282,True,False,2.750000,False,False
admissible_unweighted,468,468,2.75,0.01,0.050000,24,0.051282051282,True,False,2.750000,False,False
admissible_unweighted,468,468,2.75,0.01,0.100000,24,0.051282051282,True,True,2.750000,False,False
admissible_unweighted,468,468,2.75,0.01,0.150000,24,0.051282051282,True,True,2.750000,False,False
admissible_unweighted,468,468,2.75,1,0.010000,36,0.076923076923,True,False,2.750000,False,False
admissible_unweighted,468,468,2.75,1,0.025000,36,0.076923076923,True,False,2.750000,False,False
admissible_unweighted,468,468,2.75,1,0.050000,36,0.076923076923,True,False,2.750000,False,False
admissible_unweighted,468,468,2.75,1,0.100000,36,0.076923076923,True,True,2.750000,False,False
admissible_unweighted,468,468,2.75,1,0.150000,36,0.076923076923,True,True,2.750000,False,False
admissible_unweighted,468,468,2.80,0.0001,0.010000,12,0.025641025641,True,False,2.750000,False,False
admissible_unweighted,468,468,2.80,0.0001,0.025000,12,0.025641025641,True,False,2.750000,False,False
admissible_unweighted,468,468,2.80,0.0001,0.050000,12,0.025641025641,True,True,2.750000,False,False
admissible_unweighted,468,468,2.80,0.0001,0.100000,12,0.025641025641,True,True,2.750000,False,False
admissible_unweighted,468,468,2.80,0.0001,0.150000,12,0.025641025641,True,True,2.750000,False,False
admissible_unweighted,468,468,2.80,0.01,0.010000,24,0.051282051282,True,False,2.750000,False,False
admissible_unweighted,468,468,2.80,0.01,0.025000,24,0.051282051282,True,False,2.750000,False,False
admissible_unweighted,468,468,2.80,0.01,0.050000,24,0.051282051282,True,False,2.750000,False,False
admissible_unweighted,468,468,2.80,0.01,0.100000,24,0.051282051282,True,True,2.750000,False,False
admissible_unweighted,468,468,2.80,0.01,0.150000,24,0.051282051282,True,True,2.750000,False,False
admissible_unweighted,468,468,2.80,1,0.010000,36,0.076923076923,True,False,2.750000,False,False
admissible_unweighted,468,468,2.80,1,0.025000,36,0.076923076923,True,False,2.750000,False,False
admissible_unweighted,468,468,2.80,1,0.050000,36,0.076923076923,True,False,2.750000,False,False
admissible_unweighted,468,468,2.80,1,0.100000,36,0.076923076923,True,True,2.750000,False,False
admissible_unweighted,468,468,2.80,1,0.150000,36,0.076923076923,True,True,2.750000,False,False
admissible_unweighted,468,468,2.85,0.0001,0.010000,0,0.000000000000,False,False,2.750000,False,False
admissible_unweighted,468,468,2.85,0.0001,0.025000,0,0.000000000000,False,False,2.750000,False,False
admissible_unweighted,468,468,2.85,0.0001,0.050000,0,0.000000000000,False,False,2.750000,False,False
admissible_unweighted,468,468,2.85,0.0001,0.100000,0,0.000000000000,False,False,2.750000,False,False
admissible_unweighted,468,468,2.85,0.0001,0.150000,0,0.000000000000,False,False,2.750000,False,False
admissible_unweighted,468,468,2.85,0.01,0.010000,0,0.000000000000,False,False,2.750000,False,False
admissible_unweighted,468,468,2.85,0.01,0.025000,0,0.000000000000,False,False,2.750000,False,False
admissible_unweighted,468,468,2.85,0.01,0.050000,0,0.000000000000,False,False,2.750000,False,False
admissible_unweighted,468,468,2.85,0.01,0.100000,0,0.000000000000,False,False,2.750000,False,False
admissible_unweighted,468,468,2.85,0.01,0.150000,0,0.000000000000,False,False,2.750000,False,False
admissible_unweighted,468,468,2.85,1,0.010000,0,0.000000000000,False,False,2.750000,False,False
admissible_unweighted,468,468,2.85,1,0.025000,0,0.000000000000,False,False,2.750000,False,False
admissible_unweighted,468,468,2.85,1,0.050000,0,0.000000000000,False,False,2.750000,False,False
admissible_unweighted,468,468,2.85,1,0.100000,0,0.000000000000,False,False,2.750000,False,False
admissible_unweighted,468,468,2.85,1,0.150000,0,0.000000000000,False,False,2.750000,False,False
admissible_unweighted,468,468,2.90,0.0001,0.010000,0,0.000000000000,False,False,2.750000,False,False
admissible_unweighted,468,468,2.90,0.0001,0.025000,0,0.000000000000,False,False,2.750000,False,False
admissible_unweighted,468,468,2.90,0.0001,0.050000,0,0.000000000000,False,False,2.750000,False,False
admissible_unweighted,468,468,2.90,0.0001,0.100000,0,0.000000000000,False,False,2.750000,False,False
admissible_unweighted,468,468,2.90,0.0001,0.150000,0,0.000000000000,False,False,2.750000,False,False
admissible_unweighted,468,468,2.90,0.01,0.010000,0,0.000000000000,False,False,2.750000,False,False
admissible_unweighted,468,468,2.90,0.01,0.025000,0,0.000000000000,False,False,2.750000,False,False
admissible_unweighted,468,468,2.90,0.01,0.050000,0,0.000000000000,False,False,2.750000,False,False
admissible_unweighted,468,468,2.90,0.01,0.100000,0,0.000000000000,False,False,2.750000,False,False
admissible_unweighted,468,468,2.90,0.01,0.150000,0,0.000000000000,False,False,2.750000,False,False
admissible_unweighted,468,468,2.90,1,0.010000,0,0.000000000000,False,False,2.750000,False,False
admissible_unweighted,468,468,2.90,1,0.025000,0,0.000000000000,False,False,2.750000,False,False
admissible_unweighted,468,468,2.90,1,0.050000,0,0.000000000000,False,False,2.750000,False,False
admissible_unweighted,468,468,2.90,1,0.100000,0,0.000000000000,False,False,2.750000,False,False
admissible_unweighted,468,468,2.90,1,0.150000,0,0.000000000000,False,False,2.750000,False,False
admissible_unweighted,468,468,2.95,0.0001,0.010000,0,0.000000000000,False,False,2.750000,False,False
admissible_unweighted,468,468,2.95,0.0001,0.025000,0,0.000000000000,False,False,2.750000,False,False
admissible_unweighted,468,468,2.95,0.0001,0.050000,0,0.000000000000,False,False,2.750000,False,False
admissible_unweighted,468,468,2.95,0.0001,0.100000,0,0.000000000000,False,False,2.750000,False,False
admissible_unweighted,468,468,2.95,0.0001,0.150000,0,0.000000000000,False,False,2.750000,False,False
admissible_unweighted,468,468,2.95,0.01,0.010000,0,0.000000000000,False,False,2.750000,False,False
admissible_unweighted,468,468,2.95,0.01,0.025000,0,0.000000000000,False,False,2.750000,False,False
admissible_unweighted,468,468,2.95,0.01,0.050000,0,0.000000000000,False,False,2.750000,False,False
admissible_unweighted,468,468,2.95,0.01,0.100000,0,0.000000000000,False,False,2.750000,False,False
admissible_unweighted,468,468,2.95,0.01,0.150000,0,0.000000000000,False,False,2.750000,False,False
admissible_unweighted,468,468,2.95,1,0.010000,0,0.000000000000,False,False,2.750000,False,False
admissible_unweighted,468,468,2.95,1,0.025000,0,0.000000000000,False,False,2.750000,False,False
admissible_unweighted,468,468,2.95,1,0.050000,0,0.000000000000,False,False,2.750000,False,False
admissible_unweighted,468,468,2.95,1,0.100000,0,0.000000000000,False,False,2.750000,False,False
admissible_unweighted,468,468,2.95,1,0.150000,0,0.000000000000,False,False,2.750000,False,False
admissible_unweighted,468,468,3.00,0.0001,0.010000,0,0.000000000000,False,False,2.750000,False,False
admissible_unweighted,468,468,3.00,0.0001,0.025000,0,0.000000000000,False,False,2.750000,False,False
admissible_unweighted,468,468,3.00,0.0001,0.050000,0,0.000000000000,False,False,2.750000,False,False
admissible_unweighted,468,468,3.00,0.0001,0.100000,0,0.000000000000,False,False,2.750000,False,False
admissible_unweighted,468,468,3.00,0.0001,0.150000,0,0.000000000000,False,False,2.750000,False,False
admissible_unweighted,468,468,3.00,0.01,0.010000,0,0.000000000000,False,False,2.750000,False,False
admissible_unweighted,468,468,3.00,0.01,0.025000,0,0.000000000000,False,False,2.750000,False,False
admissible_unweighted,468,468,3.00,0.01,0.050000,0,0.000000000000,False,False,2.750000,False,False
admissible_unweighted,468,468,3.00,0.01,0.100000,0,0.000000000000,False,False,2.750000,False,False
admissible_unweighted,468,468,3.00,0.01,0.150000,0,0.000000000000,False,False,2.750000,False,False
admissible_unweighted,468,468,3.00,1,0.010000,0,0.000000000000,False,False,2.750000,False,False
admissible_unweighted,468,468,3.00,1,0.025000,0,0.000000000000,False,False,2.750000,False,False
admissible_unweighted,468,468,3.00,1,0.050000,0,0.000000000000,False,False,2.750000,False,False
admissible_unweighted,468,468,3.00,1,0.100000,0,0.000000000000,False,False,2.750000,False,False
admissible_unweighted,468,468,3.00,1,0.150000,0,0.000000000000,False,False,2.750000,False,False
admissible_unweighted,468,468,3.05,0.0001,0.010000,0,0.000000000000,False,False,2.750000,False,False
admissible_unweighted,468,468,3.05,0.0001,0.025000,0,0.000000000000,False,False,2.750000,False,False
admissible_unweighted,468,468,3.05,0.0001,0.050000,0,0.000000000000,False,False,2.750000,False,False
admissible_unweighted,468,468,3.05,0.0001,0.100000,0,0.000000000000,False,False,2.750000,False,False
admissible_unweighted,468,468,3.05,0.0001,0.150000,0,0.000000000000,False,False,2.750000,False,False
admissible_unweighted,468,468,3.05,0.01,0.010000,0,0.000000000000,False,False,2.750000,False,False
admissible_unweighted,468,468,3.05,0.01,0.025000,0,0.000000000000,False,False,2.750000,False,False
admissible_unweighted,468,468,3.05,0.01,0.050000,0,0.000000000000,False,False,2.750000,False,False
admissible_unweighted,468,468,3.05,0.01,0.100000,0,0.000000000000,False,False,2.750000,False,False
admissible_unweighted,468,468,3.05,0.01,0.150000,0,0.000000000000,False,False,2.750000,False,False
admissible_unweighted,468,468,3.05,1,0.010000,0,0.000000000000,False,False,2.750000,False,False
admissible_unweighted,468,468,3.05,1,0.025000,0,0.000000000000,False,False,2.750000,False,False
admissible_unweighted,468,468,3.05,1,0.050000,0,0.000000000000,False,False,2.750000,False,False
admissible_unweighted,468,468,3.05,1,0.100000,0,0.000000000000,False,False,2.750000,False,False
admissible_unweighted,468,468,3.05,1,0.150000,0,0.000000000000,False,False,2.750000,False,False
admissible_unweighted,468,468,3.10,0.0001,0.010000,0,0.000000000000,False,False,2.750000,False,False
admissible_unweighted,468,468,3.10,0.0001,0.025000,0,0.000000000000,False,False,2.750000,False,False
admissible_unweighted,468,468,3.10,0.0001,0.050000,0,0.000000000000,False,False,2.750000,False,False
admissible_unweighted,468,468,3.10,0.0001,0.100000,0,0.000000000000,False,False,2.750000,False,False
admissible_unweighted,468,468,3.10,0.0001,0.150000,0,0.000000000000,False,False,2.750000,False,False
admissible_unweighted,468,468,3.10,0.01,0.010000,0,0.000000000000,False,False,2.750000,False,False
admissible_unweighted,468,468,3.10,0.01,0.025000,0,0.000000000000,False,False,2.750000,False,False
admissible_unweighted,468,468,3.10,0.01,0.050000,0,0.000000000000,False,False,2.750000,False,False
admissible_unweighted,468,468,3.10,0.01,0.100000,0,0.000000000000,False,False,2.750000,False,False
admissible_unweighted,468,468,3.10,0.01,0.150000,0,0.000000000000,False,False,2.750000,False,False
admissible_unweighted,468,468,3.10,1,0.010000,0,0.000000000000,False,False,2.750000,False,False
admissible_unweighted,468,468,3.10,1,0.025000,0,0.000000000000,False,False,2.750000,False,False
admissible_unweighted,468,468,3.10,1,0.050000,0,0.000000000000,False,False,2.750000,False,False
admissible_unweighted,468,468,3.10,1,0.100000,0,0.000000000000,False,False,2.750000,False,False
admissible_unweighted,468,468,3.10,1,0.150000,0,0.000000000000,False,False,2.750000,False,False
admissible_unweighted,468,468,3.15,0.0001,0.010000,0,0.000000000000,False,False,2.750000,False,False
admissible_unweighted,468,468,3.15,0.0001,0.025000,0,0.000000000000,False,False,2.750000,False,False
admissible_unweighted,468,468,3.15,0.0001,0.050000,0,0.000000000000,False,False,2.750000,False,False
admissible_unweighted,468,468,3.15,0.0001,0.100000,0,0.000000000000,False,False,2.750000,False,False
admissible_unweighted,468,468,3.15,0.0001,0.150000,0,0.000000000000,False,False,2.750000,False,False
admissible_unweighted,468,468,3.15,0.01,0.010000,0,0.000000000000,False,False,2.750000,False,False
admissible_unweighted,468,468,3.15,0.01,0.025000,0,0.000000000000,False,False,2.750000,False,False
admissible_unweighted,468,468,3.15,0.01,0.050000,0,0.000000000000,False,False,2.750000,False,False
admissible_unweighted,468,468,3.15,0.01,0.100000,0,0.000000000000,False,False,2.750000,False,False
admissible_unweighted,468,468,3.15,0.01,0.150000,0,0.000000000000,False,False,2.750000,False,False
admissible_unweighted,468,468,3.15,1,0.010000,0,0.000000000000,False,False,2.750000,False,False
admissible_unweighted,468,468,3.15,1,0.025000,0,0.000000000000,False,False,2.750000,False,False
admissible_unweighted,468,468,3.15,1,0.050000,0,0.000000000000,False,False,2.750000,False,False
admissible_unweighted,468,468,3.15,1,0.100000,0,0.000000000000,False,False,2.750000,False,False
admissible_unweighted,468,468,3.15,1,0.150000,0,0.000000000000,False,False,2.750000,False,False
admissible_unweighted,468,468,3.20,0.0001,0.010000,0,0.000000000000,False,False,2.750000,False,False
admissible_unweighted,468,468,3.20,0.0001,0.025000,0,0.000000000000,False,False,2.750000,False,False
admissible_unweighted,468,468,3.20,0.0001,0.050000,0,0.000000000000,False,False,2.750000,False,False
admissible_unweighted,468,468,3.20,0.0001,0.100000,0,0.000000000000,False,False,2.750000,False,False
admissible_unweighted,468,468,3.20,0.0001,0.150000,0,0.000000000000,False,False,2.750000,False,False
admissible_unweighted,468,468,3.20,0.01,0.010000,0,0.000000000000,False,False,2.750000,False,False
admissible_unweighted,468,468,3.20,0.01,0.025000,0,0.000000000000,False,False,2.750000,False,False
admissible_unweighted,468,468,3.20,0.01,0.050000,0,0.000000000000,False,False,2.750000,False,False
admissible_unweighted,468,468,3.20,0.01,0.100000,0,0.000000000000,False,False,2.750000,False,False
admissible_unweighted,468,468,3.20,0.01,0.150000,0,0.000000000000,False,False,2.750000,False,False
admissible_unweighted,468,468,3.20,1,0.010000,0,0.000000000000,False,False,2.750000,False,False
admissible_unweighted,468,468,3.20,1,0.025000,0,0.000000000000,False,False,2.750000,False,False
admissible_unweighted,468,468,3.20,1,0.050000,0,0.000000000000,False,False,2.750000,False,False
admissible_unweighted,468,468,3.20,1,0.100000,0,0.000000000000,False,False,2.750000,False,False
admissible_unweighted,468,468,3.20,1,0.150000,0,0.000000000000,False,False,2.750000,False,False
admissible_unweighted,468,468,3.25,0.0001,0.010000,0,0.000000000000,False,False,2.750000,False,False
admissible_unweighted,468,468,3.25,0.0001,0.025000,0,0.000000000000,False,False,2.750000,False,False
admissible_unweighted,468,468,3.25,0.0001,0.050000,0,0.000000000000,False,False,2.750000,False,False
admissible_unweighted,468,468,3.25,0.0001,0.100000,0,0.000000000000,False,False,2.750000,False,False
admissible_unweighted,468,468,3.25,0.0001,0.150000,0,0.000000000000,False,False,2.750000,False,False
admissible_unweighted,468,468,3.25,0.01,0.010000,0,0.000000000000,False,False,2.750000,False,False
admissible_unweighted,468,468,3.25,0.01,0.025000,0,0.000000000000,False,False,2.750000,False,False
admissible_unweighted,468,468,3.25,0.01,0.050000,0,0.000000000000,False,False,2.750000,False,False
admissible_unweighted,468,468,3.25,0.01,0.100000,0,0.000000000000,False,False,2.750000,False,False
admissible_unweighted,468,468,3.25,0.01,0.150000,0,0.000000000000,False,False,2.750000,False,False
admissible_unweighted,468,468,3.25,1,0.010000,0,0.000000000000,False,False,2.750000,False,False
admissible_unweighted,468,468,3.25,1,0.025000,0,0.000000000000,False,False,2.750000,False,False
admissible_unweighted,468,468,3.25,1,0.050000,0,0.000000000000,False,False,2.750000,False,False
admissible_unweighted,468,468,3.25,1,0.100000,0,0.000000000000,False,False,2.750000,False,False
admissible_unweighted,468,468,3.25,1,0.150000,0,0.000000000000,False,False,2.750000,False,False
admissible_unweighted,468,468,3.30,0.0001,0.010000,0,0.000000000000,False,False,2.750000,False,False
admissible_unweighted,468,468,3.30,0.0001,0.025000,0,0.000000000000,False,False,2.750000,False,False
admissible_unweighted,468,468,3.30,0.0001,0.050000,0,0.000000000000,False,False,2.750000,False,False
admissible_unweighted,468,468,3.30,0.0001,0.100000,0,0.000000000000,False,False,2.750000,False,False
admissible_unweighted,468,468,3.30,0.0001,0.150000,0,0.000000000000,False,False,2.750000,False,False
admissible_unweighted,468,468,3.30,0.01,0.010000,0,0.000000000000,False,False,2.750000,False,False
admissible_unweighted,468,468,3.30,0.01,0.025000,0,0.000000000000,False,False,2.750000,False,False
admissible_unweighted,468,468,3.30,0.01,0.050000,0,0.000000000000,False,False,2.750000,False,False
admissible_unweighted,468,468,3.30,0.01,0.100000,0,0.000000000000,False,False,2.750000,False,False
admissible_unweighted,468,468,3.30,0.01,0.150000,0,0.000000000000,False,False,2.750000,False,False
admissible_unweighted,468,468,3.30,1,0.010000,0,0.000000000000,False,False,2.750000,False,False
admissible_unweighted,468,468,3.30,1,0.025000,0,0.000000000000,False,False,2.750000,False,False
admissible_unweighted,468,468,3.30,1,0.050000,0,0.000000000000,False,False,2.750000,False,False
admissible_unweighted,468,468,3.30,1,0.100000,0,0.000000000000,False,False,2.750000,False,False
admissible_unweighted,468,468,3.30,1,0.150000,0,0.000000000000,False,False,2.750000,False,False
admissible_unweighted,468,468,3.35,0.0001,0.010000,0,0.000000000000,False,False,2.750000,False,False
admissible_unweighted,468,468,3.35,0.0001,0.025000,0,0.000000000000,False,False,2.750000,False,False
admissible_unweighted,468,468,3.35,0.0001,0.050000,0,0.000000000000,False,False,2.750000,False,False
admissible_unweighted,468,468,3.35,0.0001,0.100000,0,0.000000000000,False,False,2.750000,False,False
admissible_unweighted,468,468,3.35,0.0001,0.150000,0,0.000000000000,False,False,2.750000,False,False
admissible_unweighted,468,468,3.35,0.01,0.010000,0,0.000000000000,False,False,2.750000,False,False
admissible_unweighted,468,468,3.35,0.01,0.025000,0,0.000000000000,False,False,2.750000,False,False
admissible_unweighted,468,468,3.35,0.01,0.050000,0,0.000000000000,False,False,2.750000,False,False
admissible_unweighted,468,468,3.35,0.01,0.100000,0,0.000000000000,False,False,2.750000,False,False
admissible_unweighted,468,468,3.35,0.01,0.150000,0,0.000000000000,False,False,2.750000,False,False
admissible_unweighted,468,468,3.35,1,0.010000,0,0.000000000000,False,False,2.750000,False,False
admissible_unweighted,468,468,3.35,1,0.025000,0,0.000000000000,False,False,2.750000,False,False
admissible_unweighted,468,468,3.35,1,0.050000,0,0.000000000000,False,False,2.750000,False,False
admissible_unweighted,468,468,3.35,1,0.100000,0,0.000000000000,False,False,2.750000,False,False
admissible_unweighted,468,468,3.35,1,0.150000,0,0.000000000000,False,False,2.750000,False,False
admissible_unweighted,468,468,3.40,0.0001,0.010000,0,0.000000000000,False,False,2.750000,False,False
admissible_unweighted,468,468,3.40,0.0001,0.025000,0,0.000000000000,False,False,2.750000,False,False
admissible_unweighted,468,468,3.40,0.0001,0.050000,0,0.000000000000,False,False,2.750000,False,False
admissible_unweighted,468,468,3.40,0.0001,0.100000,0,0.000000000000,False,False,2.750000,False,False
admissible_unweighted,468,468,3.40,0.0001,0.150000,0,0.000000000000,False,False,2.750000,False,False
admissible_unweighted,468,468,3.40,0.01,0.010000,0,0.000000000000,False,False,2.750000,False,False
admissible_unweighted,468,468,3.40,0.01,0.025000,0,0.000000000000,False,False,2.750000,False,False
admissible_unweighted,468,468,3.40,0.01,0.050000,0,0.000000000000,False,False,2.750000,False,False
admissible_unweighted,468,468,3.40,0.01,0.100000,0,0.000000000000,False,False,2.750000,False,False
admissible_unweighted,468,468,3.40,0.01,0.150000,0,0.000000000000,False,False,2.750000,False,False
admissible_unweighted,468,468,3.40,1,0.010000,0,0.000000000000,False,False,2.750000,False,False
admissible_unweighted,468,468,3.40,1,0.025000,0,0.000000000000,False,False,2.750000,False,False
admissible_unweighted,468,468,3.40,1,0.050000,0,0.000000000000,False,False,2.750000,False,False
admissible_unweighted,468,468,3.40,1,0.100000,0,0.000000000000,False,False,2.750000,False,False
admissible_unweighted,468,468,3.40,1,0.150000,0,0.000000000000,False,False,2.750000,False,False
admissible_unweighted,468,468,3.45,0.0001,0.010000,0,0.000000000000,False,False,2.750000,False,False
admissible_unweighted,468,468,3.45,0.0001,0.025000,0,0.000000000000,False,False,2.750000,False,False
admissible_unweighted,468,468,3.45,0.0001,0.050000,0,0.000000000000,False,False,2.750000,False,False
admissible_unweighted,468,468,3.45,0.0001,0.100000,0,0.000000000000,False,False,2.750000,False,False
admissible_unweighted,468,468,3.45,0.0001,0.150000,0,0.000000000000,False,False,2.750000,False,False
admissible_unweighted,468,468,3.45,0.01,0.010000,0,0.000000000000,False,False,2.750000,False,False
admissible_unweighted,468,468,3.45,0.01,0.025000,0,0.000000000000,False,False,2.750000,False,False
admissible_unweighted,468,468,3.45,0.01,0.050000,0,0.000000000000,False,False,2.750000,False,False
admissible_unweighted,468,468,3.45,0.01,0.100000,0,0.000000000000,False,False,2.750000,False,False
admissible_unweighted,468,468,3.45,0.01,0.150000,0,0.000000000000,False,False,2.750000,False,False
admissible_unweighted,468,468,3.45,1,0.010000,0,0.000000000000,False,False,2.750000,False,False
admissible_unweighted,468,468,3.45,1,0.025000,0,0.000000000000,False,False,2.750000,False,False
admissible_unweighted,468,468,3.45,1,0.050000,0,0.000000000000,False,False,2.750000,False,False
admissible_unweighted,468,468,3.45,1,0.100000,0,0.000000000000,False,False,2.750000,False,False
admissible_unweighted,468,468,3.45,1,0.150000,0,0.000000000000,False,False,2.750000,False,False
admissible_unweighted,468,468,3.50,0.0001,0.010000,0,0.000000000000,False,False,2.750000,False,False
admissible_unweighted,468,468,3.50,0.0001,0.025000,0,0.000000000000,False,False,2.750000,False,False
admissible_unweighted,468,468,3.50,0.0001,0.050000,0,0.000000000000,False,False,2.750000,False,False
admissible_unweighted,468,468,3.50,0.0001,0.100000,0,0.000000000000,False,False,2.750000,False,False
admissible_unweighted,468,468,3.50,0.0001,0.150000,0,0.000000000000,False,False,2.750000,False,False
admissible_unweighted,468,468,3.50,0.01,0.010000,0,0.000000000000,False,False,2.750000,False,False
admissible_unweighted,468,468,3.50,0.01,0.025000,0,0.000000000000,False,False,2.750000,False,False
admissible_unweighted,468,468,3.50,0.01,0.050000,0,0.000000000000,False,False,2.750000,False,False
admissible_unweighted,468,468,3.50,0.01,0.100000,0,0.000000000000,False,False,2.750000,False,False
admissible_unweighted,468,468,3.50,0.01,0.150000,0,0.000000000000,False,False,2.750000,False,False
admissible_unweighted,468,468,3.50,1,0.010000,0,0.000000000000,False,False,2.750000,False,False
admissible_unweighted,468,468,3.50,1,0.025000,0,0.000000000000,False,False,2.750000,False,False
admissible_unweighted,468,468,3.50,1,0.050000,0,0.000000000000,False,False,2.750000,False,False
admissible_unweighted,468,468,3.50,1,0.100000,0,0.000000000000,False,False,2.750000,False,False
admissible_unweighted,468,468,3.50,1,0.150000,0,0.000000000000,False,False,2.750000,False,False
admissible_step8_measure_weighted,468,534,2.00,0.0001,0.010000,66,0.123595505618,True,False,2.750000,True,False
admissible_step8_measure_weighted,468,534,2.00,0.0001,0.025000,66,0.123595505618,True,False,2.750000,True,False
admissible_step8_measure_weighted,468,534,2.00,0.0001,0.050000,66,0.123595505618,True,False,2.750000,True,False
admissible_step8_measure_weighted,468,534,2.00,0.0001,0.100000,66,0.123595505618,True,False,2.750000,True,False
admissible_step8_measure_weighted,468,534,2.00,0.0001,0.150000,66,0.123595505618,True,True,2.750000,True,True
admissible_step8_measure_weighted,468,534,2.00,0.01,0.010000,132,0.247191011236,True,False,2.750000,True,False
admissible_step8_measure_weighted,468,534,2.00,0.01,0.025000,132,0.247191011236,True,False,2.750000,True,False
admissible_step8_measure_weighted,468,534,2.00,0.01,0.050000,132,0.247191011236,True,False,2.750000,True,False
admissible_step8_measure_weighted,468,534,2.00,0.01,0.100000,132,0.247191011236,True,False,2.750000,True,False
admissible_step8_measure_weighted,468,534,2.00,0.01,0.150000,132,0.247191011236,True,False,2.750000,True,False
admissible_step8_measure_weighted,468,534,2.00,1,0.010000,196,0.367041198502,True,False,2.750000,True,False
admissible_step8_measure_weighted,468,534,2.00,1,0.025000,196,0.367041198502,True,False,2.750000,True,False
admissible_step8_measure_weighted,468,534,2.00,1,0.050000,196,0.367041198502,True,False,2.750000,True,False
admissible_step8_measure_weighted,468,534,2.00,1,0.100000,196,0.367041198502,True,False,2.750000,True,False
admissible_step8_measure_weighted,468,534,2.00,1,0.150000,196,0.367041198502,True,False,2.750000,True,False
admissible_step8_measure_weighted,468,534,2.05,0.0001,0.010000,66,0.123595505618,True,False,2.750000,True,False
admissible_step8_measure_weighted,468,534,2.05,0.0001,0.025000,66,0.123595505618,True,False,2.750000,True,False
admissible_step8_measure_weighted,468,534,2.05,0.0001,0.050000,66,0.123595505618,True,False,2.750000,True,False
admissible_step8_measure_weighted,468,534,2.05,0.0001,0.100000,66,0.123595505618,True,False,2.750000,True,False
admissible_step8_measure_weighted,468,534,2.05,0.0001,0.150000,66,0.123595505618,True,True,2.750000,True,True
admissible_step8_measure_weighted,468,534,2.05,0.01,0.010000,132,0.247191011236,True,False,2.750000,True,False
admissible_step8_measure_weighted,468,534,2.05,0.01,0.025000,132,0.247191011236,True,False,2.750000,True,False
admissible_step8_measure_weighted,468,534,2.05,0.01,0.050000,132,0.247191011236,True,False,2.750000,True,False
admissible_step8_measure_weighted,468,534,2.05,0.01,0.100000,132,0.247191011236,True,False,2.750000,True,False
admissible_step8_measure_weighted,468,534,2.05,0.01,0.150000,132,0.247191011236,True,False,2.750000,True,False
admissible_step8_measure_weighted,468,534,2.05,1,0.010000,196,0.367041198502,True,False,2.750000,True,False
admissible_step8_measure_weighted,468,534,2.05,1,0.025000,196,0.367041198502,True,False,2.750000,True,False
admissible_step8_measure_weighted,468,534,2.05,1,0.050000,196,0.367041198502,True,False,2.750000,True,False
admissible_step8_measure_weighted,468,534,2.05,1,0.100000,196,0.367041198502,True,False,2.750000,True,False
admissible_step8_measure_weighted,468,534,2.05,1,0.150000,196,0.367041198502,True,False,2.750000,True,False
admissible_step8_measure_weighted,468,534,2.10,0.0001,0.010000,66,0.123595505618,True,False,2.750000,True,False
admissible_step8_measure_weighted,468,534,2.10,0.0001,0.025000,66,0.123595505618,True,False,2.750000,True,False
admissible_step8_measure_weighted,468,534,2.10,0.0001,0.050000,66,0.123595505618,True,False,2.750000,True,False
admissible_step8_measure_weighted,468,534,2.10,0.0001,0.100000,66,0.123595505618,True,False,2.750000,True,False
admissible_step8_measure_weighted,468,534,2.10,0.0001,0.150000,66,0.123595505618,True,True,2.750000,True,True
admissible_step8_measure_weighted,468,534,2.10,0.01,0.010000,132,0.247191011236,True,False,2.750000,True,False
admissible_step8_measure_weighted,468,534,2.10,0.01,0.025000,132,0.247191011236,True,False,2.750000,True,False
admissible_step8_measure_weighted,468,534,2.10,0.01,0.050000,132,0.247191011236,True,False,2.750000,True,False
admissible_step8_measure_weighted,468,534,2.10,0.01,0.100000,132,0.247191011236,True,False,2.750000,True,False
admissible_step8_measure_weighted,468,534,2.10,0.01,0.150000,132,0.247191011236,True,False,2.750000,True,False
admissible_step8_measure_weighted,468,534,2.10,1,0.010000,196,0.367041198502,True,False,2.750000,True,False
admissible_step8_measure_weighted,468,534,2.10,1,0.025000,196,0.367041198502,True,False,2.750000,True,False
admissible_step8_measure_weighted,468,534,2.10,1,0.050000,196,0.367041198502,True,False,2.750000,True,False
admissible_step8_measure_weighted,468,534,2.10,1,0.100000,196,0.367041198502,True,False,2.750000,True,False
admissible_step8_measure_weighted,468,534,2.10,1,0.150000,196,0.367041198502,True,False,2.750000,True,False
admissible_step8_measure_weighted,468,534,2.15,0.0001,0.010000,66,0.123595505618,True,False,2.750000,True,False
admissible_step8_measure_weighted,468,534,2.15,0.0001,0.025000,66,0.123595505618,True,False,2.750000,True,False
admissible_step8_measure_weighted,468,534,2.15,0.0001,0.050000,66,0.123595505618,True,False,2.750000,True,False
admissible_step8_measure_weighted,468,534,2.15,0.0001,0.100000,66,0.123595505618,True,False,2.750000,True,False
admissible_step8_measure_weighted,468,534,2.15,0.0001,0.150000,66,0.123595505618,True,True,2.750000,True,True
admissible_step8_measure_weighted,468,534,2.15,0.01,0.010000,132,0.247191011236,True,False,2.750000,True,False
admissible_step8_measure_weighted,468,534,2.15,0.01,0.025000,132,0.247191011236,True,False,2.750000,True,False
admissible_step8_measure_weighted,468,534,2.15,0.01,0.050000,132,0.247191011236,True,False,2.750000,True,False
admissible_step8_measure_weighted,468,534,2.15,0.01,0.100000,132,0.247191011236,True,False,2.750000,True,False
admissible_step8_measure_weighted,468,534,2.15,0.01,0.150000,132,0.247191011236,True,False,2.750000,True,False
admissible_step8_measure_weighted,468,534,2.15,1,0.010000,196,0.367041198502,True,False,2.750000,True,False
admissible_step8_measure_weighted,468,534,2.15,1,0.025000,196,0.367041198502,True,False,2.750000,True,False
admissible_step8_measure_weighted,468,534,2.15,1,0.050000,196,0.367041198502,True,False,2.750000,True,False
admissible_step8_measure_weighted,468,534,2.15,1,0.100000,196,0.367041198502,True,False,2.750000,True,False
admissible_step8_measure_weighted,468,534,2.15,1,0.150000,196,0.367041198502,True,False,2.750000,True,False
admissible_step8_measure_weighted,468,534,2.20,0.0001,0.010000,66,0.123595505618,True,False,2.750000,True,False
admissible_step8_measure_weighted,468,534,2.20,0.0001,0.025000,66,0.123595505618,True,False,2.750000,True,False
admissible_step8_measure_weighted,468,534,2.20,0.0001,0.050000,66,0.123595505618,True,False,2.750000,True,False
admissible_step8_measure_weighted,468,534,2.20,0.0001,0.100000,66,0.123595505618,True,False,2.750000,True,False
admissible_step8_measure_weighted,468,534,2.20,0.0001,0.150000,66,0.123595505618,True,True,2.750000,True,True
admissible_step8_measure_weighted,468,534,2.20,0.01,0.010000,132,0.247191011236,True,False,2.750000,True,False
admissible_step8_measure_weighted,468,534,2.20,0.01,0.025000,132,0.247191011236,True,False,2.750000,True,False
admissible_step8_measure_weighted,468,534,2.20,0.01,0.050000,132,0.247191011236,True,False,2.750000,True,False
admissible_step8_measure_weighted,468,534,2.20,0.01,0.100000,132,0.247191011236,True,False,2.750000,True,False
admissible_step8_measure_weighted,468,534,2.20,0.01,0.150000,132,0.247191011236,True,False,2.750000,True,False
admissible_step8_measure_weighted,468,534,2.20,1,0.010000,196,0.367041198502,True,False,2.750000,True,False
admissible_step8_measure_weighted,468,534,2.20,1,0.025000,196,0.367041198502,True,False,2.750000,True,False
admissible_step8_measure_weighted,468,534,2.20,1,0.050000,196,0.367041198502,True,False,2.750000,True,False
admissible_step8_measure_weighted,468,534,2.20,1,0.100000,196,0.367041198502,True,False,2.750000,True,False
admissible_step8_measure_weighted,468,534,2.20,1,0.150000,196,0.367041198502,True,False,2.750000,True,False
admissible_step8_measure_weighted,468,534,2.25,0.0001,0.010000,66,0.123595505618,True,False,2.750000,True,False
admissible_step8_measure_weighted,468,534,2.25,0.0001,0.025000,66,0.123595505618,True,False,2.750000,True,False
admissible_step8_measure_weighted,468,534,2.25,0.0001,0.050000,66,0.123595505618,True,False,2.750000,True,False
admissible_step8_measure_weighted,468,534,2.25,0.0001,0.100000,66,0.123595505618,True,False,2.750000,True,False
admissible_step8_measure_weighted,468,534,2.25,0.0001,0.150000,66,0.123595505618,True,True,2.750000,True,True
admissible_step8_measure_weighted,468,534,2.25,0.01,0.010000,132,0.247191011236,True,False,2.750000,True,False
admissible_step8_measure_weighted,468,534,2.25,0.01,0.025000,132,0.247191011236,True,False,2.750000,True,False
admissible_step8_measure_weighted,468,534,2.25,0.01,0.050000,132,0.247191011236,True,False,2.750000,True,False
admissible_step8_measure_weighted,468,534,2.25,0.01,0.100000,132,0.247191011236,True,False,2.750000,True,False
admissible_step8_measure_weighted,468,534,2.25,0.01,0.150000,132,0.247191011236,True,False,2.750000,True,False
admissible_step8_measure_weighted,468,534,2.25,1,0.010000,196,0.367041198502,True,False,2.750000,True,False
admissible_step8_measure_weighted,468,534,2.25,1,0.025000,196,0.367041198502,True,False,2.750000,True,False
admissible_step8_measure_weighted,468,534,2.25,1,0.050000,196,0.367041198502,True,False,2.750000,True,False
admissible_step8_measure_weighted,468,534,2.25,1,0.100000,196,0.367041198502,True,False,2.750000,True,False
admissible_step8_measure_weighted,468,534,2.25,1,0.150000,196,0.367041198502,True,False,2.750000,True,False
admissible_step8_measure_weighted,468,534,2.30,0.0001,0.010000,66,0.123595505618,True,False,2.750000,True,False
admissible_step8_measure_weighted,468,534,2.30,0.0001,0.025000,66,0.123595505618,True,False,2.750000,True,False
admissible_step8_measure_weighted,468,534,2.30,0.0001,0.050000,66,0.123595505618,True,False,2.750000,True,False
admissible_step8_measure_weighted,468,534,2.30,0.0001,0.100000,66,0.123595505618,True,False,2.750000,True,False
admissible_step8_measure_weighted,468,534,2.30,0.0001,0.150000,66,0.123595505618,True,True,2.750000,True,True
admissible_step8_measure_weighted,468,534,2.30,0.01,0.010000,132,0.247191011236,True,False,2.750000,True,False
admissible_step8_measure_weighted,468,534,2.30,0.01,0.025000,132,0.247191011236,True,False,2.750000,True,False
admissible_step8_measure_weighted,468,534,2.30,0.01,0.050000,132,0.247191011236,True,False,2.750000,True,False
admissible_step8_measure_weighted,468,534,2.30,0.01,0.100000,132,0.247191011236,True,False,2.750000,True,False
admissible_step8_measure_weighted,468,534,2.30,0.01,0.150000,132,0.247191011236,True,False,2.750000,True,False
admissible_step8_measure_weighted,468,534,2.30,1,0.010000,196,0.367041198502,True,False,2.750000,True,False
admissible_step8_measure_weighted,468,534,2.30,1,0.025000,196,0.367041198502,True,False,2.750000,True,False
admissible_step8_measure_weighted,468,534,2.30,1,0.050000,196,0.367041198502,True,False,2.750000,True,False
admissible_step8_measure_weighted,468,534,2.30,1,0.100000,196,0.367041198502,True,False,2.750000,True,False
admissible_step8_measure_weighted,468,534,2.30,1,0.150000,196,0.367041198502,True,False,2.750000,True,False
admissible_step8_measure_weighted,468,534,2.35,0.0001,0.010000,66,0.123595505618,True,False,2.750000,True,False
admissible_step8_measure_weighted,468,534,2.35,0.0001,0.025000,66,0.123595505618,True,False,2.750000,True,False
admissible_step8_measure_weighted,468,534,2.35,0.0001,0.050000,66,0.123595505618,True,False,2.750000,True,False
admissible_step8_measure_weighted,468,534,2.35,0.0001,0.100000,66,0.123595505618,True,False,2.750000,True,False
admissible_step8_measure_weighted,468,534,2.35,0.0001,0.150000,66,0.123595505618,True,True,2.750000,True,True
admissible_step8_measure_weighted,468,534,2.35,0.01,0.010000,132,0.247191011236,True,False,2.750000,True,False
admissible_step8_measure_weighted,468,534,2.35,0.01,0.025000,132,0.247191011236,True,False,2.750000,True,False
admissible_step8_measure_weighted,468,534,2.35,0.01,0.050000,132,0.247191011236,True,False,2.750000,True,False
admissible_step8_measure_weighted,468,534,2.35,0.01,0.100000,132,0.247191011236,True,False,2.750000,True,False
admissible_step8_measure_weighted,468,534,2.35,0.01,0.150000,132,0.247191011236,True,False,2.750000,True,False
admissible_step8_measure_weighted,468,534,2.35,1,0.010000,196,0.367041198502,True,False,2.750000,True,False
admissible_step8_measure_weighted,468,534,2.35,1,0.025000,196,0.367041198502,True,False,2.750000,True,False
admissible_step8_measure_weighted,468,534,2.35,1,0.050000,196,0.367041198502,True,False,2.750000,True,False
admissible_step8_measure_weighted,468,534,2.35,1,0.100000,196,0.367041198502,True,False,2.750000,True,False
admissible_step8_measure_weighted,468,534,2.35,1,0.150000,196,0.367041198502,True,False,2.750000,True,False
admissible_step8_measure_weighted,468,534,2.40,0.0001,0.010000,66,0.123595505618,True,False,2.750000,True,False
admissible_step8_measure_weighted,468,534,2.40,0.0001,0.025000,66,0.123595505618,True,False,2.750000,True,False
admissible_step8_measure_weighted,468,534,2.40,0.0001,0.050000,66,0.123595505618,True,False,2.750000,True,False
admissible_step8_measure_weighted,468,534,2.40,0.0001,0.100000,66,0.123595505618,True,False,2.750000,True,False
admissible_step8_measure_weighted,468,534,2.40,0.0001,0.150000,66,0.123595505618,True,True,2.750000,True,True
admissible_step8_measure_weighted,468,534,2.40,0.01,0.010000,132,0.247191011236,True,False,2.750000,True,False
admissible_step8_measure_weighted,468,534,2.40,0.01,0.025000,132,0.247191011236,True,False,2.750000,True,False
admissible_step8_measure_weighted,468,534,2.40,0.01,0.050000,132,0.247191011236,True,False,2.750000,True,False
admissible_step8_measure_weighted,468,534,2.40,0.01,0.100000,132,0.247191011236,True,False,2.750000,True,False
admissible_step8_measure_weighted,468,534,2.40,0.01,0.150000,132,0.247191011236,True,False,2.750000,True,False
admissible_step8_measure_weighted,468,534,2.40,1,0.010000,196,0.367041198502,True,False,2.750000,True,False
admissible_step8_measure_weighted,468,534,2.40,1,0.025000,196,0.367041198502,True,False,2.750000,True,False
admissible_step8_measure_weighted,468,534,2.40,1,0.050000,196,0.367041198502,True,False,2.750000,True,False
admissible_step8_measure_weighted,468,534,2.40,1,0.100000,196,0.367041198502,True,False,2.750000,True,False
admissible_step8_measure_weighted,468,534,2.40,1,0.150000,196,0.367041198502,True,False,2.750000,True,False
admissible_step8_measure_weighted,468,534,2.45,0.0001,0.010000,66,0.123595505618,True,False,2.750000,True,False
admissible_step8_measure_weighted,468,534,2.45,0.0001,0.025000,66,0.123595505618,True,False,2.750000,True,False
admissible_step8_measure_weighted,468,534,2.45,0.0001,0.050000,66,0.123595505618,True,False,2.750000,True,False
admissible_step8_measure_weighted,468,534,2.45,0.0001,0.100000,66,0.123595505618,True,False,2.750000,True,False
admissible_step8_measure_weighted,468,534,2.45,0.0001,0.150000,66,0.123595505618,True,True,2.750000,True,True
admissible_step8_measure_weighted,468,534,2.45,0.01,0.010000,132,0.247191011236,True,False,2.750000,True,False
admissible_step8_measure_weighted,468,534,2.45,0.01,0.025000,132,0.247191011236,True,False,2.750000,True,False
admissible_step8_measure_weighted,468,534,2.45,0.01,0.050000,132,0.247191011236,True,False,2.750000,True,False
admissible_step8_measure_weighted,468,534,2.45,0.01,0.100000,132,0.247191011236,True,False,2.750000,True,False
admissible_step8_measure_weighted,468,534,2.45,0.01,0.150000,132,0.247191011236,True,False,2.750000,True,False
admissible_step8_measure_weighted,468,534,2.45,1,0.010000,196,0.367041198502,True,False,2.750000,True,False
admissible_step8_measure_weighted,468,534,2.45,1,0.025000,196,0.367041198502,True,False,2.750000,True,False
admissible_step8_measure_weighted,468,534,2.45,1,0.050000,196,0.367041198502,True,False,2.750000,True,False
admissible_step8_measure_weighted,468,534,2.45,1,0.100000,196,0.367041198502,True,False,2.750000,True,False
admissible_step8_measure_weighted,468,534,2.45,1,0.150000,196,0.367041198502,True,False,2.750000,True,False
admissible_step8_measure_weighted,468,534,2.50,0.0001,0.010000,66,0.123595505618,True,False,2.750000,True,False
admissible_step8_measure_weighted,468,534,2.50,0.0001,0.025000,66,0.123595505618,True,False,2.750000,True,False
admissible_step8_measure_weighted,468,534,2.50,0.0001,0.050000,66,0.123595505618,True,False,2.750000,True,False
admissible_step8_measure_weighted,468,534,2.50,0.0001,0.100000,66,0.123595505618,True,False,2.750000,True,False
admissible_step8_measure_weighted,468,534,2.50,0.0001,0.150000,66,0.123595505618,True,True,2.750000,True,True
admissible_step8_measure_weighted,468,534,2.50,0.01,0.010000,132,0.247191011236,True,False,2.750000,True,False
admissible_step8_measure_weighted,468,534,2.50,0.01,0.025000,132,0.247191011236,True,False,2.750000,True,False
admissible_step8_measure_weighted,468,534,2.50,0.01,0.050000,132,0.247191011236,True,False,2.750000,True,False
admissible_step8_measure_weighted,468,534,2.50,0.01,0.100000,132,0.247191011236,True,False,2.750000,True,False
admissible_step8_measure_weighted,468,534,2.50,0.01,0.150000,132,0.247191011236,True,False,2.750000,True,False
admissible_step8_measure_weighted,468,534,2.50,1,0.010000,196,0.367041198502,True,False,2.750000,True,False
admissible_step8_measure_weighted,468,534,2.50,1,0.025000,196,0.367041198502,True,False,2.750000,True,False
admissible_step8_measure_weighted,468,534,2.50,1,0.050000,196,0.367041198502,True,False,2.750000,True,False
admissible_step8_measure_weighted,468,534,2.50,1,0.100000,196,0.367041198502,True,False,2.750000,True,False
admissible_step8_measure_weighted,468,534,2.50,1,0.150000,196,0.367041198502,True,False,2.750000,True,False
admissible_step8_measure_weighted,468,534,2.55,0.0001,0.010000,60,0.112359550562,True,False,2.750000,True,False
admissible_step8_measure_weighted,468,534,2.55,0.0001,0.025000,60,0.112359550562,True,False,2.750000,True,False
admissible_step8_measure_weighted,468,534,2.55,0.0001,0.050000,60,0.112359550562,True,False,2.750000,True,False
admissible_step8_measure_weighted,468,534,2.55,0.0001,0.100000,60,0.112359550562,True,False,2.750000,True,False
admissible_step8_measure_weighted,468,534,2.55,0.0001,0.150000,60,0.112359550562,True,True,2.750000,True,True
admissible_step8_measure_weighted,468,534,2.55,0.01,0.010000,120,0.224719101124,True,False,2.750000,True,False
admissible_step8_measure_weighted,468,534,2.55,0.01,0.025000,120,0.224719101124,True,False,2.750000,True,False
admissible_step8_measure_weighted,468,534,2.55,0.01,0.050000,120,0.224719101124,True,False,2.750000,True,False
admissible_step8_measure_weighted,468,534,2.55,0.01,0.100000,120,0.224719101124,True,False,2.750000,True,False
admissible_step8_measure_weighted,468,534,2.55,0.01,0.150000,120,0.224719101124,True,False,2.750000,True,False
admissible_step8_measure_weighted,468,534,2.55,1,0.010000,178,0.333333333333,True,False,2.750000,True,False
admissible_step8_measure_weighted,468,534,2.55,1,0.025000,178,0.333333333333,True,False,2.750000,True,False
admissible_step8_measure_weighted,468,534,2.55,1,0.050000,178,0.333333333333,True,False,2.750000,True,False
admissible_step8_measure_weighted,468,534,2.55,1,0.100000,178,0.333333333333,True,False,2.750000,True,False
admissible_step8_measure_weighted,468,534,2.55,1,0.150000,178,0.333333333333,True,False,2.750000,True,False
admissible_step8_measure_weighted,468,534,2.60,0.0001,0.010000,54,0.101123595506,True,False,2.750000,True,False
admissible_step8_measure_weighted,468,534,2.60,0.0001,0.025000,54,0.101123595506,True,False,2.750000,True,False
admissible_step8_measure_weighted,468,534,2.60,0.0001,0.050000,54,0.101123595506,True,False,2.750000,True,False
admissible_step8_measure_weighted,468,534,2.60,0.0001,0.100000,54,0.101123595506,True,False,2.750000,True,False
admissible_step8_measure_weighted,468,534,2.60,0.0001,0.150000,54,0.101123595506,True,True,2.750000,True,True
admissible_step8_measure_weighted,468,534,2.60,0.01,0.010000,108,0.202247191011,True,False,2.750000,True,False
admissible_step8_measure_weighted,468,534,2.60,0.01,0.025000,108,0.202247191011,True,False,2.750000,True,False
admissible_step8_measure_weighted,468,534,2.60,0.01,0.050000,108,0.202247191011,True,False,2.750000,True,False
admissible_step8_measure_weighted,468,534,2.60,0.01,0.100000,108,0.202247191011,True,False,2.750000,True,False
admissible_step8_measure_weighted,468,534,2.60,0.01,0.150000,108,0.202247191011,True,False,2.750000,True,False
admissible_step8_measure_weighted,468,534,2.60,1,0.010000,160,0.299625468165,True,False,2.750000,True,False
admissible_step8_measure_weighted,468,534,2.60,1,0.025000,160,0.299625468165,True,False,2.750000,True,False
admissible_step8_measure_weighted,468,534,2.60,1,0.050000,160,0.299625468165,True,False,2.750000,True,False
admissible_step8_measure_weighted,468,534,2.60,1,0.100000,160,0.299625468165,True,False,2.750000,True,False
admissible_step8_measure_weighted,468,534,2.60,1,0.150000,160,0.299625468165,True,False,2.750000,True,False
admissible_step8_measure_weighted,468,534,2.65,0.0001,0.010000,42,0.078651685393,True,False,2.750000,True,False
admissible_step8_measure_weighted,468,534,2.65,0.0001,0.025000,42,0.078651685393,True,False,2.750000,True,False
admissible_step8_measure_weighted,468,534,2.65,0.0001,0.050000,42,0.078651685393,True,False,2.750000,True,False
admissible_step8_measure_weighted,468,534,2.65,0.0001,0.100000,42,0.078651685393,True,True,2.750000,True,True
admissible_step8_measure_weighted,468,534,2.65,0.0001,0.150000,42,0.078651685393,True,True,2.750000,True,True
admissible_step8_measure_weighted,468,534,2.65,0.01,0.010000,84,0.157303370787,True,False,2.750000,True,False
admissible_step8_measure_weighted,468,534,2.65,0.01,0.025000,84,0.157303370787,True,False,2.750000,True,False
admissible_step8_measure_weighted,468,534,2.65,0.01,0.050000,84,0.157303370787,True,False,2.750000,True,False
admissible_step8_measure_weighted,468,534,2.65,0.01,0.100000,84,0.157303370787,True,False,2.750000,True,False
admissible_step8_measure_weighted,468,534,2.65,0.01,0.150000,84,0.157303370787,True,False,2.750000,True,False
admissible_step8_measure_weighted,468,534,2.65,1,0.010000,125,0.234082397004,True,False,2.750000,True,False
admissible_step8_measure_weighted,468,534,2.65,1,0.025000,125,0.234082397004,True,False,2.750000,True,False
admissible_step8_measure_weighted,468,534,2.65,1,0.050000,125,0.234082397004,True,False,2.750000,True,False
admissible_step8_measure_weighted,468,534,2.65,1,0.100000,125,0.234082397004,True,False,2.750000,True,False
admissible_step8_measure_weighted,468,534,2.65,1,0.150000,125,0.234082397004,True,False,2.750000,True,False
admissible_step8_measure_weighted,468,534,2.70,0.0001,0.010000,24,0.044943820225,True,False,2.750000,True,False
admissible_step8_measure_weighted,468,534,2.70,0.0001,0.025000,24,0.044943820225,True,False,2.750000,True,False
admissible_step8_measure_weighted,468,534,2.70,0.0001,0.050000,24,0.044943820225,True,True,2.750000,True,True
admissible_step8_measure_weighted,468,534,2.70,0.0001,0.100000,24,0.044943820225,True,True,2.750000,True,True
admissible_step8_measure_weighted,468,534,2.70,0.0001,0.150000,24,0.044943820225,True,True,2.750000,True,True
admissible_step8_measure_weighted,468,534,2.70,0.01,0.010000,48,0.089887640449,True,False,2.750000,True,False
admissible_step8_measure_weighted,468,534,2.70,0.01,0.025000,48,0.089887640449,True,False,2.750000,True,False
admissible_step8_measure_weighted,468,534,2.70,0.01,0.050000,48,0.089887640449,True,False,2.750000,True,False
admissible_step8_measure_weighted,468,534,2.70,0.01,0.100000,48,0.089887640449,True,True,2.750000,True,True
admissible_step8_measure_weighted,468,534,2.70,0.01,0.150000,48,0.089887640449,True,True,2.750000,True,True
admissible_step8_measure_weighted,468,534,2.70,1,0.010000,72,0.134831460674,True,False,2.750000,True,False
admissible_step8_measure_weighted,468,534,2.70,1,0.025000,72,0.134831460674,True,False,2.750000,True,False
admissible_step8_measure_weighted,468,534,2.70,1,0.050000,72,0.134831460674,True,False,2.750000,True,False
admissible_step8_measure_weighted,468,534,2.70,1,0.100000,72,0.134831460674,True,False,2.750000,True,False
admissible_step8_measure_weighted,468,534,2.70,1,0.150000,72,0.134831460674,True,True,2.750000,True,True
admissible_step8_measure_weighted,468,534,2.75,0.0001,0.010000,12,0.022471910112,True,False,2.750000,False,False
admissible_step8_measure_weighted,468,534,2.75,0.0001,0.025000,12,0.022471910112,True,True,2.750000,False,False
admissible_step8_measure_weighted,468,534,2.75,0.0001,0.050000,12,0.022471910112,True,True,2.750000,False,False
admissible_step8_measure_weighted,468,534,2.75,0.0001,0.100000,12,0.022471910112,True,True,2.750000,False,False
admissible_step8_measure_weighted,468,534,2.75,0.0001,0.150000,12,0.022471910112,True,True,2.750000,False,False
admissible_step8_measure_weighted,468,534,2.75,0.01,0.010000,24,0.044943820225,True,False,2.750000,False,False
admissible_step8_measure_weighted,468,534,2.75,0.01,0.025000,24,0.044943820225,True,False,2.750000,False,False
admissible_step8_measure_weighted,468,534,2.75,0.01,0.050000,24,0.044943820225,True,True,2.750000,False,False
admissible_step8_measure_weighted,468,534,2.75,0.01,0.100000,24,0.044943820225,True,True,2.750000,False,False
admissible_step8_measure_weighted,468,534,2.75,0.01,0.150000,24,0.044943820225,True,True,2.750000,False,False
admissible_step8_measure_weighted,468,534,2.75,1,0.010000,36,0.067415730337,True,False,2.750000,False,False
admissible_step8_measure_weighted,468,534,2.75,1,0.025000,36,0.067415730337,True,False,2.750000,False,False
admissible_step8_measure_weighted,468,534,2.75,1,0.050000,36,0.067415730337,True,False,2.750000,False,False
admissible_step8_measure_weighted,468,534,2.75,1,0.100000,36,0.067415730337,True,True,2.750000,False,False
admissible_step8_measure_weighted,468,534,2.75,1,0.150000,36,0.067415730337,True,True,2.750000,False,False
admissible_step8_measure_weighted,468,534,2.80,0.0001,0.010000,12,0.022471910112,True,False,2.750000,False,False
admissible_step8_measure_weighted,468,534,2.80,0.0001,0.025000,12,0.022471910112,True,True,2.750000,False,False
admissible_step8_measure_weighted,468,534,2.80,0.0001,0.050000,12,0.022471910112,True,True,2.750000,False,False
admissible_step8_measure_weighted,468,534,2.80,0.0001,0.100000,12,0.022471910112,True,True,2.750000,False,False
admissible_step8_measure_weighted,468,534,2.80,0.0001,0.150000,12,0.022471910112,True,True,2.750000,False,False
admissible_step8_measure_weighted,468,534,2.80,0.01,0.010000,24,0.044943820225,True,False,2.750000,False,False
admissible_step8_measure_weighted,468,534,2.80,0.01,0.025000,24,0.044943820225,True,False,2.750000,False,False
admissible_step8_measure_weighted,468,534,2.80,0.01,0.050000,24,0.044943820225,True,True,2.750000,False,False
admissible_step8_measure_weighted,468,534,2.80,0.01,0.100000,24,0.044943820225,True,True,2.750000,False,False
admissible_step8_measure_weighted,468,534,2.80,0.01,0.150000,24,0.044943820225,True,True,2.750000,False,False
admissible_step8_measure_weighted,468,534,2.80,1,0.010000,36,0.067415730337,True,False,2.750000,False,False
admissible_step8_measure_weighted,468,534,2.80,1,0.025000,36,0.067415730337,True,False,2.750000,False,False
admissible_step8_measure_weighted,468,534,2.80,1,0.050000,36,0.067415730337,True,False,2.750000,False,False
admissible_step8_measure_weighted,468,534,2.80,1,0.100000,36,0.067415730337,True,True,2.750000,False,False
admissible_step8_measure_weighted,468,534,2.80,1,0.150000,36,0.067415730337,True,True,2.750000,False,False
admissible_step8_measure_weighted,468,534,2.85,0.0001,0.010000,0,0.000000000000,False,False,2.750000,False,False
admissible_step8_measure_weighted,468,534,2.85,0.0001,0.025000,0,0.000000000000,False,False,2.750000,False,False
admissible_step8_measure_weighted,468,534,2.85,0.0001,0.050000,0,0.000000000000,False,False,2.750000,False,False
admissible_step8_measure_weighted,468,534,2.85,0.0001,0.100000,0,0.000000000000,False,False,2.750000,False,False
admissible_step8_measure_weighted,468,534,2.85,0.0001,0.150000,0,0.000000000000,False,False,2.750000,False,False
admissible_step8_measure_weighted,468,534,2.85,0.01,0.010000,0,0.000000000000,False,False,2.750000,False,False
admissible_step8_measure_weighted,468,534,2.85,0.01,0.025000,0,0.000000000000,False,False,2.750000,False,False
admissible_step8_measure_weighted,468,534,2.85,0.01,0.050000,0,0.000000000000,False,False,2.750000,False,False
admissible_step8_measure_weighted,468,534,2.85,0.01,0.100000,0,0.000000000000,False,False,2.750000,False,False
admissible_step8_measure_weighted,468,534,2.85,0.01,0.150000,0,0.000000000000,False,False,2.750000,False,False
admissible_step8_measure_weighted,468,534,2.85,1,0.010000,0,0.000000000000,False,False,2.750000,False,False
admissible_step8_measure_weighted,468,534,2.85,1,0.025000,0,0.000000000000,False,False,2.750000,False,False
admissible_step8_measure_weighted,468,534,2.85,1,0.050000,0,0.000000000000,False,False,2.750000,False,False
admissible_step8_measure_weighted,468,534,2.85,1,0.100000,0,0.000000000000,False,False,2.750000,False,False
admissible_step8_measure_weighted,468,534,2.85,1,0.150000,0,0.000000000000,False,False,2.750000,False,False
admissible_step8_measure_weighted,468,534,2.90,0.0001,0.010000,0,0.000000000000,False,False,2.750000,False,False
admissible_step8_measure_weighted,468,534,2.90,0.0001,0.025000,0,0.000000000000,False,False,2.750000,False,False
admissible_step8_measure_weighted,468,534,2.90,0.0001,0.050000,0,0.000000000000,False,False,2.750000,False,False
admissible_step8_measure_weighted,468,534,2.90,0.0001,0.100000,0,0.000000000000,False,False,2.750000,False,False
admissible_step8_measure_weighted,468,534,2.90,0.0001,0.150000,0,0.000000000000,False,False,2.750000,False,False
admissible_step8_measure_weighted,468,534,2.90,0.01,0.010000,0,0.000000000000,False,False,2.750000,False,False
admissible_step8_measure_weighted,468,534,2.90,0.01,0.025000,0,0.000000000000,False,False,2.750000,False,False
admissible_step8_measure_weighted,468,534,2.90,0.01,0.050000,0,0.000000000000,False,False,2.750000,False,False
admissible_step8_measure_weighted,468,534,2.90,0.01,0.100000,0,0.000000000000,False,False,2.750000,False,False
admissible_step8_measure_weighted,468,534,2.90,0.01,0.150000,0,0.000000000000,False,False,2.750000,False,False
admissible_step8_measure_weighted,468,534,2.90,1,0.010000,0,0.000000000000,False,False,2.750000,False,False
admissible_step8_measure_weighted,468,534,2.90,1,0.025000,0,0.000000000000,False,False,2.750000,False,False
admissible_step8_measure_weighted,468,534,2.90,1,0.050000,0,0.000000000000,False,False,2.750000,False,False
admissible_step8_measure_weighted,468,534,2.90,1,0.100000,0,0.000000000000,False,False,2.750000,False,False
admissible_step8_measure_weighted,468,534,2.90,1,0.150000,0,0.000000000000,False,False,2.750000,False,False
admissible_step8_measure_weighted,468,534,2.95,0.0001,0.010000,0,0.000000000000,False,False,2.750000,False,False
admissible_step8_measure_weighted,468,534,2.95,0.0001,0.025000,0,0.000000000000,False,False,2.750000,False,False
admissible_step8_measure_weighted,468,534,2.95,0.0001,0.050000,0,0.000000000000,False,False,2.750000,False,False
admissible_step8_measure_weighted,468,534,2.95,0.0001,0.100000,0,0.000000000000,False,False,2.750000,False,False
admissible_step8_measure_weighted,468,534,2.95,0.0001,0.150000,0,0.000000000000,False,False,2.750000,False,False
admissible_step8_measure_weighted,468,534,2.95,0.01,0.010000,0,0.000000000000,False,False,2.750000,False,False
admissible_step8_measure_weighted,468,534,2.95,0.01,0.025000,0,0.000000000000,False,False,2.750000,False,False
admissible_step8_measure_weighted,468,534,2.95,0.01,0.050000,0,0.000000000000,False,False,2.750000,False,False
admissible_step8_measure_weighted,468,534,2.95,0.01,0.100000,0,0.000000000000,False,False,2.750000,False,False
admissible_step8_measure_weighted,468,534,2.95,0.01,0.150000,0,0.000000000000,False,False,2.750000,False,False
admissible_step8_measure_weighted,468,534,2.95,1,0.010000,0,0.000000000000,False,False,2.750000,False,False
admissible_step8_measure_weighted,468,534,2.95,1,0.025000,0,0.000000000000,False,False,2.750000,False,False
admissible_step8_measure_weighted,468,534,2.95,1,0.050000,0,0.000000000000,False,False,2.750000,False,False
admissible_step8_measure_weighted,468,534,2.95,1,0.100000,0,0.000000000000,False,False,2.750000,False,False
admissible_step8_measure_weighted,468,534,2.95,1,0.150000,0,0.000000000000,False,False,2.750000,False,False
admissible_step8_measure_weighted,468,534,3.00,0.0001,0.010000,0,0.000000000000,False,False,2.750000,False,False
admissible_step8_measure_weighted,468,534,3.00,0.0001,0.025000,0,0.000000000000,False,False,2.750000,False,False
admissible_step8_measure_weighted,468,534,3.00,0.0001,0.050000,0,0.000000000000,False,False,2.750000,False,False
admissible_step8_measure_weighted,468,534,3.00,0.0001,0.100000,0,0.000000000000,False,False,2.750000,False,False
admissible_step8_measure_weighted,468,534,3.00,0.0001,0.150000,0,0.000000000000,False,False,2.750000,False,False
admissible_step8_measure_weighted,468,534,3.00,0.01,0.010000,0,0.000000000000,False,False,2.750000,False,False
admissible_step8_measure_weighted,468,534,3.00,0.01,0.025000,0,0.000000000000,False,False,2.750000,False,False
admissible_step8_measure_weighted,468,534,3.00,0.01,0.050000,0,0.000000000000,False,False,2.750000,False,False
admissible_step8_measure_weighted,468,534,3.00,0.01,0.100000,0,0.000000000000,False,False,2.750000,False,False
admissible_step8_measure_weighted,468,534,3.00,0.01,0.150000,0,0.000000000000,False,False,2.750000,False,False
admissible_step8_measure_weighted,468,534,3.00,1,0.010000,0,0.000000000000,False,False,2.750000,False,False
admissible_step8_measure_weighted,468,534,3.00,1,0.025000,0,0.000000000000,False,False,2.750000,False,False
admissible_step8_measure_weighted,468,534,3.00,1,0.050000,0,0.000000000000,False,False,2.750000,False,False
admissible_step8_measure_weighted,468,534,3.00,1,0.100000,0,0.000000000000,False,False,2.750000,False,False
admissible_step8_measure_weighted,468,534,3.00,1,0.150000,0,0.000000000000,False,False,2.750000,False,False
admissible_step8_measure_weighted,468,534,3.05,0.0001,0.010000,0,0.000000000000,False,False,2.750000,False,False
admissible_step8_measure_weighted,468,534,3.05,0.0001,0.025000,0,0.000000000000,False,False,2.750000,False,False
admissible_step8_measure_weighted,468,534,3.05,0.0001,0.050000,0,0.000000000000,False,False,2.750000,False,False
admissible_step8_measure_weighted,468,534,3.05,0.0001,0.100000,0,0.000000000000,False,False,2.750000,False,False
admissible_step8_measure_weighted,468,534,3.05,0.0001,0.150000,0,0.000000000000,False,False,2.750000,False,False
admissible_step8_measure_weighted,468,534,3.05,0.01,0.010000,0,0.000000000000,False,False,2.750000,False,False
admissible_step8_measure_weighted,468,534,3.05,0.01,0.025000,0,0.000000000000,False,False,2.750000,False,False
admissible_step8_measure_weighted,468,534,3.05,0.01,0.050000,0,0.000000000000,False,False,2.750000,False,False
admissible_step8_measure_weighted,468,534,3.05,0.01,0.100000,0,0.000000000000,False,False,2.750000,False,False
admissible_step8_measure_weighted,468,534,3.05,0.01,0.150000,0,0.000000000000,False,False,2.750000,False,False
admissible_step8_measure_weighted,468,534,3.05,1,0.010000,0,0.000000000000,False,False,2.750000,False,False
admissible_step8_measure_weighted,468,534,3.05,1,0.025000,0,0.000000000000,False,False,2.750000,False,False
admissible_step8_measure_weighted,468,534,3.05,1,0.050000,0,0.000000000000,False,False,2.750000,False,False
admissible_step8_measure_weighted,468,534,3.05,1,0.100000,0,0.000000000000,False,False,2.750000,False,False
admissible_step8_measure_weighted,468,534,3.05,1,0.150000,0,0.000000000000,False,False,2.750000,False,False
admissible_step8_measure_weighted,468,534,3.10,0.0001,0.010000,0,0.000000000000,False,False,2.750000,False,False
admissible_step8_measure_weighted,468,534,3.10,0.0001,0.025000,0,0.000000000000,False,False,2.750000,False,False
admissible_step8_measure_weighted,468,534,3.10,0.0001,0.050000,0,0.000000000000,False,False,2.750000,False,False
admissible_step8_measure_weighted,468,534,3.10,0.0001,0.100000,0,0.000000000000,False,False,2.750000,False,False
admissible_step8_measure_weighted,468,534,3.10,0.0001,0.150000,0,0.000000000000,False,False,2.750000,False,False
admissible_step8_measure_weighted,468,534,3.10,0.01,0.010000,0,0.000000000000,False,False,2.750000,False,False
admissible_step8_measure_weighted,468,534,3.10,0.01,0.025000,0,0.000000000000,False,False,2.750000,False,False
admissible_step8_measure_weighted,468,534,3.10,0.01,0.050000,0,0.000000000000,False,False,2.750000,False,False
admissible_step8_measure_weighted,468,534,3.10,0.01,0.100000,0,0.000000000000,False,False,2.750000,False,False
admissible_step8_measure_weighted,468,534,3.10,0.01,0.150000,0,0.000000000000,False,False,2.750000,False,False
admissible_step8_measure_weighted,468,534,3.10,1,0.010000,0,0.000000000000,False,False,2.750000,False,False
admissible_step8_measure_weighted,468,534,3.10,1,0.025000,0,0.000000000000,False,False,2.750000,False,False
admissible_step8_measure_weighted,468,534,3.10,1,0.050000,0,0.000000000000,False,False,2.750000,False,False
admissible_step8_measure_weighted,468,534,3.10,1,0.100000,0,0.000000000000,False,False,2.750000,False,False
admissible_step8_measure_weighted,468,534,3.10,1,0.150000,0,0.000000000000,False,False,2.750000,False,False
admissible_step8_measure_weighted,468,534,3.15,0.0001,0.010000,0,0.000000000000,False,False,2.750000,False,False
admissible_step8_measure_weighted,468,534,3.15,0.0001,0.025000,0,0.000000000000,False,False,2.750000,False,False
admissible_step8_measure_weighted,468,534,3.15,0.0001,0.050000,0,0.000000000000,False,False,2.750000,False,False
admissible_step8_measure_weighted,468,534,3.15,0.0001,0.100000,0,0.000000000000,False,False,2.750000,False,False
admissible_step8_measure_weighted,468,534,3.15,0.0001,0.150000,0,0.000000000000,False,False,2.750000,False,False
admissible_step8_measure_weighted,468,534,3.15,0.01,0.010000,0,0.000000000000,False,False,2.750000,False,False
admissible_step8_measure_weighted,468,534,3.15,0.01,0.025000,0,0.000000000000,False,False,2.750000,False,False
admissible_step8_measure_weighted,468,534,3.15,0.01,0.050000,0,0.000000000000,False,False,2.750000,False,False
admissible_step8_measure_weighted,468,534,3.15,0.01,0.100000,0,0.000000000000,False,False,2.750000,False,False
admissible_step8_measure_weighted,468,534,3.15,0.01,0.150000,0,0.000000000000,False,False,2.750000,False,False
admissible_step8_measure_weighted,468,534,3.15,1,0.010000,0,0.000000000000,False,False,2.750000,False,False
admissible_step8_measure_weighted,468,534,3.15,1,0.025000,0,0.000000000000,False,False,2.750000,False,False
admissible_step8_measure_weighted,468,534,3.15,1,0.050000,0,0.000000000000,False,False,2.750000,False,False
admissible_step8_measure_weighted,468,534,3.15,1,0.100000,0,0.000000000000,False,False,2.750000,False,False
admissible_step8_measure_weighted,468,534,3.15,1,0.150000,0,0.000000000000,False,False,2.750000,False,False
admissible_step8_measure_weighted,468,534,3.20,0.0001,0.010000,0,0.000000000000,False,False,2.750000,False,False
admissible_step8_measure_weighted,468,534,3.20,0.0001,0.025000,0,0.000000000000,False,False,2.750000,False,False
admissible_step8_measure_weighted,468,534,3.20,0.0001,0.050000,0,0.000000000000,False,False,2.750000,False,False
admissible_step8_measure_weighted,468,534,3.20,0.0001,0.100000,0,0.000000000000,False,False,2.750000,False,False
admissible_step8_measure_weighted,468,534,3.20,0.0001,0.150000,0,0.000000000000,False,False,2.750000,False,False
admissible_step8_measure_weighted,468,534,3.20,0.01,0.010000,0,0.000000000000,False,False,2.750000,False,False
admissible_step8_measure_weighted,468,534,3.20,0.01,0.025000,0,0.000000000000,False,False,2.750000,False,False
admissible_step8_measure_weighted,468,534,3.20,0.01,0.050000,0,0.000000000000,False,False,2.750000,False,False
admissible_step8_measure_weighted,468,534,3.20,0.01,0.100000,0,0.000000000000,False,False,2.750000,False,False
admissible_step8_measure_weighted,468,534,3.20,0.01,0.150000,0,0.000000000000,False,False,2.750000,False,False
admissible_step8_measure_weighted,468,534,3.20,1,0.010000,0,0.000000000000,False,False,2.750000,False,False
admissible_step8_measure_weighted,468,534,3.20,1,0.025000,0,0.000000000000,False,False,2.750000,False,False
admissible_step8_measure_weighted,468,534,3.20,1,0.050000,0,0.000000000000,False,False,2.750000,False,False
admissible_step8_measure_weighted,468,534,3.20,1,0.100000,0,0.000000000000,False,False,2.750000,False,False
admissible_step8_measure_weighted,468,534,3.20,1,0.150000,0,0.000000000000,False,False,2.750000,False,False
admissible_step8_measure_weighted,468,534,3.25,0.0001,0.010000,0,0.000000000000,False,False,2.750000,False,False
admissible_step8_measure_weighted,468,534,3.25,0.0001,0.025000,0,0.000000000000,False,False,2.750000,False,False
admissible_step8_measure_weighted,468,534,3.25,0.0001,0.050000,0,0.000000000000,False,False,2.750000,False,False
admissible_step8_measure_weighted,468,534,3.25,0.0001,0.100000,0,0.000000000000,False,False,2.750000,False,False
admissible_step8_measure_weighted,468,534,3.25,0.0001,0.150000,0,0.000000000000,False,False,2.750000,False,False
admissible_step8_measure_weighted,468,534,3.25,0.01,0.010000,0,0.000000000000,False,False,2.750000,False,False
admissible_step8_measure_weighted,468,534,3.25,0.01,0.025000,0,0.000000000000,False,False,2.750000,False,False
admissible_step8_measure_weighted,468,534,3.25,0.01,0.050000,0,0.000000000000,False,False,2.750000,False,False
admissible_step8_measure_weighted,468,534,3.25,0.01,0.100000,0,0.000000000000,False,False,2.750000,False,False
admissible_step8_measure_weighted,468,534,3.25,0.01,0.150000,0,0.000000000000,False,False,2.750000,False,False
admissible_step8_measure_weighted,468,534,3.25,1,0.010000,0,0.000000000000,False,False,2.750000,False,False
admissible_step8_measure_weighted,468,534,3.25,1,0.025000,0,0.000000000000,False,False,2.750000,False,False
admissible_step8_measure_weighted,468,534,3.25,1,0.050000,0,0.000000000000,False,False,2.750000,False,False
admissible_step8_measure_weighted,468,534,3.25,1,0.100000,0,0.000000000000,False,False,2.750000,False,False
admissible_step8_measure_weighted,468,534,3.25,1,0.150000,0,0.000000000000,False,False,2.750000,False,False
admissible_step8_measure_weighted,468,534,3.30,0.0001,0.010000,0,0.000000000000,False,False,2.750000,False,False
admissible_step8_measure_weighted,468,534,3.30,0.0001,0.025000,0,0.000000000000,False,False,2.750000,False,False
admissible_step8_measure_weighted,468,534,3.30,0.0001,0.050000,0,0.000000000000,False,False,2.750000,False,False
admissible_step8_measure_weighted,468,534,3.30,0.0001,0.100000,0,0.000000000000,False,False,2.750000,False,False
admissible_step8_measure_weighted,468,534,3.30,0.0001,0.150000,0,0.000000000000,False,False,2.750000,False,False
admissible_step8_measure_weighted,468,534,3.30,0.01,0.010000,0,0.000000000000,False,False,2.750000,False,False
admissible_step8_measure_weighted,468,534,3.30,0.01,0.025000,0,0.000000000000,False,False,2.750000,False,False
admissible_step8_measure_weighted,468,534,3.30,0.01,0.050000,0,0.000000000000,False,False,2.750000,False,False
admissible_step8_measure_weighted,468,534,3.30,0.01,0.100000,0,0.000000000000,False,False,2.750000,False,False
admissible_step8_measure_weighted,468,534,3.30,0.01,0.150000,0,0.000000000000,False,False,2.750000,False,False
admissible_step8_measure_weighted,468,534,3.30,1,0.010000,0,0.000000000000,False,False,2.750000,False,False
admissible_step8_measure_weighted,468,534,3.30,1,0.025000,0,0.000000000000,False,False,2.750000,False,False
admissible_step8_measure_weighted,468,534,3.30,1,0.050000,0,0.000000000000,False,False,2.750000,False,False
admissible_step8_measure_weighted,468,534,3.30,1,0.100000,0,0.000000000000,False,False,2.750000,False,False
admissible_step8_measure_weighted,468,534,3.30,1,0.150000,0,0.000000000000,False,False,2.750000,False,False
admissible_step8_measure_weighted,468,534,3.35,0.0001,0.010000,0,0.000000000000,False,False,2.750000,False,False
admissible_step8_measure_weighted,468,534,3.35,0.0001,0.025000,0,0.000000000000,False,False,2.750000,False,False
admissible_step8_measure_weighted,468,534,3.35,0.0001,0.050000,0,0.000000000000,False,False,2.750000,False,False
admissible_step8_measure_weighted,468,534,3.35,0.0001,0.100000,0,0.000000000000,False,False,2.750000,False,False
admissible_step8_measure_weighted,468,534,3.35,0.0001,0.150000,0,0.000000000000,False,False,2.750000,False,False
admissible_step8_measure_weighted,468,534,3.35,0.01,0.010000,0,0.000000000000,False,False,2.750000,False,False
admissible_step8_measure_weighted,468,534,3.35,0.01,0.025000,0,0.000000000000,False,False,2.750000,False,False
admissible_step8_measure_weighted,468,534,3.35,0.01,0.050000,0,0.000000000000,False,False,2.750000,False,False
admissible_step8_measure_weighted,468,534,3.35,0.01,0.100000,0,0.000000000000,False,False,2.750000,False,False
admissible_step8_measure_weighted,468,534,3.35,0.01,0.150000,0,0.000000000000,False,False,2.750000,False,False
admissible_step8_measure_weighted,468,534,3.35,1,0.010000,0,0.000000000000,False,False,2.750000,False,False
admissible_step8_measure_weighted,468,534,3.35,1,0.025000,0,0.000000000000,False,False,2.750000,False,False
admissible_step8_measure_weighted,468,534,3.35,1,0.050000,0,0.000000000000,False,False,2.750000,False,False
admissible_step8_measure_weighted,468,534,3.35,1,0.100000,0,0.000000000000,False,False,2.750000,False,False
admissible_step8_measure_weighted,468,534,3.35,1,0.150000,0,0.000000000000,False,False,2.750000,False,False
admissible_step8_measure_weighted,468,534,3.40,0.0001,0.010000,0,0.000000000000,False,False,2.750000,False,False
admissible_step8_measure_weighted,468,534,3.40,0.0001,0.025000,0,0.000000000000,False,False,2.750000,False,False
admissible_step8_measure_weighted,468,534,3.40,0.0001,0.050000,0,0.000000000000,False,False,2.750000,False,False
admissible_step8_measure_weighted,468,534,3.40,0.0001,0.100000,0,0.000000000000,False,False,2.750000,False,False
admissible_step8_measure_weighted,468,534,3.40,0.0001,0.150000,0,0.000000000000,False,False,2.750000,False,False
admissible_step8_measure_weighted,468,534,3.40,0.01,0.010000,0,0.000000000000,False,False,2.750000,False,False
admissible_step8_measure_weighted,468,534,3.40,0.01,0.025000,0,0.000000000000,False,False,2.750000,False,False
admissible_step8_measure_weighted,468,534,3.40,0.01,0.050000,0,0.000000000000,False,False,2.750000,False,False
admissible_step8_measure_weighted,468,534,3.40,0.01,0.100000,0,0.000000000000,False,False,2.750000,False,False
admissible_step8_measure_weighted,468,534,3.40,0.01,0.150000,0,0.000000000000,False,False,2.750000,False,False
admissible_step8_measure_weighted,468,534,3.40,1,0.010000,0,0.000000000000,False,False,2.750000,False,False
admissible_step8_measure_weighted,468,534,3.40,1,0.025000,0,0.000000000000,False,False,2.750000,False,False
admissible_step8_measure_weighted,468,534,3.40,1,0.050000,0,0.000000000000,False,False,2.750000,False,False
admissible_step8_measure_weighted,468,534,3.40,1,0.100000,0,0.000000000000,False,False,2.750000,False,False
admissible_step8_measure_weighted,468,534,3.40,1,0.150000,0,0.000000000000,False,False,2.750000,False,False
admissible_step8_measure_weighted,468,534,3.45,0.0001,0.010000,0,0.000000000000,False,False,2.750000,False,False
admissible_step8_measure_weighted,468,534,3.45,0.0001,0.025000,0,0.000000000000,False,False,2.750000,False,False
admissible_step8_measure_weighted,468,534,3.45,0.0001,0.050000,0,0.000000000000,False,False,2.750000,False,False
admissible_step8_measure_weighted,468,534,3.45,0.0001,0.100000,0,0.000000000000,False,False,2.750000,False,False
admissible_step8_measure_weighted,468,534,3.45,0.0001,0.150000,0,0.000000000000,False,False,2.750000,False,False
admissible_step8_measure_weighted,468,534,3.45,0.01,0.010000,0,0.000000000000,False,False,2.750000,False,False
admissible_step8_measure_weighted,468,534,3.45,0.01,0.025000,0,0.000000000000,False,False,2.750000,False,False
admissible_step8_measure_weighted,468,534,3.45,0.01,0.050000,0,0.000000000000,False,False,2.750000,False,False
admissible_step8_measure_weighted,468,534,3.45,0.01,0.100000,0,0.000000000000,False,False,2.750000,False,False
admissible_step8_measure_weighted,468,534,3.45,0.01,0.150000,0,0.000000000000,False,False,2.750000,False,False
admissible_step8_measure_weighted,468,534,3.45,1,0.010000,0,0.000000000000,False,False,2.750000,False,False
admissible_step8_measure_weighted,468,534,3.45,1,0.025000,0,0.000000000000,False,False,2.750000,False,False
admissible_step8_measure_weighted,468,534,3.45,1,0.050000,0,0.000000000000,False,False,2.750000,False,False
admissible_step8_measure_weighted,468,534,3.45,1,0.100000,0,0.000000000000,False,False,2.750000,False,False
admissible_step8_measure_weighted,468,534,3.45,1,0.150000,0,0.000000000000,False,False,2.750000,False,False
admissible_step8_measure_weighted,468,534,3.50,0.0001,0.010000,0,0.000000000000,False,False,2.750000,False,False
admissible_step8_measure_weighted,468,534,3.50,0.0001,0.025000,0,0.000000000000,False,False,2.750000,False,False
admissible_step8_measure_weighted,468,534,3.50,0.0001,0.050000,0,0.000000000000,False,False,2.750000,False,False
admissible_step8_measure_weighted,468,534,3.50,0.0001,0.100000,0,0.000000000000,False,False,2.750000,False,False
admissible_step8_measure_weighted,468,534,3.50,0.0001,0.150000,0,0.000000000000,False,False,2.750000,False,False
admissible_step8_measure_weighted,468,534,3.50,0.01,0.010000,0,0.000000000000,False,False,2.750000,False,False
admissible_step8_measure_weighted,468,534,3.50,0.01,0.025000,0,0.000000000000,False,False,2.750000,False,False
admissible_step8_measure_weighted,468,534,3.50,0.01,0.050000,0,0.000000000000,False,False,2.750000,False,False
admissible_step8_measure_weighted,468,534,3.50,0.01,0.100000,0,0.000000000000,False,False,2.750000,False,False
admissible_step8_measure_weighted,468,534,3.50,0.01,0.150000,0,0.000000000000,False,False,2.750000,False,False
admissible_step8_measure_weighted,468,534,3.50,1,0.010000,0,0.000000000000,False,False,2.750000,False,False
admissible_step8_measure_weighted,468,534,3.50,1,0.025000,0,0.000000000000,False,False,2.750000,False,False
admissible_step8_measure_weighted,468,534,3.50,1,0.050000,0,0.000000000000,False,False,2.750000,False,False
admissible_step8_measure_weighted,468,534,3.50,1,0.100000,0,0.000000000000,False,False,2.750000,False,False
admissible_step8_measure_weighted,468,534,3.50,1,0.150000,0,0.000000000000,False,False,2.750000,False,False
